Datetime (UTC),Country,Zone name,Zone id,Carbon intensity gCO₂eq/kWh (direct),Carbon intensity gCO₂eq/kWh (Life cycle),Carbon-free energy percentage (CFE%),Renewable energy percentage (RE%),Data source,Data estimated,Data estimation method
2023-01-01 00:00:00,Australia,Queensland,AU-QLD,348.93,401.54,53.33,53.33,opennem.org.au,false,
2023-01-01 01:00:00,Australia,Queensland,AU-QLD,347.57,400.11,53.53,53.53,opennem.org.au,false,
2023-01-01 02:00:00,Australia,Queensland,AU-QLD,358.27,411.05,52.15,52.15,opennem.org.au,false,
2023-01-01 03:00:00,Australia,Queensland,AU-QLD,363.31,416.38,51.48,51.48,opennem.org.au,false,
2023-01-01 04:00:00,Australia,Queensland,AU-QLD,379.97,433.2,49.3,49.3,opennem.org.au,false,
2023-01-01 05:00:00,Australia,Queensland,AU-QLD,412.26,466.06,44.97,44.97,opennem.org.au,false,
2023-01-01 06:00:00,Australia,Queensland,AU-QLD,468.02,524.02,36.76,36.76,opennem.org.au,false,
2023-01-01 07:00:00,Australia,Queensland,AU-QLD,531.13,589.88,27.01,27.01,opennem.org.au,false,
2023-01-01 08:00:00,Australia,Queensland,AU-QLD,611.48,674.44,13.72,13.72,opennem.org.au,false,
2023-01-01 09:00:00,Australia,Queensland,AU-QLD,634.17,696.6,10.75,10.75,opennem.org.au,false,
2023-01-01 10:00:00,Australia,Queensland,AU-QLD,643.33,705.48,9.95,9.95,opennem.org.au,false,
2023-01-01 11:00:00,Australia,Queensland,AU-QLD,653.77,716.09,8.86,8.86,opennem.org.au,false,
2023-01-01 12:00:00,Australia,Queensland,AU-QLD,668.42,728.04,8.96,8.96,opennem.org.au,false,
2023-01-01 13:00:00,Australia,Queensland,AU-QLD,672.0,729.98,9.86,9.86,opennem.org.au,false,
2023-01-01 14:00:00,Australia,Queensland,AU-QLD,674.26,731.46,10.1,10.1,opennem.org.au,false,
2023-01-01 15:00:00,Australia,Queensland,AU-QLD,679.64,737.1,9.5,9.5,opennem.org.au,false,
2023-01-01 16:00:00,Australia,Queensland,AU-QLD,682.67,740.42,9.09,9.09,opennem.org.au,false,
2023-01-01 17:00:00,Australia,Queensland,AU-QLD,712.54,771.75,5.13,5.13,opennem.org.au,false,
2023-01-01 18:00:00,Australia,Queensland,AU-QLD,708.7,767.57,5.64,5.64,opennem.org.au,false,
2023-01-01 19:00:00,Australia,Queensland,AU-QLD,698.7,757.5,6.97,6.97,opennem.org.au,false,
2023-01-01 20:00:00,Australia,Queensland,AU-QLD,597.71,655.5,20.34,20.34,opennem.org.au,false,
2023-01-01 21:00:00,Australia,Queensland,AU-QLD,447.87,502.68,40.19,40.19,opennem.org.au,false,
2023-01-01 22:00:00,Australia,Queensland,AU-QLD,395.93,449.83,47.12,47.12,opennem.org.au,false,
2023-01-01 23:00:00,Australia,Queensland,AU-QLD,352.78,405.68,52.83,52.83,opennem.org.au,false,
2023-01-02 00:00:00,Australia,Queensland,AU-QLD,335.24,387.62,55.17,55.17,opennem.org.au,false,
2023-01-02 01:00:00,Australia,Queensland,AU-QLD,335.82,388.32,55.1,55.1,opennem.org.au,false,
2023-01-02 02:00:00,Australia,Queensland,AU-QLD,346.98,399.71,53.63,53.63,opennem.org.au,false,
2023-01-02 03:00:00,Australia,Queensland,AU-QLD,366.27,419.27,51.11,51.11,opennem.org.au,false,
2023-01-02 04:00:00,Australia,Queensland,AU-QLD,364.43,417.44,51.34,51.34,opennem.org.au,false,
2023-01-02 05:00:00,Australia,Queensland,AU-QLD,411.5,465.81,44.88,44.88,opennem.org.au,false,
2023-01-02 06:00:00,Australia,Queensland,AU-QLD,445.27,501.49,39.46,39.46,opennem.org.au,false,
2023-01-02 07:00:00,Australia,Queensland,AU-QLD,518.18,576.56,28.79,28.79,opennem.org.au,false,
2023-01-02 08:00:00,Australia,Queensland,AU-QLD,622.91,683.54,14.13,14.13,opennem.org.au,false,
2023-01-02 09:00:00,Australia,Queensland,AU-QLD,641.45,701.5,11.71,11.71,opennem.org.au,false,
2023-01-02 10:00:00,Australia,Queensland,AU-QLD,648.87,709.79,10.3,10.3,opennem.org.au,false,
2023-01-02 11:00:00,Australia,Queensland,AU-QLD,656.24,717.57,9.41,9.41,opennem.org.au,false,
2023-01-02 12:00:00,Australia,Queensland,AU-QLD,667.22,726.93,9.33,9.33,opennem.org.au,false,
2023-01-02 13:00:00,Australia,Queensland,AU-QLD,669.06,728.27,9.4,9.4,opennem.org.au,false,
2023-01-02 14:00:00,Australia,Queensland,AU-QLD,666.88,726.02,9.59,9.59,opennem.org.au,false,
2023-01-02 15:00:00,Australia,Queensland,AU-QLD,665.7,725.07,9.7,9.7,opennem.org.au,false,
2023-01-02 16:00:00,Australia,Queensland,AU-QLD,670.99,730.78,8.95,8.95,opennem.org.au,false,
2023-01-02 17:00:00,Australia,Queensland,AU-QLD,699.28,760.68,5.12,5.12,opennem.org.au,false,
2023-01-02 18:00:00,Australia,Queensland,AU-QLD,708.89,770.97,3.84,3.84,opennem.org.au,false,
2023-01-02 19:00:00,Australia,Queensland,AU-QLD,696.56,758.93,5.06,5.06,opennem.org.au,false,
2023-01-02 20:00:00,Australia,Queensland,AU-QLD,570.54,628.56,23.19,23.19,opennem.org.au,false,
2023-01-02 21:00:00,Australia,Queensland,AU-QLD,444.18,498.6,40.72,40.72,opennem.org.au,false,
2023-01-02 22:00:00,Australia,Queensland,AU-QLD,383.64,436.9,48.76,48.76,opennem.org.au,false,
2023-01-02 23:00:00,Australia,Queensland,AU-QLD,338.37,390.96,54.76,54.76,opennem.org.au,false,
2023-01-03 00:00:00,Australia,Queensland,AU-QLD,312.82,365.07,58.17,58.17,opennem.org.au,false,
2023-01-03 01:00:00,Australia,Queensland,AU-QLD,313.46,365.58,58.1,58.1,opennem.org.au,false,
2023-01-03 02:00:00,Australia,Queensland,AU-QLD,333.98,386.44,55.42,55.42,opennem.org.au,false,
2023-01-03 03:00:00,Australia,Queensland,AU-QLD,371.12,424.23,50.44,50.44,opennem.org.au,false,
2023-01-03 04:00:00,Australia,Queensland,AU-QLD,373.09,426.51,49.93,49.93,opennem.org.au,false,
2023-01-03 05:00:00,Australia,Queensland,AU-QLD,402.35,456.81,45.68,45.68,opennem.org.au,false,
2023-01-03 06:00:00,Australia,Queensland,AU-QLD,447.81,505.38,38.03,38.03,opennem.org.au,false,
2023-01-03 07:00:00,Australia,Queensland,AU-QLD,523.2,585.09,25.75,25.75,opennem.org.au,false,
2023-01-03 08:00:00,Australia,Queensland,AU-QLD,618.16,684.39,10.83,10.83,opennem.org.au,false,
2023-01-03 09:00:00,Australia,Queensland,AU-QLD,651.14,718.47,6.27,6.27,opennem.org.au,false,
2023-01-03 10:00:00,Australia,Queensland,AU-QLD,662.51,730.0,5.05,5.05,opennem.org.au,false,
2023-01-03 11:00:00,Australia,Queensland,AU-QLD,656.27,719.46,8.23,8.23,opennem.org.au,false,
2023-01-03 12:00:00,Australia,Queensland,AU-QLD,673.24,737.5,5.86,5.86,opennem.org.au,false,
2023-01-03 13:00:00,Australia,Queensland,AU-QLD,687.36,749.11,6.08,6.08,opennem.org.au,false,
2023-01-03 14:00:00,Australia,Queensland,AU-QLD,680.15,740.3,7.74,7.74,opennem.org.au,false,
2023-01-03 15:00:00,Australia,Queensland,AU-QLD,687.02,747.66,6.82,6.82,opennem.org.au,false,
2023-01-03 16:00:00,Australia,Queensland,AU-QLD,694.07,755.24,5.86,5.86,opennem.org.au,false,
2023-01-03 17:00:00,Australia,Queensland,AU-QLD,698.82,760.38,5.2,5.2,opennem.org.au,false,
2023-01-03 18:00:00,Australia,Queensland,AU-QLD,706.75,768.78,4.17,4.17,opennem.org.au,false,
2023-01-03 19:00:00,Australia,Queensland,AU-QLD,699.13,761.96,4.5,4.5,opennem.org.au,false,
2023-01-03 20:00:00,Australia,Queensland,AU-QLD,565.63,623.75,23.85,23.85,opennem.org.au,false,
2023-01-03 21:00:00,Australia,Queensland,AU-QLD,447.63,502.38,40.31,40.31,opennem.org.au,false,
2023-01-03 22:00:00,Australia,Queensland,AU-QLD,389.18,442.82,48.09,48.09,opennem.org.au,false,
2023-01-03 23:00:00,Australia,Queensland,AU-QLD,344.79,397.52,53.98,53.98,opennem.org.au,false,
2023-01-04 00:00:00,Australia,Queensland,AU-QLD,326.16,378.49,56.46,56.46,opennem.org.au,false,
2023-01-04 01:00:00,Australia,Queensland,AU-QLD,319.79,371.96,57.3,57.3,opennem.org.au,false,
2023-01-04 02:00:00,Australia,Queensland,AU-QLD,321.93,373.99,57.02,57.02,opennem.org.au,false,
2023-01-04 03:00:00,Australia,Queensland,AU-QLD,352.25,405.75,52.44,52.44,Electricity Maps Estimation,true,ESTIMATED_TIME_SLICER_AVERAGE
2023-01-04 04:00:00,Australia,Queensland,AU-QLD,382.99,437.96,47.79,47.79,opennem.org.au,false,
2023-01-04 05:00:00,Australia,Queensland,AU-QLD,428.03,488.22,38.26,38.26,opennem.org.au,false,
2023-01-04 06:00:00,Australia,Queensland,AU-QLD,489.12,553.2,27.88,27.88,opennem.org.au,false,
2023-01-04 07:00:00,Australia,Queensland,AU-QLD,533.43,600.5,19.85,19.85,opennem.org.au,false,
2023-01-04 08:00:00,Australia,Queensland,AU-QLD,597.93,669.28,9.3,9.3,opennem.org.au,false,
2023-01-04 09:00:00,Australia,Queensland,AU-QLD,621.38,695.59,5.04,5.04,opennem.org.au,false,
2023-01-04 10:00:00,Australia,Queensland,AU-QLD,614.81,684.26,8.44,8.44,opennem.org.au,false,
2023-01-04 11:00:00,Australia,Queensland,AU-QLD,641.39,709.89,6.67,6.67,opennem.org.au,false,
2023-01-04 12:00:00,Australia,Queensland,AU-QLD,649.83,717.53,6.25,6.25,opennem.org.au,false,
2023-01-04 13:00:00,Australia,Queensland,AU-QLD,653.66,719.92,6.72,6.72,opennem.org.au,false,
2023-01-04 14:00:00,Australia,Queensland,AU-QLD,666.76,732.86,5.7,5.7,opennem.org.au,false,
2023-01-04 15:00:00,Australia,Queensland,AU-QLD,661.35,725.05,7.68,7.68,opennem.org.au,false,
2023-01-04 16:00:00,Australia,Queensland,AU-QLD,674.69,739.77,5.63,5.63,opennem.org.au,false,
2023-01-04 17:00:00,Australia,Queensland,AU-QLD,678.19,742.96,5.44,5.44,opennem.org.au,false,
2023-01-04 18:00:00,Australia,Queensland,AU-QLD,675.66,740.46,5.67,5.67,opennem.org.au,false,
2023-01-04 19:00:00,Australia,Queensland,AU-QLD,678.4,743.76,5.07,5.07,opennem.org.au,false,
2023-01-04 20:00:00,Australia,Queensland,AU-QLD,650.43,714.08,9.56,9.56,opennem.org.au,false,
2023-01-04 21:00:00,Australia,Queensland,AU-QLD,590.75,652.72,18.07,18.07,opennem.org.au,false,
2023-01-04 22:00:00,Australia,Queensland,AU-QLD,540.17,600.47,25.16,25.16,opennem.org.au,false,
2023-01-04 23:00:00,Australia,Queensland,AU-QLD,503.8,563.2,30.19,30.19,opennem.org.au,false,
2023-01-05 00:00:00,Australia,Queensland,AU-QLD,475.34,533.97,34.16,34.16,opennem.org.au,false,
2023-01-05 01:00:00,Australia,Queensland,AU-QLD,462.77,520.67,35.99,35.99,opennem.org.au,false,
2023-01-05 02:00:00,Australia,Queensland,AU-QLD,462.23,519.79,36.12,36.12,opennem.org.au,false,
2023-01-05 03:00:00,Australia,Queensland,AU-QLD,468.74,526.5,35.11,35.11,opennem.org.au,false,
2023-01-05 04:00:00,Australia,Queensland,AU-QLD,494.13,552.42,31.47,31.47,opennem.org.au,false,
2023-01-05 05:00:00,Australia,Queensland,AU-QLD,530.55,591.04,25.83,25.83,opennem.org.au,false,
2023-01-05 06:00:00,Australia,Queensland,AU-QLD,592.38,658.23,14.65,14.65,opennem.org.au,false,
2023-01-05 07:00:00,Australia,Queensland,AU-QLD,616.68,684.16,10.37,10.37,opennem.org.au,false,
2023-01-05 08:00:00,Australia,Queensland,AU-QLD,643.07,711.16,6.74,6.74,opennem.org.au,false,
2023-01-05 09:00:00,Australia,Queensland,AU-QLD,651.71,720.05,5.48,5.48,opennem.org.au,false,
2023-01-05 10:00:00,Australia,Queensland,AU-QLD,652.23,720.54,5.45,5.45,Electricity Maps Estimation,true,ESTIMATED_TIME_SLICER_AVERAGE
2023-01-05 11:00:00,Australia,Queensland,AU-QLD,664.24,731.16,5.13,5.13,Electricity Maps Estimation,true,ESTIMATED_TIME_SLICER_AVERAGE
2023-01-05 12:00:00,Australia,Queensland,AU-QLD,678.85,744.68,4.34,4.34,Electricity Maps Estimation,true,ESTIMATED_TIME_SLICER_AVERAGE
2023-01-05 13:00:00,Australia,Queensland,AU-QLD,690.87,755.43,3.98,3.98,Electricity Maps Estimation,true,ESTIMATED_TIME_SLICER_AVERAGE
2023-01-05 14:00:00,Australia,Queensland,AU-QLD,692.93,757.32,3.9,3.9,Electricity Maps Estimation,true,ESTIMATED_TIME_SLICER_AVERAGE
2023-01-05 15:00:00,Australia,Queensland,AU-QLD,696.25,760.42,3.74,3.74,Electricity Maps Estimation,true,ESTIMATED_TIME_SLICER_AVERAGE
2023-01-05 16:00:00,Australia,Queensland,AU-QLD,699.31,763.61,3.39,3.39,Electricity Maps Estimation,true,ESTIMATED_TIME_SLICER_AVERAGE
2023-01-05 17:00:00,Australia,Queensland,AU-QLD,701.87,766.25,3.1,3.1,Electricity Maps Estimation,true,ESTIMATED_TIME_SLICER_AVERAGE
2023-01-05 18:00:00,Australia,Queensland,AU-QLD,702.68,767.26,2.91,2.91,Electricity Maps Estimation,true,ESTIMATED_TIME_SLICER_AVERAGE
2023-01-05 19:00:00,Australia,Queensland,AU-QLD,700.57,765.25,3.11,3.11,Electricity Maps Estimation,true,ESTIMATED_TIME_SLICER_AVERAGE
2023-01-05 20:00:00,Australia,Queensland,AU-QLD,633.77,695.66,13.11,13.11,Electricity Maps Estimation,true,ESTIMATED_TIME_SLICER_AVERAGE
2023-01-05 21:00:00,Australia,Queensland,AU-QLD,534.2,592.67,27.45,27.45,Electricity Maps Estimation,true,ESTIMATED_TIME_SLICER_AVERAGE
2023-01-05 22:00:00,Australia,Queensland,AU-QLD,467.77,524.5,36.53,36.53,Electricity Maps Estimation,true,ESTIMATED_TIME_SLICER_AVERAGE
2023-01-05 23:00:00,Australia,Queensland,AU-QLD,417.88,473.26,43.37,43.37,Electricity Maps Estimation,true,ESTIMATED_TIME_SLICER_AVERAGE
2023-01-06 00:00:00,Australia,Queensland,AU-QLD,387.59,442.3,47.41,47.41,Electricity Maps Estimation,true,ESTIMATED_TIME_SLICER_AVERAGE
2023-01-06 01:00:00,Australia,Queensland,AU-QLD,378.77,433.22,48.64,48.64,Electricity Maps Estimation,true,ESTIMATED_TIME_SLICER_AVERAGE
2023-01-06 02:00:00,Australia,Queensland,AU-QLD,379.92,434.42,48.48,48.48,Electricity Maps Estimation,true,ESTIMATED_TIME_SLICER_AVERAGE
2023-01-06 03:00:00,Australia,Queensland,AU-QLD,396.65,451.7,46.09,46.09,Electricity Maps Estimation,true,ESTIMATED_TIME_SLICER_AVERAGE
2023-01-06 04:00:00,Australia,Queensland,AU-QLD,412.85,468.98,43.35,43.35,Electricity Maps Estimation,true,ESTIMATED_TIME_SLICER_AVERAGE
2023-01-06 05:00:00,Australia,Queensland,AU-QLD,440.26,498.42,38.51,38.51,Electricity Maps Estimation,true,ESTIMATED_TIME_SLICER_AVERAGE
2023-01-06 06:00:00,Australia,Queensland,AU-QLD,498.53,559.79,29.25,29.25,Electricity Maps Estimation,true,ESTIMATED_TIME_SLICER_AVERAGE
2023-01-06 07:00:00,Australia,Queensland,AU-QLD,556.56,621.53,19.53,19.53,Electricity Maps Estimation,true,ESTIMATED_TIME_SLICER_AVERAGE
2023-01-06 08:00:00,Australia,Queensland,AU-QLD,620.66,688.38,9.48,9.48,Electricity Maps Estimation,true,ESTIMATED_TIME_SLICER_AVERAGE
2023-01-06 09:00:00,Australia,Queensland,AU-QLD,641.21,709.52,6.51,6.51,Electricity Maps Estimation,true,ESTIMATED_TIME_SLICER_AVERAGE
2023-01-06 10:00:00,Australia,Queensland,AU-QLD,649.72,717.56,5.92,5.92,Electricity Maps Estimation,true,ESTIMATED_TIME_SLICER_AVERAGE
2023-01-06 11:00:00,Australia,Queensland,AU-QLD,661.99,728.43,5.59,5.59,Electricity Maps Estimation,true,ESTIMATED_TIME_SLICER_AVERAGE
2023-01-06 12:00:00,Australia,Queensland,AU-QLD,676.96,742.25,4.8,4.8,Electricity Maps Estimation,true,ESTIMATED_TIME_SLICER_AVERAGE
2023-01-06 13:00:00,Australia,Queensland,AU-QLD,689.3,753.26,4.45,4.45,Electricity Maps Estimation,true,ESTIMATED_TIME_SLICER_AVERAGE
2023-01-06 14:00:00,Australia,Queensland,AU-QLD,691.32,755.05,4.4,4.4,Electricity Maps Estimation,true,ESTIMATED_TIME_SLICER_AVERAGE
2023-01-06 15:00:00,Australia,Queensland,AU-QLD,694.71,758.19,4.25,4.25,Electricity Maps Estimation,true,ESTIMATED_TIME_SLICER_AVERAGE
2023-01-06 16:00:00,Australia,Queensland,AU-QLD,697.86,761.48,3.89,3.89,Electricity Maps Estimation,true,ESTIMATED_TIME_SLICER_AVERAGE
2023-01-06 17:00:00,Australia,Queensland,AU-QLD,700.5,764.19,3.59,3.59,Electricity Maps Estimation,true,ESTIMATED_TIME_SLICER_AVERAGE
2023-01-06 18:00:00,Australia,Queensland,AU-QLD,701.36,765.25,3.39,3.39,Electricity Maps Estimation,true,ESTIMATED_TIME_SLICER_AVERAGE
2023-01-06 19:00:00,Australia,Queensland,AU-QLD,699.29,763.32,3.58,3.58,Electricity Maps Estimation,true,ESTIMATED_TIME_SLICER_AVERAGE
2023-01-06 20:00:00,Australia,Queensland,AU-QLD,630.37,691.56,13.87,13.87,Electricity Maps Estimation,true,ESTIMATED_TIME_SLICER_AVERAGE
2023-01-06 21:00:00,Australia,Queensland,AU-QLD,528.22,585.98,28.55,28.55,Electricity Maps Estimation,true,ESTIMATED_TIME_SLICER_AVERAGE
2023-01-06 22:00:00,Australia,Queensland,AU-QLD,461.74,517.89,37.62,37.62,Electricity Maps Estimation,true,ESTIMATED_TIME_SLICER_AVERAGE
2023-01-06 23:00:00,Australia,Queensland,AU-QLD,411.4,466.26,44.5,44.5,Electricity Maps Estimation,true,ESTIMATED_TIME_SLICER_AVERAGE
2023-01-07 00:00:00,Australia,Queensland,AU-QLD,362.98,416.58,51.12,51.12,Electricity Maps Estimation,true,ESTIMATED_TIME_SLICER_AVERAGE
2023-01-07 01:00:00,Australia,Queensland,AU-QLD,361.08,414.63,51.41,51.41,Electricity Maps Estimation,true,ESTIMATED_TIME_SLICER_AVERAGE
2023-01-07 02:00:00,Australia,Queensland,AU-QLD,367.49,421.14,50.59,50.59,Electricity Maps Estimation,true,ESTIMATED_TIME_SLICER_AVERAGE
2023-01-07 03:00:00,Australia,Queensland,AU-QLD,380.72,434.76,48.77,48.77,Electricity Maps Estimation,true,ESTIMATED_TIME_SLICER_AVERAGE
2023-01-07 04:00:00,Australia,Queensland,AU-QLD,407.32,462.11,45.11,45.11,Electricity Maps Estimation,true,ESTIMATED_TIME_SLICER_AVERAGE
2023-01-07 05:00:00,Australia,Queensland,AU-QLD,433.88,490.64,40.47,40.47,Electricity Maps Estimation,true,ESTIMATED_TIME_SLICER_AVERAGE
2023-01-07 06:00:00,Australia,Queensland,AU-QLD,478.18,536.91,33.64,33.64,Electricity Maps Estimation,true,ESTIMATED_TIME_SLICER_AVERAGE
2023-01-07 07:00:00,Australia,Queensland,AU-QLD,545.32,606.97,23.18,23.18,Electricity Maps Estimation,true,ESTIMATED_TIME_SLICER_AVERAGE
2023-01-07 08:00:00,Australia,Queensland,AU-QLD,620.64,685.33,11.47,11.47,Electricity Maps Estimation,true,ESTIMATED_TIME_SLICER_AVERAGE
2023-01-07 09:00:00,Australia,Queensland,AU-QLD,642.17,707.21,8.36,8.36,Electricity Maps Estimation,true,ESTIMATED_TIME_SLICER_AVERAGE
2023-01-07 10:00:00,Australia,Queensland,AU-QLD,648.69,713.15,8.04,8.04,Electricity Maps Estimation,true,ESTIMATED_TIME_SLICER_AVERAGE
2023-01-07 11:00:00,Australia,Queensland,AU-QLD,659.09,722.64,7.56,7.56,Electricity Maps Estimation,true,ESTIMATED_TIME_SLICER_AVERAGE
2023-01-07 12:00:00,Australia,Queensland,AU-QLD,667.65,730.12,7.36,7.36,Electricity Maps Estimation,true,ESTIMATED_TIME_SLICER_AVERAGE
2023-01-07 13:00:00,Australia,Queensland,AU-QLD,672.58,733.51,7.88,7.88,Electricity Maps Estimation,true,ESTIMATED_TIME_SLICER_AVERAGE
2023-01-07 14:00:00,Australia,Queensland,AU-QLD,677.65,738.19,7.63,7.63,Electricity Maps Estimation,true,ESTIMATED_TIME_SLICER_AVERAGE
2023-01-07 15:00:00,Australia,Queensland,AU-QLD,682.23,743.14,6.98,6.98,Electricity Maps Estimation,true,ESTIMATED_TIME_SLICER_AVERAGE
2023-01-07 16:00:00,Australia,Queensland,AU-QLD,691.7,753.02,5.83,5.83,Electricity Maps Estimation,true,ESTIMATED_TIME_SLICER_AVERAGE
2023-01-07 17:00:00,Australia,Queensland,AU-QLD,696.4,757.88,5.22,5.22,Electricity Maps Estimation,true,ESTIMATED_TIME_SLICER_AVERAGE
2023-01-07 18:00:00,Australia,Queensland,AU-QLD,695.07,756.64,5.27,5.27,Electricity Maps Estimation,true,ESTIMATED_TIME_SLICER_AVERAGE
2023-01-07 19:00:00,Australia,Queensland,AU-QLD,694.21,756.16,5.22,5.22,Electricity Maps Estimation,true,ESTIMATED_TIME_SLICER_AVERAGE
2023-01-07 20:00:00,Australia,Queensland,AU-QLD,627.7,687.8,14.76,14.76,Electricity Maps Estimation,true,ESTIMATED_TIME_SLICER_AVERAGE
2023-01-07 21:00:00,Australia,Queensland,AU-QLD,499.7,556.29,32.48,32.48,Electricity Maps Estimation,true,ESTIMATED_TIME_SLICER_AVERAGE
2023-01-07 22:00:00,Australia,Queensland,AU-QLD,430.86,485.66,42.02,42.02,Electricity Maps Estimation,true,ESTIMATED_TIME_SLICER_AVERAGE
2023-01-07 23:00:00,Australia,Queensland,AU-QLD,389.58,443.63,47.55,47.55,Electricity Maps Estimation,true,ESTIMATED_TIME_SLICER_AVERAGE
2023-01-08 00:00:00,Australia,Queensland,AU-QLD,353.14,405.98,52.72,52.72,Electricity Maps Estimation,true,ESTIMATED_TIME_SLICER_AVERAGE
2023-01-08 01:00:00,Australia,Queensland,AU-QLD,352.71,405.67,52.81,52.81,Electricity Maps Estimation,true,ESTIMATED_TIME_SLICER_AVERAGE
2023-01-08 02:00:00,Australia,Queensland,AU-QLD,359.49,412.57,51.94,51.94,Electricity Maps Estimation,true,ESTIMATED_TIME_SLICER_AVERAGE
2023-01-08 03:00:00,Australia,Queensland,AU-QLD,373.06,426.53,50.08,50.08,Electricity Maps Estimation,true,ESTIMATED_TIME_SLICER_AVERAGE
2023-01-08 04:00:00,Australia,Queensland,AU-QLD,399.7,453.88,46.42,46.42,Electricity Maps Estimation,true,ESTIMATED_TIME_SLICER_AVERAGE
2023-01-08 05:00:00,Australia,Queensland,AU-QLD,426.11,482.22,41.76,41.76,Electricity Maps Estimation,true,ESTIMATED_TIME_SLICER_AVERAGE
2023-01-08 06:00:00,Australia,Queensland,AU-QLD,471.42,529.53,34.78,34.78,Electricity Maps Estimation,true,ESTIMATED_TIME_SLICER_AVERAGE
2023-01-08 07:00:00,Australia,Queensland,AU-QLD,540.08,601.12,24.1,24.1,Electricity Maps Estimation,true,ESTIMATED_TIME_SLICER_AVERAGE
2023-01-08 08:00:00,Australia,Queensland,AU-QLD,617.17,681.27,12.13,12.13,Electricity Maps Estimation,true,ESTIMATED_TIME_SLICER_AVERAGE
2023-01-08 09:00:00,Australia,Queensland,AU-QLD,639.24,703.69,8.95,8.95,Electricity Maps Estimation,true,ESTIMATED_TIME_SLICER_AVERAGE
2023-01-08 10:00:00,Australia,Queensland,AU-QLD,645.8,709.64,8.65,8.65,Electricity Maps Estimation,true,ESTIMATED_TIME_SLICER_AVERAGE
2023-01-08 11:00:00,Australia,Queensland,AU-QLD,656.43,719.29,8.18,8.18,Electricity Maps Estimation,true,ESTIMATED_TIME_SLICER_AVERAGE
2023-01-08 12:00:00,Australia,Queensland,AU-QLD,665.19,726.95,7.97,7.97,Electricity Maps Estimation,true,ESTIMATED_TIME_SLICER_AVERAGE
2023-01-08 13:00:00,Australia,Queensland,AU-QLD,670.23,730.38,8.52,8.52,Electricity Maps Estimation,true,ESTIMATED_TIME_SLICER_AVERAGE
2023-01-08 14:00:00,Australia,Queensland,AU-QLD,675.32,735.0,8.31,8.31,Electricity Maps Estimation,true,ESTIMATED_TIME_SLICER_AVERAGE
2023-01-08 15:00:00,Australia,Queensland,AU-QLD,679.99,740.03,7.66,7.66,Electricity Maps Estimation,true,ESTIMATED_TIME_SLICER_AVERAGE
2023-01-08 16:00:00,Australia,Queensland,AU-QLD,689.79,750.23,6.48,6.48,Electricity Maps Estimation,true,ESTIMATED_TIME_SLICER_AVERAGE
2023-01-08 17:00:00,Australia,Queensland,AU-QLD,694.66,755.26,5.85,5.85,Electricity Maps Estimation,true,ESTIMATED_TIME_SLICER_AVERAGE
2023-01-08 18:00:00,Australia,Queensland,AU-QLD,693.3,753.99,5.9,5.9,Electricity Maps Estimation,true,ESTIMATED_TIME_SLICER_AVERAGE
2023-01-08 19:00:00,Australia,Queensland,AU-QLD,692.53,753.64,5.83,5.83,Electricity Maps Estimation,true,ESTIMATED_TIME_SLICER_AVERAGE
2023-01-08 20:00:00,Australia,Queensland,AU-QLD,623.68,682.89,15.7,15.7,Electricity Maps Estimation,true,ESTIMATED_TIME_SLICER_AVERAGE
2023-01-08 21:00:00,Australia,Queensland,AU-QLD,492.11,547.86,33.84,33.84,Electricity Maps Estimation,true,ESTIMATED_TIME_SLICER_AVERAGE
2023-01-08 22:00:00,Australia,Queensland,AU-QLD,422.22,476.23,43.49,43.49,Electricity Maps Estimation,true,ESTIMATED_TIME_SLICER_AVERAGE
2023-01-08 23:00:00,Australia,Queensland,AU-QLD,380.32,433.61,49.08,49.08,Electricity Maps Estimation,true,ESTIMATED_TIME_SLICER_AVERAGE
2023-01-09 00:00:00,Australia,Queensland,AU-QLD,365.07,418.11,51.21,51.21,Electricity Maps Estimation,true,ESTIMATED_TIME_SLICER_AVERAGE
2023-01-09 01:00:00,Australia,Queensland,AU-QLD,356.14,408.93,52.43,52.43,Electricity Maps Estimation,true,ESTIMATED_TIME_SLICER_AVERAGE
2023-01-09 02:00:00,Australia,Queensland,AU-QLD,357.32,410.15,52.27,52.27,Electricity Maps Estimation,true,ESTIMATED_TIME_SLICER_AVERAGE
2023-01-09 03:00:00,Australia,Queensland,AU-QLD,374.72,428.06,49.79,49.79,Electricity Maps Estimation,true,ESTIMATED_TIME_SLICER_AVERAGE
2023-01-09 04:00:00,Australia,Queensland,AU-QLD,391.14,445.54,46.99,46.99,Electricity Maps Estimation,true,ESTIMATED_TIME_SLICER_AVERAGE
2023-01-09 05:00:00,Australia,Queensland,AU-QLD,420.62,477.19,41.78,41.78,Electricity Maps Estimation,true,ESTIMATED_TIME_SLICER_AVERAGE
2023-01-09 06:00:00,Australia,Queensland,AU-QLD,481.99,541.76,32.02,32.02,Electricity Maps Estimation,true,ESTIMATED_TIME_SLICER_AVERAGE
2023-01-09 07:00:00,Australia,Queensland,AU-QLD,542.22,605.69,21.92,21.92,Electricity Maps Estimation,true,ESTIMATED_TIME_SLICER_AVERAGE
2023-01-09 08:00:00,Australia,Queensland,AU-QLD,610.27,676.53,11.28,11.28,Electricity Maps Estimation,true,ESTIMATED_TIME_SLICER_AVERAGE
2023-01-09 09:00:00,Australia,Queensland,AU-QLD,632.37,699.22,8.09,8.09,Electricity Maps Estimation,true,ESTIMATED_TIME_SLICER_AVERAGE
2023-01-09 10:00:00,Australia,Queensland,AU-QLD,641.2,707.49,7.53,7.53,Electricity Maps Estimation,true,ESTIMATED_TIME_SLICER_AVERAGE
2023-01-09 11:00:00,Australia,Queensland,AU-QLD,654.3,719.02,7.21,7.21,Electricity Maps Estimation,true,ESTIMATED_TIME_SLICER_AVERAGE
2023-01-09 12:00:00,Australia,Queensland,AU-QLD,670.45,733.87,6.4,6.4,Electricity Maps Estimation,true,ESTIMATED_TIME_SLICER_AVERAGE
2023-01-09 13:00:00,Australia,Queensland,AU-QLD,683.9,745.79,6.04,6.04,Electricity Maps Estimation,true,ESTIMATED_TIME_SLICER_AVERAGE
2023-01-09 14:00:00,Australia,Queensland,AU-QLD,684.11,745.96,6.05,6.05,opennem.org.au; Electricity Maps Estimation,true,ESTIMATED_TIME_SLICER_AVERAGE
2023-01-09 15:00:00,Australia,Queensland,AU-QLD,681.74,742.58,6.89,6.89,opennem.org.au,false,
2023-01-09 16:00:00,Australia,Queensland,AU-QLD,680.02,740.68,7.15,7.15,opennem.org.au,false,
2023-01-09 17:00:00,Australia,Queensland,AU-QLD,683.88,744.77,6.63,6.63,opennem.org.au,false,
2023-01-09 18:00:00,Australia,Queensland,AU-QLD,688.0,749.4,5.97,5.97,opennem.org.au,false,
2023-01-09 19:00:00,Australia,Queensland,AU-QLD,681.18,742.83,6.55,6.55,opennem.org.au,false,
2023-01-09 20:00:00,Australia,Queensland,AU-QLD,639.92,699.06,13.71,13.71,opennem.org.au,false,
2023-01-09 21:00:00,Australia,Queensland,AU-QLD,534.03,589.58,28.88,28.88,opennem.org.au,false,
2023-01-09 22:00:00,Australia,Queensland,AU-QLD,449.2,503.17,40.13,40.13,opennem.org.au,false,
2023-01-09 23:00:00,Australia,Queensland,AU-QLD,380.75,433.63,49.17,49.17,opennem.org.au,false,
2023-01-10 00:00:00,Australia,Queensland,AU-QLD,347.51,399.98,53.59,53.59,opennem.org.au,false,
2023-01-10 01:00:00,Australia,Queensland,AU-QLD,341.23,393.63,54.42,54.42,opennem.org.au,false,
2023-01-10 02:00:00,Australia,Queensland,AU-QLD,329.55,381.55,55.95,55.95,opennem.org.au,false,
2023-01-10 03:00:00,Australia,Queensland,AU-QLD,340.6,392.68,54.43,54.43,opennem.org.au,false,
2023-01-10 04:00:00,Australia,Queensland,AU-QLD,366.63,420.04,50.4,50.4,opennem.org.au,false,
2023-01-10 05:00:00,Australia,Queensland,AU-QLD,397.14,453.54,44.48,44.48,opennem.org.au,false,
2023-01-10 06:00:00,Australia,Queensland,AU-QLD,461.61,520.16,35.41,35.41,opennem.org.au,false,
2023-01-10 07:00:00,Australia,Queensland,AU-QLD,526.4,588.83,24.43,24.43,opennem.org.au,false,
2023-01-10 08:00:00,Australia,Queensland,AU-QLD,593.8,659.45,13.52,13.52,opennem.org.au,false,
2023-01-10 09:00:00,Australia,Queensland,AU-QLD,612.12,678.0,10.61,10.61,opennem.org.au,false,
2023-01-10 10:00:00,Australia,Queensland,AU-QLD,624.15,687.69,10.84,10.84,opennem.org.au,false,
2023-01-10 11:00:00,Australia,Queensland,AU-QLD,643.92,707.4,8.87,8.87,opennem.org.au,false,
2023-01-10 12:00:00,Australia,Queensland,AU-QLD,658.36,719.87,8.69,8.69,opennem.org.au,false,
2023-01-10 13:00:00,Australia,Queensland,AU-QLD,669.98,729.65,8.72,8.72,opennem.org.au,false,
2023-01-10 14:00:00,Australia,Queensland,AU-QLD,660.5,720.3,9.53,9.53,opennem.org.au,false,
2023-01-10 15:00:00,Australia,Queensland,AU-QLD,668.45,728.22,8.81,8.81,opennem.org.au,false,
2023-01-10 16:00:00,Australia,Queensland,AU-QLD,673.37,732.82,8.55,8.55,opennem.org.au,false,
2023-01-10 17:00:00,Australia,Queensland,AU-QLD,684.63,745.77,6.49,6.49,opennem.org.au,false,
2023-01-10 18:00:00,Australia,Queensland,AU-QLD,674.52,736.04,7.19,7.19,opennem.org.au,false,
2023-01-10 19:00:00,Australia,Queensland,AU-QLD,676.7,738.55,6.91,6.91,opennem.org.au,false,
2023-01-10 20:00:00,Australia,Queensland,AU-QLD,630.99,689.74,14.76,14.76,opennem.org.au,false,
2023-01-10 21:00:00,Australia,Queensland,AU-QLD,536.71,592.16,28.55,28.55,opennem.org.au,false,
2023-01-10 22:00:00,Australia,Queensland,AU-QLD,449.89,503.84,40.06,40.06,opennem.org.au,false,
2023-01-10 23:00:00,Australia,Queensland,AU-QLD,406.44,459.81,45.8,45.8,opennem.org.au,false,
2023-01-11 00:00:00,Australia,Queensland,AU-QLD,376.54,429.39,49.77,49.77,opennem.org.au,false,
2023-01-11 01:00:00,Australia,Queensland,AU-QLD,381.8,434.8,49.09,49.09,opennem.org.au,false,
2023-01-11 02:00:00,Australia,Queensland,AU-QLD,383.59,436.62,48.86,48.86,opennem.org.au,false,
2023-01-11 03:00:00,Australia,Queensland,AU-QLD,400.39,453.92,46.57,46.57,opennem.org.au,false,
2023-01-11 04:00:00,Australia,Queensland,AU-QLD,418.57,473.13,43.63,43.63,opennem.org.au,false,
2023-01-11 05:00:00,Australia,Queensland,AU-QLD,443.36,499.3,39.4,39.4,opennem.org.au,false,
2023-01-11 06:00:00,Australia,Queensland,AU-QLD,503.15,562.89,29.37,29.37,opennem.org.au,false,
2023-01-11 07:00:00,Australia,Queensland,AU-QLD,567.4,630.93,18.82,18.82,opennem.org.au,false,
2023-01-11 08:00:00,Australia,Queensland,AU-QLD,616.67,681.7,11.4,11.4,opennem.org.au,false,
2023-01-11 09:00:00,Australia,Queensland,AU-QLD,627.33,691.94,10.07,10.07,opennem.org.au,false,
2023-01-11 10:00:00,Australia,Queensland,AU-QLD,641.74,706.59,8.41,8.41,opennem.org.au,false,
2023-01-11 11:00:00,Australia,Queensland,AU-QLD,659.92,724.66,6.61,6.61,opennem.org.au,false,
2023-01-11 12:00:00,Australia,Queensland,AU-QLD,671.56,734.75,6.45,6.45,opennem.org.au,false,
2023-01-11 13:00:00,Australia,Queensland,AU-QLD,679.72,741.15,6.82,6.82,opennem.org.au,false,
2023-01-11 14:00:00,Australia,Queensland,AU-QLD,681.12,743.33,6.36,6.36,opennem.org.au,false,
2023-01-11 15:00:00,Australia,Queensland,AU-QLD,686.27,749.04,5.65,5.65,opennem.org.au,false,
2023-01-11 16:00:00,Australia,Queensland,AU-QLD,689.12,752.24,5.25,5.25,opennem.org.au,false,
2023-01-11 17:00:00,Australia,Queensland,AU-QLD,691.32,754.66,4.96,4.96,opennem.org.au,false,
2023-01-11 18:00:00,Australia,Queensland,AU-QLD,688.16,751.38,5.37,5.37,opennem.org.au,false,
2023-01-11 19:00:00,Australia,Queensland,AU-QLD,685.67,748.89,5.65,5.65,opennem.org.au,false,
2023-01-11 20:00:00,Australia,Queensland,AU-QLD,644.69,706.6,11.57,11.57,opennem.org.au,false,
2023-01-11 21:00:00,Australia,Queensland,AU-QLD,572.05,630.61,22.68,22.68,opennem.org.au,false,
2023-01-11 22:00:00,Australia,Queensland,AU-QLD,497.09,552.53,33.82,33.82,opennem.org.au,false,
2023-01-11 23:00:00,Australia,Queensland,AU-QLD,447.21,501.66,40.41,40.41,opennem.org.au,false,
2023-01-12 00:00:00,Australia,Queensland,AU-QLD,407.26,460.77,45.72,45.72,opennem.org.au,false,
2023-01-12 01:00:00,Australia,Queensland,AU-QLD,398.6,452.11,46.84,46.84,opennem.org.au,false,
2023-01-12 02:00:00,Australia,Queensland,AU-QLD,379.98,433.06,49.3,49.3,opennem.org.au,false,
2023-01-12 03:00:00,Australia,Queensland,AU-QLD,392.08,445.33,47.63,47.63,opennem.org.au,false,
2023-01-12 04:00:00,Australia,Queensland,AU-QLD,431.77,486.73,41.61,41.61,opennem.org.au,false,
2023-01-12 05:00:00,Australia,Queensland,AU-QLD,470.09,528.05,34.69,34.69,opennem.org.au,false,
2023-01-12 06:00:00,Australia,Queensland,AU-QLD,534.3,595.68,24.59,24.59,opennem.org.au,false,
2023-01-12 07:00:00,Australia,Queensland,AU-QLD,576.54,640.88,17.07,17.07,opennem.org.au,false,
2023-01-12 08:00:00,Australia,Queensland,AU-QLD,629.55,695.19,9.73,9.73,opennem.org.au,false,
2023-01-12 09:00:00,Australia,Queensland,AU-QLD,642.22,708.47,7.73,7.73,opennem.org.au,false,
2023-01-12 10:00:00,Australia,Queensland,AU-QLD,643.22,708.18,8.28,8.28,opennem.org.au,false,
2023-01-12 11:00:00,Australia,Queensland,AU-QLD,672.27,737.67,5.07,5.07,opennem.org.au,false,
2023-01-12 12:00:00,Australia,Queensland,AU-QLD,687.02,750.46,4.88,4.88,opennem.org.au,false,
2023-01-12 13:00:00,Australia,Queensland,AU-QLD,699.24,762.41,3.9,3.9,opennem.org.au,false,
2023-01-12 14:00:00,Australia,Queensland,AU-QLD,701.04,763.58,4.15,4.15,opennem.org.au,false,
2023-01-12 15:00:00,Australia,Queensland,AU-QLD,704.11,767.08,3.73,3.73,opennem.org.au,false,
2023-01-12 16:00:00,Australia,Queensland,AU-QLD,702.94,765.78,3.91,3.91,opennem.org.au,false,
2023-01-12 17:00:00,Australia,Queensland,AU-QLD,700.61,763.52,4.24,4.24,opennem.org.au,false,
2023-01-12 18:00:00,Australia,Queensland,AU-QLD,695.5,757.91,4.96,4.96,opennem.org.au,false,
2023-01-12 19:00:00,Australia,Queensland,AU-QLD,696.39,759.05,4.86,4.86,opennem.org.au,false,
2023-01-12 20:00:00,Australia,Queensland,AU-QLD,612.77,672.52,16.62,16.62,opennem.org.au,false,
2023-01-12 21:00:00,Australia,Queensland,AU-QLD,529.14,586.87,28.19,28.19,opennem.org.au,false,
2023-01-12 22:00:00,Australia,Queensland,AU-QLD,476.12,532.47,35.26,35.26,opennem.org.au,false,
2023-01-12 23:00:00,Australia,Queensland,AU-QLD,433.36,487.63,41.9,41.9,opennem.org.au,false,
2023-01-13 00:00:00,Australia,Queensland,AU-QLD,406.52,459.91,45.81,45.81,opennem.org.au,false,
2023-01-13 01:00:00,Australia,Queensland,AU-QLD,382.36,435.27,49.01,49.01,opennem.org.au,false,
2023-01-13 02:00:00,Australia,Queensland,AU-QLD,397.05,450.46,47.07,47.07,opennem.org.au,false,
2023-01-13 03:00:00,Australia,Queensland,AU-QLD,417.01,470.84,44.43,44.43,opennem.org.au,false,
2023-01-13 04:00:00,Australia,Queensland,AU-QLD,437.43,491.29,41.54,41.54,opennem.org.au,false,
2023-01-13 05:00:00,Australia,Queensland,AU-QLD,487.0,543.58,33.32,33.32,opennem.org.au,false,
2023-01-13 06:00:00,Australia,Queensland,AU-QLD,538.28,597.87,24.81,24.81,opennem.org.au,false,
2023-01-13 07:00:00,Australia,Queensland,AU-QLD,578.75,639.89,18.56,18.56,opennem.org.au,false,
2023-01-13 08:00:00,Australia,Queensland,AU-QLD,611.65,673.68,13.67,13.67,opennem.org.au,false,
2023-01-13 09:00:00,Australia,Queensland,AU-QLD,626.79,689.36,11.37,11.37,opennem.org.au,false,
2023-01-13 10:00:00,Australia,Queensland,AU-QLD,632.96,695.08,11.05,11.05,opennem.org.au,false,
2023-01-13 11:00:00,Australia,Queensland,AU-QLD,660.78,721.04,9.45,9.45,opennem.org.au,false,
2023-01-13 12:00:00,Australia,Queensland,AU-QLD,668.43,728.77,8.7,8.7,opennem.org.au,false,
2023-01-13 13:00:00,Australia,Queensland,AU-QLD,674.43,735.03,7.94,7.94,opennem.org.au,false,
2023-01-13 14:00:00,Australia,Queensland,AU-QLD,664.61,725.43,8.73,8.73,opennem.org.au,false,
2023-01-13 15:00:00,Australia,Queensland,AU-QLD,663.26,723.42,9.27,9.27,opennem.org.au,false,
2023-01-13 16:00:00,Australia,Queensland,AU-QLD,668.47,728.65,8.76,8.76,opennem.org.au,false,
2023-01-13 17:00:00,Australia,Queensland,AU-QLD,662.42,721.57,9.96,9.96,opennem.org.au,false,
2023-01-13 18:00:00,Australia,Queensland,AU-QLD,658.77,718.79,9.82,9.82,opennem.org.au,false,
2023-01-13 19:00:00,Australia,Queensland,AU-QLD,655.96,715.75,10.25,10.25,opennem.org.au,false,
2023-01-13 20:00:00,Australia,Queensland,AU-QLD,616.97,674.68,16.48,16.48,opennem.org.au,false,
2023-01-13 21:00:00,Australia,Queensland,AU-QLD,568.19,623.24,24.3,24.3,opennem.org.au,false,
2023-01-13 22:00:00,Australia,Queensland,AU-QLD,518.15,572.21,30.92,30.92,opennem.org.au,false,
2023-01-13 23:00:00,Australia,Queensland,AU-QLD,471.87,525.19,37.05,37.05,opennem.org.au,false,
2023-01-14 00:00:00,Australia,Queensland,AU-QLD,440.9,494.09,41.15,41.15,opennem.org.au,false,
2023-01-14 01:00:00,Australia,Queensland,AU-QLD,457.88,511.83,38.93,38.93,opennem.org.au,false,
2023-01-14 02:00:00,Australia,Queensland,AU-QLD,464.49,518.75,38.05,38.05,opennem.org.au,false,
2023-01-14 03:00:00,Australia,Queensland,AU-QLD,486.95,541.56,35.07,35.07,opennem.org.au,false,
2023-01-14 04:00:00,Australia,Queensland,AU-QLD,496.22,550.98,33.83,33.83,opennem.org.au,false,
2023-01-14 05:00:00,Australia,Queensland,AU-QLD,522.38,579.42,28.85,28.85,opennem.org.au,false,
2023-01-14 06:00:00,Australia,Queensland,AU-QLD,569.55,627.83,22.26,22.26,opennem.org.au,false,
2023-01-14 07:00:00,Australia,Queensland,AU-QLD,598.65,659.82,16.41,16.41,opennem.org.au,false,
2023-01-14 08:00:00,Australia,Queensland,AU-QLD,625.79,688.26,11.99,11.99,opennem.org.au,false,
2023-01-14 09:00:00,Australia,Queensland,AU-QLD,632.8,695.18,10.97,10.97,opennem.org.au,false,
2023-01-14 10:00:00,Australia,Queensland,AU-QLD,633.31,695.22,11.17,11.17,opennem.org.au,false,
2023-01-14 11:00:00,Australia,Queensland,AU-QLD,648.41,707.11,11.7,11.7,opennem.org.au,false,
2023-01-14 12:00:00,Australia,Queensland,AU-QLD,651.1,709.55,11.6,11.6,opennem.org.au,false,
2023-01-14 13:00:00,Australia,Queensland,AU-QLD,649.99,708.23,11.86,11.86,opennem.org.au,false,
2023-01-14 14:00:00,Australia,Queensland,AU-QLD,642.24,700.32,12.72,12.72,opennem.org.au,false,
2023-01-14 15:00:00,Australia,Queensland,AU-QLD,651.84,710.59,11.33,11.33,opennem.org.au,false,
2023-01-14 16:00:00,Australia,Queensland,AU-QLD,661.8,721.11,9.98,9.98,opennem.org.au,false,
2023-01-14 17:00:00,Australia,Queensland,AU-QLD,658.32,717.38,10.43,10.43,opennem.org.au,false,
2023-01-14 18:00:00,Australia,Queensland,AU-QLD,663.69,723.01,9.7,9.7,opennem.org.au,false,
2023-01-14 19:00:00,Australia,Queensland,AU-QLD,660.18,719.34,10.18,10.18,opennem.org.au,false,
2023-01-14 20:00:00,Australia,Queensland,AU-QLD,612.56,669.13,17.8,17.8,opennem.org.au,false,
2023-01-14 21:00:00,Australia,Queensland,AU-QLD,516.23,570.51,31.08,31.08,opennem.org.au,false,
2023-01-14 22:00:00,Australia,Queensland,AU-QLD,443.86,496.93,40.7,40.7,opennem.org.au,false,
2023-01-14 23:00:00,Australia,Queensland,AU-QLD,419.03,472.24,44.02,44.02,opennem.org.au,false,
2023-01-15 00:00:00,Australia,Queensland,AU-QLD,407.51,460.88,45.56,45.56,opennem.org.au,false,
2023-01-15 01:00:00,Australia,Queensland,AU-QLD,386.2,439.28,48.38,48.38,opennem.org.au,false,
2023-01-15 02:00:00,Australia,Queensland,AU-QLD,374.85,427.83,49.9,49.9,opennem.org.au,false,
2023-01-15 03:00:00,Australia,Queensland,AU-QLD,380.08,433.16,49.2,49.2,opennem.org.au,false,
2023-01-15 04:00:00,Australia,Queensland,AU-QLD,396.01,449.24,47.09,47.09,opennem.org.au,false,
2023-01-15 05:00:00,Australia,Queensland,AU-QLD,462.04,517.43,37.58,37.58,opennem.org.au,false,
2023-01-15 06:00:00,Australia,Queensland,AU-QLD,528.05,585.95,27.84,27.84,opennem.org.au,false,
2023-01-15 07:00:00,Australia,Queensland,AU-QLD,572.32,632.07,20.71,20.71,opennem.org.au,false,
2023-01-15 08:00:00,Australia,Queensland,AU-QLD,612.92,676.29,12.89,12.89,opennem.org.au,false,
2023-01-15 09:00:00,Australia,Queensland,AU-QLD,636.78,701.45,9.15,9.15,opennem.org.au,false,
2023-01-15 10:00:00,Australia,Queensland,AU-QLD,649.0,710.4,10.01,10.01,opennem.org.au,false,
2023-01-15 11:00:00,Australia,Queensland,AU-QLD,658.04,719.01,9.24,9.24,opennem.org.au,false,
2023-01-15 12:00:00,Australia,Queensland,AU-QLD,662.79,722.28,9.7,9.7,opennem.org.au,false,
2023-01-15 13:00:00,Australia,Queensland,AU-QLD,663.58,723.18,9.55,9.55,opennem.org.au,false,
2023-01-15 14:00:00,Australia,Queensland,AU-QLD,675.63,735.99,8.02,8.02,opennem.org.au,false,
2023-01-15 15:00:00,Australia,Queensland,AU-QLD,670.23,730.48,8.6,8.6,opennem.org.au,false,
2023-01-15 16:00:00,Australia,Queensland,AU-QLD,670.88,730.67,8.81,8.81,opennem.org.au,false,
2023-01-15 17:00:00,Australia,Queensland,AU-QLD,660.17,719.32,10.16,10.16,opennem.org.au,false,
2023-01-15 18:00:00,Australia,Queensland,AU-QLD,660.56,719.96,9.98,9.98,opennem.org.au,false,
2023-01-15 19:00:00,Australia,Queensland,AU-QLD,658.54,719.07,9.53,9.53,opennem.org.au,false,
2023-01-15 20:00:00,Australia,Queensland,AU-QLD,634.88,694.93,12.81,12.81,opennem.org.au,false,
2023-01-15 21:00:00,Australia,Queensland,AU-QLD,598.18,656.8,18.24,18.24,opennem.org.au,false,
2023-01-15 22:00:00,Australia,Queensland,AU-QLD,535.04,591.7,27.63,27.63,opennem.org.au,false,
2023-01-15 23:00:00,Australia,Queensland,AU-QLD,500.43,556.77,31.93,31.93,opennem.org.au,false,
2023-01-16 00:00:00,Australia,Queensland,AU-QLD,466.09,521.52,36.66,36.66,opennem.org.au,false,
2023-01-16 01:00:00,Australia,Queensland,AU-QLD,458.88,514.23,37.54,37.54,opennem.org.au,false,
2023-01-16 02:00:00,Australia,Queensland,AU-QLD,448.08,502.98,39.1,39.1,opennem.org.au,false,
2023-01-16 03:00:00,Australia,Queensland,AU-QLD,470.54,527.04,35.56,35.56,opennem.org.au,false,
2023-01-16 04:00:00,Australia,Queensland,AU-QLD,481.38,539.12,33.17,33.17,opennem.org.au,false,
2023-01-16 05:00:00,Australia,Queensland,AU-QLD,510.71,569.75,28.73,28.73,opennem.org.au,false,
2023-01-16 06:00:00,Australia,Queensland,AU-QLD,542.57,602.28,24.1,24.1,opennem.org.au,false,
2023-01-16 07:00:00,Australia,Queensland,AU-QLD,574.29,638.37,17.0,17.0,opennem.org.au,false,
2023-01-16 08:00:00,Australia,Queensland,AU-QLD,592.03,655.87,14.27,14.27,opennem.org.au,false,
2023-01-16 09:00:00,Australia,Queensland,AU-QLD,606.88,670.28,12.76,12.76,opennem.org.au,false,
2023-01-16 10:00:00,Australia,Queensland,AU-QLD,626.25,690.28,10.48,10.48,opennem.org.au,false,
2023-01-16 11:00:00,Australia,Queensland,AU-QLD,628.06,691.74,10.55,10.55,opennem.org.au,false,
2023-01-16 12:00:00,Australia,Queensland,AU-QLD,650.85,712.72,9.37,9.37,opennem.org.au,false,
2023-01-16 13:00:00,Australia,Queensland,AU-QLD,663.48,723.96,9.06,9.06,opennem.org.au,false,
2023-01-16 14:00:00,Australia,Queensland,AU-QLD,654.05,714.44,9.97,9.97,opennem.org.au,false,
2023-01-16 15:00:00,Australia,Queensland,AU-QLD,650.68,710.55,10.63,10.63,opennem.org.au,false,
2023-01-16 16:00:00,Australia,Queensland,AU-QLD,643.49,703.12,11.45,11.45,opennem.org.au,false,
2023-01-16 17:00:00,Australia,Queensland,AU-QLD,644.61,703.25,11.96,11.96,opennem.org.au,false,
2023-01-16 18:00:00,Australia,Queensland,AU-QLD,645.41,704.36,11.7,11.7,opennem.org.au,false,
2023-01-16 19:00:00,Australia,Queensland,AU-QLD,641.46,700.86,11.91,11.91,opennem.org.au,false,
2023-01-16 20:00:00,Australia,Queensland,AU-QLD,586.93,644.62,19.81,19.81,opennem.org.au,false,
2023-01-16 21:00:00,Australia,Queensland,AU-QLD,513.55,568.43,30.81,30.81,opennem.org.au,false,
2023-01-16 22:00:00,Australia,Queensland,AU-QLD,467.65,521.61,36.94,36.94,opennem.org.au,false,
2023-01-16 23:00:00,Australia,Queensland,AU-QLD,429.45,482.74,42.07,42.07,opennem.org.au,false,
2023-01-17 00:00:00,Australia,Queensland,AU-QLD,392.72,445.45,46.9,46.9,opennem.org.au,false,
2023-01-17 01:00:00,Australia,Queensland,AU-QLD,387.16,440.05,47.69,47.69,opennem.org.au,false,
2023-01-17 02:00:00,Australia,Queensland,AU-QLD,385.47,438.55,47.92,47.92,opennem.org.au,false,
2023-01-17 03:00:00,Australia,Queensland,AU-QLD,409.06,462.89,44.73,44.73,opennem.org.au,false,
2023-01-17 04:00:00,Australia,Queensland,AU-QLD,430.23,485.07,41.53,41.53,opennem.org.au,false,
2023-01-17 05:00:00,Australia,Queensland,AU-QLD,446.59,503.09,38.17,38.17,opennem.org.au,false,
2023-01-17 06:00:00,Australia,Queensland,AU-QLD,486.59,544.89,31.91,31.91,opennem.org.au,false,
2023-01-17 07:00:00,Australia,Queensland,AU-QLD,533.07,594.06,24.05,24.05,opennem.org.au,false,
2023-01-17 08:00:00,Australia,Queensland,AU-QLD,586.8,649.48,15.79,15.79,opennem.org.au,false,
2023-01-17 09:00:00,Australia,Queensland,AU-QLD,614.11,677.46,12.04,12.04,opennem.org.au,false,
2023-01-17 10:00:00,Australia,Queensland,AU-QLD,619.28,683.42,10.93,10.93,opennem.org.au,false,
2023-01-17 11:00:00,Australia,Queensland,AU-QLD,622.19,685.85,10.94,10.94,opennem.org.au,false,
2023-01-17 12:00:00,Australia,Queensland,AU-QLD,641.07,704.16,9.34,9.34,opennem.org.au,false,
2023-01-17 13:00:00,Australia,Queensland,AU-QLD,646.59,709.0,9.25,9.25,opennem.org.au,false,
2023-01-17 14:00:00,Australia,Queensland,AU-QLD,651.09,711.19,10.26,10.26,opennem.org.au,false,
2023-01-17 15:00:00,Australia,Queensland,AU-QLD,651.74,712.6,9.83,9.83,opennem.org.au,false,
2023-01-17 16:00:00,Australia,Queensland,AU-QLD,652.05,712.52,10.18,10.18,opennem.org.au,false,
2023-01-17 17:00:00,Australia,Queensland,AU-QLD,655.08,714.89,10.36,10.36,opennem.org.au,false,
2023-01-17 18:00:00,Australia,Queensland,AU-QLD,658.51,718.61,9.78,9.78,opennem.org.au,false,
2023-01-17 19:00:00,Australia,Queensland,AU-QLD,654.64,714.83,10.18,10.18,opennem.org.au,false,
2023-01-17 20:00:00,Australia,Queensland,AU-QLD,585.37,642.58,20.82,20.82,opennem.org.au,false,
2023-01-17 21:00:00,Australia,Queensland,AU-QLD,506.37,560.97,32.55,32.55,opennem.org.au,false,
2023-01-17 22:00:00,Australia,Queensland,AU-QLD,461.93,515.98,38.46,38.46,opennem.org.au,false,
2023-01-17 23:00:00,Australia,Queensland,AU-QLD,395.17,447.86,47.28,47.28,opennem.org.au,false,
2023-01-18 00:00:00,Australia,Queensland,AU-QLD,364.37,416.76,51.36,51.36,opennem.org.au,false,
2023-01-18 01:00:00,Australia,Queensland,AU-QLD,341.91,393.94,54.34,54.34,opennem.org.au,false,
2023-01-18 02:00:00,Australia,Queensland,AU-QLD,360.56,413.12,51.85,51.85,opennem.org.au,false,
2023-01-18 03:00:00,Australia,Queensland,AU-QLD,352.98,406.34,52.1,52.1,opennem.org.au,false,
2023-01-18 04:00:00,Australia,Queensland,AU-QLD,365.61,420.0,49.88,49.88,opennem.org.au,false,
2023-01-18 05:00:00,Australia,Queensland,AU-QLD,383.18,439.99,46.06,46.06,opennem.org.au,false,
2023-01-18 06:00:00,Australia,Queensland,AU-QLD,457.99,516.93,35.48,35.48,opennem.org.au,false,
2023-01-18 07:00:00,Australia,Queensland,AU-QLD,511.56,571.98,27.74,27.74,opennem.org.au,false,
2023-01-18 08:00:00,Australia,Queensland,AU-QLD,616.92,680.61,12.64,12.64,opennem.org.au,false,
2023-01-18 09:00:00,Australia,Queensland,AU-QLD,637.34,701.81,9.22,9.22,opennem.org.au,false,
2023-01-18 10:00:00,Australia,Queensland,AU-QLD,637.38,702.78,8.6,8.6,opennem.org.au,false,
2023-01-18 11:00:00,Australia,Queensland,AU-QLD,636.28,700.02,9.77,9.77,opennem.org.au,false,
2023-01-18 12:00:00,Australia,Queensland,AU-QLD,640.68,703.68,9.8,9.8,opennem.org.au,false,
2023-01-18 13:00:00,Australia,Queensland,AU-QLD,660.45,722.26,8.6,8.6,opennem.org.au,false,
2023-01-18 14:00:00,Australia,Queensland,AU-QLD,661.65,723.61,8.32,8.32,opennem.org.au,false,
2023-01-18 15:00:00,Australia,Queensland,AU-QLD,656.98,718.45,9.07,9.07,opennem.org.au,false,
2023-01-18 16:00:00,Australia,Queensland,AU-QLD,664.32,726.37,8.04,8.04,opennem.org.au,false,
2023-01-18 17:00:00,Australia,Queensland,AU-QLD,664.09,726.07,8.1,8.1,opennem.org.au,false,
2023-01-18 18:00:00,Australia,Queensland,AU-QLD,669.22,731.59,7.39,7.39,opennem.org.au,false,
2023-01-18 19:00:00,Australia,Queensland,AU-QLD,670.2,732.79,7.27,7.27,opennem.org.au,false,
2023-01-18 20:00:00,Australia,Queensland,AU-QLD,582.91,642.02,20.33,20.33,opennem.org.au,false,
2023-01-18 21:00:00,Australia,Queensland,AU-QLD,451.4,505.72,39.52,39.52,opennem.org.au,false,
2023-01-18 22:00:00,Australia,Queensland,AU-QLD,383.79,436.66,48.77,48.77,opennem.org.au,false,
2023-01-18 23:00:00,Australia,Queensland,AU-QLD,333.27,385.13,55.46,55.46,opennem.org.au,false,
2023-01-19 00:00:00,Australia,Queensland,AU-QLD,315.8,367.5,57.79,57.79,opennem.org.au,false,
2023-01-19 01:00:00,Australia,Queensland,AU-QLD,317.94,369.65,57.54,57.54,opennem.org.au,false,
2023-01-19 02:00:00,Australia,Queensland,AU-QLD,330.18,382.12,55.95,55.95,opennem.org.au,false,
2023-01-19 03:00:00,Australia,Queensland,AU-QLD,343.82,396.07,54.15,54.15,opennem.org.au,false,
2023-01-19 04:00:00,Australia,Queensland,AU-QLD,351.26,403.65,53.16,53.16,opennem.org.au,false,
2023-01-19 05:00:00,Australia,Queensland,AU-QLD,384.8,437.76,48.67,48.67,opennem.org.au,false,
2023-01-19 06:00:00,Australia,Queensland,AU-QLD,450.11,505.78,39.01,39.01,opennem.org.au,false,
2023-01-19 07:00:00,Australia,Queensland,AU-QLD,527.66,586.72,27.14,27.14,opennem.org.au,false,
2023-01-19 08:00:00,Australia,Queensland,AU-QLD,611.83,674.75,13.55,13.55,opennem.org.au,false,
2023-01-19 09:00:00,Australia,Queensland,AU-QLD,629.19,692.05,11.11,11.11,opennem.org.au,false,
2023-01-19 10:00:00,Australia,Queensland,AU-QLD,628.67,690.2,11.93,11.93,opennem.org.au,false,
2023-01-19 11:00:00,Australia,Queensland,AU-QLD,627.4,687.27,13.04,13.04,opennem.org.au,false,
2023-01-19 12:00:00,Australia,Queensland,AU-QLD,641.97,701.48,11.8,11.8,opennem.org.au,false,
2023-01-19 13:00:00,Australia,Queensland,AU-QLD,658.87,718.84,9.98,9.98,opennem.org.au,false,
2023-01-19 14:00:00,Australia,Queensland,AU-QLD,662.24,723.28,9.08,9.08,opennem.org.au,false,
2023-01-19 15:00:00,Australia,Queensland,AU-QLD,679.57,740.56,7.31,7.31,opennem.org.au,false,
2023-01-19 16:00:00,Australia,Queensland,AU-QLD,673.03,733.74,8.08,8.08,opennem.org.au,false,
2023-01-19 17:00:00,Australia,Queensland,AU-QLD,675.57,736.46,7.73,7.73,opennem.org.au,false,
2023-01-19 18:00:00,Australia,Queensland,AU-QLD,685.73,748.09,5.89,5.89,opennem.org.au,false,
2023-01-19 19:00:00,Australia,Queensland,AU-QLD,691.91,754.69,5.07,5.07,opennem.org.au,false,
2023-01-19 20:00:00,Australia,Queensland,AU-QLD,638.36,699.48,12.75,12.75,opennem.org.au,false,
2023-01-19 21:00:00,Australia,Queensland,AU-QLD,537.78,594.14,28.09,28.09,opennem.org.au,false,
2023-01-19 22:00:00,Australia,Queensland,AU-QLD,468.61,523.25,37.59,37.59,opennem.org.au,false,
2023-01-19 23:00:00,Australia,Queensland,AU-QLD,419.58,473.18,44.06,44.06,opennem.org.au,false,
2023-01-20 00:00:00,Australia,Queensland,AU-QLD,397.92,451.05,46.95,46.95,opennem.org.au,false,
2023-01-20 01:00:00,Australia,Queensland,AU-QLD,383.91,436.68,48.82,48.82,opennem.org.au,false,
2023-01-20 02:00:00,Australia,Queensland,AU-QLD,358.53,409.43,52.89,52.89,opennem.org.au,false,
2023-01-20 03:00:00,Australia,Queensland,AU-QLD,365.55,417.78,51.26,51.26,opennem.org.au,false,
2023-01-20 04:00:00,Australia,Queensland,AU-QLD,376.25,428.23,49.85,49.85,opennem.org.au,false,
2023-01-20 05:00:00,Australia,Queensland,AU-QLD,407.01,459.65,45.63,45.63,opennem.org.au,false,
2023-01-20 06:00:00,Australia,Queensland,AU-QLD,478.82,533.85,35.5,35.5,opennem.org.au,false,
2023-01-20 07:00:00,Australia,Queensland,AU-QLD,547.41,604.18,25.98,25.98,opennem.org.au,false,
2023-01-20 08:00:00,Australia,Queensland,AU-QLD,619.82,678.36,15.3,15.3,opennem.org.au,false,
2023-01-20 09:00:00,Australia,Queensland,AU-QLD,639.33,698.0,12.58,12.58,opennem.org.au,false,
2023-01-20 10:00:00,Australia,Queensland,AU-QLD,634.55,693.15,13.12,13.12,opennem.org.au,false,
2023-01-20 11:00:00,Australia,Queensland,AU-QLD,633.4,691.95,13.21,13.21,opennem.org.au,false,
2023-01-20 12:00:00,Australia,Queensland,AU-QLD,651.1,710.6,10.81,10.81,opennem.org.au,false,
2023-01-20 13:00:00,Australia,Queensland,AU-QLD,654.89,714.71,10.2,10.2,opennem.org.au,false,
2023-01-20 14:00:00,Australia,Queensland,AU-QLD,652.49,712.42,10.38,10.38,opennem.org.au,false,
2023-01-20 15:00:00,Australia,Queensland,AU-QLD,659.79,718.47,10.48,10.48,opennem.org.au,false,
2023-01-20 16:00:00,Australia,Queensland,AU-QLD,662.73,721.5,10.14,10.14,opennem.org.au,false,
2023-01-20 17:00:00,Australia,Queensland,AU-QLD,662.35,720.59,10.53,10.53,opennem.org.au,false,
2023-01-20 18:00:00,Australia,Queensland,AU-QLD,658.25,716.76,10.74,10.74,opennem.org.au,false,
2023-01-20 19:00:00,Australia,Queensland,AU-QLD,653.99,712.24,11.36,11.36,opennem.org.au,false,
2023-01-20 20:00:00,Australia,Queensland,AU-QLD,553.17,608.08,25.74,25.74,opennem.org.au,false,
2023-01-20 21:00:00,Australia,Queensland,AU-QLD,426.95,478.92,42.99,42.99,opennem.org.au,false,
2023-01-20 22:00:00,Australia,Queensland,AU-QLD,367.5,418.86,50.88,50.88,opennem.org.au,false,
2023-01-20 23:00:00,Australia,Queensland,AU-QLD,325.23,376.24,56.47,56.47,opennem.org.au,false,
2023-01-21 00:00:00,Australia,Queensland,AU-QLD,311.26,362.64,58.35,58.35,opennem.org.au,false,
2023-01-21 01:00:00,Australia,Queensland,AU-QLD,312.86,364.51,58.16,58.16,opennem.org.au,false,
2023-01-21 02:00:00,Australia,Queensland,AU-QLD,321.83,373.7,56.94,56.94,opennem.org.au,false,
2023-01-21 03:00:00,Australia,Queensland,AU-QLD,330.78,382.93,55.79,55.79,opennem.org.au,false,
2023-01-21 04:00:00,Australia,Queensland,AU-QLD,350.32,402.75,53.22,53.22,opennem.org.au,false,
2023-01-21 05:00:00,Australia,Queensland,AU-QLD,375.91,428.58,49.87,49.87,opennem.org.au,false,
2023-01-21 06:00:00,Australia,Queensland,AU-QLD,434.16,488.44,41.53,41.53,opennem.org.au,false,
2023-01-21 07:00:00,Australia,Queensland,AU-QLD,524.38,580.91,28.79,28.79,opennem.org.au,false,
2023-01-21 08:00:00,Australia,Queensland,AU-QLD,611.11,668.64,16.97,16.97,opennem.org.au,false,
2023-01-21 09:00:00,Australia,Queensland,AU-QLD,633.02,689.62,14.47,14.47,opennem.org.au,false,
2023-01-21 10:00:00,Australia,Queensland,AU-QLD,642.21,700.27,12.66,12.66,opennem.org.au,false,
2023-01-21 11:00:00,Australia,Queensland,AU-QLD,651.4,710.48,11.16,11.16,opennem.org.au,false,
2023-01-21 12:00:00,Australia,Queensland,AU-QLD,652.84,712.32,10.79,10.79,opennem.org.au,false,
2023-01-21 13:00:00,Australia,Queensland,AU-QLD,646.14,705.02,11.77,11.77,opennem.org.au,false,
2023-01-21 14:00:00,Australia,Queensland,AU-QLD,638.72,696.13,13.36,13.36,opennem.org.au,false,
2023-01-21 15:00:00,Australia,Queensland,AU-QLD,638.65,696.1,13.34,13.34,opennem.org.au,false,
2023-01-21 16:00:00,Australia,Queensland,AU-QLD,653.13,710.73,11.82,11.82,opennem.org.au,false,
2023-01-21 17:00:00,Australia,Queensland,AU-QLD,669.71,727.9,9.88,9.88,opennem.org.au,false,
2023-01-21 18:00:00,Australia,Queensland,AU-QLD,668.71,726.98,9.93,9.93,opennem.org.au,false,
2023-01-21 19:00:00,Australia,Queensland,AU-QLD,676.15,734.99,8.91,8.91,opennem.org.au,false,
2023-01-21 20:00:00,Australia,Queensland,AU-QLD,604.07,661.1,18.78,18.78,opennem.org.au,false,
2023-01-21 21:00:00,Australia,Queensland,AU-QLD,455.33,508.87,39.22,39.22,opennem.org.au,false,
2023-01-21 22:00:00,Australia,Queensland,AU-QLD,381.9,434.19,48.98,48.98,opennem.org.au,false,
2023-01-21 23:00:00,Australia,Queensland,AU-QLD,348.97,401.18,53.38,53.38,opennem.org.au,false,
2023-01-22 00:00:00,Australia,Queensland,AU-QLD,339.4,391.62,54.66,54.66,opennem.org.au,false,
2023-01-22 01:00:00,Australia,Queensland,AU-QLD,354.55,407.17,52.68,52.68,opennem.org.au,false,
2023-01-22 02:00:00,Australia,Queensland,AU-QLD,367.33,420.28,51.01,51.01,opennem.org.au,false,
2023-01-22 03:00:00,Australia,Queensland,AU-QLD,389.41,442.84,48.08,48.08,opennem.org.au,false,
2023-01-22 04:00:00,Australia,Queensland,AU-QLD,409.34,463.21,45.45,45.45,opennem.org.au,false,
2023-01-22 05:00:00,Australia,Queensland,AU-QLD,442.42,497.88,40.32,40.32,opennem.org.au,false,
2023-01-22 06:00:00,Australia,Queensland,AU-QLD,469.51,526.11,36.28,36.28,opennem.org.au,false,
2023-01-22 07:00:00,Australia,Queensland,AU-QLD,544.43,602.75,25.63,25.63,opennem.org.au,false,
2023-01-22 08:00:00,Australia,Queensland,AU-QLD,624.36,684.27,14.25,14.25,opennem.org.au,false,
2023-01-22 09:00:00,Australia,Queensland,AU-QLD,641.68,700.65,12.28,12.28,opennem.org.au,false,
2023-01-22 10:00:00,Australia,Queensland,AU-QLD,651.62,710.27,11.39,11.39,opennem.org.au,false,
2023-01-22 11:00:00,Australia,Queensland,AU-QLD,649.48,707.72,11.79,11.79,opennem.org.au,false,
2023-01-22 12:00:00,Australia,Queensland,AU-QLD,650.5,709.12,11.52,11.52,opennem.org.au,false,
2023-01-22 13:00:00,Australia,Queensland,AU-QLD,652.22,710.17,11.8,11.8,opennem.org.au,false,
2023-01-22 14:00:00,Australia,Queensland,AU-QLD,666.14,725.14,9.69,9.69,opennem.org.au,false,
2023-01-22 15:00:00,Australia,Queensland,AU-QLD,669.76,729.46,8.98,8.98,opennem.org.au,false,
2023-01-22 16:00:00,Australia,Queensland,AU-QLD,683.81,744.29,7.2,7.2,opennem.org.au,false,
2023-01-22 17:00:00,Australia,Queensland,AU-QLD,678.48,738.34,8.02,8.02,opennem.org.au,false,
2023-01-22 18:00:00,Australia,Queensland,AU-QLD,675.15,735.65,7.9,7.9,opennem.org.au,false,
2023-01-22 19:00:00,Australia,Queensland,AU-QLD,677.31,738.72,7.3,7.3,opennem.org.au,false,
2023-01-22 20:00:00,Australia,Queensland,AU-QLD,627.36,686.78,15.35,15.35,opennem.org.au,false,
2023-01-22 21:00:00,Australia,Queensland,AU-QLD,483.77,538.26,35.59,35.59,opennem.org.au,false,
2023-01-22 22:00:00,Australia,Queensland,AU-QLD,415.07,468.19,44.71,44.71,opennem.org.au,false,
2023-01-22 23:00:00,Australia,Queensland,AU-QLD,381.18,433.85,49.19,49.19,opennem.org.au,false,
2023-01-23 00:00:00,Australia,Queensland,AU-QLD,369.93,422.63,50.71,50.71,opennem.org.au,false,
2023-01-23 01:00:00,Australia,Queensland,AU-QLD,373.29,426.26,50.28,50.28,opennem.org.au,false,
2023-01-23 02:00:00,Australia,Queensland,AU-QLD,363.51,416.38,51.57,51.57,opennem.org.au,false,
2023-01-23 03:00:00,Australia,Queensland,AU-QLD,362.56,415.48,51.68,51.68,opennem.org.au,false,
2023-01-23 04:00:00,Australia,Queensland,AU-QLD,377.6,431.28,49.28,49.28,opennem.org.au,false,
2023-01-23 05:00:00,Australia,Queensland,AU-QLD,401.04,455.79,45.6,45.6,opennem.org.au,false,
2023-01-23 06:00:00,Australia,Queensland,AU-QLD,450.08,505.98,38.37,38.37,opennem.org.au,false,
2023-01-23 07:00:00,Australia,Queensland,AU-QLD,523.66,584.86,25.81,25.81,opennem.org.au,false,
2023-01-23 08:00:00,Australia,Queensland,AU-QLD,599.76,663.42,14.33,14.33,opennem.org.au,false,
2023-01-23 09:00:00,Australia,Queensland,AU-QLD,624.21,688.41,10.84,10.84,opennem.org.au,false,
2023-01-23 10:00:00,Australia,Queensland,AU-QLD,649.56,715.31,7.4,7.4,opennem.org.au,false,
2023-01-23 11:00:00,Australia,Queensland,AU-QLD,665.76,729.75,6.89,6.89,opennem.org.au,false,
2023-01-23 12:00:00,Australia,Queensland,AU-QLD,678.81,739.66,7.47,7.47,opennem.org.au,false,
2023-01-23 13:00:00,Australia,Queensland,AU-QLD,678.7,739.05,7.71,7.71,opennem.org.au,false,
2023-01-23 14:00:00,Australia,Queensland,AU-QLD,676.74,737.16,7.83,7.83,opennem.org.au,false,
2023-01-23 15:00:00,Australia,Queensland,AU-QLD,684.33,744.89,7.12,7.12,opennem.org.au,false,
2023-01-23 16:00:00,Australia,Queensland,AU-QLD,690.78,751.41,6.44,6.44,opennem.org.au,false,
2023-01-23 17:00:00,Australia,Queensland,AU-QLD,693.33,754.05,6.14,6.14,opennem.org.au,false,
2023-01-23 18:00:00,Australia,Queensland,AU-QLD,690.33,751.16,6.36,6.36,opennem.org.au,false,
2023-01-23 19:00:00,Australia,Queensland,AU-QLD,682.29,742.92,7.36,7.36,opennem.org.au,false,
2023-01-23 20:00:00,Australia,Queensland,AU-QLD,619.61,677.5,16.82,16.82,opennem.org.au,false,
2023-01-23 21:00:00,Australia,Queensland,AU-QLD,526.93,582.52,29.91,29.91,opennem.org.au,false,
2023-01-23 22:00:00,Australia,Queensland,AU-QLD,478.28,532.96,36.38,36.38,opennem.org.au,false,
2023-01-23 23:00:00,Australia,Queensland,AU-QLD,451.46,505.97,39.94,39.94,opennem.org.au,false,
2023-01-24 00:00:00,Australia,Queensland,AU-QLD,416.29,470.2,44.58,44.58,opennem.org.au,false,
2023-01-24 01:00:00,Australia,Queensland,AU-QLD,399.88,453.43,46.77,46.77,opennem.org.au,false,
2023-01-24 02:00:00,Australia,Queensland,AU-QLD,379.5,432.66,49.48,49.48,opennem.org.au,false,
2023-01-24 03:00:00,Australia,Queensland,AU-QLD,395.38,448.76,47.39,47.39,opennem.org.au,false,
2023-01-24 04:00:00,Australia,Queensland,AU-QLD,418.33,472.43,44.09,44.09,opennem.org.au,false,
2023-01-24 05:00:00,Australia,Queensland,AU-QLD,447.69,503.15,39.22,39.22,opennem.org.au,false,
2023-01-24 06:00:00,Australia,Queensland,AU-QLD,508.36,568.6,28.35,28.35,opennem.org.au,false,
2023-01-24 07:00:00,Australia,Queensland,AU-QLD,564.22,626.81,19.96,19.96,opennem.org.au,false,
2023-01-24 08:00:00,Australia,Queensland,AU-QLD,612.47,677.79,11.73,11.73,opennem.org.au,false,
2023-01-24 09:00:00,Australia,Queensland,AU-QLD,629.98,696.61,8.73,8.73,opennem.org.au,false,
2023-01-24 10:00:00,Australia,Queensland,AU-QLD,650.46,716.55,7.04,7.04,opennem.org.au,false,
2023-01-24 11:00:00,Australia,Queensland,AU-QLD,656.68,722.8,6.39,6.39,opennem.org.au,false,
2023-01-24 12:00:00,Australia,Queensland,AU-QLD,663.99,728.38,6.61,6.61,opennem.org.au,false,
2023-01-24 13:00:00,Australia,Queensland,AU-QLD,678.03,738.06,7.94,7.94,opennem.org.au,false,
2023-01-24 14:00:00,Australia,Queensland,AU-QLD,674.96,735.38,8.02,8.02,opennem.org.au,false,
2023-01-24 15:00:00,Australia,Queensland,AU-QLD,679.44,739.54,7.8,7.8,opennem.org.au,false,
2023-01-24 16:00:00,Australia,Queensland,AU-QLD,692.05,753.16,6.05,6.05,opennem.org.au,false,
2023-01-24 17:00:00,Australia,Queensland,AU-QLD,700.25,761.99,4.93,4.93,opennem.org.au,false,
2023-01-24 18:00:00,Australia,Queensland,AU-QLD,697.95,759.69,5.14,5.14,opennem.org.au,false,
2023-01-24 19:00:00,Australia,Queensland,AU-QLD,702.07,763.19,5.05,5.05,opennem.org.au,false,
2023-01-24 20:00:00,Australia,Queensland,AU-QLD,629.27,688.67,15.21,15.21,opennem.org.au,false,
2023-01-24 21:00:00,Australia,Queensland,AU-QLD,496.16,551.54,33.96,33.96,opennem.org.au,false,
2023-01-24 22:00:00,Australia,Queensland,AU-QLD,435.13,489.4,42.08,42.08,opennem.org.au,false,
2023-01-24 23:00:00,Australia,Queensland,AU-QLD,408.18,462.0,45.66,45.66,opennem.org.au,false,
2023-01-25 00:00:00,Australia,Queensland,AU-QLD,376.36,429.59,49.88,49.88,opennem.org.au,false,
2023-01-25 01:00:00,Australia,Queensland,AU-QLD,375.46,428.61,50.01,50.01,opennem.org.au,false,
2023-01-25 02:00:00,Australia,Queensland,AU-QLD,394.49,448.02,47.5,47.5,opennem.org.au,false,
2023-01-25 03:00:00,Australia,Queensland,AU-QLD,399.15,452.94,46.79,46.79,opennem.org.au,false,
2023-01-25 04:00:00,Australia,Queensland,AU-QLD,412.88,467.84,44.25,44.25,opennem.org.au,false,
2023-01-25 05:00:00,Australia,Queensland,AU-QLD,419.6,476.37,41.99,41.99,opennem.org.au,false,
2023-01-25 06:00:00,Australia,Queensland,AU-QLD,470.62,529.62,33.92,33.92,opennem.org.au,false,
2023-01-25 07:00:00,Australia,Queensland,AU-QLD,530.7,594.58,23.17,23.17,opennem.org.au,false,
2023-01-25 08:00:00,Australia,Queensland,AU-QLD,599.75,666.42,12.21,12.21,opennem.org.au,false,
2023-01-25 09:00:00,Australia,Queensland,AU-QLD,629.04,696.4,8.3,8.3,opennem.org.au,false,
2023-01-25 10:00:00,Australia,Queensland,AU-QLD,635.62,703.23,7.46,7.46,opennem.org.au,false,
2023-01-25 11:00:00,Australia,Queensland,AU-QLD,647.07,712.99,7.42,7.42,opennem.org.au,false,
2023-01-25 12:00:00,Australia,Queensland,AU-QLD,664.7,728.86,6.7,6.7,opennem.org.au,false,
2023-01-25 13:00:00,Australia,Queensland,AU-QLD,689.12,750.28,6.29,6.29,opennem.org.au,false,
2023-01-25 14:00:00,Australia,Queensland,AU-QLD,686.51,747.77,6.5,6.5,opennem.org.au,false,
2023-01-25 15:00:00,Australia,Queensland,AU-QLD,687.89,748.42,6.76,6.76,opennem.org.au,false,
2023-01-25 16:00:00,Australia,Queensland,AU-QLD,687.23,747.69,6.89,6.89,opennem.org.au,false,
2023-01-25 17:00:00,Australia,Queensland,AU-QLD,688.8,749.35,6.68,6.68,opennem.org.au,false,
2023-01-25 18:00:00,Australia,Queensland,AU-QLD,689.36,749.94,6.63,6.63,opennem.org.au,false,
2023-01-25 19:00:00,Australia,Queensland,AU-QLD,689.43,750.04,6.64,6.64,opennem.org.au,false,
2023-01-25 20:00:00,Australia,Queensland,AU-QLD,618.01,676.02,17.19,17.19,opennem.org.au,false,
2023-01-25 21:00:00,Australia,Queensland,AU-QLD,486.5,541.66,35.2,35.2,opennem.org.au,false,
2023-01-25 22:00:00,Australia,Queensland,AU-QLD,429.1,483.33,42.84,42.84,opennem.org.au,false,
2023-01-25 23:00:00,Australia,Queensland,AU-QLD,378.59,431.71,49.53,49.53,opennem.org.au,false,
2023-01-26 00:00:00,Australia,Queensland,AU-QLD,350.76,403.18,53.23,53.23,opennem.org.au,false,
2023-01-26 01:00:00,Australia,Queensland,AU-QLD,353.8,406.18,52.87,52.87,opennem.org.au,false,
2023-01-26 02:00:00,Australia,Queensland,AU-QLD,369.69,423.43,50.03,50.03,Electricity Maps Estimation,true,ESTIMATED_TIME_SLICER_AVERAGE
2023-01-26 03:00:00,Australia,Queensland,AU-QLD,385.56,440.67,47.18,47.18,Electricity Maps Estimation,true,ESTIMATED_TIME_SLICER_AVERAGE
2023-01-26 04:00:00,Australia,Queensland,AU-QLD,401.43,457.9,44.35,44.35,Electricity Maps Estimation,true,ESTIMATED_TIME_SLICER_AVERAGE
2023-01-26 05:00:00,Australia,Queensland,AU-QLD,417.44,475.29,41.48,41.48,opennem.org.au,false,
2023-01-26 06:00:00,Australia,Queensland,AU-QLD,480.9,541.45,31.76,31.76,opennem.org.au,false,
2023-01-26 07:00:00,Australia,Queensland,AU-QLD,532.3,596.94,22.27,22.27,opennem.org.au,false,
2023-01-26 08:00:00,Australia,Queensland,AU-QLD,578.36,646.44,13.38,13.38,opennem.org.au,false,
2023-01-26 09:00:00,Australia,Queensland,AU-QLD,611.72,679.8,9.25,9.25,opennem.org.au,false,
2023-01-26 10:00:00,Australia,Queensland,AU-QLD,633.7,701.65,7.33,7.33,opennem.org.au,false,
2023-01-26 11:00:00,Australia,Queensland,AU-QLD,658.83,725.6,5.62,5.62,opennem.org.au,false,
2023-01-26 12:00:00,Australia,Queensland,AU-QLD,673.04,738.27,5.23,5.23,opennem.org.au,false,
2023-01-26 13:00:00,Australia,Queensland,AU-QLD,693.09,756.42,4.55,4.55,opennem.org.au,false,
2023-01-26 14:00:00,Australia,Queensland,AU-QLD,696.09,758.84,4.66,4.66,opennem.org.au,false,
2023-01-26 15:00:00,Australia,Queensland,AU-QLD,695.33,757.72,4.95,4.95,opennem.org.au,false,
2023-01-26 16:00:00,Australia,Queensland,AU-QLD,697.36,759.93,4.68,4.68,opennem.org.au,false,
2023-01-26 17:00:00,Australia,Queensland,AU-QLD,698.12,760.85,4.51,4.51,opennem.org.au,false,
2023-01-26 18:00:00,Australia,Queensland,AU-QLD,702.23,764.86,4.16,4.16,opennem.org.au,false,
2023-01-26 19:00:00,Australia,Queensland,AU-QLD,702.79,765.36,4.1,4.1,opennem.org.au,false,
2023-01-26 20:00:00,Australia,Queensland,AU-QLD,676.88,737.73,8.4,8.4,opennem.org.au,false,
2023-01-26 21:00:00,Australia,Queensland,AU-QLD,611.18,669.5,17.95,17.95,opennem.org.au,false,
2023-01-26 22:00:00,Australia,Queensland,AU-QLD,539.67,597.02,27.34,27.34,opennem.org.au,false,
2023-01-26 23:00:00,Australia,Queensland,AU-QLD,493.34,549.7,33.51,33.51,opennem.org.au,false,
2023-01-27 00:00:00,Australia,Queensland,AU-QLD,479.97,536.11,35.3,35.3,opennem.org.au,false,
2023-01-27 01:00:00,Australia,Queensland,AU-QLD,438.1,493.07,40.91,40.91,opennem.org.au,false,
2023-01-27 02:00:00,Australia,Queensland,AU-QLD,425.68,480.22,42.7,42.7,opennem.org.au,false,
2023-01-27 03:00:00,Australia,Queensland,AU-QLD,436.1,491.03,41.04,41.04,opennem.org.au,false,
2023-01-27 04:00:00,Australia,Queensland,AU-QLD,470.44,526.37,35.7,35.7,opennem.org.au,false,
2023-01-27 05:00:00,Australia,Queensland,AU-QLD,489.09,547.19,32.24,32.24,opennem.org.au,false,
2023-01-27 06:00:00,Australia,Queensland,AU-QLD,537.42,598.72,23.98,23.98,opennem.org.au,false,
2023-01-27 07:00:00,Australia,Queensland,AU-QLD,557.82,621.37,19.75,19.75,opennem.org.au,false,
2023-01-27 08:00:00,Australia,Queensland,AU-QLD,614.11,679.84,11.09,11.09,opennem.org.au,false,
2023-01-27 09:00:00,Australia,Queensland,AU-QLD,637.33,702.98,8.23,8.23,opennem.org.au,false,
2023-01-27 10:00:00,Australia,Queensland,AU-QLD,637.94,703.69,8.2,8.2,opennem.org.au,false,
2023-01-27 11:00:00,Australia,Queensland,AU-QLD,643.05,707.17,8.88,8.88,opennem.org.au,false,
2023-01-27 12:00:00,Australia,Queensland,AU-QLD,661.02,724.79,7.35,7.35,opennem.org.au,false,
2023-01-27 13:00:00,Australia,Queensland,AU-QLD,672.25,736.15,6.13,6.13,opennem.org.au,false,
2023-01-27 14:00:00,Australia,Queensland,AU-QLD,683.97,745.51,6.55,6.55,opennem.org.au,false,
2023-01-27 15:00:00,Australia,Queensland,AU-QLD,695.56,756.98,5.54,5.54,opennem.org.au,false,
2023-01-27 16:00:00,Australia,Queensland,AU-QLD,702.41,764.41,4.54,4.54,opennem.org.au,false,
2023-01-27 17:00:00,Australia,Queensland,AU-QLD,699.24,760.73,5.14,5.14,opennem.org.au,false,
2023-01-27 18:00:00,Australia,Queensland,AU-QLD,680.6,740.78,7.65,7.65,opennem.org.au,false,
2023-01-27 19:00:00,Australia,Queensland,AU-QLD,688.49,749.14,6.66,6.66,opennem.org.au,false,
2023-01-27 20:00:00,Australia,Queensland,AU-QLD,619.95,677.96,17.02,17.02,opennem.org.au,false,
2023-01-27 21:00:00,Australia,Queensland,AU-QLD,523.44,579.01,30.37,30.37,opennem.org.au,false,
2023-01-27 22:00:00,Australia,Queensland,AU-QLD,457.18,511.6,39.14,39.14,opennem.org.au,false,
2023-01-27 23:00:00,Australia,Queensland,AU-QLD,401.35,454.48,46.53,46.53,opennem.org.au,false,
2023-01-28 00:00:00,Australia,Queensland,AU-QLD,376.22,428.96,49.87,49.87,opennem.org.au,false,
2023-01-28 01:00:00,Australia,Queensland,AU-QLD,371.65,424.42,50.48,50.48,opennem.org.au,false,
2023-01-28 02:00:00,Australia,Queensland,AU-QLD,388.73,441.98,48.25,48.25,opennem.org.au,false,
2023-01-28 03:00:00,Australia,Queensland,AU-QLD,410.2,464.13,45.24,45.24,opennem.org.au,false,
2023-01-28 04:00:00,Australia,Queensland,AU-QLD,447.12,502.9,39.47,39.47,opennem.org.au,false,
2023-01-28 05:00:00,Australia,Queensland,AU-QLD,455.6,514.4,36.12,36.12,opennem.org.au,false,
2023-01-28 06:00:00,Australia,Queensland,AU-QLD,457.4,517.6,34.5,34.5,opennem.org.au,false,
2023-01-28 07:00:00,Australia,Queensland,AU-QLD,512.5,576.94,24.32,24.32,opennem.org.au,false,
2023-01-28 08:00:00,Australia,Queensland,AU-QLD,596.43,663.04,12.4,12.4,opennem.org.au,false,
2023-01-28 09:00:00,Australia,Queensland,AU-QLD,623.89,691.17,8.7,8.7,opennem.org.au,false,
2023-01-28 10:00:00,Australia,Queensland,AU-QLD,621.93,689.13,8.99,8.99,opennem.org.au,false,
2023-01-28 11:00:00,Australia,Queensland,AU-QLD,625.74,691.36,9.59,9.59,opennem.org.au,false,
2023-01-28 12:00:00,Australia,Queensland,AU-QLD,646.64,710.31,8.67,8.67,opennem.org.au,false,
2023-01-28 13:00:00,Australia,Queensland,AU-QLD,666.37,727.6,8.32,8.32,opennem.org.au,false,
2023-01-28 14:00:00,Australia,Queensland,AU-QLD,675.51,735.29,8.37,8.37,opennem.org.au,false,
2023-01-28 15:00:00,Australia,Queensland,AU-QLD,684.19,744.77,7.11,7.11,opennem.org.au,false,
2023-01-28 16:00:00,Australia,Queensland,AU-QLD,693.03,754.6,5.68,5.68,opennem.org.au,false,
2023-01-28 17:00:00,Australia,Queensland,AU-QLD,690.92,752.96,5.62,5.62,opennem.org.au,false,
2023-01-28 18:00:00,Australia,Queensland,AU-QLD,689.86,751.58,5.91,5.91,opennem.org.au,false,
2023-01-28 19:00:00,Australia,Queensland,AU-QLD,696.59,758.54,5.18,5.18,opennem.org.au,false,
2023-01-28 20:00:00,Australia,Queensland,AU-QLD,627.33,686.75,15.48,15.48,opennem.org.au,false,
2023-01-28 21:00:00,Australia,Queensland,AU-QLD,495.51,550.93,34.02,34.02,opennem.org.au,false,
2023-01-28 22:00:00,Australia,Queensland,AU-QLD,445.08,499.42,40.75,40.75,opennem.org.au,false,
2023-01-28 23:00:00,Australia,Queensland,AU-QLD,392.71,446.05,47.68,47.68,opennem.org.au,false,
2023-01-29 00:00:00,Australia,Queensland,AU-QLD,355.05,407.52,52.66,52.66,opennem.org.au,false,
2023-01-29 01:00:00,Australia,Queensland,AU-QLD,346.71,399.1,53.77,53.77,opennem.org.au,false,
2023-01-29 02:00:00,Australia,Queensland,AU-QLD,350.17,402.69,53.33,53.33,opennem.org.au,false,
2023-01-29 03:00:00,Australia,Queensland,AU-QLD,362.2,415.34,51.43,51.43,opennem.org.au,false,
2023-01-29 04:00:00,Australia,Queensland,AU-QLD,383.41,438.32,47.58,47.58,Electricity Maps Estimation,true,ESTIMATED_TIME_SLICER_AVERAGE
2023-01-29 05:00:00,Australia,Queensland,AU-QLD,405.01,461.73,43.65,43.65,opennem.org.au,false,
2023-01-29 06:00:00,Australia,Queensland,AU-QLD,448.04,507.69,36.39,36.39,opennem.org.au,false,
2023-01-29 07:00:00,Australia,Queensland,AU-QLD,524.52,586.54,25.4,25.4,opennem.org.au,false,
2023-01-29 08:00:00,Australia,Queensland,AU-QLD,600.42,666.81,12.38,12.38,opennem.org.au,false,
2023-01-29 09:00:00,Australia,Queensland,AU-QLD,617.08,685.25,8.98,8.98,opennem.org.au,false,
2023-01-29 10:00:00,Australia,Queensland,AU-QLD,627.15,694.47,8.4,8.4,opennem.org.au,false,
2023-01-29 11:00:00,Australia,Queensland,AU-QLD,649.3,715.92,6.64,6.64,opennem.org.au,false,
2023-01-29 12:00:00,Australia,Queensland,AU-QLD,657.5,723.17,6.44,6.44,opennem.org.au,false,
2023-01-29 13:00:00,Australia,Queensland,AU-QLD,669.2,731.43,7.46,7.46,opennem.org.au,false,
2023-01-29 14:00:00,Australia,Queensland,AU-QLD,674.24,735.71,7.47,7.47,opennem.org.au,false,
2023-01-29 15:00:00,Australia,Queensland,AU-QLD,679.35,740.83,6.99,6.99,opennem.org.au,false,
2023-01-29 16:00:00,Australia,Queensland,AU-QLD,685.14,746.74,6.43,6.43,opennem.org.au,false,
2023-01-29 17:00:00,Australia,Queensland,AU-QLD,689.92,751.56,5.94,5.94,opennem.org.au,false,
2023-01-29 18:00:00,Australia,Queensland,AU-QLD,686.9,748.85,6.03,6.03,opennem.org.au,false,
2023-01-29 19:00:00,Australia,Queensland,AU-QLD,684.48,746.69,6.1,6.1,opennem.org.au,false,
2023-01-29 20:00:00,Australia,Queensland,AU-QLD,628.9,689.95,13.69,13.69,opennem.org.au,false,
2023-01-29 21:00:00,Australia,Queensland,AU-QLD,524.38,583.52,27.76,27.76,opennem.org.au,false,
2023-01-29 22:00:00,Australia,Queensland,AU-QLD,455.85,512.09,37.99,37.99,opennem.org.au,false,
2023-01-29 23:00:00,Australia,Queensland,AU-QLD,411.6,466.4,44.23,44.23,opennem.org.au,false,
2023-01-30 00:00:00,Australia,Queensland,AU-QLD,386.8,440.62,47.96,47.96,opennem.org.au,false,
2023-01-30 01:00:00,Australia,Queensland,AU-QLD,378.49,431.97,49.28,49.28,opennem.org.au,false,
2023-01-30 02:00:00,Australia,Queensland,AU-QLD,395.34,449.87,46.57,46.57,opennem.org.au,false,
2023-01-30 03:00:00,Australia,Queensland,AU-QLD,390.76,445.77,46.7,46.7,opennem.org.au,false,
2023-01-30 04:00:00,Australia,Queensland,AU-QLD,394.71,450.69,45.5,45.5,opennem.org.au,false,
2023-01-30 05:00:00,Australia,Queensland,AU-QLD,425.78,484.15,40.0,40.0,opennem.org.au,false,
2023-01-30 06:00:00,Australia,Queensland,AU-QLD,489.19,550.29,30.36,30.36,opennem.org.au,false,
2023-01-30 07:00:00,Australia,Queensland,AU-QLD,548.35,613.47,20.04,20.04,opennem.org.au,false,
2023-01-30 08:00:00,Australia,Queensland,AU-QLD,601.24,667.81,11.99,11.99,opennem.org.au,false,
2023-01-30 09:00:00,Australia,Queensland,AU-QLD,622.83,690.0,8.92,8.92,opennem.org.au,false,
2023-01-30 10:00:00,Australia,Queensland,AU-QLD,633.89,700.78,8.09,8.09,opennem.org.au,false,
2023-01-30 11:00:00,Australia,Queensland,AU-QLD,642.79,707.14,8.82,8.82,opennem.org.au,false,
2023-01-30 12:00:00,Australia,Queensland,AU-QLD,660.07,724.36,7.05,7.05,opennem.org.au,false,
2023-01-30 13:00:00,Australia,Queensland,AU-QLD,681.07,743.09,6.49,6.49,opennem.org.au,false,
2023-01-30 14:00:00,Australia,Queensland,AU-QLD,688.06,749.32,6.34,6.34,opennem.org.au,false,
2023-01-30 15:00:00,Australia,Queensland,AU-QLD,686.8,748.43,6.25,6.25,opennem.org.au,false,
2023-01-30 16:00:00,Australia,Queensland,AU-QLD,687.69,749.69,5.91,5.91,opennem.org.au,false,
2023-01-30 17:00:00,Australia,Queensland,AU-QLD,690.14,752.41,5.56,5.56,opennem.org.au,false,
2023-01-30 18:00:00,Australia,Queensland,AU-QLD,693.99,755.93,5.39,5.39,opennem.org.au,false,
2023-01-30 19:00:00,Australia,Queensland,AU-QLD,695.97,758.43,4.9,4.9,opennem.org.au,false,
2023-01-30 20:00:00,Australia,Queensland,AU-QLD,666.94,728.36,9.1,9.1,opennem.org.au,false,
2023-01-30 21:00:00,Australia,Queensland,AU-QLD,593.26,652.38,19.58,19.58,opennem.org.au,false,
2023-01-30 22:00:00,Australia,Queensland,AU-QLD,503.38,559.7,32.23,32.23,opennem.org.au,false,
2023-01-30 23:00:00,Australia,Queensland,AU-QLD,440.48,494.55,41.4,41.4,opennem.org.au,false,
2023-01-31 00:00:00,Australia,Queensland,AU-QLD,417.87,471.48,44.42,44.42,opennem.org.au,false,
2023-01-31 01:00:00,Australia,Queensland,AU-QLD,407.89,461.17,45.73,45.73,opennem.org.au,false,
2023-01-31 02:00:00,Australia,Queensland,AU-QLD,395.97,449.06,47.32,47.32,opennem.org.au,false,
2023-01-31 03:00:00,Australia,Queensland,AU-QLD,410.91,464.41,45.1,45.1,opennem.org.au,false,
2023-01-31 04:00:00,Australia,Queensland,AU-QLD,441.56,498.43,39.26,39.26,opennem.org.au,false,
2023-01-31 05:00:00,Australia,Queensland,AU-QLD,466.22,526.24,33.38,33.38,opennem.org.au,false,
2023-01-31 06:00:00,Australia,Queensland,AU-QLD,524.75,589.16,23.06,23.06,opennem.org.au,false,
2023-01-31 07:00:00,Australia,Queensland,AU-QLD,569.19,636.83,15.36,15.36,opennem.org.au,false,
2023-01-31 08:00:00,Australia,Queensland,AU-QLD,599.1,668.21,10.59,10.59,opennem.org.au,false,
2023-01-31 09:00:00,Australia,Queensland,AU-QLD,617.37,687.65,7.69,7.69,opennem.org.au,false,
2023-01-31 10:00:00,Australia,Queensland,AU-QLD,633.68,703.15,6.49,6.49,opennem.org.au,false,
2023-01-31 11:00:00,Australia,Queensland,AU-QLD,658.81,725.47,5.74,5.74,opennem.org.au,false,
2023-01-31 12:00:00,Australia,Queensland,AU-QLD,677.81,743.01,4.9,4.9,opennem.org.au,false,
2023-01-31 13:00:00,Australia,Queensland,AU-QLD,692.89,757.32,3.95,3.95,opennem.org.au,false,
2023-01-31 14:00:00,Australia,Queensland,AU-QLD,700.49,762.73,4.61,4.61,opennem.org.au,false,
2023-01-31 15:00:00,Australia,Queensland,AU-QLD,700.57,762.89,4.57,4.57,opennem.org.au,false,
2023-01-31 16:00:00,Australia,Queensland,AU-QLD,699.5,760.78,5.26,5.26,opennem.org.au,false,
2023-01-31 17:00:00,Australia,Queensland,AU-QLD,703.28,765.29,4.48,4.48,Electricity Maps Estimation,true,ESTIMATED_TIME_SLICER_AVERAGE
2023-01-31 18:00:00,Australia,Queensland,AU-QLD,706.89,769.6,3.73,3.73,opennem.org.au,false,
2023-01-31 19:00:00,Australia,Queensland,AU-QLD,705.54,768.07,3.96,3.96,opennem.org.au,false,
2023-01-31 20:00:00,Australia,Queensland,AU-QLD,665.08,726.87,9.38,9.38,opennem.org.au,false,
2023-01-31 21:00:00,Australia,Queensland,AU-QLD,571.66,631.63,21.8,21.8,opennem.org.au,false,
2023-01-31 22:00:00,Australia,Queensland,AU-QLD,514.12,572.32,29.95,29.95,opennem.org.au,false,
2023-01-31 23:00:00,Australia,Queensland,AU-QLD,461.91,517.24,38.16,38.16,opennem.org.au,false,
2023-02-01 00:00:00,Australia,Queensland,AU-QLD,425.21,480.02,42.75,42.75,opennem.org.au,false,
2023-02-01 01:00:00,Australia,Queensland,AU-QLD,397.69,452.48,46.0,46.0,opennem.org.au,false,
2023-02-01 02:00:00,Australia,Queensland,AU-QLD,403.17,457.96,45.26,45.26,opennem.org.au,false,
2023-02-01 03:00:00,Australia,Queensland,AU-QLD,415.22,471.55,42.65,42.65,opennem.org.au,false,
2023-02-01 04:00:00,Australia,Queensland,AU-QLD,431.89,489.79,39.48,39.48,opennem.org.au,false,
2023-02-01 05:00:00,Australia,Queensland,AU-QLD,461.93,523.54,33.07,33.07,opennem.org.au,false,
2023-02-01 06:00:00,Australia,Queensland,AU-QLD,497.78,562.9,26.1,26.1,opennem.org.au,false,
2023-02-01 07:00:00,Australia,Queensland,AU-QLD,541.03,609.01,19.01,19.01,opennem.org.au,false,
2023-02-01 08:00:00,Australia,Queensland,AU-QLD,590.5,662.56,10.26,10.26,opennem.org.au,false,
2023-02-01 09:00:00,Australia,Queensland,AU-QLD,615.29,688.39,6.49,6.49,opennem.org.au,false,
2023-02-01 10:00:00,Australia,Queensland,AU-QLD,631.42,702.41,5.86,5.86,opennem.org.au,false,
2023-02-01 11:00:00,Australia,Queensland,AU-QLD,657.06,725.9,4.65,4.65,opennem.org.au,false,
2023-02-01 12:00:00,Australia,Queensland,AU-QLD,664.62,732.19,4.67,4.67,opennem.org.au,false,
2023-02-01 13:00:00,Australia,Queensland,AU-QLD,673.99,738.57,5.63,5.63,opennem.org.au,false,
2023-02-01 14:00:00,Australia,Queensland,AU-QLD,665.14,729.83,6.4,6.4,opennem.org.au,false,
2023-02-01 15:00:00,Australia,Queensland,AU-QLD,670.14,734.96,5.84,5.84,opennem.org.au,false,
2023-02-01 16:00:00,Australia,Queensland,AU-QLD,673.17,737.83,5.66,5.66,opennem.org.au,false,
2023-02-01 17:00:00,Australia,Queensland,AU-QLD,674.37,738.99,5.57,5.57,opennem.org.au,false,
2023-02-01 18:00:00,Australia,Queensland,AU-QLD,667.31,732.27,6.01,6.01,opennem.org.au,false,
2023-02-01 19:00:00,Australia,Queensland,AU-QLD,662.23,726.74,6.77,6.77,opennem.org.au,false,
2023-02-01 20:00:00,Australia,Queensland,AU-QLD,620.19,682.75,13.34,13.34,opennem.org.au,false,
2023-02-01 21:00:00,Australia,Queensland,AU-QLD,531.29,590.82,26.36,26.36,opennem.org.au,false,
2023-02-01 22:00:00,Australia,Queensland,AU-QLD,486.81,544.85,33.0,33.0,opennem.org.au,false,
2023-02-01 23:00:00,Australia,Queensland,AU-QLD,416.72,473.34,42.36,42.36,opennem.org.au,false,
2023-02-02 00:00:00,Australia,Queensland,AU-QLD,422.01,478.92,41.6,41.6,opennem.org.au,false,
2023-02-02 01:00:00,Australia,Queensland,AU-QLD,423.05,478.23,42.46,42.46,opennem.org.au,false,
2023-02-02 02:00:00,Australia,Queensland,AU-QLD,402.12,458.64,44.26,44.26,opennem.org.au,false,
2023-02-02 03:00:00,Australia,Queensland,AU-QLD,413.01,469.98,42.62,42.62,opennem.org.au,false,
2023-02-02 04:00:00,Australia,Queensland,AU-QLD,429.36,488.27,39.12,39.12,opennem.org.au,false,
2023-02-02 05:00:00,Australia,Queensland,AU-QLD,465.86,528.43,32.14,32.14,opennem.org.au,false,
2023-02-02 06:00:00,Australia,Queensland,AU-QLD,523.2,590.5,22.34,22.34,opennem.org.au,false,
2023-02-02 07:00:00,Australia,Queensland,AU-QLD,556.16,626.23,16.09,16.09,opennem.org.au,false,
2023-02-02 08:00:00,Australia,Queensland,AU-QLD,592.36,665.33,9.47,9.47,opennem.org.au,false,
2023-02-02 09:00:00,Australia,Queensland,AU-QLD,612.54,683.99,7.95,7.95,opennem.org.au,false,
2023-02-02 10:00:00,Australia,Queensland,AU-QLD,633.66,702.4,6.65,6.65,opennem.org.au,false,
2023-02-02 11:00:00,Australia,Queensland,AU-QLD,654.6,722.47,5.38,5.38,opennem.org.au,false,
2023-02-02 12:00:00,Australia,Queensland,AU-QLD,666.12,732.53,5.19,5.19,opennem.org.au,false,
2023-02-02 13:00:00,Australia,Queensland,AU-QLD,681.67,745.91,5.06,5.06,opennem.org.au,false,
2023-02-02 14:00:00,Australia,Queensland,AU-QLD,683.59,747.88,4.86,4.86,opennem.org.au,false,
2023-02-02 15:00:00,Australia,Queensland,AU-QLD,682.47,746.17,5.31,5.31,opennem.org.au,false,
2023-02-02 16:00:00,Australia,Queensland,AU-QLD,681.85,745.48,5.42,5.42,opennem.org.au,false,
2023-02-02 17:00:00,Australia,Queensland,AU-QLD,679.13,743.13,5.48,5.48,opennem.org.au,false,
2023-02-02 18:00:00,Australia,Queensland,AU-QLD,681.78,746.23,4.98,4.98,opennem.org.au,false,
2023-02-02 19:00:00,Australia,Queensland,AU-QLD,677.16,741.74,5.36,5.36,opennem.org.au,false,
2023-02-02 20:00:00,Australia,Queensland,AU-QLD,633.35,695.97,12.11,12.11,opennem.org.au,false,
2023-02-02 21:00:00,Australia,Queensland,AU-QLD,507.65,567.0,29.59,29.59,opennem.org.au,false,
2023-02-02 22:00:00,Australia,Queensland,AU-QLD,439.29,496.67,39.1,39.1,opennem.org.au,false,
2023-02-02 23:00:00,Australia,Queensland,AU-QLD,388.99,445.16,45.87,45.87,opennem.org.au,false,
2023-02-03 00:00:00,Australia,Queensland,AU-QLD,368.56,424.27,48.59,48.59,opennem.org.au,false,
2023-02-03 01:00:00,Australia,Queensland,AU-QLD,357.43,413.02,50.11,50.11,opennem.org.au,false,
2023-02-03 02:00:00,Australia,Queensland,AU-QLD,390.85,449.84,44.09,44.09,Electricity Maps Estimation,true,ESTIMATED_TIME_SLICER_AVERAGE
2023-02-03 03:00:00,Australia,Queensland,AU-QLD,424.56,486.99,38.01,38.01,Electricity Maps Estimation,true,ESTIMATED_TIME_SLICER_AVERAGE
2023-02-03 04:00:00,Australia,Queensland,AU-QLD,458.53,524.41,31.89,31.89,Electricity Maps Estimation,true,ESTIMATED_TIME_SLICER_AVERAGE
2023-02-03 05:00:00,Australia,Queensland,AU-QLD,474.16,541.53,29.11,29.11,opennem.org.au; Electricity Maps Estimation,false,
2023-02-03 06:00:00,Australia,Queensland,AU-QLD,518.61,591.28,20.51,20.51,opennem.org.au,false,
2023-02-03 07:00:00,Australia,Queensland,AU-QLD,541.92,615.81,16.58,16.58,opennem.org.au,false,
2023-02-03 08:00:00,Australia,Queensland,AU-QLD,581.53,658.18,10.23,10.23,opennem.org.au,false,
2023-02-03 09:00:00,Australia,Queensland,AU-QLD,599.17,676.84,7.62,7.62,opennem.org.au,false,
2023-02-03 10:00:00,Australia,Queensland,AU-QLD,622.93,698.82,5.6,5.6,opennem.org.au,false,
2023-02-03 11:00:00,Australia,Queensland,AU-QLD,636.85,706.84,6.0,6.0,opennem.org.au,false,
2023-02-03 12:00:00,Australia,Queensland,AU-QLD,649.21,717.95,5.39,5.39,opennem.org.au,false,
2023-02-03 13:00:00,Australia,Queensland,AU-QLD,679.49,746.53,3.57,3.57,opennem.org.au,false,
2023-02-03 14:00:00,Australia,Queensland,AU-QLD,698.63,761.85,3.99,3.99,opennem.org.au,false,
2023-02-03 15:00:00,Australia,Queensland,AU-QLD,701.42,764.24,4.08,4.08,opennem.org.au,false,
2023-02-03 16:00:00,Australia,Queensland,AU-QLD,698.31,761.08,4.42,4.42,opennem.org.au,false,
2023-02-03 17:00:00,Australia,Queensland,AU-QLD,696.72,758.77,4.94,4.94,opennem.org.au,false,
2023-02-03 18:00:00,Australia,Queensland,AU-QLD,699.86,762.15,4.47,4.47,opennem.org.au,false,
2023-02-03 19:00:00,Australia,Queensland,AU-QLD,708.95,771.76,3.34,3.34,opennem.org.au,false,
2023-02-03 20:00:00,Australia,Queensland,AU-QLD,691.93,753.77,6.13,6.13,opennem.org.au,false,
2023-02-03 21:00:00,Australia,Queensland,AU-QLD,635.41,693.96,15.09,15.09,opennem.org.au,false,
2023-02-03 22:00:00,Australia,Queensland,AU-QLD,549.57,605.57,26.91,26.91,opennem.org.au,false,
2023-02-03 23:00:00,Australia,Queensland,AU-QLD,487.93,542.79,35.07,35.07,opennem.org.au,false,
2023-02-04 00:00:00,Australia,Queensland,AU-QLD,418.67,471.68,44.21,44.21,opennem.org.au,false,
2023-02-04 01:00:00,Australia,Queensland,AU-QLD,413.26,466.41,44.92,44.92,opennem.org.au,false,
2023-02-04 02:00:00,Australia,Queensland,AU-QLD,413.11,466.58,44.89,44.89,opennem.org.au,false,
2023-02-04 03:00:00,Australia,Queensland,AU-QLD,419.25,474.07,43.27,43.27,opennem.org.au,false,
2023-02-04 04:00:00,Australia,Queensland,AU-QLD,420.62,476.27,42.42,42.42,opennem.org.au,false,
2023-02-04 05:00:00,Australia,Queensland,AU-QLD,430.93,486.8,41.04,41.04,opennem.org.au,false,
2023-02-04 06:00:00,Australia,Queensland,AU-QLD,519.09,578.61,28.16,28.16,opennem.org.au,false,
2023-02-04 07:00:00,Australia,Queensland,AU-QLD,554.04,615.02,22.8,22.8,opennem.org.au,false,
2023-02-04 08:00:00,Australia,Queensland,AU-QLD,629.35,693.31,11.1,11.1,opennem.org.au,false,
2023-02-04 09:00:00,Australia,Queensland,AU-QLD,651.08,717.4,6.91,6.91,opennem.org.au,false,
2023-02-04 10:00:00,Australia,Queensland,AU-QLD,664.99,731.8,5.2,5.2,opennem.org.au,false,
2023-02-04 11:00:00,Australia,Queensland,AU-QLD,674.43,737.15,6.67,6.67,opennem.org.au,false,
2023-02-04 12:00:00,Australia,Queensland,AU-QLD,679.15,742.12,6.2,6.2,opennem.org.au,false,
2023-02-04 13:00:00,Australia,Queensland,AU-QLD,689.22,749.8,6.7,6.7,opennem.org.au,false,
2023-02-04 14:00:00,Australia,Queensland,AU-QLD,691.86,752.49,6.38,6.38,opennem.org.au,false,
2023-02-04 15:00:00,Australia,Queensland,AU-QLD,705.82,767.46,4.37,4.37,opennem.org.au,false,
2023-02-04 16:00:00,Australia,Queensland,AU-QLD,703.09,764.1,5.01,5.01,opennem.org.au,false,
2023-02-04 17:00:00,Australia,Queensland,AU-QLD,699.97,760.79,5.41,5.41,opennem.org.au,false,
2023-02-04 18:00:00,Australia,Queensland,AU-QLD,711.12,772.91,3.79,3.79,opennem.org.au,false,
2023-02-04 19:00:00,Australia,Queensland,AU-QLD,695.51,756.34,5.88,5.88,opennem.org.au,false,
2023-02-04 20:00:00,Australia,Queensland,AU-QLD,631.93,690.22,15.19,15.19,opennem.org.au,false,
2023-02-04 21:00:00,Australia,Queensland,AU-QLD,493.46,548.05,34.18,34.18,opennem.org.au,false,
2023-02-04 22:00:00,Australia,Queensland,AU-QLD,443.15,496.92,40.9,40.9,opennem.org.au,false,
2023-02-04 23:00:00,Australia,Queensland,AU-QLD,399.88,453.14,46.69,46.69,opennem.org.au,false,
2023-02-05 00:00:00,Australia,Queensland,AU-QLD,355.99,408.54,52.46,52.46,opennem.org.au,false,
2023-02-05 01:00:00,Australia,Queensland,AU-QLD,345.35,397.79,53.88,53.88,opennem.org.au,false,
2023-02-05 02:00:00,Australia,Queensland,AU-QLD,339.33,391.63,54.72,54.72,opennem.org.au,false,
2023-02-05 03:00:00,Australia,Queensland,AU-QLD,360.65,413.27,51.93,51.93,opennem.org.au,false,
2023-02-05 04:00:00,Australia,Queensland,AU-QLD,379.24,432.66,49.3,49.3,opennem.org.au,false,
2023-02-05 05:00:00,Australia,Queensland,AU-QLD,413.67,470.03,43.05,43.05,opennem.org.au,false,
2023-02-05 06:00:00,Australia,Queensland,AU-QLD,482.31,540.7,33.3,33.3,opennem.org.au,false,
2023-02-05 07:00:00,Australia,Queensland,AU-QLD,552.99,615.58,21.6,21.6,opennem.org.au,false,
2023-02-05 08:00:00,Australia,Queensland,AU-QLD,617.72,684.31,10.25,10.25,opennem.org.au,false,
2023-02-05 09:00:00,Australia,Queensland,AU-QLD,633.59,700.36,7.94,7.94,opennem.org.au,false,
2023-02-05 10:00:00,Australia,Queensland,AU-QLD,637.89,702.94,8.58,8.58,opennem.org.au,false,
2023-02-05 11:00:00,Australia,Queensland,AU-QLD,652.99,714.95,9.09,9.09,opennem.org.au,false,
2023-02-05 12:00:00,Australia,Queensland,AU-QLD,652.93,710.55,11.93,11.93,opennem.org.au,false,
2023-02-05 13:00:00,Australia,Queensland,AU-QLD,656.15,713.85,11.55,11.55,opennem.org.au,false,
2023-02-05 14:00:00,Australia,Queensland,AU-QLD,648.85,706.36,12.34,12.34,opennem.org.au,false,
2023-02-05 15:00:00,Australia,Queensland,AU-QLD,646.77,703.5,13.08,13.08,opennem.org.au,false,
2023-02-05 16:00:00,Australia,Queensland,AU-QLD,672.86,731.12,9.53,9.53,opennem.org.au,false,
2023-02-05 17:00:00,Australia,Queensland,AU-QLD,682.2,741.33,8.17,8.17,opennem.org.au,false,
2023-02-05 18:00:00,Australia,Queensland,AU-QLD,670.25,729.79,9.2,9.2,opennem.org.au,false,
2023-02-05 19:00:00,Australia,Queensland,AU-QLD,656.95,715.37,11.09,11.09,opennem.org.au,false,
2023-02-05 20:00:00,Australia,Queensland,AU-QLD,598.55,654.06,19.88,19.88,opennem.org.au,false,
2023-02-05 21:00:00,Australia,Queensland,AU-QLD,512.48,566.43,31.87,31.87,opennem.org.au,false,
2023-02-05 22:00:00,Australia,Queensland,AU-QLD,452.72,506.22,39.76,39.76,opennem.org.au,false,
2023-02-05 23:00:00,Australia,Queensland,AU-QLD,411.61,464.61,45.21,45.21,opennem.org.au,false,
2023-02-06 00:00:00,Australia,Queensland,AU-QLD,377.52,429.77,49.73,49.73,opennem.org.au,false,
2023-02-06 01:00:00,Australia,Queensland,AU-QLD,381.51,434.36,48.88,48.88,Electricity Maps Estimation,true,ESTIMATED_TIME_SLICER_AVERAGE
2023-02-06 02:00:00,Australia,Queensland,AU-QLD,385.51,438.94,48.05,48.05,Electricity Maps Estimation,true,ESTIMATED_TIME_SLICER_AVERAGE
2023-02-06 03:00:00,Australia,Queensland,AU-QLD,389.47,443.48,47.22,47.22,Electricity Maps Estimation,true,ESTIMATED_TIME_SLICER_AVERAGE
2023-02-06 04:00:00,Australia,Queensland,AU-QLD,391.47,445.77,46.8,46.8,opennem.org.au; Electricity Maps Estimation,false,
2023-02-06 05:00:00,Australia,Queensland,AU-QLD,429.83,486.08,40.8,40.8,opennem.org.au,false,
2023-02-06 06:00:00,Australia,Queensland,AU-QLD,474.52,533.59,33.17,33.17,opennem.org.au,false,
2023-02-06 07:00:00,Australia,Queensland,AU-QLD,540.69,602.26,23.11,23.11,opennem.org.au,false,
2023-02-06 08:00:00,Australia,Queensland,AU-QLD,603.96,668.73,12.84,12.84,opennem.org.au,false,
2023-02-06 09:00:00,Australia,Queensland,AU-QLD,616.61,680.82,11.37,11.37,opennem.org.au,false,
2023-02-06 10:00:00,Australia,Queensland,AU-QLD,630.75,693.98,10.59,10.59,opennem.org.au,false,
2023-02-06 11:00:00,Australia,Queensland,AU-QLD,645.49,706.1,10.79,10.79,opennem.org.au,false,
2023-02-06 12:00:00,Australia,Queensland,AU-QLD,661.69,720.83,10.0,10.0,opennem.org.au,false,
2023-02-06 13:00:00,Australia,Queensland,AU-QLD,665.45,724.13,10.01,10.01,opennem.org.au,false,
2023-02-06 14:00:00,Australia,Queensland,AU-QLD,662.99,720.98,10.37,10.37,opennem.org.au,false,
2023-02-06 15:00:00,Australia,Queensland,AU-QLD,674.29,733.11,8.83,8.83,opennem.org.au,false,
2023-02-06 16:00:00,Australia,Queensland,AU-QLD,682.79,741.75,7.96,7.96,opennem.org.au,false,
2023-02-06 17:00:00,Australia,Queensland,AU-QLD,674.56,732.46,9.36,9.36,opennem.org.au,false,
2023-02-06 18:00:00,Australia,Queensland,AU-QLD,674.46,732.4,9.35,9.35,opennem.org.au,false,
2023-02-06 19:00:00,Australia,Queensland,AU-QLD,671.45,730.28,9.14,9.14,opennem.org.au,false,
2023-02-06 20:00:00,Australia,Queensland,AU-QLD,630.1,687.76,15.16,15.16,opennem.org.au,false,
2023-02-06 21:00:00,Australia,Queensland,AU-QLD,511.18,565.65,31.96,31.96,opennem.org.au,false,
2023-02-06 22:00:00,Australia,Queensland,AU-QLD,455.74,509.54,39.35,39.35,opennem.org.au,false,
2023-02-06 23:00:00,Australia,Queensland,AU-QLD,411.15,464.34,45.25,45.25,opennem.org.au,false,
2023-02-07 00:00:00,Australia,Queensland,AU-QLD,402.08,455.19,46.48,46.48,opennem.org.au,false,
2023-02-07 01:00:00,Australia,Queensland,AU-QLD,388.46,441.37,48.3,48.3,opennem.org.au,false,
2023-02-07 02:00:00,Australia,Queensland,AU-QLD,389.22,442.14,48.2,48.2,opennem.org.au,false,
2023-02-07 03:00:00,Australia,Queensland,AU-QLD,396.3,449.43,47.2,47.2,opennem.org.au,false,
2023-02-07 04:00:00,Australia,Queensland,AU-QLD,425.63,480.3,42.53,42.53,opennem.org.au,false,
2023-02-07 05:00:00,Australia,Queensland,AU-QLD,437.15,493.52,39.8,39.8,opennem.org.au,false,
2023-02-07 06:00:00,Australia,Queensland,AU-QLD,466.64,524.2,35.11,35.11,opennem.org.au,false,
2023-02-07 07:00:00,Australia,Queensland,AU-QLD,534.84,595.35,24.71,24.71,opennem.org.au,false,
2023-02-07 08:00:00,Australia,Queensland,AU-QLD,605.05,667.92,13.9,13.9,opennem.org.au,false,
2023-02-07 09:00:00,Australia,Queensland,AU-QLD,628.65,691.81,10.61,10.61,opennem.org.au,false,
2023-02-07 10:00:00,Australia,Queensland,AU-QLD,630.21,692.94,10.66,10.66,opennem.org.au,false,
2023-02-07 11:00:00,Australia,Queensland,AU-QLD,642.87,703.48,10.74,10.74,opennem.org.au,false,
2023-02-07 12:00:00,Australia,Queensland,AU-QLD,661.81,719.99,10.37,10.37,opennem.org.au,false,
2023-02-07 13:00:00,Australia,Queensland,AU-QLD,670.42,728.47,9.65,9.65,opennem.org.au,false,
2023-02-07 14:00:00,Australia,Queensland,AU-QLD,675.53,734.04,8.91,8.91,opennem.org.au,false,
2023-02-07 15:00:00,Australia,Queensland,AU-QLD,674.13,732.15,9.34,9.34,opennem.org.au,false,
2023-02-07 16:00:00,Australia,Queensland,AU-QLD,670.12,727.84,9.87,9.87,opennem.org.au,false,
2023-02-07 17:00:00,Australia,Queensland,AU-QLD,680.27,738.75,8.49,8.49,opennem.org.au,false,
2023-02-07 18:00:00,Australia,Queensland,AU-QLD,675.52,733.96,8.96,8.96,opennem.org.au,false,
2023-02-07 19:00:00,Australia,Queensland,AU-QLD,674.05,733.32,8.62,8.62,opennem.org.au,false,
2023-02-07 20:00:00,Australia,Queensland,AU-QLD,626.61,683.58,16.0,16.0,opennem.org.au,false,
2023-02-07 21:00:00,Australia,Queensland,AU-QLD,505.49,559.52,32.74,32.74,opennem.org.au,false,
2023-02-07 22:00:00,Australia,Queensland,AU-QLD,420.24,472.53,44.05,44.05,opennem.org.au,false,
2023-02-07 23:00:00,Australia,Queensland,AU-QLD,374.52,426.06,50.09,50.09,opennem.org.au,false,
2023-02-08 00:00:00,Australia,Queensland,AU-QLD,373.53,425.36,50.24,50.24,opennem.org.au,false,
2023-02-08 01:00:00,Australia,Queensland,AU-QLD,365.05,416.94,51.36,51.36,opennem.org.au,false,
2023-02-08 02:00:00,Australia,Queensland,AU-QLD,357.55,409.47,52.35,52.35,opennem.org.au,false,
2023-02-08 03:00:00,Australia,Queensland,AU-QLD,379.4,431.7,49.48,49.48,opennem.org.au,false,
2023-02-08 04:00:00,Australia,Queensland,AU-QLD,396.36,448.98,47.19,47.19,opennem.org.au,false,
2023-02-08 05:00:00,Australia,Queensland,AU-QLD,424.28,478.12,42.79,42.79,opennem.org.au,false,
2023-02-08 06:00:00,Australia,Queensland,AU-QLD,483.65,540.14,33.69,33.69,opennem.org.au,false,
2023-02-08 07:00:00,Australia,Queensland,AU-QLD,536.26,595.73,24.92,24.92,opennem.org.au,false,
2023-02-08 08:00:00,Australia,Queensland,AU-QLD,608.76,670.09,14.19,14.19,opennem.org.au,false,
2023-02-08 09:00:00,Australia,Queensland,AU-QLD,624.73,687.02,11.49,11.49,opennem.org.au,false,
2023-02-08 10:00:00,Australia,Queensland,AU-QLD,631.99,695.03,10.37,10.37,opennem.org.au,false,
2023-02-08 11:00:00,Australia,Queensland,AU-QLD,653.23,713.37,10.12,10.12,opennem.org.au,false,
2023-02-08 12:00:00,Australia,Queensland,AU-QLD,673.63,732.32,8.98,8.98,opennem.org.au,false,
2023-02-08 13:00:00,Australia,Queensland,AU-QLD,686.35,745.31,7.62,7.62,opennem.org.au,false,
2023-02-08 14:00:00,Australia,Queensland,AU-QLD,686.34,745.66,7.42,7.42,opennem.org.au,false,
2023-02-08 15:00:00,Australia,Queensland,AU-QLD,685.22,744.58,7.5,7.5,opennem.org.au,false,
2023-02-08 16:00:00,Australia,Queensland,AU-QLD,677.97,736.12,8.9,8.9,opennem.org.au,false,
2023-02-08 17:00:00,Australia,Queensland,AU-QLD,686.23,744.94,7.8,7.8,opennem.org.au,false,
2023-02-08 18:00:00,Australia,Queensland,AU-QLD,684.21,744.93,6.79,6.79,opennem.org.au,false,
2023-02-08 19:00:00,Australia,Queensland,AU-QLD,677.37,737.84,7.58,7.58,opennem.org.au,false,
2023-02-08 20:00:00,Australia,Queensland,AU-QLD,637.75,696.82,13.29,13.29,opennem.org.au,false,
2023-02-08 21:00:00,Australia,Queensland,AU-QLD,549.79,607.18,25.17,25.17,opennem.org.au,false,
2023-02-08 22:00:00,Australia,Queensland,AU-QLD,472.17,526.9,36.26,36.26,opennem.org.au,false,
2023-02-08 23:00:00,Australia,Queensland,AU-QLD,448.75,503.26,39.39,39.39,opennem.org.au,false,
2023-02-09 00:00:00,Australia,Queensland,AU-QLD,443.94,498.64,40.06,40.06,opennem.org.au,false,
2023-02-09 01:00:00,Australia,Queensland,AU-QLD,429.43,483.97,42.05,42.05,opennem.org.au,false,
2023-02-09 02:00:00,Australia,Queensland,AU-QLD,418.22,472.72,43.52,43.52,opennem.org.au,false,
2023-02-09 03:00:00,Australia,Queensland,AU-QLD,415.92,470.57,43.8,43.8,opennem.org.au,false,
2023-02-09 04:00:00,Australia,Queensland,AU-QLD,434.22,489.24,41.33,41.33,opennem.org.au,false,
2023-02-09 05:00:00,Australia,Queensland,AU-QLD,465.65,522.06,36.21,36.21,opennem.org.au,false,
2023-02-09 06:00:00,Australia,Queensland,AU-QLD,513.93,573.36,28.02,28.02,opennem.org.au,false,
2023-02-09 07:00:00,Australia,Queensland,AU-QLD,582.83,644.17,18.22,18.22,opennem.org.au,false,
2023-02-09 08:00:00,Australia,Queensland,AU-QLD,625.92,687.82,12.09,12.09,opennem.org.au,false,
2023-02-09 09:00:00,Australia,Queensland,AU-QLD,642.23,703.98,10.09,10.09,opennem.org.au,false,
2023-02-09 10:00:00,Australia,Queensland,AU-QLD,652.85,715.23,8.78,8.78,opennem.org.au,false,
2023-02-09 11:00:00,Australia,Queensland,AU-QLD,675.28,734.61,8.56,8.56,opennem.org.au,false,
2023-02-09 12:00:00,Australia,Queensland,AU-QLD,692.67,753.17,6.16,6.16,opennem.org.au,false,
2023-02-09 13:00:00,Australia,Queensland,AU-QLD,698.21,759.13,5.4,5.4,opennem.org.au,false,
2023-02-09 14:00:00,Australia,Queensland,AU-QLD,689.84,750.52,6.34,6.34,opennem.org.au,false,
2023-02-09 15:00:00,Australia,Queensland,AU-QLD,679.86,740.0,7.61,7.61,opennem.org.au,false,
2023-02-09 16:00:00,Australia,Queensland,AU-QLD,671.16,730.63,8.8,8.8,opennem.org.au,false,
2023-02-09 17:00:00,Australia,Queensland,AU-QLD,687.38,747.88,6.57,6.57,opennem.org.au,false,
2023-02-09 18:00:00,Australia,Queensland,AU-QLD,692.94,753.91,5.76,5.76,opennem.org.au,false,
2023-02-09 19:00:00,Australia,Queensland,AU-QLD,687.83,748.64,6.36,6.36,opennem.org.au,false,
2023-02-09 20:00:00,Australia,Queensland,AU-QLD,624.85,683.9,15.34,15.34,opennem.org.au,false,
2023-02-09 21:00:00,Australia,Queensland,AU-QLD,512.75,567.85,31.79,31.79,opennem.org.au,false,
2023-02-09 22:00:00,Australia,Queensland,AU-QLD,431.99,485.65,42.46,42.46,opennem.org.au,false,
2023-02-09 23:00:00,Australia,Queensland,AU-QLD,370.08,422.71,50.69,50.69,opennem.org.au,false,
2023-02-10 00:00:00,Australia,Queensland,AU-QLD,347.64,400.2,53.62,53.62,opennem.org.au,false,
2023-02-10 01:00:00,Australia,Queensland,AU-QLD,341.29,393.56,54.47,54.47,opennem.org.au,false,
2023-02-10 02:00:00,Australia,Queensland,AU-QLD,348.85,401.11,53.5,53.5,opennem.org.au,false,
2023-02-10 03:00:00,Australia,Queensland,AU-QLD,367.76,420.26,50.98,50.98,Electricity Maps Estimation,true,ESTIMATED_TIME_SLICER_AVERAGE
2023-02-10 04:00:00,Australia,Queensland,AU-QLD,377.34,429.94,49.72,49.72,opennem.org.au; Electricity Maps Estimation,false,
2023-02-10 05:00:00,Australia,Queensland,AU-QLD,402.26,455.59,46.16,46.16,opennem.org.au,false,
2023-02-10 06:00:00,Australia,Queensland,AU-QLD,453.84,508.71,38.91,38.91,opennem.org.au,false,
2023-02-10 07:00:00,Australia,Queensland,AU-QLD,526.71,584.36,28.13,28.13,opennem.org.au,false,
2023-02-10 08:00:00,Australia,Queensland,AU-QLD,636.45,695.65,13.3,13.3,opennem.org.au,false,
2023-02-10 09:00:00,Australia,Queensland,AU-QLD,651.0,710.15,11.17,11.17,opennem.org.au,false,
2023-02-10 10:00:00,Australia,Queensland,AU-QLD,670.79,731.58,8.11,8.11,opennem.org.au,false,
2023-02-10 11:00:00,Australia,Queensland,AU-QLD,665.21,727.47,7.77,7.77,opennem.org.au,false,
2023-02-10 12:00:00,Australia,Queensland,AU-QLD,676.84,738.92,6.75,6.75,opennem.org.au,false,
2023-02-10 13:00:00,Australia,Queensland,AU-QLD,701.31,762.19,5.13,5.13,opennem.org.au,false,
2023-02-10 14:00:00,Australia,Queensland,AU-QLD,709.99,771.4,3.92,3.92,opennem.org.au,false,
2023-02-10 15:00:00,Australia,Queensland,AU-QLD,712.34,773.71,3.73,3.73,opennem.org.au,false,
2023-02-10 16:00:00,Australia,Queensland,AU-QLD,719.29,780.37,3.26,3.26,opennem.org.au,false,
2023-02-10 17:00:00,Australia,Queensland,AU-QLD,717.71,778.44,3.62,3.62,opennem.org.au,false,
2023-02-10 18:00:00,Australia,Queensland,AU-QLD,719.81,780.67,3.35,3.35,opennem.org.au,false,
2023-02-10 19:00:00,Australia,Queensland,AU-QLD,719.94,780.74,3.38,3.38,opennem.org.au,false,
2023-02-10 20:00:00,Australia,Queensland,AU-QLD,645.94,705.06,13.4,13.4,opennem.org.au,false,
2023-02-10 21:00:00,Australia,Queensland,AU-QLD,471.24,526.11,37.18,37.18,opennem.org.au,false,
2023-02-10 22:00:00,Australia,Queensland,AU-QLD,417.84,471.77,44.28,44.28,opennem.org.au,false,
2023-02-10 23:00:00,Australia,Queensland,AU-QLD,373.25,426.41,50.19,50.19,opennem.org.au,false,
2023-02-11 00:00:00,Australia,Queensland,AU-QLD,344.0,396.52,54.06,54.06,opennem.org.au,false,
2023-02-11 01:00:00,Australia,Queensland,AU-QLD,344.17,396.58,54.04,54.04,opennem.org.au,false,
2023-02-11 02:00:00,Australia,Queensland,AU-QLD,338.38,390.2,54.86,54.86,opennem.org.au,false,
2023-02-11 03:00:00,Australia,Queensland,AU-QLD,305.19,356.03,59.25,59.25,opennem.org.au,false,
2023-02-11 04:00:00,Australia,Queensland,AU-QLD,312.12,363.08,58.33,58.33,opennem.org.au,false,
2023-02-11 05:00:00,Australia,Queensland,AU-QLD,348.53,400.36,53.25,53.25,opennem.org.au,false,
2023-02-11 06:00:00,Australia,Queensland,AU-QLD,396.53,450.9,45.84,45.84,opennem.org.au,false,
2023-02-11 07:00:00,Australia,Queensland,AU-QLD,507.35,564.67,30.43,30.43,opennem.org.au,false,
2023-02-11 08:00:00,Australia,Queensland,AU-QLD,621.18,682.41,13.39,13.39,opennem.org.au,false,
2023-02-11 09:00:00,Australia,Queensland,AU-QLD,653.88,717.34,8.18,8.18,opennem.org.au,false,
2023-02-11 10:00:00,Australia,Queensland,AU-QLD,661.96,723.68,8.25,8.25,opennem.org.au,false,
2023-02-11 11:00:00,Australia,Queensland,AU-QLD,673.7,734.02,8.11,8.11,opennem.org.au,false,
2023-02-11 12:00:00,Australia,Queensland,AU-QLD,677.73,737.0,8.37,8.37,opennem.org.au,false,
2023-02-11 13:00:00,Australia,Queensland,AU-QLD,683.51,742.12,8.16,8.16,opennem.org.au,false,
2023-02-11 14:00:00,Australia,Queensland,AU-QLD,679.75,738.25,8.58,8.58,opennem.org.au,false,
2023-02-11 15:00:00,Australia,Queensland,AU-QLD,676.22,734.25,9.2,9.2,opennem.org.au,false,
2023-02-11 16:00:00,Australia,Queensland,AU-QLD,671.61,729.41,9.77,9.77,opennem.org.au,false,
2023-02-11 17:00:00,Australia,Queensland,AU-QLD,677.0,735.12,9.08,9.08,opennem.org.au,false,
2023-02-11 18:00:00,Australia,Queensland,AU-QLD,687.73,746.31,7.69,7.69,opennem.org.au,false,
2023-02-11 19:00:00,Australia,Queensland,AU-QLD,690.49,749.24,7.34,7.34,opennem.org.au,false,
2023-02-11 20:00:00,Australia,Queensland,AU-QLD,631.7,689.57,15.27,15.27,opennem.org.au,false,
2023-02-11 21:00:00,Australia,Queensland,AU-QLD,483.43,537.95,35.52,35.52,opennem.org.au,false,
2023-02-11 22:00:00,Australia,Queensland,AU-QLD,399.12,452.16,46.74,46.74,opennem.org.au,false,
2023-02-11 23:00:00,Australia,Queensland,AU-QLD,336.31,388.09,55.07,55.07,opennem.org.au,false,
2023-02-12 00:00:00,Australia,Queensland,AU-QLD,315.2,366.53,57.88,57.88,opennem.org.au,false,
2023-02-12 01:00:00,Australia,Queensland,AU-QLD,301.86,352.89,59.68,59.68,opennem.org.au,false,
2023-02-12 02:00:00,Australia,Queensland,AU-QLD,299.82,350.39,59.97,59.97,opennem.org.au,false,
2023-02-12 03:00:00,Australia,Queensland,AU-QLD,310.67,362.45,57.9,57.9,opennem.org.au,false,
2023-02-12 04:00:00,Australia,Queensland,AU-QLD,345.23,398.51,52.64,52.64,Electricity Maps Estimation,true,ESTIMATED_TIME_SLICER_AVERAGE
2023-02-12 05:00:00,Australia,Queensland,AU-QLD,362.86,416.91,49.95,49.95,opennem.org.au; Electricity Maps Estimation,false,
2023-02-12 06:00:00,Australia,Queensland,AU-QLD,425.2,481.3,40.88,40.88,opennem.org.au,false,
2023-02-12 07:00:00,Australia,Queensland,AU-QLD,509.59,571.51,26.41,26.41,opennem.org.au,false,
2023-02-12 08:00:00,Australia,Queensland,AU-QLD,593.66,660.93,12.62,12.62,opennem.org.au,false,
2023-02-12 09:00:00,Australia,Queensland,AU-QLD,627.44,696.18,7.71,7.71,opennem.org.au,false,
2023-02-12 10:00:00,Australia,Queensland,AU-QLD,637.75,705.86,6.71,6.71,opennem.org.au,false,
2023-02-12 11:00:00,Australia,Queensland,AU-QLD,661.37,727.14,5.83,5.83,opennem.org.au,false,
2023-02-12 12:00:00,Australia,Queensland,AU-QLD,669.17,731.71,7.03,7.03,opennem.org.au,false,
2023-02-12 13:00:00,Australia,Queensland,AU-QLD,672.16,732.95,7.81,7.81,opennem.org.au,false,
2023-02-12 14:00:00,Australia,Queensland,AU-QLD,666.98,727.65,8.37,8.37,opennem.org.au,false,
2023-02-12 15:00:00,Australia,Queensland,AU-QLD,676.64,736.32,8.09,8.09,opennem.org.au,false,
2023-02-12 16:00:00,Australia,Queensland,AU-QLD,695.13,755.9,5.72,5.72,opennem.org.au,false,
2023-02-12 17:00:00,Australia,Queensland,AU-QLD,709.7,771.52,3.74,3.74,opennem.org.au,false,
2023-02-12 18:00:00,Australia,Queensland,AU-QLD,703.16,764.55,4.62,4.62,opennem.org.au,false,
2023-02-12 19:00:00,Australia,Queensland,AU-QLD,703.48,764.37,4.86,4.86,opennem.org.au,false,
2023-02-12 20:00:00,Australia,Queensland,AU-QLD,650.43,709.45,12.73,12.73,opennem.org.au,false,
2023-02-12 21:00:00,Australia,Queensland,AU-QLD,514.77,570.44,31.56,31.56,opennem.org.au,false,
2023-02-12 22:00:00,Australia,Queensland,AU-QLD,442.87,497.21,41.1,41.1,opennem.org.au,false,
2023-02-12 23:00:00,Australia,Queensland,AU-QLD,404.55,457.98,46.19,46.19,opennem.org.au,false,
2023-02-13 00:00:00,Australia,Queensland,AU-QLD,408.44,462.63,45.13,45.13,Electricity Maps Estimation,true,ESTIMATED_TIME_SLICER_AVERAGE
2023-02-13 01:00:00,Australia,Queensland,AU-QLD,399.67,454.33,45.85,45.85,Electricity Maps Estimation,true,ESTIMATED_TIME_SLICER_AVERAGE
2023-02-13 02:00:00,Australia,Queensland,AU-QLD,401.4,456.49,45.31,45.31,Electricity Maps Estimation,true,ESTIMATED_TIME_SLICER_AVERAGE
2023-02-13 03:00:00,Australia,Queensland,AU-QLD,408.66,464.58,43.76,43.76,Electricity Maps Estimation,true,ESTIMATED_TIME_SLICER_AVERAGE
2023-02-13 04:00:00,Australia,Queensland,AU-QLD,423.62,480.81,40.98,40.98,Electricity Maps Estimation,true,ESTIMATED_TIME_SLICER_AVERAGE
2023-02-13 05:00:00,Australia,Queensland,AU-QLD,425.52,483.08,40.47,40.47,opennem.org.au; Electricity Maps Estimation,false,
2023-02-13 06:00:00,Australia,Queensland,AU-QLD,452.78,512.23,35.83,35.83,opennem.org.au,false,
2023-02-13 07:00:00,Australia,Queensland,AU-QLD,523.09,587.74,23.95,23.95,opennem.org.au,false,
2023-02-13 08:00:00,Australia,Queensland,AU-QLD,606.19,678.65,8.8,8.8,opennem.org.au,false,
2023-02-13 09:00:00,Australia,Queensland,AU-QLD,626.77,698.47,6.53,6.53,opennem.org.au,false,
2023-02-13 10:00:00,Australia,Queensland,AU-QLD,623.32,690.52,8.62,8.62,opennem.org.au,false,
2023-02-13 11:00:00,Australia,Queensland,AU-QLD,647.11,711.34,8.12,8.12,opennem.org.au,false,
2023-02-13 12:00:00,Australia,Queensland,AU-QLD,663.36,725.88,7.56,7.56,opennem.org.au,false,
2023-02-13 13:00:00,Australia,Queensland,AU-QLD,673.66,734.06,7.87,7.87,opennem.org.au,false,
2023-02-13 14:00:00,Australia,Queensland,AU-QLD,675.56,735.54,7.96,7.96,opennem.org.au,false,
2023-02-13 15:00:00,Australia,Queensland,AU-QLD,681.95,740.24,8.4,8.4,opennem.org.au,false,
2023-02-13 16:00:00,Australia,Queensland,AU-QLD,680.63,738.76,8.63,8.63,opennem.org.au,false,
2023-02-13 17:00:00,Australia,Queensland,AU-QLD,672.97,730.54,9.66,9.66,opennem.org.au,false,
2023-02-13 18:00:00,Australia,Queensland,AU-QLD,674.71,732.43,9.41,9.41,opennem.org.au,false,
2023-02-13 19:00:00,Australia,Queensland,AU-QLD,672.98,731.92,8.88,8.88,opennem.org.au,false,
2023-02-13 20:00:00,Australia,Queensland,AU-QLD,645.03,702.76,13.23,13.23,opennem.org.au,false,
2023-02-13 21:00:00,Australia,Queensland,AU-QLD,559.89,614.91,25.58,25.58,opennem.org.au,false,
2023-02-13 22:00:00,Australia,Queensland,AU-QLD,490.6,544.64,34.78,34.78,opennem.org.au,false,
2023-02-13 23:00:00,Australia,Queensland,AU-QLD,462.27,516.02,38.51,38.51,opennem.org.au,false,
2023-02-14 00:00:00,Australia,Queensland,AU-QLD,436.35,489.8,41.94,41.94,opennem.org.au,false,
2023-02-14 01:00:00,Australia,Queensland,AU-QLD,436.55,490.43,41.91,41.91,opennem.org.au,false,
2023-02-14 02:00:00,Australia,Queensland,AU-QLD,426.2,480.03,43.25,43.25,opennem.org.au,false,
2023-02-14 03:00:00,Australia,Queensland,AU-QLD,454.17,508.89,39.32,39.32,opennem.org.au,false,
2023-02-14 04:00:00,Australia,Queensland,AU-QLD,475.04,530.68,35.62,35.62,opennem.org.au,false,
2023-02-14 05:00:00,Australia,Queensland,AU-QLD,522.35,581.2,27.73,27.73,opennem.org.au,false,
2023-02-14 06:00:00,Australia,Queensland,AU-QLD,550.12,608.75,24.33,24.33,opennem.org.au,false,
2023-02-14 07:00:00,Australia,Queensland,AU-QLD,585.67,646.6,18.12,18.12,opennem.org.au,false,
2023-02-14 08:00:00,Australia,Queensland,AU-QLD,629.07,691.88,11.11,11.11,opennem.org.au,false,
2023-02-14 09:00:00,Australia,Queensland,AU-QLD,642.75,706.14,9.12,9.12,opennem.org.au,false,
2023-02-14 10:00:00,Australia,Queensland,AU-QLD,646.72,708.91,9.48,9.48,opennem.org.au,false,
2023-02-14 11:00:00,Australia,Queensland,AU-QLD,667.74,730.2,7.18,7.18,opennem.org.au,false,
2023-02-14 12:00:00,Australia,Queensland,AU-QLD,691.08,754.53,4.42,4.42,opennem.org.au,false,
2023-02-14 13:00:00,Australia,Queensland,AU-QLD,701.36,762.62,4.79,4.79,opennem.org.au,false,
2023-02-14 14:00:00,Australia,Queensland,AU-QLD,686.19,744.54,7.96,7.96,opennem.org.au,false,
2023-02-14 15:00:00,Australia,Queensland,AU-QLD,677.63,735.48,9.06,9.06,opennem.org.au,false,
2023-02-14 16:00:00,Australia,Queensland,AU-QLD,680.69,738.74,8.65,8.65,opennem.org.au,false,
2023-02-14 17:00:00,Australia,Queensland,AU-QLD,680.07,738.07,8.74,8.74,opennem.org.au,false,
2023-02-14 18:00:00,Australia,Queensland,AU-QLD,681.09,739.14,8.61,8.61,opennem.org.au,false,
2023-02-14 19:00:00,Australia,Queensland,AU-QLD,680.62,739.64,8.14,8.14,opennem.org.au,false,
2023-02-14 20:00:00,Australia,Queensland,AU-QLD,640.33,697.88,13.89,13.89,opennem.org.au,false,
2023-02-14 21:00:00,Australia,Queensland,AU-QLD,520.31,574.36,30.79,30.79,opennem.org.au,false,
2023-02-14 22:00:00,Australia,Queensland,AU-QLD,449.9,502.92,40.1,40.1,opennem.org.au,false,
2023-02-14 23:00:00,Australia,Queensland,AU-QLD,393.66,445.72,47.5,47.5,opennem.org.au,false,
2023-02-15 00:00:00,Australia,Queensland,AU-QLD,376.29,428.25,49.8,49.8,opennem.org.au,false,
2023-02-15 01:00:00,Australia,Queensland,AU-QLD,356.18,407.79,52.47,52.47,opennem.org.au,false,
2023-02-15 02:00:00,Australia,Queensland,AU-QLD,381.04,433.46,49.24,49.24,opennem.org.au,false,
2023-02-15 03:00:00,Australia,Queensland,AU-QLD,395.18,447.71,47.37,47.37,opennem.org.au,false,
2023-02-15 04:00:00,Australia,Queensland,AU-QLD,416.17,469.28,44.46,44.46,opennem.org.au,false,
2023-02-15 05:00:00,Australia,Queensland,AU-QLD,440.93,496.77,39.58,39.58,opennem.org.au,false,
2023-02-15 06:00:00,Australia,Queensland,AU-QLD,516.5,575.48,28.29,28.29,opennem.org.au,false,
2023-02-15 07:00:00,Australia,Queensland,AU-QLD,565.72,626.26,20.84,20.84,opennem.org.au,false,
2023-02-15 08:00:00,Australia,Queensland,AU-QLD,622.29,684.56,12.1,12.1,opennem.org.au,false,
2023-02-15 09:00:00,Australia,Queensland,AU-QLD,638.36,701.87,9.32,9.32,opennem.org.au,false,
2023-02-15 10:00:00,Australia,Queensland,AU-QLD,648.66,711.87,8.5,8.5,opennem.org.au,false,
2023-02-15 11:00:00,Australia,Queensland,AU-QLD,660.54,722.22,8.32,8.32,opennem.org.au,false,
2023-02-15 12:00:00,Australia,Queensland,AU-QLD,658.21,714.75,11.82,11.82,opennem.org.au,false,
2023-02-15 13:00:00,Australia,Queensland,AU-QLD,655.21,710.35,12.95,12.95,opennem.org.au,false,
2023-02-15 14:00:00,Australia,Queensland,AU-QLD,647.2,701.95,13.94,13.94,opennem.org.au,false,
2023-02-15 15:00:00,Australia,Queensland,AU-QLD,644.26,698.87,14.31,14.31,opennem.org.au,false,
2023-02-15 16:00:00,Australia,Queensland,AU-QLD,644.98,699.66,14.21,14.21,opennem.org.au,false,
2023-02-15 17:00:00,Australia,Queensland,AU-QLD,663.44,719.26,11.62,11.62,opennem.org.au,false,
2023-02-15 18:00:00,Australia,Queensland,AU-QLD,665.71,721.75,11.27,11.27,opennem.org.au,false,
2023-02-15 19:00:00,Australia,Queensland,AU-QLD,654.24,709.83,12.82,12.82,opennem.org.au,false,
2023-02-15 20:00:00,Australia,Queensland,AU-QLD,615.41,670.57,18.04,18.04,opennem.org.au,false,
2023-02-15 21:00:00,Australia,Queensland,AU-QLD,527.24,582.1,29.8,29.8,opennem.org.au,false,
2023-02-15 22:00:00,Australia,Queensland,AU-QLD,457.57,511.37,39.1,39.1,opennem.org.au,false,
2023-02-15 23:00:00,Australia,Queensland,AU-QLD,395.91,448.62,47.25,47.25,opennem.org.au,false,
2023-02-16 00:00:00,Australia,Queensland,AU-QLD,374.84,427.2,50.03,50.03,opennem.org.au,false,
2023-02-16 01:00:00,Australia,Queensland,AU-QLD,363.11,415.26,51.59,51.59,opennem.org.au,false,
2023-02-16 02:00:00,Australia,Queensland,AU-QLD,375.29,427.74,50.02,50.02,opennem.org.au,false,
2023-02-16 03:00:00,Australia,Queensland,AU-QLD,378.47,430.83,49.58,49.58,opennem.org.au,false,
2023-02-16 04:00:00,Australia,Queensland,AU-QLD,402.6,456.81,45.54,45.54,opennem.org.au,false,
2023-02-16 05:00:00,Australia,Queensland,AU-QLD,438.65,494.59,39.97,39.97,opennem.org.au,false,
2023-02-16 06:00:00,Australia,Queensland,AU-QLD,482.01,540.95,32.46,32.46,opennem.org.au,false,
2023-02-16 07:00:00,Australia,Queensland,AU-QLD,541.53,603.8,22.36,22.36,opennem.org.au,false,
2023-02-16 08:00:00,Australia,Queensland,AU-QLD,606.53,672.77,11.3,11.3,opennem.org.au,false,
2023-02-16 09:00:00,Australia,Queensland,AU-QLD,633.12,698.57,8.76,8.76,opennem.org.au,false,
2023-02-16 10:00:00,Australia,Queensland,AU-QLD,632.48,695.38,10.37,10.37,opennem.org.au,false,
2023-02-16 11:00:00,Australia,Queensland,AU-QLD,645.47,705.79,10.6,10.6,opennem.org.au,false,
2023-02-16 12:00:00,Australia,Queensland,AU-QLD,660.01,719.9,9.5,9.5,opennem.org.au,false,
2023-02-16 13:00:00,Australia,Queensland,AU-QLD,666.09,724.6,9.77,9.77,opennem.org.au,false,
2023-02-16 14:00:00,Australia,Queensland,AU-QLD,662.62,720.96,10.18,10.18,opennem.org.au,false,
2023-02-16 15:00:00,Australia,Queensland,AU-QLD,662.66,720.99,10.17,10.17,opennem.org.au,false,
2023-02-16 16:00:00,Australia,Queensland,AU-QLD,655.37,713.25,11.11,11.11,opennem.org.au,false,
2023-02-16 17:00:00,Australia,Queensland,AU-QLD,657.4,715.39,10.85,10.85,opennem.org.au,false,
2023-02-16 18:00:00,Australia,Queensland,AU-QLD,663.23,721.99,9.84,9.84,opennem.org.au,false,
2023-02-16 19:00:00,Australia,Queensland,AU-QLD,669.94,729.84,8.54,8.54,opennem.org.au,false,
2023-02-16 20:00:00,Australia,Queensland,AU-QLD,625.1,683.03,15.56,15.56,opennem.org.au,false,
2023-02-16 21:00:00,Australia,Queensland,AU-QLD,520.08,575.5,30.38,30.38,opennem.org.au,false,
2023-02-16 22:00:00,Australia,Queensland,AU-QLD,436.72,490.22,41.84,41.84,opennem.org.au,false,
2023-02-16 23:00:00,Australia,Queensland,AU-QLD,386.0,438.7,48.55,48.55,opennem.org.au,false,
2023-02-17 00:00:00,Australia,Queensland,AU-QLD,356.92,409.13,52.4,52.4,opennem.org.au,false,
2023-02-17 01:00:00,Australia,Queensland,AU-QLD,356.42,408.7,52.49,52.49,opennem.org.au,false,
2023-02-17 02:00:00,Australia,Queensland,AU-QLD,355.75,407.93,52.58,52.58,opennem.org.au,false,
2023-02-17 03:00:00,Australia,Queensland,AU-QLD,355.4,407.6,52.62,52.62,opennem.org.au,false,
2023-02-17 04:00:00,Australia,Queensland,AU-QLD,399.47,453.01,46.43,46.43,opennem.org.au,false,
2023-02-17 05:00:00,Australia,Queensland,AU-QLD,463.45,519.39,36.97,36.97,opennem.org.au,false,
2023-02-17 06:00:00,Australia,Queensland,AU-QLD,516.33,575.61,28.01,28.01,opennem.org.au,false,
2023-02-17 07:00:00,Australia,Queensland,AU-QLD,586.41,648.28,17.46,17.46,opennem.org.au,false,
2023-02-17 08:00:00,Australia,Queensland,AU-QLD,641.22,704.73,9.6,9.6,opennem.org.au,false,
2023-02-17 09:00:00,Australia,Queensland,AU-QLD,650.41,715.22,7.68,7.68,opennem.org.au,false,
2023-02-17 10:00:00,Australia,Queensland,AU-QLD,649.29,714.3,7.76,7.76,opennem.org.au,false,
2023-02-17 11:00:00,Australia,Queensland,AU-QLD,647.99,712.45,8.25,8.25,opennem.org.au,false,
2023-02-17 12:00:00,Australia,Queensland,AU-QLD,654.93,716.48,9.39,9.39,opennem.org.au,false,
2023-02-17 13:00:00,Australia,Queensland,AU-QLD,666.01,725.13,9.86,9.86,opennem.org.au,false,
2023-02-17 14:00:00,Australia,Queensland,AU-QLD,662.07,720.47,10.69,10.69,opennem.org.au,false,
2023-02-17 15:00:00,Australia,Queensland,AU-QLD,684.72,744.28,7.93,7.93,opennem.org.au,false,
2023-02-17 16:00:00,Australia,Queensland,AU-QLD,686.39,745.72,7.94,7.94,opennem.org.au,false,
2023-02-17 17:00:00,Australia,Queensland,AU-QLD,680.68,740.43,8.2,8.2,opennem.org.au,false,
2023-02-17 18:00:00,Australia,Queensland,AU-QLD,691.25,751.88,6.63,6.63,opennem.org.au,false,
2023-02-17 19:00:00,Australia,Queensland,AU-QLD,703.2,764.8,4.78,4.78,opennem.org.au,false,
2023-02-17 20:00:00,Australia,Queensland,AU-QLD,659.32,719.19,11.49,11.49,opennem.org.au,false,
2023-02-17 21:00:00,Australia,Queensland,AU-QLD,532.96,589.24,29.05,29.05,opennem.org.au,false,
2023-02-17 22:00:00,Australia,Queensland,AU-QLD,442.19,496.47,41.07,41.07,opennem.org.au,false,
2023-02-17 23:00:00,Australia,Queensland,AU-QLD,376.9,429.82,49.7,49.7,opennem.org.au,false,
2023-02-18 00:00:00,Australia,Queensland,AU-QLD,366.63,419.52,51.08,51.08,opennem.org.au,false,
2023-02-18 01:00:00,Australia,Queensland,AU-QLD,365.54,418.42,51.25,51.25,opennem.org.au,false,
2023-02-18 02:00:00,Australia,Queensland,AU-QLD,359.49,412.22,52.05,52.05,opennem.org.au,false,
2023-02-18 03:00:00,Australia,Queensland,AU-QLD,375.07,428.0,50.03,50.03,opennem.org.au,false,
2023-02-18 04:00:00,Australia,Queensland,AU-QLD,398.13,451.67,46.95,46.95,opennem.org.au,false,
2023-02-18 05:00:00,Australia,Queensland,AU-QLD,418.88,475.02,42.53,42.53,opennem.org.au,false,
2023-02-18 06:00:00,Australia,Queensland,AU-QLD,471.26,530.83,33.68,33.68,opennem.org.au,false,
2023-02-18 07:00:00,Australia,Queensland,AU-QLD,560.38,623.31,20.4,20.4,opennem.org.au,false,
2023-02-18 08:00:00,Australia,Queensland,AU-QLD,637.86,702.47,9.58,9.58,opennem.org.au,false,
2023-02-18 09:00:00,Australia,Queensland,AU-QLD,646.76,709.8,9.26,9.26,opennem.org.au,false,
2023-02-18 10:00:00,Australia,Queensland,AU-QLD,641.31,704.38,9.83,9.83,opennem.org.au,false,
2023-02-18 11:00:00,Australia,Queensland,AU-QLD,644.61,706.79,9.98,9.98,opennem.org.au,false,
2023-02-18 12:00:00,Australia,Queensland,AU-QLD,655.38,715.1,10.46,10.46,opennem.org.au,false,
2023-02-18 13:00:00,Australia,Queensland,AU-QLD,659.7,718.49,10.61,10.61,opennem.org.au,false,
2023-02-18 14:00:00,Australia,Queensland,AU-QLD,658.89,716.6,11.31,11.31,opennem.org.au,false,
2023-02-18 15:00:00,Australia,Queensland,AU-QLD,663.3,721.48,10.68,10.68,opennem.org.au,false,
2023-02-18 16:00:00,Australia,Queensland,AU-QLD,679.45,738.58,8.56,8.56,opennem.org.au,false,
2023-02-18 17:00:00,Australia,Queensland,AU-QLD,693.48,753.36,6.68,6.68,opennem.org.au,false,
2023-02-18 18:00:00,Australia,Queensland,AU-QLD,690.16,750.28,6.9,6.9,opennem.org.au,false,
2023-02-18 19:00:00,Australia,Queensland,AU-QLD,699.78,761.34,5.19,5.19,opennem.org.au,false,
2023-02-18 20:00:00,Australia,Queensland,AU-QLD,662.37,722.49,10.84,10.84,opennem.org.au,false,
2023-02-18 21:00:00,Australia,Queensland,AU-QLD,513.96,569.81,31.51,31.51,opennem.org.au,false,
2023-02-18 22:00:00,Australia,Queensland,AU-QLD,420.59,474.46,43.92,43.92,opennem.org.au,false,
2023-02-18 23:00:00,Australia,Queensland,AU-QLD,376.45,429.35,49.81,49.81,opennem.org.au,false,
2023-02-19 00:00:00,Australia,Queensland,AU-QLD,356.12,408.77,52.49,52.49,opennem.org.au,false,
2023-02-19 01:00:00,Australia,Queensland,AU-QLD,346.01,398.49,53.85,53.85,opennem.org.au,false,
2023-02-19 02:00:00,Australia,Queensland,AU-QLD,341.98,394.34,54.38,54.38,opennem.org.au,false,
2023-02-19 03:00:00,Australia,Queensland,AU-QLD,366.28,418.81,51.2,51.2,opennem.org.au,false,
2023-02-19 04:00:00,Australia,Queensland,AU-QLD,407.02,460.36,45.79,45.79,opennem.org.au,false,
2023-02-19 05:00:00,Australia,Queensland,AU-QLD,468.06,523.49,36.91,36.91,opennem.org.au,false,
2023-02-19 06:00:00,Australia,Queensland,AU-QLD,517.63,574.54,29.26,29.26,opennem.org.au,false,
2023-02-19 07:00:00,Australia,Queensland,AU-QLD,575.34,637.05,18.93,18.93,opennem.org.au,false,
2023-02-19 08:00:00,Australia,Queensland,AU-QLD,618.76,682.26,12.09,12.09,opennem.org.au,false,
2023-02-19 09:00:00,Australia,Queensland,AU-QLD,635.96,700.1,9.67,9.67,opennem.org.au,false,
2023-02-19 10:00:00,Australia,Queensland,AU-QLD,651.84,716.96,7.59,7.59,opennem.org.au,false,
2023-02-19 11:00:00,Australia,Queensland,AU-QLD,655.78,719.47,8.0,8.0,opennem.org.au,false,
2023-02-19 12:00:00,Australia,Queensland,AU-QLD,683.44,744.32,7.14,7.14,opennem.org.au,false,
2023-02-19 13:00:00,Australia,Queensland,AU-QLD,695.16,756.01,5.95,5.95,opennem.org.au,false,
2023-02-19 14:00:00,Australia,Queensland,AU-QLD,687.73,747.78,7.16,7.16,opennem.org.au,false,
2023-02-19 15:00:00,Australia,Queensland,AU-QLD,691.89,752.19,6.68,6.68,opennem.org.au,false,
2023-02-19 16:00:00,Australia,Queensland,AU-QLD,698.72,759.12,6.01,6.01,opennem.org.au,false,
2023-02-19 17:00:00,Australia,Queensland,AU-QLD,697.43,757.75,6.18,6.18,opennem.org.au,false,
2023-02-19 18:00:00,Australia,Queensland,AU-QLD,693.92,754.25,6.44,6.44,opennem.org.au,false,
2023-02-19 19:00:00,Australia,Queensland,AU-QLD,681.0,742.01,6.9,6.9,opennem.org.au,false,
2023-02-19 20:00:00,Australia,Queensland,AU-QLD,663.09,723.4,9.72,9.72,opennem.org.au,false,
2023-02-19 21:00:00,Australia,Queensland,AU-QLD,590.02,647.63,20.69,20.69,opennem.org.au,false,
2023-02-19 22:00:00,Australia,Queensland,AU-QLD,511.05,565.96,32.04,32.04,opennem.org.au,false,
2023-02-19 23:00:00,Australia,Queensland,AU-QLD,457.56,511.3,39.12,39.12,opennem.org.au,false,
2023-02-20 00:00:00,Australia,Queensland,AU-QLD,431.67,484.89,42.55,42.55,opennem.org.au,false,
2023-02-20 01:00:00,Australia,Queensland,AU-QLD,429.62,482.95,42.84,42.84,opennem.org.au,false,
2023-02-20 02:00:00,Australia,Queensland,AU-QLD,438.64,492.23,41.65,41.65,opennem.org.au,false,
2023-02-20 03:00:00,Australia,Queensland,AU-QLD,424.7,477.97,43.18,43.18,opennem.org.au,false,
2023-02-20 04:00:00,Australia,Queensland,AU-QLD,442.18,496.65,40.2,40.2,opennem.org.au,false,
2023-02-20 05:00:00,Australia,Queensland,AU-QLD,474.4,531.34,34.15,34.15,opennem.org.au,false,
2023-02-20 06:00:00,Australia,Queensland,AU-QLD,522.16,583.07,25.3,25.3,opennem.org.au,false,
2023-02-20 07:00:00,Australia,Queensland,AU-QLD,576.35,640.48,16.44,16.44,opennem.org.au,false,
2023-02-20 08:00:00,Australia,Queensland,AU-QLD,612.59,679.59,10.04,10.04,opennem.org.au,false,
2023-02-20 09:00:00,Australia,Queensland,AU-QLD,622.84,690.1,8.64,8.64,opennem.org.au,false,
2023-02-20 10:00:00,Australia,Queensland,AU-QLD,631.88,696.53,9.39,9.39,opennem.org.au,false,
2023-02-20 11:00:00,Australia,Queensland,AU-QLD,654.69,717.35,8.31,8.31,opennem.org.au,false,
2023-02-20 12:00:00,Australia,Queensland,AU-QLD,666.05,725.6,9.14,9.14,opennem.org.au,false,
2023-02-20 13:00:00,Australia,Queensland,AU-QLD,670.44,728.73,9.5,9.5,opennem.org.au,false,
2023-02-20 14:00:00,Australia,Queensland,AU-QLD,669.79,727.69,9.81,9.81,opennem.org.au,false,
2023-02-20 15:00:00,Australia,Queensland,AU-QLD,668.83,727.09,9.69,9.69,opennem.org.au,false,
2023-02-20 16:00:00,Australia,Queensland,AU-QLD,680.58,739.5,8.21,8.21,opennem.org.au,false,
2023-02-20 17:00:00,Australia,Queensland,AU-QLD,682.08,740.49,8.38,8.38,opennem.org.au,false,
2023-02-20 18:00:00,Australia,Queensland,AU-QLD,674.16,732.17,9.34,9.34,opennem.org.au,false,
2023-02-20 19:00:00,Australia,Queensland,AU-QLD,682.94,742.53,7.57,7.57,opennem.org.au,false,
2023-02-20 20:00:00,Australia,Queensland,AU-QLD,673.4,732.76,9.33,9.33,opennem.org.au,false,
2023-02-20 21:00:00,Australia,Queensland,AU-QLD,605.46,662.13,19.51,19.51,opennem.org.au,false,
2023-02-20 22:00:00,Australia,Queensland,AU-QLD,527.43,582.8,29.85,29.85,opennem.org.au,false,
2023-02-20 23:00:00,Australia,Queensland,AU-QLD,474.78,529.21,36.83,36.83,opennem.org.au,false,
2023-02-21 00:00:00,Australia,Queensland,AU-QLD,457.87,512.06,39.07,39.07,opennem.org.au,false,
2023-02-21 01:00:00,Australia,Queensland,AU-QLD,437.01,490.41,41.84,41.84,opennem.org.au,false,
2023-02-21 02:00:00,Australia,Queensland,AU-QLD,424.34,477.7,43.53,43.53,opennem.org.au,false,
2023-02-21 03:00:00,Australia,Queensland,AU-QLD,431.46,484.78,42.58,42.58,opennem.org.au,false,
2023-02-21 04:00:00,Australia,Queensland,AU-QLD,442.42,496.06,41.0,41.0,opennem.org.au,false,
2023-02-21 05:00:00,Australia,Queensland,AU-QLD,478.74,535.17,34.58,34.58,opennem.org.au,false,
2023-02-21 06:00:00,Australia,Queensland,AU-QLD,516.4,574.82,28.48,28.48,opennem.org.au,false,
2023-02-21 07:00:00,Australia,Queensland,AU-QLD,579.85,641.4,18.58,18.58,opennem.org.au,false,
2023-02-21 08:00:00,Australia,Queensland,AU-QLD,637.17,700.0,10.35,10.35,opennem.org.au,false,
2023-02-21 09:00:00,Australia,Queensland,AU-QLD,655.18,718.3,8.09,8.09,opennem.org.au,false,
2023-02-21 10:00:00,Australia,Queensland,AU-QLD,653.13,716.85,7.82,7.82,opennem.org.au,false,
2023-02-21 11:00:00,Australia,Queensland,AU-QLD,660.93,722.99,8.1,8.1,opennem.org.au,false,
2023-02-21 12:00:00,Australia,Queensland,AU-QLD,673.59,730.97,9.8,9.8,opennem.org.au,false,
2023-02-21 13:00:00,Australia,Queensland,AU-QLD,680.41,737.2,9.58,9.58,opennem.org.au,false,
2023-02-21 14:00:00,Australia,Queensland,AU-QLD,701.05,759.39,6.77,6.77,opennem.org.au,false,
2023-02-21 15:00:00,Australia,Queensland,AU-QLD,709.49,768.18,5.6,5.6,opennem.org.au,false,
2023-02-21 16:00:00,Australia,Queensland,AU-QLD,712.74,771.69,5.15,5.15,opennem.org.au,false,
2023-02-21 17:00:00,Australia,Queensland,AU-QLD,719.04,778.37,4.31,4.31,opennem.org.au,false,
2023-02-21 18:00:00,Australia,Queensland,AU-QLD,691.79,749.52,7.9,7.9,opennem.org.au,false,
2023-02-21 19:00:00,Australia,Queensland,AU-QLD,679.14,736.04,9.69,9.69,opennem.org.au,false,
2023-02-21 20:00:00,Australia,Queensland,AU-QLD,640.38,696.66,14.86,14.86,opennem.org.au,false,
2023-02-21 21:00:00,Australia,Queensland,AU-QLD,569.29,625.23,24.29,24.29,opennem.org.au,false,
2023-02-21 22:00:00,Australia,Queensland,AU-QLD,499.52,553.99,33.51,33.51,opennem.org.au,false,
2023-02-21 23:00:00,Australia,Queensland,AU-QLD,451.05,504.76,39.94,39.94,opennem.org.au,false,
2023-02-22 00:00:00,Australia,Queensland,AU-QLD,407.77,461.01,45.64,45.64,opennem.org.au,false,
2023-02-22 01:00:00,Australia,Queensland,AU-QLD,389.02,442.27,47.9,47.9,opennem.org.au,false,
2023-02-22 02:00:00,Australia,Queensland,AU-QLD,384.29,437.61,48.2,48.2,opennem.org.au,false,
2023-02-22 03:00:00,Australia,Queensland,AU-QLD,380.08,433.18,48.77,48.77,opennem.org.au,false,
2023-02-22 04:00:00,Australia,Queensland,AU-QLD,386.8,440.17,47.64,47.64,opennem.org.au,false,
2023-02-22 05:00:00,Australia,Queensland,AU-QLD,436.66,491.69,40.57,40.57,opennem.org.au,false,
2023-02-22 06:00:00,Australia,Queensland,AU-QLD,477.51,534.64,34.03,34.03,opennem.org.au,false,
2023-02-22 07:00:00,Australia,Queensland,AU-QLD,557.25,617.92,21.7,21.7,opennem.org.au,false,
2023-02-22 08:00:00,Australia,Queensland,AU-QLD,642.4,707.02,8.73,8.73,opennem.org.au,false,
2023-02-22 09:00:00,Australia,Queensland,AU-QLD,650.86,715.64,7.54,7.54,opennem.org.au,false,
2023-02-22 10:00:00,Australia,Queensland,AU-QLD,652.45,716.37,7.91,7.91,opennem.org.au,false,
2023-02-22 11:00:00,Australia,Queensland,AU-QLD,666.18,729.42,6.9,6.9,opennem.org.au,false,
2023-02-22 12:00:00,Australia,Queensland,AU-QLD,681.11,740.53,7.83,7.83,opennem.org.au,false,
2023-02-22 13:00:00,Australia,Queensland,AU-QLD,690.02,749.96,6.63,6.63,opennem.org.au,false,
2023-02-22 14:00:00,Australia,Queensland,AU-QLD,686.65,746.41,7.05,7.05,opennem.org.au,false,
2023-02-22 15:00:00,Australia,Queensland,AU-QLD,676.15,735.43,8.32,8.32,opennem.org.au,false,
2023-02-22 16:00:00,Australia,Queensland,AU-QLD,679.4,739.3,7.66,7.66,opennem.org.au,false,
2023-02-22 17:00:00,Australia,Queensland,AU-QLD,682.04,742.25,7.23,7.23,opennem.org.au,false,
2023-02-22 18:00:00,Australia,Queensland,AU-QLD,675.17,734.53,8.36,8.36,opennem.org.au,false,
2023-02-22 19:00:00,Australia,Queensland,AU-QLD,673.17,732.13,8.97,8.97,opennem.org.au,false,
2023-02-22 20:00:00,Australia,Queensland,AU-QLD,638.46,696.27,13.96,13.96,opennem.org.au,false,
2023-02-22 21:00:00,Australia,Queensland,AU-QLD,532.17,587.64,28.41,28.41,opennem.org.au,false,
2023-02-22 22:00:00,Australia,Queensland,AU-QLD,497.11,551.93,33.16,33.16,opennem.org.au,false,
2023-02-22 23:00:00,Australia,Queensland,AU-QLD,432.54,486.33,41.7,41.7,opennem.org.au,false,
2023-02-23 00:00:00,Australia,Queensland,AU-QLD,431.45,485.26,41.85,41.85,opennem.org.au,false,
2023-02-23 01:00:00,Australia,Queensland,AU-QLD,425.66,479.58,42.63,42.63,opennem.org.au,false,
2023-02-23 02:00:00,Australia,Queensland,AU-QLD,399.06,452.29,46.21,46.21,opennem.org.au,false,
2023-02-23 03:00:00,Australia,Queensland,AU-QLD,389.45,442.7,47.49,47.49,opennem.org.au,false,
2023-02-23 04:00:00,Australia,Queensland,AU-QLD,395.72,449.32,46.67,46.67,opennem.org.au,false,
2023-02-23 05:00:00,Australia,Queensland,AU-QLD,433.81,488.11,41.67,41.67,opennem.org.au,false,
2023-02-23 06:00:00,Australia,Queensland,AU-QLD,481.82,536.78,35.21,35.21,opennem.org.au,false,
2023-02-23 07:00:00,Australia,Queensland,AU-QLD,557.34,614.7,24.09,24.09,opennem.org.au,false,
2023-02-23 08:00:00,Australia,Queensland,AU-QLD,631.23,691.19,12.99,12.99,opennem.org.au,false,
2023-02-23 09:00:00,Australia,Queensland,AU-QLD,642.12,702.38,11.29,11.29,opennem.org.au,false,
2023-02-23 10:00:00,Australia,Queensland,AU-QLD,642.67,701.9,11.8,11.8,opennem.org.au,false,
2023-02-23 11:00:00,Australia,Queensland,AU-QLD,658.95,717.45,10.73,10.73,opennem.org.au,false,
2023-02-23 12:00:00,Australia,Queensland,AU-QLD,669.98,728.62,9.52,9.52,opennem.org.au,false,
2023-02-23 13:00:00,Australia,Queensland,AU-QLD,681.81,740.2,8.38,8.38,opennem.org.au,false,
2023-02-23 14:00:00,Australia,Queensland,AU-QLD,684.25,742.37,8.28,8.28,opennem.org.au,false,
2023-02-23 15:00:00,Australia,Queensland,AU-QLD,695.3,754.09,6.84,6.84,opennem.org.au,false,
2023-02-23 16:00:00,Australia,Queensland,AU-QLD,693.84,752.73,6.92,6.92,opennem.org.au,false,
2023-02-23 17:00:00,Australia,Queensland,AU-QLD,690.73,750.05,6.95,6.95,opennem.org.au,false,
2023-02-23 18:00:00,Australia,Queensland,AU-QLD,676.96,735.68,8.56,8.56,opennem.org.au,false,
2023-02-23 19:00:00,Australia,Queensland,AU-QLD,682.34,740.47,8.49,8.49,opennem.org.au,false,
2023-02-23 20:00:00,Australia,Queensland,AU-QLD,629.24,686.33,15.6,15.6,opennem.org.au,false,
2023-02-23 21:00:00,Australia,Queensland,AU-QLD,517.26,572.86,30.45,30.45,opennem.org.au,false,
2023-02-23 22:00:00,Australia,Queensland,AU-QLD,433.97,487.03,42.21,42.21,opennem.org.au,false,
2023-02-23 23:00:00,Australia,Queensland,AU-QLD,409.5,462.32,45.46,45.46,opennem.org.au,false,
2023-02-24 00:00:00,Australia,Queensland,AU-QLD,377.87,430.11,49.65,49.65,opennem.org.au,false,
2023-02-24 01:00:00,Australia,Queensland,AU-QLD,382.32,434.8,49.05,49.05,opennem.org.au,false,
2023-02-24 02:00:00,Australia,Queensland,AU-QLD,404.28,457.38,46.15,46.15,opennem.org.au,false,
2023-02-24 03:00:00,Australia,Queensland,AU-QLD,401.04,453.84,46.59,46.59,opennem.org.au,false,
2023-02-24 04:00:00,Australia,Queensland,AU-QLD,420.21,473.33,44.06,44.06,opennem.org.au,false,
2023-02-24 05:00:00,Australia,Queensland,AU-QLD,429.42,482.93,42.62,42.62,opennem.org.au,false,
2023-02-24 06:00:00,Australia,Queensland,AU-QLD,473.2,528.22,36.14,36.14,opennem.org.au,false,
2023-02-24 07:00:00,Australia,Queensland,AU-QLD,543.11,601.31,25.02,25.02,opennem.org.au,false,
2023-02-24 08:00:00,Australia,Queensland,AU-QLD,626.76,687.54,12.6,12.6,opennem.org.au,false,
2023-02-24 09:00:00,Australia,Queensland,AU-QLD,641.92,702.97,10.57,10.57,opennem.org.au,false,
2023-02-24 10:00:00,Australia,Queensland,AU-QLD,639.59,700.74,10.67,10.67,opennem.org.au,false,
2023-02-24 11:00:00,Australia,Queensland,AU-QLD,649.92,710.13,10.29,10.29,opennem.org.au,false,
2023-02-24 12:00:00,Australia,Queensland,AU-QLD,651.5,709.98,11.25,11.25,opennem.org.au,false,
2023-02-24 13:00:00,Australia,Queensland,AU-QLD,660.67,719.34,10.22,10.22,opennem.org.au,false,
2023-02-24 14:00:00,Australia,Queensland,AU-QLD,656.29,714.89,10.59,10.59,opennem.org.au,false,
2023-02-24 15:00:00,Australia,Queensland,AU-QLD,649.54,708.22,11.29,11.29,opennem.org.au,false,
2023-02-24 16:00:00,Australia,Queensland,AU-QLD,647.15,706.06,11.5,11.5,opennem.org.au,false,
2023-02-24 17:00:00,Australia,Queensland,AU-QLD,650.39,709.62,11.02,11.02,opennem.org.au,false,
2023-02-24 18:00:00,Australia,Queensland,AU-QLD,663.33,722.2,10.06,10.06,opennem.org.au,false,
2023-02-24 19:00:00,Australia,Queensland,AU-QLD,646.33,704.58,12.2,12.2,opennem.org.au,false,
2023-02-24 20:00:00,Australia,Queensland,AU-QLD,611.85,668.66,17.62,17.62,opennem.org.au,false,
2023-02-24 21:00:00,Australia,Queensland,AU-QLD,479.7,532.91,36.02,36.02,opennem.org.au,false,
2023-02-24 22:00:00,Australia,Queensland,AU-QLD,408.95,461.27,45.44,45.44,opennem.org.au,false,
2023-02-24 23:00:00,Australia,Queensland,AU-QLD,356.43,408.03,52.39,52.39,opennem.org.au,false,
2023-02-25 00:00:00,Australia,Queensland,AU-QLD,343.56,395.29,54.11,54.11,opennem.org.au,false,
2023-02-25 01:00:00,Australia,Queensland,AU-QLD,337.5,389.27,54.92,54.92,opennem.org.au,false,
2023-02-25 02:00:00,Australia,Queensland,AU-QLD,340.47,392.28,54.52,54.52,opennem.org.au,false,
2023-02-25 03:00:00,Australia,Queensland,AU-QLD,355.21,407.68,52.58,52.58,opennem.org.au,false,
2023-02-25 04:00:00,Australia,Queensland,AU-QLD,352.54,404.54,52.93,52.93,opennem.org.au,false,
2023-02-25 05:00:00,Australia,Queensland,AU-QLD,374.45,426.76,50.25,50.25,opennem.org.au,false,
2023-02-25 06:00:00,Australia,Queensland,AU-QLD,455.15,509.49,39.38,39.38,opennem.org.au,false,
2023-02-25 07:00:00,Australia,Queensland,AU-QLD,558.39,615.1,25.13,25.13,opennem.org.au,false,
2023-02-25 08:00:00,Australia,Queensland,AU-QLD,639.46,695.71,14.68,14.68,opennem.org.au,false,
2023-02-25 09:00:00,Australia,Queensland,AU-QLD,642.81,698.81,14.12,14.12,opennem.org.au,false,
2023-02-25 10:00:00,Australia,Queensland,AU-QLD,639.86,695.45,14.66,14.66,opennem.org.au,false,
2023-02-25 11:00:00,Australia,Queensland,AU-QLD,663.42,720.34,11.43,11.43,opennem.org.au,false,
2023-02-25 12:00:00,Australia,Queensland,AU-QLD,657.32,713.31,12.63,12.63,opennem.org.au,false,
2023-02-25 13:00:00,Australia,Queensland,AU-QLD,667.16,723.67,11.36,11.36,opennem.org.au,false,
2023-02-25 14:00:00,Australia,Queensland,AU-QLD,668.38,724.98,11.11,11.11,opennem.org.au,false,
2023-02-25 15:00:00,Australia,Queensland,AU-QLD,673.52,730.37,10.37,10.37,opennem.org.au,false,
2023-02-25 16:00:00,Australia,Queensland,AU-QLD,674.72,731.54,10.21,10.21,opennem.org.au,false,
2023-02-25 17:00:00,Australia,Queensland,AU-QLD,673.71,730.53,10.31,10.31,opennem.org.au,false,
2023-02-25 18:00:00,Australia,Queensland,AU-QLD,680.15,737.37,9.46,9.46,opennem.org.au,false,
2023-02-25 19:00:00,Australia,Queensland,AU-QLD,665.09,721.5,11.49,11.49,opennem.org.au,false,
2023-02-25 20:00:00,Australia,Queensland,AU-QLD,626.38,682.48,16.61,16.61,opennem.org.au,false,
2023-02-25 21:00:00,Australia,Queensland,AU-QLD,487.23,541.58,34.98,34.98,opennem.org.au,false,
2023-02-25 22:00:00,Australia,Queensland,AU-QLD,405.45,458.42,45.87,45.87,opennem.org.au,false,
2023-02-25 23:00:00,Australia,Queensland,AU-QLD,366.35,418.46,51.04,51.04,opennem.org.au,false,
2023-02-26 00:00:00,Australia,Queensland,AU-QLD,364.16,416.54,51.33,51.33,opennem.org.au,false,
2023-02-26 01:00:00,Australia,Queensland,AU-QLD,352.43,404.67,52.88,52.88,opennem.org.au,false,
2023-02-26 02:00:00,Australia,Queensland,AU-QLD,340.58,392.55,54.48,54.48,opennem.org.au,false,
2023-02-26 03:00:00,Australia,Queensland,AU-QLD,340.55,392.53,54.49,54.49,opennem.org.au,false,
2023-02-26 04:00:00,Australia,Queensland,AU-QLD,362.13,414.47,51.71,51.71,opennem.org.au,false,
2023-02-26 05:00:00,Australia,Queensland,AU-QLD,422.11,476.01,43.7,43.7,opennem.org.au,false,
2023-02-26 06:00:00,Australia,Queensland,AU-QLD,499.61,555.97,32.84,32.84,opennem.org.au,false,
2023-02-26 07:00:00,Australia,Queensland,AU-QLD,578.1,638.5,20.33,20.33,opennem.org.au,false,
2023-02-26 08:00:00,Australia,Queensland,AU-QLD,642.52,702.73,11.9,11.9,opennem.org.au,false,
2023-02-26 09:00:00,Australia,Queensland,AU-QLD,658.5,718.95,9.74,9.74,opennem.org.au,false,
2023-02-26 10:00:00,Australia,Queensland,AU-QLD,653.59,714.87,9.77,9.77,opennem.org.au,false,
2023-02-26 11:00:00,Australia,Queensland,AU-QLD,665.02,726.78,8.24,8.24,opennem.org.au,false,
2023-02-26 12:00:00,Australia,Queensland,AU-QLD,663.94,724.46,9.11,9.11,opennem.org.au,false,
2023-02-26 13:00:00,Australia,Queensland,AU-QLD,664.83,725.3,9.0,9.0,opennem.org.au,false,
2023-02-26 14:00:00,Australia,Queensland,AU-QLD,658.93,719.37,9.52,9.52,opennem.org.au,false,
2023-02-26 15:00:00,Australia,Queensland,AU-QLD,664.61,724.01,9.66,9.66,opennem.org.au,false,
2023-02-26 16:00:00,Australia,Queensland,AU-QLD,668.68,728.15,9.16,9.16,opennem.org.au,false,
2023-02-26 17:00:00,Australia,Queensland,AU-QLD,675.91,735.94,8.12,8.12,opennem.org.au,false,
2023-02-26 18:00:00,Australia,Queensland,AU-QLD,678.22,739.06,7.41,7.41,opennem.org.au,false,
2023-02-26 19:00:00,Australia,Queensland,AU-QLD,674.2,735.72,7.45,7.45,opennem.org.au,false,
2023-02-26 20:00:00,Australia,Queensland,AU-QLD,646.26,706.54,11.74,11.74,opennem.org.au,false,
2023-02-26 21:00:00,Australia,Queensland,AU-QLD,530.55,587.29,28.41,28.41,opennem.org.au,false,
2023-02-26 22:00:00,Australia,Queensland,AU-QLD,457.3,511.41,39.11,39.11,opennem.org.au,false,
2023-02-26 23:00:00,Australia,Queensland,AU-QLD,403.8,457.2,46.19,46.19,opennem.org.au,false,
2023-02-27 00:00:00,Australia,Queensland,AU-QLD,374.33,427.26,50.11,50.11,opennem.org.au,false,
2023-02-27 01:00:00,Australia,Queensland,AU-QLD,366.34,419.2,51.17,51.17,opennem.org.au,false,
2023-02-27 02:00:00,Australia,Queensland,AU-QLD,367.85,420.76,50.99,50.99,opennem.org.au,false,
2023-02-27 03:00:00,Australia,Queensland,AU-QLD,387.86,441.41,48.18,48.18,opennem.org.au,false,
2023-02-27 04:00:00,Australia,Queensland,AU-QLD,398.84,452.8,46.55,46.55,opennem.org.au,false,
2023-02-27 05:00:00,Australia,Queensland,AU-QLD,442.41,498.81,39.59,39.59,opennem.org.au,false,
2023-02-27 06:00:00,Australia,Queensland,AU-QLD,493.99,553.79,30.94,30.94,opennem.org.au,false,
2023-02-27 07:00:00,Australia,Queensland,AU-QLD,567.56,631.76,18.79,18.79,opennem.org.au,false,
2023-02-27 08:00:00,Australia,Queensland,AU-QLD,627.98,692.69,10.37,10.37,opennem.org.au,false,
2023-02-27 09:00:00,Australia,Queensland,AU-QLD,632.51,696.94,9.68,9.68,opennem.org.au,false,
2023-02-27 10:00:00,Australia,Queensland,AU-QLD,633.01,697.96,9.36,9.36,opennem.org.au,false,
2023-02-27 11:00:00,Australia,Queensland,AU-QLD,667.04,730.89,6.73,6.73,opennem.org.au,false,
2023-02-27 12:00:00,Australia,Queensland,AU-QLD,668.15,730.35,7.31,7.31,opennem.org.au,false,
2023-02-27 13:00:00,Australia,Queensland,AU-QLD,666.07,728.12,7.6,7.6,opennem.org.au,false,
2023-02-27 14:00:00,Australia,Queensland,AU-QLD,667.79,729.38,7.72,7.72,opennem.org.au,false,
2023-02-27 15:00:00,Australia,Queensland,AU-QLD,675.87,735.62,8.08,8.08,opennem.org.au,false,
2023-02-27 16:00:00,Australia,Queensland,AU-QLD,683.88,744.19,7.0,7.0,opennem.org.au,false,
2023-02-27 17:00:00,Australia,Queensland,AU-QLD,699.49,760.94,4.87,4.87,opennem.org.au,false,
2023-02-27 18:00:00,Australia,Queensland,AU-QLD,696.34,758.39,4.8,4.8,opennem.org.au,false,
2023-02-27 19:00:00,Australia,Queensland,AU-QLD,694.14,756.93,4.61,4.61,opennem.org.au,false,
2023-02-27 20:00:00,Australia,Queensland,AU-QLD,671.88,732.17,9.45,9.45,opennem.org.au,false,
2023-02-27 21:00:00,Australia,Queensland,AU-QLD,540.9,597.53,27.79,27.79,opennem.org.au,false,
2023-02-27 22:00:00,Australia,Queensland,AU-QLD,458.39,513.14,39.01,39.01,opennem.org.au,false,
2023-02-27 23:00:00,Australia,Queensland,AU-QLD,411.2,465.03,45.23,45.23,opennem.org.au,false,
2023-02-28 00:00:00,Australia,Queensland,AU-QLD,392.76,446.2,47.68,47.68,opennem.org.au,false,
2023-02-28 01:00:00,Australia,Queensland,AU-QLD,361.9,414.69,51.77,51.77,opennem.org.au,false,
2023-02-28 02:00:00,Australia,Queensland,AU-QLD,369.36,422.65,50.52,50.52,opennem.org.au,false,
2023-02-28 03:00:00,Australia,Queensland,AU-QLD,362.04,415.84,50.98,50.98,opennem.org.au,false,
2023-02-28 04:00:00,Australia,Queensland,AU-QLD,367.41,421.92,49.79,49.79,opennem.org.au,false,
2023-02-28 05:00:00,Australia,Queensland,AU-QLD,399.04,454.75,45.11,45.11,opennem.org.au,false,
2023-02-28 06:00:00,Australia,Queensland,AU-QLD,471.73,531.31,33.59,33.59,opennem.org.au,false,
2023-02-28 07:00:00,Australia,Queensland,AU-QLD,549.0,613.07,20.77,20.77,opennem.org.au,false,
2023-02-28 08:00:00,Australia,Queensland,AU-QLD,619.32,684.76,10.54,10.54,opennem.org.au,false,
2023-02-28 09:00:00,Australia,Queensland,AU-QLD,627.27,693.26,9.11,9.11,opennem.org.au,false,
2023-02-28 10:00:00,Australia,Queensland,AU-QLD,631.97,698.25,8.4,8.4,opennem.org.au,false,
2023-02-28 11:00:00,Australia,Queensland,AU-QLD,645.21,711.27,7.24,7.24,opennem.org.au,false,
2023-02-28 12:00:00,Australia,Queensland,AU-QLD,655.21,717.88,8.37,8.37,opennem.org.au,false,
2023-02-28 13:00:00,Australia,Queensland,AU-QLD,660.62,722.27,8.48,8.48,opennem.org.au,false,
2023-02-28 14:00:00,Australia,Queensland,AU-QLD,652.71,713.36,9.88,9.88,opennem.org.au,false,
2023-02-28 15:00:00,Australia,Queensland,AU-QLD,665.26,726.66,8.12,8.12,opennem.org.au,false,
2023-02-28 16:00:00,Australia,Queensland,AU-QLD,668.15,729.97,7.62,7.62,opennem.org.au,false,
2023-02-28 17:00:00,Australia,Queensland,AU-QLD,670.99,733.06,7.2,7.2,opennem.org.au,false,
2023-02-28 18:00:00,Australia,Queensland,AU-QLD,681.8,744.98,5.45,5.45,opennem.org.au,false,
2023-02-28 19:00:00,Australia,Queensland,AU-QLD,691.92,756.14,3.89,3.89,opennem.org.au,false,
2023-02-28 20:00:00,Australia,Queensland,AU-QLD,645.01,705.43,12.07,12.07,opennem.org.au,false,
2023-02-28 21:00:00,Australia,Queensland,AU-QLD,518.1,573.69,31.07,31.07,opennem.org.au,false,
2023-02-28 22:00:00,Australia,Queensland,AU-QLD,444.05,498.23,40.86,40.86,opennem.org.au,false,
2023-02-28 23:00:00,Australia,Queensland,AU-QLD,392.69,445.87,47.68,47.68,opennem.org.au,false,
2023-03-01 00:00:00,Australia,Queensland,AU-QLD,378.26,431.12,49.59,49.59,opennem.org.au,false,
2023-03-01 01:00:00,Australia,Queensland,AU-QLD,354.52,406.96,52.75,52.75,opennem.org.au,false,
2023-03-01 02:00:00,Australia,Queensland,AU-QLD,368.41,421.26,50.83,50.83,opennem.org.au,false,
2023-03-01 03:00:00,Australia,Queensland,AU-QLD,367.73,421.56,50.17,50.17,opennem.org.au,false,
2023-03-01 04:00:00,Australia,Queensland,AU-QLD,386.86,442.69,46.43,46.43,opennem.org.au,false,
2023-03-01 05:00:00,Australia,Queensland,AU-QLD,417.07,475.16,41.17,41.17,opennem.org.au,false,
2023-03-01 06:00:00,Australia,Queensland,AU-QLD,475.03,535.5,32.34,32.34,opennem.org.au,false,
2023-03-01 07:00:00,Australia,Queensland,AU-QLD,555.18,621.3,18.45,18.45,opennem.org.au,false,
2023-03-01 08:00:00,Australia,Queensland,AU-QLD,620.86,689.7,8.28,8.28,opennem.org.au,false,
2023-03-01 09:00:00,Australia,Queensland,AU-QLD,638.41,708.15,5.75,5.75,opennem.org.au,false,
2023-03-01 10:00:00,Australia,Queensland,AU-QLD,636.79,705.85,6.32,6.32,opennem.org.au,false,
2023-03-01 11:00:00,Australia,Queensland,AU-QLD,662.49,731.11,4.0,4.0,opennem.org.au,false,
2023-03-01 12:00:00,Australia,Queensland,AU-QLD,677.97,743.48,4.45,4.45,opennem.org.au,false,
2023-03-01 13:00:00,Australia,Queensland,AU-QLD,671.45,733.66,7.05,7.05,opennem.org.au,false,
2023-03-01 14:00:00,Australia,Queensland,AU-QLD,663.95,725.87,7.93,7.93,opennem.org.au,false,
2023-03-01 15:00:00,Australia,Queensland,AU-QLD,670.85,730.95,8.39,8.39,opennem.org.au,false,
2023-03-01 16:00:00,Australia,Queensland,AU-QLD,672.84,733.24,8.03,8.03,opennem.org.au,false,
2023-03-01 17:00:00,Australia,Queensland,AU-QLD,674.57,735.44,7.58,7.58,opennem.org.au,false,
2023-03-01 18:00:00,Australia,Queensland,AU-QLD,682.71,744.38,6.38,6.38,opennem.org.au,false,
2023-03-01 19:00:00,Australia,Queensland,AU-QLD,693.53,756.18,4.83,4.83,opennem.org.au,false,
2023-03-01 20:00:00,Australia,Queensland,AU-QLD,684.09,743.73,8.19,8.19,opennem.org.au,false,
2023-03-01 21:00:00,Australia,Queensland,AU-QLD,600.78,658.23,20.06,20.06,opennem.org.au,false,
2023-03-01 22:00:00,Australia,Queensland,AU-QLD,535.28,591.32,28.79,28.79,opennem.org.au,false,
2023-03-01 23:00:00,Australia,Queensland,AU-QLD,478.47,533.33,36.35,36.35,opennem.org.au,false,
2023-03-02 00:00:00,Australia,Queensland,AU-QLD,461.03,515.55,38.66,38.66,opennem.org.au,false,
2023-03-02 01:00:00,Australia,Queensland,AU-QLD,446.2,501.13,40.12,40.12,opennem.org.au,false,
2023-03-02 02:00:00,Australia,Queensland,AU-QLD,416.26,471.83,43.01,43.01,opennem.org.au,false,
2023-03-02 03:00:00,Australia,Queensland,AU-QLD,421.76,478.29,41.55,41.55,opennem.org.au,false,
2023-03-02 04:00:00,Australia,Queensland,AU-QLD,445.24,503.1,37.76,37.76,opennem.org.au,false,
2023-03-02 05:00:00,Australia,Queensland,AU-QLD,473.22,533.66,32.73,32.73,opennem.org.au,false,
2023-03-02 06:00:00,Australia,Queensland,AU-QLD,521.65,583.9,25.3,25.3,opennem.org.au,false,
2023-03-02 07:00:00,Australia,Queensland,AU-QLD,566.1,630.82,17.79,17.79,opennem.org.au,false,
2023-03-02 08:00:00,Australia,Queensland,AU-QLD,610.88,676.98,10.84,10.84,opennem.org.au,false,
2023-03-02 09:00:00,Australia,Queensland,AU-QLD,619.5,685.64,9.8,9.8,opennem.org.au,false,
2023-03-02 10:00:00,Australia,Queensland,AU-QLD,639.38,706.46,7.28,7.28,opennem.org.au,false,
2023-03-02 11:00:00,Australia,Queensland,AU-QLD,648.08,713.77,7.31,7.31,opennem.org.au,false,
2023-03-02 12:00:00,Australia,Queensland,AU-QLD,666.8,729.65,7.31,7.31,opennem.org.au,false,
2023-03-02 13:00:00,Australia,Queensland,AU-QLD,685.16,747.05,6.17,6.17,opennem.org.au,false,
2023-03-02 14:00:00,Australia,Queensland,AU-QLD,682.42,744.52,6.29,6.29,opennem.org.au,false,
2023-03-02 15:00:00,Australia,Queensland,AU-QLD,695.86,759.79,4.0,4.0,opennem.org.au,false,
2023-03-02 16:00:00,Australia,Queensland,AU-QLD,687.01,751.01,4.81,4.81,opennem.org.au,false,
2023-03-02 17:00:00,Australia,Queensland,AU-QLD,692.65,756.33,4.5,4.5,opennem.org.au,false,
2023-03-02 18:00:00,Australia,Queensland,AU-QLD,703.73,767.38,3.44,3.44,opennem.org.au,false,
2023-03-02 19:00:00,Australia,Queensland,AU-QLD,697.06,760.64,4.15,4.15,opennem.org.au,false,
2023-03-02 20:00:00,Australia,Queensland,AU-QLD,659.49,720.18,10.52,10.52,opennem.org.au,false,
2023-03-02 21:00:00,Australia,Queensland,AU-QLD,550.82,607.46,26.4,26.4,opennem.org.au,false,
2023-03-02 22:00:00,Australia,Queensland,AU-QLD,478.43,533.38,36.34,36.34,opennem.org.au,false,
2023-03-02 23:00:00,Australia,Queensland,AU-QLD,440.57,494.86,41.35,41.35,opennem.org.au,false,
2023-03-03 00:00:00,Australia,Queensland,AU-QLD,415.26,469.19,44.7,44.7,opennem.org.au,false,
2023-03-03 01:00:00,Australia,Queensland,AU-QLD,404.78,458.58,46.09,46.09,opennem.org.au,false,
2023-03-03 02:00:00,Australia,Queensland,AU-QLD,401.7,455.32,46.51,46.51,opennem.org.au,false,
2023-03-03 03:00:00,Australia,Queensland,AU-QLD,414.23,468.11,44.86,44.86,opennem.org.au,false,
2023-03-03 04:00:00,Australia,Queensland,AU-QLD,436.52,491.24,41.62,41.62,opennem.org.au,false,
2023-03-03 05:00:00,Australia,Queensland,AU-QLD,469.01,526.6,35.62,35.62,opennem.org.au,false,
2023-03-03 06:00:00,Australia,Queensland,AU-QLD,522.51,582.95,26.98,26.98,opennem.org.au,false,
2023-03-03 07:00:00,Australia,Queensland,AU-QLD,572.23,635.14,18.44,18.44,opennem.org.au,false,
2023-03-03 08:00:00,Australia,Queensland,AU-QLD,618.17,682.25,11.51,11.51,opennem.org.au,false,
2023-03-03 09:00:00,Australia,Queensland,AU-QLD,623.01,687.57,10.58,10.58,opennem.org.au,false,
2023-03-03 10:00:00,Australia,Queensland,AU-QLD,630.43,694.37,10.2,10.2,opennem.org.au,false,
2023-03-03 11:00:00,Australia,Queensland,AU-QLD,637.86,701.52,9.58,9.58,opennem.org.au,false,
2023-03-03 12:00:00,Australia,Queensland,AU-QLD,642.94,706.33,9.29,9.29,opennem.org.au,false,
2023-03-03 13:00:00,Australia,Queensland,AU-QLD,659.45,723.0,7.61,7.61,opennem.org.au,false,
2023-03-03 14:00:00,Australia,Queensland,AU-QLD,680.22,742.55,6.37,6.37,opennem.org.au,false,
2023-03-03 15:00:00,Australia,Queensland,AU-QLD,691.57,753.86,5.37,5.37,opennem.org.au,false,
2023-03-03 16:00:00,Australia,Queensland,AU-QLD,679.8,740.58,7.49,7.49,opennem.org.au,false,
2023-03-03 17:00:00,Australia,Queensland,AU-QLD,672.55,732.63,8.39,8.39,opennem.org.au,false,
2023-03-03 18:00:00,Australia,Queensland,AU-QLD,681.85,743.62,6.51,6.51,opennem.org.au,false,
2023-03-03 19:00:00,Australia,Queensland,AU-QLD,692.87,755.09,5.17,5.17,opennem.org.au,false,
2023-03-03 20:00:00,Australia,Queensland,AU-QLD,668.32,727.84,10.02,10.02,opennem.org.au,false,
2023-03-03 21:00:00,Australia,Queensland,AU-QLD,553.95,610.23,26.26,26.26,opennem.org.au,false,
2023-03-03 22:00:00,Australia,Queensland,AU-QLD,473.54,528.11,36.96,36.96,opennem.org.au,false,
2023-03-03 23:00:00,Australia,Queensland,AU-QLD,426.24,479.86,43.2,43.2,opennem.org.au,false,
2023-03-04 00:00:00,Australia,Queensland,AU-QLD,393.05,446.26,47.57,47.57,opennem.org.au,false,
2023-03-04 01:00:00,Australia,Queensland,AU-QLD,389.05,442.18,48.14,48.14,opennem.org.au,false,
2023-03-04 02:00:00,Australia,Queensland,AU-QLD,381.16,434.17,49.17,49.17,opennem.org.au,false,
2023-03-04 03:00:00,Australia,Queensland,AU-QLD,364.88,417.48,51.31,51.31,opennem.org.au,false,
2023-03-04 04:00:00,Australia,Queensland,AU-QLD,393.79,446.91,47.46,47.46,opennem.org.au,false,
2023-03-04 05:00:00,Australia,Queensland,AU-QLD,429.75,483.97,42.22,42.22,opennem.org.au,false,
2023-03-04 06:00:00,Australia,Queensland,AU-QLD,485.98,543.88,32.79,32.79,opennem.org.au,false,
2023-03-04 07:00:00,Australia,Queensland,AU-QLD,571.12,632.61,19.81,19.81,opennem.org.au,false,
2023-03-04 08:00:00,Australia,Queensland,AU-QLD,647.23,711.65,8.34,8.34,opennem.org.au,false,
2023-03-04 09:00:00,Australia,Queensland,AU-QLD,647.4,711.61,8.2,8.2,opennem.org.au,false,
2023-03-04 10:00:00,Australia,Queensland,AU-QLD,638.55,701.93,9.53,9.53,opennem.org.au,false,
2023-03-04 11:00:00,Australia,Queensland,AU-QLD,650.53,713.98,8.22,8.22,opennem.org.au,false,
2023-03-04 12:00:00,Australia,Queensland,AU-QLD,645.52,705.98,10.66,10.66,opennem.org.au,false,
2023-03-04 13:00:00,Australia,Queensland,AU-QLD,650.17,710.38,10.38,10.38,opennem.org.au,false,
2023-03-04 14:00:00,Australia,Queensland,AU-QLD,652.06,710.92,11.03,11.03,opennem.org.au,false,
2023-03-04 15:00:00,Australia,Queensland,AU-QLD,657.15,712.68,12.59,12.59,opennem.org.au,false,
2023-03-04 16:00:00,Australia,Queensland,AU-QLD,673.67,730.01,10.39,10.39,opennem.org.au,false,
2023-03-04 17:00:00,Australia,Queensland,AU-QLD,676.87,733.42,9.96,9.96,opennem.org.au,false,
2023-03-04 18:00:00,Australia,Queensland,AU-QLD,688.05,745.31,8.49,8.49,opennem.org.au,false,
2023-03-04 19:00:00,Australia,Queensland,AU-QLD,704.17,762.46,6.38,6.38,opennem.org.au,false,
2023-03-04 20:00:00,Australia,Queensland,AU-QLD,671.14,729.0,10.77,10.77,opennem.org.au,false,
2023-03-04 21:00:00,Australia,Queensland,AU-QLD,498.72,553.34,33.47,33.47,opennem.org.au,false,
2023-03-04 22:00:00,Australia,Queensland,AU-QLD,403.64,456.71,46.09,46.09,opennem.org.au,false,
2023-03-04 23:00:00,Australia,Queensland,AU-QLD,347.72,399.73,53.49,53.49,opennem.org.au,false,
2023-03-05 00:00:00,Australia,Queensland,AU-QLD,339.49,391.56,54.6,54.6,opennem.org.au,false,
2023-03-05 01:00:00,Australia,Queensland,AU-QLD,333.47,385.43,55.4,55.4,opennem.org.au,false,
2023-03-05 02:00:00,Australia,Queensland,AU-QLD,320.71,372.5,57.1,57.1,opennem.org.au,false,
2023-03-05 03:00:00,Australia,Queensland,AU-QLD,332.12,384.13,55.63,55.63,opennem.org.au,false,
2023-03-05 04:00:00,Australia,Queensland,AU-QLD,343.87,396.12,53.96,53.96,opennem.org.au,false,
2023-03-05 05:00:00,Australia,Queensland,AU-QLD,399.21,454.26,45.13,45.13,opennem.org.au,false,
2023-03-05 06:00:00,Australia,Queensland,AU-QLD,468.15,525.71,35.05,35.05,opennem.org.au,false,
2023-03-05 07:00:00,Australia,Queensland,AU-QLD,558.31,619.37,21.38,21.38,opennem.org.au,false,
2023-03-05 08:00:00,Australia,Queensland,AU-QLD,630.95,695.5,9.79,9.79,opennem.org.au,false,
2023-03-05 09:00:00,Australia,Queensland,AU-QLD,641.86,706.28,8.61,8.61,opennem.org.au,false,
2023-03-05 10:00:00,Australia,Queensland,AU-QLD,643.96,706.88,9.28,9.28,opennem.org.au,false,
2023-03-05 11:00:00,Australia,Queensland,AU-QLD,658.74,721.32,7.98,7.98,opennem.org.au,false,
2023-03-05 12:00:00,Australia,Queensland,AU-QLD,678.21,736.56,8.74,8.74,opennem.org.au,false,
2023-03-05 13:00:00,Australia,Queensland,AU-QLD,685.56,742.69,8.8,8.8,opennem.org.au,false,
2023-03-05 14:00:00,Australia,Queensland,AU-QLD,684.03,741.15,8.95,8.95,opennem.org.au,false,
2023-03-05 15:00:00,Australia,Queensland,AU-QLD,685.58,742.88,8.68,8.68,opennem.org.au,false,
2023-03-05 16:00:00,Australia,Queensland,AU-QLD,692.81,750.53,7.73,7.73,opennem.org.au,false,
2023-03-05 17:00:00,Australia,Queensland,AU-QLD,694.45,752.33,7.51,7.51,opennem.org.au,false,
2023-03-05 18:00:00,Australia,Queensland,AU-QLD,695.1,753.04,7.45,7.45,opennem.org.au,false,
2023-03-05 19:00:00,Australia,Queensland,AU-QLD,701.13,759.38,6.7,6.7,opennem.org.au,false,
2023-03-05 20:00:00,Australia,Queensland,AU-QLD,659.38,716.16,12.68,12.68,opennem.org.au,false,
2023-03-05 21:00:00,Australia,Queensland,AU-QLD,517.35,572.26,31.18,31.18,opennem.org.au,false,
2023-03-05 22:00:00,Australia,Queensland,AU-QLD,436.62,490.19,41.86,41.86,opennem.org.au,false,
2023-03-05 23:00:00,Australia,Queensland,AU-QLD,396.86,449.88,47.11,47.11,opennem.org.au,false,
2023-03-06 00:00:00,Australia,Queensland,AU-QLD,379.26,432.1,49.44,49.44,opennem.org.au,false,
2023-03-06 01:00:00,Australia,Queensland,AU-QLD,357.44,409.87,52.34,52.34,opennem.org.au,false,
2023-03-06 02:00:00,Australia,Queensland,AU-QLD,347.98,400.22,53.61,53.61,opennem.org.au,false,
2023-03-06 03:00:00,Australia,Queensland,AU-QLD,346.19,398.81,53.48,53.48,opennem.org.au,false,
2023-03-06 04:00:00,Australia,Queensland,AU-QLD,379.94,434.33,48.17,48.17,opennem.org.au,false,
2023-03-06 05:00:00,Australia,Queensland,AU-QLD,438.29,497.06,37.99,37.99,Electricity Maps Estimation,true,ESTIMATED_TIME_SLICER_AVERAGE
2023-03-06 06:00:00,Australia,Queensland,AU-QLD,499.24,562.57,27.37,27.37,Electricity Maps Estimation,true,ESTIMATED_TIME_SLICER_AVERAGE
2023-03-06 07:00:00,Australia,Queensland,AU-QLD,563.22,631.33,16.22,16.22,opennem.org.au,false,
2023-03-06 08:00:00,Australia,Queensland,AU-QLD,611.15,680.94,8.54,8.54,opennem.org.au,false,
2023-03-06 09:00:00,Australia,Queensland,AU-QLD,623.26,692.61,7.34,7.34,opennem.org.au,false,
2023-03-06 10:00:00,Australia,Queensland,AU-QLD,640.36,707.5,6.93,6.93,opennem.org.au,false,
2023-03-06 11:00:00,Australia,Queensland,AU-QLD,656.83,722.49,6.29,6.29,opennem.org.au,false,
2023-03-06 12:00:00,Australia,Queensland,AU-QLD,662.56,727.52,6.19,6.19,opennem.org.au,false,
2023-03-06 13:00:00,Australia,Queensland,AU-QLD,682.91,744.62,6.27,6.27,opennem.org.au,false,
2023-03-06 14:00:00,Australia,Queensland,AU-QLD,686.66,746.88,6.83,6.83,opennem.org.au,false,
2023-03-06 15:00:00,Australia,Queensland,AU-QLD,687.31,747.65,6.71,6.71,opennem.org.au,false,
2023-03-06 16:00:00,Australia,Queensland,AU-QLD,688.33,748.74,6.57,6.57,opennem.org.au,false,
2023-03-06 17:00:00,Australia,Queensland,AU-QLD,687.56,747.95,6.65,6.65,opennem.org.au,false,
2023-03-06 18:00:00,Australia,Queensland,AU-QLD,692.98,753.46,6.08,6.08,opennem.org.au,false,
2023-03-06 19:00:00,Australia,Queensland,AU-QLD,696.03,757.67,5.1,5.1,opennem.org.au,false,
2023-03-06 20:00:00,Australia,Queensland,AU-QLD,664.8,725.67,9.4,9.4,opennem.org.au,false,
2023-03-06 21:00:00,Australia,Queensland,AU-QLD,561.78,618.5,24.9,24.9,opennem.org.au,false,
2023-03-06 22:00:00,Australia,Queensland,AU-QLD,478.13,532.76,36.41,36.41,opennem.org.au,false,
2023-03-06 23:00:00,Australia,Queensland,AU-QLD,396.66,449.84,47.15,47.15,opennem.org.au,false,
2023-03-07 00:00:00,Australia,Queensland,AU-QLD,376.07,428.88,49.89,49.89,opennem.org.au,false,
2023-03-07 01:00:00,Australia,Queensland,AU-QLD,357.24,409.7,52.4,52.4,opennem.org.au,false,
2023-03-07 02:00:00,Australia,Queensland,AU-QLD,372.53,425.73,50.06,50.06,opennem.org.au,false,
2023-03-07 03:00:00,Australia,Queensland,AU-QLD,397.41,453.27,45.15,45.15,opennem.org.au,false,
2023-03-07 04:00:00,Australia,Queensland,AU-QLD,436.68,494.04,39.45,39.45,opennem.org.au,false,
2023-03-07 05:00:00,Australia,Queensland,AU-QLD,490.07,551.64,30.01,30.01,opennem.org.au,false,
2023-03-07 06:00:00,Australia,Queensland,AU-QLD,551.41,617.16,19.49,19.49,opennem.org.au,false,
2023-03-07 07:00:00,Australia,Queensland,AU-QLD,599.55,668.67,11.08,11.08,opennem.org.au,false,
2023-03-07 08:00:00,Australia,Queensland,AU-QLD,630.84,701.98,5.73,5.73,opennem.org.au,false,
2023-03-07 09:00:00,Australia,Queensland,AU-QLD,644.76,715.18,4.7,4.7,opennem.org.au,false,
2023-03-07 10:00:00,Australia,Queensland,AU-QLD,662.29,731.18,3.86,3.86,opennem.org.au,false,
2023-03-07 11:00:00,Australia,Queensland,AU-QLD,672.3,739.35,4.04,4.04,opennem.org.au,false,
2023-03-07 12:00:00,Australia,Queensland,AU-QLD,684.74,750.07,3.93,3.93,opennem.org.au,false,
2023-03-07 13:00:00,Australia,Queensland,AU-QLD,697.13,759.67,4.47,4.47,opennem.org.au,false,
2023-03-07 14:00:00,Australia,Queensland,AU-QLD,692.93,755.28,4.99,4.99,opennem.org.au,false,
2023-03-07 15:00:00,Australia,Queensland,AU-QLD,690.97,752.98,5.38,5.38,opennem.org.au,false,
2023-03-07 16:00:00,Australia,Queensland,AU-QLD,688.61,750.42,5.71,5.71,opennem.org.au,false,
2023-03-07 17:00:00,Australia,Queensland,AU-QLD,687.46,749.56,5.65,5.65,opennem.org.au,false,
2023-03-07 18:00:00,Australia,Queensland,AU-QLD,692.83,755.03,5.09,5.09,opennem.org.au,false,
2023-03-07 19:00:00,Australia,Queensland,AU-QLD,693.67,756.49,4.63,4.63,opennem.org.au,false,
2023-03-07 20:00:00,Australia,Queensland,AU-QLD,688.37,751.07,5.54,5.54,opennem.org.au,false,
2023-03-07 21:00:00,Australia,Queensland,AU-QLD,632.27,691.37,14.87,14.87,opennem.org.au,false,
2023-03-07 22:00:00,Australia,Queensland,AU-QLD,577.48,635.29,22.34,22.34,opennem.org.au,false,
2023-03-07 23:00:00,Australia,Queensland,AU-QLD,512.93,569.41,30.98,30.98,opennem.org.au,false,
2023-03-08 00:00:00,Australia,Queensland,AU-QLD,477.96,533.69,35.76,35.76,opennem.org.au,false,
2023-03-08 01:00:00,Australia,Queensland,AU-QLD,486.35,542.26,34.64,34.64,opennem.org.au,false,
2023-03-08 02:00:00,Australia,Queensland,AU-QLD,484.98,541.28,34.51,34.51,opennem.org.au,false,
2023-03-08 03:00:00,Australia,Queensland,AU-QLD,494.86,552.62,32.27,32.27,opennem.org.au,false,
2023-03-08 04:00:00,Australia,Queensland,AU-QLD,505.28,565.23,29.41,29.41,opennem.org.au,false,
2023-03-08 05:00:00,Australia,Queensland,AU-QLD,544.08,607.39,22.2,22.2,opennem.org.au,false,
2023-03-08 06:00:00,Australia,Queensland,AU-QLD,579.84,646.05,15.89,15.89,opennem.org.au,false,
2023-03-08 07:00:00,Australia,Queensland,AU-QLD,625.33,693.66,8.75,8.75,opennem.org.au,false,
2023-03-08 08:00:00,Australia,Queensland,AU-QLD,647.83,718.25,4.44,4.44,opennem.org.au,false,
2023-03-08 09:00:00,Australia,Queensland,AU-QLD,652.41,722.3,4.32,4.32,opennem.org.au,false,
2023-03-08 10:00:00,Australia,Queensland,AU-QLD,664.68,734.18,3.32,3.32,opennem.org.au,false,
2023-03-08 11:00:00,Australia,Queensland,AU-QLD,677.24,746.0,2.53,2.53,opennem.org.au,false,
2023-03-08 12:00:00,Australia,Queensland,AU-QLD,690.97,757.24,2.76,2.76,opennem.org.au,false,
2023-03-08 13:00:00,Australia,Queensland,AU-QLD,709.2,772.77,2.71,2.71,opennem.org.au,false,
2023-03-08 14:00:00,Australia,Queensland,AU-QLD,704.67,768.33,3.1,3.1,opennem.org.au,false,
2023-03-08 15:00:00,Australia,Queensland,AU-QLD,697.48,761.12,3.79,3.79,opennem.org.au,false,
2023-03-08 16:00:00,Australia,Queensland,AU-QLD,700.85,765.11,3.1,3.1,opennem.org.au,false,
2023-03-08 17:00:00,Australia,Queensland,AU-QLD,700.98,765.24,3.09,3.09,opennem.org.au,false,
2023-03-08 18:00:00,Australia,Queensland,AU-QLD,703.06,766.3,3.5,3.5,opennem.org.au,false,
2023-03-08 19:00:00,Australia,Queensland,AU-QLD,703.33,767.52,2.89,2.89,opennem.org.au,false,
2023-03-08 20:00:00,Australia,Queensland,AU-QLD,698.34,762.04,3.87,3.87,opennem.org.au,false,
2023-03-08 21:00:00,Australia,Queensland,AU-QLD,645.29,707.42,11.33,11.33,opennem.org.au,false,
2023-03-08 22:00:00,Australia,Queensland,AU-QLD,591.1,651.41,19.07,19.07,opennem.org.au,false,
2023-03-08 23:00:00,Australia,Queensland,AU-QLD,546.44,605.89,24.96,24.96,opennem.org.au,false,
2023-03-09 00:00:00,Australia,Queensland,AU-QLD,527.26,585.97,27.74,27.74,opennem.org.au,false,
2023-03-09 01:00:00,Australia,Queensland,AU-QLD,514.15,572.5,29.55,29.55,opennem.org.au,false,
2023-03-09 02:00:00,Australia,Queensland,AU-QLD,507.57,565.62,30.53,30.53,opennem.org.au,false,
2023-03-09 03:00:00,Australia,Queensland,AU-QLD,526.97,587.24,26.55,26.55,opennem.org.au,false,
2023-03-09 04:00:00,Australia,Queensland,AU-QLD,538.88,600.68,23.98,23.98,opennem.org.au,false,
2023-03-09 05:00:00,Australia,Queensland,AU-QLD,560.18,623.83,20.02,20.02,opennem.org.au,false,
2023-03-09 06:00:00,Australia,Queensland,AU-QLD,593.72,658.74,15.02,15.02,opennem.org.au,false,
2023-03-09 07:00:00,Australia,Queensland,AU-QLD,637.23,704.97,7.78,7.78,opennem.org.au,false,
2023-03-09 08:00:00,Australia,Queensland,AU-QLD,646.16,714.61,5.86,5.86,opennem.org.au,false,
2023-03-09 09:00:00,Australia,Queensland,AU-QLD,643.95,711.85,6.31,6.31,opennem.org.au,false,
2023-03-09 10:00:00,Australia,Queensland,AU-QLD,665.81,733.94,3.98,3.98,opennem.org.au,false,
2023-03-09 11:00:00,Australia,Queensland,AU-QLD,683.09,750.05,3.09,3.09,opennem.org.au,false,
2023-03-09 12:00:00,Australia,Queensland,AU-QLD,704.67,768.34,3.07,3.07,opennem.org.au,false,
2023-03-09 13:00:00,Australia,Queensland,AU-QLD,719.49,781.39,2.77,2.77,opennem.org.au,false,
2023-03-09 14:00:00,Australia,Queensland,AU-QLD,721.78,783.27,2.81,2.81,opennem.org.au,false,
2023-03-09 15:00:00,Australia,Queensland,AU-QLD,717.77,779.58,3.0,3.0,opennem.org.au,false,
2023-03-09 16:00:00,Australia,Queensland,AU-QLD,716.7,778.45,3.15,3.15,opennem.org.au,false,
2023-03-09 17:00:00,Australia,Queensland,AU-QLD,717.85,779.66,3.01,3.01,opennem.org.au,false,
2023-03-09 18:00:00,Australia,Queensland,AU-QLD,717.38,779.15,3.07,3.07,opennem.org.au,false,
2023-03-09 19:00:00,Australia,Queensland,AU-QLD,710.88,772.1,4.01,4.01,opennem.org.au,false,
2023-03-09 20:00:00,Australia,Queensland,AU-QLD,681.9,741.21,8.28,8.28,opennem.org.au,false,
2023-03-09 21:00:00,Australia,Queensland,AU-QLD,633.27,691.71,14.79,14.79,opennem.org.au,false,
2023-03-09 22:00:00,Australia,Queensland,AU-QLD,536.34,592.71,27.73,27.73,opennem.org.au,false,
2023-03-09 23:00:00,Australia,Queensland,AU-QLD,479.22,534.38,35.37,35.37,opennem.org.au,false,
2023-03-10 00:00:00,Australia,Queensland,AU-QLD,468.55,523.54,36.84,36.84,opennem.org.au,false,
2023-03-10 01:00:00,Australia,Queensland,AU-QLD,485.7,541.37,34.54,34.54,opennem.org.au,false,
2023-03-10 02:00:00,Australia,Queensland,AU-QLD,486.28,541.8,34.47,34.47,opennem.org.au,false,
2023-03-10 03:00:00,Australia,Queensland,AU-QLD,505.5,561.57,31.8,31.8,opennem.org.au,false,
2023-03-10 04:00:00,Australia,Queensland,AU-QLD,525.96,583.56,28.27,28.27,opennem.org.au,false,
2023-03-10 05:00:00,Australia,Queensland,AU-QLD,553.85,613.47,23.55,23.55,opennem.org.au,false,
2023-03-10 06:00:00,Australia,Queensland,AU-QLD,576.75,636.93,20.08,20.08,opennem.org.au,false,
2023-03-10 07:00:00,Australia,Queensland,AU-QLD,616.96,679.01,13.56,13.56,opennem.org.au,false,
2023-03-10 08:00:00,Australia,Queensland,AU-QLD,617.6,678.63,13.27,13.27,opennem.org.au,false,
2023-03-10 09:00:00,Australia,Queensland,AU-QLD,636.03,697.76,10.87,10.87,opennem.org.au,false,
2023-03-10 10:00:00,Australia,Queensland,AU-QLD,645.72,707.75,9.69,9.69,opennem.org.au,false,
2023-03-10 11:00:00,Australia,Queensland,AU-QLD,669.07,729.88,8.09,8.09,opennem.org.au,false,
2023-03-10 12:00:00,Australia,Queensland,AU-QLD,667.09,728.06,8.19,8.19,opennem.org.au,false,
2023-03-10 13:00:00,Australia,Queensland,AU-QLD,666.97,728.01,8.16,8.16,opennem.org.au,false,
2023-03-10 14:00:00,Australia,Queensland,AU-QLD,673.76,732.58,8.89,8.89,opennem.org.au,false,
2023-03-10 15:00:00,Australia,Queensland,AU-QLD,674.82,732.88,9.25,9.25,opennem.org.au,false,
2023-03-10 16:00:00,Australia,Queensland,AU-QLD,675.14,733.18,9.24,9.24,opennem.org.au,false,
2023-03-10 17:00:00,Australia,Queensland,AU-QLD,675.83,733.89,9.16,9.16,opennem.org.au,false,
2023-03-10 18:00:00,Australia,Queensland,AU-QLD,677.64,735.79,8.94,8.94,opennem.org.au,false,
2023-03-10 19:00:00,Australia,Queensland,AU-QLD,681.0,739.35,8.5,8.5,opennem.org.au,false,
2023-03-10 20:00:00,Australia,Queensland,AU-QLD,675.28,732.99,9.8,9.8,opennem.org.au,false,
2023-03-10 21:00:00,Australia,Queensland,AU-QLD,603.61,659.56,19.72,19.72,opennem.org.au,false,
2023-03-10 22:00:00,Australia,Queensland,AU-QLD,532.15,586.84,29.18,29.18,opennem.org.au,false,
2023-03-10 23:00:00,Australia,Queensland,AU-QLD,465.3,518.79,37.97,37.97,opennem.org.au,false,
2023-03-11 00:00:00,Australia,Queensland,AU-QLD,476.15,530.85,36.35,36.35,opennem.org.au,false,
2023-03-11 01:00:00,Australia,Queensland,AU-QLD,471.8,526.3,37.02,37.02,opennem.org.au,false,
2023-03-11 02:00:00,Australia,Queensland,AU-QLD,476.35,531.23,36.48,36.48,opennem.org.au,false,
2023-03-11 03:00:00,Australia,Queensland,AU-QLD,476.47,531.52,36.23,36.23,opennem.org.au,false,
2023-03-11 04:00:00,Australia,Queensland,AU-QLD,516.11,573.92,29.75,29.75,opennem.org.au,false,
2023-03-11 05:00:00,Australia,Queensland,AU-QLD,544.78,604.56,24.83,24.83,opennem.org.au,false,
2023-03-11 06:00:00,Australia,Queensland,AU-QLD,572.12,634.49,19.5,19.5,opennem.org.au,false,
2023-03-11 07:00:00,Australia,Queensland,AU-QLD,605.95,668.8,14.6,14.6,opennem.org.au,false,
2023-03-11 08:00:00,Australia,Queensland,AU-QLD,644.35,707.66,9.35,9.35,opennem.org.au,false,
2023-03-11 09:00:00,Australia,Queensland,AU-QLD,649.12,712.81,8.52,8.52,opennem.org.au,false,
2023-03-11 10:00:00,Australia,Queensland,AU-QLD,656.87,720.96,7.5,7.5,opennem.org.au,false,
2023-03-11 11:00:00,Australia,Queensland,AU-QLD,673.04,737.75,5.39,5.39,opennem.org.au,false,
2023-03-11 12:00:00,Australia,Queensland,AU-QLD,684.8,744.97,7.04,7.04,opennem.org.au,false,
2023-03-11 13:00:00,Australia,Queensland,AU-QLD,710.38,771.02,4.4,4.4,opennem.org.au,false,
2023-03-11 14:00:00,Australia,Queensland,AU-QLD,697.45,757.01,6.27,6.27,opennem.org.au,false,
2023-03-11 15:00:00,Australia,Queensland,AU-QLD,680.93,739.94,8.16,8.16,opennem.org.au,false,
2023-03-11 16:00:00,Australia,Queensland,AU-QLD,686.81,745.94,7.54,7.54,opennem.org.au,false,
2023-03-11 17:00:00,Australia,Queensland,AU-QLD,700.94,760.81,5.78,5.78,opennem.org.au,false,
2023-03-11 18:00:00,Australia,Queensland,AU-QLD,706.93,767.18,4.99,4.99,opennem.org.au,false,
2023-03-11 19:00:00,Australia,Queensland,AU-QLD,707.73,767.56,5.15,5.15,opennem.org.au,false,
2023-03-11 20:00:00,Australia,Queensland,AU-QLD,690.27,749.9,7.45,7.45,opennem.org.au,false,
2023-03-11 21:00:00,Australia,Queensland,AU-QLD,593.04,650.74,20.52,20.52,opennem.org.au,false,
2023-03-11 22:00:00,Australia,Queensland,AU-QLD,509.77,565.7,31.58,31.58,opennem.org.au,false,
2023-03-11 23:00:00,Australia,Queensland,AU-QLD,445.8,500.48,40.09,40.09,opennem.org.au,false,
2023-03-12 00:00:00,Australia,Queensland,AU-QLD,429.06,483.52,42.37,42.37,opennem.org.au,false,
2023-03-12 01:00:00,Australia,Queensland,AU-QLD,435.59,490.14,41.45,41.45,opennem.org.au,false,
2023-03-12 02:00:00,Australia,Queensland,AU-QLD,426.58,482.24,41.53,41.53,opennem.org.au,false,
2023-03-12 03:00:00,Australia,Queensland,AU-QLD,440.09,497.13,38.88,38.88,opennem.org.au,false,
2023-03-12 04:00:00,Australia,Queensland,AU-QLD,467.31,524.83,34.84,34.84,opennem.org.au,false,
2023-03-12 05:00:00,Australia,Queensland,AU-QLD,513.42,573.46,27.99,27.99,opennem.org.au,false,
2023-03-12 06:00:00,Australia,Queensland,AU-QLD,566.55,628.08,20.6,20.6,opennem.org.au,false,
2023-03-12 07:00:00,Australia,Queensland,AU-QLD,607.89,671.74,13.88,13.88,opennem.org.au,false,
2023-03-12 08:00:00,Australia,Queensland,AU-QLD,649.78,714.74,7.72,7.72,opennem.org.au,false,
2023-03-12 09:00:00,Australia,Queensland,AU-QLD,672.11,737.92,4.95,4.95,opennem.org.au,false,
2023-03-12 10:00:00,Australia,Queensland,AU-QLD,684.65,750.07,3.93,3.93,opennem.org.au,false,
2023-03-12 11:00:00,Australia,Queensland,AU-QLD,695.87,760.76,3.19,3.19,opennem.org.au,false,
2023-03-12 12:00:00,Australia,Queensland,AU-QLD,714.17,776.97,2.73,2.73,opennem.org.au,false,
2023-03-12 13:00:00,Australia,Queensland,AU-QLD,714.68,776.94,3.03,3.03,opennem.org.au,false,
2023-03-12 14:00:00,Australia,Queensland,AU-QLD,712.12,774.78,3.03,3.03,opennem.org.au,false,
2023-03-12 15:00:00,Australia,Queensland,AU-QLD,710.01,772.46,3.35,3.35,opennem.org.au,false,
2023-03-12 16:00:00,Australia,Queensland,AU-QLD,710.56,773.07,3.27,3.27,opennem.org.au,false,
2023-03-12 17:00:00,Australia,Queensland,AU-QLD,711.39,773.97,3.14,3.14,opennem.org.au,false,
2023-03-12 18:00:00,Australia,Queensland,AU-QLD,717.31,780.09,2.47,2.47,opennem.org.au,false,
2023-03-12 19:00:00,Australia,Queensland,AU-QLD,715.14,777.7,2.81,2.81,opennem.org.au,false,
2023-03-12 20:00:00,Australia,Queensland,AU-QLD,686.24,747.95,6.73,6.73,opennem.org.au,false,
2023-03-12 21:00:00,Australia,Queensland,AU-QLD,586.38,645.64,20.47,20.47,opennem.org.au,false,
2023-03-12 22:00:00,Australia,Queensland,AU-QLD,520.53,578.71,29.06,29.06,opennem.org.au,false,
2023-03-12 23:00:00,Australia,Queensland,AU-QLD,452.85,508.96,38.5,38.5,opennem.org.au,false,
2023-03-13 00:00:00,Australia,Queensland,AU-QLD,440.98,497.2,39.81,39.81,opennem.org.au,false,
2023-03-13 01:00:00,Australia,Queensland,AU-QLD,410.39,465.19,44.4,44.4,opennem.org.au,false,
2023-03-13 02:00:00,Australia,Queensland,AU-QLD,412.18,467.39,43.85,43.85,opennem.org.au,false,
2023-03-13 03:00:00,Australia,Queensland,AU-QLD,410.68,466.19,43.78,43.78,opennem.org.au,false,
2023-03-13 04:00:00,Australia,Queensland,AU-QLD,415.18,472.18,42.13,42.13,opennem.org.au,false,
2023-03-13 05:00:00,Australia,Queensland,AU-QLD,459.83,519.17,35.05,35.05,opennem.org.au,false,
2023-03-13 06:00:00,Australia,Queensland,AU-QLD,515.52,577.02,26.79,26.79,opennem.org.au,false,
2023-03-13 07:00:00,Australia,Queensland,AU-QLD,584.28,650.21,15.03,15.03,opennem.org.au,false,
2023-03-13 08:00:00,Australia,Queensland,AU-QLD,617.23,684.41,9.59,9.59,opennem.org.au,false,
2023-03-13 09:00:00,Australia,Queensland,AU-QLD,625.77,692.26,8.99,8.99,opennem.org.au,false,
2023-03-13 10:00:00,Australia,Queensland,AU-QLD,642.8,708.62,7.71,7.71,opennem.org.au,false,
2023-03-13 11:00:00,Australia,Queensland,AU-QLD,667.66,733.52,5.21,5.21,opennem.org.au,false,
2023-03-13 12:00:00,Australia,Queensland,AU-QLD,678.51,742.44,5.35,5.35,opennem.org.au,false,
2023-03-13 13:00:00,Australia,Queensland,AU-QLD,685.37,747.24,5.97,5.97,opennem.org.au,false,
2023-03-13 14:00:00,Australia,Queensland,AU-QLD,683.57,745.63,6.03,6.03,opennem.org.au,false,
2023-03-13 15:00:00,Australia,Queensland,AU-QLD,682.0,743.99,6.22,6.22,opennem.org.au,false,
2023-03-13 16:00:00,Australia,Queensland,AU-QLD,676.29,737.86,7.01,7.01,opennem.org.au,false,
2023-03-13 17:00:00,Australia,Queensland,AU-QLD,678.97,740.79,6.6,6.6,opennem.org.au,false,
2023-03-13 18:00:00,Australia,Queensland,AU-QLD,690.15,752.02,5.54,5.54,opennem.org.au,false,
2023-03-13 19:00:00,Australia,Queensland,AU-QLD,681.1,742.27,6.8,6.8,opennem.org.au,false,
2023-03-13 20:00:00,Australia,Queensland,AU-QLD,662.7,723.45,9.33,9.33,opennem.org.au,false,
2023-03-13 21:00:00,Australia,Queensland,AU-QLD,541.36,599.26,26.24,26.24,opennem.org.au,false,
2023-03-13 22:00:00,Australia,Queensland,AU-QLD,467.29,523.67,36.45,36.45,opennem.org.au,false,
2023-03-13 23:00:00,Australia,Queensland,AU-QLD,400.22,454.23,46.09,46.09,opennem.org.au,false,
2023-03-14 00:00:00,Australia,Queensland,AU-QLD,376.76,430.71,49.05,49.05,opennem.org.au,false,
2023-03-14 01:00:00,Australia,Queensland,AU-QLD,381.44,435.28,48.64,48.64,opennem.org.au,false,
2023-03-14 02:00:00,Australia,Queensland,AU-QLD,392.51,446.7,47.07,47.07,opennem.org.au,false,
2023-03-14 03:00:00,Australia,Queensland,AU-QLD,397.55,452.4,45.97,45.97,opennem.org.au,false,
2023-03-14 04:00:00,Australia,Queensland,AU-QLD,396.79,452.29,45.53,45.53,opennem.org.au,false,
2023-03-14 05:00:00,Australia,Queensland,AU-QLD,433.97,491.08,39.91,39.91,opennem.org.au,false,
2023-03-14 06:00:00,Australia,Queensland,AU-QLD,473.33,533.05,33.18,33.18,opennem.org.au,false,
2023-03-14 07:00:00,Australia,Queensland,AU-QLD,565.28,631.78,17.04,17.04,opennem.org.au,false,
2023-03-14 08:00:00,Australia,Queensland,AU-QLD,619.86,688.91,8.12,8.12,opennem.org.au,false,
2023-03-14 09:00:00,Australia,Queensland,AU-QLD,620.04,688.52,8.28,8.28,opennem.org.au,false,
2023-03-14 10:00:00,Australia,Queensland,AU-QLD,632.79,700.77,7.28,7.28,opennem.org.au,false,
2023-03-14 11:00:00,Australia,Queensland,AU-QLD,654.97,721.72,5.83,5.83,opennem.org.au,false,
2023-03-14 12:00:00,Australia,Queensland,AU-QLD,660.8,726.77,5.76,5.76,opennem.org.au,false,
2023-03-14 13:00:00,Australia,Queensland,AU-QLD,675.7,738.27,6.43,6.43,opennem.org.au,false,
2023-03-14 14:00:00,Australia,Queensland,AU-QLD,669.59,731.49,7.41,7.41,opennem.org.au,false,
2023-03-14 15:00:00,Australia,Queensland,AU-QLD,674.14,735.22,7.49,7.49,opennem.org.au,false,
2023-03-14 16:00:00,Australia,Queensland,AU-QLD,676.09,737.3,7.23,7.23,opennem.org.au,false,
2023-03-14 17:00:00,Australia,Queensland,AU-QLD,680.89,742.41,6.59,6.59,opennem.org.au,false,
2023-03-14 18:00:00,Australia,Queensland,AU-QLD,680.01,742.48,6.1,6.1,opennem.org.au,false,
2023-03-14 19:00:00,Australia,Queensland,AU-QLD,688.92,752.26,4.75,4.75,opennem.org.au,false,
2023-03-14 20:00:00,Australia,Queensland,AU-QLD,676.48,737.98,7.6,7.6,opennem.org.au,false,
2023-03-14 21:00:00,Australia,Queensland,AU-QLD,559.18,616.15,24.95,24.95,opennem.org.au,false,
2023-03-14 22:00:00,Australia,Queensland,AU-QLD,484.63,540.35,34.9,34.9,opennem.org.au,false,
2023-03-14 23:00:00,Australia,Queensland,AU-QLD,431.21,485.98,42.01,42.01,opennem.org.au,false,
2023-03-15 00:00:00,Australia,Queensland,AU-QLD,397.65,451.69,46.52,46.52,opennem.org.au,false,
2023-03-15 01:00:00,Australia,Queensland,AU-QLD,393.42,447.48,47.07,47.07,opennem.org.au,false,
2023-03-15 02:00:00,Australia,Queensland,AU-QLD,394.36,448.42,46.93,46.93,opennem.org.au,false,
2023-03-15 03:00:00,Australia,Queensland,AU-QLD,433.79,489.32,41.16,41.16,opennem.org.au,false,
2023-03-15 04:00:00,Australia,Queensland,AU-QLD,415.39,471.87,42.6,42.6,opennem.org.au,false,
2023-03-15 05:00:00,Australia,Queensland,AU-QLD,457.83,517.38,35.18,35.18,opennem.org.au,false,
2023-03-15 06:00:00,Australia,Queensland,AU-QLD,522.24,586.05,24.38,24.38,opennem.org.au,false,
2023-03-15 07:00:00,Australia,Queensland,AU-QLD,584.32,652.75,13.41,13.41,opennem.org.au,false,
2023-03-15 08:00:00,Australia,Queensland,AU-QLD,630.3,700.68,6.22,6.22,opennem.org.au,false,
2023-03-15 09:00:00,Australia,Queensland,AU-QLD,635.43,706.32,5.3,5.3,opennem.org.au,false,
2023-03-15 10:00:00,Australia,Queensland,AU-QLD,653.02,724.46,3.14,3.14,opennem.org.au,false,
2023-03-15 11:00:00,Australia,Queensland,AU-QLD,667.72,737.56,2.79,2.79,opennem.org.au,false,
2023-03-15 12:00:00,Australia,Queensland,AU-QLD,679.64,747.5,2.86,2.86,opennem.org.au,false,
2023-03-15 13:00:00,Australia,Queensland,AU-QLD,692.16,757.41,3.26,3.26,opennem.org.au,false,
2023-03-15 14:00:00,Australia,Queensland,AU-QLD,700.61,765.15,2.92,2.92,opennem.org.au,false,
2023-03-15 15:00:00,Australia,Queensland,AU-QLD,703.35,767.99,2.61,2.61,opennem.org.au,false,
2023-03-15 16:00:00,Australia,Queensland,AU-QLD,708.52,772.12,2.76,2.76,opennem.org.au,false,
2023-03-15 17:00:00,Australia,Queensland,AU-QLD,709.15,773.01,2.54,2.54,Electricity Maps Estimation,true,ESTIMATED_TIME_SLICER_AVERAGE
2023-03-15 18:00:00,Australia,Queensland,AU-QLD,709.75,773.88,2.32,2.32,opennem.org.au,false,
2023-03-15 19:00:00,Australia,Queensland,AU-QLD,706.14,770.73,2.37,2.37,opennem.org.au,false,
2023-03-15 20:00:00,Australia,Queensland,AU-QLD,677.31,741.47,6.04,6.04,opennem.org.au,false,
2023-03-15 21:00:00,Australia,Queensland,AU-QLD,545.76,604.83,25.48,25.48,opennem.org.au,false,
2023-03-15 22:00:00,Australia,Queensland,AU-QLD,456.89,512.57,38.5,38.5,opennem.org.au,false,
2023-03-15 23:00:00,Australia,Queensland,AU-QLD,417.52,472.43,43.67,43.67,opennem.org.au,false,
2023-03-16 00:00:00,Australia,Queensland,AU-QLD,399.05,453.6,46.14,46.14,opennem.org.au,false,
2023-03-16 01:00:00,Australia,Queensland,AU-QLD,394.26,449.19,46.48,46.48,opennem.org.au,false,
2023-03-16 02:00:00,Australia,Queensland,AU-QLD,394.17,449.74,45.95,45.95,Electricity Maps Estimation,true,ESTIMATED_TIME_SLICER_AVERAGE
2023-03-16 03:00:00,Australia,Queensland,AU-QLD,394.07,450.3,45.4,45.4,Electricity Maps Estimation,true,ESTIMATED_TIME_SLICER_AVERAGE
2023-03-16 04:00:00,Australia,Queensland,AU-QLD,392.94,449.71,45.01,45.01,opennem.org.au,false,
2023-03-16 05:00:00,Australia,Queensland,AU-QLD,429.21,487.8,39.09,39.09,opennem.org.au,false,
2023-03-16 06:00:00,Australia,Queensland,AU-QLD,486.19,551.7,27.77,27.77,opennem.org.au,false,
2023-03-16 07:00:00,Australia,Queensland,AU-QLD,556.25,629.21,14.89,14.89,opennem.org.au,false,
2023-03-16 08:00:00,Australia,Queensland,AU-QLD,604.15,682.19,6.02,6.02,opennem.org.au,false,
2023-03-16 09:00:00,Australia,Queensland,AU-QLD,619.89,697.43,4.05,4.05,opennem.org.au,false,
2023-03-16 10:00:00,Australia,Queensland,AU-QLD,635.16,707.35,4.89,4.89,opennem.org.au,false,
2023-03-16 11:00:00,Australia,Queensland,AU-QLD,661.23,731.68,2.99,2.99,opennem.org.au,false,
2023-03-16 12:00:00,Australia,Queensland,AU-QLD,687.26,752.68,3.61,3.61,opennem.org.au,false,
2023-03-16 13:00:00,Australia,Queensland,AU-QLD,697.7,761.61,3.56,3.56,opennem.org.au,false,
2023-03-16 14:00:00,Australia,Queensland,AU-QLD,694.08,757.6,4.14,4.14,opennem.org.au,false,
2023-03-16 15:00:00,Australia,Queensland,AU-QLD,699.21,763.28,3.35,3.35,opennem.org.au,false,
2023-03-16 16:00:00,Australia,Queensland,AU-QLD,697.57,761.63,3.5,3.5,opennem.org.au,false,
2023-03-16 17:00:00,Australia,Queensland,AU-QLD,696.8,760.85,3.57,3.57,opennem.org.au,false,
2023-03-16 18:00:00,Australia,Queensland,AU-QLD,700.45,764.91,2.99,2.99,opennem.org.au,false,
2023-03-16 19:00:00,Australia,Queensland,AU-QLD,700.88,765.6,2.79,2.79,opennem.org.au,false,
2023-03-16 20:00:00,Australia,Queensland,AU-QLD,680.45,744.73,5.51,5.51,opennem.org.au,false,
2023-03-16 21:00:00,Australia,Queensland,AU-QLD,554.66,614.37,23.69,23.69,opennem.org.au,false,
2023-03-16 22:00:00,Australia,Queensland,AU-QLD,475.83,531.55,36.1,36.1,opennem.org.au,false,
2023-03-16 23:00:00,Australia,Queensland,AU-QLD,428.02,483.01,42.36,42.36,opennem.org.au,false,
2023-03-17 00:00:00,Australia,Queensland,AU-QLD,398.03,452.59,46.07,46.07,opennem.org.au,false,
2023-03-17 01:00:00,Australia,Queensland,AU-QLD,415.03,472.17,42.49,42.49,Electricity Maps Estimation,true,ESTIMATED_TIME_SLICER_AVERAGE
2023-03-17 02:00:00,Australia,Queensland,AU-QLD,417.03,475.7,41.42,41.42,Electricity Maps Estimation,true,ESTIMATED_TIME_SLICER_AVERAGE
2023-03-17 03:00:00,Australia,Queensland,AU-QLD,427.21,488.03,38.94,38.94,Electricity Maps Estimation,true,ESTIMATED_TIME_SLICER_AVERAGE
2023-03-17 04:00:00,Australia,Queensland,AU-QLD,445.07,508.55,35.19,35.19,Electricity Maps Estimation,true,ESTIMATED_TIME_SLICER_AVERAGE
2023-03-17 05:00:00,Australia,Queensland,AU-QLD,480.24,547.42,28.71,28.71,Electricity Maps Estimation,true,ESTIMATED_TIME_SLICER_AVERAGE
2023-03-17 06:00:00,Australia,Queensland,AU-QLD,488.32,556.6,27.05,27.05,opennem.org.au; Electricity Maps Estimation,true,ESTIMATED_TIME_SLICER_AVERAGE
2023-03-17 07:00:00,Australia,Queensland,AU-QLD,541.8,614.86,16.82,16.82,opennem.org.au,false,
2023-03-17 08:00:00,Australia,Queensland,AU-QLD,597.69,672.48,8.65,8.65,opennem.org.au,false,
2023-03-17 09:00:00,Australia,Queensland,AU-QLD,605.62,678.72,8.21,8.21,opennem.org.au,false,
2023-03-17 10:00:00,Australia,Queensland,AU-QLD,614.6,683.72,8.41,8.41,opennem.org.au,false,
2023-03-17 11:00:00,Australia,Queensland,AU-QLD,629.4,695.39,8.86,8.86,opennem.org.au,false,
2023-03-17 12:00:00,Australia,Queensland,AU-QLD,667.2,731.91,5.92,5.92,opennem.org.au,false,
2023-03-17 13:00:00,Australia,Queensland,AU-QLD,687.0,748.27,6.17,6.17,opennem.org.au,false,
2023-03-17 14:00:00,Australia,Queensland,AU-QLD,684.66,745.77,6.5,6.5,opennem.org.au,false,
2023-03-17 15:00:00,Australia,Queensland,AU-QLD,677.77,738.54,7.35,7.35,opennem.org.au,false,
2023-03-17 16:00:00,Australia,Queensland,AU-QLD,679.29,739.27,7.68,7.68,opennem.org.au,false,
2023-03-17 17:00:00,Australia,Queensland,AU-QLD,678.1,737.37,8.2,8.2,opennem.org.au,false,
2023-03-17 18:00:00,Australia,Queensland,AU-QLD,677.68,737.56,7.87,7.87,opennem.org.au,false,
2023-03-17 19:00:00,Australia,Queensland,AU-QLD,678.18,737.98,7.87,7.87,opennem.org.au,false,
2023-03-17 20:00:00,Australia,Queensland,AU-QLD,648.59,707.49,12.04,12.04,opennem.org.au,false,
2023-03-17 21:00:00,Australia,Queensland,AU-QLD,527.4,582.29,29.68,29.68,opennem.org.au,false,
2023-03-17 22:00:00,Australia,Queensland,AU-QLD,429.74,482.78,42.75,42.75,opennem.org.au,false,
2023-03-17 23:00:00,Australia,Queensland,AU-QLD,382.24,434.65,49.05,49.05,opennem.org.au,false,
2023-03-18 00:00:00,Australia,Queensland,AU-QLD,334.28,385.74,55.37,55.37,opennem.org.au,false,
2023-03-18 01:00:00,Australia,Queensland,AU-QLD,317.17,368.82,57.34,57.34,opennem.org.au,false,
2023-03-18 02:00:00,Australia,Queensland,AU-QLD,330.25,384.29,54.6,54.6,opennem.org.au,false,
2023-03-18 03:00:00,Australia,Queensland,AU-QLD,353.14,408.04,51.24,51.24,Electricity Maps Estimation,true,ESTIMATED_TIME_SLICER_AVERAGE
2023-03-18 04:00:00,Australia,Queensland,AU-QLD,375.21,429.84,48.26,48.26,opennem.org.au,false,
2023-03-18 05:00:00,Australia,Queensland,AU-QLD,407.07,463.34,43.29,43.29,opennem.org.au,false,
2023-03-18 06:00:00,Australia,Queensland,AU-QLD,475.74,536.87,31.55,31.55,opennem.org.au,false,
2023-03-18 07:00:00,Australia,Queensland,AU-QLD,557.31,625.37,16.54,16.54,opennem.org.au,false,
2023-03-18 08:00:00,Australia,Queensland,AU-QLD,612.95,682.53,8.39,8.39,opennem.org.au,false,
2023-03-18 09:00:00,Australia,Queensland,AU-QLD,619.92,688.95,7.89,7.89,opennem.org.au,false,
2023-03-18 10:00:00,Australia,Queensland,AU-QLD,635.52,701.62,8.19,8.19,opennem.org.au,false,
2023-03-18 11:00:00,Australia,Queensland,AU-QLD,636.98,701.75,8.87,8.87,opennem.org.au,false,
2023-03-18 12:00:00,Australia,Queensland,AU-QLD,672.22,731.39,8.77,8.77,opennem.org.au,false,
2023-03-18 13:00:00,Australia,Queensland,AU-QLD,686.81,743.97,8.64,8.64,opennem.org.au,false,
2023-03-18 14:00:00,Australia,Queensland,AU-QLD,679.74,736.27,9.67,9.67,opennem.org.au,false,
2023-03-18 15:00:00,Australia,Queensland,AU-QLD,671.65,727.95,10.58,10.58,opennem.org.au,false,
2023-03-18 16:00:00,Australia,Queensland,AU-QLD,675.33,731.94,10.05,10.05,opennem.org.au,false,
2023-03-18 17:00:00,Australia,Queensland,AU-QLD,692.82,750.64,7.71,7.71,opennem.org.au,false,
2023-03-18 18:00:00,Australia,Queensland,AU-QLD,695.93,753.97,7.29,7.29,opennem.org.au,false,
2023-03-18 19:00:00,Australia,Queensland,AU-QLD,696.01,754.05,7.28,7.28,opennem.org.au,false,
2023-03-18 20:00:00,Australia,Queensland,AU-QLD,664.63,721.7,11.5,11.5,opennem.org.au,false,
2023-03-18 21:00:00,Australia,Queensland,AU-QLD,507.18,561.2,32.39,32.39,opennem.org.au,false,
2023-03-18 22:00:00,Australia,Queensland,AU-QLD,432.34,484.93,42.47,42.47,opennem.org.au,false,
2023-03-18 23:00:00,Australia,Queensland,AU-QLD,382.38,434.26,49.0,49.0,opennem.org.au,false,
2023-03-19 00:00:00,Australia,Queensland,AU-QLD,350.17,401.73,53.27,53.27,opennem.org.au,false,
2023-03-19 01:00:00,Australia,Queensland,AU-QLD,341.87,393.5,54.39,54.39,opennem.org.au,false,
2023-03-19 02:00:00,Australia,Queensland,AU-QLD,339.31,391.11,54.49,54.49,opennem.org.au,false,
2023-03-19 03:00:00,Australia,Queensland,AU-QLD,348.26,401.19,52.6,52.6,opennem.org.au,false,
2023-03-19 04:00:00,Australia,Queensland,AU-QLD,369.81,423.94,49.18,49.18,opennem.org.au,false,
2023-03-19 05:00:00,Australia,Queensland,AU-QLD,401.06,456.87,44.22,44.22,opennem.org.au,false,
2023-03-19 06:00:00,Australia,Queensland,AU-QLD,447.84,506.64,36.5,36.5,opennem.org.au,false,
2023-03-19 07:00:00,Australia,Queensland,AU-QLD,558.63,624.09,17.94,17.94,opennem.org.au,false,
2023-03-19 08:00:00,Australia,Queensland,AU-QLD,623.93,691.4,8.53,8.53,opennem.org.au,false,
2023-03-19 09:00:00,Australia,Queensland,AU-QLD,628.02,694.0,8.9,8.9,opennem.org.au,false,
2023-03-19 10:00:00,Australia,Queensland,AU-QLD,629.51,693.81,9.8,9.8,opennem.org.au,false,
2023-03-19 11:00:00,Australia,Queensland,AU-QLD,660.9,724.99,6.87,6.87,opennem.org.au,false,
2023-03-19 12:00:00,Australia,Queensland,AU-QLD,672.33,733.66,7.48,7.48,opennem.org.au,false,
2023-03-19 13:00:00,Australia,Queensland,AU-QLD,675.51,734.77,8.42,8.42,opennem.org.au,false,
2023-03-19 14:00:00,Australia,Queensland,AU-QLD,675.0,734.61,8.28,8.28,opennem.org.au,false,
2023-03-19 15:00:00,Australia,Queensland,AU-QLD,669.04,728.07,9.18,9.18,opennem.org.au,false,
2023-03-19 16:00:00,Australia,Queensland,AU-QLD,671.2,730.21,9.0,9.0,opennem.org.au,false,
2023-03-19 17:00:00,Australia,Queensland,AU-QLD,664.84,723.51,9.79,9.79,opennem.org.au,false,
2023-03-19 18:00:00,Australia,Queensland,AU-QLD,671.2,729.35,9.49,9.49,opennem.org.au,false,
2023-03-19 19:00:00,Australia,Queensland,AU-QLD,674.45,733.63,8.58,8.58,opennem.org.au,false,
2023-03-19 20:00:00,Australia,Queensland,AU-QLD,650.29,709.13,11.91,11.91,opennem.org.au,false,
2023-03-19 21:00:00,Australia,Queensland,AU-QLD,538.51,594.21,27.98,27.98,opennem.org.au,false,
2023-03-19 22:00:00,Australia,Queensland,AU-QLD,456.74,510.67,39.18,39.18,opennem.org.au,false,
2023-03-19 23:00:00,Australia,Queensland,AU-QLD,413.84,466.78,44.91,44.91,opennem.org.au,false,
2023-03-20 00:00:00,Australia,Queensland,AU-QLD,392.25,444.8,47.79,47.79,opennem.org.au,false,
2023-03-20 01:00:00,Australia,Queensland,AU-QLD,385.11,437.81,48.72,48.72,opennem.org.au,false,
2023-03-20 02:00:00,Australia,Queensland,AU-QLD,374.82,427.76,49.89,49.89,opennem.org.au,false,
2023-03-20 03:00:00,Australia,Queensland,AU-QLD,384.27,438.45,47.89,47.89,opennem.org.au,false,
2023-03-20 04:00:00,Australia,Queensland,AU-QLD,400.42,455.86,45.13,45.13,opennem.org.au,false,
2023-03-20 05:00:00,Australia,Queensland,AU-QLD,430.0,487.16,40.28,40.28,opennem.org.au,false,
2023-03-20 06:00:00,Australia,Queensland,AU-QLD,495.83,555.78,30.25,30.25,opennem.org.au,false,
2023-03-20 07:00:00,Australia,Queensland,AU-QLD,576.78,639.81,17.75,17.75,opennem.org.au,false,
2023-03-20 08:00:00,Australia,Queensland,AU-QLD,630.69,695.93,9.2,9.2,opennem.org.au,false,
2023-03-20 09:00:00,Australia,Queensland,AU-QLD,638.73,704.09,8.32,8.32,opennem.org.au,false,
2023-03-20 10:00:00,Australia,Queensland,AU-QLD,638.79,701.74,9.79,9.79,opennem.org.au,false,
2023-03-20 11:00:00,Australia,Queensland,AU-QLD,652.58,715.39,8.62,8.62,opennem.org.au,false,
2023-03-20 12:00:00,Australia,Queensland,AU-QLD,679.06,739.85,7.2,7.2,opennem.org.au,false,
2023-03-20 13:00:00,Australia,Queensland,AU-QLD,691.0,748.89,7.84,7.84,opennem.org.au,false,
2023-03-20 14:00:00,Australia,Queensland,AU-QLD,687.11,744.89,8.27,8.27,opennem.org.au,false,
2023-03-20 15:00:00,Australia,Queensland,AU-QLD,685.96,743.28,8.64,8.64,opennem.org.au,false,
2023-03-20 16:00:00,Australia,Queensland,AU-QLD,685.65,742.9,8.7,8.7,Electricity Maps Estimation,true,ESTIMATED_TIME_SLICER_AVERAGE
2023-03-20 17:00:00,Australia,Queensland,AU-QLD,687.32,744.58,8.53,8.53,opennem.org.au; Electricity Maps Estimation,false,
2023-03-20 18:00:00,Australia,Queensland,AU-QLD,698.1,756.07,7.15,7.15,opennem.org.au,false,
2023-03-20 19:00:00,Australia,Queensland,AU-QLD,697.03,754.81,7.35,7.35,opennem.org.au,false,
2023-03-20 20:00:00,Australia,Queensland,AU-QLD,671.48,728.8,10.65,10.65,opennem.org.au,false,
2023-03-20 21:00:00,Australia,Queensland,AU-QLD,557.8,613.12,25.74,25.74,opennem.org.au,false,
2023-03-20 22:00:00,Australia,Queensland,AU-QLD,448.25,501.45,40.27,40.27,opennem.org.au,false,
2023-03-20 23:00:00,Australia,Queensland,AU-QLD,385.68,437.33,48.55,48.55,opennem.org.au,false,
2023-03-21 00:00:00,Australia,Queensland,AU-QLD,350.74,401.62,53.16,53.16,opennem.org.au,false,
2023-03-21 01:00:00,Australia,Queensland,AU-QLD,354.77,405.67,52.63,52.63,opennem.org.au,false,
2023-03-21 02:00:00,Australia,Queensland,AU-QLD,340.32,391.16,54.42,54.42,opennem.org.au,false,
2023-03-21 03:00:00,Australia,Queensland,AU-QLD,341.07,392.73,53.71,53.71,opennem.org.au,false,
2023-03-21 04:00:00,Australia,Queensland,AU-QLD,351.1,403.5,51.79,51.79,opennem.org.au,false,
2023-03-21 05:00:00,Australia,Queensland,AU-QLD,389.44,443.15,46.15,46.15,opennem.org.au,false,
2023-03-21 06:00:00,Australia,Queensland,AU-QLD,469.27,527.13,33.92,33.92,opennem.org.au,false,
2023-03-21 07:00:00,Australia,Queensland,AU-QLD,564.57,627.21,18.84,18.84,opennem.org.au,false,
2023-03-21 08:00:00,Australia,Queensland,AU-QLD,628.57,694.57,9.0,9.0,opennem.org.au,false,
2023-03-21 09:00:00,Australia,Queensland,AU-QLD,635.8,702.38,7.89,7.89,opennem.org.au,false,
2023-03-21 10:00:00,Australia,Queensland,AU-QLD,648.27,715.51,6.24,6.24,opennem.org.au,false,
2023-03-21 11:00:00,Australia,Queensland,AU-QLD,662.15,729.66,4.7,4.7,opennem.org.au,false,
2023-03-21 12:00:00,Australia,Queensland,AU-QLD,673.02,737.11,5.75,5.75,opennem.org.au,false,
2023-03-21 13:00:00,Australia,Queensland,AU-QLD,682.1,744.22,6.07,6.07,opennem.org.au,false,
2023-03-21 14:00:00,Australia,Queensland,AU-QLD,683.74,745.1,6.44,6.44,opennem.org.au,false,
2023-03-21 15:00:00,Australia,Queensland,AU-QLD,689.47,750.72,5.98,5.98,opennem.org.au,false,
2023-03-21 16:00:00,Australia,Queensland,AU-QLD,692.74,754.26,5.52,5.52,opennem.org.au,false,
2023-03-21 17:00:00,Australia,Queensland,AU-QLD,692.99,754.53,5.48,5.48,opennem.org.au,false,
2023-03-21 18:00:00,Australia,Queensland,AU-QLD,693.86,755.73,5.2,5.2,opennem.org.au,false,
2023-03-21 19:00:00,Australia,Queensland,AU-QLD,692.75,755.17,4.96,4.96,opennem.org.au,false,
2023-03-21 20:00:00,Australia,Queensland,AU-QLD,658.56,720.44,9.0,9.0,opennem.org.au,false,
2023-03-21 21:00:00,Australia,Queensland,AU-QLD,594.22,654.54,18.17,18.17,opennem.org.au,false,
2023-03-21 22:00:00,Australia,Queensland,AU-QLD,517.38,574.79,29.32,29.32,opennem.org.au,false,
2023-03-21 23:00:00,Australia,Queensland,AU-QLD,475.34,531.15,35.37,35.37,opennem.org.au,false,
2023-03-22 00:00:00,Australia,Queensland,AU-QLD,454.66,509.49,38.73,38.73,opennem.org.au,false,
2023-03-22 01:00:00,Australia,Queensland,AU-QLD,447.21,501.71,39.75,39.75,opennem.org.au,false,
2023-03-22 02:00:00,Australia,Queensland,AU-QLD,437.0,491.42,40.68,40.68,opennem.org.au,false,
2023-03-22 03:00:00,Australia,Queensland,AU-QLD,441.07,496.65,39.71,39.71,opennem.org.au,false,
2023-03-22 04:00:00,Australia,Queensland,AU-QLD,457.37,513.66,37.02,37.02,opennem.org.au,false,
2023-03-22 05:00:00,Australia,Queensland,AU-QLD,479.5,537.5,33.16,33.16,opennem.org.au,false,
2023-03-22 06:00:00,Australia,Queensland,AU-QLD,523.49,584.45,25.75,25.75,opennem.org.au,false,
2023-03-22 07:00:00,Australia,Queensland,AU-QLD,590.91,656.61,14.11,14.11,opennem.org.au,false,
2023-03-22 08:00:00,Australia,Queensland,AU-QLD,626.6,693.42,8.61,8.61,opennem.org.au,false,
2023-03-22 09:00:00,Australia,Queensland,AU-QLD,626.61,691.78,9.55,9.55,opennem.org.au,false,
2023-03-22 10:00:00,Australia,Queensland,AU-QLD,621.04,685.6,10.44,10.44,opennem.org.au,false,
2023-03-22 11:00:00,Australia,Queensland,AU-QLD,632.89,697.26,9.34,9.34,opennem.org.au,false,
2023-03-22 12:00:00,Australia,Queensland,AU-QLD,649.76,712.39,8.79,8.79,opennem.org.au,false,
2023-03-22 13:00:00,Australia,Queensland,AU-QLD,665.65,725.18,9.2,9.2,opennem.org.au,false,
2023-03-22 14:00:00,Australia,Queensland,AU-QLD,661.19,719.57,10.31,10.31,opennem.org.au,false,
2023-03-22 15:00:00,Australia,Queensland,AU-QLD,664.36,722.89,9.91,9.91,opennem.org.au,false,
2023-03-22 16:00:00,Australia,Queensland,AU-QLD,671.3,730.5,8.88,8.88,opennem.org.au,false,
2023-03-22 17:00:00,Australia,Queensland,AU-QLD,674.39,733.75,8.5,8.5,opennem.org.au,false,
2023-03-22 18:00:00,Australia,Queensland,AU-QLD,677.84,737.36,8.07,8.07,opennem.org.au,false,
2023-03-22 19:00:00,Australia,Queensland,AU-QLD,679.5,739.05,7.92,7.92,opennem.org.au,false,
2023-03-22 20:00:00,Australia,Queensland,AU-QLD,662.64,721.67,10.39,10.39,opennem.org.au,false,
2023-03-22 21:00:00,Australia,Queensland,AU-QLD,521.98,577.07,29.97,29.97,opennem.org.au,false,
2023-03-22 22:00:00,Australia,Queensland,AU-QLD,436.92,490.05,41.74,41.74,opennem.org.au,false,
2023-03-22 23:00:00,Australia,Queensland,AU-QLD,392.06,444.49,47.7,47.7,opennem.org.au,false,
2023-03-23 00:00:00,Australia,Queensland,AU-QLD,393.88,446.38,47.47,47.47,opennem.org.au,false,
2023-03-23 01:00:00,Australia,Queensland,AU-QLD,373.78,425.83,50.12,50.12,opennem.org.au,false,
2023-03-23 02:00:00,Australia,Queensland,AU-QLD,384.62,437.2,48.64,48.64,opennem.org.au,false,
2023-03-23 03:00:00,Australia,Queensland,AU-QLD,372.18,425.4,49.78,49.78,opennem.org.au,false,
2023-03-23 04:00:00,Australia,Queensland,AU-QLD,400.68,455.19,45.6,45.6,opennem.org.au,false,
2023-03-23 05:00:00,Australia,Queensland,AU-QLD,421.1,476.95,42.08,42.08,opennem.org.au,false,
2023-03-23 06:00:00,Australia,Queensland,AU-QLD,487.35,546.36,32.06,32.06,opennem.org.au,false,
2023-03-23 07:00:00,Australia,Queensland,AU-QLD,580.66,644.84,16.82,16.82,opennem.org.au,false,
2023-03-23 08:00:00,Australia,Queensland,AU-QLD,633.96,701.7,7.44,7.44,opennem.org.au,false,
2023-03-23 09:00:00,Australia,Queensland,AU-QLD,628.37,695.13,8.44,8.44,opennem.org.au,false,
2023-03-23 10:00:00,Australia,Queensland,AU-QLD,640.75,707.73,7.03,7.03,opennem.org.au,false,
2023-03-23 11:00:00,Australia,Queensland,AU-QLD,644.32,709.23,8.0,8.0,opennem.org.au,false,
2023-03-23 12:00:00,Australia,Queensland,AU-QLD,650.01,711.84,9.43,9.43,opennem.org.au,false,
2023-03-23 13:00:00,Australia,Queensland,AU-QLD,667.71,728.5,8.37,8.37,opennem.org.au,false,
2023-03-23 14:00:00,Australia,Queensland,AU-QLD,681.9,741.23,7.83,7.83,opennem.org.au,false,
2023-03-23 15:00:00,Australia,Queensland,AU-QLD,687.39,746.8,7.26,7.26,opennem.org.au,false,
2023-03-23 16:00:00,Australia,Queensland,AU-QLD,691.83,751.47,6.69,6.69,opennem.org.au,false,
2023-03-23 17:00:00,Australia,Queensland,AU-QLD,693.94,753.49,6.55,6.55,opennem.org.au,false,
2023-03-23 18:00:00,Australia,Queensland,AU-QLD,689.56,749.03,7.04,7.04,opennem.org.au,false,
2023-03-23 19:00:00,Australia,Queensland,AU-QLD,694.53,754.2,6.46,6.46,opennem.org.au,false,
2023-03-23 20:00:00,Australia,Queensland,AU-QLD,667.27,726.26,9.96,9.96,opennem.org.au,false,
2023-03-23 21:00:00,Australia,Queensland,AU-QLD,563.28,620.26,24.25,24.25,opennem.org.au,false,
2023-03-23 22:00:00,Australia,Queensland,AU-QLD,491.36,547.32,33.83,33.83,opennem.org.au,false,
2023-03-23 23:00:00,Australia,Queensland,AU-QLD,386.18,439.93,47.87,47.87,opennem.org.au,false,
2023-03-24 00:00:00,Australia,Queensland,AU-QLD,395.25,449.28,46.74,46.74,opennem.org.au,false,
2023-03-24 01:00:00,Australia,Queensland,AU-QLD,383.22,436.87,48.34,48.34,opennem.org.au,false,
2023-03-24 02:00:00,Australia,Queensland,AU-QLD,363.18,416.55,51.02,51.02,opennem.org.au,false,
2023-03-24 03:00:00,Australia,Queensland,AU-QLD,367.52,421.29,50.29,50.29,opennem.org.au,false,
2023-03-24 04:00:00,Australia,Queensland,AU-QLD,383.44,437.87,47.74,47.74,opennem.org.au,false,
2023-03-24 05:00:00,Australia,Queensland,AU-QLD,425.18,481.31,41.52,41.52,opennem.org.au,false,
2023-03-24 06:00:00,Australia,Queensland,AU-QLD,483.41,543.53,31.66,31.66,opennem.org.au,false,
2023-03-24 07:00:00,Australia,Queensland,AU-QLD,580.99,647.05,15.37,15.37,opennem.org.au,false,
2023-03-24 08:00:00,Australia,Queensland,AU-QLD,634.05,702.57,6.98,6.98,opennem.org.au,false,
2023-03-24 09:00:00,Australia,Queensland,AU-QLD,642.96,711.15,6.23,6.23,opennem.org.au,false,
2023-03-24 10:00:00,Australia,Queensland,AU-QLD,661.19,729.03,4.58,4.58,opennem.org.au,false,
2023-03-24 11:00:00,Australia,Queensland,AU-QLD,658.54,723.0,6.96,6.96,opennem.org.au,false,
2023-03-24 12:00:00,Australia,Queensland,AU-QLD,674.31,733.77,8.63,8.63,opennem.org.au,false,
2023-03-24 13:00:00,Australia,Queensland,AU-QLD,684.16,741.81,8.81,8.81,opennem.org.au,false,
2023-03-24 14:00:00,Australia,Queensland,AU-QLD,686.86,744.49,8.48,8.48,opennem.org.au,false,
2023-03-24 15:00:00,Australia,Queensland,AU-QLD,695.15,753.11,7.44,7.44,opennem.org.au,false,
2023-03-24 16:00:00,Australia,Queensland,AU-QLD,687.79,745.08,8.52,8.52,opennem.org.au,false,
2023-03-24 17:00:00,Australia,Queensland,AU-QLD,686.09,743.33,8.72,8.72,opennem.org.au,false,
2023-03-24 18:00:00,Australia,Queensland,AU-QLD,689.08,746.69,8.21,8.21,opennem.org.au,false,
2023-03-24 19:00:00,Australia,Queensland,AU-QLD,697.89,756.17,6.99,6.99,opennem.org.au,false,
2023-03-24 20:00:00,Australia,Queensland,AU-QLD,685.51,743.38,8.8,8.8,opennem.org.au,false,
2023-03-24 21:00:00,Australia,Queensland,AU-QLD,561.39,617.14,25.3,25.3,opennem.org.au,false,
2023-03-24 22:00:00,Australia,Queensland,AU-QLD,445.67,499.51,40.64,40.64,opennem.org.au,false,
2023-03-24 23:00:00,Australia,Queensland,AU-QLD,395.55,448.48,47.31,47.31,opennem.org.au,false,
2023-03-25 00:00:00,Australia,Queensland,AU-QLD,386.55,439.5,48.49,48.49,opennem.org.au,false,
2023-03-25 01:00:00,Australia,Queensland,AU-QLD,364.7,417.18,51.39,51.39,opennem.org.au,false,
2023-03-25 02:00:00,Australia,Queensland,AU-QLD,374.4,426.96,50.15,50.15,opennem.org.au,false,
2023-03-25 03:00:00,Australia,Queensland,AU-QLD,384.95,437.83,48.75,48.75,opennem.org.au,false,
2023-03-25 04:00:00,Australia,Queensland,AU-QLD,400.15,452.92,46.75,46.75,opennem.org.au,false,
2023-03-25 05:00:00,Australia,Queensland,AU-QLD,437.87,491.44,41.74,41.74,opennem.org.au,false,
2023-03-25 06:00:00,Australia,Queensland,AU-QLD,492.93,548.2,34.06,34.06,opennem.org.au,false,
2023-03-25 07:00:00,Australia,Queensland,AU-QLD,597.3,655.27,18.98,18.98,opennem.org.au,false,
2023-03-25 08:00:00,Australia,Queensland,AU-QLD,641.55,700.42,12.27,12.27,opennem.org.au,false,
2023-03-25 09:00:00,Australia,Queensland,AU-QLD,656.27,716.94,9.63,9.63,opennem.org.au,false,
2023-03-25 10:00:00,Australia,Queensland,AU-QLD,662.92,724.22,8.39,8.39,opennem.org.au,false,
2023-03-25 11:00:00,Australia,Queensland,AU-QLD,661.64,722.0,9.16,9.16,opennem.org.au,false,
2023-03-25 12:00:00,Australia,Queensland,AU-QLD,691.92,752.08,6.58,6.58,opennem.org.au,false,
2023-03-25 13:00:00,Australia,Queensland,AU-QLD,699.98,758.38,6.9,6.9,opennem.org.au,false,
2023-03-25 14:00:00,Australia,Queensland,AU-QLD,694.9,753.14,7.49,7.49,opennem.org.au,false,
2023-03-25 15:00:00,Australia,Queensland,AU-QLD,691.12,749.11,8.01,8.01,opennem.org.au,false,
2023-03-25 16:00:00,Australia,Queensland,AU-QLD,701.87,760.27,6.59,6.59,opennem.org.au,false,
2023-03-25 17:00:00,Australia,Queensland,AU-QLD,706.45,765.1,5.99,5.99,opennem.org.au,false,
2023-03-25 18:00:00,Australia,Queensland,AU-QLD,706.8,765.58,5.87,5.87,opennem.org.au,false,
2023-03-25 19:00:00,Australia,Queensland,AU-QLD,695.1,752.76,7.6,7.6,opennem.org.au,false,
2023-03-25 20:00:00,Australia,Queensland,AU-QLD,681.96,739.81,9.26,9.26,opennem.org.au,false,
2023-03-25 21:00:00,Australia,Queensland,AU-QLD,531.85,586.92,29.18,29.18,opennem.org.au,false,
2023-03-25 22:00:00,Australia,Queensland,AU-QLD,421.73,474.83,43.78,43.78,opennem.org.au,false,
2023-03-25 23:00:00,Australia,Queensland,AU-QLD,368.41,420.45,50.83,50.83,opennem.org.au,false,
2023-03-26 00:00:00,Australia,Queensland,AU-QLD,355.96,407.92,52.48,52.48,opennem.org.au,false,
2023-03-26 01:00:00,Australia,Queensland,AU-QLD,357.4,409.49,52.34,52.34,opennem.org.au,false,
2023-03-26 02:00:00,Australia,Queensland,AU-QLD,374.02,426.49,50.16,50.16,opennem.org.au,false,
2023-03-26 03:00:00,Australia,Queensland,AU-QLD,396.64,449.74,47.14,47.14,opennem.org.au,false,
2023-03-26 04:00:00,Australia,Queensland,AU-QLD,415.08,468.45,44.73,44.73,opennem.org.au,false,
2023-03-26 05:00:00,Australia,Queensland,AU-QLD,446.47,500.6,40.51,40.51,opennem.org.au,false,
2023-03-26 06:00:00,Australia,Queensland,AU-QLD,511.44,568.91,30.22,30.22,opennem.org.au,false,
2023-03-26 07:00:00,Australia,Queensland,AU-QLD,589.53,651.01,17.38,17.38,opennem.org.au,false,
2023-03-26 08:00:00,Australia,Queensland,AU-QLD,638.74,701.46,10.06,10.06,opennem.org.au,false,
2023-03-26 09:00:00,Australia,Queensland,AU-QLD,641.91,704.39,9.79,9.79,opennem.org.au,false,
2023-03-26 10:00:00,Australia,Queensland,AU-QLD,661.15,723.03,8.19,8.19,opennem.org.au,false,
2023-03-26 11:00:00,Australia,Queensland,AU-QLD,668.17,729.79,7.67,7.67,opennem.org.au,false,
2023-03-26 12:00:00,Australia,Queensland,AU-QLD,677.62,736.68,8.37,8.37,opennem.org.au,false,
2023-03-26 13:00:00,Australia,Queensland,AU-QLD,684.83,742.14,8.77,8.77,opennem.org.au,false,
2023-03-26 14:00:00,Australia,Queensland,AU-QLD,685.19,742.75,8.59,8.59,opennem.org.au,false,
2023-03-26 15:00:00,Australia,Queensland,AU-QLD,679.23,736.47,9.34,9.34,opennem.org.au,false,
2023-03-26 16:00:00,Australia,Queensland,AU-QLD,679.37,736.71,9.27,9.27,opennem.org.au,false,
2023-03-26 17:00:00,Australia,Queensland,AU-QLD,678.87,736.11,9.37,9.37,opennem.org.au,false,
2023-03-26 18:00:00,Australia,Queensland,AU-QLD,682.13,739.59,8.94,8.94,opennem.org.au,false,
2023-03-26 19:00:00,Australia,Queensland,AU-QLD,682.45,739.86,8.93,8.93,opennem.org.au,false,
2023-03-26 20:00:00,Australia,Queensland,AU-QLD,648.97,706.49,12.61,12.61,opennem.org.au,false,
2023-03-26 21:00:00,Australia,Queensland,AU-QLD,536.27,591.92,27.92,27.92,opennem.org.au,false,
2023-03-26 22:00:00,Australia,Queensland,AU-QLD,441.9,495.38,41.11,41.11,opennem.org.au,false,
2023-03-26 23:00:00,Australia,Queensland,AU-QLD,412.94,465.91,45.0,45.0,opennem.org.au,false,
2023-03-27 00:00:00,Australia,Queensland,AU-QLD,374.51,426.86,50.1,50.1,opennem.org.au,false,
2023-03-27 01:00:00,Australia,Queensland,AU-QLD,403.14,456.52,46.34,46.34,opennem.org.au,false,
2023-03-27 02:00:00,Australia,Queensland,AU-QLD,396.61,449.84,47.22,47.22,opennem.org.au,false,
2023-03-27 03:00:00,Australia,Queensland,AU-QLD,412.81,466.75,44.84,44.84,opennem.org.au,false,
2023-03-27 04:00:00,Australia,Queensland,AU-QLD,422.57,478.66,42.04,42.04,opennem.org.au,false,
2023-03-27 05:00:00,Australia,Queensland,AU-QLD,434.58,491.91,39.64,39.64,opennem.org.au,false,
2023-03-27 06:00:00,Australia,Queensland,AU-QLD,488.04,550.03,30.01,30.01,opennem.org.au,false,
2023-03-27 07:00:00,Australia,Queensland,AU-QLD,577.36,645.32,15.12,15.12,opennem.org.au,false,
2023-03-27 08:00:00,Australia,Queensland,AU-QLD,630.22,700.58,7.04,7.04,opennem.org.au,false,
2023-03-27 09:00:00,Australia,Queensland,AU-QLD,636.78,705.65,6.75,6.75,opennem.org.au,false,
2023-03-27 10:00:00,Australia,Queensland,AU-QLD,662.05,729.81,4.49,4.49,opennem.org.au,false,
2023-03-27 11:00:00,Australia,Queensland,AU-QLD,668.16,732.32,6.14,6.14,opennem.org.au,false,
2023-03-27 12:00:00,Australia,Queensland,AU-QLD,682.36,744.94,5.8,5.8,opennem.org.au,false,
2023-03-27 13:00:00,Australia,Queensland,AU-QLD,684.03,746.32,5.83,5.83,opennem.org.au,false,
2023-03-27 14:00:00,Australia,Queensland,AU-QLD,679.08,741.44,6.26,6.26,opennem.org.au,false,
2023-03-27 15:00:00,Australia,Queensland,AU-QLD,679.01,741.37,6.27,6.27,opennem.org.au,false,
2023-03-27 16:00:00,Australia,Queensland,AU-QLD,680.41,742.7,6.18,6.18,opennem.org.au,false,
2023-03-27 17:00:00,Australia,Queensland,AU-QLD,686.01,748.88,5.31,5.31,opennem.org.au,false,
2023-03-27 18:00:00,Australia,Queensland,AU-QLD,687.05,749.69,5.34,5.34,opennem.org.au,false,
2023-03-27 19:00:00,Australia,Queensland,AU-QLD,689.31,752.11,5.04,5.04,opennem.org.au,false,
2023-03-27 20:00:00,Australia,Queensland,AU-QLD,677.12,740.45,6.24,6.24,opennem.org.au,false,
2023-03-27 21:00:00,Australia,Queensland,AU-QLD,572.74,631.83,21.75,21.75,opennem.org.au,false,
2023-03-27 22:00:00,Australia,Queensland,AU-QLD,515.1,570.74,31.37,31.37,opennem.org.au,false,
2023-03-27 23:00:00,Australia,Queensland,AU-QLD,456.65,510.89,39.23,39.23,opennem.org.au,false,
2023-03-28 00:00:00,Australia,Queensland,AU-QLD,416.9,470.54,44.49,44.49,opennem.org.au,false,
2023-03-28 01:00:00,Australia,Queensland,AU-QLD,413.72,467.33,44.91,44.91,opennem.org.au,false,
2023-03-28 02:00:00,Australia,Queensland,AU-QLD,408.81,462.31,45.54,45.54,opennem.org.au,false,
2023-03-28 03:00:00,Australia,Queensland,AU-QLD,434.01,488.33,42.03,42.03,opennem.org.au,false,
2023-03-28 04:00:00,Australia,Queensland,AU-QLD,463.01,521.37,35.78,35.78,opennem.org.au,false,
2023-03-28 05:00:00,Australia,Queensland,AU-QLD,467.4,529.01,33.29,33.29,opennem.org.au,false,
2023-03-28 06:00:00,Australia,Queensland,AU-QLD,520.53,584.96,24.93,24.93,opennem.org.au,false,
2023-03-28 07:00:00,Australia,Queensland,AU-QLD,588.05,656.59,13.8,13.8,opennem.org.au,false,
2023-03-28 08:00:00,Australia,Queensland,AU-QLD,633.32,704.26,6.71,6.71,opennem.org.au,false,
2023-03-28 09:00:00,Australia,Queensland,AU-QLD,638.56,708.39,6.51,6.51,opennem.org.au,false,
2023-03-28 10:00:00,Australia,Queensland,AU-QLD,663.45,730.52,4.83,4.83,opennem.org.au,false,
2023-03-28 11:00:00,Australia,Queensland,AU-QLD,674.91,740.07,4.94,4.94,opennem.org.au,false,
2023-03-28 12:00:00,Australia,Queensland,AU-QLD,690.71,754.39,4.37,4.37,opennem.org.au,false,
2023-03-28 13:00:00,Australia,Queensland,AU-QLD,693.88,756.37,4.81,4.81,opennem.org.au,false,
2023-03-28 14:00:00,Australia,Queensland,AU-QLD,692.04,753.58,5.56,5.56,opennem.org.au,false,
2023-03-28 15:00:00,Australia,Queensland,AU-QLD,687.33,748.07,6.49,6.49,opennem.org.au,false,
2023-03-28 16:00:00,Australia,Queensland,AU-QLD,687.51,748.31,6.43,6.43,opennem.org.au,false,
2023-03-28 17:00:00,Australia,Queensland,AU-QLD,686.45,747.19,6.57,6.57,opennem.org.au,false,
2023-03-28 18:00:00,Australia,Queensland,AU-QLD,690.65,751.66,6.02,6.02,opennem.org.au,false,
2023-03-28 19:00:00,Australia,Queensland,AU-QLD,690.03,750.93,6.13,6.13,opennem.org.au,false,
2023-03-28 20:00:00,Australia,Queensland,AU-QLD,682.09,743.26,6.89,6.89,opennem.org.au,false,
2023-03-28 21:00:00,Australia,Queensland,AU-QLD,626.52,686.1,14.79,14.79,opennem.org.au,false,
2023-03-28 22:00:00,Australia,Queensland,AU-QLD,586.72,643.36,21.94,21.94,opennem.org.au,false,
2023-03-28 23:00:00,Australia,Queensland,AU-QLD,551.09,608.24,26.06,26.06,opennem.org.au,false,
2023-03-29 00:00:00,Australia,Queensland,AU-QLD,517.07,573.5,30.59,30.59,opennem.org.au,false,
2023-03-29 01:00:00,Australia,Queensland,AU-QLD,495.95,551.99,33.37,33.37,opennem.org.au,false,
2023-03-29 02:00:00,Australia,Queensland,AU-QLD,490.41,546.61,33.94,33.94,opennem.org.au,false,
2023-03-29 03:00:00,Australia,Queensland,AU-QLD,500.59,556.39,32.8,32.8,opennem.org.au,false,
2023-03-29 04:00:00,Australia,Queensland,AU-QLD,506.59,562.82,31.91,31.91,opennem.org.au,false,
2023-03-29 05:00:00,Australia,Queensland,AU-QLD,518.06,577.12,28.43,28.43,opennem.org.au,false,
2023-03-29 06:00:00,Australia,Queensland,AU-QLD,575.9,636.71,20.3,20.3,opennem.org.au,false,
2023-03-29 07:00:00,Australia,Queensland,AU-QLD,629.39,693.54,11.18,11.18,opennem.org.au,false,
2023-03-29 08:00:00,Australia,Queensland,AU-QLD,653.21,718.09,7.5,7.5,opennem.org.au,false,
2023-03-29 09:00:00,Australia,Queensland,AU-QLD,661.76,728.41,5.81,5.81,opennem.org.au,false,
2023-03-29 10:00:00,Australia,Queensland,AU-QLD,674.0,740.95,4.0,4.0,opennem.org.au,false,
2023-03-29 11:00:00,Australia,Queensland,AU-QLD,687.42,752.69,3.73,3.73,opennem.org.au,false,
2023-03-29 12:00:00,Australia,Queensland,AU-QLD,696.77,759.48,4.41,4.41,opennem.org.au,false,
2023-03-29 13:00:00,Australia,Queensland,AU-QLD,702.74,765.22,4.0,4.0,opennem.org.au,false,
2023-03-29 14:00:00,Australia,Queensland,AU-QLD,706.53,768.8,3.79,3.79,opennem.org.au,false,
2023-03-29 15:00:00,Australia,Queensland,AU-QLD,701.0,762.75,4.61,4.61,opennem.org.au,false,
2023-03-29 16:00:00,Australia,Queensland,AU-QLD,695.67,757.02,5.34,5.34,opennem.org.au,false,
2023-03-29 17:00:00,Australia,Queensland,AU-QLD,701.29,763.1,4.54,4.54,opennem.org.au,false,
2023-03-29 18:00:00,Australia,Queensland,AU-QLD,705.83,767.88,3.98,3.98,opennem.org.au,false,
2023-03-29 19:00:00,Australia,Queensland,AU-QLD,700.97,762.82,4.54,4.54,opennem.org.au,false,
2023-03-29 20:00:00,Australia,Queensland,AU-QLD,691.15,752.78,5.8,5.8,opennem.org.au,false,
2023-03-29 21:00:00,Australia,Queensland,AU-QLD,633.91,694.0,13.96,13.96,opennem.org.au,false,
2023-03-29 22:00:00,Australia,Queensland,AU-QLD,554.22,610.56,26.02,26.02,opennem.org.au,false,
2023-03-29 23:00:00,Australia,Queensland,AU-QLD,499.62,554.87,33.51,33.51,opennem.org.au,false,
2023-03-30 00:00:00,Australia,Queensland,AU-QLD,429.71,483.66,42.71,42.71,opennem.org.au,false,
2023-03-30 01:00:00,Australia,Queensland,AU-QLD,402.96,456.29,46.26,46.26,opennem.org.au,false,
2023-03-30 02:00:00,Australia,Queensland,AU-QLD,403.54,456.61,46.24,46.24,opennem.org.au,false,
2023-03-30 03:00:00,Australia,Queensland,AU-QLD,365.45,417.48,51.27,51.27,opennem.org.au,false,
2023-03-30 04:00:00,Australia,Queensland,AU-QLD,390.16,442.52,47.93,47.93,opennem.org.au,false,
2023-03-30 05:00:00,Australia,Queensland,AU-QLD,432.4,485.38,42.43,42.43,opennem.org.au,false,
2023-03-30 06:00:00,Australia,Queensland,AU-QLD,490.39,545.42,34.08,34.08,opennem.org.au,false,
2023-03-30 07:00:00,Australia,Queensland,AU-QLD,589.28,648.04,18.88,18.88,opennem.org.au,false,
2023-03-30 08:00:00,Australia,Queensland,AU-QLD,639.85,701.2,10.87,10.87,opennem.org.au,false,
2023-03-30 09:00:00,Australia,Queensland,AU-QLD,656.9,720.55,7.67,7.67,opennem.org.au,false,
2023-03-30 10:00:00,Australia,Queensland,AU-QLD,679.93,744.38,4.85,4.85,opennem.org.au,false,
2023-03-30 11:00:00,Australia,Queensland,AU-QLD,688.91,751.04,5.42,5.42,opennem.org.au,false,
2023-03-30 12:00:00,Australia,Queensland,AU-QLD,694.92,757.12,4.84,4.84,opennem.org.au,false,
2023-03-30 13:00:00,Australia,Queensland,AU-QLD,694.19,755.65,5.35,5.35,opennem.org.au,false,
2023-03-30 14:00:00,Australia,Queensland,AU-QLD,689.14,750.56,5.85,5.85,opennem.org.au,false,
2023-03-30 15:00:00,Australia,Queensland,AU-QLD,686.67,747.27,6.59,6.59,opennem.org.au,false,
2023-03-30 16:00:00,Australia,Queensland,AU-QLD,681.73,741.81,7.36,7.36,opennem.org.au,false,
2023-03-30 17:00:00,Australia,Queensland,AU-QLD,678.38,737.7,8.11,8.11,opennem.org.au,false,
2023-03-30 18:00:00,Australia,Queensland,AU-QLD,680.55,741.76,6.78,6.78,opennem.org.au,false,
2023-03-30 19:00:00,Australia,Queensland,AU-QLD,696.89,759.23,4.58,4.58,opennem.org.au,false,
2023-03-30 20:00:00,Australia,Queensland,AU-QLD,676.68,738.43,7.43,7.43,opennem.org.au,false,
2023-03-30 21:00:00,Australia,Queensland,AU-QLD,549.68,607.23,25.68,25.68,opennem.org.au,false,
2023-03-30 22:00:00,Australia,Queensland,AU-QLD,430.61,484.52,42.55,42.55,opennem.org.au,false,
2023-03-30 23:00:00,Australia,Queensland,AU-QLD,359.61,412.02,51.97,51.97,opennem.org.au,false,
2023-03-31 00:00:00,Australia,Queensland,AU-QLD,334.54,386.39,55.3,55.3,opennem.org.au,false,
2023-03-31 01:00:00,Australia,Queensland,AU-QLD,324.52,376.19,56.63,56.63,opennem.org.au,false,
2023-03-31 02:00:00,Australia,Queensland,AU-QLD,320.05,371.78,57.23,57.23,opennem.org.au,false,
2023-03-31 03:00:00,Australia,Queensland,AU-QLD,313.11,364.63,58.15,58.15,opennem.org.au,false,
2023-03-31 04:00:00,Australia,Queensland,AU-QLD,352.52,404.89,52.96,52.96,opennem.org.au,false,
2023-03-31 05:00:00,Australia,Queensland,AU-QLD,417.18,470.83,44.32,44.32,opennem.org.au,false,
2023-03-31 06:00:00,Australia,Queensland,AU-QLD,513.13,571.21,29.8,29.8,opennem.org.au,false,
2023-03-31 07:00:00,Australia,Queensland,AU-QLD,617.87,682.39,12.31,12.31,opennem.org.au,false,
2023-03-31 08:00:00,Australia,Queensland,AU-QLD,660.11,727.29,5.33,5.33,opennem.org.au,false,
2023-03-31 09:00:00,Australia,Queensland,AU-QLD,664.07,730.78,5.14,5.14,opennem.org.au,false,
2023-03-31 10:00:00,Australia,Queensland,AU-QLD,681.43,748.61,3.09,3.09,opennem.org.au,false,
2023-03-31 11:00:00,Australia,Queensland,AU-QLD,684.43,747.55,5.33,5.33,opennem.org.au,false,
2023-03-31 12:00:00,Australia,Queensland,AU-QLD,684.2,742.96,8.13,8.13,opennem.org.au,false,
2023-03-31 13:00:00,Australia,Queensland,AU-QLD,700.89,759.03,6.83,6.83,opennem.org.au,false,
2023-03-31 14:00:00,Australia,Queensland,AU-QLD,711.99,771.45,4.94,4.94,opennem.org.au,false,
2023-03-31 15:00:00,Australia,Queensland,AU-QLD,721.02,780.99,3.79,3.79,opennem.org.au,false,
2023-03-31 16:00:00,Australia,Queensland,AU-QLD,719.69,779.61,3.95,3.95,opennem.org.au,false,
2023-03-31 17:00:00,Australia,Queensland,AU-QLD,718.24,778.11,4.12,4.12,opennem.org.au,false,
2023-03-31 18:00:00,Australia,Queensland,AU-QLD,717.54,776.16,4.85,4.85,opennem.org.au,false,
2023-03-31 19:00:00,Australia,Queensland,AU-QLD,716.56,776.18,4.45,4.45,opennem.org.au,false,
2023-03-31 20:00:00,Australia,Queensland,AU-QLD,699.93,759.33,6.48,6.48,opennem.org.au,false,
2023-03-31 21:00:00,Australia,Queensland,AU-QLD,630.05,688.0,15.96,15.96,opennem.org.au,false,
2023-03-31 22:00:00,Australia,Queensland,AU-QLD,565.72,622.71,24.64,24.64,opennem.org.au,false,
2023-03-31 23:00:00,Australia,Queensland,AU-QLD,492.37,547.85,34.38,34.38,opennem.org.au,false,
2023-04-01 00:00:00,Australia,Queensland,AU-QLD,472.54,527.59,37.02,37.02,opennem.org.au,false,
2023-04-01 01:00:00,Australia,Queensland,AU-QLD,455.5,510.2,39.29,39.29,opennem.org.au,false,
2023-04-01 02:00:00,Australia,Queensland,AU-QLD,444.88,499.33,40.71,40.71,opennem.org.au,false,
2023-04-01 03:00:00,Australia,Queensland,AU-QLD,468.28,523.22,37.6,37.6,opennem.org.au,false,
2023-04-01 04:00:00,Australia,Queensland,AU-QLD,499.15,554.96,33.29,33.29,opennem.org.au,false,
2023-04-01 05:00:00,Australia,Queensland,AU-QLD,532.66,591.44,27.04,27.04,opennem.org.au,false,
2023-04-01 06:00:00,Australia,Queensland,AU-QLD,576.3,639.16,18.85,18.85,opennem.org.au,false,
2023-04-01 07:00:00,Australia,Queensland,AU-QLD,621.84,689.32,9.7,9.7,opennem.org.au,false,
2023-04-01 08:00:00,Australia,Queensland,AU-QLD,640.38,708.95,6.41,6.41,opennem.org.au,false,
2023-04-01 09:00:00,Australia,Queensland,AU-QLD,647.41,715.71,5.82,5.82,opennem.org.au,false,
2023-04-01 10:00:00,Australia,Queensland,AU-QLD,680.89,746.63,4.0,4.0,opennem.org.au,false,
2023-04-01 11:00:00,Australia,Queensland,AU-QLD,680.71,743.53,5.77,5.77,opennem.org.au,false,
2023-04-01 12:00:00,Australia,Queensland,AU-QLD,683.72,745.0,6.69,6.69,opennem.org.au,false,
2023-04-01 13:00:00,Australia,Queensland,AU-QLD,691.0,750.07,7.39,7.39,opennem.org.au,false,
2023-04-01 14:00:00,Australia,Queensland,AU-QLD,694.4,752.89,7.46,7.46,opennem.org.au,false,
2023-04-01 15:00:00,Australia,Queensland,AU-QLD,710.49,769.88,5.27,5.27,opennem.org.au,false,
2023-04-01 16:00:00,Australia,Queensland,AU-QLD,721.65,781.61,3.77,3.77,opennem.org.au,false,
2023-04-01 17:00:00,Australia,Queensland,AU-QLD,721.85,781.95,3.68,3.68,opennem.org.au,false,
2023-04-01 18:00:00,Australia,Queensland,AU-QLD,720.42,780.45,3.87,3.87,opennem.org.au,false,
2023-04-01 19:00:00,Australia,Queensland,AU-QLD,722.22,782.33,3.65,3.65,opennem.org.au,false,
2023-04-01 20:00:00,Australia,Queensland,AU-QLD,709.49,769.5,5.34,5.34,opennem.org.au,false,
2023-04-01 21:00:00,Australia,Queensland,AU-QLD,570.65,627.5,24.06,24.06,opennem.org.au,false,
2023-04-01 22:00:00,Australia,Queensland,AU-QLD,469.03,523.97,37.55,37.55,opennem.org.au,false,
2023-04-01 23:00:00,Australia,Queensland,AU-QLD,391.24,444.82,47.73,47.73,opennem.org.au,false,
2023-04-02 00:00:00,Australia,Queensland,AU-QLD,359.61,412.51,51.94,51.94,opennem.org.au,false,
2023-04-02 01:00:00,Australia,Queensland,AU-QLD,356.16,408.98,52.4,52.4,opennem.org.au,false,
2023-04-02 02:00:00,Australia,Queensland,AU-QLD,375.45,428.52,49.88,49.88,opennem.org.au,false,
2023-04-02 03:00:00,Australia,Queensland,AU-QLD,387.29,440.52,48.34,48.34,opennem.org.au,false,
2023-04-02 04:00:00,Australia,Queensland,AU-QLD,411.44,464.85,45.29,45.29,opennem.org.au,false,
2023-04-02 05:00:00,Australia,Queensland,AU-QLD,447.64,502.44,40.07,40.07,opennem.org.au,false,
2023-04-02 06:00:00,Australia,Queensland,AU-QLD,522.26,582.22,27.38,27.38,opennem.org.au,false,
2023-04-02 07:00:00,Australia,Queensland,AU-QLD,611.18,677.37,11.83,11.83,opennem.org.au,false,
2023-04-02 08:00:00,Australia,Queensland,AU-QLD,638.91,705.81,7.48,7.48,opennem.org.au,false,
2023-04-02 09:00:00,Australia,Queensland,AU-QLD,643.81,711.66,6.41,6.41,opennem.org.au,false,
2023-04-02 10:00:00,Australia,Queensland,AU-QLD,663.3,729.4,5.43,5.43,opennem.org.au,false,
2023-04-02 11:00:00,Australia,Queensland,AU-QLD,671.78,734.71,6.7,6.7,opennem.org.au,false,
2023-04-02 12:00:00,Australia,Queensland,AU-QLD,692.06,751.33,6.95,6.95,opennem.org.au,false,
2023-04-02 13:00:00,Australia,Queensland,AU-QLD,692.74,750.5,7.78,7.78,opennem.org.au,false,
2023-04-02 14:00:00,Australia,Queensland,AU-QLD,685.15,742.44,8.77,8.77,opennem.org.au,false,
2023-04-02 15:00:00,Australia,Queensland,AU-QLD,689.01,746.58,8.24,8.24,opennem.org.au,false,
2023-04-02 16:00:00,Australia,Queensland,AU-QLD,690.41,748.2,7.98,7.98,opennem.org.au,false,
2023-04-02 17:00:00,Australia,Queensland,AU-QLD,702.93,761.93,6.09,6.09,opennem.org.au,false,
2023-04-02 18:00:00,Australia,Queensland,AU-QLD,697.11,755.76,6.86,6.86,opennem.org.au,false,
2023-04-02 19:00:00,Australia,Queensland,AU-QLD,688.75,746.5,8.24,8.24,opennem.org.au,false,
2023-04-02 20:00:00,Australia,Queensland,AU-QLD,656.97,712.69,13.06,13.06,opennem.org.au,false,
2023-04-02 21:00:00,Australia,Queensland,AU-QLD,566.25,622.28,24.63,24.63,opennem.org.au,false,
2023-04-02 22:00:00,Australia,Queensland,AU-QLD,465.42,520.05,38.01,38.01,opennem.org.au,false,
2023-04-02 23:00:00,Australia,Queensland,AU-QLD,396.18,449.6,47.17,47.17,opennem.org.au,false,
2023-04-03 00:00:00,Australia,Queensland,AU-QLD,362.53,415.32,51.64,51.64,opennem.org.au,false,
2023-04-03 01:00:00,Australia,Queensland,AU-QLD,363.43,416.13,51.53,51.53,opennem.org.au,false,
2023-04-03 02:00:00,Australia,Queensland,AU-QLD,381.01,434.05,49.2,49.2,opennem.org.au,false,
2023-04-03 03:00:00,Australia,Queensland,AU-QLD,396.19,449.45,47.21,47.21,opennem.org.au,false,
2023-04-03 04:00:00,Australia,Queensland,AU-QLD,400.54,453.6,46.75,46.75,opennem.org.au,false,
2023-04-03 05:00:00,Australia,Queensland,AU-QLD,441.39,495.61,41.06,41.06,opennem.org.au,false,
2023-04-03 06:00:00,Australia,Queensland,AU-QLD,515.09,574.98,28.07,28.07,opennem.org.au,false,
2023-04-03 07:00:00,Australia,Queensland,AU-QLD,596.46,664.43,12.1,12.1,opennem.org.au,false,
2023-04-03 08:00:00,Australia,Queensland,AU-QLD,609.4,677.65,9.49,9.49,opennem.org.au,false,
2023-04-03 09:00:00,Australia,Queensland,AU-QLD,630.76,700.56,6.32,6.32,opennem.org.au,false,
2023-04-03 10:00:00,Australia,Queensland,AU-QLD,635.36,703.12,7.06,7.06,opennem.org.au,false,
2023-04-03 11:00:00,Australia,Queensland,AU-QLD,655.09,717.13,8.69,8.69,opennem.org.au,false,
2023-04-03 12:00:00,Australia,Queensland,AU-QLD,673.36,734.64,7.46,7.46,opennem.org.au,false,
2023-04-03 13:00:00,Australia,Queensland,AU-QLD,683.8,743.85,7.24,7.24,opennem.org.au,false,
2023-04-03 14:00:00,Australia,Queensland,AU-QLD,690.45,748.39,7.89,7.89,opennem.org.au,false,
2023-04-03 15:00:00,Australia,Queensland,AU-QLD,699.57,757.9,6.81,6.81,opennem.org.au,false,
2023-04-03 16:00:00,Australia,Queensland,AU-QLD,711.98,771.18,5.13,5.13,opennem.org.au,false,
2023-04-03 17:00:00,Australia,Queensland,AU-QLD,711.89,771.15,5.11,5.11,opennem.org.au,false,
2023-04-03 18:00:00,Australia,Queensland,AU-QLD,704.25,763.03,6.12,6.12,opennem.org.au,false,
2023-04-03 19:00:00,Australia,Queensland,AU-QLD,697.33,755.55,7.21,7.21,opennem.org.au,false,
2023-04-03 20:00:00,Australia,Queensland,AU-QLD,665.59,722.2,11.79,11.79,opennem.org.au,false,
2023-04-03 21:00:00,Australia,Queensland,AU-QLD,567.05,623.23,24.63,24.63,opennem.org.au,false,
2023-04-03 22:00:00,Australia,Queensland,AU-QLD,469.77,524.69,37.45,37.45,opennem.org.au,false,
2023-04-03 23:00:00,Australia,Queensland,AU-QLD,414.95,468.71,44.7,44.7,opennem.org.au,false,
2023-04-04 00:00:00,Australia,Queensland,AU-QLD,372.27,425.05,50.36,50.36,opennem.org.au,false,
2023-04-04 01:00:00,Australia,Queensland,AU-QLD,385.61,438.31,48.64,48.64,opennem.org.au,false,
2023-04-04 02:00:00,Australia,Queensland,AU-QLD,388.02,440.74,48.3,48.3,opennem.org.au,false,
2023-04-04 03:00:00,Australia,Queensland,AU-QLD,387.4,440.08,48.44,48.44,opennem.org.au,false,
2023-04-04 04:00:00,Australia,Queensland,AU-QLD,411.26,464.54,45.28,45.28,opennem.org.au,false,
2023-04-04 05:00:00,Australia,Queensland,AU-QLD,447.24,502.44,39.59,39.59,opennem.org.au,false,
2023-04-04 06:00:00,Australia,Queensland,AU-QLD,505.32,565.91,28.75,28.75,opennem.org.au,false,
2023-04-04 07:00:00,Australia,Queensland,AU-QLD,587.61,653.81,14.44,14.44,opennem.org.au,false,
2023-04-04 08:00:00,Australia,Queensland,AU-QLD,628.75,697.81,7.16,7.16,opennem.org.au,false,
2023-04-04 09:00:00,Australia,Queensland,AU-QLD,634.92,704.38,6.32,6.32,opennem.org.au,false,
2023-04-04 10:00:00,Australia,Queensland,AU-QLD,649.56,717.52,5.82,5.82,opennem.org.au,false,
2023-04-04 11:00:00,Australia,Queensland,AU-QLD,667.89,731.84,6.54,6.54,opennem.org.au,false,
2023-04-04 12:00:00,Australia,Queensland,AU-QLD,684.24,745.17,6.85,6.85,opennem.org.au,false,
2023-04-04 13:00:00,Australia,Queensland,AU-QLD,699.93,760.2,5.7,5.7,opennem.org.au,false,
2023-04-04 14:00:00,Australia,Queensland,AU-QLD,709.74,770.22,4.56,4.56,opennem.org.au,false,
2023-04-04 15:00:00,Australia,Queensland,AU-QLD,717.19,776.45,4.61,4.61,opennem.org.au,false,
2023-04-04 16:00:00,Australia,Queensland,AU-QLD,718.11,777.51,4.44,4.44,opennem.org.au,false,
2023-04-04 17:00:00,Australia,Queensland,AU-QLD,720.41,780.08,4.07,4.07,opennem.org.au,false,
2023-04-04 18:00:00,Australia,Queensland,AU-QLD,718.26,778.57,3.92,3.92,opennem.org.au,false,
2023-04-04 19:00:00,Australia,Queensland,AU-QLD,700.69,760.22,6.2,6.2,opennem.org.au,false,
2023-04-04 20:00:00,Australia,Queensland,AU-QLD,661.37,719.4,11.49,11.49,opennem.org.au,false,
2023-04-04 21:00:00,Australia,Queensland,AU-QLD,547.3,603.36,27.06,27.06,opennem.org.au,false,
2023-04-04 22:00:00,Australia,Queensland,AU-QLD,437.38,491.55,41.75,41.75,opennem.org.au,false,
2023-04-04 23:00:00,Australia,Queensland,AU-QLD,365.51,417.96,51.23,51.23,opennem.org.au,false,
2023-04-05 00:00:00,Australia,Queensland,AU-QLD,320.25,371.25,57.21,57.21,opennem.org.au,false,
2023-04-05 01:00:00,Australia,Queensland,AU-QLD,316.56,367.42,57.7,57.7,opennem.org.au,false,
2023-04-05 02:00:00,Australia,Queensland,AU-QLD,315.31,366.19,57.91,57.91,opennem.org.au,false,
2023-04-05 03:00:00,Australia,Queensland,AU-QLD,325.67,376.75,56.53,56.53,opennem.org.au,false,
2023-04-05 04:00:00,Australia,Queensland,AU-QLD,368.73,420.56,50.94,50.94,opennem.org.au,false,
2023-04-05 05:00:00,Australia,Queensland,AU-QLD,413.56,467.65,44.07,44.07,opennem.org.au,false,
2023-04-05 06:00:00,Australia,Queensland,AU-QLD,476.45,536.8,32.14,32.14,opennem.org.au,false,
2023-04-05 07:00:00,Australia,Queensland,AU-QLD,580.46,648.0,14.06,14.06,opennem.org.au,false,
2023-04-05 08:00:00,Australia,Queensland,AU-QLD,618.11,687.23,8.24,8.24,opennem.org.au,false,
2023-04-05 09:00:00,Australia,Queensland,AU-QLD,632.2,701.95,6.38,6.38,opennem.org.au,false,
2023-04-05 10:00:00,Australia,Queensland,AU-QLD,649.59,718.75,5.0,5.0,opennem.org.au,false,
2023-04-05 11:00:00,Australia,Queensland,AU-QLD,676.0,742.78,3.89,3.89,opennem.org.au,false,
2023-04-05 12:00:00,Australia,Queensland,AU-QLD,688.41,753.53,3.74,3.74,opennem.org.au,false,
2023-04-05 13:00:00,Australia,Queensland,AU-QLD,705.54,766.91,4.41,4.41,opennem.org.au,false,
2023-04-05 14:00:00,Australia,Queensland,AU-QLD,696.21,757.63,5.27,5.27,opennem.org.au,false,
2023-04-05 15:00:00,Australia,Queensland,AU-QLD,694.26,755.2,5.73,5.73,opennem.org.au,false,
2023-04-05 16:00:00,Australia,Queensland,AU-QLD,694.45,755.51,5.65,5.65,opennem.org.au,false,
2023-04-05 17:00:00,Australia,Queensland,AU-QLD,693.43,754.33,5.84,5.84,opennem.org.au,false,
2023-04-05 18:00:00,Australia,Queensland,AU-QLD,694.23,755.24,5.7,5.7,opennem.org.au,false,
2023-04-05 19:00:00,Australia,Queensland,AU-QLD,691.25,752.69,5.72,5.72,opennem.org.au,false,
2023-04-05 20:00:00,Australia,Queensland,AU-QLD,669.47,730.85,8.24,8.24,opennem.org.au,false,
2023-04-05 21:00:00,Australia,Queensland,AU-QLD,552.86,610.58,25.02,25.02,opennem.org.au,false,
2023-04-05 22:00:00,Australia,Queensland,AU-QLD,450.08,504.14,40.03,40.03,opennem.org.au,false,
2023-04-05 23:00:00,Australia,Queensland,AU-QLD,378.29,431.03,49.53,49.53,opennem.org.au,false,
2023-04-06 00:00:00,Australia,Queensland,AU-QLD,346.84,399.02,53.74,53.74,opennem.org.au,false,
2023-04-06 01:00:00,Australia,Queensland,AU-QLD,356.83,409.35,52.44,52.44,opennem.org.au,false,
2023-04-06 02:00:00,Australia,Queensland,AU-QLD,378.28,431.05,49.67,49.67,opennem.org.au,false,
2023-04-06 03:00:00,Australia,Queensland,AU-QLD,398.86,452.24,46.84,46.84,opennem.org.au,false,
2023-04-06 04:00:00,Australia,Queensland,AU-QLD,446.78,501.1,40.43,40.43,opennem.org.au,false,
2023-04-06 05:00:00,Australia,Queensland,AU-QLD,500.23,557.65,31.8,31.8,opennem.org.au,false,
2023-04-06 06:00:00,Australia,Queensland,AU-QLD,561.19,624.13,20.45,20.45,opennem.org.au,false,
2023-04-06 07:00:00,Australia,Queensland,AU-QLD,614.63,681.19,10.85,10.85,opennem.org.au,false,
2023-04-06 08:00:00,Australia,Queensland,AU-QLD,636.89,704.49,7.23,7.23,opennem.org.au,false,
2023-04-06 09:00:00,Australia,Queensland,AU-QLD,641.67,709.51,6.62,6.62,opennem.org.au,false,
2023-04-06 10:00:00,Australia,Queensland,AU-QLD,654.14,719.42,6.87,6.87,opennem.org.au,false,
2023-04-06 11:00:00,Australia,Queensland,AU-QLD,663.76,726.86,7.24,7.24,opennem.org.au,false,
2023-04-06 12:00:00,Australia,Queensland,AU-QLD,655.71,713.73,11.25,11.25,opennem.org.au,false,
2023-04-06 13:00:00,Australia,Queensland,AU-QLD,659.41,716.76,11.31,11.31,opennem.org.au,false,
2023-04-06 14:00:00,Australia,Queensland,AU-QLD,665.7,722.84,10.75,10.75,opennem.org.au,false,
2023-04-06 15:00:00,Australia,Queensland,AU-QLD,678.04,735.87,9.1,9.1,opennem.org.au,false,
2023-04-06 16:00:00,Australia,Queensland,AU-QLD,679.46,737.6,8.8,8.8,opennem.org.au,false,
2023-04-06 17:00:00,Australia,Queensland,AU-QLD,680.9,739.13,8.61,8.61,opennem.org.au,false,
2023-04-06 18:00:00,Australia,Queensland,AU-QLD,683.3,741.68,8.3,8.3,opennem.org.au,false,
2023-04-06 19:00:00,Australia,Queensland,AU-QLD,693.99,753.07,6.88,6.88,opennem.org.au,false,
2023-04-06 20:00:00,Australia,Queensland,AU-QLD,696.92,756.03,6.85,6.85,opennem.org.au,false,
2023-04-06 21:00:00,Australia,Queensland,AU-QLD,634.67,691.67,15.48,15.48,opennem.org.au,false,
2023-04-06 22:00:00,Australia,Queensland,AU-QLD,569.28,624.79,24.28,24.28,opennem.org.au,false,
2023-04-06 23:00:00,Australia,Queensland,AU-QLD,502.54,556.81,33.28,33.28,opennem.org.au,false,
2023-04-07 00:00:00,Australia,Queensland,AU-QLD,475.79,529.45,36.88,36.88,opennem.org.au,false,
2023-04-07 01:00:00,Australia,Queensland,AU-QLD,456.98,510.62,39.15,39.15,opennem.org.au,false,
2023-04-07 02:00:00,Australia,Queensland,AU-QLD,428.3,481.62,42.87,42.87,opennem.org.au,false,
2023-04-07 03:00:00,Australia,Queensland,AU-QLD,398.04,451.02,46.87,46.87,opennem.org.au,false,
2023-04-07 04:00:00,Australia,Queensland,AU-QLD,434.2,487.67,42.09,42.09,opennem.org.au,false,
2023-04-07 05:00:00,Australia,Queensland,AU-QLD,475.26,529.36,36.52,36.52,opennem.org.au,false,
2023-04-07 06:00:00,Australia,Queensland,AU-QLD,528.26,584.48,28.43,28.43,opennem.org.au,false,
2023-04-07 07:00:00,Australia,Queensland,AU-QLD,613.16,673.38,14.85,14.85,opennem.org.au,false,
2023-04-07 08:00:00,Australia,Queensland,AU-QLD,633.74,695.5,11.03,11.03,opennem.org.au,false,
2023-04-07 09:00:00,Australia,Queensland,AU-QLD,645.62,706.62,10.34,10.34,opennem.org.au,false,
2023-04-07 10:00:00,Australia,Queensland,AU-QLD,652.81,712.23,10.65,10.65,opennem.org.au,false,
2023-04-07 11:00:00,Australia,Queensland,AU-QLD,654.8,714.6,10.23,10.23,opennem.org.au,false,
2023-04-07 12:00:00,Australia,Queensland,AU-QLD,666.93,725.24,10.02,10.02,opennem.org.au,false,
2023-04-07 13:00:00,Australia,Queensland,AU-QLD,677.04,733.76,10.05,10.05,opennem.org.au,false,
2023-04-07 14:00:00,Australia,Queensland,AU-QLD,682.08,739.41,9.25,9.25,opennem.org.au,false,
2023-04-07 15:00:00,Australia,Queensland,AU-QLD,689.02,746.35,8.39,8.39,opennem.org.au,false,
2023-04-07 16:00:00,Australia,Queensland,AU-QLD,687.79,745.16,8.47,8.47,opennem.org.au,false,
2023-04-07 17:00:00,Australia,Queensland,AU-QLD,692.71,750.5,7.78,7.78,opennem.org.au,false,
2023-04-07 18:00:00,Australia,Queensland,AU-QLD,686.2,743.33,8.7,8.7,opennem.org.au,false,
2023-04-07 19:00:00,Australia,Queensland,AU-QLD,678.96,735.69,9.67,9.67,opennem.org.au,false,
2023-04-07 20:00:00,Australia,Queensland,AU-QLD,672.15,729.09,10.54,10.54,opennem.org.au,false,
2023-04-07 21:00:00,Australia,Queensland,AU-QLD,518.27,573.0,30.87,30.87,opennem.org.au,false,
2023-04-07 22:00:00,Australia,Queensland,AU-QLD,417.89,470.64,44.2,44.2,opennem.org.au,false,
2023-04-07 23:00:00,Australia,Queensland,AU-QLD,376.4,428.33,49.7,49.7,opennem.org.au,false,
2023-04-08 00:00:00,Australia,Queensland,AU-QLD,351.84,403.08,52.97,52.97,opennem.org.au,false,
2023-04-08 01:00:00,Australia,Queensland,AU-QLD,359.94,412.87,51.88,51.88,opennem.org.au,false,
2023-04-08 02:00:00,Australia,Queensland,AU-QLD,360.38,413.31,51.83,51.83,opennem.org.au,false,
2023-04-08 03:00:00,Australia,Queensland,AU-QLD,368.15,421.1,50.81,50.81,opennem.org.au,false,
2023-04-08 04:00:00,Australia,Queensland,AU-QLD,380.77,433.8,49.23,49.23,opennem.org.au,false,
2023-04-08 05:00:00,Australia,Queensland,AU-QLD,383.2,436.26,48.74,48.74,opennem.org.au,false,
2023-04-08 06:00:00,Australia,Queensland,AU-QLD,455.46,509.92,38.63,38.63,opennem.org.au,false,
2023-04-08 07:00:00,Australia,Queensland,AU-QLD,594.87,656.48,16.39,16.39,opennem.org.au,false,
2023-04-08 08:00:00,Australia,Queensland,AU-QLD,639.87,704.79,8.54,8.54,opennem.org.au,false,
2023-04-08 09:00:00,Australia,Queensland,AU-QLD,649.22,712.67,8.54,8.54,opennem.org.au,false,
2023-04-08 10:00:00,Australia,Queensland,AU-QLD,647.52,709.53,9.59,9.59,opennem.org.au,false,
2023-04-08 11:00:00,Australia,Queensland,AU-QLD,656.34,715.49,10.49,10.49,opennem.org.au,false,
2023-04-08 12:00:00,Australia,Queensland,AU-QLD,664.63,721.28,11.23,11.23,opennem.org.au,false,
2023-04-08 13:00:00,Australia,Queensland,AU-QLD,669.1,725.32,11.09,11.09,opennem.org.au,false,
2023-04-08 14:00:00,Australia,Queensland,AU-QLD,656.11,711.32,12.91,12.91,opennem.org.au,false,
2023-04-08 15:00:00,Australia,Queensland,AU-QLD,654.3,709.7,12.95,12.95,opennem.org.au,false,
2023-04-08 16:00:00,Australia,Queensland,AU-QLD,642.02,696.82,14.43,14.43,opennem.org.au,false,
2023-04-08 17:00:00,Australia,Queensland,AU-QLD,665.52,721.53,11.32,11.32,opennem.org.au,false,
2023-04-08 18:00:00,Australia,Queensland,AU-QLD,653.09,707.58,13.47,13.47,opennem.org.au,false,
2023-04-08 19:00:00,Australia,Queensland,AU-QLD,647.74,702.08,14.16,14.16,opennem.org.au,false,
2023-04-08 20:00:00,Australia,Queensland,AU-QLD,648.01,703.98,13.65,13.65,opennem.org.au,false,
2023-04-08 21:00:00,Australia,Queensland,AU-QLD,485.02,538.16,35.22,35.22,opennem.org.au,false,
2023-04-08 22:00:00,Australia,Queensland,AU-QLD,404.56,457.24,45.93,45.93,opennem.org.au,false,
2023-04-08 23:00:00,Australia,Queensland,AU-QLD,365.63,418.57,51.11,51.11,opennem.org.au,false,
2023-04-09 00:00:00,Australia,Queensland,AU-QLD,364.23,417.12,51.3,51.3,opennem.org.au,false,
2023-04-09 01:00:00,Australia,Queensland,AU-QLD,366.64,419.62,51.0,51.0,opennem.org.au,false,
2023-04-09 02:00:00,Australia,Queensland,AU-QLD,363.88,416.89,51.37,51.37,opennem.org.au,false,
2023-04-09 03:00:00,Australia,Queensland,AU-QLD,360.32,413.28,51.81,51.81,opennem.org.au,false,
2023-04-09 04:00:00,Australia,Queensland,AU-QLD,351.71,404.4,52.98,52.98,opennem.org.au,false,
2023-04-09 05:00:00,Australia,Queensland,AU-QLD,354.05,405.66,52.57,52.57,opennem.org.au,false,
2023-04-09 06:00:00,Australia,Queensland,AU-QLD,436.68,490.33,40.94,40.94,opennem.org.au,false,
2023-04-09 07:00:00,Australia,Queensland,AU-QLD,605.56,664.21,17.05,17.05,opennem.org.au,false,
2023-04-09 08:00:00,Australia,Queensland,AU-QLD,647.35,707.12,10.98,10.98,opennem.org.au,false,
2023-04-09 09:00:00,Australia,Queensland,AU-QLD,652.66,712.37,10.5,10.5,opennem.org.au,false,
2023-04-09 10:00:00,Australia,Queensland,AU-QLD,652.97,712.32,10.67,10.67,opennem.org.au,false,
2023-04-09 11:00:00,Australia,Queensland,AU-QLD,655.92,715.48,10.27,10.27,opennem.org.au,false,
2023-04-09 12:00:00,Australia,Queensland,AU-QLD,664.21,721.8,10.7,10.7,opennem.org.au,false,
2023-04-09 13:00:00,Australia,Queensland,AU-QLD,675.38,731.87,10.35,10.35,opennem.org.au,false,
2023-04-09 14:00:00,Australia,Queensland,AU-QLD,680.12,737.06,9.64,9.64,opennem.org.au,false,
2023-04-09 15:00:00,Australia,Queensland,AU-QLD,683.21,740.5,9.13,9.13,opennem.org.au,false,
2023-04-09 16:00:00,Australia,Queensland,AU-QLD,683.93,741.39,8.98,8.98,opennem.org.au,false,
2023-04-09 17:00:00,Australia,Queensland,AU-QLD,709.04,767.74,5.67,5.67,opennem.org.au,false,
2023-04-09 18:00:00,Australia,Queensland,AU-QLD,698.84,757.12,6.93,6.93,opennem.org.au,false,
2023-04-09 19:00:00,Australia,Queensland,AU-QLD,703.28,761.78,6.38,6.38,opennem.org.au,false,
2023-04-09 20:00:00,Australia,Queensland,AU-QLD,681.74,739.67,9.27,9.27,opennem.org.au,false,
2023-04-09 21:00:00,Australia,Queensland,AU-QLD,514.43,569.36,31.4,31.4,opennem.org.au,false,
2023-04-09 22:00:00,Australia,Queensland,AU-QLD,430.26,484.29,42.53,42.53,opennem.org.au,false,
2023-04-09 23:00:00,Australia,Queensland,AU-QLD,367.94,421.05,50.82,50.82,opennem.org.au,false,
2023-04-10 00:00:00,Australia,Queensland,AU-QLD,351.22,403.97,53.05,53.05,opennem.org.au,false,
2023-04-10 01:00:00,Australia,Queensland,AU-QLD,357.72,410.74,52.18,52.18,opennem.org.au,false,
2023-04-10 02:00:00,Australia,Queensland,AU-QLD,346.21,398.92,53.75,53.75,opennem.org.au,false,
2023-04-10 03:00:00,Australia,Queensland,AU-QLD,340.89,393.52,54.44,54.44,opennem.org.au,false,
2023-04-10 04:00:00,Australia,Queensland,AU-QLD,336.53,388.51,55.04,55.04,opennem.org.au,false,
2023-04-10 05:00:00,Australia,Queensland,AU-QLD,364.74,416.45,51.25,51.25,opennem.org.au,false,
2023-04-10 06:00:00,Australia,Queensland,AU-QLD,472.41,527.95,35.68,35.68,opennem.org.au,false,
2023-04-10 07:00:00,Australia,Queensland,AU-QLD,601.55,663.65,15.54,15.54,opennem.org.au,false,
2023-04-10 08:00:00,Australia,Queensland,AU-QLD,634.82,699.6,9.16,9.16,opennem.org.au,false,
2023-04-10 09:00:00,Australia,Queensland,AU-QLD,652.67,717.31,7.44,7.44,opennem.org.au,false,
2023-04-10 10:00:00,Australia,Queensland,AU-QLD,666.03,729.08,7.04,7.04,opennem.org.au,false,
2023-04-10 11:00:00,Australia,Queensland,AU-QLD,667.85,731.13,6.79,6.79,opennem.org.au,false,
2023-04-10 12:00:00,Australia,Queensland,AU-QLD,668.42,727.83,9.22,9.22,opennem.org.au,false,
2023-04-10 13:00:00,Australia,Queensland,AU-QLD,666.62,724.54,10.29,10.29,opennem.org.au,false,
2023-04-10 14:00:00,Australia,Queensland,AU-QLD,655.41,712.96,11.6,11.6,opennem.org.au,false,
2023-04-10 15:00:00,Australia,Queensland,AU-QLD,646.52,703.03,13.05,13.05,opennem.org.au,false,
2023-04-10 16:00:00,Australia,Queensland,AU-QLD,647.45,704.1,12.91,12.91,opennem.org.au,false,
2023-04-10 17:00:00,Australia,Queensland,AU-QLD,674.24,732.58,9.19,9.19,opennem.org.au,false,
2023-04-10 18:00:00,Australia,Queensland,AU-QLD,680.46,739.29,8.31,8.31,opennem.org.au,false,
2023-04-10 19:00:00,Australia,Queensland,AU-QLD,678.67,736.74,8.96,8.96,opennem.org.au,false,
2023-04-10 20:00:00,Australia,Queensland,AU-QLD,649.92,707.22,12.82,12.82,opennem.org.au,false,
2023-04-10 21:00:00,Australia,Queensland,AU-QLD,524.55,579.47,30.0,30.0,opennem.org.au,false,
2023-04-10 22:00:00,Australia,Queensland,AU-QLD,391.08,444.05,47.78,47.78,opennem.org.au,false,
2023-04-10 23:00:00,Australia,Queensland,AU-QLD,324.86,376.57,56.53,56.53,opennem.org.au,false,
2023-04-11 00:00:00,Australia,Queensland,AU-QLD,304.92,356.68,59.18,59.18,opennem.org.au,false,
2023-04-11 01:00:00,Australia,Queensland,AU-QLD,300.44,352.12,59.78,59.78,opennem.org.au,false,
2023-04-11 02:00:00,Australia,Queensland,AU-QLD,297.2,348.81,60.22,60.22,opennem.org.au,false,
2023-04-11 03:00:00,Australia,Queensland,AU-QLD,294.93,346.42,60.54,60.54,opennem.org.au,false,
2023-04-11 04:00:00,Australia,Queensland,AU-QLD,313.29,364.38,58.17,58.17,opennem.org.au,false,
2023-04-11 05:00:00,Australia,Queensland,AU-QLD,367.68,420.3,50.64,50.64,opennem.org.au,false,
2023-04-11 06:00:00,Australia,Queensland,AU-QLD,474.08,531.22,34.58,34.58,opennem.org.au,false,
2023-04-11 07:00:00,Australia,Queensland,AU-QLD,601.26,668.64,12.27,12.27,opennem.org.au,false,
2023-04-11 08:00:00,Australia,Queensland,AU-QLD,624.46,693.7,8.17,8.17,opennem.org.au,false,
2023-04-11 09:00:00,Australia,Queensland,AU-QLD,633.41,702.35,7.48,7.48,opennem.org.au,false,
2023-04-11 10:00:00,Australia,Queensland,AU-QLD,645.49,715.17,5.76,5.76,opennem.org.au,false,
2023-04-11 11:00:00,Australia,Queensland,AU-QLD,661.69,728.31,5.28,5.28,opennem.org.au,false,
2023-04-11 12:00:00,Australia,Queensland,AU-QLD,671.05,734.66,6.18,6.18,opennem.org.au,false,
2023-04-11 13:00:00,Australia,Queensland,AU-QLD,676.8,738.81,6.73,6.73,opennem.org.au,false,
2023-04-11 14:00:00,Australia,Queensland,AU-QLD,677.51,738.38,7.29,7.29,opennem.org.au,false,
2023-04-11 15:00:00,Australia,Queensland,AU-QLD,678.26,738.99,7.34,7.34,opennem.org.au,false,
2023-04-11 16:00:00,Australia,Queensland,AU-QLD,688.26,749.36,6.18,6.18,opennem.org.au,false,
2023-04-11 17:00:00,Australia,Queensland,AU-QLD,693.27,754.76,5.49,5.49,opennem.org.au,false,
2023-04-11 18:00:00,Australia,Queensland,AU-QLD,693.97,755.6,5.33,5.33,opennem.org.au,false,
2023-04-11 19:00:00,Australia,Queensland,AU-QLD,691.87,754.02,5.18,5.18,opennem.org.au,false,
2023-04-11 20:00:00,Australia,Queensland,AU-QLD,677.62,739.99,6.83,6.83,opennem.org.au,false,
2023-04-11 21:00:00,Australia,Queensland,AU-QLD,552.27,610.31,25.18,25.18,opennem.org.au,false,
2023-04-11 22:00:00,Australia,Queensland,AU-QLD,443.05,497.32,40.96,40.96,opennem.org.au,false,
2023-04-11 23:00:00,Australia,Queensland,AU-QLD,370.34,422.99,50.56,50.56,opennem.org.au,false,
2023-04-12 00:00:00,Australia,Queensland,AU-QLD,317.45,368.93,57.51,57.51,opennem.org.au,false,
2023-04-12 01:00:00,Australia,Queensland,AU-QLD,302.01,353.12,59.57,59.57,opennem.org.au,false,
2023-04-12 02:00:00,Australia,Queensland,AU-QLD,304.11,355.18,59.28,59.28,opennem.org.au,false,
2023-04-12 03:00:00,Australia,Queensland,AU-QLD,318.98,369.99,57.45,57.45,opennem.org.au,false,
2023-04-12 04:00:00,Australia,Queensland,AU-QLD,334.0,385.61,55.38,55.38,opennem.org.au,false,
2023-04-12 05:00:00,Australia,Queensland,AU-QLD,385.73,438.36,48.49,48.49,opennem.org.au,false,
2023-04-12 06:00:00,Australia,Queensland,AU-QLD,474.51,530.35,35.41,35.41,opennem.org.au,false,
2023-04-12 07:00:00,Australia,Queensland,AU-QLD,604.21,673.64,10.87,10.87,opennem.org.au,false,
2023-04-12 08:00:00,Australia,Queensland,AU-QLD,628.81,701.03,6.32,6.32,opennem.org.au,false,
2023-04-12 09:00:00,Australia,Queensland,AU-QLD,641.15,712.84,5.93,5.93,opennem.org.au,false,
2023-04-12 10:00:00,Australia,Queensland,AU-QLD,660.84,733.09,3.63,3.63,opennem.org.au,false,
2023-04-12 11:00:00,Australia,Queensland,AU-QLD,674.83,744.83,3.37,3.37,opennem.org.au,false,
2023-04-12 12:00:00,Australia,Queensland,AU-QLD,678.67,743.79,4.65,4.65,opennem.org.au,false,
2023-04-12 13:00:00,Australia,Queensland,AU-QLD,675.4,738.29,6.3,6.3,opennem.org.au,false,
2023-04-12 14:00:00,Australia,Queensland,AU-QLD,670.46,731.75,7.72,7.72,opennem.org.au,false,
2023-04-12 15:00:00,Australia,Queensland,AU-QLD,662.04,722.66,8.92,8.92,opennem.org.au,false,
2023-04-12 16:00:00,Australia,Queensland,AU-QLD,661.72,722.97,8.57,8.57,opennem.org.au,false,
2023-04-12 17:00:00,Australia,Queensland,AU-QLD,669.54,731.07,7.67,7.67,opennem.org.au,false,
2023-04-12 18:00:00,Australia,Queensland,AU-QLD,668.55,729.99,7.82,7.82,opennem.org.au,false,
2023-04-12 19:00:00,Australia,Queensland,AU-QLD,675.22,737.23,6.85,6.85,opennem.org.au,false,
2023-04-12 20:00:00,Australia,Queensland,AU-QLD,662.07,723.93,8.6,8.6,opennem.org.au,false,
2023-04-12 21:00:00,Australia,Queensland,AU-QLD,530.24,587.65,27.67,27.67,opennem.org.au,false,
2023-04-12 22:00:00,Australia,Queensland,AU-QLD,413.75,467.09,44.68,44.68,opennem.org.au,false,
2023-04-12 23:00:00,Australia,Queensland,AU-QLD,322.08,373.32,56.9,56.9,opennem.org.au,false,
2023-04-13 00:00:00,Australia,Queensland,AU-QLD,292.86,343.36,60.76,60.76,opennem.org.au,false,
2023-04-13 01:00:00,Australia,Queensland,AU-QLD,290.01,340.16,61.16,61.16,opennem.org.au,false,
2023-04-13 02:00:00,Australia,Queensland,AU-QLD,287.22,337.24,61.54,61.54,opennem.org.au,false,
2023-04-13 03:00:00,Australia,Queensland,AU-QLD,284.29,333.99,62.03,62.03,opennem.org.au,false,
2023-04-13 04:00:00,Australia,Queensland,AU-QLD,311.72,362.07,58.37,58.37,opennem.org.au,false,
2023-04-13 05:00:00,Australia,Queensland,AU-QLD,371.18,423.12,50.18,50.18,opennem.org.au,false,
2023-04-13 06:00:00,Australia,Queensland,AU-QLD,473.57,529.48,35.11,35.11,opennem.org.au,false,
2023-04-13 07:00:00,Australia,Queensland,AU-QLD,595.32,660.87,13.53,13.53,opennem.org.au,false,
2023-04-13 08:00:00,Australia,Queensland,AU-QLD,624.46,692.63,8.69,8.69,opennem.org.au,false,
2023-04-13 09:00:00,Australia,Queensland,AU-QLD,641.34,707.91,8.04,8.04,opennem.org.au,false,
2023-04-13 10:00:00,Australia,Queensland,AU-QLD,658.8,724.21,6.96,6.96,opennem.org.au,false,
2023-04-13 11:00:00,Australia,Queensland,AU-QLD,671.6,733.53,7.15,7.15,opennem.org.au,false,
2023-04-13 12:00:00,Australia,Queensland,AU-QLD,664.77,724.1,9.54,9.54,opennem.org.au,false,
2023-04-13 13:00:00,Australia,Queensland,AU-QLD,674.26,730.97,10.32,10.32,opennem.org.au,false,
2023-04-13 14:00:00,Australia,Queensland,AU-QLD,669.07,725.74,10.86,10.86,opennem.org.au,false,
2023-04-13 15:00:00,Australia,Queensland,AU-QLD,670.17,726.9,10.73,10.73,opennem.org.au,false,
2023-04-13 16:00:00,Australia,Queensland,AU-QLD,686.95,744.49,8.51,8.51,opennem.org.au,false,
2023-04-13 17:00:00,Australia,Queensland,AU-QLD,690.65,748.38,8.02,8.02,opennem.org.au,false,
2023-04-13 18:00:00,Australia,Queensland,AU-QLD,699.51,757.83,6.84,6.84,opennem.org.au,false,
2023-04-13 19:00:00,Australia,Queensland,AU-QLD,687.2,744.87,8.57,8.57,opennem.org.au,false,
2023-04-13 20:00:00,Australia,Queensland,AU-QLD,676.59,734.18,9.85,9.85,opennem.org.au,false,
2023-04-13 21:00:00,Australia,Queensland,AU-QLD,552.98,609.6,26.0,26.0,opennem.org.au,false,
2023-04-13 22:00:00,Australia,Queensland,AU-QLD,437.37,491.56,41.71,41.71,opennem.org.au,false,
2023-04-13 23:00:00,Australia,Queensland,AU-QLD,352.42,405.02,52.94,52.94,opennem.org.au,false,
2023-04-14 00:00:00,Australia,Queensland,AU-QLD,318.09,369.98,57.48,57.48,opennem.org.au,false,
2023-04-14 01:00:00,Australia,Queensland,AU-QLD,310.34,362.04,58.54,58.54,opennem.org.au,false,
2023-04-14 02:00:00,Australia,Queensland,AU-QLD,306.11,357.65,59.15,59.15,opennem.org.au,false,
2023-04-14 03:00:00,Australia,Queensland,AU-QLD,334.39,386.54,55.4,55.4,opennem.org.au,false,
2023-04-14 04:00:00,Australia,Queensland,AU-QLD,378.18,430.94,49.75,49.75,opennem.org.au,false,
2023-04-14 05:00:00,Australia,Queensland,AU-QLD,421.07,475.41,43.49,43.49,opennem.org.au,false,
2023-04-14 06:00:00,Australia,Queensland,AU-QLD,503.2,561.89,30.54,30.54,opennem.org.au,false,
2023-04-14 07:00:00,Australia,Queensland,AU-QLD,618.37,685.89,10.53,10.53,opennem.org.au,false,
2023-04-14 08:00:00,Australia,Queensland,AU-QLD,647.75,717.06,5.78,5.78,opennem.org.au,false,
2023-04-14 09:00:00,Australia,Queensland,AU-QLD,656.12,724.36,5.64,5.64,opennem.org.au,false,
2023-04-14 10:00:00,Australia,Queensland,AU-QLD,672.62,740.87,3.93,3.93,opennem.org.au,false,
2023-04-14 11:00:00,Australia,Queensland,AU-QLD,677.69,743.6,4.7,4.7,opennem.org.au,false,
2023-04-14 12:00:00,Australia,Queensland,AU-QLD,672.2,732.25,8.48,8.48,opennem.org.au,false,
2023-04-14 13:00:00,Australia,Queensland,AU-QLD,679.66,738.59,8.5,8.5,opennem.org.au,false,
2023-04-14 14:00:00,Australia,Queensland,AU-QLD,666.06,722.59,11.28,11.28,opennem.org.au,false,
2023-04-14 15:00:00,Australia,Queensland,AU-QLD,669.04,725.83,10.82,10.82,opennem.org.au,false,
2023-04-14 16:00:00,Australia,Queensland,AU-QLD,672.48,729.51,10.35,10.35,opennem.org.au,false,
2023-04-14 17:00:00,Australia,Queensland,AU-QLD,673.06,730.0,10.35,10.35,opennem.org.au,false,
2023-04-14 18:00:00,Australia,Queensland,AU-QLD,695.27,753.22,7.43,7.43,opennem.org.au,false,
2023-04-14 19:00:00,Australia,Queensland,AU-QLD,697.88,756.13,7.02,7.02,opennem.org.au,false,
2023-04-14 20:00:00,Australia,Queensland,AU-QLD,690.04,748.06,8.3,8.3,opennem.org.au,false,
2023-04-14 21:00:00,Australia,Queensland,AU-QLD,540.93,596.49,27.98,27.98,opennem.org.au,false,
2023-04-14 22:00:00,Australia,Queensland,AU-QLD,390.71,443.33,47.99,47.99,opennem.org.au,false,
2023-04-14 23:00:00,Australia,Queensland,AU-QLD,330.9,382.98,55.68,55.68,opennem.org.au,false,
2023-04-15 00:00:00,Australia,Queensland,AU-QLD,316.3,368.13,57.63,57.63,opennem.org.au,false,
2023-04-15 01:00:00,Australia,Queensland,AU-QLD,312.56,364.4,58.14,58.14,opennem.org.au,false,
2023-04-15 02:00:00,Australia,Queensland,AU-QLD,305.49,357.19,59.08,59.08,opennem.org.au,false,
2023-04-15 03:00:00,Australia,Queensland,AU-QLD,319.04,370.85,57.35,57.35,opennem.org.au,false,
2023-04-15 04:00:00,Australia,Queensland,AU-QLD,358.87,411.4,52.12,52.12,opennem.org.au,false,
2023-04-15 05:00:00,Australia,Queensland,AU-QLD,421.09,474.66,43.93,43.93,opennem.org.au,false,
2023-04-15 06:00:00,Australia,Queensland,AU-QLD,509.16,566.51,30.7,30.7,opennem.org.au,false,
2023-04-15 07:00:00,Australia,Queensland,AU-QLD,624.46,689.5,11.17,11.17,opennem.org.au,false,
2023-04-15 08:00:00,Australia,Queensland,AU-QLD,655.33,723.44,5.85,5.85,opennem.org.au,false,
2023-04-15 09:00:00,Australia,Queensland,AU-QLD,660.22,726.8,6.26,6.26,opennem.org.au,false,
2023-04-15 10:00:00,Australia,Queensland,AU-QLD,661.91,724.36,7.75,7.75,opennem.org.au,false,
2023-04-15 11:00:00,Australia,Queensland,AU-QLD,668.01,728.68,8.28,8.28,opennem.org.au,false,
2023-04-15 12:00:00,Australia,Queensland,AU-QLD,661.31,717.66,11.72,11.72,opennem.org.au,false,
2023-04-15 13:00:00,Australia,Queensland,AU-QLD,668.61,724.65,11.24,11.24,opennem.org.au,false,
2023-04-15 14:00:00,Australia,Queensland,AU-QLD,659.91,715.52,12.33,12.33,opennem.org.au,false,
2023-04-15 15:00:00,Australia,Queensland,AU-QLD,669.08,725.4,10.9,10.9,opennem.org.au,false,
2023-04-15 16:00:00,Australia,Queensland,AU-QLD,674.85,731.55,10.1,10.1,opennem.org.au,false,
2023-04-15 17:00:00,Australia,Queensland,AU-QLD,673.95,730.59,10.22,10.22,opennem.org.au,false,
2023-04-15 18:00:00,Australia,Queensland,AU-QLD,675.79,732.55,9.97,9.97,opennem.org.au,false,
2023-04-15 19:00:00,Australia,Queensland,AU-QLD,684.08,741.32,8.91,8.91,opennem.org.au,false,
2023-04-15 20:00:00,Australia,Queensland,AU-QLD,671.32,728.2,10.71,10.71,opennem.org.au,false,
2023-04-15 21:00:00,Australia,Queensland,AU-QLD,538.81,593.66,28.23,28.23,opennem.org.au,false,
2023-04-15 22:00:00,Australia,Queensland,AU-QLD,406.88,459.5,45.64,45.64,opennem.org.au,false,
2023-04-15 23:00:00,Australia,Queensland,AU-QLD,333.38,384.77,55.38,55.38,opennem.org.au,false,
2023-04-16 00:00:00,Australia,Queensland,AU-QLD,319.65,371.08,57.21,57.21,opennem.org.au,false,
2023-04-16 01:00:00,Australia,Queensland,AU-QLD,313.93,365.45,58.05,58.05,opennem.org.au,false,
2023-04-16 02:00:00,Australia,Queensland,AU-QLD,332.99,384.92,55.58,55.58,opennem.org.au,false,
2023-04-16 03:00:00,Australia,Queensland,AU-QLD,360.62,413.42,51.83,51.83,opennem.org.au,false,
2023-04-16 04:00:00,Australia,Queensland,AU-QLD,385.46,438.69,48.55,48.55,opennem.org.au,false,
2023-04-16 05:00:00,Australia,Queensland,AU-QLD,478.15,533.5,35.92,35.92,opennem.org.au,false,
2023-04-16 06:00:00,Australia,Queensland,AU-QLD,553.74,613.5,23.84,23.84,opennem.org.au,false,
2023-04-16 07:00:00,Australia,Queensland,AU-QLD,631.36,698.19,9.47,9.47,opennem.org.au,false,
2023-04-16 08:00:00,Australia,Queensland,AU-QLD,645.97,715.54,5.85,5.85,opennem.org.au,false,
2023-04-16 09:00:00,Australia,Queensland,AU-QLD,655.93,722.67,6.57,6.57,opennem.org.au,false,
2023-04-16 10:00:00,Australia,Queensland,AU-QLD,667.48,735.03,4.52,4.52,opennem.org.au,false,
2023-04-16 11:00:00,Australia,Queensland,AU-QLD,681.55,747.35,3.96,3.96,opennem.org.au,false,
2023-04-16 12:00:00,Australia,Queensland,AU-QLD,689.36,754.19,3.83,3.83,opennem.org.au,false,
2023-04-16 13:00:00,Australia,Queensland,AU-QLD,702.23,765.78,3.42,3.42,opennem.org.au,false,
2023-04-16 14:00:00,Australia,Queensland,AU-QLD,703.14,766.65,3.37,3.37,opennem.org.au,false,
2023-04-16 15:00:00,Australia,Queensland,AU-QLD,700.42,764.12,3.53,3.53,opennem.org.au,false,
2023-04-16 16:00:00,Australia,Queensland,AU-QLD,696.94,760.18,4.12,4.12,opennem.org.au,false,
2023-04-16 17:00:00,Australia,Queensland,AU-QLD,692.04,754.9,4.8,4.8,opennem.org.au,false,
2023-04-16 18:00:00,Australia,Queensland,AU-QLD,693.7,756.64,4.59,4.59,opennem.org.au,false,
2023-04-16 19:00:00,Australia,Queensland,AU-QLD,694.35,757.04,4.66,4.66,opennem.org.au,false,
2023-04-16 20:00:00,Australia,Queensland,AU-QLD,682.78,746.41,5.41,5.41,opennem.org.au,false,
2023-04-16 21:00:00,Australia,Queensland,AU-QLD,594.12,653.02,19.46,19.46,opennem.org.au,false,
2023-04-16 22:00:00,Australia,Queensland,AU-QLD,521.42,577.22,30.59,30.59,opennem.org.au,false,
2023-04-16 23:00:00,Australia,Queensland,AU-QLD,443.25,497.72,40.94,40.94,opennem.org.au,false,
2023-04-17 00:00:00,Australia,Queensland,AU-QLD,396.54,450.16,47.11,47.11,opennem.org.au,false,
2023-04-17 01:00:00,Australia,Queensland,AU-QLD,379.22,432.23,49.43,49.43,opennem.org.au,false,
2023-04-17 02:00:00,Australia,Queensland,AU-QLD,390.2,443.41,47.98,47.98,opennem.org.au,false,
2023-04-17 03:00:00,Australia,Queensland,AU-QLD,416.94,470.63,44.42,44.42,opennem.org.au,false,
2023-04-17 04:00:00,Australia,Queensland,AU-QLD,449.92,505.54,39.1,39.1,opennem.org.au,false,
2023-04-17 05:00:00,Australia,Queensland,AU-QLD,485.57,544.73,32.9,32.9,opennem.org.au,false,
2023-04-17 06:00:00,Australia,Queensland,AU-QLD,573.22,639.3,17.96,17.96,opennem.org.au,false,
2023-04-17 07:00:00,Australia,Queensland,AU-QLD,622.88,694.82,8.24,8.24,opennem.org.au,false,
2023-04-17 08:00:00,Australia,Queensland,AU-QLD,621.25,694.33,7.62,7.62,opennem.org.au,false,
2023-04-17 09:00:00,Australia,Queensland,AU-QLD,623.38,695.68,7.74,7.74,opennem.org.au,false,
2023-04-17 10:00:00,Australia,Queensland,AU-QLD,624.44,694.96,8.52,8.52,opennem.org.au,false,
2023-04-17 11:00:00,Australia,Queensland,AU-QLD,644.0,708.5,8.39,8.39,opennem.org.au,false,
2023-04-17 12:00:00,Australia,Queensland,AU-QLD,657.65,717.86,9.64,9.64,opennem.org.au,false,
2023-04-17 13:00:00,Australia,Queensland,AU-QLD,665.16,722.72,10.65,10.65,opennem.org.au,false,
2023-04-17 14:00:00,Australia,Queensland,AU-QLD,677.11,734.36,9.54,9.54,opennem.org.au,false,
2023-04-17 15:00:00,Australia,Queensland,AU-QLD,675.19,731.95,10.01,10.01,opennem.org.au,false,
2023-04-17 16:00:00,Australia,Queensland,AU-QLD,660.52,716.18,12.04,12.04,opennem.org.au,false,
2023-04-17 17:00:00,Australia,Queensland,AU-QLD,657.42,712.88,12.44,12.44,opennem.org.au,false,
2023-04-17 18:00:00,Australia,Queensland,AU-QLD,663.66,719.52,11.62,11.62,opennem.org.au,false,
2023-04-17 19:00:00,Australia,Queensland,AU-QLD,664.88,720.79,11.49,11.49,opennem.org.au,false,
2023-04-17 20:00:00,Australia,Queensland,AU-QLD,656.56,712.26,12.65,12.65,opennem.org.au,false,
2023-04-17 21:00:00,Australia,Queensland,AU-QLD,574.96,629.92,23.48,23.48,opennem.org.au,false,
2023-04-17 22:00:00,Australia,Queensland,AU-QLD,473.29,527.01,36.94,36.94,opennem.org.au,false,
2023-04-17 23:00:00,Australia,Queensland,AU-QLD,394.99,447.45,47.26,47.26,opennem.org.au,false,
2023-04-18 00:00:00,Australia,Queensland,AU-QLD,349.88,401.7,53.23,53.23,opennem.org.au,false,
2023-04-18 01:00:00,Australia,Queensland,AU-QLD,361.9,414.28,51.69,51.69,opennem.org.au,false,
2023-04-18 02:00:00,Australia,Queensland,AU-QLD,376.55,429.21,49.76,49.76,opennem.org.au,false,
2023-04-18 03:00:00,Australia,Queensland,AU-QLD,386.53,439.28,48.46,48.46,opennem.org.au,false,
2023-04-18 04:00:00,Australia,Queensland,AU-QLD,414.48,467.76,44.76,44.76,opennem.org.au,false,
2023-04-18 05:00:00,Australia,Queensland,AU-QLD,467.6,523.02,36.82,36.82,opennem.org.au,false,
2023-04-18 06:00:00,Australia,Queensland,AU-QLD,549.15,609.68,23.32,23.32,opennem.org.au,false,
2023-04-18 07:00:00,Australia,Queensland,AU-QLD,626.73,694.74,8.37,8.37,opennem.org.au,false,
2023-04-18 08:00:00,Australia,Queensland,AU-QLD,635.75,704.04,6.88,6.88,opennem.org.au,false,
2023-04-18 09:00:00,Australia,Queensland,AU-QLD,639.1,706.55,7.07,7.07,opennem.org.au,false,
2023-04-18 10:00:00,Australia,Queensland,AU-QLD,649.22,716.14,6.25,6.25,opennem.org.au,false,
2023-04-18 11:00:00,Australia,Queensland,AU-QLD,659.05,722.81,7.26,7.26,opennem.org.au,false,
2023-04-18 12:00:00,Australia,Queensland,AU-QLD,649.76,709.14,11.01,11.01,opennem.org.au,false,
2023-04-18 13:00:00,Australia,Queensland,AU-QLD,656.98,713.4,12.1,12.1,opennem.org.au,false,
2023-04-18 14:00:00,Australia,Queensland,AU-QLD,662.26,718.24,11.83,11.83,opennem.org.au,false,
2023-04-18 15:00:00,Australia,Queensland,AU-QLD,680.38,737.48,9.37,9.37,opennem.org.au,false,
2023-04-18 16:00:00,Australia,Queensland,AU-QLD,690.32,748.07,8.04,8.04,opennem.org.au,false,
2023-04-18 17:00:00,Australia,Queensland,AU-QLD,692.23,750.11,7.78,7.78,opennem.org.au,false,
2023-04-18 18:00:00,Australia,Queensland,AU-QLD,698.37,756.67,6.96,6.96,opennem.org.au,false,
2023-04-18 19:00:00,Australia,Queensland,AU-QLD,699.92,758.39,6.73,6.73,opennem.org.au,false,
2023-04-18 20:00:00,Australia,Queensland,AU-QLD,669.94,727.19,10.8,10.8,opennem.org.au,false,
2023-04-18 21:00:00,Australia,Queensland,AU-QLD,567.2,623.16,24.52,24.52,opennem.org.au,false,
2023-04-18 22:00:00,Australia,Queensland,AU-QLD,471.93,526.39,37.15,37.15,opennem.org.au,false,
2023-04-18 23:00:00,Australia,Queensland,AU-QLD,386.71,439.54,48.4,48.4,opennem.org.au,false,
2023-04-19 00:00:00,Australia,Queensland,AU-QLD,343.81,395.83,54.04,54.04,opennem.org.au,false,
2023-04-19 01:00:00,Australia,Queensland,AU-QLD,366.86,419.45,51.03,51.03,opennem.org.au,false,
2023-04-19 02:00:00,Australia,Queensland,AU-QLD,382.04,435.0,49.04,49.04,opennem.org.au,false,
2023-04-19 03:00:00,Australia,Queensland,AU-QLD,410.18,463.82,45.32,45.32,opennem.org.au,false,
2023-04-19 04:00:00,Australia,Queensland,AU-QLD,410.47,464.07,45.28,45.28,opennem.org.au,false,
2023-04-19 05:00:00,Australia,Queensland,AU-QLD,448.99,503.96,39.52,39.52,opennem.org.au,false,
2023-04-19 06:00:00,Australia,Queensland,AU-QLD,524.17,583.69,27.22,27.22,opennem.org.au,false,
2023-04-19 07:00:00,Australia,Queensland,AU-QLD,627.06,692.78,10.0,10.0,opennem.org.au,false,
2023-04-19 08:00:00,Australia,Queensland,AU-QLD,644.09,710.88,7.02,7.02,opennem.org.au,false,
2023-04-19 09:00:00,Australia,Queensland,AU-QLD,644.27,711.07,6.99,6.99,opennem.org.au,false,
2023-04-19 10:00:00,Australia,Queensland,AU-QLD,637.75,703.62,8.09,8.09,opennem.org.au,false,
2023-04-19 11:00:00,Australia,Queensland,AU-QLD,642.55,705.97,9.06,9.06,opennem.org.au,false,
2023-04-19 12:00:00,Australia,Queensland,AU-QLD,666.47,727.27,8.37,8.37,opennem.org.au,false,
2023-04-19 13:00:00,Australia,Queensland,AU-QLD,678.69,737.75,8.3,8.3,opennem.org.au,false,
2023-04-19 14:00:00,Australia,Queensland,AU-QLD,679.66,737.92,8.69,8.69,opennem.org.au,false,
2023-04-19 15:00:00,Australia,Queensland,AU-QLD,671.35,728.91,9.89,9.89,opennem.org.au,false,
2023-04-19 16:00:00,Australia,Queensland,AU-QLD,666.31,723.31,10.69,10.69,opennem.org.au,false,
2023-04-19 17:00:00,Australia,Queensland,AU-QLD,680.43,738.51,8.74,8.74,opennem.org.au,false,
2023-04-19 18:00:00,Australia,Queensland,AU-QLD,684.96,743.46,8.05,8.05,opennem.org.au,false,
2023-04-19 19:00:00,Australia,Queensland,AU-QLD,696.99,756.59,6.26,6.26,opennem.org.au,false,
2023-04-19 20:00:00,Australia,Queensland,AU-QLD,678.41,737.14,8.79,8.79,opennem.org.au,false,
2023-04-19 21:00:00,Australia,Queensland,AU-QLD,566.56,623.04,24.04,24.04,opennem.org.au,false,
2023-04-19 22:00:00,Australia,Queensland,AU-QLD,451.22,504.89,39.89,39.89,opennem.org.au,false,
2023-04-19 23:00:00,Australia,Queensland,AU-QLD,362.25,414.49,51.55,51.55,opennem.org.au,false,
2023-04-20 00:00:00,Australia,Queensland,AU-QLD,329.45,381.44,55.89,55.89,opennem.org.au,false,
2023-04-20 01:00:00,Australia,Queensland,AU-QLD,329.24,381.23,55.95,55.95,opennem.org.au,false,
2023-04-20 02:00:00,Australia,Queensland,AU-QLD,339.88,391.9,54.58,54.58,opennem.org.au,false,
2023-04-20 03:00:00,Australia,Queensland,AU-QLD,373.5,425.89,50.19,50.19,opennem.org.au,false,
2023-04-20 04:00:00,Australia,Queensland,AU-QLD,418.09,471.25,44.17,44.17,opennem.org.au,false,
2023-04-20 05:00:00,Australia,Queensland,AU-QLD,454.57,510.32,37.96,37.96,opennem.org.au,false,
2023-04-20 06:00:00,Australia,Queensland,AU-QLD,530.86,591.05,25.78,25.78,opennem.org.au,false,
2023-04-20 07:00:00,Australia,Queensland,AU-QLD,613.89,679.81,11.27,11.27,opennem.org.au,false,
2023-04-20 08:00:00,Australia,Queensland,AU-QLD,629.93,697.54,7.87,7.87,opennem.org.au,false,
2023-04-20 09:00:00,Australia,Queensland,AU-QLD,630.06,697.12,8.16,8.16,opennem.org.au,false,
2023-04-20 10:00:00,Australia,Queensland,AU-QLD,650.83,717.06,6.52,6.52,opennem.org.au,false,
2023-04-20 11:00:00,Australia,Queensland,AU-QLD,659.2,723.08,7.16,7.16,opennem.org.au,false,
2023-04-20 12:00:00,Australia,Queensland,AU-QLD,665.9,729.18,6.9,6.9,opennem.org.au,false,
2023-04-20 13:00:00,Australia,Queensland,AU-QLD,672.95,734.89,7.06,7.06,opennem.org.au,false,
2023-04-20 14:00:00,Australia,Queensland,AU-QLD,681.26,742.61,6.66,6.66,opennem.org.au,false,
2023-04-20 15:00:00,Australia,Queensland,AU-QLD,667.17,727.79,8.42,8.42,opennem.org.au,false,
2023-04-20 16:00:00,Australia,Queensland,AU-QLD,665.08,725.6,8.67,8.67,opennem.org.au,false,
2023-04-20 17:00:00,Australia,Queensland,AU-QLD,661.22,720.99,9.5,9.5,opennem.org.au,false,
2023-04-20 18:00:00,Australia,Queensland,AU-QLD,660.95,720.4,9.71,9.71,opennem.org.au,false,
2023-04-20 19:00:00,Australia,Queensland,AU-QLD,654.1,713.76,10.22,10.22,opennem.org.au,false,
2023-04-20 20:00:00,Australia,Queensland,AU-QLD,640.45,699.41,12.17,12.17,opennem.org.au,false,
2023-04-20 21:00:00,Australia,Queensland,AU-QLD,532.63,587.94,27.99,27.99,opennem.org.au,false,
2023-04-20 22:00:00,Australia,Queensland,AU-QLD,407.31,459.38,45.68,45.68,opennem.org.au,false,
2023-04-20 23:00:00,Australia,Queensland,AU-QLD,350.49,401.63,53.21,53.21,opennem.org.au,false,
2023-04-21 00:00:00,Australia,Queensland,AU-QLD,339.12,390.29,54.72,54.72,opennem.org.au,false,
2023-04-21 01:00:00,Australia,Queensland,AU-QLD,335.38,386.52,55.24,55.24,opennem.org.au,false,
2023-04-21 02:00:00,Australia,Queensland,AU-QLD,350.51,401.85,53.26,53.26,opennem.org.au,false,
2023-04-21 03:00:00,Australia,Queensland,AU-QLD,377.41,429.11,49.71,49.71,opennem.org.au,false,
2023-04-21 04:00:00,Australia,Queensland,AU-QLD,414.82,467.06,44.76,44.76,opennem.org.au,false,
2023-04-21 05:00:00,Australia,Queensland,AU-QLD,451.88,506.37,38.8,38.8,opennem.org.au,false,
2023-04-21 06:00:00,Australia,Queensland,AU-QLD,533.76,592.89,25.8,25.8,opennem.org.au,false,
2023-04-21 07:00:00,Australia,Queensland,AU-QLD,613.63,677.73,12.16,12.16,opennem.org.au,false,
2023-04-21 08:00:00,Australia,Queensland,AU-QLD,625.68,691.06,9.59,9.59,opennem.org.au,false,
2023-04-21 09:00:00,Australia,Queensland,AU-QLD,625.48,690.89,9.57,9.57,opennem.org.au,false,
2023-04-21 10:00:00,Australia,Queensland,AU-QLD,645.26,710.42,7.68,7.68,opennem.org.au,false,
2023-04-21 11:00:00,Australia,Queensland,AU-QLD,643.4,706.62,9.03,9.03,opennem.org.au,false,
2023-04-21 12:00:00,Australia,Queensland,AU-QLD,640.9,699.1,12.5,12.5,opennem.org.au,false,
2023-04-21 13:00:00,Australia,Queensland,AU-QLD,665.22,721.93,10.95,10.95,opennem.org.au,false,
2023-04-21 14:00:00,Australia,Queensland,AU-QLD,670.31,726.4,10.86,10.86,opennem.org.au,false,
2023-04-21 15:00:00,Australia,Queensland,AU-QLD,673.58,729.87,10.43,10.43,opennem.org.au,false,
2023-04-21 16:00:00,Australia,Queensland,AU-QLD,677.06,733.86,9.83,9.83,opennem.org.au,false,
2023-04-21 17:00:00,Australia,Queensland,AU-QLD,676.1,732.79,9.98,9.98,opennem.org.au,false,
2023-04-21 18:00:00,Australia,Queensland,AU-QLD,671.58,727.97,10.58,10.58,opennem.org.au,false,
2023-04-21 19:00:00,Australia,Queensland,AU-QLD,671.97,728.35,10.54,10.54,opennem.org.au,false,
2023-04-21 20:00:00,Australia,Queensland,AU-QLD,660.62,716.55,12.13,12.13,opennem.org.au,false,
2023-04-21 21:00:00,Australia,Queensland,AU-QLD,534.94,588.76,28.73,28.73,opennem.org.au,false,
2023-04-21 22:00:00,Australia,Queensland,AU-QLD,401.83,453.07,46.29,46.29,opennem.org.au,false,
2023-04-21 23:00:00,Australia,Queensland,AU-QLD,334.79,384.94,55.16,55.16,opennem.org.au,false,
2023-04-22 00:00:00,Australia,Queensland,AU-QLD,324.26,374.68,56.57,56.57,opennem.org.au,false,
2023-04-22 01:00:00,Australia,Queensland,AU-QLD,308.48,358.72,58.68,58.68,opennem.org.au,false,
2023-04-22 02:00:00,Australia,Queensland,AU-QLD,318.32,368.66,57.39,57.39,opennem.org.au,false,
2023-04-22 03:00:00,Australia,Queensland,AU-QLD,334.71,385.3,55.23,55.23,opennem.org.au,false,
2023-04-22 04:00:00,Australia,Queensland,AU-QLD,380.93,433.0,49.16,49.16,opennem.org.au,false,
2023-04-22 05:00:00,Australia,Queensland,AU-QLD,451.62,505.72,39.35,39.35,opennem.org.au,false,
2023-04-22 06:00:00,Australia,Queensland,AU-QLD,542.73,601.36,25.23,25.23,opennem.org.au,false,
2023-04-22 07:00:00,Australia,Queensland,AU-QLD,634.77,698.16,10.57,10.57,opennem.org.au,false,
2023-04-22 08:00:00,Australia,Queensland,AU-QLD,639.24,702.28,9.8,9.8,opennem.org.au,false,
2023-04-22 09:00:00,Australia,Queensland,AU-QLD,643.87,705.4,10.22,10.22,opennem.org.au,false,
2023-04-22 10:00:00,Australia,Queensland,AU-QLD,663.85,724.48,8.71,8.71,opennem.org.au,false,
2023-04-22 11:00:00,Australia,Queensland,AU-QLD,656.29,716.26,9.81,9.81,opennem.org.au,false,
2023-04-22 12:00:00,Australia,Queensland,AU-QLD,643.72,700.34,13.19,13.19,opennem.org.au,false,
2023-04-22 13:00:00,Australia,Queensland,AU-QLD,656.25,711.94,12.56,12.56,opennem.org.au,false,
2023-04-22 14:00:00,Australia,Queensland,AU-QLD,657.7,713.5,12.42,12.42,opennem.org.au,false,
2023-04-22 15:00:00,Australia,Queensland,AU-QLD,668.52,724.92,10.96,10.96,opennem.org.au,false,
2023-04-22 16:00:00,Australia,Queensland,AU-QLD,678.14,734.99,9.68,9.68,opennem.org.au,false,
2023-04-22 17:00:00,Australia,Queensland,AU-QLD,677.23,734.02,9.8,9.8,opennem.org.au,false,
2023-04-22 18:00:00,Australia,Queensland,AU-QLD,674.54,731.28,10.1,10.1,opennem.org.au,false,
2023-04-22 19:00:00,Australia,Queensland,AU-QLD,672.25,728.83,10.39,10.39,opennem.org.au,false,
2023-04-22 20:00:00,Australia,Queensland,AU-QLD,659.15,715.13,12.22,12.22,opennem.org.au,false,
2023-04-22 21:00:00,Australia,Queensland,AU-QLD,532.19,585.73,29.08,29.08,opennem.org.au,false,
2023-04-22 22:00:00,Australia,Queensland,AU-QLD,406.13,457.38,45.69,45.69,opennem.org.au,false,
2023-04-22 23:00:00,Australia,Queensland,AU-QLD,356.63,407.46,52.08,52.08,opennem.org.au,false,
2023-04-23 00:00:00,Australia,Queensland,AU-QLD,338.89,389.93,54.42,54.42,opennem.org.au,false,
2023-04-23 01:00:00,Australia,Queensland,AU-QLD,328.3,379.66,55.8,55.8,opennem.org.au,false,
2023-04-23 02:00:00,Australia,Queensland,AU-QLD,324.39,375.76,56.36,56.36,opennem.org.au,false,
2023-04-23 03:00:00,Australia,Queensland,AU-QLD,336.3,387.74,54.85,54.85,opennem.org.au,false,
2023-04-23 04:00:00,Australia,Queensland,AU-QLD,350.02,401.33,53.21,53.21,opennem.org.au,false,
2023-04-23 05:00:00,Australia,Queensland,AU-QLD,406.71,459.06,45.67,45.67,opennem.org.au,false,
2023-04-23 06:00:00,Australia,Queensland,AU-QLD,515.75,571.86,30.03,30.03,opennem.org.au,false,
2023-04-23 07:00:00,Australia,Queensland,AU-QLD,624.51,685.2,13.49,13.49,opennem.org.au,false,
2023-04-23 08:00:00,Australia,Queensland,AU-QLD,655.16,716.25,9.47,9.47,opennem.org.au,false,
2023-04-23 09:00:00,Australia,Queensland,AU-QLD,659.34,719.64,9.51,9.51,opennem.org.au,false,
2023-04-23 10:00:00,Australia,Queensland,AU-QLD,677.11,738.29,7.16,7.16,opennem.org.au,false,
2023-04-23 11:00:00,Australia,Queensland,AU-QLD,676.32,736.66,7.74,7.74,opennem.org.au,false,
2023-04-23 12:00:00,Australia,Queensland,AU-QLD,656.25,713.69,11.55,11.55,opennem.org.au,false,
2023-04-23 13:00:00,Australia,Queensland,AU-QLD,654.66,710.15,12.88,12.88,opennem.org.au,false,
2023-04-23 14:00:00,Australia,Queensland,AU-QLD,642.53,697.34,14.44,14.44,opennem.org.au,false,
2023-04-23 15:00:00,Australia,Queensland,AU-QLD,641.24,696.03,14.57,14.57,opennem.org.au,false,
2023-04-23 16:00:00,Australia,Queensland,AU-QLD,637.81,692.4,15.02,15.02,opennem.org.au,false,
2023-04-23 17:00:00,Australia,Queensland,AU-QLD,657.08,712.6,12.45,12.45,opennem.org.au,false,
2023-04-23 18:00:00,Australia,Queensland,AU-QLD,657.46,713.01,12.4,12.4,opennem.org.au,false,
2023-04-23 19:00:00,Australia,Queensland,AU-QLD,661.43,717.14,11.93,11.93,opennem.org.au,false,
2023-04-23 20:00:00,Australia,Queensland,AU-QLD,650.04,705.5,13.5,13.5,opennem.org.au,false,
2023-04-23 21:00:00,Australia,Queensland,AU-QLD,557.39,611.39,25.81,25.81,opennem.org.au,false,
2023-04-23 22:00:00,Australia,Queensland,AU-QLD,434.11,485.87,42.09,42.09,opennem.org.au,false,
2023-04-23 23:00:00,Australia,Queensland,AU-QLD,391.14,441.91,47.79,47.79,opennem.org.au,false,
2023-04-24 00:00:00,Australia,Queensland,AU-QLD,386.8,437.66,48.4,48.4,opennem.org.au,false,
2023-04-24 01:00:00,Australia,Queensland,AU-QLD,385.31,436.44,48.6,48.6,opennem.org.au,false,
2023-04-24 02:00:00,Australia,Queensland,AU-QLD,355.3,406.43,52.48,52.48,opennem.org.au,false,
2023-04-24 03:00:00,Australia,Queensland,AU-QLD,356.97,407.97,52.15,52.15,opennem.org.au,false,
2023-04-24 04:00:00,Australia,Queensland,AU-QLD,401.76,454.47,45.61,45.61,opennem.org.au,false,
2023-04-24 05:00:00,Australia,Queensland,AU-QLD,457.65,512.5,37.46,37.46,opennem.org.au,false,
2023-04-24 06:00:00,Australia,Queensland,AU-QLD,541.27,599.33,25.0,25.0,opennem.org.au,false,
2023-04-24 07:00:00,Australia,Queensland,AU-QLD,595.07,658.53,14.28,14.28,opennem.org.au,false,
2023-04-24 08:00:00,Australia,Queensland,AU-QLD,606.64,670.38,12.48,12.48,opennem.org.au,false,
2023-04-24 09:00:00,Australia,Queensland,AU-QLD,612.73,676.0,12.22,12.22,opennem.org.au,false,
2023-04-24 10:00:00,Australia,Queensland,AU-QLD,618.16,679.98,12.49,12.49,opennem.org.au,false,
2023-04-24 11:00:00,Australia,Queensland,AU-QLD,636.21,697.23,11.25,11.25,opennem.org.au,false,
2023-04-24 12:00:00,Australia,Queensland,AU-QLD,654.94,713.83,10.77,10.77,opennem.org.au,false,
2023-04-24 13:00:00,Australia,Queensland,AU-QLD,657.68,713.55,12.37,12.37,opennem.org.au,false,
2023-04-24 14:00:00,Australia,Queensland,AU-QLD,655.36,711.01,12.74,12.74,opennem.org.au,false,
2023-04-24 15:00:00,Australia,Queensland,AU-QLD,652.27,707.72,13.13,13.13,opennem.org.au,false,
2023-04-24 16:00:00,Australia,Queensland,AU-QLD,672.65,729.16,10.42,10.42,opennem.org.au,false,
2023-04-24 17:00:00,Australia,Queensland,AU-QLD,677.09,733.91,9.82,9.82,opennem.org.au,false,
2023-04-24 18:00:00,Australia,Queensland,AU-QLD,677.15,733.97,9.82,9.82,opennem.org.au,false,
2023-04-24 19:00:00,Australia,Queensland,AU-QLD,686.11,743.45,8.67,8.67,opennem.org.au,false,
2023-04-24 20:00:00,Australia,Queensland,AU-QLD,663.7,720.08,11.69,11.69,opennem.org.au,false,
2023-04-24 21:00:00,Australia,Queensland,AU-QLD,566.47,621.76,24.54,24.54,opennem.org.au,false,
2023-04-24 22:00:00,Australia,Queensland,AU-QLD,439.93,492.71,41.25,41.25,opennem.org.au,false,
2023-04-24 23:00:00,Australia,Queensland,AU-QLD,361.15,412.1,51.66,51.66,opennem.org.au,false,
2023-04-25 00:00:00,Australia,Queensland,AU-QLD,343.9,394.53,53.83,53.83,opennem.org.au,false,
2023-04-25 01:00:00,Australia,Queensland,AU-QLD,329.51,380.44,55.41,55.41,opennem.org.au,false,
2023-04-25 02:00:00,Australia,Queensland,AU-QLD,357.07,408.85,51.87,51.87,opennem.org.au,false,
2023-04-25 03:00:00,Australia,Queensland,AU-QLD,387.89,440.13,47.98,47.98,opennem.org.au,false,
2023-04-25 04:00:00,Australia,Queensland,AU-QLD,394.02,446.51,47.18,47.18,opennem.org.au,false,
2023-04-25 05:00:00,Australia,Queensland,AU-QLD,447.3,500.78,40.14,40.14,opennem.org.au,false,
2023-04-25 06:00:00,Australia,Queensland,AU-QLD,546.51,601.87,27.06,27.06,opennem.org.au,false,
2023-04-25 07:00:00,Australia,Queensland,AU-QLD,607.44,668.84,14.59,14.59,opennem.org.au,false,
2023-04-25 08:00:00,Australia,Queensland,AU-QLD,610.16,673.44,12.49,12.49,opennem.org.au,false,
2023-04-25 09:00:00,Australia,Queensland,AU-QLD,630.51,693.04,10.81,10.81,opennem.org.au,false,
2023-04-25 10:00:00,Australia,Queensland,AU-QLD,644.88,706.75,9.72,9.72,opennem.org.au,false,
2023-04-25 11:00:00,Australia,Queensland,AU-QLD,655.79,716.04,9.69,9.69,opennem.org.au,false,
2023-04-25 12:00:00,Australia,Queensland,AU-QLD,660.32,717.48,11.24,11.24,opennem.org.au,false,
2023-04-25 13:00:00,Australia,Queensland,AU-QLD,676.61,733.27,9.95,9.95,opennem.org.au,false,
2023-04-25 14:00:00,Australia,Queensland,AU-QLD,672.56,729.08,10.42,10.42,opennem.org.au,false,
2023-04-25 15:00:00,Australia,Queensland,AU-QLD,669.0,725.31,10.87,10.87,opennem.org.au,false,
2023-04-25 16:00:00,Australia,Queensland,AU-QLD,667.76,723.99,11.03,11.03,opennem.org.au,false,
2023-04-25 17:00:00,Australia,Queensland,AU-QLD,661.05,716.83,11.91,11.91,opennem.org.au,false,
2023-04-25 18:00:00,Australia,Queensland,AU-QLD,660.47,716.59,11.78,11.78,opennem.org.au,false,
2023-04-25 19:00:00,Australia,Queensland,AU-QLD,659.79,716.01,11.78,11.78,opennem.org.au,false,
2023-04-25 20:00:00,Australia,Queensland,AU-QLD,648.29,703.8,13.67,13.67,opennem.org.au,false,
2023-04-25 21:00:00,Australia,Queensland,AU-QLD,543.99,598.08,27.57,27.57,opennem.org.au,false,
2023-04-25 22:00:00,Australia,Queensland,AU-QLD,427.33,479.36,42.99,42.99,opennem.org.au,false,
2023-04-25 23:00:00,Australia,Queensland,AU-QLD,361.75,412.4,51.65,51.65,opennem.org.au,false,
2023-04-26 00:00:00,Australia,Queensland,AU-QLD,346.23,396.74,53.72,53.72,opennem.org.au,false,
2023-04-26 01:00:00,Australia,Queensland,AU-QLD,354.25,405.23,52.69,52.69,opennem.org.au,false,
2023-04-26 02:00:00,Australia,Queensland,AU-QLD,376.09,428.0,49.82,49.82,opennem.org.au,false,
2023-04-26 03:00:00,Australia,Queensland,AU-QLD,398.3,450.93,46.87,46.87,opennem.org.au,false,
2023-04-26 04:00:00,Australia,Queensland,AU-QLD,416.02,468.89,44.53,44.53,opennem.org.au,false,
2023-04-26 05:00:00,Australia,Queensland,AU-QLD,458.9,512.72,38.74,38.74,opennem.org.au,false,
2023-04-26 06:00:00,Australia,Queensland,AU-QLD,534.54,591.62,27.21,27.21,opennem.org.au,false,
2023-04-26 07:00:00,Australia,Queensland,AU-QLD,616.14,680.6,11.63,11.63,opennem.org.au,false,
2023-04-26 08:00:00,Australia,Queensland,AU-QLD,627.48,691.39,10.31,10.31,opennem.org.au,false,
2023-04-26 09:00:00,Australia,Queensland,AU-QLD,635.85,697.1,11.11,11.11,opennem.org.au,false,
2023-04-26 10:00:00,Australia,Queensland,AU-QLD,644.3,704.35,11.05,11.05,opennem.org.au,false,
2023-04-26 11:00:00,Australia,Queensland,AU-QLD,663.47,723.2,9.29,9.29,opennem.org.au,false,
2023-04-26 12:00:00,Australia,Queensland,AU-QLD,659.29,718.46,10.02,10.02,opennem.org.au,false,
2023-04-26 13:00:00,Australia,Queensland,AU-QLD,656.88,715.26,10.72,10.72,opennem.org.au,false,
2023-04-26 14:00:00,Australia,Queensland,AU-QLD,655.69,714.17,10.78,10.78,opennem.org.au,false,
2023-04-26 15:00:00,Australia,Queensland,AU-QLD,647.38,704.88,12.14,12.14,opennem.org.au,false,
2023-04-26 16:00:00,Australia,Queensland,AU-QLD,652.4,710.31,11.43,11.43,opennem.org.au,false,
2023-04-26 17:00:00,Australia,Queensland,AU-QLD,666.36,725.07,9.66,9.66,opennem.org.au,false,
2023-04-26 18:00:00,Australia,Queensland,AU-QLD,668.44,727.83,9.07,9.07,opennem.org.au,false,
2023-04-26 19:00:00,Australia,Queensland,AU-QLD,677.66,737.47,7.96,7.96,opennem.org.au,false,
2023-04-26 20:00:00,Australia,Queensland,AU-QLD,663.69,723.06,9.72,9.72,opennem.org.au,false,
2023-04-26 21:00:00,Australia,Queensland,AU-QLD,575.1,632.67,21.91,21.91,opennem.org.au,false,
2023-04-26 22:00:00,Australia,Queensland,AU-QLD,450.5,503.99,39.65,39.65,opennem.org.au,false,
2023-04-26 23:00:00,Australia,Queensland,AU-QLD,374.67,426.11,49.96,49.96,opennem.org.au,false,
2023-04-27 00:00:00,Australia,Queensland,AU-QLD,341.51,393.17,53.85,53.85,opennem.org.au,false,
2023-04-27 01:00:00,Australia,Queensland,AU-QLD,346.75,399.24,52.92,52.92,opennem.org.au,false,
2023-04-27 02:00:00,Australia,Queensland,AU-QLD,355.45,408.49,51.61,51.61,opennem.org.au,false,
2023-04-27 03:00:00,Australia,Queensland,AU-QLD,375.09,428.74,49.02,49.02,opennem.org.au,false,
2023-04-27 04:00:00,Australia,Queensland,AU-QLD,395.14,449.14,46.4,46.4,opennem.org.au,false,
2023-04-27 05:00:00,Australia,Queensland,AU-QLD,444.79,500.73,39.03,39.03,opennem.org.au,false,
2023-04-27 06:00:00,Australia,Queensland,AU-QLD,526.16,585.89,26.5,26.5,opennem.org.au,false,
2023-04-27 07:00:00,Australia,Queensland,AU-QLD,619.56,685.91,10.14,10.14,opennem.org.au,false,
2023-04-27 08:00:00,Australia,Queensland,AU-QLD,612.87,678.85,10.45,10.45,opennem.org.au,false,
2023-04-27 09:00:00,Australia,Queensland,AU-QLD,612.4,676.23,11.71,11.71,opennem.org.au,false,
2023-04-27 10:00:00,Australia,Queensland,AU-QLD,631.92,695.03,10.16,10.16,opennem.org.au,false,
2023-04-27 11:00:00,Australia,Queensland,AU-QLD,650.04,710.15,10.3,10.3,opennem.org.au,false,
2023-04-27 12:00:00,Australia,Queensland,AU-QLD,651.04,709.39,11.28,11.28,opennem.org.au,false,
2023-04-27 13:00:00,Australia,Queensland,AU-QLD,652.0,709.86,11.49,11.49,opennem.org.au,false,
2023-04-27 14:00:00,Australia,Queensland,AU-QLD,646.28,703.86,12.19,12.19,opennem.org.au,false,
2023-04-27 15:00:00,Australia,Queensland,AU-QLD,643.49,700.93,12.54,12.54,opennem.org.au,false,
2023-04-27 16:00:00,Australia,Queensland,AU-QLD,645.81,703.4,12.22,12.22,opennem.org.au,false,
2023-04-27 17:00:00,Australia,Queensland,AU-QLD,648.03,705.79,11.91,11.91,opennem.org.au,false,
2023-04-27 18:00:00,Australia,Queensland,AU-QLD,648.87,706.71,11.79,11.79,opennem.org.au,false,
2023-04-27 19:00:00,Australia,Queensland,AU-QLD,652.56,711.07,11.05,11.05,opennem.org.au,false,
2023-04-27 20:00:00,Australia,Queensland,AU-QLD,634.05,692.62,13.05,13.05,opennem.org.au,false,
2023-04-27 21:00:00,Australia,Queensland,AU-QLD,555.49,611.38,25.05,25.05,opennem.org.au,false,
2023-04-27 22:00:00,Australia,Queensland,AU-QLD,438.61,491.57,41.45,41.45,opennem.org.au,false,
2023-04-27 23:00:00,Australia,Queensland,AU-QLD,368.09,420.2,50.47,50.47,opennem.org.au,false,
2023-04-28 00:00:00,Australia,Queensland,AU-QLD,354.61,407.19,51.97,51.97,opennem.org.au,false,
2023-04-28 01:00:00,Australia,Queensland,AU-QLD,361.02,414.49,50.74,50.74,opennem.org.au,false,
2023-04-28 02:00:00,Australia,Queensland,AU-QLD,371.03,425.04,49.31,49.31,opennem.org.au,false,
2023-04-28 03:00:00,Australia,Queensland,AU-QLD,388.98,443.1,47.21,47.21,opennem.org.au,false,
2023-04-28 04:00:00,Australia,Queensland,AU-QLD,398.62,453.39,45.66,45.66,opennem.org.au,false,
2023-04-28 05:00:00,Australia,Queensland,AU-QLD,439.75,496.65,39.19,39.19,opennem.org.au,false,
2023-04-28 06:00:00,Australia,Queensland,AU-QLD,533.47,597.07,23.12,23.12,opennem.org.au,false,
2023-04-28 07:00:00,Australia,Queensland,AU-QLD,602.31,673.62,8.74,8.74,opennem.org.au,false,
2023-04-28 08:00:00,Australia,Queensland,AU-QLD,605.47,676.12,8.23,8.23,opennem.org.au,false,
2023-04-28 09:00:00,Australia,Queensland,AU-QLD,607.0,673.77,10.43,10.43,opennem.org.au,false,
2023-04-28 10:00:00,Australia,Queensland,AU-QLD,618.99,686.0,9.04,9.04,opennem.org.au,false,
2023-04-28 11:00:00,Australia,Queensland,AU-QLD,626.22,691.89,9.15,9.15,opennem.org.au,false,
2023-04-28 12:00:00,Australia,Queensland,AU-QLD,630.82,691.39,11.98,11.98,opennem.org.au,false,
2023-04-28 13:00:00,Australia,Queensland,AU-QLD,654.07,712.13,11.19,11.19,opennem.org.au,false,
2023-04-28 14:00:00,Australia,Queensland,AU-QLD,654.71,712.12,11.53,11.53,opennem.org.au,false,
2023-04-28 15:00:00,Australia,Queensland,AU-QLD,660.6,717.42,11.35,11.35,opennem.org.au,false,
2023-04-28 16:00:00,Australia,Queensland,AU-QLD,680.07,737.27,9.33,9.33,opennem.org.au,false,
2023-04-28 17:00:00,Australia,Queensland,AU-QLD,690.05,748.57,7.61,7.61,opennem.org.au,false,
2023-04-28 18:00:00,Australia,Queensland,AU-QLD,667.02,723.94,10.7,10.7,opennem.org.au,false,
2023-04-28 19:00:00,Australia,Queensland,AU-QLD,670.11,727.0,10.42,10.42,opennem.org.au,false,
2023-04-28 20:00:00,Australia,Queensland,AU-QLD,675.0,732.34,9.85,9.85,opennem.org.au,false,
2023-04-28 21:00:00,Australia,Queensland,AU-QLD,590.28,645.93,21.23,21.23,opennem.org.au,false,
2023-04-28 22:00:00,Australia,Queensland,AU-QLD,512.89,567.74,31.53,31.53,opennem.org.au,false,
2023-04-28 23:00:00,Australia,Queensland,AU-QLD,449.78,503.9,39.9,39.9,opennem.org.au,false,
2023-04-29 00:00:00,Australia,Queensland,AU-QLD,398.18,451.25,46.87,46.87,opennem.org.au,false,
2023-04-29 01:00:00,Australia,Queensland,AU-QLD,401.94,455.56,46.03,46.03,opennem.org.au,false,
2023-04-29 02:00:00,Australia,Queensland,AU-QLD,414.44,469.25,43.74,43.74,opennem.org.au,false,
2023-04-29 03:00:00,Australia,Queensland,AU-QLD,430.22,485.83,41.3,41.3,opennem.org.au,false,
2023-04-29 04:00:00,Australia,Queensland,AU-QLD,498.2,555.76,31.89,31.89,opennem.org.au,false,
2023-04-29 05:00:00,Australia,Queensland,AU-QLD,536.29,595.73,25.94,25.94,opennem.org.au,false,
2023-04-29 06:00:00,Australia,Queensland,AU-QLD,593.67,657.47,15.63,15.63,opennem.org.au,false,
2023-04-29 07:00:00,Australia,Queensland,AU-QLD,600.08,668.44,10.76,10.76,opennem.org.au,false,
2023-04-29 08:00:00,Australia,Queensland,AU-QLD,605.97,675.78,8.98,8.98,opennem.org.au,false,
2023-04-29 09:00:00,Australia,Queensland,AU-QLD,601.58,670.11,9.98,9.98,opennem.org.au,false,
2023-04-29 10:00:00,Australia,Queensland,AU-QLD,624.69,690.73,9.26,9.26,opennem.org.au,false,
2023-04-29 11:00:00,Australia,Queensland,AU-QLD,624.33,688.57,10.45,10.45,opennem.org.au,false,
2023-04-29 12:00:00,Australia,Queensland,AU-QLD,629.66,694.19,9.78,9.78,opennem.org.au,false,
2023-04-29 13:00:00,Australia,Queensland,AU-QLD,668.54,729.08,8.66,8.66,opennem.org.au,false,
2023-04-29 14:00:00,Australia,Queensland,AU-QLD,687.3,746.12,8.01,8.01,opennem.org.au,false,
2023-04-29 15:00:00,Australia,Queensland,AU-QLD,715.92,776.29,4.13,4.13,opennem.org.au,false,
2023-04-29 16:00:00,Australia,Queensland,AU-QLD,702.93,762.39,5.86,5.86,opennem.org.au,false,
2023-04-29 17:00:00,Australia,Queensland,AU-QLD,706.31,765.93,5.46,5.46,opennem.org.au,false,
2023-04-29 18:00:00,Australia,Queensland,AU-QLD,710.99,770.71,4.97,4.97,opennem.org.au,false,
2023-04-29 19:00:00,Australia,Queensland,AU-QLD,705.67,764.93,5.74,5.74,opennem.org.au,false,
2023-04-29 20:00:00,Australia,Queensland,AU-QLD,690.91,749.17,7.93,7.93,opennem.org.au,false,
2023-04-29 21:00:00,Australia,Queensland,AU-QLD,622.37,679.41,16.96,16.96,opennem.org.au,false,
2023-04-29 22:00:00,Australia,Queensland,AU-QLD,512.29,567.92,31.64,31.64,opennem.org.au,false,
2023-04-29 23:00:00,Australia,Queensland,AU-QLD,439.77,493.71,41.36,41.36,opennem.org.au,false,
2023-04-30 00:00:00,Australia,Queensland,AU-QLD,399.04,452.19,46.73,46.73,opennem.org.au,false,
2023-04-30 01:00:00,Australia,Queensland,AU-QLD,351.08,403.39,53.07,53.07,opennem.org.au,false,
2023-04-30 02:00:00,Australia,Queensland,AU-QLD,348.34,400.67,53.43,53.43,opennem.org.au,false,
2023-04-30 03:00:00,Australia,Queensland,AU-QLD,354.81,407.25,52.54,52.54,opennem.org.au,false,
2023-04-30 04:00:00,Australia,Queensland,AU-QLD,402.41,456.42,45.75,45.75,opennem.org.au,false,
2023-04-30 05:00:00,Australia,Queensland,AU-QLD,454.26,510.68,37.91,37.91,opennem.org.au,false,
2023-04-30 06:00:00,Australia,Queensland,AU-QLD,521.87,581.76,26.69,26.69,opennem.org.au,false,
2023-04-30 07:00:00,Australia,Queensland,AU-QLD,588.58,656.29,12.84,12.84,opennem.org.au,false,
2023-04-30 08:00:00,Australia,Queensland,AU-QLD,598.5,671.21,9.01,9.01,opennem.org.au,false,
2023-04-30 09:00:00,Australia,Queensland,AU-QLD,602.1,674.31,8.93,8.93,opennem.org.au,false,
2023-04-30 10:00:00,Australia,Queensland,AU-QLD,624.29,692.54,8.3,8.3,opennem.org.au,false,
2023-04-30 11:00:00,Australia,Queensland,AU-QLD,631.49,697.2,8.85,8.85,opennem.org.au,false,
2023-04-30 12:00:00,Australia,Queensland,AU-QLD,636.19,699.79,9.71,9.71,opennem.org.au,false,
2023-04-30 13:00:00,Australia,Queensland,AU-QLD,662.28,725.01,7.59,7.59,opennem.org.au,false,
2023-04-30 14:00:00,Australia,Queensland,AU-QLD,649.93,712.17,9.18,9.18,opennem.org.au,false,
2023-04-30 15:00:00,Australia,Queensland,AU-QLD,649.19,710.68,9.73,9.73,opennem.org.au,false,
2023-04-30 16:00:00,Australia,Queensland,AU-QLD,660.46,724.06,7.26,7.26,opennem.org.au,false,
2023-04-30 17:00:00,Australia,Queensland,AU-QLD,657.7,721.17,7.6,7.6,opennem.org.au,false,
2023-04-30 18:00:00,Australia,Queensland,AU-QLD,662.07,725.79,7.04,7.04,opennem.org.au,false,
2023-04-30 19:00:00,Australia,Queensland,AU-QLD,667.14,730.35,6.88,6.88,opennem.org.au,false,
2023-04-30 20:00:00,Australia,Queensland,AU-QLD,662.73,724.99,7.92,7.92,opennem.org.au,false,
2023-04-30 21:00:00,Australia,Queensland,AU-QLD,541.66,601.07,24.69,24.69,opennem.org.au,false,
2023-04-30 22:00:00,Australia,Queensland,AU-QLD,395.99,451.29,45.12,45.12,opennem.org.au,false,
2023-04-30 23:00:00,Australia,Queensland,AU-QLD,328.94,380.5,55.73,55.73,opennem.org.au,false,
2023-05-01 00:00:00,Australia,Queensland,AU-QLD,303.12,353.66,59.33,59.33,opennem.org.au,false,
2023-05-01 01:00:00,Australia,Queensland,AU-QLD,291.59,341.95,60.87,60.87,opennem.org.au,false,
2023-05-01 02:00:00,Australia,Queensland,AU-QLD,288.48,339.01,61.31,61.31,opennem.org.au,false,
2023-05-01 03:00:00,Australia,Queensland,AU-QLD,293.7,344.38,60.6,60.6,opennem.org.au,false,
2023-05-01 04:00:00,Australia,Queensland,AU-QLD,340.67,393.04,53.82,53.82,opennem.org.au,false,
2023-05-01 05:00:00,Australia,Queensland,AU-QLD,422.86,477.97,42.22,42.22,opennem.org.au,false,
2023-05-01 06:00:00,Australia,Queensland,AU-QLD,539.68,599.77,24.5,24.5,opennem.org.au,false,
2023-05-01 07:00:00,Australia,Queensland,AU-QLD,591.7,659.4,12.01,12.01,opennem.org.au,false,
2023-05-01 08:00:00,Australia,Queensland,AU-QLD,596.14,664.05,10.96,10.96,opennem.org.au,false,
2023-05-01 09:00:00,Australia,Queensland,AU-QLD,606.71,675.61,9.22,9.22,opennem.org.au,false,
2023-05-01 10:00:00,Australia,Queensland,AU-QLD,637.96,706.31,6.41,6.41,opennem.org.au,false,
2023-05-01 11:00:00,Australia,Queensland,AU-QLD,646.93,714.63,6.01,6.01,opennem.org.au,false,
2023-05-01 12:00:00,Australia,Queensland,AU-QLD,656.56,721.25,6.94,6.94,opennem.org.au,false,
2023-05-01 13:00:00,Australia,Queensland,AU-QLD,663.07,725.38,7.79,7.79,opennem.org.au,false,
2023-05-01 14:00:00,Australia,Queensland,AU-QLD,663.65,725.98,7.73,7.73,opennem.org.au,false,
2023-05-01 15:00:00,Australia,Queensland,AU-QLD,664.79,727.3,7.53,7.53,opennem.org.au,false,
2023-05-01 16:00:00,Australia,Queensland,AU-QLD,659.58,721.6,8.3,8.3,opennem.org.au,false,
2023-05-01 17:00:00,Australia,Queensland,AU-QLD,658.58,720.39,8.53,8.53,opennem.org.au,false,
2023-05-01 18:00:00,Australia,Queensland,AU-QLD,653.08,714.63,9.19,9.19,opennem.org.au,false,
2023-05-01 19:00:00,Australia,Queensland,AU-QLD,650.17,711.53,9.57,9.57,opennem.org.au,false,
2023-05-01 20:00:00,Australia,Queensland,AU-QLD,646.77,709.02,9.54,9.54,opennem.org.au,false,
2023-05-01 21:00:00,Australia,Queensland,AU-QLD,593.86,655.4,17.01,17.01,opennem.org.au,false,
2023-05-01 22:00:00,Australia,Queensland,AU-QLD,504.26,560.72,31.61,31.61,opennem.org.au,false,
2023-05-01 23:00:00,Australia,Queensland,AU-QLD,458.64,513.08,38.52,38.52,opennem.org.au,false,
2023-05-02 00:00:00,Australia,Queensland,AU-QLD,395.87,448.8,47.14,47.14,opennem.org.au,false,
2023-05-02 01:00:00,Australia,Queensland,AU-QLD,358.91,411.32,52.03,52.03,opennem.org.au,false,
2023-05-02 02:00:00,Australia,Queensland,AU-QLD,352.69,404.99,52.89,52.89,opennem.org.au,false,
2023-05-02 03:00:00,Australia,Queensland,AU-QLD,373.67,426.4,50.13,50.13,opennem.org.au,false,
2023-05-02 04:00:00,Australia,Queensland,AU-QLD,401.42,454.86,46.21,46.21,opennem.org.au,false,
2023-05-02 05:00:00,Australia,Queensland,AU-QLD,494.5,552.44,31.73,31.73,opennem.org.au,false,
2023-05-02 06:00:00,Australia,Queensland,AU-QLD,558.95,622.82,19.57,19.57,opennem.org.au,false,
2023-05-02 07:00:00,Australia,Queensland,AU-QLD,603.76,672.95,9.75,9.75,opennem.org.au,false,
2023-05-02 08:00:00,Australia,Queensland,AU-QLD,608.37,677.77,8.75,8.75,opennem.org.au,false,
2023-05-02 09:00:00,Australia,Queensland,AU-QLD,622.89,691.66,7.65,7.65,opennem.org.au,false,
2023-05-02 10:00:00,Australia,Queensland,AU-QLD,636.38,703.85,7.06,7.06,opennem.org.au,false,
2023-05-02 11:00:00,Australia,Queensland,AU-QLD,643.26,708.69,7.59,7.59,opennem.org.au,false,
2023-05-02 12:00:00,Australia,Queensland,AU-QLD,655.07,720.65,6.5,6.5,opennem.org.au,false,
2023-05-02 13:00:00,Australia,Queensland,AU-QLD,675.34,737.28,6.84,6.84,opennem.org.au,false,
2023-05-02 14:00:00,Australia,Queensland,AU-QLD,677.47,737.89,7.57,7.57,opennem.org.au,false,
2023-05-02 15:00:00,Australia,Queensland,AU-QLD,670.49,730.45,8.5,8.5,opennem.org.au,false,
2023-05-02 16:00:00,Australia,Queensland,AU-QLD,673.69,733.74,8.15,8.15,opennem.org.au,false,
2023-05-02 17:00:00,Australia,Queensland,AU-QLD,677.13,737.4,7.7,7.7,opennem.org.au,false,
2023-05-02 18:00:00,Australia,Queensland,AU-QLD,664.82,724.13,9.41,9.41,opennem.org.au,false,
2023-05-02 19:00:00,Australia,Queensland,AU-QLD,652.62,710.87,11.18,11.18,opennem.org.au,false,
2023-05-02 20:00:00,Australia,Queensland,AU-QLD,645.89,704.38,11.75,11.75,opennem.org.au,false,
2023-05-02 21:00:00,Australia,Queensland,AU-QLD,562.19,619.19,23.42,23.42,opennem.org.au,false,
2023-05-02 22:00:00,Australia,Queensland,AU-QLD,433.02,486.1,42.14,42.14,opennem.org.au,false,
2023-05-02 23:00:00,Australia,Queensland,AU-QLD,342.95,394.17,53.98,53.98,opennem.org.au,false,
2023-05-03 00:00:00,Australia,Queensland,AU-QLD,313.02,364.26,57.75,57.75,opennem.org.au,false,
2023-05-03 01:00:00,Australia,Queensland,AU-QLD,300.2,351.29,59.55,59.55,opennem.org.au,false,
2023-05-03 02:00:00,Australia,Queensland,AU-QLD,299.13,350.04,59.87,59.87,opennem.org.au,false,
2023-05-03 03:00:00,Australia,Queensland,AU-QLD,306.51,357.83,58.73,58.73,opennem.org.au,false,
2023-05-03 04:00:00,Australia,Queensland,AU-QLD,347.21,400.01,53.0,53.0,opennem.org.au,false,
2023-05-03 05:00:00,Australia,Queensland,AU-QLD,417.0,473.13,42.33,42.33,opennem.org.au,false,
2023-05-03 06:00:00,Australia,Queensland,AU-QLD,516.96,578.92,26.04,26.04,opennem.org.au,false,
2023-05-03 07:00:00,Australia,Queensland,AU-QLD,609.25,677.5,9.83,9.83,opennem.org.au,false,
2023-05-03 08:00:00,Australia,Queensland,AU-QLD,620.04,689.28,7.78,7.78,opennem.org.au,false,
2023-05-03 09:00:00,Australia,Queensland,AU-QLD,619.49,689.05,7.64,7.64,opennem.org.au,false,
2023-05-03 10:00:00,Australia,Queensland,AU-QLD,627.23,696.45,7.06,7.06,opennem.org.au,false,
2023-05-03 11:00:00,Australia,Queensland,AU-QLD,643.78,712.33,5.78,5.78,opennem.org.au,false,
2023-05-03 12:00:00,Australia,Queensland,AU-QLD,650.38,716.83,6.46,6.46,opennem.org.au,false,
2023-05-03 13:00:00,Australia,Queensland,AU-QLD,669.1,731.51,7.12,7.12,opennem.org.au,false,
2023-05-03 14:00:00,Australia,Queensland,AU-QLD,671.9,734.26,6.89,6.89,opennem.org.au,false,
2023-05-03 15:00:00,Australia,Queensland,AU-QLD,670.78,732.49,7.42,7.42,opennem.org.au,false,
2023-05-03 16:00:00,Australia,Queensland,AU-QLD,663.71,724.45,8.69,8.69,opennem.org.au,false,
2023-05-03 17:00:00,Australia,Queensland,AU-QLD,655.19,715.24,9.89,9.89,opennem.org.au,false,
2023-05-03 18:00:00,Australia,Queensland,AU-QLD,656.76,716.98,9.64,9.64,opennem.org.au,false,
2023-05-03 19:00:00,Australia,Queensland,AU-QLD,660.87,721.89,8.78,8.78,opennem.org.au,false,
2023-05-03 20:00:00,Australia,Queensland,AU-QLD,651.32,712.09,9.89,9.89,opennem.org.au,false,
2023-05-03 21:00:00,Australia,Queensland,AU-QLD,549.55,607.71,24.28,24.28,opennem.org.au,false,
2023-05-03 22:00:00,Australia,Queensland,AU-QLD,428.73,482.05,42.51,42.51,opennem.org.au,false,
2023-05-03 23:00:00,Australia,Queensland,AU-QLD,351.07,402.15,53.05,53.05,opennem.org.au,false,
2023-05-04 00:00:00,Australia,Queensland,AU-QLD,319.87,370.47,57.17,57.17,opennem.org.au,false,
2023-05-04 01:00:00,Australia,Queensland,AU-QLD,304.23,354.88,59.25,59.25,opennem.org.au,false,
2023-05-04 02:00:00,Australia,Queensland,AU-QLD,303.66,354.52,59.34,59.34,opennem.org.au,false,
2023-05-04 03:00:00,Australia,Queensland,AU-QLD,305.46,356.39,59.07,59.07,opennem.org.au,false,
2023-05-04 04:00:00,Australia,Queensland,AU-QLD,330.43,382.25,55.45,55.45,opennem.org.au,false,
2023-05-04 05:00:00,Australia,Queensland,AU-QLD,397.54,453.71,44.44,44.44,opennem.org.au,false,
2023-05-04 06:00:00,Australia,Queensland,AU-QLD,502.1,565.86,26.46,26.46,opennem.org.au,false,
2023-05-04 07:00:00,Australia,Queensland,AU-QLD,594.89,666.86,8.9,8.9,opennem.org.au,false,
2023-05-04 08:00:00,Australia,Queensland,AU-QLD,606.62,679.75,6.63,6.63,opennem.org.au,false,
2023-05-04 09:00:00,Australia,Queensland,AU-QLD,604.39,677.19,7.02,7.02,opennem.org.au,false,
2023-05-04 10:00:00,Australia,Queensland,AU-QLD,621.14,693.12,5.79,5.79,opennem.org.au,false,
2023-05-04 11:00:00,Australia,Queensland,AU-QLD,626.04,695.63,6.77,6.77,opennem.org.au,false,
2023-05-04 12:00:00,Australia,Queensland,AU-QLD,640.3,707.52,6.89,6.89,opennem.org.au,false,
2023-05-04 13:00:00,Australia,Queensland,AU-QLD,660.9,726.8,5.78,5.78,opennem.org.au,false,
2023-05-04 14:00:00,Australia,Queensland,AU-QLD,661.08,725.55,6.64,6.64,opennem.org.au,false,
2023-05-04 15:00:00,Australia,Queensland,AU-QLD,660.54,723.25,7.72,7.72,opennem.org.au,false,
2023-05-04 16:00:00,Australia,Queensland,AU-QLD,656.93,719.84,7.96,7.96,opennem.org.au,false,
2023-05-04 17:00:00,Australia,Queensland,AU-QLD,660.41,722.84,7.93,7.93,opennem.org.au,false,
2023-05-04 18:00:00,Australia,Queensland,AU-QLD,659.02,720.84,8.41,8.41,opennem.org.au,false,
2023-05-04 19:00:00,Australia,Queensland,AU-QLD,652.37,715.35,8.35,8.35,opennem.org.au,false,
2023-05-04 20:00:00,Australia,Queensland,AU-QLD,652.25,714.86,8.56,8.56,opennem.org.au,false,
2023-05-04 21:00:00,Australia,Queensland,AU-QLD,563.65,624.58,20.72,20.72,opennem.org.au,false,
2023-05-04 22:00:00,Australia,Queensland,AU-QLD,443.13,497.28,40.28,40.28,opennem.org.au,false,
2023-05-04 23:00:00,Australia,Queensland,AU-QLD,379.73,432.01,49.28,49.28,opennem.org.au,false,
2023-05-05 00:00:00,Australia,Queensland,AU-QLD,324.98,376.4,56.5,56.5,opennem.org.au,false,
2023-05-05 01:00:00,Australia,Queensland,AU-QLD,322.07,373.67,56.91,56.91,opennem.org.au,false,
2023-05-05 02:00:00,Australia,Queensland,AU-QLD,336.62,388.65,55.0,55.0,opennem.org.au,false,
2023-05-05 03:00:00,Australia,Queensland,AU-QLD,346.94,399.2,53.59,53.59,opennem.org.au,false,
2023-05-05 04:00:00,Australia,Queensland,AU-QLD,370.07,423.76,49.85,49.85,opennem.org.au,false,
2023-05-05 05:00:00,Australia,Queensland,AU-QLD,425.35,482.21,40.99,40.99,opennem.org.au,false,
2023-05-05 06:00:00,Australia,Queensland,AU-QLD,532.28,595.68,23.42,23.42,opennem.org.au,false,
2023-05-05 07:00:00,Australia,Queensland,AU-QLD,612.8,680.83,9.65,9.65,opennem.org.au,false,
2023-05-05 08:00:00,Australia,Queensland,AU-QLD,620.25,687.3,9.02,9.02,opennem.org.au,false,
2023-05-05 09:00:00,Australia,Queensland,AU-QLD,612.09,678.37,10.22,10.22,opennem.org.au,false,
2023-05-05 10:00:00,Australia,Queensland,AU-QLD,620.5,688.13,8.5,8.5,opennem.org.au,false,
2023-05-05 11:00:00,Australia,Queensland,AU-QLD,622.63,689.36,8.81,8.81,opennem.org.au,false,
2023-05-05 12:00:00,Australia,Queensland,AU-QLD,615.38,678.73,11.79,11.79,opennem.org.au,false,
2023-05-05 13:00:00,Australia,Queensland,AU-QLD,639.9,702.89,9.53,9.53,opennem.org.au,false,
2023-05-05 14:00:00,Australia,Queensland,AU-QLD,639.07,701.51,9.99,9.99,opennem.org.au,false,
2023-05-05 15:00:00,Australia,Queensland,AU-QLD,656.42,717.78,8.94,8.94,opennem.org.au,false,
2023-05-05 16:00:00,Australia,Queensland,AU-QLD,660.26,721.53,8.65,8.65,opennem.org.au,false,
2023-05-05 17:00:00,Australia,Queensland,AU-QLD,661.67,723.11,8.44,8.44,opennem.org.au,false,
2023-05-05 18:00:00,Australia,Queensland,AU-QLD,665.7,728.16,7.43,7.43,opennem.org.au,false,
2023-05-05 19:00:00,Australia,Queensland,AU-QLD,665.03,727.18,7.67,7.67,opennem.org.au,false,
2023-05-05 20:00:00,Australia,Queensland,AU-QLD,637.19,697.57,11.66,11.66,opennem.org.au,false,
2023-05-05 21:00:00,Australia,Queensland,AU-QLD,560.47,618.61,22.96,22.96,opennem.org.au,false,
2023-05-05 22:00:00,Australia,Queensland,AU-QLD,435.81,489.4,41.82,41.82,opennem.org.au,false,
2023-05-05 23:00:00,Australia,Queensland,AU-QLD,362.88,415.28,51.47,51.47,opennem.org.au,false,
2023-05-06 00:00:00,Australia,Queensland,AU-QLD,323.91,375.73,56.6,56.6,opennem.org.au,false,
2023-05-06 01:00:00,Australia,Queensland,AU-QLD,321.74,373.68,56.91,56.91,opennem.org.au,false,
2023-05-06 02:00:00,Australia,Queensland,AU-QLD,341.46,393.84,54.33,54.33,opennem.org.au,false,
2023-05-06 03:00:00,Australia,Queensland,AU-QLD,371.65,424.62,50.36,50.36,opennem.org.au,false,
2023-05-06 04:00:00,Australia,Queensland,AU-QLD,403.67,457.55,45.87,45.87,opennem.org.au,false,
2023-05-06 05:00:00,Australia,Queensland,AU-QLD,468.66,525.55,35.96,35.96,opennem.org.au,false,
2023-05-06 06:00:00,Australia,Queensland,AU-QLD,561.03,624.89,19.69,19.69,opennem.org.au,false,
2023-05-06 07:00:00,Australia,Queensland,AU-QLD,620.08,687.22,9.52,9.52,opennem.org.au,false,
2023-05-06 08:00:00,Australia,Queensland,AU-QLD,630.49,699.18,7.11,7.11,opennem.org.au,false,
2023-05-06 09:00:00,Australia,Queensland,AU-QLD,635.05,704.06,6.48,6.48,opennem.org.au,false,
2023-05-06 10:00:00,Australia,Queensland,AU-QLD,642.96,710.77,6.29,6.29,opennem.org.au,false,
2023-05-06 11:00:00,Australia,Queensland,AU-QLD,647.16,714.85,5.96,5.96,opennem.org.au,false,
2023-05-06 12:00:00,Australia,Queensland,AU-QLD,643.02,707.17,8.64,8.64,opennem.org.au,false,
2023-05-06 13:00:00,Australia,Queensland,AU-QLD,653.87,715.09,9.45,9.45,opennem.org.au,false,
2023-05-06 14:00:00,Australia,Queensland,AU-QLD,660.74,719.49,10.34,10.34,opennem.org.au,false,
2023-05-06 15:00:00,Australia,Queensland,AU-QLD,667.8,726.09,9.92,9.92,opennem.org.au,false,
2023-05-06 16:00:00,Australia,Queensland,AU-QLD,686.81,745.23,7.94,7.94,opennem.org.au,false,
2023-05-06 17:00:00,Australia,Queensland,AU-QLD,685.44,743.45,8.31,8.31,opennem.org.au,false,
2023-05-06 18:00:00,Australia,Queensland,AU-QLD,692.45,750.57,7.57,7.57,opennem.org.au,false,
2023-05-06 19:00:00,Australia,Queensland,AU-QLD,699.96,758.61,6.57,6.57,opennem.org.au,false,
2023-05-06 20:00:00,Australia,Queensland,AU-QLD,677.53,735.1,9.53,9.53,opennem.org.au,false,
2023-05-06 21:00:00,Australia,Queensland,AU-QLD,627.37,684.35,16.25,16.25,opennem.org.au,false,
2023-05-06 22:00:00,Australia,Queensland,AU-QLD,537.55,592.95,28.4,28.4,opennem.org.au,false,
2023-05-06 23:00:00,Australia,Queensland,AU-QLD,469.33,523.72,37.47,37.47,opennem.org.au,false,
2023-05-07 00:00:00,Australia,Queensland,AU-QLD,407.54,460.9,45.63,45.63,opennem.org.au,false,
2023-05-07 01:00:00,Australia,Queensland,AU-QLD,399.65,452.72,46.65,46.65,opennem.org.au,false,
2023-05-07 02:00:00,Australia,Queensland,AU-QLD,395.21,448.24,47.23,47.23,opennem.org.au,false,
2023-05-07 03:00:00,Australia,Queensland,AU-QLD,382.99,435.72,48.86,48.86,opennem.org.au,false,
2023-05-07 04:00:00,Australia,Queensland,AU-QLD,395.71,448.68,46.88,46.88,opennem.org.au,false,
2023-05-07 05:00:00,Australia,Queensland,AU-QLD,452.37,508.42,37.52,37.52,opennem.org.au,false,
2023-05-07 06:00:00,Australia,Queensland,AU-QLD,548.03,609.23,22.12,22.12,opennem.org.au,false,
2023-05-07 07:00:00,Australia,Queensland,AU-QLD,601.2,668.36,11.05,11.05,opennem.org.au,false,
2023-05-07 08:00:00,Australia,Queensland,AU-QLD,605.84,673.01,10.21,10.21,opennem.org.au,false,
2023-05-07 09:00:00,Australia,Queensland,AU-QLD,605.45,671.41,10.95,10.95,opennem.org.au,false,
2023-05-07 10:00:00,Australia,Queensland,AU-QLD,617.31,683.83,9.43,9.43,opennem.org.au,false,
2023-05-07 11:00:00,Australia,Queensland,AU-QLD,621.46,686.39,10.0,10.0,opennem.org.au,false,
2023-05-07 12:00:00,Australia,Queensland,AU-QLD,620.59,684.3,10.83,10.83,opennem.org.au,false,
2023-05-07 13:00:00,Australia,Queensland,AU-QLD,622.93,686.7,10.57,10.57,opennem.org.au,false,
2023-05-07 14:00:00,Australia,Queensland,AU-QLD,627.03,687.87,11.95,11.95,opennem.org.au,false,
2023-05-07 15:00:00,Australia,Queensland,AU-QLD,628.12,688.31,12.25,12.25,opennem.org.au,false,
2023-05-07 16:00:00,Australia,Queensland,AU-QLD,626.29,685.88,12.81,12.81,opennem.org.au,false,
2023-05-07 17:00:00,Australia,Queensland,AU-QLD,626.6,686.22,12.76,12.76,opennem.org.au,false,
2023-05-07 18:00:00,Australia,Queensland,AU-QLD,624.36,684.26,12.8,12.8,opennem.org.au,false,
2023-05-07 19:00:00,Australia,Queensland,AU-QLD,626.66,687.04,12.28,12.28,opennem.org.au,false,
2023-05-07 20:00:00,Australia,Queensland,AU-QLD,615.65,675.99,13.5,13.5,opennem.org.au,false,
2023-05-07 21:00:00,Australia,Queensland,AU-QLD,531.26,589.3,25.62,25.62,opennem.org.au,false,
2023-05-07 22:00:00,Australia,Queensland,AU-QLD,412.77,464.29,44.9,44.9,opennem.org.au,false,
2023-05-07 23:00:00,Australia,Queensland,AU-QLD,323.75,373.41,56.76,56.76,opennem.org.au,false,
2023-05-08 00:00:00,Australia,Queensland,AU-QLD,295.07,344.37,60.42,60.42,opennem.org.au,false,
2023-05-08 01:00:00,Australia,Queensland,AU-QLD,282.93,332.21,62.03,62.03,opennem.org.au,false,
2023-05-08 02:00:00,Australia,Queensland,AU-QLD,284.07,333.57,61.88,61.88,opennem.org.au,false,
2023-05-08 03:00:00,Australia,Queensland,AU-QLD,286.55,336.21,61.49,61.49,opennem.org.au,false,
2023-05-08 04:00:00,Australia,Queensland,AU-QLD,301.93,353.2,58.51,58.51,opennem.org.au,false,
2023-05-08 05:00:00,Australia,Queensland,AU-QLD,357.33,411.68,49.49,49.49,opennem.org.au,false,
2023-05-08 06:00:00,Australia,Queensland,AU-QLD,501.01,562.42,27.29,27.29,opennem.org.au,false,
2023-05-08 07:00:00,Australia,Queensland,AU-QLD,582.09,650.39,12.82,12.82,opennem.org.au,false,
2023-05-08 08:00:00,Australia,Queensland,AU-QLD,584.4,656.39,10.63,10.63,opennem.org.au,false,
2023-05-08 09:00:00,Australia,Queensland,AU-QLD,593.21,664.07,10.46,10.46,opennem.org.au,false,
2023-05-08 10:00:00,Australia,Queensland,AU-QLD,604.13,672.4,9.88,9.88,opennem.org.au,false,
2023-05-08 11:00:00,Australia,Queensland,AU-QLD,608.7,675.48,10.07,10.07,opennem.org.au,false,
2023-05-08 12:00:00,Australia,Queensland,AU-QLD,616.53,680.82,10.86,10.86,opennem.org.au,false,
2023-05-08 13:00:00,Australia,Queensland,AU-QLD,621.78,683.53,11.91,11.91,opennem.org.au,false,
2023-05-08 14:00:00,Australia,Queensland,AU-QLD,620.96,681.81,12.54,12.54,opennem.org.au,false,
2023-05-08 15:00:00,Australia,Queensland,AU-QLD,620.98,681.43,12.78,12.78,opennem.org.au,false,
2023-05-08 16:00:00,Australia,Queensland,AU-QLD,626.32,686.95,12.18,12.18,opennem.org.au,false,
2023-05-08 17:00:00,Australia,Queensland,AU-QLD,628.33,689.13,11.89,11.89,opennem.org.au,false,
2023-05-08 18:00:00,Australia,Queensland,AU-QLD,626.96,688.47,11.55,11.55,opennem.org.au,false,
2023-05-08 19:00:00,Australia,Queensland,AU-QLD,632.02,694.27,10.6,10.6,opennem.org.au,false,
2023-05-08 20:00:00,Australia,Queensland,AU-QLD,605.41,667.45,13.49,13.49,opennem.org.au,false,
2023-05-08 21:00:00,Australia,Queensland,AU-QLD,524.22,584.76,24.94,24.94,opennem.org.au,false,
2023-05-08 22:00:00,Australia,Queensland,AU-QLD,415.23,470.64,42.32,42.32,opennem.org.au,false,
2023-05-08 23:00:00,Australia,Queensland,AU-QLD,338.75,390.3,54.34,54.34,opennem.org.au,false,
2023-05-09 00:00:00,Australia,Queensland,AU-QLD,301.07,351.92,59.63,59.63,opennem.org.au,false,
2023-05-09 01:00:00,Australia,Queensland,AU-QLD,292.95,344.13,60.71,60.71,opennem.org.au,false,
2023-05-09 02:00:00,Australia,Queensland,AU-QLD,293.95,345.32,60.59,60.59,opennem.org.au,false,
2023-05-09 03:00:00,Australia,Queensland,AU-QLD,297.01,348.32,60.19,60.19,opennem.org.au,false,
2023-05-09 04:00:00,Australia,Queensland,AU-QLD,327.0,379.05,56.02,56.02,opennem.org.au,false,
2023-05-09 05:00:00,Australia,Queensland,AU-QLD,395.29,450.9,45.22,45.22,opennem.org.au,false,
2023-05-09 06:00:00,Australia,Queensland,AU-QLD,511.1,573.71,26.17,26.17,opennem.org.au,false,
2023-05-09 07:00:00,Australia,Queensland,AU-QLD,596.91,668.14,9.13,9.13,opennem.org.au,false,
2023-05-09 08:00:00,Australia,Queensland,AU-QLD,608.22,681.8,6.64,6.64,opennem.org.au,false,
2023-05-09 09:00:00,Australia,Queensland,AU-QLD,603.22,676.72,7.27,7.27,opennem.org.au,false,
2023-05-09 10:00:00,Australia,Queensland,AU-QLD,607.78,678.52,7.71,7.71,opennem.org.au,false,
2023-05-09 11:00:00,Australia,Queensland,AU-QLD,623.92,691.8,7.97,7.97,opennem.org.au,false,
2023-05-09 12:00:00,Australia,Queensland,AU-QLD,632.08,698.16,8.34,8.34,opennem.org.au,false,
2023-05-09 13:00:00,Australia,Queensland,AU-QLD,631.5,696.36,9.12,9.12,opennem.org.au,false,
2023-05-09 14:00:00,Australia,Queensland,AU-QLD,636.6,699.37,9.92,9.92,opennem.org.au,false,
2023-05-09 15:00:00,Australia,Queensland,AU-QLD,641.86,704.95,9.26,9.26,opennem.org.au,false,
2023-05-09 16:00:00,Australia,Queensland,AU-QLD,649.24,712.91,8.23,8.23,opennem.org.au,false,
2023-05-09 17:00:00,Australia,Queensland,AU-QLD,651.24,715.25,7.83,7.83,opennem.org.au,false,
2023-05-09 18:00:00,Australia,Queensland,AU-QLD,652.62,716.61,7.72,7.72,opennem.org.au,false,
2023-05-09 19:00:00,Australia,Queensland,AU-QLD,649.21,714.27,7.37,7.37,opennem.org.au,false,
2023-05-09 20:00:00,Australia,Queensland,AU-QLD,626.04,690.22,10.2,10.2,opennem.org.au,false,
2023-05-09 21:00:00,Australia,Queensland,AU-QLD,540.15,603.59,21.47,21.47,opennem.org.au,false,
2023-05-09 22:00:00,Australia,Queensland,AU-QLD,418.91,473.65,42.66,42.66,opennem.org.au,false,
2023-05-09 23:00:00,Australia,Queensland,AU-QLD,340.25,391.69,54.45,54.45,opennem.org.au,false,
2023-05-10 00:00:00,Australia,Queensland,AU-QLD,298.61,349.39,59.95,59.95,opennem.org.au,false,
2023-05-10 01:00:00,Australia,Queensland,AU-QLD,285.97,336.84,61.63,61.63,opennem.org.au,false,
2023-05-10 02:00:00,Australia,Queensland,AU-QLD,297.52,348.86,60.13,60.13,opennem.org.au,false,
2023-05-10 03:00:00,Australia,Queensland,AU-QLD,331.11,382.97,55.78,55.78,opennem.org.au,false,
2023-05-10 04:00:00,Australia,Queensland,AU-QLD,377.12,430.63,49.15,49.15,opennem.org.au,false,
2023-05-10 05:00:00,Australia,Queensland,AU-QLD,423.88,480.31,41.3,41.3,opennem.org.au,false,
2023-05-10 06:00:00,Australia,Queensland,AU-QLD,534.51,599.05,22.18,22.18,opennem.org.au,false,
2023-05-10 07:00:00,Australia,Queensland,AU-QLD,591.01,661.72,10.05,10.05,opennem.org.au,false,
2023-05-10 08:00:00,Australia,Queensland,AU-QLD,590.84,662.51,8.97,8.97,opennem.org.au,false,
2023-05-10 09:00:00,Australia,Queensland,AU-QLD,593.94,664.4,9.43,9.43,opennem.org.au,false,
2023-05-10 10:00:00,Australia,Queensland,AU-QLD,606.92,676.78,8.4,8.4,opennem.org.au,false,
2023-05-10 11:00:00,Australia,Queensland,AU-QLD,618.24,686.48,8.32,8.32,opennem.org.au,false,
2023-05-10 12:00:00,Australia,Queensland,AU-QLD,618.83,686.08,8.86,8.86,opennem.org.au,false,
2023-05-10 13:00:00,Australia,Queensland,AU-QLD,629.39,693.3,9.9,9.9,opennem.org.au,false,
2023-05-10 14:00:00,Australia,Queensland,AU-QLD,641.66,701.74,11.09,11.09,opennem.org.au,false,
2023-05-10 15:00:00,Australia,Queensland,AU-QLD,649.22,708.56,10.85,10.85,opennem.org.au,false,
2023-05-10 16:00:00,Australia,Queensland,AU-QLD,649.94,709.28,10.75,10.75,opennem.org.au,false,
2023-05-10 17:00:00,Australia,Queensland,AU-QLD,640.99,699.44,12.11,12.11,opennem.org.au,false,
2023-05-10 18:00:00,Australia,Queensland,AU-QLD,632.55,690.69,13.1,13.1,opennem.org.au,false,
2023-05-10 19:00:00,Australia,Queensland,AU-QLD,634.3,692.61,12.84,12.84,opennem.org.au,false,
2023-05-10 20:00:00,Australia,Queensland,AU-QLD,614.3,671.52,15.5,15.5,opennem.org.au,false,
2023-05-10 21:00:00,Australia,Queensland,AU-QLD,534.54,590.27,26.68,26.68,opennem.org.au,false,
2023-05-10 22:00:00,Australia,Queensland,AU-QLD,423.96,475.56,43.27,43.27,opennem.org.au,false,
2023-05-10 23:00:00,Australia,Queensland,AU-QLD,337.22,387.25,54.84,54.84,opennem.org.au,false,
2023-05-11 00:00:00,Australia,Queensland,AU-QLD,312.99,362.91,58.04,58.04,opennem.org.au,false,
2023-05-11 01:00:00,Australia,Queensland,AU-QLD,336.93,387.59,54.91,54.91,opennem.org.au,false,
2023-05-11 02:00:00,Australia,Queensland,AU-QLD,345.22,395.91,53.89,53.89,opennem.org.au,false,
2023-05-11 03:00:00,Australia,Queensland,AU-QLD,363.52,415.2,51.36,51.36,opennem.org.au,false,
2023-05-11 04:00:00,Australia,Queensland,AU-QLD,394.17,448.37,46.17,46.17,opennem.org.au,false,
2023-05-11 05:00:00,Australia,Queensland,AU-QLD,444.6,502.04,37.7,37.7,opennem.org.au,false,
2023-05-11 06:00:00,Australia,Queensland,AU-QLD,532.37,595.78,22.73,22.73,opennem.org.au,false,
2023-05-11 07:00:00,Australia,Queensland,AU-QLD,596.4,663.93,11.27,11.27,opennem.org.au,false,
2023-05-11 08:00:00,Australia,Queensland,AU-QLD,596.61,664.01,10.93,10.93,opennem.org.au,false,
2023-05-11 09:00:00,Australia,Queensland,AU-QLD,595.86,663.37,10.92,10.92,opennem.org.au,false,
2023-05-11 10:00:00,Australia,Queensland,AU-QLD,607.76,674.86,9.96,9.96,opennem.org.au,false,
2023-05-11 11:00:00,Australia,Queensland,AU-QLD,614.35,679.4,10.59,10.59,opennem.org.au,false,
2023-05-11 12:00:00,Australia,Queensland,AU-QLD,618.11,681.47,11.28,11.28,opennem.org.au,false,
2023-05-11 13:00:00,Australia,Queensland,AU-QLD,629.4,690.19,11.75,11.75,opennem.org.au,false,
2023-05-11 14:00:00,Australia,Queensland,AU-QLD,635.58,694.44,12.33,12.33,opennem.org.au,false,
2023-05-11 15:00:00,Australia,Queensland,AU-QLD,632.49,690.65,13.04,13.04,opennem.org.au,false,
2023-05-11 16:00:00,Australia,Queensland,AU-QLD,630.95,689.0,13.25,13.25,opennem.org.au,false,
2023-05-11 17:00:00,Australia,Queensland,AU-QLD,630.98,689.34,13.06,13.06,opennem.org.au,false,
2023-05-11 18:00:00,Australia,Queensland,AU-QLD,631.14,689.69,12.94,12.94,opennem.org.au,false,
2023-05-11 19:00:00,Australia,Queensland,AU-QLD,630.84,690.27,12.45,12.45,opennem.org.au,false,
2023-05-11 20:00:00,Australia,Queensland,AU-QLD,614.97,673.57,14.63,14.63,opennem.org.au,false,
2023-05-11 21:00:00,Australia,Queensland,AU-QLD,543.02,599.94,24.91,24.91,opennem.org.au,false,
2023-05-11 22:00:00,Australia,Queensland,AU-QLD,430.53,483.65,41.54,41.54,opennem.org.au,false,
2023-05-11 23:00:00,Australia,Queensland,AU-QLD,359.65,410.11,51.92,51.92,opennem.org.au,false,
2023-05-12 00:00:00,Australia,Queensland,AU-QLD,332.82,383.25,55.47,55.47,opennem.org.au,false,
2023-05-12 01:00:00,Australia,Queensland,AU-QLD,365.21,417.32,51.25,51.25,opennem.org.au,false,
2023-05-12 02:00:00,Australia,Queensland,AU-QLD,371.68,423.55,50.38,50.38,opennem.org.au,false,
2023-05-12 03:00:00,Australia,Queensland,AU-QLD,380.06,432.44,49.23,49.23,opennem.org.au,false,
2023-05-12 04:00:00,Australia,Queensland,AU-QLD,409.91,463.47,44.9,44.9,opennem.org.au,false,
2023-05-12 05:00:00,Australia,Queensland,AU-QLD,474.06,530.94,34.75,34.75,opennem.org.au,false,
2023-05-12 06:00:00,Australia,Queensland,AU-QLD,567.86,631.74,18.25,18.25,opennem.org.au,false,
2023-05-12 07:00:00,Australia,Queensland,AU-QLD,604.87,670.88,11.35,11.35,opennem.org.au,false,
2023-05-12 08:00:00,Australia,Queensland,AU-QLD,605.34,672.13,10.63,10.63,opennem.org.au,false,
2023-05-12 09:00:00,Australia,Queensland,AU-QLD,606.31,672.71,10.74,10.74,opennem.org.au,false,
2023-05-12 10:00:00,Australia,Queensland,AU-QLD,625.27,692.44,8.31,8.31,opennem.org.au,false,
2023-05-12 11:00:00,Australia,Queensland,AU-QLD,628.59,695.23,8.31,8.31,opennem.org.au,false,
2023-05-12 12:00:00,Australia,Queensland,AU-QLD,614.86,677.29,12.36,12.36,opennem.org.au,false,
2023-05-12 13:00:00,Australia,Queensland,AU-QLD,629.39,688.81,12.82,12.82,opennem.org.au,false,
2023-05-12 14:00:00,Australia,Queensland,AU-QLD,657.97,714.38,11.82,11.82,opennem.org.au,false,
2023-05-12 15:00:00,Australia,Queensland,AU-QLD,662.14,717.94,11.81,11.81,opennem.org.au,false,
2023-05-12 16:00:00,Australia,Queensland,AU-QLD,661.62,717.37,11.88,11.88,opennem.org.au,false,
2023-05-12 17:00:00,Australia,Queensland,AU-QLD,660.8,716.39,12.04,12.04,opennem.org.au,false,
2023-05-12 18:00:00,Australia,Queensland,AU-QLD,664.38,720.18,11.59,11.59,opennem.org.au,false,
2023-05-12 19:00:00,Australia,Queensland,AU-QLD,666.26,722.28,11.28,11.28,opennem.org.au,false,
2023-05-12 20:00:00,Australia,Queensland,AU-QLD,643.39,698.34,14.37,14.37,opennem.org.au,false,
2023-05-12 21:00:00,Australia,Queensland,AU-QLD,553.58,607.49,26.32,26.32,opennem.org.au,false,
2023-05-12 22:00:00,Australia,Queensland,AU-QLD,432.05,484.23,42.33,42.33,opennem.org.au,false,
2023-05-12 23:00:00,Australia,Queensland,AU-QLD,359.82,410.74,51.87,51.87,opennem.org.au,false,
2023-05-13 00:00:00,Australia,Queensland,AU-QLD,333.7,383.96,55.32,55.32,opennem.org.au,false,
2023-05-13 01:00:00,Australia,Queensland,AU-QLD,329.95,380.18,55.82,55.82,opennem.org.au,false,
2023-05-13 02:00:00,Australia,Queensland,AU-QLD,324.94,375.4,56.49,56.49,opennem.org.au,false,
2023-05-13 03:00:00,Australia,Queensland,AU-QLD,353.98,405.04,52.65,52.65,opennem.org.au,false,
2023-05-13 04:00:00,Australia,Queensland,AU-QLD,397.34,450.0,46.45,46.45,opennem.org.au,false,
2023-05-13 05:00:00,Australia,Queensland,AU-QLD,471.99,527.88,35.19,35.19,opennem.org.au,false,
2023-05-13 06:00:00,Australia,Queensland,AU-QLD,551.71,612.78,21.79,21.79,opennem.org.au,false,
2023-05-13 07:00:00,Australia,Queensland,AU-QLD,601.3,664.64,13.34,13.34,opennem.org.au,false,
2023-05-13 08:00:00,Australia,Queensland,AU-QLD,602.24,666.07,12.63,12.63,opennem.org.au,false,
2023-05-13 09:00:00,Australia,Queensland,AU-QLD,613.3,677.23,11.43,11.43,opennem.org.au,false,
2023-05-13 10:00:00,Australia,Queensland,AU-QLD,619.62,683.5,10.8,10.8,opennem.org.au,false,
2023-05-13 11:00:00,Australia,Queensland,AU-QLD,624.47,688.29,10.37,10.37,opennem.org.au,false,
2023-05-13 12:00:00,Australia,Queensland,AU-QLD,621.5,682.62,12.28,12.28,opennem.org.au,false,
2023-05-13 13:00:00,Australia,Queensland,AU-QLD,623.1,683.14,12.8,12.8,opennem.org.au,false,
2023-05-13 14:00:00,Australia,Queensland,AU-QLD,627.79,685.55,13.75,13.75,opennem.org.au,false,
2023-05-13 15:00:00,Australia,Queensland,AU-QLD,626.66,684.17,14.01,14.01,opennem.org.au,false,
2023-05-13 16:00:00,Australia,Queensland,AU-QLD,627.24,684.82,13.91,13.91,opennem.org.au,false,
2023-05-13 17:00:00,Australia,Queensland,AU-QLD,628.69,686.43,13.69,13.69,opennem.org.au,false,
2023-05-13 18:00:00,Australia,Queensland,AU-QLD,630.87,688.56,13.5,13.5,opennem.org.au,false,
2023-05-13 19:00:00,Australia,Queensland,AU-QLD,641.33,700.05,11.9,11.9,opennem.org.au,false,
2023-05-13 20:00:00,Australia,Queensland,AU-QLD,641.56,700.14,11.97,11.97,opennem.org.au,false,
2023-05-13 21:00:00,Australia,Queensland,AU-QLD,584.77,641.39,20.42,20.42,opennem.org.au,false,
2023-05-13 22:00:00,Australia,Queensland,AU-QLD,474.46,526.82,36.71,36.71,opennem.org.au,false,
2023-05-13 23:00:00,Australia,Queensland,AU-QLD,416.92,468.49,44.33,44.33,opennem.org.au,false,
2023-05-14 00:00:00,Australia,Queensland,AU-QLD,395.85,447.42,47.14,47.14,opennem.org.au,false,
2023-05-14 01:00:00,Australia,Queensland,AU-QLD,403.89,455.84,46.21,46.21,opennem.org.au,false,
2023-05-14 02:00:00,Australia,Queensland,AU-QLD,435.11,488.42,42.01,42.01,opennem.org.au,false,
2023-05-14 03:00:00,Australia,Queensland,AU-QLD,472.06,526.27,37.02,37.02,opennem.org.au,false,
2023-05-14 04:00:00,Australia,Queensland,AU-QLD,503.87,559.15,32.18,32.18,opennem.org.au,false,
2023-05-14 05:00:00,Australia,Queensland,AU-QLD,550.65,609.1,24.3,24.3,opennem.org.au,false,
2023-05-14 06:00:00,Australia,Queensland,AU-QLD,605.49,669.26,13.7,13.7,opennem.org.au,false,
2023-05-14 07:00:00,Australia,Queensland,AU-QLD,623.35,688.05,10.34,10.34,opennem.org.au,false,
2023-05-14 08:00:00,Australia,Queensland,AU-QLD,624.05,688.12,10.42,10.42,opennem.org.au,false,
2023-05-14 09:00:00,Australia,Queensland,AU-QLD,624.47,688.5,10.4,10.4,opennem.org.au,false,
2023-05-14 10:00:00,Australia,Queensland,AU-QLD,632.94,697.71,9.04,9.04,opennem.org.au,false,
2023-05-14 11:00:00,Australia,Queensland,AU-QLD,637.57,700.98,9.41,9.41,opennem.org.au,false,
2023-05-14 12:00:00,Australia,Queensland,AU-QLD,648.82,710.84,9.22,9.22,opennem.org.au,false,
2023-05-14 13:00:00,Australia,Queensland,AU-QLD,654.55,715.12,9.53,9.53,opennem.org.au,false,
2023-05-14 14:00:00,Australia,Queensland,AU-QLD,670.44,729.47,9.0,9.0,opennem.org.au,false,
2023-05-14 15:00:00,Australia,Queensland,AU-QLD,668.62,727.65,9.18,9.18,opennem.org.au,false,
2023-05-14 16:00:00,Australia,Queensland,AU-QLD,666.69,725.63,9.41,9.41,opennem.org.au,false,
2023-05-14 17:00:00,Australia,Queensland,AU-QLD,664.03,722.77,9.78,9.78,opennem.org.au,false,
2023-05-14 18:00:00,Australia,Queensland,AU-QLD,669.25,728.34,9.08,9.08,opennem.org.au,false,
2023-05-14 19:00:00,Australia,Queensland,AU-QLD,663.27,721.59,10.12,10.12,opennem.org.au,false,
2023-05-14 20:00:00,Australia,Queensland,AU-QLD,657.15,715.25,10.84,10.84,opennem.org.au,false,
2023-05-14 21:00:00,Australia,Queensland,AU-QLD,605.54,662.58,17.8,17.8,opennem.org.au,false,
2023-05-14 22:00:00,Australia,Queensland,AU-QLD,534.88,589.57,28.16,28.16,opennem.org.au,false,
2023-05-14 23:00:00,Australia,Queensland,AU-QLD,470.07,522.84,37.39,37.39,opennem.org.au,false,
2023-05-15 00:00:00,Australia,Queensland,AU-QLD,440.39,492.78,41.36,41.36,opennem.org.au,false,
2023-05-15 01:00:00,Australia,Queensland,AU-QLD,438.54,491.17,41.54,41.54,opennem.org.au,false,
2023-05-15 02:00:00,Australia,Queensland,AU-QLD,436.95,490.09,41.77,41.77,opennem.org.au,false,
2023-05-15 03:00:00,Australia,Queensland,AU-QLD,456.22,510.04,39.03,39.03,opennem.org.au,false,
2023-05-15 04:00:00,Australia,Queensland,AU-QLD,493.85,551.46,31.94,31.94,opennem.org.au,false,
2023-05-15 05:00:00,Australia,Queensland,AU-QLD,538.53,600.37,23.27,23.27,opennem.org.au,false,
2023-05-15 06:00:00,Australia,Queensland,AU-QLD,583.58,650.49,13.95,13.95,opennem.org.au,false,
2023-05-15 07:00:00,Australia,Queensland,AU-QLD,604.19,672.7,9.81,9.81,opennem.org.au,false,
2023-05-15 08:00:00,Australia,Queensland,AU-QLD,606.11,676.48,8.91,8.91,opennem.org.au,false,
2023-05-15 09:00:00,Australia,Queensland,AU-QLD,619.57,687.22,8.76,8.76,opennem.org.au,false,
2023-05-15 10:00:00,Australia,Queensland,AU-QLD,632.41,699.75,7.54,7.54,opennem.org.au,false,
2023-05-15 11:00:00,Australia,Queensland,AU-QLD,631.5,698.13,8.04,8.04,opennem.org.au,false,
2023-05-15 12:00:00,Australia,Queensland,AU-QLD,635.19,700.09,8.77,8.77,opennem.org.au,false,
2023-05-15 13:00:00,Australia,Queensland,AU-QLD,655.55,720.12,7.08,7.08,opennem.org.au,false,
2023-05-15 14:00:00,Australia,Queensland,AU-QLD,678.34,742.67,5.12,5.12,opennem.org.au,false,
2023-05-15 15:00:00,Australia,Queensland,AU-QLD,681.51,745.56,5.0,5.0,opennem.org.au,false,
2023-05-15 16:00:00,Australia,Queensland,AU-QLD,675.0,738.54,5.91,5.91,opennem.org.au,false,
2023-05-15 17:00:00,Australia,Queensland,AU-QLD,678.97,742.75,5.4,5.4,opennem.org.au,false,
2023-05-15 18:00:00,Australia,Queensland,AU-QLD,682.61,746.5,4.98,4.98,opennem.org.au,false,
2023-05-15 19:00:00,Australia,Queensland,AU-QLD,677.51,741.81,5.23,5.23,opennem.org.au,false,
2023-05-15 20:00:00,Australia,Queensland,AU-QLD,667.97,733.48,5.42,5.42,opennem.org.au,false,
2023-05-15 21:00:00,Australia,Queensland,AU-QLD,622.71,686.37,11.83,11.83,opennem.org.au,false,
2023-05-15 22:00:00,Australia,Queensland,AU-QLD,535.86,595.02,25.11,25.11,opennem.org.au,false,
2023-05-15 23:00:00,Australia,Queensland,AU-QLD,474.89,528.19,36.69,36.69,opennem.org.au,false,
2023-05-16 00:00:00,Australia,Queensland,AU-QLD,433.6,486.02,42.18,42.18,opennem.org.au,false,
2023-05-16 01:00:00,Australia,Queensland,AU-QLD,450.62,505.1,39.91,39.91,opennem.org.au,false,
2023-05-16 02:00:00,Australia,Queensland,AU-QLD,446.72,501.13,40.44,40.44,opennem.org.au,false,
2023-05-16 03:00:00,Australia,Queensland,AU-QLD,449.5,504.44,39.77,39.77,opennem.org.au,false,
2023-05-16 04:00:00,Australia,Queensland,AU-QLD,469.74,527.49,35.14,35.14,opennem.org.au,false,
2023-05-16 05:00:00,Australia,Queensland,AU-QLD,497.25,557.71,29.03,29.03,opennem.org.au,false,
2023-05-16 06:00:00,Australia,Queensland,AU-QLD,555.51,621.82,17.73,17.73,opennem.org.au,false,
2023-05-16 07:00:00,Australia,Queensland,AU-QLD,596.53,666.62,9.72,9.72,opennem.org.au,false,
2023-05-16 08:00:00,Australia,Queensland,AU-QLD,603.29,674.8,7.86,7.86,opennem.org.au,false,
2023-05-16 09:00:00,Australia,Queensland,AU-QLD,622.86,694.7,5.79,5.79,opennem.org.au,false,
2023-05-16 10:00:00,Australia,Queensland,AU-QLD,633.74,705.6,4.69,4.69,opennem.org.au,false,
2023-05-16 11:00:00,Australia,Queensland,AU-QLD,651.48,721.25,4.33,4.33,opennem.org.au,false,
2023-05-16 12:00:00,Australia,Queensland,AU-QLD,655.7,725.2,4.1,4.1,opennem.org.au,false,
2023-05-16 13:00:00,Australia,Queensland,AU-QLD,666.65,735.2,3.65,3.65,opennem.org.au,false,
2023-05-16 14:00:00,Australia,Queensland,AU-QLD,682.74,748.68,3.72,3.72,opennem.org.au,false,
2023-05-16 15:00:00,Australia,Queensland,AU-QLD,679.39,744.28,4.68,4.68,opennem.org.au,false,
2023-05-16 16:00:00,Australia,Queensland,AU-QLD,678.64,742.11,5.6,5.6,opennem.org.au,false,
2023-05-16 17:00:00,Australia,Queensland,AU-QLD,668.81,731.72,6.85,6.85,opennem.org.au,false,
2023-05-16 18:00:00,Australia,Queensland,AU-QLD,666.89,729.87,6.98,6.98,opennem.org.au,false,
2023-05-16 19:00:00,Australia,Queensland,AU-QLD,673.71,736.59,6.42,6.42,opennem.org.au,false,
2023-05-16 20:00:00,Australia,Queensland,AU-QLD,657.71,722.64,6.72,6.72,opennem.org.au,false,
2023-05-16 21:00:00,Australia,Queensland,AU-QLD,575.97,639.01,18.07,18.07,opennem.org.au,false,
2023-05-16 22:00:00,Australia,Queensland,AU-QLD,464.31,520.1,36.91,36.91,opennem.org.au,false,
2023-05-16 23:00:00,Australia,Queensland,AU-QLD,400.75,453.77,46.56,46.56,opennem.org.au,false,
2023-05-17 00:00:00,Australia,Queensland,AU-QLD,355.1,407.45,52.55,52.55,opennem.org.au,false,
2023-05-17 01:00:00,Australia,Queensland,AU-QLD,344.02,396.13,54.05,54.05,opennem.org.au,false,
2023-05-17 02:00:00,Australia,Queensland,AU-QLD,347.24,399.21,53.64,53.64,opennem.org.au,false,
2023-05-17 03:00:00,Australia,Queensland,AU-QLD,375.79,428.3,49.78,49.78,opennem.org.au,false,
2023-05-17 04:00:00,Australia,Queensland,AU-QLD,395.2,449.51,46.19,46.19,opennem.org.au,false,
2023-05-17 05:00:00,Australia,Queensland,AU-QLD,438.42,496.34,38.35,38.35,opennem.org.au,false,
2023-05-17 06:00:00,Australia,Queensland,AU-QLD,534.57,598.5,22.52,22.52,opennem.org.au,false,
2023-05-17 07:00:00,Australia,Queensland,AU-QLD,609.58,680.91,7.7,7.7,opennem.org.au,false,
2023-05-17 08:00:00,Australia,Queensland,AU-QLD,611.79,684.28,6.49,6.49,opennem.org.au,false,
2023-05-17 09:00:00,Australia,Queensland,AU-QLD,618.43,690.55,6.1,6.1,opennem.org.au,false,
2023-05-17 10:00:00,Australia,Queensland,AU-QLD,628.06,700.25,5.04,5.04,opennem.org.au,false,
2023-05-17 11:00:00,Australia,Queensland,AU-QLD,630.37,700.21,6.22,6.22,opennem.org.au,false,
2023-05-17 12:00:00,Australia,Queensland,AU-QLD,642.95,709.72,6.92,6.92,opennem.org.au,false,
2023-05-17 13:00:00,Australia,Queensland,AU-QLD,662.05,725.53,7.14,7.14,opennem.org.au,false,
2023-05-17 14:00:00,Australia,Queensland,AU-QLD,681.67,744.01,5.99,5.99,opennem.org.au,false,
2023-05-17 15:00:00,Australia,Queensland,AU-QLD,679.1,742.18,5.79,5.79,opennem.org.au,false,
2023-05-17 16:00:00,Australia,Queensland,AU-QLD,682.54,745.57,5.5,5.5,opennem.org.au,false,
2023-05-17 17:00:00,Australia,Queensland,AU-QLD,683.56,747.05,5.13,5.13,opennem.org.au,false,
2023-05-17 18:00:00,Australia,Queensland,AU-QLD,681.98,744.68,5.78,5.78,opennem.org.au,false,
2023-05-17 19:00:00,Australia,Queensland,AU-QLD,678.41,741.49,5.88,5.88,opennem.org.au,false,
2023-05-17 20:00:00,Australia,Queensland,AU-QLD,663.84,730.16,6.08,6.08,opennem.org.au,false,
2023-05-17 21:00:00,Australia,Queensland,AU-QLD,592.73,657.53,16.04,16.04,opennem.org.au,false,
2023-05-17 22:00:00,Australia,Queensland,AU-QLD,461.1,516.42,37.64,37.64,opennem.org.au,false,
2023-05-17 23:00:00,Australia,Queensland,AU-QLD,387.12,440.13,48.33,48.33,opennem.org.au,false,
2023-05-18 00:00:00,Australia,Queensland,AU-QLD,332.39,384.35,55.52,55.52,opennem.org.au,false,
2023-05-18 01:00:00,Australia,Queensland,AU-QLD,318.43,370.08,57.38,57.38,opennem.org.au,false,
2023-05-18 02:00:00,Australia,Queensland,AU-QLD,327.35,379.22,56.24,56.24,opennem.org.au,false,
2023-05-18 03:00:00,Australia,Queensland,AU-QLD,358.75,411.26,52.05,52.05,opennem.org.au,false,
2023-05-18 04:00:00,Australia,Queensland,AU-QLD,385.41,440.03,47.34,47.34,opennem.org.au,false,
2023-05-18 05:00:00,Australia,Queensland,AU-QLD,425.86,483.7,39.95,39.95,opennem.org.au,false,
2023-05-18 06:00:00,Australia,Queensland,AU-QLD,542.84,607.45,21.08,21.08,opennem.org.au,false,
2023-05-18 07:00:00,Australia,Queensland,AU-QLD,605.58,678.86,7.73,7.73,opennem.org.au,false,
2023-05-18 08:00:00,Australia,Queensland,AU-QLD,609.22,683.83,6.38,6.38,opennem.org.au,false,
2023-05-18 09:00:00,Australia,Queensland,AU-QLD,612.91,687.54,5.97,5.97,opennem.org.au,false,
2023-05-18 10:00:00,Australia,Queensland,AU-QLD,622.29,697.18,4.88,4.88,opennem.org.au,false,
2023-05-18 11:00:00,Australia,Queensland,AU-QLD,627.67,701.12,4.98,4.98,opennem.org.au,false,
2023-05-18 12:00:00,Australia,Queensland,AU-QLD,635.22,702.23,7.8,7.8,opennem.org.au,false,
2023-05-18 13:00:00,Australia,Queensland,AU-QLD,668.48,733.14,5.82,5.82,opennem.org.au,false,
2023-05-18 14:00:00,Australia,Queensland,AU-QLD,663.37,727.99,6.33,6.33,opennem.org.au,false,
2023-05-18 15:00:00,Australia,Queensland,AU-QLD,661.65,725.86,6.74,6.74,opennem.org.au,false,
2023-05-18 16:00:00,Australia,Queensland,AU-QLD,661.43,725.51,6.84,6.84,opennem.org.au,false,
2023-05-18 17:00:00,Australia,Queensland,AU-QLD,665.57,729.59,6.5,6.5,opennem.org.au,false,
2023-05-18 18:00:00,Australia,Queensland,AU-QLD,669.54,733.42,6.16,6.16,opennem.org.au,false,
2023-05-18 19:00:00,Australia,Queensland,AU-QLD,673.41,737.63,5.58,5.58,opennem.org.au,false,
2023-05-18 20:00:00,Australia,Queensland,AU-QLD,655.86,721.11,6.77,6.77,opennem.org.au,false,
2023-05-18 21:00:00,Australia,Queensland,AU-QLD,573.84,636.76,18.29,18.29,opennem.org.au,false,
2023-05-18 22:00:00,Australia,Queensland,AU-QLD,451.07,506.49,38.87,38.87,opennem.org.au,false,
2023-05-18 23:00:00,Australia,Queensland,AU-QLD,374.46,428.24,49.34,49.34,opennem.org.au,false,
2023-05-19 00:00:00,Australia,Queensland,AU-QLD,312.08,364.65,57.53,57.53,opennem.org.au,false,
2023-05-19 01:00:00,Australia,Queensland,AU-QLD,299.95,352.3,59.16,59.16,opennem.org.au,false,
2023-05-19 02:00:00,Australia,Queensland,AU-QLD,300.76,353.13,59.08,59.08,opennem.org.au,false,
2023-05-19 03:00:00,Australia,Queensland,AU-QLD,313.7,366.42,57.27,57.27,opennem.org.au,false,
2023-05-19 04:00:00,Australia,Queensland,AU-QLD,347.89,401.6,52.43,52.43,opennem.org.au,false,
2023-05-19 05:00:00,Australia,Queensland,AU-QLD,401.88,459.23,43.22,43.22,opennem.org.au,false,
2023-05-19 06:00:00,Australia,Queensland,AU-QLD,531.73,597.92,21.58,21.58,opennem.org.au,false,
2023-05-19 07:00:00,Australia,Queensland,AU-QLD,610.13,683.03,7.54,7.54,opennem.org.au,false,
2023-05-19 08:00:00,Australia,Queensland,AU-QLD,607.82,683.51,6.31,6.31,opennem.org.au,false,
2023-05-19 09:00:00,Australia,Queensland,AU-QLD,614.73,689.91,5.63,5.63,opennem.org.au,false,
2023-05-19 10:00:00,Australia,Queensland,AU-QLD,624.86,699.3,4.32,4.32,opennem.org.au,false,
2023-05-19 11:00:00,Australia,Queensland,AU-QLD,636.72,708.01,4.78,4.78,opennem.org.au,false,
2023-05-19 12:00:00,Australia,Queensland,AU-QLD,632.63,700.63,7.32,7.32,opennem.org.au,false,
2023-05-19 13:00:00,Australia,Queensland,AU-QLD,638.24,703.89,8.22,8.22,opennem.org.au,false,
2023-05-19 14:00:00,Australia,Queensland,AU-QLD,648.25,710.97,9.09,9.09,opennem.org.au,false,
2023-05-19 15:00:00,Australia,Queensland,AU-QLD,666.68,725.81,9.56,9.56,opennem.org.au,false,
2023-05-19 16:00:00,Australia,Queensland,AU-QLD,662.97,722.05,9.95,9.95,opennem.org.au,false,
2023-05-19 17:00:00,Australia,Queensland,AU-QLD,675.76,734.41,8.91,8.91,opennem.org.au,false,
2023-05-19 18:00:00,Australia,Queensland,AU-QLD,688.0,748.05,6.82,6.82,opennem.org.au,false,
2023-05-19 19:00:00,Australia,Queensland,AU-QLD,688.85,749.12,6.64,6.64,opennem.org.au,false,
2023-05-19 20:00:00,Australia,Queensland,AU-QLD,668.66,726.67,10.23,10.23,opennem.org.au,false,
2023-05-19 21:00:00,Australia,Queensland,AU-QLD,576.22,633.39,22.36,22.36,opennem.org.au,false,
2023-05-19 22:00:00,Australia,Queensland,AU-QLD,453.86,508.26,39.46,39.46,opennem.org.au,false,
2023-05-19 23:00:00,Australia,Queensland,AU-QLD,364.07,416.98,51.32,51.32,opennem.org.au,false,
2023-05-20 00:00:00,Australia,Queensland,AU-QLD,319.22,371.06,57.21,57.21,opennem.org.au,false,
2023-05-20 01:00:00,Australia,Queensland,AU-QLD,307.36,359.08,58.79,58.79,opennem.org.au,false,
2023-05-20 02:00:00,Australia,Queensland,AU-QLD,309.11,360.83,58.57,58.57,opennem.org.au,false,
2023-05-20 03:00:00,Australia,Queensland,AU-QLD,310.35,362.14,58.35,58.35,opennem.org.au,false,
2023-05-20 04:00:00,Australia,Queensland,AU-QLD,323.45,376.43,55.87,55.87,opennem.org.au,false,
2023-05-20 05:00:00,Australia,Queensland,AU-QLD,402.28,458.45,44.12,44.12,opennem.org.au,false,
2023-05-20 06:00:00,Australia,Queensland,AU-QLD,536.58,598.58,23.69,23.69,opennem.org.au,false,
2023-05-20 07:00:00,Australia,Queensland,AU-QLD,618.34,687.4,8.31,8.31,opennem.org.au,false,
2023-05-20 08:00:00,Australia,Queensland,AU-QLD,621.4,689.55,8.27,8.27,opennem.org.au,false,
2023-05-20 09:00:00,Australia,Queensland,AU-QLD,614.95,682.62,9.2,9.2,opennem.org.au,false,
2023-05-20 10:00:00,Australia,Queensland,AU-QLD,632.28,699.75,7.48,7.48,opennem.org.au,false,
2023-05-20 11:00:00,Australia,Queensland,AU-QLD,631.18,696.26,9.03,9.03,opennem.org.au,false,
2023-05-20 12:00:00,Australia,Queensland,AU-QLD,634.44,693.3,12.73,12.73,opennem.org.au,false,
2023-05-20 13:00:00,Australia,Queensland,AU-QLD,667.61,724.34,10.72,10.72,opennem.org.au,false,
2023-05-20 14:00:00,Australia,Queensland,AU-QLD,667.94,724.75,10.6,10.6,opennem.org.au,false,
2023-05-20 15:00:00,Australia,Queensland,AU-QLD,656.58,712.77,12.03,12.03,opennem.org.au,false,
2023-05-20 16:00:00,Australia,Queensland,AU-QLD,656.85,713.11,11.97,11.97,opennem.org.au,false,
2023-05-20 17:00:00,Australia,Queensland,AU-QLD,656.04,712.28,12.06,12.06,opennem.org.au,false,
2023-05-20 18:00:00,Australia,Queensland,AU-QLD,658.03,714.39,11.8,11.8,opennem.org.au,false,
2023-05-20 19:00:00,Australia,Queensland,AU-QLD,663.08,719.67,11.2,11.2,opennem.org.au,false,
2023-05-20 20:00:00,Australia,Queensland,AU-QLD,658.09,714.4,11.93,11.93,opennem.org.au,false,
2023-05-20 21:00:00,Australia,Queensland,AU-QLD,552.83,607.13,25.99,25.99,opennem.org.au,false,
2023-05-20 22:00:00,Australia,Queensland,AU-QLD,408.36,459.95,45.44,45.44,opennem.org.au,false,
2023-05-20 23:00:00,Australia,Queensland,AU-QLD,331.86,382.15,55.54,55.54,opennem.org.au,false,
2023-05-21 00:00:00,Australia,Queensland,AU-QLD,322.3,372.44,56.81,56.81,opennem.org.au,false,
2023-05-21 01:00:00,Australia,Queensland,AU-QLD,316.11,366.18,57.63,57.63,opennem.org.au,false,
2023-05-21 02:00:00,Australia,Queensland,AU-QLD,316.87,366.96,57.54,57.54,opennem.org.au,false,
2023-05-21 03:00:00,Australia,Queensland,AU-QLD,319.62,369.82,57.17,57.17,opennem.org.au,false,
2023-05-21 04:00:00,Australia,Queensland,AU-QLD,323.96,374.31,56.54,56.54,opennem.org.au,false,
2023-05-21 05:00:00,Australia,Queensland,AU-QLD,375.85,428.79,48.44,48.44,opennem.org.au,false,
2023-05-21 06:00:00,Australia,Queensland,AU-QLD,512.06,570.8,27.93,27.93,opennem.org.au,false,
2023-05-21 07:00:00,Australia,Queensland,AU-QLD,589.11,655.69,12.49,12.49,opennem.org.au,false,
2023-05-21 08:00:00,Australia,Queensland,AU-QLD,591.07,658.14,11.7,11.7,opennem.org.au,false,
2023-05-21 09:00:00,Australia,Queensland,AU-QLD,589.18,655.78,12.15,12.15,opennem.org.au,false,
2023-05-21 10:00:00,Australia,Queensland,AU-QLD,605.33,671.26,10.9,10.9,opennem.org.au,false,
2023-05-21 11:00:00,Australia,Queensland,AU-QLD,610.96,674.57,11.79,11.79,opennem.org.au,false,
2023-05-21 12:00:00,Australia,Queensland,AU-QLD,620.6,681.62,12.46,12.46,opennem.org.au,false,
2023-05-21 13:00:00,Australia,Queensland,AU-QLD,625.66,685.62,12.61,12.61,opennem.org.au,false,
2023-05-21 14:00:00,Australia,Queensland,AU-QLD,632.98,690.96,13.1,13.1,opennem.org.au,false,
2023-05-21 15:00:00,Australia,Queensland,AU-QLD,632.11,689.39,13.58,13.58,opennem.org.au,false,
2023-05-21 16:00:00,Australia,Queensland,AU-QLD,633.56,690.56,13.63,13.63,opennem.org.au,false,
2023-05-21 17:00:00,Australia,Queensland,AU-QLD,637.11,694.31,13.17,13.17,opennem.org.au,false,
2023-05-21 18:00:00,Australia,Queensland,AU-QLD,634.21,691.99,13.14,13.14,opennem.org.au,false,
2023-05-21 19:00:00,Australia,Queensland,AU-QLD,641.98,700.87,11.76,11.76,opennem.org.au,false,
2023-05-21 20:00:00,Australia,Queensland,AU-QLD,643.15,705.79,9.45,9.45,opennem.org.au,false,
2023-05-21 21:00:00,Australia,Queensland,AU-QLD,562.39,624.28,20.12,20.12,opennem.org.au,false,
2023-05-21 22:00:00,Australia,Queensland,AU-QLD,449.6,504.42,38.87,38.87,opennem.org.au,false,
2023-05-21 23:00:00,Australia,Queensland,AU-QLD,373.0,424.89,50.2,50.2,opennem.org.au,false,
2023-05-22 00:00:00,Australia,Queensland,AU-QLD,322.37,373.47,56.86,56.86,opennem.org.au,false,
2023-05-22 01:00:00,Australia,Queensland,AU-QLD,309.22,360.29,58.6,58.6,opennem.org.au,false,
2023-05-22 02:00:00,Australia,Queensland,AU-QLD,311.28,362.46,58.34,58.34,opennem.org.au,false,
2023-05-22 03:00:00,Australia,Queensland,AU-QLD,318.27,369.65,57.39,57.39,opennem.org.au,false,
2023-05-22 04:00:00,Australia,Queensland,AU-QLD,355.73,408.79,51.75,51.75,opennem.org.au,false,
2023-05-22 05:00:00,Australia,Queensland,AU-QLD,416.98,473.55,41.97,41.97,opennem.org.au,false,
2023-05-22 06:00:00,Australia,Queensland,AU-QLD,535.26,600.27,21.58,21.58,opennem.org.au,false,
2023-05-22 07:00:00,Australia,Queensland,AU-QLD,599.52,673.22,7.75,7.75,opennem.org.au,false,
2023-05-22 08:00:00,Australia,Queensland,AU-QLD,607.99,683.19,5.91,5.91,opennem.org.au,false,
2023-05-22 09:00:00,Australia,Queensland,AU-QLD,611.77,686.39,5.55,5.55,opennem.org.au,false,
2023-05-22 10:00:00,Australia,Queensland,AU-QLD,618.51,691.56,5.47,5.47,opennem.org.au,false,
2023-05-22 11:00:00,Australia,Queensland,AU-QLD,629.89,701.85,4.99,4.99,opennem.org.au,false,
2023-05-22 12:00:00,Australia,Queensland,AU-QLD,641.44,711.07,5.32,5.32,opennem.org.au,false,
2023-05-22 13:00:00,Australia,Queensland,AU-QLD,648.91,716.46,5.88,5.88,opennem.org.au,false,
2023-05-22 14:00:00,Australia,Queensland,AU-QLD,654.95,720.69,6.42,6.42,opennem.org.au,false,
2023-05-22 15:00:00,Australia,Queensland,AU-QLD,650.66,716.37,6.84,6.84,opennem.org.au,false,
2023-05-22 16:00:00,Australia,Queensland,AU-QLD,646.25,711.76,7.36,7.36,opennem.org.au,false,
2023-05-22 17:00:00,Australia,Queensland,AU-QLD,640.53,705.88,8.0,8.0,opennem.org.au,false,
2023-05-22 18:00:00,Australia,Queensland,AU-QLD,639.11,704.73,7.97,7.97,opennem.org.au,false,
2023-05-22 19:00:00,Australia,Queensland,AU-QLD,638.15,704.79,7.42,7.42,opennem.org.au,false,
2023-05-22 20:00:00,Australia,Queensland,AU-QLD,602.2,670.05,10.3,10.3,opennem.org.au,false,
2023-05-22 21:00:00,Australia,Queensland,AU-QLD,535.42,603.39,18.41,18.41,opennem.org.au,false,
2023-05-22 22:00:00,Australia,Queensland,AU-QLD,443.12,499.93,37.9,37.9,opennem.org.au,false,
2023-05-22 23:00:00,Australia,Queensland,AU-QLD,373.69,425.85,50.04,50.04,opennem.org.au,false,
2023-05-23 00:00:00,Australia,Queensland,AU-QLD,334.19,385.74,55.3,55.3,opennem.org.au,false,
2023-05-23 01:00:00,Australia,Queensland,AU-QLD,325.03,376.6,56.52,56.52,opennem.org.au,false,
2023-05-23 02:00:00,Australia,Queensland,AU-QLD,332.66,384.36,55.51,55.51,opennem.org.au,false,
2023-05-23 03:00:00,Australia,Queensland,AU-QLD,333.79,385.94,55.01,55.01,opennem.org.au,false,
2023-05-23 04:00:00,Australia,Queensland,AU-QLD,356.71,410.35,51.2,51.2,opennem.org.au,false,
2023-05-23 05:00:00,Australia,Queensland,AU-QLD,429.14,486.81,39.7,39.7,opennem.org.au,false,
2023-05-23 06:00:00,Australia,Queensland,AU-QLD,530.39,596.98,21.08,21.08,opennem.org.au,false,
2023-05-23 07:00:00,Australia,Queensland,AU-QLD,592.11,667.15,7.35,7.35,opennem.org.au,false,
2023-05-23 08:00:00,Australia,Queensland,AU-QLD,592.51,668.2,6.98,6.98,opennem.org.au,false,
2023-05-23 09:00:00,Australia,Queensland,AU-QLD,595.6,671.92,6.37,6.37,opennem.org.au,false,
2023-05-23 10:00:00,Australia,Queensland,AU-QLD,602.5,676.1,7.08,7.08,opennem.org.au,false,
2023-05-23 11:00:00,Australia,Queensland,AU-QLD,623.03,693.1,6.89,6.89,opennem.org.au,false,
2023-05-23 12:00:00,Australia,Queensland,AU-QLD,645.2,711.31,7.23,7.23,opennem.org.au,false,
2023-05-23 13:00:00,Australia,Queensland,AU-QLD,673.35,735.08,7.31,7.31,opennem.org.au,false,
2023-05-23 14:00:00,Australia,Queensland,AU-QLD,683.31,745.44,5.98,5.98,opennem.org.au,false,
2023-05-23 15:00:00,Australia,Queensland,AU-QLD,683.77,745.75,5.99,5.99,opennem.org.au,false,
2023-05-23 16:00:00,Australia,Queensland,AU-QLD,691.09,753.09,5.3,5.3,opennem.org.au,false,
2023-05-23 17:00:00,Australia,Queensland,AU-QLD,692.39,754.48,5.15,5.15,opennem.org.au,false,
2023-05-23 18:00:00,Australia,Queensland,AU-QLD,689.45,751.89,5.21,5.21,opennem.org.au,false,
2023-05-23 19:00:00,Australia,Queensland,AU-QLD,678.79,742.24,5.61,5.61,opennem.org.au,false,
2023-05-23 20:00:00,Australia,Queensland,AU-QLD,653.23,720.85,6.16,6.16,opennem.org.au,false,
2023-05-23 21:00:00,Australia,Queensland,AU-QLD,573.16,640.68,16.08,16.08,opennem.org.au,false,
2023-05-23 22:00:00,Australia,Queensland,AU-QLD,471.04,526.54,36.29,36.29,opennem.org.au,false,
2023-05-23 23:00:00,Australia,Queensland,AU-QLD,393.18,445.83,47.53,47.53,opennem.org.au,false,
2023-05-24 00:00:00,Australia,Queensland,AU-QLD,341.64,393.38,54.29,54.29,opennem.org.au,false,
2023-05-24 01:00:00,Australia,Queensland,AU-QLD,327.1,378.59,56.25,56.25,opennem.org.au,false,
2023-05-24 02:00:00,Australia,Queensland,AU-QLD,325.36,376.76,56.49,56.49,opennem.org.au,false,
2023-05-24 03:00:00,Australia,Queensland,AU-QLD,330.74,382.59,55.43,55.43,opennem.org.au,false,
2023-05-24 04:00:00,Australia,Queensland,AU-QLD,362.38,416.13,50.36,50.36,opennem.org.au,false,
2023-05-24 05:00:00,Australia,Queensland,AU-QLD,434.6,492.54,38.66,38.66,opennem.org.au,false,
2023-05-24 06:00:00,Australia,Queensland,AU-QLD,539.55,602.93,22.37,22.37,opennem.org.au,false,
2023-05-24 07:00:00,Australia,Queensland,AU-QLD,600.19,673.12,8.31,8.31,opennem.org.au,false,
2023-05-24 08:00:00,Australia,Queensland,AU-QLD,602.81,676.7,7.24,7.24,opennem.org.au,false,
2023-05-24 09:00:00,Australia,Queensland,AU-QLD,607.38,680.6,6.94,6.94,opennem.org.au,false,
2023-05-24 10:00:00,Australia,Queensland,AU-QLD,621.5,694.2,5.63,5.63,opennem.org.au,false,
2023-05-24 11:00:00,Australia,Queensland,AU-QLD,639.14,709.0,5.7,5.7,opennem.org.au,false,
2023-05-24 12:00:00,Australia,Queensland,AU-QLD,660.88,726.85,6.03,6.03,opennem.org.au,false,
2023-05-24 13:00:00,Australia,Queensland,AU-QLD,682.33,744.22,6.47,6.47,opennem.org.au,false,
2023-05-24 14:00:00,Australia,Queensland,AU-QLD,680.03,740.5,7.6,7.6,opennem.org.au,false,
2023-05-24 15:00:00,Australia,Queensland,AU-QLD,678.24,738.25,8.07,8.07,opennem.org.au,false,
2023-05-24 16:00:00,Australia,Queensland,AU-QLD,679.89,739.48,8.17,8.17,opennem.org.au,false,
2023-05-24 17:00:00,Australia,Queensland,AU-QLD,675.65,735.36,8.51,8.51,opennem.org.au,false,
2023-05-24 18:00:00,Australia,Queensland,AU-QLD,679.81,739.94,7.84,7.84,opennem.org.au,false,
2023-05-24 19:00:00,Australia,Queensland,AU-QLD,674.12,735.89,7.83,7.83,opennem.org.au,false,
2023-05-24 20:00:00,Australia,Queensland,AU-QLD,638.38,703.84,9.58,9.58,opennem.org.au,false,
2023-05-24 21:00:00,Australia,Queensland,AU-QLD,564.21,629.6,18.45,18.45,opennem.org.au,false,
2023-05-24 22:00:00,Australia,Queensland,AU-QLD,466.03,521.65,36.86,36.86,opennem.org.au,false,
2023-05-24 23:00:00,Australia,Queensland,AU-QLD,392.22,444.89,47.76,47.76,opennem.org.au,false,
2023-05-25 00:00:00,Australia,Queensland,AU-QLD,352.61,404.91,52.9,52.9,opennem.org.au,false,
2023-05-25 01:00:00,Australia,Queensland,AU-QLD,331.42,383.37,55.66,55.66,opennem.org.au,false,
2023-05-25 02:00:00,Australia,Queensland,AU-QLD,346.92,399.03,53.68,53.68,opennem.org.au,false,
2023-05-25 03:00:00,Australia,Queensland,AU-QLD,367.12,420.63,50.55,50.55,opennem.org.au,false,
2023-05-25 04:00:00,Australia,Queensland,AU-QLD,395.19,450.28,46.24,46.24,opennem.org.au,false,
2023-05-25 05:00:00,Australia,Queensland,AU-QLD,457.74,517.77,35.3,35.3,opennem.org.au,false,
2023-05-25 06:00:00,Australia,Queensland,AU-QLD,560.85,630.28,16.24,16.24,opennem.org.au,false,
2023-05-25 07:00:00,Australia,Queensland,AU-QLD,603.8,680.64,6.02,6.02,opennem.org.au,false,
2023-05-25 08:00:00,Australia,Queensland,AU-QLD,605.98,681.95,6.21,6.21,opennem.org.au,false,
2023-05-25 09:00:00,Australia,Queensland,AU-QLD,618.63,693.97,5.36,5.36,opennem.org.au,false,
2023-05-25 10:00:00,Australia,Queensland,AU-QLD,623.53,700.56,3.66,3.66,opennem.org.au,false,
2023-05-25 11:00:00,Australia,Queensland,AU-QLD,636.41,711.5,3.58,3.58,opennem.org.au,false,
2023-05-25 12:00:00,Australia,Queensland,AU-QLD,661.11,731.67,3.57,3.57,opennem.org.au,false,
2023-05-25 13:00:00,Australia,Queensland,AU-QLD,673.0,738.53,4.92,4.92,opennem.org.au,false,
2023-05-25 14:00:00,Australia,Queensland,AU-QLD,672.84,736.01,6.3,6.3,opennem.org.au,false,
2023-05-25 15:00:00,Australia,Queensland,AU-QLD,669.62,732.88,6.56,6.56,opennem.org.au,false,
2023-05-25 16:00:00,Australia,Queensland,AU-QLD,669.53,732.04,7.03,7.03,opennem.org.au,false,
2023-05-25 17:00:00,Australia,Queensland,AU-QLD,665.45,727.58,7.63,7.63,opennem.org.au,false,
2023-05-25 18:00:00,Australia,Queensland,AU-QLD,665.23,728.45,6.99,6.99,opennem.org.au,false,
2023-05-25 19:00:00,Australia,Queensland,AU-QLD,656.36,721.04,6.94,6.94,opennem.org.au,false,
2023-05-25 20:00:00,Australia,Queensland,AU-QLD,627.95,695.0,8.2,8.2,opennem.org.au,false,
2023-05-25 21:00:00,Australia,Queensland,AU-QLD,552.17,616.52,19.27,19.27,opennem.org.au,false,
2023-05-25 22:00:00,Australia,Queensland,AU-QLD,462.14,520.29,35.27,35.27,opennem.org.au,false,
2023-05-25 23:00:00,Australia,Queensland,AU-QLD,377.64,430.46,49.23,49.23,opennem.org.au,false,
2023-05-26 00:00:00,Australia,Queensland,AU-QLD,332.77,384.3,55.25,55.25,opennem.org.au,false,
2023-05-26 01:00:00,Australia,Queensland,AU-QLD,321.06,372.1,56.85,56.85,opennem.org.au,false,
2023-05-26 02:00:00,Australia,Queensland,AU-QLD,299.84,350.07,59.64,59.64,opennem.org.au,false,
2023-05-26 03:00:00,Australia,Queensland,AU-QLD,323.04,373.66,56.47,56.47,opennem.org.au,false,
2023-05-26 04:00:00,Australia,Queensland,AU-QLD,349.65,401.73,52.23,52.23,opennem.org.au,false,
2023-05-26 05:00:00,Australia,Queensland,AU-QLD,399.33,454.55,43.98,43.98,opennem.org.au,false,
2023-05-26 06:00:00,Australia,Queensland,AU-QLD,518.13,581.55,23.79,23.79,opennem.org.au,false,
2023-05-26 07:00:00,Australia,Queensland,AU-QLD,584.08,653.82,11.39,11.39,opennem.org.au,false,
2023-05-26 08:00:00,Australia,Queensland,AU-QLD,593.34,663.58,9.95,9.95,opennem.org.au,false,
2023-05-26 09:00:00,Australia,Queensland,AU-QLD,604.14,673.81,9.05,9.05,opennem.org.au,false,
2023-05-26 10:00:00,Australia,Queensland,AU-QLD,612.24,681.43,8.29,8.29,opennem.org.au,false,
2023-05-26 11:00:00,Australia,Queensland,AU-QLD,618.1,685.6,8.77,8.77,opennem.org.au,false,
2023-05-26 12:00:00,Australia,Queensland,AU-QLD,611.94,674.76,12.4,12.4,opennem.org.au,false,
2023-05-26 13:00:00,Australia,Queensland,AU-QLD,618.11,679.48,12.69,12.69,opennem.org.au,false,
2023-05-26 14:00:00,Australia,Queensland,AU-QLD,635.78,693.97,12.93,12.93,opennem.org.au,false,
2023-05-26 15:00:00,Australia,Queensland,AU-QLD,654.75,711.44,12.03,12.03,opennem.org.au,false,
2023-05-26 16:00:00,Australia,Queensland,AU-QLD,678.16,735.62,9.27,9.27,opennem.org.au,false,
2023-05-26 17:00:00,Australia,Queensland,AU-QLD,690.99,748.99,7.76,7.76,opennem.org.au,false,
2023-05-26 18:00:00,Australia,Queensland,AU-QLD,689.24,747.2,7.93,7.93,opennem.org.au,false,
2023-05-26 19:00:00,Australia,Queensland,AU-QLD,674.25,731.7,9.75,9.75,opennem.org.au,false,
2023-05-26 20:00:00,Australia,Queensland,AU-QLD,657.04,713.86,11.92,11.92,opennem.org.au,false,
2023-05-26 21:00:00,Australia,Queensland,AU-QLD,577.28,633.58,22.38,22.38,opennem.org.au,false,
2023-05-26 22:00:00,Australia,Queensland,AU-QLD,453.07,507.54,39.27,39.27,opennem.org.au,false,
2023-05-26 23:00:00,Australia,Queensland,AU-QLD,373.84,427.13,49.83,49.83,opennem.org.au,false,
2023-05-27 00:00:00,Australia,Queensland,AU-QLD,326.71,379.24,56.03,56.03,opennem.org.au,false,
2023-05-27 01:00:00,Australia,Queensland,AU-QLD,313.6,365.88,57.75,57.75,opennem.org.au,false,
2023-05-27 02:00:00,Australia,Queensland,AU-QLD,314.59,366.9,57.62,57.62,opennem.org.au,false,
2023-05-27 03:00:00,Australia,Queensland,AU-QLD,315.58,367.92,57.48,57.48,opennem.org.au,false,
2023-05-27 04:00:00,Australia,Queensland,AU-QLD,351.03,404.4,52.46,52.46,opennem.org.au,false,
2023-05-27 05:00:00,Australia,Queensland,AU-QLD,425.11,481.1,41.54,41.54,opennem.org.au,false,
2023-05-27 06:00:00,Australia,Queensland,AU-QLD,548.23,611.29,21.59,21.59,opennem.org.au,false,
2023-05-27 07:00:00,Australia,Queensland,AU-QLD,614.91,684.45,8.25,8.25,opennem.org.au,false,
2023-05-27 08:00:00,Australia,Queensland,AU-QLD,611.84,682.66,7.49,7.49,opennem.org.au,false,
2023-05-27 09:00:00,Australia,Queensland,AU-QLD,625.19,692.34,8.49,8.49,opennem.org.au,false,
2023-05-27 10:00:00,Australia,Queensland,AU-QLD,624.29,689.08,10.01,10.01,opennem.org.au,false,
2023-05-27 11:00:00,Australia,Queensland,AU-QLD,629.51,693.0,10.24,10.24,opennem.org.au,false,
2023-05-27 12:00:00,Australia,Queensland,AU-QLD,624.08,684.89,12.53,12.53,opennem.org.au,false,
2023-05-27 13:00:00,Australia,Queensland,AU-QLD,642.84,699.53,13.24,13.24,opennem.org.au,false,
2023-05-27 14:00:00,Australia,Queensland,AU-QLD,647.09,703.01,13.29,13.29,opennem.org.au,false,
2023-05-27 15:00:00,Australia,Queensland,AU-QLD,661.58,718.22,11.3,11.3,opennem.org.au,false,
2023-05-27 16:00:00,Australia,Queensland,AU-QLD,657.35,713.74,11.84,11.84,opennem.org.au,false,
2023-05-27 17:00:00,Australia,Queensland,AU-QLD,659.48,716.05,11.53,11.53,opennem.org.au,false,
2023-05-27 18:00:00,Australia,Queensland,AU-QLD,667.73,724.8,10.47,10.47,opennem.org.au,false,
2023-05-27 19:00:00,Australia,Queensland,AU-QLD,681.81,739.76,8.65,8.65,opennem.org.au,false,
2023-05-27 20:00:00,Australia,Queensland,AU-QLD,683.79,742.03,8.47,8.47,opennem.org.au,false,
2023-05-27 21:00:00,Australia,Queensland,AU-QLD,593.42,650.37,20.53,20.53,opennem.org.au,false,
2023-05-27 22:00:00,Australia,Queensland,AU-QLD,458.86,513.53,38.59,38.59,opennem.org.au,false,
2023-05-27 23:00:00,Australia,Queensland,AU-QLD,371.47,424.73,50.1,50.1,opennem.org.au,false,
2023-05-28 00:00:00,Australia,Queensland,AU-QLD,331.19,383.7,55.4,55.4,opennem.org.au,false,
2023-05-28 01:00:00,Australia,Queensland,AU-QLD,323.17,375.53,56.48,56.48,opennem.org.au,false,
2023-05-28 02:00:00,Australia,Queensland,AU-QLD,322.8,375.21,56.51,56.51,opennem.org.au,false,
2023-05-28 03:00:00,Australia,Queensland,AU-QLD,327.56,380.01,55.88,55.88,opennem.org.au,false,
2023-05-28 04:00:00,Australia,Queensland,AU-QLD,338.44,391.38,54.08,54.08,opennem.org.au,false,
2023-05-28 05:00:00,Australia,Queensland,AU-QLD,423.53,479.75,41.71,41.71,opennem.org.au,false,
2023-05-28 06:00:00,Australia,Queensland,AU-QLD,553.85,617.86,20.49,20.49,opennem.org.au,false,
2023-05-28 07:00:00,Australia,Queensland,AU-QLD,619.41,689.33,7.6,7.6,opennem.org.au,false,
2023-05-28 08:00:00,Australia,Queensland,AU-QLD,617.88,686.64,8.13,8.13,opennem.org.au,false,
2023-05-28 09:00:00,Australia,Queensland,AU-QLD,617.81,684.58,9.46,9.46,opennem.org.au,false,
2023-05-28 10:00:00,Australia,Queensland,AU-QLD,630.95,697.93,7.97,7.97,opennem.org.au,false,
2023-05-28 11:00:00,Australia,Queensland,AU-QLD,642.34,707.48,7.96,7.96,opennem.org.au,false,
2023-05-28 12:00:00,Australia,Queensland,AU-QLD,633.04,695.19,10.78,10.78,opennem.org.au,false,
2023-05-28 13:00:00,Australia,Queensland,AU-QLD,664.03,720.85,11.01,11.01,opennem.org.au,false,
2023-05-28 14:00:00,Australia,Queensland,AU-QLD,666.4,723.33,10.69,10.69,opennem.org.au,false,
2023-05-28 15:00:00,Australia,Queensland,AU-QLD,664.75,721.6,10.88,10.88,opennem.org.au,false,
2023-05-28 16:00:00,Australia,Queensland,AU-QLD,661.03,717.57,11.41,11.41,opennem.org.au,false,
2023-05-28 17:00:00,Australia,Queensland,AU-QLD,655.41,711.56,12.17,12.17,opennem.org.au,false,
2023-05-28 18:00:00,Australia,Queensland,AU-QLD,652.03,707.98,12.6,12.6,opennem.org.au,false,
2023-05-28 19:00:00,Australia,Queensland,AU-QLD,654.88,711.13,12.18,12.18,opennem.org.au,false,
2023-05-28 20:00:00,Australia,Queensland,AU-QLD,622.11,680.48,14.67,14.67,opennem.org.au,false,
2023-05-28 21:00:00,Australia,Queensland,AU-QLD,554.51,612.27,23.51,23.51,opennem.org.au,false,
2023-05-28 22:00:00,Australia,Queensland,AU-QLD,456.76,510.28,38.82,38.82,opennem.org.au,false,
2023-05-28 23:00:00,Australia,Queensland,AU-QLD,377.33,429.55,49.41,49.41,opennem.org.au,false,
2023-05-29 00:00:00,Australia,Queensland,AU-QLD,320.53,371.6,56.88,56.88,opennem.org.au,false,
2023-05-29 01:00:00,Australia,Queensland,AU-QLD,302.45,353.39,59.28,59.28,opennem.org.au,false,
2023-05-29 02:00:00,Australia,Queensland,AU-QLD,301.99,353.2,59.29,59.29,opennem.org.au,false,
2023-05-29 03:00:00,Australia,Queensland,AU-QLD,308.23,359.98,58.02,58.02,opennem.org.au,false,
2023-05-29 04:00:00,Australia,Queensland,AU-QLD,331.64,385.18,53.77,53.77,opennem.org.au,false,
2023-05-29 05:00:00,Australia,Queensland,AU-QLD,409.88,466.09,42.51,42.51,opennem.org.au,false,
2023-05-29 06:00:00,Australia,Queensland,AU-QLD,533.62,598.1,21.85,21.85,opennem.org.au,false,
2023-05-29 07:00:00,Australia,Queensland,AU-QLD,605.97,676.85,8.2,8.2,opennem.org.au,false,
2023-05-29 08:00:00,Australia,Queensland,AU-QLD,608.77,681.25,6.76,6.76,opennem.org.au,false,
2023-05-29 09:00:00,Australia,Queensland,AU-QLD,614.45,686.55,6.38,6.38,opennem.org.au,false,
2023-05-29 10:00:00,Australia,Queensland,AU-QLD,620.51,689.47,7.59,7.59,opennem.org.au,false,
2023-05-29 11:00:00,Australia,Queensland,AU-QLD,635.6,702.87,7.2,7.2,opennem.org.au,false,
2023-05-29 12:00:00,Australia,Queensland,AU-QLD,631.09,696.34,8.87,8.87,opennem.org.au,false,
2023-05-29 13:00:00,Australia,Queensland,AU-QLD,629.28,691.48,10.89,10.89,opennem.org.au,false,
2023-05-29 14:00:00,Australia,Queensland,AU-QLD,637.29,696.67,11.86,11.86,opennem.org.au,false,
2023-05-29 15:00:00,Australia,Queensland,AU-QLD,642.65,702.45,11.1,11.1,opennem.org.au,false,
2023-05-29 16:00:00,Australia,Queensland,AU-QLD,644.16,703.97,10.96,10.96,opennem.org.au,false,
2023-05-29 17:00:00,Australia,Queensland,AU-QLD,642.43,702.08,11.22,11.22,opennem.org.au,false,
2023-05-29 18:00:00,Australia,Queensland,AU-QLD,636.36,695.91,11.85,11.85,opennem.org.au,false,
2023-05-29 19:00:00,Australia,Queensland,AU-QLD,634.43,695.64,11.01,11.01,opennem.org.au,false,
2023-05-29 20:00:00,Australia,Queensland,AU-QLD,601.97,667.29,12.39,12.39,opennem.org.au,false,
2023-05-29 21:00:00,Australia,Queensland,AU-QLD,532.56,597.38,21.52,21.52,opennem.org.au,false,
2023-05-29 22:00:00,Australia,Queensland,AU-QLD,435.93,492.03,39.16,39.16,opennem.org.au,false,
2023-05-29 23:00:00,Australia,Queensland,AU-QLD,354.13,405.27,52.42,52.42,opennem.org.au,false,
2023-05-30 00:00:00,Australia,Queensland,AU-QLD,323.82,374.84,56.43,56.43,opennem.org.au,false,
2023-05-30 01:00:00,Australia,Queensland,AU-QLD,310.73,361.91,58.17,58.17,opennem.org.au,false,
2023-05-30 02:00:00,Australia,Queensland,AU-QLD,312.3,363.91,57.96,57.96,opennem.org.au,false,
2023-05-30 03:00:00,Australia,Queensland,AU-QLD,318.96,370.89,57.03,57.03,opennem.org.au,false,
2023-05-30 04:00:00,Australia,Queensland,AU-QLD,352.7,405.73,52.24,52.24,opennem.org.au,false,
2023-05-30 05:00:00,Australia,Queensland,AU-QLD,422.93,480.26,40.83,40.83,opennem.org.au,false,
2023-05-30 06:00:00,Australia,Queensland,AU-QLD,534.74,600.36,21.38,21.38,opennem.org.au,false,
2023-05-30 07:00:00,Australia,Queensland,AU-QLD,611.46,683.36,7.17,7.17,opennem.org.au,false,
2023-05-30 08:00:00,Australia,Queensland,AU-QLD,614.93,687.42,6.16,6.16,opennem.org.au,false,
2023-05-30 09:00:00,Australia,Queensland,AU-QLD,622.41,694.25,5.8,5.8,opennem.org.au,false,
2023-05-30 10:00:00,Australia,Queensland,AU-QLD,625.4,697.76,5.13,5.13,opennem.org.au,false,
2023-05-30 11:00:00,Australia,Queensland,AU-QLD,639.04,707.13,6.45,6.45,opennem.org.au,false,
2023-05-30 12:00:00,Australia,Queensland,AU-QLD,649.49,714.65,7.26,7.26,opennem.org.au,false,
2023-05-30 13:00:00,Australia,Queensland,AU-QLD,645.4,710.14,7.88,7.88,opennem.org.au,false,
2023-05-30 14:00:00,Australia,Queensland,AU-QLD,652.99,716.89,7.69,7.69,opennem.org.au,false,
2023-05-30 15:00:00,Australia,Queensland,AU-QLD,671.24,733.13,7.22,7.22,opennem.org.au,false,
2023-05-30 16:00:00,Australia,Queensland,AU-QLD,670.18,731.52,7.65,7.65,opennem.org.au,false,
2023-05-30 17:00:00,Australia,Queensland,AU-QLD,672.93,734.58,7.2,7.2,opennem.org.au,false,
2023-05-30 18:00:00,Australia,Queensland,AU-QLD,669.03,731.91,6.8,6.8,opennem.org.au,false,
2023-05-30 19:00:00,Australia,Queensland,AU-QLD,662.34,726.79,6.43,6.43,opennem.org.au,false,
2023-05-30 20:00:00,Australia,Queensland,AU-QLD,629.66,699.1,7.31,7.31,opennem.org.au,false,
2023-05-30 21:00:00,Australia,Queensland,AU-QLD,572.14,641.52,14.88,14.88,opennem.org.au,false,
2023-05-30 22:00:00,Australia,Queensland,AU-QLD,473.37,531.45,34.01,34.01,opennem.org.au,false,
2023-05-30 23:00:00,Australia,Queensland,AU-QLD,404.71,459.07,45.03,45.03,opennem.org.au,false,
2023-05-31 00:00:00,Australia,Queensland,AU-QLD,371.25,425.05,49.5,49.5,opennem.org.au,false,
2023-05-31 01:00:00,Australia,Queensland,AU-QLD,356.12,409.42,51.83,51.83,opennem.org.au,false,
2023-05-31 02:00:00,Australia,Queensland,AU-QLD,354.16,407.26,52.26,52.26,opennem.org.au,false,
2023-05-31 03:00:00,Australia,Queensland,AU-QLD,376.67,430.74,48.96,48.96,opennem.org.au,false,
2023-05-31 04:00:00,Australia,Queensland,AU-QLD,406.01,461.62,44.35,44.35,opennem.org.au,false,
2023-05-31 05:00:00,Australia,Queensland,AU-QLD,467.8,527.07,34.37,34.37,opennem.org.au,false,
2023-05-31 06:00:00,Australia,Queensland,AU-QLD,584.19,650.62,15.22,15.22,opennem.org.au,false,
2023-05-31 07:00:00,Australia,Queensland,AU-QLD,623.58,695.55,6.21,6.21,opennem.org.au,false,
2023-05-31 08:00:00,Australia,Queensland,AU-QLD,630.37,703.18,5.18,5.18,opennem.org.au,false,
2023-05-31 09:00:00,Australia,Queensland,AU-QLD,637.81,708.0,5.86,5.86,opennem.org.au,false,
2023-05-31 10:00:00,Australia,Queensland,AU-QLD,652.13,721.07,4.79,4.79,opennem.org.au,false,
2023-05-31 11:00:00,Australia,Queensland,AU-QLD,666.48,734.05,4.2,4.2,opennem.org.au,false,
2023-05-31 12:00:00,Australia,Queensland,AU-QLD,673.8,739.67,4.57,4.57,opennem.org.au,false,
2023-05-31 13:00:00,Australia,Queensland,AU-QLD,679.28,743.23,5.21,5.21,opennem.org.au,false,
2023-05-31 14:00:00,Australia,Queensland,AU-QLD,685.3,748.38,5.17,5.17,opennem.org.au,false,
2023-05-31 15:00:00,Australia,Queensland,AU-QLD,684.86,748.17,5.08,5.08,opennem.org.au,false,
2023-05-31 16:00:00,Australia,Queensland,AU-QLD,682.66,745.49,5.56,5.56,opennem.org.au,false,
2023-05-31 17:00:00,Australia,Queensland,AU-QLD,675.57,737.79,6.59,6.59,opennem.org.au,false,
2023-05-31 18:00:00,Australia,Queensland,AU-QLD,663.31,726.07,7.33,7.33,opennem.org.au,false,
2023-05-31 19:00:00,Australia,Queensland,AU-QLD,658.54,721.71,7.58,7.58,opennem.org.au,false,
2023-05-31 20:00:00,Australia,Queensland,AU-QLD,647.81,711.92,8.01,8.01,opennem.org.au,false,
2023-05-31 21:00:00,Australia,Queensland,AU-QLD,588.12,650.36,16.51,16.51,opennem.org.au,false,
2023-05-31 22:00:00,Australia,Queensland,AU-QLD,471.78,528.27,35.08,35.08,opennem.org.au,false,
2023-05-31 23:00:00,Australia,Queensland,AU-QLD,393.48,446.97,46.78,46.78,opennem.org.au,false,
2023-06-01 00:00:00,Australia,Queensland,AU-QLD,344.63,397.41,53.21,53.21,opennem.org.au,false,
2023-06-01 01:00:00,Australia,Queensland,AU-QLD,322.35,374.1,56.63,56.63,opennem.org.au,false,
2023-06-01 02:00:00,Australia,Queensland,AU-QLD,328.02,380.12,55.89,55.89,opennem.org.au,false,
2023-06-01 03:00:00,Australia,Queensland,AU-QLD,343.76,396.34,53.76,53.76,opennem.org.au,false,
2023-06-01 04:00:00,Australia,Queensland,AU-QLD,392.94,447.4,46.75,46.75,opennem.org.au,false,
2023-06-01 05:00:00,Australia,Queensland,AU-QLD,447.27,505.22,37.88,37.88,opennem.org.au,false,
2023-06-01 06:00:00,Australia,Queensland,AU-QLD,554.33,619.67,19.77,19.77,opennem.org.au,false,
2023-06-01 07:00:00,Australia,Queensland,AU-QLD,627.47,699.04,6.3,6.3,opennem.org.au,false,
2023-06-01 08:00:00,Australia,Queensland,AU-QLD,629.44,700.71,6.0,6.0,opennem.org.au,false,
2023-06-01 09:00:00,Australia,Queensland,AU-QLD,629.84,700.59,6.18,6.18,opennem.org.au,false,
2023-06-01 10:00:00,Australia,Queensland,AU-QLD,632.54,704.56,5.1,5.1,opennem.org.au,false,
2023-06-01 11:00:00,Australia,Queensland,AU-QLD,638.78,709.66,5.16,5.16,opennem.org.au,false,
2023-06-01 12:00:00,Australia,Queensland,AU-QLD,640.53,707.32,7.65,7.65,opennem.org.au,false,
2023-06-01 13:00:00,Australia,Queensland,AU-QLD,653.51,717.08,8.57,8.57,opennem.org.au,false,
2023-06-01 14:00:00,Australia,Queensland,AU-QLD,660.78,722.3,9.23,9.23,opennem.org.au,false,
2023-06-01 15:00:00,Australia,Queensland,AU-QLD,663.26,723.73,9.53,9.53,opennem.org.au,false,
2023-06-01 16:00:00,Australia,Queensland,AU-QLD,683.8,744.96,6.9,6.9,opennem.org.au,false,
2023-06-01 17:00:00,Australia,Queensland,AU-QLD,689.7,751.16,6.17,6.17,opennem.org.au,false,
2023-06-01 18:00:00,Australia,Queensland,AU-QLD,691.44,753.34,5.71,5.71,opennem.org.au,false,
2023-06-01 19:00:00,Australia,Queensland,AU-QLD,669.16,730.77,8.14,8.14,opennem.org.au,false,
2023-06-01 20:00:00,Australia,Queensland,AU-QLD,636.48,699.31,10.55,10.55,opennem.org.au,false,
2023-06-01 21:00:00,Australia,Queensland,AU-QLD,578.63,641.94,17.88,17.88,opennem.org.au,false,
2023-06-01 22:00:00,Australia,Queensland,AU-QLD,477.62,535.17,34.2,34.2,opennem.org.au,false,
2023-06-01 23:00:00,Australia,Queensland,AU-QLD,402.3,456.23,46.01,46.01,opennem.org.au,false,
2023-06-02 00:00:00,Australia,Queensland,AU-QLD,344.94,397.66,53.6,53.6,opennem.org.au,false,
2023-06-02 01:00:00,Australia,Queensland,AU-QLD,359.97,413.09,51.7,51.7,opennem.org.au,false,
2023-06-02 02:00:00,Australia,Queensland,AU-QLD,368.41,421.8,50.6,50.6,opennem.org.au,false,
2023-06-02 03:00:00,Australia,Queensland,AU-QLD,386.49,440.29,48.18,48.18,opennem.org.au,false,
2023-06-02 04:00:00,Australia,Queensland,AU-QLD,414.47,469.62,43.84,43.84,opennem.org.au,false,
2023-06-02 05:00:00,Australia,Queensland,AU-QLD,453.06,510.47,37.47,37.47,opennem.org.au,false,
2023-06-02 06:00:00,Australia,Queensland,AU-QLD,548.3,613.25,20.67,20.67,opennem.org.au,false,
2023-06-02 07:00:00,Australia,Queensland,AU-QLD,617.39,687.61,8.2,8.2,opennem.org.au,false,
2023-06-02 08:00:00,Australia,Queensland,AU-QLD,609.54,679.18,8.92,8.92,opennem.org.au,false,
2023-06-02 09:00:00,Australia,Queensland,AU-QLD,609.98,678.02,9.81,9.81,opennem.org.au,false,
2023-06-02 10:00:00,Australia,Queensland,AU-QLD,611.52,678.44,10.22,10.22,opennem.org.au,false,
2023-06-02 11:00:00,Australia,Queensland,AU-QLD,617.88,683.01,10.5,10.5,opennem.org.au,false,
2023-06-02 12:00:00,Australia,Queensland,AU-QLD,642.8,703.45,10.88,10.88,opennem.org.au,false,
2023-06-02 13:00:00,Australia,Queensland,AU-QLD,654.86,711.27,12.41,12.41,opennem.org.au,false,
2023-06-02 14:00:00,Australia,Queensland,AU-QLD,659.04,716.17,11.57,11.57,opennem.org.au,false,
2023-06-02 15:00:00,Australia,Queensland,AU-QLD,663.51,720.76,11.1,11.1,opennem.org.au,false,
2023-06-02 16:00:00,Australia,Queensland,AU-QLD,674.32,732.11,9.79,9.79,opennem.org.au,false,
2023-06-02 17:00:00,Australia,Queensland,AU-QLD,672.55,730.27,10.0,10.0,opennem.org.au,false,
2023-06-02 18:00:00,Australia,Queensland,AU-QLD,676.35,734.23,9.54,9.54,opennem.org.au,false,
2023-06-02 19:00:00,Australia,Queensland,AU-QLD,680.82,738.81,9.05,9.05,opennem.org.au,false,
2023-06-02 20:00:00,Australia,Queensland,AU-QLD,668.31,725.78,10.54,10.54,opennem.org.au,false,
2023-06-02 21:00:00,Australia,Queensland,AU-QLD,607.93,663.98,18.54,18.54,opennem.org.au,false,
2023-06-02 22:00:00,Australia,Queensland,AU-QLD,512.88,568.3,31.15,31.15,opennem.org.au,false,
2023-06-02 23:00:00,Australia,Queensland,AU-QLD,434.16,488.05,41.83,41.83,opennem.org.au,false,
2023-06-03 00:00:00,Australia,Queensland,AU-QLD,398.54,451.7,46.57,46.57,opennem.org.au,false,
2023-06-03 01:00:00,Australia,Queensland,AU-QLD,406.56,460.02,45.55,45.55,opennem.org.au,false,
2023-06-03 02:00:00,Australia,Queensland,AU-QLD,431.38,485.57,42.19,42.19,opennem.org.au,false,
2023-06-03 03:00:00,Australia,Queensland,AU-QLD,466.96,522.01,37.46,37.46,opennem.org.au,false,
2023-06-03 04:00:00,Australia,Queensland,AU-QLD,493.46,550.4,32.88,32.88,opennem.org.au,false,
2023-06-03 05:00:00,Australia,Queensland,AU-QLD,528.32,587.65,27.11,27.11,opennem.org.au,false,
2023-06-03 06:00:00,Australia,Queensland,AU-QLD,596.16,661.18,14.85,14.85,opennem.org.au,false,
2023-06-03 07:00:00,Australia,Queensland,AU-QLD,620.4,689.47,8.4,8.4,opennem.org.au,false,
2023-06-03 08:00:00,Australia,Queensland,AU-QLD,626.79,694.99,8.19,8.19,opennem.org.au,false,
2023-06-03 09:00:00,Australia,Queensland,AU-QLD,637.2,704.76,7.48,7.48,opennem.org.au,false,
2023-06-03 10:00:00,Australia,Queensland,AU-QLD,646.98,712.45,7.62,7.62,opennem.org.au,false,
2023-06-03 11:00:00,Australia,Queensland,AU-QLD,652.34,716.14,8.14,8.14,opennem.org.au,false,
2023-06-03 12:00:00,Australia,Queensland,AU-QLD,639.84,701.39,10.84,10.84,opennem.org.au,false,
2023-06-03 13:00:00,Australia,Queensland,AU-QLD,658.58,718.07,10.2,10.2,opennem.org.au,false,
2023-06-03 14:00:00,Australia,Queensland,AU-QLD,662.3,719.04,11.5,11.5,opennem.org.au,false,
2023-06-03 15:00:00,Australia,Queensland,AU-QLD,661.74,718.7,11.45,11.45,opennem.org.au,false,
2023-06-03 16:00:00,Australia,Queensland,AU-QLD,659.73,716.61,11.68,11.68,opennem.org.au,false,
2023-06-03 17:00:00,Australia,Queensland,AU-QLD,661.22,718.16,11.48,11.48,opennem.org.au,false,
2023-06-03 18:00:00,Australia,Queensland,AU-QLD,657.11,713.72,12.01,12.01,opennem.org.au,false,
2023-06-03 19:00:00,Australia,Queensland,AU-QLD,663.83,720.85,11.13,11.13,opennem.org.au,false,
2023-06-03 20:00:00,Australia,Queensland,AU-QLD,672.93,730.52,10.01,10.01,opennem.org.au,false,
2023-06-03 21:00:00,Australia,Queensland,AU-QLD,638.84,695.6,14.52,14.52,opennem.org.au,false,
2023-06-03 22:00:00,Australia,Queensland,AU-QLD,562.13,617.74,24.73,24.73,opennem.org.au,false,
2023-06-03 23:00:00,Australia,Queensland,AU-QLD,490.65,545.18,34.25,34.25,opennem.org.au,false,
2023-06-04 00:00:00,Australia,Queensland,AU-QLD,451.02,504.7,39.52,39.52,opennem.org.au,false,
2023-06-04 01:00:00,Australia,Queensland,AU-QLD,452.65,506.25,39.35,39.35,opennem.org.au,false,
2023-06-04 02:00:00,Australia,Queensland,AU-QLD,461.64,515.41,38.17,38.17,opennem.org.au,false,
2023-06-04 03:00:00,Australia,Queensland,AU-QLD,469.9,524.12,37.05,37.05,opennem.org.au,false,
2023-06-04 04:00:00,Australia,Queensland,AU-QLD,483.58,538.21,34.96,34.96,opennem.org.au,false,
2023-06-04 05:00:00,Australia,Queensland,AU-QLD,529.54,588.08,26.61,26.61,opennem.org.au,false,
2023-06-04 06:00:00,Australia,Queensland,AU-QLD,569.87,633.62,17.96,17.96,opennem.org.au,false,
2023-06-04 07:00:00,Australia,Queensland,AU-QLD,603.97,670.42,11.49,11.49,opennem.org.au,false,
2023-06-04 08:00:00,Australia,Queensland,AU-QLD,605.57,672.31,10.96,10.96,opennem.org.au,false,
2023-06-04 09:00:00,Australia,Queensland,AU-QLD,617.15,681.56,11.05,11.05,opennem.org.au,false,
2023-06-04 10:00:00,Australia,Queensland,AU-QLD,628.69,691.97,10.58,10.58,opennem.org.au,false,
2023-06-04 11:00:00,Australia,Queensland,AU-QLD,635.83,698.69,10.22,10.22,opennem.org.au,false,
2023-06-04 12:00:00,Australia,Queensland,AU-QLD,640.68,701.26,11.2,11.2,opennem.org.au,false,
2023-06-04 13:00:00,Australia,Queensland,AU-QLD,635.96,695.49,12.3,12.3,opennem.org.au,false,
2023-06-04 14:00:00,Australia,Queensland,AU-QLD,640.74,698.27,13.07,13.07,opennem.org.au,false,
2023-06-04 15:00:00,Australia,Queensland,AU-QLD,641.21,698.53,13.11,13.11,opennem.org.au,false,
2023-06-04 16:00:00,Australia,Queensland,AU-QLD,641.79,698.98,13.1,13.1,opennem.org.au,false,
2023-06-04 17:00:00,Australia,Queensland,AU-QLD,636.06,692.84,13.85,13.85,opennem.org.au,false,
2023-06-04 18:00:00,Australia,Queensland,AU-QLD,631.65,688.49,14.24,14.24,opennem.org.au,false,
2023-06-04 19:00:00,Australia,Queensland,AU-QLD,622.04,679.4,14.87,14.87,opennem.org.au,false,
2023-06-04 20:00:00,Australia,Queensland,AU-QLD,626.47,684.99,13.78,13.78,opennem.org.au,false,
2023-06-04 21:00:00,Australia,Queensland,AU-QLD,596.33,655.48,17.09,17.09,opennem.org.au,false,
2023-06-04 22:00:00,Australia,Queensland,AU-QLD,534.21,591.49,26.26,26.26,opennem.org.au,false,
2023-06-04 23:00:00,Australia,Queensland,AU-QLD,464.33,517.97,37.43,37.43,opennem.org.au,false,
2023-06-05 00:00:00,Australia,Queensland,AU-QLD,436.01,488.46,41.73,41.73,opennem.org.au,false,
2023-06-05 01:00:00,Australia,Queensland,AU-QLD,424.28,476.94,43.14,43.14,opennem.org.au,false,
2023-06-05 02:00:00,Australia,Queensland,AU-QLD,431.91,484.94,42.14,42.14,opennem.org.au,false,
2023-06-05 03:00:00,Australia,Queensland,AU-QLD,459.03,513.17,38.3,38.3,opennem.org.au,false,
2023-06-05 04:00:00,Australia,Queensland,AU-QLD,484.67,541.02,33.51,33.51,opennem.org.au,false,
2023-06-05 05:00:00,Australia,Queensland,AU-QLD,519.25,578.22,27.36,27.36,opennem.org.au,false,
2023-06-05 06:00:00,Australia,Queensland,AU-QLD,583.06,646.38,16.78,16.78,opennem.org.au,false,
2023-06-05 07:00:00,Australia,Queensland,AU-QLD,604.91,671.94,11.3,11.3,opennem.org.au,false,
2023-06-05 08:00:00,Australia,Queensland,AU-QLD,605.38,672.75,10.9,10.9,opennem.org.au,false,
2023-06-05 09:00:00,Australia,Queensland,AU-QLD,618.39,684.09,10.63,10.63,opennem.org.au,false,
2023-06-05 10:00:00,Australia,Queensland,AU-QLD,627.55,692.61,10.06,10.06,opennem.org.au,false,
2023-06-05 11:00:00,Australia,Queensland,AU-QLD,628.05,691.66,10.8,10.8,opennem.org.au,false,
2023-06-05 12:00:00,Australia,Queensland,AU-QLD,623.06,683.56,12.79,12.79,opennem.org.au,false,
2023-06-05 13:00:00,Australia,Queensland,AU-QLD,624.9,683.07,14.03,14.03,opennem.org.au,false,
2023-06-05 14:00:00,Australia,Queensland,AU-QLD,634.99,691.43,14.12,14.12,opennem.org.au,false,
2023-06-05 15:00:00,Australia,Queensland,AU-QLD,642.03,699.22,13.01,13.01,opennem.org.au,false,
2023-06-05 16:00:00,Australia,Queensland,AU-QLD,641.53,698.7,13.06,13.06,opennem.org.au,false,
2023-06-05 17:00:00,Australia,Queensland,AU-QLD,632.65,689.17,14.24,14.24,opennem.org.au,false,
2023-06-05 18:00:00,Australia,Queensland,AU-QLD,629.38,685.85,14.64,14.64,opennem.org.au,false,
2023-06-05 19:00:00,Australia,Queensland,AU-QLD,627.07,684.57,14.24,14.24,opennem.org.au,false,
2023-06-05 20:00:00,Australia,Queensland,AU-QLD,623.45,681.7,14.12,14.12,opennem.org.au,false,
2023-06-05 21:00:00,Australia,Queensland,AU-QLD,583.58,640.98,19.43,19.43,opennem.org.au,false,
2023-06-05 22:00:00,Australia,Queensland,AU-QLD,492.64,547.78,32.41,32.41,opennem.org.au,false,
2023-06-05 23:00:00,Australia,Queensland,AU-QLD,435.07,488.03,41.27,41.27,opennem.org.au,false,
2023-06-06 00:00:00,Australia,Queensland,AU-QLD,402.0,453.76,46.18,46.18,opennem.org.au,false,
2023-06-06 01:00:00,Australia,Queensland,AU-QLD,392.4,444.1,47.5,47.5,opennem.org.au,false,
2023-06-06 02:00:00,Australia,Queensland,AU-QLD,396.51,448.84,46.9,46.9,opennem.org.au,false,
2023-06-06 03:00:00,Australia,Queensland,AU-QLD,414.81,467.87,44.42,44.42,opennem.org.au,false,
2023-06-06 04:00:00,Australia,Queensland,AU-QLD,440.5,495.72,39.92,39.92,opennem.org.au,false,
2023-06-06 05:00:00,Australia,Queensland,AU-QLD,492.29,551.19,31.13,31.13,opennem.org.au,false,
2023-06-06 06:00:00,Australia,Queensland,AU-QLD,562.2,626.62,18.69,18.69,opennem.org.au,false,
2023-06-06 07:00:00,Australia,Queensland,AU-QLD,608.98,677.64,9.71,9.71,opennem.org.au,false,
2023-06-06 08:00:00,Australia,Queensland,AU-QLD,602.56,672.92,9.57,9.57,opennem.org.au,false,
2023-06-06 09:00:00,Australia,Queensland,AU-QLD,616.46,685.7,8.83,8.83,opennem.org.au,false,
2023-06-06 10:00:00,Australia,Queensland,AU-QLD,617.08,684.51,10.01,10.01,opennem.org.au,false,
2023-06-06 11:00:00,Australia,Queensland,AU-QLD,629.47,693.77,10.3,10.3,opennem.org.au,false,
2023-06-06 12:00:00,Australia,Queensland,AU-QLD,627.12,690.03,11.31,11.31,opennem.org.au,false,
2023-06-06 13:00:00,Australia,Queensland,AU-QLD,634.56,696.36,11.28,11.28,opennem.org.au,false,
2023-06-06 14:00:00,Australia,Queensland,AU-QLD,636.91,697.43,11.77,11.77,opennem.org.au,false,
2023-06-06 15:00:00,Australia,Queensland,AU-QLD,634.51,694.09,12.36,12.36,opennem.org.au,false,
2023-06-06 16:00:00,Australia,Queensland,AU-QLD,631.07,690.16,12.75,12.75,opennem.org.au,false,
2023-06-06 17:00:00,Australia,Queensland,AU-QLD,630.19,689.08,12.88,12.88,opennem.org.au,false,
2023-06-06 18:00:00,Australia,Queensland,AU-QLD,633.33,692.31,12.61,12.61,opennem.org.au,false,
2023-06-06 19:00:00,Australia,Queensland,AU-QLD,623.55,683.31,13.04,13.04,opennem.org.au,false,
2023-06-06 20:00:00,Australia,Queensland,AU-QLD,613.27,677.04,12.14,12.14,opennem.org.au,false,
2023-06-06 21:00:00,Australia,Queensland,AU-QLD,591.91,655.42,15.22,15.22,opennem.org.au,false,
2023-06-06 22:00:00,Australia,Queensland,AU-QLD,496.64,554.04,31.19,31.19,opennem.org.au,false,
2023-06-06 23:00:00,Australia,Queensland,AU-QLD,422.58,474.88,43.28,43.28,opennem.org.au,false,
2023-06-07 00:00:00,Australia,Queensland,AU-QLD,383.09,435.07,48.65,48.65,opennem.org.au,false,
2023-06-07 01:00:00,Australia,Queensland,AU-QLD,389.4,442.27,47.89,47.89,opennem.org.au,false,
2023-06-07 02:00:00,Australia,Queensland,AU-QLD,391.7,445.02,47.51,47.51,opennem.org.au,false,
2023-06-07 03:00:00,Australia,Queensland,AU-QLD,408.67,462.46,45.13,45.13,opennem.org.au,false,
2023-06-07 04:00:00,Australia,Queensland,AU-QLD,413.75,467.97,44.16,44.16,opennem.org.au,false,
2023-06-07 05:00:00,Australia,Queensland,AU-QLD,460.69,518.27,36.08,36.08,opennem.org.au,false,
2023-06-07 06:00:00,Australia,Queensland,AU-QLD,565.79,629.89,18.76,18.76,opennem.org.au,false,
2023-06-07 07:00:00,Australia,Queensland,AU-QLD,615.23,682.83,9.66,9.66,opennem.org.au,false,
2023-06-07 08:00:00,Australia,Queensland,AU-QLD,614.65,682.74,9.51,9.51,opennem.org.au,false,
2023-06-07 09:00:00,Australia,Queensland,AU-QLD,606.34,673.31,11.11,11.11,opennem.org.au,false,
2023-06-07 10:00:00,Australia,Queensland,AU-QLD,614.27,680.41,10.25,10.25,opennem.org.au,false,
2023-06-07 11:00:00,Australia,Queensland,AU-QLD,619.58,682.97,11.3,11.3,opennem.org.au,false,
2023-06-07 12:00:00,Australia,Queensland,AU-QLD,627.57,689.91,11.3,11.3,opennem.org.au,false,
2023-06-07 13:00:00,Australia,Queensland,AU-QLD,635.28,695.92,11.58,11.58,opennem.org.au,false,
2023-06-07 14:00:00,Australia,Queensland,AU-QLD,650.6,710.87,10.46,10.46,opennem.org.au,false,
2023-06-07 15:00:00,Australia,Queensland,AU-QLD,652.88,713.21,10.19,10.19,opennem.org.au,false,
2023-06-07 16:00:00,Australia,Queensland,AU-QLD,652.71,713.34,10.05,10.05,opennem.org.au,false,
2023-06-07 17:00:00,Australia,Queensland,AU-QLD,656.9,717.73,9.47,9.47,opennem.org.au,false,
2023-06-07 18:00:00,Australia,Queensland,AU-QLD,663.35,724.03,8.93,8.93,opennem.org.au,false,
2023-06-07 19:00:00,Australia,Queensland,AU-QLD,649.88,711.7,9.65,9.65,opennem.org.au,false,
2023-06-07 20:00:00,Australia,Queensland,AU-QLD,627.69,690.09,11.58,11.58,opennem.org.au,false,
2023-06-07 21:00:00,Australia,Queensland,AU-QLD,594.5,657.74,15.68,15.68,opennem.org.au,false,
2023-06-07 22:00:00,Australia,Queensland,AU-QLD,506.96,564.88,30.09,30.09,opennem.org.au,false,
2023-06-07 23:00:00,Australia,Queensland,AU-QLD,441.14,495.03,41.15,41.15,opennem.org.au,false,
2023-06-08 00:00:00,Australia,Queensland,AU-QLD,401.22,454.62,46.45,46.45,opennem.org.au,false,
2023-06-08 01:00:00,Australia,Queensland,AU-QLD,384.76,438.02,48.65,48.65,opennem.org.au,false,
2023-06-08 02:00:00,Australia,Queensland,AU-QLD,395.18,448.73,47.29,47.29,opennem.org.au,false,
2023-06-08 03:00:00,Australia,Queensland,AU-QLD,419.38,473.42,43.98,43.98,opennem.org.au,false,
2023-06-08 04:00:00,Australia,Queensland,AU-QLD,432.8,488.54,41.26,41.26,opennem.org.au,false,
2023-06-08 05:00:00,Australia,Queensland,AU-QLD,471.52,530.88,33.9,33.9,opennem.org.au,false,
2023-06-08 06:00:00,Australia,Queensland,AU-QLD,567.59,631.52,19.11,19.11,opennem.org.au,false,
2023-06-08 07:00:00,Australia,Queensland,AU-QLD,621.15,689.5,8.99,8.99,opennem.org.au,false,
2023-06-08 08:00:00,Australia,Queensland,AU-QLD,619.02,688.1,8.55,8.55,opennem.org.au,false,
2023-06-08 09:00:00,Australia,Queensland,AU-QLD,636.65,706.35,6.3,6.3,opennem.org.au,false,
2023-06-08 10:00:00,Australia,Queensland,AU-QLD,642.92,711.23,6.37,6.37,opennem.org.au,false,
2023-06-08 11:00:00,Australia,Queensland,AU-QLD,649.49,715.62,7.17,7.17,opennem.org.au,false,
2023-06-08 12:00:00,Australia,Queensland,AU-QLD,661.28,725.43,7.26,7.26,opennem.org.au,false,
2023-06-08 13:00:00,Australia,Queensland,AU-QLD,674.27,736.02,7.54,7.54,opennem.org.au,false,
2023-06-08 14:00:00,Australia,Queensland,AU-QLD,686.09,747.95,6.38,6.38,opennem.org.au,false,
2023-06-08 15:00:00,Australia,Queensland,AU-QLD,687.2,748.85,6.46,6.46,opennem.org.au,false,
2023-06-08 16:00:00,Australia,Queensland,AU-QLD,689.34,750.91,6.39,6.39,opennem.org.au,false,
2023-06-08 17:00:00,Australia,Queensland,AU-QLD,688.59,750.07,6.55,6.55,opennem.org.au,false,
2023-06-08 18:00:00,Australia,Queensland,AU-QLD,681.31,742.06,7.53,7.53,opennem.org.au,false,
2023-06-08 19:00:00,Australia,Queensland,AU-QLD,679.09,740.66,7.19,7.19,opennem.org.au,false,
2023-06-08 20:00:00,Australia,Queensland,AU-QLD,661.65,725.55,7.45,7.45,opennem.org.au,false,
2023-06-08 21:00:00,Australia,Queensland,AU-QLD,613.87,677.55,14.0,14.0,opennem.org.au,false,
2023-06-08 22:00:00,Australia,Queensland,AU-QLD,496.78,553.21,32.99,32.99,opennem.org.au,false,
2023-06-08 23:00:00,Australia,Queensland,AU-QLD,392.38,446.15,47.5,47.5,opennem.org.au,false,
2023-06-09 00:00:00,Australia,Queensland,AU-QLD,332.77,385.16,55.41,55.41,opennem.org.au,false,
2023-06-09 01:00:00,Australia,Queensland,AU-QLD,315.04,366.91,57.81,57.81,opennem.org.au,false,
2023-06-09 02:00:00,Australia,Queensland,AU-QLD,322.68,374.69,56.88,56.88,opennem.org.au,false,
2023-06-09 03:00:00,Australia,Queensland,AU-QLD,327.45,379.94,56.1,56.1,opennem.org.au,false,
2023-06-09 04:00:00,Australia,Queensland,AU-QLD,366.64,420.52,50.41,50.41,opennem.org.au,false,
2023-06-09 05:00:00,Australia,Queensland,AU-QLD,443.21,501.87,37.93,37.93,opennem.org.au,false,
2023-06-09 06:00:00,Australia,Queensland,AU-QLD,558.79,622.56,20.45,20.45,opennem.org.au,false,
2023-06-09 07:00:00,Australia,Queensland,AU-QLD,626.92,695.82,7.95,7.95,opennem.org.au,false,
2023-06-09 08:00:00,Australia,Queensland,AU-QLD,625.82,693.41,8.59,8.59,opennem.org.au,false,
2023-06-09 09:00:00,Australia,Queensland,AU-QLD,636.6,704.32,7.4,7.4,opennem.org.au,false,
2023-06-09 10:00:00,Australia,Queensland,AU-QLD,644.63,712.57,6.55,6.55,opennem.org.au,false,
2023-06-09 11:00:00,Australia,Queensland,AU-QLD,645.52,711.91,7.42,7.42,opennem.org.au,false,
2023-06-09 12:00:00,Australia,Queensland,AU-QLD,637.54,699.07,11.12,11.12,opennem.org.au,false,
2023-06-09 13:00:00,Australia,Queensland,AU-QLD,651.93,709.0,12.6,12.6,opennem.org.au,false,
2023-06-09 14:00:00,Australia,Queensland,AU-QLD,643.25,699.02,14.23,14.23,opennem.org.au,false,
2023-06-09 15:00:00,Australia,Queensland,AU-QLD,638.58,694.03,14.86,14.86,opennem.org.au,false,
2023-06-09 16:00:00,Australia,Queensland,AU-QLD,656.55,712.92,12.48,12.48,opennem.org.au,false,
2023-06-09 17:00:00,Australia,Queensland,AU-QLD,658.92,715.52,12.16,12.16,opennem.org.au,false,
2023-06-09 18:00:00,Australia,Queensland,AU-QLD,655.6,712.09,12.61,12.61,opennem.org.au,false,
2023-06-09 19:00:00,Australia,Queensland,AU-QLD,658.24,715.25,11.99,11.99,opennem.org.au,false,
2023-06-09 20:00:00,Australia,Queensland,AU-QLD,637.46,694.42,13.98,13.98,opennem.org.au,false,
2023-06-09 21:00:00,Australia,Queensland,AU-QLD,580.63,637.0,21.56,21.56,opennem.org.au,false,
2023-06-09 22:00:00,Australia,Queensland,AU-QLD,474.62,528.96,36.65,36.65,opennem.org.au,false,
2023-06-09 23:00:00,Australia,Queensland,AU-QLD,391.95,445.22,47.63,47.63,opennem.org.au,false,
2023-06-10 00:00:00,Australia,Queensland,AU-QLD,331.86,384.3,55.54,55.54,opennem.org.au,false,
2023-06-10 01:00:00,Australia,Queensland,AU-QLD,320.24,372.73,57.07,57.07,opennem.org.au,false,
2023-06-10 02:00:00,Australia,Queensland,AU-QLD,319.26,371.64,57.2,57.2,opennem.org.au,false,
2023-06-10 03:00:00,Australia,Queensland,AU-QLD,337.82,390.99,54.7,54.7,opennem.org.au,false,
2023-06-10 04:00:00,Australia,Queensland,AU-QLD,379.37,433.7,48.86,48.86,opennem.org.au,false,
2023-06-10 05:00:00,Australia,Queensland,AU-QLD,443.41,499.88,39.45,39.45,opennem.org.au,false,
2023-06-10 06:00:00,Australia,Queensland,AU-QLD,574.09,636.3,19.69,19.69,opennem.org.au,false,
2023-06-10 07:00:00,Australia,Queensland,AU-QLD,634.09,701.14,8.29,8.29,opennem.org.au,false,
2023-06-10 08:00:00,Australia,Queensland,AU-QLD,635.64,704.2,6.91,6.91,opennem.org.au,false,
2023-06-10 09:00:00,Australia,Queensland,AU-QLD,643.73,713.71,5.36,5.36,opennem.org.au,false,
2023-06-10 10:00:00,Australia,Queensland,AU-QLD,640.16,709.66,5.98,5.98,opennem.org.au,false,
2023-06-10 11:00:00,Australia,Queensland,AU-QLD,644.32,711.14,7.28,7.28,opennem.org.au,false,
2023-06-10 12:00:00,Australia,Queensland,AU-QLD,640.44,704.89,9.31,9.31,opennem.org.au,false,
2023-06-10 13:00:00,Australia,Queensland,AU-QLD,657.16,716.71,10.74,10.74,opennem.org.au,false,
2023-06-10 14:00:00,Australia,Queensland,AU-QLD,665.37,722.66,11.3,11.3,opennem.org.au,false,
2023-06-10 15:00:00,Australia,Queensland,AU-QLD,667.1,724.65,11.07,11.07,opennem.org.au,false,
2023-06-10 16:00:00,Australia,Queensland,AU-QLD,685.74,744.18,8.63,8.63,opennem.org.au,false,
2023-06-10 17:00:00,Australia,Queensland,AU-QLD,688.16,746.84,8.26,8.26,opennem.org.au,false,
2023-06-10 18:00:00,Australia,Queensland,AU-QLD,680.98,738.98,9.32,9.32,opennem.org.au,false,
2023-06-10 19:00:00,Australia,Queensland,AU-QLD,665.02,722.28,11.38,11.38,opennem.org.au,false,
2023-06-10 20:00:00,Australia,Queensland,AU-QLD,643.34,699.51,14.31,14.31,opennem.org.au,false,
2023-06-10 21:00:00,Australia,Queensland,AU-QLD,607.76,663.42,19.05,19.05,opennem.org.au,false,
2023-06-10 22:00:00,Australia,Queensland,AU-QLD,488.94,543.29,34.84,34.84,opennem.org.au,false,
2023-06-10 23:00:00,Australia,Queensland,AU-QLD,419.79,473.19,44.07,44.07,opennem.org.au,false,
2023-06-11 00:00:00,Australia,Queensland,AU-QLD,374.68,427.58,49.94,49.94,opennem.org.au,false,
2023-06-11 01:00:00,Australia,Queensland,AU-QLD,365.25,418.55,51.15,51.15,opennem.org.au,false,
2023-06-11 02:00:00,Australia,Queensland,AU-QLD,385.41,439.34,48.48,48.48,opennem.org.au,false,
2023-06-11 03:00:00,Australia,Queensland,AU-QLD,407.18,461.57,45.53,45.53,opennem.org.au,false,
2023-06-11 04:00:00,Australia,Queensland,AU-QLD,430.75,486.7,41.63,41.63,opennem.org.au,false,
2023-06-11 05:00:00,Australia,Queensland,AU-QLD,496.69,555.95,31.27,31.27,opennem.org.au,false,
2023-06-11 06:00:00,Australia,Queensland,AU-QLD,583.69,649.0,16.24,16.24,opennem.org.au,false,
2023-06-11 07:00:00,Australia,Queensland,AU-QLD,628.14,697.81,7.42,7.42,opennem.org.au,false,
2023-06-11 08:00:00,Australia,Queensland,AU-QLD,622.32,691.57,7.92,7.92,opennem.org.au,false,
2023-06-11 09:00:00,Australia,Queensland,AU-QLD,621.9,692.63,7.17,7.17,opennem.org.au,false,
2023-06-11 10:00:00,Australia,Queensland,AU-QLD,629.83,699.99,6.81,6.81,opennem.org.au,false,
2023-06-11 11:00:00,Australia,Queensland,AU-QLD,636.14,704.48,7.4,7.4,opennem.org.au,false,
2023-06-11 12:00:00,Australia,Queensland,AU-QLD,650.91,713.05,9.68,9.68,opennem.org.au,false,
2023-06-11 13:00:00,Australia,Queensland,AU-QLD,661.45,721.85,9.7,9.7,opennem.org.au,false,
2023-06-11 14:00:00,Australia,Queensland,AU-QLD,664.86,725.61,9.3,9.3,opennem.org.au,false,
2023-06-11 15:00:00,Australia,Queensland,AU-QLD,666.58,727.34,9.21,9.21,opennem.org.au,false,
2023-06-11 16:00:00,Australia,Queensland,AU-QLD,672.47,732.91,8.73,8.73,opennem.org.au,false,
2023-06-11 17:00:00,Australia,Queensland,AU-QLD,675.81,736.35,8.36,8.36,opennem.org.au,false,
2023-06-11 18:00:00,Australia,Queensland,AU-QLD,673.94,734.18,8.69,8.69,opennem.org.au,false,
2023-06-11 19:00:00,Australia,Queensland,AU-QLD,671.95,732.95,8.29,8.29,opennem.org.au,false,
2023-06-11 20:00:00,Australia,Queensland,AU-QLD,659.5,722.26,8.46,8.46,opennem.org.au,false,
2023-06-11 21:00:00,Australia,Queensland,AU-QLD,619.22,682.04,13.25,13.25,opennem.org.au,false,
2023-06-11 22:00:00,Australia,Queensland,AU-QLD,530.29,587.43,28.26,28.26,opennem.org.au,false,
2023-06-11 23:00:00,Australia,Queensland,AU-QLD,491.1,546.45,34.68,34.68,opennem.org.au,false,
2023-06-12 00:00:00,Australia,Queensland,AU-QLD,462.98,518.27,38.32,38.32,opennem.org.au,false,
2023-06-12 01:00:00,Australia,Queensland,AU-QLD,434.99,490.01,42.0,42.0,opennem.org.au,false,
2023-06-12 02:00:00,Australia,Queensland,AU-QLD,425.09,479.82,43.26,43.26,opennem.org.au,false,
2023-06-12 03:00:00,Australia,Queensland,AU-QLD,421.7,477.59,43.04,43.04,opennem.org.au,false,
2023-06-12 04:00:00,Australia,Queensland,AU-QLD,448.75,506.5,38.51,38.51,opennem.org.au,false,
2023-06-12 05:00:00,Australia,Queensland,AU-QLD,502.53,563.42,29.58,29.58,opennem.org.au,false,
2023-06-12 06:00:00,Australia,Queensland,AU-QLD,559.68,626.36,18.3,18.3,opennem.org.au,false,
2023-06-12 07:00:00,Australia,Queensland,AU-QLD,592.84,667.95,8.7,8.7,opennem.org.au,false,
2023-06-12 08:00:00,Australia,Queensland,AU-QLD,594.71,670.36,7.31,7.31,opennem.org.au,false,
2023-06-12 09:00:00,Australia,Queensland,AU-QLD,606.97,680.01,7.42,7.42,opennem.org.au,false,
2023-06-12 10:00:00,Australia,Queensland,AU-QLD,619.02,690.62,7.33,7.33,opennem.org.au,false,
2023-06-12 11:00:00,Australia,Queensland,AU-QLD,625.58,694.0,8.61,8.61,opennem.org.au,false,
2023-06-12 12:00:00,Australia,Queensland,AU-QLD,627.69,692.15,10.57,10.57,opennem.org.au,false,
2023-06-12 13:00:00,Australia,Queensland,AU-QLD,636.45,699.37,10.4,10.4,opennem.org.au,false,
2023-06-12 14:00:00,Australia,Queensland,AU-QLD,646.42,708.19,10.11,10.11,opennem.org.au,false,
2023-06-12 15:00:00,Australia,Queensland,AU-QLD,655.38,716.6,9.73,9.73,opennem.org.au,false,
2023-06-12 16:00:00,Australia,Queensland,AU-QLD,661.8,723.08,9.11,9.11,opennem.org.au,false,
2023-06-12 17:00:00,Australia,Queensland,AU-QLD,665.32,726.66,8.72,8.72,opennem.org.au,false,
2023-06-12 18:00:00,Australia,Queensland,AU-QLD,661.03,722.23,9.16,9.16,opennem.org.au,false,
2023-06-12 19:00:00,Australia,Queensland,AU-QLD,665.25,727.68,8.03,8.03,opennem.org.au,false,
2023-06-12 20:00:00,Australia,Queensland,AU-QLD,653.54,717.38,8.32,8.32,opennem.org.au,false,
2023-06-12 21:00:00,Australia,Queensland,AU-QLD,619.95,683.68,12.86,12.86,opennem.org.au,false,
2023-06-12 22:00:00,Australia,Queensland,AU-QLD,518.08,577.47,28.79,28.79,opennem.org.au,false,
2023-06-12 23:00:00,Australia,Queensland,AU-QLD,430.93,486.27,41.83,41.83,opennem.org.au,false,
2023-06-13 00:00:00,Australia,Queensland,AU-QLD,394.7,449.45,46.7,46.7,opennem.org.au,false,
2023-06-13 01:00:00,Australia,Queensland,AU-QLD,376.65,430.87,49.06,49.06,opennem.org.au,false,
2023-06-13 02:00:00,Australia,Queensland,AU-QLD,374.08,428.28,49.37,49.37,opennem.org.au,false,
2023-06-13 03:00:00,Australia,Queensland,AU-QLD,385.01,439.64,47.86,47.86,opennem.org.au,false,
2023-06-13 04:00:00,Australia,Queensland,AU-QLD,402.31,457.43,45.36,45.36,opennem.org.au,false,
2023-06-13 05:00:00,Australia,Queensland,AU-QLD,458.02,515.76,36.59,36.59,opennem.org.au,false,
2023-06-13 06:00:00,Australia,Queensland,AU-QLD,570.69,634.84,18.29,18.29,opennem.org.au,false,
2023-06-13 07:00:00,Australia,Queensland,AU-QLD,613.91,682.84,9.6,9.6,opennem.org.au,false,
2023-06-13 08:00:00,Australia,Queensland,AU-QLD,618.55,690.39,7.88,7.88,opennem.org.au,false,
2023-06-13 09:00:00,Australia,Queensland,AU-QLD,637.88,707.94,6.33,6.33,opennem.org.au,false,
2023-06-13 10:00:00,Australia,Queensland,AU-QLD,656.02,724.69,5.35,5.35,opennem.org.au,false,
2023-06-13 11:00:00,Australia,Queensland,AU-QLD,658.33,724.18,6.55,6.55,opennem.org.au,false,
2023-06-13 12:00:00,Australia,Queensland,AU-QLD,664.46,728.63,7.07,7.07,opennem.org.au,false,
2023-06-13 13:00:00,Australia,Queensland,AU-QLD,672.21,734.49,7.56,7.56,opennem.org.au,false,
2023-06-13 14:00:00,Australia,Queensland,AU-QLD,679.59,740.67,7.71,7.71,opennem.org.au,false,
2023-06-13 15:00:00,Australia,Queensland,AU-QLD,689.05,749.9,6.53,6.53,opennem.org.au,false,
2023-06-13 16:00:00,Australia,Queensland,AU-QLD,695.08,756.11,5.7,5.7,opennem.org.au,false,
2023-06-13 17:00:00,Australia,Queensland,AU-QLD,698.28,759.48,5.29,5.29,opennem.org.au,false,
2023-06-13 18:00:00,Australia,Queensland,AU-QLD,693.13,752.74,6.7,6.7,opennem.org.au,false,
2023-06-13 19:00:00,Australia,Queensland,AU-QLD,683.51,743.26,7.47,7.47,opennem.org.au,false,
2023-06-13 20:00:00,Australia,Queensland,AU-QLD,675.3,735.69,7.83,7.83,opennem.org.au,false,
2023-06-13 21:00:00,Australia,Queensland,AU-QLD,635.76,696.0,12.96,12.96,opennem.org.au,false,
2023-06-13 22:00:00,Australia,Queensland,AU-QLD,514.96,571.53,30.76,30.76,opennem.org.au,false,
2023-06-13 23:00:00,Australia,Queensland,AU-QLD,432.78,487.25,42.29,42.29,opennem.org.au,false,
2023-06-14 00:00:00,Australia,Queensland,AU-QLD,383.55,437.15,48.73,48.73,opennem.org.au,false,
2023-06-14 01:00:00,Australia,Queensland,AU-QLD,369.22,422.53,50.59,50.59,opennem.org.au,false,
2023-06-14 02:00:00,Australia,Queensland,AU-QLD,365.18,418.35,51.13,51.13,opennem.org.au,false,
2023-06-14 03:00:00,Australia,Queensland,AU-QLD,355.71,408.41,52.31,52.31,opennem.org.au,false,
2023-06-14 04:00:00,Australia,Queensland,AU-QLD,382.25,436.16,47.93,47.93,opennem.org.au,false,
2023-06-14 05:00:00,Australia,Queensland,AU-QLD,454.05,511.6,36.79,36.79,opennem.org.au,false,
2023-06-14 06:00:00,Australia,Queensland,AU-QLD,564.35,627.88,19.22,19.22,opennem.org.au,false,
2023-06-14 07:00:00,Australia,Queensland,AU-QLD,612.07,680.23,9.7,9.7,opennem.org.au,false,
2023-06-14 08:00:00,Australia,Queensland,AU-QLD,608.68,676.0,10.3,10.3,opennem.org.au,false,
2023-06-14 09:00:00,Australia,Queensland,AU-QLD,610.25,677.79,10.07,10.07,opennem.org.au,false,
2023-06-14 10:00:00,Australia,Queensland,AU-QLD,620.02,686.23,10.01,10.01,opennem.org.au,false,
2023-06-14 11:00:00,Australia,Queensland,AU-QLD,642.65,705.76,9.74,9.74,opennem.org.au,false,
2023-06-14 12:00:00,Australia,Queensland,AU-QLD,658.86,722.66,7.67,7.67,opennem.org.au,false,
2023-06-14 13:00:00,Australia,Queensland,AU-QLD,672.45,734.91,7.24,7.24,opennem.org.au,false,
2023-06-14 14:00:00,Australia,Queensland,AU-QLD,676.94,739.48,6.88,6.88,opennem.org.au,false,
2023-06-14 15:00:00,Australia,Queensland,AU-QLD,674.84,736.84,7.3,7.3,opennem.org.au,false,
2023-06-14 16:00:00,Australia,Queensland,AU-QLD,664.05,725.38,8.79,8.79,opennem.org.au,false,
2023-06-14 17:00:00,Australia,Queensland,AU-QLD,657.19,718.0,9.71,9.71,opennem.org.au,false,
2023-06-14 18:00:00,Australia,Queensland,AU-QLD,661.63,721.99,9.13,9.13,opennem.org.au,false,
2023-06-14 19:00:00,Australia,Queensland,AU-QLD,651.32,712.8,9.42,9.42,opennem.org.au,false,
2023-06-14 20:00:00,Australia,Queensland,AU-QLD,650.74,712.4,9.32,9.32,opennem.org.au,false,
2023-06-14 21:00:00,Australia,Queensland,AU-QLD,612.1,672.98,14.83,14.83,opennem.org.au,false,
2023-06-14 22:00:00,Australia,Queensland,AU-QLD,490.14,546.7,32.87,32.87,opennem.org.au,false,
2023-06-14 23:00:00,Australia,Queensland,AU-QLD,407.93,461.68,45.1,45.1,opennem.org.au,false,
2023-06-15 00:00:00,Australia,Queensland,AU-QLD,375.96,428.69,49.56,49.56,opennem.org.au,false,
2023-06-15 01:00:00,Australia,Queensland,AU-QLD,365.98,418.72,50.91,50.91,opennem.org.au,false,
2023-06-15 02:00:00,Australia,Queensland,AU-QLD,361.48,414.41,51.52,51.52,opennem.org.au,false,
2023-06-15 03:00:00,Australia,Queensland,AU-QLD,376.03,429.24,49.63,49.63,opennem.org.au,false,
2023-06-15 04:00:00,Australia,Queensland,AU-QLD,403.62,458.28,45.29,45.29,opennem.org.au,false,
2023-06-15 05:00:00,Australia,Queensland,AU-QLD,469.78,527.16,35.41,35.41,opennem.org.au,false,
2023-06-15 06:00:00,Australia,Queensland,AU-QLD,575.55,638.19,18.76,18.76,opennem.org.au,false,
2023-06-15 07:00:00,Australia,Queensland,AU-QLD,631.16,697.63,8.74,8.74,opennem.org.au,false,
2023-06-15 08:00:00,Australia,Queensland,AU-QLD,628.05,695.61,8.13,8.13,opennem.org.au,false,
2023-06-15 09:00:00,Australia,Queensland,AU-QLD,630.38,698.52,7.53,7.53,opennem.org.au,false,
2023-06-15 10:00:00,Australia,Queensland,AU-QLD,640.17,707.01,7.42,7.42,opennem.org.au,false,
2023-06-15 11:00:00,Australia,Queensland,AU-QLD,657.12,722.92,6.38,6.38,opennem.org.au,false,
2023-06-15 12:00:00,Australia,Queensland,AU-QLD,671.69,736.59,5.51,5.51,opennem.org.au,false,
2023-06-15 13:00:00,Australia,Queensland,AU-QLD,681.08,742.61,6.7,6.7,opennem.org.au,false,
2023-06-15 14:00:00,Australia,Queensland,AU-QLD,683.83,744.12,7.18,7.18,opennem.org.au,false,
2023-06-15 15:00:00,Australia,Queensland,AU-QLD,675.46,735.18,8.3,8.3,opennem.org.au,false,
2023-06-15 16:00:00,Australia,Queensland,AU-QLD,666.57,725.61,9.5,9.5,opennem.org.au,false,
2023-06-15 17:00:00,Australia,Queensland,AU-QLD,662.48,721.21,10.06,10.06,opennem.org.au,false,
2023-06-15 18:00:00,Australia,Queensland,AU-QLD,663.9,722.72,9.89,9.89,opennem.org.au,false,
2023-06-15 19:00:00,Australia,Queensland,AU-QLD,662.98,721.19,10.23,10.23,opennem.org.au,false,
2023-06-15 20:00:00,Australia,Queensland,AU-QLD,652.18,711.83,10.69,10.69,opennem.org.au,false,
2023-06-15 21:00:00,Australia,Queensland,AU-QLD,608.56,667.71,16.23,16.23,opennem.org.au,false,
2023-06-15 22:00:00,Australia,Queensland,AU-QLD,506.82,562.19,31.93,31.93,opennem.org.au,false,
2023-06-15 23:00:00,Australia,Queensland,AU-QLD,431.16,484.81,42.59,42.59,opennem.org.au,false,
2023-06-16 00:00:00,Australia,Queensland,AU-QLD,391.99,445.16,47.78,47.78,opennem.org.au,false,
2023-06-16 01:00:00,Australia,Queensland,AU-QLD,369.17,422.4,50.73,50.73,opennem.org.au,false,
2023-06-16 02:00:00,Australia,Queensland,AU-QLD,365.71,419.02,51.19,51.19,opennem.org.au,false,
2023-06-16 03:00:00,Australia,Queensland,AU-QLD,371.9,425.5,50.32,50.32,opennem.org.au,false,
2023-06-16 04:00:00,Australia,Queensland,AU-QLD,408.71,463.68,44.95,44.95,opennem.org.au,false,
2023-06-16 05:00:00,Australia,Queensland,AU-QLD,459.76,518.01,36.3,36.3,opennem.org.au,false,
2023-06-16 06:00:00,Australia,Queensland,AU-QLD,575.86,640.19,18.2,18.2,opennem.org.au,false,
2023-06-16 07:00:00,Australia,Queensland,AU-QLD,647.76,716.81,5.82,5.82,opennem.org.au,false,
2023-06-16 08:00:00,Australia,Queensland,AU-QLD,641.4,709.63,6.8,6.8,opennem.org.au,false,
2023-06-16 09:00:00,Australia,Queensland,AU-QLD,647.06,714.73,6.64,6.64,opennem.org.au,false,
2023-06-16 10:00:00,Australia,Queensland,AU-QLD,661.17,728.54,5.35,5.35,opennem.org.au,false,
2023-06-16 11:00:00,Australia,Queensland,AU-QLD,667.99,735.51,4.65,4.65,opennem.org.au,false,
2023-06-16 12:00:00,Australia,Queensland,AU-QLD,657.66,721.17,8.2,8.2,opennem.org.au,false,
2023-06-16 13:00:00,Australia,Queensland,AU-QLD,658.59,721.17,8.77,8.77,opennem.org.au,false,
2023-06-16 14:00:00,Australia,Queensland,AU-QLD,651.72,714.09,9.43,9.43,opennem.org.au,false,
2023-06-16 15:00:00,Australia,Queensland,AU-QLD,671.85,734.4,7.27,7.27,opennem.org.au,false,
2023-06-16 16:00:00,Australia,Queensland,AU-QLD,683.44,744.85,6.9,6.9,opennem.org.au,false,
2023-06-16 17:00:00,Australia,Queensland,AU-QLD,689.03,750.68,5.91,5.91,opennem.org.au,false,
2023-06-16 18:00:00,Australia,Queensland,AU-QLD,682.6,744.85,6.07,6.07,opennem.org.au,false,
2023-06-16 19:00:00,Australia,Queensland,AU-QLD,675.26,737.62,6.71,6.71,opennem.org.au,false,
2023-06-16 20:00:00,Australia,Queensland,AU-QLD,654.72,716.62,9.16,9.16,opennem.org.au,false,
2023-06-16 21:00:00,Australia,Queensland,AU-QLD,598.9,659.7,16.45,16.45,opennem.org.au,false,
2023-06-16 22:00:00,Australia,Queensland,AU-QLD,492.82,551.0,31.63,31.63,opennem.org.au,false,
2023-06-16 23:00:00,Australia,Queensland,AU-QLD,420.55,474.23,43.78,43.78,opennem.org.au,false,
2023-06-17 00:00:00,Australia,Queensland,AU-QLD,373.83,426.71,50.12,50.12,opennem.org.au,false,
2023-06-17 01:00:00,Australia,Queensland,AU-QLD,339.19,392.37,54.59,54.59,opennem.org.au,false,
2023-06-17 02:00:00,Australia,Queensland,AU-QLD,347.25,400.74,53.53,53.53,opennem.org.au,false,
2023-06-17 03:00:00,Australia,Queensland,AU-QLD,358.99,412.81,51.94,51.94,opennem.org.au,false,
2023-06-17 04:00:00,Australia,Queensland,AU-QLD,418.86,474.13,43.81,43.81,opennem.org.au,false,
2023-06-17 05:00:00,Australia,Queensland,AU-QLD,493.22,551.87,32.42,32.42,opennem.org.au,false,
2023-06-17 06:00:00,Australia,Queensland,AU-QLD,602.22,667.82,14.43,14.43,opennem.org.au,false,
2023-06-17 07:00:00,Australia,Queensland,AU-QLD,646.53,714.49,6.99,6.99,opennem.org.au,false,
2023-06-17 08:00:00,Australia,Queensland,AU-QLD,647.25,715.21,6.7,6.7,opennem.org.au,false,
2023-06-17 09:00:00,Australia,Queensland,AU-QLD,656.03,724.77,5.32,5.32,opennem.org.au,false,
2023-06-17 10:00:00,Australia,Queensland,AU-QLD,665.8,734.79,4.13,4.13,opennem.org.au,false,
2023-06-17 11:00:00,Australia,Queensland,AU-QLD,661.02,728.66,5.5,5.5,opennem.org.au,false,
2023-06-17 12:00:00,Australia,Queensland,AU-QLD,664.06,727.3,8.04,8.04,opennem.org.au,false,
2023-06-17 13:00:00,Australia,Queensland,AU-QLD,676.51,735.1,9.7,9.7,opennem.org.au,false,
2023-06-17 14:00:00,Australia,Queensland,AU-QLD,693.85,752.99,7.64,7.64,opennem.org.au,false,
2023-06-17 15:00:00,Australia,Queensland,AU-QLD,696.98,756.53,7.2,7.2,opennem.org.au,false,
2023-06-17 16:00:00,Australia,Queensland,AU-QLD,694.43,753.81,7.53,7.53,opennem.org.au,false,
2023-06-17 17:00:00,Australia,Queensland,AU-QLD,697.29,756.82,7.14,7.14,opennem.org.au,false,
2023-06-17 18:00:00,Australia,Queensland,AU-QLD,696.22,755.49,7.27,7.27,opennem.org.au,false,
2023-06-17 19:00:00,Australia,Queensland,AU-QLD,697.25,757.09,6.87,6.87,opennem.org.au,false,
2023-06-17 20:00:00,Australia,Queensland,AU-QLD,693.66,753.68,7.06,7.06,opennem.org.au,false,
2023-06-17 21:00:00,Australia,Queensland,AU-QLD,643.06,701.53,13.93,13.93,opennem.org.au,false,
2023-06-17 22:00:00,Australia,Queensland,AU-QLD,540.75,597.52,28.0,28.0,opennem.org.au,false,
2023-06-17 23:00:00,Australia,Queensland,AU-QLD,416.77,471.29,44.35,44.35,opennem.org.au,false,
2023-06-18 00:00:00,Australia,Queensland,AU-QLD,359.5,412.99,51.9,51.9,opennem.org.au,false,
2023-06-18 01:00:00,Australia,Queensland,AU-QLD,348.56,401.77,53.36,53.36,opennem.org.au,false,
2023-06-18 02:00:00,Australia,Queensland,AU-QLD,353.12,406.48,52.76,52.76,opennem.org.au,false,
2023-06-18 03:00:00,Australia,Queensland,AU-QLD,357.01,410.44,52.24,52.24,opennem.org.au,false,
2023-06-18 04:00:00,Australia,Queensland,AU-QLD,386.91,441.01,48.22,48.22,opennem.org.au,false,
2023-06-18 05:00:00,Australia,Queensland,AU-QLD,467.39,524.67,36.18,36.18,opennem.org.au,false,
2023-06-18 06:00:00,Australia,Queensland,AU-QLD,573.87,636.56,19.7,19.7,opennem.org.au,false,
2023-06-18 07:00:00,Australia,Queensland,AU-QLD,631.57,698.11,9.14,9.14,opennem.org.au,false,
2023-06-18 08:00:00,Australia,Queensland,AU-QLD,624.26,692.74,8.47,8.47,opennem.org.au,false,
2023-06-18 09:00:00,Australia,Queensland,AU-QLD,645.87,715.3,5.88,5.88,opennem.org.au,false,
2023-06-18 10:00:00,Australia,Queensland,AU-QLD,672.0,739.82,3.61,3.61,opennem.org.au,false,
2023-06-18 11:00:00,Australia,Queensland,AU-QLD,666.49,731.33,5.84,5.84,opennem.org.au,false,
2023-06-18 12:00:00,Australia,Queensland,AU-QLD,675.4,736.83,7.28,7.28,opennem.org.au,false,
2023-06-18 13:00:00,Australia,Queensland,AU-QLD,685.74,746.75,6.58,6.58,opennem.org.au,false,
2023-06-18 14:00:00,Australia,Queensland,AU-QLD,678.62,739.71,7.37,7.37,opennem.org.au,false,
2023-06-18 15:00:00,Australia,Queensland,AU-QLD,679.07,740.88,7.26,7.26,opennem.org.au,false,
2023-06-18 16:00:00,Australia,Queensland,AU-QLD,686.76,749.44,6.18,6.18,opennem.org.au,false,
2023-06-18 17:00:00,Australia,Queensland,AU-QLD,695.34,758.7,5.02,5.02,opennem.org.au,false,
2023-06-18 18:00:00,Australia,Queensland,AU-QLD,699.49,763.08,4.48,4.48,opennem.org.au,false,
2023-06-18 19:00:00,Australia,Queensland,AU-QLD,695.58,759.61,4.5,4.5,opennem.org.au,false,
2023-06-18 20:00:00,Australia,Queensland,AU-QLD,667.22,731.37,7.24,7.24,opennem.org.au,false,
2023-06-18 21:00:00,Australia,Queensland,AU-QLD,624.63,690.0,11.53,11.53,opennem.org.au,false,
2023-06-18 22:00:00,Australia,Queensland,AU-QLD,512.59,573.12,28.7,28.7,opennem.org.au,false,
2023-06-18 23:00:00,Australia,Queensland,AU-QLD,433.94,490.87,40.71,40.71,opennem.org.au,false,
2023-06-19 00:00:00,Australia,Queensland,AU-QLD,379.02,434.0,48.7,48.7,opennem.org.au,false,
2023-06-19 01:00:00,Australia,Queensland,AU-QLD,354.74,409.39,51.78,51.78,opennem.org.au,false,
2023-06-19 02:00:00,Australia,Queensland,AU-QLD,345.4,399.75,53.03,53.03,opennem.org.au,false,
2023-06-19 03:00:00,Australia,Queensland,AU-QLD,357.2,411.7,51.41,51.41,opennem.org.au,false,
2023-06-19 04:00:00,Australia,Queensland,AU-QLD,384.32,440.49,46.94,46.94,opennem.org.au,false,
2023-06-19 05:00:00,Australia,Queensland,AU-QLD,453.6,512.49,36.72,36.72,opennem.org.au,false,
2023-06-19 06:00:00,Australia,Queensland,AU-QLD,569.25,633.96,18.58,18.58,opennem.org.au,false,
2023-06-19 07:00:00,Australia,Queensland,AU-QLD,616.5,688.14,7.64,7.64,opennem.org.au,false,
2023-06-19 08:00:00,Australia,Queensland,AU-QLD,620.89,692.8,6.78,6.78,opennem.org.au,false,
2023-06-19 09:00:00,Australia,Queensland,AU-QLD,628.8,700.79,5.89,5.89,opennem.org.au,false,
2023-06-19 10:00:00,Australia,Queensland,AU-QLD,639.3,711.75,4.46,4.46,opennem.org.au,false,
2023-06-19 11:00:00,Australia,Queensland,AU-QLD,639.84,709.36,6.27,6.27,opennem.org.au,false,
2023-06-19 12:00:00,Australia,Queensland,AU-QLD,659.74,724.53,7.28,7.28,opennem.org.au,false,
2023-06-19 13:00:00,Australia,Queensland,AU-QLD,663.38,725.26,8.77,8.77,opennem.org.au,false,
2023-06-19 14:00:00,Australia,Queensland,AU-QLD,658.1,719.3,9.52,9.52,opennem.org.au,false,
2023-06-19 15:00:00,Australia,Queensland,AU-QLD,654.17,715.26,10.09,10.09,opennem.org.au,false,
2023-06-19 16:00:00,Australia,Queensland,AU-QLD,655.45,716.7,9.91,9.91,opennem.org.au,false,
2023-06-19 17:00:00,Australia,Queensland,AU-QLD,652.68,713.8,10.3,10.3,opennem.org.au,false,
2023-06-19 18:00:00,Australia,Queensland,AU-QLD,646.63,708.48,10.38,10.38,opennem.org.au,false,
2023-06-19 19:00:00,Australia,Queensland,AU-QLD,643.82,706.17,10.33,10.33,opennem.org.au,false,
2023-06-19 20:00:00,Australia,Queensland,AU-QLD,622.48,686.35,11.43,11.43,opennem.org.au,false,
2023-06-19 21:00:00,Australia,Queensland,AU-QLD,578.23,642.48,16.4,16.4,opennem.org.au,false,
2023-06-19 22:00:00,Australia,Queensland,AU-QLD,492.56,550.09,31.96,31.96,opennem.org.au,false,
2023-06-19 23:00:00,Australia,Queensland,AU-QLD,424.95,478.85,43.22,43.22,opennem.org.au,false,
2023-06-20 00:00:00,Australia,Queensland,AU-QLD,371.77,425.21,50.16,50.16,opennem.org.au,false,
2023-06-20 01:00:00,Australia,Queensland,AU-QLD,345.21,398.55,53.64,53.64,opennem.org.au,false,
2023-06-20 02:00:00,Australia,Queensland,AU-QLD,354.69,408.3,52.4,52.4,opennem.org.au,false,
2023-06-20 03:00:00,Australia,Queensland,AU-QLD,376.45,431.14,48.91,48.91,opennem.org.au,false,
2023-06-20 04:00:00,Australia,Queensland,AU-QLD,414.71,471.45,42.9,42.9,opennem.org.au,false,
2023-06-20 05:00:00,Australia,Queensland,AU-QLD,482.15,544.29,30.9,30.9,opennem.org.au,false,
2023-06-20 06:00:00,Australia,Queensland,AU-QLD,556.7,625.09,17.34,17.34,opennem.org.au,false,
2023-06-20 07:00:00,Australia,Queensland,AU-QLD,596.66,672.53,7.1,7.1,opennem.org.au,false,
2023-06-20 08:00:00,Australia,Queensland,AU-QLD,595.74,671.6,7.18,7.18,opennem.org.au,false,
2023-06-20 09:00:00,Australia,Queensland,AU-QLD,602.95,677.65,6.78,6.78,opennem.org.au,false,
2023-06-20 10:00:00,Australia,Queensland,AU-QLD,617.53,692.73,4.84,4.84,opennem.org.au,false,
2023-06-20 11:00:00,Australia,Queensland,AU-QLD,628.66,699.83,6.2,6.2,opennem.org.au,false,
2023-06-20 12:00:00,Australia,Queensland,AU-QLD,645.19,713.92,6.18,6.18,opennem.org.au,false,
2023-06-20 13:00:00,Australia,Queensland,AU-QLD,655.36,722.19,6.46,6.46,opennem.org.au,false,
2023-06-20 14:00:00,Australia,Queensland,AU-QLD,663.82,730.12,6.0,6.0,opennem.org.au,false,
2023-06-20 15:00:00,Australia,Queensland,AU-QLD,671.96,737.31,5.84,5.84,opennem.org.au,false,
2023-06-20 16:00:00,Australia,Queensland,AU-QLD,665.69,730.31,6.84,6.84,opennem.org.au,false,
2023-06-20 17:00:00,Australia,Queensland,AU-QLD,652.06,715.56,8.91,8.91,opennem.org.au,false,
2023-06-20 18:00:00,Australia,Queensland,AU-QLD,641.88,704.92,10.07,10.07,opennem.org.au,false,
2023-06-20 19:00:00,Australia,Queensland,AU-QLD,635.37,698.63,10.49,10.49,opennem.org.au,false,
2023-06-20 20:00:00,Australia,Queensland,AU-QLD,614.17,678.95,11.68,11.68,opennem.org.au,false,
2023-06-20 21:00:00,Australia,Queensland,AU-QLD,565.06,629.13,18.12,18.12,opennem.org.au,false,
2023-06-20 22:00:00,Australia,Queensland,AU-QLD,492.53,548.83,33.1,33.1,opennem.org.au,false,
2023-06-20 23:00:00,Australia,Queensland,AU-QLD,426.94,481.0,42.89,42.89,opennem.org.au,false,
2023-06-21 00:00:00,Australia,Queensland,AU-QLD,370.59,423.78,50.28,50.28,opennem.org.au,false,
2023-06-21 01:00:00,Australia,Queensland,AU-QLD,347.35,400.57,53.36,53.36,opennem.org.au,false,
2023-06-21 02:00:00,Australia,Queensland,AU-QLD,345.25,398.75,53.52,53.52,opennem.org.au,false,
2023-06-21 03:00:00,Australia,Queensland,AU-QLD,358.34,413.63,50.75,50.75,opennem.org.au,false,
2023-06-21 04:00:00,Australia,Queensland,AU-QLD,392.29,449.51,45.3,45.3,opennem.org.au,false,
2023-06-21 05:00:00,Australia,Queensland,AU-QLD,457.28,519.9,33.66,33.66,opennem.org.au,false,
2023-06-21 06:00:00,Australia,Queensland,AU-QLD,559.28,627.86,17.19,17.19,opennem.org.au,false,
2023-06-21 07:00:00,Australia,Queensland,AU-QLD,607.93,682.35,6.58,6.58,opennem.org.au,false,
2023-06-21 08:00:00,Australia,Queensland,AU-QLD,605.29,680.6,6.11,6.11,opennem.org.au,false,
2023-06-21 09:00:00,Australia,Queensland,AU-QLD,617.75,692.27,5.33,5.33,opennem.org.au,false,
2023-06-21 10:00:00,Australia,Queensland,AU-QLD,609.34,681.95,7.26,7.26,opennem.org.au,false,
2023-06-21 11:00:00,Australia,Queensland,AU-QLD,632.64,703.36,6.1,6.1,opennem.org.au,false,
2023-06-21 12:00:00,Australia,Queensland,AU-QLD,645.53,712.17,7.43,7.43,opennem.org.au,false,
2023-06-21 13:00:00,Australia,Queensland,AU-QLD,653.84,716.83,8.97,8.97,opennem.org.au,false,
2023-06-21 14:00:00,Australia,Queensland,AU-QLD,655.79,717.42,9.61,9.61,opennem.org.au,false,
2023-06-21 15:00:00,Australia,Queensland,AU-QLD,651.04,712.83,9.94,9.94,opennem.org.au,false,
2023-06-21 16:00:00,Australia,Queensland,AU-QLD,655.49,717.76,9.29,9.29,opennem.org.au,false,
2023-06-21 17:00:00,Australia,Queensland,AU-QLD,659.85,722.41,8.68,8.68,opennem.org.au,false,
2023-06-21 18:00:00,Australia,Queensland,AU-QLD,653.6,716.35,9.05,9.05,opennem.org.au,false,
2023-06-21 19:00:00,Australia,Queensland,AU-QLD,651.84,715.74,8.47,8.47,opennem.org.au,false,
2023-06-21 20:00:00,Australia,Queensland,AU-QLD,628.99,694.66,9.99,9.99,opennem.org.au,false,
2023-06-21 21:00:00,Australia,Queensland,AU-QLD,589.39,656.05,14.56,14.56,opennem.org.au,false,
2023-06-21 22:00:00,Australia,Queensland,AU-QLD,515.08,574.07,28.39,28.39,opennem.org.au,false,
2023-06-21 23:00:00,Australia,Queensland,AU-QLD,448.29,503.19,39.84,39.84,opennem.org.au,false,
2023-06-22 00:00:00,Australia,Queensland,AU-QLD,412.29,466.32,44.81,44.81,opennem.org.au,false,
2023-06-22 01:00:00,Australia,Queensland,AU-QLD,397.64,451.59,46.78,46.78,opennem.org.au,false,
2023-06-22 02:00:00,Australia,Queensland,AU-QLD,406.03,460.27,45.66,45.66,opennem.org.au,false,
2023-06-22 03:00:00,Australia,Queensland,AU-QLD,446.41,502.02,39.89,39.89,opennem.org.au,false,
2023-06-22 04:00:00,Australia,Queensland,AU-QLD,494.25,553.66,31.5,31.5,opennem.org.au,false,
2023-06-22 05:00:00,Australia,Queensland,AU-QLD,534.06,598.37,23.27,23.27,opennem.org.au,false,
2023-06-22 06:00:00,Australia,Queensland,AU-QLD,587.92,658.48,12.23,12.23,opennem.org.au,false,
2023-06-22 07:00:00,Australia,Queensland,AU-QLD,613.08,688.31,5.26,5.26,opennem.org.au,false,
2023-06-22 08:00:00,Australia,Queensland,AU-QLD,624.2,697.85,5.05,5.05,opennem.org.au,false,
2023-06-22 09:00:00,Australia,Queensland,AU-QLD,630.22,702.5,5.26,5.26,opennem.org.au,false,
2023-06-22 10:00:00,Australia,Queensland,AU-QLD,640.92,712.66,4.56,4.56,opennem.org.au,false,
2023-06-22 11:00:00,Australia,Queensland,AU-QLD,647.62,714.97,6.7,6.7,opennem.org.au,false,
2023-06-22 12:00:00,Australia,Queensland,AU-QLD,661.39,725.81,7.32,7.32,opennem.org.au,false,
2023-06-22 13:00:00,Australia,Queensland,AU-QLD,674.73,737.65,7.01,7.01,opennem.org.au,false,
2023-06-22 14:00:00,Australia,Queensland,AU-QLD,669.87,730.98,8.55,8.55,opennem.org.au,false,
2023-06-22 15:00:00,Australia,Queensland,AU-QLD,658.39,718.55,10.17,10.17,opennem.org.au,false,
2023-06-22 16:00:00,Australia,Queensland,AU-QLD,664.43,724.81,9.29,9.29,opennem.org.au,false,
2023-06-22 17:00:00,Australia,Queensland,AU-QLD,660.52,720.79,9.81,9.81,opennem.org.au,false,
2023-06-22 18:00:00,Australia,Queensland,AU-QLD,666.37,726.2,9.51,9.51,opennem.org.au,false,
2023-06-22 19:00:00,Australia,Queensland,AU-QLD,677.96,738.81,7.8,7.8,opennem.org.au,false,
2023-06-22 20:00:00,Australia,Queensland,AU-QLD,665.96,729.37,7.33,7.33,opennem.org.au,false,
2023-06-22 21:00:00,Australia,Queensland,AU-QLD,614.67,676.42,14.29,14.29,opennem.org.au,false,
2023-06-22 22:00:00,Australia,Queensland,AU-QLD,523.09,579.36,29.53,29.53,opennem.org.au,false,
2023-06-22 23:00:00,Australia,Queensland,AU-QLD,465.78,520.68,37.82,37.82,opennem.org.au,false,
2023-06-23 00:00:00,Australia,Queensland,AU-QLD,445.76,500.72,40.31,40.31,opennem.org.au,false,
2023-06-23 01:00:00,Australia,Queensland,AU-QLD,396.07,449.89,46.93,46.93,opennem.org.au,false,
2023-06-23 02:00:00,Australia,Queensland,AU-QLD,367.18,420.49,50.58,50.58,opennem.org.au,false,
2023-06-23 03:00:00,Australia,Queensland,AU-QLD,364.91,419.34,50.05,50.05,opennem.org.au,false,
2023-06-23 04:00:00,Australia,Queensland,AU-QLD,393.18,448.97,45.78,45.78,opennem.org.au,false,
2023-06-23 05:00:00,Australia,Queensland,AU-QLD,424.56,482.31,40.53,40.53,opennem.org.au,false,
2023-06-23 06:00:00,Australia,Queensland,AU-QLD,550.96,614.49,21.2,21.2,opennem.org.au,false,
2023-06-23 07:00:00,Australia,Queensland,AU-QLD,621.4,689.51,9.09,9.09,opennem.org.au,false,
2023-06-23 08:00:00,Australia,Queensland,AU-QLD,629.2,696.26,8.75,8.75,opennem.org.au,false,
2023-06-23 09:00:00,Australia,Queensland,AU-QLD,632.44,700.34,7.89,7.89,opennem.org.au,false,
2023-06-23 10:00:00,Australia,Queensland,AU-QLD,646.92,714.41,6.78,6.78,opennem.org.au,false,
2023-06-23 11:00:00,Australia,Queensland,AU-QLD,661.87,728.95,5.68,5.68,opennem.org.au,false,
2023-06-23 12:00:00,Australia,Queensland,AU-QLD,665.61,728.33,8.25,8.25,opennem.org.au,false,
2023-06-23 13:00:00,Australia,Queensland,AU-QLD,686.69,746.43,8.03,8.03,opennem.org.au,false,
2023-06-23 14:00:00,Australia,Queensland,AU-QLD,694.24,753.95,7.33,7.33,opennem.org.au,false,
2023-06-23 15:00:00,Australia,Queensland,AU-QLD,694.31,754.11,7.19,7.19,opennem.org.au,false,
2023-06-23 16:00:00,Australia,Queensland,AU-QLD,701.03,761.18,6.34,6.34,opennem.org.au,false,
2023-06-23 17:00:00,Australia,Queensland,AU-QLD,696.71,756.41,6.86,6.86,opennem.org.au,false,
2023-06-23 18:00:00,Australia,Queensland,AU-QLD,684.39,743.63,8.39,8.39,opennem.org.au,false,
2023-06-23 19:00:00,Australia,Queensland,AU-QLD,683.71,742.91,8.54,8.54,opennem.org.au,false,
2023-06-23 20:00:00,Australia,Queensland,AU-QLD,690.23,749.65,7.79,7.79,opennem.org.au,false,
2023-06-23 21:00:00,Australia,Queensland,AU-QLD,634.31,692.43,15.22,15.22,opennem.org.au,false,
2023-06-23 22:00:00,Australia,Queensland,AU-QLD,475.14,530.74,36.34,36.34,opennem.org.au,false,
2023-06-23 23:00:00,Australia,Queensland,AU-QLD,381.94,436.0,48.66,48.66,opennem.org.au,false,
2023-06-24 00:00:00,Australia,Queensland,AU-QLD,322.01,374.74,56.57,56.57,opennem.org.au,false,
2023-06-24 01:00:00,Australia,Queensland,AU-QLD,302.2,354.12,59.22,59.22,opennem.org.au,false,
2023-06-24 02:00:00,Australia,Queensland,AU-QLD,298.44,350.12,59.74,59.74,opennem.org.au,false,
2023-06-24 03:00:00,Australia,Queensland,AU-QLD,305.32,357.42,58.82,58.82,opennem.org.au,false,
2023-06-24 04:00:00,Australia,Queensland,AU-QLD,336.01,389.02,54.78,54.78,opennem.org.au,false,
2023-06-24 05:00:00,Australia,Queensland,AU-QLD,402.68,458.38,45.08,45.08,opennem.org.au,false,
2023-06-24 06:00:00,Australia,Queensland,AU-QLD,553.22,616.36,22.0,22.0,opennem.org.au,false,
2023-06-24 07:00:00,Australia,Queensland,AU-QLD,640.47,708.79,7.39,7.39,opennem.org.au,false,
2023-06-24 08:00:00,Australia,Queensland,AU-QLD,647.38,714.85,6.93,6.93,opennem.org.au,false,
2023-06-24 09:00:00,Australia,Queensland,AU-QLD,654.25,721.8,6.21,6.21,opennem.org.au,false,
2023-06-24 10:00:00,Australia,Queensland,AU-QLD,663.48,731.43,5.02,5.02,opennem.org.au,false,
2023-06-24 11:00:00,Australia,Queensland,AU-QLD,671.89,738.91,4.88,4.88,opennem.org.au,false,
2023-06-24 12:00:00,Australia,Queensland,AU-QLD,676.84,740.28,6.72,6.72,opennem.org.au,false,
2023-06-24 13:00:00,Australia,Queensland,AU-QLD,680.06,742.12,7.25,7.25,opennem.org.au,false,
2023-06-24 14:00:00,Australia,Queensland,AU-QLD,687.21,749.41,6.47,6.47,opennem.org.au,false,
2023-06-24 15:00:00,Australia,Queensland,AU-QLD,689.08,751.79,6.06,6.06,opennem.org.au,false,
2023-06-24 16:00:00,Australia,Queensland,AU-QLD,687.98,750.6,6.12,6.12,opennem.org.au,false,
2023-06-24 17:00:00,Australia,Queensland,AU-QLD,686.26,748.61,6.46,6.46,opennem.org.au,false,
2023-06-24 18:00:00,Australia,Queensland,AU-QLD,689.62,749.79,7.5,7.5,opennem.org.au,false,
2023-06-24 19:00:00,Australia,Queensland,AU-QLD,691.86,751.34,7.68,7.68,opennem.org.au,false,
2023-06-24 20:00:00,Australia,Queensland,AU-QLD,672.04,730.86,10.11,10.11,opennem.org.au,false,
2023-06-24 21:00:00,Australia,Queensland,AU-QLD,622.62,680.34,16.75,16.75,opennem.org.au,false,
2023-06-24 22:00:00,Australia,Queensland,AU-QLD,485.68,541.59,34.95,34.95,opennem.org.au,false,
2023-06-24 23:00:00,Australia,Queensland,AU-QLD,390.18,444.13,47.6,47.6,opennem.org.au,false,
2023-06-25 00:00:00,Australia,Queensland,AU-QLD,333.63,386.51,55.05,55.05,opennem.org.au,false,
2023-06-25 01:00:00,Australia,Queensland,AU-QLD,312.79,364.8,57.81,57.81,opennem.org.au,false,
2023-06-25 02:00:00,Australia,Queensland,AU-QLD,306.75,357.99,58.63,58.63,opennem.org.au,false,
2023-06-25 03:00:00,Australia,Queensland,AU-QLD,308.6,359.72,58.38,58.38,opennem.org.au,false,
2023-06-25 04:00:00,Australia,Queensland,AU-QLD,323.44,374.93,56.42,56.42,opennem.org.au,false,
2023-06-25 05:00:00,Australia,Queensland,AU-QLD,383.6,437.34,47.47,47.47,opennem.org.au,false,
2023-06-25 06:00:00,Australia,Queensland,AU-QLD,527.19,585.93,26.96,26.96,opennem.org.au,false,
2023-06-25 07:00:00,Australia,Queensland,AU-QLD,623.65,687.35,11.77,11.77,opennem.org.au,false,
2023-06-25 08:00:00,Australia,Queensland,AU-QLD,638.0,701.74,10.03,10.03,opennem.org.au,false,
2023-06-25 09:00:00,Australia,Queensland,AU-QLD,653.81,719.03,7.63,7.63,opennem.org.au,false,
2023-06-25 10:00:00,Australia,Queensland,AU-QLD,652.61,716.8,8.33,8.33,opennem.org.au,false,
2023-06-25 11:00:00,Australia,Queensland,AU-QLD,654.78,718.54,8.45,8.45,opennem.org.au,false,
2023-06-25 12:00:00,Australia,Queensland,AU-QLD,652.73,712.81,11.0,11.0,opennem.org.au,false,
2023-06-25 13:00:00,Australia,Queensland,AU-QLD,668.86,729.19,9.23,9.23,opennem.org.au,false,
2023-06-25 14:00:00,Australia,Queensland,AU-QLD,674.54,732.91,9.95,9.95,opennem.org.au,false,
2023-06-25 15:00:00,Australia,Queensland,AU-QLD,663.2,721.23,11.25,11.25,opennem.org.au,false,
2023-06-25 16:00:00,Australia,Queensland,AU-QLD,662.77,720.69,11.29,11.29,opennem.org.au,false,
2023-06-25 17:00:00,Australia,Queensland,AU-QLD,661.32,719.23,11.48,11.48,opennem.org.au,false,
2023-06-25 18:00:00,Australia,Queensland,AU-QLD,655.85,713.33,12.23,12.23,opennem.org.au,false,
2023-06-25 19:00:00,Australia,Queensland,AU-QLD,657.15,714.66,12.17,12.17,opennem.org.au,false,
2023-06-25 20:00:00,Australia,Queensland,AU-QLD,639.54,698.78,13.12,13.12,opennem.org.au,false,
2023-06-25 21:00:00,Australia,Queensland,AU-QLD,588.27,648.98,18.58,18.58,opennem.org.au,false,
2023-06-25 22:00:00,Australia,Queensland,AU-QLD,481.45,535.62,35.4,35.4,opennem.org.au,false,
2023-06-25 23:00:00,Australia,Queensland,AU-QLD,360.08,411.92,51.56,51.56,opennem.org.au,false,
2023-06-26 00:00:00,Australia,Queensland,AU-QLD,333.81,385.42,55.03,55.03,opennem.org.au,false,
2023-06-26 01:00:00,Australia,Queensland,AU-QLD,324.47,376.18,56.3,56.3,opennem.org.au,false,
2023-06-26 02:00:00,Australia,Queensland,AU-QLD,335.3,387.56,54.86,54.86,opennem.org.au,false,
2023-06-26 03:00:00,Australia,Queensland,AU-QLD,332.53,385.08,55.07,55.07,opennem.org.au,false,
2023-06-26 04:00:00,Australia,Queensland,AU-QLD,344.57,398.97,52.38,52.38,opennem.org.au,false,
2023-06-26 05:00:00,Australia,Queensland,AU-QLD,417.55,473.79,42.3,42.3,opennem.org.au,false,
2023-06-26 06:00:00,Australia,Queensland,AU-QLD,538.52,601.8,22.81,22.81,opennem.org.au,false,
2023-06-26 07:00:00,Australia,Queensland,AU-QLD,601.3,671.81,9.64,9.64,opennem.org.au,false,
2023-06-26 08:00:00,Australia,Queensland,AU-QLD,600.36,670.57,9.64,9.64,opennem.org.au,false,
2023-06-26 09:00:00,Australia,Queensland,AU-QLD,607.35,677.54,8.83,8.83,opennem.org.au,false,
2023-06-26 10:00:00,Australia,Queensland,AU-QLD,617.6,685.42,9.2,9.2,opennem.org.au,false,
2023-06-26 11:00:00,Australia,Queensland,AU-QLD,635.27,701.26,8.83,8.83,opennem.org.au,false,
2023-06-26 12:00:00,Australia,Queensland,AU-QLD,648.07,710.81,9.64,9.64,opennem.org.au,false,
2023-06-26 13:00:00,Australia,Queensland,AU-QLD,649.36,708.98,11.42,11.42,opennem.org.au,false,
2023-06-26 14:00:00,Australia,Queensland,AU-QLD,642.38,700.9,12.73,12.73,opennem.org.au,false,
2023-06-26 15:00:00,Australia,Queensland,AU-QLD,636.68,695.07,13.43,13.43,opennem.org.au,false,
2023-06-26 16:00:00,Australia,Queensland,AU-QLD,630.94,688.41,14.42,14.42,opennem.org.au,false,
2023-06-26 17:00:00,Australia,Queensland,AU-QLD,629.78,687.6,14.38,14.38,opennem.org.au,false,
2023-06-26 18:00:00,Australia,Queensland,AU-QLD,631.59,690.07,13.67,13.67,opennem.org.au,false,
2023-06-26 19:00:00,Australia,Queensland,AU-QLD,630.61,690.97,12.63,12.63,opennem.org.au,false,
2023-06-26 20:00:00,Australia,Queensland,AU-QLD,619.05,682.31,12.25,12.25,opennem.org.au,false,
2023-06-26 21:00:00,Australia,Queensland,AU-QLD,571.8,633.09,19.64,19.64,opennem.org.au,false,
2023-06-26 22:00:00,Australia,Queensland,AU-QLD,446.96,501.34,39.23,39.23,opennem.org.au,false,
2023-06-26 23:00:00,Australia,Queensland,AU-QLD,382.01,434.65,48.64,48.64,opennem.org.au,false,
2023-06-27 00:00:00,Australia,Queensland,AU-QLD,359.73,412.78,51.58,51.58,opennem.org.au,false,
2023-06-27 01:00:00,Australia,Queensland,AU-QLD,350.44,403.41,52.84,52.84,opennem.org.au,false,
2023-06-27 02:00:00,Australia,Queensland,AU-QLD,348.82,402.03,53.08,53.08,opennem.org.au,false,
2023-06-27 03:00:00,Australia,Queensland,AU-QLD,337.91,391.19,54.26,54.26,opennem.org.au,false,
2023-06-27 04:00:00,Australia,Queensland,AU-QLD,364.07,418.3,50.5,50.5,opennem.org.au,false,
2023-06-27 05:00:00,Australia,Queensland,AU-QLD,440.25,498.04,38.96,38.96,opennem.org.au,false,
2023-06-27 06:00:00,Australia,Queensland,AU-QLD,560.23,627.4,17.94,17.94,opennem.org.au,false,
2023-06-27 07:00:00,Australia,Queensland,AU-QLD,617.97,691.04,6.1,6.1,opennem.org.au,false,
2023-06-27 08:00:00,Australia,Queensland,AU-QLD,623.21,696.54,5.24,5.24,opennem.org.au,false,
2023-06-27 09:00:00,Australia,Queensland,AU-QLD,629.18,702.45,4.49,4.49,opennem.org.au,false,
2023-06-27 10:00:00,Australia,Queensland,AU-QLD,637.91,712.08,3.37,3.37,opennem.org.au,false,
2023-06-27 11:00:00,Australia,Queensland,AU-QLD,661.37,731.6,3.55,3.55,opennem.org.au,false,
2023-06-27 12:00:00,Australia,Queensland,AU-QLD,678.11,743.93,4.78,4.78,opennem.org.au,false,
2023-06-27 13:00:00,Australia,Queensland,AU-QLD,688.05,752.74,4.6,4.6,opennem.org.au,false,
2023-06-27 14:00:00,Australia,Queensland,AU-QLD,689.8,754.59,4.56,4.56,opennem.org.au,false,
2023-06-27 15:00:00,Australia,Queensland,AU-QLD,690.17,754.98,4.5,4.5,opennem.org.au,false,
2023-06-27 16:00:00,Australia,Queensland,AU-QLD,687.39,752.02,4.92,4.92,opennem.org.au,false,
2023-06-27 17:00:00,Australia,Queensland,AU-QLD,682.11,746.19,5.71,5.71,opennem.org.au,false,
2023-06-27 18:00:00,Australia,Queensland,AU-QLD,676.67,740.63,6.3,6.3,opennem.org.au,false,
2023-06-27 19:00:00,Australia,Queensland,AU-QLD,668.47,733.88,6.16,6.16,opennem.org.au,false,
2023-06-27 20:00:00,Australia,Queensland,AU-QLD,645.29,713.81,6.49,6.49,opennem.org.au,false,
2023-06-27 21:00:00,Australia,Queensland,AU-QLD,599.03,666.64,12.81,12.81,opennem.org.au,false,
2023-06-27 22:00:00,Australia,Queensland,AU-QLD,513.44,573.72,28.05,28.05,opennem.org.au,false,
2023-06-27 23:00:00,Australia,Queensland,AU-QLD,434.72,489.82,41.53,41.53,opennem.org.au,false,
2023-06-28 00:00:00,Australia,Queensland,AU-QLD,371.24,424.89,50.16,50.16,opennem.org.au,false,
2023-06-28 01:00:00,Australia,Queensland,AU-QLD,346.52,399.3,53.41,53.41,opennem.org.au,false,
2023-06-28 02:00:00,Australia,Queensland,AU-QLD,332.16,384.7,55.31,55.31,opennem.org.au,false,
2023-06-28 03:00:00,Australia,Queensland,AU-QLD,344.34,397.24,53.67,53.67,opennem.org.au,false,
2023-06-28 04:00:00,Australia,Queensland,AU-QLD,387.61,442.71,47.06,47.06,opennem.org.au,false,
2023-06-28 05:00:00,Australia,Queensland,AU-QLD,461.59,521.38,34.9,34.9,opennem.org.au,false,
2023-06-28 06:00:00,Australia,Queensland,AU-QLD,542.47,609.65,19.52,19.52,opennem.org.au,false,
2023-06-28 07:00:00,Australia,Queensland,AU-QLD,594.9,669.57,8.38,8.38,opennem.org.au,false,
2023-06-28 08:00:00,Australia,Queensland,AU-QLD,604.81,678.95,7.47,7.47,opennem.org.au,false,
2023-06-28 09:00:00,Australia,Queensland,AU-QLD,615.35,686.7,7.4,7.4,opennem.org.au,false,
2023-06-28 10:00:00,Australia,Queensland,AU-QLD,622.28,692.76,7.32,7.32,opennem.org.au,false,
2023-06-28 11:00:00,Australia,Queensland,AU-QLD,631.1,696.9,9.39,9.39,opennem.org.au,false,
2023-06-28 12:00:00,Australia,Queensland,AU-QLD,653.18,716.57,8.83,8.83,opennem.org.au,false,
2023-06-28 13:00:00,Australia,Queensland,AU-QLD,655.55,717.03,9.71,9.71,opennem.org.au,false,
2023-06-28 14:00:00,Australia,Queensland,AU-QLD,654.67,716.36,9.68,9.68,opennem.org.au,false,
2023-06-28 15:00:00,Australia,Queensland,AU-QLD,656.01,717.63,9.28,9.28,opennem.org.au,false,
2023-06-28 16:00:00,Australia,Queensland,AU-QLD,660.87,722.59,8.81,8.81,opennem.org.au,false,
2023-06-28 17:00:00,Australia,Queensland,AU-QLD,659.34,720.43,9.33,9.33,opennem.org.au,false,
2023-06-28 18:00:00,Australia,Queensland,AU-QLD,649.52,710.36,10.51,10.51,opennem.org.au,false,
2023-06-28 19:00:00,Australia,Queensland,AU-QLD,646.07,709.25,9.35,9.35,opennem.org.au,false,
2023-06-28 20:00:00,Australia,Queensland,AU-QLD,639.72,704.05,9.06,9.06,opennem.org.au,false,
2023-06-28 21:00:00,Australia,Queensland,AU-QLD,609.11,672.35,13.26,13.26,opennem.org.au,false,
2023-06-28 22:00:00,Australia,Queensland,AU-QLD,564.36,623.8,22.0,22.0,opennem.org.au,false,
2023-06-28 23:00:00,Australia,Queensland,AU-QLD,521.65,577.76,29.83,29.83,opennem.org.au,false,
2023-06-29 00:00:00,Australia,Queensland,AU-QLD,449.6,503.85,39.77,39.77,opennem.org.au,false,
2023-06-29 01:00:00,Australia,Queensland,AU-QLD,396.4,449.46,46.84,46.84,opennem.org.au,false,
2023-06-29 02:00:00,Australia,Queensland,AU-QLD,400.18,453.5,46.35,46.35,opennem.org.au,false,
2023-06-29 03:00:00,Australia,Queensland,AU-QLD,393.7,447.29,46.74,46.74,opennem.org.au,false,
2023-06-29 04:00:00,Australia,Queensland,AU-QLD,414.51,469.57,43.15,43.15,opennem.org.au,false,
2023-06-29 05:00:00,Australia,Queensland,AU-QLD,472.5,530.67,33.91,33.91,opennem.org.au,false,
2023-06-29 06:00:00,Australia,Queensland,AU-QLD,560.33,622.89,20.54,20.54,opennem.org.au,false,
2023-06-29 07:00:00,Australia,Queensland,AU-QLD,608.4,675.55,10.94,10.94,opennem.org.au,false,
2023-06-29 08:00:00,Australia,Queensland,AU-QLD,610.59,678.47,10.02,10.02,opennem.org.au,false,
2023-06-29 09:00:00,Australia,Queensland,AU-QLD,619.35,687.3,8.95,8.95,opennem.org.au,false,
2023-06-29 10:00:00,Australia,Queensland,AU-QLD,624.09,691.93,8.44,8.44,opennem.org.au,false,
2023-06-29 11:00:00,Australia,Queensland,AU-QLD,632.04,696.4,10.04,10.04,opennem.org.au,false,
2023-06-29 12:00:00,Australia,Queensland,AU-QLD,641.63,703.06,10.85,10.85,opennem.org.au,false,
2023-06-29 13:00:00,Australia,Queensland,AU-QLD,652.17,711.9,10.98,10.98,opennem.org.au,false,
2023-06-29 14:00:00,Australia,Queensland,AU-QLD,651.47,711.78,10.89,10.89,opennem.org.au,false,
2023-06-29 15:00:00,Australia,Queensland,AU-QLD,652.42,712.71,10.83,10.83,opennem.org.au,false,
2023-06-29 16:00:00,Australia,Queensland,AU-QLD,650.04,709.88,11.35,11.35,opennem.org.au,false,
2023-06-29 17:00:00,Australia,Queensland,AU-QLD,651.75,711.2,11.28,11.28,opennem.org.au,false,
2023-06-29 18:00:00,Australia,Queensland,AU-QLD,650.54,710.3,11.29,11.29,opennem.org.au,false,
2023-06-29 19:00:00,Australia,Queensland,AU-QLD,655.81,715.75,10.61,10.61,opennem.org.au,false,
2023-06-29 20:00:00,Australia,Queensland,AU-QLD,635.98,697.52,11.98,11.98,opennem.org.au,false,
2023-06-29 21:00:00,Australia,Queensland,AU-QLD,583.28,643.83,19.2,19.2,opennem.org.au,false,
2023-06-29 22:00:00,Australia,Queensland,AU-QLD,472.47,528.16,35.79,35.79,opennem.org.au,false,
2023-06-29 23:00:00,Australia,Queensland,AU-QLD,373.96,425.81,50.13,50.13,opennem.org.au,false,
2023-06-30 00:00:00,Australia,Queensland,AU-QLD,338.6,389.72,54.68,54.68,opennem.org.au,false,
2023-06-30 01:00:00,Australia,Queensland,AU-QLD,314.48,365.47,57.91,57.91,opennem.org.au,false,
2023-06-30 02:00:00,Australia,Queensland,AU-QLD,314.55,365.84,57.9,57.9,opennem.org.au,false,
2023-06-30 03:00:00,Australia,Queensland,AU-QLD,323.04,375.57,56.26,56.26,opennem.org.au,false,
2023-06-30 04:00:00,Australia,Queensland,AU-QLD,341.59,395.29,53.05,53.05,opennem.org.au,false,
2023-06-30 05:00:00,Australia,Queensland,AU-QLD,418.98,475.67,41.65,41.65,opennem.org.au,false,
2023-06-30 06:00:00,Australia,Queensland,AU-QLD,541.36,603.35,23.47,23.47,opennem.org.au,false,
2023-06-30 07:00:00,Australia,Queensland,AU-QLD,620.05,686.94,10.1,10.1,opennem.org.au,false,
2023-06-30 08:00:00,Australia,Queensland,AU-QLD,621.73,687.88,9.97,9.97,opennem.org.au,false,
2023-06-30 09:00:00,Australia,Queensland,AU-QLD,626.43,691.75,9.86,9.86,opennem.org.au,false,
2023-06-30 10:00:00,Australia,Queensland,AU-QLD,625.05,690.64,9.85,9.85,opennem.org.au,false,
2023-06-30 11:00:00,Australia,Queensland,AU-QLD,630.39,693.51,10.89,10.89,opennem.org.au,false,
2023-06-30 12:00:00,Australia,Queensland,AU-QLD,639.86,699.71,12.13,12.13,opennem.org.au,false,
2023-06-30 13:00:00,Australia,Queensland,AU-QLD,645.53,704.43,12.32,12.32,opennem.org.au,false,
2023-06-30 14:00:00,Australia,Queensland,AU-QLD,652.45,709.34,12.94,12.94,opennem.org.au,false,
2023-06-30 15:00:00,Australia,Queensland,AU-QLD,658.09,714.89,12.41,12.41,opennem.org.au,false,
2023-06-30 16:00:00,Australia,Queensland,AU-QLD,666.07,723.26,11.34,11.34,opennem.org.au,false,
2023-06-30 17:00:00,Australia,Queensland,AU-QLD,666.65,723.97,11.23,11.23,opennem.org.au,false,
2023-06-30 18:00:00,Australia,Queensland,AU-QLD,667.19,724.57,11.17,11.17,opennem.org.au,false,
2023-06-30 19:00:00,Australia,Queensland,AU-QLD,673.02,730.67,10.42,10.42,opennem.org.au,false,
2023-06-30 20:00:00,Australia,Queensland,AU-QLD,665.3,722.75,11.48,11.48,opennem.org.au,false,
2023-06-30 21:00:00,Australia,Queensland,AU-QLD,620.8,676.53,17.64,17.64,opennem.org.au,false,
2023-06-30 22:00:00,Australia,Queensland,AU-QLD,539.88,595.27,28.18,28.18,opennem.org.au,false,
2023-06-30 23:00:00,Australia,Queensland,AU-QLD,484.04,538.98,35.53,35.53,opennem.org.au,false,
2023-07-01 00:00:00,Australia,Queensland,AU-QLD,434.15,488.28,42.16,42.16,opennem.org.au,false,
2023-07-01 01:00:00,Australia,Queensland,AU-QLD,393.13,446.63,47.5,47.5,opennem.org.au,false,
2023-07-01 02:00:00,Australia,Queensland,AU-QLD,383.86,436.74,48.74,48.74,opennem.org.au,false,
2023-07-01 03:00:00,Australia,Queensland,AU-QLD,415.66,469.22,44.46,44.46,opennem.org.au,false,
2023-07-01 04:00:00,Australia,Queensland,AU-QLD,470.6,526.39,36.28,36.28,opennem.org.au,false,
2023-07-01 05:00:00,Australia,Queensland,AU-QLD,532.32,591.48,26.78,26.78,opennem.org.au,false,
2023-07-01 06:00:00,Australia,Queensland,AU-QLD,587.05,650.07,17.27,17.27,opennem.org.au,false,
2023-07-01 07:00:00,Australia,Queensland,AU-QLD,619.18,684.1,11.25,11.25,opennem.org.au,false,
2023-07-01 08:00:00,Australia,Queensland,AU-QLD,621.19,685.94,10.96,10.96,opennem.org.au,false,
2023-07-01 09:00:00,Australia,Queensland,AU-QLD,629.38,694.31,9.94,9.94,opennem.org.au,false,
2023-07-01 10:00:00,Australia,Queensland,AU-QLD,638.37,704.51,8.38,8.38,opennem.org.au,false,
2023-07-01 11:00:00,Australia,Queensland,AU-QLD,634.22,698.94,9.66,9.66,opennem.org.au,false,
2023-07-01 12:00:00,Australia,Queensland,AU-QLD,625.55,687.13,12.49,12.49,opennem.org.au,false,
2023-07-01 13:00:00,Australia,Queensland,AU-QLD,636.21,697.24,11.65,11.65,opennem.org.au,false,
2023-07-01 14:00:00,Australia,Queensland,AU-QLD,634.22,694.93,11.98,11.98,opennem.org.au,false,
2023-07-01 15:00:00,Australia,Queensland,AU-QLD,643.81,701.91,12.72,12.72,opennem.org.au,false,
2023-07-01 16:00:00,Australia,Queensland,AU-QLD,658.02,715.04,12.14,12.14,opennem.org.au,false,
2023-07-01 17:00:00,Australia,Queensland,AU-QLD,665.26,723.0,11.08,11.08,opennem.org.au,false,
2023-07-01 18:00:00,Australia,Queensland,AU-QLD,681.59,740.43,8.92,8.92,opennem.org.au,false,
2023-07-01 19:00:00,Australia,Queensland,AU-QLD,682.9,741.88,8.78,8.78,opennem.org.au,false,
2023-07-01 20:00:00,Australia,Queensland,AU-QLD,680.46,739.21,9.1,9.1,opennem.org.au,false,
2023-07-01 21:00:00,Australia,Queensland,AU-QLD,652.65,710.63,12.96,12.96,opennem.org.au,false,
2023-07-01 22:00:00,Australia,Queensland,AU-QLD,568.39,624.68,24.12,24.12,opennem.org.au,false,
2023-07-01 23:00:00,Australia,Queensland,AU-QLD,482.94,538.06,35.43,35.43,opennem.org.au,false,
2023-07-02 00:00:00,Australia,Queensland,AU-QLD,410.23,464.15,45.03,45.03,opennem.org.au,false,
2023-07-02 01:00:00,Australia,Queensland,AU-QLD,399.89,453.62,46.4,46.4,opennem.org.au,false,
2023-07-02 02:00:00,Australia,Queensland,AU-QLD,402.28,455.9,46.12,46.12,opennem.org.au,false,
2023-07-02 03:00:00,Australia,Queensland,AU-QLD,415.64,469.72,44.31,44.31,opennem.org.au,false,
2023-07-02 04:00:00,Australia,Queensland,AU-QLD,435.81,491.44,40.78,40.78,opennem.org.au,false,
2023-07-02 05:00:00,Australia,Queensland,AU-QLD,496.68,555.08,31.31,31.31,opennem.org.au,false,
2023-07-02 06:00:00,Australia,Queensland,AU-QLD,580.14,643.56,17.68,17.68,opennem.org.au,false,
2023-07-02 07:00:00,Australia,Queensland,AU-QLD,623.08,691.48,8.74,8.74,opennem.org.au,false,
2023-07-02 08:00:00,Australia,Queensland,AU-QLD,616.11,683.52,9.78,9.78,opennem.org.au,false,
2023-07-02 09:00:00,Australia,Queensland,AU-QLD,612.76,678.11,11.26,11.26,opennem.org.au,false,
2023-07-02 10:00:00,Australia,Queensland,AU-QLD,629.4,695.26,9.29,9.29,opennem.org.au,false,
2023-07-02 11:00:00,Australia,Queensland,AU-QLD,640.06,704.31,9.3,9.3,opennem.org.au,false,
2023-07-02 12:00:00,Australia,Queensland,AU-QLD,643.61,705.8,10.29,10.29,opennem.org.au,false,
2023-07-02 13:00:00,Australia,Queensland,AU-QLD,648.66,710.15,10.24,10.24,opennem.org.au,false,
2023-07-02 14:00:00,Australia,Queensland,AU-QLD,650.89,710.13,11.5,11.5,opennem.org.au,false,
2023-07-02 15:00:00,Australia,Queensland,AU-QLD,647.62,706.64,11.89,11.89,opennem.org.au,false,
2023-07-02 16:00:00,Australia,Queensland,AU-QLD,656.23,716.07,10.72,10.72,opennem.org.au,false,
2023-07-02 17:00:00,Australia,Queensland,AU-QLD,639.9,698.46,12.93,12.93,opennem.org.au,false,
2023-07-02 18:00:00,Australia,Queensland,AU-QLD,646.68,705.66,12.03,12.03,opennem.org.au,false,
2023-07-02 19:00:00,Australia,Queensland,AU-QLD,654.65,714.77,10.57,10.57,opennem.org.au,false,
2023-07-02 20:00:00,Australia,Queensland,AU-QLD,643.18,702.24,12.34,12.34,opennem.org.au,false,
2023-07-02 21:00:00,Australia,Queensland,AU-QLD,633.61,692.36,13.75,13.75,opennem.org.au,false,
2023-07-02 22:00:00,Australia,Queensland,AU-QLD,607.98,666.98,16.99,16.99,opennem.org.au,false,
2023-07-02 23:00:00,Australia,Queensland,AU-QLD,589.04,647.88,19.51,19.51,opennem.org.au,false,
2023-07-03 00:00:00,Australia,Queensland,AU-QLD,550.92,608.44,25.08,25.08,opennem.org.au,false,
2023-07-03 01:00:00,Australia,Queensland,AU-QLD,531.61,588.65,27.8,27.8,opennem.org.au,false,
2023-07-03 02:00:00,Australia,Queensland,AU-QLD,532.56,589.42,27.66,27.66,opennem.org.au,false,
2023-07-03 03:00:00,Australia,Queensland,AU-QLD,545.78,603.98,25.04,25.04,opennem.org.au,false,
2023-07-03 04:00:00,Australia,Queensland,AU-QLD,546.89,609.59,21.62,21.62,opennem.org.au,false,
2023-07-03 05:00:00,Australia,Queensland,AU-QLD,578.73,645.51,15.13,15.13,opennem.org.au,false,
2023-07-03 06:00:00,Australia,Queensland,AU-QLD,615.87,686.52,8.18,8.18,opennem.org.au,false,
2023-07-03 07:00:00,Australia,Queensland,AU-QLD,612.7,685.5,6.65,6.65,opennem.org.au,false,
2023-07-03 08:00:00,Australia,Queensland,AU-QLD,599.38,671.92,7.93,7.93,opennem.org.au,false,
2023-07-03 09:00:00,Australia,Queensland,AU-QLD,609.35,679.79,7.97,7.97,opennem.org.au,false,
2023-07-03 10:00:00,Australia,Queensland,AU-QLD,627.77,696.52,7.18,7.18,opennem.org.au,false,
2023-07-03 11:00:00,Australia,Queensland,AU-QLD,645.0,711.55,6.89,6.89,opennem.org.au,false,
2023-07-03 12:00:00,Australia,Queensland,AU-QLD,657.9,721.49,7.55,7.55,opennem.org.au,false,
2023-07-03 13:00:00,Australia,Queensland,AU-QLD,660.93,722.4,8.58,8.58,opennem.org.au,false,
2023-07-03 14:00:00,Australia,Queensland,AU-QLD,659.63,720.64,8.99,8.99,opennem.org.au,false,
2023-07-03 15:00:00,Australia,Queensland,AU-QLD,661.61,721.92,9.24,9.24,opennem.org.au,false,
2023-07-03 16:00:00,Australia,Queensland,AU-QLD,661.25,721.52,9.29,9.29,opennem.org.au,false,
2023-07-03 17:00:00,Australia,Queensland,AU-QLD,664.39,724.8,8.88,8.88,opennem.org.au,false,
2023-07-03 18:00:00,Australia,Queensland,AU-QLD,665.14,726.14,8.47,8.47,opennem.org.au,false,
2023-07-03 19:00:00,Australia,Queensland,AU-QLD,666.13,727.86,7.94,7.94,opennem.org.au,false,
2023-07-03 20:00:00,Australia,Queensland,AU-QLD,654.36,717.58,8.12,8.12,opennem.org.au,false,
2023-07-03 21:00:00,Australia,Queensland,AU-QLD,638.87,703.68,8.77,8.77,opennem.org.au,false,
2023-07-03 22:00:00,Australia,Queensland,AU-QLD,597.99,661.53,14.29,14.29,opennem.org.au,false,
2023-07-03 23:00:00,Australia,Queensland,AU-QLD,583.18,646.17,17.07,17.07,opennem.org.au,false,
2023-07-04 00:00:00,Australia,Queensland,AU-QLD,556.34,619.08,20.74,20.74,opennem.org.au,false,
2023-07-04 01:00:00,Australia,Queensland,AU-QLD,564.2,628.47,19.2,19.2,opennem.org.au,false,
2023-07-04 02:00:00,Australia,Queensland,AU-QLD,554.34,617.95,20.72,20.72,opennem.org.au,false,
2023-07-04 03:00:00,Australia,Queensland,AU-QLD,566.9,631.63,18.44,18.44,opennem.org.au,false,
2023-07-04 04:00:00,Australia,Queensland,AU-QLD,589.84,656.31,14.61,14.61,opennem.org.au,false,
2023-07-04 05:00:00,Australia,Queensland,AU-QLD,601.04,668.53,12.32,12.32,opennem.org.au,false,
2023-07-04 06:00:00,Australia,Queensland,AU-QLD,610.74,680.58,9.16,9.16,opennem.org.au,false,
2023-07-04 07:00:00,Australia,Queensland,AU-QLD,620.96,692.09,6.9,6.9,opennem.org.au,false,
2023-07-04 08:00:00,Australia,Queensland,AU-QLD,619.01,689.65,7.3,7.3,opennem.org.au,false,
2023-07-04 09:00:00,Australia,Queensland,AU-QLD,632.09,702.74,6.07,6.07,opennem.org.au,false,
2023-07-04 10:00:00,Australia,Queensland,AU-QLD,649.48,719.72,4.6,4.6,opennem.org.au,false,
2023-07-04 11:00:00,Australia,Queensland,AU-QLD,667.9,736.19,4.09,4.09,opennem.org.au,false,
2023-07-04 12:00:00,Australia,Queensland,AU-QLD,676.05,743.42,3.95,3.95,opennem.org.au,false,
2023-07-04 13:00:00,Australia,Queensland,AU-QLD,677.96,743.98,4.65,4.65,opennem.org.au,false,
2023-07-04 14:00:00,Australia,Queensland,AU-QLD,702.74,765.97,4.04,4.04,opennem.org.au,false,
2023-07-04 15:00:00,Australia,Queensland,AU-QLD,717.86,781.24,2.48,2.48,opennem.org.au,false,
2023-07-04 16:00:00,Australia,Queensland,AU-QLD,718.03,780.56,2.94,2.94,opennem.org.au,false,
2023-07-04 17:00:00,Australia,Queensland,AU-QLD,718.35,780.89,2.94,2.94,opennem.org.au,false,
2023-07-04 18:00:00,Australia,Queensland,AU-QLD,714.07,776.68,3.38,3.38,opennem.org.au,false,
2023-07-04 19:00:00,Australia,Queensland,AU-QLD,708.94,771.32,3.98,3.98,opennem.org.au,false,
2023-07-04 20:00:00,Australia,Queensland,AU-QLD,697.76,761.17,4.37,4.37,opennem.org.au,false,
2023-07-04 21:00:00,Australia,Queensland,AU-QLD,669.82,733.0,7.79,7.79,opennem.org.au,false,
2023-07-04 22:00:00,Australia,Queensland,AU-QLD,570.64,629.83,22.61,22.61,opennem.org.au,false,
2023-07-04 23:00:00,Australia,Queensland,AU-QLD,490.91,546.87,34.39,34.39,opennem.org.au,false,
2023-07-05 00:00:00,Australia,Queensland,AU-QLD,440.35,495.0,41.11,41.11,opennem.org.au,false,
2023-07-05 01:00:00,Australia,Queensland,AU-QLD,418.05,472.29,44.04,44.04,opennem.org.au,false,
2023-07-05 02:00:00,Australia,Queensland,AU-QLD,412.91,466.97,44.73,44.73,opennem.org.au,false,
2023-07-05 03:00:00,Australia,Queensland,AU-QLD,419.9,474.42,43.54,43.54,opennem.org.au,false,
2023-07-05 04:00:00,Australia,Queensland,AU-QLD,435.82,491.6,40.62,40.62,opennem.org.au,false,
2023-07-05 05:00:00,Australia,Queensland,AU-QLD,475.62,534.61,33.58,33.58,opennem.org.au,false,
2023-07-05 06:00:00,Australia,Queensland,AU-QLD,575.9,639.54,18.21,18.21,opennem.org.au,false,
2023-07-05 07:00:00,Australia,Queensland,AU-QLD,643.17,711.86,6.08,6.08,opennem.org.au,false,
2023-07-05 08:00:00,Australia,Queensland,AU-QLD,642.82,711.45,5.92,5.92,opennem.org.au,false,
2023-07-05 09:00:00,Australia,Queensland,AU-QLD,660.85,728.81,4.62,4.62,opennem.org.au,false,
2023-07-05 10:00:00,Australia,Queensland,AU-QLD,678.41,745.72,3.23,3.23,opennem.org.au,false,
2023-07-05 11:00:00,Australia,Queensland,AU-QLD,683.61,748.62,4.14,4.14,opennem.org.au,false,
2023-07-05 12:00:00,Australia,Queensland,AU-QLD,688.24,752.45,4.19,4.19,opennem.org.au,false,
2023-07-05 13:00:00,Australia,Queensland,AU-QLD,695.13,756.63,5.17,5.17,opennem.org.au,false,
2023-07-05 14:00:00,Australia,Queensland,AU-QLD,704.69,765.98,4.4,4.4,opennem.org.au,false,
2023-07-05 15:00:00,Australia,Queensland,AU-QLD,711.91,773.38,3.63,3.63,opennem.org.au,false,
2023-07-05 16:00:00,Australia,Queensland,AU-QLD,718.18,779.97,2.85,2.85,opennem.org.au,false,
2023-07-05 17:00:00,Australia,Queensland,AU-QLD,721.57,783.64,2.37,2.37,opennem.org.au,false,
2023-07-05 18:00:00,Australia,Queensland,AU-QLD,715.87,777.65,3.11,3.11,opennem.org.au,false,
2023-07-05 19:00:00,Australia,Queensland,AU-QLD,710.66,772.58,3.51,3.51,opennem.org.au,false,
2023-07-05 20:00:00,Australia,Queensland,AU-QLD,701.98,763.67,4.45,4.45,opennem.org.au,false,
2023-07-05 21:00:00,Australia,Queensland,AU-QLD,645.37,707.9,11.26,11.26,opennem.org.au,false,
2023-07-05 22:00:00,Australia,Queensland,AU-QLD,523.8,580.94,29.11,29.11,opennem.org.au,false,
2023-07-05 23:00:00,Australia,Queensland,AU-QLD,454.56,509.29,39.26,39.26,opennem.org.au,false,
2023-07-06 00:00:00,Australia,Queensland,AU-QLD,401.63,454.95,46.37,46.37,opennem.org.au,false,
2023-07-06 01:00:00,Australia,Queensland,AU-QLD,376.32,428.4,49.76,49.76,opennem.org.au,false,
2023-07-06 02:00:00,Australia,Queensland,AU-QLD,380.7,432.78,49.18,49.18,opennem.org.au,false,
2023-07-06 03:00:00,Australia,Queensland,AU-QLD,419.31,472.26,43.76,43.76,opennem.org.au,false,
2023-07-06 04:00:00,Australia,Queensland,AU-QLD,461.58,517.17,36.97,36.97,opennem.org.au,false,
2023-07-06 05:00:00,Australia,Queensland,AU-QLD,522.81,582.31,26.96,26.96,opennem.org.au,false,
2023-07-06 06:00:00,Australia,Queensland,AU-QLD,594.13,657.07,16.19,16.19,opennem.org.au,false,
2023-07-06 07:00:00,Australia,Queensland,AU-QLD,643.92,709.23,8.21,8.21,opennem.org.au,false,
2023-07-06 08:00:00,Australia,Queensland,AU-QLD,649.75,716.85,6.14,6.14,opennem.org.au,false,
2023-07-06 09:00:00,Australia,Queensland,AU-QLD,658.76,725.36,5.61,5.61,opennem.org.au,false,
2023-07-06 10:00:00,Australia,Queensland,AU-QLD,671.03,736.66,4.97,4.97,opennem.org.au,false,
2023-07-06 11:00:00,Australia,Queensland,AU-QLD,673.33,736.21,6.38,6.38,opennem.org.au,false,
2023-07-06 12:00:00,Australia,Queensland,AU-QLD,667.92,727.33,9.05,9.05,opennem.org.au,false,
2023-07-06 13:00:00,Australia,Queensland,AU-QLD,680.38,737.26,9.42,9.42,opennem.org.au,false,
2023-07-06 14:00:00,Australia,Queensland,AU-QLD,688.23,745.53,8.37,8.37,opennem.org.au,false,
2023-07-06 15:00:00,Australia,Queensland,AU-QLD,687.8,745.08,8.41,8.41,opennem.org.au,false,
2023-07-06 16:00:00,Australia,Queensland,AU-QLD,692.7,750.35,7.74,7.74,opennem.org.au,false,
2023-07-06 17:00:00,Australia,Queensland,AU-QLD,696.62,754.54,7.22,7.22,opennem.org.au,false,
2023-07-06 18:00:00,Australia,Queensland,AU-QLD,696.21,754.01,7.31,7.31,opennem.org.au,false,
2023-07-06 19:00:00,Australia,Queensland,AU-QLD,699.49,757.37,6.95,6.95,opennem.org.au,false,
2023-07-06 20:00:00,Australia,Queensland,AU-QLD,682.5,741.6,8.93,8.93,opennem.org.au,false,
2023-07-06 21:00:00,Australia,Queensland,AU-QLD,632.25,690.74,15.53,15.53,opennem.org.au,false,
2023-07-06 22:00:00,Australia,Queensland,AU-QLD,498.12,551.89,33.86,33.86,opennem.org.au,false,
2023-07-06 23:00:00,Australia,Queensland,AU-QLD,401.71,453.86,46.44,46.44,opennem.org.au,false,
2023-07-07 00:00:00,Australia,Queensland,AU-QLD,361.02,412.45,51.77,51.77,opennem.org.au,false,
2023-07-07 01:00:00,Australia,Queensland,AU-QLD,336.97,388.01,54.94,54.94,opennem.org.au,false,
2023-07-07 02:00:00,Australia,Queensland,AU-QLD,338.02,388.99,54.79,54.79,opennem.org.au,false,
2023-07-07 03:00:00,Australia,Queensland,AU-QLD,342.98,393.81,54.13,54.13,opennem.org.au,false,
2023-07-07 04:00:00,Australia,Queensland,AU-QLD,356.02,407.53,52.14,52.14,opennem.org.au,false,
2023-07-07 05:00:00,Australia,Queensland,AU-QLD,412.3,466.7,43.43,43.43,opennem.org.au,false,
2023-07-07 06:00:00,Australia,Queensland,AU-QLD,538.28,597.54,25.0,25.0,opennem.org.au,false,
2023-07-07 07:00:00,Australia,Queensland,AU-QLD,643.86,707.11,9.35,9.35,opennem.org.au,false,
2023-07-07 08:00:00,Australia,Queensland,AU-QLD,646.65,709.64,8.9,8.9,opennem.org.au,false,
2023-07-07 09:00:00,Australia,Queensland,AU-QLD,644.59,708.27,8.55,8.55,opennem.org.au,false,
2023-07-07 10:00:00,Australia,Queensland,AU-QLD,646.15,709.38,8.68,8.68,opennem.org.au,false,
2023-07-07 11:00:00,Australia,Queensland,AU-QLD,649.05,711.67,8.77,8.77,opennem.org.au,false,
2023-07-07 12:00:00,Australia,Queensland,AU-QLD,642.03,699.09,12.93,12.93,opennem.org.au,false,
2023-07-07 13:00:00,Australia,Queensland,AU-QLD,640.74,696.23,14.07,14.07,opennem.org.au,false,
2023-07-07 14:00:00,Australia,Queensland,AU-QLD,641.76,696.07,14.67,14.67,opennem.org.au,false,
2023-07-07 15:00:00,Australia,Queensland,AU-QLD,638.92,693.25,14.93,14.93,opennem.org.au,false,
2023-07-07 16:00:00,Australia,Queensland,AU-QLD,636.49,690.68,15.25,15.25,opennem.org.au,false,
2023-07-07 17:00:00,Australia,Queensland,AU-QLD,638.05,692.22,15.04,15.04,opennem.org.au,false,
2023-07-07 18:00:00,Australia,Queensland,AU-QLD,649.82,704.53,13.46,13.46,opennem.org.au,false,
2023-07-07 19:00:00,Australia,Queensland,AU-QLD,650.12,704.9,13.39,13.39,opennem.org.au,false,
2023-07-07 20:00:00,Australia,Queensland,AU-QLD,637.91,692.02,15.11,15.11,opennem.org.au,false,
2023-07-07 21:00:00,Australia,Queensland,AU-QLD,587.82,641.66,21.72,21.72,opennem.org.au,false,
2023-07-07 22:00:00,Australia,Queensland,AU-QLD,439.29,491.31,41.4,41.4,opennem.org.au,false,
2023-07-07 23:00:00,Australia,Queensland,AU-QLD,360.27,411.07,51.83,51.83,opennem.org.au,false,
2023-07-08 00:00:00,Australia,Queensland,AU-QLD,348.61,399.68,53.38,53.38,opennem.org.au,false,
2023-07-08 01:00:00,Australia,Queensland,AU-QLD,341.3,392.79,54.35,54.35,opennem.org.au,false,
2023-07-08 02:00:00,Australia,Queensland,AU-QLD,352.74,404.88,52.81,52.81,opennem.org.au,false,
2023-07-08 03:00:00,Australia,Queensland,AU-QLD,351.56,403.88,52.97,52.97,opennem.org.au,false,
2023-07-08 04:00:00,Australia,Queensland,AU-QLD,365.29,417.86,51.2,51.2,opennem.org.au,false,
2023-07-08 05:00:00,Australia,Queensland,AU-QLD,379.89,433.33,48.72,48.72,opennem.org.au,false,
2023-07-08 06:00:00,Australia,Queensland,AU-QLD,513.48,569.93,30.48,30.48,opennem.org.au,false,
2023-07-08 07:00:00,Australia,Queensland,AU-QLD,636.44,696.08,12.54,12.54,opennem.org.au,false,
2023-07-08 08:00:00,Australia,Queensland,AU-QLD,647.13,709.54,9.22,9.22,opennem.org.au,false,
2023-07-08 09:00:00,Australia,Queensland,AU-QLD,653.09,716.72,7.84,7.84,opennem.org.au,false,
2023-07-08 10:00:00,Australia,Queensland,AU-QLD,647.62,710.38,8.84,8.84,opennem.org.au,false,
2023-07-08 11:00:00,Australia,Queensland,AU-QLD,658.24,718.48,9.38,9.38,opennem.org.au,false,
2023-07-08 12:00:00,Australia,Queensland,AU-QLD,650.68,708.03,11.99,11.99,opennem.org.au,false,
2023-07-08 13:00:00,Australia,Queensland,AU-QLD,647.7,703.72,13.1,13.1,opennem.org.au,false,
2023-07-08 14:00:00,Australia,Queensland,AU-QLD,640.91,696.26,14.14,14.14,opennem.org.au,false,
2023-07-08 15:00:00,Australia,Queensland,AU-QLD,640.3,694.87,14.68,14.68,opennem.org.au,false,
2023-07-08 16:00:00,Australia,Queensland,AU-QLD,636.92,691.37,15.07,15.07,opennem.org.au,false,
2023-07-08 17:00:00,Australia,Queensland,AU-QLD,646.56,701.21,13.83,13.83,opennem.org.au,false,
2023-07-08 18:00:00,Australia,Queensland,AU-QLD,645.71,700.29,13.92,13.92,opennem.org.au,false,
2023-07-08 19:00:00,Australia,Queensland,AU-QLD,641.51,695.78,14.5,14.5,opennem.org.au,false,
2023-07-08 20:00:00,Australia,Queensland,AU-QLD,633.95,687.76,15.54,15.54,opennem.org.au,false,
2023-07-08 21:00:00,Australia,Queensland,AU-QLD,595.08,648.37,20.97,20.97,opennem.org.au,false,
2023-07-08 22:00:00,Australia,Queensland,AU-QLD,460.75,513.18,38.46,38.46,opennem.org.au,false,
2023-07-08 23:00:00,Australia,Queensland,AU-QLD,390.15,442.23,47.82,47.82,opennem.org.au,false,
2023-07-09 00:00:00,Australia,Queensland,AU-QLD,360.28,412.19,51.8,51.8,opennem.org.au,false,
2023-07-09 01:00:00,Australia,Queensland,AU-QLD,338.0,389.53,54.77,54.77,opennem.org.au,false,
2023-07-09 02:00:00,Australia,Queensland,AU-QLD,344.77,396.57,53.87,53.87,opennem.org.au,false,
2023-07-09 03:00:00,Australia,Queensland,AU-QLD,351.62,403.68,52.95,52.95,opennem.org.au,false,
2023-07-09 04:00:00,Australia,Queensland,AU-QLD,365.46,417.74,51.1,51.1,opennem.org.au,false,
2023-07-09 05:00:00,Australia,Queensland,AU-QLD,427.6,481.99,42.23,42.23,opennem.org.au,false,
2023-07-09 06:00:00,Australia,Queensland,AU-QLD,537.69,595.99,26.3,26.3,opennem.org.au,false,
2023-07-09 07:00:00,Australia,Queensland,AU-QLD,645.9,709.08,9.33,9.33,opennem.org.au,false,
2023-07-09 08:00:00,Australia,Queensland,AU-QLD,643.34,706.09,9.31,9.31,opennem.org.au,false,
2023-07-09 09:00:00,Australia,Queensland,AU-QLD,644.05,706.47,9.42,9.42,opennem.org.au,false,
2023-07-09 10:00:00,Australia,Queensland,AU-QLD,648.17,711.58,8.38,8.38,opennem.org.au,false,
2023-07-09 11:00:00,Australia,Queensland,AU-QLD,646.49,708.45,9.41,9.41,opennem.org.au,false,
2023-07-09 12:00:00,Australia,Queensland,AU-QLD,632.96,690.0,13.88,13.88,opennem.org.au,false,
2023-07-09 13:00:00,Australia,Queensland,AU-QLD,632.24,687.9,14.81,14.81,opennem.org.au,false,
2023-07-09 14:00:00,Australia,Queensland,AU-QLD,635.62,691.47,14.29,14.29,opennem.org.au,false,
2023-07-09 15:00:00,Australia,Queensland,AU-QLD,652.82,709.57,11.94,11.94,opennem.org.au,false,
2023-07-09 16:00:00,Australia,Queensland,AU-QLD,650.62,707.23,12.23,12.23,opennem.org.au,false,
2023-07-09 17:00:00,Australia,Queensland,AU-QLD,645.71,702.07,12.84,12.84,opennem.org.au,false,
2023-07-09 18:00:00,Australia,Queensland,AU-QLD,646.14,702.32,12.9,12.9,opennem.org.au,false,
2023-07-09 19:00:00,Australia,Queensland,AU-QLD,648.6,705.15,12.51,12.51,opennem.org.au,false,
2023-07-09 20:00:00,Australia,Queensland,AU-QLD,633.48,690.21,13.99,13.99,opennem.org.au,false,
2023-07-09 21:00:00,Australia,Queensland,AU-QLD,605.53,662.27,17.47,17.47,opennem.org.au,false,
2023-07-09 22:00:00,Australia,Queensland,AU-QLD,497.85,552.82,32.82,32.82,opennem.org.au,false,
2023-07-09 23:00:00,Australia,Queensland,AU-QLD,429.98,483.14,42.69,42.69,opennem.org.au,false,
2023-07-10 00:00:00,Australia,Queensland,AU-QLD,357.47,409.36,52.26,52.26,opennem.org.au,false,
2023-07-10 01:00:00,Australia,Queensland,AU-QLD,334.24,385.79,55.37,55.37,opennem.org.au,false,
2023-07-10 02:00:00,Australia,Queensland,AU-QLD,334.0,385.83,55.35,55.35,opennem.org.au,false,
2023-07-10 03:00:00,Australia,Queensland,AU-QLD,346.15,398.45,53.73,53.73,opennem.org.au,false,
2023-07-10 04:00:00,Australia,Queensland,AU-QLD,365.2,417.98,51.17,51.17,opennem.org.au,false,
2023-07-10 05:00:00,Australia,Queensland,AU-QLD,433.57,489.38,40.75,40.75,opennem.org.au,false,
2023-07-10 06:00:00,Australia,Queensland,AU-QLD,543.55,603.46,24.61,24.61,opennem.org.au,false,
2023-07-10 07:00:00,Australia,Queensland,AU-QLD,644.19,710.46,7.65,7.65,opennem.org.au,false,
2023-07-10 08:00:00,Australia,Queensland,AU-QLD,639.94,707.53,6.77,6.77,opennem.org.au,false,
2023-07-10 09:00:00,Australia,Queensland,AU-QLD,645.96,713.58,6.11,6.11,opennem.org.au,false,
2023-07-10 10:00:00,Australia,Queensland,AU-QLD,654.68,722.31,5.23,5.23,opennem.org.au,false,
2023-07-10 11:00:00,Australia,Queensland,AU-QLD,660.22,725.81,5.95,5.95,opennem.org.au,false,
2023-07-10 12:00:00,Australia,Queensland,AU-QLD,664.06,728.39,6.36,6.36,opennem.org.au,false,
2023-07-10 13:00:00,Australia,Queensland,AU-QLD,671.58,735.73,5.77,5.77,opennem.org.au,false,
2023-07-10 14:00:00,Australia,Queensland,AU-QLD,679.66,742.91,5.53,5.53,opennem.org.au,false,
2023-07-10 15:00:00,Australia,Queensland,AU-QLD,680.92,743.88,5.59,5.59,opennem.org.au,false,
2023-07-10 16:00:00,Australia,Queensland,AU-QLD,675.73,738.96,5.91,5.91,opennem.org.au,false,
2023-07-10 17:00:00,Australia,Queensland,AU-QLD,675.58,738.65,6.02,6.02,opennem.org.au,false,
2023-07-10 18:00:00,Australia,Queensland,AU-QLD,675.76,738.62,6.14,6.14,opennem.org.au,false,
2023-07-10 19:00:00,Australia,Queensland,AU-QLD,669.31,733.24,6.07,6.07,opennem.org.au,false,
2023-07-10 20:00:00,Australia,Queensland,AU-QLD,657.6,722.77,6.53,6.53,opennem.org.au,false,
2023-07-10 21:00:00,Australia,Queensland,AU-QLD,605.59,669.42,13.51,13.51,opennem.org.au,false,
2023-07-10 22:00:00,Australia,Queensland,AU-QLD,481.23,540.14,32.19,32.19,opennem.org.au,false,
2023-07-10 23:00:00,Australia,Queensland,AU-QLD,406.23,461.71,43.88,43.88,opennem.org.au,false,
2023-07-11 00:00:00,Australia,Queensland,AU-QLD,358.22,412.78,50.25,50.25,opennem.org.au,false,
2023-07-11 01:00:00,Australia,Queensland,AU-QLD,350.62,405.06,51.29,51.29,opennem.org.au,false,
2023-07-11 02:00:00,Australia,Queensland,AU-QLD,348.26,402.76,51.6,51.6,opennem.org.au,false,
2023-07-11 03:00:00,Australia,Queensland,AU-QLD,348.97,403.5,51.5,51.5,opennem.org.au,false,
2023-07-11 04:00:00,Australia,Queensland,AU-QLD,363.29,418.25,49.56,49.56,opennem.org.au,false,
2023-07-11 05:00:00,Australia,Queensland,AU-QLD,431.59,488.01,40.37,40.37,opennem.org.au,false,
2023-07-11 06:00:00,Australia,Queensland,AU-QLD,542.79,603.15,24.15,24.15,opennem.org.au,false,
2023-07-11 07:00:00,Australia,Queensland,AU-QLD,621.46,690.32,8.15,8.15,opennem.org.au,false,
2023-07-11 08:00:00,Australia,Queensland,AU-QLD,626.47,696.5,6.52,6.52,opennem.org.au,false,
2023-07-11 09:00:00,Australia,Queensland,AU-QLD,620.57,690.51,7.13,7.13,opennem.org.au,false,
2023-07-11 10:00:00,Australia,Queensland,AU-QLD,623.0,691.82,7.54,7.54,opennem.org.au,false,
2023-07-11 11:00:00,Australia,Queensland,AU-QLD,632.3,701.1,6.59,6.59,opennem.org.au,false,
2023-07-11 12:00:00,Australia,Queensland,AU-QLD,653.47,719.61,6.24,6.24,opennem.org.au,false,
2023-07-11 13:00:00,Australia,Queensland,AU-QLD,669.28,734.0,5.63,5.63,opennem.org.au,false,
2023-07-11 14:00:00,Australia,Queensland,AU-QLD,677.43,742.06,4.9,4.9,opennem.org.au,false,
2023-07-11 15:00:00,Australia,Queensland,AU-QLD,670.94,733.81,6.58,6.58,opennem.org.au,false,
2023-07-11 16:00:00,Australia,Queensland,AU-QLD,677.07,738.1,7.11,7.11,opennem.org.au,false,
2023-07-11 17:00:00,Australia,Queensland,AU-QLD,678.66,739.38,7.15,7.15,opennem.org.au,false,
2023-07-11 18:00:00,Australia,Queensland,AU-QLD,680.89,741.36,7.1,7.1,opennem.org.au,false,
2023-07-11 19:00:00,Australia,Queensland,AU-QLD,678.03,739.33,6.86,6.86,opennem.org.au,false,
2023-07-11 20:00:00,Australia,Queensland,AU-QLD,667.62,730.76,6.72,6.72,opennem.org.au,false,
2023-07-11 21:00:00,Australia,Queensland,AU-QLD,618.96,679.97,13.78,13.78,opennem.org.au,false,
2023-07-11 22:00:00,Australia,Queensland,AU-QLD,515.62,573.23,29.2,29.2,opennem.org.au,false,
2023-07-11 23:00:00,Australia,Queensland,AU-QLD,453.96,508.94,38.58,38.58,opennem.org.au,false,
2023-07-12 00:00:00,Australia,Queensland,AU-QLD,430.79,484.87,41.91,41.91,opennem.org.au,false,
2023-07-12 01:00:00,Australia,Queensland,AU-QLD,400.27,453.88,45.92,45.92,opennem.org.au,false,
2023-07-12 02:00:00,Australia,Queensland,AU-QLD,405.22,459.05,45.23,45.23,opennem.org.au,false,
2023-07-12 03:00:00,Australia,Queensland,AU-QLD,430.26,484.72,41.93,41.93,opennem.org.au,false,
2023-07-12 04:00:00,Australia,Queensland,AU-QLD,463.77,519.71,37.17,37.17,opennem.org.au,false,
2023-07-12 05:00:00,Australia,Queensland,AU-QLD,499.62,558.88,30.41,30.41,opennem.org.au,false,
2023-07-12 06:00:00,Australia,Queensland,AU-QLD,578.26,642.07,17.53,17.53,opennem.org.au,false,
2023-07-12 07:00:00,Australia,Queensland,AU-QLD,620.39,688.16,8.77,8.77,opennem.org.au,false,
2023-07-12 08:00:00,Australia,Queensland,AU-QLD,627.94,696.12,7.48,7.48,opennem.org.au,false,
2023-07-12 09:00:00,Australia,Queensland,AU-QLD,616.17,682.44,9.72,9.72,opennem.org.au,false,
2023-07-12 10:00:00,Australia,Queensland,AU-QLD,618.12,685.18,9.11,9.11,opennem.org.au,false,
2023-07-12 11:00:00,Australia,Queensland,AU-QLD,624.39,690.29,9.19,9.19,opennem.org.au,false,
2023-07-12 12:00:00,Australia,Queensland,AU-QLD,630.62,694.16,9.91,9.91,opennem.org.au,false,
2023-07-12 13:00:00,Australia,Queensland,AU-QLD,631.31,693.55,10.62,10.62,opennem.org.au,false,
2023-07-12 14:00:00,Australia,Queensland,AU-QLD,639.01,701.0,10.06,10.06,opennem.org.au,false,
2023-07-12 15:00:00,Australia,Queensland,AU-QLD,643.61,702.98,11.21,11.21,opennem.org.au,false,
2023-07-12 16:00:00,Australia,Queensland,AU-QLD,649.8,707.24,11.81,11.81,opennem.org.au,false,
2023-07-12 17:00:00,Australia,Queensland,AU-QLD,647.29,704.65,12.09,12.09,opennem.org.au,false,
2023-07-12 18:00:00,Australia,Queensland,AU-QLD,656.98,715.48,10.5,10.5,opennem.org.au,false,
2023-07-12 19:00:00,Australia,Queensland,AU-QLD,666.94,727.12,8.56,8.56,opennem.org.au,false,
2023-07-12 20:00:00,Australia,Queensland,AU-QLD,658.24,718.82,9.23,9.23,opennem.org.au,false,
2023-07-12 21:00:00,Australia,Queensland,AU-QLD,623.13,682.09,14.44,14.44,opennem.org.au,false,
2023-07-12 22:00:00,Australia,Queensland,AU-QLD,510.28,565.12,31.05,31.05,opennem.org.au,false,
2023-07-12 23:00:00,Australia,Queensland,AU-QLD,424.68,476.84,43.35,43.35,opennem.org.au,false,
2023-07-13 00:00:00,Australia,Queensland,AU-QLD,378.88,430.25,49.4,49.4,opennem.org.au,false,
2023-07-13 01:00:00,Australia,Queensland,AU-QLD,354.61,405.42,52.62,52.62,opennem.org.au,false,
2023-07-13 02:00:00,Australia,Queensland,AU-QLD,351.18,401.93,53.04,53.04,opennem.org.au,false,
2023-07-13 03:00:00,Australia,Queensland,AU-QLD,370.94,422.7,50.39,50.39,opennem.org.au,false,
2023-07-13 04:00:00,Australia,Queensland,AU-QLD,404.99,458.5,45.01,45.01,opennem.org.au,false,
2023-07-13 05:00:00,Australia,Queensland,AU-QLD,464.19,521.98,34.75,34.75,opennem.org.au,false,
2023-07-13 06:00:00,Australia,Queensland,AU-QLD,557.41,619.74,20.78,20.78,opennem.org.au,false,
2023-07-13 07:00:00,Australia,Queensland,AU-QLD,635.72,702.17,8.2,8.2,opennem.org.au,false,
2023-07-13 08:00:00,Australia,Queensland,AU-QLD,636.07,702.71,7.66,7.66,opennem.org.au,false,
2023-07-13 09:00:00,Australia,Queensland,AU-QLD,635.72,702.56,7.55,7.55,opennem.org.au,false,
2023-07-13 10:00:00,Australia,Queensland,AU-QLD,639.57,707.37,6.51,6.51,opennem.org.au,false,
2023-07-13 11:00:00,Australia,Queensland,AU-QLD,644.6,711.4,6.65,6.65,opennem.org.au,false,
2023-07-13 12:00:00,Australia,Queensland,AU-QLD,639.03,701.93,9.65,9.65,opennem.org.au,false,
2023-07-13 13:00:00,Australia,Queensland,AU-QLD,645.69,704.4,11.62,11.62,opennem.org.au,false,
2023-07-13 14:00:00,Australia,Queensland,AU-QLD,649.19,705.63,12.67,12.67,opennem.org.au,false,
2023-07-13 15:00:00,Australia,Queensland,AU-QLD,648.71,705.18,12.7,12.7,opennem.org.au,false,
2023-07-13 16:00:00,Australia,Queensland,AU-QLD,670.23,727.91,9.8,9.8,opennem.org.au,false,
2023-07-13 17:00:00,Australia,Queensland,AU-QLD,674.55,732.51,9.21,9.21,opennem.org.au,false,
2023-07-13 18:00:00,Australia,Queensland,AU-QLD,681.23,739.58,8.34,8.34,opennem.org.au,false,
2023-07-13 19:00:00,Australia,Queensland,AU-QLD,678.37,736.5,8.82,8.82,opennem.org.au,false,
2023-07-13 20:00:00,Australia,Queensland,AU-QLD,653.46,711.11,11.59,11.59,opennem.org.au,false,
2023-07-13 21:00:00,Australia,Queensland,AU-QLD,609.87,666.74,17.45,17.45,opennem.org.au,false,
2023-07-13 22:00:00,Australia,Queensland,AU-QLD,477.53,531.36,35.82,35.82,opennem.org.au,false,
2023-07-13 23:00:00,Australia,Queensland,AU-QLD,405.73,457.73,45.92,45.92,opennem.org.au,false,
2023-07-14 00:00:00,Australia,Queensland,AU-QLD,358.75,410.09,52.05,52.05,opennem.org.au,false,
2023-07-14 01:00:00,Australia,Queensland,AU-QLD,342.99,394.16,54.15,54.15,opennem.org.au,false,
2023-07-14 02:00:00,Australia,Queensland,AU-QLD,347.52,398.93,53.54,53.54,opennem.org.au,false,
2023-07-14 03:00:00,Australia,Queensland,AU-QLD,360.92,412.69,51.74,51.74,opennem.org.au,false,
2023-07-14 04:00:00,Australia,Queensland,AU-QLD,372.73,424.74,50.11,50.11,opennem.org.au,false,
2023-07-14 05:00:00,Australia,Queensland,AU-QLD,420.23,474.93,42.62,42.62,opennem.org.au,false,
2023-07-14 06:00:00,Australia,Queensland,AU-QLD,528.32,587.69,26.49,26.49,opennem.org.au,false,
2023-07-14 07:00:00,Australia,Queensland,AU-QLD,633.0,696.15,10.71,10.71,opennem.org.au,false,
2023-07-14 08:00:00,Australia,Queensland,AU-QLD,640.05,702.84,9.69,9.69,opennem.org.au,false,
2023-07-14 09:00:00,Australia,Queensland,AU-QLD,643.5,706.43,9.22,9.22,opennem.org.au,false,
2023-07-14 10:00:00,Australia,Queensland,AU-QLD,650.23,714.14,7.88,7.88,opennem.org.au,false,
2023-07-14 11:00:00,Australia,Queensland,AU-QLD,649.07,713.06,7.96,7.96,opennem.org.au,false,
2023-07-14 12:00:00,Australia,Queensland,AU-QLD,644.7,704.22,11.25,11.25,opennem.org.au,false,
2023-07-14 13:00:00,Australia,Queensland,AU-QLD,655.75,711.67,12.46,12.46,opennem.org.au,false,
2023-07-14 14:00:00,Australia,Queensland,AU-QLD,656.53,711.98,12.64,12.64,opennem.org.au,false,
2023-07-14 15:00:00,Australia,Queensland,AU-QLD,658.93,714.53,12.31,12.31,opennem.org.au,false,
2023-07-14 16:00:00,Australia,Queensland,AU-QLD,686.02,743.23,8.65,8.65,opennem.org.au,false,
2023-07-14 17:00:00,Australia,Queensland,AU-QLD,688.06,745.37,8.35,8.35,opennem.org.au,false,
2023-07-14 18:00:00,Australia,Queensland,AU-QLD,692.44,750.03,7.78,7.78,opennem.org.au,false,
2023-07-14 19:00:00,Australia,Queensland,AU-QLD,687.44,744.51,8.55,8.55,opennem.org.au,false,
2023-07-14 20:00:00,Australia,Queensland,AU-QLD,668.41,724.5,11.13,11.13,opennem.org.au,false,
2023-07-14 21:00:00,Australia,Queensland,AU-QLD,624.13,679.79,16.96,16.96,opennem.org.au,false,
2023-07-14 22:00:00,Australia,Queensland,AU-QLD,511.99,566.52,31.81,31.81,opennem.org.au,false,
2023-07-14 23:00:00,Australia,Queensland,AU-QLD,442.72,496.24,40.97,40.97,opennem.org.au,false,
2023-07-15 00:00:00,Australia,Queensland,AU-QLD,410.5,463.7,45.28,45.28,opennem.org.au,false,
2023-07-15 01:00:00,Australia,Queensland,AU-QLD,410.54,464.03,45.24,45.24,opennem.org.au,false,
2023-07-15 02:00:00,Australia,Queensland,AU-QLD,396.61,450.02,47.03,47.03,opennem.org.au,false,
2023-07-15 03:00:00,Australia,Queensland,AU-QLD,389.34,442.6,47.98,47.98,opennem.org.au,false,
2023-07-15 04:00:00,Australia,Queensland,AU-QLD,405.61,459.31,45.76,45.76,opennem.org.au,false,
2023-07-15 05:00:00,Australia,Queensland,AU-QLD,473.83,530.43,35.53,35.53,opennem.org.au,false,
2023-07-15 06:00:00,Australia,Queensland,AU-QLD,574.61,635.59,20.33,20.33,opennem.org.au,false,
2023-07-15 07:00:00,Australia,Queensland,AU-QLD,657.73,722.0,7.61,7.61,opennem.org.au,false,
2023-07-15 08:00:00,Australia,Queensland,AU-QLD,671.31,735.81,5.75,5.75,opennem.org.au,false,
2023-07-15 09:00:00,Australia,Queensland,AU-QLD,675.28,740.19,5.1,5.1,opennem.org.au,false,
2023-07-15 10:00:00,Australia,Queensland,AU-QLD,677.27,742.94,4.38,4.38,opennem.org.au,false,
2023-07-15 11:00:00,Australia,Queensland,AU-QLD,663.62,728.31,6.23,6.23,opennem.org.au,false,
2023-07-15 12:00:00,Australia,Queensland,AU-QLD,655.15,717.76,8.39,8.39,opennem.org.au,false,
2023-07-15 13:00:00,Australia,Queensland,AU-QLD,660.56,722.51,8.31,8.31,opennem.org.au,false,
2023-07-15 14:00:00,Australia,Queensland,AU-QLD,677.06,738.97,6.66,6.66,opennem.org.au,false,
2023-07-15 15:00:00,Australia,Queensland,AU-QLD,697.34,755.54,6.98,6.98,opennem.org.au,false,
2023-07-15 16:00:00,Australia,Queensland,AU-QLD,704.87,763.08,6.25,6.25,opennem.org.au,false,
2023-07-15 17:00:00,Australia,Queensland,AU-QLD,707.9,766.48,5.75,5.75,opennem.org.au,false,
2023-07-15 18:00:00,Australia,Queensland,AU-QLD,709.06,767.65,5.63,5.63,opennem.org.au,false,
2023-07-15 19:00:00,Australia,Queensland,AU-QLD,712.67,771.43,5.19,5.19,opennem.org.au,false,
2023-07-15 20:00:00,Australia,Queensland,AU-QLD,696.72,754.76,7.27,7.27,opennem.org.au,false,
2023-07-15 21:00:00,Australia,Queensland,AU-QLD,644.38,701.08,14.23,14.23,opennem.org.au,false,
2023-07-15 22:00:00,Australia,Queensland,AU-QLD,514.88,569.52,31.42,31.42,opennem.org.au,false,
2023-07-15 23:00:00,Australia,Queensland,AU-QLD,424.98,478.35,43.3,43.3,opennem.org.au,false,
2023-07-16 00:00:00,Australia,Queensland,AU-QLD,373.16,425.18,50.13,50.13,opennem.org.au,false,
2023-07-16 01:00:00,Australia,Queensland,AU-QLD,360.73,412.73,51.78,51.78,opennem.org.au,false,
2023-07-16 02:00:00,Australia,Queensland,AU-QLD,363.31,415.81,51.43,51.43,opennem.org.au,false,
2023-07-16 03:00:00,Australia,Queensland,AU-QLD,384.16,437.2,48.72,48.72,opennem.org.au,false,
2023-07-16 04:00:00,Australia,Queensland,AU-QLD,421.51,475.34,43.73,43.73,opennem.org.au,false,
2023-07-16 05:00:00,Australia,Queensland,AU-QLD,478.57,535.06,34.81,34.81,opennem.org.au,false,
2023-07-16 06:00:00,Australia,Queensland,AU-QLD,569.54,630.53,20.64,20.64,opennem.org.au,false,
2023-07-16 07:00:00,Australia,Queensland,AU-QLD,639.29,706.32,7.7,7.7,opennem.org.au,false,
2023-07-16 08:00:00,Australia,Queensland,AU-QLD,642.92,709.2,7.3,7.3,opennem.org.au,false,
2023-07-16 09:00:00,Australia,Queensland,AU-QLD,639.83,705.01,8.17,8.17,opennem.org.au,false,
2023-07-16 10:00:00,Australia,Queensland,AU-QLD,642.07,708.04,7.42,7.42,opennem.org.au,false,
2023-07-16 11:00:00,Australia,Queensland,AU-QLD,644.45,709.1,8.01,8.01,opennem.org.au,false,
2023-07-16 12:00:00,Australia,Queensland,AU-QLD,646.89,706.9,10.73,10.73,opennem.org.au,false,
2023-07-16 13:00:00,Australia,Queensland,AU-QLD,642.81,700.84,12.35,12.35,opennem.org.au,false,
2023-07-16 14:00:00,Australia,Queensland,AU-QLD,650.64,709.01,11.22,11.22,opennem.org.au,false,
2023-07-16 15:00:00,Australia,Queensland,AU-QLD,656.44,715.18,10.42,10.42,opennem.org.au,false,
2023-07-16 16:00:00,Australia,Queensland,AU-QLD,659.73,718.8,9.9,9.9,opennem.org.au,false,
2023-07-16 17:00:00,Australia,Queensland,AU-QLD,658.23,717.19,10.11,10.11,opennem.org.au,false,
2023-07-16 18:00:00,Australia,Queensland,AU-QLD,653.87,712.49,10.72,10.72,opennem.org.au,false,
2023-07-16 19:00:00,Australia,Queensland,AU-QLD,655.51,715.48,9.77,9.77,opennem.org.au,false,
2023-07-16 20:00:00,Australia,Queensland,AU-QLD,634.54,693.95,12.24,12.24,opennem.org.au,false,
2023-07-16 21:00:00,Australia,Queensland,AU-QLD,602.58,660.4,17.02,17.02,opennem.org.au,false,
2023-07-16 22:00:00,Australia,Queensland,AU-QLD,527.62,585.02,27.21,27.21,opennem.org.au,false,
2023-07-16 23:00:00,Australia,Queensland,AU-QLD,471.96,527.72,35.53,35.53,opennem.org.au,false,
2023-07-17 00:00:00,Australia,Queensland,AU-QLD,440.46,495.79,39.71,39.71,opennem.org.au,false,
2023-07-17 01:00:00,Australia,Queensland,AU-QLD,440.3,495.89,39.8,39.8,opennem.org.au,false,
2023-07-17 02:00:00,Australia,Queensland,AU-QLD,423.07,479.01,41.82,41.82,opennem.org.au,false,
2023-07-17 03:00:00,Australia,Queensland,AU-QLD,450.66,507.0,38.35,38.35,opennem.org.au,false,
2023-07-17 04:00:00,Australia,Queensland,AU-QLD,483.16,540.32,33.92,33.92,opennem.org.au,false,
2023-07-17 05:00:00,Australia,Queensland,AU-QLD,536.05,594.81,26.41,26.41,opennem.org.au,false,
2023-07-17 06:00:00,Australia,Queensland,AU-QLD,611.01,674.83,13.84,13.84,opennem.org.au,false,
2023-07-17 07:00:00,Australia,Queensland,AU-QLD,636.8,704.29,7.43,7.43,opennem.org.au,false,
2023-07-17 08:00:00,Australia,Queensland,AU-QLD,622.78,690.32,8.57,8.57,opennem.org.au,false,
2023-07-17 09:00:00,Australia,Queensland,AU-QLD,637.21,704.3,7.53,7.53,opennem.org.au,false,
2023-07-17 10:00:00,Australia,Queensland,AU-QLD,639.24,704.26,8.54,8.54,opennem.org.au,false,
2023-07-17 11:00:00,Australia,Queensland,AU-QLD,639.9,703.63,9.2,9.2,opennem.org.au,false,
2023-07-17 12:00:00,Australia,Queensland,AU-QLD,635.85,697.84,10.53,10.53,opennem.org.au,false,
2023-07-17 13:00:00,Australia,Queensland,AU-QLD,641.71,701.1,11.62,11.62,opennem.org.au,false,
2023-07-17 14:00:00,Australia,Queensland,AU-QLD,654.77,712.42,11.4,11.4,opennem.org.au,false,
2023-07-17 15:00:00,Australia,Queensland,AU-QLD,669.21,727.68,9.59,9.59,opennem.org.au,false,
2023-07-17 16:00:00,Australia,Queensland,AU-QLD,686.2,746.04,7.23,7.23,opennem.org.au,false,
2023-07-17 17:00:00,Australia,Queensland,AU-QLD,692.18,752.41,6.42,6.42,opennem.org.au,false,
2023-07-17 18:00:00,Australia,Queensland,AU-QLD,690.17,749.83,7.0,7.0,opennem.org.au,false,
2023-07-17 19:00:00,Australia,Queensland,AU-QLD,683.86,744.06,7.28,7.28,opennem.org.au,false,
2023-07-17 20:00:00,Australia,Queensland,AU-QLD,687.66,748.93,6.28,6.28,opennem.org.au,false,
2023-07-17 21:00:00,Australia,Queensland,AU-QLD,662.68,724.43,8.93,8.93,opennem.org.au,false,
2023-07-17 22:00:00,Australia,Queensland,AU-QLD,594.49,652.66,19.94,19.94,opennem.org.au,false,
2023-07-17 23:00:00,Australia,Queensland,AU-QLD,521.28,577.3,30.61,30.61,opennem.org.au,false,
2023-07-18 00:00:00,Australia,Queensland,AU-QLD,456.04,510.94,39.24,39.24,opennem.org.au,false,
2023-07-18 01:00:00,Australia,Queensland,AU-QLD,416.51,470.47,44.49,44.49,opennem.org.au,false,
2023-07-18 02:00:00,Australia,Queensland,AU-QLD,425.57,479.76,43.25,43.25,opennem.org.au,false,
2023-07-18 03:00:00,Australia,Queensland,AU-QLD,436.15,490.89,41.84,41.84,opennem.org.au,false,
2023-07-18 04:00:00,Australia,Queensland,AU-QLD,470.2,525.64,37.3,37.3,opennem.org.au,false,
2023-07-18 05:00:00,Australia,Queensland,AU-QLD,514.96,572.9,29.74,29.74,opennem.org.au,false,
2023-07-18 06:00:00,Australia,Queensland,AU-QLD,597.05,658.58,17.36,17.36,opennem.org.au,false,
2023-07-18 07:00:00,Australia,Queensland,AU-QLD,646.86,711.85,8.25,8.25,opennem.org.au,false,
2023-07-18 08:00:00,Australia,Queensland,AU-QLD,647.82,715.88,5.91,5.91,opennem.org.au,false,
2023-07-18 09:00:00,Australia,Queensland,AU-QLD,647.25,714.78,6.27,6.27,opennem.org.au,false,
2023-07-18 10:00:00,Australia,Queensland,AU-QLD,656.72,723.62,5.85,5.85,opennem.org.au,false,
2023-07-18 11:00:00,Australia,Queensland,AU-QLD,674.7,740.59,4.69,4.69,opennem.org.au,false,
2023-07-18 12:00:00,Australia,Queensland,AU-QLD,679.54,744.43,4.78,4.78,opennem.org.au,false,
2023-07-18 13:00:00,Australia,Queensland,AU-QLD,685.05,748.01,5.47,5.47,opennem.org.au,false,
2023-07-18 14:00:00,Australia,Queensland,AU-QLD,690.43,751.38,6.31,6.31,opennem.org.au,false,
2023-07-18 15:00:00,Australia,Queensland,AU-QLD,688.53,749.16,6.55,6.55,opennem.org.au,false,
2023-07-18 16:00:00,Australia,Queensland,AU-QLD,692.06,753.09,6.05,6.05,opennem.org.au,false,
2023-07-18 17:00:00,Australia,Queensland,AU-QLD,691.18,752.05,6.17,6.17,opennem.org.au,false,
2023-07-18 18:00:00,Australia,Queensland,AU-QLD,686.97,747.64,6.75,6.75,opennem.org.au,false,
2023-07-18 19:00:00,Australia,Queensland,AU-QLD,668.19,727.46,9.35,9.35,opennem.org.au,false,
2023-07-18 20:00:00,Australia,Queensland,AU-QLD,647.39,706.36,11.6,11.6,opennem.org.au,false,
2023-07-18 21:00:00,Australia,Queensland,AU-QLD,595.17,652.06,19.19,19.19,opennem.org.au,false,
2023-07-18 22:00:00,Australia,Queensland,AU-QLD,457.87,511.53,38.56,38.56,opennem.org.au,false,
2023-07-18 23:00:00,Australia,Queensland,AU-QLD,383.19,435.2,48.82,48.82,opennem.org.au,false,
2023-07-19 00:00:00,Australia,Queensland,AU-QLD,368.25,420.49,50.81,50.81,opennem.org.au,false,
2023-07-19 01:00:00,Australia,Queensland,AU-QLD,356.23,408.47,52.4,52.4,opennem.org.au,false,
2023-07-19 02:00:00,Australia,Queensland,AU-QLD,344.2,396.16,54.0,54.0,opennem.org.au,false,
2023-07-19 03:00:00,Australia,Queensland,AU-QLD,346.38,398.49,53.7,53.7,opennem.org.au,false,
2023-07-19 04:00:00,Australia,Queensland,AU-QLD,351.85,404.6,52.69,52.69,opennem.org.au,false,
2023-07-19 05:00:00,Australia,Queensland,AU-QLD,407.19,463.73,43.22,43.22,opennem.org.au,false,
2023-07-19 06:00:00,Australia,Queensland,AU-QLD,525.06,587.22,25.16,25.16,opennem.org.au,false,
2023-07-19 07:00:00,Australia,Queensland,AU-QLD,618.34,688.18,8.1,8.1,opennem.org.au,false,
2023-07-19 08:00:00,Australia,Queensland,AU-QLD,623.92,694.22,6.71,6.71,opennem.org.au,false,
2023-07-19 09:00:00,Australia,Queensland,AU-QLD,627.89,696.62,7.34,7.34,opennem.org.au,false,
2023-07-19 10:00:00,Australia,Queensland,AU-QLD,635.5,702.99,7.45,7.45,opennem.org.au,false,
2023-07-19 11:00:00,Australia,Queensland,AU-QLD,646.17,711.05,7.94,7.94,opennem.org.au,false,
2023-07-19 12:00:00,Australia,Queensland,AU-QLD,633.54,697.58,9.61,9.61,opennem.org.au,false,
2023-07-19 13:00:00,Australia,Queensland,AU-QLD,644.98,707.3,9.57,9.57,opennem.org.au,false,
2023-07-19 14:00:00,Australia,Queensland,AU-QLD,667.82,728.66,8.44,8.44,opennem.org.au,false,
2023-07-19 15:00:00,Australia,Queensland,AU-QLD,673.69,734.99,7.57,7.57,opennem.org.au,false,
2023-07-19 16:00:00,Australia,Queensland,AU-QLD,666.15,726.85,8.59,8.59,opennem.org.au,false,
2023-07-19 17:00:00,Australia,Queensland,AU-QLD,660.37,720.41,9.53,9.53,opennem.org.au,false,
2023-07-19 18:00:00,Australia,Queensland,AU-QLD,661.54,721.93,9.3,9.3,opennem.org.au,false,
2023-07-19 19:00:00,Australia,Queensland,AU-QLD,662.78,723.65,8.93,8.93,opennem.org.au,false,
2023-07-19 20:00:00,Australia,Queensland,AU-QLD,643.14,704.17,10.76,10.76,opennem.org.au,false,
2023-07-19 21:00:00,Australia,Queensland,AU-QLD,590.53,652.35,17.07,17.07,opennem.org.au,false,
2023-07-19 22:00:00,Australia,Queensland,AU-QLD,451.45,507.32,38.34,38.34,opennem.org.au,false,
2023-07-19 23:00:00,Australia,Queensland,AU-QLD,375.18,427.73,49.86,49.86,opennem.org.au,false,
2023-07-20 00:00:00,Australia,Queensland,AU-QLD,345.2,397.57,53.85,53.85,opennem.org.au,false,
2023-07-20 01:00:00,Australia,Queensland,AU-QLD,332.16,384.49,55.57,55.57,opennem.org.au,false,
2023-07-20 02:00:00,Australia,Queensland,AU-QLD,317.25,369.35,57.56,57.56,opennem.org.au,false,
2023-07-20 03:00:00,Australia,Queensland,AU-QLD,340.24,392.8,54.52,54.52,opennem.org.au,false,
2023-07-20 04:00:00,Australia,Queensland,AU-QLD,363.09,416.63,51.05,51.05,opennem.org.au,false,
2023-07-20 05:00:00,Australia,Queensland,AU-QLD,408.87,465.57,43.28,43.28,opennem.org.au,false,
2023-07-20 06:00:00,Australia,Queensland,AU-QLD,541.44,603.89,23.28,23.28,opennem.org.au,false,
2023-07-20 07:00:00,Australia,Queensland,AU-QLD,631.55,700.21,7.66,7.66,opennem.org.au,false,
2023-07-20 08:00:00,Australia,Queensland,AU-QLD,633.61,705.33,5.06,5.06,opennem.org.au,false,
2023-07-20 09:00:00,Australia,Queensland,AU-QLD,643.82,715.21,4.28,4.28,opennem.org.au,false,
2023-07-20 10:00:00,Australia,Queensland,AU-QLD,658.36,728.96,3.33,3.33,opennem.org.au,false,
2023-07-20 11:00:00,Australia,Queensland,AU-QLD,669.9,737.9,3.84,3.84,opennem.org.au,false,
2023-07-20 12:00:00,Australia,Queensland,AU-QLD,667.4,732.75,5.88,5.88,opennem.org.au,false,
2023-07-20 13:00:00,Australia,Queensland,AU-QLD,671.07,735.93,5.89,5.89,opennem.org.au,false,
2023-07-20 14:00:00,Australia,Queensland,AU-QLD,684.53,748.73,5.0,5.0,opennem.org.au,false,
2023-07-20 15:00:00,Australia,Queensland,AU-QLD,700.06,763.16,4.06,4.06,opennem.org.au,false,
2023-07-20 16:00:00,Australia,Queensland,AU-QLD,697.73,760.73,4.34,4.34,opennem.org.au,false,
2023-07-20 17:00:00,Australia,Queensland,AU-QLD,698.65,761.74,4.21,4.21,opennem.org.au,false,
2023-07-20 18:00:00,Australia,Queensland,AU-QLD,703.24,766.13,3.93,3.93,opennem.org.au,false,
2023-07-20 19:00:00,Australia,Queensland,AU-QLD,688.59,751.65,5.22,5.22,opennem.org.au,false,
2023-07-20 20:00:00,Australia,Queensland,AU-QLD,664.43,726.88,7.97,7.97,opennem.org.au,false,
2023-07-20 21:00:00,Australia,Queensland,AU-QLD,620.03,681.63,13.76,13.76,opennem.org.au,false,
2023-07-20 22:00:00,Australia,Queensland,AU-QLD,498.87,557.24,31.0,31.0,opennem.org.au,false,
2023-07-20 23:00:00,Australia,Queensland,AU-QLD,411.75,466.97,44.05,44.05,opennem.org.au,false,
2023-07-21 00:00:00,Australia,Queensland,AU-QLD,361.61,414.77,51.62,51.62,opennem.org.au,false,
2023-07-21 01:00:00,Australia,Queensland,AU-QLD,331.95,384.45,55.55,55.55,opennem.org.au,false,
2023-07-21 02:00:00,Australia,Queensland,AU-QLD,324.04,376.16,56.66,56.66,opennem.org.au,false,
2023-07-21 03:00:00,Australia,Queensland,AU-QLD,338.71,390.9,54.73,54.73,opennem.org.au,false,
2023-07-21 04:00:00,Australia,Queensland,AU-QLD,384.73,438.32,48.43,48.43,opennem.org.au,false,
2023-07-21 05:00:00,Australia,Queensland,AU-QLD,482.0,539.34,34.25,34.25,opennem.org.au,false,
2023-07-21 06:00:00,Australia,Queensland,AU-QLD,575.41,638.3,19.15,19.15,opennem.org.au,false,
2023-07-21 07:00:00,Australia,Queensland,AU-QLD,625.36,694.36,8.4,8.4,opennem.org.au,false,
2023-07-21 08:00:00,Australia,Queensland,AU-QLD,629.87,700.2,6.73,6.73,opennem.org.au,false,
2023-07-21 09:00:00,Australia,Queensland,AU-QLD,646.58,716.65,5.28,5.28,opennem.org.au,false,
2023-07-21 10:00:00,Australia,Queensland,AU-QLD,650.89,721.95,4.27,4.27,opennem.org.au,false,
2023-07-21 11:00:00,Australia,Queensland,AU-QLD,657.73,727.15,4.56,4.56,opennem.org.au,false,
2023-07-21 12:00:00,Australia,Queensland,AU-QLD,660.38,726.05,6.74,6.74,opennem.org.au,false,
2023-07-21 13:00:00,Australia,Queensland,AU-QLD,659.22,723.79,7.64,7.64,opennem.org.au,false,
2023-07-21 14:00:00,Australia,Queensland,AU-QLD,670.65,734.63,6.8,6.8,opennem.org.au,false,
2023-07-21 15:00:00,Australia,Queensland,AU-QLD,684.66,744.13,8.3,8.3,opennem.org.au,false,
2023-07-21 16:00:00,Australia,Queensland,AU-QLD,686.86,745.58,8.56,8.56,opennem.org.au,false,
2023-07-21 17:00:00,Australia,Queensland,AU-QLD,698.63,758.04,6.99,6.99,opennem.org.au,false,
2023-07-21 18:00:00,Australia,Queensland,AU-QLD,709.07,769.14,5.6,5.6,opennem.org.au,false,
2023-07-21 19:00:00,Australia,Queensland,AU-QLD,705.81,765.57,6.06,6.06,opennem.org.au,false,
2023-07-21 20:00:00,Australia,Queensland,AU-QLD,690.16,749.01,8.13,8.13,opennem.org.au,false,
2023-07-21 21:00:00,Australia,Queensland,AU-QLD,627.91,684.72,16.8,16.8,opennem.org.au,false,
2023-07-21 22:00:00,Australia,Queensland,AU-QLD,467.06,521.56,37.98,37.98,opennem.org.au,false,
2023-07-21 23:00:00,Australia,Queensland,AU-QLD,365.96,419.25,51.07,51.07,opennem.org.au,false,
2023-07-22 00:00:00,Australia,Queensland,AU-QLD,344.42,396.93,53.92,53.92,opennem.org.au,false,
2023-07-22 01:00:00,Australia,Queensland,AU-QLD,333.2,385.04,55.42,55.42,opennem.org.au,false,
2023-07-22 02:00:00,Australia,Queensland,AU-QLD,334.15,385.68,55.31,55.31,opennem.org.au,false,
2023-07-22 03:00:00,Australia,Queensland,AU-QLD,340.0,391.8,54.51,54.51,opennem.org.au,false,
2023-07-22 04:00:00,Australia,Queensland,AU-QLD,353.07,405.71,52.54,52.54,opennem.org.au,false,
2023-07-22 05:00:00,Australia,Queensland,AU-QLD,385.66,441.2,46.83,46.83,opennem.org.au,false,
2023-07-22 06:00:00,Australia,Queensland,AU-QLD,530.78,592.02,25.53,25.53,opennem.org.au,false,
2023-07-22 07:00:00,Australia,Queensland,AU-QLD,633.89,699.81,9.52,9.52,opennem.org.au,false,
2023-07-22 08:00:00,Australia,Queensland,AU-QLD,645.59,712.08,7.32,7.32,opennem.org.au,false,
2023-07-22 09:00:00,Australia,Queensland,AU-QLD,642.84,708.82,7.99,7.99,opennem.org.au,false,
2023-07-22 10:00:00,Australia,Queensland,AU-QLD,669.35,735.91,5.02,5.02,opennem.org.au,false,
2023-07-22 11:00:00,Australia,Queensland,AU-QLD,679.62,745.46,4.51,4.51,opennem.org.au,false,
2023-07-22 12:00:00,Australia,Queensland,AU-QLD,674.12,737.03,6.98,6.98,opennem.org.au,false,
2023-07-22 13:00:00,Australia,Queensland,AU-QLD,670.16,732.19,8.0,8.0,opennem.org.au,false,
2023-07-22 14:00:00,Australia,Queensland,AU-QLD,693.19,756.13,5.29,5.29,opennem.org.au,false,
2023-07-22 15:00:00,Australia,Queensland,AU-QLD,716.04,777.24,4.4,4.4,opennem.org.au,false,
2023-07-22 16:00:00,Australia,Queensland,AU-QLD,719.11,780.06,4.29,4.29,opennem.org.au,false,
2023-07-22 17:00:00,Australia,Queensland,AU-QLD,720.8,781.78,4.07,4.07,opennem.org.au,false,
2023-07-22 18:00:00,Australia,Queensland,AU-QLD,723.62,784.99,3.69,3.69,opennem.org.au,false,
2023-07-22 19:00:00,Australia,Queensland,AU-QLD,717.11,778.05,4.57,4.57,opennem.org.au,false,
2023-07-22 20:00:00,Australia,Queensland,AU-QLD,696.28,756.06,7.36,7.36,opennem.org.au,false,
2023-07-22 21:00:00,Australia,Queensland,AU-QLD,636.6,695.04,15.27,15.27,opennem.org.au,false,
2023-07-22 22:00:00,Australia,Queensland,AU-QLD,502.34,558.92,33.05,33.05,opennem.org.au,false,
2023-07-22 23:00:00,Australia,Queensland,AU-QLD,415.17,470.22,44.58,44.58,opennem.org.au,false,
2023-07-23 00:00:00,Australia,Queensland,AU-QLD,355.73,409.59,52.44,52.44,opennem.org.au,false,
2023-07-23 01:00:00,Australia,Queensland,AU-QLD,335.97,389.39,55.06,55.06,opennem.org.au,false,
2023-07-23 02:00:00,Australia,Queensland,AU-QLD,333.62,386.89,55.37,55.37,opennem.org.au,false,
2023-07-23 03:00:00,Australia,Queensland,AU-QLD,338.64,392.02,54.7,54.7,opennem.org.au,false,
2023-07-23 04:00:00,Australia,Queensland,AU-QLD,374.09,428.44,49.74,49.74,opennem.org.au,false,
2023-07-23 05:00:00,Australia,Queensland,AU-QLD,447.79,505.17,38.82,38.82,opennem.org.au,false,
2023-07-23 06:00:00,Australia,Queensland,AU-QLD,565.72,629.05,20.32,20.32,opennem.org.au,false,
2023-07-23 07:00:00,Australia,Queensland,AU-QLD,637.0,703.45,9.07,9.07,opennem.org.au,false,
2023-07-23 08:00:00,Australia,Queensland,AU-QLD,640.43,706.85,8.28,8.28,opennem.org.au,false,
2023-07-23 09:00:00,Australia,Queensland,AU-QLD,650.33,717.09,6.99,6.99,opennem.org.au,false,
2023-07-23 10:00:00,Australia,Queensland,AU-QLD,651.68,717.71,7.13,7.13,opennem.org.au,false,
2023-07-23 11:00:00,Australia,Queensland,AU-QLD,659.18,723.27,7.6,7.6,opennem.org.au,false,
2023-07-23 12:00:00,Australia,Queensland,AU-QLD,653.64,714.85,10.16,10.16,opennem.org.au,false,
2023-07-23 13:00:00,Australia,Queensland,AU-QLD,651.07,710.53,11.33,11.33,opennem.org.au,false,
2023-07-23 14:00:00,Australia,Queensland,AU-QLD,665.67,725.89,9.26,9.26,opennem.org.au,false,
2023-07-23 15:00:00,Australia,Queensland,AU-QLD,681.67,743.01,7.0,7.0,opennem.org.au,false,
2023-07-23 16:00:00,Australia,Queensland,AU-QLD,687.31,749.41,6.18,6.18,opennem.org.au,false,
2023-07-23 17:00:00,Australia,Queensland,AU-QLD,685.86,747.75,6.4,6.4,opennem.org.au,false,
2023-07-23 18:00:00,Australia,Queensland,AU-QLD,682.59,744.65,6.61,6.61,opennem.org.au,false,
2023-07-23 19:00:00,Australia,Queensland,AU-QLD,687.54,750.97,4.92,4.92,opennem.org.au,false,
2023-07-23 20:00:00,Australia,Queensland,AU-QLD,661.94,723.88,8.33,8.33,opennem.org.au,false,
2023-07-23 21:00:00,Australia,Queensland,AU-QLD,639.28,699.45,12.0,12.0,opennem.org.au,false,
2023-07-23 22:00:00,Australia,Queensland,AU-QLD,607.41,666.42,17.0,17.0,opennem.org.au,false,
2023-07-23 23:00:00,Australia,Queensland,AU-QLD,546.7,602.74,27.05,27.05,opennem.org.au,false,
2023-07-24 00:00:00,Australia,Queensland,AU-QLD,503.12,558.06,33.0,33.0,opennem.org.au,false,
2023-07-24 01:00:00,Australia,Queensland,AU-QLD,488.04,542.62,35.02,35.02,opennem.org.au,false,
2023-07-24 02:00:00,Australia,Queensland,AU-QLD,483.34,537.79,35.66,35.66,opennem.org.au,false,
2023-07-24 03:00:00,Australia,Queensland,AU-QLD,486.95,541.59,35.19,35.19,opennem.org.au,false,
2023-07-24 04:00:00,Australia,Queensland,AU-QLD,474.1,529.39,36.08,36.08,opennem.org.au,false,
2023-07-24 05:00:00,Australia,Queensland,AU-QLD,499.75,557.87,30.85,30.85,opennem.org.au,false,
2023-07-24 06:00:00,Australia,Queensland,AU-QLD,561.2,623.41,20.54,20.54,opennem.org.au,false,
2023-07-24 07:00:00,Australia,Queensland,AU-QLD,628.35,696.02,8.48,8.48,opennem.org.au,false,
2023-07-24 08:00:00,Australia,Queensland,AU-QLD,626.25,696.2,6.73,6.73,opennem.org.au,false,
2023-07-24 09:00:00,Australia,Queensland,AU-QLD,626.38,695.48,7.3,7.3,opennem.org.au,false,
2023-07-24 10:00:00,Australia,Queensland,AU-QLD,642.65,712.61,5.31,5.31,opennem.org.au,false,
2023-07-24 11:00:00,Australia,Queensland,AU-QLD,656.58,724.28,5.46,5.46,opennem.org.au,false,
2023-07-24 12:00:00,Australia,Queensland,AU-QLD,655.59,718.1,8.72,8.72,opennem.org.au,false,
2023-07-24 13:00:00,Australia,Queensland,AU-QLD,655.98,715.83,10.04,10.04,opennem.org.au,false,
2023-07-24 14:00:00,Australia,Queensland,AU-QLD,672.55,730.62,9.46,9.46,opennem.org.au,false,
2023-07-24 15:00:00,Australia,Queensland,AU-QLD,675.09,733.07,9.13,9.13,opennem.org.au,false,
2023-07-24 16:00:00,Australia,Queensland,AU-QLD,668.38,725.96,10.0,10.0,opennem.org.au,false,
2023-07-24 17:00:00,Australia,Queensland,AU-QLD,666.3,723.79,10.24,10.24,opennem.org.au,false,
2023-07-24 18:00:00,Australia,Queensland,AU-QLD,666.41,723.87,10.25,10.25,opennem.org.au,false,
2023-07-24 19:00:00,Australia,Queensland,AU-QLD,668.75,726.49,9.88,9.88,opennem.org.au,false,
2023-07-24 20:00:00,Australia,Queensland,AU-QLD,651.46,708.82,11.89,11.89,opennem.org.au,false,
2023-07-24 21:00:00,Australia,Queensland,AU-QLD,600.66,656.44,18.98,18.98,opennem.org.au,false,
2023-07-24 22:00:00,Australia,Queensland,AU-QLD,476.32,530.38,35.62,35.62,opennem.org.au,false,
2023-07-24 23:00:00,Australia,Queensland,AU-QLD,391.41,442.62,47.72,47.72,opennem.org.au,false,
2023-07-25 00:00:00,Australia,Queensland,AU-QLD,334.65,384.97,55.22,55.22,opennem.org.au,false,
2023-07-25 01:00:00,Australia,Queensland,AU-QLD,333.95,384.85,55.31,55.31,opennem.org.au,false,
2023-07-25 02:00:00,Australia,Queensland,AU-QLD,333.49,384.33,55.4,55.4,opennem.org.au,false,
2023-07-25 03:00:00,Australia,Queensland,AU-QLD,340.47,391.55,54.48,54.48,opennem.org.au,false,
2023-07-25 04:00:00,Australia,Queensland,AU-QLD,365.07,417.16,50.87,50.87,opennem.org.au,false,
2023-07-25 05:00:00,Australia,Queensland,AU-QLD,417.2,472.12,42.55,42.55,opennem.org.au,false,
2023-07-25 06:00:00,Australia,Queensland,AU-QLD,518.1,579.04,25.98,25.98,opennem.org.au,false,
2023-07-25 07:00:00,Australia,Queensland,AU-QLD,595.92,663.24,11.56,11.56,opennem.org.au,false,
2023-07-25 08:00:00,Australia,Queensland,AU-QLD,596.38,664.8,10.38,10.38,opennem.org.au,false,
2023-07-25 09:00:00,Australia,Queensland,AU-QLD,597.86,666.48,10.08,10.08,opennem.org.au,false,
2023-07-25 10:00:00,Australia,Queensland,AU-QLD,611.72,682.08,7.75,7.75,opennem.org.au,false,
2023-07-25 11:00:00,Australia,Queensland,AU-QLD,618.83,685.82,9.12,9.12,opennem.org.au,false,
2023-07-25 12:00:00,Australia,Queensland,AU-QLD,630.33,692.15,11.22,11.22,opennem.org.au,false,
2023-07-25 13:00:00,Australia,Queensland,AU-QLD,636.66,694.44,13.08,13.08,opennem.org.au,false,
2023-07-25 14:00:00,Australia,Queensland,AU-QLD,630.63,686.02,15.0,15.0,opennem.org.au,false,
2023-07-25 15:00:00,Australia,Queensland,AU-QLD,644.77,701.17,13.12,13.12,opennem.org.au,false,
2023-07-25 16:00:00,Australia,Queensland,AU-QLD,652.36,709.37,12.12,12.12,opennem.org.au,false,
2023-07-25 17:00:00,Australia,Queensland,AU-QLD,652.57,709.58,12.07,12.07,opennem.org.au,false,
2023-07-25 18:00:00,Australia,Queensland,AU-QLD,655.64,712.71,11.7,11.7,opennem.org.au,false,
2023-07-25 19:00:00,Australia,Queensland,AU-QLD,652.03,709.37,12.04,12.04,opennem.org.au,false,
2023-07-25 20:00:00,Australia,Queensland,AU-QLD,629.63,685.72,15.04,15.04,opennem.org.au,false,
2023-07-25 21:00:00,Australia,Queensland,AU-QLD,581.23,639.83,19.48,19.48,opennem.org.au,false,
2023-07-25 22:00:00,Australia,Queensland,AU-QLD,483.74,538.76,34.25,34.25,opennem.org.au,false,
2023-07-25 23:00:00,Australia,Queensland,AU-QLD,418.12,471.07,43.57,43.57,opennem.org.au,false,
2023-07-26 00:00:00,Australia,Queensland,AU-QLD,367.85,419.76,50.24,50.24,opennem.org.au,false,
2023-07-26 01:00:00,Australia,Queensland,AU-QLD,359.77,412.27,51.32,51.32,opennem.org.au,false,
2023-07-26 02:00:00,Australia,Queensland,AU-QLD,368.06,421.17,50.21,50.21,opennem.org.au,false,
2023-07-26 03:00:00,Australia,Queensland,AU-QLD,386.2,440.13,47.77,47.77,opennem.org.au,false,
2023-07-26 04:00:00,Australia,Queensland,AU-QLD,414.33,469.18,43.68,43.68,opennem.org.au,false,
2023-07-26 05:00:00,Australia,Queensland,AU-QLD,446.7,503.91,37.65,37.65,opennem.org.au,false,
2023-07-26 06:00:00,Australia,Queensland,AU-QLD,524.06,585.32,25.37,25.37,opennem.org.au,false,
2023-07-26 07:00:00,Australia,Queensland,AU-QLD,612.55,679.64,10.32,10.32,opennem.org.au,false,
2023-07-26 08:00:00,Australia,Queensland,AU-QLD,618.56,687.03,8.36,8.36,opennem.org.au,false,
2023-07-26 09:00:00,Australia,Queensland,AU-QLD,617.78,686.53,8.24,8.24,opennem.org.au,false,
2023-07-26 10:00:00,Australia,Queensland,AU-QLD,620.95,688.27,8.95,8.95,opennem.org.au,false,
2023-07-26 11:00:00,Australia,Queensland,AU-QLD,641.11,705.4,8.87,8.87,opennem.org.au,false,
2023-07-26 12:00:00,Australia,Queensland,AU-QLD,651.71,715.25,8.13,8.13,opennem.org.au,false,
2023-07-26 13:00:00,Australia,Queensland,AU-QLD,665.28,726.31,8.41,8.41,opennem.org.au,false,
2023-07-26 14:00:00,Australia,Queensland,AU-QLD,669.25,728.2,9.22,9.22,opennem.org.au,false,
2023-07-26 15:00:00,Australia,Queensland,AU-QLD,670.31,729.26,9.03,9.03,opennem.org.au,false,
2023-07-26 16:00:00,Australia,Queensland,AU-QLD,665.3,723.96,9.68,9.68,opennem.org.au,false,
2023-07-26 17:00:00,Australia,Queensland,AU-QLD,664.71,723.37,9.73,9.73,opennem.org.au,false,
2023-07-26 18:00:00,Australia,Queensland,AU-QLD,658.88,717.2,10.48,10.48,opennem.org.au,false,
2023-07-26 19:00:00,Australia,Queensland,AU-QLD,659.58,718.0,10.35,10.35,opennem.org.au,false,
2023-07-26 20:00:00,Australia,Queensland,AU-QLD,653.46,713.48,9.98,9.98,opennem.org.au,false,
2023-07-26 21:00:00,Australia,Queensland,AU-QLD,599.69,661.41,15.36,15.36,opennem.org.au,false,
2023-07-26 22:00:00,Australia,Queensland,AU-QLD,496.9,552.17,32.49,32.49,opennem.org.au,false,
2023-07-26 23:00:00,Australia,Queensland,AU-QLD,408.39,460.21,45.5,45.5,opennem.org.au,false,
2023-07-27 00:00:00,Australia,Queensland,AU-QLD,365.57,417.09,51.17,51.17,opennem.org.au,false,
2023-07-27 01:00:00,Australia,Queensland,AU-QLD,350.14,401.41,53.22,53.22,opennem.org.au,false,
2023-07-27 02:00:00,Australia,Queensland,AU-QLD,369.81,421.79,50.59,50.59,opennem.org.au,false,
2023-07-27 03:00:00,Australia,Queensland,AU-QLD,387.01,439.37,48.29,48.29,opennem.org.au,false,
2023-07-27 04:00:00,Australia,Queensland,AU-QLD,399.81,452.88,46.39,46.39,opennem.org.au,false,
2023-07-27 05:00:00,Australia,Queensland,AU-QLD,458.8,515.45,36.8,36.8,opennem.org.au,false,
2023-07-27 06:00:00,Australia,Queensland,AU-QLD,569.4,631.01,20.16,20.16,opennem.org.au,false,
2023-07-27 07:00:00,Australia,Queensland,AU-QLD,649.15,715.47,7.0,7.0,opennem.org.au,false,
2023-07-27 08:00:00,Australia,Queensland,AU-QLD,647.72,715.24,5.97,5.97,opennem.org.au,false,
2023-07-27 09:00:00,Australia,Queensland,AU-QLD,645.5,712.87,6.24,6.24,opennem.org.au,false,
2023-07-27 10:00:00,Australia,Queensland,AU-QLD,647.84,714.29,6.56,6.56,opennem.org.au,false,
2023-07-27 11:00:00,Australia,Queensland,AU-QLD,656.8,720.63,7.3,7.3,opennem.org.au,false,
2023-07-27 12:00:00,Australia,Queensland,AU-QLD,654.31,716.96,8.24,8.24,opennem.org.au,false,
2023-07-27 13:00:00,Australia,Queensland,AU-QLD,672.54,733.18,7.77,7.77,opennem.org.au,false,
2023-07-27 14:00:00,Australia,Queensland,AU-QLD,685.15,745.63,6.73,6.73,opennem.org.au,false,
2023-07-27 15:00:00,Australia,Queensland,AU-QLD,676.29,737.2,7.37,7.37,opennem.org.au,false,
2023-07-27 16:00:00,Australia,Queensland,AU-QLD,678.9,739.66,7.22,7.22,opennem.org.au,false,
2023-07-27 17:00:00,Australia,Queensland,AU-QLD,677.2,738.0,7.36,7.36,opennem.org.au,false,
2023-07-27 18:00:00,Australia,Queensland,AU-QLD,677.27,737.81,7.47,7.47,opennem.org.au,false,
2023-07-27 19:00:00,Australia,Queensland,AU-QLD,681.71,741.43,7.5,7.5,opennem.org.au,false,
2023-07-27 20:00:00,Australia,Queensland,AU-QLD,672.88,732.72,8.25,8.25,opennem.org.au,false,
2023-07-27 21:00:00,Australia,Queensland,AU-QLD,627.91,686.49,14.68,14.68,opennem.org.au,false,
2023-07-27 22:00:00,Australia,Queensland,AU-QLD,477.34,531.84,35.77,35.77,opennem.org.au,false,
2023-07-27 23:00:00,Australia,Queensland,AU-QLD,381.9,434.23,49.01,49.01,opennem.org.au,false,
2023-07-28 00:00:00,Australia,Queensland,AU-QLD,347.56,399.64,53.53,53.53,opennem.org.au,false,
2023-07-28 01:00:00,Australia,Queensland,AU-QLD,337.46,389.5,54.88,54.88,opennem.org.au,false,
2023-07-28 02:00:00,Australia,Queensland,AU-QLD,338.6,390.69,54.74,54.74,opennem.org.au,false,
2023-07-28 03:00:00,Australia,Queensland,AU-QLD,343.25,395.51,54.13,54.13,opennem.org.au,false,
2023-07-28 04:00:00,Australia,Queensland,AU-QLD,362.18,415.47,51.28,51.28,opennem.org.au,false,
2023-07-28 05:00:00,Australia,Queensland,AU-QLD,409.33,465.57,43.53,43.53,opennem.org.au,false,
2023-07-28 06:00:00,Australia,Queensland,AU-QLD,527.93,589.03,25.94,25.94,opennem.org.au,false,
2023-07-28 07:00:00,Australia,Queensland,AU-QLD,635.03,703.74,7.23,7.23,opennem.org.au,false,
2023-07-28 08:00:00,Australia,Queensland,AU-QLD,643.71,713.96,4.8,4.8,opennem.org.au,false,
2023-07-28 09:00:00,Australia,Queensland,AU-QLD,647.01,716.43,4.98,4.98,opennem.org.au,false,
2023-07-28 10:00:00,Australia,Queensland,AU-QLD,662.23,730.77,4.01,4.01,opennem.org.au,false,
2023-07-28 11:00:00,Australia,Queensland,AU-QLD,670.88,737.87,4.15,4.15,opennem.org.au,false,
2023-07-28 12:00:00,Australia,Queensland,AU-QLD,669.91,733.26,6.59,6.59,opennem.org.au,false,
2023-07-28 13:00:00,Australia,Queensland,AU-QLD,673.07,734.64,7.41,7.41,opennem.org.au,false,
2023-07-28 14:00:00,Australia,Queensland,AU-QLD,688.13,747.56,7.25,7.25,opennem.org.au,false,
2023-07-28 15:00:00,Australia,Queensland,AU-QLD,707.44,765.76,5.99,5.99,opennem.org.au,false,
2023-07-28 16:00:00,Australia,Queensland,AU-QLD,707.91,766.2,5.96,5.96,opennem.org.au,false,
2023-07-28 17:00:00,Australia,Queensland,AU-QLD,709.48,768.02,5.68,5.68,opennem.org.au,false,
2023-07-28 18:00:00,Australia,Queensland,AU-QLD,710.01,769.0,5.46,5.46,opennem.org.au,false,
2023-07-28 19:00:00,Australia,Queensland,AU-QLD,713.03,772.31,5.12,5.12,opennem.org.au,false,
2023-07-28 20:00:00,Australia,Queensland,AU-QLD,686.01,743.76,8.74,8.74,opennem.org.au,false,
2023-07-28 21:00:00,Australia,Queensland,AU-QLD,616.41,673.11,17.97,17.97,opennem.org.au,false,
2023-07-28 22:00:00,Australia,Queensland,AU-QLD,449.87,503.89,40.01,40.01,opennem.org.au,false,
2023-07-28 23:00:00,Australia,Queensland,AU-QLD,359.29,411.88,51.96,51.96,opennem.org.au,false,
2023-07-29 00:00:00,Australia,Queensland,AU-QLD,334.14,386.27,55.29,55.29,opennem.org.au,false,
2023-07-29 01:00:00,Australia,Queensland,AU-QLD,329.77,381.96,55.87,55.87,opennem.org.au,false,
2023-07-29 02:00:00,Australia,Queensland,AU-QLD,328.49,380.75,56.04,56.04,opennem.org.au,false,
2023-07-29 03:00:00,Australia,Queensland,AU-QLD,331.38,383.74,55.67,55.67,opennem.org.au,false,
2023-07-29 04:00:00,Australia,Queensland,AU-QLD,342.18,395.0,54.11,54.11,opennem.org.au,false,
2023-07-29 05:00:00,Australia,Queensland,AU-QLD,392.2,447.51,46.25,46.25,opennem.org.au,false,
2023-07-29 06:00:00,Australia,Queensland,AU-QLD,514.99,575.32,28.06,28.06,opennem.org.au,false,
2023-07-29 07:00:00,Australia,Queensland,AU-QLD,642.54,708.6,8.52,8.52,opennem.org.au,false,
2023-07-29 08:00:00,Australia,Queensland,AU-QLD,656.29,722.87,6.08,6.08,opennem.org.au,false,
2023-07-29 09:00:00,Australia,Queensland,AU-QLD,661.83,728.53,5.55,5.55,opennem.org.au,false,
2023-07-29 10:00:00,Australia,Queensland,AU-QLD,667.83,735.75,4.12,4.12,opennem.org.au,false,
2023-07-29 11:00:00,Australia,Queensland,AU-QLD,677.76,743.16,4.7,4.7,opennem.org.au,false,
2023-07-29 12:00:00,Australia,Queensland,AU-QLD,671.26,730.76,8.96,8.96,opennem.org.au,false,
2023-07-29 13:00:00,Australia,Queensland,AU-QLD,655.59,712.73,12.03,12.03,opennem.org.au,false,
2023-07-29 14:00:00,Australia,Queensland,AU-QLD,677.6,735.94,9.06,9.06,opennem.org.au,false,
2023-07-29 15:00:00,Australia,Queensland,AU-QLD,687.07,745.91,7.84,7.84,opennem.org.au,false,
2023-07-29 16:00:00,Australia,Queensland,AU-QLD,692.66,752.57,6.64,6.64,opennem.org.au,false,
2023-07-29 17:00:00,Australia,Queensland,AU-QLD,696.72,756.53,6.34,6.34,opennem.org.au,false,
2023-07-29 18:00:00,Australia,Queensland,AU-QLD,698.69,758.57,6.06,6.06,opennem.org.au,false,
2023-07-29 19:00:00,Australia,Queensland,AU-QLD,696.84,756.28,6.37,6.37,opennem.org.au,false,
2023-07-29 20:00:00,Australia,Queensland,AU-QLD,698.87,757.7,6.49,6.49,opennem.org.au,false,
2023-07-29 21:00:00,Australia,Queensland,AU-QLD,626.62,683.67,16.35,16.35,opennem.org.au,false,
2023-07-29 22:00:00,Australia,Queensland,AU-QLD,454.6,508.55,39.33,39.33,opennem.org.au,false,
2023-07-29 23:00:00,Australia,Queensland,AU-QLD,370.13,422.69,50.51,50.51,opennem.org.au,false,
2023-07-30 00:00:00,Australia,Queensland,AU-QLD,352.2,404.56,52.89,52.89,opennem.org.au,false,
2023-07-30 01:00:00,Australia,Queensland,AU-QLD,356.48,409.16,52.32,52.32,opennem.org.au,false,
2023-07-30 02:00:00,Australia,Queensland,AU-QLD,366.96,419.96,50.92,50.92,opennem.org.au,false,
2023-07-30 03:00:00,Australia,Queensland,AU-QLD,369.47,422.61,50.58,50.58,opennem.org.au,false,
2023-07-30 04:00:00,Australia,Queensland,AU-QLD,364.0,417.55,50.98,50.98,opennem.org.au,false,
2023-07-30 05:00:00,Australia,Queensland,AU-QLD,403.93,460.23,44.32,44.32,opennem.org.au,false,
2023-07-30 06:00:00,Australia,Queensland,AU-QLD,539.68,600.72,24.83,24.83,opennem.org.au,false,
2023-07-30 07:00:00,Australia,Queensland,AU-QLD,660.07,725.18,7.31,7.31,opennem.org.au,false,
2023-07-30 08:00:00,Australia,Queensland,AU-QLD,671.47,736.45,5.62,5.62,opennem.org.au,false,
2023-07-30 09:00:00,Australia,Queensland,AU-QLD,676.45,742.44,4.52,4.52,opennem.org.au,false,
2023-07-30 10:00:00,Australia,Queensland,AU-QLD,685.79,752.5,3.18,3.18,opennem.org.au,false,
2023-07-30 11:00:00,Australia,Queensland,AU-QLD,686.69,751.35,4.4,4.4,opennem.org.au,false,
2023-07-30 12:00:00,Australia,Queensland,AU-QLD,681.18,740.1,8.51,8.51,opennem.org.au,false,
2023-07-30 13:00:00,Australia,Queensland,AU-QLD,676.48,733.75,9.96,9.96,opennem.org.au,false,
2023-07-30 14:00:00,Australia,Queensland,AU-QLD,693.27,751.43,7.7,7.7,opennem.org.au,false,
2023-07-30 15:00:00,Australia,Queensland,AU-QLD,693.17,751.46,7.68,7.68,opennem.org.au,false,
2023-07-30 16:00:00,Australia,Queensland,AU-QLD,690.03,748.18,8.08,8.08,opennem.org.au,false,
2023-07-30 17:00:00,Australia,Queensland,AU-QLD,689.66,747.57,8.13,8.13,opennem.org.au,false,
2023-07-30 18:00:00,Australia,Queensland,AU-QLD,688.95,746.75,8.25,8.25,opennem.org.au,false,
2023-07-30 19:00:00,Australia,Queensland,AU-QLD,685.8,743.52,8.74,8.74,opennem.org.au,false,
2023-07-30 20:00:00,Australia,Queensland,AU-QLD,669.27,727.06,10.52,10.52,opennem.org.au,false,
2023-07-30 21:00:00,Australia,Queensland,AU-QLD,610.22,667.56,18.14,18.14,opennem.org.au,false,
2023-07-30 22:00:00,Australia,Queensland,AU-QLD,499.6,554.37,33.7,33.7,opennem.org.au,false,
2023-07-30 23:00:00,Australia,Queensland,AU-QLD,393.75,447.26,47.42,47.42,opennem.org.au,false,
2023-07-31 00:00:00,Australia,Queensland,AU-QLD,340.14,392.69,54.5,54.5,opennem.org.au,false,
2023-07-31 01:00:00,Australia,Queensland,AU-QLD,327.64,379.79,56.17,56.17,opennem.org.au,false,
2023-07-31 02:00:00,Australia,Queensland,AU-QLD,325.97,378.21,56.41,56.41,opennem.org.au,false,
2023-07-31 03:00:00,Australia,Queensland,AU-QLD,333.67,386.06,55.36,55.36,opennem.org.au,false,
2023-07-31 04:00:00,Australia,Queensland,AU-QLD,363.05,416.48,51.2,51.2,opennem.org.au,false,
2023-07-31 05:00:00,Australia,Queensland,AU-QLD,422.29,478.9,41.76,41.76,opennem.org.au,false,
2023-07-31 06:00:00,Australia,Queensland,AU-QLD,523.64,585.86,25.54,25.54,opennem.org.au,false,
2023-07-31 07:00:00,Australia,Queensland,AU-QLD,629.59,696.14,9.35,9.35,opennem.org.au,false,
2023-07-31 08:00:00,Australia,Queensland,AU-QLD,646.01,714.79,5.69,5.69,opennem.org.au,false,
2023-07-31 09:00:00,Australia,Queensland,AU-QLD,649.85,718.32,5.47,5.47,opennem.org.au,false,
2023-07-31 10:00:00,Australia,Queensland,AU-QLD,660.21,729.36,4.04,4.04,opennem.org.au,false,
2023-07-31 11:00:00,Australia,Queensland,AU-QLD,652.78,719.94,5.96,5.96,opennem.org.au,false,
2023-07-31 12:00:00,Australia,Queensland,AU-QLD,639.77,702.59,9.99,9.99,opennem.org.au,false,
2023-07-31 13:00:00,Australia,Queensland,AU-QLD,647.31,707.07,11.15,11.15,opennem.org.au,false,
2023-07-31 14:00:00,Australia,Queensland,AU-QLD,650.33,709.17,11.38,11.38,opennem.org.au,false,
2023-07-31 15:00:00,Australia,Queensland,AU-QLD,651.9,710.81,11.16,11.16,opennem.org.au,false,
2023-07-31 16:00:00,Australia,Queensland,AU-QLD,669.23,729.47,8.71,8.71,opennem.org.au,false,
2023-07-31 17:00:00,Australia,Queensland,AU-QLD,675.76,736.39,7.88,7.88,opennem.org.au,false,
2023-07-31 18:00:00,Australia,Queensland,AU-QLD,681.6,742.43,7.06,7.06,opennem.org.au,false,
2023-07-31 19:00:00,Australia,Queensland,AU-QLD,679.39,739.98,7.49,7.49,opennem.org.au,false,
2023-07-31 20:00:00,Australia,Queensland,AU-QLD,652.81,713.99,9.78,9.78,opennem.org.au,false,
2023-07-31 21:00:00,Australia,Queensland,AU-QLD,581.28,644.07,17.33,17.33,opennem.org.au,false,
2023-07-31 22:00:00,Australia,Queensland,AU-QLD,459.16,514.11,37.94,37.94,opennem.org.au,false,
2023-07-31 23:00:00,Australia,Queensland,AU-QLD,379.93,432.51,49.22,49.22,opennem.org.au,false,
2023-08-01 00:00:00,Australia,Queensland,AU-QLD,358.1,410.39,52.11,52.11,opennem.org.au,false,
2023-08-01 01:00:00,Australia,Queensland,AU-QLD,354.42,406.77,52.6,52.6,opennem.org.au,false,
2023-08-01 02:00:00,Australia,Queensland,AU-QLD,359.93,412.55,51.87,51.87,opennem.org.au,false,
2023-08-01 03:00:00,Australia,Queensland,AU-QLD,351.01,403.44,53.06,53.06,opennem.org.au,false,
2023-08-01 04:00:00,Australia,Queensland,AU-QLD,358.34,411.1,51.72,51.72,opennem.org.au,false,
2023-08-01 05:00:00,Australia,Queensland,AU-QLD,396.65,452.06,45.23,45.23,opennem.org.au,false,
2023-08-01 06:00:00,Australia,Queensland,AU-QLD,514.25,575.69,27.0,27.0,opennem.org.au,false,
2023-08-01 07:00:00,Australia,Queensland,AU-QLD,603.06,674.1,8.93,8.93,opennem.org.au,false,
2023-08-01 08:00:00,Australia,Queensland,AU-QLD,605.42,680.12,6.42,6.42,opennem.org.au,false,
2023-08-01 09:00:00,Australia,Queensland,AU-QLD,605.56,678.16,7.21,7.21,opennem.org.au,false,
2023-08-01 10:00:00,Australia,Queensland,AU-QLD,615.34,687.83,6.25,6.25,opennem.org.au,false,
2023-08-01 11:00:00,Australia,Queensland,AU-QLD,630.94,701.51,5.87,5.87,opennem.org.au,false,
2023-08-01 12:00:00,Australia,Queensland,AU-QLD,643.03,709.01,7.69,7.69,opennem.org.au,false,
2023-08-01 13:00:00,Australia,Queensland,AU-QLD,650.54,713.59,8.68,8.68,opennem.org.au,false,
2023-08-01 14:00:00,Australia,Queensland,AU-QLD,653.23,715.86,8.58,8.58,opennem.org.au,false,
2023-08-01 15:00:00,Australia,Queensland,AU-QLD,655.78,714.64,10.59,10.59,opennem.org.au,false,
2023-08-01 16:00:00,Australia,Queensland,AU-QLD,663.12,721.93,9.96,9.96,opennem.org.au,false,
2023-08-01 17:00:00,Australia,Queensland,AU-QLD,653.23,711.3,11.31,11.31,opennem.org.au,false,
2023-08-01 18:00:00,Australia,Queensland,AU-QLD,656.74,714.88,10.79,10.79,opennem.org.au,false,
2023-08-01 19:00:00,Australia,Queensland,AU-QLD,658.28,716.95,10.3,10.3,opennem.org.au,false,
2023-08-01 20:00:00,Australia,Queensland,AU-QLD,643.49,702.97,11.35,11.35,opennem.org.au,false,
2023-08-01 21:00:00,Australia,Queensland,AU-QLD,591.32,652.4,17.68,17.68,opennem.org.au,false,
2023-08-01 22:00:00,Australia,Queensland,AU-QLD,464.97,518.96,37.34,37.34,opennem.org.au,false,
2023-08-01 23:00:00,Australia,Queensland,AU-QLD,376.65,427.44,49.78,49.78,opennem.org.au,false,
2023-08-02 00:00:00,Australia,Queensland,AU-QLD,342.84,393.0,54.2,54.2,opennem.org.au,false,
2023-08-02 01:00:00,Australia,Queensland,AU-QLD,338.99,389.3,54.67,54.67,opennem.org.au,false,
2023-08-02 02:00:00,Australia,Queensland,AU-QLD,344.38,395.0,54.0,54.0,opennem.org.au,false,
2023-08-02 03:00:00,Australia,Queensland,AU-QLD,348.67,399.83,53.37,53.37,opennem.org.au,false,
2023-08-02 04:00:00,Australia,Queensland,AU-QLD,373.38,425.68,49.72,49.72,opennem.org.au,false,
2023-08-02 05:00:00,Australia,Queensland,AU-QLD,440.39,495.56,39.61,39.61,opennem.org.au,false,
2023-08-02 06:00:00,Australia,Queensland,AU-QLD,527.55,586.17,26.48,26.48,opennem.org.au,false,
2023-08-02 07:00:00,Australia,Queensland,AU-QLD,607.08,673.78,11.97,11.97,opennem.org.au,false,
2023-08-02 08:00:00,Australia,Queensland,AU-QLD,612.53,681.26,10.26,10.26,opennem.org.au,false,
2023-08-02 09:00:00,Australia,Queensland,AU-QLD,627.85,694.48,9.63,9.63,opennem.org.au,false,
2023-08-02 10:00:00,Australia,Queensland,AU-QLD,626.36,689.25,10.98,10.98,opennem.org.au,false,
2023-08-02 11:00:00,Australia,Queensland,AU-QLD,637.48,698.68,11.12,11.12,opennem.org.au,false,
2023-08-02 12:00:00,Australia,Queensland,AU-QLD,641.38,699.52,12.71,12.71,opennem.org.au,false,
2023-08-02 13:00:00,Australia,Queensland,AU-QLD,649.26,705.64,13.03,13.03,opennem.org.au,false,
2023-08-02 14:00:00,Australia,Queensland,AU-QLD,640.93,695.79,14.7,14.7,opennem.org.au,false,
2023-08-02 15:00:00,Australia,Queensland,AU-QLD,635.0,689.62,15.48,15.48,opennem.org.au,false,
2023-08-02 16:00:00,Australia,Queensland,AU-QLD,640.1,694.96,14.76,14.76,opennem.org.au,false,
2023-08-02 17:00:00,Australia,Queensland,AU-QLD,652.77,708.32,13.07,13.07,opennem.org.au,false,
2023-08-02 18:00:00,Australia,Queensland,AU-QLD,643.53,698.41,14.26,14.26,opennem.org.au,false,
2023-08-02 19:00:00,Australia,Queensland,AU-QLD,640.14,694.93,14.75,14.75,opennem.org.au,false,
2023-08-02 20:00:00,Australia,Queensland,AU-QLD,628.45,682.55,16.35,16.35,opennem.org.au,false,
2023-08-02 21:00:00,Australia,Queensland,AU-QLD,580.3,634.64,22.23,22.23,opennem.org.au,false,
2023-08-02 22:00:00,Australia,Queensland,AU-QLD,443.67,495.57,40.78,40.78,opennem.org.au,false,
2023-08-02 23:00:00,Australia,Queensland,AU-QLD,365.91,416.94,51.05,51.05,opennem.org.au,false,
2023-08-03 00:00:00,Australia,Queensland,AU-QLD,345.41,396.09,53.77,53.77,opennem.org.au,false,
2023-08-03 01:00:00,Australia,Queensland,AU-QLD,333.7,384.43,55.31,55.31,opennem.org.au,false,
2023-08-03 02:00:00,Australia,Queensland,AU-QLD,341.15,392.16,54.35,54.35,opennem.org.au,false,
2023-08-03 03:00:00,Australia,Queensland,AU-QLD,354.68,406.24,52.57,52.57,opennem.org.au,false,
2023-08-03 04:00:00,Australia,Queensland,AU-QLD,373.72,426.26,49.74,49.74,opennem.org.au,false,
2023-08-03 05:00:00,Australia,Queensland,AU-QLD,397.67,452.17,45.22,45.22,opennem.org.au,false,
2023-08-03 06:00:00,Australia,Queensland,AU-QLD,496.05,554.49,30.67,30.67,opennem.org.au,false,
2023-08-03 07:00:00,Australia,Queensland,AU-QLD,608.38,673.16,12.4,12.4,opennem.org.au,false,
2023-08-03 08:00:00,Australia,Queensland,AU-QLD,625.59,691.46,9.28,9.28,opennem.org.au,false,
2023-08-03 09:00:00,Australia,Queensland,AU-QLD,628.65,693.81,9.4,9.4,opennem.org.au,false,
2023-08-03 10:00:00,Australia,Queensland,AU-QLD,641.61,706.74,8.2,8.2,opennem.org.au,false,
2023-08-03 11:00:00,Australia,Queensland,AU-QLD,650.57,713.86,8.47,8.47,opennem.org.au,false,
2023-08-03 12:00:00,Australia,Queensland,AU-QLD,642.65,702.8,11.3,11.3,opennem.org.au,false,
2023-08-03 13:00:00,Australia,Queensland,AU-QLD,637.14,694.65,13.43,13.43,opennem.org.au,false,
2023-08-03 14:00:00,Australia,Queensland,AU-QLD,656.84,712.72,12.54,12.54,opennem.org.au,false,
2023-08-03 15:00:00,Australia,Queensland,AU-QLD,655.34,710.95,12.74,12.74,opennem.org.au,false,
2023-08-03 16:00:00,Australia,Queensland,AU-QLD,656.94,712.69,12.49,12.49,opennem.org.au,false,
2023-08-03 17:00:00,Australia,Queensland,AU-QLD,662.46,718.69,11.75,11.75,opennem.org.au,false,
2023-08-03 18:00:00,Australia,Queensland,AU-QLD,672.62,729.49,10.44,10.44,opennem.org.au,false,
2023-08-03 19:00:00,Australia,Queensland,AU-QLD,669.17,725.73,10.97,10.97,opennem.org.au,false,
2023-08-03 20:00:00,Australia,Queensland,AU-QLD,654.63,710.13,13.1,13.1,opennem.org.au,false,
2023-08-03 21:00:00,Australia,Queensland,AU-QLD,592.44,647.32,21.25,21.25,opennem.org.au,false,
2023-08-03 22:00:00,Australia,Queensland,AU-QLD,447.97,500.86,40.25,40.25,opennem.org.au,false,
2023-08-03 23:00:00,Australia,Queensland,AU-QLD,365.67,417.05,51.12,51.12,opennem.org.au,false,
2023-08-04 00:00:00,Australia,Queensland,AU-QLD,331.21,381.74,55.7,55.7,opennem.org.au,false,
2023-08-04 01:00:00,Australia,Queensland,AU-QLD,321.5,372.32,56.99,56.99,opennem.org.au,false,
2023-08-04 02:00:00,Australia,Queensland,AU-QLD,322.11,372.94,56.91,56.91,opennem.org.au,false,
2023-08-04 03:00:00,Australia,Queensland,AU-QLD,338.58,389.97,54.71,54.71,opennem.org.au,false,
2023-08-04 04:00:00,Australia,Queensland,AU-QLD,344.6,396.66,53.62,53.62,opennem.org.au,false,
2023-08-04 05:00:00,Australia,Queensland,AU-QLD,382.16,436.68,47.47,47.47,opennem.org.au,false,
2023-08-04 06:00:00,Australia,Queensland,AU-QLD,496.82,556.21,30.44,30.44,opennem.org.au,false,
2023-08-04 07:00:00,Australia,Queensland,AU-QLD,631.34,695.35,10.73,10.73,opennem.org.au,false,
2023-08-04 08:00:00,Australia,Queensland,AU-QLD,638.82,701.48,10.08,10.08,opennem.org.au,false,
2023-08-04 09:00:00,Australia,Queensland,AU-QLD,634.92,697.31,10.64,10.64,opennem.org.au,false,
2023-08-04 10:00:00,Australia,Queensland,AU-QLD,646.3,709.18,9.15,9.15,opennem.org.au,false,
2023-08-04 11:00:00,Australia,Queensland,AU-QLD,653.51,716.27,8.61,8.61,opennem.org.au,false,
2023-08-04 12:00:00,Australia,Queensland,AU-QLD,646.77,706.73,11.06,11.06,opennem.org.au,false,
2023-08-04 13:00:00,Australia,Queensland,AU-QLD,648.05,705.61,12.51,12.51,opennem.org.au,false,
2023-08-04 14:00:00,Australia,Queensland,AU-QLD,666.05,722.42,11.41,11.41,opennem.org.au,false,
2023-08-04 15:00:00,Australia,Queensland,AU-QLD,676.99,733.99,9.88,9.88,opennem.org.au,false,
2023-08-04 16:00:00,Australia,Queensland,AU-QLD,682.2,739.57,9.21,9.21,opennem.org.au,false,
2023-08-04 17:00:00,Australia,Queensland,AU-QLD,679.76,736.85,9.61,9.61,opennem.org.au,false,
2023-08-04 18:00:00,Australia,Queensland,AU-QLD,676.44,733.39,9.97,9.97,opennem.org.au,false,
2023-08-04 19:00:00,Australia,Queensland,AU-QLD,668.64,724.98,11.01,11.01,opennem.org.au,false,
2023-08-04 20:00:00,Australia,Queensland,AU-QLD,659.15,715.16,12.24,12.24,opennem.org.au,false,
2023-08-04 21:00:00,Australia,Queensland,AU-QLD,583.67,638.35,22.28,22.28,opennem.org.au,false,
2023-08-04 22:00:00,Australia,Queensland,AU-QLD,440.81,493.64,41.2,41.2,opennem.org.au,false,
2023-08-04 23:00:00,Australia,Queensland,AU-QLD,355.83,407.27,52.41,52.41,opennem.org.au,false,
2023-08-05 00:00:00,Australia,Queensland,AU-QLD,338.7,390.36,54.67,54.67,opennem.org.au,false,
2023-08-05 01:00:00,Australia,Queensland,AU-QLD,331.83,383.34,55.59,55.59,opennem.org.au,false,
2023-08-05 02:00:00,Australia,Queensland,AU-QLD,335.64,387.51,55.08,55.08,opennem.org.au,false,
2023-08-05 03:00:00,Australia,Queensland,AU-QLD,334.91,386.9,55.19,55.19,opennem.org.au,false,
2023-08-05 04:00:00,Australia,Queensland,AU-QLD,343.59,395.74,54.03,54.03,opennem.org.au,false,
2023-08-05 05:00:00,Australia,Queensland,AU-QLD,399.23,453.41,45.74,45.74,opennem.org.au,false,
2023-08-05 06:00:00,Australia,Queensland,AU-QLD,508.04,566.78,29.56,29.56,opennem.org.au,false,
2023-08-05 07:00:00,Australia,Queensland,AU-QLD,633.91,698.78,9.91,9.91,opennem.org.au,false,
2023-08-05 08:00:00,Australia,Queensland,AU-QLD,640.69,706.32,8.1,8.1,opennem.org.au,false,
2023-08-05 09:00:00,Australia,Queensland,AU-QLD,639.64,705.07,8.35,8.35,opennem.org.au,false,
2023-08-05 10:00:00,Australia,Queensland,AU-QLD,651.17,715.72,7.7,7.7,opennem.org.au,false,
2023-08-05 11:00:00,Australia,Queensland,AU-QLD,652.49,715.86,8.3,8.3,opennem.org.au,false,
2023-08-05 12:00:00,Australia,Queensland,AU-QLD,640.81,700.9,11.51,11.51,opennem.org.au,false,
2023-08-05 13:00:00,Australia,Queensland,AU-QLD,646.04,701.5,13.86,13.86,opennem.org.au,false,
2023-08-05 14:00:00,Australia,Queensland,AU-QLD,652.23,708.16,13.07,13.07,opennem.org.au,false,
2023-08-05 15:00:00,Australia,Queensland,AU-QLD,648.04,703.74,13.64,13.64,opennem.org.au,false,
2023-08-05 16:00:00,Australia,Queensland,AU-QLD,666.64,723.09,11.23,11.23,opennem.org.au,false,
2023-08-05 17:00:00,Australia,Queensland,AU-QLD,673.12,729.95,10.3,10.3,opennem.org.au,false,
2023-08-05 18:00:00,Australia,Queensland,AU-QLD,672.99,730.02,10.3,10.3,opennem.org.au,false,
2023-08-05 19:00:00,Australia,Queensland,AU-QLD,675.43,732.66,9.96,9.96,opennem.org.au,false,
2023-08-05 20:00:00,Australia,Queensland,AU-QLD,679.72,737.11,9.47,9.47,opennem.org.au,false,
2023-08-05 21:00:00,Australia,Queensland,AU-QLD,596.63,652.73,20.54,20.54,opennem.org.au,false,
2023-08-05 22:00:00,Australia,Queensland,AU-QLD,439.39,493.01,41.34,41.34,opennem.org.au,false,
2023-08-05 23:00:00,Australia,Queensland,AU-QLD,379.51,432.04,49.32,49.32,opennem.org.au,false,
2023-08-06 00:00:00,Australia,Queensland,AU-QLD,360.92,413.27,51.79,51.79,opennem.org.au,false,
2023-08-06 01:00:00,Australia,Queensland,AU-QLD,348.58,400.71,53.4,53.4,opennem.org.au,false,
2023-08-06 02:00:00,Australia,Queensland,AU-QLD,361.92,414.34,51.69,51.69,opennem.org.au,false,
2023-08-06 03:00:00,Australia,Queensland,AU-QLD,387.79,440.78,48.28,48.28,opennem.org.au,false,
2023-08-06 04:00:00,Australia,Queensland,AU-QLD,420.21,474.4,43.61,43.61,opennem.org.au,false,
2023-08-06 05:00:00,Australia,Queensland,AU-QLD,448.56,504.66,38.69,38.69,opennem.org.au,false,
2023-08-06 06:00:00,Australia,Queensland,AU-QLD,515.37,575.83,27.41,27.41,opennem.org.au,false,
2023-08-06 07:00:00,Australia,Queensland,AU-QLD,609.2,674.84,11.95,11.95,opennem.org.au,false,
2023-08-06 08:00:00,Australia,Queensland,AU-QLD,627.73,693.82,9.13,9.13,opennem.org.au,false,
2023-08-06 09:00:00,Australia,Queensland,AU-QLD,630.52,696.46,9.09,9.09,opennem.org.au,false,
2023-08-06 10:00:00,Australia,Queensland,AU-QLD,644.31,709.21,8.58,8.58,opennem.org.au,false,
2023-08-06 11:00:00,Australia,Queensland,AU-QLD,643.76,706.57,9.81,9.81,opennem.org.au,false,
2023-08-06 12:00:00,Australia,Queensland,AU-QLD,639.36,698.15,12.85,12.85,opennem.org.au,false,
2023-08-06 13:00:00,Australia,Queensland,AU-QLD,642.03,697.86,14.51,14.51,opennem.org.au,false,
2023-08-06 14:00:00,Australia,Queensland,AU-QLD,648.32,704.56,13.65,13.65,opennem.org.au,false,
2023-08-06 15:00:00,Australia,Queensland,AU-QLD,647.25,703.45,13.76,13.76,opennem.org.au,false,
2023-08-06 16:00:00,Australia,Queensland,AU-QLD,645.41,701.54,13.99,13.99,opennem.org.au,false,
2023-08-06 17:00:00,Australia,Queensland,AU-QLD,653.51,710.23,12.91,12.91,opennem.org.au,false,
2023-08-06 18:00:00,Australia,Queensland,AU-QLD,670.31,728.2,10.72,10.72,opennem.org.au,false,
2023-08-06 19:00:00,Australia,Queensland,AU-QLD,679.29,737.83,9.51,9.51,opennem.org.au,false,
2023-08-06 20:00:00,Australia,Queensland,AU-QLD,663.07,721.36,11.17,11.17,opennem.org.au,false,
2023-08-06 21:00:00,Australia,Queensland,AU-QLD,599.84,657.32,19.69,19.69,opennem.org.au,false,
2023-08-06 22:00:00,Australia,Queensland,AU-QLD,456.41,511.03,39.15,39.15,opennem.org.au,false,
2023-08-06 23:00:00,Australia,Queensland,AU-QLD,392.43,445.94,47.59,47.59,opennem.org.au,false,
2023-08-07 00:00:00,Australia,Queensland,AU-QLD,352.72,405.47,52.82,52.82,opennem.org.au,false,
2023-08-07 01:00:00,Australia,Queensland,AU-QLD,327.43,379.72,56.19,56.19,opennem.org.au,false,
2023-08-07 02:00:00,Australia,Queensland,AU-QLD,363.72,416.52,51.4,51.4,opennem.org.au,false,
2023-08-07 03:00:00,Australia,Queensland,AU-QLD,397.19,450.62,46.98,46.98,opennem.org.au,false,
2023-08-07 04:00:00,Australia,Queensland,AU-QLD,431.39,486.04,42.09,42.09,opennem.org.au,false,
2023-08-07 05:00:00,Australia,Queensland,AU-QLD,477.11,534.56,34.56,34.56,opennem.org.au,false,
2023-08-07 06:00:00,Australia,Queensland,AU-QLD,542.92,605.71,22.74,22.74,opennem.org.au,false,
2023-08-07 07:00:00,Australia,Queensland,AU-QLD,601.39,672.29,9.62,9.62,opennem.org.au,false,
2023-08-07 08:00:00,Australia,Queensland,AU-QLD,606.59,679.72,7.2,7.2,opennem.org.au,false,
2023-08-07 09:00:00,Australia,Queensland,AU-QLD,620.82,691.52,7.36,7.36,opennem.org.au,false,
2023-08-07 10:00:00,Australia,Queensland,AU-QLD,632.64,701.08,7.58,7.58,opennem.org.au,false,
2023-08-07 11:00:00,Australia,Queensland,AU-QLD,636.55,702.21,8.89,8.89,opennem.org.au,false,
2023-08-07 12:00:00,Australia,Queensland,AU-QLD,634.1,698.34,10.02,10.02,opennem.org.au,false,
2023-08-07 13:00:00,Australia,Queensland,AU-QLD,643.13,703.02,11.91,11.91,opennem.org.au,false,
2023-08-07 14:00:00,Australia,Queensland,AU-QLD,643.8,702.46,12.54,12.54,opennem.org.au,false,
2023-08-07 15:00:00,Australia,Queensland,AU-QLD,641.62,700.03,12.84,12.84,opennem.org.au,false,
2023-08-07 16:00:00,Australia,Queensland,AU-QLD,636.19,694.47,13.52,13.52,opennem.org.au,false,
2023-08-07 17:00:00,Australia,Queensland,AU-QLD,635.94,694.48,13.46,13.46,opennem.org.au,false,
2023-08-07 18:00:00,Australia,Queensland,AU-QLD,646.35,705.26,12.23,12.23,opennem.org.au,false,
2023-08-07 19:00:00,Australia,Queensland,AU-QLD,653.48,712.89,11.19,11.19,opennem.org.au,false,
2023-08-07 20:00:00,Australia,Queensland,AU-QLD,645.37,705.32,11.8,11.8,opennem.org.au,false,
2023-08-07 21:00:00,Australia,Queensland,AU-QLD,588.78,647.96,19.7,19.7,opennem.org.au,false,
2023-08-07 22:00:00,Australia,Queensland,AU-QLD,454.83,509.75,38.98,38.98,opennem.org.au,false,
2023-08-07 23:00:00,Australia,Queensland,AU-QLD,376.91,430.08,49.69,49.69,opennem.org.au,false,
2023-08-08 00:00:00,Australia,Queensland,AU-QLD,336.34,388.86,55.02,55.02,opennem.org.au,false,
2023-08-08 01:00:00,Australia,Queensland,AU-QLD,317.55,369.79,57.51,57.51,opennem.org.au,false,
2023-08-08 02:00:00,Australia,Queensland,AU-QLD,329.9,382.39,55.85,55.85,opennem.org.au,false,
2023-08-08 03:00:00,Australia,Queensland,AU-QLD,364.79,417.86,51.25,51.25,opennem.org.au,false,
2023-08-08 04:00:00,Australia,Queensland,AU-QLD,401.63,455.93,46.18,46.18,opennem.org.au,false,
2023-08-08 05:00:00,Australia,Queensland,AU-QLD,460.94,518.6,36.58,36.58,opennem.org.au,false,
2023-08-08 06:00:00,Australia,Queensland,AU-QLD,536.39,597.6,24.83,24.83,opennem.org.au,false,
2023-08-08 07:00:00,Australia,Queensland,AU-QLD,608.55,676.85,10.8,10.8,opennem.org.au,false,
2023-08-08 08:00:00,Australia,Queensland,AU-QLD,611.74,683.86,7.43,7.43,opennem.org.au,false,
2023-08-08 09:00:00,Australia,Queensland,AU-QLD,608.91,678.04,9.33,9.33,opennem.org.au,false,
2023-08-08 10:00:00,Australia,Queensland,AU-QLD,615.38,680.93,10.89,10.89,opennem.org.au,false,
2023-08-08 11:00:00,Australia,Queensland,AU-QLD,640.22,703.31,10.06,10.06,opennem.org.au,false,
2023-08-08 12:00:00,Australia,Queensland,AU-QLD,650.44,710.06,11.17,11.17,opennem.org.au,false,
2023-08-08 13:00:00,Australia,Queensland,AU-QLD,651.19,710.07,11.54,11.54,opennem.org.au,false,
2023-08-08 14:00:00,Australia,Queensland,AU-QLD,646.25,704.17,12.74,12.74,opennem.org.au,false,
2023-08-08 15:00:00,Australia,Queensland,AU-QLD,641.74,699.17,13.55,13.55,opennem.org.au,false,
2023-08-08 16:00:00,Australia,Queensland,AU-QLD,639.06,696.38,13.9,13.9,opennem.org.au,false,
2023-08-08 17:00:00,Australia,Queensland,AU-QLD,643.7,701.29,13.28,13.28,opennem.org.au,false,
2023-08-08 18:00:00,Australia,Queensland,AU-QLD,641.42,699.89,13.03,13.03,opennem.org.au,false,
2023-08-08 19:00:00,Australia,Queensland,AU-QLD,642.06,700.77,12.67,12.67,opennem.org.au,false,
2023-08-08 20:00:00,Australia,Queensland,AU-QLD,629.87,688.14,14.11,14.11,opennem.org.au,false,
2023-08-08 21:00:00,Australia,Queensland,AU-QLD,569.4,626.77,22.73,22.73,opennem.org.au,false,
2023-08-08 22:00:00,Australia,Queensland,AU-QLD,421.79,475.86,43.28,43.28,opennem.org.au,false,
2023-08-08 23:00:00,Australia,Queensland,AU-QLD,341.36,393.63,54.33,54.33,opennem.org.au,false,
2023-08-09 00:00:00,Australia,Queensland,AU-QLD,320.77,372.85,57.06,57.06,opennem.org.au,false,
2023-08-09 01:00:00,Australia,Queensland,AU-QLD,315.73,367.72,57.74,57.74,opennem.org.au,false,
2023-08-09 02:00:00,Australia,Queensland,AU-QLD,333.97,386.51,55.3,55.3,opennem.org.au,false,
2023-08-09 03:00:00,Australia,Queensland,AU-QLD,341.28,394.06,54.33,54.33,opennem.org.au,false,
2023-08-09 04:00:00,Australia,Queensland,AU-QLD,344.4,397.36,53.7,53.7,opennem.org.au,false,
2023-08-09 05:00:00,Australia,Queensland,AU-QLD,387.88,444.03,46.21,46.21,opennem.org.au,false,
2023-08-09 06:00:00,Australia,Queensland,AU-QLD,491.48,551.64,30.96,30.96,opennem.org.au,false,
2023-08-09 07:00:00,Australia,Queensland,AU-QLD,628.41,693.71,10.84,10.84,opennem.org.au,false,
2023-08-09 08:00:00,Australia,Queensland,AU-QLD,642.94,708.36,8.55,8.55,opennem.org.au,false,
2023-08-09 09:00:00,Australia,Queensland,AU-QLD,637.92,702.8,9.3,9.3,opennem.org.au,false,
2023-08-09 10:00:00,Australia,Queensland,AU-QLD,653.78,718.07,8.0,8.0,opennem.org.au,false,
2023-08-09 11:00:00,Australia,Queensland,AU-QLD,659.77,721.17,9.32,9.32,opennem.org.au,false,
2023-08-09 12:00:00,Australia,Queensland,AU-QLD,649.73,707.51,12.71,12.71,opennem.org.au,false,
2023-08-09 13:00:00,Australia,Queensland,AU-QLD,648.75,705.33,13.59,13.59,opennem.org.au,false,
2023-08-09 14:00:00,Australia,Queensland,AU-QLD,657.27,714.13,12.43,12.43,opennem.org.au,false,
2023-08-09 15:00:00,Australia,Queensland,AU-QLD,654.56,710.64,12.76,12.76,opennem.org.au,false,
2023-08-09 16:00:00,Australia,Queensland,AU-QLD,655.44,711.25,12.62,12.62,opennem.org.au,false,
2023-08-09 17:00:00,Australia,Queensland,AU-QLD,659.01,714.98,12.19,12.19,opennem.org.au,false,
2023-08-09 18:00:00,Australia,Queensland,AU-QLD,663.64,719.89,11.62,11.62,opennem.org.au,false,
2023-08-09 19:00:00,Australia,Queensland,AU-QLD,671.81,728.54,10.57,10.57,opennem.org.au,false,
2023-08-09 20:00:00,Australia,Queensland,AU-QLD,657.04,715.11,11.28,11.28,opennem.org.au,false,
2023-08-09 21:00:00,Australia,Queensland,AU-QLD,560.55,619.88,21.99,21.99,opennem.org.au,false,
2023-08-09 22:00:00,Australia,Queensland,AU-QLD,411.93,464.56,44.83,44.83,opennem.org.au,false,
2023-08-09 23:00:00,Australia,Queensland,AU-QLD,340.13,391.59,54.47,54.47,opennem.org.au,false,
2023-08-10 00:00:00,Australia,Queensland,AU-QLD,320.6,372.0,57.05,57.05,opennem.org.au,false,
2023-08-10 01:00:00,Australia,Queensland,AU-QLD,305.45,356.92,59.08,59.08,opennem.org.au,false,
2023-08-10 02:00:00,Australia,Queensland,AU-QLD,317.95,369.75,57.43,57.43,opennem.org.au,false,
2023-08-10 03:00:00,Australia,Queensland,AU-QLD,332.88,385.16,55.46,55.46,opennem.org.au,false,
2023-08-10 04:00:00,Australia,Queensland,AU-QLD,340.47,393.21,54.25,54.25,opennem.org.au,false,
2023-08-10 05:00:00,Australia,Queensland,AU-QLD,389.15,444.83,46.33,46.33,opennem.org.au,false,
2023-08-10 06:00:00,Australia,Queensland,AU-QLD,498.91,558.86,30.2,30.2,opennem.org.au,false,
2023-08-10 07:00:00,Australia,Queensland,AU-QLD,618.44,684.66,10.99,10.99,opennem.org.au,false,
2023-08-10 08:00:00,Australia,Queensland,AU-QLD,636.18,706.51,6.81,6.81,opennem.org.au,false,
2023-08-10 09:00:00,Australia,Queensland,AU-QLD,638.41,709.19,6.68,6.68,opennem.org.au,false,
2023-08-10 10:00:00,Australia,Queensland,AU-QLD,665.77,733.96,4.54,4.54,opennem.org.au,false,
2023-08-10 11:00:00,Australia,Queensland,AU-QLD,677.46,744.53,4.16,4.16,opennem.org.au,false,
2023-08-10 12:00:00,Australia,Queensland,AU-QLD,666.11,732.09,6.17,6.17,opennem.org.au,false,
2023-08-10 13:00:00,Australia,Queensland,AU-QLD,681.84,748.1,4.5,4.5,opennem.org.au,false,
2023-08-10 14:00:00,Australia,Queensland,AU-QLD,694.91,758.51,5.0,5.0,opennem.org.au,false,
2023-08-10 15:00:00,Australia,Queensland,AU-QLD,692.6,754.62,6.07,6.07,opennem.org.au,false,
2023-08-10 16:00:00,Australia,Queensland,AU-QLD,680.01,741.46,7.65,7.65,opennem.org.au,false,
2023-08-10 17:00:00,Australia,Queensland,AU-QLD,671.27,732.06,8.77,8.77,opennem.org.au,false,
2023-08-10 18:00:00,Australia,Queensland,AU-QLD,678.78,740.01,7.73,7.73,opennem.org.au,false,
2023-08-10 19:00:00,Australia,Queensland,AU-QLD,683.81,745.78,6.81,6.81,opennem.org.au,false,
2023-08-10 20:00:00,Australia,Queensland,AU-QLD,667.42,730.04,7.91,7.91,opennem.org.au,false,
2023-08-10 21:00:00,Australia,Queensland,AU-QLD,582.37,641.71,20.17,20.17,opennem.org.au,false,
2023-08-10 22:00:00,Australia,Queensland,AU-QLD,428.92,483.46,42.34,42.34,opennem.org.au,false,
2023-08-10 23:00:00,Australia,Queensland,AU-QLD,344.44,397.15,53.9,53.9,opennem.org.au,false,
2023-08-11 00:00:00,Australia,Queensland,AU-QLD,324.05,376.19,56.6,56.6,opennem.org.au,false,
2023-08-11 01:00:00,Australia,Queensland,AU-QLD,314.16,366.15,57.91,57.91,opennem.org.au,false,
2023-08-11 02:00:00,Australia,Queensland,AU-QLD,317.38,369.45,57.48,57.48,opennem.org.au,false,
2023-08-11 03:00:00,Australia,Queensland,AU-QLD,329.85,382.18,55.84,55.84,opennem.org.au,false,
2023-08-11 04:00:00,Australia,Queensland,AU-QLD,335.69,388.6,54.79,54.79,opennem.org.au,false,
2023-08-11 05:00:00,Australia,Queensland,AU-QLD,388.03,444.12,46.3,46.3,opennem.org.au,false,
2023-08-11 06:00:00,Australia,Queensland,AU-QLD,516.47,577.47,27.76,27.76,opennem.org.au,false,
2023-08-11 07:00:00,Australia,Queensland,AU-QLD,634.95,701.02,9.93,9.93,opennem.org.au,false,
2023-08-11 08:00:00,Australia,Queensland,AU-QLD,662.16,729.76,5.57,5.57,opennem.org.au,false,
2023-08-11 09:00:00,Australia,Queensland,AU-QLD,665.22,732.37,5.49,5.49,opennem.org.au,false,
2023-08-11 10:00:00,Australia,Queensland,AU-QLD,677.33,744.82,4.09,4.09,opennem.org.au,false,
2023-08-11 11:00:00,Australia,Queensland,AU-QLD,669.98,735.4,6.09,6.09,opennem.org.au,false,
2023-08-11 12:00:00,Australia,Queensland,AU-QLD,668.56,730.71,8.44,8.44,opennem.org.au,false,
2023-08-11 13:00:00,Australia,Queensland,AU-QLD,677.39,735.94,9.89,9.89,opennem.org.au,false,
2023-08-11 14:00:00,Australia,Queensland,AU-QLD,678.94,737.7,9.63,9.63,opennem.org.au,false,
2023-08-11 15:00:00,Australia,Queensland,AU-QLD,676.67,735.45,9.91,9.91,opennem.org.au,false,
2023-08-11 16:00:00,Australia,Queensland,AU-QLD,683.51,742.74,8.95,8.95,opennem.org.au,false,
2023-08-11 17:00:00,Australia,Queensland,AU-QLD,697.36,757.18,7.17,7.17,opennem.org.au,false,
2023-08-11 18:00:00,Australia,Queensland,AU-QLD,701.6,761.68,6.64,6.64,opennem.org.au,false,
2023-08-11 19:00:00,Australia,Queensland,AU-QLD,676.51,735.26,9.92,9.92,opennem.org.au,false,
2023-08-11 20:00:00,Australia,Queensland,AU-QLD,676.02,734.62,10.07,10.07,opennem.org.au,false,
2023-08-11 21:00:00,Australia,Queensland,AU-QLD,571.09,627.8,23.92,23.92,opennem.org.au,false,
2023-08-11 22:00:00,Australia,Queensland,AU-QLD,403.59,457.6,46.0,46.0,opennem.org.au,false,
2023-08-11 23:00:00,Australia,Queensland,AU-QLD,358.68,411.68,51.99,51.99,opennem.org.au,false,
2023-08-12 00:00:00,Australia,Queensland,AU-QLD,335.61,388.0,55.08,55.08,opennem.org.au,false,
2023-08-12 01:00:00,Australia,Queensland,AU-QLD,328.09,380.4,56.1,56.1,opennem.org.au,false,
2023-08-12 02:00:00,Australia,Queensland,AU-QLD,329.08,381.41,55.98,55.98,opennem.org.au,false,
2023-08-12 03:00:00,Australia,Queensland,AU-QLD,329.9,382.24,55.89,55.89,opennem.org.au,false,
2023-08-12 04:00:00,Australia,Queensland,AU-QLD,343.74,396.66,53.77,53.77,opennem.org.au,false,
2023-08-12 05:00:00,Australia,Queensland,AU-QLD,391.37,447.01,46.37,46.37,opennem.org.au,false,
2023-08-12 06:00:00,Australia,Queensland,AU-QLD,493.29,554.18,30.58,30.58,opennem.org.au,false,
2023-08-12 07:00:00,Australia,Queensland,AU-QLD,625.2,691.88,10.63,10.63,opennem.org.au,false,
2023-08-12 08:00:00,Australia,Queensland,AU-QLD,658.37,725.95,5.96,5.96,opennem.org.au,false,
2023-08-12 09:00:00,Australia,Queensland,AU-QLD,668.09,734.88,5.46,5.46,opennem.org.au,false,
2023-08-12 10:00:00,Australia,Queensland,AU-QLD,676.79,744.61,4.0,4.0,opennem.org.au,false,
2023-08-12 11:00:00,Australia,Queensland,AU-QLD,668.42,735.61,5.11,5.11,opennem.org.au,false,
2023-08-12 12:00:00,Australia,Queensland,AU-QLD,656.44,720.83,8.15,8.15,opennem.org.au,false,
2023-08-12 13:00:00,Australia,Queensland,AU-QLD,652.0,715.05,9.38,9.38,opennem.org.au,false,
2023-08-12 14:00:00,Australia,Queensland,AU-QLD,650.66,713.17,9.74,9.74,opennem.org.au,false,
2023-08-12 15:00:00,Australia,Queensland,AU-QLD,671.86,731.04,9.87,9.87,opennem.org.au,false,
2023-08-12 16:00:00,Australia,Queensland,AU-QLD,679.09,737.51,9.67,9.67,opennem.org.au,false,
2023-08-12 17:00:00,Australia,Queensland,AU-QLD,677.79,736.51,9.74,9.74,opennem.org.au,false,
2023-08-12 18:00:00,Australia,Queensland,AU-QLD,676.91,735.87,9.81,9.81,opennem.org.au,false,
2023-08-12 19:00:00,Australia,Queensland,AU-QLD,678.13,736.98,9.68,9.68,opennem.org.au,false,
2023-08-12 20:00:00,Australia,Queensland,AU-QLD,672.34,730.74,10.48,10.48,opennem.org.au,false,
2023-08-12 21:00:00,Australia,Queensland,AU-QLD,559.74,615.82,25.41,25.41,opennem.org.au,false,
2023-08-12 22:00:00,Australia,Queensland,AU-QLD,409.71,463.73,45.22,45.22,opennem.org.au,false,
2023-08-12 23:00:00,Australia,Queensland,AU-QLD,363.84,417.08,51.31,51.31,opennem.org.au,false,
2023-08-13 00:00:00,Australia,Queensland,AU-QLD,344.85,397.47,53.85,53.85,opennem.org.au,false,
2023-08-13 01:00:00,Australia,Queensland,AU-QLD,344.29,397.1,53.93,53.93,opennem.org.au,false,
2023-08-13 02:00:00,Australia,Queensland,AU-QLD,339.02,391.6,54.62,54.62,opennem.org.au,false,
2023-08-13 03:00:00,Australia,Queensland,AU-QLD,341.67,394.26,54.27,54.27,opennem.org.au,false,
2023-08-13 04:00:00,Australia,Queensland,AU-QLD,347.46,400.5,53.31,53.31,opennem.org.au,false,
2023-08-13 05:00:00,Australia,Queensland,AU-QLD,368.69,423.21,49.7,49.7,opennem.org.au,false,
2023-08-13 06:00:00,Australia,Queensland,AU-QLD,475.73,533.91,34.49,34.49,opennem.org.au,false,
2023-08-13 07:00:00,Australia,Queensland,AU-QLD,619.41,685.12,11.81,11.81,opennem.org.au,false,
2023-08-13 08:00:00,Australia,Queensland,AU-QLD,649.74,716.92,6.78,6.78,opennem.org.au,false,
2023-08-13 09:00:00,Australia,Queensland,AU-QLD,651.77,718.68,6.72,6.72,opennem.org.au,false,
2023-08-13 10:00:00,Australia,Queensland,AU-QLD,661.3,728.43,5.62,5.62,opennem.org.au,false,
2023-08-13 11:00:00,Australia,Queensland,AU-QLD,663.63,729.81,6.17,6.17,opennem.org.au,false,
2023-08-13 12:00:00,Australia,Queensland,AU-QLD,662.04,724.58,8.69,8.69,opennem.org.au,false,
2023-08-13 13:00:00,Australia,Queensland,AU-QLD,674.85,733.52,10.05,10.05,opennem.org.au,false,
2023-08-13 14:00:00,Australia,Queensland,AU-QLD,673.76,732.12,10.33,10.33,opennem.org.au,false,
2023-08-13 15:00:00,Australia,Queensland,AU-QLD,669.79,728.02,10.83,10.83,opennem.org.au,false,
2023-08-13 16:00:00,Australia,Queensland,AU-QLD,668.56,726.32,11.26,11.26,opennem.org.au,false,
2023-08-13 17:00:00,Australia,Queensland,AU-QLD,694.21,752.14,8.6,8.6,opennem.org.au,false,
2023-08-13 18:00:00,Australia,Queensland,AU-QLD,686.51,744.16,9.67,9.67,opennem.org.au,false,
2023-08-13 19:00:00,Australia,Queensland,AU-QLD,688.49,746.14,9.41,9.41,opennem.org.au,false,
2023-08-13 20:00:00,Australia,Queensland,AU-QLD,668.25,724.33,12.42,12.42,opennem.org.au,false,
2023-08-13 21:00:00,Australia,Queensland,AU-QLD,574.84,629.91,24.58,24.58,opennem.org.au,false,
2023-08-13 22:00:00,Australia,Queensland,AU-QLD,404.82,457.78,46.74,46.74,opennem.org.au,false,
2023-08-13 23:00:00,Australia,Queensland,AU-QLD,338.22,389.74,55.53,55.53,opennem.org.au,false,
2023-08-14 00:00:00,Australia,Queensland,AU-QLD,322.12,373.27,57.61,57.61,opennem.org.au,false,
2023-08-14 01:00:00,Australia,Queensland,AU-QLD,314.2,365.29,58.65,58.65,opennem.org.au,false,
2023-08-14 02:00:00,Australia,Queensland,AU-QLD,315.07,366.29,58.55,58.55,opennem.org.au,false,
2023-08-14 03:00:00,Australia,Queensland,AU-QLD,317.25,368.4,58.26,58.26,opennem.org.au,false,
2023-08-14 04:00:00,Australia,Queensland,AU-QLD,324.62,376.33,56.93,56.93,opennem.org.au,false,
2023-08-14 05:00:00,Australia,Queensland,AU-QLD,355.43,409.21,51.74,51.74,opennem.org.au,false,
2023-08-14 06:00:00,Australia,Queensland,AU-QLD,476.23,535.69,33.33,33.33,opennem.org.au,false,
2023-08-14 07:00:00,Australia,Queensland,AU-QLD,600.93,671.04,10.63,10.63,opennem.org.au,false,
2023-08-14 08:00:00,Australia,Queensland,AU-QLD,612.65,684.64,7.41,7.41,opennem.org.au,false,
2023-08-14 09:00:00,Australia,Queensland,AU-QLD,621.34,692.78,6.91,6.91,opennem.org.au,false,
2023-08-14 10:00:00,Australia,Queensland,AU-QLD,636.11,706.69,5.91,5.91,opennem.org.au,false,
2023-08-14 11:00:00,Australia,Queensland,AU-QLD,635.78,701.91,8.83,8.83,opennem.org.au,false,
2023-08-14 12:00:00,Australia,Queensland,AU-QLD,638.86,700.47,11.41,11.41,opennem.org.au,false,
2023-08-14 13:00:00,Australia,Queensland,AU-QLD,636.46,695.88,13.1,13.1,opennem.org.au,false,
2023-08-14 14:00:00,Australia,Queensland,AU-QLD,632.46,691.87,13.31,13.31,opennem.org.au,false,
2023-08-14 15:00:00,Australia,Queensland,AU-QLD,638.41,697.6,12.97,12.97,opennem.org.au,false,
2023-08-14 16:00:00,Australia,Queensland,AU-QLD,649.13,707.7,12.4,12.4,opennem.org.au,false,
2023-08-14 17:00:00,Australia,Queensland,AU-QLD,656.21,715.04,11.44,11.44,opennem.org.au,false,
2023-08-14 18:00:00,Australia,Queensland,AU-QLD,655.02,714.14,11.33,11.33,opennem.org.au,false,
2023-08-14 19:00:00,Australia,Queensland,AU-QLD,638.85,698.53,12.64,12.64,opennem.org.au,false,
2023-08-14 20:00:00,Australia,Queensland,AU-QLD,633.59,692.8,13.51,13.51,opennem.org.au,false,
2023-08-14 21:00:00,Australia,Queensland,AU-QLD,549.8,608.16,24.64,24.64,opennem.org.au,false,
2023-08-14 22:00:00,Australia,Queensland,AU-QLD,407.99,463.4,44.24,44.24,opennem.org.au,false,
2023-08-14 23:00:00,Australia,Queensland,AU-QLD,351.02,403.11,53.74,53.74,opennem.org.au,false,
2023-08-15 00:00:00,Australia,Queensland,AU-QLD,334.6,386.52,55.97,55.97,opennem.org.au,false,
2023-08-15 01:00:00,Australia,Queensland,AU-QLD,317.58,369.11,58.21,58.21,opennem.org.au,false,
2023-08-15 02:00:00,Australia,Queensland,AU-QLD,321.04,372.42,57.76,57.76,opennem.org.au,false,
2023-08-15 03:00:00,Australia,Queensland,AU-QLD,327.24,378.61,56.94,56.94,opennem.org.au,false,
2023-08-15 04:00:00,Australia,Queensland,AU-QLD,355.81,407.81,52.84,52.84,opennem.org.au,false,
2023-08-15 05:00:00,Australia,Queensland,AU-QLD,413.62,468.09,43.92,43.92,opennem.org.au,false,
2023-08-15 06:00:00,Australia,Queensland,AU-QLD,501.16,560.1,30.21,30.21,opennem.org.au,false,
2023-08-15 07:00:00,Australia,Queensland,AU-QLD,585.4,655.13,12.54,12.54,opennem.org.au,false,
2023-08-15 08:00:00,Australia,Queensland,AU-QLD,597.43,672.91,7.71,7.71,opennem.org.au,false,
2023-08-15 09:00:00,Australia,Queensland,AU-QLD,619.15,691.64,6.96,6.96,opennem.org.au,false,
2023-08-15 10:00:00,Australia,Queensland,AU-QLD,620.48,691.64,6.91,6.91,opennem.org.au,false,
2023-08-15 11:00:00,Australia,Queensland,AU-QLD,633.03,700.38,8.14,8.14,opennem.org.au,false,
2023-08-15 12:00:00,Australia,Queensland,AU-QLD,638.77,703.01,9.54,9.54,opennem.org.au,false,
2023-08-15 13:00:00,Australia,Queensland,AU-QLD,635.43,699.62,9.99,9.99,opennem.org.au,false,
2023-08-15 14:00:00,Australia,Queensland,AU-QLD,641.21,703.17,10.7,10.7,opennem.org.au,false,
2023-08-15 15:00:00,Australia,Queensland,AU-QLD,660.18,720.7,9.93,9.93,opennem.org.au,false,
2023-08-15 16:00:00,Australia,Queensland,AU-QLD,668.43,730.13,8.59,8.59,opennem.org.au,false,
2023-08-15 17:00:00,Australia,Queensland,AU-QLD,683.36,746.45,6.4,6.4,opennem.org.au,false,
2023-08-15 18:00:00,Australia,Queensland,AU-QLD,684.42,747.96,6.09,6.09,opennem.org.au,false,
2023-08-15 19:00:00,Australia,Queensland,AU-QLD,681.42,745.45,6.04,6.04,opennem.org.au,false,
2023-08-15 20:00:00,Australia,Queensland,AU-QLD,672.94,736.97,6.87,6.87,opennem.org.au,false,
2023-08-15 21:00:00,Australia,Queensland,AU-QLD,561.65,622.58,22.11,22.11,opennem.org.au,false,
2023-08-15 22:00:00,Australia,Queensland,AU-QLD,414.77,469.15,44.34,44.34,opennem.org.au,false,
2023-08-15 23:00:00,Australia,Queensland,AU-QLD,360.52,412.99,52.39,52.39,opennem.org.au,false,
2023-08-16 00:00:00,Australia,Queensland,AU-QLD,346.38,398.41,54.42,54.42,opennem.org.au,false,
2023-08-16 01:00:00,Australia,Queensland,AU-QLD,325.47,377.14,57.17,57.17,opennem.org.au,false,
2023-08-16 02:00:00,Australia,Queensland,AU-QLD,329.27,380.82,56.67,56.67,opennem.org.au,false,
2023-08-16 03:00:00,Australia,Queensland,AU-QLD,330.15,381.63,56.56,56.56,opennem.org.au,false,
2023-08-16 04:00:00,Australia,Queensland,AU-QLD,334.99,386.99,55.65,55.65,opennem.org.au,false,
2023-08-16 05:00:00,Australia,Queensland,AU-QLD,389.56,444.89,46.93,46.93,opennem.org.au,false,
2023-08-16 06:00:00,Australia,Queensland,AU-QLD,520.72,582.76,26.77,26.77,opennem.org.au,false,
2023-08-16 07:00:00,Australia,Queensland,AU-QLD,614.35,686.65,8.52,8.52,opennem.org.au,false,
2023-08-16 08:00:00,Australia,Queensland,AU-QLD,634.96,711.14,3.46,3.46,opennem.org.au,false,
2023-08-16 09:00:00,Australia,Queensland,AU-QLD,636.13,711.64,3.71,3.71,opennem.org.au,false,
2023-08-16 10:00:00,Australia,Queensland,AU-QLD,644.96,715.59,5.22,5.22,opennem.org.au,false,
2023-08-16 11:00:00,Australia,Queensland,AU-QLD,645.88,711.98,7.87,7.87,opennem.org.au,false,
2023-08-16 12:00:00,Australia,Queensland,AU-QLD,635.23,700.37,9.45,9.45,opennem.org.au,false,
2023-08-16 13:00:00,Australia,Queensland,AU-QLD,628.91,692.51,11.09,11.09,opennem.org.au,false,
2023-08-16 14:00:00,Australia,Queensland,AU-QLD,627.02,690.35,11.41,11.41,opennem.org.au,false,
2023-08-16 15:00:00,Australia,Queensland,AU-QLD,633.98,695.55,11.71,11.71,opennem.org.au,false,
2023-08-16 16:00:00,Australia,Queensland,AU-QLD,637.6,698.39,11.92,11.92,opennem.org.au,false,
2023-08-16 17:00:00,Australia,Queensland,AU-QLD,633.85,694.62,12.38,12.38,opennem.org.au,false,
2023-08-16 18:00:00,Australia,Queensland,AU-QLD,629.24,690.12,12.73,12.73,opennem.org.au,false,
2023-08-16 19:00:00,Australia,Queensland,AU-QLD,625.41,688.49,11.68,11.68,opennem.org.au,false,
2023-08-16 20:00:00,Australia,Queensland,AU-QLD,623.32,686.5,11.88,11.88,opennem.org.au,false,
2023-08-16 21:00:00,Australia,Queensland,AU-QLD,535.88,595.83,24.58,24.58,opennem.org.au,false,
2023-08-16 22:00:00,Australia,Queensland,AU-QLD,432.29,487.24,40.91,40.91,opennem.org.au,false,
2023-08-16 23:00:00,Australia,Queensland,AU-QLD,371.97,423.48,50.79,50.79,opennem.org.au,false,
2023-08-17 00:00:00,Australia,Queensland,AU-QLD,344.97,395.93,54.64,54.64,opennem.org.au,false,
2023-08-17 01:00:00,Australia,Queensland,AU-QLD,347.31,398.74,54.31,54.31,opennem.org.au,false,
2023-08-17 02:00:00,Australia,Queensland,AU-QLD,329.47,380.65,56.65,56.65,opennem.org.au,false,
2023-08-17 03:00:00,Australia,Queensland,AU-QLD,328.17,379.46,56.82,56.82,opennem.org.au,false,
2023-08-17 04:00:00,Australia,Queensland,AU-QLD,362.9,415.02,52.04,52.04,opennem.org.au,false,
2023-08-17 05:00:00,Australia,Queensland,AU-QLD,434.58,489.74,41.43,41.43,opennem.org.au,false,
2023-08-17 06:00:00,Australia,Queensland,AU-QLD,535.61,599.19,24.17,24.17,opennem.org.au,false,
2023-08-17 07:00:00,Australia,Queensland,AU-QLD,620.58,693.05,8.56,8.56,opennem.org.au,false,
2023-08-17 08:00:00,Australia,Queensland,AU-QLD,641.42,716.35,4.03,4.03,opennem.org.au,false,
2023-08-17 09:00:00,Australia,Queensland,AU-QLD,644.17,717.82,4.34,4.34,opennem.org.au,false,
2023-08-17 10:00:00,Australia,Queensland,AU-QLD,651.5,722.55,4.99,4.99,opennem.org.au,false,
2023-08-17 11:00:00,Australia,Queensland,AU-QLD,663.66,731.63,5.28,5.28,opennem.org.au,false,
2023-08-17 12:00:00,Australia,Queensland,AU-QLD,663.0,729.31,6.23,6.23,opennem.org.au,false,
2023-08-17 13:00:00,Australia,Queensland,AU-QLD,659.96,725.95,6.71,6.71,opennem.org.au,false,
2023-08-17 14:00:00,Australia,Queensland,AU-QLD,664.23,729.62,6.69,6.69,opennem.org.au,false,
2023-08-17 15:00:00,Australia,Queensland,AU-QLD,662.34,727.28,7.15,7.15,opennem.org.au,false,
2023-08-17 16:00:00,Australia,Queensland,AU-QLD,646.13,709.79,9.45,9.45,opennem.org.au,false,
2023-08-17 17:00:00,Australia,Queensland,AU-QLD,643.8,707.14,9.96,9.96,opennem.org.au,false,
2023-08-17 18:00:00,Australia,Queensland,AU-QLD,640.13,702.88,10.59,10.59,opennem.org.au,false,
2023-08-17 19:00:00,Australia,Queensland,AU-QLD,645.07,709.33,9.17,9.17,opennem.org.au,false,
2023-08-17 20:00:00,Australia,Queensland,AU-QLD,641.78,706.07,9.5,9.5,opennem.org.au,false,
2023-08-17 21:00:00,Australia,Queensland,AU-QLD,586.78,648.98,17.7,17.7,opennem.org.au,false,
2023-08-17 22:00:00,Australia,Queensland,AU-QLD,509.95,568.45,29.94,29.94,opennem.org.au,false,
2023-08-17 23:00:00,Australia,Queensland,AU-QLD,444.96,498.24,41.39,41.39,opennem.org.au,false,
2023-08-18 00:00:00,Australia,Queensland,AU-QLD,427.16,479.8,43.79,43.79,opennem.org.au,false,
2023-08-18 01:00:00,Australia,Queensland,AU-QLD,391.87,443.91,48.43,48.43,opennem.org.au,false,
2023-08-18 02:00:00,Australia,Queensland,AU-QLD,377.84,429.85,50.28,50.28,opennem.org.au,false,
2023-08-18 03:00:00,Australia,Queensland,AU-QLD,363.4,414.97,52.18,52.18,opennem.org.au,false,
2023-08-18 04:00:00,Australia,Queensland,AU-QLD,363.86,415.71,51.88,51.88,opennem.org.au,false,
2023-08-18 05:00:00,Australia,Queensland,AU-QLD,374.3,428.65,48.51,48.51,opennem.org.au,false,
2023-08-18 06:00:00,Australia,Queensland,AU-QLD,477.81,535.78,33.74,33.74,opennem.org.au,false,
2023-08-18 07:00:00,Australia,Queensland,AU-QLD,617.62,682.34,12.18,12.18,opennem.org.au,false,
2023-08-18 08:00:00,Australia,Queensland,AU-QLD,643.76,709.33,8.22,8.22,opennem.org.au,false,
2023-08-18 09:00:00,Australia,Queensland,AU-QLD,646.98,711.3,8.73,8.73,opennem.org.au,false,
2023-08-18 10:00:00,Australia,Queensland,AU-QLD,648.79,712.47,8.99,8.99,opennem.org.au,false,
2023-08-18 11:00:00,Australia,Queensland,AU-QLD,657.09,719.91,8.42,8.42,opennem.org.au,false,
2023-08-18 12:00:00,Australia,Queensland,AU-QLD,643.14,705.35,10.16,10.16,opennem.org.au,false,
2023-08-18 13:00:00,Australia,Queensland,AU-QLD,645.81,706.73,10.7,10.7,opennem.org.au,false,
2023-08-18 14:00:00,Australia,Queensland,AU-QLD,643.31,703.82,11.28,11.28,opennem.org.au,false,
2023-08-18 15:00:00,Australia,Queensland,AU-QLD,646.26,705.29,11.9,11.9,opennem.org.au,false,
2023-08-18 16:00:00,Australia,Queensland,AU-QLD,667.81,723.4,11.99,11.99,opennem.org.au,false,
2023-08-18 17:00:00,Australia,Queensland,AU-QLD,662.68,717.94,12.89,12.89,opennem.org.au,false,
2023-08-18 18:00:00,Australia,Queensland,AU-QLD,658.5,713.47,13.4,13.4,opennem.org.au,false,
2023-08-18 19:00:00,Australia,Queensland,AU-QLD,655.16,710.29,13.79,13.79,opennem.org.au,false,
2023-08-18 20:00:00,Australia,Queensland,AU-QLD,652.81,707.91,14.12,14.12,opennem.org.au,false,
2023-08-18 21:00:00,Australia,Queensland,AU-QLD,496.9,549.5,34.61,34.61,opennem.org.au,false,
2023-08-18 22:00:00,Australia,Queensland,AU-QLD,374.19,424.58,50.76,50.76,opennem.org.au,false,
2023-08-18 23:00:00,Australia,Queensland,AU-QLD,326.3,375.63,57.06,57.06,opennem.org.au,false,
2023-08-19 00:00:00,Australia,Queensland,AU-QLD,314.88,364.31,58.56,58.56,opennem.org.au,false,
2023-08-19 01:00:00,Australia,Queensland,AU-QLD,303.44,352.85,60.07,60.07,opennem.org.au,false,
2023-08-19 02:00:00,Australia,Queensland,AU-QLD,296.77,346.11,60.95,60.95,opennem.org.au,false,
2023-08-19 03:00:00,Australia,Queensland,AU-QLD,308.94,358.44,59.35,59.35,opennem.org.au,false,
2023-08-19 04:00:00,Australia,Queensland,AU-QLD,316.62,366.57,58.1,58.1,opennem.org.au,false,
2023-08-19 05:00:00,Australia,Queensland,AU-QLD,341.76,394.36,53.26,53.26,opennem.org.au,false,
2023-08-19 06:00:00,Australia,Queensland,AU-QLD,418.33,474.75,41.65,41.65,opennem.org.au,false,
2023-08-19 07:00:00,Australia,Queensland,AU-QLD,609.29,671.47,14.9,14.9,opennem.org.au,false,
2023-08-19 08:00:00,Australia,Queensland,AU-QLD,625.75,687.9,12.24,12.24,opennem.org.au,false,
2023-08-19 09:00:00,Australia,Queensland,AU-QLD,623.1,685.64,12.33,12.33,opennem.org.au,false,
2023-08-19 10:00:00,Australia,Queensland,AU-QLD,634.47,697.75,10.61,10.61,opennem.org.au,false,
2023-08-19 11:00:00,Australia,Queensland,AU-QLD,633.49,696.35,10.95,10.95,opennem.org.au,false,
2023-08-19 12:00:00,Australia,Queensland,AU-QLD,622.21,683.84,12.92,12.92,opennem.org.au,false,
2023-08-19 13:00:00,Australia,Queensland,AU-QLD,631.51,691.52,13.06,13.06,opennem.org.au,false,
2023-08-19 14:00:00,Australia,Queensland,AU-QLD,622.52,682.5,14.08,14.08,opennem.org.au,false,
2023-08-19 15:00:00,Australia,Queensland,AU-QLD,617.65,675.42,15.89,15.89,opennem.org.au,false,
2023-08-19 16:00:00,Australia,Queensland,AU-QLD,617.68,672.99,17.44,17.44,opennem.org.au,false,
2023-08-19 17:00:00,Australia,Queensland,AU-QLD,618.21,673.05,17.66,17.66,opennem.org.au,false,
2023-08-19 18:00:00,Australia,Queensland,AU-QLD,617.05,672.02,17.72,17.72,opennem.org.au,false,
2023-08-19 19:00:00,Australia,Queensland,AU-QLD,617.47,672.27,17.75,17.75,opennem.org.au,false,
2023-08-19 20:00:00,Australia,Queensland,AU-QLD,625.35,680.78,16.61,16.61,opennem.org.au,false,
2023-08-19 21:00:00,Australia,Queensland,AU-QLD,487.02,539.81,35.49,35.49,opennem.org.au,false,
2023-08-19 22:00:00,Australia,Queensland,AU-QLD,354.17,404.23,53.39,53.39,opennem.org.au,false,
2023-08-19 23:00:00,Australia,Queensland,AU-QLD,318.54,368.22,58.08,58.08,opennem.org.au,false,
2023-08-20 00:00:00,Australia,Queensland,AU-QLD,302.32,352.27,60.22,60.22,opennem.org.au,false,
2023-08-20 01:00:00,Australia,Queensland,AU-QLD,294.53,344.98,61.24,61.24,opennem.org.au,false,
2023-08-20 02:00:00,Australia,Queensland,AU-QLD,293.02,343.61,61.44,61.44,opennem.org.au,false,
2023-08-20 03:00:00,Australia,Queensland,AU-QLD,318.07,369.43,58.14,58.14,opennem.org.au,false,
2023-08-20 04:00:00,Australia,Queensland,AU-QLD,355.75,408.46,52.91,52.91,opennem.org.au,false,
2023-08-20 05:00:00,Australia,Queensland,AU-QLD,358.25,412.09,51.53,51.53,opennem.org.au,false,
2023-08-20 06:00:00,Australia,Queensland,AU-QLD,452.34,510.0,37.82,37.82,opennem.org.au,false,
2023-08-20 07:00:00,Australia,Queensland,AU-QLD,608.37,673.54,13.16,13.16,opennem.org.au,false,
2023-08-20 08:00:00,Australia,Queensland,AU-QLD,629.17,696.62,8.82,8.82,opennem.org.au,false,
2023-08-20 09:00:00,Australia,Queensland,AU-QLD,637.24,705.31,7.63,7.63,opennem.org.au,false,
2023-08-20 10:00:00,Australia,Queensland,AU-QLD,649.18,716.96,6.49,6.49,opennem.org.au,false,
2023-08-20 11:00:00,Australia,Queensland,AU-QLD,646.31,712.66,7.66,7.66,opennem.org.au,false,
2023-08-20 12:00:00,Australia,Queensland,AU-QLD,650.81,712.74,10.11,10.11,opennem.org.au,false,
2023-08-20 13:00:00,Australia,Queensland,AU-QLD,658.65,719.15,10.21,10.21,opennem.org.au,false,
2023-08-20 14:00:00,Australia,Queensland,AU-QLD,676.02,737.02,8.21,8.21,opennem.org.au,false,
2023-08-20 15:00:00,Australia,Queensland,AU-QLD,677.67,738.74,8.03,8.03,opennem.org.au,false,
2023-08-20 16:00:00,Australia,Queensland,AU-QLD,669.01,729.71,9.11,9.11,opennem.org.au,false,
2023-08-20 17:00:00,Australia,Queensland,AU-QLD,670.62,730.82,9.25,9.25,opennem.org.au,false,
2023-08-20 18:00:00,Australia,Queensland,AU-QLD,665.86,725.28,10.04,10.04,opennem.org.au,false,
2023-08-20 19:00:00,Australia,Queensland,AU-QLD,659.01,719.18,10.08,10.08,opennem.org.au,false,
2023-08-20 20:00:00,Australia,Queensland,AU-QLD,624.57,685.11,13.4,13.4,opennem.org.au,false,
2023-08-20 21:00:00,Australia,Queensland,AU-QLD,529.63,587.54,27.09,27.09,opennem.org.au,false,
2023-08-20 22:00:00,Australia,Queensland,AU-QLD,390.81,443.8,47.69,47.69,opennem.org.au,false,
2023-08-20 23:00:00,Australia,Queensland,AU-QLD,355.75,407.12,53.19,53.19,opennem.org.au,false,
2023-08-21 00:00:00,Australia,Queensland,AU-QLD,347.12,398.31,54.32,54.32,opennem.org.au,false,
2023-08-21 01:00:00,Australia,Queensland,AU-QLD,331.38,382.71,56.39,56.39,opennem.org.au,false,
2023-08-21 02:00:00,Australia,Queensland,AU-QLD,318.88,370.21,58.04,58.04,opennem.org.au,false,
2023-08-21 03:00:00,Australia,Queensland,AU-QLD,313.8,365.22,58.71,58.71,opennem.org.au,false,
2023-08-21 04:00:00,Australia,Queensland,AU-QLD,327.37,379.59,56.45,56.45,opennem.org.au,false,
2023-08-21 05:00:00,Australia,Queensland,AU-QLD,374.31,428.64,49.4,49.4,opennem.org.au,false,
2023-08-21 06:00:00,Australia,Queensland,AU-QLD,480.64,540.1,32.99,32.99,opennem.org.au,false,
2023-08-21 07:00:00,Australia,Queensland,AU-QLD,604.33,673.11,11.61,11.61,opennem.org.au,false,
2023-08-21 08:00:00,Australia,Queensland,AU-QLD,619.92,694.12,5.92,5.92,opennem.org.au,false,
2023-08-21 09:00:00,Australia,Queensland,AU-QLD,622.0,694.41,6.53,6.53,opennem.org.au,false,
2023-08-21 10:00:00,Australia,Queensland,AU-QLD,637.86,709.09,5.14,5.14,opennem.org.au,false,
2023-08-21 11:00:00,Australia,Queensland,AU-QLD,649.37,717.97,5.72,5.72,opennem.org.au,false,
2023-08-21 12:00:00,Australia,Queensland,AU-QLD,651.19,717.8,6.94,6.94,opennem.org.au,false,
2023-08-21 13:00:00,Australia,Queensland,AU-QLD,654.53,719.36,7.85,7.85,opennem.org.au,false,
2023-08-21 14:00:00,Australia,Queensland,AU-QLD,661.94,724.98,8.19,8.19,opennem.org.au,false,
2023-08-21 15:00:00,Australia,Queensland,AU-QLD,661.79,724.57,8.49,8.49,opennem.org.au,false,
2023-08-21 16:00:00,Australia,Queensland,AU-QLD,664.6,727.34,8.23,8.23,opennem.org.au,false,
2023-08-21 17:00:00,Australia,Queensland,AU-QLD,661.79,724.15,8.81,8.81,opennem.org.au,false,
2023-08-21 18:00:00,Australia,Queensland,AU-QLD,657.8,720.56,8.89,8.89,opennem.org.au,false,
2023-08-21 19:00:00,Australia,Queensland,AU-QLD,663.18,726.84,7.78,7.78,opennem.org.au,false,
2023-08-21 20:00:00,Australia,Queensland,AU-QLD,648.93,713.24,8.72,8.72,opennem.org.au,false,
2023-08-21 21:00:00,Australia,Queensland,AU-QLD,543.96,604.66,23.89,23.89,opennem.org.au,false,
2023-08-21 22:00:00,Australia,Queensland,AU-QLD,414.65,469.81,43.56,43.56,opennem.org.au,false,
2023-08-21 23:00:00,Australia,Queensland,AU-QLD,374.4,426.16,50.68,50.68,opennem.org.au,false,
2023-08-22 00:00:00,Australia,Queensland,AU-QLD,349.24,400.65,54.04,54.04,opennem.org.au,false,
2023-08-22 01:00:00,Australia,Queensland,AU-QLD,328.42,379.64,56.78,56.78,opennem.org.au,false,
2023-08-22 02:00:00,Australia,Queensland,AU-QLD,316.45,367.69,58.36,58.36,opennem.org.au,false,
2023-08-22 03:00:00,Australia,Queensland,AU-QLD,336.75,388.34,55.69,55.69,opennem.org.au,false,
2023-08-22 04:00:00,Australia,Queensland,AU-QLD,367.36,420.06,51.46,51.46,opennem.org.au,false,
2023-08-22 05:00:00,Australia,Queensland,AU-QLD,428.87,484.15,42.43,42.43,opennem.org.au,false,
2023-08-22 06:00:00,Australia,Queensland,AU-QLD,526.28,586.77,27.11,27.11,opennem.org.au,false,
2023-08-22 07:00:00,Australia,Queensland,AU-QLD,618.53,685.2,11.3,11.3,opennem.org.au,false,
2023-08-22 08:00:00,Australia,Queensland,AU-QLD,629.02,697.08,8.54,8.54,opennem.org.au,false,
2023-08-22 09:00:00,Australia,Queensland,AU-QLD,634.53,702.34,8.04,8.04,opennem.org.au,false,
2023-08-22 10:00:00,Australia,Queensland,AU-QLD,648.02,715.73,6.82,6.82,opennem.org.au,false,
2023-08-22 11:00:00,Australia,Queensland,AU-QLD,649.78,716.47,7.13,7.13,opennem.org.au,false,
2023-08-22 12:00:00,Australia,Queensland,AU-QLD,650.3,712.08,10.1,10.1,opennem.org.au,false,
2023-08-22 13:00:00,Australia,Queensland,AU-QLD,655.07,715.43,10.24,10.24,opennem.org.au,false,
2023-08-22 14:00:00,Australia,Queensland,AU-QLD,655.01,714.72,10.68,10.68,opennem.org.au,false,
2023-08-22 15:00:00,Australia,Queensland,AU-QLD,665.84,722.82,11.34,11.34,opennem.org.au,false,
2023-08-22 16:00:00,Australia,Queensland,AU-QLD,670.96,727.85,10.73,10.73,opennem.org.au,false,
2023-08-22 17:00:00,Australia,Queensland,AU-QLD,663.89,720.36,11.67,11.67,opennem.org.au,false,
2023-08-22 18:00:00,Australia,Queensland,AU-QLD,665.69,722.41,11.42,11.42,opennem.org.au,false,
2023-08-22 19:00:00,Australia,Queensland,AU-QLD,671.37,729.19,10.58,10.58,opennem.org.au,false,
2023-08-22 20:00:00,Australia,Queensland,AU-QLD,656.59,713.97,12.45,12.45,opennem.org.au,false,
2023-08-22 21:00:00,Australia,Queensland,AU-QLD,548.14,603.63,27.02,27.02,opennem.org.au,false,
2023-08-22 22:00:00,Australia,Queensland,AU-QLD,402.27,454.72,47.07,47.07,opennem.org.au,false,
2023-08-22 23:00:00,Australia,Queensland,AU-QLD,334.27,385.62,56.01,56.01,opennem.org.au,false,
2023-08-23 00:00:00,Australia,Queensland,AU-QLD,314.37,365.45,58.63,58.63,opennem.org.au,false,
2023-08-23 01:00:00,Australia,Queensland,AU-QLD,299.7,350.47,60.57,60.57,opennem.org.au,false,
2023-08-23 02:00:00,Australia,Queensland,AU-QLD,299.91,350.67,60.55,60.55,opennem.org.au,false,
2023-08-23 03:00:00,Australia,Queensland,AU-QLD,301.66,352.34,60.33,60.33,opennem.org.au,false,
2023-08-23 04:00:00,Australia,Queensland,AU-QLD,323.46,374.84,57.16,57.16,opennem.org.au,false,
2023-08-23 05:00:00,Australia,Queensland,AU-QLD,375.32,430.21,48.71,48.71,opennem.org.au,false,
2023-08-23 06:00:00,Australia,Queensland,AU-QLD,465.64,525.4,34.53,34.53,opennem.org.au,false,
2023-08-23 07:00:00,Australia,Queensland,AU-QLD,604.82,673.61,11.24,11.24,opennem.org.au,false,
2023-08-23 08:00:00,Australia,Queensland,AU-QLD,621.17,692.32,7.3,7.3,opennem.org.au,false,
2023-08-23 09:00:00,Australia,Queensland,AU-QLD,622.32,693.19,7.3,7.3,opennem.org.au,false,
2023-08-23 10:00:00,Australia,Queensland,AU-QLD,624.78,692.65,8.82,8.82,opennem.org.au,false,
2023-08-23 11:00:00,Australia,Queensland,AU-QLD,621.48,686.44,10.9,10.9,opennem.org.au,false,
2023-08-23 12:00:00,Australia,Queensland,AU-QLD,620.94,682.41,13.2,13.2,opennem.org.au,false,
2023-08-23 13:00:00,Australia,Queensland,AU-QLD,616.77,676.98,14.38,14.38,opennem.org.au,false,
2023-08-23 14:00:00,Australia,Queensland,AU-QLD,623.7,684.54,13.45,13.45,opennem.org.au,false,
2023-08-23 15:00:00,Australia,Queensland,AU-QLD,642.57,703.86,11.51,11.51,opennem.org.au,false,
2023-08-23 16:00:00,Australia,Queensland,AU-QLD,648.63,708.59,11.22,11.22,opennem.org.au,false,
2023-08-23 17:00:00,Australia,Queensland,AU-QLD,654.78,715.03,10.33,10.33,opennem.org.au,false,
2023-08-23 18:00:00,Australia,Queensland,AU-QLD,643.37,703.1,11.73,11.73,opennem.org.au,false,
2023-08-23 19:00:00,Australia,Queensland,AU-QLD,635.02,694.54,12.57,12.57,opennem.org.au,false,
2023-08-23 20:00:00,Australia,Queensland,AU-QLD,624.35,683.01,14.27,14.27,opennem.org.au,false,
2023-08-23 21:00:00,Australia,Queensland,AU-QLD,528.56,584.7,27.93,27.93,opennem.org.au,false,
2023-08-23 22:00:00,Australia,Queensland,AU-QLD,395.15,447.32,47.21,47.21,opennem.org.au,false,
2023-08-23 23:00:00,Australia,Queensland,AU-QLD,360.99,412.86,51.73,51.73,opennem.org.au,false,
2023-08-24 00:00:00,Australia,Queensland,AU-QLD,335.24,387.14,55.15,55.15,opennem.org.au,false,
2023-08-24 01:00:00,Australia,Queensland,AU-QLD,323.64,375.74,56.71,56.71,opennem.org.au,false,
2023-08-24 02:00:00,Australia,Queensland,AU-QLD,318.7,370.93,57.35,57.35,opennem.org.au,false,
2023-08-24 03:00:00,Australia,Queensland,AU-QLD,327.51,379.98,56.19,56.19,opennem.org.au,false,
2023-08-24 04:00:00,Australia,Queensland,AU-QLD,343.2,396.6,53.63,53.63,opennem.org.au,false,
2023-08-24 05:00:00,Australia,Queensland,AU-QLD,377.3,432.72,48.05,48.05,opennem.org.au,false,
2023-08-24 06:00:00,Australia,Queensland,AU-QLD,487.09,546.64,32.01,32.01,opennem.org.au,false,
2023-08-24 07:00:00,Australia,Queensland,AU-QLD,617.58,682.63,12.04,12.04,opennem.org.au,false,
2023-08-24 08:00:00,Australia,Queensland,AU-QLD,635.37,700.74,8.99,8.99,opennem.org.au,false,
2023-08-24 09:00:00,Australia,Queensland,AU-QLD,639.93,706.34,7.87,7.87,opennem.org.au,false,
2023-08-24 10:00:00,Australia,Queensland,AU-QLD,635.53,701.16,8.36,8.36,opennem.org.au,false,
2023-08-24 11:00:00,Australia,Queensland,AU-QLD,641.25,705.03,8.94,8.94,opennem.org.au,false,
2023-08-24 12:00:00,Australia,Queensland,AU-QLD,634.43,695.01,11.8,11.8,opennem.org.au,false,
2023-08-24 13:00:00,Australia,Queensland,AU-QLD,631.29,690.04,13.28,13.28,opennem.org.au,false,
2023-08-24 14:00:00,Australia,Queensland,AU-QLD,624.15,682.19,14.49,14.49,opennem.org.au,false,
2023-08-24 15:00:00,Australia,Queensland,AU-QLD,625.89,684.21,14.18,14.18,opennem.org.au,false,
2023-08-24 16:00:00,Australia,Queensland,AU-QLD,614.11,671.26,16.01,16.01,opennem.org.au,false,
2023-08-24 17:00:00,Australia,Queensland,AU-QLD,618.22,675.62,15.48,15.48,opennem.org.au,false,
2023-08-24 18:00:00,Australia,Queensland,AU-QLD,617.31,674.48,15.69,15.69,opennem.org.au,false,
2023-08-24 19:00:00,Australia,Queensland,AU-QLD,623.75,682.28,14.49,14.49,opennem.org.au,false,
2023-08-24 20:00:00,Australia,Queensland,AU-QLD,612.78,670.86,16.07,16.07,opennem.org.au,false,
2023-08-24 21:00:00,Australia,Queensland,AU-QLD,513.93,570.39,29.61,29.61,opennem.org.au,false,
2023-08-24 22:00:00,Australia,Queensland,AU-QLD,394.2,447.43,46.89,46.89,opennem.org.au,false,
2023-08-24 23:00:00,Australia,Queensland,AU-QLD,347.16,399.37,53.51,53.51,opennem.org.au,false,
2023-08-25 00:00:00,Australia,Queensland,AU-QLD,320.38,372.32,57.05,57.05,opennem.org.au,false,
2023-08-25 01:00:00,Australia,Queensland,AU-QLD,304.47,356.37,59.17,59.17,opennem.org.au,false,
2023-08-25 02:00:00,Australia,Queensland,AU-QLD,307.11,359.24,58.82,58.82,opennem.org.au,false,
2023-08-25 03:00:00,Australia,Queensland,AU-QLD,331.24,383.84,55.62,55.62,opennem.org.au,false,
2023-08-25 04:00:00,Australia,Queensland,AU-QLD,362.56,416.1,51.2,51.2,opennem.org.au,false,
2023-08-25 05:00:00,Australia,Queensland,AU-QLD,397.32,452.96,45.64,45.64,opennem.org.au,false,
2023-08-25 06:00:00,Australia,Queensland,AU-QLD,492.07,552.13,31.23,31.23,opennem.org.au,false,
2023-08-25 07:00:00,Australia,Queensland,AU-QLD,620.11,686.92,10.91,10.91,opennem.org.au,false,
2023-08-25 08:00:00,Australia,Queensland,AU-QLD,633.85,702.03,8.0,8.0,opennem.org.au,false,
2023-08-25 09:00:00,Australia,Queensland,AU-QLD,646.5,714.01,7.03,7.03,opennem.org.au,false,
2023-08-25 10:00:00,Australia,Queensland,AU-QLD,654.95,721.09,7.11,7.11,opennem.org.au,false,
2023-08-25 11:00:00,Australia,Queensland,AU-QLD,653.87,718.64,8.16,8.16,opennem.org.au,false,
2023-08-25 12:00:00,Australia,Queensland,AU-QLD,643.54,706.46,10.43,10.43,opennem.org.au,false,
2023-08-25 13:00:00,Australia,Queensland,AU-QLD,640.02,701.45,11.54,11.54,opennem.org.au,false,
2023-08-25 14:00:00,Australia,Queensland,AU-QLD,622.7,682.87,13.77,13.77,opennem.org.au,false,
2023-08-25 15:00:00,Australia,Queensland,AU-QLD,617.29,676.83,14.72,14.72,opennem.org.au,false,
2023-08-25 16:00:00,Australia,Queensland,AU-QLD,623.66,680.38,15.82,15.82,opennem.org.au,false,
2023-08-25 17:00:00,Australia,Queensland,AU-QLD,635.14,690.93,15.44,15.44,opennem.org.au,false,
2023-08-25 18:00:00,Australia,Queensland,AU-QLD,628.17,683.42,16.4,16.4,opennem.org.au,false,
2023-08-25 19:00:00,Australia,Queensland,AU-QLD,641.05,696.44,14.98,14.98,opennem.org.au,false,
2023-08-25 20:00:00,Australia,Queensland,AU-QLD,642.17,697.59,14.97,14.97,opennem.org.au,false,
2023-08-25 21:00:00,Australia,Queensland,AU-QLD,508.41,562.39,32.28,32.28,opennem.org.au,false,
2023-08-25 22:00:00,Australia,Queensland,AU-QLD,392.66,444.99,47.53,47.53,opennem.org.au,false,
2023-08-25 23:00:00,Australia,Queensland,AU-QLD,336.38,388.1,54.98,54.98,opennem.org.au,false,
2023-08-26 00:00:00,Australia,Queensland,AU-QLD,320.53,371.95,57.08,57.08,opennem.org.au,false,
2023-08-26 01:00:00,Australia,Queensland,AU-QLD,312.01,363.51,58.22,58.22,opennem.org.au,false,
2023-08-26 02:00:00,Australia,Queensland,AU-QLD,316.9,368.35,57.56,57.56,opennem.org.au,false,
2023-08-26 03:00:00,Australia,Queensland,AU-QLD,317.38,368.99,57.5,57.5,opennem.org.au,false,
2023-08-26 04:00:00,Australia,Queensland,AU-QLD,332.49,384.85,55.13,55.13,opennem.org.au,false,
2023-08-26 05:00:00,Australia,Queensland,AU-QLD,368.84,422.9,49.59,49.59,opennem.org.au,false,
2023-08-26 06:00:00,Australia,Queensland,AU-QLD,481.63,540.86,32.58,32.58,opennem.org.au,false,
2023-08-26 07:00:00,Australia,Queensland,AU-QLD,610.9,673.54,14.38,14.38,opennem.org.au,false,
2023-08-26 08:00:00,Australia,Queensland,AU-QLD,642.43,706.32,9.48,9.48,opennem.org.au,false,
2023-08-26 09:00:00,Australia,Queensland,AU-QLD,648.86,712.69,9.03,9.03,opennem.org.au,false,
2023-08-26 10:00:00,Australia,Queensland,AU-QLD,647.79,711.06,9.37,9.37,opennem.org.au,false,
2023-08-26 11:00:00,Australia,Queensland,AU-QLD,641.18,703.78,10.25,10.25,opennem.org.au,false,
2023-08-26 12:00:00,Australia,Queensland,AU-QLD,625.86,686.03,13.31,13.31,opennem.org.au,false,
2023-08-26 13:00:00,Australia,Queensland,AU-QLD,616.14,675.89,14.53,14.53,opennem.org.au,false,
2023-08-26 14:00:00,Australia,Queensland,AU-QLD,614.08,673.44,14.99,14.99,opennem.org.au,false,
2023-08-26 15:00:00,Australia,Queensland,AU-QLD,616.38,673.98,15.95,15.95,opennem.org.au,false,
2023-08-26 16:00:00,Australia,Queensland,AU-QLD,625.33,681.31,16.1,16.1,opennem.org.au,false,
2023-08-26 17:00:00,Australia,Queensland,AU-QLD,625.49,680.33,16.76,16.76,opennem.org.au,false,
2023-08-26 18:00:00,Australia,Queensland,AU-QLD,636.34,692.07,15.3,15.3,opennem.org.au,false,
2023-08-26 19:00:00,Australia,Queensland,AU-QLD,639.94,695.76,14.85,14.85,opennem.org.au,false,
2023-08-26 20:00:00,Australia,Queensland,AU-QLD,638.3,694.22,15.13,15.13,opennem.org.au,false,
2023-08-26 21:00:00,Australia,Queensland,AU-QLD,502.27,556.32,33.03,33.03,opennem.org.au,false,
2023-08-26 22:00:00,Australia,Queensland,AU-QLD,397.81,450.21,46.84,46.84,opennem.org.au,false,
2023-08-26 23:00:00,Australia,Queensland,AU-QLD,352.8,404.37,52.79,52.79,opennem.org.au,false,
2023-08-27 00:00:00,Australia,Queensland,AU-QLD,325.55,376.9,56.41,56.41,opennem.org.au,false,
2023-08-27 01:00:00,Australia,Queensland,AU-QLD,318.34,370.05,57.37,57.37,opennem.org.au,false,
2023-08-27 02:00:00,Australia,Queensland,AU-QLD,314.52,366.38,57.89,57.89,opennem.org.au,false,
2023-08-27 03:00:00,Australia,Queensland,AU-QLD,324.52,376.59,56.58,56.58,opennem.org.au,false,
2023-08-27 04:00:00,Australia,Queensland,AU-QLD,331.81,384.66,55.15,55.15,opennem.org.au,false,
2023-08-27 05:00:00,Australia,Queensland,AU-QLD,373.84,428.74,48.7,48.7,opennem.org.au,false,
2023-08-27 06:00:00,Australia,Queensland,AU-QLD,473.78,532.95,33.8,33.8,opennem.org.au,false,
2023-08-27 07:00:00,Australia,Queensland,AU-QLD,619.86,684.3,12.44,12.44,opennem.org.au,false,
2023-08-27 08:00:00,Australia,Queensland,AU-QLD,645.74,711.66,7.99,7.99,opennem.org.au,false,
2023-08-27 09:00:00,Australia,Queensland,AU-QLD,646.82,712.33,7.79,7.79,opennem.org.au,false,
2023-08-27 10:00:00,Australia,Queensland,AU-QLD,649.84,714.59,7.89,7.89,opennem.org.au,false,
2023-08-27 11:00:00,Australia,Queensland,AU-QLD,649.62,713.05,8.74,8.74,opennem.org.au,false,
2023-08-27 12:00:00,Australia,Queensland,AU-QLD,628.37,689.46,12.34,12.34,opennem.org.au,false,
2023-08-27 13:00:00,Australia,Queensland,AU-QLD,620.4,680.14,13.94,13.94,opennem.org.au,false,
2023-08-27 14:00:00,Australia,Queensland,AU-QLD,615.59,675.59,14.38,14.38,opennem.org.au,false,
2023-08-27 15:00:00,Australia,Queensland,AU-QLD,613.95,673.2,15.18,15.18,opennem.org.au,false,
2023-08-27 16:00:00,Australia,Queensland,AU-QLD,623.24,681.25,15.04,15.04,opennem.org.au,false,
2023-08-27 17:00:00,Australia,Queensland,AU-QLD,627.01,684.97,14.51,14.51,opennem.org.au,false,
2023-08-27 18:00:00,Australia,Queensland,AU-QLD,630.03,688.02,14.11,14.11,opennem.org.au,false,
2023-08-27 19:00:00,Australia,Queensland,AU-QLD,635.18,693.99,13.15,13.15,opennem.org.au,false,
2023-08-27 20:00:00,Australia,Queensland,AU-QLD,634.66,693.55,13.33,13.33,opennem.org.au,false,
2023-08-27 21:00:00,Australia,Queensland,AU-QLD,499.43,555.81,31.64,31.64,opennem.org.au,false,
2023-08-27 22:00:00,Australia,Queensland,AU-QLD,386.63,439.81,47.75,47.75,opennem.org.au,false,
2023-08-27 23:00:00,Australia,Queensland,AU-QLD,337.71,389.26,54.81,54.81,opennem.org.au,false,
2023-08-28 00:00:00,Australia,Queensland,AU-QLD,328.57,380.58,56.03,56.03,opennem.org.au,false,
2023-08-28 01:00:00,Australia,Queensland,AU-QLD,312.56,364.39,58.17,58.17,opennem.org.au,false,
2023-08-28 02:00:00,Australia,Queensland,AU-QLD,309.0,360.98,58.64,58.64,opennem.org.au,false,
2023-08-28 03:00:00,Australia,Queensland,AU-QLD,318.63,370.99,57.36,57.36,opennem.org.au,false,
2023-08-28 04:00:00,Australia,Queensland,AU-QLD,340.47,394.09,54.13,54.13,opennem.org.au,false,
2023-08-28 05:00:00,Australia,Queensland,AU-QLD,405.5,461.69,44.55,44.55,opennem.org.au,false,
2023-08-28 06:00:00,Australia,Queensland,AU-QLD,518.55,579.55,27.56,27.56,opennem.org.au,false,
2023-08-28 07:00:00,Australia,Queensland,AU-QLD,616.56,683.77,10.95,10.95,opennem.org.au,false,
2023-08-28 08:00:00,Australia,Queensland,AU-QLD,633.3,702.2,7.46,7.46,opennem.org.au,false,
2023-08-28 09:00:00,Australia,Queensland,AU-QLD,635.14,703.29,7.42,7.42,opennem.org.au,false,
2023-08-28 10:00:00,Australia,Queensland,AU-QLD,649.18,716.62,6.34,6.34,opennem.org.au,false,
2023-08-28 11:00:00,Australia,Queensland,AU-QLD,649.43,714.58,7.61,7.61,opennem.org.au,false,
2023-08-28 12:00:00,Australia,Queensland,AU-QLD,638.55,699.61,11.21,11.21,opennem.org.au,false,
2023-08-28 13:00:00,Australia,Queensland,AU-QLD,629.25,689.21,12.93,12.93,opennem.org.au,false,
2023-08-28 14:00:00,Australia,Queensland,AU-QLD,621.12,681.27,13.72,13.72,opennem.org.au,false,
2023-08-28 15:00:00,Australia,Queensland,AU-QLD,633.33,691.67,13.74,13.74,opennem.org.au,false,
2023-08-28 16:00:00,Australia,Queensland,AU-QLD,642.77,698.97,14.37,14.37,opennem.org.au,false,
2023-08-28 17:00:00,Australia,Queensland,AU-QLD,639.53,695.26,14.9,14.9,opennem.org.au,false,
2023-08-28 18:00:00,Australia,Queensland,AU-QLD,640.99,696.85,14.65,14.65,opennem.org.au,false,
2023-08-28 19:00:00,Australia,Queensland,AU-QLD,647.43,703.63,13.82,13.82,opennem.org.au,false,
2023-08-28 20:00:00,Australia,Queensland,AU-QLD,648.45,704.9,13.87,13.87,opennem.org.au,false,
2023-08-28 21:00:00,Australia,Queensland,AU-QLD,559.64,615.89,25.51,25.51,opennem.org.au,false,
2023-08-28 22:00:00,Australia,Queensland,AU-QLD,414.68,468.63,44.64,44.64,opennem.org.au,false,
2023-08-28 23:00:00,Australia,Queensland,AU-QLD,341.71,394.56,54.29,54.29,opennem.org.au,false,
2023-08-29 00:00:00,Australia,Queensland,AU-QLD,324.07,376.8,56.6,56.6,opennem.org.au,false,
2023-08-29 01:00:00,Australia,Queensland,AU-QLD,299.15,351.41,59.93,59.93,opennem.org.au,false,
2023-08-29 02:00:00,Australia,Queensland,AU-QLD,301.94,354.44,59.56,59.56,opennem.org.au,false,
2023-08-29 03:00:00,Australia,Queensland,AU-QLD,313.88,366.65,57.97,57.97,opennem.org.au,false,
2023-08-29 04:00:00,Australia,Queensland,AU-QLD,368.63,423.1,50.46,50.46,opennem.org.au,false,
2023-08-29 05:00:00,Australia,Queensland,AU-QLD,413.42,469.98,43.66,43.66,opennem.org.au,false,
2023-08-29 06:00:00,Australia,Queensland,AU-QLD,504.81,566.06,29.38,29.38,opennem.org.au,false,
2023-08-29 07:00:00,Australia,Queensland,AU-QLD,621.67,688.11,11.47,11.47,opennem.org.au,false,
2023-08-29 08:00:00,Australia,Queensland,AU-QLD,645.33,713.22,7.09,7.09,opennem.org.au,false,
2023-08-29 09:00:00,Australia,Queensland,AU-QLD,639.51,706.21,8.22,8.22,opennem.org.au,false,
2023-08-29 10:00:00,Australia,Queensland,AU-QLD,646.64,711.81,8.39,8.39,opennem.org.au,false,
2023-08-29 11:00:00,Australia,Queensland,AU-QLD,644.39,707.01,10.18,10.18,opennem.org.au,false,
2023-08-29 12:00:00,Australia,Queensland,AU-QLD,630.15,690.67,12.99,12.99,opennem.org.au,false,
2023-08-29 13:00:00,Australia,Queensland,AU-QLD,639.35,698.58,13.13,13.13,opennem.org.au,false,
2023-08-29 14:00:00,Australia,Queensland,AU-QLD,657.13,715.16,12.27,12.27,opennem.org.au,false,
2023-08-29 15:00:00,Australia,Queensland,AU-QLD,641.49,698.77,14.16,14.16,opennem.org.au,false,
2023-08-29 16:00:00,Australia,Queensland,AU-QLD,657.68,715.69,12.11,12.11,opennem.org.au,false,
2023-08-29 17:00:00,Australia,Queensland,AU-QLD,670.63,729.27,10.45,10.45,opennem.org.au,false,
2023-08-29 18:00:00,Australia,Queensland,AU-QLD,665.0,723.43,11.18,11.18,opennem.org.au,false,
2023-08-29 19:00:00,Australia,Queensland,AU-QLD,663.88,722.36,11.31,11.31,opennem.org.au,false,
2023-08-29 20:00:00,Australia,Queensland,AU-QLD,654.52,712.36,12.8,12.8,opennem.org.au,false,
2023-08-29 21:00:00,Australia,Queensland,AU-QLD,537.86,593.71,28.38,28.38,opennem.org.au,false,
2023-08-29 22:00:00,Australia,Queensland,AU-QLD,399.02,452.56,46.79,46.79,opennem.org.au,false,
2023-08-29 23:00:00,Australia,Queensland,AU-QLD,343.34,396.05,54.06,54.06,opennem.org.au,false,
2023-08-30 00:00:00,Australia,Queensland,AU-QLD,304.21,356.01,59.24,59.24,opennem.org.au,false,
2023-08-30 01:00:00,Australia,Queensland,AU-QLD,286.94,338.55,61.55,61.55,opennem.org.au,false,
2023-08-30 02:00:00,Australia,Queensland,AU-QLD,289.51,340.88,61.29,61.29,opennem.org.au,false,
2023-08-30 03:00:00,Australia,Queensland,AU-QLD,307.5,359.76,58.82,58.82,opennem.org.au,false,
2023-08-30 04:00:00,Australia,Queensland,AU-QLD,389.2,443.92,47.92,47.92,opennem.org.au,false,
2023-08-30 05:00:00,Australia,Queensland,AU-QLD,453.49,509.8,38.98,38.98,opennem.org.au,false,
2023-08-30 06:00:00,Australia,Queensland,AU-QLD,558.62,620.21,22.77,22.77,opennem.org.au,false,
2023-08-30 07:00:00,Australia,Queensland,AU-QLD,619.79,686.65,10.99,10.99,opennem.org.au,false,
2023-08-30 08:00:00,Australia,Queensland,AU-QLD,630.94,698.06,8.89,8.89,opennem.org.au,false,
2023-08-30 09:00:00,Australia,Queensland,AU-QLD,639.6,707.82,7.29,7.29,opennem.org.au,false,
2023-08-30 10:00:00,Australia,Queensland,AU-QLD,647.2,713.15,7.86,7.86,opennem.org.au,false,
2023-08-30 11:00:00,Australia,Queensland,AU-QLD,662.31,727.96,6.73,6.73,opennem.org.au,false,
2023-08-30 12:00:00,Australia,Queensland,AU-QLD,644.53,706.06,11.12,11.12,opennem.org.au,false,
2023-08-30 13:00:00,Australia,Queensland,AU-QLD,657.48,715.69,12.03,12.03,opennem.org.au,false,
2023-08-30 14:00:00,Australia,Queensland,AU-QLD,669.78,728.68,10.55,10.55,opennem.org.au,false,
2023-08-30 15:00:00,Australia,Queensland,AU-QLD,671.7,730.8,10.25,10.25,opennem.org.au,false,
2023-08-30 16:00:00,Australia,Queensland,AU-QLD,670.02,729.19,10.41,10.41,opennem.org.au,false,
2023-08-30 17:00:00,Australia,Queensland,AU-QLD,672.25,731.48,10.12,10.12,opennem.org.au,false,
2023-08-30 18:00:00,Australia,Queensland,AU-QLD,680.0,739.24,9.04,9.04,opennem.org.au,false,
2023-08-30 19:00:00,Australia,Queensland,AU-QLD,684.42,743.84,8.54,8.54,opennem.org.au,false,
2023-08-30 20:00:00,Australia,Queensland,AU-QLD,673.12,733.23,9.95,9.95,opennem.org.au,false,
2023-08-30 21:00:00,Australia,Queensland,AU-QLD,552.23,609.23,26.31,26.31,opennem.org.au,false,
2023-08-30 22:00:00,Australia,Queensland,AU-QLD,407.27,461.57,45.61,45.61,opennem.org.au,false,
2023-08-30 23:00:00,Australia,Queensland,AU-QLD,351.17,404.72,53.04,53.04,opennem.org.au,false,
2023-08-31 00:00:00,Australia,Queensland,AU-QLD,327.79,380.64,56.13,56.13,opennem.org.au,false,
2023-08-31 01:00:00,Australia,Queensland,AU-QLD,317.48,369.82,57.51,57.51,opennem.org.au,false,
2023-08-31 02:00:00,Australia,Queensland,AU-QLD,309.9,362.39,58.3,58.3,opennem.org.au,false,
2023-08-31 03:00:00,Australia,Queensland,AU-QLD,310.84,363.48,58.0,58.0,opennem.org.au,false,
2023-08-31 04:00:00,Australia,Queensland,AU-QLD,324.13,377.1,55.92,55.92,opennem.org.au,false,
2023-08-31 05:00:00,Australia,Queensland,AU-QLD,374.06,428.84,48.68,48.68,opennem.org.au,false,
2023-08-31 06:00:00,Australia,Queensland,AU-QLD,467.6,527.17,34.29,34.29,opennem.org.au,false,
2023-08-31 07:00:00,Australia,Queensland,AU-QLD,619.93,686.11,11.36,11.36,opennem.org.au,false,
2023-08-31 08:00:00,Australia,Queensland,AU-QLD,652.57,719.29,6.83,6.83,opennem.org.au,false,
2023-08-31 09:00:00,Australia,Queensland,AU-QLD,663.97,730.82,5.52,5.52,opennem.org.au,false,
2023-08-31 10:00:00,Australia,Queensland,AU-QLD,676.43,743.6,4.25,4.25,opennem.org.au,false,
2023-08-31 11:00:00,Australia,Queensland,AU-QLD,690.95,756.32,3.96,3.96,opennem.org.au,false,
2023-08-31 12:00:00,Australia,Queensland,AU-QLD,672.53,734.59,7.97,7.97,opennem.org.au,false,
2023-08-31 13:00:00,Australia,Queensland,AU-QLD,672.55,730.79,10.31,10.31,opennem.org.au,false,
2023-08-31 14:00:00,Australia,Queensland,AU-QLD,669.96,727.93,10.7,10.7,opennem.org.au,false,
2023-08-31 15:00:00,Australia,Queensland,AU-QLD,668.97,727.07,10.83,10.83,opennem.org.au,false,
2023-08-31 16:00:00,Australia,Queensland,AU-QLD,669.9,727.7,10.82,10.82,opennem.org.au,false,
2023-08-31 17:00:00,Australia,Queensland,AU-QLD,657.49,714.55,12.45,12.45,opennem.org.au,false,
2023-08-31 18:00:00,Australia,Queensland,AU-QLD,659.89,717.01,12.15,12.15,opennem.org.au,false,
2023-08-31 19:00:00,Australia,Queensland,AU-QLD,659.19,716.75,11.98,11.98,opennem.org.au,false,
2023-08-31 20:00:00,Australia,Queensland,AU-QLD,654.81,713.88,11.72,11.72,opennem.org.au,false,
2023-08-31 21:00:00,Australia,Queensland,AU-QLD,524.75,582.61,28.88,28.88,opennem.org.au,false,
2023-08-31 22:00:00,Australia,Queensland,AU-QLD,404.68,460.85,44.79,44.79,opennem.org.au,false,
2023-08-31 23:00:00,Australia,Queensland,AU-QLD,359.25,413.69,51.13,51.13,opennem.org.au,false,
2023-09-01 00:00:00,Australia,Queensland,AU-QLD,327.71,381.03,55.56,55.56,opennem.org.au,false,
2023-09-01 01:00:00,Australia,Queensland,AU-QLD,310.99,363.23,58.13,58.13,opennem.org.au,false,
2023-09-01 02:00:00,Australia,Queensland,AU-QLD,310.26,362.21,58.46,58.46,opennem.org.au,false,
2023-09-01 03:00:00,Australia,Queensland,AU-QLD,305.62,357.28,59.06,59.06,opennem.org.au,false,
2023-09-01 04:00:00,Australia,Queensland,AU-QLD,308.7,360.6,58.43,58.43,opennem.org.au,false,
2023-09-01 05:00:00,Australia,Queensland,AU-QLD,352.67,406.94,51.45,51.45,opennem.org.au,false,
2023-09-01 06:00:00,Australia,Queensland,AU-QLD,437.94,496.53,38.33,38.33,opennem.org.au,false,
2023-09-01 07:00:00,Australia,Queensland,AU-QLD,600.38,666.94,13.14,13.14,opennem.org.au,false,
2023-09-01 08:00:00,Australia,Queensland,AU-QLD,625.23,693.6,8.44,8.44,opennem.org.au,false,
2023-09-01 09:00:00,Australia,Queensland,AU-QLD,628.7,697.68,7.7,7.7,opennem.org.au,false,
2023-09-01 10:00:00,Australia,Queensland,AU-QLD,643.03,712.78,5.79,5.79,opennem.org.au,false,
2023-09-01 11:00:00,Australia,Queensland,AU-QLD,654.1,722.01,5.84,5.84,opennem.org.au,false,
2023-09-01 12:00:00,Australia,Queensland,AU-QLD,649.75,712.13,9.9,9.9,opennem.org.au,false,
2023-09-01 13:00:00,Australia,Queensland,AU-QLD,660.24,719.32,10.94,10.94,opennem.org.au,false,
2023-09-01 14:00:00,Australia,Queensland,AU-QLD,667.18,725.12,10.96,10.96,opennem.org.au,false,
2023-09-01 15:00:00,Australia,Queensland,AU-QLD,674.19,732.87,9.95,9.95,opennem.org.au,false,
2023-09-01 16:00:00,Australia,Queensland,AU-QLD,679.09,738.1,9.27,9.27,opennem.org.au,false,
2023-09-01 17:00:00,Australia,Queensland,AU-QLD,669.32,727.57,10.57,10.57,opennem.org.au,false,
2023-09-01 18:00:00,Australia,Queensland,AU-QLD,668.19,726.39,10.74,10.74,opennem.org.au,false,
2023-09-01 19:00:00,Australia,Queensland,AU-QLD,655.05,712.5,12.5,12.5,opennem.org.au,false,
2023-09-01 20:00:00,Australia,Queensland,AU-QLD,646.48,703.45,13.91,13.91,opennem.org.au,false,
2023-09-01 21:00:00,Australia,Queensland,AU-QLD,496.67,551.59,33.72,33.72,opennem.org.au,false,
2023-09-01 22:00:00,Australia,Queensland,AU-QLD,402.16,455.34,46.24,46.24,opennem.org.au,false,
2023-09-01 23:00:00,Australia,Queensland,AU-QLD,345.7,398.14,53.72,53.72,opennem.org.au,false,
2023-09-02 00:00:00,Australia,Queensland,AU-QLD,320.33,372.62,57.07,57.07,opennem.org.au,false,
2023-09-02 01:00:00,Australia,Queensland,AU-QLD,309.91,362.26,58.43,58.43,opennem.org.au,false,
2023-09-02 02:00:00,Australia,Queensland,AU-QLD,305.69,358.07,59.01,59.01,opennem.org.au,false,
2023-09-02 03:00:00,Australia,Queensland,AU-QLD,313.08,365.55,58.03,58.03,opennem.org.au,false,
2023-09-02 04:00:00,Australia,Queensland,AU-QLD,323.18,376.34,56.34,56.34,opennem.org.au,false,
2023-09-02 05:00:00,Australia,Queensland,AU-QLD,355.8,410.48,51.09,51.09,opennem.org.au,false,
2023-09-02 06:00:00,Australia,Queensland,AU-QLD,467.92,527.55,34.26,34.26,opennem.org.au,false,
2023-09-02 07:00:00,Australia,Queensland,AU-QLD,599.6,666.72,13.05,13.05,opennem.org.au,false,
2023-09-02 08:00:00,Australia,Queensland,AU-QLD,631.49,700.3,7.58,7.58,opennem.org.au,false,
2023-09-02 09:00:00,Australia,Queensland,AU-QLD,634.99,703.99,7.07,7.07,opennem.org.au,false,
2023-09-02 10:00:00,Australia,Queensland,AU-QLD,632.65,699.95,8.09,8.09,opennem.org.au,false,
2023-09-02 11:00:00,Australia,Queensland,AU-QLD,645.89,709.93,8.81,8.81,opennem.org.au,false,
2023-09-02 12:00:00,Australia,Queensland,AU-QLD,634.13,693.61,13.05,13.05,opennem.org.au,false,
2023-09-02 13:00:00,Australia,Queensland,AU-QLD,645.67,701.89,13.96,13.96,opennem.org.au,false,
2023-09-02 14:00:00,Australia,Queensland,AU-QLD,636.11,691.64,15.33,15.33,opennem.org.au,false,
2023-09-02 15:00:00,Australia,Queensland,AU-QLD,631.94,687.21,15.9,15.9,opennem.org.au,false,
2023-09-02 16:00:00,Australia,Queensland,AU-QLD,634.82,690.58,15.44,15.44,opennem.org.au,false,
2023-09-02 17:00:00,Australia,Queensland,AU-QLD,640.48,696.66,14.66,14.66,opennem.org.au,false,
2023-09-02 18:00:00,Australia,Queensland,AU-QLD,644.51,700.79,14.17,14.17,opennem.org.au,false,
2023-09-02 19:00:00,Australia,Queensland,AU-QLD,647.43,703.87,13.78,13.78,opennem.org.au,false,
2023-09-02 20:00:00,Australia,Queensland,AU-QLD,635.46,691.58,15.41,15.41,opennem.org.au,false,
2023-09-02 21:00:00,Australia,Queensland,AU-QLD,490.51,544.21,34.55,34.55,opennem.org.au,false,
2023-09-02 22:00:00,Australia,Queensland,AU-QLD,367.84,419.75,50.78,50.78,opennem.org.au,false,
2023-09-02 23:00:00,Australia,Queensland,AU-QLD,344.37,395.98,53.89,53.89,opennem.org.au,false,
2023-09-03 00:00:00,Australia,Queensland,AU-QLD,328.43,379.97,56.01,56.01,opennem.org.au,false,
2023-09-03 01:00:00,Australia,Queensland,AU-QLD,321.88,373.58,56.88,56.88,opennem.org.au,false,
2023-09-03 02:00:00,Australia,Queensland,AU-QLD,323.28,375.13,56.7,56.7,opennem.org.au,false,
2023-09-03 03:00:00,Australia,Queensland,AU-QLD,336.42,388.71,54.94,54.94,opennem.org.au,false,
2023-09-03 04:00:00,Australia,Queensland,AU-QLD,336.66,389.21,54.88,54.88,opennem.org.au,false,
2023-09-03 05:00:00,Australia,Queensland,AU-QLD,387.63,441.6,47.82,47.82,opennem.org.au,false,
2023-09-03 06:00:00,Australia,Queensland,AU-QLD,498.03,555.25,32.66,32.66,opennem.org.au,false,
2023-09-03 07:00:00,Australia,Queensland,AU-QLD,620.76,681.63,15.21,15.21,opennem.org.au,false,
2023-09-03 08:00:00,Australia,Queensland,AU-QLD,650.1,710.2,11.62,11.62,opennem.org.au,false,
2023-09-03 09:00:00,Australia,Queensland,AU-QLD,645.44,705.36,12.09,12.09,opennem.org.au,false,
2023-09-03 10:00:00,Australia,Queensland,AU-QLD,625.55,684.16,14.73,14.73,opennem.org.au,false,
2023-09-03 11:00:00,Australia,Queensland,AU-QLD,626.21,682.61,16.19,16.19,opennem.org.au,false,
2023-09-03 12:00:00,Australia,Queensland,AU-QLD,639.65,695.86,14.87,14.87,opennem.org.au,false,
2023-09-03 13:00:00,Australia,Queensland,AU-QLD,634.81,690.89,15.45,15.45,opennem.org.au,false,
2023-09-03 14:00:00,Australia,Queensland,AU-QLD,631.38,687.45,15.87,15.87,opennem.org.au,false,
2023-09-03 15:00:00,Australia,Queensland,AU-QLD,656.9,714.43,12.49,12.49,opennem.org.au,false,
2023-09-03 16:00:00,Australia,Queensland,AU-QLD,657.11,714.58,12.45,12.45,opennem.org.au,false,
2023-09-03 17:00:00,Australia,Queensland,AU-QLD,663.41,721.09,11.63,11.63,opennem.org.au,false,
2023-09-03 18:00:00,Australia,Queensland,AU-QLD,666.63,724.53,11.24,11.24,opennem.org.au,false,
2023-09-03 19:00:00,Australia,Queensland,AU-QLD,661.95,719.41,11.91,11.91,opennem.org.au,false,
2023-09-03 20:00:00,Australia,Queensland,AU-QLD,640.91,697.45,14.83,14.83,opennem.org.au,false,
2023-09-03 21:00:00,Australia,Queensland,AU-QLD,545.34,600.34,27.47,27.47,opennem.org.au,false,
2023-09-03 22:00:00,Australia,Queensland,AU-QLD,458.66,512.89,38.87,38.87,opennem.org.au,false,
2023-09-03 23:00:00,Australia,Queensland,AU-QLD,406.62,459.95,45.81,45.81,opennem.org.au,false,
2023-09-04 00:00:00,Australia,Queensland,AU-QLD,372.25,424.48,50.42,50.42,opennem.org.au,false,
2023-09-04 01:00:00,Australia,Queensland,AU-QLD,347.4,399.57,53.67,53.67,opennem.org.au,false,
2023-09-04 02:00:00,Australia,Queensland,AU-QLD,334.63,386.85,55.29,55.29,opennem.org.au,false,
2023-09-04 03:00:00,Australia,Queensland,AU-QLD,346.01,398.6,53.77,53.77,opennem.org.au,false,
2023-09-04 04:00:00,Australia,Queensland,AU-QLD,364.98,418.32,51.0,51.0,opennem.org.au,false,
2023-09-04 05:00:00,Australia,Queensland,AU-QLD,399.17,454.22,45.62,45.62,opennem.org.au,false,
2023-09-04 06:00:00,Australia,Queensland,AU-QLD,501.4,559.37,31.16,31.16,opennem.org.au,false,
2023-09-04 07:00:00,Australia,Queensland,AU-QLD,583.95,648.8,15.77,15.77,opennem.org.au,false,
2023-09-04 08:00:00,Australia,Queensland,AU-QLD,599.92,667.16,11.82,11.82,opennem.org.au,false,
2023-09-04 09:00:00,Australia,Queensland,AU-QLD,609.17,675.81,11.3,11.3,opennem.org.au,false,
2023-09-04 10:00:00,Australia,Queensland,AU-QLD,618.12,681.6,12.42,12.42,opennem.org.au,false,
2023-09-04 11:00:00,Australia,Queensland,AU-QLD,626.81,687.47,13.3,13.3,opennem.org.au,false,
2023-09-04 12:00:00,Australia,Queensland,AU-QLD,633.29,694.11,12.55,12.55,opennem.org.au,false,
2023-09-04 13:00:00,Australia,Queensland,AU-QLD,628.46,688.66,13.48,13.48,opennem.org.au,false,
2023-09-04 14:00:00,Australia,Queensland,AU-QLD,652.17,710.92,11.99,11.99,opennem.org.au,false,
2023-09-04 15:00:00,Australia,Queensland,AU-QLD,656.17,713.63,12.43,12.43,opennem.org.au,false,
2023-09-04 16:00:00,Australia,Queensland,AU-QLD,651.69,708.81,13.1,13.1,opennem.org.au,false,
2023-09-04 17:00:00,Australia,Queensland,AU-QLD,652.19,709.4,13.03,13.03,opennem.org.au,false,
2023-09-04 18:00:00,Australia,Queensland,AU-QLD,652.51,709.88,12.99,12.99,opennem.org.au,false,
2023-09-04 19:00:00,Australia,Queensland,AU-QLD,652.07,709.21,13.11,13.11,opennem.org.au,false,
2023-09-04 20:00:00,Australia,Queensland,AU-QLD,643.66,700.15,14.57,14.57,opennem.org.au,false,
2023-09-04 21:00:00,Australia,Queensland,AU-QLD,480.75,535.14,35.86,35.86,opennem.org.au,false,
2023-09-04 22:00:00,Australia,Queensland,AU-QLD,370.18,422.74,50.5,50.5,opennem.org.au,false,
2023-09-04 23:00:00,Australia,Queensland,AU-QLD,345.99,398.36,53.73,53.73,opennem.org.au,false,
2023-09-05 00:00:00,Australia,Queensland,AU-QLD,344.05,396.77,53.97,53.97,opennem.org.au,false,
2023-09-05 01:00:00,Australia,Queensland,AU-QLD,348.29,401.36,53.42,53.42,opennem.org.au,false,
2023-09-05 02:00:00,Australia,Queensland,AU-QLD,338.32,391.36,54.63,54.63,opennem.org.au,false,
2023-09-05 03:00:00,Australia,Queensland,AU-QLD,334.86,388.24,54.5,54.5,opennem.org.au,false,
2023-09-05 04:00:00,Australia,Queensland,AU-QLD,334.73,388.71,53.92,53.92,opennem.org.au,false,
2023-09-05 05:00:00,Australia,Queensland,AU-QLD,366.11,422.62,48.42,48.42,opennem.org.au,false,
2023-09-05 06:00:00,Australia,Queensland,AU-QLD,472.98,532.36,34.15,34.15,opennem.org.au,false,
2023-09-05 07:00:00,Australia,Queensland,AU-QLD,598.91,662.9,15.15,15.15,opennem.org.au,false,
2023-09-05 08:00:00,Australia,Queensland,AU-QLD,608.91,674.24,11.99,11.99,opennem.org.au,false,
2023-09-05 09:00:00,Australia,Queensland,AU-QLD,609.01,674.53,11.86,11.86,opennem.org.au,false,
2023-09-05 10:00:00,Australia,Queensland,AU-QLD,602.32,664.78,14.27,14.27,opennem.org.au,false,
2023-09-05 11:00:00,Australia,Queensland,AU-QLD,626.11,687.13,12.88,12.88,opennem.org.au,false,
2023-09-05 12:00:00,Australia,Queensland,AU-QLD,654.78,717.39,9.24,9.24,opennem.org.au,false,
2023-09-05 13:00:00,Australia,Queensland,AU-QLD,658.24,720.9,8.79,8.79,opennem.org.au,false,
2023-09-05 14:00:00,Australia,Queensland,AU-QLD,673.37,737.09,6.7,6.7,opennem.org.au,false,
2023-09-05 15:00:00,Australia,Queensland,AU-QLD,684.43,743.57,8.51,8.51,opennem.org.au,false,
2023-09-05 16:00:00,Australia,Queensland,AU-QLD,693.86,753.1,7.63,7.63,opennem.org.au,false,
2023-09-05 17:00:00,Australia,Queensland,AU-QLD,695.25,754.61,7.37,7.37,opennem.org.au,false,
2023-09-05 18:00:00,Australia,Queensland,AU-QLD,692.27,751.36,7.78,7.78,opennem.org.au,false,
2023-09-05 19:00:00,Australia,Queensland,AU-QLD,687.35,746.23,8.48,8.48,opennem.org.au,false,
2023-09-05 20:00:00,Australia,Queensland,AU-QLD,669.03,726.31,11.41,11.41,opennem.org.au,false,
2023-09-05 21:00:00,Australia,Queensland,AU-QLD,541.86,597.4,27.88,27.88,opennem.org.au,false,
2023-09-05 22:00:00,Australia,Queensland,AU-QLD,408.41,462.19,45.46,45.46,opennem.org.au,false,
2023-09-05 23:00:00,Australia,Queensland,AU-QLD,334.02,386.84,55.29,55.29,opennem.org.au,false,
2023-09-06 00:00:00,Australia,Queensland,AU-QLD,309.31,361.33,58.57,58.57,opennem.org.au,false,
2023-09-06 01:00:00,Australia,Queensland,AU-QLD,290.23,342.02,61.11,61.11,opennem.org.au,false,
2023-09-06 02:00:00,Australia,Queensland,AU-QLD,301.27,353.85,59.59,59.59,opennem.org.au,false,
2023-09-06 03:00:00,Australia,Queensland,AU-QLD,316.01,368.72,57.65,57.65,opennem.org.au,false,
2023-09-06 04:00:00,Australia,Queensland,AU-QLD,343.03,396.75,53.82,53.82,opennem.org.au,false,
2023-09-06 05:00:00,Australia,Queensland,AU-QLD,412.25,468.37,44.22,44.22,opennem.org.au,false,
2023-09-06 06:00:00,Australia,Queensland,AU-QLD,526.8,585.65,28.57,28.57,opennem.org.au,false,
2023-09-06 07:00:00,Australia,Queensland,AU-QLD,615.85,678.53,14.49,14.49,opennem.org.au,false,
2023-09-06 08:00:00,Australia,Queensland,AU-QLD,620.47,684.3,12.2,12.2,opennem.org.au,false,
2023-09-06 09:00:00,Australia,Queensland,AU-QLD,627.94,689.12,12.89,12.89,opennem.org.au,false,
2023-09-06 10:00:00,Australia,Queensland,AU-QLD,640.39,700.63,12.28,12.28,opennem.org.au,false,
2023-09-06 11:00:00,Australia,Queensland,AU-QLD,650.86,710.45,11.67,11.67,opennem.org.au,false,
2023-09-06 12:00:00,Australia,Queensland,AU-QLD,665.63,725.0,10.33,10.33,opennem.org.au,false,
2023-09-06 13:00:00,Australia,Queensland,AU-QLD,683.33,742.66,8.69,8.69,opennem.org.au,false,
2023-09-06 14:00:00,Australia,Queensland,AU-QLD,676.41,734.97,9.91,9.91,opennem.org.au,false,
2023-09-06 15:00:00,Australia,Queensland,AU-QLD,673.11,731.43,10.36,10.36,opennem.org.au,false,
2023-09-06 16:00:00,Australia,Queensland,AU-QLD,672.17,730.42,10.54,10.54,opennem.org.au,false,
2023-09-06 17:00:00,Australia,Queensland,AU-QLD,673.45,731.98,10.23,10.23,opennem.org.au,false,
2023-09-06 18:00:00,Australia,Queensland,AU-QLD,672.43,731.24,10.14,10.14,opennem.org.au,false,
2023-09-06 19:00:00,Australia,Queensland,AU-QLD,677.12,735.92,9.62,9.62,opennem.org.au,false,
2023-09-06 20:00:00,Australia,Queensland,AU-QLD,649.75,707.68,13.21,13.21,opennem.org.au,false,
2023-09-06 21:00:00,Australia,Queensland,AU-QLD,543.0,599.0,27.47,27.47,opennem.org.au,false,
2023-09-06 22:00:00,Australia,Queensland,AU-QLD,426.61,480.52,43.05,43.05,opennem.org.au,false,
2023-09-06 23:00:00,Australia,Queensland,AU-QLD,373.1,426.04,50.14,50.14,opennem.org.au,false,
2023-09-07 00:00:00,Australia,Queensland,AU-QLD,349.02,401.39,53.34,53.34,opennem.org.au,false,
2023-09-07 01:00:00,Australia,Queensland,AU-QLD,325.19,377.17,56.49,56.49,opennem.org.au,false,
2023-09-07 02:00:00,Australia,Queensland,AU-QLD,327.93,379.75,56.12,56.12,opennem.org.au,false,
2023-09-07 03:00:00,Australia,Queensland,AU-QLD,326.78,378.29,56.26,56.26,opennem.org.au,false,
2023-09-07 04:00:00,Australia,Queensland,AU-QLD,332.15,384.3,55.24,55.24,opennem.org.au,false,
2023-09-07 05:00:00,Australia,Queensland,AU-QLD,384.16,438.61,47.45,47.45,opennem.org.au,false,
2023-09-07 06:00:00,Australia,Queensland,AU-QLD,483.95,541.75,33.0,33.0,opennem.org.au,false,
2023-09-07 07:00:00,Australia,Queensland,AU-QLD,585.74,646.91,17.78,17.78,opennem.org.au,false,
2023-09-07 08:00:00,Australia,Queensland,AU-QLD,601.58,664.41,14.3,14.3,opennem.org.au,false,
2023-09-07 09:00:00,Australia,Queensland,AU-QLD,609.94,671.89,13.95,13.95,opennem.org.au,false,
2023-09-07 10:00:00,Australia,Queensland,AU-QLD,623.46,685.97,12.28,12.28,opennem.org.au,false,
2023-09-07 11:00:00,Australia,Queensland,AU-QLD,633.48,693.11,13.1,13.1,opennem.org.au,false,
2023-09-07 12:00:00,Australia,Queensland,AU-QLD,636.78,694.64,13.95,13.95,opennem.org.au,false,
2023-09-07 13:00:00,Australia,Queensland,AU-QLD,653.77,710.65,12.81,12.81,opennem.org.au,false,
2023-09-07 14:00:00,Australia,Queensland,AU-QLD,651.81,708.74,12.92,12.92,opennem.org.au,false,
2023-09-07 15:00:00,Australia,Queensland,AU-QLD,641.47,697.98,14.29,14.29,opennem.org.au,false,
2023-09-07 16:00:00,Australia,Queensland,AU-QLD,648.33,704.9,13.5,13.5,opennem.org.au,false,
2023-09-07 17:00:00,Australia,Queensland,AU-QLD,678.75,737.53,9.44,9.44,opennem.org.au,false,
2023-09-07 18:00:00,Australia,Queensland,AU-QLD,695.45,755.41,7.27,7.27,opennem.org.au,false,
2023-09-07 19:00:00,Australia,Queensland,AU-QLD,688.87,748.41,8.25,8.25,opennem.org.au,false,
2023-09-07 20:00:00,Australia,Queensland,AU-QLD,660.04,718.25,12.12,12.12,opennem.org.au,false,
2023-09-07 21:00:00,Australia,Queensland,AU-QLD,567.45,624.85,24.07,24.07,opennem.org.au,false,
2023-09-07 22:00:00,Australia,Queensland,AU-QLD,468.24,524.65,36.73,36.73,opennem.org.au,false,
2023-09-07 23:00:00,Australia,Queensland,AU-QLD,411.34,466.74,44.17,44.17,opennem.org.au,false,
2023-09-08 00:00:00,Australia,Queensland,AU-QLD,371.83,426.88,49.26,49.26,opennem.org.au,false,
2023-09-08 01:00:00,Australia,Queensland,AU-QLD,333.78,388.01,54.35,54.35,opennem.org.au,false,
2023-09-08 02:00:00,Australia,Queensland,AU-QLD,331.11,383.54,55.62,55.62,opennem.org.au,false,
2023-09-08 03:00:00,Australia,Queensland,AU-QLD,333.98,386.66,55.36,55.36,opennem.org.au,false,
2023-09-08 04:00:00,Australia,Queensland,AU-QLD,353.27,406.54,52.57,52.57,opennem.org.au,false,
2023-09-08 05:00:00,Australia,Queensland,AU-QLD,398.14,453.58,45.72,45.72,opennem.org.au,false,
2023-09-08 06:00:00,Australia,Queensland,AU-QLD,494.31,551.92,32.71,32.71,opennem.org.au,false,
2023-09-08 07:00:00,Australia,Queensland,AU-QLD,614.56,677.76,14.06,14.06,opennem.org.au,false,
2023-09-08 08:00:00,Australia,Queensland,AU-QLD,632.57,695.96,11.13,11.13,opennem.org.au,false,
2023-09-08 09:00:00,Australia,Queensland,AU-QLD,627.39,689.15,12.64,12.64,opennem.org.au,false,
2023-09-08 10:00:00,Australia,Queensland,AU-QLD,623.95,684.85,13.53,13.53,opennem.org.au,false,
2023-09-08 11:00:00,Australia,Queensland,AU-QLD,609.71,668.84,15.98,15.98,opennem.org.au,false,
2023-09-08 12:00:00,Australia,Queensland,AU-QLD,614.27,673.9,15.15,15.15,opennem.org.au,false,
2023-09-08 13:00:00,Australia,Queensland,AU-QLD,613.02,672.9,15.1,15.1,opennem.org.au,false,
2023-09-08 14:00:00,Australia,Queensland,AU-QLD,607.41,666.93,15.92,15.92,opennem.org.au,false,
2023-09-08 15:00:00,Australia,Queensland,AU-QLD,615.93,674.47,15.74,15.74,opennem.org.au,false,
2023-09-08 16:00:00,Australia,Queensland,AU-QLD,635.51,691.45,15.38,15.38,opennem.org.au,false,
2023-09-08 17:00:00,Australia,Queensland,AU-QLD,636.5,692.07,15.23,15.23,opennem.org.au,false,
2023-09-08 18:00:00,Australia,Queensland,AU-QLD,635.09,690.27,15.47,15.47,opennem.org.au,false,
2023-09-08 19:00:00,Australia,Queensland,AU-QLD,635.56,691.07,15.3,15.3,opennem.org.au,false,
2023-09-08 20:00:00,Australia,Queensland,AU-QLD,621.8,677.01,17.18,17.18,opennem.org.au,false,
2023-09-08 21:00:00,Australia,Queensland,AU-QLD,491.47,544.7,34.36,34.36,opennem.org.au,false,
2023-09-08 22:00:00,Australia,Queensland,AU-QLD,386.82,438.28,48.22,48.22,opennem.org.au,false,
2023-09-08 23:00:00,Australia,Queensland,AU-QLD,346.99,398.41,53.53,53.53,opennem.org.au,false,
2023-09-09 00:00:00,Australia,Queensland,AU-QLD,315.02,365.97,57.79,57.79,opennem.org.au,false,
2023-09-09 01:00:00,Australia,Queensland,AU-QLD,300.22,350.9,59.77,59.77,opennem.org.au,false,
2023-09-09 02:00:00,Australia,Queensland,AU-QLD,302.97,353.85,59.42,59.42,opennem.org.au,false,
2023-09-09 03:00:00,Australia,Queensland,AU-QLD,306.26,357.1,58.98,58.98,opennem.org.au,false,
2023-09-09 04:00:00,Australia,Queensland,AU-QLD,336.06,387.96,54.78,54.78,opennem.org.au,false,
2023-09-09 05:00:00,Australia,Queensland,AU-QLD,370.49,424.21,49.3,49.3,opennem.org.au,false,
2023-09-09 06:00:00,Australia,Queensland,AU-QLD,435.08,491.86,39.71,39.71,opennem.org.au,false,
2023-09-09 07:00:00,Australia,Queensland,AU-QLD,600.24,660.77,17.37,17.37,opennem.org.au,false,
2023-09-09 08:00:00,Australia,Queensland,AU-QLD,637.12,699.62,11.21,11.21,opennem.org.au,false,
2023-09-09 09:00:00,Australia,Queensland,AU-QLD,630.24,692.62,11.89,11.89,opennem.org.au,false,
2023-09-09 10:00:00,Australia,Queensland,AU-QLD,630.85,693.11,11.8,11.8,opennem.org.au,false,
2023-09-09 11:00:00,Australia,Queensland,AU-QLD,638.26,698.01,12.65,12.65,opennem.org.au,false,
2023-09-09 12:00:00,Australia,Queensland,AU-QLD,641.59,700.31,12.89,12.89,opennem.org.au,false,
2023-09-09 13:00:00,Australia,Queensland,AU-QLD,637.66,694.34,14.5,14.5,opennem.org.au,false,
2023-09-09 14:00:00,Australia,Queensland,AU-QLD,640.1,695.85,14.81,14.81,opennem.org.au,false,
2023-09-09 15:00:00,Australia,Queensland,AU-QLD,651.54,707.67,13.35,13.35,opennem.org.au,false,
2023-09-09 16:00:00,Australia,Queensland,AU-QLD,656.17,712.5,12.76,12.76,opennem.org.au,false,
2023-09-09 17:00:00,Australia,Queensland,AU-QLD,661.11,717.77,12.08,12.08,opennem.org.au,false,
2023-09-09 18:00:00,Australia,Queensland,AU-QLD,671.44,728.82,10.69,10.69,opennem.org.au,false,
2023-09-09 19:00:00,Australia,Queensland,AU-QLD,673.54,731.34,10.3,10.3,opennem.org.au,false,
2023-09-09 20:00:00,Australia,Queensland,AU-QLD,653.33,710.63,13.04,13.04,opennem.org.au,false,
2023-09-09 21:00:00,Australia,Queensland,AU-QLD,505.36,560.08,32.53,32.53,opennem.org.au,false,
2023-09-09 22:00:00,Australia,Queensland,AU-QLD,389.73,442.24,47.84,47.84,opennem.org.au,false,
2023-09-09 23:00:00,Australia,Queensland,AU-QLD,358.98,410.86,51.94,51.94,opennem.org.au,false,
2023-09-10 00:00:00,Australia,Queensland,AU-QLD,325.06,376.59,56.44,56.44,opennem.org.au,false,
2023-09-10 01:00:00,Australia,Queensland,AU-QLD,310.84,362.18,58.34,58.34,opennem.org.au,false,
2023-09-10 02:00:00,Australia,Queensland,AU-QLD,313.74,365.29,57.97,57.97,opennem.org.au,false,
2023-09-10 03:00:00,Australia,Queensland,AU-QLD,319.96,371.99,57.15,57.15,opennem.org.au,false,
2023-09-10 04:00:00,Australia,Queensland,AU-QLD,344.73,397.87,53.59,53.59,opennem.org.au,false,
2023-09-10 05:00:00,Australia,Queensland,AU-QLD,399.62,455.52,45.24,45.24,opennem.org.au,false,
2023-09-10 06:00:00,Australia,Queensland,AU-QLD,500.94,559.84,30.88,30.88,opennem.org.au,false,
2023-09-10 07:00:00,Australia,Queensland,AU-QLD,598.93,660.39,16.48,16.48,opennem.org.au,false,
2023-09-10 08:00:00,Australia,Queensland,AU-QLD,617.2,679.71,12.87,12.87,opennem.org.au,false,
2023-09-10 09:00:00,Australia,Queensland,AU-QLD,607.77,670.52,13.62,13.62,opennem.org.au,false,
2023-09-10 10:00:00,Australia,Queensland,AU-QLD,607.32,667.89,14.94,14.94,opennem.org.au,false,
2023-09-10 11:00:00,Australia,Queensland,AU-QLD,612.94,671.23,15.83,15.83,opennem.org.au,false,
2023-09-10 12:00:00,Australia,Queensland,AU-QLD,619.42,677.62,15.23,15.23,opennem.org.au,false,
2023-09-10 13:00:00,Australia,Queensland,AU-QLD,629.07,685.27,15.42,15.42,opennem.org.au,false,
2023-09-10 14:00:00,Australia,Queensland,AU-QLD,650.37,706.49,13.45,13.45,opennem.org.au,false,
2023-09-10 15:00:00,Australia,Queensland,AU-QLD,646.84,702.83,13.88,13.88,opennem.org.au,false,
2023-09-10 16:00:00,Australia,Queensland,AU-QLD,647.21,703.31,13.81,13.81,opennem.org.au,false,
2023-09-10 17:00:00,Australia,Queensland,AU-QLD,642.99,698.85,14.36,14.36,opennem.org.au,false,
2023-09-10 18:00:00,Australia,Queensland,AU-QLD,647.29,703.47,13.8,13.8,opennem.org.au,false,
2023-09-10 19:00:00,Australia,Queensland,AU-QLD,643.23,699.0,14.39,14.39,opennem.org.au,false,
2023-09-10 20:00:00,Australia,Queensland,AU-QLD,618.27,673.1,17.75,17.75,opennem.org.au,false,
2023-09-10 21:00:00,Australia,Queensland,AU-QLD,483.39,536.07,35.57,35.57,opennem.org.au,false,
2023-09-10 22:00:00,Australia,Queensland,AU-QLD,364.4,415.64,51.25,51.25,opennem.org.au,false,
2023-09-10 23:00:00,Australia,Queensland,AU-QLD,331.33,382.21,55.65,55.65,opennem.org.au,false,
2023-09-11 00:00:00,Australia,Queensland,AU-QLD,311.8,362.79,58.28,58.28,opennem.org.au,false,
2023-09-11 01:00:00,Australia,Queensland,AU-QLD,314.49,365.87,57.95,57.95,opennem.org.au,false,
2023-09-11 02:00:00,Australia,Queensland,AU-QLD,330.76,382.68,55.8,55.8,opennem.org.au,false,
2023-09-11 03:00:00,Australia,Queensland,AU-QLD,344.16,396.59,53.86,53.86,opennem.org.au,false,
2023-09-11 04:00:00,Australia,Queensland,AU-QLD,371.99,426.35,49.37,49.37,opennem.org.au,false,
2023-09-11 05:00:00,Australia,Queensland,AU-QLD,407.88,464.37,43.47,43.47,opennem.org.au,false,
2023-09-11 06:00:00,Australia,Queensland,AU-QLD,469.28,527.36,34.65,34.65,opennem.org.au,false,
2023-09-11 07:00:00,Australia,Queensland,AU-QLD,573.74,635.24,18.78,18.78,opennem.org.au,false,
2023-09-11 08:00:00,Australia,Queensland,AU-QLD,592.79,657.47,13.83,13.83,opennem.org.au,false,
2023-09-11 09:00:00,Australia,Queensland,AU-QLD,594.27,660.26,12.85,12.85,opennem.org.au,false,
2023-09-11 10:00:00,Australia,Queensland,AU-QLD,598.46,662.4,13.68,13.68,opennem.org.au,false,
2023-09-11 11:00:00,Australia,Queensland,AU-QLD,611.75,672.55,14.23,14.23,opennem.org.au,false,
2023-09-11 12:00:00,Australia,Queensland,AU-QLD,614.6,673.78,14.97,14.97,opennem.org.au,false,
2023-09-11 13:00:00,Australia,Queensland,AU-QLD,629.54,688.16,13.76,13.76,opennem.org.au,false,
2023-09-11 14:00:00,Australia,Queensland,AU-QLD,635.87,694.14,13.28,13.28,opennem.org.au,false,
2023-09-11 15:00:00,Australia,Queensland,AU-QLD,645.69,701.35,13.86,13.86,opennem.org.au,false,
2023-09-11 16:00:00,Australia,Queensland,AU-QLD,645.56,700.56,14.1,14.1,opennem.org.au,false,
2023-09-11 17:00:00,Australia,Queensland,AU-QLD,646.26,701.06,13.99,13.99,opennem.org.au,false,
2023-09-11 18:00:00,Australia,Queensland,AU-QLD,653.28,708.54,13.07,13.07,opennem.org.au,false,
2023-09-11 19:00:00,Australia,Queensland,AU-QLD,666.74,722.91,11.3,11.3,opennem.org.au,false,
2023-09-11 20:00:00,Australia,Queensland,AU-QLD,629.21,684.37,16.3,16.3,opennem.org.au,false,
2023-09-11 21:00:00,Australia,Queensland,AU-QLD,464.71,517.63,38.04,38.04,opennem.org.au,false,
2023-09-11 22:00:00,Australia,Queensland,AU-QLD,357.23,408.3,52.21,52.21,opennem.org.au,false,
2023-09-11 23:00:00,Australia,Queensland,AU-QLD,320.36,371.23,57.09,57.09,opennem.org.au,false,
2023-09-12 00:00:00,Australia,Queensland,AU-QLD,296.15,346.63,60.31,60.31,opennem.org.au,false,
2023-09-12 01:00:00,Australia,Queensland,AU-QLD,290.61,340.97,61.05,61.05,opennem.org.au,false,
2023-09-12 02:00:00,Australia,Queensland,AU-QLD,288.63,339.35,61.27,61.27,opennem.org.au,false,
2023-09-12 03:00:00,Australia,Queensland,AU-QLD,295.11,346.96,59.8,59.8,opennem.org.au,false,
2023-09-12 04:00:00,Australia,Queensland,AU-QLD,311.63,364.52,57.03,57.03,opennem.org.au,false,
2023-09-12 05:00:00,Australia,Queensland,AU-QLD,355.69,410.7,50.19,50.19,opennem.org.au,false,
2023-09-12 06:00:00,Australia,Queensland,AU-QLD,457.99,515.71,35.93,35.93,opennem.org.au,false,
2023-09-12 07:00:00,Australia,Queensland,AU-QLD,580.63,642.57,17.65,17.65,opennem.org.au,false,
2023-09-12 08:00:00,Australia,Queensland,AU-QLD,606.18,671.23,11.87,11.87,opennem.org.au,false,
2023-09-12 09:00:00,Australia,Queensland,AU-QLD,616.41,681.31,11.03,11.03,opennem.org.au,false,
2023-09-12 10:00:00,Australia,Queensland,AU-QLD,620.97,682.52,12.59,12.59,opennem.org.au,false,
2023-09-12 11:00:00,Australia,Queensland,AU-QLD,625.66,684.98,13.41,13.41,opennem.org.au,false,
2023-09-12 12:00:00,Australia,Queensland,AU-QLD,633.51,693.07,12.78,12.78,opennem.org.au,false,
2023-09-12 13:00:00,Australia,Queensland,AU-QLD,648.68,705.39,13.13,13.13,opennem.org.au,false,
2023-09-12 14:00:00,Australia,Queensland,AU-QLD,662.71,719.33,11.8,11.8,opennem.org.au,false,
2023-09-12 15:00:00,Australia,Queensland,AU-QLD,658.97,715.57,12.28,12.28,opennem.org.au,false,
2023-09-12 16:00:00,Australia,Queensland,AU-QLD,658.81,715.35,12.29,12.29,opennem.org.au,false,
2023-09-12 17:00:00,Australia,Queensland,AU-QLD,662.47,718.9,11.8,11.8,opennem.org.au,false,
2023-09-12 18:00:00,Australia,Queensland,AU-QLD,667.89,724.78,11.09,11.09,opennem.org.au,false,
2023-09-12 19:00:00,Australia,Queensland,AU-QLD,670.16,727.32,10.83,10.83,opennem.org.au,false,
2023-09-12 20:00:00,Australia,Queensland,AU-QLD,631.79,687.76,15.95,15.95,opennem.org.au,false,
2023-09-12 21:00:00,Australia,Queensland,AU-QLD,491.05,545.49,34.57,34.57,opennem.org.au,false,
2023-09-12 22:00:00,Australia,Queensland,AU-QLD,375.85,428.59,49.76,49.76,opennem.org.au,false,
2023-09-12 23:00:00,Australia,Queensland,AU-QLD,348.08,400.54,53.42,53.42,opennem.org.au,false,
2023-09-13 00:00:00,Australia,Queensland,AU-QLD,320.68,372.97,56.8,56.8,opennem.org.au,false,
2023-09-13 01:00:00,Australia,Queensland,AU-QLD,315.52,367.7,57.44,57.44,opennem.org.au,false,
2023-09-13 02:00:00,Australia,Queensland,AU-QLD,313.42,366.22,57.52,57.52,opennem.org.au,false,
2023-09-13 03:00:00,Australia,Queensland,AU-QLD,348.87,402.33,53.05,53.05,opennem.org.au,false,
2023-09-13 04:00:00,Australia,Queensland,AU-QLD,367.6,421.53,50.25,50.25,opennem.org.au,false,
2023-09-13 05:00:00,Australia,Queensland,AU-QLD,370.3,423.85,49.65,49.65,opennem.org.au,false,
2023-09-13 06:00:00,Australia,Queensland,AU-QLD,465.4,522.22,36.15,36.15,opennem.org.au,false,
2023-09-13 07:00:00,Australia,Queensland,AU-QLD,579.6,641.03,18.68,18.68,opennem.org.au,false,
2023-09-13 08:00:00,Australia,Queensland,AU-QLD,623.8,687.77,11.33,11.33,opennem.org.au,false,
2023-09-13 09:00:00,Australia,Queensland,AU-QLD,626.06,690.4,10.9,10.9,opennem.org.au,false,
2023-09-13 10:00:00,Australia,Queensland,AU-QLD,631.51,694.24,11.22,11.22,opennem.org.au,false,
2023-09-13 11:00:00,Australia,Queensland,AU-QLD,638.07,698.96,11.68,11.68,opennem.org.au,false,
2023-09-13 12:00:00,Australia,Queensland,AU-QLD,640.81,701.28,11.7,11.7,opennem.org.au,false,
2023-09-13 13:00:00,Australia,Queensland,AU-QLD,643.83,703.15,12.0,12.0,opennem.org.au,false,
2023-09-13 14:00:00,Australia,Queensland,AU-QLD,654.62,712.27,11.9,11.9,opennem.org.au,false,
2023-09-13 15:00:00,Australia,Queensland,AU-QLD,656.65,712.73,12.58,12.58,opennem.org.au,false,
2023-09-13 16:00:00,Australia,Queensland,AU-QLD,647.03,702.81,13.87,13.87,opennem.org.au,false,
2023-09-13 17:00:00,Australia,Queensland,AU-QLD,655.14,711.55,12.74,12.74,opennem.org.au,false,
2023-09-13 18:00:00,Australia,Queensland,AU-QLD,671.84,729.25,10.55,10.55,opennem.org.au,false,
2023-09-13 19:00:00,Australia,Queensland,AU-QLD,683.9,742.27,9.01,9.01,opennem.org.au,false,
2023-09-13 20:00:00,Australia,Queensland,AU-QLD,647.88,705.31,13.83,13.83,opennem.org.au,false,
2023-09-13 21:00:00,Australia,Queensland,AU-QLD,478.28,533.16,36.22,36.22,opennem.org.au,false,
2023-09-13 22:00:00,Australia,Queensland,AU-QLD,364.62,417.17,51.23,51.23,opennem.org.au,false,
2023-09-13 23:00:00,Australia,Queensland,AU-QLD,326.63,377.8,56.51,56.51,opennem.org.au,false,
2023-09-14 00:00:00,Australia,Queensland,AU-QLD,311.33,362.27,58.53,58.53,opennem.org.au,false,
2023-09-14 01:00:00,Australia,Queensland,AU-QLD,295.07,346.07,60.61,60.61,opennem.org.au,false,
2023-09-14 02:00:00,Australia,Queensland,AU-QLD,296.38,347.01,60.66,60.66,opennem.org.au,false,
2023-09-14 03:00:00,Australia,Queensland,AU-QLD,305.59,357.67,58.83,58.83,opennem.org.au,false,
2023-09-14 04:00:00,Australia,Queensland,AU-QLD,331.75,385.41,54.66,54.66,opennem.org.au,false,
2023-09-14 05:00:00,Australia,Queensland,AU-QLD,363.13,418.4,49.54,49.54,opennem.org.au,false,
2023-09-14 06:00:00,Australia,Queensland,AU-QLD,456.02,513.37,36.96,36.96,opennem.org.au,false,
2023-09-14 07:00:00,Australia,Queensland,AU-QLD,591.18,651.99,18.16,18.16,opennem.org.au,false,
2023-09-14 08:00:00,Australia,Queensland,AU-QLD,629.93,692.82,11.6,11.6,opennem.org.au,false,
2023-09-14 09:00:00,Australia,Queensland,AU-QLD,630.36,691.92,12.29,12.29,opennem.org.au,false,
2023-09-14 10:00:00,Australia,Queensland,AU-QLD,632.25,691.18,13.71,13.71,opennem.org.au,false,
2023-09-14 11:00:00,Australia,Queensland,AU-QLD,637.03,695.27,13.6,13.6,opennem.org.au,false,
2023-09-14 12:00:00,Australia,Queensland,AU-QLD,639.09,696.96,13.59,13.59,opennem.org.au,false,
2023-09-14 13:00:00,Australia,Queensland,AU-QLD,645.64,701.65,14.07,14.07,opennem.org.au,false,
2023-09-14 14:00:00,Australia,Queensland,AU-QLD,640.02,695.86,14.82,14.82,opennem.org.au,false,
2023-09-14 15:00:00,Australia,Queensland,AU-QLD,632.9,688.38,15.71,15.71,opennem.org.au,false,
2023-09-14 16:00:00,Australia,Queensland,AU-QLD,630.31,685.56,16.05,16.05,opennem.org.au,false,
2023-09-14 17:00:00,Australia,Queensland,AU-QLD,641.57,697.37,14.56,14.56,opennem.org.au,false,
2023-09-14 18:00:00,Australia,Queensland,AU-QLD,649.15,705.62,13.53,13.53,opennem.org.au,false,
2023-09-14 19:00:00,Australia,Queensland,AU-QLD,654.08,710.94,12.92,12.92,opennem.org.au,false,
2023-09-14 20:00:00,Australia,Queensland,AU-QLD,624.31,680.59,16.93,16.93,opennem.org.au,false,
2023-09-14 21:00:00,Australia,Queensland,AU-QLD,461.76,515.93,38.42,38.42,opennem.org.au,false,
2023-09-14 22:00:00,Australia,Queensland,AU-QLD,376.91,429.69,49.63,49.63,opennem.org.au,false,
2023-09-14 23:00:00,Australia,Queensland,AU-QLD,346.38,398.54,53.69,53.69,opennem.org.au,false,
2023-09-15 00:00:00,Australia,Queensland,AU-QLD,322.59,374.51,56.84,56.84,opennem.org.au,false,
2023-09-15 01:00:00,Australia,Queensland,AU-QLD,312.62,364.53,58.17,58.17,opennem.org.au,false,
2023-09-15 02:00:00,Australia,Queensland,AU-QLD,321.99,373.84,57.04,57.04,opennem.org.au,false,
2023-09-15 03:00:00,Australia,Queensland,AU-QLD,330.51,382.81,55.8,55.8,opennem.org.au,false,
2023-09-15 04:00:00,Australia,Queensland,AU-QLD,342.83,395.52,54.13,54.13,opennem.org.au,false,
2023-09-15 05:00:00,Australia,Queensland,AU-QLD,364.42,418.25,50.56,50.56,opennem.org.au,false,
2023-09-15 06:00:00,Australia,Queensland,AU-QLD,441.35,498.14,39.33,39.33,opennem.org.au,false,
2023-09-15 07:00:00,Australia,Queensland,AU-QLD,594.11,654.0,18.55,18.55,opennem.org.au,false,
2023-09-15 08:00:00,Australia,Queensland,AU-QLD,636.33,697.1,12.28,12.28,opennem.org.au,false,
2023-09-15 09:00:00,Australia,Queensland,AU-QLD,634.13,695.46,12.01,12.01,opennem.org.au,false,
2023-09-15 10:00:00,Australia,Queensland,AU-QLD,636.07,697.84,11.57,11.57,opennem.org.au,false,
2023-09-15 11:00:00,Australia,Queensland,AU-QLD,644.1,705.69,10.81,10.81,opennem.org.au,false,
2023-09-15 12:00:00,Australia,Queensland,AU-QLD,639.6,701.4,11.14,11.14,opennem.org.au,false,
2023-09-15 13:00:00,Australia,Queensland,AU-QLD,636.07,698.26,11.29,11.29,opennem.org.au,false,
2023-09-15 14:00:00,Australia,Queensland,AU-QLD,642.5,701.58,12.68,12.68,opennem.org.au,false,
2023-09-15 15:00:00,Australia,Queensland,AU-QLD,654.24,711.44,12.86,12.86,opennem.org.au,false,
2023-09-15 16:00:00,Australia,Queensland,AU-QLD,645.13,701.76,14.0,14.0,opennem.org.au,false,
2023-09-15 17:00:00,Australia,Queensland,AU-QLD,641.77,698.15,14.48,14.48,opennem.org.au,false,
2023-09-15 18:00:00,Australia,Queensland,AU-QLD,657.98,715.33,12.32,12.32,opennem.org.au,false,
2023-09-15 19:00:00,Australia,Queensland,AU-QLD,662.29,719.98,11.71,11.71,opennem.org.au,false,
2023-09-15 20:00:00,Australia,Queensland,AU-QLD,613.02,669.5,18.25,18.25,opennem.org.au,false,
2023-09-15 21:00:00,Australia,Queensland,AU-QLD,494.21,549.23,33.95,33.95,opennem.org.au,false,
2023-09-15 22:00:00,Australia,Queensland,AU-QLD,411.73,464.94,44.97,44.97,opennem.org.au,false,
2023-09-15 23:00:00,Australia,Queensland,AU-QLD,377.75,430.39,49.48,49.48,opennem.org.au,false,
2023-09-16 00:00:00,Australia,Queensland,AU-QLD,363.51,416.14,51.33,51.33,opennem.org.au,false,
2023-09-16 01:00:00,Australia,Queensland,AU-QLD,348.6,401.27,53.3,53.3,opennem.org.au,false,
2023-09-16 02:00:00,Australia,Queensland,AU-QLD,350.15,402.76,53.07,53.07,opennem.org.au,false,
2023-09-16 03:00:00,Australia,Queensland,AU-QLD,343.96,396.57,53.72,53.72,opennem.org.au,false,
2023-09-16 04:00:00,Australia,Queensland,AU-QLD,342.38,395.62,53.54,53.54,opennem.org.au,false,
2023-09-16 05:00:00,Australia,Queensland,AU-QLD,344.51,399.2,52.39,52.39,opennem.org.au,false,
2023-09-16 06:00:00,Australia,Queensland,AU-QLD,420.97,478.15,41.72,41.72,opennem.org.au,false,
2023-09-16 07:00:00,Australia,Queensland,AU-QLD,589.26,649.92,18.62,18.62,opennem.org.au,false,
2023-09-16 08:00:00,Australia,Queensland,AU-QLD,639.33,701.71,10.92,10.92,opennem.org.au,false,
2023-09-16 09:00:00,Australia,Queensland,AU-QLD,641.19,704.8,10.08,10.08,opennem.org.au,false,
2023-09-16 10:00:00,Australia,Queensland,AU-QLD,638.89,702.47,10.4,10.4,opennem.org.au,false,
2023-09-16 11:00:00,Australia,Queensland,AU-QLD,643.2,706.51,10.04,10.04,opennem.org.au,false,
2023-09-16 12:00:00,Australia,Queensland,AU-QLD,634.9,697.0,11.64,11.64,opennem.org.au,false,
2023-09-16 13:00:00,Australia,Queensland,AU-QLD,633.2,693.86,12.67,12.67,opennem.org.au,false,
2023-09-16 14:00:00,Australia,Queensland,AU-QLD,641.38,698.86,13.9,13.9,opennem.org.au,false,
2023-09-16 15:00:00,Australia,Queensland,AU-QLD,638.59,695.11,14.82,14.82,opennem.org.au,false,
2023-09-16 16:00:00,Australia,Queensland,AU-QLD,638.12,694.67,14.87,14.87,opennem.org.au,false,
2023-09-16 17:00:00,Australia,Queensland,AU-QLD,636.62,693.15,15.07,15.07,opennem.org.au,false,
2023-09-16 18:00:00,Australia,Queensland,AU-QLD,646.25,703.27,13.8,13.8,opennem.org.au,false,
2023-09-16 19:00:00,Australia,Queensland,AU-QLD,650.62,707.96,13.23,13.23,opennem.org.au,false,
2023-09-16 20:00:00,Australia,Queensland,AU-QLD,601.0,656.96,19.81,19.81,opennem.org.au,false,
2023-09-16 21:00:00,Australia,Queensland,AU-QLD,457.37,511.88,38.83,38.83,opennem.org.au,false,
2023-09-16 22:00:00,Australia,Queensland,AU-QLD,380.12,433.57,49.13,49.13,opennem.org.au,false,
2023-09-16 23:00:00,Australia,Queensland,AU-QLD,362.25,415.32,51.49,51.49,opennem.org.au,false,
2023-09-17 00:00:00,Australia,Queensland,AU-QLD,335.65,388.32,55.01,55.01,opennem.org.au,false,
2023-09-17 01:00:00,Australia,Queensland,AU-QLD,326.36,378.69,56.25,56.25,opennem.org.au,false,
2023-09-17 02:00:00,Australia,Queensland,AU-QLD,321.19,373.51,56.94,56.94,opennem.org.au,false,
2023-09-17 03:00:00,Australia,Queensland,AU-QLD,315.93,368.01,57.66,57.66,opennem.org.au,false,
2023-09-17 04:00:00,Australia,Queensland,AU-QLD,323.44,375.49,56.64,56.64,opennem.org.au,false,
2023-09-17 05:00:00,Australia,Queensland,AU-QLD,338.1,391.37,54.06,54.06,opennem.org.au,false,
2023-09-17 06:00:00,Australia,Queensland,AU-QLD,427.7,485.37,40.31,40.31,opennem.org.au,false,
2023-09-17 07:00:00,Australia,Queensland,AU-QLD,592.29,655.2,16.82,16.82,opennem.org.au,false,
2023-09-17 08:00:00,Australia,Queensland,AU-QLD,642.43,706.33,9.61,9.61,opennem.org.au,false,
2023-09-17 09:00:00,Australia,Queensland,AU-QLD,654.53,720.52,7.13,7.13,opennem.org.au,false,
2023-09-17 10:00:00,Australia,Queensland,AU-QLD,660.92,725.54,7.34,7.34,opennem.org.au,false,
2023-09-17 11:00:00,Australia,Queensland,AU-QLD,653.22,715.77,9.3,9.3,opennem.org.au,false,
2023-09-17 12:00:00,Australia,Queensland,AU-QLD,626.88,686.43,13.8,13.8,opennem.org.au,false,
2023-09-17 13:00:00,Australia,Queensland,AU-QLD,631.68,690.39,13.99,13.99,opennem.org.au,false,
2023-09-17 14:00:00,Australia,Queensland,AU-QLD,641.51,698.0,14.47,14.47,opennem.org.au,false,
2023-09-17 15:00:00,Australia,Queensland,AU-QLD,631.07,686.79,15.87,15.87,opennem.org.au,false,
2023-09-17 16:00:00,Australia,Queensland,AU-QLD,634.86,691.06,15.33,15.33,opennem.org.au,false,
2023-09-17 17:00:00,Australia,Queensland,AU-QLD,639.73,696.25,14.67,14.67,opennem.org.au,false,
2023-09-17 18:00:00,Australia,Queensland,AU-QLD,642.62,699.32,14.29,14.29,opennem.org.au,false,
2023-09-17 19:00:00,Australia,Queensland,AU-QLD,655.79,713.16,12.61,12.61,opennem.org.au,false,
2023-09-17 20:00:00,Australia,Queensland,AU-QLD,617.24,673.86,17.76,17.76,opennem.org.au,false,
2023-09-17 21:00:00,Australia,Queensland,AU-QLD,455.92,510.11,39.12,39.12,opennem.org.au,false,
2023-09-17 22:00:00,Australia,Queensland,AU-QLD,380.28,433.3,49.18,49.18,opennem.org.au,false,
2023-09-17 23:00:00,Australia,Queensland,AU-QLD,350.17,402.86,53.16,53.16,opennem.org.au,false,
2023-09-18 00:00:00,Australia,Queensland,AU-QLD,316.67,368.81,57.6,57.6,opennem.org.au,false,
2023-09-18 01:00:00,Australia,Queensland,AU-QLD,301.62,353.47,59.61,59.61,opennem.org.au,false,
2023-09-18 02:00:00,Australia,Queensland,AU-QLD,304.1,355.86,59.39,59.39,opennem.org.au,false,
2023-09-18 03:00:00,Australia,Queensland,AU-QLD,308.19,359.68,58.92,58.92,opennem.org.au,false,
2023-09-18 04:00:00,Australia,Queensland,AU-QLD,324.35,376.59,56.63,56.63,opennem.org.au,false,
2023-09-18 05:00:00,Australia,Queensland,AU-QLD,353.22,406.54,52.3,52.3,opennem.org.au,false,
2023-09-18 06:00:00,Australia,Queensland,AU-QLD,438.03,494.9,39.67,39.67,opennem.org.au,false,
2023-09-18 07:00:00,Australia,Queensland,AU-QLD,561.53,624.24,19.76,19.76,opennem.org.au,false,
2023-09-18 08:00:00,Australia,Queensland,AU-QLD,600.54,667.06,12.23,12.23,opennem.org.au,false,
2023-09-18 09:00:00,Australia,Queensland,AU-QLD,612.26,680.65,9.71,9.71,opennem.org.au,false,
2023-09-18 10:00:00,Australia,Queensland,AU-QLD,632.11,698.48,8.88,8.88,opennem.org.au,false,
2023-09-18 11:00:00,Australia,Queensland,AU-QLD,642.08,707.38,8.61,8.61,opennem.org.au,false,
2023-09-18 12:00:00,Australia,Queensland,AU-QLD,629.04,692.48,11.1,11.1,opennem.org.au,false,
2023-09-18 13:00:00,Australia,Queensland,AU-QLD,629.77,689.8,13.21,13.21,opennem.org.au,false,
2023-09-18 14:00:00,Australia,Queensland,AU-QLD,634.73,691.85,14.58,14.58,opennem.org.au,false,
2023-09-18 15:00:00,Australia,Queensland,AU-QLD,633.51,689.03,15.63,15.63,opennem.org.au,false,
2023-09-18 16:00:00,Australia,Queensland,AU-QLD,624.56,679.88,16.74,16.74,opennem.org.au,false,
2023-09-18 17:00:00,Australia,Queensland,AU-QLD,614.87,669.62,18.02,18.02,opennem.org.au,false,
2023-09-18 18:00:00,Australia,Queensland,AU-QLD,612.58,667.29,18.29,18.29,opennem.org.au,false,
2023-09-18 19:00:00,Australia,Queensland,AU-QLD,618.38,673.22,17.57,17.57,opennem.org.au,false,
2023-09-18 20:00:00,Australia,Queensland,AU-QLD,591.88,646.75,21.17,21.17,opennem.org.au,false,
2023-09-18 21:00:00,Australia,Queensland,AU-QLD,451.71,504.58,39.68,39.68,opennem.org.au,false,
2023-09-18 22:00:00,Australia,Queensland,AU-QLD,361.39,412.84,51.71,51.71,opennem.org.au,false,
2023-09-18 23:00:00,Australia,Queensland,AU-QLD,326.84,378.34,56.29,56.29,opennem.org.au,false,
2023-09-19 00:00:00,Australia,Queensland,AU-QLD,303.89,355.07,59.3,59.3,opennem.org.au,false,
2023-09-19 01:00:00,Australia,Queensland,AU-QLD,308.16,359.78,58.73,58.73,opennem.org.au,false,
2023-09-19 02:00:00,Australia,Queensland,AU-QLD,292.75,344.59,60.79,60.79,opennem.org.au,false,
2023-09-19 03:00:00,Australia,Queensland,AU-QLD,296.77,348.22,60.44,60.44,opennem.org.au,false,
2023-09-19 04:00:00,Australia,Queensland,AU-QLD,302.3,354.22,59.28,59.28,opennem.org.au,false,
2023-09-19 05:00:00,Australia,Queensland,AU-QLD,341.01,395.54,52.89,52.89,opennem.org.au,false,
2023-09-19 06:00:00,Australia,Queensland,AU-QLD,444.34,502.98,37.65,37.65,opennem.org.au,false,
2023-09-19 07:00:00,Australia,Queensland,AU-QLD,580.37,646.0,15.89,15.89,opennem.org.au,false,
2023-09-19 08:00:00,Australia,Queensland,AU-QLD,624.19,692.45,8.34,8.34,opennem.org.au,false,
2023-09-19 09:00:00,Australia,Queensland,AU-QLD,629.29,695.79,8.84,8.84,opennem.org.au,false,
2023-09-19 10:00:00,Australia,Queensland,AU-QLD,630.21,695.94,9.19,9.19,opennem.org.au,false,
2023-09-19 11:00:00,Australia,Queensland,AU-QLD,626.74,690.54,10.81,10.81,opennem.org.au,false,
2023-09-19 12:00:00,Australia,Queensland,AU-QLD,616.27,677.63,13.59,13.59,opennem.org.au,false,
2023-09-19 13:00:00,Australia,Queensland,AU-QLD,617.87,677.27,14.75,14.75,opennem.org.au,false,
2023-09-19 14:00:00,Australia,Queensland,AU-QLD,632.24,689.15,15.04,15.04,opennem.org.au,false,
2023-09-19 15:00:00,Australia,Queensland,AU-QLD,633.51,689.48,15.58,15.58,opennem.org.au,false,
2023-09-19 16:00:00,Australia,Queensland,AU-QLD,630.34,686.4,15.91,15.91,opennem.org.au,false,
2023-09-19 17:00:00,Australia,Queensland,AU-QLD,627.96,683.68,16.34,16.34,opennem.org.au,false,
2023-09-19 18:00:00,Australia,Queensland,AU-QLD,633.67,689.65,15.5,15.5,opennem.org.au,false,
2023-09-19 19:00:00,Australia,Queensland,AU-QLD,645.87,702.15,13.95,13.95,opennem.org.au,false,
2023-09-19 20:00:00,Australia,Queensland,AU-QLD,611.57,667.35,18.52,18.52,opennem.org.au,false,
2023-09-19 21:00:00,Australia,Queensland,AU-QLD,452.28,506.66,39.53,39.53,opennem.org.au,false,
2023-09-19 22:00:00,Australia,Queensland,AU-QLD,352.06,404.46,52.88,52.88,opennem.org.au,false,
2023-09-19 23:00:00,Australia,Queensland,AU-QLD,296.38,347.95,60.24,60.24,opennem.org.au,false,
2023-09-20 00:00:00,Australia,Queensland,AU-QLD,283.41,335.32,61.96,61.96,opennem.org.au,false,
2023-09-20 01:00:00,Australia,Queensland,AU-QLD,262.12,313.49,64.82,64.82,opennem.org.au,false,
2023-09-20 02:00:00,Australia,Queensland,AU-QLD,256.05,307.33,65.64,65.64,opennem.org.au,false,
2023-09-20 03:00:00,Australia,Queensland,AU-QLD,260.72,311.93,65.02,65.02,opennem.org.au,false,
2023-09-20 04:00:00,Australia,Queensland,AU-QLD,293.13,345.41,60.48,60.48,opennem.org.au,false,
2023-09-20 05:00:00,Australia,Queensland,AU-QLD,334.84,389.17,53.97,53.97,opennem.org.au,false,
2023-09-20 06:00:00,Australia,Queensland,AU-QLD,430.68,489.5,39.25,39.25,opennem.org.au,false,
2023-09-20 07:00:00,Australia,Queensland,AU-QLD,577.1,642.53,16.43,16.43,opennem.org.au,false,
2023-09-20 08:00:00,Australia,Queensland,AU-QLD,634.55,702.51,7.59,7.59,opennem.org.au,false,
2023-09-20 09:00:00,Australia,Queensland,AU-QLD,643.47,711.85,6.48,6.48,opennem.org.au,false,
2023-09-20 10:00:00,Australia,Queensland,AU-QLD,652.28,720.92,5.56,5.56,opennem.org.au,false,
2023-09-20 11:00:00,Australia,Queensland,AU-QLD,657.24,721.31,7.99,7.99,opennem.org.au,false,
2023-09-20 12:00:00,Australia,Queensland,AU-QLD,638.14,698.83,12.06,12.06,opennem.org.au,false,
2023-09-20 13:00:00,Australia,Queensland,AU-QLD,635.45,694.94,13.18,13.18,opennem.org.au,false,
2023-09-20 14:00:00,Australia,Queensland,AU-QLD,638.96,696.43,14.12,14.12,opennem.org.au,false,
2023-09-20 15:00:00,Australia,Queensland,AU-QLD,642.28,698.81,14.43,14.43,opennem.org.au,false,
2023-09-20 16:00:00,Australia,Queensland,AU-QLD,645.27,702.02,14.01,14.01,opennem.org.au,false,
2023-09-20 17:00:00,Australia,Queensland,AU-QLD,642.83,699.11,14.38,14.38,opennem.org.au,false,
2023-09-20 18:00:00,Australia,Queensland,AU-QLD,644.73,701.29,14.04,14.04,opennem.org.au,false,
2023-09-20 19:00:00,Australia,Queensland,AU-QLD,656.96,714.26,12.49,12.49,opennem.org.au,false,
2023-09-20 20:00:00,Australia,Queensland,AU-QLD,626.83,684.05,16.55,16.55,opennem.org.au,false,
2023-09-20 21:00:00,Australia,Queensland,AU-QLD,437.15,491.5,41.65,41.65,opennem.org.au,false,
2023-09-20 22:00:00,Australia,Queensland,AU-QLD,348.0,400.88,53.44,53.44,opennem.org.au,false,
2023-09-20 23:00:00,Australia,Queensland,AU-QLD,313.27,365.8,58.03,58.03,opennem.org.au,false,
2023-09-21 00:00:00,Australia,Queensland,AU-QLD,295.11,347.38,60.44,60.44,opennem.org.au,false,
2023-09-21 01:00:00,Australia,Queensland,AU-QLD,279.85,331.58,62.48,62.48,opennem.org.au,false,
2023-09-21 02:00:00,Australia,Queensland,AU-QLD,271.53,322.77,63.58,63.58,opennem.org.au,false,
2023-09-21 03:00:00,Australia,Queensland,AU-QLD,277.1,328.1,62.8,62.8,opennem.org.au,false,
2023-09-21 04:00:00,Australia,Queensland,AU-QLD,290.28,342.31,60.36,60.36,opennem.org.au,false,
2023-09-21 05:00:00,Australia,Queensland,AU-QLD,342.28,396.22,52.58,52.58,opennem.org.au,false,
2023-09-21 06:00:00,Australia,Queensland,AU-QLD,442.88,500.15,38.29,38.29,opennem.org.au,false,
2023-09-21 07:00:00,Australia,Queensland,AU-QLD,570.79,635.25,17.29,17.29,opennem.org.au,false,
2023-09-21 08:00:00,Australia,Queensland,AU-QLD,584.33,652.16,12.53,12.53,opennem.org.au,false,
2023-09-21 09:00:00,Australia,Queensland,AU-QLD,580.14,647.04,13.55,13.55,opennem.org.au,false,
2023-09-21 10:00:00,Australia,Queensland,AU-QLD,588.88,654.82,13.35,13.35,opennem.org.au,false,
2023-09-21 11:00:00,Australia,Queensland,AU-QLD,595.02,656.6,15.49,15.49,opennem.org.au,false,
2023-09-21 12:00:00,Australia,Queensland,AU-QLD,605.68,666.48,14.91,14.91,opennem.org.au,false,
2023-09-21 13:00:00,Australia,Queensland,AU-QLD,609.55,670.99,14.05,14.05,opennem.org.au,false,
2023-09-21 14:00:00,Australia,Queensland,AU-QLD,636.01,699.51,10.29,10.29,opennem.org.au,false,
2023-09-21 15:00:00,Australia,Queensland,AU-QLD,637.17,700.74,10.26,10.26,opennem.org.au,false,
2023-09-21 16:00:00,Australia,Queensland,AU-QLD,617.98,679.32,13.41,13.41,opennem.org.au,false,
2023-09-21 17:00:00,Australia,Queensland,AU-QLD,625.71,684.8,14.11,14.11,opennem.org.au,false,
2023-09-21 18:00:00,Australia,Queensland,AU-QLD,631.21,689.4,14.09,14.09,opennem.org.au,false,
2023-09-21 19:00:00,Australia,Queensland,AU-QLD,628.27,687.27,13.82,13.82,opennem.org.au,false,
2023-09-21 20:00:00,Australia,Queensland,AU-QLD,598.5,656.57,18.3,18.3,opennem.org.au,false,
2023-09-21 21:00:00,Australia,Queensland,AU-QLD,457.87,511.32,38.7,38.7,opennem.org.au,false,
2023-09-21 22:00:00,Australia,Queensland,AU-QLD,366.67,418.27,50.97,50.97,opennem.org.au,false,
2023-09-21 23:00:00,Australia,Queensland,AU-QLD,327.21,378.05,56.19,56.19,opennem.org.au,false,
2023-09-22 00:00:00,Australia,Queensland,AU-QLD,312.41,363.14,58.18,58.18,opennem.org.au,false,
2023-09-22 01:00:00,Australia,Queensland,AU-QLD,304.76,355.46,59.21,59.21,opennem.org.au,false,
2023-09-22 02:00:00,Australia,Queensland,AU-QLD,310.94,362.0,58.38,58.38,opennem.org.au,false,
2023-09-22 03:00:00,Australia,Queensland,AU-QLD,312.71,363.9,58.15,58.15,opennem.org.au,false,
2023-09-22 04:00:00,Australia,Queensland,AU-QLD,332.56,384.07,55.31,55.31,opennem.org.au,false,
2023-09-22 05:00:00,Australia,Queensland,AU-QLD,366.4,420.25,49.65,49.65,opennem.org.au,false,
2023-09-22 06:00:00,Australia,Queensland,AU-QLD,435.84,494.09,38.31,38.31,opennem.org.au,false,
2023-09-22 07:00:00,Australia,Queensland,AU-QLD,548.4,611.68,20.35,20.35,opennem.org.au,false,
2023-09-22 08:00:00,Australia,Queensland,AU-QLD,584.22,649.61,13.99,13.99,opennem.org.au,false,
2023-09-22 09:00:00,Australia,Queensland,AU-QLD,589.88,653.87,14.32,14.32,opennem.org.au,false,
2023-09-22 10:00:00,Australia,Queensland,AU-QLD,602.31,664.28,14.39,14.39,opennem.org.au,false,
2023-09-22 11:00:00,Australia,Queensland,AU-QLD,618.85,679.96,13.29,13.29,opennem.org.au,false,
2023-09-22 12:00:00,Australia,Queensland,AU-QLD,612.38,670.54,15.88,15.88,opennem.org.au,false,
2023-09-22 13:00:00,Australia,Queensland,AU-QLD,611.3,665.55,18.53,18.53,opennem.org.au,false,
2023-09-22 14:00:00,Australia,Queensland,AU-QLD,610.93,664.88,18.68,18.68,opennem.org.au,false,
2023-09-22 15:00:00,Australia,Queensland,AU-QLD,600.0,653.43,20.08,20.08,opennem.org.au,false,
2023-09-22 16:00:00,Australia,Queensland,AU-QLD,596.92,650.5,20.33,20.33,opennem.org.au,false,
2023-09-22 17:00:00,Australia,Queensland,AU-QLD,601.98,655.82,19.7,19.7,opennem.org.au,false,
2023-09-22 18:00:00,Australia,Queensland,AU-QLD,601.74,655.61,19.72,19.72,opennem.org.au,false,
2023-09-22 19:00:00,Australia,Queensland,AU-QLD,604.83,658.81,19.31,19.31,opennem.org.au,false,
2023-09-22 20:00:00,Australia,Queensland,AU-QLD,563.46,616.92,24.83,24.83,opennem.org.au,false,
2023-09-22 21:00:00,Australia,Queensland,AU-QLD,426.01,477.92,43.04,43.04,opennem.org.au,false,
2023-09-22 22:00:00,Australia,Queensland,AU-QLD,356.24,406.96,52.32,52.32,opennem.org.au,false,
2023-09-22 23:00:00,Australia,Queensland,AU-QLD,328.3,378.62,56.03,56.03,opennem.org.au,false,
2023-09-23 00:00:00,Australia,Queensland,AU-QLD,311.37,361.6,58.3,58.3,opennem.org.au,false,
2023-09-23 01:00:00,Australia,Queensland,AU-QLD,307.43,358.16,58.84,58.84,opennem.org.au,false,
2023-09-23 02:00:00,Australia,Queensland,AU-QLD,313.97,365.04,57.97,57.97,opennem.org.au,false,
2023-09-23 03:00:00,Australia,Queensland,AU-QLD,320.15,371.75,57.15,57.15,opennem.org.au,false,
2023-09-23 04:00:00,Australia,Queensland,AU-QLD,339.7,391.79,54.38,54.38,opennem.org.au,false,
2023-09-23 05:00:00,Australia,Queensland,AU-QLD,380.38,433.92,48.46,48.46,opennem.org.au,false,
2023-09-23 06:00:00,Australia,Queensland,AU-QLD,434.2,489.51,40.65,40.65,opennem.org.au,false,
2023-09-23 07:00:00,Australia,Queensland,AU-QLD,584.27,642.62,20.0,20.0,opennem.org.au,false,
2023-09-23 08:00:00,Australia,Queensland,AU-QLD,627.07,688.69,12.1,12.1,opennem.org.au,false,
2023-09-23 09:00:00,Australia,Queensland,AU-QLD,626.31,689.1,11.47,11.47,opennem.org.au,false,
2023-09-23 10:00:00,Australia,Queensland,AU-QLD,623.29,685.59,12.16,12.16,opennem.org.au,false,
2023-09-23 11:00:00,Australia,Queensland,AU-QLD,637.37,699.19,10.98,10.98,opennem.org.au,false,
2023-09-23 12:00:00,Australia,Queensland,AU-QLD,639.92,697.47,13.68,13.68,opennem.org.au,false,
2023-09-23 13:00:00,Australia,Queensland,AU-QLD,644.55,700.75,14.27,14.27,opennem.org.au,false,
2023-09-23 14:00:00,Australia,Queensland,AU-QLD,639.39,695.1,15.01,15.01,opennem.org.au,false,
2023-09-23 15:00:00,Australia,Queensland,AU-QLD,627.34,682.64,16.47,16.47,opennem.org.au,false,
2023-09-23 16:00:00,Australia,Queensland,AU-QLD,622.64,677.44,17.18,17.18,opennem.org.au,false,
2023-09-23 17:00:00,Australia,Queensland,AU-QLD,622.55,677.78,17.07,17.07,opennem.org.au,false,
2023-09-23 18:00:00,Australia,Queensland,AU-QLD,619.14,674.29,17.45,17.45,opennem.org.au,false,
2023-09-23 19:00:00,Australia,Queensland,AU-QLD,615.55,670.39,17.93,17.93,opennem.org.au,false,
2023-09-23 20:00:00,Australia,Queensland,AU-QLD,580.35,635.0,22.59,22.59,opennem.org.au,false,
2023-09-23 21:00:00,Australia,Queensland,AU-QLD,474.55,527.7,36.59,36.59,opennem.org.au,false,
2023-09-23 22:00:00,Australia,Queensland,AU-QLD,391.04,442.18,47.72,47.72,opennem.org.au,false,
2023-09-23 23:00:00,Australia,Queensland,AU-QLD,362.02,413.13,51.56,51.56,opennem.org.au,false,
2023-09-24 00:00:00,Australia,Queensland,AU-QLD,340.44,391.91,54.43,54.43,opennem.org.au,false,
2023-09-24 01:00:00,Australia,Queensland,AU-QLD,338.44,390.04,54.7,54.7,opennem.org.au,false,
2023-09-24 02:00:00,Australia,Queensland,AU-QLD,357.09,409.67,52.22,52.22,opennem.org.au,false,
2023-09-24 03:00:00,Australia,Queensland,AU-QLD,361.85,414.33,51.57,51.57,opennem.org.au,false,
2023-09-24 04:00:00,Australia,Queensland,AU-QLD,369.71,422.57,50.53,50.53,opennem.org.au,false,
2023-09-24 05:00:00,Australia,Queensland,AU-QLD,373.8,427.32,49.5,49.5,opennem.org.au,false,
2023-09-24 06:00:00,Australia,Queensland,AU-QLD,426.25,482.45,41.27,41.27,opennem.org.au,false,
2023-09-24 07:00:00,Australia,Queensland,AU-QLD,583.39,643.86,19.26,19.26,opennem.org.au,false,
2023-09-24 08:00:00,Australia,Queensland,AU-QLD,642.16,704.43,10.55,10.55,opennem.org.au,false,
2023-09-24 09:00:00,Australia,Queensland,AU-QLD,629.24,691.55,11.73,11.73,opennem.org.au,false,
2023-09-24 10:00:00,Australia,Queensland,AU-QLD,634.64,696.35,11.49,11.49,opennem.org.au,false,
2023-09-24 11:00:00,Australia,Queensland,AU-QLD,625.94,686.82,12.82,12.82,opennem.org.au,false,
2023-09-24 12:00:00,Australia,Queensland,AU-QLD,616.24,674.21,15.72,15.72,opennem.org.au,false,
2023-09-24 13:00:00,Australia,Queensland,AU-QLD,629.76,685.11,16.11,16.11,opennem.org.au,false,
2023-09-24 14:00:00,Australia,Queensland,AU-QLD,630.53,685.93,16.06,16.06,opennem.org.au,false,
2023-09-24 15:00:00,Australia,Queensland,AU-QLD,628.33,683.7,16.3,16.3,opennem.org.au,false,
2023-09-24 16:00:00,Australia,Queensland,AU-QLD,633.35,688.94,15.73,15.73,opennem.org.au,false,
2023-09-24 17:00:00,Australia,Queensland,AU-QLD,635.56,691.58,15.34,15.34,opennem.org.au,false,
2023-09-24 18:00:00,Australia,Queensland,AU-QLD,635.3,691.2,15.39,15.39,opennem.org.au,false,
2023-09-24 19:00:00,Australia,Queensland,AU-QLD,644.01,700.28,14.3,14.3,opennem.org.au,false,
2023-09-24 20:00:00,Australia,Queensland,AU-QLD,605.6,661.58,19.42,19.42,opennem.org.au,false,
2023-09-24 21:00:00,Australia,Queensland,AU-QLD,444.41,498.03,40.65,40.65,opennem.org.au,false,
2023-09-24 22:00:00,Australia,Queensland,AU-QLD,377.14,429.15,49.59,49.59,opennem.org.au,false,
2023-09-24 23:00:00,Australia,Queensland,AU-QLD,347.4,399.44,53.52,53.52,opennem.org.au,false,
2023-09-25 00:00:00,Australia,Queensland,AU-QLD,337.56,389.83,54.82,54.82,opennem.org.au,false,
2023-09-25 01:00:00,Australia,Queensland,AU-QLD,340.67,393.25,54.41,54.41,opennem.org.au,false,
2023-09-25 02:00:00,Australia,Queensland,AU-QLD,342.6,395.29,54.15,54.15,opennem.org.au,false,
2023-09-25 03:00:00,Australia,Queensland,AU-QLD,329.64,382.11,55.88,55.88,opennem.org.au,false,
2023-09-25 04:00:00,Australia,Queensland,AU-QLD,336.01,388.7,54.97,54.97,opennem.org.au,false,
2023-09-25 05:00:00,Australia,Queensland,AU-QLD,364.86,419.05,50.41,50.41,opennem.org.au,false,
2023-09-25 06:00:00,Australia,Queensland,AU-QLD,418.37,475.34,42.13,42.13,opennem.org.au,false,
2023-09-25 07:00:00,Australia,Queensland,AU-QLD,573.52,635.28,19.68,19.68,opennem.org.au,false,
2023-09-25 08:00:00,Australia,Queensland,AU-QLD,626.29,688.82,12.09,12.09,opennem.org.au,false,
2023-09-25 09:00:00,Australia,Queensland,AU-QLD,625.25,687.44,12.23,12.23,opennem.org.au,false,
2023-09-25 10:00:00,Australia,Queensland,AU-QLD,627.84,689.75,12.26,12.26,opennem.org.au,false,
2023-09-25 11:00:00,Australia,Queensland,AU-QLD,641.46,704.64,10.2,10.2,opennem.org.au,false,
2023-09-25 12:00:00,Australia,Queensland,AU-QLD,639.16,701.73,10.32,10.32,opennem.org.au,false,
2023-09-25 13:00:00,Australia,Queensland,AU-QLD,632.74,694.74,11.06,11.06,opennem.org.au,false,
2023-09-25 14:00:00,Australia,Queensland,AU-QLD,626.31,687.18,12.37,12.37,opennem.org.au,false,
2023-09-25 15:00:00,Australia,Queensland,AU-QLD,629.09,685.19,15.03,15.03,opennem.org.au,false,
2023-09-25 16:00:00,Australia,Queensland,AU-QLD,633.18,687.59,15.68,15.68,opennem.org.au,false,
2023-09-25 17:00:00,Australia,Queensland,AU-QLD,633.47,688.09,15.55,15.55,opennem.org.au,false,
2023-09-25 18:00:00,Australia,Queensland,AU-QLD,638.03,693.2,14.81,14.81,opennem.org.au,false,
2023-09-25 19:00:00,Australia,Queensland,AU-QLD,648.68,704.37,13.47,13.47,opennem.org.au,false,
2023-09-25 20:00:00,Australia,Queensland,AU-QLD,597.66,652.58,20.44,20.44,opennem.org.au,false,
2023-09-25 21:00:00,Australia,Queensland,AU-QLD,417.8,470.54,44.15,44.15,opennem.org.au,false,
2023-09-25 22:00:00,Australia,Queensland,AU-QLD,327.88,378.93,56.06,56.06,opennem.org.au,false,
2023-09-25 23:00:00,Australia,Queensland,AU-QLD,301.52,352.5,59.55,59.55,opennem.org.au,false,
2023-09-26 00:00:00,Australia,Queensland,AU-QLD,295.26,346.25,60.4,60.4,opennem.org.au,false,
2023-09-26 01:00:00,Australia,Queensland,AU-QLD,279.11,330.03,62.56,62.56,opennem.org.au,false,
2023-09-26 02:00:00,Australia,Queensland,AU-QLD,278.56,329.55,62.64,62.64,opennem.org.au,false,
2023-09-26 03:00:00,Australia,Queensland,AU-QLD,272.8,323.56,63.44,63.44,opennem.org.au,false,
2023-09-26 04:00:00,Australia,Queensland,AU-QLD,303.24,355.06,59.15,59.15,opennem.org.au,false,
2023-09-26 05:00:00,Australia,Queensland,AU-QLD,366.73,420.85,49.77,49.77,opennem.org.au,false,
2023-09-26 06:00:00,Australia,Queensland,AU-QLD,434.31,490.62,40.08,40.08,opennem.org.au,false,
2023-09-26 07:00:00,Australia,Queensland,AU-QLD,565.13,626.74,19.9,19.9,opennem.org.au,false,
2023-09-26 08:00:00,Australia,Queensland,AU-QLD,612.72,677.58,11.22,11.22,opennem.org.au,false,
2023-09-26 09:00:00,Australia,Queensland,AU-QLD,621.65,686.2,10.48,10.48,opennem.org.au,false,
2023-09-26 10:00:00,Australia,Queensland,AU-QLD,636.21,701.07,8.99,8.99,opennem.org.au,false,
2023-09-26 11:00:00,Australia,Queensland,AU-QLD,641.67,704.02,9.89,9.89,opennem.org.au,false,
2023-09-26 12:00:00,Australia,Queensland,AU-QLD,650.25,712.0,9.47,9.47,opennem.org.au,false,
2023-09-26 13:00:00,Australia,Queensland,AU-QLD,642.6,704.18,10.28,10.28,opennem.org.au,false,
2023-09-26 14:00:00,Australia,Queensland,AU-QLD,638.31,699.62,10.84,10.84,opennem.org.au,false,
2023-09-26 15:00:00,Australia,Queensland,AU-QLD,637.81,697.77,11.68,11.68,opennem.org.au,false,
2023-09-26 16:00:00,Australia,Queensland,AU-QLD,645.42,702.94,12.41,12.41,opennem.org.au,false,
2023-09-26 17:00:00,Australia,Queensland,AU-QLD,667.12,723.95,10.69,10.69,opennem.org.au,false,
2023-09-26 18:00:00,Australia,Queensland,AU-QLD,649.05,705.09,13.04,13.04,opennem.org.au,false,
2023-09-26 19:00:00,Australia,Queensland,AU-QLD,654.25,710.47,12.46,12.46,opennem.org.au,false,
2023-09-26 20:00:00,Australia,Queensland,AU-QLD,598.08,653.47,20.23,20.23,opennem.org.au,false,
2023-09-26 21:00:00,Australia,Queensland,AU-QLD,435.43,488.53,41.85,41.85,opennem.org.au,false,
2023-09-26 22:00:00,Australia,Queensland,AU-QLD,376.22,428.6,49.67,49.67,opennem.org.au,false,
2023-09-26 23:00:00,Australia,Queensland,AU-QLD,345.95,398.13,53.69,53.69,opennem.org.au,false,
2023-09-27 00:00:00,Australia,Queensland,AU-QLD,325.87,377.79,56.36,56.36,opennem.org.au,false,
2023-09-27 01:00:00,Australia,Queensland,AU-QLD,314.04,365.75,57.94,57.94,opennem.org.au,false,
2023-09-27 02:00:00,Australia,Queensland,AU-QLD,299.69,351.02,59.86,59.86,opennem.org.au,false,
2023-09-27 03:00:00,Australia,Queensland,AU-QLD,282.89,333.86,62.09,62.09,opennem.org.au,false,
2023-09-27 04:00:00,Australia,Queensland,AU-QLD,295.53,346.66,60.49,60.49,opennem.org.au,false,
2023-09-27 05:00:00,Australia,Queensland,AU-QLD,348.55,401.59,52.94,52.94,opennem.org.au,false,
2023-09-27 06:00:00,Australia,Queensland,AU-QLD,445.03,501.21,39.26,39.26,opennem.org.au,false,
2023-09-27 07:00:00,Australia,Queensland,AU-QLD,591.23,651.95,18.03,18.03,opennem.org.au,false,
2023-09-27 08:00:00,Australia,Queensland,AU-QLD,638.74,703.12,9.39,9.39,opennem.org.au,false,
2023-09-27 09:00:00,Australia,Queensland,AU-QLD,641.53,707.3,8.26,8.26,opennem.org.au,false,
2023-09-27 10:00:00,Australia,Queensland,AU-QLD,646.81,712.01,8.03,8.03,opennem.org.au,false,
2023-09-27 11:00:00,Australia,Queensland,AU-QLD,633.9,695.49,11.42,11.42,opennem.org.au,false,
2023-09-27 12:00:00,Australia,Queensland,AU-QLD,649.36,709.4,10.8,10.8,opennem.org.au,false,
2023-09-27 13:00:00,Australia,Queensland,AU-QLD,658.83,715.53,11.86,11.86,opennem.org.au,false,
2023-09-27 14:00:00,Australia,Queensland,AU-QLD,665.38,721.69,11.52,11.52,opennem.org.au,false,
2023-09-27 15:00:00,Australia,Queensland,AU-QLD,661.83,718.08,11.91,11.91,opennem.org.au,false,
2023-09-27 16:00:00,Australia,Queensland,AU-QLD,661.45,717.55,11.89,11.89,opennem.org.au,false,
2023-09-27 17:00:00,Australia,Queensland,AU-QLD,670.91,727.56,10.65,10.65,opennem.org.au,false,
2023-09-27 18:00:00,Australia,Queensland,AU-QLD,671.98,728.69,10.51,10.51,opennem.org.au,false,
2023-09-27 19:00:00,Australia,Queensland,AU-QLD,674.69,731.56,10.21,10.21,opennem.org.au,false,
2023-09-27 20:00:00,Australia,Queensland,AU-QLD,629.22,685.32,16.27,16.27,opennem.org.au,false,
2023-09-27 21:00:00,Australia,Queensland,AU-QLD,475.95,529.95,36.53,36.53,opennem.org.au,false,
2023-09-27 22:00:00,Australia,Queensland,AU-QLD,439.06,492.78,41.41,41.41,opennem.org.au,false,
2023-09-27 23:00:00,Australia,Queensland,AU-QLD,406.88,459.73,45.69,45.69,opennem.org.au,false,
2023-09-28 00:00:00,Australia,Queensland,AU-QLD,344.61,396.25,53.92,53.92,opennem.org.au,false,
2023-09-28 01:00:00,Australia,Queensland,AU-QLD,326.71,378.18,56.31,56.31,opennem.org.au,false,
2023-09-28 02:00:00,Australia,Queensland,AU-QLD,323.52,374.95,56.76,56.76,opennem.org.au,false,
2023-09-28 03:00:00,Australia,Queensland,AU-QLD,358.84,411.29,52.09,52.09,opennem.org.au,false,
2023-09-28 04:00:00,Australia,Queensland,AU-QLD,414.91,468.74,44.63,44.63,opennem.org.au,false,
2023-09-28 05:00:00,Australia,Queensland,AU-QLD,440.0,495.63,40.58,40.58,opennem.org.au,false,
2023-09-28 06:00:00,Australia,Queensland,AU-QLD,492.68,550.49,32.46,32.46,opennem.org.au,false,
2023-09-28 07:00:00,Australia,Queensland,AU-QLD,578.13,638.86,18.94,18.94,opennem.org.au,false,
2023-09-28 08:00:00,Australia,Queensland,AU-QLD,590.81,653.92,14.96,14.96,opennem.org.au,false,
2023-09-28 09:00:00,Australia,Queensland,AU-QLD,593.27,657.43,14.21,14.21,opennem.org.au,false,
2023-09-28 10:00:00,Australia,Queensland,AU-QLD,605.3,666.01,15.16,15.16,opennem.org.au,false,
2023-09-28 11:00:00,Australia,Queensland,AU-QLD,626.92,688.14,12.92,12.92,opennem.org.au,false,
2023-09-28 12:00:00,Australia,Queensland,AU-QLD,626.12,687.29,12.9,12.9,opennem.org.au,false,
2023-09-28 13:00:00,Australia,Queensland,AU-QLD,613.96,674.14,14.66,14.66,opennem.org.au,false,
2023-09-28 14:00:00,Australia,Queensland,AU-QLD,609.28,669.18,15.2,15.2,opennem.org.au,false,
2023-09-28 15:00:00,Australia,Queensland,AU-QLD,624.32,684.06,13.82,13.82,opennem.org.au,false,
2023-09-28 16:00:00,Australia,Queensland,AU-QLD,640.06,696.99,14.1,14.1,opennem.org.au,false,
2023-09-28 17:00:00,Australia,Queensland,AU-QLD,641.41,697.38,14.54,14.54,opennem.org.au,false,
2023-09-28 18:00:00,Australia,Queensland,AU-QLD,641.84,697.98,14.46,14.46,opennem.org.au,false,
2023-09-28 19:00:00,Australia,Queensland,AU-QLD,628.65,683.98,16.25,16.25,opennem.org.au,false,
2023-09-28 20:00:00,Australia,Queensland,AU-QLD,574.91,629.47,23.38,23.38,opennem.org.au,false,
2023-09-28 21:00:00,Australia,Queensland,AU-QLD,446.47,499.77,40.33,40.33,opennem.org.au,false,
2023-09-28 22:00:00,Australia,Queensland,AU-QLD,371.83,423.79,50.28,50.28,opennem.org.au,false,
2023-09-28 23:00:00,Australia,Queensland,AU-QLD,333.93,385.48,55.31,55.31,opennem.org.au,false,
2023-09-29 00:00:00,Australia,Queensland,AU-QLD,319.05,370.63,57.28,57.28,opennem.org.au,false,
2023-09-29 01:00:00,Australia,Queensland,AU-QLD,320.19,372.04,57.13,57.13,opennem.org.au,false,
2023-09-29 02:00:00,Australia,Queensland,AU-QLD,311.02,362.77,58.36,58.36,opennem.org.au,false,
2023-09-29 03:00:00,Australia,Queensland,AU-QLD,313.48,365.24,58.06,58.06,opennem.org.au,false,
2023-09-29 04:00:00,Australia,Queensland,AU-QLD,323.75,375.85,56.66,56.66,opennem.org.au,false,
2023-09-29 05:00:00,Australia,Queensland,AU-QLD,354.78,408.27,51.84,51.84,opennem.org.au,false,
2023-09-29 06:00:00,Australia,Queensland,AU-QLD,451.74,508.61,37.98,37.98,opennem.org.au,false,
2023-09-29 07:00:00,Australia,Queensland,AU-QLD,577.73,637.25,20.5,20.5,opennem.org.au,false,
2023-09-29 08:00:00,Australia,Queensland,AU-QLD,634.09,695.28,12.19,12.19,opennem.org.au,false,
2023-09-29 09:00:00,Australia,Queensland,AU-QLD,637.97,699.27,11.76,11.76,opennem.org.au,false,
2023-09-29 10:00:00,Australia,Queensland,AU-QLD,628.98,689.55,13.06,13.06,opennem.org.au,false,
2023-09-29 11:00:00,Australia,Queensland,AU-QLD,621.8,681.53,14.29,14.29,opennem.org.au,false,
2023-09-29 12:00:00,Australia,Queensland,AU-QLD,635.05,695.12,12.73,12.73,opennem.org.au,false,
2023-09-29 13:00:00,Australia,Queensland,AU-QLD,632.99,692.67,13.15,13.15,opennem.org.au,false,
2023-09-29 14:00:00,Australia,Queensland,AU-QLD,644.46,701.61,13.7,13.7,opennem.org.au,false,
2023-09-29 15:00:00,Australia,Queensland,AU-QLD,645.68,702.56,13.77,13.77,opennem.org.au,false,
2023-09-29 16:00:00,Australia,Queensland,AU-QLD,668.49,726.56,10.78,10.78,opennem.org.au,false,
2023-09-29 17:00:00,Australia,Queensland,AU-QLD,678.33,736.88,9.63,9.63,opennem.org.au,false,
2023-09-29 18:00:00,Australia,Queensland,AU-QLD,678.08,736.7,9.66,9.66,opennem.org.au,false,
2023-09-29 19:00:00,Australia,Queensland,AU-QLD,662.68,720.86,11.71,11.71,opennem.org.au,false,
2023-09-29 20:00:00,Australia,Queensland,AU-QLD,582.58,639.28,22.25,22.25,opennem.org.au,false,
2023-09-29 21:00:00,Australia,Queensland,AU-QLD,451.18,505.9,39.67,39.67,opennem.org.au,false,
2023-09-29 22:00:00,Australia,Queensland,AU-QLD,387.75,441.52,48.11,48.11,opennem.org.au,false,
2023-09-29 23:00:00,Australia,Queensland,AU-QLD,347.3,399.76,53.48,53.48,opennem.org.au,false,
2023-09-30 00:00:00,Australia,Queensland,AU-QLD,319.25,371.15,57.23,57.23,opennem.org.au,false,
2023-09-30 01:00:00,Australia,Queensland,AU-QLD,311.49,363.21,58.27,58.27,opennem.org.au,false,
2023-09-30 02:00:00,Australia,Queensland,AU-QLD,307.54,359.26,58.78,58.78,opennem.org.au,false,
2023-09-30 03:00:00,Australia,Queensland,AU-QLD,299.44,351.58,59.87,59.87,opennem.org.au,false,
2023-09-30 04:00:00,Australia,Queensland,AU-QLD,308.12,360.36,58.69,58.69,opennem.org.au,false,
2023-09-30 05:00:00,Australia,Queensland,AU-QLD,349.05,402.51,52.86,52.86,opennem.org.au,false,
2023-09-30 06:00:00,Australia,Queensland,AU-QLD,449.94,506.26,38.84,38.84,opennem.org.au,false,
2023-09-30 07:00:00,Australia,Queensland,AU-QLD,586.48,644.3,20.87,20.87,opennem.org.au,false,
2023-09-30 08:00:00,Australia,Queensland,AU-QLD,621.51,679.98,15.35,15.35,opennem.org.au,false,
2023-09-30 09:00:00,Australia,Queensland,AU-QLD,613.97,673.91,15.11,15.11,opennem.org.au,false,
2023-09-30 10:00:00,Australia,Queensland,AU-QLD,610.44,671.35,14.8,14.8,opennem.org.au,false,
2023-09-30 11:00:00,Australia,Queensland,AU-QLD,602.84,663.69,15.54,15.54,opennem.org.au,false,
2023-09-30 12:00:00,Australia,Queensland,AU-QLD,607.15,665.54,16.73,16.73,opennem.org.au,false,
2023-09-30 13:00:00,Australia,Queensland,AU-QLD,615.22,670.5,17.95,17.95,opennem.org.au,false,
2023-09-30 14:00:00,Australia,Queensland,AU-QLD,614.53,669.72,18.07,18.07,opennem.org.au,false,
2023-09-30 15:00:00,Australia,Queensland,AU-QLD,617.27,672.78,17.64,17.64,opennem.org.au,false,
2023-09-30 16:00:00,Australia,Queensland,AU-QLD,619.11,674.65,17.38,17.38,opennem.org.au,false,
2023-09-30 17:00:00,Australia,Queensland,AU-QLD,634.73,690.99,15.29,15.29,opennem.org.au,false,
2023-09-30 18:00:00,Australia,Queensland,AU-QLD,630.75,686.96,15.8,15.8,opennem.org.au,false,
2023-09-30 19:00:00,Australia,Queensland,AU-QLD,631.37,687.59,15.72,15.72,opennem.org.au,false,
2023-09-30 20:00:00,Australia,Queensland,AU-QLD,570.66,626.41,23.71,23.71,opennem.org.au,false,
2023-09-30 21:00:00,Australia,Queensland,AU-QLD,455.86,509.67,38.99,38.99,opennem.org.au,false,
2023-09-30 22:00:00,Australia,Queensland,AU-QLD,368.68,420.81,50.6,50.6,opennem.org.au,false,
2023-09-30 23:00:00,Australia,Queensland,AU-QLD,350.23,402.65,53.07,53.07,opennem.org.au,false,
2023-10-01 00:00:00,Australia,Queensland,AU-QLD,338.67,391.28,54.61,54.61,opennem.org.au,false,
2023-10-01 01:00:00,Australia,Queensland,AU-QLD,327.55,380.3,56.09,56.09,opennem.org.au,false,
2023-10-01 02:00:00,Australia,Queensland,AU-QLD,321.29,374.06,56.93,56.93,opennem.org.au,false,
2023-10-01 03:00:00,Australia,Queensland,AU-QLD,317.02,370.17,57.07,57.07,opennem.org.au,false,
2023-10-01 04:00:00,Australia,Queensland,AU-QLD,323.49,377.08,55.8,55.8,opennem.org.au,false,
2023-10-01 05:00:00,Australia,Queensland,AU-QLD,350.26,403.96,52.32,52.32,opennem.org.au,false,
2023-10-01 06:00:00,Australia,Queensland,AU-QLD,411.66,468.21,43.1,43.1,opennem.org.au,false,
2023-10-01 07:00:00,Australia,Queensland,AU-QLD,565.5,625.76,21.71,21.71,opennem.org.au,false,
2023-10-01 08:00:00,Australia,Queensland,AU-QLD,619.62,679.98,14.33,14.33,opennem.org.au,false,
2023-10-01 09:00:00,Australia,Queensland,AU-QLD,621.71,682.17,14.15,14.15,opennem.org.au,false,
2023-10-01 10:00:00,Australia,Queensland,AU-QLD,632.44,693.44,12.79,12.79,opennem.org.au,false,
2023-10-01 11:00:00,Australia,Queensland,AU-QLD,626.29,686.59,13.75,13.75,opennem.org.au,false,
2023-10-01 12:00:00,Australia,Queensland,AU-QLD,619.16,676.52,16.26,16.26,opennem.org.au,false,
2023-10-01 13:00:00,Australia,Queensland,AU-QLD,622.37,678.1,17.0,17.0,opennem.org.au,false,
2023-10-01 14:00:00,Australia,Queensland,AU-QLD,630.56,686.94,15.89,15.89,opennem.org.au,false,
2023-10-01 15:00:00,Australia,Queensland,AU-QLD,624.44,680.4,16.67,16.67,opennem.org.au,false,
2023-10-01 16:00:00,Australia,Queensland,AU-QLD,626.96,683.28,16.33,16.33,opennem.org.au,false,
2023-10-01 17:00:00,Australia,Queensland,AU-QLD,626.16,682.51,16.43,16.43,opennem.org.au,false,
2023-10-01 18:00:00,Australia,Queensland,AU-QLD,636.48,693.45,15.08,15.08,opennem.org.au,false,
2023-10-01 19:00:00,Australia,Queensland,AU-QLD,645.61,703.0,13.88,13.88,opennem.org.au,false,
2023-10-01 20:00:00,Australia,Queensland,AU-QLD,567.31,623.38,24.31,24.31,opennem.org.au,false,
2023-10-01 21:00:00,Australia,Queensland,AU-QLD,432.5,486.98,42.15,42.15,opennem.org.au,false,
2023-10-01 22:00:00,Australia,Queensland,AU-QLD,372.75,425.5,50.1,50.1,opennem.org.au,false,
2023-10-01 23:00:00,Australia,Queensland,AU-QLD,332.42,384.6,55.5,55.5,opennem.org.au,false,
2023-10-02 00:00:00,Australia,Queensland,AU-QLD,321.79,374.08,56.8,56.8,opennem.org.au,false,
2023-10-02 01:00:00,Australia,Queensland,AU-QLD,323.73,377.19,55.73,55.73,opennem.org.au,false,
2023-10-02 02:00:00,Australia,Queensland,AU-QLD,315.35,368.5,56.86,56.86,opennem.org.au,false,
2023-10-02 03:00:00,Australia,Queensland,AU-QLD,305.75,357.37,58.86,58.86,opennem.org.au,false,
2023-10-02 04:00:00,Australia,Queensland,AU-QLD,327.36,379.69,55.78,55.78,opennem.org.au,false,
2023-10-02 05:00:00,Australia,Queensland,AU-QLD,346.0,398.26,53.72,53.72,opennem.org.au,false,
2023-10-02 06:00:00,Australia,Queensland,AU-QLD,429.8,485.15,41.71,41.71,opennem.org.au,false,
2023-10-02 07:00:00,Australia,Queensland,AU-QLD,566.11,623.89,22.72,22.72,opennem.org.au,false,
2023-10-02 08:00:00,Australia,Queensland,AU-QLD,619.41,678.22,15.03,15.03,opennem.org.au,false,
2023-10-02 09:00:00,Australia,Queensland,AU-QLD,621.01,680.79,14.29,14.29,opennem.org.au,false,
2023-10-02 10:00:00,Australia,Queensland,AU-QLD,620.61,680.35,14.32,14.32,opennem.org.au,false,
2023-10-02 11:00:00,Australia,Queensland,AU-QLD,627.8,686.82,14.11,14.11,opennem.org.au,false,
2023-10-02 12:00:00,Australia,Queensland,AU-QLD,629.8,687.12,14.94,14.94,opennem.org.au,false,
2023-10-02 13:00:00,Australia,Queensland,AU-QLD,621.46,676.62,17.18,17.18,opennem.org.au,false,
2023-10-02 14:00:00,Australia,Queensland,AU-QLD,621.56,676.68,17.14,17.14,opennem.org.au,false,
2023-10-02 15:00:00,Australia,Queensland,AU-QLD,624.22,679.58,16.74,16.74,opennem.org.au,false,
2023-10-02 16:00:00,Australia,Queensland,AU-QLD,624.87,680.43,16.66,16.66,opennem.org.au,false,
2023-10-02 17:00:00,Australia,Queensland,AU-QLD,618.58,673.68,17.5,17.5,opennem.org.au,false,
2023-10-02 18:00:00,Australia,Queensland,AU-QLD,616.39,671.26,17.79,17.79,opennem.org.au,false,
2023-10-02 19:00:00,Australia,Queensland,AU-QLD,627.3,682.7,16.39,16.39,opennem.org.au,false,
2023-10-02 20:00:00,Australia,Queensland,AU-QLD,552.99,607.23,26.27,26.27,opennem.org.au,false,
2023-10-02 21:00:00,Australia,Queensland,AU-QLD,410.15,462.61,45.21,45.21,opennem.org.au,false,
2023-10-02 22:00:00,Australia,Queensland,AU-QLD,336.75,387.38,54.95,54.95,opennem.org.au,false,
2023-10-02 23:00:00,Australia,Queensland,AU-QLD,305.0,355.36,59.15,59.15,opennem.org.au,false,
2023-10-03 00:00:00,Australia,Queensland,AU-QLD,290.21,340.64,61.11,61.11,opennem.org.au,false,
2023-10-03 01:00:00,Australia,Queensland,AU-QLD,280.0,330.42,62.48,62.48,opennem.org.au,false,
2023-10-03 02:00:00,Australia,Queensland,AU-QLD,282.25,332.96,62.18,62.18,opennem.org.au,false,
2023-10-03 03:00:00,Australia,Queensland,AU-QLD,285.6,336.63,61.75,61.75,opennem.org.au,false,
2023-10-03 04:00:00,Australia,Queensland,AU-QLD,301.84,353.39,59.56,59.56,opennem.org.au,false,
2023-10-03 05:00:00,Australia,Queensland,AU-QLD,335.17,388.51,54.52,54.52,opennem.org.au,false,
2023-10-03 06:00:00,Australia,Queensland,AU-QLD,435.25,491.0,40.74,40.74,opennem.org.au,false,
2023-10-03 07:00:00,Australia,Queensland,AU-QLD,560.02,619.14,22.47,22.47,opennem.org.au,false,
2023-10-03 08:00:00,Australia,Queensland,AU-QLD,599.09,660.02,15.83,15.83,opennem.org.au,false,
2023-10-03 09:00:00,Australia,Queensland,AU-QLD,611.14,672.69,14.31,14.31,opennem.org.au,false,
2023-10-03 10:00:00,Australia,Queensland,AU-QLD,618.59,680.39,13.33,13.33,opennem.org.au,false,
2023-10-03 11:00:00,Australia,Queensland,AU-QLD,623.3,684.04,13.66,13.66,opennem.org.au,false,
2023-10-03 12:00:00,Australia,Queensland,AU-QLD,625.81,686.22,13.76,13.76,opennem.org.au,false,
2023-10-03 13:00:00,Australia,Queensland,AU-QLD,621.4,682.11,14.11,14.11,opennem.org.au,false,
2023-10-03 14:00:00,Australia,Queensland,AU-QLD,641.83,701.36,12.4,12.4,opennem.org.au,false,
2023-10-03 15:00:00,Australia,Queensland,AU-QLD,658.3,715.53,12.27,12.27,opennem.org.au,false,
2023-10-03 16:00:00,Australia,Queensland,AU-QLD,659.68,717.03,12.08,12.08,opennem.org.au,false,
2023-10-03 17:00:00,Australia,Queensland,AU-QLD,646.94,703.35,13.76,13.76,opennem.org.au,false,
2023-10-03 18:00:00,Australia,Queensland,AU-QLD,639.05,695.12,14.83,14.83,opennem.org.au,false,
2023-10-03 19:00:00,Australia,Queensland,AU-QLD,629.98,686.06,16.07,16.07,opennem.org.au,false,
2023-10-03 20:00:00,Australia,Queensland,AU-QLD,578.09,634.63,22.92,22.92,opennem.org.au,false,
2023-10-03 21:00:00,Australia,Queensland,AU-QLD,425.46,479.67,43.02,43.02,opennem.org.au,false,
2023-10-03 22:00:00,Australia,Queensland,AU-QLD,369.29,422.4,50.46,50.46,opennem.org.au,false,
2023-10-03 23:00:00,Australia,Queensland,AU-QLD,322.34,374.09,56.75,56.75,opennem.org.au,false,
2023-10-04 00:00:00,Australia,Queensland,AU-QLD,296.96,348.45,60.12,60.12,opennem.org.au,false,
2023-10-04 01:00:00,Australia,Queensland,AU-QLD,285.11,336.43,61.7,61.7,opennem.org.au,false,
2023-10-04 02:00:00,Australia,Queensland,AU-QLD,281.97,333.31,62.13,62.13,opennem.org.au,false,
2023-10-04 03:00:00,Australia,Queensland,AU-QLD,295.74,347.32,60.28,60.28,opennem.org.au,false,
2023-10-04 04:00:00,Australia,Queensland,AU-QLD,318.99,371.05,57.18,57.18,opennem.org.au,false,
2023-10-04 05:00:00,Australia,Queensland,AU-QLD,364.22,417.95,50.47,50.47,opennem.org.au,false,
2023-10-04 06:00:00,Australia,Queensland,AU-QLD,450.55,507.1,38.02,38.02,opennem.org.au,false,
2023-10-04 07:00:00,Australia,Queensland,AU-QLD,560.46,619.57,21.99,21.99,opennem.org.au,false,
2023-10-04 08:00:00,Australia,Queensland,AU-QLD,588.82,651.17,15.75,15.75,opennem.org.au,false,
2023-10-04 09:00:00,Australia,Queensland,AU-QLD,596.5,659.86,14.48,14.48,opennem.org.au,false,
2023-10-04 10:00:00,Australia,Queensland,AU-QLD,616.42,679.05,12.98,12.98,opennem.org.au,false,
2023-10-04 11:00:00,Australia,Queensland,AU-QLD,630.75,691.87,12.64,12.64,opennem.org.au,false,
2023-10-04 12:00:00,Australia,Queensland,AU-QLD,637.84,698.4,12.39,12.39,opennem.org.au,false,
2023-10-04 13:00:00,Australia,Queensland,AU-QLD,643.76,703.73,12.4,12.4,opennem.org.au,false,
2023-10-04 14:00:00,Australia,Queensland,AU-QLD,655.06,713.02,12.7,12.7,opennem.org.au,false,
2023-10-04 15:00:00,Australia,Queensland,AU-QLD,670.1,728.57,10.77,10.77,opennem.org.au,false,
2023-10-04 16:00:00,Australia,Queensland,AU-QLD,670.91,729.71,10.58,10.58,opennem.org.au,false,
2023-10-04 17:00:00,Australia,Queensland,AU-QLD,669.38,728.09,10.69,10.69,opennem.org.au,false,
2023-10-04 18:00:00,Australia,Queensland,AU-QLD,658.9,717.3,12.07,12.07,opennem.org.au,false,
2023-10-04 19:00:00,Australia,Queensland,AU-QLD,661.78,719.58,12.11,12.11,opennem.org.au,false,
2023-10-04 20:00:00,Australia,Queensland,AU-QLD,630.37,688.05,16.11,16.11,opennem.org.au,false,
2023-10-04 21:00:00,Australia,Queensland,AU-QLD,510.62,566.87,31.9,31.9,opennem.org.au,false,
2023-10-04 22:00:00,Australia,Queensland,AU-QLD,460.13,515.72,38.56,38.56,opennem.org.au,false,
2023-10-04 23:00:00,Australia,Queensland,AU-QLD,404.16,459.07,45.96,45.96,opennem.org.au,false,
2023-10-05 00:00:00,Australia,Queensland,AU-QLD,351.48,405.38,52.93,52.93,opennem.org.au,false,
2023-10-05 01:00:00,Australia,Queensland,AU-QLD,329.63,382.88,55.86,55.86,opennem.org.au,false,
2023-10-05 02:00:00,Australia,Queensland,AU-QLD,312.34,364.93,58.17,58.17,opennem.org.au,false,
2023-10-05 03:00:00,Australia,Queensland,AU-QLD,316.22,368.82,57.61,57.61,opennem.org.au,false,
2023-10-05 04:00:00,Australia,Queensland,AU-QLD,334.23,388.43,54.4,54.4,opennem.org.au,false,
2023-10-05 05:00:00,Australia,Queensland,AU-QLD,364.75,420.87,49.33,49.33,opennem.org.au,false,
2023-10-05 06:00:00,Australia,Queensland,AU-QLD,431.87,490.52,39.54,39.54,opennem.org.au,false,
2023-10-05 07:00:00,Australia,Queensland,AU-QLD,549.93,614.74,20.4,20.4,opennem.org.au,false,
2023-10-05 08:00:00,Australia,Queensland,AU-QLD,600.71,670.51,10.38,10.38,opennem.org.au,false,
2023-10-05 09:00:00,Australia,Queensland,AU-QLD,609.94,679.56,9.26,9.26,opennem.org.au,false,
2023-10-05 10:00:00,Australia,Queensland,AU-QLD,612.04,680.97,9.42,9.42,opennem.org.au,false,
2023-10-05 11:00:00,Australia,Queensland,AU-QLD,625.68,692.04,9.83,9.83,opennem.org.au,false,
2023-10-05 12:00:00,Australia,Queensland,AU-QLD,624.29,690.07,10.42,10.42,opennem.org.au,false,
2023-10-05 13:00:00,Australia,Queensland,AU-QLD,624.64,689.48,10.95,10.95,opennem.org.au,false,
2023-10-05 14:00:00,Australia,Queensland,AU-QLD,630.05,693.23,11.51,11.51,opennem.org.au,false,
2023-10-05 15:00:00,Australia,Queensland,AU-QLD,633.26,694.81,12.27,12.27,opennem.org.au,false,
2023-10-05 16:00:00,Australia,Queensland,AU-QLD,637.57,699.05,11.95,11.95,opennem.org.au,false,
2023-10-05 17:00:00,Australia,Queensland,AU-QLD,646.41,708.59,10.74,10.74,opennem.org.au,false,
2023-10-05 18:00:00,Australia,Queensland,AU-QLD,655.51,718.29,9.51,9.51,opennem.org.au,false,
2023-10-05 19:00:00,Australia,Queensland,AU-QLD,658.82,721.72,9.0,9.0,opennem.org.au,false,
2023-10-05 20:00:00,Australia,Queensland,AU-QLD,578.61,638.86,20.66,20.66,opennem.org.au,false,
2023-10-05 21:00:00,Australia,Queensland,AU-QLD,420.35,476.01,42.88,42.88,opennem.org.au,false,
2023-10-05 22:00:00,Australia,Queensland,AU-QLD,371.42,425.43,50.17,50.17,opennem.org.au,false,
2023-10-05 23:00:00,Australia,Queensland,AU-QLD,330.58,383.39,55.75,55.75,opennem.org.au,false,
2023-10-06 00:00:00,Australia,Queensland,AU-QLD,313.94,366.38,57.96,57.96,opennem.org.au,false,
2023-10-06 01:00:00,Australia,Queensland,AU-QLD,305.09,357.33,59.14,59.14,opennem.org.au,false,
2023-10-06 02:00:00,Australia,Queensland,AU-QLD,302.02,354.17,59.56,59.56,opennem.org.au,false,
2023-10-06 03:00:00,Australia,Queensland,AU-QLD,311.03,363.37,58.35,58.35,opennem.org.au,false,
2023-10-06 04:00:00,Australia,Queensland,AU-QLD,324.72,377.38,56.46,56.46,opennem.org.au,false,
2023-10-06 05:00:00,Australia,Queensland,AU-QLD,351.48,405.74,52.06,52.06,opennem.org.au,false,
2023-10-06 06:00:00,Australia,Queensland,AU-QLD,416.02,473.58,42.06,42.06,opennem.org.au,false,
2023-10-06 07:00:00,Australia,Queensland,AU-QLD,560.22,624.09,20.0,20.0,opennem.org.au,false,
2023-10-06 08:00:00,Australia,Queensland,AU-QLD,609.51,674.35,12.59,12.59,opennem.org.au,false,
2023-10-06 09:00:00,Australia,Queensland,AU-QLD,612.12,676.49,12.52,12.52,opennem.org.au,false,
2023-10-06 10:00:00,Australia,Queensland,AU-QLD,620.29,685.98,10.96,10.96,opennem.org.au,false,
2023-10-06 11:00:00,Australia,Queensland,AU-QLD,619.42,683.58,11.99,11.99,opennem.org.au,false,
2023-10-06 12:00:00,Australia,Queensland,AU-QLD,610.06,671.82,14.43,14.43,opennem.org.au,false,
2023-10-06 13:00:00,Australia,Queensland,AU-QLD,611.42,670.06,16.28,16.28,opennem.org.au,false,
2023-10-06 14:00:00,Australia,Queensland,AU-QLD,617.73,674.67,16.76,16.76,opennem.org.au,false,
2023-10-06 15:00:00,Australia,Queensland,AU-QLD,625.43,681.63,16.56,16.56,opennem.org.au,false,
2023-10-06 16:00:00,Australia,Queensland,AU-QLD,639.28,696.32,14.72,14.72,opennem.org.au,false,
2023-10-06 17:00:00,Australia,Queensland,AU-QLD,637.83,694.81,14.9,14.9,opennem.org.au,false,
2023-10-06 18:00:00,Australia,Queensland,AU-QLD,644.9,702.06,13.97,13.97,opennem.org.au,false,
2023-10-06 19:00:00,Australia,Queensland,AU-QLD,638.41,695.05,14.97,14.97,opennem.org.au,false,
2023-10-06 20:00:00,Australia,Queensland,AU-QLD,555.08,610.28,25.94,25.94,opennem.org.au,false,
2023-10-06 21:00:00,Australia,Queensland,AU-QLD,409.05,462.5,45.26,45.26,opennem.org.au,false,
2023-10-06 22:00:00,Australia,Queensland,AU-QLD,337.25,388.77,54.84,54.84,opennem.org.au,false,
2023-10-06 23:00:00,Australia,Queensland,AU-QLD,313.34,364.66,58.0,58.0,opennem.org.au,false,
2023-10-07 00:00:00,Australia,Queensland,AU-QLD,293.33,344.39,60.66,60.66,opennem.org.au,false,
2023-10-07 01:00:00,Australia,Queensland,AU-QLD,300.14,351.46,59.77,59.77,opennem.org.au,false,
2023-10-07 02:00:00,Australia,Queensland,AU-QLD,296.69,348.16,60.24,60.24,opennem.org.au,false,
2023-10-07 03:00:00,Australia,Queensland,AU-QLD,303.57,355.33,59.32,59.32,opennem.org.au,false,
2023-10-07 04:00:00,Australia,Queensland,AU-QLD,326.52,378.65,56.3,56.3,opennem.org.au,false,
2023-10-07 05:00:00,Australia,Queensland,AU-QLD,377.51,431.58,49.02,49.02,opennem.org.au,false,
2023-10-07 06:00:00,Australia,Queensland,AU-QLD,445.21,501.91,39.14,39.14,opennem.org.au,false,
2023-10-07 07:00:00,Australia,Queensland,AU-QLD,571.48,631.58,21.03,21.03,opennem.org.au,false,
2023-10-07 08:00:00,Australia,Queensland,AU-QLD,618.34,678.38,14.68,14.68,opennem.org.au,false,
2023-10-07 09:00:00,Australia,Queensland,AU-QLD,619.0,678.97,14.58,14.58,opennem.org.au,false,
2023-10-07 10:00:00,Australia,Queensland,AU-QLD,615.2,675.3,14.89,14.89,opennem.org.au,false,
2023-10-07 11:00:00,Australia,Queensland,AU-QLD,609.69,669.58,15.55,15.55,opennem.org.au,false,
2023-10-07 12:00:00,Australia,Queensland,AU-QLD,616.2,673.39,16.7,16.7,opennem.org.au,false,
2023-10-07 13:00:00,Australia,Queensland,AU-QLD,611.17,666.32,18.54,18.54,opennem.org.au,false,
2023-10-07 14:00:00,Australia,Queensland,AU-QLD,613.3,668.61,18.21,18.21,opennem.org.au,false,
2023-10-07 15:00:00,Australia,Queensland,AU-QLD,613.11,668.49,18.18,18.18,opennem.org.au,false,
2023-10-07 16:00:00,Australia,Queensland,AU-QLD,614.5,670.01,17.98,17.98,opennem.org.au,false,
2023-10-07 17:00:00,Australia,Queensland,AU-QLD,612.46,667.89,18.24,18.24,opennem.org.au,false,
2023-10-07 18:00:00,Australia,Queensland,AU-QLD,609.95,665.16,18.58,18.58,opennem.org.au,false,
2023-10-07 19:00:00,Australia,Queensland,AU-QLD,610.29,665.59,18.56,18.56,opennem.org.au,false,
2023-10-07 20:00:00,Australia,Queensland,AU-QLD,540.25,594.83,27.85,27.85,opennem.org.au,false,
2023-10-07 21:00:00,Australia,Queensland,AU-QLD,427.46,480.43,42.81,42.81,opennem.org.au,false,
2023-10-07 22:00:00,Australia,Queensland,AU-QLD,372.62,424.45,50.11,50.11,opennem.org.au,false,
2023-10-07 23:00:00,Australia,Queensland,AU-QLD,328.65,380.0,55.96,55.96,opennem.org.au,false,
2023-10-08 00:00:00,Australia,Queensland,AU-QLD,304.38,355.47,59.2,59.2,opennem.org.au,false,
2023-10-08 01:00:00,Australia,Queensland,AU-QLD,301.39,352.49,59.61,59.61,opennem.org.au,false,
2023-10-08 02:00:00,Australia,Queensland,AU-QLD,307.82,359.33,58.75,58.75,opennem.org.au,false,
2023-10-08 03:00:00,Australia,Queensland,AU-QLD,329.93,382.03,55.82,55.82,opennem.org.au,false,
2023-10-08 04:00:00,Australia,Queensland,AU-QLD,336.05,388.36,55.03,55.03,opennem.org.au,false,
2023-10-08 05:00:00,Australia,Queensland,AU-QLD,403.02,456.84,46.05,46.05,opennem.org.au,false,
2023-10-08 06:00:00,Australia,Queensland,AU-QLD,470.43,526.94,36.25,36.25,opennem.org.au,false,
2023-10-08 07:00:00,Australia,Queensland,AU-QLD,585.09,643.82,20.65,20.65,opennem.org.au,false,
2023-10-08 08:00:00,Australia,Queensland,AU-QLD,637.74,696.39,13.62,13.62,opennem.org.au,false,
2023-10-08 09:00:00,Australia,Queensland,AU-QLD,637.29,696.66,13.22,13.22,opennem.org.au,false,
2023-10-08 10:00:00,Australia,Queensland,AU-QLD,639.1,698.95,12.77,12.77,opennem.org.au,false,
2023-10-08 11:00:00,Australia,Queensland,AU-QLD,640.89,700.08,12.99,12.99,opennem.org.au,false,
2023-10-08 12:00:00,Australia,Queensland,AU-QLD,629.64,687.26,15.13,15.13,opennem.org.au,false,
2023-10-08 13:00:00,Australia,Queensland,AU-QLD,633.55,690.03,15.58,15.58,opennem.org.au,false,
2023-10-08 14:00:00,Australia,Queensland,AU-QLD,641.46,698.44,14.53,14.53,opennem.org.au,false,
2023-10-08 15:00:00,Australia,Queensland,AU-QLD,645.77,702.94,13.92,13.92,opennem.org.au,false,
2023-10-08 16:00:00,Australia,Queensland,AU-QLD,645.88,703.19,13.92,13.92,opennem.org.au,false,
2023-10-08 17:00:00,Australia,Queensland,AU-QLD,641.52,698.5,14.5,14.5,opennem.org.au,false,
2023-10-08 18:00:00,Australia,Queensland,AU-QLD,638.25,694.88,14.95,14.95,opennem.org.au,false,
2023-10-08 19:00:00,Australia,Queensland,AU-QLD,646.67,703.63,13.95,13.95,opennem.org.au,false,
2023-10-08 20:00:00,Australia,Queensland,AU-QLD,554.16,609.45,26.28,26.28,opennem.org.au,false,
2023-10-08 21:00:00,Australia,Queensland,AU-QLD,410.83,463.59,45.08,45.08,opennem.org.au,false,
2023-10-08 22:00:00,Australia,Queensland,AU-QLD,353.82,405.39,52.68,52.68,opennem.org.au,false,
2023-10-08 23:00:00,Australia,Queensland,AU-QLD,311.89,363.3,58.24,58.24,opennem.org.au,false,
2023-10-09 00:00:00,Australia,Queensland,AU-QLD,302.3,354.12,59.49,59.49,opennem.org.au,false,
2023-10-09 01:00:00,Australia,Queensland,AU-QLD,296.78,348.68,60.24,60.24,opennem.org.au,false,
2023-10-09 02:00:00,Australia,Queensland,AU-QLD,301.15,353.28,59.66,59.66,opennem.org.au,false,
2023-10-09 03:00:00,Australia,Queensland,AU-QLD,306.66,359.03,58.95,58.95,opennem.org.au,false,
2023-10-09 04:00:00,Australia,Queensland,AU-QLD,320.38,372.92,57.13,57.13,opennem.org.au,false,
2023-10-09 05:00:00,Australia,Queensland,AU-QLD,370.95,424.94,50.01,50.01,opennem.org.au,false,
2023-10-09 06:00:00,Australia,Queensland,AU-QLD,448.09,505.25,38.79,38.79,opennem.org.au,false,
2023-10-09 07:00:00,Australia,Queensland,AU-QLD,589.83,650.96,18.74,18.74,opennem.org.au,false,
2023-10-09 08:00:00,Australia,Queensland,AU-QLD,651.35,714.58,9.17,9.17,opennem.org.au,false,
2023-10-09 09:00:00,Australia,Queensland,AU-QLD,638.24,699.43,11.74,11.74,opennem.org.au,false,
2023-10-09 10:00:00,Australia,Queensland,AU-QLD,633.71,694.44,12.68,12.68,opennem.org.au,false,
2023-10-09 11:00:00,Australia,Queensland,AU-QLD,620.29,680.35,14.47,14.47,opennem.org.au,false,
2023-10-09 12:00:00,Australia,Queensland,AU-QLD,626.1,683.96,15.35,15.35,opennem.org.au,false,
2023-10-09 13:00:00,Australia,Queensland,AU-QLD,633.65,689.95,15.61,15.61,opennem.org.au,false,
2023-10-09 14:00:00,Australia,Queensland,AU-QLD,642.18,699.13,14.42,14.42,opennem.org.au,false,
2023-10-09 15:00:00,Australia,Queensland,AU-QLD,661.7,719.75,11.79,11.79,opennem.org.au,false,
2023-10-09 16:00:00,Australia,Queensland,AU-QLD,667.67,726.12,10.99,10.99,opennem.org.au,false,
2023-10-09 17:00:00,Australia,Queensland,AU-QLD,668.46,726.79,10.89,10.89,opennem.org.au,false,
2023-10-09 18:00:00,Australia,Queensland,AU-QLD,670.98,729.42,10.59,10.59,opennem.org.au,false,
2023-10-09 19:00:00,Australia,Queensland,AU-QLD,670.12,728.83,10.58,10.58,opennem.org.au,false,
2023-10-09 20:00:00,Australia,Queensland,AU-QLD,570.41,627.1,23.97,23.97,opennem.org.au,false,
2023-10-09 21:00:00,Australia,Queensland,AU-QLD,406.08,460.43,45.73,45.73,opennem.org.au,false,
2023-10-09 22:00:00,Australia,Queensland,AU-QLD,361.96,415.22,51.58,51.58,opennem.org.au,false,
2023-10-09 23:00:00,Australia,Queensland,AU-QLD,328.26,380.87,56.04,56.04,opennem.org.au,false,
2023-10-10 00:00:00,Australia,Queensland,AU-QLD,319.16,371.71,57.25,57.25,opennem.org.au,false,
2023-10-10 01:00:00,Australia,Queensland,AU-QLD,307.29,359.67,58.85,58.85,opennem.org.au,false,
2023-10-10 02:00:00,Australia,Queensland,AU-QLD,302.9,355.24,59.48,59.48,opennem.org.au,false,
2023-10-10 03:00:00,Australia,Queensland,AU-QLD,306.89,359.36,58.92,58.92,opennem.org.au,false,
2023-10-10 04:00:00,Australia,Queensland,AU-QLD,325.47,378.43,56.28,56.28,opennem.org.au,false,
2023-10-10 05:00:00,Australia,Queensland,AU-QLD,363.4,418.35,50.36,50.36,opennem.org.au,false,
2023-10-10 06:00:00,Australia,Queensland,AU-QLD,464.57,523.36,35.73,35.73,opennem.org.au,false,
2023-10-10 07:00:00,Australia,Queensland,AU-QLD,602.62,667.28,15.11,15.11,opennem.org.au,false,
2023-10-10 08:00:00,Australia,Queensland,AU-QLD,659.84,727.46,5.64,5.64,opennem.org.au,false,
2023-10-10 09:00:00,Australia,Queensland,AU-QLD,660.26,725.45,6.91,6.91,opennem.org.au,false,
2023-10-10 10:00:00,Australia,Queensland,AU-QLD,653.14,716.97,8.42,8.42,opennem.org.au,false,
2023-10-10 11:00:00,Australia,Queensland,AU-QLD,654.1,717.43,8.63,8.63,opennem.org.au,false,
2023-10-10 12:00:00,Australia,Queensland,AU-QLD,649.69,712.48,9.45,9.45,opennem.org.au,false,
2023-10-10 13:00:00,Australia,Queensland,AU-QLD,651.07,712.66,10.08,10.08,opennem.org.au,false,
2023-10-10 14:00:00,Australia,Queensland,AU-QLD,652.11,711.89,11.22,11.22,opennem.org.au,false,
2023-10-10 15:00:00,Australia,Queensland,AU-QLD,656.08,716.38,10.71,10.71,opennem.org.au,false,
2023-10-10 16:00:00,Australia,Queensland,AU-QLD,661.31,722.23,9.99,9.99,opennem.org.au,false,
2023-10-10 17:00:00,Australia,Queensland,AU-QLD,662.49,723.48,9.82,9.82,opennem.org.au,false,
2023-10-10 18:00:00,Australia,Queensland,AU-QLD,665.47,726.6,9.44,9.44,opennem.org.au,false,
2023-10-10 19:00:00,Australia,Queensland,AU-QLD,668.83,730.17,9.04,9.04,opennem.org.au,false,
2023-10-10 20:00:00,Australia,Queensland,AU-QLD,605.86,665.68,17.72,17.72,opennem.org.au,false,
2023-10-10 21:00:00,Australia,Queensland,AU-QLD,459.32,514.46,38.72,38.72,opennem.org.au,false,
2023-10-10 22:00:00,Australia,Queensland,AU-QLD,372.13,425.52,50.2,50.2,opennem.org.au,false,
2023-10-10 23:00:00,Australia,Queensland,AU-QLD,349.94,403.0,53.15,53.15,opennem.org.au,false,
2023-10-11 00:00:00,Australia,Queensland,AU-QLD,323.89,376.44,56.64,56.64,opennem.org.au,false,
2023-10-11 01:00:00,Australia,Queensland,AU-QLD,312.4,364.71,58.18,58.18,opennem.org.au,false,
2023-10-11 02:00:00,Australia,Queensland,AU-QLD,305.25,357.43,59.13,59.13,opennem.org.au,false,
2023-10-11 03:00:00,Australia,Queensland,AU-QLD,304.26,356.06,59.28,59.28,opennem.org.au,false,
2023-10-11 04:00:00,Australia,Queensland,AU-QLD,320.19,372.52,57.14,57.14,opennem.org.au,false,
2023-10-11 05:00:00,Australia,Queensland,AU-QLD,354.35,408.04,52.02,52.02,opennem.org.au,false,
2023-10-11 06:00:00,Australia,Queensland,AU-QLD,427.81,484.38,41.33,41.33,opennem.org.au,false,
2023-10-11 07:00:00,Australia,Queensland,AU-QLD,587.7,650.11,18.33,18.33,opennem.org.au,false,
2023-10-11 08:00:00,Australia,Queensland,AU-QLD,665.0,730.27,6.74,6.74,opennem.org.au,false,
2023-10-11 09:00:00,Australia,Queensland,AU-QLD,653.07,717.46,8.17,8.17,opennem.org.au,false,
2023-10-11 10:00:00,Australia,Queensland,AU-QLD,646.94,707.86,10.81,10.81,opennem.org.au,false,
2023-10-11 11:00:00,Australia,Queensland,AU-QLD,639.71,699.93,11.96,11.96,opennem.org.au,false,
2023-10-11 12:00:00,Australia,Queensland,AU-QLD,634.88,693.93,13.12,13.12,opennem.org.au,false,
2023-10-11 13:00:00,Australia,Queensland,AU-QLD,624.49,682.33,15.11,15.11,opennem.org.au,false,
2023-10-11 14:00:00,Australia,Queensland,AU-QLD,621.11,679.07,15.45,15.45,opennem.org.au,false,
2023-10-11 15:00:00,Australia,Queensland,AU-QLD,622.91,680.47,15.59,15.59,opennem.org.au,false,
2023-10-11 16:00:00,Australia,Queensland,AU-QLD,627.97,685.62,15.09,15.09,opennem.org.au,false,
2023-10-11 17:00:00,Australia,Queensland,AU-QLD,627.76,685.14,15.22,15.22,opennem.org.au,false,
2023-10-11 18:00:00,Australia,Queensland,AU-QLD,628.54,685.98,15.14,15.14,opennem.org.au,false,
2023-10-11 19:00:00,Australia,Queensland,AU-QLD,627.68,685.34,15.14,15.14,opennem.org.au,false,
2023-10-11 20:00:00,Australia,Queensland,AU-QLD,526.44,581.7,29.14,29.14,opennem.org.au,false,
2023-10-11 21:00:00,Australia,Queensland,AU-QLD,411.86,464.4,44.94,44.94,opennem.org.au,false,
2023-10-11 22:00:00,Australia,Queensland,AU-QLD,368.6,420.62,50.71,50.71,opennem.org.au,false,
2023-10-11 23:00:00,Australia,Queensland,AU-QLD,334.36,386.25,55.22,55.22,opennem.org.au,false,
2023-10-12 00:00:00,Australia,Queensland,AU-QLD,306.4,357.82,58.94,58.94,opennem.org.au,false,
2023-10-12 01:00:00,Australia,Queensland,AU-QLD,292.23,343.59,60.83,60.83,opennem.org.au,false,
2023-10-12 02:00:00,Australia,Queensland,AU-QLD,288.24,339.93,61.12,61.12,opennem.org.au,false,
2023-10-12 03:00:00,Australia,Queensland,AU-QLD,289.81,341.86,60.71,60.71,opennem.org.au,false,
2023-10-12 04:00:00,Australia,Queensland,AU-QLD,301.66,354.13,59.09,59.09,opennem.org.au,false,
2023-10-12 05:00:00,Australia,Queensland,AU-QLD,336.51,390.35,53.98,53.98,opennem.org.au,false,
2023-10-12 06:00:00,Australia,Queensland,AU-QLD,421.33,478.83,41.49,41.49,opennem.org.au,false,
2023-10-12 07:00:00,Australia,Queensland,AU-QLD,579.59,642.99,18.41,18.41,opennem.org.au,false,
2023-10-12 08:00:00,Australia,Queensland,AU-QLD,652.29,717.53,7.93,7.93,opennem.org.au,false,
2023-10-12 09:00:00,Australia,Queensland,AU-QLD,644.81,708.74,9.4,9.4,opennem.org.au,false,
2023-10-12 10:00:00,Australia,Queensland,AU-QLD,641.62,704.96,10.04,10.04,opennem.org.au,false,
2023-10-12 11:00:00,Australia,Queensland,AU-QLD,631.35,693.78,11.62,11.62,opennem.org.au,false,
2023-10-12 12:00:00,Australia,Queensland,AU-QLD,624.92,685.05,13.72,13.72,opennem.org.au,false,
2023-10-12 13:00:00,Australia,Queensland,AU-QLD,622.44,682.39,14.16,14.16,opennem.org.au,false,
2023-10-12 14:00:00,Australia,Queensland,AU-QLD,634.01,692.99,13.7,13.7,opennem.org.au,false,
2023-10-12 15:00:00,Australia,Queensland,AU-QLD,636.42,694.21,14.15,14.15,opennem.org.au,false,
2023-10-12 16:00:00,Australia,Queensland,AU-QLD,632.59,690.16,14.62,14.62,opennem.org.au,false,
2023-10-12 17:00:00,Australia,Queensland,AU-QLD,636.34,694.0,14.15,14.15,opennem.org.au,false,
2023-10-12 18:00:00,Australia,Queensland,AU-QLD,665.97,725.65,10.27,10.27,opennem.org.au,false,
2023-10-12 19:00:00,Australia,Queensland,AU-QLD,678.26,738.6,8.72,8.72,opennem.org.au,false,
2023-10-12 20:00:00,Australia,Queensland,AU-QLD,555.67,612.73,25.6,25.6,opennem.org.au,false,
2023-10-12 21:00:00,Australia,Queensland,AU-QLD,405.76,459.59,45.77,45.77,opennem.org.au,false,
2023-10-12 22:00:00,Australia,Queensland,AU-QLD,365.22,418.29,51.18,51.18,opennem.org.au,false,
2023-10-12 23:00:00,Australia,Queensland,AU-QLD,323.44,376.09,56.7,56.7,opennem.org.au,false,
2023-10-13 00:00:00,Australia,Queensland,AU-QLD,298.8,350.71,59.98,59.98,opennem.org.au,false,
2023-10-13 01:00:00,Australia,Queensland,AU-QLD,276.7,327.75,62.93,62.93,opennem.org.au,false,
2023-10-13 02:00:00,Australia,Queensland,AU-QLD,271.33,322.12,63.65,63.65,opennem.org.au,false,
2023-10-13 03:00:00,Australia,Queensland,AU-QLD,283.08,333.88,62.01,62.01,opennem.org.au,false,
2023-10-13 04:00:00,Australia,Queensland,AU-QLD,294.98,346.45,60.06,60.06,opennem.org.au,false,
2023-10-13 05:00:00,Australia,Queensland,AU-QLD,319.54,372.06,56.46,56.46,opennem.org.au,false,
2023-10-13 06:00:00,Australia,Queensland,AU-QLD,396.08,451.52,45.43,45.43,opennem.org.au,false,
2023-10-13 07:00:00,Australia,Queensland,AU-QLD,537.48,595.75,26.01,26.01,opennem.org.au,false,
2023-10-13 08:00:00,Australia,Queensland,AU-QLD,617.68,677.1,15.06,15.06,opennem.org.au,false,
2023-10-13 09:00:00,Australia,Queensland,AU-QLD,604.8,663.72,16.54,16.54,opennem.org.au,false,
2023-10-13 10:00:00,Australia,Queensland,AU-QLD,603.41,662.97,16.26,16.26,opennem.org.au,false,
2023-10-13 11:00:00,Australia,Queensland,AU-QLD,604.46,663.31,16.71,16.71,opennem.org.au,false,
2023-10-13 12:00:00,Australia,Queensland,AU-QLD,602.7,660.08,17.86,17.86,opennem.org.au,false,
2023-10-13 13:00:00,Australia,Queensland,AU-QLD,601.8,659.34,17.83,17.83,opennem.org.au,false,
2023-10-13 14:00:00,Australia,Queensland,AU-QLD,608.71,665.12,18.03,18.03,opennem.org.au,false,
2023-10-13 15:00:00,Australia,Queensland,AU-QLD,622.56,678.54,16.98,16.98,opennem.org.au,false,
2023-10-13 16:00:00,Australia,Queensland,AU-QLD,634.36,691.28,15.41,15.41,opennem.org.au,false,
2023-10-13 17:00:00,Australia,Queensland,AU-QLD,648.88,706.89,13.47,13.47,opennem.org.au,false,
2023-10-13 18:00:00,Australia,Queensland,AU-QLD,654.15,712.45,12.78,12.78,opennem.org.au,false,
2023-10-13 19:00:00,Australia,Queensland,AU-QLD,650.28,708.18,13.3,13.3,opennem.org.au,false,
2023-10-13 20:00:00,Australia,Queensland,AU-QLD,528.07,583.96,29.46,29.46,opennem.org.au,false,
2023-10-13 21:00:00,Australia,Queensland,AU-QLD,412.62,466.87,44.79,44.79,opennem.org.au,false,
2023-10-13 22:00:00,Australia,Queensland,AU-QLD,345.41,398.05,53.74,53.74,opennem.org.au,false,
2023-10-13 23:00:00,Australia,Queensland,AU-QLD,328.49,380.61,55.98,55.98,opennem.org.au,false,
2023-10-14 00:00:00,Australia,Queensland,AU-QLD,320.54,372.39,57.03,57.03,opennem.org.au,false,
2023-10-14 01:00:00,Australia,Queensland,AU-QLD,312.74,364.57,58.08,58.08,opennem.org.au,false,
2023-10-14 02:00:00,Australia,Queensland,AU-QLD,295.69,347.16,60.37,60.37,opennem.org.au,false,
2023-10-14 03:00:00,Australia,Queensland,AU-QLD,293.84,345.21,60.62,60.62,opennem.org.au,false,
2023-10-14 04:00:00,Australia,Queensland,AU-QLD,312.56,364.33,58.12,58.12,opennem.org.au,false,
2023-10-14 05:00:00,Australia,Queensland,AU-QLD,344.1,397.03,53.52,53.52,opennem.org.au,false,
2023-10-14 06:00:00,Australia,Queensland,AU-QLD,404.55,458.74,45.23,45.23,opennem.org.au,false,
2023-10-14 07:00:00,Australia,Queensland,AU-QLD,550.11,607.04,25.57,25.57,opennem.org.au,false,
2023-10-14 08:00:00,Australia,Queensland,AU-QLD,640.22,697.74,13.87,13.87,opennem.org.au,false,
2023-10-14 09:00:00,Australia,Queensland,AU-QLD,636.25,693.17,14.42,14.42,opennem.org.au,false,
2023-10-14 10:00:00,Australia,Queensland,AU-QLD,632.29,690.56,14.36,14.36,opennem.org.au,false,
2023-10-14 11:00:00,Australia,Queensland,AU-QLD,618.5,675.97,16.24,16.24,opennem.org.au,false,
2023-10-14 12:00:00,Australia,Queensland,AU-QLD,622.42,678.33,16.87,16.87,opennem.org.au,false,
2023-10-14 13:00:00,Australia,Queensland,AU-QLD,653.62,711.2,12.97,12.97,opennem.org.au,false,
2023-10-14 14:00:00,Australia,Queensland,AU-QLD,653.15,710.79,12.98,12.98,opennem.org.au,false,
2023-10-14 15:00:00,Australia,Queensland,AU-QLD,652.24,710.02,13.06,13.06,opennem.org.au,false,
2023-10-14 16:00:00,Australia,Queensland,AU-QLD,651.88,709.68,13.08,13.08,opennem.org.au,false,
2023-10-14 17:00:00,Australia,Queensland,AU-QLD,650.08,707.79,13.34,13.34,opennem.org.au,false,
2023-10-14 18:00:00,Australia,Queensland,AU-QLD,653.82,711.72,12.83,12.83,opennem.org.au,false,
2023-10-14 19:00:00,Australia,Queensland,AU-QLD,659.86,718.25,12.04,12.04,opennem.org.au,false,
2023-10-14 20:00:00,Australia,Queensland,AU-QLD,546.27,603.52,27.09,27.09,opennem.org.au,false,
2023-10-14 21:00:00,Australia,Queensland,AU-QLD,405.9,461.1,45.71,45.71,opennem.org.au,false,
2023-10-14 22:00:00,Australia,Queensland,AU-QLD,347.72,401.34,53.45,53.45,opennem.org.au,false,
2023-10-14 23:00:00,Australia,Queensland,AU-QLD,310.31,362.94,58.43,58.43,opennem.org.au,false,
2023-10-15 00:00:00,Australia,Queensland,AU-QLD,299.07,351.25,59.94,59.94,opennem.org.au,false,
2023-10-15 01:00:00,Australia,Queensland,AU-QLD,289.19,341.17,61.26,61.26,opennem.org.au,false,
2023-10-15 02:00:00,Australia,Queensland,AU-QLD,291.1,343.22,61.01,61.01,opennem.org.au,false,
2023-10-15 03:00:00,Australia,Queensland,AU-QLD,290.09,342.3,61.14,61.14,opennem.org.au,false,
2023-10-15 04:00:00,Australia,Queensland,AU-QLD,302.7,355.09,59.45,59.45,opennem.org.au,false,
2023-10-15 05:00:00,Australia,Queensland,AU-QLD,322.45,375.56,56.44,56.44,opennem.org.au,false,
2023-10-15 06:00:00,Australia,Queensland,AU-QLD,418.53,474.45,43.31,43.31,opennem.org.au,false,
2023-10-15 07:00:00,Australia,Queensland,AU-QLD,582.65,641.3,21.44,21.44,opennem.org.au,false,
2023-10-15 08:00:00,Australia,Queensland,AU-QLD,644.87,704.53,12.49,12.49,opennem.org.au,false,
2023-10-15 09:00:00,Australia,Queensland,AU-QLD,643.44,702.94,12.61,12.61,opennem.org.au,false,
2023-10-15 10:00:00,Australia,Queensland,AU-QLD,636.03,694.87,13.79,13.79,opennem.org.au,false,
2023-10-15 11:00:00,Australia,Queensland,AU-QLD,639.21,697.04,13.88,13.88,opennem.org.au,false,
2023-10-15 12:00:00,Australia,Queensland,AU-QLD,647.14,703.82,13.91,13.91,opennem.org.au,false,
2023-10-15 13:00:00,Australia,Queensland,AU-QLD,648.72,705.84,13.66,13.66,opennem.org.au,false,
2023-10-15 14:00:00,Australia,Queensland,AU-QLD,643.34,700.16,14.32,14.32,opennem.org.au,false,
2023-10-15 15:00:00,Australia,Queensland,AU-QLD,632.37,688.64,15.73,15.73,opennem.org.au,false,
2023-10-15 16:00:00,Australia,Queensland,AU-QLD,625.37,681.18,16.65,16.65,opennem.org.au,false,
2023-10-15 17:00:00,Australia,Queensland,AU-QLD,625.97,681.8,16.57,16.57,opennem.org.au,false,
2023-10-15 18:00:00,Australia,Queensland,AU-QLD,631.84,687.97,15.86,15.86,opennem.org.au,false,
2023-10-15 19:00:00,Australia,Queensland,AU-QLD,640.59,696.26,15.21,15.21,opennem.org.au,false,
2023-10-15 20:00:00,Australia,Queensland,AU-QLD,524.28,578.81,30.17,30.17,opennem.org.au,false,
2023-10-15 21:00:00,Australia,Queensland,AU-QLD,381.65,434.59,49.0,49.0,opennem.org.au,false,
2023-10-15 22:00:00,Australia,Queensland,AU-QLD,326.05,378.09,56.38,56.38,opennem.org.au,false,
2023-10-15 23:00:00,Australia,Queensland,AU-QLD,304.64,356.65,59.2,59.2,opennem.org.au,false,
2023-10-16 00:00:00,Australia,Queensland,AU-QLD,291.14,342.85,61.0,61.0,opennem.org.au,false,
2023-10-16 01:00:00,Australia,Queensland,AU-QLD,279.5,330.98,62.56,62.56,opennem.org.au,false,
2023-10-16 02:00:00,Australia,Queensland,AU-QLD,308.13,360.86,58.16,58.16,Electricity Maps Estimation,true,ESTIMATED_TIME_SLICER_AVERAGE
2023-10-16 03:00:00,Australia,Queensland,AU-QLD,336.09,390.05,53.87,53.87,Electricity Maps Estimation,true,ESTIMATED_TIME_SLICER_AVERAGE
2023-10-16 04:00:00,Australia,Queensland,AU-QLD,363.37,418.53,49.68,49.68,Electricity Maps Estimation,true,ESTIMATED_TIME_SLICER_AVERAGE
2023-10-16 05:00:00,Australia,Queensland,AU-QLD,390.6,446.96,45.49,45.49,opennem.org.au,false,
2023-10-16 06:00:00,Australia,Queensland,AU-QLD,472.29,531.68,33.83,33.83,opennem.org.au,false,
2023-10-16 07:00:00,Australia,Queensland,AU-QLD,563.77,624.46,21.35,21.35,opennem.org.au,false,
2023-10-16 08:00:00,Australia,Queensland,AU-QLD,624.65,687.27,12.39,12.39,opennem.org.au,false,
2023-10-16 09:00:00,Australia,Queensland,AU-QLD,629.55,691.25,12.47,12.47,opennem.org.au,false,
2023-10-16 10:00:00,Australia,Queensland,AU-QLD,633.57,695.74,11.81,11.81,opennem.org.au,false,
2023-10-16 11:00:00,Australia,Queensland,AU-QLD,623.75,684.55,13.4,13.4,opennem.org.au,false,
2023-10-16 12:00:00,Australia,Queensland,AU-QLD,608.63,666.67,16.56,16.56,opennem.org.au,false,
2023-10-16 13:00:00,Australia,Queensland,AU-QLD,614.04,669.4,17.86,17.86,opennem.org.au,false,
2023-10-16 14:00:00,Australia,Queensland,AU-QLD,617.55,672.35,17.72,17.72,opennem.org.au,false,
2023-10-16 15:00:00,Australia,Queensland,AU-QLD,627.38,682.46,16.38,16.38,opennem.org.au,false,
2023-10-16 16:00:00,Australia,Queensland,AU-QLD,648.52,704.91,13.58,13.58,opennem.org.au,false,
2023-10-16 17:00:00,Australia,Queensland,AU-QLD,664.23,721.18,11.5,11.5,opennem.org.au,false,
2023-10-16 18:00:00,Australia,Queensland,AU-QLD,675.09,732.53,10.09,10.09,opennem.org.au,false,
2023-10-16 19:00:00,Australia,Queensland,AU-QLD,673.79,731.42,10.29,10.29,opennem.org.au,false,
2023-10-16 20:00:00,Australia,Queensland,AU-QLD,532.69,587.72,28.96,28.96,opennem.org.au,false,
2023-10-16 21:00:00,Australia,Queensland,AU-QLD,382.53,435.91,48.83,48.83,opennem.org.au,false,
2023-10-16 22:00:00,Australia,Queensland,AU-QLD,330.18,382.6,55.82,55.82,opennem.org.au,false,
2023-10-16 23:00:00,Australia,Queensland,AU-QLD,292.75,344.43,60.79,60.79,opennem.org.au,false,
2023-10-17 00:00:00,Australia,Queensland,AU-QLD,282.22,333.44,62.18,62.18,opennem.org.au,false,
2023-10-17 01:00:00,Australia,Queensland,AU-QLD,277.05,328.39,62.87,62.87,opennem.org.au,false,
2023-10-17 02:00:00,Australia,Queensland,AU-QLD,271.5,322.79,63.62,63.62,opennem.org.au,false,
2023-10-17 03:00:00,Australia,Queensland,AU-QLD,275.79,327.13,63.06,63.06,opennem.org.au,false,
2023-10-17 04:00:00,Australia,Queensland,AU-QLD,288.81,340.35,61.32,61.32,opennem.org.au,false,
2023-10-17 05:00:00,Australia,Queensland,AU-QLD,329.75,382.72,55.16,55.16,opennem.org.au,false,
2023-10-17 06:00:00,Australia,Queensland,AU-QLD,411.13,466.93,43.42,43.42,opennem.org.au,false,
2023-10-17 07:00:00,Australia,Queensland,AU-QLD,568.38,627.89,21.11,21.11,opennem.org.au,false,
2023-10-17 08:00:00,Australia,Queensland,AU-QLD,599.79,658.37,16.63,16.63,opennem.org.au,false,
2023-10-17 09:00:00,Australia,Queensland,AU-QLD,592.9,649.92,18.19,18.19,opennem.org.au,false,
2023-10-17 10:00:00,Australia,Queensland,AU-QLD,599.35,657.25,17.08,17.08,opennem.org.au,false,
2023-10-17 11:00:00,Australia,Queensland,AU-QLD,613.4,670.53,16.09,16.09,opennem.org.au,false,
2023-10-17 12:00:00,Australia,Queensland,AU-QLD,614.39,669.8,17.45,17.45,opennem.org.au,false,
2023-10-17 13:00:00,Australia,Queensland,AU-QLD,608.55,662.47,18.94,18.94,opennem.org.au,false,
2023-10-17 14:00:00,Australia,Queensland,AU-QLD,607.15,661.07,19.06,19.06,opennem.org.au,false,
2023-10-17 15:00:00,Australia,Queensland,AU-QLD,606.85,660.91,19.09,19.09,opennem.org.au,false,
2023-10-17 16:00:00,Australia,Queensland,AU-QLD,607.81,661.81,18.94,18.94,opennem.org.au,false,
2023-10-17 17:00:00,Australia,Queensland,AU-QLD,607.6,662.28,18.96,18.96,opennem.org.au,false,
2023-10-17 18:00:00,Australia,Queensland,AU-QLD,608.94,663.66,18.82,18.82,opennem.org.au,false,
2023-10-17 19:00:00,Australia,Queensland,AU-QLD,618.08,673.24,17.74,17.74,opennem.org.au,false,
2023-10-17 20:00:00,Australia,Queensland,AU-QLD,543.18,598.41,27.63,27.63,opennem.org.au,false,
2023-10-17 21:00:00,Australia,Queensland,AU-QLD,400.36,453.62,46.46,46.46,opennem.org.au,false,
2023-10-17 22:00:00,Australia,Queensland,AU-QLD,335.81,387.99,55.05,55.05,opennem.org.au,false,
2023-10-17 23:00:00,Australia,Queensland,AU-QLD,310.18,362.22,58.46,58.46,opennem.org.au,false,
2023-10-18 00:00:00,Australia,Queensland,AU-QLD,291.53,343.65,60.94,60.94,opennem.org.au,false,
2023-10-18 01:00:00,Australia,Queensland,AU-QLD,284.08,335.98,61.94,61.94,opennem.org.au,false,
2023-10-18 02:00:00,Australia,Queensland,AU-QLD,290.87,342.89,61.04,61.04,opennem.org.au,false,
2023-10-18 03:00:00,Australia,Queensland,AU-QLD,298.73,350.99,60.01,60.01,opennem.org.au,false,
2023-10-18 04:00:00,Australia,Queensland,AU-QLD,312.44,364.93,58.14,58.14,opennem.org.au,false,
2023-10-18 05:00:00,Australia,Queensland,AU-QLD,371.27,425.84,49.81,49.81,opennem.org.au,false,
2023-10-18 06:00:00,Australia,Queensland,AU-QLD,444.11,500.7,39.57,39.57,opennem.org.au,false,
2023-10-18 07:00:00,Australia,Queensland,AU-QLD,565.64,628.35,20.29,20.29,opennem.org.au,false,
2023-10-18 08:00:00,Australia,Queensland,AU-QLD,626.42,693.35,9.73,9.73,opennem.org.au,false,
2023-10-18 09:00:00,Australia,Queensland,AU-QLD,633.38,699.29,9.62,9.62,opennem.org.au,false,
2023-10-18 10:00:00,Australia,Queensland,AU-QLD,649.37,714.11,8.85,8.85,opennem.org.au,false,
2023-10-18 11:00:00,Australia,Queensland,AU-QLD,658.75,721.28,9.32,9.32,opennem.org.au,false,
2023-10-18 12:00:00,Australia,Queensland,AU-QLD,662.62,723.28,10.15,10.15,opennem.org.au,false,
2023-10-18 13:00:00,Australia,Queensland,AU-QLD,660.77,719.83,11.35,11.35,opennem.org.au,false,
2023-10-18 14:00:00,Australia,Queensland,AU-QLD,665.46,723.75,11.39,11.39,opennem.org.au,false,
2023-10-18 15:00:00,Australia,Queensland,AU-QLD,672.99,731.71,10.37,10.37,opennem.org.au,false,
2023-10-18 16:00:00,Australia,Queensland,AU-QLD,675.89,734.83,9.97,9.97,opennem.org.au,false,
2023-10-18 17:00:00,Australia,Queensland,AU-QLD,680.39,739.49,9.38,9.38,opennem.org.au,false,
2023-10-18 18:00:00,Australia,Queensland,AU-QLD,668.43,726.94,10.99,10.99,opennem.org.au,false,
2023-10-18 19:00:00,Australia,Queensland,AU-QLD,670.18,728.54,10.84,10.84,opennem.org.au,false,
2023-10-18 20:00:00,Australia,Queensland,AU-QLD,563.67,619.86,24.97,24.97,opennem.org.au,false,
2023-10-18 21:00:00,Australia,Queensland,AU-QLD,406.74,460.56,45.69,45.69,opennem.org.au,false,
2023-10-18 22:00:00,Australia,Queensland,AU-QLD,359.62,412.89,51.94,51.94,opennem.org.au,false,
2023-10-18 23:00:00,Australia,Queensland,AU-QLD,316.46,368.51,57.66,57.66,opennem.org.au,false,
2023-10-19 00:00:00,Australia,Queensland,AU-QLD,305.4,356.82,59.13,59.13,opennem.org.au,false,
2023-10-19 01:00:00,Australia,Queensland,AU-QLD,298.62,349.94,60.03,60.03,opennem.org.au,false,
2023-10-19 02:00:00,Australia,Queensland,AU-QLD,294.33,345.93,60.6,60.6,opennem.org.au,false,
2023-10-19 03:00:00,Australia,Queensland,AU-QLD,294.84,346.85,60.56,60.56,opennem.org.au,false,
2023-10-19 04:00:00,Australia,Queensland,AU-QLD,308.6,360.86,58.72,58.72,opennem.org.au,false,
2023-10-19 05:00:00,Australia,Queensland,AU-QLD,340.8,394.43,53.8,53.8,opennem.org.au,false,
2023-10-19 06:00:00,Australia,Queensland,AU-QLD,430.33,487.51,40.92,40.92,opennem.org.au,false,
2023-10-19 07:00:00,Australia,Queensland,AU-QLD,579.98,644.05,18.1,18.1,opennem.org.au,false,
2023-10-19 08:00:00,Australia,Queensland,AU-QLD,647.22,714.91,7.16,7.16,opennem.org.au,false,
2023-10-19 09:00:00,Australia,Queensland,AU-QLD,657.42,723.66,7.0,7.0,opennem.org.au,false,
2023-10-19 10:00:00,Australia,Queensland,AU-QLD,664.85,728.39,8.04,8.04,opennem.org.au,false,
2023-10-19 11:00:00,Australia,Queensland,AU-QLD,661.96,724.37,9.03,9.03,opennem.org.au,false,
2023-10-19 12:00:00,Australia,Queensland,AU-QLD,663.77,724.85,9.73,9.73,opennem.org.au,false,
2023-10-19 13:00:00,Australia,Queensland,AU-QLD,667.41,725.92,11.0,11.0,opennem.org.au,false,
2023-10-19 14:00:00,Australia,Queensland,AU-QLD,666.69,724.92,11.31,11.31,opennem.org.au,false,
2023-10-19 15:00:00,Australia,Queensland,AU-QLD,668.81,727.25,10.98,10.98,opennem.org.au,false,
2023-10-19 16:00:00,Australia,Queensland,AU-QLD,665.22,723.55,11.41,11.41,opennem.org.au,false,
2023-10-19 17:00:00,Australia,Queensland,AU-QLD,665.95,724.28,11.31,11.31,opennem.org.au,false,
2023-10-19 18:00:00,Australia,Queensland,AU-QLD,667.0,725.51,11.17,11.17,opennem.org.au,false,
2023-10-19 19:00:00,Australia,Queensland,AU-QLD,665.13,723.33,11.54,11.54,opennem.org.au,false,
2023-10-19 20:00:00,Australia,Queensland,AU-QLD,545.59,601.52,27.45,27.45,opennem.org.au,false,
2023-10-19 21:00:00,Australia,Queensland,AU-QLD,386.46,440.18,48.36,48.36,opennem.org.au,false,
2023-10-19 22:00:00,Australia,Queensland,AU-QLD,352.62,406.13,52.85,52.85,opennem.org.au,false,
2023-10-19 23:00:00,Australia,Queensland,AU-QLD,311.04,363.69,58.36,58.36,opennem.org.au,false,
2023-10-20 00:00:00,Australia,Queensland,AU-QLD,296.87,349.36,60.24,60.24,opennem.org.au,false,
2023-10-20 01:00:00,Australia,Queensland,AU-QLD,283.37,335.56,62.03,62.03,opennem.org.au,false,
2023-10-20 02:00:00,Australia,Queensland,AU-QLD,280.33,332.58,62.44,62.44,opennem.org.au,false,
2023-10-20 03:00:00,Australia,Queensland,AU-QLD,279.86,332.07,62.51,62.51,opennem.org.au,false,
2023-10-20 04:00:00,Australia,Queensland,AU-QLD,287.69,339.91,61.46,61.46,opennem.org.au,false,
2023-10-20 05:00:00,Australia,Queensland,AU-QLD,340.97,394.64,53.98,53.98,opennem.org.au,false,
2023-10-20 06:00:00,Australia,Queensland,AU-QLD,429.78,486.86,41.08,41.08,opennem.org.au,false,
2023-10-20 07:00:00,Australia,Queensland,AU-QLD,573.23,633.96,21.08,21.08,opennem.org.au,false,
2023-10-20 08:00:00,Australia,Queensland,AU-QLD,656.16,719.35,9.12,9.12,opennem.org.au,false,
2023-10-20 09:00:00,Australia,Queensland,AU-QLD,658.69,721.08,9.23,9.23,opennem.org.au,false,
2023-10-20 10:00:00,Australia,Queensland,AU-QLD,661.48,722.39,9.99,9.99,opennem.org.au,false,
2023-10-20 11:00:00,Australia,Queensland,AU-QLD,665.59,725.89,10.0,10.0,opennem.org.au,false,
2023-10-20 12:00:00,Australia,Queensland,AU-QLD,660.74,719.51,11.47,11.47,opennem.org.au,false,
2023-10-20 13:00:00,Australia,Queensland,AU-QLD,652.24,709.76,13.19,13.19,opennem.org.au,false,
2023-10-20 14:00:00,Australia,Queensland,AU-QLD,645.59,702.82,14.01,14.01,opennem.org.au,false,
2023-10-20 15:00:00,Australia,Queensland,AU-QLD,646.24,703.2,13.89,13.89,opennem.org.au,false,
2023-10-20 16:00:00,Australia,Queensland,AU-QLD,655.58,712.29,12.64,12.64,opennem.org.au,false,
2023-10-20 17:00:00,Australia,Queensland,AU-QLD,656.45,713.66,12.54,12.54,opennem.org.au,false,
2023-10-20 18:00:00,Australia,Queensland,AU-QLD,655.53,713.16,12.66,12.66,opennem.org.au,false,
2023-10-20 19:00:00,Australia,Queensland,AU-QLD,651.64,709.14,13.27,13.27,opennem.org.au,false,
2023-10-20 20:00:00,Australia,Queensland,AU-QLD,544.88,601.26,27.33,27.33,opennem.org.au,false,
2023-10-20 21:00:00,Australia,Queensland,AU-QLD,428.33,483.47,42.76,42.76,opennem.org.au,false,
2023-10-20 22:00:00,Australia,Queensland,AU-QLD,369.27,423.15,50.62,50.62,opennem.org.au,false,
2023-10-20 23:00:00,Australia,Queensland,AU-QLD,337.03,390.46,54.89,54.89,opennem.org.au,false,
2023-10-21 00:00:00,Australia,Queensland,AU-QLD,311.89,364.79,58.23,58.23,opennem.org.au,false,
2023-10-21 01:00:00,Australia,Queensland,AU-QLD,299.58,352.08,59.88,59.88,opennem.org.au,false,
2023-10-21 02:00:00,Australia,Queensland,AU-QLD,302.97,355.68,59.42,59.42,opennem.org.au,false,
2023-10-21 03:00:00,Australia,Queensland,AU-QLD,293.48,345.9,60.69,60.69,opennem.org.au,false,
2023-10-21 04:00:00,Australia,Queensland,AU-QLD,307.58,360.17,58.92,58.92,opennem.org.au,false,
2023-10-21 05:00:00,Australia,Queensland,AU-QLD,338.06,391.03,54.84,54.84,opennem.org.au,false,
2023-10-21 06:00:00,Australia,Queensland,AU-QLD,419.21,473.67,44.2,44.2,opennem.org.au,false,
2023-10-21 07:00:00,Australia,Queensland,AU-QLD,579.5,636.02,23.31,23.31,opennem.org.au,false,
2023-10-21 08:00:00,Australia,Queensland,AU-QLD,657.36,715.7,12.18,12.18,opennem.org.au,false,
2023-10-21 09:00:00,Australia,Queensland,AU-QLD,661.23,720.61,11.12,11.12,opennem.org.au,false,
2023-10-21 10:00:00,Australia,Queensland,AU-QLD,673.39,732.0,10.29,10.29,opennem.org.au,false,
2023-10-21 11:00:00,Australia,Queensland,AU-QLD,673.15,731.44,10.51,10.51,opennem.org.au,false,
2023-10-21 12:00:00,Australia,Queensland,AU-QLD,658.43,716.03,12.41,12.41,opennem.org.au,false,
2023-10-21 13:00:00,Australia,Queensland,AU-QLD,644.6,701.34,14.19,14.19,opennem.org.au,false,
2023-10-21 14:00:00,Australia,Queensland,AU-QLD,645.73,702.68,13.99,13.99,opennem.org.au,false,
2023-10-21 15:00:00,Australia,Queensland,AU-QLD,648.01,705.22,13.65,13.65,opennem.org.au,false,
2023-10-21 16:00:00,Australia,Queensland,AU-QLD,651.52,709.17,13.17,13.17,opennem.org.au,false,
2023-10-21 17:00:00,Australia,Queensland,AU-QLD,653.77,711.6,12.86,12.86,opennem.org.au,false,
2023-10-21 18:00:00,Australia,Queensland,AU-QLD,654.87,712.55,12.72,12.72,opennem.org.au,false,
2023-10-21 19:00:00,Australia,Queensland,AU-QLD,646.69,704.25,13.79,13.79,opennem.org.au,false,
2023-10-21 20:00:00,Australia,Queensland,AU-QLD,544.43,600.69,27.27,27.27,opennem.org.au,false,
2023-10-21 21:00:00,Australia,Queensland,AU-QLD,424.73,478.95,43.2,43.2,opennem.org.au,false,
2023-10-21 22:00:00,Australia,Queensland,AU-QLD,367.68,421.07,50.81,50.81,opennem.org.au,false,
2023-10-21 23:00:00,Australia,Queensland,AU-QLD,335.07,387.77,55.15,55.15,opennem.org.au,false,
2023-10-22 00:00:00,Australia,Queensland,AU-QLD,319.53,372.05,57.24,57.24,opennem.org.au,false,
2023-10-22 01:00:00,Australia,Queensland,AU-QLD,309.67,362.1,58.55,58.55,opennem.org.au,false,
2023-10-22 02:00:00,Australia,Queensland,AU-QLD,303.82,356.3,59.34,59.34,opennem.org.au,false,
2023-10-22 03:00:00,Australia,Queensland,AU-QLD,306.14,358.71,59.02,59.02,opennem.org.au,false,
2023-10-22 04:00:00,Australia,Queensland,AU-QLD,307.68,360.19,58.81,58.81,opennem.org.au,false,
2023-10-22 05:00:00,Australia,Queensland,AU-QLD,336.06,389.6,54.76,54.76,opennem.org.au,false,
2023-10-22 06:00:00,Australia,Queensland,AU-QLD,422.26,478.41,42.66,42.66,opennem.org.au,false,
2023-10-22 07:00:00,Australia,Queensland,AU-QLD,582.36,643.68,19.59,19.59,opennem.org.au,false,
2023-10-22 08:00:00,Australia,Queensland,AU-QLD,652.03,715.71,9.05,9.05,opennem.org.au,false,
2023-10-22 09:00:00,Australia,Queensland,AU-QLD,660.41,723.42,8.64,8.64,opennem.org.au,false,
2023-10-22 10:00:00,Australia,Queensland,AU-QLD,663.51,725.54,8.63,8.63,opennem.org.au,false,
2023-10-22 11:00:00,Australia,Queensland,AU-QLD,660.03,719.97,10.17,10.17,opennem.org.au,false,
2023-10-22 12:00:00,Australia,Queensland,AU-QLD,663.01,721.29,11.26,11.26,opennem.org.au,false,
2023-10-22 13:00:00,Australia,Queensland,AU-QLD,673.27,731.83,10.42,10.42,opennem.org.au,false,
2023-10-22 14:00:00,Australia,Queensland,AU-QLD,682.31,741.4,9.23,9.23,opennem.org.au,false,
2023-10-22 15:00:00,Australia,Queensland,AU-QLD,681.95,741.4,9.2,9.2,opennem.org.au,false,
2023-10-22 16:00:00,Australia,Queensland,AU-QLD,673.93,732.99,10.23,10.23,opennem.org.au,false,
2023-10-22 17:00:00,Australia,Queensland,AU-QLD,679.29,738.71,9.52,9.52,opennem.org.au,false,
2023-10-22 18:00:00,Australia,Queensland,AU-QLD,691.82,751.83,7.92,7.92,opennem.org.au,false,
2023-10-22 19:00:00,Australia,Queensland,AU-QLD,690.72,750.71,8.21,8.21,opennem.org.au,false,
2023-10-22 20:00:00,Australia,Queensland,AU-QLD,570.15,628.46,24.04,24.04,opennem.org.au,false,
2023-10-22 21:00:00,Australia,Queensland,AU-QLD,405.58,460.77,45.82,45.82,opennem.org.au,false,
2023-10-22 22:00:00,Australia,Queensland,AU-QLD,352.46,406.27,52.9,52.9,opennem.org.au,false,
2023-10-22 23:00:00,Australia,Queensland,AU-QLD,306.61,359.32,58.97,58.97,opennem.org.au,false,
2023-10-23 00:00:00,Australia,Queensland,AU-QLD,285.16,337.44,61.82,61.82,opennem.org.au,false,
2023-10-23 01:00:00,Australia,Queensland,AU-QLD,275.23,327.13,63.16,63.16,opennem.org.au,false,
2023-10-23 02:00:00,Australia,Queensland,AU-QLD,271.56,323.49,63.63,63.63,opennem.org.au,false,
2023-10-23 03:00:00,Australia,Queensland,AU-QLD,273.98,326.28,62.89,62.89,opennem.org.au,false,
2023-10-23 04:00:00,Australia,Queensland,AU-QLD,296.31,350.09,58.96,58.96,opennem.org.au,false,
2023-10-23 05:00:00,Australia,Queensland,AU-QLD,345.49,400.83,52.04,52.04,opennem.org.au,false,
2023-10-23 06:00:00,Australia,Queensland,AU-QLD,440.17,499.76,37.68,37.68,opennem.org.au,false,
2023-10-23 07:00:00,Australia,Queensland,AU-QLD,555.23,619.23,20.4,20.4,opennem.org.au,false,
2023-10-23 08:00:00,Australia,Queensland,AU-QLD,622.05,689.03,9.61,9.61,opennem.org.au,false,
2023-10-23 09:00:00,Australia,Queensland,AU-QLD,627.75,694.78,9.31,9.31,opennem.org.au,false,
2023-10-23 10:00:00,Australia,Queensland,AU-QLD,639.24,705.47,8.67,8.67,opennem.org.au,false,
2023-10-23 11:00:00,Australia,Queensland,AU-QLD,645.92,710.22,9.37,9.37,opennem.org.au,false,
2023-10-23 12:00:00,Australia,Queensland,AU-QLD,663.21,723.08,10.48,10.48,opennem.org.au,false,
2023-10-23 13:00:00,Australia,Queensland,AU-QLD,667.94,726.25,11.14,11.14,opennem.org.au,false,
2023-10-23 14:00:00,Australia,Queensland,AU-QLD,668.47,726.94,11.01,11.01,opennem.org.au,false,
2023-10-23 15:00:00,Australia,Queensland,AU-QLD,672.76,731.5,10.42,10.42,opennem.org.au,false,
2023-10-23 16:00:00,Australia,Queensland,AU-QLD,678.83,738.01,9.64,9.64,opennem.org.au,false,
2023-10-23 17:00:00,Australia,Queensland,AU-QLD,674.9,733.85,10.19,10.19,opennem.org.au,false,
2023-10-23 18:00:00,Australia,Queensland,AU-QLD,680.16,739.28,9.57,9.57,opennem.org.au,false,
2023-10-23 19:00:00,Australia,Queensland,AU-QLD,684.61,744.25,8.93,8.93,opennem.org.au,false,
2023-10-23 20:00:00,Australia,Queensland,AU-QLD,560.08,617.79,25.37,25.37,opennem.org.au,false,
2023-10-23 21:00:00,Australia,Queensland,AU-QLD,417.03,472.07,44.38,44.38,opennem.org.au,false,
2023-10-23 22:00:00,Australia,Queensland,AU-QLD,360.03,413.75,51.92,51.92,opennem.org.au,false,
2023-10-23 23:00:00,Australia,Queensland,AU-QLD,332.73,385.76,55.54,55.54,opennem.org.au,false,
2023-10-24 00:00:00,Australia,Queensland,AU-QLD,303.44,355.79,59.44,59.44,opennem.org.au,false,
2023-10-24 01:00:00,Australia,Queensland,AU-QLD,291.15,343.22,61.07,61.07,opennem.org.au,false,
2023-10-24 02:00:00,Australia,Queensland,AU-QLD,284.26,336.22,61.99,61.99,opennem.org.au,false,
2023-10-24 03:00:00,Australia,Queensland,AU-QLD,276.09,328.06,62.86,62.86,opennem.org.au,false,
2023-10-24 04:00:00,Australia,Queensland,AU-QLD,315.55,369.3,56.86,56.86,Electricity Maps Estimation,true,ESTIMATED_TIME_SLICER_AVERAGE
2023-10-24 05:00:00,Australia,Queensland,AU-QLD,355.18,410.74,50.83,50.83,opennem.org.au,false,
2023-10-24 06:00:00,Australia,Queensland,AU-QLD,439.45,499.64,37.45,37.45,opennem.org.au,false,
2023-10-24 07:00:00,Australia,Queensland,AU-QLD,557.53,623.6,18.88,18.88,opennem.org.au,false,
2023-10-24 08:00:00,Australia,Queensland,AU-QLD,619.98,689.13,8.83,8.83,opennem.org.au,false,
2023-10-24 09:00:00,Australia,Queensland,AU-QLD,628.32,695.04,9.39,9.39,opennem.org.au,false,
2023-10-24 10:00:00,Australia,Queensland,AU-QLD,641.28,707.79,8.28,8.28,opennem.org.au,false,
2023-10-24 11:00:00,Australia,Queensland,AU-QLD,656.65,722.23,7.37,7.37,opennem.org.au,false,
2023-10-24 12:00:00,Australia,Queensland,AU-QLD,650.13,711.82,10.56,10.56,opennem.org.au,false,
2023-10-24 13:00:00,Australia,Queensland,AU-QLD,658.51,716.29,12.24,12.24,opennem.org.au,false,
2023-10-24 14:00:00,Australia,Queensland,AU-QLD,656.34,713.95,12.62,12.62,opennem.org.au,false,
2023-10-24 15:00:00,Australia,Queensland,AU-QLD,663.64,721.67,11.61,11.61,opennem.org.au,false,
2023-10-24 16:00:00,Australia,Queensland,AU-QLD,676.03,734.62,10.03,10.03,opennem.org.au,false,
2023-10-24 17:00:00,Australia,Queensland,AU-QLD,672.2,730.69,10.52,10.52,Electricity Maps Estimation,true,ESTIMATED_TIME_SLICER_AVERAGE
2023-10-24 18:00:00,Australia,Queensland,AU-QLD,672.92,731.7,10.38,10.38,opennem.org.au,false,
2023-10-24 19:00:00,Australia,Queensland,AU-QLD,667.69,726.36,11.09,11.09,opennem.org.au,false,
2023-10-24 20:00:00,Australia,Queensland,AU-QLD,553.37,610.15,26.29,26.29,opennem.org.au,false,
2023-10-24 21:00:00,Australia,Queensland,AU-QLD,405.72,460.03,45.82,45.82,opennem.org.au,false,
2023-10-24 22:00:00,Australia,Queensland,AU-QLD,351.71,404.72,53.01,53.01,opennem.org.au,false,
2023-10-24 23:00:00,Australia,Queensland,AU-QLD,333.01,385.88,55.48,55.48,opennem.org.au,false,
2023-10-25 00:00:00,Australia,Queensland,AU-QLD,315.42,367.73,57.83,57.83,opennem.org.au,false,
2023-10-25 01:00:00,Australia,Queensland,AU-QLD,297.61,349.41,60.2,60.2,opennem.org.au,false,
2023-10-25 02:00:00,Australia,Queensland,AU-QLD,288.3,340.06,61.45,61.45,opennem.org.au,false,
2023-10-25 03:00:00,Australia,Queensland,AU-QLD,282.35,334.09,62.21,62.21,opennem.org.au,false,
2023-10-25 04:00:00,Australia,Queensland,AU-QLD,308.14,361.19,58.25,58.25,opennem.org.au,false,
2023-10-25 05:00:00,Australia,Queensland,AU-QLD,353.56,408.69,51.22,51.22,opennem.org.au,false,
2023-10-25 06:00:00,Australia,Queensland,AU-QLD,440.51,499.83,37.94,37.94,opennem.org.au,false,
2023-10-25 07:00:00,Australia,Queensland,AU-QLD,560.89,625.19,19.75,19.75,opennem.org.au,false,
2023-10-25 08:00:00,Australia,Queensland,AU-QLD,628.38,695.94,8.96,8.96,opennem.org.au,false,
2023-10-25 09:00:00,Australia,Queensland,AU-QLD,632.05,698.7,9.1,9.1,opennem.org.au,false,
2023-10-25 10:00:00,Australia,Queensland,AU-QLD,640.75,706.94,8.58,8.58,opennem.org.au,false,
2023-10-25 11:00:00,Australia,Queensland,AU-QLD,649.89,715.2,8.28,8.28,opennem.org.au,false,
2023-10-25 12:00:00,Australia,Queensland,AU-QLD,641.67,704.22,10.87,10.87,opennem.org.au,false,
2023-10-25 13:00:00,Australia,Queensland,AU-QLD,649.82,709.45,11.96,11.96,opennem.org.au,false,
2023-10-25 14:00:00,Australia,Queensland,AU-QLD,669.93,728.58,10.82,10.82,opennem.org.au,false,
2023-10-25 15:00:00,Australia,Queensland,AU-QLD,675.99,735.09,9.99,9.99,opennem.org.au,false,
2023-10-25 16:00:00,Australia,Queensland,AU-QLD,683.04,742.62,9.04,9.04,opennem.org.au,false,
2023-10-25 17:00:00,Australia,Queensland,AU-QLD,676.02,734.99,10.03,10.03,opennem.org.au,false,
2023-10-25 18:00:00,Australia,Queensland,AU-QLD,675.89,734.94,10.0,10.0,opennem.org.au,false,
2023-10-25 19:00:00,Australia,Queensland,AU-QLD,675.9,735.1,10.08,10.08,opennem.org.au,false,
2023-10-25 20:00:00,Australia,Queensland,AU-QLD,578.45,636.09,22.98,22.98,opennem.org.au,false,
2023-10-25 21:00:00,Australia,Queensland,AU-QLD,452.51,507.92,39.7,39.7,opennem.org.au,false,
2023-10-25 22:00:00,Australia,Queensland,AU-QLD,347.48,400.87,53.58,53.58,opennem.org.au,false,
2023-10-25 23:00:00,Australia,Queensland,AU-QLD,320.87,373.5,57.15,57.15,opennem.org.au,false,
2023-10-26 00:00:00,Australia,Queensland,AU-QLD,313.64,366.06,58.11,58.11,opennem.org.au,false,
2023-10-26 01:00:00,Australia,Queensland,AU-QLD,299.32,351.66,60.0,60.0,opennem.org.au,false,
2023-10-26 02:00:00,Australia,Queensland,AU-QLD,282.74,334.61,62.2,62.2,opennem.org.au,false,
2023-10-26 03:00:00,Australia,Queensland,AU-QLD,322.6,375.29,56.71,56.71,Electricity Maps Estimation,true,ESTIMATED_TIME_SLICER_AVERAGE
2023-10-26 04:00:00,Australia,Queensland,AU-QLD,342.71,395.82,53.94,53.94,opennem.org.au; Electricity Maps Estimation,false,
2023-10-26 05:00:00,Australia,Queensland,AU-QLD,394.51,449.43,46.28,46.28,opennem.org.au,false,
2023-10-26 06:00:00,Australia,Queensland,AU-QLD,480.79,540.6,32.28,32.28,opennem.org.au,false,
2023-10-26 07:00:00,Australia,Queensland,AU-QLD,563.39,628.27,18.11,18.11,opennem.org.au,false,
2023-10-26 08:00:00,Australia,Queensland,AU-QLD,602.65,668.57,12.38,12.38,opennem.org.au,false,
2023-10-26 09:00:00,Australia,Queensland,AU-QLD,610.99,675.16,12.58,12.58,opennem.org.au,false,
2023-10-26 10:00:00,Australia,Queensland,AU-QLD,626.99,689.72,11.7,11.7,opennem.org.au,false,
2023-10-26 11:00:00,Australia,Queensland,AU-QLD,642.9,705.35,10.33,10.33,opennem.org.au,false,
2023-10-26 12:00:00,Australia,Queensland,AU-QLD,639.37,697.71,13.54,13.54,opennem.org.au,false,
2023-10-26 13:00:00,Australia,Queensland,AU-QLD,639.29,695.64,14.92,14.92,opennem.org.au,false,
2023-10-26 14:00:00,Australia,Queensland,AU-QLD,639.66,696.13,14.8,14.8,opennem.org.au,false,
2023-10-26 15:00:00,Australia,Queensland,AU-QLD,647.74,704.89,13.69,13.69,opennem.org.au,false,
2023-10-26 16:00:00,Australia,Queensland,AU-QLD,666.29,724.31,11.28,11.28,opennem.org.au,false,
2023-10-26 17:00:00,Australia,Queensland,AU-QLD,671.36,729.61,10.62,10.62,opennem.org.au,false,
2023-10-26 18:00:00,Australia,Queensland,AU-QLD,663.52,721.69,11.61,11.61,opennem.org.au,false,
2023-10-26 19:00:00,Australia,Queensland,AU-QLD,657.76,715.61,12.44,12.44,opennem.org.au,false,
2023-10-26 20:00:00,Australia,Queensland,AU-QLD,558.61,614.89,25.61,25.61,opennem.org.au,false,
2023-10-26 21:00:00,Australia,Queensland,AU-QLD,441.23,496.07,41.17,41.17,opennem.org.au,false,
2023-10-26 22:00:00,Australia,Queensland,AU-QLD,350.79,403.76,53.12,53.12,opennem.org.au,false,
2023-10-26 23:00:00,Australia,Queensland,AU-QLD,335.09,387.72,55.2,55.2,opennem.org.au,false,
2023-10-27 00:00:00,Australia,Queensland,AU-QLD,330.61,382.79,55.82,55.82,opennem.org.au,false,
2023-10-27 01:00:00,Australia,Queensland,AU-QLD,327.04,379.12,56.28,56.28,opennem.org.au,false,
2023-10-27 02:00:00,Australia,Queensland,AU-QLD,330.85,382.94,55.77,55.77,opennem.org.au,false,
2023-10-27 03:00:00,Australia,Queensland,AU-QLD,345.16,397.25,53.87,53.87,opennem.org.au,false,
2023-10-27 04:00:00,Australia,Queensland,AU-QLD,351.45,403.49,52.89,52.89,opennem.org.au,false,
2023-10-27 05:00:00,Australia,Queensland,AU-QLD,385.33,439.57,47.24,47.24,opennem.org.au,false,
2023-10-27 06:00:00,Australia,Queensland,AU-QLD,446.49,502.83,38.4,38.4,opennem.org.au,false,
2023-10-27 07:00:00,Australia,Queensland,AU-QLD,546.16,604.41,24.66,24.66,opennem.org.au,false,
2023-10-27 08:00:00,Australia,Queensland,AU-QLD,625.21,684.39,14.32,14.32,opennem.org.au,false,
2023-10-27 09:00:00,Australia,Queensland,AU-QLD,633.94,693.6,13.03,13.03,opennem.org.au,false,
2023-10-27 10:00:00,Australia,Queensland,AU-QLD,629.66,689.8,13.16,13.16,opennem.org.au,false,
2023-10-27 11:00:00,Australia,Queensland,AU-QLD,635.34,695.34,12.69,12.69,opennem.org.au,false,
2023-10-27 12:00:00,Australia,Queensland,AU-QLD,647.94,705.89,12.83,12.83,opennem.org.au,false,
2023-10-27 13:00:00,Australia,Queensland,AU-QLD,651.95,708.7,13.25,13.25,opennem.org.au,false,
2023-10-27 14:00:00,Australia,Queensland,AU-QLD,651.8,708.61,13.2,13.2,opennem.org.au,false,
2023-10-27 15:00:00,Australia,Queensland,AU-QLD,648.22,705.05,13.63,13.63,opennem.org.au,false,
2023-10-27 16:00:00,Australia,Queensland,AU-QLD,659.48,717.25,12.12,12.12,opennem.org.au,false,
2023-10-27 17:00:00,Australia,Queensland,AU-QLD,665.63,723.92,11.3,11.3,opennem.org.au,false,
2023-10-27 18:00:00,Australia,Queensland,AU-QLD,665.65,723.38,11.48,11.48,opennem.org.au,false,
2023-10-27 19:00:00,Australia,Queensland,AU-QLD,636.83,693.65,15.13,15.13,opennem.org.au,false,
2023-10-27 20:00:00,Australia,Queensland,AU-QLD,465.99,520.05,37.71,37.71,opennem.org.au,false,
2023-10-27 21:00:00,Australia,Queensland,AU-QLD,370.09,422.59,50.47,50.47,opennem.org.au,false,
2023-10-27 22:00:00,Australia,Queensland,AU-QLD,336.34,388.32,54.98,54.98,opennem.org.au,false,
2023-10-27 23:00:00,Australia,Queensland,AU-QLD,321.32,373.5,56.98,56.98,opennem.org.au,false,
2023-10-28 00:00:00,Australia,Queensland,AU-QLD,299.48,351.72,59.89,59.89,opennem.org.au,false,
2023-10-28 01:00:00,Australia,Queensland,AU-QLD,296.09,348.4,60.34,60.34,opennem.org.au,false,
2023-10-28 02:00:00,Australia,Queensland,AU-QLD,294.92,347.25,60.5,60.5,opennem.org.au,false,
2023-10-28 03:00:00,Australia,Queensland,AU-QLD,304.66,357.17,59.2,59.2,opennem.org.au,false,
2023-10-28 04:00:00,Australia,Queensland,AU-QLD,327.04,380.0,56.23,56.23,opennem.org.au,false,
2023-10-28 05:00:00,Australia,Queensland,AU-QLD,356.71,410.7,51.88,51.88,opennem.org.au,false,
2023-10-28 06:00:00,Australia,Queensland,AU-QLD,420.56,475.85,43.07,43.07,opennem.org.au,false,
2023-10-28 07:00:00,Australia,Queensland,AU-QLD,553.6,610.31,25.43,25.43,opennem.org.au,false,
2023-10-28 08:00:00,Australia,Queensland,AU-QLD,637.73,695.46,14.21,14.21,opennem.org.au,false,
2023-10-28 09:00:00,Australia,Queensland,AU-QLD,632.24,689.84,14.59,14.59,opennem.org.au,false,
2023-10-28 10:00:00,Australia,Queensland,AU-QLD,618.74,676.19,16.11,16.11,opennem.org.au,false,
2023-10-28 11:00:00,Australia,Queensland,AU-QLD,628.1,685.95,14.94,14.94,opennem.org.au,false,
2023-10-28 12:00:00,Australia,Queensland,AU-QLD,618.28,674.43,17.11,17.11,opennem.org.au,false,
2023-10-28 13:00:00,Australia,Queensland,AU-QLD,619.48,674.75,17.53,17.53,opennem.org.au,false,
2023-10-28 14:00:00,Australia,Queensland,AU-QLD,621.13,676.47,17.32,17.32,opennem.org.au,false,
2023-10-28 15:00:00,Australia,Queensland,AU-QLD,626.85,682.71,16.52,16.52,opennem.org.au,false,
2023-10-28 16:00:00,Australia,Queensland,AU-QLD,630.74,686.91,16.01,16.01,opennem.org.au,false,
2023-10-28 17:00:00,Australia,Queensland,AU-QLD,641.11,697.45,14.62,14.62,opennem.org.au,false,
2023-10-28 18:00:00,Australia,Queensland,AU-QLD,639.53,695.47,14.82,14.82,opennem.org.au,false,
2023-10-28 19:00:00,Australia,Queensland,AU-QLD,624.93,680.34,16.86,16.86,opennem.org.au,false,
2023-10-28 20:00:00,Australia,Queensland,AU-QLD,513.61,568.09,31.45,31.45,opennem.org.au,false,
2023-10-28 21:00:00,Australia,Queensland,AU-QLD,397.47,450.53,46.83,46.83,opennem.org.au,false,
2023-10-28 22:00:00,Australia,Queensland,AU-QLD,349.12,401.6,53.29,53.29,opennem.org.au,false,
2023-10-28 23:00:00,Australia,Queensland,AU-QLD,339.96,392.54,54.49,54.49,opennem.org.au,false,
2023-10-29 00:00:00,Australia,Queensland,AU-QLD,359.92,413.33,51.82,51.82,opennem.org.au,false,
2023-10-29 01:00:00,Australia,Queensland,AU-QLD,351.87,405.22,52.91,52.91,opennem.org.au,false,
2023-10-29 02:00:00,Australia,Queensland,AU-QLD,345.41,398.7,53.77,53.77,opennem.org.au,false,
2023-10-29 03:00:00,Australia,Queensland,AU-QLD,346.39,399.69,53.65,53.65,opennem.org.au,false,
2023-10-29 04:00:00,Australia,Queensland,AU-QLD,331.82,384.64,55.62,55.62,opennem.org.au,false,
2023-10-29 05:00:00,Australia,Queensland,AU-QLD,359.96,413.85,51.47,51.47,opennem.org.au,false,
2023-10-29 06:00:00,Australia,Queensland,AU-QLD,445.74,501.18,40.01,40.01,opennem.org.au,false,
2023-10-29 07:00:00,Australia,Queensland,AU-QLD,575.64,633.62,22.37,22.37,opennem.org.au,false,
2023-10-29 08:00:00,Australia,Queensland,AU-QLD,653.05,711.74,12.18,12.18,opennem.org.au,false,
2023-10-29 09:00:00,Australia,Queensland,AU-QLD,653.58,712.06,12.0,12.0,opennem.org.au,false,
2023-10-29 10:00:00,Australia,Queensland,AU-QLD,632.92,690.93,14.27,14.27,opennem.org.au,false,
2023-10-29 11:00:00,Australia,Queensland,AU-QLD,636.59,695.03,13.79,13.79,opennem.org.au,false,
2023-10-29 12:00:00,Australia,Queensland,AU-QLD,631.18,688.58,15.12,15.12,opennem.org.au,false,
2023-10-29 13:00:00,Australia,Queensland,AU-QLD,635.67,692.07,15.35,15.35,opennem.org.au,false,
2023-10-29 14:00:00,Australia,Queensland,AU-QLD,623.46,679.16,16.96,16.96,opennem.org.au,false,
2023-10-29 15:00:00,Australia,Queensland,AU-QLD,626.02,681.83,16.6,16.6,opennem.org.au,false,
2023-10-29 16:00:00,Australia,Queensland,AU-QLD,644.03,700.39,14.19,14.19,opennem.org.au,false,
2023-10-29 17:00:00,Australia,Queensland,AU-QLD,651.19,707.69,13.23,13.23,opennem.org.au,false,
2023-10-29 18:00:00,Australia,Queensland,AU-QLD,656.87,713.84,12.65,12.65,opennem.org.au,false,
2023-10-29 19:00:00,Australia,Queensland,AU-QLD,644.15,701.22,14.3,14.3,opennem.org.au,false,
2023-10-29 20:00:00,Australia,Queensland,AU-QLD,504.5,559.32,32.72,32.72,opennem.org.au,false,
2023-10-29 21:00:00,Australia,Queensland,AU-QLD,372.55,425.52,50.17,50.17,opennem.org.au,false,
2023-10-29 22:00:00,Australia,Queensland,AU-QLD,333.25,385.44,55.42,55.42,opennem.org.au,false,
2023-10-29 23:00:00,Australia,Queensland,AU-QLD,323.06,375.44,56.77,56.77,opennem.org.au,false,
2023-10-30 00:00:00,Australia,Queensland,AU-QLD,306.42,358.83,58.97,58.97,opennem.org.au,false,
2023-10-30 01:00:00,Australia,Queensland,AU-QLD,299.16,351.45,59.94,59.94,opennem.org.au,false,
2023-10-30 02:00:00,Australia,Queensland,AU-QLD,293.73,346.05,60.68,60.68,opennem.org.au,false,
2023-10-30 03:00:00,Australia,Queensland,AU-QLD,275.53,327.44,63.14,63.14,opennem.org.au,false,
2023-10-30 04:00:00,Australia,Queensland,AU-QLD,299.2,351.9,59.72,59.72,opennem.org.au,false,
2023-10-30 05:00:00,Australia,Queensland,AU-QLD,340.13,394.49,53.45,53.45,opennem.org.au,false,
2023-10-30 06:00:00,Australia,Queensland,AU-QLD,418.68,476.79,41.43,41.43,opennem.org.au,false,
2023-10-30 07:00:00,Australia,Queensland,AU-QLD,544.46,608.86,21.6,21.6,opennem.org.au,false,
2023-10-30 08:00:00,Australia,Queensland,AU-QLD,618.41,686.01,9.9,9.9,opennem.org.au,false,
2023-10-30 09:00:00,Australia,Queensland,AU-QLD,629.4,694.79,10.05,10.05,opennem.org.au,false,
2023-10-30 10:00:00,Australia,Queensland,AU-QLD,632.29,696.83,10.32,10.32,opennem.org.au,false,
2023-10-30 11:00:00,Australia,Queensland,AU-QLD,631.12,693.46,11.64,11.64,opennem.org.au,false,
2023-10-30 12:00:00,Australia,Queensland,AU-QLD,623.1,680.84,15.46,15.46,opennem.org.au,false,
2023-10-30 13:00:00,Australia,Queensland,AU-QLD,619.34,674.46,17.51,17.51,opennem.org.au,false,
2023-10-30 14:00:00,Australia,Queensland,AU-QLD,634.85,690.84,15.42,15.42,opennem.org.au,false,
2023-10-30 15:00:00,Australia,Queensland,AU-QLD,641.36,697.68,14.58,14.58,opennem.org.au,false,
2023-10-30 16:00:00,Australia,Queensland,AU-QLD,640.6,697.05,14.61,14.61,opennem.org.au,false,
2023-10-30 17:00:00,Australia,Queensland,AU-QLD,639.61,696.03,14.75,14.75,opennem.org.au,false,
2023-10-30 18:00:00,Australia,Queensland,AU-QLD,630.58,686.34,16.07,16.07,opennem.org.au,false,
2023-10-30 19:00:00,Australia,Queensland,AU-QLD,623.95,679.69,16.96,16.96,opennem.org.au,false,
2023-10-30 20:00:00,Australia,Queensland,AU-QLD,495.74,549.82,33.88,33.88,opennem.org.au,false,
2023-10-30 21:00:00,Australia,Queensland,AU-QLD,365.22,417.45,51.16,51.16,opennem.org.au,false,
2023-10-30 22:00:00,Australia,Queensland,AU-QLD,340.5,392.68,54.48,54.48,opennem.org.au,false,
2023-10-30 23:00:00,Australia,Queensland,AU-QLD,309.37,361.02,58.62,58.62,opennem.org.au,false,
2023-10-31 00:00:00,Australia,Queensland,AU-QLD,293.4,344.88,60.74,60.74,opennem.org.au,false,
2023-10-31 01:00:00,Australia,Queensland,AU-QLD,299.48,351.23,59.92,59.92,opennem.org.au,false,
2023-10-31 02:00:00,Australia,Queensland,AU-QLD,283.89,335.02,62.22,62.22,opennem.org.au,false,
2023-10-31 03:00:00,Australia,Queensland,AU-QLD,265.21,316.58,64.47,64.47,opennem.org.au,false,
2023-10-31 04:00:00,Australia,Queensland,AU-QLD,272.98,324.53,63.2,63.2,opennem.org.au,false,
2023-10-31 05:00:00,Australia,Queensland,AU-QLD,338.79,392.71,53.58,53.58,opennem.org.au,false,
2023-10-31 06:00:00,Australia,Queensland,AU-QLD,443.87,502.03,37.97,37.97,opennem.org.au,false,
2023-10-31 07:00:00,Australia,Queensland,AU-QLD,542.39,606.89,21.33,21.33,opennem.org.au,false,
2023-10-31 08:00:00,Australia,Queensland,AU-QLD,610.63,677.97,10.88,10.88,opennem.org.au,false,
2023-10-31 09:00:00,Australia,Queensland,AU-QLD,617.85,685.2,10.02,10.02,opennem.org.au,false,
2023-10-31 10:00:00,Australia,Queensland,AU-QLD,618.59,683.77,11.33,11.33,opennem.org.au,false,
2023-10-31 11:00:00,Australia,Queensland,AU-QLD,632.02,695.33,11.2,11.2,opennem.org.au,false,
2023-10-31 12:00:00,Australia,Queensland,AU-QLD,636.18,698.36,11.53,11.53,opennem.org.au,false,
2023-10-31 13:00:00,Australia,Queensland,AU-QLD,660.62,721.55,10.08,10.08,opennem.org.au,false,
2023-10-31 14:00:00,Australia,Queensland,AU-QLD,676.7,738.1,8.21,8.21,opennem.org.au,false,
2023-10-31 15:00:00,Australia,Queensland,AU-QLD,670.88,732.13,8.87,8.87,opennem.org.au,false,
2023-10-31 16:00:00,Australia,Queensland,AU-QLD,657.35,717.78,10.61,10.61,opennem.org.au,false,
2023-10-31 17:00:00,Australia,Queensland,AU-QLD,667.7,728.84,9.23,9.23,opennem.org.au,false,
2023-10-31 18:00:00,Australia,Queensland,AU-QLD,684.71,746.79,7.02,7.02,opennem.org.au,false,
2023-10-31 19:00:00,Australia,Queensland,AU-QLD,681.32,743.45,7.6,7.6,opennem.org.au,false,
2023-10-31 20:00:00,Australia,Queensland,AU-QLD,547.78,604.83,26.46,26.46,opennem.org.au,false,
2023-10-31 21:00:00,Australia,Queensland,AU-QLD,413.86,467.99,44.71,44.71,opennem.org.au,false,
2023-10-31 22:00:00,Australia,Queensland,AU-QLD,351.58,404.65,52.98,52.98,opennem.org.au,false,
2023-10-31 23:00:00,Australia,Queensland,AU-QLD,327.61,380.2,56.18,56.18,opennem.org.au,false,
2023-11-01 00:00:00,Australia,Queensland,AU-QLD,308.25,360.48,58.76,58.76,opennem.org.au,false,
2023-11-01 01:00:00,Australia,Queensland,AU-QLD,301.79,353.67,59.62,59.62,opennem.org.au,false,
2023-11-01 02:00:00,Australia,Queensland,AU-QLD,287.78,339.47,61.49,61.49,opennem.org.au,false,
2023-11-01 03:00:00,Australia,Queensland,AU-QLD,293.26,344.76,60.77,60.77,opennem.org.au,false,
2023-11-01 04:00:00,Australia,Queensland,AU-QLD,346.47,399.05,53.46,53.46,opennem.org.au,false,
2023-11-01 05:00:00,Australia,Queensland,AU-QLD,391.47,446.21,46.67,46.67,opennem.org.au,false,
2023-11-01 06:00:00,Australia,Queensland,AU-QLD,468.63,527.68,34.63,34.63,opennem.org.au,false,
2023-11-01 07:00:00,Australia,Queensland,AU-QLD,549.94,612.31,22.15,22.15,opennem.org.au,false,
2023-11-01 08:00:00,Australia,Queensland,AU-QLD,611.0,675.21,12.83,12.83,opennem.org.au,false,
2023-11-01 09:00:00,Australia,Queensland,AU-QLD,611.25,675.81,12.4,12.4,opennem.org.au,false,
2023-11-01 10:00:00,Australia,Queensland,AU-QLD,622.52,686.69,11.51,11.51,opennem.org.au,false,
2023-11-01 11:00:00,Australia,Queensland,AU-QLD,624.42,686.81,12.42,12.42,opennem.org.au,false,
2023-11-01 12:00:00,Australia,Queensland,AU-QLD,635.9,694.11,14.07,14.07,opennem.org.au,false,
2023-11-01 13:00:00,Australia,Queensland,AU-QLD,640.71,697.28,14.67,14.67,opennem.org.au,false,
2023-11-01 14:00:00,Australia,Queensland,AU-QLD,640.74,697.38,14.62,14.62,opennem.org.au,false,
2023-11-01 15:00:00,Australia,Queensland,AU-QLD,647.3,704.06,13.72,13.72,opennem.org.au,false,
2023-11-01 16:00:00,Australia,Queensland,AU-QLD,643.72,700.22,14.18,14.18,opennem.org.au,false,
2023-11-01 17:00:00,Australia,Queensland,AU-QLD,644.23,700.61,14.1,14.1,opennem.org.au,false,
2023-11-01 18:00:00,Australia,Queensland,AU-QLD,643.07,699.23,14.28,14.28,opennem.org.au,false,
2023-11-01 19:00:00,Australia,Queensland,AU-QLD,633.27,689.38,15.67,15.67,opennem.org.au,false,
2023-11-01 20:00:00,Australia,Queensland,AU-QLD,539.31,594.24,28.12,28.12,opennem.org.au,false,
2023-11-01 21:00:00,Australia,Queensland,AU-QLD,404.82,457.61,45.95,45.95,opennem.org.au,false,
2023-11-01 22:00:00,Australia,Queensland,AU-QLD,338.68,390.52,54.73,54.73,opennem.org.au,false,
2023-11-01 23:00:00,Australia,Queensland,AU-QLD,314.86,366.39,57.9,57.9,opennem.org.au,false,
2023-11-02 00:00:00,Australia,Queensland,AU-QLD,296.1,347.68,60.38,60.38,opennem.org.au,false,
2023-11-02 01:00:00,Australia,Queensland,AU-QLD,288.65,340.45,61.36,61.36,opennem.org.au,false,
2023-11-02 02:00:00,Australia,Queensland,AU-QLD,291.63,343.52,60.96,60.96,opennem.org.au,false,
2023-11-02 03:00:00,Australia,Queensland,AU-QLD,285.8,337.54,61.75,61.75,opennem.org.au,false,
2023-11-02 04:00:00,Australia,Queensland,AU-QLD,292.94,345.2,60.47,60.47,opennem.org.au,false,
2023-11-02 05:00:00,Australia,Queensland,AU-QLD,337.48,392.05,53.7,53.7,opennem.org.au,false,
2023-11-02 06:00:00,Australia,Queensland,AU-QLD,427.5,485.52,40.22,40.22,opennem.org.au,false,
2023-11-02 07:00:00,Australia,Queensland,AU-QLD,551.58,613.46,21.98,21.98,opennem.org.au,false,
2023-11-02 08:00:00,Australia,Queensland,AU-QLD,611.74,675.01,13.19,13.19,opennem.org.au,false,
2023-11-02 09:00:00,Australia,Queensland,AU-QLD,612.81,675.28,13.51,13.51,opennem.org.au,false,
2023-11-02 10:00:00,Australia,Queensland,AU-QLD,617.15,678.93,13.39,13.39,opennem.org.au,false,
2023-11-02 11:00:00,Australia,Queensland,AU-QLD,610.13,670.95,14.7,14.7,opennem.org.au,false,
2023-11-02 12:00:00,Australia,Queensland,AU-QLD,621.82,678.33,16.39,16.39,opennem.org.au,false,
2023-11-02 13:00:00,Australia,Queensland,AU-QLD,629.85,685.57,16.17,16.17,opennem.org.au,false,
2023-11-02 14:00:00,Australia,Queensland,AU-QLD,646.23,702.95,13.94,13.94,opennem.org.au,false,
2023-11-02 15:00:00,Australia,Queensland,AU-QLD,643.49,700.05,14.28,14.28,opennem.org.au,false,
2023-11-02 16:00:00,Australia,Queensland,AU-QLD,647.21,704.13,13.77,13.77,opennem.org.au,false,
2023-11-02 17:00:00,Australia,Queensland,AU-QLD,649.38,706.34,13.48,13.48,opennem.org.au,false,
2023-11-02 18:00:00,Australia,Queensland,AU-QLD,655.17,712.47,12.73,12.73,opennem.org.au,false,
2023-11-02 19:00:00,Australia,Queensland,AU-QLD,639.4,696.1,14.88,14.88,opennem.org.au,false,
2023-11-02 20:00:00,Australia,Queensland,AU-QLD,551.62,606.42,26.52,26.52,opennem.org.au,false,
2023-11-02 21:00:00,Australia,Queensland,AU-QLD,453.46,507.11,39.53,39.53,opennem.org.au,false,
2023-11-02 22:00:00,Australia,Queensland,AU-QLD,411.82,464.98,45.1,45.1,opennem.org.au,false,
2023-11-02 23:00:00,Australia,Queensland,AU-QLD,392.82,445.97,47.61,47.61,opennem.org.au,false,
2023-11-03 00:00:00,Australia,Queensland,AU-QLD,360.06,412.26,51.95,51.95,opennem.org.au,false,
2023-11-03 01:00:00,Australia,Queensland,AU-QLD,373.59,426.5,50.15,50.15,opennem.org.au,false,
2023-11-03 02:00:00,Australia,Queensland,AU-QLD,358.35,411.12,52.17,52.17,opennem.org.au,false,
2023-11-03 03:00:00,Australia,Queensland,AU-QLD,372.24,425.28,50.34,50.34,opennem.org.au,false,
2023-11-03 04:00:00,Australia,Queensland,AU-QLD,390.88,444.61,47.74,47.74,opennem.org.au,false,
2023-11-03 05:00:00,Australia,Queensland,AU-QLD,443.07,498.47,40.35,40.35,opennem.org.au,false,
2023-11-03 06:00:00,Australia,Queensland,AU-QLD,523.08,581.75,28.37,28.37,opennem.org.au,false,
2023-11-03 07:00:00,Australia,Queensland,AU-QLD,596.72,657.7,17.39,17.39,opennem.org.au,false,
2023-11-03 08:00:00,Australia,Queensland,AU-QLD,622.08,682.38,13.9,13.9,opennem.org.au,false,
2023-11-03 09:00:00,Australia,Queensland,AU-QLD,617.87,678.15,14.25,14.25,opennem.org.au,false,
2023-11-03 10:00:00,Australia,Queensland,AU-QLD,617.24,675.09,15.85,15.85,opennem.org.au,false,
2023-11-03 11:00:00,Australia,Queensland,AU-QLD,625.45,681.86,16.02,16.02,opennem.org.au,false,
2023-11-03 12:00:00,Australia,Queensland,AU-QLD,632.59,688.16,15.85,15.85,opennem.org.au,false,
2023-11-03 13:00:00,Australia,Queensland,AU-QLD,637.01,692.82,15.22,15.22,opennem.org.au,false,
2023-11-03 14:00:00,Australia,Queensland,AU-QLD,636.38,692.37,15.25,15.25,opennem.org.au,false,
2023-11-03 15:00:00,Australia,Queensland,AU-QLD,642.05,698.4,14.48,14.48,opennem.org.au,false,
2023-11-03 16:00:00,Australia,Queensland,AU-QLD,644.62,701.2,14.14,14.14,opennem.org.au,false,
2023-11-03 17:00:00,Australia,Queensland,AU-QLD,646.77,703.44,13.86,13.86,opennem.org.au,false,
2023-11-03 18:00:00,Australia,Queensland,AU-QLD,650.4,707.02,13.46,13.46,opennem.org.au,false,
2023-11-03 19:00:00,Australia,Queensland,AU-QLD,638.59,694.75,15.16,15.16,opennem.org.au,false,
2023-11-03 20:00:00,Australia,Queensland,AU-QLD,510.92,565.05,31.8,31.8,opennem.org.au,false,
2023-11-03 21:00:00,Australia,Queensland,AU-QLD,391.47,443.57,47.67,47.67,opennem.org.au,false,
2023-11-03 22:00:00,Australia,Queensland,AU-QLD,348.96,400.74,53.36,53.36,opennem.org.au,false,
2023-11-03 23:00:00,Australia,Queensland,AU-QLD,342.17,394.22,54.27,54.27,opennem.org.au,false,
2023-11-04 00:00:00,Australia,Queensland,AU-QLD,335.35,387.75,55.2,55.2,opennem.org.au,false,
2023-11-04 01:00:00,Australia,Queensland,AU-QLD,331.96,384.47,55.63,55.63,opennem.org.au,false,
2023-11-04 02:00:00,Australia,Queensland,AU-QLD,329.46,382.08,55.97,55.97,opennem.org.au,false,
2023-11-04 03:00:00,Australia,Queensland,AU-QLD,349.56,402.48,53.33,53.33,opennem.org.au,false,
2023-11-04 04:00:00,Australia,Queensland,AU-QLD,379.48,432.98,49.39,49.39,opennem.org.au,false,
2023-11-04 05:00:00,Australia,Queensland,AU-QLD,415.48,469.24,44.64,44.64,opennem.org.au,false,
2023-11-04 06:00:00,Australia,Queensland,AU-QLD,489.64,544.33,34.88,34.88,opennem.org.au,false,
2023-11-04 07:00:00,Australia,Queensland,AU-QLD,571.85,626.67,24.09,24.09,opennem.org.au,false,
2023-11-04 08:00:00,Australia,Queensland,AU-QLD,621.99,675.87,17.81,17.81,opennem.org.au,false,
2023-11-04 09:00:00,Australia,Queensland,AU-QLD,629.45,683.2,17.01,17.01,opennem.org.au,false,
2023-11-04 10:00:00,Australia,Queensland,AU-QLD,641.57,697.21,14.85,14.85,opennem.org.au,false,
2023-11-04 11:00:00,Australia,Queensland,AU-QLD,641.84,697.72,14.68,14.68,opennem.org.au,false,
2023-11-04 12:00:00,Australia,Queensland,AU-QLD,639.68,695.33,14.93,14.93,opennem.org.au,false,
2023-11-04 13:00:00,Australia,Queensland,AU-QLD,638.76,694.42,14.99,14.99,opennem.org.au,false,
2023-11-04 14:00:00,Australia,Queensland,AU-QLD,646.59,702.57,13.91,13.91,opennem.org.au,false,
2023-11-04 15:00:00,Australia,Queensland,AU-QLD,654.39,710.95,12.86,12.86,opennem.org.au,false,
2023-11-04 16:00:00,Australia,Queensland,AU-QLD,656.55,713.25,12.56,12.56,opennem.org.au,false,
2023-11-04 17:00:00,Australia,Queensland,AU-QLD,651.69,708.16,13.2,13.2,opennem.org.au,false,
2023-11-04 18:00:00,Australia,Queensland,AU-QLD,652.32,708.74,13.14,13.14,opennem.org.au,false,
2023-11-04 19:00:00,Australia,Queensland,AU-QLD,653.2,709.89,13.03,13.03,opennem.org.au,false,
2023-11-04 20:00:00,Australia,Queensland,AU-QLD,600.51,656.93,19.97,19.97,opennem.org.au,false,
2023-11-04 21:00:00,Australia,Queensland,AU-QLD,536.37,592.41,28.54,28.54,opennem.org.au,false,
2023-11-04 22:00:00,Australia,Queensland,AU-QLD,490.4,546.5,34.65,34.65,opennem.org.au,false,
2023-11-04 23:00:00,Australia,Queensland,AU-QLD,435.95,490.74,41.89,41.89,opennem.org.au,false,
2023-11-05 00:00:00,Australia,Queensland,AU-QLD,408.95,463.13,45.48,45.48,opennem.org.au,false,
2023-11-05 01:00:00,Australia,Queensland,AU-QLD,402.6,456.33,46.33,46.33,opennem.org.au,false,
2023-11-05 02:00:00,Australia,Queensland,AU-QLD,392.06,445.87,47.73,47.73,opennem.org.au,false,
2023-11-05 03:00:00,Australia,Queensland,AU-QLD,407.19,461.39,45.73,45.73,opennem.org.au,false,
2023-11-05 04:00:00,Australia,Queensland,AU-QLD,422.06,476.48,43.75,43.75,opennem.org.au,false,
2023-11-05 05:00:00,Australia,Queensland,AU-QLD,453.32,508.92,39.21,39.21,opennem.org.au,false,
2023-11-05 06:00:00,Australia,Queensland,AU-QLD,526.67,583.72,29.33,29.33,opennem.org.au,false,
2023-11-05 07:00:00,Australia,Queensland,AU-QLD,596.66,654.18,19.72,19.72,opennem.org.au,false,
2023-11-05 08:00:00,Australia,Queensland,AU-QLD,630.88,687.63,15.21,15.21,opennem.org.au,false,
2023-11-05 09:00:00,Australia,Queensland,AU-QLD,632.05,688.51,15.07,15.07,opennem.org.au,false,
2023-11-05 10:00:00,Australia,Queensland,AU-QLD,632.71,690.1,14.45,14.45,opennem.org.au,false,
2023-11-05 11:00:00,Australia,Queensland,AU-QLD,636.59,694.48,13.78,13.78,opennem.org.au,false,
2023-11-05 12:00:00,Australia,Queensland,AU-QLD,631.07,688.77,14.43,14.43,opennem.org.au,false,
2023-11-05 13:00:00,Australia,Queensland,AU-QLD,626.27,682.97,15.57,15.57,opennem.org.au,false,
2023-11-05 14:00:00,Australia,Queensland,AU-QLD,651.32,707.73,13.28,13.28,opennem.org.au,false,
2023-11-05 15:00:00,Australia,Queensland,AU-QLD,652.85,709.55,13.02,13.02,opennem.org.au,false,
2023-11-05 16:00:00,Australia,Queensland,AU-QLD,650.25,706.73,13.34,13.34,opennem.org.au,false,
2023-11-05 17:00:00,Australia,Queensland,AU-QLD,661.31,718.51,11.89,11.89,opennem.org.au,false,
2023-11-05 18:00:00,Australia,Queensland,AU-QLD,675.16,733.19,10.08,10.08,opennem.org.au,false,
2023-11-05 19:00:00,Australia,Queensland,AU-QLD,654.47,711.58,12.95,12.95,opennem.org.au,false,
2023-11-05 20:00:00,Australia,Queensland,AU-QLD,580.6,636.64,22.65,22.65,opennem.org.au,false,
2023-11-05 21:00:00,Australia,Queensland,AU-QLD,515.5,570.85,31.32,31.32,opennem.org.au,false,
2023-11-05 22:00:00,Australia,Queensland,AU-QLD,449.09,503.31,40.15,40.15,opennem.org.au,false,
2023-11-05 23:00:00,Australia,Queensland,AU-QLD,411.82,465.42,45.11,45.11,opennem.org.au,false,
2023-11-06 00:00:00,Australia,Queensland,AU-QLD,406.31,459.98,45.85,45.85,opennem.org.au,false,
2023-11-06 01:00:00,Australia,Queensland,AU-QLD,408.29,462.3,45.57,45.57,opennem.org.au,false,
2023-11-06 02:00:00,Australia,Queensland,AU-QLD,419.36,473.74,44.11,44.11,opennem.org.au,false,
2023-11-06 03:00:00,Australia,Queensland,AU-QLD,416.68,470.96,44.47,44.47,opennem.org.au,false,
2023-11-06 04:00:00,Australia,Queensland,AU-QLD,438.95,493.95,41.19,41.19,opennem.org.au,false,
2023-11-06 05:00:00,Australia,Queensland,AU-QLD,453.32,509.67,38.28,38.28,opennem.org.au,false,
2023-11-06 06:00:00,Australia,Queensland,AU-QLD,499.7,558.44,30.55,30.55,opennem.org.au,false,
2023-11-06 07:00:00,Australia,Queensland,AU-QLD,568.23,629.94,19.69,19.69,opennem.org.au,false,
2023-11-06 08:00:00,Australia,Queensland,AU-QLD,624.86,688.55,11.29,11.29,opennem.org.au,false,
2023-11-06 09:00:00,Australia,Queensland,AU-QLD,622.4,684.81,12.16,12.16,opennem.org.au,false,
2023-11-06 10:00:00,Australia,Queensland,AU-QLD,622.57,684.45,12.54,12.54,opennem.org.au,false,
2023-11-06 11:00:00,Australia,Queensland,AU-QLD,622.43,683.81,12.9,12.9,opennem.org.au,false,
2023-11-06 12:00:00,Australia,Queensland,AU-QLD,627.83,686.89,13.86,13.86,opennem.org.au,false,
2023-11-06 13:00:00,Australia,Queensland,AU-QLD,642.3,698.33,14.47,14.47,opennem.org.au,false,
2023-11-06 14:00:00,Australia,Queensland,AU-QLD,659.86,716.8,12.13,12.13,opennem.org.au,false,
2023-11-06 15:00:00,Australia,Queensland,AU-QLD,660.02,717.08,12.08,12.08,opennem.org.au,false,
2023-11-06 16:00:00,Australia,Queensland,AU-QLD,655.78,712.54,12.62,12.62,opennem.org.au,false,
2023-11-06 17:00:00,Australia,Queensland,AU-QLD,655.59,712.43,12.63,12.63,opennem.org.au,false,
2023-11-06 18:00:00,Australia,Queensland,AU-QLD,665.81,723.07,11.33,11.33,opennem.org.au,false,
2023-11-06 19:00:00,Australia,Queensland,AU-QLD,640.05,696.38,14.85,14.85,opennem.org.au,false,
2023-11-06 20:00:00,Australia,Queensland,AU-QLD,503.07,557.29,32.93,32.93,opennem.org.au,false,
2023-11-06 21:00:00,Australia,Queensland,AU-QLD,387.47,439.91,48.25,48.25,opennem.org.au,false,
2023-11-06 22:00:00,Australia,Queensland,AU-QLD,337.23,388.63,54.9,54.9,opennem.org.au,false,
2023-11-06 23:00:00,Australia,Queensland,AU-QLD,327.93,379.49,56.15,56.15,opennem.org.au,false,
2023-11-07 00:00:00,Australia,Queensland,AU-QLD,320.66,372.64,57.12,57.12,opennem.org.au,false,
2023-11-07 01:00:00,Australia,Queensland,AU-QLD,309.97,361.88,58.54,58.54,opennem.org.au,false,
2023-11-07 02:00:00,Australia,Queensland,AU-QLD,322.03,374.29,56.93,56.93,opennem.org.au,false,
2023-11-07 03:00:00,Australia,Queensland,AU-QLD,330.52,382.9,55.82,55.82,opennem.org.au,false,
2023-11-07 04:00:00,Australia,Queensland,AU-QLD,365.37,418.9,50.94,50.94,opennem.org.au,false,
2023-11-07 05:00:00,Australia,Queensland,AU-QLD,415.54,471.11,43.4,43.4,opennem.org.au,false,
2023-11-07 06:00:00,Australia,Queensland,AU-QLD,502.78,561.42,30.49,30.49,opennem.org.au,false,
2023-11-07 07:00:00,Australia,Queensland,AU-QLD,562.89,625.29,19.95,19.95,opennem.org.au,false,
2023-11-07 08:00:00,Australia,Queensland,AU-QLD,613.37,677.09,12.41,12.41,opennem.org.au,false,
2023-11-07 09:00:00,Australia,Queensland,AU-QLD,619.99,683.8,11.54,11.54,opennem.org.au,false,
2023-11-07 10:00:00,Australia,Queensland,AU-QLD,618.44,681.68,12.02,12.02,opennem.org.au,false,
2023-11-07 11:00:00,Australia,Queensland,AU-QLD,623.48,687.03,11.44,11.44,opennem.org.au,false,
2023-11-07 12:00:00,Australia,Queensland,AU-QLD,628.08,689.32,12.49,12.49,opennem.org.au,false,
2023-11-07 13:00:00,Australia,Queensland,AU-QLD,643.7,700.13,14.21,14.21,opennem.org.au,false,
2023-11-07 14:00:00,Australia,Queensland,AU-QLD,644.59,701.03,14.22,14.22,opennem.org.au,false,
2023-11-07 15:00:00,Australia,Queensland,AU-QLD,652.56,709.62,13.13,13.13,opennem.org.au,false,
2023-11-07 16:00:00,Australia,Queensland,AU-QLD,652.71,709.87,13.09,13.09,opennem.org.au,false,
2023-11-07 17:00:00,Australia,Queensland,AU-QLD,655.96,713.45,12.63,12.63,opennem.org.au,false,
2023-11-07 18:00:00,Australia,Queensland,AU-QLD,673.81,732.34,10.28,10.28,opennem.org.au,false,
2023-11-07 19:00:00,Australia,Queensland,AU-QLD,663.45,721.5,11.7,11.7,opennem.org.au,false,
2023-11-07 20:00:00,Australia,Queensland,AU-QLD,539.91,595.26,28.07,28.07,opennem.org.au,false,
2023-11-07 21:00:00,Australia,Queensland,AU-QLD,397.84,450.55,46.9,46.9,opennem.org.au,false,
2023-11-07 22:00:00,Australia,Queensland,AU-QLD,354.39,406.5,52.65,52.65,opennem.org.au,false,
2023-11-07 23:00:00,Australia,Queensland,AU-QLD,339.04,391.3,54.71,54.71,opennem.org.au,false,
2023-11-08 00:00:00,Australia,Queensland,AU-QLD,307.76,359.84,58.83,58.83,opennem.org.au,false,
2023-11-08 01:00:00,Australia,Queensland,AU-QLD,312.8,365.16,58.19,58.19,opennem.org.au,false,
2023-11-08 02:00:00,Australia,Queensland,AU-QLD,327.07,379.81,56.29,56.29,opennem.org.au,false,
2023-11-08 03:00:00,Australia,Queensland,AU-QLD,332.23,385.06,55.63,55.63,opennem.org.au,false,
2023-11-08 04:00:00,Australia,Queensland,AU-QLD,373.72,427.59,49.84,49.84,opennem.org.au,false,
2023-11-08 05:00:00,Australia,Queensland,AU-QLD,419.67,476.08,42.59,42.59,opennem.org.au,false,
2023-11-08 06:00:00,Australia,Queensland,AU-QLD,480.46,540.3,32.42,32.42,opennem.org.au,false,
2023-11-08 07:00:00,Australia,Queensland,AU-QLD,547.16,611.73,20.58,20.58,opennem.org.au,false,
2023-11-08 08:00:00,Australia,Queensland,AU-QLD,614.78,682.36,10.04,10.04,opennem.org.au,false,
2023-11-08 09:00:00,Australia,Queensland,AU-QLD,618.8,685.64,9.63,9.63,opennem.org.au,false,
2023-11-08 10:00:00,Australia,Queensland,AU-QLD,633.53,700.48,7.84,7.84,opennem.org.au,false,
2023-11-08 11:00:00,Australia,Queensland,AU-QLD,649.57,715.21,7.05,7.05,opennem.org.au,false,
2023-11-08 12:00:00,Australia,Queensland,AU-QLD,635.99,698.82,10.19,10.19,opennem.org.au,false,
2023-11-08 13:00:00,Australia,Queensland,AU-QLD,626.19,687.29,12.22,12.22,opennem.org.au,false,
2023-11-08 14:00:00,Australia,Queensland,AU-QLD,628.01,688.81,12.2,12.2,opennem.org.au,false,
2023-11-08 15:00:00,Australia,Queensland,AU-QLD,640.07,700.3,11.42,11.42,opennem.org.au,false,
2023-11-08 16:00:00,Australia,Queensland,AU-QLD,653.23,712.16,11.0,11.0,opennem.org.au,false,
2023-11-08 17:00:00,Australia,Queensland,AU-QLD,667.88,727.7,8.96,8.96,opennem.org.au,false,
2023-11-08 18:00:00,Australia,Queensland,AU-QLD,654.64,715.01,9.97,9.97,opennem.org.au,false,
2023-11-08 19:00:00,Australia,Queensland,AU-QLD,624.98,685.04,13.41,13.41,opennem.org.au,false,
2023-11-08 20:00:00,Australia,Queensland,AU-QLD,488.14,545.11,32.25,32.25,opennem.org.au,false,
2023-11-08 21:00:00,Australia,Queensland,AU-QLD,364.81,417.22,50.63,50.63,opennem.org.au,false,
2023-11-08 22:00:00,Australia,Queensland,AU-QLD,308.88,359.94,58.65,58.65,opennem.org.au,false,
2023-11-08 23:00:00,Australia,Queensland,AU-QLD,290.34,341.3,61.12,61.12,opennem.org.au,false,
2023-11-09 00:00:00,Australia,Queensland,AU-QLD,282.86,334.0,62.12,62.12,opennem.org.au,false,
2023-11-09 01:00:00,Australia,Queensland,AU-QLD,278.86,330.08,62.66,62.66,opennem.org.au,false,
2023-11-09 02:00:00,Australia,Queensland,AU-QLD,286.6,338.17,61.63,61.63,opennem.org.au,false,
2023-11-09 03:00:00,Australia,Queensland,AU-QLD,285.95,337.75,61.46,61.46,opennem.org.au,false,
2023-11-09 04:00:00,Australia,Queensland,AU-QLD,309.05,362.46,57.51,57.51,opennem.org.au,false,
2023-11-09 05:00:00,Australia,Queensland,AU-QLD,346.02,401.07,51.91,51.91,opennem.org.au,false,
2023-11-09 06:00:00,Australia,Queensland,AU-QLD,428.12,487.22,39.06,39.06,opennem.org.au,false,
2023-11-09 07:00:00,Australia,Queensland,AU-QLD,532.94,597.95,21.76,21.76,opennem.org.au,false,
2023-11-09 08:00:00,Australia,Queensland,AU-QLD,606.76,676.96,8.88,8.88,opennem.org.au,false,
2023-11-09 09:00:00,Australia,Queensland,AU-QLD,609.72,678.24,9.41,9.41,opennem.org.au,false,
2023-11-09 10:00:00,Australia,Queensland,AU-QLD,618.54,684.77,10.12,10.12,opennem.org.au,false,
2023-11-09 11:00:00,Australia,Queensland,AU-QLD,615.11,679.83,11.49,11.49,opennem.org.au,false,
2023-11-09 12:00:00,Australia,Queensland,AU-QLD,612.85,676.43,12.42,12.42,opennem.org.au,false,
2023-11-09 13:00:00,Australia,Queensland,AU-QLD,612.95,675.87,12.91,12.91,opennem.org.au,false,
2023-11-09 14:00:00,Australia,Queensland,AU-QLD,628.93,689.11,13.09,13.09,opennem.org.au,false,
2023-11-09 15:00:00,Australia,Queensland,AU-QLD,632.26,690.79,13.88,13.88,opennem.org.au,false,
2023-11-09 16:00:00,Australia,Queensland,AU-QLD,647.83,707.58,11.76,11.76,opennem.org.au,false,
2023-11-09 17:00:00,Australia,Queensland,AU-QLD,657.48,718.37,10.41,10.41,opennem.org.au,false,
2023-11-09 18:00:00,Australia,Queensland,AU-QLD,674.34,736.38,8.16,8.16,opennem.org.au,false,
2023-11-09 19:00:00,Australia,Queensland,AU-QLD,654.79,715.56,10.84,10.84,opennem.org.au,false,
2023-11-09 20:00:00,Australia,Queensland,AU-QLD,530.63,588.36,27.69,27.69,opennem.org.au,false,
2023-11-09 21:00:00,Australia,Queensland,AU-QLD,401.64,455.02,46.35,46.35,opennem.org.au,false,
2023-11-09 22:00:00,Australia,Queensland,AU-QLD,342.13,394.23,54.28,54.28,opennem.org.au,false,
2023-11-09 23:00:00,Australia,Queensland,AU-QLD,318.73,370.79,57.39,57.39,opennem.org.au,false,
2023-11-10 00:00:00,Australia,Queensland,AU-QLD,318.64,371.02,57.42,57.42,opennem.org.au,false,
2023-11-10 01:00:00,Australia,Queensland,AU-QLD,303.78,356.26,59.36,59.36,opennem.org.au,false,
2023-11-10 02:00:00,Australia,Queensland,AU-QLD,296.61,349.2,60.32,60.32,opennem.org.au,false,
2023-11-10 03:00:00,Australia,Queensland,AU-QLD,290.26,342.74,60.96,60.96,opennem.org.au,false,
2023-11-10 04:00:00,Australia,Queensland,AU-QLD,307.08,360.64,58.04,58.04,opennem.org.au,false,
2023-11-10 05:00:00,Australia,Queensland,AU-QLD,367.91,424.69,48.54,48.54,opennem.org.au,false,
2023-11-10 06:00:00,Australia,Queensland,AU-QLD,439.8,500.13,37.22,37.22,opennem.org.au,false,
2023-11-10 07:00:00,Australia,Queensland,AU-QLD,547.12,610.85,21.43,21.43,opennem.org.au,false,
2023-11-10 08:00:00,Australia,Queensland,AU-QLD,609.66,676.56,11.2,11.2,opennem.org.au,false,
2023-11-10 09:00:00,Australia,Queensland,AU-QLD,604.64,669.46,12.67,12.67,opennem.org.au,false,
2023-11-10 10:00:00,Australia,Queensland,AU-QLD,616.85,681.24,11.77,11.77,opennem.org.au,false,
2023-11-10 11:00:00,Australia,Queensland,AU-QLD,610.86,672.55,14.03,14.03,opennem.org.au,false,
2023-11-10 12:00:00,Australia,Queensland,AU-QLD,613.53,674.77,14.05,14.05,opennem.org.au,false,
2023-11-10 13:00:00,Australia,Queensland,AU-QLD,610.48,671.91,14.3,14.3,opennem.org.au,false,
2023-11-10 14:00:00,Australia,Queensland,AU-QLD,612.04,673.59,14.07,14.07,opennem.org.au,false,
2023-11-10 15:00:00,Australia,Queensland,AU-QLD,612.23,672.48,14.98,14.98,opennem.org.au,false,
2023-11-10 16:00:00,Australia,Queensland,AU-QLD,645.98,703.59,13.32,13.32,opennem.org.au,false,
2023-11-10 17:00:00,Australia,Queensland,AU-QLD,661.49,719.08,11.91,11.91,opennem.org.au,false,
2023-11-10 18:00:00,Australia,Queensland,AU-QLD,665.19,722.91,11.42,11.42,opennem.org.au,false,
2023-11-10 19:00:00,Australia,Queensland,AU-QLD,637.69,694.71,15.05,15.05,opennem.org.au,false,
2023-11-10 20:00:00,Australia,Queensland,AU-QLD,488.35,543.46,34.76,34.76,opennem.org.au,false,
2023-11-10 21:00:00,Australia,Queensland,AU-QLD,386.08,439.74,48.35,48.35,opennem.org.au,false,
2023-11-10 22:00:00,Australia,Queensland,AU-QLD,351.89,404.58,52.91,52.91,opennem.org.au,false,
2023-11-10 23:00:00,Australia,Queensland,AU-QLD,329.29,381.78,55.91,55.91,opennem.org.au,false,
2023-11-11 00:00:00,Australia,Queensland,AU-QLD,312.71,365.07,58.11,58.11,opennem.org.au,false,
2023-11-11 01:00:00,Australia,Queensland,AU-QLD,309.17,361.62,58.59,58.59,opennem.org.au,false,
2023-11-11 02:00:00,Australia,Queensland,AU-QLD,303.43,355.71,59.36,59.36,opennem.org.au,false,
2023-11-11 03:00:00,Australia,Queensland,AU-QLD,297.35,349.77,59.84,59.84,opennem.org.au,false,
2023-11-11 04:00:00,Australia,Queensland,AU-QLD,304.37,358.19,57.86,57.86,opennem.org.au,false,
2023-11-11 05:00:00,Australia,Queensland,AU-QLD,339.7,395.09,52.28,52.28,opennem.org.au,false,
2023-11-11 06:00:00,Australia,Queensland,AU-QLD,420.0,479.12,39.93,39.93,opennem.org.au,false,
2023-11-11 07:00:00,Australia,Queensland,AU-QLD,527.26,588.81,25.15,25.15,opennem.org.au,false,
2023-11-11 08:00:00,Australia,Queensland,AU-QLD,618.78,684.09,11.27,11.27,opennem.org.au,false,
2023-11-11 09:00:00,Australia,Queensland,AU-QLD,613.32,678.46,11.69,11.69,opennem.org.au,false,
2023-11-11 10:00:00,Australia,Queensland,AU-QLD,613.53,677.34,12.42,12.42,opennem.org.au,false,
2023-11-11 11:00:00,Australia,Queensland,AU-QLD,610.23,672.94,13.49,13.49,opennem.org.au,false,
2023-11-11 12:00:00,Australia,Queensland,AU-QLD,607.11,669.05,14.22,14.22,opennem.org.au,false,
2023-11-11 13:00:00,Australia,Queensland,AU-QLD,609.78,670.93,14.49,14.49,opennem.org.au,false,
2023-11-11 14:00:00,Australia,Queensland,AU-QLD,614.91,674.89,14.64,14.64,opennem.org.au,false,
2023-11-11 15:00:00,Australia,Queensland,AU-QLD,624.24,682.97,14.64,14.64,opennem.org.au,false,
2023-11-11 16:00:00,Australia,Queensland,AU-QLD,644.1,703.32,12.2,12.2,opennem.org.au,false,
2023-11-11 17:00:00,Australia,Queensland,AU-QLD,648.86,708.53,11.65,11.65,opennem.org.au,false,
2023-11-11 18:00:00,Australia,Queensland,AU-QLD,639.38,696.79,14.12,14.12,opennem.org.au,false,
2023-11-11 19:00:00,Australia,Queensland,AU-QLD,622.74,679.11,17.07,17.07,opennem.org.au,false,
2023-11-11 20:00:00,Australia,Queensland,AU-QLD,470.05,524.49,37.21,37.21,opennem.org.au,false,
2023-11-11 21:00:00,Australia,Queensland,AU-QLD,379.43,432.66,49.24,49.24,opennem.org.au,false,
2023-11-11 22:00:00,Australia,Queensland,AU-QLD,331.21,383.12,55.66,55.66,opennem.org.au,false,
2023-11-11 23:00:00,Australia,Queensland,AU-QLD,318.48,370.28,57.34,57.34,opennem.org.au,false,
2023-11-12 00:00:00,Australia,Queensland,AU-QLD,318.02,369.99,57.39,57.39,opennem.org.au,false,
2023-11-12 01:00:00,Australia,Queensland,AU-QLD,298.5,350.32,60.02,60.02,opennem.org.au,false,
2023-11-12 02:00:00,Australia,Queensland,AU-QLD,286.52,338.13,61.62,61.62,opennem.org.au,false,
2023-11-12 03:00:00,Australia,Queensland,AU-QLD,294.97,347.05,60.15,60.15,opennem.org.au,false,
2023-11-12 04:00:00,Australia,Queensland,AU-QLD,293.95,347.47,59.21,59.21,opennem.org.au,false,
2023-11-12 05:00:00,Australia,Queensland,AU-QLD,324.59,379.75,54.32,54.32,opennem.org.au,false,
2023-11-12 06:00:00,Australia,Queensland,AU-QLD,394.12,453.58,43.24,43.24,opennem.org.au,false,
2023-11-12 07:00:00,Australia,Queensland,AU-QLD,517.03,580.18,25.56,25.56,opennem.org.au,false,
2023-11-12 08:00:00,Australia,Queensland,AU-QLD,614.75,682.13,10.67,10.67,opennem.org.au,false,
2023-11-12 09:00:00,Australia,Queensland,AU-QLD,616.47,682.73,10.57,10.57,opennem.org.au,false,
2023-11-12 10:00:00,Australia,Queensland,AU-QLD,613.33,680.15,10.64,10.64,opennem.org.au,false,
2023-11-12 11:00:00,Australia,Queensland,AU-QLD,633.66,699.06,9.29,9.29,opennem.org.au,false,
2023-11-12 12:00:00,Australia,Queensland,AU-QLD,617.99,680.24,12.79,12.79,opennem.org.au,false,
2023-11-12 13:00:00,Australia,Queensland,AU-QLD,614.74,676.03,13.89,13.89,opennem.org.au,false,
2023-11-12 14:00:00,Australia,Queensland,AU-QLD,620.06,681.11,13.52,13.52,opennem.org.au,false,
2023-11-12 15:00:00,Australia,Queensland,AU-QLD,631.89,691.17,13.58,13.58,opennem.org.au,false,
2023-11-12 16:00:00,Australia,Queensland,AU-QLD,639.1,698.01,13.01,13.01,opennem.org.au,false,
2023-11-12 17:00:00,Australia,Queensland,AU-QLD,644.63,703.83,12.25,12.25,opennem.org.au,false,
2023-11-12 18:00:00,Australia,Queensland,AU-QLD,640.53,699.92,12.77,12.77,opennem.org.au,false,
2023-11-12 19:00:00,Australia,Queensland,AU-QLD,627.62,687.02,14.5,14.5,opennem.org.au,false,
2023-11-12 20:00:00,Australia,Queensland,AU-QLD,488.88,544.74,34.19,34.19,opennem.org.au,false,
2023-11-12 21:00:00,Australia,Queensland,AU-QLD,365.98,419.31,51.09,51.09,opennem.org.au,false,
2023-11-12 22:00:00,Australia,Queensland,AU-QLD,316.57,369.04,57.67,57.67,opennem.org.au,false,
2023-11-12 23:00:00,Australia,Queensland,AU-QLD,287.33,339.39,61.54,61.54,opennem.org.au,false,
2023-11-13 00:00:00,Australia,Queensland,AU-QLD,274.56,326.32,63.24,63.24,opennem.org.au,false,
2023-11-13 01:00:00,Australia,Queensland,AU-QLD,269.36,321.02,63.94,63.94,opennem.org.au,false,
2023-11-13 02:00:00,Australia,Queensland,AU-QLD,263.67,315.26,64.7,64.7,opennem.org.au,false,
2023-11-13 03:00:00,Australia,Queensland,AU-QLD,262.34,314.19,64.61,64.61,opennem.org.au,false,
2023-11-13 04:00:00,Australia,Queensland,AU-QLD,282.62,335.98,61.08,61.08,opennem.org.au,false,
2023-11-13 05:00:00,Australia,Queensland,AU-QLD,334.53,389.93,53.45,53.45,opennem.org.au,false,
2023-11-13 06:00:00,Australia,Queensland,AU-QLD,420.92,480.03,40.56,40.56,opennem.org.au,false,
2023-11-13 07:00:00,Australia,Queensland,AU-QLD,522.13,587.97,23.08,23.08,opennem.org.au,false,
2023-11-13 08:00:00,Australia,Queensland,AU-QLD,608.93,679.65,9.02,9.02,opennem.org.au,false,
2023-11-13 09:00:00,Australia,Queensland,AU-QLD,624.24,695.97,6.76,6.76,opennem.org.au,false,
2023-11-13 10:00:00,Australia,Queensland,AU-QLD,628.18,697.6,7.7,7.7,opennem.org.au,false,
2023-11-13 11:00:00,Australia,Queensland,AU-QLD,626.42,690.99,10.77,10.77,opennem.org.au,false,
2023-11-13 12:00:00,Australia,Queensland,AU-QLD,622.45,685.38,12.26,12.26,opennem.org.au,false,
2023-11-13 13:00:00,Australia,Queensland,AU-QLD,621.98,683.57,13.12,13.12,opennem.org.au,false,
2023-11-13 14:00:00,Australia,Queensland,AU-QLD,631.02,691.36,13.07,13.07,opennem.org.au,false,
2023-11-13 15:00:00,Australia,Queensland,AU-QLD,645.31,704.98,12.29,12.29,opennem.org.au,false,
2023-11-13 16:00:00,Australia,Queensland,AU-QLD,645.85,705.48,12.16,12.16,opennem.org.au,false,
2023-11-13 17:00:00,Australia,Queensland,AU-QLD,637.13,696.58,13.09,13.09,opennem.org.au,false,
2023-11-13 18:00:00,Australia,Queensland,AU-QLD,636.9,696.32,13.07,13.07,opennem.org.au,false,
2023-11-13 19:00:00,Australia,Queensland,AU-QLD,621.94,681.2,15.08,15.08,opennem.org.au,false,
2023-11-13 20:00:00,Australia,Queensland,AU-QLD,484.68,540.16,34.23,34.23,opennem.org.au,false,
2023-11-13 21:00:00,Australia,Queensland,AU-QLD,375.2,427.64,49.85,49.85,opennem.org.au,false,
2023-11-13 22:00:00,Australia,Queensland,AU-QLD,343.0,395.4,54.16,54.16,opennem.org.au,false,
2023-11-13 23:00:00,Australia,Queensland,AU-QLD,322.83,375.13,56.82,56.82,opennem.org.au,false,
2023-11-14 00:00:00,Australia,Queensland,AU-QLD,296.66,348.46,60.29,60.29,opennem.org.au,false,
2023-11-14 01:00:00,Australia,Queensland,AU-QLD,282.79,334.35,62.13,62.13,opennem.org.au,false,
2023-11-14 02:00:00,Australia,Queensland,AU-QLD,280.59,332.58,62.18,62.18,opennem.org.au,false,
2023-11-14 03:00:00,Australia,Queensland,AU-QLD,279.04,331.59,61.96,61.96,opennem.org.au,false,
2023-11-14 04:00:00,Australia,Queensland,AU-QLD,282.93,336.7,60.6,60.6,opennem.org.au,false,
2023-11-14 05:00:00,Australia,Queensland,AU-QLD,331.43,387.27,53.28,53.28,opennem.org.au,false,
2023-11-14 06:00:00,Australia,Queensland,AU-QLD,417.77,477.13,40.35,40.35,opennem.org.au,false,
2023-11-14 07:00:00,Australia,Queensland,AU-QLD,511.21,577.23,24.01,24.01,opennem.org.au,false,
2023-11-14 08:00:00,Australia,Queensland,AU-QLD,594.29,665.32,10.91,10.91,opennem.org.au,false,
2023-11-14 09:00:00,Australia,Queensland,AU-QLD,601.67,673.93,9.28,9.28,opennem.org.au,false,
2023-11-14 10:00:00,Australia,Queensland,AU-QLD,607.68,678.17,9.39,9.39,opennem.org.au,false,
2023-11-14 11:00:00,Australia,Queensland,AU-QLD,628.59,694.46,10.04,10.04,opennem.org.au,false,
2023-11-14 12:00:00,Australia,Queensland,AU-QLD,642.5,707.09,9.47,9.47,opennem.org.au,false,
2023-11-14 13:00:00,Australia,Queensland,AU-QLD,655.62,720.11,8.3,8.3,opennem.org.au,false,
2023-11-14 14:00:00,Australia,Queensland,AU-QLD,669.54,733.84,7.04,7.04,opennem.org.au,false,
2023-11-14 15:00:00,Australia,Queensland,AU-QLD,676.25,740.81,6.15,6.15,opennem.org.au,false,
2023-11-14 16:00:00,Australia,Queensland,AU-QLD,670.35,734.61,6.92,6.92,opennem.org.au,false,
2023-11-14 17:00:00,Australia,Queensland,AU-QLD,667.75,731.84,7.3,7.3,opennem.org.au,false,
2023-11-14 18:00:00,Australia,Queensland,AU-QLD,666.55,730.61,7.38,7.38,opennem.org.au,false,
2023-11-14 19:00:00,Australia,Queensland,AU-QLD,633.91,697.11,11.38,11.38,opennem.org.au,false,
2023-11-14 20:00:00,Australia,Queensland,AU-QLD,518.18,579.21,27.11,27.11,opennem.org.au,false,
2023-11-14 21:00:00,Australia,Queensland,AU-QLD,396.93,453.35,44.96,44.96,opennem.org.au,false,
2023-11-14 22:00:00,Australia,Queensland,AU-QLD,333.28,386.04,55.38,55.38,opennem.org.au,false,
2023-11-14 23:00:00,Australia,Queensland,AU-QLD,301.1,353.16,59.79,59.79,opennem.org.au,false,
2023-11-15 00:00:00,Australia,Queensland,AU-QLD,287.48,339.34,61.58,61.58,opennem.org.au,false,
2023-11-15 01:00:00,Australia,Queensland,AU-QLD,290.61,342.67,61.17,61.17,opennem.org.au,false,
2023-11-15 02:00:00,Australia,Queensland,AU-QLD,285.44,337.23,61.86,61.86,opennem.org.au,false,
2023-11-15 03:00:00,Australia,Queensland,AU-QLD,308.65,361.39,58.45,58.45,opennem.org.au,false,
2023-11-15 04:00:00,Australia,Queensland,AU-QLD,344.79,399.16,53.0,53.0,opennem.org.au,false,
2023-11-15 05:00:00,Australia,Queensland,AU-QLD,398.78,455.98,44.45,44.45,opennem.org.au,false,
2023-11-15 06:00:00,Australia,Queensland,AU-QLD,478.0,539.53,31.54,31.54,opennem.org.au,false,
2023-11-15 07:00:00,Australia,Queensland,AU-QLD,544.14,611.69,19.22,19.22,opennem.org.au,false,
2023-11-15 08:00:00,Australia,Queensland,AU-QLD,589.77,659.27,11.7,11.7,opennem.org.au,false,
2023-11-15 09:00:00,Australia,Queensland,AU-QLD,595.48,664.95,10.98,10.98,opennem.org.au,false,
2023-11-15 10:00:00,Australia,Queensland,AU-QLD,606.85,677.39,9.15,9.15,opennem.org.au,false,
2023-11-15 11:00:00,Australia,Queensland,AU-QLD,625.44,693.33,9.11,9.11,opennem.org.au,false,
2023-11-15 12:00:00,Australia,Queensland,AU-QLD,646.61,715.13,6.74,6.74,opennem.org.au,false,
2023-11-15 13:00:00,Australia,Queensland,AU-QLD,653.67,720.26,7.24,7.24,opennem.org.au,false,
2023-11-15 14:00:00,Australia,Queensland,AU-QLD,663.61,726.8,8.42,8.42,opennem.org.au,false,
2023-11-15 15:00:00,Australia,Queensland,AU-QLD,685.63,749.32,5.98,5.98,opennem.org.au,false,
2023-11-15 16:00:00,Australia,Queensland,AU-QLD,694.82,759.19,4.64,4.64,opennem.org.au,false,
2023-11-15 17:00:00,Australia,Queensland,AU-QLD,697.37,761.92,4.29,4.29,opennem.org.au,false,
2023-11-15 18:00:00,Australia,Queensland,AU-QLD,675.43,739.52,6.81,6.81,opennem.org.au,false,
2023-11-15 19:00:00,Australia,Queensland,AU-QLD,661.41,726.62,7.49,7.49,opennem.org.au,false,
2023-11-15 20:00:00,Australia,Queensland,AU-QLD,613.11,677.77,14.12,14.12,opennem.org.au,false,
2023-11-15 21:00:00,Australia,Queensland,AU-QLD,507.09,566.88,30.13,30.13,opennem.org.au,false,
2023-11-15 22:00:00,Australia,Queensland,AU-QLD,423.22,479.14,42.93,42.93,opennem.org.au,false,
2023-11-15 23:00:00,Australia,Queensland,AU-QLD,391.68,446.76,47.16,47.16,opennem.org.au,false,
2023-11-16 00:00:00,Australia,Queensland,AU-QLD,337.05,390.57,54.44,54.44,opennem.org.au,false,
2023-11-16 01:00:00,Australia,Queensland,AU-QLD,309.69,362.73,57.9,57.9,opennem.org.au,false,
2023-11-16 02:00:00,Australia,Queensland,AU-QLD,307.02,359.51,58.46,58.46,opennem.org.au,false,
2023-11-16 03:00:00,Australia,Queensland,AU-QLD,318.68,371.48,56.89,56.89,opennem.org.au,false,
2023-11-16 04:00:00,Australia,Queensland,AU-QLD,381.27,437.07,47.22,47.22,opennem.org.au,false,
2023-11-16 05:00:00,Australia,Queensland,AU-QLD,404.85,463.84,41.88,41.88,opennem.org.au,false,
2023-11-16 06:00:00,Australia,Queensland,AU-QLD,458.06,522.56,31.96,31.96,opennem.org.au,false,
2023-11-16 07:00:00,Australia,Queensland,AU-QLD,526.87,598.53,18.97,18.97,opennem.org.au,false,
2023-11-16 08:00:00,Australia,Queensland,AU-QLD,582.06,658.38,9.88,9.88,opennem.org.au,false,
2023-11-16 09:00:00,Australia,Queensland,AU-QLD,592.76,670.72,7.9,7.9,opennem.org.au,false,
2023-11-16 10:00:00,Australia,Queensland,AU-QLD,599.6,675.17,7.81,7.81,opennem.org.au,false,
2023-11-16 11:00:00,Australia,Queensland,AU-QLD,622.57,693.81,7.6,7.6,opennem.org.au,false,
2023-11-16 12:00:00,Australia,Queensland,AU-QLD,641.5,710.52,6.59,6.59,opennem.org.au,false,
2023-11-16 13:00:00,Australia,Queensland,AU-QLD,657.61,727.24,4.78,4.78,opennem.org.au,false,
2023-11-16 14:00:00,Australia,Queensland,AU-QLD,673.27,740.66,4.73,4.73,opennem.org.au,false,
2023-11-16 15:00:00,Australia,Queensland,AU-QLD,667.5,733.81,5.89,5.89,opennem.org.au,false,
2023-11-16 16:00:00,Australia,Queensland,AU-QLD,662.8,727.81,7.14,7.14,opennem.org.au,false,
2023-11-16 17:00:00,Australia,Queensland,AU-QLD,669.8,735.26,6.26,6.26,opennem.org.au,false,
2023-11-16 18:00:00,Australia,Queensland,AU-QLD,669.76,734.86,6.47,6.47,opennem.org.au,false,
2023-11-16 19:00:00,Australia,Queensland,AU-QLD,660.4,726.66,6.95,6.95,opennem.org.au,false,
2023-11-16 20:00:00,Australia,Queensland,AU-QLD,543.92,607.49,22.95,22.95,opennem.org.au,false,
2023-11-16 21:00:00,Australia,Queensland,AU-QLD,425.62,485.1,40.05,40.05,opennem.org.au,false,
2023-11-16 22:00:00,Australia,Queensland,AU-QLD,364.25,420.43,49.69,49.69,opennem.org.au,false,
2023-11-16 23:00:00,Australia,Queensland,AU-QLD,322.13,375.72,56.31,56.31,opennem.org.au,false,
2023-11-17 00:00:00,Australia,Queensland,AU-QLD,296.93,349.47,59.7,59.7,opennem.org.au,false,
2023-11-17 01:00:00,Australia,Queensland,AU-QLD,285.86,338.31,60.95,60.95,opennem.org.au,false,
2023-11-17 02:00:00,Australia,Queensland,AU-QLD,320.94,374.08,56.18,56.18,opennem.org.au,false,
2023-11-17 03:00:00,Australia,Queensland,AU-QLD,345.77,399.18,52.88,52.88,opennem.org.au,false,
2023-11-17 04:00:00,Australia,Queensland,AU-QLD,369.9,425.07,48.8,48.8,opennem.org.au,false,
2023-11-17 05:00:00,Australia,Queensland,AU-QLD,433.61,491.2,39.55,39.55,opennem.org.au,false,
2023-11-17 06:00:00,Australia,Queensland,AU-QLD,495.32,556.52,29.41,29.41,opennem.org.au,false,
2023-11-17 07:00:00,Australia,Queensland,AU-QLD,564.86,630.44,18.05,18.05,opennem.org.au,false,
2023-11-17 08:00:00,Australia,Queensland,AU-QLD,619.55,689.65,8.06,8.06,opennem.org.au,false,
2023-11-17 09:00:00,Australia,Queensland,AU-QLD,631.63,701.11,7.04,7.04,opennem.org.au,false,
2023-11-17 10:00:00,Australia,Queensland,AU-QLD,625.09,690.88,10.08,10.08,opennem.org.au,false,
2023-11-17 11:00:00,Australia,Queensland,AU-QLD,632.83,698.82,9.2,9.2,opennem.org.au,false,
2023-11-17 12:00:00,Australia,Queensland,AU-QLD,618.88,682.8,11.92,11.92,opennem.org.au,false,
2023-11-17 13:00:00,Australia,Queensland,AU-QLD,628.86,691.85,11.59,11.59,opennem.org.au,false,
2023-11-17 14:00:00,Australia,Queensland,AU-QLD,640.95,701.22,12.21,12.21,opennem.org.au,false,
2023-11-17 15:00:00,Australia,Queensland,AU-QLD,652.88,710.21,12.94,12.94,opennem.org.au,false,
2023-11-17 16:00:00,Australia,Queensland,AU-QLD,654.17,711.21,12.96,12.96,opennem.org.au,false,
2023-11-17 17:00:00,Australia,Queensland,AU-QLD,652.11,709.1,13.23,13.23,opennem.org.au,false,
2023-11-17 18:00:00,Australia,Queensland,AU-QLD,651.78,708.79,13.27,13.27,opennem.org.au,false,
2023-11-17 19:00:00,Australia,Queensland,AU-QLD,648.96,706.32,13.63,13.63,opennem.org.au,false,
2023-11-17 20:00:00,Australia,Queensland,AU-QLD,508.67,563.5,32.15,32.15,opennem.org.au,false,
2023-11-17 21:00:00,Australia,Queensland,AU-QLD,416.86,469.85,44.23,44.23,opennem.org.au,false,
2023-11-17 22:00:00,Australia,Queensland,AU-QLD,366.24,418.87,50.79,50.79,opennem.org.au,false,
2023-11-17 23:00:00,Australia,Queensland,AU-QLD,316.41,368.38,57.42,57.42,opennem.org.au,false,
2023-11-18 00:00:00,Australia,Queensland,AU-QLD,300.98,353.02,59.53,59.53,opennem.org.au,false,
2023-11-18 01:00:00,Australia,Queensland,AU-QLD,293.75,345.73,60.61,60.61,opennem.org.au,false,
2023-11-18 02:00:00,Australia,Queensland,AU-QLD,297.65,349.66,60.09,60.09,opennem.org.au,false,
2023-11-18 03:00:00,Australia,Queensland,AU-QLD,303.71,355.71,59.28,59.28,opennem.org.au,false,
2023-11-18 04:00:00,Australia,Queensland,AU-QLD,321.95,374.31,56.67,56.67,opennem.org.au,false,
2023-11-18 05:00:00,Australia,Queensland,AU-QLD,348.98,402.58,52.29,52.29,opennem.org.au,false,
2023-11-18 06:00:00,Australia,Queensland,AU-QLD,425.98,481.97,41.27,41.27,opennem.org.au,false,
2023-11-18 07:00:00,Australia,Queensland,AU-QLD,541.75,600.18,25.29,25.29,opennem.org.au,false,
2023-11-18 08:00:00,Australia,Queensland,AU-QLD,621.8,680.12,14.63,14.63,opennem.org.au,false,
2023-11-18 09:00:00,Australia,Queensland,AU-QLD,625.61,683.54,14.23,14.23,opennem.org.au,false,
2023-11-18 10:00:00,Australia,Queensland,AU-QLD,626.86,685.85,13.46,13.46,opennem.org.au,false,
2023-11-18 11:00:00,Australia,Queensland,AU-QLD,633.84,693.06,12.57,12.57,opennem.org.au,false,
2023-11-18 12:00:00,Australia,Queensland,AU-QLD,625.24,683.83,13.72,13.72,opennem.org.au,false,
2023-11-18 13:00:00,Australia,Queensland,AU-QLD,619.81,678.04,14.64,14.64,opennem.org.au,false,
2023-11-18 14:00:00,Australia,Queensland,AU-QLD,623.41,681.51,14.54,14.54,opennem.org.au,false,
2023-11-18 15:00:00,Australia,Queensland,AU-QLD,625.76,683.5,14.54,14.54,opennem.org.au,false,
2023-11-18 16:00:00,Australia,Queensland,AU-QLD,634.19,690.61,14.61,14.61,opennem.org.au,false,
2023-11-18 17:00:00,Australia,Queensland,AU-QLD,642.82,698.0,14.49,14.49,opennem.org.au,false,
2023-11-18 18:00:00,Australia,Queensland,AU-QLD,649.47,705.17,13.6,13.6,opennem.org.au,false,
2023-11-18 19:00:00,Australia,Queensland,AU-QLD,628.87,683.71,16.3,16.3,opennem.org.au,false,
2023-11-18 20:00:00,Australia,Queensland,AU-QLD,532.81,586.67,28.92,28.92,opennem.org.au,false,
2023-11-18 21:00:00,Australia,Queensland,AU-QLD,405.77,457.85,45.73,45.73,opennem.org.au,false,
2023-11-18 22:00:00,Australia,Queensland,AU-QLD,348.28,400.06,53.36,53.36,opennem.org.au,false,
2023-11-18 23:00:00,Australia,Queensland,AU-QLD,327.68,379.48,56.08,56.08,opennem.org.au,false,
2023-11-19 00:00:00,Australia,Queensland,AU-QLD,320.76,372.67,57.01,57.01,opennem.org.au,false,
2023-11-19 01:00:00,Australia,Queensland,AU-QLD,313.44,365.11,57.99,57.99,opennem.org.au,false,
2023-11-19 02:00:00,Australia,Queensland,AU-QLD,304.61,356.07,59.18,59.18,opennem.org.au,false,
2023-11-19 03:00:00,Australia,Queensland,AU-QLD,318.12,369.97,57.42,57.42,opennem.org.au,false,
2023-11-19 04:00:00,Australia,Queensland,AU-QLD,386.61,440.15,48.29,48.29,opennem.org.au,false,
2023-11-19 05:00:00,Australia,Queensland,AU-QLD,458.54,514.52,38.0,38.0,opennem.org.au,false,
2023-11-19 06:00:00,Australia,Queensland,AU-QLD,512.69,571.01,29.21,29.21,opennem.org.au,false,
2023-11-19 07:00:00,Australia,Queensland,AU-QLD,575.93,639.65,17.41,17.41,opennem.org.au,false,
2023-11-19 08:00:00,Australia,Queensland,AU-QLD,625.61,691.6,9.86,9.86,opennem.org.au,false,
2023-11-19 09:00:00,Australia,Queensland,AU-QLD,630.33,695.47,9.72,9.72,opennem.org.au,false,
2023-11-19 10:00:00,Australia,Queensland,AU-QLD,645.06,710.44,8.15,8.15,opennem.org.au,false,
2023-11-19 11:00:00,Australia,Queensland,AU-QLD,651.7,715.99,8.27,8.27,opennem.org.au,false,
2023-11-19 12:00:00,Australia,Queensland,AU-QLD,655.28,718.26,8.88,8.88,opennem.org.au,false,
2023-11-19 13:00:00,Australia,Queensland,AU-QLD,657.28,717.72,10.34,10.34,opennem.org.au,false,
2023-11-19 14:00:00,Australia,Queensland,AU-QLD,659.92,718.19,11.4,11.4,opennem.org.au,false,
2023-11-19 15:00:00,Australia,Queensland,AU-QLD,660.85,719.53,11.18,11.18,opennem.org.au,false,
2023-11-19 16:00:00,Australia,Queensland,AU-QLD,664.41,723.25,10.71,10.71,opennem.org.au,false,
2023-11-19 17:00:00,Australia,Queensland,AU-QLD,667.84,726.88,10.25,10.25,opennem.org.au,false,
2023-11-19 18:00:00,Australia,Queensland,AU-QLD,665.04,723.91,10.64,10.64,opennem.org.au,false,
2023-11-19 19:00:00,Australia,Queensland,AU-QLD,648.5,706.74,12.71,12.71,opennem.org.au,false,
2023-11-19 20:00:00,Australia,Queensland,AU-QLD,619.8,677.78,16.51,16.51,opennem.org.au,false,
2023-11-19 21:00:00,Australia,Queensland,AU-QLD,577.15,634.57,22.22,22.22,opennem.org.au,false,
2023-11-19 22:00:00,Australia,Queensland,AU-QLD,537.35,594.22,27.62,27.62,opennem.org.au,false,
2023-11-19 23:00:00,Australia,Queensland,AU-QLD,506.62,562.56,31.99,31.99,opennem.org.au,false,
2023-11-20 00:00:00,Australia,Queensland,AU-QLD,480.25,535.78,35.5,35.5,opennem.org.au,false,
2023-11-20 01:00:00,Australia,Queensland,AU-QLD,467.24,522.77,37.23,37.23,opennem.org.au,false,
2023-11-20 02:00:00,Australia,Queensland,AU-QLD,460.78,516.08,38.09,38.09,opennem.org.au,false,
2023-11-20 03:00:00,Australia,Queensland,AU-QLD,477.23,533.11,35.71,35.71,opennem.org.au,false,
2023-11-20 04:00:00,Australia,Queensland,AU-QLD,476.89,533.61,35.26,35.26,opennem.org.au,false,
2023-11-20 05:00:00,Australia,Queensland,AU-QLD,500.69,559.95,30.66,30.66,opennem.org.au,false,
2023-11-20 06:00:00,Australia,Queensland,AU-QLD,550.55,613.52,21.96,21.96,opennem.org.au,false,
2023-11-20 07:00:00,Australia,Queensland,AU-QLD,586.02,650.84,15.84,15.84,opennem.org.au,false,
2023-11-20 08:00:00,Australia,Queensland,AU-QLD,627.12,694.22,9.14,9.14,opennem.org.au,false,
2023-11-20 09:00:00,Australia,Queensland,AU-QLD,640.13,707.81,7.45,7.45,opennem.org.au,false,
2023-11-20 10:00:00,Australia,Queensland,AU-QLD,661.74,731.08,4.46,4.46,opennem.org.au,false,
2023-11-20 11:00:00,Australia,Queensland,AU-QLD,662.37,729.85,5.54,5.54,opennem.org.au,false,
2023-11-20 12:00:00,Australia,Queensland,AU-QLD,654.97,719.21,8.32,8.32,opennem.org.au,false,
2023-11-20 13:00:00,Australia,Queensland,AU-QLD,657.47,720.2,9.02,9.02,opennem.org.au,false,
2023-11-20 14:00:00,Australia,Queensland,AU-QLD,656.54,719.08,9.25,9.25,opennem.org.au,false,
2023-11-20 15:00:00,Australia,Queensland,AU-QLD,676.55,737.05,8.53,8.53,opennem.org.au,false,
2023-11-20 16:00:00,Australia,Queensland,AU-QLD,675.99,736.23,8.8,8.8,opennem.org.au,false,
2023-11-20 17:00:00,Australia,Queensland,AU-QLD,680.47,740.95,8.21,8.21,opennem.org.au,false,
2023-11-20 18:00:00,Australia,Queensland,AU-QLD,686.07,747.19,7.35,7.35,opennem.org.au,false,
2023-11-20 19:00:00,Australia,Queensland,AU-QLD,669.3,730.54,9.08,9.08,opennem.org.au,false,
2023-11-20 20:00:00,Australia,Queensland,AU-QLD,612.91,672.72,16.95,16.95,opennem.org.au,false,
2023-11-20 21:00:00,Australia,Queensland,AU-QLD,528.25,585.85,28.87,28.87,opennem.org.au,false,
2023-11-20 22:00:00,Australia,Queensland,AU-QLD,475.07,531.82,36.01,36.01,opennem.org.au,false,
2023-11-20 23:00:00,Australia,Queensland,AU-QLD,435.58,491.52,41.27,41.27,opennem.org.au,false,
2023-11-21 00:00:00,Australia,Queensland,AU-QLD,400.0,455.19,46.04,46.04,opennem.org.au,false,
2023-11-21 01:00:00,Australia,Queensland,AU-QLD,367.52,422.11,50.37,50.37,opennem.org.au,false,
2023-11-21 02:00:00,Australia,Queensland,AU-QLD,380.04,434.87,48.54,48.54,opennem.org.au,false,
2023-11-21 03:00:00,Australia,Queensland,AU-QLD,402.37,458.32,45.13,45.13,opennem.org.au,false,
2023-11-21 04:00:00,Australia,Queensland,AU-QLD,414.77,472.1,42.56,42.56,opennem.org.au,false,
2023-11-21 05:00:00,Australia,Queensland,AU-QLD,431.82,491.1,38.99,38.99,opennem.org.au,false,
2023-11-21 06:00:00,Australia,Queensland,AU-QLD,492.97,555.42,29.14,29.14,opennem.org.au,false,
2023-11-21 07:00:00,Australia,Queensland,AU-QLD,567.42,632.53,17.87,17.87,opennem.org.au,false,
2023-11-21 08:00:00,Australia,Queensland,AU-QLD,609.96,676.45,11.22,11.22,opennem.org.au,false,
2023-11-21 09:00:00,Australia,Queensland,AU-QLD,611.56,678.79,10.34,10.34,opennem.org.au,false,
2023-11-21 10:00:00,Australia,Queensland,AU-QLD,599.11,667.19,11.29,11.29,opennem.org.au,false,
2023-11-21 11:00:00,Australia,Queensland,AU-QLD,624.79,691.09,9.9,9.9,opennem.org.au,false,
2023-11-21 12:00:00,Australia,Queensland,AU-QLD,626.62,689.06,12.23,12.23,opennem.org.au,false,
2023-11-21 13:00:00,Australia,Queensland,AU-QLD,635.52,695.86,12.84,12.84,opennem.org.au,false,
2023-11-21 14:00:00,Australia,Queensland,AU-QLD,661.91,723.53,9.39,9.39,opennem.org.au,false,
2023-11-21 15:00:00,Australia,Queensland,AU-QLD,670.61,733.15,8.13,8.13,opennem.org.au,false,
2023-11-21 16:00:00,Australia,Queensland,AU-QLD,673.42,736.02,7.75,7.75,opennem.org.au,false,
2023-11-21 17:00:00,Australia,Queensland,AU-QLD,671.15,733.8,8.02,8.02,opennem.org.au,false,
2023-11-21 18:00:00,Australia,Queensland,AU-QLD,682.7,746.45,6.19,6.19,opennem.org.au,false,
2023-11-21 19:00:00,Australia,Queensland,AU-QLD,685.37,750.97,4.96,4.96,opennem.org.au,false,
2023-11-21 20:00:00,Australia,Queensland,AU-QLD,625.29,689.62,12.96,12.96,opennem.org.au,false,
2023-11-21 21:00:00,Australia,Queensland,AU-QLD,570.46,631.45,21.89,21.89,opennem.org.au,false,
2023-11-21 22:00:00,Australia,Queensland,AU-QLD,498.2,556.21,32.65,32.65,opennem.org.au,false,
2023-11-21 23:00:00,Australia,Queensland,AU-QLD,445.99,502.45,39.89,39.89,opennem.org.au,false,
2023-11-22 00:00:00,Australia,Queensland,AU-QLD,398.6,453.8,46.24,46.24,opennem.org.au,false,
2023-11-22 01:00:00,Australia,Queensland,AU-QLD,401.23,455.97,45.89,45.89,opennem.org.au,false,
2023-11-22 02:00:00,Australia,Queensland,AU-QLD,395.77,450.54,46.62,46.62,opennem.org.au,false,
2023-11-22 03:00:00,Australia,Queensland,AU-QLD,397.3,452.59,46.23,46.23,opennem.org.au,false,
2023-11-22 04:00:00,Australia,Queensland,AU-QLD,426.73,484.55,41.14,41.14,opennem.org.au,false,
2023-11-22 05:00:00,Australia,Queensland,AU-QLD,464.84,523.43,35.9,35.9,opennem.org.au,false,
2023-11-22 06:00:00,Australia,Queensland,AU-QLD,510.56,571.87,27.78,27.78,opennem.org.au,false,
2023-11-22 07:00:00,Australia,Queensland,AU-QLD,567.57,632.11,18.3,18.3,opennem.org.au,false,
2023-11-22 08:00:00,Australia,Queensland,AU-QLD,609.23,674.74,11.99,11.99,opennem.org.au,false,
2023-11-22 09:00:00,Australia,Queensland,AU-QLD,613.42,678.47,11.53,11.53,opennem.org.au,false,
2023-11-22 10:00:00,Australia,Queensland,AU-QLD,615.15,680.94,11.04,11.04,opennem.org.au,false,
2023-11-22 11:00:00,Australia,Queensland,AU-QLD,622.99,686.89,11.52,11.52,opennem.org.au,false,
2023-11-22 12:00:00,Australia,Queensland,AU-QLD,634.3,696.17,11.8,11.8,opennem.org.au,false,
2023-11-22 13:00:00,Australia,Queensland,AU-QLD,655.97,717.67,9.74,9.74,opennem.org.au,false,
2023-11-22 14:00:00,Australia,Queensland,AU-QLD,661.21,721.24,10.35,10.35,opennem.org.au,false,
2023-11-22 15:00:00,Australia,Queensland,AU-QLD,666.74,725.75,10.28,10.28,opennem.org.au,false,
2023-11-22 16:00:00,Australia,Queensland,AU-QLD,674.11,733.54,9.27,9.27,opennem.org.au,false,
2023-11-22 17:00:00,Australia,Queensland,AU-QLD,683.76,743.74,7.95,7.95,opennem.org.au,false,
2023-11-22 18:00:00,Australia,Queensland,AU-QLD,689.32,749.7,7.24,7.24,opennem.org.au,false,
2023-11-22 19:00:00,Australia,Queensland,AU-QLD,674.7,735.07,9.23,9.23,opennem.org.au,false,
2023-11-22 20:00:00,Australia,Queensland,AU-QLD,583.58,641.41,21.5,21.5,opennem.org.au,false,
2023-11-22 21:00:00,Australia,Queensland,AU-QLD,516.0,572.53,30.63,30.63,opennem.org.au,false,
2023-11-22 22:00:00,Australia,Queensland,AU-QLD,469.71,524.82,37.41,37.41,opennem.org.au,false,
2023-11-22 23:00:00,Australia,Queensland,AU-QLD,419.0,473.31,44.15,44.15,opennem.org.au,false,
2023-11-23 00:00:00,Australia,Queensland,AU-QLD,377.87,431.37,49.6,49.6,opennem.org.au,false,
2023-11-23 01:00:00,Australia,Queensland,AU-QLD,366.07,419.38,51.16,51.16,opennem.org.au,false,
2023-11-23 02:00:00,Australia,Queensland,AU-QLD,361.69,415.09,51.74,51.74,opennem.org.au,false,
2023-11-23 03:00:00,Australia,Queensland,AU-QLD,355.16,408.9,52.2,52.2,opennem.org.au,false,
2023-11-23 04:00:00,Australia,Queensland,AU-QLD,391.22,447.81,45.99,45.99,opennem.org.au,false,
2023-11-23 05:00:00,Australia,Queensland,AU-QLD,422.46,480.8,40.89,40.89,opennem.org.au,false,
2023-11-23 06:00:00,Australia,Queensland,AU-QLD,498.31,560.91,28.56,28.56,opennem.org.au,false,
2023-11-23 07:00:00,Australia,Queensland,AU-QLD,582.55,648.23,16.05,16.05,opennem.org.au,false,
2023-11-23 08:00:00,Australia,Queensland,AU-QLD,627.91,693.48,10.1,10.1,opennem.org.au,false,
2023-11-23 09:00:00,Australia,Queensland,AU-QLD,623.97,689.39,10.33,10.33,opennem.org.au,false,
2023-11-23 10:00:00,Australia,Queensland,AU-QLD,622.22,688.23,10.28,10.28,opennem.org.au,false,
2023-11-23 11:00:00,Australia,Queensland,AU-QLD,640.78,706.1,8.97,8.97,opennem.org.au,false,
2023-11-23 12:00:00,Australia,Queensland,AU-QLD,635.57,697.99,11.25,11.25,opennem.org.au,false,
2023-11-23 13:00:00,Australia,Queensland,AU-QLD,641.91,704.29,10.65,10.65,opennem.org.au,false,
2023-11-23 14:00:00,Australia,Queensland,AU-QLD,643.67,704.52,11.49,11.49,opennem.org.au,false,
2023-11-23 15:00:00,Australia,Queensland,AU-QLD,649.84,710.28,11.19,11.19,opennem.org.au,false,
2023-11-23 16:00:00,Australia,Queensland,AU-QLD,647.12,707.69,11.42,11.42,opennem.org.au,false,
2023-11-23 17:00:00,Australia,Queensland,AU-QLD,644.28,704.61,11.78,11.78,opennem.org.au,false,
2023-11-23 18:00:00,Australia,Queensland,AU-QLD,657.37,719.01,9.85,9.85,opennem.org.au,false,
2023-11-23 19:00:00,Australia,Queensland,AU-QLD,646.66,709.07,10.61,10.61,opennem.org.au,false,
2023-11-23 20:00:00,Australia,Queensland,AU-QLD,555.19,615.29,22.92,22.92,opennem.org.au,false,
2023-11-23 21:00:00,Australia,Queensland,AU-QLD,452.94,509.32,37.98,37.98,opennem.org.au,false,
2023-11-23 22:00:00,Australia,Queensland,AU-QLD,403.49,457.47,45.51,45.51,opennem.org.au,false,
2023-11-23 23:00:00,Australia,Queensland,AU-QLD,344.5,397.76,53.32,53.32,opennem.org.au,false,
2023-11-24 00:00:00,Australia,Queensland,AU-QLD,318.33,371.28,56.8,56.8,opennem.org.au,false,
2023-11-24 01:00:00,Australia,Queensland,AU-QLD,318.63,371.58,56.8,56.8,opennem.org.au,false,
2023-11-24 02:00:00,Australia,Queensland,AU-QLD,342.02,395.73,53.71,53.71,opennem.org.au,false,
2023-11-24 03:00:00,Australia,Queensland,AU-QLD,366.4,420.69,50.5,50.5,opennem.org.au,false,
2023-11-24 04:00:00,Australia,Queensland,AU-QLD,397.72,453.28,45.88,45.88,opennem.org.au,false,
2023-11-24 05:00:00,Australia,Queensland,AU-QLD,449.97,508.46,37.16,37.16,opennem.org.au,false,
2023-11-24 06:00:00,Australia,Queensland,AU-QLD,510.76,572.81,27.12,27.12,opennem.org.au,false,
2023-11-24 07:00:00,Australia,Queensland,AU-QLD,572.02,636.27,17.92,17.92,opennem.org.au,false,
2023-11-24 08:00:00,Australia,Queensland,AU-QLD,620.9,686.78,10.82,10.82,opennem.org.au,false,
2023-11-24 09:00:00,Australia,Queensland,AU-QLD,629.68,694.79,10.14,10.14,opennem.org.au,false,
2023-11-24 10:00:00,Australia,Queensland,AU-QLD,627.9,693.84,9.93,9.93,opennem.org.au,false,
2023-11-24 11:00:00,Australia,Queensland,AU-QLD,640.74,706.13,8.93,8.93,opennem.org.au,false,
2023-11-24 12:00:00,Australia,Queensland,AU-QLD,627.2,691.58,10.8,10.8,opennem.org.au,false,
2023-11-24 13:00:00,Australia,Queensland,AU-QLD,624.69,687.71,11.99,11.99,opennem.org.au,false,
2023-11-24 14:00:00,Australia,Queensland,AU-QLD,646.52,710.54,9.35,9.35,opennem.org.au,false,
2023-11-24 15:00:00,Australia,Queensland,AU-QLD,660.47,723.98,8.3,8.3,opennem.org.au,false,
2023-11-24 16:00:00,Australia,Queensland,AU-QLD,657.22,721.29,8.35,8.35,opennem.org.au,false,
2023-11-24 17:00:00,Australia,Queensland,AU-QLD,658.97,722.5,8.6,8.6,opennem.org.au,false,
2023-11-24 18:00:00,Australia,Queensland,AU-QLD,659.57,723.24,8.37,8.37,opennem.org.au,false,
2023-11-24 19:00:00,Australia,Queensland,AU-QLD,654.94,718.82,8.91,8.91,opennem.org.au,false,
2023-11-24 20:00:00,Australia,Queensland,AU-QLD,598.24,659.53,17.48,17.48,opennem.org.au,false,
2023-11-24 21:00:00,Australia,Queensland,AU-QLD,547.5,606.91,25.15,25.15,opennem.org.au,false,
2023-11-24 22:00:00,Australia,Queensland,AU-QLD,495.76,552.6,33.26,33.26,opennem.org.au,false,
2023-11-24 23:00:00,Australia,Queensland,AU-QLD,466.42,522.02,37.84,37.84,opennem.org.au,false,
2023-11-25 00:00:00,Australia,Queensland,AU-QLD,428.07,483.2,42.87,42.87,opennem.org.au,false,
2023-11-25 01:00:00,Australia,Queensland,AU-QLD,406.3,461.19,45.71,45.71,opennem.org.au,false,
2023-11-25 02:00:00,Australia,Queensland,AU-QLD,431.99,487.49,42.32,42.32,opennem.org.au,false,
2023-11-25 03:00:00,Australia,Queensland,AU-QLD,432.08,487.65,42.34,42.34,opennem.org.au,false,
2023-11-25 04:00:00,Australia,Queensland,AU-QLD,463.49,519.69,38.11,38.11,opennem.org.au,false,
2023-11-25 05:00:00,Australia,Queensland,AU-QLD,507.14,566.41,30.52,30.52,opennem.org.au,false,
2023-11-25 06:00:00,Australia,Queensland,AU-QLD,579.23,641.93,19.4,19.4,opennem.org.au,false,
2023-11-25 07:00:00,Australia,Queensland,AU-QLD,629.4,693.74,12.26,12.26,opennem.org.au,false,
2023-11-25 08:00:00,Australia,Queensland,AU-QLD,669.16,735.11,6.07,6.07,opennem.org.au,false,
2023-11-25 09:00:00,Australia,Queensland,AU-QLD,663.05,727.52,7.36,7.36,opennem.org.au,false,
2023-11-25 10:00:00,Australia,Queensland,AU-QLD,671.95,737.95,5.6,5.6,opennem.org.au,false,
2023-11-25 11:00:00,Australia,Queensland,AU-QLD,671.19,736.97,5.83,5.83,opennem.org.au,false,
2023-11-25 12:00:00,Australia,Queensland,AU-QLD,656.34,721.07,7.93,7.93,opennem.org.au,false,
2023-11-25 13:00:00,Australia,Queensland,AU-QLD,647.41,711.74,8.77,8.77,opennem.org.au,false,
2023-11-25 14:00:00,Australia,Queensland,AU-QLD,647.99,713.25,8.29,8.29,opennem.org.au,false,
2023-11-25 15:00:00,Australia,Queensland,AU-QLD,673.36,736.45,7.2,7.2,opennem.org.au,false,
2023-11-25 16:00:00,Australia,Queensland,AU-QLD,691.52,754.09,5.93,5.93,opennem.org.au,false,
2023-11-25 17:00:00,Australia,Queensland,AU-QLD,693.06,755.96,5.69,5.69,opennem.org.au,false,
2023-11-25 18:00:00,Australia,Queensland,AU-QLD,691.44,753.34,6.64,6.64,opennem.org.au,false,
2023-11-25 19:00:00,Australia,Queensland,AU-QLD,665.77,726.77,10.16,10.16,opennem.org.au,false,
2023-11-25 20:00:00,Australia,Queensland,AU-QLD,548.56,606.56,26.18,26.18,opennem.org.au,false,
2023-11-25 21:00:00,Australia,Queensland,AU-QLD,440.45,495.56,41.06,41.06,opennem.org.au,false,
2023-11-25 22:00:00,Australia,Queensland,AU-QLD,357.4,411.43,52.11,52.11,opennem.org.au,false,
2023-11-25 23:00:00,Australia,Queensland,AU-QLD,333.45,386.91,55.32,55.32,opennem.org.au,false,
2023-11-26 00:00:00,Australia,Queensland,AU-QLD,331.29,384.73,55.61,55.61,opennem.org.au,false,
2023-11-26 01:00:00,Australia,Queensland,AU-QLD,343.66,397.12,54.02,54.02,opennem.org.au,false,
2023-11-26 02:00:00,Australia,Queensland,AU-QLD,381.31,435.56,49.08,49.08,opennem.org.au,false,
2023-11-26 03:00:00,Australia,Queensland,AU-QLD,384.12,438.85,48.67,48.67,opennem.org.au,false,
2023-11-26 04:00:00,Australia,Queensland,AU-QLD,393.87,448.69,47.35,47.35,opennem.org.au,false,
2023-11-26 05:00:00,Australia,Queensland,AU-QLD,431.1,487.56,41.67,41.67,opennem.org.au,false,
2023-11-26 06:00:00,Australia,Queensland,AU-QLD,488.12,547.65,32.52,32.52,opennem.org.au,false,
2023-11-26 07:00:00,Australia,Queensland,AU-QLD,577.72,640.97,18.99,18.99,opennem.org.au,false,
2023-11-26 08:00:00,Australia,Queensland,AU-QLD,645.09,709.37,9.65,9.65,opennem.org.au,false,
2023-11-26 09:00:00,Australia,Queensland,AU-QLD,657.67,721.95,7.94,7.94,opennem.org.au,false,
2023-11-26 10:00:00,Australia,Queensland,AU-QLD,670.8,737.1,5.47,5.47,opennem.org.au,false,
2023-11-26 11:00:00,Australia,Queensland,AU-QLD,666.9,733.83,5.47,5.47,opennem.org.au,false,
2023-11-26 12:00:00,Australia,Queensland,AU-QLD,658.54,724.31,6.98,6.98,opennem.org.au,false,
2023-11-26 13:00:00,Australia,Queensland,AU-QLD,662.0,726.47,7.22,7.22,opennem.org.au,false,
2023-11-26 14:00:00,Australia,Queensland,AU-QLD,668.96,733.46,6.62,6.62,opennem.org.au,false,
2023-11-26 15:00:00,Australia,Queensland,AU-QLD,689.9,753.23,5.4,5.4,opennem.org.au,false,
2023-11-26 16:00:00,Australia,Queensland,AU-QLD,700.87,763.77,4.71,4.71,opennem.org.au,false,
2023-11-26 17:00:00,Australia,Queensland,AU-QLD,696.18,758.74,5.32,5.32,opennem.org.au,false,
2023-11-26 18:00:00,Australia,Queensland,AU-QLD,701.43,764.34,4.57,4.57,opennem.org.au,false,
2023-11-26 19:00:00,Australia,Queensland,AU-QLD,685.01,747.51,6.9,6.9,opennem.org.au,false,
2023-11-26 20:00:00,Australia,Queensland,AU-QLD,578.29,637.88,21.51,21.51,opennem.org.au,false,
2023-11-26 21:00:00,Australia,Queensland,AU-QLD,497.4,553.89,33.6,33.6,opennem.org.au,false,
2023-11-26 22:00:00,Australia,Queensland,AU-QLD,419.73,474.5,44.0,44.0,opennem.org.au,false,
2023-11-26 23:00:00,Australia,Queensland,AU-QLD,370.52,424.45,50.53,50.53,opennem.org.au,false,
2023-11-27 00:00:00,Australia,Queensland,AU-QLD,336.68,389.9,55.03,55.03,opennem.org.au,false,
2023-11-27 01:00:00,Australia,Queensland,AU-QLD,347.74,401.15,53.58,53.58,opennem.org.au,false,
2023-11-27 02:00:00,Australia,Queensland,AU-QLD,369.48,423.52,50.56,50.56,Electricity Maps Estimation,true,ESTIMATED_TIME_SLICER_AVERAGE
2023-11-27 03:00:00,Australia,Queensland,AU-QLD,391.76,446.45,47.46,47.46,opennem.org.au,false,
2023-11-27 04:00:00,Australia,Queensland,AU-QLD,422.96,479.37,42.49,42.49,opennem.org.au,false,
2023-11-27 05:00:00,Australia,Queensland,AU-QLD,473.12,532.72,33.81,33.81,opennem.org.au,false,
2023-11-27 06:00:00,Australia,Queensland,AU-QLD,561.26,625.52,19.95,19.95,opennem.org.au,false,
2023-11-27 07:00:00,Australia,Queensland,AU-QLD,629.9,697.45,9.44,9.44,opennem.org.au,false,
2023-11-27 08:00:00,Australia,Queensland,AU-QLD,657.95,725.5,5.78,5.78,opennem.org.au,false,
2023-11-27 09:00:00,Australia,Queensland,AU-QLD,658.44,724.39,6.47,6.47,opennem.org.au,false,
2023-11-27 10:00:00,Australia,Queensland,AU-QLD,652.63,717.41,7.69,7.69,opennem.org.au,false,
2023-11-27 11:00:00,Australia,Queensland,AU-QLD,653.95,718.16,8.02,8.02,opennem.org.au,false,
2023-11-27 12:00:00,Australia,Queensland,AU-QLD,645.16,709.08,9.0,9.0,opennem.org.au,false,
2023-11-27 13:00:00,Australia,Queensland,AU-QLD,651.37,714.27,9.28,9.28,opennem.org.au,false,
2023-11-27 14:00:00,Australia,Queensland,AU-QLD,665.82,727.91,8.5,8.5,opennem.org.au,false,
2023-11-27 15:00:00,Australia,Queensland,AU-QLD,671.06,733.94,7.66,7.66,opennem.org.au,false,
2023-11-27 16:00:00,Australia,Queensland,AU-QLD,681.67,745.47,6.15,6.15,opennem.org.au,false,
2023-11-27 17:00:00,Australia,Queensland,AU-QLD,686.83,751.12,5.46,5.46,opennem.org.au,false,
2023-11-27 18:00:00,Australia,Queensland,AU-QLD,699.24,763.99,3.89,3.89,opennem.org.au,false,
2023-11-27 19:00:00,Australia,Queensland,AU-QLD,703.22,768.29,3.3,3.3,opennem.org.au,false,
2023-11-27 20:00:00,Australia,Queensland,AU-QLD,676.6,740.54,7.21,7.21,opennem.org.au,false,
2023-11-27 21:00:00,Australia,Queensland,AU-QLD,626.03,688.92,14.25,14.25,opennem.org.au,false,
2023-11-27 22:00:00,Australia,Queensland,AU-QLD,570.7,632.44,21.58,21.58,opennem.org.au,false,
2023-11-27 23:00:00,Australia,Queensland,AU-QLD,535.1,593.79,27.89,27.89,opennem.org.au,false,
2023-11-28 00:00:00,Australia,Queensland,AU-QLD,460.51,517.31,37.93,37.93,opennem.org.au,false,
2023-11-28 01:00:00,Australia,Queensland,AU-QLD,432.47,488.53,41.7,41.7,opennem.org.au,false,
2023-11-28 02:00:00,Australia,Queensland,AU-QLD,434.55,491.3,41.14,41.14,opennem.org.au,false,
2023-11-28 03:00:00,Australia,Queensland,AU-QLD,453.37,511.04,38.29,38.29,opennem.org.au,false,
2023-11-28 04:00:00,Australia,Queensland,AU-QLD,478.23,536.75,34.66,34.66,opennem.org.au,false,
2023-11-28 05:00:00,Australia,Queensland,AU-QLD,509.72,570.59,29.08,29.08,opennem.org.au,false,
2023-11-28 06:00:00,Australia,Queensland,AU-QLD,540.65,603.72,23.63,23.63,opennem.org.au,false,
2023-11-28 07:00:00,Australia,Queensland,AU-QLD,592.99,656.7,16.43,16.43,opennem.org.au,false,
2023-11-28 08:00:00,Australia,Queensland,AU-QLD,636.14,700.14,10.51,10.51,opennem.org.au,false,
2023-11-28 09:00:00,Australia,Queensland,AU-QLD,631.99,694.86,11.08,11.08,opennem.org.au,false,
2023-11-28 10:00:00,Australia,Queensland,AU-QLD,633.05,696.05,11.1,11.1,opennem.org.au,false,
2023-11-28 11:00:00,Australia,Queensland,AU-QLD,660.24,721.93,9.27,9.27,opennem.org.au,false,
2023-11-28 12:00:00,Australia,Queensland,AU-QLD,672.79,731.33,10.28,10.28,opennem.org.au,false,
2023-11-28 13:00:00,Australia,Queensland,AU-QLD,684.24,742.98,8.97,8.97,opennem.org.au,false,
2023-11-28 14:00:00,Australia,Queensland,AU-QLD,685.7,744.82,8.7,8.7,opennem.org.au,false,
2023-11-28 15:00:00,Australia,Queensland,AU-QLD,686.8,746.04,8.53,8.53,opennem.org.au,false,
2023-11-28 16:00:00,Australia,Queensland,AU-QLD,695.44,755.48,7.37,7.37,opennem.org.au,false,
2023-11-28 17:00:00,Australia,Queensland,AU-QLD,703.95,764.55,6.24,6.24,opennem.org.au,false,
2023-11-28 18:00:00,Australia,Queensland,AU-QLD,717.33,778.68,4.48,4.48,opennem.org.au,false,
2023-11-28 19:00:00,Australia,Queensland,AU-QLD,704.62,765.52,6.2,6.2,opennem.org.au,false,
2023-11-28 20:00:00,Australia,Queensland,AU-QLD,589.68,648.1,21.46,21.46,opennem.org.au,false,
2023-11-28 21:00:00,Australia,Queensland,AU-QLD,466.97,522.21,37.77,37.77,opennem.org.au,false,
2023-11-28 22:00:00,Australia,Queensland,AU-QLD,406.26,460.27,45.83,45.83,opennem.org.au,false,
2023-11-28 23:00:00,Australia,Queensland,AU-QLD,353.96,407.28,52.75,52.75,opennem.org.au,false,
2023-11-29 00:00:00,Australia,Queensland,AU-QLD,326.7,379.25,56.37,56.37,opennem.org.au,false,
2023-11-29 01:00:00,Australia,Queensland,AU-QLD,313.39,365.46,58.14,58.14,opennem.org.au,false,
2023-11-29 02:00:00,Australia,Queensland,AU-QLD,311.19,363.0,58.42,58.42,opennem.org.au,false,
2023-11-29 03:00:00,Australia,Queensland,AU-QLD,311.18,362.85,58.44,58.44,opennem.org.au,false,
2023-11-29 04:00:00,Australia,Queensland,AU-QLD,356.23,409.59,51.91,51.91,Electricity Maps Estimation,true,ESTIMATED_TIME_SLICER_AVERAGE
2023-11-29 05:00:00,Australia,Queensland,AU-QLD,380.61,434.81,48.41,48.41,opennem.org.au; Electricity Maps Estimation,false,
2023-11-29 06:00:00,Australia,Queensland,AU-QLD,464.51,521.98,36.0,36.0,opennem.org.au,false,
2023-11-29 07:00:00,Australia,Queensland,AU-QLD,539.18,600.42,24.33,24.33,opennem.org.au,false,
2023-11-29 08:00:00,Australia,Queensland,AU-QLD,613.9,677.38,13.34,13.34,opennem.org.au,false,
2023-11-29 09:00:00,Australia,Queensland,AU-QLD,635.99,700.43,10.07,10.07,opennem.org.au,false,
2023-11-29 10:00:00,Australia,Queensland,AU-QLD,634.44,698.84,10.27,10.27,opennem.org.au,false,
2023-11-29 11:00:00,Australia,Queensland,AU-QLD,653.2,715.37,9.82,9.82,opennem.org.au,false,
2023-11-29 12:00:00,Australia,Queensland,AU-QLD,667.4,727.04,10.11,10.11,opennem.org.au,false,
2023-11-29 13:00:00,Australia,Queensland,AU-QLD,671.0,730.42,10.05,10.05,opennem.org.au,false,
2023-11-29 14:00:00,Australia,Queensland,AU-QLD,674.63,733.36,10.18,10.18,opennem.org.au,false,
2023-11-29 15:00:00,Australia,Queensland,AU-QLD,677.58,736.73,9.77,9.77,opennem.org.au,false,
2023-11-29 16:00:00,Australia,Queensland,AU-QLD,692.06,751.85,7.83,7.83,opennem.org.au,false,
2023-11-29 17:00:00,Australia,Queensland,AU-QLD,702.04,762.32,6.5,6.5,opennem.org.au,false,
2023-11-29 18:00:00,Australia,Queensland,AU-QLD,708.67,769.23,5.65,5.65,opennem.org.au,false,
2023-11-29 19:00:00,Australia,Queensland,AU-QLD,685.48,746.09,8.73,8.73,opennem.org.au,false,
2023-11-29 20:00:00,Australia,Queensland,AU-QLD,513.23,570.45,31.51,31.51,opennem.org.au,false,
2023-11-29 21:00:00,Australia,Queensland,AU-QLD,387.94,442.48,48.19,48.19,opennem.org.au,false,
2023-11-29 22:00:00,Australia,Queensland,AU-QLD,347.93,401.74,53.51,53.51,opennem.org.au,false,
2023-11-29 23:00:00,Australia,Queensland,AU-QLD,312.21,364.74,58.26,58.26,opennem.org.au,false,
2023-11-30 00:00:00,Australia,Queensland,AU-QLD,283.69,335.55,62.04,62.04,opennem.org.au,false,
2023-11-30 01:00:00,Australia,Queensland,AU-QLD,279.46,331.15,62.61,62.61,opennem.org.au,false,
2023-11-30 02:00:00,Australia,Queensland,AU-QLD,308.48,361.63,58.06,58.06,Electricity Maps Estimation,true,ESTIMATED_TIME_SLICER_AVERAGE
2023-11-30 03:00:00,Australia,Queensland,AU-QLD,321.27,374.95,56.12,56.12,Electricity Maps Estimation,true,ESTIMATED_TIME_SLICER_AVERAGE
2023-11-30 04:00:00,Australia,Queensland,AU-QLD,352.48,407.81,51.21,51.21,Electricity Maps Estimation,true,ESTIMATED_TIME_SLICER_AVERAGE
2023-11-30 05:00:00,Australia,Queensland,AU-QLD,396.01,453.55,44.33,44.33,Electricity Maps Estimation,true,ESTIMATED_TIME_SLICER_AVERAGE
2023-11-30 06:00:00,Australia,Queensland,AU-QLD,425.01,483.78,39.87,39.87,opennem.org.au,false,
2023-11-30 07:00:00,Australia,Queensland,AU-QLD,524.23,588.09,24.02,24.02,opennem.org.au,false,
2023-11-30 08:00:00,Australia,Queensland,AU-QLD,598.02,663.14,13.65,13.65,opennem.org.au,false,
2023-11-30 09:00:00,Australia,Queensland,AU-QLD,612.05,678.19,11.28,11.28,opennem.org.au,false,
2023-11-30 10:00:00,Australia,Queensland,AU-QLD,630.01,697.23,8.95,8.95,opennem.org.au,false,
2023-11-30 11:00:00,Australia,Queensland,AU-QLD,654.8,719.38,8.27,8.27,opennem.org.au,false,
2023-11-30 12:00:00,Australia,Queensland,AU-QLD,685.23,748.58,6.1,6.1,opennem.org.au,false,
2023-11-30 13:00:00,Australia,Queensland,AU-QLD,692.43,755.58,5.67,5.67,opennem.org.au,false,
2023-11-30 14:00:00,Australia,Queensland,AU-QLD,712.17,773.01,5.16,5.16,opennem.org.au,false,
2023-11-30 15:00:00,Australia,Queensland,AU-QLD,714.71,775.73,4.89,4.89,opennem.org.au,false,
2023-11-30 16:00:00,Australia,Queensland,AU-QLD,716.64,777.77,4.63,4.63,Electricity Maps Estimation,true,ESTIMATED_TIME_SLICER_AVERAGE
2023-11-30 17:00:00,Australia,Queensland,AU-QLD,718.01,779.21,4.45,4.45,Electricity Maps Estimation,true,ESTIMATED_TIME_SLICER_AVERAGE
2023-11-30 18:00:00,Australia,Queensland,AU-QLD,720.34,781.69,4.13,4.13,opennem.org.au,false,
2023-11-30 19:00:00,Australia,Queensland,AU-QLD,695.95,756.85,7.34,7.34,opennem.org.au,false,
2023-11-30 20:00:00,Australia,Queensland,AU-QLD,558.82,617.1,25.53,25.53,opennem.org.au,false,
2023-11-30 21:00:00,Australia,Queensland,AU-QLD,454.34,510.52,39.41,39.41,opennem.org.au,false,
2023-11-30 22:00:00,Australia,Queensland,AU-QLD,391.01,445.65,47.84,47.84,opennem.org.au,false,
2023-11-30 23:00:00,Australia,Queensland,AU-QLD,346.87,400.36,53.71,53.71,opennem.org.au,false,
2023-12-01 00:00:00,Australia,Queensland,AU-QLD,316.35,368.85,57.76,57.76,opennem.org.au,false,
2023-12-01 01:00:00,Australia,Queensland,AU-QLD,329.96,382.71,55.97,55.97,Electricity Maps Estimation,true,ESTIMATED_TIME_SLICER_AVERAGE
2023-12-01 02:00:00,Australia,Queensland,AU-QLD,337.11,389.99,55.03,55.03,opennem.org.au; Electricity Maps Estimation,false,
2023-12-01 03:00:00,Australia,Queensland,AU-QLD,369.04,422.19,50.72,50.72,opennem.org.au,false,
2023-12-01 04:00:00,Australia,Queensland,AU-QLD,442.43,498.59,39.74,39.74,opennem.org.au,false,
2023-12-01 05:00:00,Australia,Queensland,AU-QLD,483.98,544.22,31.33,31.33,opennem.org.au,false,
2023-12-01 06:00:00,Australia,Queensland,AU-QLD,518.45,580.62,25.45,25.45,opennem.org.au,false,
2023-12-01 07:00:00,Australia,Queensland,AU-QLD,570.37,635.18,17.26,17.26,opennem.org.au,false,
2023-12-01 08:00:00,Australia,Queensland,AU-QLD,622.1,688.0,10.47,10.47,opennem.org.au,false,
2023-12-01 09:00:00,Australia,Queensland,AU-QLD,641.73,708.08,8.07,8.07,opennem.org.au,false,
2023-12-01 10:00:00,Australia,Queensland,AU-QLD,646.15,713.06,7.55,7.55,opennem.org.au,false,
2023-12-01 11:00:00,Australia,Queensland,AU-QLD,664.52,729.42,7.13,7.13,opennem.org.au,false,
2023-12-01 12:00:00,Australia,Queensland,AU-QLD,714.44,776.33,4.34,4.34,opennem.org.au,false,
2023-12-01 13:00:00,Australia,Queensland,AU-QLD,710.35,770.98,5.5,5.5,opennem.org.au,false,
2023-12-01 14:00:00,Australia,Queensland,AU-QLD,721.95,783.42,3.95,3.95,opennem.org.au,false,
2023-12-01 15:00:00,Australia,Queensland,AU-QLD,717.98,779.2,4.43,4.43,opennem.org.au,false,
2023-12-01 16:00:00,Australia,Queensland,AU-QLD,708.29,769.01,5.69,5.69,opennem.org.au,false,
2023-12-01 17:00:00,Australia,Queensland,AU-QLD,705.21,765.49,6.11,6.11,opennem.org.au,false,
2023-12-01 18:00:00,Australia,Queensland,AU-QLD,696.53,756.21,7.37,7.37,opennem.org.au,false,
2023-12-01 19:00:00,Australia,Queensland,AU-QLD,682.72,742.41,9.17,9.17,opennem.org.au,false,
2023-12-01 20:00:00,Australia,Queensland,AU-QLD,572.29,630.24,23.77,23.77,opennem.org.au,false,
2023-12-01 21:00:00,Australia,Queensland,AU-QLD,436.14,491.52,41.85,41.85,opennem.org.au,false,
2023-12-01 22:00:00,Australia,Queensland,AU-QLD,373.43,427.46,50.17,50.17,opennem.org.au,false,
2023-12-01 23:00:00,Australia,Queensland,AU-QLD,320.35,373.23,57.22,57.22,opennem.org.au,false,
2023-12-02 00:00:00,Australia,Queensland,AU-QLD,292.52,344.78,60.91,60.91,opennem.org.au,false,
2023-12-02 01:00:00,Australia,Queensland,AU-QLD,279.92,331.72,62.59,62.59,opennem.org.au,false,
2023-12-02 02:00:00,Australia,Queensland,AU-QLD,277.78,329.22,62.88,62.88,opennem.org.au,false,
2023-12-02 03:00:00,Australia,Queensland,AU-QLD,307.2,359.02,58.96,58.96,Electricity Maps Estimation,true,ESTIMATED_TIME_SLICER_AVERAGE
2023-12-02 04:00:00,Australia,Queensland,AU-QLD,321.96,373.97,57.0,57.0,opennem.org.au; Electricity Maps Estimation,false,
2023-12-02 05:00:00,Australia,Queensland,AU-QLD,377.13,430.84,49.1,49.1,opennem.org.au,false,
2023-12-02 06:00:00,Australia,Queensland,AU-QLD,448.96,505.25,38.75,38.75,opennem.org.au,false,
2023-12-02 07:00:00,Australia,Queensland,AU-QLD,530.8,590.72,26.08,26.08,opennem.org.au,false,
2023-12-02 08:00:00,Australia,Queensland,AU-QLD,599.49,664.88,13.57,13.57,opennem.org.au,false,
2023-12-02 09:00:00,Australia,Queensland,AU-QLD,619.6,685.85,10.58,10.58,opennem.org.au,false,
2023-12-02 10:00:00,Australia,Queensland,AU-QLD,635.03,701.48,8.99,8.99,opennem.org.au,false,
2023-12-02 11:00:00,Australia,Queensland,AU-QLD,661.08,726.24,7.27,7.27,opennem.org.au,false,
2023-12-02 12:00:00,Australia,Queensland,AU-QLD,690.81,753.83,5.64,5.64,opennem.org.au,false,
2023-12-02 13:00:00,Australia,Queensland,AU-QLD,705.57,766.79,5.39,5.39,opennem.org.au,false,
2023-12-02 14:00:00,Australia,Queensland,AU-QLD,719.66,779.99,4.27,4.27,opennem.org.au,false,
2023-12-02 15:00:00,Australia,Queensland,AU-QLD,727.64,788.36,3.28,3.28,opennem.org.au,false,
2023-12-02 16:00:00,Australia,Queensland,AU-QLD,734.98,796.3,2.43,2.43,opennem.org.au,false,
2023-12-02 17:00:00,Australia,Queensland,AU-QLD,735.18,796.53,2.31,2.31,Electricity Maps Estimation,true,ESTIMATED_TIME_SLICER_AVERAGE
2023-12-02 18:00:00,Australia,Queensland,AU-QLD,735.27,796.64,2.21,2.21,Electricity Maps Estimation,true,ESTIMATED_TIME_SLICER_AVERAGE
2023-12-02 19:00:00,Australia,Queensland,AU-QLD,705.82,766.54,6.05,6.05,opennem.org.au,false,
2023-12-02 20:00:00,Australia,Queensland,AU-QLD,549.59,607.18,26.7,26.7,opennem.org.au,false,
2023-12-02 21:00:00,Australia,Queensland,AU-QLD,446.73,502.1,40.36,40.36,opennem.org.au,false,
2023-12-02 22:00:00,Australia,Queensland,AU-QLD,381.18,434.78,49.09,49.09,opennem.org.au,false,
2023-12-02 23:00:00,Australia,Queensland,AU-QLD,340.6,393.33,54.48,54.48,opennem.org.au,false,
2023-12-03 00:00:00,Australia,Queensland,AU-QLD,319.11,371.34,57.34,57.34,opennem.org.au,false,
2023-12-03 01:00:00,Australia,Queensland,AU-QLD,302.95,354.86,59.4,59.4,opennem.org.au,false,
2023-12-03 02:00:00,Australia,Queensland,AU-QLD,297.13,349.26,59.76,59.76,opennem.org.au,false,
2023-12-03 03:00:00,Australia,Queensland,AU-QLD,292.32,344.17,60.48,60.48,opennem.org.au,false,
2023-12-03 04:00:00,Australia,Queensland,AU-QLD,331.89,383.93,55.67,55.67,opennem.org.au,false,
2023-12-03 05:00:00,Australia,Queensland,AU-QLD,404.23,458.36,45.3,45.3,opennem.org.au,false,
2023-12-03 06:00:00,Australia,Queensland,AU-QLD,454.47,511.47,37.21,37.21,opennem.org.au,false,
2023-12-03 07:00:00,Australia,Queensland,AU-QLD,553.24,616.79,20.43,20.43,opennem.org.au,false,
2023-12-03 08:00:00,Australia,Queensland,AU-QLD,606.93,673.15,11.58,11.58,opennem.org.au,false,
2023-12-03 09:00:00,Australia,Queensland,AU-QLD,629.23,695.75,8.77,8.77,opennem.org.au,false,
2023-12-03 10:00:00,Australia,Queensland,AU-QLD,641.04,709.58,6.41,6.41,opennem.org.au,false,
2023-12-03 11:00:00,Australia,Queensland,AU-QLD,661.34,726.65,6.51,6.51,opennem.org.au,false,
2023-12-03 12:00:00,Australia,Queensland,AU-QLD,686.37,750.09,5.06,5.06,opennem.org.au,false,
2023-12-03 13:00:00,Australia,Queensland,AU-QLD,699.81,759.96,5.95,5.95,opennem.org.au,false,
2023-12-03 14:00:00,Australia,Queensland,AU-QLD,703.5,762.4,6.36,6.36,opennem.org.au,false,
2023-12-03 15:00:00,Australia,Queensland,AU-QLD,722.36,782.27,3.92,3.92,opennem.org.au,false,
2023-12-03 16:00:00,Australia,Queensland,AU-QLD,723.44,783.42,3.83,3.83,Electricity Maps Estimation,true,ESTIMATED_TIME_SLICER_AVERAGE
2023-12-03 17:00:00,Australia,Queensland,AU-QLD,724.45,784.48,3.76,3.76,Electricity Maps Estimation,true,ESTIMATED_TIME_SLICER_AVERAGE
2023-12-03 18:00:00,Australia,Queensland,AU-QLD,725.48,785.57,3.68,3.68,Electricity Maps Estimation,true,ESTIMATED_TIME_SLICER_AVERAGE
2023-12-03 19:00:00,Australia,Queensland,AU-QLD,700.42,760.01,7.04,7.04,opennem.org.au; Electricity Maps Estimation,false,
2023-12-03 20:00:00,Australia,Queensland,AU-QLD,545.25,602.29,27.34,27.34,opennem.org.au,false,
2023-12-03 21:00:00,Australia,Queensland,AU-QLD,428.66,483.26,42.83,42.83,opennem.org.au,false,
2023-12-03 22:00:00,Australia,Queensland,AU-QLD,390.67,444.41,47.98,47.98,opennem.org.au,false,
2023-12-03 23:00:00,Australia,Queensland,AU-QLD,353.35,406.34,52.89,52.89,opennem.org.au,false,
2023-12-04 00:00:00,Australia,Queensland,AU-QLD,313.59,365.61,58.15,58.15,opennem.org.au,false,
2023-12-04 01:00:00,Australia,Queensland,AU-QLD,301.43,353.16,59.76,59.76,opennem.org.au,false,
2023-12-04 02:00:00,Australia,Queensland,AU-QLD,320.65,372.58,57.18,57.18,Electricity Maps Estimation,true,ESTIMATED_TIME_SLICER_AVERAGE
2023-12-04 03:00:00,Australia,Queensland,AU-QLD,330.35,382.38,55.88,55.88,opennem.org.au; Electricity Maps Estimation,false,
2023-12-04 04:00:00,Australia,Queensland,AU-QLD,340.77,393.49,53.98,53.98,opennem.org.au,false,
2023-12-04 05:00:00,Australia,Queensland,AU-QLD,371.62,426.12,49.07,49.07,opennem.org.au,false,
2023-12-04 06:00:00,Australia,Queensland,AU-QLD,449.26,506.79,37.68,37.68,opennem.org.au,false,
2023-12-04 07:00:00,Australia,Queensland,AU-QLD,515.06,575.24,27.27,27.27,opennem.org.au,false,
2023-12-04 08:00:00,Australia,Queensland,AU-QLD,588.1,651.8,14.89,14.89,opennem.org.au,false,
2023-12-04 09:00:00,Australia,Queensland,AU-QLD,601.92,667.05,12.25,12.25,opennem.org.au,false,
2023-12-04 10:00:00,Australia,Queensland,AU-QLD,614.09,678.3,11.85,11.85,opennem.org.au,false,
2023-12-04 11:00:00,Australia,Queensland,AU-QLD,624.27,683.85,13.77,13.77,opennem.org.au,false,
2023-12-04 12:00:00,Australia,Queensland,AU-QLD,639.3,697.39,13.15,13.15,opennem.org.au,false,
2023-12-04 13:00:00,Australia,Queensland,AU-QLD,649.53,705.82,13.28,13.28,opennem.org.au,false,
2023-12-04 14:00:00,Australia,Queensland,AU-QLD,661.55,717.95,12.0,12.0,opennem.org.au,false,
2023-12-04 15:00:00,Australia,Queensland,AU-QLD,660.52,716.97,12.11,12.11,opennem.org.au,false,
2023-12-04 16:00:00,Australia,Queensland,AU-QLD,660.52,716.99,12.1,12.1,opennem.org.au,false,
2023-12-04 17:00:00,Australia,Queensland,AU-QLD,664.16,720.89,11.63,11.63,opennem.org.au,false,
2023-12-04 18:00:00,Australia,Queensland,AU-QLD,660.31,716.86,12.18,12.18,opennem.org.au,false,
2023-12-04 19:00:00,Australia,Queensland,AU-QLD,634.41,689.99,15.84,15.84,opennem.org.au,false,
2023-12-04 20:00:00,Australia,Queensland,AU-QLD,523.5,578.55,30.27,30.27,opennem.org.au,false,
2023-12-04 21:00:00,Australia,Queensland,AU-QLD,424.0,477.47,43.48,43.48,opennem.org.au,false,
2023-12-04 22:00:00,Australia,Queensland,AU-QLD,372.3,424.97,50.35,50.35,opennem.org.au,false,
2023-12-04 23:00:00,Australia,Queensland,AU-QLD,334.02,386.17,55.41,55.41,opennem.org.au,false,
2023-12-05 00:00:00,Australia,Queensland,AU-QLD,297.53,349.05,60.24,60.24,opennem.org.au,false,
2023-12-05 01:00:00,Australia,Queensland,AU-QLD,295.52,347.1,60.52,60.52,opennem.org.au,false,
2023-12-05 02:00:00,Australia,Queensland,AU-QLD,290.64,342.17,61.17,61.17,opennem.org.au,false,
2023-12-05 03:00:00,Australia,Queensland,AU-QLD,462.94,518.07,38.22,38.22,opennem.org.au,false,
2023-12-05 04:00:00,Australia,Queensland,AU-QLD,337.04,389.62,54.83,54.83,opennem.org.au,false,
2023-12-05 05:00:00,Australia,Queensland,AU-QLD,377.17,431.62,48.7,48.7,opennem.org.au,false,
2023-12-05 06:00:00,Australia,Queensland,AU-QLD,441.05,497.87,39.19,39.19,opennem.org.au,false,
2023-12-05 07:00:00,Australia,Queensland,AU-QLD,509.86,572.19,26.75,26.75,opennem.org.au,false,
2023-12-05 08:00:00,Australia,Queensland,AU-QLD,587.12,655.57,12.49,12.49,opennem.org.au,false,
2023-12-05 09:00:00,Australia,Queensland,AU-QLD,615.06,686.47,7.46,7.46,opennem.org.au,false,
2023-12-05 10:00:00,Australia,Queensland,AU-QLD,613.34,682.42,8.99,8.99,opennem.org.au,false,
2023-12-05 11:00:00,Australia,Queensland,AU-QLD,635.38,700.36,9.51,9.51,opennem.org.au,false,
2023-12-05 12:00:00,Australia,Queensland,AU-QLD,641.75,702.8,11.44,11.44,opennem.org.au,false,
2023-12-05 13:00:00,Australia,Queensland,AU-QLD,648.94,707.32,12.37,12.37,opennem.org.au,false,
2023-12-05 14:00:00,Australia,Queensland,AU-QLD,657.03,713.71,12.58,12.58,opennem.org.au,false,
2023-12-05 15:00:00,Australia,Queensland,AU-QLD,661.25,718.26,12.01,12.01,Electricity Maps Estimation,true,ESTIMATED_TIME_SLICER_AVERAGE
2023-12-05 16:00:00,Australia,Queensland,AU-QLD,673.15,730.35,10.81,10.81,Electricity Maps Estimation,true,ESTIMATED_TIME_SLICER_AVERAGE
2023-12-05 17:00:00,Australia,Queensland,AU-QLD,677.41,735.14,10.11,10.11,Electricity Maps Estimation,true,ESTIMATED_TIME_SLICER_AVERAGE
2023-12-05 18:00:00,Australia,Queensland,AU-QLD,673.5,730.55,10.88,10.88,Electricity Maps Estimation,true,ESTIMATED_TIME_SLICER_AVERAGE
2023-12-05 19:00:00,Australia,Queensland,AU-QLD,653.57,710.19,13.69,13.69,opennem.org.au,false,
2023-12-05 20:00:00,Australia,Queensland,AU-QLD,513.25,569.0,31.69,31.69,opennem.org.au,false,
2023-12-05 21:00:00,Australia,Queensland,AU-QLD,389.6,442.78,48.06,48.06,opennem.org.au,false,
2023-12-05 22:00:00,Australia,Queensland,AU-QLD,332.19,384.17,55.66,55.66,opennem.org.au,false,
2023-12-05 23:00:00,Australia,Queensland,AU-QLD,302.29,353.65,59.64,59.64,opennem.org.au,false,
2023-12-06 00:00:00,Australia,Queensland,AU-QLD,282.32,333.24,62.29,62.29,opennem.org.au,false,
2023-12-06 01:00:00,Australia,Queensland,AU-QLD,276.1,327.02,63.12,63.12,opennem.org.au,false,
2023-12-06 02:00:00,Australia,Queensland,AU-QLD,274.5,325.57,63.25,63.25,opennem.org.au,false,
2023-12-06 03:00:00,Australia,Queensland,AU-QLD,290.53,342.73,60.38,60.38,Electricity Maps Estimation,true,ESTIMATED_TIME_SLICER_AVERAGE
2023-12-06 04:00:00,Australia,Queensland,AU-QLD,306.58,359.92,57.5,57.5,Electricity Maps Estimation,true,ESTIMATED_TIME_SLICER_AVERAGE
2023-12-06 05:00:00,Australia,Queensland,AU-QLD,322.75,377.23,54.61,54.61,opennem.org.au,false,
2023-12-06 06:00:00,Australia,Queensland,AU-QLD,392.0,450.04,43.72,43.72,opennem.org.au,false,
2023-12-06 07:00:00,Australia,Queensland,AU-QLD,483.3,546.52,28.91,28.91,opennem.org.au,false,
2023-12-06 08:00:00,Australia,Queensland,AU-QLD,590.37,660.12,11.2,11.2,opennem.org.au,false,
2023-12-06 09:00:00,Australia,Queensland,AU-QLD,612.32,683.2,7.78,7.78,opennem.org.au,false,
2023-12-06 10:00:00,Australia,Queensland,AU-QLD,621.14,690.93,7.51,7.51,opennem.org.au,false,
2023-12-06 11:00:00,Australia,Queensland,AU-QLD,639.25,705.45,7.89,7.89,opennem.org.au,false,
2023-12-06 12:00:00,Australia,Queensland,AU-QLD,648.19,711.76,8.78,8.78,opennem.org.au,false,
2023-12-06 13:00:00,Australia,Queensland,AU-QLD,649.06,709.33,10.7,10.7,opennem.org.au,false,
2023-12-06 14:00:00,Australia,Queensland,AU-QLD,662.93,720.62,10.99,10.99,opennem.org.au,false,
2023-12-06 15:00:00,Australia,Queensland,AU-QLD,668.29,725.96,10.43,10.43,Electricity Maps Estimation,true,ESTIMATED_TIME_SLICER_AVERAGE
2023-12-06 16:00:00,Australia,Queensland,AU-QLD,681.54,739.34,9.07,9.07,Electricity Maps Estimation,true,ESTIMATED_TIME_SLICER_AVERAGE
2023-12-06 17:00:00,Australia,Queensland,AU-QLD,687.17,745.38,8.22,8.22,Electricity Maps Estimation,true,ESTIMATED_TIME_SLICER_AVERAGE
2023-12-06 18:00:00,Australia,Queensland,AU-QLD,684.66,742.26,8.76,8.76,Electricity Maps Estimation,true,ESTIMATED_TIME_SLICER_AVERAGE
2023-12-06 19:00:00,Australia,Queensland,AU-QLD,664.63,721.81,11.51,11.51,opennem.org.au; Electricity Maps Estimation,false,
2023-12-06 20:00:00,Australia,Queensland,AU-QLD,521.12,575.95,30.63,30.63,opennem.org.au,false,
2023-12-06 21:00:00,Australia,Queensland,AU-QLD,394.73,447.27,47.39,47.39,opennem.org.au,false,
2023-12-06 22:00:00,Australia,Queensland,AU-QLD,344.46,396.14,54.03,54.03,opennem.org.au,false,
2023-12-06 23:00:00,Australia,Queensland,AU-QLD,302.48,353.41,59.6,59.6,opennem.org.au,false,
2023-12-07 00:00:00,Australia,Queensland,AU-QLD,277.37,327.8,62.92,62.92,opennem.org.au,false,
2023-12-07 01:00:00,Australia,Queensland,AU-QLD,273.16,323.74,63.33,63.33,opennem.org.au,false,
2023-12-07 02:00:00,Australia,Queensland,AU-QLD,281.84,332.61,62.2,62.2,opennem.org.au,false,
2023-12-07 03:00:00,Australia,Queensland,AU-QLD,319.64,372.85,55.83,55.83,Electricity Maps Estimation,true,ESTIMATED_TIME_SLICER_AVERAGE
2023-12-07 04:00:00,Australia,Queensland,AU-QLD,343.28,397.9,51.97,51.97,Electricity Maps Estimation,true,ESTIMATED_TIME_SLICER_AVERAGE
2023-12-07 05:00:00,Australia,Queensland,AU-QLD,380.09,437.17,45.7,45.7,Electricity Maps Estimation,true,ESTIMATED_TIME_SLICER_AVERAGE
2023-12-07 06:00:00,Australia,Queensland,AU-QLD,441.58,502.76,35.25,35.25,Electricity Maps Estimation,true,ESTIMATED_TIME_SLICER_AVERAGE
2023-12-07 07:00:00,Australia,Queensland,AU-QLD,485.46,549.24,27.94,27.94,opennem.org.au,false,
2023-12-07 08:00:00,Australia,Queensland,AU-QLD,586.08,655.49,11.47,11.47,opennem.org.au,false,
2023-12-07 09:00:00,Australia,Queensland,AU-QLD,602.84,671.78,9.41,9.41,opennem.org.au,false,
2023-12-07 10:00:00,Australia,Queensland,AU-QLD,617.14,684.42,9.04,9.04,opennem.org.au,false,
2023-12-07 11:00:00,Australia,Queensland,AU-QLD,635.23,699.82,8.91,8.91,opennem.org.au,false,
2023-12-07 12:00:00,Australia,Queensland,AU-QLD,629.37,689.2,12.52,12.52,opennem.org.au,false,
2023-12-07 13:00:00,Australia,Queensland,AU-QLD,633.7,691.06,13.75,13.75,opennem.org.au,false,
2023-12-07 14:00:00,Australia,Queensland,AU-QLD,648.77,704.1,13.65,13.65,opennem.org.au,false,
2023-12-07 15:00:00,Australia,Queensland,AU-QLD,656.49,712.3,12.62,12.62,Electricity Maps Estimation,true,ESTIMATED_TIME_SLICER_AVERAGE
2023-12-07 16:00:00,Australia,Queensland,AU-QLD,672.4,728.82,10.75,10.75,Electricity Maps Estimation,true,ESTIMATED_TIME_SLICER_AVERAGE
2023-12-07 17:00:00,Australia,Queensland,AU-QLD,680.97,738.38,9.33,9.33,Electricity Maps Estimation,true,ESTIMATED_TIME_SLICER_AVERAGE
2023-12-07 18:00:00,Australia,Queensland,AU-QLD,681.26,738.58,9.34,9.34,Electricity Maps Estimation,true,ESTIMATED_TIME_SLICER_AVERAGE
2023-12-07 19:00:00,Australia,Queensland,AU-QLD,661.61,718.69,11.98,11.98,opennem.org.au; Electricity Maps Estimation,false,
2023-12-07 20:00:00,Australia,Queensland,AU-QLD,517.68,573.03,30.94,30.94,opennem.org.au,false,
2023-12-07 21:00:00,Australia,Queensland,AU-QLD,418.97,472.38,44.21,44.21,opennem.org.au,false,
2023-12-07 22:00:00,Australia,Queensland,AU-QLD,376.01,428.59,49.85,49.85,opennem.org.au,false,
2023-12-07 23:00:00,Australia,Queensland,AU-QLD,344.34,396.38,54.06,54.06,opennem.org.au,false,
2023-12-08 00:00:00,Australia,Queensland,AU-QLD,320.31,371.88,57.23,57.23,opennem.org.au,false,
2023-12-08 01:00:00,Australia,Queensland,AU-QLD,302.41,353.61,59.59,59.59,opennem.org.au,false,
2023-12-08 02:00:00,Australia,Queensland,AU-QLD,290.29,341.21,61.19,61.19,opennem.org.au,false,
2023-12-08 03:00:00,Australia,Queensland,AU-QLD,285.92,336.71,61.77,61.77,opennem.org.au,false,
2023-12-08 04:00:00,Australia,Queensland,AU-QLD,334.01,387.68,53.77,53.77,Electricity Maps Estimation,true,ESTIMATED_TIME_SLICER_AVERAGE
2023-12-08 05:00:00,Australia,Queensland,AU-QLD,383.38,440.02,45.56,45.56,Electricity Maps Estimation,true,ESTIMATED_TIME_SLICER_AVERAGE
2023-12-08 06:00:00,Australia,Queensland,AU-QLD,434.36,493.78,37.22,37.22,Electricity Maps Estimation,true,ESTIMATED_TIME_SLICER_AVERAGE
2023-12-08 07:00:00,Australia,Queensland,AU-QLD,486.66,548.79,28.75,28.75,opennem.org.au,false,
2023-12-08 08:00:00,Australia,Queensland,AU-QLD,574.18,641.71,13.76,13.76,opennem.org.au,false,
2023-12-08 09:00:00,Australia,Queensland,AU-QLD,589.69,657.88,11.24,11.24,opennem.org.au,false,
2023-12-08 10:00:00,Australia,Queensland,AU-QLD,595.77,662.15,11.83,11.83,opennem.org.au,false,
2023-12-08 11:00:00,Australia,Queensland,AU-QLD,623.09,685.33,11.7,11.7,opennem.org.au,false,
2023-12-08 12:00:00,Australia,Queensland,AU-QLD,620.09,680.04,13.44,13.44,opennem.org.au,false,
2023-12-08 13:00:00,Australia,Queensland,AU-QLD,612.72,671.66,14.8,14.8,opennem.org.au,false,
2023-12-08 14:00:00,Australia,Queensland,AU-QLD,616.95,675.26,14.78,14.78,opennem.org.au,false,
2023-12-08 15:00:00,Australia,Queensland,AU-QLD,641.78,697.04,14.33,14.33,opennem.org.au,false,
2023-12-08 16:00:00,Australia,Queensland,AU-QLD,659.56,715.58,12.24,12.24,opennem.org.au,false,
2023-12-08 17:00:00,Australia,Queensland,AU-QLD,671.63,728.57,10.62,10.62,opennem.org.au,false,
2023-12-08 18:00:00,Australia,Queensland,AU-QLD,670.33,727.14,10.81,10.81,opennem.org.au,false,
2023-12-08 19:00:00,Australia,Queensland,AU-QLD,658.22,714.61,12.59,12.59,opennem.org.au,false,
2023-12-08 20:00:00,Australia,Queensland,AU-QLD,522.12,576.59,30.33,30.33,opennem.org.au,false,
2023-12-08 21:00:00,Australia,Queensland,AU-QLD,412.14,465.04,44.99,44.99,opennem.org.au,false,
2023-12-08 22:00:00,Australia,Queensland,AU-QLD,381.4,434.32,49.06,49.06,opennem.org.au,false,
2023-12-08 23:00:00,Australia,Queensland,AU-QLD,336.11,388.18,55.05,55.05,opennem.org.au,false,
2023-12-09 00:00:00,Australia,Queensland,AU-QLD,310.85,362.47,58.4,58.4,opennem.org.au,false,
2023-12-09 01:00:00,Australia,Queensland,AU-QLD,304.42,356.01,59.29,59.29,opennem.org.au,false,
2023-12-09 02:00:00,Australia,Queensland,AU-QLD,301.2,352.85,59.68,59.68,opennem.org.au,false,
2023-12-09 03:00:00,Australia,Queensland,AU-QLD,304.22,356.14,59.14,59.14,opennem.org.au,false,
2023-12-09 04:00:00,Australia,Queensland,AU-QLD,305.36,358.09,58.26,58.26,opennem.org.au,false,
2023-12-09 05:00:00,Australia,Queensland,AU-QLD,329.56,384.62,53.58,53.58,opennem.org.au,false,
2023-12-09 06:00:00,Australia,Queensland,AU-QLD,386.25,443.38,45.11,45.11,opennem.org.au,false,
2023-12-09 07:00:00,Australia,Queensland,AU-QLD,478.23,540.42,29.94,29.94,opennem.org.au,false,
2023-12-09 08:00:00,Australia,Queensland,AU-QLD,582.24,647.71,14.5,14.5,opennem.org.au,false,
2023-12-09 09:00:00,Australia,Queensland,AU-QLD,606.26,671.15,11.82,11.82,opennem.org.au,false,
2023-12-09 10:00:00,Australia,Queensland,AU-QLD,608.1,671.68,12.44,12.44,opennem.org.au,false,
2023-12-09 11:00:00,Australia,Queensland,AU-QLD,611.91,670.03,15.51,15.51,opennem.org.au,false,
2023-12-09 12:00:00,Australia,Queensland,AU-QLD,605.59,662.53,16.86,16.86,opennem.org.au,false,
2023-12-09 13:00:00,Australia,Queensland,AU-QLD,618.83,675.27,15.81,15.81,opennem.org.au,false,
2023-12-09 14:00:00,Australia,Queensland,AU-QLD,634.86,689.39,15.45,15.45,opennem.org.au,false,
2023-12-09 15:00:00,Australia,Queensland,AU-QLD,637.44,692.23,15.09,15.09,opennem.org.au,false,
2023-12-09 16:00:00,Australia,Queensland,AU-QLD,638.52,693.37,14.95,14.95,opennem.org.au,false,
2023-12-09 17:00:00,Australia,Queensland,AU-QLD,649.83,705.18,13.59,13.59,opennem.org.au,false,
2023-12-09 18:00:00,Australia,Queensland,AU-QLD,658.17,713.97,12.57,12.57,opennem.org.au,false,
2023-12-09 19:00:00,Australia,Queensland,AU-QLD,634.08,689.77,15.55,15.55,opennem.org.au,false,
2023-12-09 20:00:00,Australia,Queensland,AU-QLD,504.54,558.41,32.64,32.64,opennem.org.au,false,
2023-12-09 21:00:00,Australia,Queensland,AU-QLD,420.56,472.95,43.79,43.79,opennem.org.au,false,
2023-12-09 22:00:00,Australia,Queensland,AU-QLD,374.21,425.73,49.98,49.98,opennem.org.au,false,
2023-12-09 23:00:00,Australia,Queensland,AU-QLD,348.1,399.5,53.46,53.46,opennem.org.au,false,
2023-12-10 00:00:00,Australia,Queensland,AU-QLD,328.7,380.06,56.05,56.05,opennem.org.au,false,
2023-12-10 01:00:00,Australia,Queensland,AU-QLD,316.54,367.65,57.67,57.67,opennem.org.au,false,
2023-12-10 02:00:00,Australia,Queensland,AU-QLD,310.92,361.86,58.41,58.41,opennem.org.au,false,
2023-12-10 03:00:00,Australia,Queensland,AU-QLD,308.63,359.58,58.71,58.71,opennem.org.au,false,
2023-12-10 04:00:00,Australia,Queensland,AU-QLD,304.45,355.28,59.28,59.28,opennem.org.au,false,
2023-12-10 05:00:00,Australia,Queensland,AU-QLD,330.01,381.15,55.84,55.84,opennem.org.au,false,
2023-12-10 06:00:00,Australia,Queensland,AU-QLD,392.35,445.48,46.84,46.84,opennem.org.au,false,
2023-12-10 07:00:00,Australia,Queensland,AU-QLD,477.53,533.84,33.94,33.94,opennem.org.au,false,
2023-12-10 08:00:00,Australia,Queensland,AU-QLD,586.05,644.31,18.72,18.72,opennem.org.au,false,
2023-12-10 09:00:00,Australia,Queensland,AU-QLD,606.56,665.08,15.69,15.69,opennem.org.au,false,
2023-12-10 10:00:00,Australia,Queensland,AU-QLD,602.92,661.72,15.93,15.93,opennem.org.au,false,
2023-12-10 11:00:00,Australia,Queensland,AU-QLD,615.76,673.51,15.25,15.25,opennem.org.au,false,
2023-12-10 12:00:00,Australia,Queensland,AU-QLD,627.39,682.33,15.82,15.82,opennem.org.au,false,
2023-12-10 13:00:00,Australia,Queensland,AU-QLD,636.73,691.17,15.31,15.31,opennem.org.au,false,
2023-12-10 14:00:00,Australia,Queensland,AU-QLD,650.55,705.94,13.4,13.4,opennem.org.au,false,
2023-12-10 15:00:00,Australia,Queensland,AU-QLD,667.25,723.62,11.15,11.15,opennem.org.au,false,
2023-12-10 16:00:00,Australia,Queensland,AU-QLD,681.56,738.97,9.24,9.24,opennem.org.au,false,
2023-12-10 17:00:00,Australia,Queensland,AU-QLD,669.94,726.58,10.78,10.78,opennem.org.au,false,
2023-12-10 18:00:00,Australia,Queensland,AU-QLD,672.92,729.59,10.46,10.46,opennem.org.au,false,
2023-12-10 19:00:00,Australia,Queensland,AU-QLD,658.65,715.05,12.42,12.42,opennem.org.au,false,
2023-12-10 20:00:00,Australia,Queensland,AU-QLD,535.53,589.91,28.7,28.7,opennem.org.au,false,
2023-12-10 21:00:00,Australia,Queensland,AU-QLD,442.56,495.18,41.01,41.01,opennem.org.au,false,
2023-12-10 22:00:00,Australia,Queensland,AU-QLD,385.67,437.1,48.56,48.56,opennem.org.au,false,
2023-12-10 23:00:00,Australia,Queensland,AU-QLD,345.34,396.4,53.9,53.9,opennem.org.au,false,
2023-12-11 00:00:00,Australia,Queensland,AU-QLD,323.77,374.68,56.78,56.78,opennem.org.au,false,
2023-12-11 01:00:00,Australia,Queensland,AU-QLD,311.24,361.96,58.44,58.44,opennem.org.au,false,
2023-12-11 02:00:00,Australia,Queensland,AU-QLD,316.24,367.13,57.77,57.77,opennem.org.au,false,
2023-12-11 03:00:00,Australia,Queensland,AU-QLD,326.61,377.67,56.45,56.45,opennem.org.au,false,
2023-12-11 04:00:00,Australia,Queensland,AU-QLD,362.9,415.03,51.38,51.38,opennem.org.au,false,
2023-12-11 05:00:00,Australia,Queensland,AU-QLD,404.69,458.45,45.13,45.13,opennem.org.au,false,
2023-12-11 06:00:00,Australia,Queensland,AU-QLD,462.51,520.43,35.01,35.01,opennem.org.au,false,
2023-12-11 07:00:00,Australia,Queensland,AU-QLD,531.78,594.3,23.35,23.35,opennem.org.au,false,
2023-12-11 08:00:00,Australia,Queensland,AU-QLD,602.84,669.31,11.71,11.71,opennem.org.au,false,
2023-12-11 09:00:00,Australia,Queensland,AU-QLD,619.63,685.07,10.17,10.17,opennem.org.au,false,
2023-12-11 10:00:00,Australia,Queensland,AU-QLD,627.69,690.77,10.93,10.93,opennem.org.au,false,
2023-12-11 11:00:00,Australia,Queensland,AU-QLD,631.9,693.17,11.6,11.6,opennem.org.au,false,
2023-12-11 12:00:00,Australia,Queensland,AU-QLD,636.65,695.68,12.55,12.55,opennem.org.au,false,
2023-12-11 13:00:00,Australia,Queensland,AU-QLD,639.64,695.28,14.36,14.36,opennem.org.au,false,
2023-12-11 14:00:00,Australia,Queensland,AU-QLD,653.56,709.25,13.0,13.0,opennem.org.au,false,
2023-12-11 15:00:00,Australia,Queensland,AU-QLD,662.51,718.59,11.78,11.78,opennem.org.au,false,
2023-12-11 16:00:00,Australia,Queensland,AU-QLD,666.05,722.39,11.3,11.3,opennem.org.au,false,
2023-12-11 17:00:00,Australia,Queensland,AU-QLD,664.41,720.78,11.53,11.53,Electricity Maps Estimation,true,ESTIMATED_TIME_SLICER_AVERAGE
2023-12-11 18:00:00,Australia,Queensland,AU-QLD,662.65,719.04,11.77,11.77,opennem.org.au,false,
2023-12-11 19:00:00,Australia,Queensland,AU-QLD,642.28,698.14,14.72,14.72,opennem.org.au,false,
2023-12-11 20:00:00,Australia,Queensland,AU-QLD,558.02,613.52,25.77,25.77,opennem.org.au,false,
2023-12-11 21:00:00,Australia,Queensland,AU-QLD,477.48,531.45,36.41,36.41,opennem.org.au,false,
2023-12-11 22:00:00,Australia,Queensland,AU-QLD,425.44,478.47,43.31,43.31,opennem.org.au,false,
2023-12-11 23:00:00,Australia,Queensland,AU-QLD,387.9,440.33,48.31,48.31,opennem.org.au,false,
2023-12-12 00:00:00,Australia,Queensland,AU-QLD,365.21,417.16,51.33,51.33,opennem.org.au,false,
2023-12-12 01:00:00,Australia,Queensland,AU-QLD,328.73,379.53,56.29,56.29,opennem.org.au,false,
2023-12-12 02:00:00,Australia,Queensland,AU-QLD,316.95,368.0,57.55,57.55,opennem.org.au,false,
2023-12-12 03:00:00,Australia,Queensland,AU-QLD,316.09,367.44,57.37,57.37,opennem.org.au,false,
2023-12-12 04:00:00,Australia,Queensland,AU-QLD,333.65,386.46,54.34,54.34,opennem.org.au,false,
2023-12-12 05:00:00,Australia,Queensland,AU-QLD,365.75,420.29,49.16,49.16,opennem.org.au,false,
2023-12-12 06:00:00,Australia,Queensland,AU-QLD,439.29,497.45,37.59,37.59,opennem.org.au,false,
2023-12-12 07:00:00,Australia,Queensland,AU-QLD,504.44,566.31,26.65,26.65,opennem.org.au,false,
2023-12-12 08:00:00,Australia,Queensland,AU-QLD,593.98,658.52,13.52,13.52,opennem.org.au,false,
2023-12-12 09:00:00,Australia,Queensland,AU-QLD,611.64,676.29,11.13,11.13,opennem.org.au,false,
2023-12-12 10:00:00,Australia,Queensland,AU-QLD,615.73,680.8,10.55,10.55,opennem.org.au,false,
2023-12-12 11:00:00,Australia,Queensland,AU-QLD,626.89,688.49,11.64,11.64,opennem.org.au,false,
2023-12-12 12:00:00,Australia,Queensland,AU-QLD,627.69,686.98,12.97,12.97,opennem.org.au,false,
2023-12-12 13:00:00,Australia,Queensland,AU-QLD,641.24,697.37,13.64,13.64,opennem.org.au,false,
2023-12-12 14:00:00,Australia,Queensland,AU-QLD,643.86,698.33,14.34,14.34,opennem.org.au,false,
2023-12-12 15:00:00,Australia,Queensland,AU-QLD,647.01,701.6,13.85,13.85,opennem.org.au,false,
2023-12-12 16:00:00,Australia,Queensland,AU-QLD,642.7,697.07,14.43,14.43,Electricity Maps Estimation,true,ESTIMATED_TIME_SLICER_AVERAGE
2023-12-12 17:00:00,Australia,Queensland,AU-QLD,638.4,692.57,15.0,15.0,Electricity Maps Estimation,true,ESTIMATED_TIME_SLICER_AVERAGE
2023-12-12 18:00:00,Australia,Queensland,AU-QLD,636.26,690.32,15.28,15.28,opennem.org.au; Electricity Maps Estimation,false,
2023-12-12 19:00:00,Australia,Queensland,AU-QLD,618.05,671.88,17.74,17.74,opennem.org.au,false,
2023-12-12 20:00:00,Australia,Queensland,AU-QLD,529.5,583.32,29.53,29.53,opennem.org.au,false,
2023-12-12 21:00:00,Australia,Queensland,AU-QLD,433.94,486.23,42.23,42.23,opennem.org.au,false,
2023-12-12 22:00:00,Australia,Queensland,AU-QLD,387.93,439.06,48.37,48.37,opennem.org.au,false,
2023-12-12 23:00:00,Australia,Queensland,AU-QLD,343.46,394.17,54.2,54.2,opennem.org.au,false,
2023-12-13 00:00:00,Australia,Queensland,AU-QLD,307.04,357.33,58.99,58.99,opennem.org.au,false,
2023-12-13 01:00:00,Australia,Queensland,AU-QLD,294.22,344.32,60.69,60.69,opennem.org.au,false,
2023-12-13 02:00:00,Australia,Queensland,AU-QLD,286.11,336.03,61.77,61.77,opennem.org.au,false,
2023-12-13 03:00:00,Australia,Queensland,AU-QLD,301.94,352.59,59.43,59.43,opennem.org.au,false,
2023-12-13 04:00:00,Australia,Queensland,AU-QLD,326.07,378.7,55.16,55.16,opennem.org.au,false,
2023-12-13 05:00:00,Australia,Queensland,AU-QLD,374.33,429.14,47.84,47.84,opennem.org.au,false,
2023-12-13 06:00:00,Australia,Queensland,AU-QLD,428.22,486.76,38.47,38.47,opennem.org.au,false,
2023-12-13 07:00:00,Australia,Queensland,AU-QLD,499.45,562.92,26.06,26.06,opennem.org.au,false,
2023-12-13 08:00:00,Australia,Queensland,AU-QLD,593.63,659.7,12.56,12.56,opennem.org.au,false,
2023-12-13 09:00:00,Australia,Queensland,AU-QLD,616.06,681.63,10.23,10.23,opennem.org.au,false,
2023-12-13 10:00:00,Australia,Queensland,AU-QLD,614.63,678.73,11.27,11.27,opennem.org.au,false,
2023-12-13 11:00:00,Australia,Queensland,AU-QLD,617.25,679.3,12.32,12.32,opennem.org.au,false,
2023-12-13 12:00:00,Australia,Queensland,AU-QLD,620.28,680.13,13.38,13.38,opennem.org.au,false,
2023-12-13 13:00:00,Australia,Queensland,AU-QLD,632.28,690.69,13.04,13.04,opennem.org.au,false,
2023-12-13 14:00:00,Australia,Queensland,AU-QLD,639.64,697.79,12.46,12.46,opennem.org.au,false,
2023-12-13 15:00:00,Australia,Queensland,AU-QLD,638.35,695.96,12.91,12.91,opennem.org.au,false,
2023-12-13 16:00:00,Australia,Queensland,AU-QLD,635.48,692.84,13.33,13.33,opennem.org.au,false,
2023-12-13 17:00:00,Australia,Queensland,AU-QLD,635.92,693.36,13.24,13.24,opennem.org.au,false,
2023-12-13 18:00:00,Australia,Queensland,AU-QLD,639.11,696.9,12.73,12.73,opennem.org.au,false,
2023-12-13 19:00:00,Australia,Queensland,AU-QLD,624.74,682.79,14.3,14.3,opennem.org.au,false,
2023-12-13 20:00:00,Australia,Queensland,AU-QLD,529.58,585.96,27.09,27.09,opennem.org.au,false,
2023-12-13 21:00:00,Australia,Queensland,AU-QLD,431.81,486.2,40.71,40.71,opennem.org.au,false,
2023-12-13 22:00:00,Australia,Queensland,AU-QLD,377.15,430.65,48.19,48.19,opennem.org.au,false,
2023-12-13 23:00:00,Australia,Queensland,AU-QLD,326.7,379.27,54.98,54.98,opennem.org.au,false,
2023-12-14 00:00:00,Australia,Queensland,AU-QLD,319.27,371.83,56.0,56.0,opennem.org.au,false,
2023-12-14 01:00:00,Australia,Queensland,AU-QLD,306.23,358.34,57.87,57.87,opennem.org.au,false,
2023-12-14 02:00:00,Australia,Queensland,AU-QLD,303.44,355.6,58.22,58.22,opennem.org.au,false,
2023-12-14 03:00:00,Australia,Queensland,AU-QLD,335.62,390.68,52.42,52.42,Electricity Maps Estimation,true,ESTIMATED_TIME_SLICER_AVERAGE
2023-12-14 04:00:00,Australia,Queensland,AU-QLD,367.91,425.88,46.61,46.61,Electricity Maps Estimation,true,ESTIMATED_TIME_SLICER_AVERAGE
2023-12-14 05:00:00,Australia,Queensland,AU-QLD,400.3,461.18,40.78,40.78,Electricity Maps Estimation,true,ESTIMATED_TIME_SLICER_AVERAGE
2023-12-14 06:00:00,Australia,Queensland,AU-QLD,432.54,496.29,34.98,34.98,opennem.org.au,false,
2023-12-14 07:00:00,Australia,Queensland,AU-QLD,504.13,573.72,22.84,22.84,opennem.org.au,false,
2023-12-14 08:00:00,Australia,Queensland,AU-QLD,572.37,646.46,11.45,11.45,opennem.org.au,false,
2023-12-14 09:00:00,Australia,Queensland,AU-QLD,587.28,661.03,9.0,9.0,opennem.org.au,false,
2023-12-14 10:00:00,Australia,Queensland,AU-QLD,588.92,661.45,8.78,8.78,opennem.org.au,false,
2023-12-14 11:00:00,Australia,Queensland,AU-QLD,607.22,676.24,9.04,9.04,opennem.org.au,false,
2023-12-14 12:00:00,Australia,Queensland,AU-QLD,623.49,688.05,10.29,10.29,opennem.org.au,false,
2023-12-14 13:00:00,Australia,Queensland,AU-QLD,643.66,706.57,9.48,9.48,opennem.org.au,false,
2023-12-14 14:00:00,Australia,Queensland,AU-QLD,669.82,733.52,6.41,6.41,opennem.org.au,false,
2023-12-14 15:00:00,Australia,Queensland,AU-QLD,682.71,744.93,6.07,6.07,opennem.org.au,false,
2023-12-14 16:00:00,Australia,Queensland,AU-QLD,684.17,745.97,6.18,6.18,opennem.org.au,false,
2023-12-14 17:00:00,Australia,Queensland,AU-QLD,680.2,741.83,6.65,6.65,opennem.org.au,false,
2023-12-14 18:00:00,Australia,Queensland,AU-QLD,675.43,736.45,7.46,7.46,opennem.org.au,false,
2023-12-14 19:00:00,Australia,Queensland,AU-QLD,665.31,726.15,8.81,8.81,opennem.org.au,false,
2023-12-14 20:00:00,Australia,Queensland,AU-QLD,612.56,671.93,16.38,16.38,opennem.org.au,false,
2023-12-14 21:00:00,Australia,Queensland,AU-QLD,536.6,594.27,26.85,26.85,opennem.org.au,false,
2023-12-14 22:00:00,Australia,Queensland,AU-QLD,478.04,534.49,34.88,34.88,opennem.org.au,false,
2023-12-14 23:00:00,Australia,Queensland,AU-QLD,436.42,491.98,40.48,40.48,opennem.org.au,false,
2023-12-15 00:00:00,Australia,Queensland,AU-QLD,361.75,415.85,50.44,50.44,opennem.org.au,false,
2023-12-15 01:00:00,Australia,Queensland,AU-QLD,340.04,393.7,53.42,53.42,opennem.org.au,false,
2023-12-15 02:00:00,Australia,Queensland,AU-QLD,360.9,414.78,50.66,50.66,opennem.org.au,false,
2023-12-15 03:00:00,Australia,Queensland,AU-QLD,353.24,407.97,50.98,50.98,opennem.org.au,false,
2023-12-15 04:00:00,Australia,Queensland,AU-QLD,361.5,417.18,49.19,49.19,opennem.org.au,false,
2023-12-15 05:00:00,Australia,Queensland,AU-QLD,408.17,465.98,41.97,41.97,opennem.org.au,false,
2023-12-15 06:00:00,Australia,Queensland,AU-QLD,474.85,537.87,30.24,30.24,opennem.org.au,false,
2023-12-15 07:00:00,Australia,Queensland,AU-QLD,522.34,588.09,22.02,22.02,opennem.org.au,false,
2023-12-15 08:00:00,Australia,Queensland,AU-QLD,576.23,642.69,14.04,14.04,opennem.org.au,false,
2023-12-15 09:00:00,Australia,Queensland,AU-QLD,600.93,668.15,10.82,10.82,opennem.org.au,false,
2023-12-15 10:00:00,Australia,Queensland,AU-QLD,615.28,681.36,10.22,10.22,opennem.org.au,false,
2023-12-15 11:00:00,Australia,Queensland,AU-QLD,635.82,701.09,8.63,8.63,opennem.org.au,false,
2023-12-15 12:00:00,Australia,Queensland,AU-QLD,653.07,716.41,8.2,8.2,opennem.org.au,false,
2023-12-15 13:00:00,Australia,Queensland,AU-QLD,667.41,728.38,8.3,8.3,opennem.org.au,false,
2023-12-15 14:00:00,Australia,Queensland,AU-QLD,686.98,746.47,7.27,7.27,opennem.org.au,false,
2023-12-15 15:00:00,Australia,Queensland,AU-QLD,687.92,747.33,7.28,7.28,Electricity Maps Estimation,true,ESTIMATED_TIME_SLICER_AVERAGE
2023-12-15 16:00:00,Australia,Queensland,AU-QLD,696.13,755.39,6.63,6.63,Electricity Maps Estimation,true,ESTIMATED_TIME_SLICER_AVERAGE
2023-12-15 17:00:00,Australia,Queensland,AU-QLD,696.24,755.59,6.6,6.6,Electricity Maps Estimation,true,ESTIMATED_TIME_SLICER_AVERAGE
2023-12-15 18:00:00,Australia,Queensland,AU-QLD,687.48,745.82,8.07,8.07,Electricity Maps Estimation,true,ESTIMATED_TIME_SLICER_AVERAGE
2023-12-15 19:00:00,Australia,Queensland,AU-QLD,581.67,638.05,22.28,22.28,Electricity Maps Estimation,true,ESTIMATED_TIME_SLICER_AVERAGE
2023-12-15 20:00:00,Australia,Queensland,AU-QLD,555.57,611.5,25.87,25.87,opennem.org.au,false,
2023-12-15 21:00:00,Australia,Queensland,AU-QLD,482.73,537.61,35.59,35.59,opennem.org.au,false,
2023-12-15 22:00:00,Australia,Queensland,AU-QLD,396.79,450.25,47.03,47.03,opennem.org.au,false,
2023-12-15 23:00:00,Australia,Queensland,AU-QLD,347.57,400.09,53.58,53.58,opennem.org.au,false,
2023-12-16 00:00:00,Australia,Queensland,AU-QLD,316.79,368.72,57.68,57.68,opennem.org.au,false,
2023-12-16 01:00:00,Australia,Queensland,AU-QLD,309.28,361.11,58.68,58.68,opennem.org.au,false,
2023-12-16 02:00:00,Australia,Queensland,AU-QLD,331.94,384.64,55.33,55.33,opennem.org.au,false,
2023-12-16 03:00:00,Australia,Queensland,AU-QLD,351.6,405.57,51.9,51.9,opennem.org.au,false,
2023-12-16 04:00:00,Australia,Queensland,AU-QLD,415.12,471.87,41.86,41.86,opennem.org.au,false,
2023-12-16 05:00:00,Australia,Queensland,AU-QLD,478.35,539.77,30.91,30.91,opennem.org.au,false,
2023-12-16 06:00:00,Australia,Queensland,AU-QLD,489.65,550.3,30.08,30.08,opennem.org.au,false,
2023-12-16 07:00:00,Australia,Queensland,AU-QLD,526.87,590.39,23.61,23.61,opennem.org.au,false,
2023-12-16 08:00:00,Australia,Queensland,AU-QLD,601.42,669.43,10.89,10.89,opennem.org.au,false,
2023-12-16 09:00:00,Australia,Queensland,AU-QLD,622.94,692.22,7.66,7.66,opennem.org.au,false,
2023-12-16 10:00:00,Australia,Queensland,AU-QLD,624.25,689.81,9.7,9.7,opennem.org.au,false,
2023-12-16 11:00:00,Australia,Queensland,AU-QLD,631.12,694.53,10.35,10.35,opennem.org.au,false,
2023-12-16 12:00:00,Australia,Queensland,AU-QLD,635.19,698.54,10.0,10.0,opennem.org.au,false,
2023-12-16 13:00:00,Australia,Queensland,AU-QLD,652.28,715.28,8.68,8.68,opennem.org.au,false,
2023-12-16 14:00:00,Australia,Queensland,AU-QLD,658.58,720.78,8.57,8.57,opennem.org.au,false,
2023-12-16 15:00:00,Australia,Queensland,AU-QLD,669.93,729.59,9.07,9.07,opennem.org.au,false,
2023-12-16 16:00:00,Australia,Queensland,AU-QLD,674.76,734.51,8.55,8.55,opennem.org.au,false,
2023-12-16 17:00:00,Australia,Queensland,AU-QLD,662.25,721.27,10.15,10.15,opennem.org.au,false,
2023-12-16 18:00:00,Australia,Queensland,AU-QLD,650.46,708.65,11.71,11.71,opennem.org.au,false,
2023-12-16 19:00:00,Australia,Queensland,AU-QLD,651.17,709.53,11.9,11.9,opennem.org.au,false,
2023-12-16 20:00:00,Australia,Queensland,AU-QLD,562.69,619.07,24.19,24.19,opennem.org.au,false,
2023-12-16 21:00:00,Australia,Queensland,AU-QLD,451.48,505.01,39.73,39.73,opennem.org.au,false,
2023-12-16 22:00:00,Australia,Queensland,AU-QLD,375.91,428.09,49.83,49.83,opennem.org.au,false,
2023-12-16 23:00:00,Australia,Queensland,AU-QLD,340.7,392.48,54.53,54.53,opennem.org.au,false,
2023-12-17 00:00:00,Australia,Queensland,AU-QLD,324.35,375.87,56.71,56.71,opennem.org.au,false,
2023-12-17 01:00:00,Australia,Queensland,AU-QLD,319.9,371.43,57.31,57.31,opennem.org.au,false,
2023-12-17 02:00:00,Australia,Queensland,AU-QLD,326.24,378.05,56.5,56.5,opennem.org.au,false,
2023-12-17 03:00:00,Australia,Queensland,AU-QLD,331.67,384.13,55.39,55.39,opennem.org.au,false,
2023-12-17 04:00:00,Australia,Queensland,AU-QLD,345.21,399.4,52.32,52.32,opennem.org.au,false,
2023-12-17 05:00:00,Australia,Queensland,AU-QLD,396.71,453.16,44.38,44.38,opennem.org.au,false,
2023-12-17 06:00:00,Australia,Queensland,AU-QLD,439.0,497.84,36.96,36.96,opennem.org.au,false,
2023-12-17 07:00:00,Australia,Queensland,AU-QLD,503.97,567.79,25.15,25.15,opennem.org.au,false,
2023-12-17 08:00:00,Australia,Queensland,AU-QLD,575.85,644.48,13.5,13.5,opennem.org.au,false,
2023-12-17 09:00:00,Australia,Queensland,AU-QLD,574.7,642.08,13.85,13.85,opennem.org.au,false,
2023-12-17 10:00:00,Australia,Queensland,AU-QLD,594.93,660.04,13.32,13.32,opennem.org.au,false,
2023-12-17 11:00:00,Australia,Queensland,AU-QLD,616.31,679.36,11.93,11.93,opennem.org.au,false,
2023-12-17 12:00:00,Australia,Queensland,AU-QLD,620.76,682.57,12.31,12.31,opennem.org.au,false,
2023-12-17 13:00:00,Australia,Queensland,AU-QLD,632.73,693.29,12.0,12.0,opennem.org.au,false,
2023-12-17 14:00:00,Australia,Queensland,AU-QLD,653.27,711.54,11.38,11.38,opennem.org.au,false,
2023-12-17 15:00:00,Australia,Queensland,AU-QLD,662.91,720.66,10.76,10.76,opennem.org.au,false,
2023-12-17 16:00:00,Australia,Queensland,AU-QLD,667.99,726.04,10.1,10.1,Electricity Maps Estimation,true,ESTIMATED_TIME_SLICER_AVERAGE
2023-12-17 17:00:00,Australia,Queensland,AU-QLD,671.02,729.26,9.74,9.74,Electricity Maps Estimation,true,ESTIMATED_TIME_SLICER_AVERAGE
2023-12-17 18:00:00,Australia,Queensland,AU-QLD,674.76,733.22,9.29,9.29,Electricity Maps Estimation,true,ESTIMATED_TIME_SLICER_AVERAGE
2023-12-17 19:00:00,Australia,Queensland,AU-QLD,662.05,720.35,11.03,11.03,opennem.org.au; Electricity Maps Estimation,false,
2023-12-17 20:00:00,Australia,Queensland,AU-QLD,546.55,602.56,26.63,26.63,opennem.org.au,false,
2023-12-17 21:00:00,Australia,Queensland,AU-QLD,443.07,496.31,41.0,41.0,opennem.org.au,false,
2023-12-17 22:00:00,Australia,Queensland,AU-QLD,389.41,441.64,48.17,48.17,opennem.org.au,false,
2023-12-17 23:00:00,Australia,Queensland,AU-QLD,362.46,414.31,51.74,51.74,opennem.org.au,false,
2023-12-18 00:00:00,Australia,Queensland,AU-QLD,332.73,384.04,55.67,55.67,opennem.org.au,false,
2023-12-18 01:00:00,Australia,Queensland,AU-QLD,345.66,397.89,53.43,53.43,Electricity Maps Estimation,true,ESTIMATED_TIME_SLICER_AVERAGE
2023-12-18 02:00:00,Australia,Queensland,AU-QLD,344.23,396.89,53.28,53.28,Electricity Maps Estimation,true,ESTIMATED_TIME_SLICER_AVERAGE
2023-12-18 03:00:00,Australia,Queensland,AU-QLD,369.2,422.82,49.58,49.58,Electricity Maps Estimation,true,ESTIMATED_TIME_SLICER_AVERAGE
2023-12-18 04:00:00,Australia,Queensland,AU-QLD,384.33,439.32,46.74,46.74,Electricity Maps Estimation,true,ESTIMATED_TIME_SLICER_AVERAGE
2023-12-18 05:00:00,Australia,Queensland,AU-QLD,390.81,446.24,45.63,45.63,opennem.org.au; Electricity Maps Estimation,false,
2023-12-18 06:00:00,Australia,Queensland,AU-QLD,444.51,505.83,34.73,34.73,opennem.org.au,false,
2023-12-18 07:00:00,Australia,Queensland,AU-QLD,501.65,567.95,24.09,24.09,opennem.org.au,false,
2023-12-18 08:00:00,Australia,Queensland,AU-QLD,557.16,626.02,15.29,15.29,opennem.org.au,false,
2023-12-18 09:00:00,Australia,Queensland,AU-QLD,581.84,651.82,11.65,11.65,opennem.org.au,false,
2023-12-18 10:00:00,Australia,Queensland,AU-QLD,586.19,656.51,10.99,10.99,opennem.org.au,false,
2023-12-18 11:00:00,Australia,Queensland,AU-QLD,595.4,662.22,11.59,11.59,opennem.org.au,false,
2023-12-18 12:00:00,Australia,Queensland,AU-QLD,617.34,679.57,12.4,12.4,opennem.org.au,false,
2023-12-18 13:00:00,Australia,Queensland,AU-QLD,622.49,683.48,12.67,12.67,opennem.org.au,false,
2023-12-18 14:00:00,Australia,Queensland,AU-QLD,620.43,681.46,12.8,12.8,opennem.org.au,false,
2023-12-18 15:00:00,Australia,Queensland,AU-QLD,642.62,702.13,11.65,11.65,opennem.org.au,false,
2023-12-18 16:00:00,Australia,Queensland,AU-QLD,649.3,709.08,10.87,10.87,Electricity Maps Estimation,true,ESTIMATED_TIME_SLICER_AVERAGE
2023-12-18 17:00:00,Australia,Queensland,AU-QLD,655.06,715.01,10.23,10.23,Electricity Maps Estimation,true,ESTIMATED_TIME_SLICER_AVERAGE
2023-12-18 18:00:00,Australia,Queensland,AU-QLD,660.72,720.83,9.62,9.62,Electricity Maps Estimation,true,ESTIMATED_TIME_SLICER_AVERAGE
2023-12-18 19:00:00,Australia,Queensland,AU-QLD,649.81,709.76,11.17,11.17,opennem.org.au; Electricity Maps Estimation,false,
2023-12-18 20:00:00,Australia,Queensland,AU-QLD,522.47,579.24,28.68,28.68,opennem.org.au,false,
2023-12-18 21:00:00,Australia,Queensland,AU-QLD,409.95,464.55,43.9,43.9,opennem.org.au,false,
2023-12-18 22:00:00,Australia,Queensland,AU-QLD,356.17,409.73,51.12,51.12,opennem.org.au,false,
2023-12-18 23:00:00,Australia,Queensland,AU-QLD,319.77,372.85,55.95,55.95,opennem.org.au,false,
2023-12-19 00:00:00,Australia,Queensland,AU-QLD,300.71,353.25,58.64,58.64,opennem.org.au,false,
2023-12-19 01:00:00,Australia,Queensland,AU-QLD,299.22,351.77,58.84,58.84,opennem.org.au,false,
2023-12-19 02:00:00,Australia,Queensland,AU-QLD,297.66,350.36,58.98,58.98,opennem.org.au,false,
2023-12-19 03:00:00,Australia,Queensland,AU-QLD,324.84,379.0,54.76,54.76,Electricity Maps Estimation,true,ESTIMATED_TIME_SLICER_AVERAGE
2023-12-19 04:00:00,Australia,Queensland,AU-QLD,352.26,407.9,50.49,50.49,Electricity Maps Estimation,true,ESTIMATED_TIME_SLICER_AVERAGE
2023-12-19 05:00:00,Australia,Queensland,AU-QLD,366.37,422.76,48.3,48.3,opennem.org.au; Electricity Maps Estimation,false,
2023-12-19 06:00:00,Australia,Queensland,AU-QLD,433.23,494.11,36.72,36.72,opennem.org.au,false,
2023-12-19 07:00:00,Australia,Queensland,AU-QLD,503.88,568.75,25.05,25.05,opennem.org.au,false,
2023-12-19 08:00:00,Australia,Queensland,AU-QLD,576.37,644.31,13.54,13.54,opennem.org.au,false,
2023-12-19 09:00:00,Australia,Queensland,AU-QLD,599.66,667.06,10.93,10.93,opennem.org.au,false,
2023-12-19 10:00:00,Australia,Queensland,AU-QLD,608.65,676.13,10.07,10.07,opennem.org.au,false,
2023-12-19 11:00:00,Australia,Queensland,AU-QLD,618.34,682.33,11.3,11.3,opennem.org.au,false,
2023-12-19 12:00:00,Australia,Queensland,AU-QLD,623.3,683.4,13.22,13.22,opennem.org.au,false,
2023-12-19 13:00:00,Australia,Queensland,AU-QLD,632.42,690.03,13.97,13.97,opennem.org.au,false,
2023-12-19 14:00:00,Australia,Queensland,AU-QLD,640.55,695.48,14.81,14.81,opennem.org.au,false,
2023-12-19 15:00:00,Australia,Queensland,AU-QLD,646.22,701.58,14.05,14.05,Electricity Maps Estimation,true,ESTIMATED_TIME_SLICER_AVERAGE
2023-12-19 16:00:00,Australia,Queensland,AU-QLD,662.56,718.67,12.1,12.1,Electricity Maps Estimation,true,ESTIMATED_TIME_SLICER_AVERAGE
2023-12-19 17:00:00,Australia,Queensland,AU-QLD,669.67,726.71,10.89,10.89,Electricity Maps Estimation,true,ESTIMATED_TIME_SLICER_AVERAGE
2023-12-19 18:00:00,Australia,Queensland,AU-QLD,668.89,725.88,11.02,11.02,Electricity Maps Estimation,true,ESTIMATED_TIME_SLICER_AVERAGE
2023-12-19 19:00:00,Australia,Queensland,AU-QLD,663.42,720.56,11.74,11.74,opennem.org.au; Electricity Maps Estimation,false,
2023-12-19 20:00:00,Australia,Queensland,AU-QLD,585.36,641.99,22.14,22.14,opennem.org.au,false,
2023-12-19 21:00:00,Australia,Queensland,AU-QLD,462.48,516.94,38.4,38.4,opennem.org.au,false,
2023-12-19 22:00:00,Australia,Queensland,AU-QLD,399.87,453.22,46.72,46.72,opennem.org.au,false,
2023-12-19 23:00:00,Australia,Queensland,AU-QLD,373.83,426.72,50.18,50.18,opennem.org.au,false,
2023-12-20 00:00:00,Australia,Queensland,AU-QLD,348.28,400.69,53.57,53.57,opennem.org.au,false,
2023-12-20 01:00:00,Australia,Queensland,AU-QLD,341.88,394.28,54.42,54.42,opennem.org.au,false,
2023-12-20 02:00:00,Australia,Queensland,AU-QLD,344.87,397.44,54.02,54.02,opennem.org.au,false,
2023-12-20 03:00:00,Australia,Queensland,AU-QLD,353.02,405.69,52.95,52.95,opennem.org.au,false,
2023-12-20 04:00:00,Australia,Queensland,AU-QLD,379.06,432.76,49.11,49.11,opennem.org.au,false,
2023-12-20 05:00:00,Australia,Queensland,AU-QLD,412.18,468.06,43.38,43.38,opennem.org.au,false,
2023-12-20 06:00:00,Australia,Queensland,AU-QLD,463.69,523.19,34.53,34.53,opennem.org.au,false,
2023-12-20 07:00:00,Australia,Queensland,AU-QLD,544.69,610.1,20.37,20.37,opennem.org.au,false,
2023-12-20 08:00:00,Australia,Queensland,AU-QLD,608.84,677.38,10.17,10.17,opennem.org.au,false,
2023-12-20 09:00:00,Australia,Queensland,AU-QLD,628.38,696.41,8.04,8.04,opennem.org.au,false,
2023-12-20 10:00:00,Australia,Queensland,AU-QLD,628.23,695.2,8.63,8.63,opennem.org.au,false,
2023-12-20 11:00:00,Australia,Queensland,AU-QLD,633.95,699.33,9.09,9.09,opennem.org.au,false,
2023-12-20 12:00:00,Australia,Queensland,AU-QLD,636.87,699.47,10.52,10.52,opennem.org.au,false,
2023-12-20 13:00:00,Australia,Queensland,AU-QLD,651.34,712.4,10.07,10.07,opennem.org.au,false,
2023-12-20 14:00:00,Australia,Queensland,AU-QLD,668.21,729.36,8.26,8.26,opennem.org.au,false,
2023-12-20 15:00:00,Australia,Queensland,AU-QLD,678.23,739.65,7.3,7.3,opennem.org.au,false,
2023-12-20 16:00:00,Australia,Queensland,AU-QLD,669.24,730.26,8.55,8.55,opennem.org.au,false,
2023-12-20 17:00:00,Australia,Queensland,AU-QLD,671.48,732.48,8.24,8.24,opennem.org.au,false,
2023-12-20 18:00:00,Australia,Queensland,AU-QLD,671.57,733.12,7.85,7.85,opennem.org.au,false,
2023-12-20 19:00:00,Australia,Queensland,AU-QLD,664.36,726.52,8.29,8.29,opennem.org.au,false,
2023-12-20 20:00:00,Australia,Queensland,AU-QLD,613.45,674.68,14.94,14.94,opennem.org.au,false,
2023-12-20 21:00:00,Australia,Queensland,AU-QLD,562.4,622.52,22.1,22.1,opennem.org.au,false,
2023-12-20 22:00:00,Australia,Queensland,AU-QLD,522.05,581.33,27.74,27.74,opennem.org.au,false,
2023-12-20 23:00:00,Australia,Queensland,AU-QLD,455.33,512.99,36.92,36.92,opennem.org.au,false,
2023-12-21 00:00:00,Australia,Queensland,AU-QLD,400.05,456.95,44.08,44.08,opennem.org.au,false,
2023-12-21 01:00:00,Australia,Queensland,AU-QLD,383.86,440.22,46.44,46.44,opennem.org.au,false,
2023-12-21 02:00:00,Australia,Queensland,AU-QLD,391.83,447.04,46.21,46.21,opennem.org.au,false,
2023-12-21 03:00:00,Australia,Queensland,AU-QLD,416.73,471.74,43.19,43.19,opennem.org.au,false,
2023-12-21 04:00:00,Australia,Queensland,AU-QLD,441.38,497.17,39.68,39.68,opennem.org.au,false,
2023-12-21 05:00:00,Australia,Queensland,AU-QLD,475.37,533.36,33.97,33.97,opennem.org.au,false,
2023-12-21 06:00:00,Australia,Queensland,AU-QLD,544.29,604.55,24.23,24.23,opennem.org.au,false,
2023-12-21 07:00:00,Australia,Queensland,AU-QLD,601.74,663.91,15.64,15.64,opennem.org.au,false,
2023-12-21 08:00:00,Australia,Queensland,AU-QLD,629.92,692.67,11.18,11.18,opennem.org.au,false,
2023-12-21 09:00:00,Australia,Queensland,AU-QLD,633.69,696.2,10.42,10.42,opennem.org.au,false,
2023-12-21 10:00:00,Australia,Queensland,AU-QLD,651.66,714.1,8.73,8.73,opennem.org.au,false,
2023-12-21 11:00:00,Australia,Queensland,AU-QLD,657.16,719.8,8.08,8.08,opennem.org.au,false,
2023-12-21 12:00:00,Australia,Queensland,AU-QLD,655.46,715.97,9.52,9.52,opennem.org.au,false,
2023-12-21 13:00:00,Australia,Queensland,AU-QLD,664.01,720.59,11.11,11.11,opennem.org.au,false,
2023-12-21 14:00:00,Australia,Queensland,AU-QLD,687.16,744.37,8.58,8.58,opennem.org.au,false,
2023-12-21 15:00:00,Australia,Queensland,AU-QLD,700.89,759.0,6.79,6.79,opennem.org.au,false,
2023-12-21 16:00:00,Australia,Queensland,AU-QLD,699.84,758.01,6.84,6.84,opennem.org.au,false,
2023-12-21 17:00:00,Australia,Queensland,AU-QLD,696.28,754.79,6.96,6.96,opennem.org.au,false,
2023-12-21 18:00:00,Australia,Queensland,AU-QLD,693.65,751.85,7.38,7.38,opennem.org.au,false,
2023-12-21 19:00:00,Australia,Queensland,AU-QLD,688.42,744.5,9.14,9.14,opennem.org.au,false,
2023-12-21 20:00:00,Australia,Queensland,AU-QLD,645.83,702.85,14.19,14.19,opennem.org.au,false,
2023-12-21 21:00:00,Australia,Queensland,AU-QLD,580.8,637.79,22.68,22.68,opennem.org.au,false,
2023-12-21 22:00:00,Australia,Queensland,AU-QLD,521.34,577.08,30.59,30.59,opennem.org.au,false,
2023-12-21 23:00:00,Australia,Queensland,AU-QLD,459.59,514.1,38.73,38.73,opennem.org.au,false,
2023-12-22 00:00:00,Australia,Queensland,AU-QLD,404.4,457.91,46.05,46.05,opennem.org.au,false,
2023-12-22 01:00:00,Australia,Queensland,AU-QLD,370.41,423.32,50.56,50.56,opennem.org.au,false,
2023-12-22 02:00:00,Australia,Queensland,AU-QLD,363.24,416.03,51.51,51.51,opennem.org.au,false,
2023-12-22 03:00:00,Australia,Queensland,AU-QLD,365.6,418.36,51.2,51.2,opennem.org.au,false,
2023-12-22 04:00:00,Australia,Queensland,AU-QLD,372.16,424.77,50.32,50.32,opennem.org.au,false,
2023-12-22 05:00:00,Australia,Queensland,AU-QLD,409.93,463.99,44.94,44.94,opennem.org.au,false,
2023-12-22 06:00:00,Australia,Queensland,AU-QLD,454.99,510.86,38.13,38.13,opennem.org.au,false,
2023-12-22 07:00:00,Australia,Queensland,AU-QLD,557.06,617.5,22.71,22.71,opennem.org.au,false,
2023-12-22 08:00:00,Australia,Queensland,AU-QLD,641.51,703.08,11.26,11.26,opennem.org.au,false,
2023-12-22 09:00:00,Australia,Queensland,AU-QLD,659.0,721.54,8.1,8.1,opennem.org.au,false,
2023-12-22 10:00:00,Australia,Queensland,AU-QLD,655.73,717.14,9.11,9.11,opennem.org.au,false,
2023-12-22 11:00:00,Australia,Queensland,AU-QLD,648.34,707.17,11.4,11.4,opennem.org.au,false,
2023-12-22 12:00:00,Australia,Queensland,AU-QLD,649.01,705.32,12.81,12.81,opennem.org.au,false,
2023-12-22 13:00:00,Australia,Queensland,AU-QLD,650.69,706.02,13.29,13.29,opennem.org.au,false,
2023-12-22 14:00:00,Australia,Queensland,AU-QLD,653.86,709.28,12.99,12.99,opennem.org.au,false,
2023-12-22 15:00:00,Australia,Queensland,AU-QLD,656.81,712.51,12.57,12.57,opennem.org.au,false,
2023-12-22 16:00:00,Australia,Queensland,AU-QLD,662.15,718.2,11.84,11.84,opennem.org.au,false,
2023-12-22 17:00:00,Australia,Queensland,AU-QLD,665.72,721.97,11.37,11.37,opennem.org.au,false,
2023-12-22 18:00:00,Australia,Queensland,AU-QLD,670.29,726.91,10.75,10.75,opennem.org.au,false,
2023-12-22 19:00:00,Australia,Queensland,AU-QLD,659.09,715.81,12.23,12.23,opennem.org.au,false,
2023-12-22 20:00:00,Australia,Queensland,AU-QLD,530.38,585.14,29.27,29.27,opennem.org.au,false,
2023-12-22 21:00:00,Australia,Queensland,AU-QLD,428.52,481.89,42.79,42.79,opennem.org.au,false,
2023-12-22 22:00:00,Australia,Queensland,AU-QLD,394.39,447.29,47.33,47.33,opennem.org.au,false,
2023-12-22 23:00:00,Australia,Queensland,AU-QLD,345.96,398.12,53.77,53.77,opennem.org.au,false,
2023-12-23 00:00:00,Australia,Queensland,AU-QLD,331.31,383.25,55.72,55.72,opennem.org.au,false,
2023-12-23 01:00:00,Australia,Queensland,AU-QLD,316.24,367.8,57.74,57.74,opennem.org.au,false,
2023-12-23 02:00:00,Australia,Queensland,AU-QLD,311.47,362.9,58.38,58.38,opennem.org.au,false,
2023-12-23 03:00:00,Australia,Queensland,AU-QLD,304.82,356.06,59.26,59.26,opennem.org.au,false,
2023-12-23 04:00:00,Australia,Queensland,AU-QLD,341.86,393.68,54.41,54.41,opennem.org.au,false,
2023-12-23 05:00:00,Australia,Queensland,AU-QLD,406.72,459.99,45.8,45.8,opennem.org.au,false,
2023-12-23 06:00:00,Australia,Queensland,AU-QLD,464.9,519.06,37.69,37.69,opennem.org.au,false,
2023-12-23 07:00:00,Australia,Queensland,AU-QLD,542.12,600.2,25.35,25.35,opennem.org.au,false,
2023-12-23 08:00:00,Australia,Queensland,AU-QLD,620.15,683.08,12.34,12.34,opennem.org.au,false,
2023-12-23 09:00:00,Australia,Queensland,AU-QLD,643.79,708.22,8.51,8.51,opennem.org.au,false,
2023-12-23 10:00:00,Australia,Queensland,AU-QLD,641.21,704.1,9.65,9.65,opennem.org.au,false,
2023-12-23 11:00:00,Australia,Queensland,AU-QLD,652.3,713.76,9.43,9.43,opennem.org.au,false,
2023-12-23 12:00:00,Australia,Queensland,AU-QLD,658.4,716.88,10.7,10.7,opennem.org.au,false,
2023-12-23 13:00:00,Australia,Queensland,AU-QLD,670.68,727.29,10.72,10.72,opennem.org.au,false,
2023-12-23 14:00:00,Australia,Queensland,AU-QLD,677.12,733.77,9.97,9.97,opennem.org.au,false,
2023-12-23 15:00:00,Australia,Queensland,AU-QLD,663.19,719.01,11.78,11.78,opennem.org.au,false,
2023-12-23 16:00:00,Australia,Queensland,AU-QLD,654.5,709.84,12.88,12.88,opennem.org.au,false,
2023-12-23 17:00:00,Australia,Queensland,AU-QLD,667.94,723.92,11.09,11.09,opennem.org.au,false,
2023-12-23 18:00:00,Australia,Queensland,AU-QLD,672.64,728.95,10.47,10.47,opennem.org.au,false,
2023-12-23 19:00:00,Australia,Queensland,AU-QLD,665.72,721.98,11.37,11.37,opennem.org.au,false,
2023-12-23 20:00:00,Australia,Queensland,AU-QLD,577.52,632.29,23.04,23.04,opennem.org.au,false,
2023-12-23 21:00:00,Australia,Queensland,AU-QLD,476.76,529.98,36.46,36.46,opennem.org.au,false,
2023-12-23 22:00:00,Australia,Queensland,AU-QLD,395.92,447.71,47.2,47.2,opennem.org.au,false,
2023-12-23 23:00:00,Australia,Queensland,AU-QLD,384.81,436.28,48.69,48.69,opennem.org.au,false,
2023-12-24 00:00:00,Australia,Queensland,AU-QLD,395.76,447.42,47.3,47.3,opennem.org.au,false,
2023-12-24 01:00:00,Australia,Queensland,AU-QLD,406.05,458.51,45.9,45.9,opennem.org.au,false,
2023-12-24 02:00:00,Australia,Queensland,AU-QLD,396.76,449.08,47.08,47.08,opennem.org.au,false,
2023-12-24 03:00:00,Australia,Queensland,AU-QLD,379.66,431.29,49.35,49.35,opennem.org.au,false,
2023-12-24 04:00:00,Australia,Queensland,AU-QLD,396.48,448.56,47.15,47.15,opennem.org.au,false,
2023-12-24 05:00:00,Australia,Queensland,AU-QLD,423.08,476.95,42.84,42.84,opennem.org.au,false,
2023-12-24 06:00:00,Australia,Queensland,AU-QLD,465.47,522.2,35.64,35.64,opennem.org.au,false,
2023-12-24 07:00:00,Australia,Queensland,AU-QLD,592.14,654.57,17.03,17.03,opennem.org.au,false,
2023-12-24 08:00:00,Australia,Queensland,AU-QLD,634.61,696.8,11.53,11.53,opennem.org.au,false,
2023-12-24 09:00:00,Australia,Queensland,AU-QLD,644.96,705.8,10.58,10.58,opennem.org.au,false,
2023-12-24 10:00:00,Australia,Queensland,AU-QLD,624.76,683.97,13.49,13.49,opennem.org.au,false,
2023-12-24 11:00:00,Australia,Queensland,AU-QLD,632.79,691.5,12.9,12.9,opennem.org.au,false,
2023-12-24 12:00:00,Australia,Queensland,AU-QLD,631.48,687.79,14.48,14.48,opennem.org.au,false,
2023-12-24 13:00:00,Australia,Queensland,AU-QLD,637.89,692.3,15.06,15.06,opennem.org.au,false,
2023-12-24 14:00:00,Australia,Queensland,AU-QLD,651.52,706.93,13.19,13.19,opennem.org.au,false,
2023-12-24 15:00:00,Australia,Queensland,AU-QLD,646.24,701.38,13.84,13.84,opennem.org.au,false,
2023-12-24 16:00:00,Australia,Queensland,AU-QLD,648.18,703.52,13.55,13.55,opennem.org.au,false,
2023-12-24 17:00:00,Australia,Queensland,AU-QLD,659.99,715.86,12.0,12.0,opennem.org.au,false,
2023-12-24 18:00:00,Australia,Queensland,AU-QLD,662.63,718.62,11.65,11.65,Electricity Maps Estimation,true,ESTIMATED_TIME_SLICER_AVERAGE
2023-12-24 19:00:00,Australia,Queensland,AU-QLD,658.55,714.85,12.17,12.17,opennem.org.au; Electricity Maps Estimation,false,
2023-12-24 20:00:00,Australia,Queensland,AU-QLD,584.52,640.53,21.97,21.97,opennem.org.au,false,
2023-12-24 21:00:00,Australia,Queensland,AU-QLD,488.75,543.14,34.73,34.73,opennem.org.au,false,
2023-12-24 22:00:00,Australia,Queensland,AU-QLD,423.58,476.57,43.43,43.43,opennem.org.au,false,
2023-12-24 23:00:00,Australia,Queensland,AU-QLD,381.32,433.27,49.05,49.05,opennem.org.au,false,
2023-12-25 00:00:00,Australia,Queensland,AU-QLD,358.42,410.1,52.09,52.09,opennem.org.au,false,
2023-12-25 01:00:00,Australia,Queensland,AU-QLD,354.66,406.11,52.61,52.61,opennem.org.au,false,
2023-12-25 02:00:00,Australia,Queensland,AU-QLD,339.8,391.21,54.58,54.58,opennem.org.au,false,
2023-12-25 03:00:00,Australia,Queensland,AU-QLD,330.62,381.74,55.81,55.81,opennem.org.au,false,
2023-12-25 04:00:00,Australia,Queensland,AU-QLD,316.41,367.28,57.72,57.72,opennem.org.au,false,
2023-12-25 05:00:00,Australia,Queensland,AU-QLD,330.78,382.14,55.58,55.58,opennem.org.au,false,
2023-12-25 06:00:00,Australia,Queensland,AU-QLD,431.34,484.37,41.9,41.9,opennem.org.au,false,
2023-12-25 07:00:00,Australia,Queensland,AU-QLD,527.6,583.71,27.79,27.79,opennem.org.au,false,
2023-12-25 08:00:00,Australia,Queensland,AU-QLD,609.72,668.73,15.5,15.5,opennem.org.au,false,
2023-12-25 09:00:00,Australia,Queensland,AU-QLD,624.81,685.16,12.89,12.89,opennem.org.au,false,
2023-12-25 10:00:00,Australia,Queensland,AU-QLD,631.07,691.62,12.24,12.24,opennem.org.au,false,
2023-12-25 11:00:00,Australia,Queensland,AU-QLD,644.01,703.86,11.36,11.36,opennem.org.au,false,
2023-12-25 12:00:00,Australia,Queensland,AU-QLD,660.13,717.24,11.35,11.35,opennem.org.au,false,
2023-12-25 13:00:00,Australia,Queensland,AU-QLD,671.27,727.85,10.64,10.64,opennem.org.au,false,
2023-12-25 14:00:00,Australia,Queensland,AU-QLD,687.35,744.77,8.49,8.49,opennem.org.au,false,
2023-12-25 15:00:00,Australia,Queensland,AU-QLD,696.52,754.48,7.26,7.26,opennem.org.au,false,
2023-12-25 16:00:00,Australia,Queensland,AU-QLD,695.22,753.1,7.42,7.42,opennem.org.au,false,
2023-12-25 17:00:00,Australia,Queensland,AU-QLD,706.13,764.75,5.96,5.96,opennem.org.au,false,
2023-12-25 18:00:00,Australia,Queensland,AU-QLD,697.83,755.91,7.05,7.05,opennem.org.au,false,
2023-12-25 19:00:00,Australia,Queensland,AU-QLD,677.88,735.14,9.69,9.69,opennem.org.au,false,
2023-12-25 20:00:00,Australia,Queensland,AU-QLD,555.3,610.25,25.9,25.9,opennem.org.au,false,
2023-12-25 21:00:00,Australia,Queensland,AU-QLD,446.72,500.32,40.35,40.35,opennem.org.au,false,
2023-12-25 22:00:00,Australia,Queensland,AU-QLD,394.81,447.77,47.26,47.26,opennem.org.au,false,
2023-12-25 23:00:00,Australia,Queensland,AU-QLD,349.43,401.59,53.3,53.3,opennem.org.au,false,
2023-12-26 00:00:00,Australia,Queensland,AU-QLD,323.18,374.85,56.81,56.81,opennem.org.au,false,
2023-12-26 01:00:00,Australia,Queensland,AU-QLD,316.07,367.48,57.76,57.76,opennem.org.au,false,
2023-12-26 02:00:00,Australia,Queensland,AU-QLD,305.35,356.5,59.19,59.19,opennem.org.au,false,
2023-12-26 03:00:00,Australia,Queensland,AU-QLD,320.08,371.66,57.28,57.28,opennem.org.au,false,
2023-12-26 04:00:00,Australia,Queensland,AU-QLD,381.98,434.84,49.08,49.08,opennem.org.au,false,
2023-12-26 05:00:00,Australia,Queensland,AU-QLD,455.75,510.67,38.81,38.81,opennem.org.au,false,
2023-12-26 06:00:00,Australia,Queensland,AU-QLD,524.59,582.39,28.03,28.03,opennem.org.au,false,
2023-12-26 07:00:00,Australia,Queensland,AU-QLD,593.12,655.73,16.32,16.32,opennem.org.au,false,
2023-12-26 08:00:00,Australia,Queensland,AU-QLD,632.3,696.21,10.36,10.36,opennem.org.au,false,
2023-12-26 09:00:00,Australia,Queensland,AU-QLD,652.32,717.5,7.12,7.12,opennem.org.au,false,
2023-12-26 10:00:00,Australia,Queensland,AU-QLD,647.16,711.15,8.29,8.29,opennem.org.au,false,
2023-12-26 11:00:00,Australia,Queensland,AU-QLD,666.99,729.95,6.94,6.94,opennem.org.au,false,
2023-12-26 12:00:00,Australia,Queensland,AU-QLD,668.82,728.25,9.05,9.05,opennem.org.au,false,
2023-12-26 13:00:00,Australia,Queensland,AU-QLD,673.09,732.34,8.82,8.82,opennem.org.au,false,
2023-12-26 14:00:00,Australia,Queensland,AU-QLD,696.58,756.31,6.2,6.2,opennem.org.au,false,
2023-12-26 15:00:00,Australia,Queensland,AU-QLD,704.04,762.43,6.29,6.29,opennem.org.au,false,
2023-12-26 16:00:00,Australia,Queensland,AU-QLD,711.71,770.61,5.27,5.27,opennem.org.au,false,
2023-12-26 17:00:00,Australia,Queensland,AU-QLD,709.03,767.69,5.64,5.64,opennem.org.au,false,
2023-12-26 18:00:00,Australia,Queensland,AU-QLD,704.29,762.73,6.23,6.23,opennem.org.au,false,
2023-12-26 19:00:00,Australia,Queensland,AU-QLD,693.9,752.17,7.62,7.62,opennem.org.au,false,
2023-12-26 20:00:00,Australia,Queensland,AU-QLD,572.68,629.01,23.65,23.65,opennem.org.au,false,
2023-12-26 21:00:00,Australia,Queensland,AU-QLD,446.14,500.36,40.47,40.47,opennem.org.au,false,
2023-12-26 22:00:00,Australia,Queensland,AU-QLD,388.77,441.84,48.11,48.11,opennem.org.au,false,
2023-12-26 23:00:00,Australia,Queensland,AU-QLD,346.19,398.38,53.76,53.76,opennem.org.au,false,
2023-12-27 00:00:00,Australia,Queensland,AU-QLD,323.03,374.81,56.85,56.85,opennem.org.au,false,
2023-12-27 01:00:00,Australia,Queensland,AU-QLD,324.77,376.59,56.62,56.62,opennem.org.au,false,
2023-12-27 02:00:00,Australia,Queensland,AU-QLD,327.22,379.17,56.31,56.31,opennem.org.au,false,
2023-12-27 03:00:00,Australia,Queensland,AU-QLD,329.92,381.74,55.87,55.87,opennem.org.au,false,
2023-12-27 04:00:00,Australia,Queensland,AU-QLD,337.69,390.82,54.06,54.06,opennem.org.au,false,
2023-12-27 05:00:00,Australia,Queensland,AU-QLD,379.55,435.29,47.15,47.15,opennem.org.au,false,
2023-12-27 06:00:00,Australia,Queensland,AU-QLD,423.9,482.93,39.57,39.57,opennem.org.au,false,
2023-12-27 07:00:00,Australia,Queensland,AU-QLD,484.82,546.41,30.33,30.33,opennem.org.au,false,
2023-12-27 08:00:00,Australia,Queensland,AU-QLD,588.95,656.54,13.05,13.05,opennem.org.au,false,
2023-12-27 09:00:00,Australia,Queensland,AU-QLD,622.62,692.4,7.19,7.19,opennem.org.au,false,
2023-12-27 10:00:00,Australia,Queensland,AU-QLD,629.85,699.25,6.73,6.73,opennem.org.au,false,
2023-12-27 11:00:00,Australia,Queensland,AU-QLD,646.68,714.36,6.2,6.2,opennem.org.au,false,
2023-12-27 12:00:00,Australia,Queensland,AU-QLD,659.23,723.93,6.87,6.87,opennem.org.au,false,
2023-12-27 13:00:00,Australia,Queensland,AU-QLD,674.39,736.61,7.01,7.01,opennem.org.au,false,
2023-12-27 14:00:00,Australia,Queensland,AU-QLD,690.9,750.81,6.87,6.87,opennem.org.au,false,
2023-12-27 15:00:00,Australia,Queensland,AU-QLD,703.47,762.44,6.26,6.26,opennem.org.au,false,
2023-12-27 16:00:00,Australia,Queensland,AU-QLD,731.35,791.16,2.93,2.93,opennem.org.au,false,
2023-12-27 17:00:00,Australia,Queensland,AU-QLD,728.15,787.9,3.26,3.26,Electricity Maps Estimation,true,ESTIMATED_TIME_SLICER_AVERAGE
2023-12-27 18:00:00,Australia,Queensland,AU-QLD,724.7,784.37,3.63,3.63,Electricity Maps Estimation,true,ESTIMATED_TIME_SLICER_AVERAGE
2023-12-27 19:00:00,Australia,Queensland,AU-QLD,594.91,651.96,20.81,20.81,Electricity Maps Estimation,true,ESTIMATED_TIME_SLICER_AVERAGE
2023-12-27 20:00:00,Australia,Queensland,AU-QLD,549.75,605.98,26.73,26.73,opennem.org.au,false,
2023-12-27 21:00:00,Australia,Queensland,AU-QLD,410.14,463.78,45.27,45.27,opennem.org.au,false,
2023-12-27 22:00:00,Australia,Queensland,AU-QLD,361.58,414.42,51.74,51.74,opennem.org.au,false,
2023-12-27 23:00:00,Australia,Queensland,AU-QLD,335.04,387.33,55.26,55.26,opennem.org.au,false,
2023-12-28 00:00:00,Australia,Queensland,AU-QLD,317.56,369.36,57.6,57.6,opennem.org.au,false,
2023-12-28 01:00:00,Australia,Queensland,AU-QLD,303.23,354.63,59.5,59.5,opennem.org.au,false,
2023-12-28 02:00:00,Australia,Queensland,AU-QLD,291.48,342.6,61.06,61.06,opennem.org.au,false,
2023-12-28 03:00:00,Australia,Queensland,AU-QLD,316.99,369.64,56.85,56.85,Electricity Maps Estimation,true,ESTIMATED_TIME_SLICER_AVERAGE
2023-12-28 04:00:00,Australia,Queensland,AU-QLD,341.94,396.11,52.71,52.71,Electricity Maps Estimation,true,ESTIMATED_TIME_SLICER_AVERAGE
2023-12-28 05:00:00,Australia,Queensland,AU-QLD,365.89,421.48,48.73,48.73,Electricity Maps Estimation,true,ESTIMATED_TIME_SLICER_AVERAGE
2023-12-28 06:00:00,Australia,Queensland,AU-QLD,388.5,445.28,45.05,45.05,opennem.org.au,false,
2023-12-28 07:00:00,Australia,Queensland,AU-QLD,469.33,530.92,31.99,31.99,opennem.org.au,false,
2023-12-28 08:00:00,Australia,Queensland,AU-QLD,575.52,645.24,13.33,13.33,opennem.org.au,false,
2023-12-28 09:00:00,Australia,Queensland,AU-QLD,613.68,686.66,6.83,6.83,opennem.org.au,false,
2023-12-28 10:00:00,Australia,Queensland,AU-QLD,621.73,694.91,5.53,5.53,opennem.org.au,false,
2023-12-28 11:00:00,Australia,Queensland,AU-QLD,636.36,707.59,5.15,5.15,opennem.org.au,false,
2023-12-28 12:00:00,Australia,Queensland,AU-QLD,647.02,714.3,6.32,6.32,opennem.org.au,false,
2023-12-28 13:00:00,Australia,Queensland,AU-QLD,665.33,733.34,4.07,4.07,opennem.org.au,false,
2023-12-28 14:00:00,Australia,Queensland,AU-QLD,673.88,741.4,3.58,3.58,opennem.org.au,false,
2023-12-28 15:00:00,Australia,Queensland,AU-QLD,682.24,749.3,3.1,3.1,opennem.org.au,false,
2023-12-28 16:00:00,Australia,Queensland,AU-QLD,699.78,763.8,3.3,3.3,opennem.org.au,false,
2023-12-28 17:00:00,Australia,Queensland,AU-QLD,707.31,770.29,3.23,3.23,opennem.org.au,false,
2023-12-28 18:00:00,Australia,Queensland,AU-QLD,710.92,772.67,3.66,3.66,opennem.org.au,false,
2023-12-28 19:00:00,Australia,Queensland,AU-QLD,695.24,756.57,5.84,5.84,opennem.org.au,false,
2023-12-28 20:00:00,Australia,Queensland,AU-QLD,546.02,603.54,26.46,26.46,opennem.org.au,false,
2023-12-28 21:00:00,Australia,Queensland,AU-QLD,416.05,469.89,44.5,44.5,opennem.org.au,false,
2023-12-28 22:00:00,Australia,Queensland,AU-QLD,354.48,407.14,52.7,52.7,opennem.org.au,false,
2023-12-28 23:00:00,Australia,Queensland,AU-QLD,319.7,371.63,57.32,57.32,opennem.org.au,false,
2023-12-29 00:00:00,Australia,Queensland,AU-QLD,343.88,398.05,52.82,52.82,Electricity Maps Estimation,true,ESTIMATED_TIME_SLICER_AVERAGE
2023-12-29 01:00:00,Australia,Queensland,AU-QLD,336.32,391.32,53.13,53.13,Electricity Maps Estimation,true,ESTIMATED_TIME_SLICER_AVERAGE
2023-12-29 02:00:00,Australia,Queensland,AU-QLD,340.15,396.1,52.0,52.0,Electricity Maps Estimation,true,ESTIMATED_TIME_SLICER_AVERAGE
2023-12-29 03:00:00,Australia,Queensland,AU-QLD,372.43,430.15,46.93,46.93,Electricity Maps Estimation,true,ESTIMATED_TIME_SLICER_AVERAGE
2023-12-29 04:00:00,Australia,Queensland,AU-QLD,394.17,453.89,42.93,42.93,Electricity Maps Estimation,true,ESTIMATED_TIME_SLICER_AVERAGE
2023-12-29 05:00:00,Australia,Queensland,AU-QLD,427.95,490.43,36.8,36.8,Electricity Maps Estimation,true,ESTIMATED_TIME_SLICER_AVERAGE
2023-12-29 06:00:00,Australia,Queensland,AU-QLD,484.25,550.66,27.06,27.06,Electricity Maps Estimation,true,ESTIMATED_TIME_SLICER_AVERAGE
2023-12-29 07:00:00,Australia,Queensland,AU-QLD,497.42,565.01,24.64,24.64,opennem.org.au; Electricity Maps Estimation,false,
2023-12-29 08:00:00,Australia,Queensland,AU-QLD,577.47,648.01,12.78,12.78,opennem.org.au,false,
2023-12-29 09:00:00,Australia,Queensland,AU-QLD,610.83,682.73,7.78,7.78,opennem.org.au,false,
2023-12-29 10:00:00,Australia,Queensland,AU-QLD,611.18,683.98,6.96,6.96,opennem.org.au,false,
2023-12-29 11:00:00,Australia,Queensland,AU-QLD,621.59,693.24,6.13,6.13,opennem.org.au,false,
2023-12-29 12:00:00,Australia,Queensland,AU-QLD,631.83,701.73,6.16,6.16,opennem.org.au,false,
2023-12-29 13:00:00,Australia,Queensland,AU-QLD,653.58,720.84,5.65,5.65,opennem.org.au,false,
2023-12-29 14:00:00,Australia,Queensland,AU-QLD,667.27,730.16,7.01,7.01,opennem.org.au,false,
2023-12-29 15:00:00,Australia,Queensland,AU-QLD,673.24,734.13,7.65,7.65,opennem.org.au,false,
2023-12-29 16:00:00,Australia,Queensland,AU-QLD,674.5,733.81,8.49,8.49,opennem.org.au,false,
2023-12-29 17:00:00,Australia,Queensland,AU-QLD,685.92,745.91,7.03,7.03,opennem.org.au,false,
2023-12-29 18:00:00,Australia,Queensland,AU-QLD,681.52,740.7,7.92,7.92,opennem.org.au,false,
2023-12-29 19:00:00,Australia,Queensland,AU-QLD,687.06,746.95,7.15,7.15,opennem.org.au,false,
2023-12-29 20:00:00,Australia,Queensland,AU-QLD,625.51,684.79,15.58,15.58,opennem.org.au,false,
2023-12-29 21:00:00,Australia,Queensland,AU-QLD,501.12,556.62,33.16,33.16,opennem.org.au,false,
2023-12-29 22:00:00,Australia,Queensland,AU-QLD,426.89,480.67,43.1,43.1,opennem.org.au,false,
2023-12-29 23:00:00,Australia,Queensland,AU-QLD,392.8,445.77,47.6,47.6,opennem.org.au,false,
2023-12-30 00:00:00,Australia,Queensland,AU-QLD,396.9,449.92,47.05,47.05,opennem.org.au,false,
2023-12-30 01:00:00,Australia,Queensland,AU-QLD,400.83,453.52,46.5,46.5,opennem.org.au,false,
2023-12-30 02:00:00,Australia,Queensland,AU-QLD,382.56,434.65,48.93,48.93,opennem.org.au,false,
2023-12-30 03:00:00,Australia,Queensland,AU-QLD,407.23,460.31,45.67,45.67,opennem.org.au,false,
2023-12-30 04:00:00,Australia,Queensland,AU-QLD,443.22,496.93,40.76,40.76,opennem.org.au,false,
2023-12-30 05:00:00,Australia,Queensland,AU-QLD,475.35,530.94,35.96,35.96,opennem.org.au,false,
2023-12-30 06:00:00,Australia,Queensland,AU-QLD,535.61,594.59,26.12,26.12,opennem.org.au,false,
2023-12-30 07:00:00,Australia,Queensland,AU-QLD,569.76,628.96,21.03,21.03,opennem.org.au,false,
2023-12-30 08:00:00,Australia,Queensland,AU-QLD,624.67,684.61,13.53,13.53,opennem.org.au,false,
2023-12-30 09:00:00,Australia,Queensland,AU-QLD,643.47,704.53,10.44,10.44,opennem.org.au,false,
2023-12-30 10:00:00,Australia,Queensland,AU-QLD,646.26,707.46,10.15,10.15,opennem.org.au,false,
2023-12-30 11:00:00,Australia,Queensland,AU-QLD,649.56,709.15,10.84,10.84,opennem.org.au,false,
2023-12-30 12:00:00,Australia,Queensland,AU-QLD,654.8,713.04,11.15,11.15,opennem.org.au,false,
2023-12-30 13:00:00,Australia,Queensland,AU-QLD,659.59,716.77,11.34,11.34,opennem.org.au,false,
2023-12-30 14:00:00,Australia,Queensland,AU-QLD,668.25,724.55,11.07,11.07,opennem.org.au,false,
2023-12-30 15:00:00,Australia,Queensland,AU-QLD,673.43,730.12,10.36,10.36,opennem.org.au,false,
2023-12-30 16:00:00,Australia,Queensland,AU-QLD,688.85,746.58,8.31,8.31,opennem.org.au,false,
2023-12-30 17:00:00,Australia,Queensland,AU-QLD,697.93,756.29,7.09,7.09,opennem.org.au,false,
2023-12-30 18:00:00,Australia,Queensland,AU-QLD,705.83,764.41,6.05,6.05,opennem.org.au,false,
2023-12-30 19:00:00,Australia,Queensland,AU-QLD,701.65,760.5,6.59,6.59,opennem.org.au,false,
2023-12-30 20:00:00,Australia,Queensland,AU-QLD,592.97,650.1,20.94,20.94,opennem.org.au,false,
2023-12-30 21:00:00,Australia,Queensland,AU-QLD,452.51,507.17,39.6,39.6,opennem.org.au,false,
2023-12-30 22:00:00,Australia,Queensland,AU-QLD,381.03,433.8,49.13,49.13,opennem.org.au,false,
2023-12-30 23:00:00,Australia,Queensland,AU-QLD,350.03,402.15,53.24,53.24,opennem.org.au,false,
2023-12-31 00:00:00,Australia,Queensland,AU-QLD,324.21,375.81,56.68,56.68,opennem.org.au,false,
2023-12-31 01:00:00,Australia,Queensland,AU-QLD,317.06,368.4,57.64,57.64,opennem.org.au,false,
2023-12-31 02:00:00,Australia,Queensland,AU-QLD,308.9,360.04,58.73,58.73,opennem.org.au,false,
2023-12-31 03:00:00,Australia,Queensland,AU-QLD,328.09,379.58,56.18,56.18,Electricity Maps Estimation,true,ESTIMATED_TIME_SLICER_AVERAGE
2023-12-31 04:00:00,Australia,Queensland,AU-QLD,348.15,400.03,53.5,53.5,Electricity Maps Estimation,true,ESTIMATED_TIME_SLICER_AVERAGE
2023-12-31 05:00:00,Australia,Queensland,AU-QLD,358.51,410.51,52.13,52.13,opennem.org.au; Electricity Maps Estimation,false,
2023-12-31 06:00:00,Australia,Queensland,AU-QLD,439.4,492.87,41.11,41.11,opennem.org.au,false,
2023-12-31 07:00:00,Australia,Queensland,AU-QLD,538.51,594.16,27.12,27.12,opennem.org.au,false,
2023-12-31 08:00:00,Australia,Queensland,AU-QLD,598.66,655.36,18.26,18.26,opennem.org.au,false,
2023-12-31 09:00:00,Australia,Queensland,AU-QLD,622.03,679.23,14.9,14.9,opennem.org.au,false,
2023-12-31 10:00:00,Australia,Queensland,AU-QLD,622.94,680.59,14.58,14.58,opennem.org.au,false,
2023-12-31 11:00:00,Australia,Queensland,AU-QLD,628.04,684.15,15.01,15.01,opennem.org.au,false,
2023-12-31 12:00:00,Australia,Queensland,AU-QLD,632.38,688.79,14.37,14.37,opennem.org.au,false,
2023-12-31 13:00:00,Australia,Queensland,AU-QLD,642.78,699.45,13.17,13.17,opennem.org.au,false,
2023-12-31 14:00:00,Australia,Queensland,AU-QLD,660.32,715.73,12.13,12.13,opennem.org.au,false,
2023-12-31 15:00:00,Australia,Queensland,AU-QLD,659.58,714.95,12.22,12.22,opennem.org.au,false,
2023-12-31 16:00:00,Australia,Queensland,AU-QLD,673.16,729.47,10.4,10.4,opennem.org.au,false,
2023-12-31 17:00:00,Australia,Queensland,AU-QLD,677.14,733.74,9.85,9.85,opennem.org.au,false,
2023-12-31 18:00:00,Australia,Queensland,AU-QLD,686.0,743.19,8.68,8.68,opennem.org.au,false,
2023-12-31 19:00:00,Australia,Queensland,AU-QLD,676.41,733.24,9.94,9.94,opennem.org.au,false,
2023-12-31 20:00:00,Australia,Queensland,AU-QLD,611.27,667.2,18.53,18.53,opennem.org.au,false,
2023-12-31 21:00:00,Australia,Queensland,AU-QLD,537.69,593.21,28.3,28.3,opennem.org.au,false,
2023-12-31 22:00:00,Australia,Queensland,AU-QLD,440.12,493.71,41.25,41.25,opennem.org.au,false,
2023-12-31 23:00:00,Australia,Queensland,AU-QLD,402.47,455.27,46.29,46.29,opennem.org.au,false,
