Datetime (UTC),Country,Zone name,Zone id,Carbon intensity gCO₂eq/kWh (direct),Carbon intensity gCO₂eq/kWh (Life cycle),Carbon-free energy percentage (CFE%),Renewable energy percentage (RE%),Data source,Data estimated,Data estimation method
2022-01-01 00:00:00,USA,PJM Interconnection,US-MIDA-PJM,333.44,399.09,43.87,7.09,pjm.com,false,
2022-01-01 01:00:00,USA,PJM Interconnection,US-MIDA-PJM,336.02,401.67,43.65,5.96,pjm.com,false,
2022-01-01 02:00:00,USA,PJM Interconnection,US-MIDA-PJM,331.87,395.86,45.07,6.34,pjm.com,false,
2022-01-01 03:00:00,USA,PJM Interconnection,US-MIDA-PJM,326.3,388.86,46.38,6.51,pjm.com,false,
2022-01-01 04:00:00,USA,PJM Interconnection,US-MIDA-PJM,319.23,380.41,47.73,6.39,pjm.com,false,
2022-01-01 05:00:00,USA,PJM Interconnection,US-MIDA-PJM,314.19,375.0,48.28,5.72,pjm.com,false,
2022-01-01 06:00:00,USA,PJM Interconnection,US-MIDA-PJM,310.16,369.94,49.25,5.55,pjm.com,false,
2022-01-01 07:00:00,USA,PJM Interconnection,US-MIDA-PJM,308.13,367.63,49.56,5.68,pjm.com,false,
2022-01-01 08:00:00,USA,PJM Interconnection,US-MIDA-PJM,307.47,366.27,50.11,5.63,pjm.com,false,
2022-01-01 09:00:00,USA,PJM Interconnection,US-MIDA-PJM,307.03,365.3,50.52,5.62,pjm.com,false,
2022-01-01 10:00:00,USA,PJM Interconnection,US-MIDA-PJM,309.31,367.01,50.85,5.47,pjm.com,false,
2022-01-01 11:00:00,USA,PJM Interconnection,US-MIDA-PJM,311.98,370.21,50.35,5.27,pjm.com,false,
2022-01-01 12:00:00,USA,PJM Interconnection,US-MIDA-PJM,315.57,374.32,49.78,5.22,pjm.com,false,
2022-01-01 13:00:00,USA,PJM Interconnection,US-MIDA-PJM,320.51,380.21,48.83,5.4,pjm.com,false,
2022-01-01 14:00:00,USA,PJM Interconnection,US-MIDA-PJM,317.64,376.89,49.31,6.87,pjm.com,false,
2022-01-01 15:00:00,USA,PJM Interconnection,US-MIDA-PJM,320.94,382.06,47.81,7.61,pjm.com,false,
2022-01-01 16:00:00,USA,PJM Interconnection,US-MIDA-PJM,325.33,387.63,46.72,7.78,pjm.com,false,
2022-01-01 17:00:00,USA,PJM Interconnection,US-MIDA-PJM,330.57,393.43,45.98,7.73,pjm.com,false,
2022-01-01 18:00:00,USA,PJM Interconnection,US-MIDA-PJM,331.3,393.56,46.37,8.25,pjm.com,false,
2022-01-01 19:00:00,USA,PJM Interconnection,US-MIDA-PJM,329.52,391.19,46.89,8.65,pjm.com,false,
2022-01-01 20:00:00,USA,PJM Interconnection,US-MIDA-PJM,328.93,390.58,46.97,8.95,pjm.com,false,
2022-01-01 21:00:00,USA,PJM Interconnection,US-MIDA-PJM,328.76,390.73,46.77,9.36,pjm.com,false,
2022-01-01 22:00:00,USA,PJM Interconnection,US-MIDA-PJM,325.05,387.35,46.81,10.74,pjm.com,false,
2022-01-01 23:00:00,USA,PJM Interconnection,US-MIDA-PJM,325.9,388.55,46.45,10.66,pjm.com,false,
2022-01-02 00:00:00,USA,PJM Interconnection,US-MIDA-PJM,322.42,384.2,47.28,10.77,pjm.com,false,
2022-01-02 01:00:00,USA,PJM Interconnection,US-MIDA-PJM,326.78,389.02,46.65,9.47,pjm.com,false,
2022-01-02 02:00:00,USA,PJM Interconnection,US-MIDA-PJM,329.07,391.61,46.24,8.48,pjm.com,false,
2022-01-02 03:00:00,USA,PJM Interconnection,US-MIDA-PJM,324.34,385.27,47.63,8.69,pjm.com,false,
2022-01-02 04:00:00,USA,PJM Interconnection,US-MIDA-PJM,320.11,379.37,49.08,8.79,pjm.com,false,
2022-01-02 05:00:00,USA,PJM Interconnection,US-MIDA-PJM,318.96,377.4,49.73,8.24,pjm.com,false,
2022-01-02 06:00:00,USA,PJM Interconnection,US-MIDA-PJM,321.54,379.83,49.71,7.79,pjm.com,false,
2022-01-02 07:00:00,USA,PJM Interconnection,US-MIDA-PJM,321.73,380.02,49.7,7.63,pjm.com,false,
2022-01-02 08:00:00,USA,PJM Interconnection,US-MIDA-PJM,321.5,379.72,49.77,7.37,pjm.com,false,
2022-01-02 09:00:00,USA,PJM Interconnection,US-MIDA-PJM,322.98,382.4,48.81,6.94,pjm.com,false,
2022-01-02 10:00:00,USA,PJM Interconnection,US-MIDA-PJM,325.42,384.85,48.68,6.56,pjm.com,false,
2022-01-02 11:00:00,USA,PJM Interconnection,US-MIDA-PJM,327.21,387.77,47.79,6.65,pjm.com,false,
2022-01-02 12:00:00,USA,PJM Interconnection,US-MIDA-PJM,331.52,392.68,47.13,6.39,pjm.com,false,
2022-01-02 13:00:00,USA,PJM Interconnection,US-MIDA-PJM,339.76,402.78,45.33,5.99,pjm.com,false,
2022-01-02 14:00:00,USA,PJM Interconnection,US-MIDA-PJM,341.44,404.79,45.03,6.27,pjm.com,false,
2022-01-02 15:00:00,USA,PJM Interconnection,US-MIDA-PJM,342.89,407.15,44.32,6.25,pjm.com,false,
2022-01-02 16:00:00,USA,PJM Interconnection,US-MIDA-PJM,348.63,414.57,42.75,5.82,pjm.com,false,
2022-01-02 17:00:00,USA,PJM Interconnection,US-MIDA-PJM,355.55,422.37,41.72,5.26,pjm.com,false,
2022-01-02 18:00:00,USA,PJM Interconnection,US-MIDA-PJM,365.95,433.83,40.39,4.03,pjm.com,false,
2022-01-02 19:00:00,USA,PJM Interconnection,US-MIDA-PJM,365.7,434.12,39.99,3.63,pjm.com,false,
2022-01-02 20:00:00,USA,PJM Interconnection,US-MIDA-PJM,363.94,432.65,39.87,3.68,pjm.com,false,
2022-01-02 21:00:00,USA,PJM Interconnection,US-MIDA-PJM,358.64,427.58,40.04,4.59,pjm.com,false,
2022-01-02 22:00:00,USA,PJM Interconnection,US-MIDA-PJM,361.59,431.33,39.42,5.83,pjm.com,false,
2022-01-02 23:00:00,USA,PJM Interconnection,US-MIDA-PJM,364.15,434.12,39.14,6.03,pjm.com,false,
2022-01-03 00:00:00,USA,PJM Interconnection,US-MIDA-PJM,366.85,437.11,38.75,5.42,pjm.com,false,
2022-01-03 01:00:00,USA,PJM Interconnection,US-MIDA-PJM,369.35,439.72,38.43,4.55,pjm.com,false,
2022-01-03 02:00:00,USA,PJM Interconnection,US-MIDA-PJM,364.76,434.65,38.97,4.17,pjm.com,false,
2022-01-03 03:00:00,USA,PJM Interconnection,US-MIDA-PJM,362.8,432.56,39.14,3.21,pjm.com,false,
2022-01-03 04:00:00,USA,PJM Interconnection,US-MIDA-PJM,355.7,424.63,40.13,2.51,pjm.com,false,
2022-01-03 05:00:00,USA,PJM Interconnection,US-MIDA-PJM,353.7,422.44,40.46,2.14,pjm.com,false,
2022-01-03 06:00:00,USA,PJM Interconnection,US-MIDA-PJM,353.61,422.28,40.71,2.02,pjm.com,false,
2022-01-03 07:00:00,USA,PJM Interconnection,US-MIDA-PJM,353.76,421.97,41.15,1.99,pjm.com,false,
2022-01-03 08:00:00,USA,PJM Interconnection,US-MIDA-PJM,355.23,423.59,41.16,2.09,pjm.com,false,
2022-01-03 09:00:00,USA,PJM Interconnection,US-MIDA-PJM,358.59,428.2,40.29,2.11,pjm.com,false,
2022-01-03 10:00:00,USA,PJM Interconnection,US-MIDA-PJM,363.2,434.82,38.51,1.99,pjm.com,false,
2022-01-03 11:00:00,USA,PJM Interconnection,US-MIDA-PJM,368.11,441.21,37.27,2.84,pjm.com,false,
2022-01-03 12:00:00,USA,PJM Interconnection,US-MIDA-PJM,371.78,446.03,36.48,4.19,pjm.com,false,
2022-01-03 13:00:00,USA,PJM Interconnection,US-MIDA-PJM,381.9,456.86,35.44,4.1,pjm.com,false,
2022-01-03 14:00:00,USA,PJM Interconnection,US-MIDA-PJM,386.21,461.72,34.77,3.98,pjm.com,false,
2022-01-03 15:00:00,USA,PJM Interconnection,US-MIDA-PJM,387.28,462.82,34.72,3.98,pjm.com,false,
2022-01-03 16:00:00,USA,PJM Interconnection,US-MIDA-PJM,396.95,472.64,34.1,3.55,pjm.com,false,
2022-01-03 17:00:00,USA,PJM Interconnection,US-MIDA-PJM,402.57,478.38,33.85,3.12,pjm.com,false,
2022-01-03 18:00:00,USA,PJM Interconnection,US-MIDA-PJM,403.19,479.66,33.34,3.08,pjm.com,false,
2022-01-03 19:00:00,USA,PJM Interconnection,US-MIDA-PJM,393.33,469.2,34.27,3.66,pjm.com,false,
2022-01-03 20:00:00,USA,PJM Interconnection,US-MIDA-PJM,386.17,461.08,35.14,4.27,pjm.com,false,
2022-01-03 21:00:00,USA,PJM Interconnection,US-MIDA-PJM,379.98,454.37,35.85,5.22,pjm.com,false,
2022-01-03 22:00:00,USA,PJM Interconnection,US-MIDA-PJM,374.38,449.03,36.0,7.06,pjm.com,false,
2022-01-03 23:00:00,USA,PJM Interconnection,US-MIDA-PJM,372.83,446.74,36.58,8.29,pjm.com,false,
2022-01-04 00:00:00,USA,PJM Interconnection,US-MIDA-PJM,375.49,449.07,36.65,8.3,pjm.com,false,
2022-01-04 01:00:00,USA,PJM Interconnection,US-MIDA-PJM,379.84,453.34,36.44,7.64,pjm.com,false,
2022-01-04 02:00:00,USA,PJM Interconnection,US-MIDA-PJM,386.2,459.77,36.01,6.51,pjm.com,false,
2022-01-04 03:00:00,USA,PJM Interconnection,US-MIDA-PJM,380.29,452.58,37.49,6.71,pjm.com,false,
2022-01-04 04:00:00,USA,PJM Interconnection,US-MIDA-PJM,371.11,442.97,38.3,6.61,pjm.com,false,
2022-01-04 05:00:00,USA,PJM Interconnection,US-MIDA-PJM,364.71,434.41,39.03,6.33,pjm.com,false,
2022-01-04 06:00:00,USA,PJM Interconnection,US-MIDA-PJM,365.41,435.16,38.94,6.22,pjm.com,false,
2022-01-04 07:00:00,USA,PJM Interconnection,US-MIDA-PJM,363.94,433.81,38.93,6.17,pjm.com,false,
2022-01-04 08:00:00,USA,PJM Interconnection,US-MIDA-PJM,370.07,440.5,38.21,5.9,pjm.com,false,
2022-01-04 09:00:00,USA,PJM Interconnection,US-MIDA-PJM,374.51,444.97,37.95,6.19,pjm.com,false,
2022-01-04 10:00:00,USA,PJM Interconnection,US-MIDA-PJM,371.63,442.29,38.05,7.12,pjm.com,false,
2022-01-04 11:00:00,USA,PJM Interconnection,US-MIDA-PJM,367.28,439.14,37.59,8.18,pjm.com,false,
2022-01-04 12:00:00,USA,PJM Interconnection,US-MIDA-PJM,368.21,440.42,37.32,9.0,pjm.com,false,
2022-01-04 13:00:00,USA,PJM Interconnection,US-MIDA-PJM,374.52,446.94,36.83,8.94,pjm.com,false,
2022-01-04 14:00:00,USA,PJM Interconnection,US-MIDA-PJM,374.41,446.44,37.13,8.39,pjm.com,false,
2022-01-04 15:00:00,USA,PJM Interconnection,US-MIDA-PJM,372.9,443.85,38.04,8.55,pjm.com,false,
2022-01-04 16:00:00,USA,PJM Interconnection,US-MIDA-PJM,371.06,440.72,39.06,8.84,pjm.com,false,
2022-01-04 17:00:00,USA,PJM Interconnection,US-MIDA-PJM,370.03,439.19,39.46,8.56,pjm.com,false,
2022-01-04 18:00:00,USA,PJM Interconnection,US-MIDA-PJM,371.94,440.72,39.64,8.64,pjm.com,false,
2022-01-04 19:00:00,USA,PJM Interconnection,US-MIDA-PJM,365.06,432.85,40.74,9.08,pjm.com,false,
2022-01-04 20:00:00,USA,PJM Interconnection,US-MIDA-PJM,364.31,432.51,40.45,8.97,pjm.com,false,
2022-01-04 21:00:00,USA,PJM Interconnection,US-MIDA-PJM,368.63,437.85,39.38,8.33,pjm.com,false,
2022-01-04 22:00:00,USA,PJM Interconnection,US-MIDA-PJM,370.46,440.24,38.96,9.79,pjm.com,false,
2022-01-04 23:00:00,USA,PJM Interconnection,US-MIDA-PJM,378.2,448.74,37.94,9.57,pjm.com,false,
2022-01-05 00:00:00,USA,PJM Interconnection,US-MIDA-PJM,381.56,452.04,37.77,9.23,pjm.com,false,
2022-01-05 01:00:00,USA,PJM Interconnection,US-MIDA-PJM,382.33,452.36,38.03,8.84,pjm.com,false,
2022-01-05 02:00:00,USA,PJM Interconnection,US-MIDA-PJM,378.78,448.78,38.24,8.37,pjm.com,false,
2022-01-05 03:00:00,USA,PJM Interconnection,US-MIDA-PJM,371.68,439.86,39.93,8.8,pjm.com,false,
2022-01-05 04:00:00,USA,PJM Interconnection,US-MIDA-PJM,361.82,427.88,42.13,9.35,pjm.com,false,
2022-01-05 05:00:00,USA,PJM Interconnection,US-MIDA-PJM,357.42,422.34,43.01,9.37,pjm.com,false,
2022-01-05 06:00:00,USA,PJM Interconnection,US-MIDA-PJM,354.06,417.55,44.26,9.53,pjm.com,false,
2022-01-05 07:00:00,USA,PJM Interconnection,US-MIDA-PJM,352.54,416.1,44.3,9.44,pjm.com,false,
2022-01-05 08:00:00,USA,PJM Interconnection,US-MIDA-PJM,356.79,420.94,43.64,9.03,pjm.com,false,
2022-01-05 09:00:00,USA,PJM Interconnection,US-MIDA-PJM,359.96,424.23,43.4,9.09,pjm.com,false,
2022-01-05 10:00:00,USA,PJM Interconnection,US-MIDA-PJM,362.08,427.26,42.64,9.24,pjm.com,false,
2022-01-05 11:00:00,USA,PJM Interconnection,US-MIDA-PJM,362.31,428.22,42.28,10.47,pjm.com,false,
2022-01-05 12:00:00,USA,PJM Interconnection,US-MIDA-PJM,367.34,434.08,41.41,10.69,pjm.com,false,
2022-01-05 13:00:00,USA,PJM Interconnection,US-MIDA-PJM,373.36,441.33,40.13,9.71,pjm.com,false,
2022-01-05 14:00:00,USA,PJM Interconnection,US-MIDA-PJM,381.61,449.95,39.43,9.23,pjm.com,false,
2022-01-05 15:00:00,USA,PJM Interconnection,US-MIDA-PJM,382.11,450.25,39.51,9.16,pjm.com,false,
2022-01-05 16:00:00,USA,PJM Interconnection,US-MIDA-PJM,373.52,441.08,40.39,9.29,pjm.com,false,
2022-01-05 17:00:00,USA,PJM Interconnection,US-MIDA-PJM,372.08,439.4,40.59,9.43,pjm.com,false,
2022-01-05 18:00:00,USA,PJM Interconnection,US-MIDA-PJM,373.68,441.08,40.43,9.23,pjm.com,false,
2022-01-05 19:00:00,USA,PJM Interconnection,US-MIDA-PJM,367.67,434.36,41.28,9.63,pjm.com,false,
2022-01-05 20:00:00,USA,PJM Interconnection,US-MIDA-PJM,364.4,431.28,41.29,9.45,pjm.com,false,
2022-01-05 21:00:00,USA,PJM Interconnection,US-MIDA-PJM,361.07,427.81,41.62,9.96,pjm.com,false,
2022-01-05 22:00:00,USA,PJM Interconnection,US-MIDA-PJM,364.62,432.49,40.66,10.15,pjm.com,false,
2022-01-05 23:00:00,USA,PJM Interconnection,US-MIDA-PJM,369.18,437.65,39.98,10.1,pjm.com,false,
2022-01-06 00:00:00,USA,PJM Interconnection,US-MIDA-PJM,372.74,441.33,39.64,9.37,pjm.com,false,
2022-01-06 01:00:00,USA,PJM Interconnection,US-MIDA-PJM,366.75,434.79,40.33,9.52,pjm.com,false,
2022-01-06 02:00:00,USA,PJM Interconnection,US-MIDA-PJM,365.61,433.01,40.82,9.21,pjm.com,false,
2022-01-06 03:00:00,USA,PJM Interconnection,US-MIDA-PJM,361.93,428.52,41.53,8.79,pjm.com,false,
2022-01-06 04:00:00,USA,PJM Interconnection,US-MIDA-PJM,356.9,422.58,42.43,8.69,pjm.com,false,
2022-01-06 05:00:00,USA,PJM Interconnection,US-MIDA-PJM,354.9,420.5,42.57,8.5,pjm.com,false,
2022-01-06 06:00:00,USA,PJM Interconnection,US-MIDA-PJM,354.15,419.79,42.61,8.06,pjm.com,false,
2022-01-06 07:00:00,USA,PJM Interconnection,US-MIDA-PJM,355.31,421.13,42.41,7.87,pjm.com,false,
2022-01-06 08:00:00,USA,PJM Interconnection,US-MIDA-PJM,358.22,424.38,42.01,7.55,pjm.com,false,
2022-01-06 09:00:00,USA,PJM Interconnection,US-MIDA-PJM,363.35,430.52,41.01,7.09,pjm.com,false,
2022-01-06 10:00:00,USA,PJM Interconnection,US-MIDA-PJM,368.72,437.49,39.57,6.75,pjm.com,false,
2022-01-06 11:00:00,USA,PJM Interconnection,US-MIDA-PJM,376.01,446.3,38.21,6.94,pjm.com,false,
2022-01-06 12:00:00,USA,PJM Interconnection,US-MIDA-PJM,384.08,455.39,37.1,7.01,pjm.com,false,
2022-01-06 13:00:00,USA,PJM Interconnection,US-MIDA-PJM,396.94,469.53,35.37,5.59,pjm.com,false,
2022-01-06 14:00:00,USA,PJM Interconnection,US-MIDA-PJM,394.15,466.52,35.65,5.58,pjm.com,false,
2022-01-06 15:00:00,USA,PJM Interconnection,US-MIDA-PJM,395.76,467.34,36.27,5.86,pjm.com,false,
2022-01-06 16:00:00,USA,PJM Interconnection,US-MIDA-PJM,395.15,465.71,37.1,6.15,pjm.com,false,
2022-01-06 17:00:00,USA,PJM Interconnection,US-MIDA-PJM,396.22,466.51,37.26,6.08,pjm.com,false,
2022-01-06 18:00:00,USA,PJM Interconnection,US-MIDA-PJM,397.36,467.26,37.51,6.1,pjm.com,false,
2022-01-06 19:00:00,USA,PJM Interconnection,US-MIDA-PJM,400.43,470.69,37.07,5.86,pjm.com,false,
2022-01-06 20:00:00,USA,PJM Interconnection,US-MIDA-PJM,400.77,471.02,37.01,5.9,pjm.com,false,
2022-01-06 21:00:00,USA,PJM Interconnection,US-MIDA-PJM,399.7,470.6,36.56,6.14,pjm.com,false,
2022-01-06 22:00:00,USA,PJM Interconnection,US-MIDA-PJM,388.49,459.52,37.22,8.01,pjm.com,false,
2022-01-06 23:00:00,USA,PJM Interconnection,US-MIDA-PJM,391.42,462.11,37.35,8.58,pjm.com,false,
2022-01-07 00:00:00,USA,PJM Interconnection,US-MIDA-PJM,395.14,465.26,37.55,8.48,pjm.com,false,
2022-01-07 01:00:00,USA,PJM Interconnection,US-MIDA-PJM,402.68,473.4,36.61,7.23,pjm.com,false,
2022-01-07 02:00:00,USA,PJM Interconnection,US-MIDA-PJM,403.1,473.74,36.55,6.42,pjm.com,false,
2022-01-07 03:00:00,USA,PJM Interconnection,US-MIDA-PJM,401.29,471.51,36.83,5.74,pjm.com,false,
2022-01-07 04:00:00,USA,PJM Interconnection,US-MIDA-PJM,397.0,466.12,37.85,5.77,pjm.com,false,
2022-01-07 05:00:00,USA,PJM Interconnection,US-MIDA-PJM,395.76,464.94,38.04,5.88,pjm.com,false,
2022-01-07 06:00:00,USA,PJM Interconnection,US-MIDA-PJM,399.5,468.82,37.77,5.61,pjm.com,false,
2022-01-07 07:00:00,USA,PJM Interconnection,US-MIDA-PJM,404.68,474.07,37.43,5.4,pjm.com,false,
2022-01-07 08:00:00,USA,PJM Interconnection,US-MIDA-PJM,405.18,475.01,37.12,5.51,pjm.com,false,
2022-01-07 09:00:00,USA,PJM Interconnection,US-MIDA-PJM,408.28,479.08,36.23,5.3,pjm.com,false,
2022-01-07 10:00:00,USA,PJM Interconnection,US-MIDA-PJM,412.54,484.77,34.97,4.73,pjm.com,false,
2022-01-07 11:00:00,USA,PJM Interconnection,US-MIDA-PJM,410.48,483.4,34.68,5.19,pjm.com,false,
2022-01-07 12:00:00,USA,PJM Interconnection,US-MIDA-PJM,417.21,491.82,33.16,4.82,pjm.com,false,
2022-01-07 13:00:00,USA,PJM Interconnection,US-MIDA-PJM,418.55,493.85,32.69,5.0,pjm.com,false,
2022-01-07 14:00:00,USA,PJM Interconnection,US-MIDA-PJM,420.76,495.81,32.82,4.94,pjm.com,false,
2022-01-07 15:00:00,USA,PJM Interconnection,US-MIDA-PJM,418.11,491.06,34.7,6.29,pjm.com,false,
2022-01-07 16:00:00,USA,PJM Interconnection,US-MIDA-PJM,421.74,493.88,34.8,5.89,pjm.com,false,
2022-01-07 17:00:00,USA,PJM Interconnection,US-MIDA-PJM,423.19,495.05,34.85,5.64,pjm.com,false,
2022-01-07 18:00:00,USA,PJM Interconnection,US-MIDA-PJM,423.39,494.9,35.05,5.21,pjm.com,false,
2022-01-07 19:00:00,USA,PJM Interconnection,US-MIDA-PJM,417.49,488.93,35.54,5.2,pjm.com,false,
2022-01-07 20:00:00,USA,PJM Interconnection,US-MIDA-PJM,421.15,492.55,35.38,5.14,pjm.com,false,
2022-01-07 21:00:00,USA,PJM Interconnection,US-MIDA-PJM,423.5,495.06,35.24,5.37,pjm.com,false,
2022-01-07 22:00:00,USA,PJM Interconnection,US-MIDA-PJM,422.48,495.55,34.44,6.18,pjm.com,false,
2022-01-07 23:00:00,USA,PJM Interconnection,US-MIDA-PJM,423.62,496.86,34.18,6.3,pjm.com,false,
2022-01-08 00:00:00,USA,PJM Interconnection,US-MIDA-PJM,424.7,497.2,34.61,6.53,pjm.com,false,
2022-01-08 01:00:00,USA,PJM Interconnection,US-MIDA-PJM,425.68,497.62,34.84,6.33,pjm.com,false,
2022-01-08 02:00:00,USA,PJM Interconnection,US-MIDA-PJM,424.98,495.97,35.44,6.28,pjm.com,false,
2022-01-08 03:00:00,USA,PJM Interconnection,US-MIDA-PJM,421.87,492.23,36.0,6.05,pjm.com,false,
2022-01-08 04:00:00,USA,PJM Interconnection,US-MIDA-PJM,426.73,497.16,35.61,5.01,pjm.com,false,
2022-01-08 05:00:00,USA,PJM Interconnection,US-MIDA-PJM,422.65,491.71,36.83,5.2,pjm.com,false,
2022-01-08 06:00:00,USA,PJM Interconnection,US-MIDA-PJM,415.58,484.25,37.58,5.56,pjm.com,false,
2022-01-08 07:00:00,USA,PJM Interconnection,US-MIDA-PJM,410.43,478.49,38.28,6.16,pjm.com,false,
2022-01-08 08:00:00,USA,PJM Interconnection,US-MIDA-PJM,410.85,478.76,38.09,6.06,pjm.com,false,
2022-01-08 09:00:00,USA,PJM Interconnection,US-MIDA-PJM,407.3,475.01,38.45,6.37,pjm.com,false,
2022-01-08 10:00:00,USA,PJM Interconnection,US-MIDA-PJM,404.66,472.4,38.62,7.38,pjm.com,false,
2022-01-08 11:00:00,USA,PJM Interconnection,US-MIDA-PJM,404.0,472.37,38.31,8.29,pjm.com,false,
2022-01-08 12:00:00,USA,PJM Interconnection,US-MIDA-PJM,398.37,466.09,39.16,9.49,pjm.com,false,
2022-01-08 13:00:00,USA,PJM Interconnection,US-MIDA-PJM,399.62,467.25,39.18,9.93,pjm.com,false,
2022-01-08 14:00:00,USA,PJM Interconnection,US-MIDA-PJM,402.37,470.28,38.82,9.01,pjm.com,false,
2022-01-08 15:00:00,USA,PJM Interconnection,US-MIDA-PJM,394.34,461.72,39.76,9.35,pjm.com,false,
2022-01-08 16:00:00,USA,PJM Interconnection,US-MIDA-PJM,398.7,465.33,40.03,9.14,pjm.com,false,
2022-01-08 17:00:00,USA,PJM Interconnection,US-MIDA-PJM,400.74,467.12,40.01,8.59,pjm.com,false,
2022-01-08 18:00:00,USA,PJM Interconnection,US-MIDA-PJM,391.33,457.15,40.89,8.51,pjm.com,false,
2022-01-08 19:00:00,USA,PJM Interconnection,US-MIDA-PJM,391.5,456.9,41.15,8.06,pjm.com,false,
2022-01-08 20:00:00,USA,PJM Interconnection,US-MIDA-PJM,394.55,460.54,40.55,7.51,pjm.com,false,
2022-01-08 21:00:00,USA,PJM Interconnection,US-MIDA-PJM,404.41,471.73,38.98,6.5,pjm.com,false,
2022-01-08 22:00:00,USA,PJM Interconnection,US-MIDA-PJM,403.87,471.25,39.07,8.12,pjm.com,false,
2022-01-08 23:00:00,USA,PJM Interconnection,US-MIDA-PJM,403.8,471.76,38.68,8.15,pjm.com,false,
2022-01-09 00:00:00,USA,PJM Interconnection,US-MIDA-PJM,406.68,474.53,38.57,7.71,pjm.com,false,
2022-01-09 01:00:00,USA,PJM Interconnection,US-MIDA-PJM,408.13,475.69,38.6,7.13,pjm.com,false,
2022-01-09 02:00:00,USA,PJM Interconnection,US-MIDA-PJM,405.04,472.11,39.06,7.08,pjm.com,false,
2022-01-09 03:00:00,USA,PJM Interconnection,US-MIDA-PJM,403.3,470.18,39.26,6.75,pjm.com,false,
2022-01-09 04:00:00,USA,PJM Interconnection,US-MIDA-PJM,397.29,463.25,40.27,6.75,pjm.com,false,
2022-01-09 05:00:00,USA,PJM Interconnection,US-MIDA-PJM,391.4,456.14,41.47,6.88,pjm.com,false,
2022-01-09 06:00:00,USA,PJM Interconnection,US-MIDA-PJM,386.88,450.66,42.41,6.99,pjm.com,false,
2022-01-09 07:00:00,USA,PJM Interconnection,US-MIDA-PJM,391.19,455.48,41.81,6.58,pjm.com,false,
2022-01-09 08:00:00,USA,PJM Interconnection,US-MIDA-PJM,381.46,445.11,42.81,7.01,pjm.com,false,
2022-01-09 09:00:00,USA,PJM Interconnection,US-MIDA-PJM,379.33,442.25,43.47,7.48,pjm.com,false,
2022-01-09 10:00:00,USA,PJM Interconnection,US-MIDA-PJM,376.29,439.04,43.7,7.75,pjm.com,false,
2022-01-09 11:00:00,USA,PJM Interconnection,US-MIDA-PJM,372.83,435.42,44.12,8.63,pjm.com,false,
2022-01-09 12:00:00,USA,PJM Interconnection,US-MIDA-PJM,373.39,435.88,44.28,9.13,pjm.com,false,
2022-01-09 13:00:00,USA,PJM Interconnection,US-MIDA-PJM,371.55,434.05,44.48,9.74,pjm.com,false,
2022-01-09 14:00:00,USA,PJM Interconnection,US-MIDA-PJM,373.28,436.39,44.02,9.9,pjm.com,false,
2022-01-09 15:00:00,USA,PJM Interconnection,US-MIDA-PJM,376.33,440.5,43.24,9.88,pjm.com,false,
2022-01-09 16:00:00,USA,PJM Interconnection,US-MIDA-PJM,386.34,451.0,42.18,9.64,pjm.com,false,
2022-01-09 17:00:00,USA,PJM Interconnection,US-MIDA-PJM,389.55,454.45,41.71,9.29,pjm.com,false,
2022-01-09 18:00:00,USA,PJM Interconnection,US-MIDA-PJM,389.26,454.16,41.83,9.6,pjm.com,false,
2022-01-09 19:00:00,USA,PJM Interconnection,US-MIDA-PJM,389.65,454.45,41.86,9.31,pjm.com,false,
2022-01-09 20:00:00,USA,PJM Interconnection,US-MIDA-PJM,389.86,454.73,41.76,9.05,pjm.com,false,
2022-01-09 21:00:00,USA,PJM Interconnection,US-MIDA-PJM,392.36,457.63,41.22,8.59,pjm.com,false,
2022-01-09 22:00:00,USA,PJM Interconnection,US-MIDA-PJM,403.6,470.32,39.62,8.23,pjm.com,false,
2022-01-09 23:00:00,USA,PJM Interconnection,US-MIDA-PJM,413.14,480.2,38.87,7.91,pjm.com,false,
2022-01-10 00:00:00,USA,PJM Interconnection,US-MIDA-PJM,412.55,479.28,39.1,7.96,pjm.com,false,
2022-01-10 01:00:00,USA,PJM Interconnection,US-MIDA-PJM,409.39,476.01,39.32,7.68,pjm.com,false,
2022-01-10 02:00:00,USA,PJM Interconnection,US-MIDA-PJM,407.04,473.4,39.53,7.31,pjm.com,false,
2022-01-10 03:00:00,USA,PJM Interconnection,US-MIDA-PJM,404.11,470.66,39.49,5.98,pjm.com,false,
2022-01-10 04:00:00,USA,PJM Interconnection,US-MIDA-PJM,396.97,462.34,40.7,5.96,pjm.com,false,
2022-01-10 05:00:00,USA,PJM Interconnection,US-MIDA-PJM,391.1,455.75,41.45,5.94,pjm.com,false,
2022-01-10 06:00:00,USA,PJM Interconnection,US-MIDA-PJM,388.0,452.55,41.66,5.89,pjm.com,false,
2022-01-10 07:00:00,USA,PJM Interconnection,US-MIDA-PJM,389.09,454.11,41.26,5.41,pjm.com,false,
2022-01-10 08:00:00,USA,PJM Interconnection,US-MIDA-PJM,393.63,459.3,40.56,4.9,pjm.com,false,
2022-01-10 09:00:00,USA,PJM Interconnection,US-MIDA-PJM,399.86,466.93,39.22,4.32,pjm.com,false,
2022-01-10 10:00:00,USA,PJM Interconnection,US-MIDA-PJM,410.35,479.26,37.35,4.15,pjm.com,false,
2022-01-10 11:00:00,USA,PJM Interconnection,US-MIDA-PJM,424.02,494.72,35.46,4.57,pjm.com,false,
2022-01-10 12:00:00,USA,PJM Interconnection,US-MIDA-PJM,427.85,499.2,34.9,5.86,pjm.com,false,
2022-01-10 13:00:00,USA,PJM Interconnection,US-MIDA-PJM,426.95,498.71,34.66,6.03,pjm.com,false,
2022-01-10 14:00:00,USA,PJM Interconnection,US-MIDA-PJM,425.78,497.07,35.2,6.39,pjm.com,false,
2022-01-10 15:00:00,USA,PJM Interconnection,US-MIDA-PJM,425.26,495.48,35.86,6.69,pjm.com,false,
2022-01-10 16:00:00,USA,PJM Interconnection,US-MIDA-PJM,423.35,492.6,36.72,7.04,pjm.com,false,
2022-01-10 17:00:00,USA,PJM Interconnection,US-MIDA-PJM,416.53,485.33,37.38,7.37,pjm.com,false,
2022-01-10 18:00:00,USA,PJM Interconnection,US-MIDA-PJM,407.82,475.75,38.5,8.11,pjm.com,false,
2022-01-10 19:00:00,USA,PJM Interconnection,US-MIDA-PJM,402.09,469.58,39.12,8.5,pjm.com,false,
2022-01-10 20:00:00,USA,PJM Interconnection,US-MIDA-PJM,403.64,471.23,38.97,8.44,pjm.com,false,
2022-01-10 21:00:00,USA,PJM Interconnection,US-MIDA-PJM,411.86,480.56,37.84,7.69,pjm.com,false,
2022-01-10 22:00:00,USA,PJM Interconnection,US-MIDA-PJM,416.53,486.67,36.92,8.23,pjm.com,false,
2022-01-10 23:00:00,USA,PJM Interconnection,US-MIDA-PJM,424.2,495.24,35.97,8.0,pjm.com,false,
2022-01-11 00:00:00,USA,PJM Interconnection,US-MIDA-PJM,426.68,497.51,36.05,8.05,pjm.com,false,
2022-01-11 01:00:00,USA,PJM Interconnection,US-MIDA-PJM,424.78,495.0,36.38,8.02,pjm.com,false,
2022-01-11 02:00:00,USA,PJM Interconnection,US-MIDA-PJM,431.82,502.1,35.44,6.58,pjm.com,false,
2022-01-11 03:00:00,USA,PJM Interconnection,US-MIDA-PJM,440.2,510.31,35.02,5.29,pjm.com,false,
2022-01-11 04:00:00,USA,PJM Interconnection,US-MIDA-PJM,439.46,509.18,35.32,4.21,pjm.com,false,
2022-01-11 05:00:00,USA,PJM Interconnection,US-MIDA-PJM,440.31,510.47,35.01,3.35,pjm.com,false,
2022-01-11 06:00:00,USA,PJM Interconnection,US-MIDA-PJM,446.04,516.62,34.46,2.71,pjm.com,false,
2022-01-11 07:00:00,USA,PJM Interconnection,US-MIDA-PJM,449.61,520.31,34.21,2.41,pjm.com,false,
2022-01-11 08:00:00,USA,PJM Interconnection,US-MIDA-PJM,452.39,523.85,33.5,2.21,pjm.com,false,
2022-01-11 09:00:00,USA,PJM Interconnection,US-MIDA-PJM,450.31,521.94,33.45,2.31,pjm.com,false,
2022-01-11 10:00:00,USA,PJM Interconnection,US-MIDA-PJM,449.12,521.7,32.84,2.91,pjm.com,false,
2022-01-11 11:00:00,USA,PJM Interconnection,US-MIDA-PJM,442.28,515.65,32.84,4.8,pjm.com,false,
2022-01-11 12:00:00,USA,PJM Interconnection,US-MIDA-PJM,441.19,514.71,32.92,5.92,pjm.com,false,
2022-01-11 13:00:00,USA,PJM Interconnection,US-MIDA-PJM,441.75,515.11,33.03,6.25,pjm.com,false,
2022-01-11 14:00:00,USA,PJM Interconnection,US-MIDA-PJM,436.36,507.67,34.85,7.25,pjm.com,false,
2022-01-11 15:00:00,USA,PJM Interconnection,US-MIDA-PJM,438.49,508.93,35.12,6.87,pjm.com,false,
2022-01-11 16:00:00,USA,PJM Interconnection,US-MIDA-PJM,432.53,501.36,36.75,7.46,pjm.com,false,
2022-01-11 17:00:00,USA,PJM Interconnection,US-MIDA-PJM,424.33,492.21,37.93,8.07,pjm.com,false,
2022-01-11 18:00:00,USA,PJM Interconnection,US-MIDA-PJM,419.23,486.4,38.7,8.39,pjm.com,false,
2022-01-11 19:00:00,USA,PJM Interconnection,US-MIDA-PJM,413.29,479.78,39.43,8.98,pjm.com,false,
2022-01-11 20:00:00,USA,PJM Interconnection,US-MIDA-PJM,414.28,480.66,39.42,8.72,pjm.com,false,
2022-01-11 21:00:00,USA,PJM Interconnection,US-MIDA-PJM,417.78,485.9,38.04,8.16,pjm.com,false,
2022-01-11 22:00:00,USA,PJM Interconnection,US-MIDA-PJM,416.5,485.93,37.66,9.27,pjm.com,false,
2022-01-11 23:00:00,USA,PJM Interconnection,US-MIDA-PJM,423.82,494.78,37.48,9.58,pjm.com,false,
2022-01-12 00:00:00,USA,PJM Interconnection,US-MIDA-PJM,415.88,484.87,38.55,10.29,pjm.com,false,
2022-01-12 01:00:00,USA,PJM Interconnection,US-MIDA-PJM,415.18,483.67,38.37,10.13,pjm.com,false,
2022-01-12 02:00:00,USA,PJM Interconnection,US-MIDA-PJM,419.07,487.29,38.07,9.28,pjm.com,false,
2022-01-12 03:00:00,USA,PJM Interconnection,US-MIDA-PJM,420.78,487.44,39.05,9.28,pjm.com,false,
2022-01-12 04:00:00,USA,PJM Interconnection,US-MIDA-PJM,422.07,487.6,39.41,8.19,pjm.com,false,
2022-01-12 05:00:00,USA,PJM Interconnection,US-MIDA-PJM,415.33,480.07,40.12,8.29,pjm.com,false,
2022-01-12 06:00:00,USA,PJM Interconnection,US-MIDA-PJM,408.14,472.44,40.8,8.52,pjm.com,false,
2022-01-12 07:00:00,USA,PJM Interconnection,US-MIDA-PJM,408.72,473.36,40.52,7.98,pjm.com,false,
2022-01-12 08:00:00,USA,PJM Interconnection,US-MIDA-PJM,411.26,476.12,40.22,7.63,pjm.com,false,
2022-01-12 09:00:00,USA,PJM Interconnection,US-MIDA-PJM,414.01,479.32,39.77,7.55,pjm.com,false,
2022-01-12 10:00:00,USA,PJM Interconnection,US-MIDA-PJM,408.96,475.46,39.24,8.11,pjm.com,false,
2022-01-12 11:00:00,USA,PJM Interconnection,US-MIDA-PJM,407.3,475.26,38.48,8.96,pjm.com,false,
2022-01-12 12:00:00,USA,PJM Interconnection,US-MIDA-PJM,410.77,479.66,37.63,9.13,pjm.com,false,
2022-01-12 13:00:00,USA,PJM Interconnection,US-MIDA-PJM,415.36,484.49,37.28,8.89,pjm.com,false,
2022-01-12 14:00:00,USA,PJM Interconnection,US-MIDA-PJM,425.09,494.29,36.7,7.45,pjm.com,false,
2022-01-12 15:00:00,USA,PJM Interconnection,US-MIDA-PJM,424.66,494.36,36.4,6.4,pjm.com,false,
2022-01-12 16:00:00,USA,PJM Interconnection,US-MIDA-PJM,418.94,488.64,36.72,6.01,pjm.com,false,
2022-01-12 17:00:00,USA,PJM Interconnection,US-MIDA-PJM,419.21,489.36,36.33,5.56,pjm.com,false,
2022-01-12 18:00:00,USA,PJM Interconnection,US-MIDA-PJM,419.51,489.82,36.17,4.99,pjm.com,false,
2022-01-12 19:00:00,USA,PJM Interconnection,US-MIDA-PJM,415.64,485.98,36.3,4.82,pjm.com,false,
2022-01-12 20:00:00,USA,PJM Interconnection,US-MIDA-PJM,418.86,489.36,36.2,4.36,pjm.com,false,
2022-01-12 21:00:00,USA,PJM Interconnection,US-MIDA-PJM,417.67,489.28,35.57,3.56,pjm.com,false,
2022-01-12 22:00:00,USA,PJM Interconnection,US-MIDA-PJM,417.32,489.25,35.48,4.87,pjm.com,false,
2022-01-12 23:00:00,USA,PJM Interconnection,US-MIDA-PJM,415.15,487.28,35.5,5.41,pjm.com,false,
2022-01-13 00:00:00,USA,PJM Interconnection,US-MIDA-PJM,411.7,483.75,35.71,5.47,pjm.com,false,
2022-01-13 01:00:00,USA,PJM Interconnection,US-MIDA-PJM,417.69,490.04,34.99,4.52,pjm.com,false,
2022-01-13 02:00:00,USA,PJM Interconnection,US-MIDA-PJM,411.86,482.9,35.94,4.53,pjm.com,false,
2022-01-13 03:00:00,USA,PJM Interconnection,US-MIDA-PJM,407.1,477.13,36.82,4.25,pjm.com,false,
2022-01-13 04:00:00,USA,PJM Interconnection,US-MIDA-PJM,400.67,469.29,38.18,4.58,pjm.com,false,
2022-01-13 05:00:00,USA,PJM Interconnection,US-MIDA-PJM,396.63,464.93,38.44,4.11,pjm.com,false,
2022-01-13 06:00:00,USA,PJM Interconnection,US-MIDA-PJM,397.78,466.8,37.81,3.31,pjm.com,false,
2022-01-13 07:00:00,USA,PJM Interconnection,US-MIDA-PJM,402.89,472.8,36.9,2.56,pjm.com,false,
2022-01-13 08:00:00,USA,PJM Interconnection,US-MIDA-PJM,401.46,471.33,37.01,2.33,pjm.com,false,
2022-01-13 09:00:00,USA,PJM Interconnection,US-MIDA-PJM,403.15,473.29,36.75,2.24,pjm.com,false,
2022-01-13 10:00:00,USA,PJM Interconnection,US-MIDA-PJM,408.66,479.17,36.21,2.61,pjm.com,false,
2022-01-13 11:00:00,USA,PJM Interconnection,US-MIDA-PJM,409.86,481.16,35.67,4.09,pjm.com,false,
2022-01-13 12:00:00,USA,PJM Interconnection,US-MIDA-PJM,416.99,489.14,34.73,4.75,pjm.com,false,
2022-01-13 13:00:00,USA,PJM Interconnection,US-MIDA-PJM,413.18,484.98,35.21,5.12,pjm.com,false,
2022-01-13 14:00:00,USA,PJM Interconnection,US-MIDA-PJM,413.38,484.6,35.6,4.61,pjm.com,false,
2022-01-13 15:00:00,USA,PJM Interconnection,US-MIDA-PJM,410.93,481.82,35.99,4.15,pjm.com,false,
2022-01-13 16:00:00,USA,PJM Interconnection,US-MIDA-PJM,409.74,480.76,35.94,3.37,pjm.com,false,
2022-01-13 17:00:00,USA,PJM Interconnection,US-MIDA-PJM,413.35,484.44,35.7,2.88,pjm.com,false,
2022-01-13 18:00:00,USA,PJM Interconnection,US-MIDA-PJM,415.83,486.59,35.79,2.73,pjm.com,false,
2022-01-13 19:00:00,USA,PJM Interconnection,US-MIDA-PJM,411.29,482.08,35.94,2.5,pjm.com,false,
2022-01-13 20:00:00,USA,PJM Interconnection,US-MIDA-PJM,408.99,479.67,36.14,2.53,pjm.com,false,
2022-01-13 21:00:00,USA,PJM Interconnection,US-MIDA-PJM,408.56,479.45,36.0,2.69,pjm.com,false,
2022-01-13 22:00:00,USA,PJM Interconnection,US-MIDA-PJM,411.38,482.84,35.46,3.35,pjm.com,false,
2022-01-13 23:00:00,USA,PJM Interconnection,US-MIDA-PJM,412.07,483.63,35.37,3.88,pjm.com,false,
2022-01-14 00:00:00,USA,PJM Interconnection,US-MIDA-PJM,415.33,487.22,34.92,3.23,pjm.com,false,
2022-01-14 01:00:00,USA,PJM Interconnection,US-MIDA-PJM,418.45,490.43,34.66,2.54,pjm.com,false,
2022-01-14 02:00:00,USA,PJM Interconnection,US-MIDA-PJM,414.19,485.74,35.2,2.28,pjm.com,false,
2022-01-14 03:00:00,USA,PJM Interconnection,US-MIDA-PJM,406.9,477.45,36.3,1.92,pjm.com,false,
2022-01-14 04:00:00,USA,PJM Interconnection,US-MIDA-PJM,401.99,471.88,37.05,1.56,pjm.com,false,
2022-01-14 05:00:00,USA,PJM Interconnection,US-MIDA-PJM,398.15,466.67,38.27,1.47,pjm.com,false,
2022-01-14 06:00:00,USA,PJM Interconnection,US-MIDA-PJM,395.29,463.39,38.75,1.75,pjm.com,false,
2022-01-14 07:00:00,USA,PJM Interconnection,US-MIDA-PJM,394.14,462.13,38.88,1.75,pjm.com,false,
2022-01-14 08:00:00,USA,PJM Interconnection,US-MIDA-PJM,395.85,464.19,38.52,1.74,pjm.com,false,
2022-01-14 09:00:00,USA,PJM Interconnection,US-MIDA-PJM,399.53,468.29,38.02,1.76,pjm.com,false,
2022-01-14 10:00:00,USA,PJM Interconnection,US-MIDA-PJM,400.21,469.32,37.76,2.18,pjm.com,false,
2022-01-14 11:00:00,USA,PJM Interconnection,US-MIDA-PJM,403.21,473.58,36.7,3.14,pjm.com,false,
2022-01-14 12:00:00,USA,PJM Interconnection,US-MIDA-PJM,411.99,483.22,35.63,3.78,pjm.com,false,
2022-01-14 13:00:00,USA,PJM Interconnection,US-MIDA-PJM,412.86,483.85,35.77,4.06,pjm.com,false,
2022-01-14 14:00:00,USA,PJM Interconnection,US-MIDA-PJM,407.48,477.83,36.53,4.69,pjm.com,false,
2022-01-14 15:00:00,USA,PJM Interconnection,US-MIDA-PJM,412.57,480.9,37.82,5.48,pjm.com,false,
2022-01-14 16:00:00,USA,PJM Interconnection,US-MIDA-PJM,411.46,478.65,38.7,5.62,pjm.com,false,
2022-01-14 17:00:00,USA,PJM Interconnection,US-MIDA-PJM,408.09,474.41,39.5,5.86,pjm.com,false,
2022-01-14 18:00:00,USA,PJM Interconnection,US-MIDA-PJM,408.84,475.32,39.32,5.65,pjm.com,false,
2022-01-14 19:00:00,USA,PJM Interconnection,US-MIDA-PJM,406.86,473.12,39.58,5.63,pjm.com,false,
2022-01-14 20:00:00,USA,PJM Interconnection,US-MIDA-PJM,401.76,467.65,40.09,5.82,pjm.com,false,
2022-01-14 21:00:00,USA,PJM Interconnection,US-MIDA-PJM,403.94,470.7,39.35,5.9,pjm.com,false,
2022-01-14 22:00:00,USA,PJM Interconnection,US-MIDA-PJM,405.28,472.54,39.05,7.1,pjm.com,false,
2022-01-14 23:00:00,USA,PJM Interconnection,US-MIDA-PJM,406.53,474.09,38.73,7.21,pjm.com,false,
2022-01-15 00:00:00,USA,PJM Interconnection,US-MIDA-PJM,407.99,475.59,38.53,6.9,pjm.com,false,
2022-01-15 01:00:00,USA,PJM Interconnection,US-MIDA-PJM,405.55,472.61,39.02,6.97,pjm.com,false,
2022-01-15 02:00:00,USA,PJM Interconnection,US-MIDA-PJM,402.27,469.19,39.25,6.71,pjm.com,false,
2022-01-15 03:00:00,USA,PJM Interconnection,US-MIDA-PJM,396.84,463.24,39.86,6.64,pjm.com,false,
2022-01-15 04:00:00,USA,PJM Interconnection,US-MIDA-PJM,385.4,450.94,41.1,6.97,pjm.com,false,
2022-01-15 05:00:00,USA,PJM Interconnection,US-MIDA-PJM,376.76,441.4,42.28,6.89,pjm.com,false,
2022-01-15 06:00:00,USA,PJM Interconnection,US-MIDA-PJM,379.68,444.64,41.81,6.44,pjm.com,false,
2022-01-15 07:00:00,USA,PJM Interconnection,US-MIDA-PJM,381.83,446.66,41.81,6.69,pjm.com,false,
2022-01-15 08:00:00,USA,PJM Interconnection,US-MIDA-PJM,385.13,450.06,41.58,6.86,pjm.com,false,
2022-01-15 09:00:00,USA,PJM Interconnection,US-MIDA-PJM,387.56,452.78,41.23,6.85,pjm.com,false,
2022-01-15 10:00:00,USA,PJM Interconnection,US-MIDA-PJM,391.95,458.48,40.06,6.59,pjm.com,false,
2022-01-15 11:00:00,USA,PJM Interconnection,US-MIDA-PJM,394.61,462.18,39.26,6.67,pjm.com,false,
2022-01-15 12:00:00,USA,PJM Interconnection,US-MIDA-PJM,402.75,471.69,37.83,6.5,pjm.com,false,
2022-01-15 13:00:00,USA,PJM Interconnection,US-MIDA-PJM,402.33,471.51,37.74,7.02,pjm.com,false,
2022-01-15 14:00:00,USA,PJM Interconnection,US-MIDA-PJM,401.94,471.0,37.91,7.54,pjm.com,false,
2022-01-15 15:00:00,USA,PJM Interconnection,US-MIDA-PJM,405.91,474.38,38.21,7.89,pjm.com,false,
2022-01-15 16:00:00,USA,PJM Interconnection,US-MIDA-PJM,408.23,476.01,38.6,8.0,pjm.com,false,
2022-01-15 17:00:00,USA,PJM Interconnection,US-MIDA-PJM,412.3,480.39,38.09,7.2,pjm.com,false,
2022-01-15 18:00:00,USA,PJM Interconnection,US-MIDA-PJM,415.41,483.74,37.71,6.43,pjm.com,false,
2022-01-15 19:00:00,USA,PJM Interconnection,US-MIDA-PJM,415.0,483.43,37.64,5.87,pjm.com,false,
2022-01-15 20:00:00,USA,PJM Interconnection,US-MIDA-PJM,419.61,488.77,36.85,5.28,pjm.com,false,
2022-01-15 21:00:00,USA,PJM Interconnection,US-MIDA-PJM,415.97,485.25,37.03,5.91,pjm.com,false,
2022-01-15 22:00:00,USA,PJM Interconnection,US-MIDA-PJM,408.48,477.91,37.47,7.53,pjm.com,false,
2022-01-15 23:00:00,USA,PJM Interconnection,US-MIDA-PJM,415.35,485.5,36.55,7.2,pjm.com,false,
2022-01-16 00:00:00,USA,PJM Interconnection,US-MIDA-PJM,415.71,485.33,36.93,7.56,pjm.com,false,
2022-01-16 01:00:00,USA,PJM Interconnection,US-MIDA-PJM,414.32,484.37,36.74,7.0,pjm.com,false,
2022-01-16 02:00:00,USA,PJM Interconnection,US-MIDA-PJM,421.45,491.57,36.3,5.83,pjm.com,false,
2022-01-16 03:00:00,USA,PJM Interconnection,US-MIDA-PJM,427.23,497.56,35.81,4.62,pjm.com,false,
2022-01-16 04:00:00,USA,PJM Interconnection,US-MIDA-PJM,435.67,505.94,35.34,3.57,pjm.com,false,
2022-01-16 05:00:00,USA,PJM Interconnection,US-MIDA-PJM,438.05,508.0,35.51,2.91,pjm.com,false,
2022-01-16 06:00:00,USA,PJM Interconnection,US-MIDA-PJM,437.16,506.38,36.21,2.84,pjm.com,false,
2022-01-16 07:00:00,USA,PJM Interconnection,US-MIDA-PJM,430.61,499.25,36.96,2.9,pjm.com,false,
2022-01-16 08:00:00,USA,PJM Interconnection,US-MIDA-PJM,433.86,503.03,36.42,2.55,pjm.com,false,
2022-01-16 09:00:00,USA,PJM Interconnection,US-MIDA-PJM,428.89,498.68,36.45,2.71,pjm.com,false,
2022-01-16 10:00:00,USA,PJM Interconnection,US-MIDA-PJM,424.28,494.48,36.41,3.06,pjm.com,false,
2022-01-16 11:00:00,USA,PJM Interconnection,US-MIDA-PJM,417.92,488.16,36.74,4.19,pjm.com,false,
2022-01-16 12:00:00,USA,PJM Interconnection,US-MIDA-PJM,422.39,493.28,36.05,4.89,pjm.com,false,
2022-01-16 13:00:00,USA,PJM Interconnection,US-MIDA-PJM,426.69,498.64,35.62,5.08,pjm.com,false,
2022-01-16 14:00:00,USA,PJM Interconnection,US-MIDA-PJM,431.45,503.54,35.32,5.22,pjm.com,false,
2022-01-16 15:00:00,USA,PJM Interconnection,US-MIDA-PJM,437.69,510.03,34.61,4.08,pjm.com,false,
2022-01-16 16:00:00,USA,PJM Interconnection,US-MIDA-PJM,439.36,511.4,34.68,3.85,pjm.com,false,
2022-01-16 17:00:00,USA,PJM Interconnection,US-MIDA-PJM,439.19,510.49,34.98,3.67,pjm.com,false,
2022-01-16 18:00:00,USA,PJM Interconnection,US-MIDA-PJM,441.89,513.78,34.35,3.14,pjm.com,false,
2022-01-16 19:00:00,USA,PJM Interconnection,US-MIDA-PJM,443.64,515.7,34.24,2.99,pjm.com,false,
2022-01-16 20:00:00,USA,PJM Interconnection,US-MIDA-PJM,446.57,519.38,33.93,2.99,pjm.com,false,
2022-01-16 21:00:00,USA,PJM Interconnection,US-MIDA-PJM,443.97,516.66,34.51,4.12,pjm.com,false,
2022-01-16 22:00:00,USA,PJM Interconnection,US-MIDA-PJM,443.95,517.78,34.24,5.09,pjm.com,false,
2022-01-16 23:00:00,USA,PJM Interconnection,US-MIDA-PJM,437.72,511.37,34.7,5.42,pjm.com,false,
2022-01-17 00:00:00,USA,PJM Interconnection,US-MIDA-PJM,436.83,510.11,34.65,4.58,pjm.com,false,
2022-01-17 01:00:00,USA,PJM Interconnection,US-MIDA-PJM,434.92,507.15,35.0,4.24,pjm.com,false,
2022-01-17 02:00:00,USA,PJM Interconnection,US-MIDA-PJM,434.57,505.39,35.38,3.9,pjm.com,false,
2022-01-17 03:00:00,USA,PJM Interconnection,US-MIDA-PJM,430.92,499.76,36.62,4.19,pjm.com,false,
2022-01-17 04:00:00,USA,PJM Interconnection,US-MIDA-PJM,423.49,490.72,38.03,4.44,pjm.com,false,
2022-01-17 05:00:00,USA,PJM Interconnection,US-MIDA-PJM,411.87,478.07,39.39,5.03,pjm.com,false,
2022-01-17 06:00:00,USA,PJM Interconnection,US-MIDA-PJM,404.06,469.38,40.4,5.77,pjm.com,false,
2022-01-17 07:00:00,USA,PJM Interconnection,US-MIDA-PJM,400.08,465.17,40.78,5.91,pjm.com,false,
2022-01-17 08:00:00,USA,PJM Interconnection,US-MIDA-PJM,389.33,453.72,41.77,6.43,pjm.com,false,
2022-01-17 09:00:00,USA,PJM Interconnection,US-MIDA-PJM,385.8,450.32,41.81,6.85,pjm.com,false,
2022-01-17 10:00:00,USA,PJM Interconnection,US-MIDA-PJM,391.94,457.21,40.97,6.94,pjm.com,false,
2022-01-17 11:00:00,USA,PJM Interconnection,US-MIDA-PJM,395.43,461.56,40.24,7.15,pjm.com,false,
2022-01-17 12:00:00,USA,PJM Interconnection,US-MIDA-PJM,396.99,463.86,39.61,7.62,pjm.com,false,
2022-01-17 13:00:00,USA,PJM Interconnection,US-MIDA-PJM,400.54,467.86,39.17,8.06,pjm.com,false,
2022-01-17 14:00:00,USA,PJM Interconnection,US-MIDA-PJM,398.09,465.2,39.5,8.52,pjm.com,false,
2022-01-17 15:00:00,USA,PJM Interconnection,US-MIDA-PJM,399.68,466.87,39.43,8.75,pjm.com,false,
2022-01-17 16:00:00,USA,PJM Interconnection,US-MIDA-PJM,411.81,480.1,37.95,7.86,pjm.com,false,
2022-01-17 17:00:00,USA,PJM Interconnection,US-MIDA-PJM,416.45,484.63,37.77,7.58,pjm.com,false,
2022-01-17 18:00:00,USA,PJM Interconnection,US-MIDA-PJM,422.76,491.83,36.73,6.65,pjm.com,false,
2022-01-17 19:00:00,USA,PJM Interconnection,US-MIDA-PJM,423.99,492.92,36.74,6.31,pjm.com,false,
2022-01-17 20:00:00,USA,PJM Interconnection,US-MIDA-PJM,424.09,493.1,36.66,6.26,pjm.com,false,
2022-01-17 21:00:00,USA,PJM Interconnection,US-MIDA-PJM,419.92,488.62,37.21,6.91,pjm.com,false,
2022-01-17 22:00:00,USA,PJM Interconnection,US-MIDA-PJM,416.08,484.98,37.36,8.03,pjm.com,false,
2022-01-17 23:00:00,USA,PJM Interconnection,US-MIDA-PJM,422.55,492.0,36.59,7.66,pjm.com,false,
2022-01-18 00:00:00,USA,PJM Interconnection,US-MIDA-PJM,417.09,485.5,37.69,8.06,pjm.com,false,
2022-01-18 01:00:00,USA,PJM Interconnection,US-MIDA-PJM,424.82,494.17,36.5,6.31,pjm.com,false,
2022-01-18 02:00:00,USA,PJM Interconnection,US-MIDA-PJM,426.92,495.82,36.66,5.62,pjm.com,false,
2022-01-18 03:00:00,USA,PJM Interconnection,US-MIDA-PJM,426.38,494.89,36.92,4.63,pjm.com,false,
2022-01-18 04:00:00,USA,PJM Interconnection,US-MIDA-PJM,424.45,492.75,37.15,4.31,pjm.com,false,
2022-01-18 05:00:00,USA,PJM Interconnection,US-MIDA-PJM,419.07,487.04,37.64,3.96,pjm.com,false,
2022-01-18 06:00:00,USA,PJM Interconnection,US-MIDA-PJM,415.58,483.77,37.65,3.45,pjm.com,false,
2022-01-18 07:00:00,USA,PJM Interconnection,US-MIDA-PJM,417.35,485.61,37.51,3.27,pjm.com,false,
2022-01-18 08:00:00,USA,PJM Interconnection,US-MIDA-PJM,419.1,487.91,37.01,2.93,pjm.com,false,
2022-01-18 09:00:00,USA,PJM Interconnection,US-MIDA-PJM,420.94,489.74,36.93,2.94,pjm.com,false,
2022-01-18 10:00:00,USA,PJM Interconnection,US-MIDA-PJM,423.57,492.89,36.44,3.42,pjm.com,false,
2022-01-18 11:00:00,USA,PJM Interconnection,US-MIDA-PJM,419.24,489.06,36.47,5.25,pjm.com,false,
2022-01-18 12:00:00,USA,PJM Interconnection,US-MIDA-PJM,421.42,491.83,35.92,6.2,pjm.com,false,
2022-01-18 13:00:00,USA,PJM Interconnection,US-MIDA-PJM,417.26,486.67,36.91,7.23,pjm.com,false,
2022-01-18 14:00:00,USA,PJM Interconnection,US-MIDA-PJM,411.79,480.05,38.04,8.03,pjm.com,false,
2022-01-18 15:00:00,USA,PJM Interconnection,US-MIDA-PJM,411.72,479.49,38.42,8.19,pjm.com,false,
2022-01-18 16:00:00,USA,PJM Interconnection,US-MIDA-PJM,405.14,471.9,39.49,8.8,pjm.com,false,
2022-01-18 17:00:00,USA,PJM Interconnection,US-MIDA-PJM,397.61,463.71,40.35,9.09,pjm.com,false,
2022-01-18 18:00:00,USA,PJM Interconnection,US-MIDA-PJM,387.99,453.47,41.3,9.7,pjm.com,false,
2022-01-18 19:00:00,USA,PJM Interconnection,US-MIDA-PJM,383.63,448.77,41.8,9.74,pjm.com,false,
2022-01-18 20:00:00,USA,PJM Interconnection,US-MIDA-PJM,382.25,447.45,41.82,9.51,pjm.com,false,
2022-01-18 21:00:00,USA,PJM Interconnection,US-MIDA-PJM,387.53,453.48,40.95,8.74,pjm.com,false,
2022-01-18 22:00:00,USA,PJM Interconnection,US-MIDA-PJM,394.32,461.45,39.79,9.31,pjm.com,false,
2022-01-18 23:00:00,USA,PJM Interconnection,US-MIDA-PJM,406.62,474.13,38.8,9.18,pjm.com,false,
2022-01-19 00:00:00,USA,PJM Interconnection,US-MIDA-PJM,409.46,477.08,38.54,8.72,pjm.com,false,
2022-01-19 01:00:00,USA,PJM Interconnection,US-MIDA-PJM,409.77,477.33,38.5,8.23,pjm.com,false,
2022-01-19 02:00:00,USA,PJM Interconnection,US-MIDA-PJM,407.55,474.46,39.08,8.07,pjm.com,false,
2022-01-19 03:00:00,USA,PJM Interconnection,US-MIDA-PJM,399.98,465.68,40.33,8.23,pjm.com,false,
2022-01-19 04:00:00,USA,PJM Interconnection,US-MIDA-PJM,392.73,457.28,41.5,8.54,pjm.com,false,
2022-01-19 05:00:00,USA,PJM Interconnection,US-MIDA-PJM,387.73,451.41,42.36,8.76,pjm.com,false,
2022-01-19 06:00:00,USA,PJM Interconnection,US-MIDA-PJM,385.46,449.13,42.48,8.65,pjm.com,false,
2022-01-19 07:00:00,USA,PJM Interconnection,US-MIDA-PJM,382.04,445.85,42.55,8.59,pjm.com,false,
2022-01-19 08:00:00,USA,PJM Interconnection,US-MIDA-PJM,385.29,449.33,42.22,8.37,pjm.com,false,
2022-01-19 09:00:00,USA,PJM Interconnection,US-MIDA-PJM,390.15,454.41,41.81,8.14,pjm.com,false,
2022-01-19 10:00:00,USA,PJM Interconnection,US-MIDA-PJM,392.39,457.24,41.24,8.76,pjm.com,false,
2022-01-19 11:00:00,USA,PJM Interconnection,US-MIDA-PJM,388.5,453.79,41.28,10.54,pjm.com,false,
2022-01-19 12:00:00,USA,PJM Interconnection,US-MIDA-PJM,394.69,461.31,39.96,10.6,pjm.com,false,
2022-01-19 13:00:00,USA,PJM Interconnection,US-MIDA-PJM,399.62,466.25,39.68,10.03,pjm.com,false,
2022-01-19 14:00:00,USA,PJM Interconnection,US-MIDA-PJM,400.71,467.04,39.82,9.32,pjm.com,false,
2022-01-19 15:00:00,USA,PJM Interconnection,US-MIDA-PJM,387.57,452.54,41.58,10.34,pjm.com,false,
2022-01-19 16:00:00,USA,PJM Interconnection,US-MIDA-PJM,384.71,449.67,41.77,10.25,pjm.com,false,
2022-01-19 17:00:00,USA,PJM Interconnection,US-MIDA-PJM,379.85,444.19,42.48,10.27,pjm.com,false,
2022-01-19 18:00:00,USA,PJM Interconnection,US-MIDA-PJM,380.36,444.55,42.54,10.03,pjm.com,false,
2022-01-19 19:00:00,USA,PJM Interconnection,US-MIDA-PJM,377.96,441.71,42.9,10.22,pjm.com,false,
2022-01-19 20:00:00,USA,PJM Interconnection,US-MIDA-PJM,376.47,440.78,42.51,9.64,pjm.com,false,
2022-01-19 21:00:00,USA,PJM Interconnection,US-MIDA-PJM,378.77,444.31,41.42,8.79,pjm.com,false,
2022-01-19 22:00:00,USA,PJM Interconnection,US-MIDA-PJM,389.55,456.98,39.46,8.03,pjm.com,false,
2022-01-19 23:00:00,USA,PJM Interconnection,US-MIDA-PJM,395.6,463.74,38.61,7.8,pjm.com,false,
2022-01-20 00:00:00,USA,PJM Interconnection,US-MIDA-PJM,392.53,460.02,39.25,8.09,pjm.com,false,
2022-01-20 01:00:00,USA,PJM Interconnection,US-MIDA-PJM,388.58,455.73,39.7,7.92,pjm.com,false,
2022-01-20 02:00:00,USA,PJM Interconnection,US-MIDA-PJM,382.27,449.06,40.3,7.77,pjm.com,false,
2022-01-20 03:00:00,USA,PJM Interconnection,US-MIDA-PJM,376.58,442.38,41.33,7.54,pjm.com,false,
2022-01-20 04:00:00,USA,PJM Interconnection,US-MIDA-PJM,372.12,437.39,41.97,6.92,pjm.com,false,
2022-01-20 05:00:00,USA,PJM Interconnection,US-MIDA-PJM,373.69,439.24,41.69,5.87,pjm.com,false,
2022-01-20 06:00:00,USA,PJM Interconnection,US-MIDA-PJM,371.88,437.52,41.73,5.66,pjm.com,false,
2022-01-20 07:00:00,USA,PJM Interconnection,US-MIDA-PJM,373.45,439.08,41.65,5.39,pjm.com,false,
2022-01-20 08:00:00,USA,PJM Interconnection,US-MIDA-PJM,376.39,441.97,41.54,5.23,pjm.com,false,
2022-01-20 09:00:00,USA,PJM Interconnection,US-MIDA-PJM,380.12,446.54,40.69,5.14,pjm.com,false,
2022-01-20 10:00:00,USA,PJM Interconnection,US-MIDA-PJM,383.95,450.94,40.08,5.55,pjm.com,false,
2022-01-20 11:00:00,USA,PJM Interconnection,US-MIDA-PJM,396.38,465.9,37.67,5.77,pjm.com,false,
2022-01-20 12:00:00,USA,PJM Interconnection,US-MIDA-PJM,410.13,481.57,35.58,5.5,pjm.com,false,
2022-01-20 13:00:00,USA,PJM Interconnection,US-MIDA-PJM,418.24,490.27,34.75,5.28,pjm.com,false,
2022-01-20 14:00:00,USA,PJM Interconnection,US-MIDA-PJM,418.97,491.26,34.55,5.13,pjm.com,false,
2022-01-20 15:00:00,USA,PJM Interconnection,US-MIDA-PJM,428.78,501.09,34.03,4.63,pjm.com,false,
2022-01-20 16:00:00,USA,PJM Interconnection,US-MIDA-PJM,434.1,506.0,34.08,4.31,pjm.com,false,
2022-01-20 17:00:00,USA,PJM Interconnection,US-MIDA-PJM,433.8,505.32,34.37,4.35,pjm.com,false,
2022-01-20 18:00:00,USA,PJM Interconnection,US-MIDA-PJM,435.66,507.12,34.32,4.24,pjm.com,false,
2022-01-20 19:00:00,USA,PJM Interconnection,US-MIDA-PJM,435.65,507.34,34.17,3.98,pjm.com,false,
2022-01-20 20:00:00,USA,PJM Interconnection,US-MIDA-PJM,436.78,508.54,34.09,3.89,pjm.com,false,
2022-01-20 21:00:00,USA,PJM Interconnection,US-MIDA-PJM,437.23,509.43,33.76,4.16,pjm.com,false,
2022-01-20 22:00:00,USA,PJM Interconnection,US-MIDA-PJM,429.03,501.06,34.48,6.03,pjm.com,false,
2022-01-20 23:00:00,USA,PJM Interconnection,US-MIDA-PJM,435.5,508.66,33.27,5.42,pjm.com,false,
2022-01-21 00:00:00,USA,PJM Interconnection,US-MIDA-PJM,435.01,508.4,33.12,5.26,pjm.com,false,
2022-01-21 01:00:00,USA,PJM Interconnection,US-MIDA-PJM,438.38,512.28,32.47,4.36,pjm.com,false,
2022-01-21 02:00:00,USA,PJM Interconnection,US-MIDA-PJM,438.21,511.82,32.65,3.84,pjm.com,false,
2022-01-21 03:00:00,USA,PJM Interconnection,US-MIDA-PJM,439.0,512.43,32.57,2.73,pjm.com,false,
2022-01-21 04:00:00,USA,PJM Interconnection,US-MIDA-PJM,441.07,513.8,32.95,2.27,pjm.com,false,
2022-01-21 05:00:00,USA,PJM Interconnection,US-MIDA-PJM,448.81,521.47,32.76,1.8,pjm.com,false,
2022-01-21 06:00:00,USA,PJM Interconnection,US-MIDA-PJM,450.2,522.02,33.19,1.71,pjm.com,false,
2022-01-21 07:00:00,USA,PJM Interconnection,US-MIDA-PJM,451.23,523.27,33.01,1.57,pjm.com,false,
2022-01-21 08:00:00,USA,PJM Interconnection,US-MIDA-PJM,457.96,530.09,32.62,1.41,pjm.com,false,
2022-01-21 09:00:00,USA,PJM Interconnection,US-MIDA-PJM,462.88,535.42,32.06,1.31,pjm.com,false,
2022-01-21 10:00:00,USA,PJM Interconnection,US-MIDA-PJM,462.22,535.88,31.32,1.58,pjm.com,false,
2022-01-21 11:00:00,USA,PJM Interconnection,US-MIDA-PJM,456.43,531.27,31.04,2.91,pjm.com,false,
2022-01-21 12:00:00,USA,PJM Interconnection,US-MIDA-PJM,455.36,531.3,30.82,3.98,pjm.com,false,
2022-01-21 13:00:00,USA,PJM Interconnection,US-MIDA-PJM,458.88,536.01,30.3,3.88,pjm.com,false,
2022-01-21 14:00:00,USA,PJM Interconnection,US-MIDA-PJM,460.84,537.58,30.45,3.77,pjm.com,false,
2022-01-21 15:00:00,USA,PJM Interconnection,US-MIDA-PJM,464.34,540.76,30.82,3.77,pjm.com,false,
2022-01-21 16:00:00,USA,PJM Interconnection,US-MIDA-PJM,465.3,540.44,31.45,3.41,pjm.com,false,
2022-01-21 17:00:00,USA,PJM Interconnection,US-MIDA-PJM,466.93,541.88,31.47,2.64,pjm.com,false,
2022-01-21 18:00:00,USA,PJM Interconnection,US-MIDA-PJM,461.24,535.9,31.67,2.44,pjm.com,false,
2022-01-21 19:00:00,USA,PJM Interconnection,US-MIDA-PJM,465.76,539.58,31.51,2.15,pjm.com,false,
2022-01-21 20:00:00,USA,PJM Interconnection,US-MIDA-PJM,464.02,538.03,31.56,2.2,pjm.com,false,
2022-01-21 21:00:00,USA,PJM Interconnection,US-MIDA-PJM,457.56,531.17,32.31,3.26,pjm.com,false,
2022-01-21 22:00:00,USA,PJM Interconnection,US-MIDA-PJM,459.93,535.5,31.86,4.05,pjm.com,false,
2022-01-21 23:00:00,USA,PJM Interconnection,US-MIDA-PJM,463.74,540.71,31.42,4.07,pjm.com,false,
2022-01-22 00:00:00,USA,PJM Interconnection,US-MIDA-PJM,457.44,533.35,31.93,4.6,pjm.com,false,
2022-01-22 01:00:00,USA,PJM Interconnection,US-MIDA-PJM,457.5,531.47,32.44,4.61,pjm.com,false,
2022-01-22 02:00:00,USA,PJM Interconnection,US-MIDA-PJM,458.73,532.16,32.55,4.23,pjm.com,false,
2022-01-22 03:00:00,USA,PJM Interconnection,US-MIDA-PJM,453.29,524.58,33.62,4.34,pjm.com,false,
2022-01-22 04:00:00,USA,PJM Interconnection,US-MIDA-PJM,452.1,523.37,33.6,3.55,pjm.com,false,
2022-01-22 05:00:00,USA,PJM Interconnection,US-MIDA-PJM,450.48,520.83,34.08,3.88,pjm.com,false,
2022-01-22 06:00:00,USA,PJM Interconnection,US-MIDA-PJM,448.99,518.1,35.09,4.19,pjm.com,false,
2022-01-22 07:00:00,USA,PJM Interconnection,US-MIDA-PJM,447.43,516.61,35.11,4.37,pjm.com,false,
2022-01-22 08:00:00,USA,PJM Interconnection,US-MIDA-PJM,443.93,512.61,35.66,5.24,pjm.com,false,
2022-01-22 09:00:00,USA,PJM Interconnection,US-MIDA-PJM,445.9,515.68,34.78,4.72,pjm.com,false,
2022-01-22 10:00:00,USA,PJM Interconnection,US-MIDA-PJM,440.21,509.69,35.62,6.03,pjm.com,false,
2022-01-22 11:00:00,USA,PJM Interconnection,US-MIDA-PJM,442.73,514.49,35.28,6.52,pjm.com,false,
2022-01-22 12:00:00,USA,PJM Interconnection,US-MIDA-PJM,438.83,511.15,35.86,7.92,pjm.com,false,
2022-01-22 13:00:00,USA,PJM Interconnection,US-MIDA-PJM,437.69,510.25,35.48,7.88,pjm.com,false,
2022-01-22 14:00:00,USA,PJM Interconnection,US-MIDA-PJM,434.03,505.33,35.89,8.05,pjm.com,false,
2022-01-22 15:00:00,USA,PJM Interconnection,US-MIDA-PJM,435.13,505.42,36.1,7.64,pjm.com,false,
2022-01-22 16:00:00,USA,PJM Interconnection,US-MIDA-PJM,430.55,498.91,36.94,7.78,pjm.com,false,
2022-01-22 17:00:00,USA,PJM Interconnection,US-MIDA-PJM,414.54,481.32,38.92,8.13,pjm.com,false,
2022-01-22 18:00:00,USA,PJM Interconnection,US-MIDA-PJM,401.5,467.93,39.88,8.45,pjm.com,false,
2022-01-22 19:00:00,USA,PJM Interconnection,US-MIDA-PJM,393.54,459.87,40.41,8.59,pjm.com,false,
2022-01-22 20:00:00,USA,PJM Interconnection,US-MIDA-PJM,387.95,454.19,40.75,8.87,pjm.com,false,
2022-01-22 21:00:00,USA,PJM Interconnection,US-MIDA-PJM,398.97,466.4,39.22,7.97,pjm.com,false,
2022-01-22 22:00:00,USA,PJM Interconnection,US-MIDA-PJM,411.27,480.35,37.36,7.41,pjm.com,false,
2022-01-22 23:00:00,USA,PJM Interconnection,US-MIDA-PJM,423.35,493.48,35.94,7.01,pjm.com,false,
2022-01-23 00:00:00,USA,PJM Interconnection,US-MIDA-PJM,429.65,499.75,35.54,6.37,pjm.com,false,
2022-01-23 01:00:00,USA,PJM Interconnection,US-MIDA-PJM,426.54,496.15,36.02,6.48,pjm.com,false,
2022-01-23 02:00:00,USA,PJM Interconnection,US-MIDA-PJM,432.35,502.43,35.37,5.24,pjm.com,false,
2022-01-23 03:00:00,USA,PJM Interconnection,US-MIDA-PJM,434.74,504.55,35.42,4.49,pjm.com,false,
2022-01-23 04:00:00,USA,PJM Interconnection,US-MIDA-PJM,434.83,503.67,36.02,4.51,pjm.com,false,
2022-01-23 05:00:00,USA,PJM Interconnection,US-MIDA-PJM,434.54,502.39,36.83,4.92,pjm.com,false,
2022-01-23 06:00:00,USA,PJM Interconnection,US-MIDA-PJM,434.11,501.82,36.95,4.73,pjm.com,false,
2022-01-23 07:00:00,USA,PJM Interconnection,US-MIDA-PJM,434.92,502.75,36.81,4.92,pjm.com,false,
2022-01-23 08:00:00,USA,PJM Interconnection,US-MIDA-PJM,433.44,500.91,37.12,5.44,pjm.com,false,
2022-01-23 09:00:00,USA,PJM Interconnection,US-MIDA-PJM,427.93,494.39,38.15,6.86,pjm.com,false,
2022-01-23 10:00:00,USA,PJM Interconnection,US-MIDA-PJM,429.24,495.9,38.02,6.83,pjm.com,false,
2022-01-23 11:00:00,USA,PJM Interconnection,US-MIDA-PJM,416.46,482.27,39.5,8.81,pjm.com,false,
2022-01-23 12:00:00,USA,PJM Interconnection,US-MIDA-PJM,414.16,480.62,39.21,9.08,pjm.com,false,
2022-01-23 13:00:00,USA,PJM Interconnection,US-MIDA-PJM,412.83,479.49,39.13,9.26,pjm.com,false,
2022-01-23 14:00:00,USA,PJM Interconnection,US-MIDA-PJM,409.44,475.96,39.49,9.47,pjm.com,false,
2022-01-23 15:00:00,USA,PJM Interconnection,US-MIDA-PJM,402.18,468.24,40.28,9.18,pjm.com,false,
2022-01-23 16:00:00,USA,PJM Interconnection,US-MIDA-PJM,400.71,466.88,40.29,8.96,pjm.com,false,
2022-01-23 17:00:00,USA,PJM Interconnection,US-MIDA-PJM,405.83,472.53,39.64,8.07,pjm.com,false,
2022-01-23 18:00:00,USA,PJM Interconnection,US-MIDA-PJM,406.25,473.36,39.3,7.31,pjm.com,false,
2022-01-23 19:00:00,USA,PJM Interconnection,US-MIDA-PJM,405.53,472.57,39.34,6.87,pjm.com,false,
2022-01-23 20:00:00,USA,PJM Interconnection,US-MIDA-PJM,414.0,481.89,38.27,5.63,pjm.com,false,
2022-01-23 21:00:00,USA,PJM Interconnection,US-MIDA-PJM,422.46,491.59,36.98,4.6,pjm.com,false,
2022-01-23 22:00:00,USA,PJM Interconnection,US-MIDA-PJM,435.47,505.61,35.63,4.27,pjm.com,false,
2022-01-23 23:00:00,USA,PJM Interconnection,US-MIDA-PJM,448.62,519.6,34.31,3.91,pjm.com,false,
2022-01-24 00:00:00,USA,PJM Interconnection,US-MIDA-PJM,450.99,522.52,34.05,3.52,pjm.com,false,
2022-01-24 01:00:00,USA,PJM Interconnection,US-MIDA-PJM,451.53,523.12,33.77,2.81,pjm.com,false,
2022-01-24 02:00:00,USA,PJM Interconnection,US-MIDA-PJM,451.35,521.99,34.15,2.42,pjm.com,false,
2022-01-24 03:00:00,USA,PJM Interconnection,US-MIDA-PJM,445.61,516.1,34.53,2.09,pjm.com,false,
2022-01-24 04:00:00,USA,PJM Interconnection,US-MIDA-PJM,440.01,509.65,35.32,2.29,pjm.com,false,
2022-01-24 05:00:00,USA,PJM Interconnection,US-MIDA-PJM,429.77,498.27,36.7,2.69,pjm.com,false,
2022-01-24 06:00:00,USA,PJM Interconnection,US-MIDA-PJM,418.27,485.56,38.17,3.37,pjm.com,false,
2022-01-24 07:00:00,USA,PJM Interconnection,US-MIDA-PJM,412.34,479.92,38.26,3.73,pjm.com,false,
2022-01-24 08:00:00,USA,PJM Interconnection,US-MIDA-PJM,413.18,480.86,38.15,3.78,pjm.com,false,
2022-01-24 09:00:00,USA,PJM Interconnection,US-MIDA-PJM,415.15,482.78,38.12,4.45,pjm.com,false,
2022-01-24 10:00:00,USA,PJM Interconnection,US-MIDA-PJM,416.54,484.6,37.76,5.58,pjm.com,false,
2022-01-24 11:00:00,USA,PJM Interconnection,US-MIDA-PJM,413.93,482.49,37.64,7.44,pjm.com,false,
2022-01-24 12:00:00,USA,PJM Interconnection,US-MIDA-PJM,427.17,496.53,36.38,7.76,pjm.com,false,
2022-01-24 13:00:00,USA,PJM Interconnection,US-MIDA-PJM,428.9,498.24,36.42,7.93,pjm.com,false,
2022-01-24 14:00:00,USA,PJM Interconnection,US-MIDA-PJM,417.6,486.25,37.64,8.0,pjm.com,false,
2022-01-24 15:00:00,USA,PJM Interconnection,US-MIDA-PJM,419.22,488.25,37.26,6.95,pjm.com,false,
2022-01-24 16:00:00,USA,PJM Interconnection,US-MIDA-PJM,419.44,488.23,37.36,6.35,pjm.com,false,
2022-01-24 17:00:00,USA,PJM Interconnection,US-MIDA-PJM,416.89,485.18,37.85,6.79,pjm.com,false,
2022-01-24 18:00:00,USA,PJM Interconnection,US-MIDA-PJM,410.25,478.23,38.42,7.08,pjm.com,false,
2022-01-24 19:00:00,USA,PJM Interconnection,US-MIDA-PJM,410.35,478.24,38.44,7.1,pjm.com,false,
2022-01-24 20:00:00,USA,PJM Interconnection,US-MIDA-PJM,411.41,479.15,38.46,7.15,pjm.com,false,
2022-01-24 21:00:00,USA,PJM Interconnection,US-MIDA-PJM,411.3,479.31,38.26,7.01,pjm.com,false,
2022-01-24 22:00:00,USA,PJM Interconnection,US-MIDA-PJM,411.12,479.61,37.92,7.56,pjm.com,false,
2022-01-24 23:00:00,USA,PJM Interconnection,US-MIDA-PJM,415.16,483.96,37.48,7.91,pjm.com,false,
2022-01-25 00:00:00,USA,PJM Interconnection,US-MIDA-PJM,418.08,486.23,37.73,7.85,pjm.com,false,
2022-01-25 01:00:00,USA,PJM Interconnection,US-MIDA-PJM,415.18,482.88,38.15,7.89,pjm.com,false,
2022-01-25 02:00:00,USA,PJM Interconnection,US-MIDA-PJM,412.58,479.57,38.79,7.54,pjm.com,false,
2022-01-25 03:00:00,USA,PJM Interconnection,US-MIDA-PJM,408.39,475.15,39.17,6.79,pjm.com,false,
2022-01-25 04:00:00,USA,PJM Interconnection,US-MIDA-PJM,405.13,471.62,39.4,6.06,pjm.com,false,
2022-01-25 05:00:00,USA,PJM Interconnection,US-MIDA-PJM,405.63,471.92,39.51,5.89,pjm.com,false,
2022-01-25 06:00:00,USA,PJM Interconnection,US-MIDA-PJM,404.12,470.43,39.58,5.5,pjm.com,false,
2022-01-25 07:00:00,USA,PJM Interconnection,US-MIDA-PJM,403.76,470.21,39.49,5.26,pjm.com,false,
2022-01-25 08:00:00,USA,PJM Interconnection,US-MIDA-PJM,407.3,474.42,38.81,4.79,pjm.com,false,
2022-01-25 09:00:00,USA,PJM Interconnection,US-MIDA-PJM,412.42,479.79,38.33,4.64,pjm.com,false,
2022-01-25 10:00:00,USA,PJM Interconnection,US-MIDA-PJM,411.64,479.6,38.03,4.86,pjm.com,false,
2022-01-25 11:00:00,USA,PJM Interconnection,US-MIDA-PJM,417.34,486.0,37.36,6.36,pjm.com,false,
2022-01-25 12:00:00,USA,PJM Interconnection,US-MIDA-PJM,436.9,506.02,36.04,6.4,pjm.com,false,
2022-01-25 13:00:00,USA,PJM Interconnection,US-MIDA-PJM,444.18,514.11,35.03,5.62,pjm.com,false,
2022-01-25 14:00:00,USA,PJM Interconnection,US-MIDA-PJM,451.03,522.25,33.71,4.52,pjm.com,false,
2022-01-25 15:00:00,USA,PJM Interconnection,US-MIDA-PJM,445.89,517.12,34.0,4.05,pjm.com,false,
2022-01-25 16:00:00,USA,PJM Interconnection,US-MIDA-PJM,443.38,514.89,33.92,3.5,pjm.com,false,
2022-01-25 17:00:00,USA,PJM Interconnection,US-MIDA-PJM,436.78,507.59,34.76,3.78,pjm.com,false,
2022-01-25 18:00:00,USA,PJM Interconnection,US-MIDA-PJM,432.73,503.06,35.3,4.27,pjm.com,false,
2022-01-25 19:00:00,USA,PJM Interconnection,US-MIDA-PJM,426.7,496.5,36.02,4.7,pjm.com,false,
2022-01-25 20:00:00,USA,PJM Interconnection,US-MIDA-PJM,426.32,496.26,35.9,4.46,pjm.com,false,
2022-01-25 21:00:00,USA,PJM Interconnection,US-MIDA-PJM,427.72,498.31,35.34,4.02,pjm.com,false,
2022-01-25 22:00:00,USA,PJM Interconnection,US-MIDA-PJM,428.19,499.83,34.59,4.57,pjm.com,false,
2022-01-25 23:00:00,USA,PJM Interconnection,US-MIDA-PJM,428.93,500.55,34.6,5.87,pjm.com,false,
2022-01-26 00:00:00,USA,PJM Interconnection,US-MIDA-PJM,431.67,503.17,34.46,5.61,pjm.com,false,
2022-01-26 01:00:00,USA,PJM Interconnection,US-MIDA-PJM,426.75,497.74,35.09,6.03,pjm.com,false,
2022-01-26 02:00:00,USA,PJM Interconnection,US-MIDA-PJM,427.77,498.71,35.01,5.38,pjm.com,false,
2022-01-26 03:00:00,USA,PJM Interconnection,US-MIDA-PJM,420.83,491.29,35.7,5.21,pjm.com,false,
2022-01-26 04:00:00,USA,PJM Interconnection,US-MIDA-PJM,414.19,483.86,36.54,5.12,pjm.com,false,
2022-01-26 05:00:00,USA,PJM Interconnection,US-MIDA-PJM,416.66,485.86,36.82,4.76,pjm.com,false,
2022-01-26 06:00:00,USA,PJM Interconnection,US-MIDA-PJM,423.03,492.83,36.07,4.12,pjm.com,false,
2022-01-26 07:00:00,USA,PJM Interconnection,US-MIDA-PJM,425.34,495.46,35.7,3.77,pjm.com,false,
2022-01-26 08:00:00,USA,PJM Interconnection,US-MIDA-PJM,429.69,500.47,35.02,3.33,pjm.com,false,
2022-01-26 09:00:00,USA,PJM Interconnection,US-MIDA-PJM,434.87,506.52,34.28,3.0,pjm.com,false,
2022-01-26 10:00:00,USA,PJM Interconnection,US-MIDA-PJM,441.9,515.23,32.77,2.75,pjm.com,false,
2022-01-26 11:00:00,USA,PJM Interconnection,US-MIDA-PJM,456.18,531.03,31.05,2.83,pjm.com,false,
2022-01-26 12:00:00,USA,PJM Interconnection,US-MIDA-PJM,458.22,533.45,30.77,3.85,pjm.com,false,
2022-01-26 13:00:00,USA,PJM Interconnection,US-MIDA-PJM,464.73,540.47,29.96,3.04,pjm.com,false,
2022-01-26 14:00:00,USA,PJM Interconnection,US-MIDA-PJM,458.15,532.12,31.55,3.75,pjm.com,false,
2022-01-26 15:00:00,USA,PJM Interconnection,US-MIDA-PJM,456.56,528.43,33.29,4.5,pjm.com,false,
2022-01-26 16:00:00,USA,PJM Interconnection,US-MIDA-PJM,462.5,533.99,33.12,3.75,pjm.com,false,
2022-01-26 17:00:00,USA,PJM Interconnection,US-MIDA-PJM,453.4,524.11,34.14,3.97,pjm.com,false,
2022-01-26 18:00:00,USA,PJM Interconnection,US-MIDA-PJM,450.03,520.85,34.25,3.97,pjm.com,false,
2022-01-26 19:00:00,USA,PJM Interconnection,US-MIDA-PJM,445.54,516.14,34.64,3.89,pjm.com,false,
2022-01-26 20:00:00,USA,PJM Interconnection,US-MIDA-PJM,446.27,517.09,34.51,3.86,pjm.com,false,
2022-01-26 21:00:00,USA,PJM Interconnection,US-MIDA-PJM,447.71,519.08,33.96,3.75,pjm.com,false,
2022-01-26 22:00:00,USA,PJM Interconnection,US-MIDA-PJM,445.3,516.61,34.3,5.43,pjm.com,false,
2022-01-26 23:00:00,USA,PJM Interconnection,US-MIDA-PJM,455.63,527.98,32.99,5.52,pjm.com,false,
2022-01-27 00:00:00,USA,PJM Interconnection,US-MIDA-PJM,451.0,522.79,33.45,5.97,pjm.com,false,
2022-01-27 01:00:00,USA,PJM Interconnection,US-MIDA-PJM,449.73,521.22,33.65,6.17,pjm.com,false,
2022-01-27 02:00:00,USA,PJM Interconnection,US-MIDA-PJM,445.27,515.97,34.41,6.44,pjm.com,false,
2022-01-27 03:00:00,USA,PJM Interconnection,US-MIDA-PJM,443.56,513.31,35.07,6.15,pjm.com,false,
2022-01-27 04:00:00,USA,PJM Interconnection,US-MIDA-PJM,440.19,508.67,36.14,6.31,pjm.com,false,
2022-01-27 05:00:00,USA,PJM Interconnection,US-MIDA-PJM,436.77,505.01,36.57,6.28,pjm.com,false,
2022-01-27 06:00:00,USA,PJM Interconnection,US-MIDA-PJM,436.01,504.27,36.6,6.36,pjm.com,false,
2022-01-27 07:00:00,USA,PJM Interconnection,US-MIDA-PJM,438.68,506.88,36.56,6.3,pjm.com,false,
2022-01-27 08:00:00,USA,PJM Interconnection,US-MIDA-PJM,439.32,507.41,36.65,6.54,pjm.com,false,
2022-01-27 09:00:00,USA,PJM Interconnection,US-MIDA-PJM,433.17,501.27,37.02,7.7,pjm.com,false,
2022-01-27 10:00:00,USA,PJM Interconnection,US-MIDA-PJM,426.0,494.83,37.02,8.55,pjm.com,false,
2022-01-27 11:00:00,USA,PJM Interconnection,US-MIDA-PJM,428.41,499.8,36.09,9.45,pjm.com,false,
2022-01-27 12:00:00,USA,PJM Interconnection,US-MIDA-PJM,439.11,513.34,35.02,9.36,pjm.com,false,
2022-01-27 13:00:00,USA,PJM Interconnection,US-MIDA-PJM,433.68,506.21,35.79,9.82,pjm.com,false,
2022-01-27 14:00:00,USA,PJM Interconnection,US-MIDA-PJM,432.3,503.32,36.67,9.59,pjm.com,false,
2022-01-27 15:00:00,USA,PJM Interconnection,US-MIDA-PJM,425.82,495.57,37.77,9.26,pjm.com,false,
2022-01-27 16:00:00,USA,PJM Interconnection,US-MIDA-PJM,421.8,489.92,37.78,8.81,pjm.com,false,
2022-01-27 17:00:00,USA,PJM Interconnection,US-MIDA-PJM,418.19,485.75,38.41,8.58,pjm.com,false,
2022-01-27 18:00:00,USA,PJM Interconnection,US-MIDA-PJM,417.44,484.88,38.47,7.85,pjm.com,false,
2022-01-27 19:00:00,USA,PJM Interconnection,US-MIDA-PJM,418.23,486.37,37.91,6.75,pjm.com,false,
2022-01-27 20:00:00,USA,PJM Interconnection,US-MIDA-PJM,419.7,488.43,37.34,6.07,pjm.com,false,
2022-01-27 21:00:00,USA,PJM Interconnection,US-MIDA-PJM,427.45,497.41,36.01,5.5,pjm.com,false,
2022-01-27 22:00:00,USA,PJM Interconnection,US-MIDA-PJM,434.7,505.62,34.95,5.25,pjm.com,false,
2022-01-27 23:00:00,USA,PJM Interconnection,US-MIDA-PJM,439.45,511.36,33.99,5.06,pjm.com,false,
2022-01-28 00:00:00,USA,PJM Interconnection,US-MIDA-PJM,437.66,509.09,34.38,5.17,pjm.com,false,
2022-01-28 01:00:00,USA,PJM Interconnection,US-MIDA-PJM,441.29,512.4,34.38,4.61,pjm.com,false,
2022-01-28 02:00:00,USA,PJM Interconnection,US-MIDA-PJM,446.15,517.51,33.9,3.51,pjm.com,false,
2022-01-28 03:00:00,USA,PJM Interconnection,US-MIDA-PJM,441.49,511.77,34.88,3.19,pjm.com,false,
2022-01-28 04:00:00,USA,PJM Interconnection,US-MIDA-PJM,437.34,506.94,35.53,2.96,pjm.com,false,
2022-01-28 05:00:00,USA,PJM Interconnection,US-MIDA-PJM,435.5,504.59,35.96,2.83,pjm.com,false,
2022-01-28 06:00:00,USA,PJM Interconnection,US-MIDA-PJM,429.87,498.4,36.65,2.87,pjm.com,false,
2022-01-28 07:00:00,USA,PJM Interconnection,US-MIDA-PJM,425.12,493.47,37.04,2.94,pjm.com,false,
2022-01-28 08:00:00,USA,PJM Interconnection,US-MIDA-PJM,423.65,491.83,37.22,3.35,pjm.com,false,
2022-01-28 09:00:00,USA,PJM Interconnection,US-MIDA-PJM,426.31,494.87,36.78,3.46,pjm.com,false,
2022-01-28 10:00:00,USA,PJM Interconnection,US-MIDA-PJM,426.81,495.68,36.54,3.83,pjm.com,false,
2022-01-28 11:00:00,USA,PJM Interconnection,US-MIDA-PJM,423.14,492.66,36.44,5.62,pjm.com,false,
2022-01-28 12:00:00,USA,PJM Interconnection,US-MIDA-PJM,420.75,490.62,36.52,7.03,pjm.com,false,
2022-01-28 13:00:00,USA,PJM Interconnection,US-MIDA-PJM,424.42,494.48,36.29,7.05,pjm.com,false,
2022-01-28 14:00:00,USA,PJM Interconnection,US-MIDA-PJM,436.02,506.9,34.96,5.69,pjm.com,false,
2022-01-28 15:00:00,USA,PJM Interconnection,US-MIDA-PJM,437.94,508.86,34.69,5.19,pjm.com,false,
2022-01-28 16:00:00,USA,PJM Interconnection,US-MIDA-PJM,441.12,511.91,34.59,4.84,pjm.com,false,
2022-01-28 17:00:00,USA,PJM Interconnection,US-MIDA-PJM,438.43,508.92,34.98,4.66,pjm.com,false,
2022-01-28 18:00:00,USA,PJM Interconnection,US-MIDA-PJM,440.44,511.23,34.63,4.31,pjm.com,false,
2022-01-28 19:00:00,USA,PJM Interconnection,US-MIDA-PJM,443.69,514.55,34.38,3.83,pjm.com,false,
2022-01-28 20:00:00,USA,PJM Interconnection,US-MIDA-PJM,440.88,511.83,34.42,3.67,pjm.com,false,
2022-01-28 21:00:00,USA,PJM Interconnection,US-MIDA-PJM,438.27,509.43,34.44,3.95,pjm.com,false,
2022-01-28 22:00:00,USA,PJM Interconnection,US-MIDA-PJM,442.14,514.19,33.61,3.98,pjm.com,false,
2022-01-28 23:00:00,USA,PJM Interconnection,US-MIDA-PJM,449.23,522.02,32.68,3.65,pjm.com,false,
2022-01-29 00:00:00,USA,PJM Interconnection,US-MIDA-PJM,444.78,517.53,32.94,3.64,pjm.com,false,
2022-01-29 01:00:00,USA,PJM Interconnection,US-MIDA-PJM,443.29,515.71,33.26,3.69,pjm.com,false,
2022-01-29 02:00:00,USA,PJM Interconnection,US-MIDA-PJM,443.64,515.83,33.28,3.01,pjm.com,false,
2022-01-29 03:00:00,USA,PJM Interconnection,US-MIDA-PJM,443.9,515.54,33.57,2.49,pjm.com,false,
2022-01-29 04:00:00,USA,PJM Interconnection,US-MIDA-PJM,450.3,521.75,33.35,2.17,pjm.com,false,
2022-01-29 05:00:00,USA,PJM Interconnection,US-MIDA-PJM,446.87,517.44,34.22,2.18,pjm.com,false,
2022-01-29 06:00:00,USA,PJM Interconnection,US-MIDA-PJM,446.11,516.46,34.42,2.29,pjm.com,false,
2022-01-29 07:00:00,USA,PJM Interconnection,US-MIDA-PJM,446.58,517.23,34.18,2.15,pjm.com,false,
2022-01-29 08:00:00,USA,PJM Interconnection,US-MIDA-PJM,448.15,519.01,33.92,1.92,pjm.com,false,
2022-01-29 09:00:00,USA,PJM Interconnection,US-MIDA-PJM,448.87,520.18,33.53,2.0,pjm.com,false,
2022-01-29 10:00:00,USA,PJM Interconnection,US-MIDA-PJM,452.74,525.11,32.89,2.02,pjm.com,false,
2022-01-29 11:00:00,USA,PJM Interconnection,US-MIDA-PJM,455.0,528.51,32.0,2.1,pjm.com,false,
2022-01-29 12:00:00,USA,PJM Interconnection,US-MIDA-PJM,458.9,532.79,31.51,2.32,pjm.com,false,
2022-01-29 13:00:00,USA,PJM Interconnection,US-MIDA-PJM,461.12,535.08,31.39,2.84,pjm.com,false,
2022-01-29 14:00:00,USA,PJM Interconnection,US-MIDA-PJM,458.54,532.12,31.85,3.64,pjm.com,false,
2022-01-29 15:00:00,USA,PJM Interconnection,US-MIDA-PJM,450.05,521.39,33.85,5.33,pjm.com,false,
2022-01-29 16:00:00,USA,PJM Interconnection,US-MIDA-PJM,450.99,522.05,34.02,5.23,pjm.com,false,
2022-01-29 17:00:00,USA,PJM Interconnection,US-MIDA-PJM,452.73,523.41,34.14,4.66,pjm.com,false,
2022-01-29 18:00:00,USA,PJM Interconnection,US-MIDA-PJM,446.86,516.36,35.45,5.36,pjm.com,false,
2022-01-29 19:00:00,USA,PJM Interconnection,US-MIDA-PJM,439.47,508.14,36.55,6.09,pjm.com,false,
2022-01-29 20:00:00,USA,PJM Interconnection,US-MIDA-PJM,430.83,499.22,37.32,6.57,pjm.com,false,
2022-01-29 21:00:00,USA,PJM Interconnection,US-MIDA-PJM,437.68,507.63,35.71,5.55,pjm.com,false,
2022-01-29 22:00:00,USA,PJM Interconnection,US-MIDA-PJM,436.9,506.27,36.52,7.73,pjm.com,false,
2022-01-29 23:00:00,USA,PJM Interconnection,US-MIDA-PJM,444.84,516.08,35.35,7.6,pjm.com,false,
2022-01-30 00:00:00,USA,PJM Interconnection,US-MIDA-PJM,441.81,512.75,35.8,8.11,pjm.com,false,
2022-01-30 01:00:00,USA,PJM Interconnection,US-MIDA-PJM,441.68,512.68,35.23,7.35,pjm.com,false,
2022-01-30 02:00:00,USA,PJM Interconnection,US-MIDA-PJM,438.75,508.85,35.69,7.42,pjm.com,false,
2022-01-30 03:00:00,USA,PJM Interconnection,US-MIDA-PJM,442.12,512.48,35.08,6.05,pjm.com,false,
2022-01-30 04:00:00,USA,PJM Interconnection,US-MIDA-PJM,447.21,518.11,34.16,4.52,pjm.com,false,
2022-01-30 05:00:00,USA,PJM Interconnection,US-MIDA-PJM,449.72,520.36,34.52,4.31,pjm.com,false,
2022-01-30 06:00:00,USA,PJM Interconnection,US-MIDA-PJM,446.15,516.26,35.01,4.39,pjm.com,false,
2022-01-30 07:00:00,USA,PJM Interconnection,US-MIDA-PJM,442.8,514.18,35.28,4.23,pjm.com,false,
2022-01-30 08:00:00,USA,PJM Interconnection,US-MIDA-PJM,441.95,513.74,35.19,4.28,pjm.com,false,
2022-01-30 09:00:00,USA,PJM Interconnection,US-MIDA-PJM,434.31,505.12,36.29,5.47,pjm.com,false,
2022-01-30 10:00:00,USA,PJM Interconnection,US-MIDA-PJM,426.5,496.67,37.09,6.57,pjm.com,false,
2022-01-30 11:00:00,USA,PJM Interconnection,US-MIDA-PJM,427.53,498.7,37.29,7.35,pjm.com,false,
2022-01-30 12:00:00,USA,PJM Interconnection,US-MIDA-PJM,432.69,505.94,36.36,7.35,pjm.com,false,
2022-01-30 13:00:00,USA,PJM Interconnection,US-MIDA-PJM,434.04,507.11,36.03,7.24,pjm.com,false,
2022-01-30 14:00:00,USA,PJM Interconnection,US-MIDA-PJM,432.87,505.19,35.84,6.75,pjm.com,false,
2022-01-30 15:00:00,USA,PJM Interconnection,US-MIDA-PJM,437.69,508.92,35.21,5.41,pjm.com,false,
2022-01-30 16:00:00,USA,PJM Interconnection,US-MIDA-PJM,436.22,506.55,35.56,5.07,pjm.com,false,
2022-01-30 17:00:00,USA,PJM Interconnection,US-MIDA-PJM,439.32,509.37,35.7,4.48,pjm.com,false,
2022-01-30 18:00:00,USA,PJM Interconnection,US-MIDA-PJM,441.11,510.63,35.95,4.34,pjm.com,false,
2022-01-30 19:00:00,USA,PJM Interconnection,US-MIDA-PJM,438.78,507.72,36.53,4.56,pjm.com,false,
2022-01-30 20:00:00,USA,PJM Interconnection,US-MIDA-PJM,435.08,504.04,36.77,4.4,pjm.com,false,
2022-01-30 21:00:00,USA,PJM Interconnection,US-MIDA-PJM,441.32,511.85,35.44,3.39,pjm.com,false,
2022-01-30 22:00:00,USA,PJM Interconnection,US-MIDA-PJM,442.96,515.07,34.26,3.23,pjm.com,false,
2022-01-30 23:00:00,USA,PJM Interconnection,US-MIDA-PJM,442.72,516.85,34.05,4.21,pjm.com,false,
2022-01-31 00:00:00,USA,PJM Interconnection,US-MIDA-PJM,452.4,527.91,32.51,2.98,pjm.com,false,
2022-01-31 01:00:00,USA,PJM Interconnection,US-MIDA-PJM,457.83,533.47,31.87,1.95,pjm.com,false,
2022-01-31 02:00:00,USA,PJM Interconnection,US-MIDA-PJM,456.32,530.18,32.17,1.47,pjm.com,false,
2022-01-31 03:00:00,USA,PJM Interconnection,US-MIDA-PJM,458.46,530.81,32.55,0.97,pjm.com,false,
2022-01-31 04:00:00,USA,PJM Interconnection,US-MIDA-PJM,456.5,528.01,33.06,0.66,pjm.com,false,
2022-01-31 05:00:00,USA,PJM Interconnection,US-MIDA-PJM,455.49,526.28,33.68,0.69,pjm.com,false,
2022-01-31 06:00:00,USA,PJM Interconnection,US-MIDA-PJM,453.37,524.13,33.83,0.68,pjm.com,false,
2022-01-31 07:00:00,USA,PJM Interconnection,US-MIDA-PJM,453.69,524.89,33.48,0.72,pjm.com,false,
2022-01-31 08:00:00,USA,PJM Interconnection,US-MIDA-PJM,453.27,524.87,33.27,0.82,pjm.com,false,
2022-01-31 09:00:00,USA,PJM Interconnection,US-MIDA-PJM,456.59,530.2,32.41,0.86,pjm.com,false,
2022-01-31 10:00:00,USA,PJM Interconnection,US-MIDA-PJM,457.94,534.0,31.85,1.45,pjm.com,false,
2022-01-31 11:00:00,USA,PJM Interconnection,US-MIDA-PJM,448.64,524.68,32.33,3.94,pjm.com,false,
2022-01-31 12:00:00,USA,PJM Interconnection,US-MIDA-PJM,449.86,527.65,31.93,4.78,pjm.com,false,
2022-01-31 13:00:00,USA,PJM Interconnection,US-MIDA-PJM,447.43,524.75,31.99,4.78,pjm.com,false,
2022-01-31 14:00:00,USA,PJM Interconnection,US-MIDA-PJM,437.25,510.9,33.06,4.92,pjm.com,false,
2022-01-31 15:00:00,USA,PJM Interconnection,US-MIDA-PJM,433.98,505.75,34.49,5.17,pjm.com,false,
2022-01-31 16:00:00,USA,PJM Interconnection,US-MIDA-PJM,433.89,504.4,35.8,5.38,pjm.com,false,
2022-01-31 17:00:00,USA,PJM Interconnection,US-MIDA-PJM,430.64,500.48,36.49,5.51,pjm.com,false,
2022-01-31 18:00:00,USA,PJM Interconnection,US-MIDA-PJM,434.06,503.82,36.6,5.27,pjm.com,false,
2022-01-31 19:00:00,USA,PJM Interconnection,US-MIDA-PJM,429.35,498.77,37.41,5.44,pjm.com,false,
2022-01-31 20:00:00,USA,PJM Interconnection,US-MIDA-PJM,427.81,496.77,37.36,5.55,pjm.com,false,
2022-01-31 21:00:00,USA,PJM Interconnection,US-MIDA-PJM,430.47,500.17,36.89,4.93,pjm.com,false,
2022-01-31 22:00:00,USA,PJM Interconnection,US-MIDA-PJM,431.04,502.43,35.78,5.31,pjm.com,false,
2022-01-31 23:00:00,USA,PJM Interconnection,US-MIDA-PJM,431.02,503.26,35.35,6.2,pjm.com,false,
2022-02-01 00:00:00,USA,PJM Interconnection,US-MIDA-PJM,435.74,508.12,35.17,5.94,pjm.com,false,
2022-02-01 01:00:00,USA,PJM Interconnection,US-MIDA-PJM,434.17,505.01,36.21,6.79,pjm.com,false,
2022-02-01 02:00:00,USA,PJM Interconnection,US-MIDA-PJM,434.19,504.18,36.52,6.53,pjm.com,false,
2022-02-01 03:00:00,USA,PJM Interconnection,US-MIDA-PJM,427.0,494.78,37.97,6.98,pjm.com,false,
2022-02-01 04:00:00,USA,PJM Interconnection,US-MIDA-PJM,423.38,490.48,38.48,6.9,pjm.com,false,
2022-02-01 05:00:00,USA,PJM Interconnection,US-MIDA-PJM,412.46,477.89,39.88,7.36,pjm.com,false,
2022-02-01 06:00:00,USA,PJM Interconnection,US-MIDA-PJM,404.28,469.24,40.54,7.58,pjm.com,false,
2022-02-01 07:00:00,USA,PJM Interconnection,US-MIDA-PJM,398.63,464.0,40.54,7.67,pjm.com,false,
2022-02-01 08:00:00,USA,PJM Interconnection,US-MIDA-PJM,398.29,464.43,39.98,7.5,pjm.com,false,
2022-02-01 09:00:00,USA,PJM Interconnection,US-MIDA-PJM,397.71,463.87,39.98,7.63,pjm.com,false,
2022-02-01 10:00:00,USA,PJM Interconnection,US-MIDA-PJM,401.02,468.2,39.22,7.96,pjm.com,false,
2022-02-01 11:00:00,USA,PJM Interconnection,US-MIDA-PJM,392.13,459.66,39.66,10.21,pjm.com,false,
2022-02-01 12:00:00,USA,PJM Interconnection,US-MIDA-PJM,391.66,460.82,38.82,10.61,pjm.com,false,
2022-02-01 13:00:00,USA,PJM Interconnection,US-MIDA-PJM,396.93,466.62,38.33,10.19,pjm.com,false,
2022-02-01 14:00:00,USA,PJM Interconnection,US-MIDA-PJM,397.32,465.56,39.33,10.01,pjm.com,false,
2022-02-01 15:00:00,USA,PJM Interconnection,US-MIDA-PJM,391.63,458.15,40.36,9.99,pjm.com,false,
2022-02-01 16:00:00,USA,PJM Interconnection,US-MIDA-PJM,383.2,449.02,41.31,10.07,pjm.com,false,
2022-02-01 17:00:00,USA,PJM Interconnection,US-MIDA-PJM,377.64,443.03,41.9,9.89,pjm.com,false,
2022-02-01 18:00:00,USA,PJM Interconnection,US-MIDA-PJM,375.07,440.12,42.29,9.63,pjm.com,false,
2022-02-01 19:00:00,USA,PJM Interconnection,US-MIDA-PJM,369.59,434.03,43.0,9.71,pjm.com,false,
2022-02-01 20:00:00,USA,PJM Interconnection,US-MIDA-PJM,373.34,438.99,41.95,8.74,pjm.com,false,
2022-02-01 21:00:00,USA,PJM Interconnection,US-MIDA-PJM,385.89,454.19,39.39,6.64,pjm.com,false,
2022-02-01 22:00:00,USA,PJM Interconnection,US-MIDA-PJM,394.17,463.63,38.13,5.9,pjm.com,false,
2022-02-01 23:00:00,USA,PJM Interconnection,US-MIDA-PJM,398.26,469.03,37.12,6.34,pjm.com,false,
2022-02-02 00:00:00,USA,PJM Interconnection,US-MIDA-PJM,404.1,475.39,36.68,5.86,pjm.com,false,
2022-02-02 01:00:00,USA,PJM Interconnection,US-MIDA-PJM,401.99,472.45,37.18,6.27,pjm.com,false,
2022-02-02 02:00:00,USA,PJM Interconnection,US-MIDA-PJM,398.84,468.14,38.05,6.4,pjm.com,false,
2022-02-02 03:00:00,USA,PJM Interconnection,US-MIDA-PJM,396.4,464.83,38.75,5.97,pjm.com,false,
2022-02-02 04:00:00,USA,PJM Interconnection,US-MIDA-PJM,389.21,456.81,39.74,5.96,pjm.com,false,
2022-02-02 05:00:00,USA,PJM Interconnection,US-MIDA-PJM,382.9,450.05,40.02,5.99,pjm.com,false,
2022-02-02 06:00:00,USA,PJM Interconnection,US-MIDA-PJM,384.89,451.9,40.02,5.75,pjm.com,false,
2022-02-02 07:00:00,USA,PJM Interconnection,US-MIDA-PJM,383.3,450.37,40.09,5.92,pjm.com,false,
2022-02-02 08:00:00,USA,PJM Interconnection,US-MIDA-PJM,385.35,452.78,39.81,5.79,pjm.com,false,
2022-02-02 09:00:00,USA,PJM Interconnection,US-MIDA-PJM,382.69,450.66,39.53,6.14,pjm.com,false,
2022-02-02 10:00:00,USA,PJM Interconnection,US-MIDA-PJM,382.39,451.21,38.83,6.3,pjm.com,false,
2022-02-02 11:00:00,USA,PJM Interconnection,US-MIDA-PJM,377.49,446.53,39.3,8.86,pjm.com,false,
2022-02-02 12:00:00,USA,PJM Interconnection,US-MIDA-PJM,384.75,454.5,38.54,9.24,pjm.com,false,
2022-02-02 13:00:00,USA,PJM Interconnection,US-MIDA-PJM,387.71,457.51,38.35,8.95,pjm.com,false,
2022-02-02 14:00:00,USA,PJM Interconnection,US-MIDA-PJM,387.54,456.54,38.95,8.88,pjm.com,false,
2022-02-02 15:00:00,USA,PJM Interconnection,US-MIDA-PJM,387.08,455.72,38.97,8.05,pjm.com,false,
2022-02-02 16:00:00,USA,PJM Interconnection,US-MIDA-PJM,377.89,445.85,40.01,8.57,pjm.com,false,
2022-02-02 17:00:00,USA,PJM Interconnection,US-MIDA-PJM,370.01,437.57,40.91,8.94,pjm.com,false,
2022-02-02 18:00:00,USA,PJM Interconnection,US-MIDA-PJM,368.27,435.57,41.24,9.06,pjm.com,false,
2022-02-02 19:00:00,USA,PJM Interconnection,US-MIDA-PJM,370.19,437.45,41.22,8.95,pjm.com,false,
2022-02-02 20:00:00,USA,PJM Interconnection,US-MIDA-PJM,373.33,441.48,40.37,8.06,pjm.com,false,
2022-02-02 21:00:00,USA,PJM Interconnection,US-MIDA-PJM,378.3,446.91,39.68,7.69,pjm.com,false,
2022-02-02 22:00:00,USA,PJM Interconnection,US-MIDA-PJM,378.02,446.6,39.59,7.93,pjm.com,false,
2022-02-02 23:00:00,USA,PJM Interconnection,US-MIDA-PJM,376.49,445.19,39.59,9.01,pjm.com,false,
2022-02-03 00:00:00,USA,PJM Interconnection,US-MIDA-PJM,378.24,446.54,39.55,8.57,pjm.com,false,
2022-02-03 01:00:00,USA,PJM Interconnection,US-MIDA-PJM,377.31,445.62,39.54,8.08,pjm.com,false,
2022-02-03 02:00:00,USA,PJM Interconnection,US-MIDA-PJM,372.68,440.43,40.13,7.81,pjm.com,false,
2022-02-03 03:00:00,USA,PJM Interconnection,US-MIDA-PJM,367.12,433.6,41.32,7.93,pjm.com,false,
2022-02-03 04:00:00,USA,PJM Interconnection,US-MIDA-PJM,358.21,423.39,42.75,8.12,pjm.com,false,
2022-02-03 05:00:00,USA,PJM Interconnection,US-MIDA-PJM,351.69,416.07,43.68,8.21,pjm.com,false,
2022-02-03 06:00:00,USA,PJM Interconnection,US-MIDA-PJM,349.7,413.55,44.16,8.32,pjm.com,false,
2022-02-03 07:00:00,USA,PJM Interconnection,US-MIDA-PJM,350.96,414.3,44.48,8.3,pjm.com,false,
2022-02-03 08:00:00,USA,PJM Interconnection,US-MIDA-PJM,350.15,413.28,44.7,8.2,pjm.com,false,
2022-02-03 09:00:00,USA,PJM Interconnection,US-MIDA-PJM,351.99,415.57,44.29,8.2,pjm.com,false,
2022-02-03 10:00:00,USA,PJM Interconnection,US-MIDA-PJM,354.6,419.3,43.31,8.28,pjm.com,false,
2022-02-03 11:00:00,USA,PJM Interconnection,US-MIDA-PJM,361.12,428.02,41.45,8.56,pjm.com,false,
2022-02-03 12:00:00,USA,PJM Interconnection,US-MIDA-PJM,371.11,439.33,39.94,8.5,pjm.com,false,
2022-02-03 13:00:00,USA,PJM Interconnection,US-MIDA-PJM,374.23,442.44,39.81,8.63,pjm.com,false,
2022-02-03 14:00:00,USA,PJM Interconnection,US-MIDA-PJM,374.39,442.69,39.74,8.89,pjm.com,false,
2022-02-03 15:00:00,USA,PJM Interconnection,US-MIDA-PJM,379.23,448.04,39.07,8.27,pjm.com,false,
2022-02-03 16:00:00,USA,PJM Interconnection,US-MIDA-PJM,380.39,449.29,38.87,8.09,pjm.com,false,
2022-02-03 17:00:00,USA,PJM Interconnection,US-MIDA-PJM,380.19,448.75,39.11,8.23,pjm.com,false,
2022-02-03 18:00:00,USA,PJM Interconnection,US-MIDA-PJM,381.22,449.72,39.07,8.03,pjm.com,false,
2022-02-03 19:00:00,USA,PJM Interconnection,US-MIDA-PJM,380.39,448.39,39.48,8.29,pjm.com,false,
2022-02-03 20:00:00,USA,PJM Interconnection,US-MIDA-PJM,379.52,447.21,39.81,8.4,pjm.com,false,
2022-02-03 21:00:00,USA,PJM Interconnection,US-MIDA-PJM,377.02,444.77,39.95,8.79,pjm.com,false,
2022-02-03 22:00:00,USA,PJM Interconnection,US-MIDA-PJM,377.41,445.52,39.73,9.39,pjm.com,false,
2022-02-03 23:00:00,USA,PJM Interconnection,US-MIDA-PJM,377.07,445.04,39.89,9.9,pjm.com,false,
2022-02-04 00:00:00,USA,PJM Interconnection,US-MIDA-PJM,382.19,450.73,39.11,8.86,pjm.com,false,
2022-02-04 01:00:00,USA,PJM Interconnection,US-MIDA-PJM,386.47,455.21,38.64,7.61,pjm.com,false,
2022-02-04 02:00:00,USA,PJM Interconnection,US-MIDA-PJM,383.42,451.62,39.16,7.03,pjm.com,false,
2022-02-04 03:00:00,USA,PJM Interconnection,US-MIDA-PJM,379.68,446.68,40.19,6.86,pjm.com,false,
2022-02-04 04:00:00,USA,PJM Interconnection,US-MIDA-PJM,375.21,440.71,41.56,6.84,pjm.com,false,
2022-02-04 05:00:00,USA,PJM Interconnection,US-MIDA-PJM,367.57,431.98,42.77,6.63,pjm.com,false,
2022-02-04 06:00:00,USA,PJM Interconnection,US-MIDA-PJM,366.35,430.51,43.01,6.06,pjm.com,false,
2022-02-04 07:00:00,USA,PJM Interconnection,US-MIDA-PJM,365.43,429.66,43.01,5.4,pjm.com,false,
2022-02-04 08:00:00,USA,PJM Interconnection,US-MIDA-PJM,367.46,431.42,43.13,5.14,pjm.com,false,
2022-02-04 09:00:00,USA,PJM Interconnection,US-MIDA-PJM,371.07,435.81,42.35,4.65,pjm.com,false,
2022-02-04 10:00:00,USA,PJM Interconnection,US-MIDA-PJM,381.19,447.77,40.49,3.49,pjm.com,false,
2022-02-04 11:00:00,USA,PJM Interconnection,US-MIDA-PJM,389.88,458.68,38.52,3.54,pjm.com,false,
2022-02-04 12:00:00,USA,PJM Interconnection,US-MIDA-PJM,402.59,473.45,36.38,3.27,pjm.com,false,
2022-02-04 13:00:00,USA,PJM Interconnection,US-MIDA-PJM,409.09,480.94,35.31,3.01,pjm.com,false,
2022-02-04 14:00:00,USA,PJM Interconnection,US-MIDA-PJM,414.18,487.01,34.27,2.76,pjm.com,false,
2022-02-04 15:00:00,USA,PJM Interconnection,US-MIDA-PJM,420.11,493.49,33.58,2.45,pjm.com,false,
2022-02-04 16:00:00,USA,PJM Interconnection,US-MIDA-PJM,418.79,491.68,34.04,2.58,pjm.com,false,
2022-02-04 17:00:00,USA,PJM Interconnection,US-MIDA-PJM,418.53,491.92,33.65,2.16,pjm.com,false,
2022-02-04 18:00:00,USA,PJM Interconnection,US-MIDA-PJM,417.37,490.87,33.62,2.35,pjm.com,false,
2022-02-04 19:00:00,USA,PJM Interconnection,US-MIDA-PJM,414.64,487.62,34.14,2.61,pjm.com,false,
2022-02-04 20:00:00,USA,PJM Interconnection,US-MIDA-PJM,412.99,485.75,34.39,2.94,pjm.com,false,
2022-02-04 21:00:00,USA,PJM Interconnection,US-MIDA-PJM,408.5,480.75,35.04,4.01,pjm.com,false,
2022-02-04 22:00:00,USA,PJM Interconnection,US-MIDA-PJM,402.0,472.93,36.48,6.18,pjm.com,false,
2022-02-04 23:00:00,USA,PJM Interconnection,US-MIDA-PJM,396.34,466.82,37.13,7.25,pjm.com,false,
2022-02-05 00:00:00,USA,PJM Interconnection,US-MIDA-PJM,398.81,469.61,36.66,6.5,pjm.com,false,
2022-02-05 01:00:00,USA,PJM Interconnection,US-MIDA-PJM,396.61,466.59,37.34,6.97,pjm.com,false,
2022-02-05 02:00:00,USA,PJM Interconnection,US-MIDA-PJM,398.59,468.56,37.1,6.27,pjm.com,false,
2022-02-05 03:00:00,USA,PJM Interconnection,US-MIDA-PJM,394.15,462.98,38.09,6.36,pjm.com,false,
2022-02-05 04:00:00,USA,PJM Interconnection,US-MIDA-PJM,391.14,458.94,39.04,6.22,pjm.com,false,
2022-02-05 05:00:00,USA,PJM Interconnection,US-MIDA-PJM,387.38,454.54,39.98,6.35,pjm.com,false,
2022-02-05 06:00:00,USA,PJM Interconnection,US-MIDA-PJM,389.9,456.83,39.95,6.04,pjm.com,false,
2022-02-05 07:00:00,USA,PJM Interconnection,US-MIDA-PJM,391.91,459.11,39.66,5.92,pjm.com,false,
2022-02-05 08:00:00,USA,PJM Interconnection,US-MIDA-PJM,396.43,464.01,39.15,5.33,pjm.com,false,
2022-02-05 09:00:00,USA,PJM Interconnection,US-MIDA-PJM,398.38,466.54,38.69,4.77,pjm.com,false,
2022-02-05 10:00:00,USA,PJM Interconnection,US-MIDA-PJM,405.45,474.77,37.54,4.14,pjm.com,false,
2022-02-05 11:00:00,USA,PJM Interconnection,US-MIDA-PJM,413.35,484.45,35.89,3.65,pjm.com,false,
2022-02-05 12:00:00,USA,PJM Interconnection,US-MIDA-PJM,417.78,490.28,34.76,3.55,pjm.com,false,
2022-02-05 13:00:00,USA,PJM Interconnection,US-MIDA-PJM,416.44,488.02,35.61,4.82,pjm.com,false,
2022-02-05 14:00:00,USA,PJM Interconnection,US-MIDA-PJM,414.52,485.35,36.31,5.51,pjm.com,false,
2022-02-05 15:00:00,USA,PJM Interconnection,US-MIDA-PJM,416.73,486.64,36.76,5.71,pjm.com,false,
2022-02-05 16:00:00,USA,PJM Interconnection,US-MIDA-PJM,420.76,490.03,36.98,5.16,pjm.com,false,
2022-02-05 17:00:00,USA,PJM Interconnection,US-MIDA-PJM,414.14,482.13,38.3,5.76,pjm.com,false,
2022-02-05 18:00:00,USA,PJM Interconnection,US-MIDA-PJM,410.06,477.62,38.83,6.24,pjm.com,false,
2022-02-05 19:00:00,USA,PJM Interconnection,US-MIDA-PJM,401.79,468.65,39.79,6.84,pjm.com,false,
2022-02-05 20:00:00,USA,PJM Interconnection,US-MIDA-PJM,403.69,470.79,39.5,7.08,pjm.com,false,
2022-02-05 21:00:00,USA,PJM Interconnection,US-MIDA-PJM,406.25,473.98,38.83,6.87,pjm.com,false,
2022-02-05 22:00:00,USA,PJM Interconnection,US-MIDA-PJM,403.6,471.73,38.7,8.31,pjm.com,false,
2022-02-05 23:00:00,USA,PJM Interconnection,US-MIDA-PJM,404.21,473.39,37.92,9.07,pjm.com,false,
2022-02-06 00:00:00,USA,PJM Interconnection,US-MIDA-PJM,405.34,473.91,38.3,9.38,pjm.com,false,
2022-02-06 01:00:00,USA,PJM Interconnection,US-MIDA-PJM,405.76,474.35,38.34,9.32,pjm.com,false,
2022-02-06 02:00:00,USA,PJM Interconnection,US-MIDA-PJM,410.22,478.72,38.04,8.63,pjm.com,false,
2022-02-06 03:00:00,USA,PJM Interconnection,US-MIDA-PJM,410.44,478.28,38.45,8.38,pjm.com,false,
2022-02-06 04:00:00,USA,PJM Interconnection,US-MIDA-PJM,409.06,476.1,39.1,8.59,pjm.com,false,
2022-02-06 05:00:00,USA,PJM Interconnection,US-MIDA-PJM,407.25,473.23,39.86,9.05,pjm.com,false,
2022-02-06 06:00:00,USA,PJM Interconnection,US-MIDA-PJM,409.71,476.06,39.39,8.2,pjm.com,false,
2022-02-06 07:00:00,USA,PJM Interconnection,US-MIDA-PJM,409.44,475.73,39.42,7.94,pjm.com,false,
2022-02-06 08:00:00,USA,PJM Interconnection,US-MIDA-PJM,410.04,476.72,39.1,7.77,pjm.com,false,
2022-02-06 09:00:00,USA,PJM Interconnection,US-MIDA-PJM,407.94,474.48,39.34,8.08,pjm.com,false,
2022-02-06 10:00:00,USA,PJM Interconnection,US-MIDA-PJM,402.21,468.31,40.06,9.29,pjm.com,false,
2022-02-06 11:00:00,USA,PJM Interconnection,US-MIDA-PJM,401.19,467.74,39.96,9.96,pjm.com,false,
2022-02-06 12:00:00,USA,PJM Interconnection,US-MIDA-PJM,403.66,471.08,39.33,9.96,pjm.com,false,
2022-02-06 13:00:00,USA,PJM Interconnection,US-MIDA-PJM,404.84,472.26,39.52,9.96,pjm.com,false,
2022-02-06 14:00:00,USA,PJM Interconnection,US-MIDA-PJM,401.97,467.99,40.45,10.09,pjm.com,false,
2022-02-06 15:00:00,USA,PJM Interconnection,US-MIDA-PJM,397.14,462.34,41.34,9.88,pjm.com,false,
2022-02-06 16:00:00,USA,PJM Interconnection,US-MIDA-PJM,397.46,462.77,41.26,9.14,pjm.com,false,
2022-02-06 17:00:00,USA,PJM Interconnection,US-MIDA-PJM,398.22,463.84,40.97,8.32,pjm.com,false,
2022-02-06 18:00:00,USA,PJM Interconnection,US-MIDA-PJM,398.68,464.25,41.0,7.79,pjm.com,false,
2022-02-06 19:00:00,USA,PJM Interconnection,US-MIDA-PJM,400.61,466.27,40.87,7.3,pjm.com,false,
2022-02-06 20:00:00,USA,PJM Interconnection,US-MIDA-PJM,398.53,464.67,40.58,7.04,pjm.com,false,
2022-02-06 21:00:00,USA,PJM Interconnection,US-MIDA-PJM,402.88,469.71,40.08,6.45,pjm.com,false,
2022-02-06 22:00:00,USA,PJM Interconnection,US-MIDA-PJM,410.18,478.5,38.83,6.55,pjm.com,false,
2022-02-06 23:00:00,USA,PJM Interconnection,US-MIDA-PJM,405.73,473.93,39.42,8.94,pjm.com,false,
2022-02-07 00:00:00,USA,PJM Interconnection,US-MIDA-PJM,411.78,480.15,38.92,8.84,pjm.com,false,
2022-02-07 01:00:00,USA,PJM Interconnection,US-MIDA-PJM,413.79,482.44,38.53,8.24,pjm.com,false,
2022-02-07 02:00:00,USA,PJM Interconnection,US-MIDA-PJM,414.44,482.32,38.94,7.87,pjm.com,false,
2022-02-07 03:00:00,USA,PJM Interconnection,US-MIDA-PJM,410.08,476.82,39.77,8.0,pjm.com,false,
2022-02-07 04:00:00,USA,PJM Interconnection,US-MIDA-PJM,412.33,479.12,39.34,7.34,pjm.com,false,
2022-02-07 05:00:00,USA,PJM Interconnection,US-MIDA-PJM,408.44,474.53,39.65,7.39,pjm.com,false,
2022-02-07 06:00:00,USA,PJM Interconnection,US-MIDA-PJM,409.16,475.59,39.37,7.13,pjm.com,false,
2022-02-07 07:00:00,USA,PJM Interconnection,US-MIDA-PJM,407.13,473.81,39.29,7.1,pjm.com,false,
2022-02-07 08:00:00,USA,PJM Interconnection,US-MIDA-PJM,410.06,476.82,39.06,6.81,pjm.com,false,
2022-02-07 09:00:00,USA,PJM Interconnection,US-MIDA-PJM,410.31,477.83,38.46,6.79,pjm.com,false,
2022-02-07 10:00:00,USA,PJM Interconnection,US-MIDA-PJM,412.0,480.34,37.83,6.59,pjm.com,false,
2022-02-07 11:00:00,USA,PJM Interconnection,US-MIDA-PJM,409.68,479.36,37.19,8.01,pjm.com,false,
2022-02-07 12:00:00,USA,PJM Interconnection,US-MIDA-PJM,413.96,485.1,36.08,8.36,pjm.com,false,
2022-02-07 13:00:00,USA,PJM Interconnection,US-MIDA-PJM,418.89,490.25,35.67,8.12,pjm.com,false,
2022-02-07 14:00:00,USA,PJM Interconnection,US-MIDA-PJM,427.93,500.36,34.29,6.33,pjm.com,false,
2022-02-07 15:00:00,USA,PJM Interconnection,US-MIDA-PJM,430.79,503.29,33.96,5.3,pjm.com,false,
2022-02-07 16:00:00,USA,PJM Interconnection,US-MIDA-PJM,436.16,508.96,33.43,4.24,pjm.com,false,
2022-02-07 17:00:00,USA,PJM Interconnection,US-MIDA-PJM,435.05,507.41,33.77,4.0,pjm.com,false,
2022-02-07 18:00:00,USA,PJM Interconnection,US-MIDA-PJM,434.68,507.18,33.65,3.67,pjm.com,false,
2022-02-07 19:00:00,USA,PJM Interconnection,US-MIDA-PJM,431.25,503.22,34.24,3.7,pjm.com,false,
2022-02-07 20:00:00,USA,PJM Interconnection,US-MIDA-PJM,436.53,508.86,33.67,3.18,pjm.com,false,
2022-02-07 21:00:00,USA,PJM Interconnection,US-MIDA-PJM,438.33,510.46,33.77,3.14,pjm.com,false,
2022-02-07 22:00:00,USA,PJM Interconnection,US-MIDA-PJM,433.65,505.57,34.27,4.36,pjm.com,false,
2022-02-07 23:00:00,USA,PJM Interconnection,US-MIDA-PJM,428.76,500.76,34.56,5.77,pjm.com,false,
2022-02-08 00:00:00,USA,PJM Interconnection,US-MIDA-PJM,435.14,507.82,33.61,4.56,pjm.com,false,
2022-02-08 01:00:00,USA,PJM Interconnection,US-MIDA-PJM,439.15,512.21,33.02,3.53,pjm.com,false,
2022-02-08 02:00:00,USA,PJM Interconnection,US-MIDA-PJM,442.56,514.66,33.47,3.13,pjm.com,false,
2022-02-08 03:00:00,USA,PJM Interconnection,US-MIDA-PJM,440.8,512.0,34.15,2.74,pjm.com,false,
2022-02-08 04:00:00,USA,PJM Interconnection,US-MIDA-PJM,436.08,506.39,35.01,2.78,pjm.com,false,
2022-02-08 05:00:00,USA,PJM Interconnection,US-MIDA-PJM,434.27,503.71,35.7,2.66,pjm.com,false,
2022-02-08 06:00:00,USA,PJM Interconnection,US-MIDA-PJM,428.03,496.92,36.45,3.02,pjm.com,false,
2022-02-08 07:00:00,USA,PJM Interconnection,US-MIDA-PJM,426.25,495.06,36.58,3.33,pjm.com,false,
2022-02-08 08:00:00,USA,PJM Interconnection,US-MIDA-PJM,426.61,495.25,36.67,3.54,pjm.com,false,
2022-02-08 09:00:00,USA,PJM Interconnection,US-MIDA-PJM,422.96,491.63,36.85,4.32,pjm.com,false,
2022-02-08 10:00:00,USA,PJM Interconnection,US-MIDA-PJM,413.89,482.61,37.38,6.16,pjm.com,false,
2022-02-08 11:00:00,USA,PJM Interconnection,US-MIDA-PJM,407.36,476.63,37.55,8.34,pjm.com,false,
2022-02-08 12:00:00,USA,PJM Interconnection,US-MIDA-PJM,410.0,480.04,36.89,9.03,pjm.com,false,
2022-02-08 13:00:00,USA,PJM Interconnection,US-MIDA-PJM,411.43,481.04,37.17,8.94,pjm.com,false,
2022-02-08 14:00:00,USA,PJM Interconnection,US-MIDA-PJM,415.79,485.3,36.97,7.83,pjm.com,false,
2022-02-08 15:00:00,USA,PJM Interconnection,US-MIDA-PJM,411.85,481.26,37.29,7.13,pjm.com,false,
2022-02-08 16:00:00,USA,PJM Interconnection,US-MIDA-PJM,397.87,466.64,38.51,7.16,pjm.com,false,
2022-02-08 17:00:00,USA,PJM Interconnection,US-MIDA-PJM,390.09,458.64,39.1,7.35,pjm.com,false,
2022-02-08 18:00:00,USA,PJM Interconnection,US-MIDA-PJM,387.87,456.31,39.31,7.54,pjm.com,false,
2022-02-08 19:00:00,USA,PJM Interconnection,US-MIDA-PJM,385.6,453.56,39.76,7.76,pjm.com,false,
2022-02-08 20:00:00,USA,PJM Interconnection,US-MIDA-PJM,382.32,449.6,40.41,8.12,pjm.com,false,
2022-02-08 21:00:00,USA,PJM Interconnection,US-MIDA-PJM,381.52,448.36,40.73,8.43,pjm.com,false,
2022-02-08 22:00:00,USA,PJM Interconnection,US-MIDA-PJM,385.69,453.15,39.99,8.56,pjm.com,false,
2022-02-08 23:00:00,USA,PJM Interconnection,US-MIDA-PJM,387.37,456.34,38.78,8.92,pjm.com,false,
2022-02-09 00:00:00,USA,PJM Interconnection,US-MIDA-PJM,389.03,458.13,38.54,8.91,pjm.com,false,
2022-02-09 01:00:00,USA,PJM Interconnection,US-MIDA-PJM,389.02,457.87,38.73,8.82,pjm.com,false,
2022-02-09 02:00:00,USA,PJM Interconnection,US-MIDA-PJM,386.86,454.85,39.4,8.76,pjm.com,false,
2022-02-09 03:00:00,USA,PJM Interconnection,US-MIDA-PJM,383.68,450.29,40.54,8.89,pjm.com,false,
2022-02-09 04:00:00,USA,PJM Interconnection,US-MIDA-PJM,382.46,448.8,40.81,8.57,pjm.com,false,
2022-02-09 05:00:00,USA,PJM Interconnection,US-MIDA-PJM,384.43,450.85,40.49,7.71,pjm.com,false,
2022-02-09 06:00:00,USA,PJM Interconnection,US-MIDA-PJM,383.06,450.37,39.9,7.15,pjm.com,false,
2022-02-09 07:00:00,USA,PJM Interconnection,US-MIDA-PJM,382.88,450.13,39.98,6.86,pjm.com,false,
2022-02-09 08:00:00,USA,PJM Interconnection,US-MIDA-PJM,385.82,453.45,39.55,6.56,pjm.com,false,
2022-02-09 09:00:00,USA,PJM Interconnection,US-MIDA-PJM,392.13,460.21,38.87,6.51,pjm.com,false,
2022-02-09 10:00:00,USA,PJM Interconnection,US-MIDA-PJM,399.05,468.17,37.73,6.69,pjm.com,false,
2022-02-09 11:00:00,USA,PJM Interconnection,US-MIDA-PJM,388.67,457.44,38.81,9.68,pjm.com,false,
2022-02-09 12:00:00,USA,PJM Interconnection,US-MIDA-PJM,394.2,464.21,37.61,9.66,pjm.com,false,
2022-02-09 13:00:00,USA,PJM Interconnection,US-MIDA-PJM,388.9,458.06,38.6,9.77,pjm.com,false,
2022-02-09 14:00:00,USA,PJM Interconnection,US-MIDA-PJM,384.83,453.2,39.35,9.13,pjm.com,false,
2022-02-09 15:00:00,USA,PJM Interconnection,US-MIDA-PJM,382.32,449.25,40.61,8.95,pjm.com,false,
2022-02-09 16:00:00,USA,PJM Interconnection,US-MIDA-PJM,377.29,443.53,41.36,8.85,pjm.com,false,
2022-02-09 17:00:00,USA,PJM Interconnection,US-MIDA-PJM,373.03,437.63,42.81,9.49,pjm.com,false,
2022-02-09 18:00:00,USA,PJM Interconnection,US-MIDA-PJM,369.06,432.87,43.58,9.92,pjm.com,false,
2022-02-09 19:00:00,USA,PJM Interconnection,US-MIDA-PJM,367.56,430.58,44.24,10.23,pjm.com,false,
2022-02-09 20:00:00,USA,PJM Interconnection,US-MIDA-PJM,365.35,427.95,44.63,10.62,pjm.com,false,
2022-02-09 21:00:00,USA,PJM Interconnection,US-MIDA-PJM,370.73,435.14,42.94,9.53,pjm.com,false,
2022-02-09 22:00:00,USA,PJM Interconnection,US-MIDA-PJM,376.23,442.68,41.04,8.46,pjm.com,false,
2022-02-09 23:00:00,USA,PJM Interconnection,US-MIDA-PJM,381.16,448.79,39.92,8.82,pjm.com,false,
2022-02-10 00:00:00,USA,PJM Interconnection,US-MIDA-PJM,382.52,450.44,39.61,8.48,pjm.com,false,
2022-02-10 01:00:00,USA,PJM Interconnection,US-MIDA-PJM,378.58,445.63,40.44,8.97,pjm.com,false,
2022-02-10 02:00:00,USA,PJM Interconnection,US-MIDA-PJM,378.44,445.05,40.72,8.53,pjm.com,false,
2022-02-10 03:00:00,USA,PJM Interconnection,US-MIDA-PJM,375.86,441.35,41.65,8.44,pjm.com,false,
2022-02-10 04:00:00,USA,PJM Interconnection,US-MIDA-PJM,370.49,434.95,42.65,8.6,pjm.com,false,
2022-02-10 05:00:00,USA,PJM Interconnection,US-MIDA-PJM,366.22,429.15,43.99,8.79,pjm.com,false,
2022-02-10 06:00:00,USA,PJM Interconnection,US-MIDA-PJM,362.09,424.54,44.53,9.16,pjm.com,false,
2022-02-10 07:00:00,USA,PJM Interconnection,US-MIDA-PJM,360.34,422.69,44.69,9.25,pjm.com,false,
2022-02-10 08:00:00,USA,PJM Interconnection,US-MIDA-PJM,361.36,424.28,44.23,8.93,pjm.com,false,
2022-02-10 09:00:00,USA,PJM Interconnection,US-MIDA-PJM,363.18,426.65,43.73,8.84,pjm.com,false,
2022-02-10 10:00:00,USA,PJM Interconnection,US-MIDA-PJM,368.38,434.5,41.54,7.99,pjm.com,false,
2022-02-10 11:00:00,USA,PJM Interconnection,US-MIDA-PJM,370.74,438.36,40.51,9.39,pjm.com,false,
2022-02-10 12:00:00,USA,PJM Interconnection,US-MIDA-PJM,382.54,451.51,38.94,9.35,pjm.com,false,
2022-02-10 13:00:00,USA,PJM Interconnection,US-MIDA-PJM,381.32,450.11,39.17,9.28,pjm.com,false,
2022-02-10 14:00:00,USA,PJM Interconnection,US-MIDA-PJM,376.98,444.58,40.29,9.48,pjm.com,false,
2022-02-10 15:00:00,USA,PJM Interconnection,US-MIDA-PJM,369.69,436.1,41.57,9.79,pjm.com,false,
2022-02-10 16:00:00,USA,PJM Interconnection,US-MIDA-PJM,367.98,434.05,42.1,9.76,pjm.com,false,
2022-02-10 17:00:00,USA,PJM Interconnection,US-MIDA-PJM,368.19,434.64,41.78,9.21,pjm.com,false,
2022-02-10 18:00:00,USA,PJM Interconnection,US-MIDA-PJM,368.67,434.86,41.92,8.8,pjm.com,false,
2022-02-10 19:00:00,USA,PJM Interconnection,US-MIDA-PJM,368.48,434.6,42.0,8.66,pjm.com,false,
2022-02-10 20:00:00,USA,PJM Interconnection,US-MIDA-PJM,369.02,434.59,42.37,8.45,pjm.com,false,
2022-02-10 21:00:00,USA,PJM Interconnection,US-MIDA-PJM,371.42,437.45,41.7,7.62,pjm.com,false,
2022-02-10 22:00:00,USA,PJM Interconnection,US-MIDA-PJM,374.86,442.98,39.82,6.94,pjm.com,false,
2022-02-10 23:00:00,USA,PJM Interconnection,US-MIDA-PJM,371.09,439.49,39.92,8.47,pjm.com,false,
2022-02-11 00:00:00,USA,PJM Interconnection,US-MIDA-PJM,375.51,444.79,38.96,7.86,pjm.com,false,
2022-02-11 01:00:00,USA,PJM Interconnection,US-MIDA-PJM,376.72,445.92,38.88,7.58,pjm.com,false,
2022-02-11 02:00:00,USA,PJM Interconnection,US-MIDA-PJM,371.02,439.18,39.9,8.01,pjm.com,false,
2022-02-11 03:00:00,USA,PJM Interconnection,US-MIDA-PJM,364.58,431.09,41.39,8.24,pjm.com,false,
2022-02-11 04:00:00,USA,PJM Interconnection,US-MIDA-PJM,352.03,416.9,43.25,8.84,pjm.com,false,
2022-02-11 05:00:00,USA,PJM Interconnection,US-MIDA-PJM,351.75,415.93,43.78,8.91,pjm.com,false,
2022-02-11 06:00:00,USA,PJM Interconnection,US-MIDA-PJM,346.06,410.67,43.73,8.97,pjm.com,false,
2022-02-11 07:00:00,USA,PJM Interconnection,US-MIDA-PJM,347.52,412.16,43.65,8.98,pjm.com,false,
2022-02-11 08:00:00,USA,PJM Interconnection,US-MIDA-PJM,350.97,415.49,43.55,9.15,pjm.com,false,
2022-02-11 09:00:00,USA,PJM Interconnection,US-MIDA-PJM,354.71,419.89,42.85,8.88,pjm.com,false,
2022-02-11 10:00:00,USA,PJM Interconnection,US-MIDA-PJM,358.1,424.15,42.12,9.27,pjm.com,false,
2022-02-11 11:00:00,USA,PJM Interconnection,US-MIDA-PJM,356.92,422.73,42.61,11.82,pjm.com,false,
2022-02-11 12:00:00,USA,PJM Interconnection,US-MIDA-PJM,369.77,436.79,41.03,11.58,pjm.com,false,
2022-02-11 13:00:00,USA,PJM Interconnection,US-MIDA-PJM,365.19,432.16,41.27,11.19,pjm.com,false,
2022-02-11 14:00:00,USA,PJM Interconnection,US-MIDA-PJM,357.97,422.62,43.43,11.84,pjm.com,false,
2022-02-11 15:00:00,USA,PJM Interconnection,US-MIDA-PJM,352.82,416.65,44.28,11.88,pjm.com,false,
2022-02-11 16:00:00,USA,PJM Interconnection,US-MIDA-PJM,345.57,408.91,45.04,12.07,pjm.com,false,
2022-02-11 17:00:00,USA,PJM Interconnection,US-MIDA-PJM,342.87,406.03,45.28,11.77,pjm.com,false,
2022-02-11 18:00:00,USA,PJM Interconnection,US-MIDA-PJM,339.47,401.52,46.27,12.23,pjm.com,false,
2022-02-11 19:00:00,USA,PJM Interconnection,US-MIDA-PJM,337.1,398.04,47.22,12.69,pjm.com,false,
2022-02-11 20:00:00,USA,PJM Interconnection,US-MIDA-PJM,337.48,398.8,46.88,12.42,pjm.com,false,
2022-02-11 21:00:00,USA,PJM Interconnection,US-MIDA-PJM,342.49,404.75,45.86,11.52,pjm.com,false,
2022-02-11 22:00:00,USA,PJM Interconnection,US-MIDA-PJM,346.49,409.64,44.89,10.73,pjm.com,false,
2022-02-11 23:00:00,USA,PJM Interconnection,US-MIDA-PJM,355.52,420.13,43.34,10.53,pjm.com,false,
2022-02-12 00:00:00,USA,PJM Interconnection,US-MIDA-PJM,354.47,418.58,43.76,10.63,pjm.com,false,
2022-02-12 01:00:00,USA,PJM Interconnection,US-MIDA-PJM,349.83,413.67,44.22,10.59,pjm.com,false,
2022-02-12 02:00:00,USA,PJM Interconnection,US-MIDA-PJM,349.72,413.5,44.2,9.98,pjm.com,false,
2022-02-12 03:00:00,USA,PJM Interconnection,US-MIDA-PJM,347.55,410.18,45.12,9.83,pjm.com,false,
2022-02-12 04:00:00,USA,PJM Interconnection,US-MIDA-PJM,342.61,404.06,46.25,10.05,pjm.com,false,
2022-02-12 05:00:00,USA,PJM Interconnection,US-MIDA-PJM,342.55,403.32,46.74,9.67,pjm.com,false,
2022-02-12 06:00:00,USA,PJM Interconnection,US-MIDA-PJM,340.78,401.12,47.17,9.67,pjm.com,false,
2022-02-12 07:00:00,USA,PJM Interconnection,US-MIDA-PJM,339.92,400.34,47.15,9.65,pjm.com,false,
2022-02-12 08:00:00,USA,PJM Interconnection,US-MIDA-PJM,340.3,401.05,46.89,9.34,pjm.com,false,
2022-02-12 09:00:00,USA,PJM Interconnection,US-MIDA-PJM,342.01,402.88,46.7,9.05,pjm.com,false,
2022-02-12 10:00:00,USA,PJM Interconnection,US-MIDA-PJM,343.82,405.7,45.9,8.89,pjm.com,false,
2022-02-12 11:00:00,USA,PJM Interconnection,US-MIDA-PJM,350.97,413.79,44.85,8.62,pjm.com,false,
2022-02-12 12:00:00,USA,PJM Interconnection,US-MIDA-PJM,358.41,422.72,43.38,8.14,pjm.com,false,
2022-02-12 13:00:00,USA,PJM Interconnection,US-MIDA-PJM,358.12,422.69,43.4,9.19,pjm.com,false,
2022-02-12 14:00:00,USA,PJM Interconnection,US-MIDA-PJM,358.71,423.94,42.95,9.11,pjm.com,false,
2022-02-12 15:00:00,USA,PJM Interconnection,US-MIDA-PJM,366.85,432.8,42.01,8.31,pjm.com,false,
2022-02-12 16:00:00,USA,PJM Interconnection,US-MIDA-PJM,374.51,440.56,41.57,7.68,pjm.com,false,
2022-02-12 17:00:00,USA,PJM Interconnection,US-MIDA-PJM,378.89,444.7,41.47,6.97,pjm.com,false,
2022-02-12 18:00:00,USA,PJM Interconnection,US-MIDA-PJM,376.0,441.52,41.84,6.97,pjm.com,false,
2022-02-12 19:00:00,USA,PJM Interconnection,US-MIDA-PJM,369.95,435.68,42.0,6.51,pjm.com,false,
2022-02-12 20:00:00,USA,PJM Interconnection,US-MIDA-PJM,374.01,440.48,41.2,5.58,pjm.com,false,
2022-02-12 21:00:00,USA,PJM Interconnection,US-MIDA-PJM,377.97,445.3,40.31,5.39,pjm.com,false,
2022-02-12 22:00:00,USA,PJM Interconnection,US-MIDA-PJM,391.94,460.69,38.48,4.94,pjm.com,false,
2022-02-12 23:00:00,USA,PJM Interconnection,US-MIDA-PJM,393.26,462.33,38.26,6.05,pjm.com,false,
2022-02-13 00:00:00,USA,PJM Interconnection,US-MIDA-PJM,399.33,468.82,37.58,5.25,pjm.com,false,
2022-02-13 01:00:00,USA,PJM Interconnection,US-MIDA-PJM,404.99,475.13,36.74,4.09,pjm.com,false,
2022-02-13 02:00:00,USA,PJM Interconnection,US-MIDA-PJM,405.28,475.54,36.57,3.42,pjm.com,false,
2022-02-13 03:00:00,USA,PJM Interconnection,US-MIDA-PJM,404.05,474.33,36.6,2.74,pjm.com,false,
2022-02-13 04:00:00,USA,PJM Interconnection,US-MIDA-PJM,398.54,467.84,37.61,2.25,pjm.com,false,
2022-02-13 05:00:00,USA,PJM Interconnection,US-MIDA-PJM,393.02,461.68,38.37,2.15,pjm.com,false,
2022-02-13 06:00:00,USA,PJM Interconnection,US-MIDA-PJM,392.13,461.31,38.04,1.91,pjm.com,false,
2022-02-13 07:00:00,USA,PJM Interconnection,US-MIDA-PJM,394.37,463.49,37.97,1.87,pjm.com,false,
2022-02-13 08:00:00,USA,PJM Interconnection,US-MIDA-PJM,393.57,462.72,37.99,1.76,pjm.com,false,
2022-02-13 09:00:00,USA,PJM Interconnection,US-MIDA-PJM,393.72,462.72,38.16,1.94,pjm.com,false,
2022-02-13 10:00:00,USA,PJM Interconnection,US-MIDA-PJM,392.71,461.92,38.16,2.16,pjm.com,false,
2022-02-13 11:00:00,USA,PJM Interconnection,US-MIDA-PJM,394.55,464.52,37.52,2.39,pjm.com,false,
2022-02-13 12:00:00,USA,PJM Interconnection,US-MIDA-PJM,402.54,473.49,36.4,2.52,pjm.com,false,
2022-02-13 13:00:00,USA,PJM Interconnection,US-MIDA-PJM,409.75,481.54,35.42,2.72,pjm.com,false,
2022-02-13 14:00:00,USA,PJM Interconnection,US-MIDA-PJM,412.78,485.06,34.95,3.17,pjm.com,false,
2022-02-13 15:00:00,USA,PJM Interconnection,US-MIDA-PJM,420.4,492.72,34.56,3.34,pjm.com,false,
2022-02-13 16:00:00,USA,PJM Interconnection,US-MIDA-PJM,425.11,496.98,34.59,3.16,pjm.com,false,
2022-02-13 17:00:00,USA,PJM Interconnection,US-MIDA-PJM,422.75,493.57,35.5,3.69,pjm.com,false,
2022-02-13 18:00:00,USA,PJM Interconnection,US-MIDA-PJM,420.52,490.84,35.97,3.99,pjm.com,false,
2022-02-13 19:00:00,USA,PJM Interconnection,US-MIDA-PJM,412.1,481.92,36.81,4.41,pjm.com,false,
2022-02-13 20:00:00,USA,PJM Interconnection,US-MIDA-PJM,413.64,483.34,36.82,4.73,pjm.com,false,
2022-02-13 21:00:00,USA,PJM Interconnection,US-MIDA-PJM,414.82,485.15,36.31,4.59,pjm.com,false,
2022-02-13 22:00:00,USA,PJM Interconnection,US-MIDA-PJM,414.34,485.42,35.85,5.09,pjm.com,false,
2022-02-13 23:00:00,USA,PJM Interconnection,US-MIDA-PJM,418.96,490.39,35.45,5.6,pjm.com,false,
2022-02-14 00:00:00,USA,PJM Interconnection,US-MIDA-PJM,420.22,491.63,35.38,5.17,pjm.com,false,
2022-02-14 01:00:00,USA,PJM Interconnection,US-MIDA-PJM,421.54,493.04,35.24,4.68,pjm.com,false,
2022-02-14 02:00:00,USA,PJM Interconnection,US-MIDA-PJM,425.3,497.33,34.56,4.02,pjm.com,false,
2022-02-14 03:00:00,USA,PJM Interconnection,US-MIDA-PJM,428.89,501.35,33.92,2.98,pjm.com,false,
2022-02-14 04:00:00,USA,PJM Interconnection,US-MIDA-PJM,431.25,503.71,33.7,1.87,pjm.com,false,
2022-02-14 05:00:00,USA,PJM Interconnection,US-MIDA-PJM,427.19,499.7,33.9,1.72,pjm.com,false,
2022-02-14 06:00:00,USA,PJM Interconnection,US-MIDA-PJM,427.14,499.06,34.35,1.79,pjm.com,false,
2022-02-14 07:00:00,USA,PJM Interconnection,US-MIDA-PJM,427.62,499.49,34.37,1.81,pjm.com,false,
2022-02-14 08:00:00,USA,PJM Interconnection,US-MIDA-PJM,427.87,499.86,34.26,2.01,pjm.com,false,
2022-02-14 09:00:00,USA,PJM Interconnection,US-MIDA-PJM,429.66,502.12,33.98,2.44,pjm.com,false,
2022-02-14 10:00:00,USA,PJM Interconnection,US-MIDA-PJM,421.16,493.72,34.55,4.14,pjm.com,false,
2022-02-14 11:00:00,USA,PJM Interconnection,US-MIDA-PJM,422.58,496.59,33.6,5.52,pjm.com,false,
2022-02-14 12:00:00,USA,PJM Interconnection,US-MIDA-PJM,430.1,505.05,32.67,5.82,pjm.com,false,
2022-02-14 13:00:00,USA,PJM Interconnection,US-MIDA-PJM,430.51,504.82,33.09,6.05,pjm.com,false,
2022-02-14 14:00:00,USA,PJM Interconnection,US-MIDA-PJM,432.34,506.04,33.43,6.1,pjm.com,false,
2022-02-14 15:00:00,USA,PJM Interconnection,US-MIDA-PJM,433.56,506.87,33.36,5.42,pjm.com,false,
2022-02-14 16:00:00,USA,PJM Interconnection,US-MIDA-PJM,435.06,507.8,33.64,5.18,pjm.com,false,
2022-02-14 17:00:00,USA,PJM Interconnection,US-MIDA-PJM,435.56,508.0,33.83,5.02,pjm.com,false,
2022-02-14 18:00:00,USA,PJM Interconnection,US-MIDA-PJM,427.3,499.26,34.64,5.2,pjm.com,false,
2022-02-14 19:00:00,USA,PJM Interconnection,US-MIDA-PJM,420.95,492.61,35.2,5.2,pjm.com,false,
2022-02-14 20:00:00,USA,PJM Interconnection,US-MIDA-PJM,422.79,494.76,34.87,4.88,pjm.com,false,
2022-02-14 21:00:00,USA,PJM Interconnection,US-MIDA-PJM,425.02,497.78,34.16,4.33,pjm.com,false,
2022-02-14 22:00:00,USA,PJM Interconnection,US-MIDA-PJM,426.07,500.6,32.98,3.81,pjm.com,false,
2022-02-14 23:00:00,USA,PJM Interconnection,US-MIDA-PJM,424.99,499.75,32.87,5.25,pjm.com,false,
2022-02-15 00:00:00,USA,PJM Interconnection,US-MIDA-PJM,430.49,505.28,32.54,4.92,pjm.com,false,
2022-02-15 01:00:00,USA,PJM Interconnection,US-MIDA-PJM,437.55,512.43,32.07,4.23,pjm.com,false,
2022-02-15 02:00:00,USA,PJM Interconnection,US-MIDA-PJM,439.26,513.51,32.28,3.73,pjm.com,false,
2022-02-15 03:00:00,USA,PJM Interconnection,US-MIDA-PJM,441.77,515.64,32.25,2.97,pjm.com,false,
2022-02-15 04:00:00,USA,PJM Interconnection,US-MIDA-PJM,442.09,515.65,32.42,2.48,pjm.com,false,
2022-02-15 05:00:00,USA,PJM Interconnection,US-MIDA-PJM,443.06,516.18,32.68,2.08,pjm.com,false,
2022-02-15 06:00:00,USA,PJM Interconnection,US-MIDA-PJM,441.25,514.22,32.89,2.08,pjm.com,false,
2022-02-15 07:00:00,USA,PJM Interconnection,US-MIDA-PJM,441.81,514.95,32.73,2.03,pjm.com,false,
2022-02-15 08:00:00,USA,PJM Interconnection,US-MIDA-PJM,441.93,515.17,32.87,2.45,pjm.com,false,
2022-02-15 09:00:00,USA,PJM Interconnection,US-MIDA-PJM,439.72,512.9,33.18,3.25,pjm.com,false,
2022-02-15 10:00:00,USA,PJM Interconnection,US-MIDA-PJM,431.13,505.15,33.42,4.8,pjm.com,false,
2022-02-15 11:00:00,USA,PJM Interconnection,US-MIDA-PJM,428.74,504.65,32.83,6.07,pjm.com,false,
2022-02-15 12:00:00,USA,PJM Interconnection,US-MIDA-PJM,431.39,507.89,32.58,6.76,pjm.com,false,
2022-02-15 13:00:00,USA,PJM Interconnection,US-MIDA-PJM,426.63,500.54,34.05,7.66,pjm.com,false,
2022-02-15 14:00:00,USA,PJM Interconnection,US-MIDA-PJM,425.55,497.41,35.04,7.24,pjm.com,false,
2022-02-15 15:00:00,USA,PJM Interconnection,US-MIDA-PJM,424.86,495.15,36.25,7.14,pjm.com,false,
2022-02-15 16:00:00,USA,PJM Interconnection,US-MIDA-PJM,418.32,488.51,36.93,6.88,pjm.com,false,
2022-02-15 17:00:00,USA,PJM Interconnection,US-MIDA-PJM,410.47,480.0,37.86,7.27,pjm.com,false,
2022-02-15 18:00:00,USA,PJM Interconnection,US-MIDA-PJM,401.12,470.0,38.85,7.8,pjm.com,false,
2022-02-15 19:00:00,USA,PJM Interconnection,US-MIDA-PJM,393.34,461.27,39.99,8.37,pjm.com,false,
2022-02-15 20:00:00,USA,PJM Interconnection,US-MIDA-PJM,389.31,456.56,40.89,8.87,pjm.com,false,
2022-02-15 21:00:00,USA,PJM Interconnection,US-MIDA-PJM,388.19,455.9,40.5,8.7,pjm.com,false,
2022-02-15 22:00:00,USA,PJM Interconnection,US-MIDA-PJM,394.4,463.77,38.89,8.12,pjm.com,false,
2022-02-15 23:00:00,USA,PJM Interconnection,US-MIDA-PJM,397.26,467.31,38.33,9.29,pjm.com,false,
2022-02-16 00:00:00,USA,PJM Interconnection,US-MIDA-PJM,400.99,471.06,37.98,8.88,pjm.com,false,
2022-02-16 01:00:00,USA,PJM Interconnection,US-MIDA-PJM,394.98,463.72,38.98,9.56,pjm.com,false,
2022-02-16 02:00:00,USA,PJM Interconnection,US-MIDA-PJM,397.34,465.52,39.11,9.09,pjm.com,false,
2022-02-16 03:00:00,USA,PJM Interconnection,US-MIDA-PJM,388.63,455.07,40.74,9.22,pjm.com,false,
2022-02-16 04:00:00,USA,PJM Interconnection,US-MIDA-PJM,381.54,446.49,42.17,9.61,pjm.com,false,
2022-02-16 05:00:00,USA,PJM Interconnection,US-MIDA-PJM,381.71,446.46,41.95,9.17,pjm.com,false,
2022-02-16 06:00:00,USA,PJM Interconnection,US-MIDA-PJM,376.35,440.94,42.32,9.24,pjm.com,false,
2022-02-16 07:00:00,USA,PJM Interconnection,US-MIDA-PJM,371.2,435.57,42.74,9.37,pjm.com,false,
2022-02-16 08:00:00,USA,PJM Interconnection,US-MIDA-PJM,371.52,436.34,42.39,9.29,pjm.com,false,
2022-02-16 09:00:00,USA,PJM Interconnection,US-MIDA-PJM,372.46,437.22,42.4,9.69,pjm.com,false,
2022-02-16 10:00:00,USA,PJM Interconnection,US-MIDA-PJM,377.62,443.86,41.06,9.68,pjm.com,false,
2022-02-16 11:00:00,USA,PJM Interconnection,US-MIDA-PJM,380.13,447.51,40.22,10.96,pjm.com,false,
2022-02-16 12:00:00,USA,PJM Interconnection,US-MIDA-PJM,389.14,457.16,39.34,11.08,pjm.com,false,
2022-02-16 13:00:00,USA,PJM Interconnection,US-MIDA-PJM,384.86,451.86,40.29,11.36,pjm.com,false,
2022-02-16 14:00:00,USA,PJM Interconnection,US-MIDA-PJM,371.07,435.07,43.27,12.55,pjm.com,false,
2022-02-16 15:00:00,USA,PJM Interconnection,US-MIDA-PJM,361.4,424.41,44.49,12.55,pjm.com,false,
2022-02-16 16:00:00,USA,PJM Interconnection,US-MIDA-PJM,355.53,418.3,44.94,12.35,pjm.com,false,
2022-02-16 17:00:00,USA,PJM Interconnection,US-MIDA-PJM,351.89,414.28,45.41,12.23,pjm.com,false,
2022-02-16 18:00:00,USA,PJM Interconnection,US-MIDA-PJM,349.65,411.79,45.71,12.3,pjm.com,false,
2022-02-16 19:00:00,USA,PJM Interconnection,US-MIDA-PJM,348.55,410.44,45.93,12.22,pjm.com,false,
2022-02-16 20:00:00,USA,PJM Interconnection,US-MIDA-PJM,347.06,409.47,45.58,11.95,pjm.com,false,
2022-02-16 21:00:00,USA,PJM Interconnection,US-MIDA-PJM,348.79,411.61,45.11,11.43,pjm.com,false,
2022-02-16 22:00:00,USA,PJM Interconnection,US-MIDA-PJM,349.18,412.64,44.6,11.24,pjm.com,false,
2022-02-16 23:00:00,USA,PJM Interconnection,US-MIDA-PJM,361.16,426.4,42.65,10.72,pjm.com,false,
2022-02-17 00:00:00,USA,PJM Interconnection,US-MIDA-PJM,358.26,423.14,43.11,10.96,pjm.com,false,
2022-02-17 01:00:00,USA,PJM Interconnection,US-MIDA-PJM,358.12,422.82,43.22,10.4,pjm.com,false,
2022-02-17 02:00:00,USA,PJM Interconnection,US-MIDA-PJM,356.13,419.66,44.12,10.1,pjm.com,false,
2022-02-17 03:00:00,USA,PJM Interconnection,US-MIDA-PJM,350.59,412.69,45.38,9.94,pjm.com,false,
2022-02-17 04:00:00,USA,PJM Interconnection,US-MIDA-PJM,342.64,403.16,47.0,10.35,pjm.com,false,
2022-02-17 05:00:00,USA,PJM Interconnection,US-MIDA-PJM,335.43,394.97,48.07,10.17,pjm.com,false,
2022-02-17 06:00:00,USA,PJM Interconnection,US-MIDA-PJM,329.29,388.97,48.28,10.24,pjm.com,false,
2022-02-17 07:00:00,USA,PJM Interconnection,US-MIDA-PJM,325.33,385.01,48.5,9.96,pjm.com,false,
2022-02-17 08:00:00,USA,PJM Interconnection,US-MIDA-PJM,325.52,384.98,48.67,10.11,pjm.com,false,
2022-02-17 09:00:00,USA,PJM Interconnection,US-MIDA-PJM,325.85,385.12,48.79,10.33,pjm.com,false,
2022-02-17 10:00:00,USA,PJM Interconnection,US-MIDA-PJM,334.05,394.61,47.4,9.73,pjm.com,false,
2022-02-17 11:00:00,USA,PJM Interconnection,US-MIDA-PJM,343.68,407.42,44.63,9.81,pjm.com,false,
2022-02-17 12:00:00,USA,PJM Interconnection,US-MIDA-PJM,355.28,420.45,42.97,9.74,pjm.com,false,
2022-02-17 13:00:00,USA,PJM Interconnection,US-MIDA-PJM,351.57,416.15,43.65,10.56,pjm.com,false,
2022-02-17 14:00:00,USA,PJM Interconnection,US-MIDA-PJM,350.31,414.31,44.2,11.08,pjm.com,false,
2022-02-17 15:00:00,USA,PJM Interconnection,US-MIDA-PJM,358.31,422.36,43.74,10.68,pjm.com,false,
2022-02-17 16:00:00,USA,PJM Interconnection,US-MIDA-PJM,356.92,420.77,43.98,10.54,pjm.com,false,
2022-02-17 17:00:00,USA,PJM Interconnection,US-MIDA-PJM,364.64,429.49,42.87,9.49,pjm.com,false,
2022-02-17 18:00:00,USA,PJM Interconnection,US-MIDA-PJM,361.75,426.31,43.24,9.95,pjm.com,false,
2022-02-17 19:00:00,USA,PJM Interconnection,US-MIDA-PJM,361.74,426.23,43.23,10.1,pjm.com,false,
2022-02-17 20:00:00,USA,PJM Interconnection,US-MIDA-PJM,362.55,427.02,43.16,10.22,pjm.com,false,
2022-02-17 21:00:00,USA,PJM Interconnection,US-MIDA-PJM,360.25,424.37,43.5,10.83,pjm.com,false,
2022-02-17 22:00:00,USA,PJM Interconnection,US-MIDA-PJM,364.02,429.48,42.34,10.36,pjm.com,false,
2022-02-17 23:00:00,USA,PJM Interconnection,US-MIDA-PJM,367.61,432.7,42.49,11.44,pjm.com,false,
2022-02-18 00:00:00,USA,PJM Interconnection,US-MIDA-PJM,374.41,440.15,41.58,10.21,pjm.com,false,
2022-02-18 01:00:00,USA,PJM Interconnection,US-MIDA-PJM,376.83,442.68,41.32,9.2,pjm.com,false,
2022-02-18 02:00:00,USA,PJM Interconnection,US-MIDA-PJM,369.24,434.9,41.8,8.8,pjm.com,false,
2022-02-18 03:00:00,USA,PJM Interconnection,US-MIDA-PJM,369.24,433.81,42.56,8.24,pjm.com,false,
2022-02-18 04:00:00,USA,PJM Interconnection,US-MIDA-PJM,359.92,423.1,44.12,8.05,pjm.com,false,
2022-02-18 05:00:00,USA,PJM Interconnection,US-MIDA-PJM,352.83,416.0,44.89,7.66,pjm.com,false,
2022-02-18 06:00:00,USA,PJM Interconnection,US-MIDA-PJM,355.29,418.62,44.65,7.25,pjm.com,false,
2022-02-18 07:00:00,USA,PJM Interconnection,US-MIDA-PJM,360.05,423.64,44.22,6.58,pjm.com,false,
2022-02-18 08:00:00,USA,PJM Interconnection,US-MIDA-PJM,361.77,425.72,43.87,5.93,pjm.com,false,
2022-02-18 09:00:00,USA,PJM Interconnection,US-MIDA-PJM,362.02,426.74,43.19,5.34,pjm.com,false,
2022-02-18 10:00:00,USA,PJM Interconnection,US-MIDA-PJM,364.85,431.72,41.53,4.94,pjm.com,false,
2022-02-18 11:00:00,USA,PJM Interconnection,US-MIDA-PJM,382.47,451.72,38.97,4.96,pjm.com,false,
2022-02-18 12:00:00,USA,PJM Interconnection,US-MIDA-PJM,381.16,450.65,38.98,6.71,pjm.com,false,
2022-02-18 13:00:00,USA,PJM Interconnection,US-MIDA-PJM,383.77,453.38,38.65,6.94,pjm.com,false,
2022-02-18 14:00:00,USA,PJM Interconnection,US-MIDA-PJM,389.65,459.43,38.06,6.3,pjm.com,false,
2022-02-18 15:00:00,USA,PJM Interconnection,US-MIDA-PJM,387.32,456.48,38.62,6.77,pjm.com,false,
2022-02-18 16:00:00,USA,PJM Interconnection,US-MIDA-PJM,382.37,450.95,39.32,7.38,pjm.com,false,
2022-02-18 17:00:00,USA,PJM Interconnection,US-MIDA-PJM,363.1,430.37,41.29,8.85,pjm.com,false,
2022-02-18 18:00:00,USA,PJM Interconnection,US-MIDA-PJM,354.94,421.32,42.27,9.55,pjm.com,false,
2022-02-18 19:00:00,USA,PJM Interconnection,US-MIDA-PJM,350.19,415.79,43.02,10.04,pjm.com,false,
2022-02-18 20:00:00,USA,PJM Interconnection,US-MIDA-PJM,347.14,412.37,43.46,10.26,pjm.com,false,
2022-02-18 21:00:00,USA,PJM Interconnection,US-MIDA-PJM,344.58,409.53,43.78,10.44,pjm.com,false,
2022-02-18 22:00:00,USA,PJM Interconnection,US-MIDA-PJM,352.31,418.73,42.24,10.09,pjm.com,false,
2022-02-18 23:00:00,USA,PJM Interconnection,US-MIDA-PJM,356.98,423.92,41.7,10.97,pjm.com,false,
2022-02-19 00:00:00,USA,PJM Interconnection,US-MIDA-PJM,364.87,432.48,40.71,10.29,pjm.com,false,
2022-02-19 01:00:00,USA,PJM Interconnection,US-MIDA-PJM,367.67,435.63,40.22,9.57,pjm.com,false,
2022-02-19 02:00:00,USA,PJM Interconnection,US-MIDA-PJM,369.36,437.0,40.33,9.18,pjm.com,false,
2022-02-19 03:00:00,USA,PJM Interconnection,US-MIDA-PJM,367.62,434.14,41.23,9.13,pjm.com,false,
2022-02-19 04:00:00,USA,PJM Interconnection,US-MIDA-PJM,361.71,427.48,42.1,9.43,pjm.com,false,
2022-02-19 05:00:00,USA,PJM Interconnection,US-MIDA-PJM,355.95,421.38,42.61,9.12,pjm.com,false,
2022-02-19 06:00:00,USA,PJM Interconnection,US-MIDA-PJM,352.78,418.3,42.71,9.04,pjm.com,false,
2022-02-19 07:00:00,USA,PJM Interconnection,US-MIDA-PJM,358.47,424.39,42.12,8.83,pjm.com,false,
2022-02-19 08:00:00,USA,PJM Interconnection,US-MIDA-PJM,356.82,422.9,42.1,8.98,pjm.com,false,
2022-02-19 09:00:00,USA,PJM Interconnection,US-MIDA-PJM,355.61,421.27,42.49,9.35,pjm.com,false,
2022-02-19 10:00:00,USA,PJM Interconnection,US-MIDA-PJM,353.46,419.43,42.38,9.51,pjm.com,false,
2022-02-19 11:00:00,USA,PJM Interconnection,US-MIDA-PJM,353.19,420.14,41.81,10.1,pjm.com,false,
2022-02-19 12:00:00,USA,PJM Interconnection,US-MIDA-PJM,351.48,418.12,42.27,11.37,pjm.com,false,
2022-02-19 13:00:00,USA,PJM Interconnection,US-MIDA-PJM,345.17,411.0,43.3,12.19,pjm.com,false,
2022-02-19 14:00:00,USA,PJM Interconnection,US-MIDA-PJM,342.0,407.21,43.88,12.54,pjm.com,false,
2022-02-19 15:00:00,USA,PJM Interconnection,US-MIDA-PJM,354.26,420.07,42.77,11.01,pjm.com,false,
2022-02-19 16:00:00,USA,PJM Interconnection,US-MIDA-PJM,361.55,428.15,41.83,9.82,pjm.com,false,
2022-02-19 17:00:00,USA,PJM Interconnection,US-MIDA-PJM,365.33,432.22,41.43,8.87,pjm.com,false,
2022-02-19 18:00:00,USA,PJM Interconnection,US-MIDA-PJM,360.23,426.96,41.86,8.52,pjm.com,false,
2022-02-19 19:00:00,USA,PJM Interconnection,US-MIDA-PJM,356.18,422.89,42.1,8.28,pjm.com,false,
2022-02-19 20:00:00,USA,PJM Interconnection,US-MIDA-PJM,356.88,423.84,41.85,7.88,pjm.com,false,
2022-02-19 21:00:00,USA,PJM Interconnection,US-MIDA-PJM,360.16,428.17,40.84,7.13,pjm.com,false,
2022-02-19 22:00:00,USA,PJM Interconnection,US-MIDA-PJM,371.24,441.43,38.54,6.1,pjm.com,false,
2022-02-19 23:00:00,USA,PJM Interconnection,US-MIDA-PJM,375.9,446.43,38.19,7.82,pjm.com,false,
2022-02-20 00:00:00,USA,PJM Interconnection,US-MIDA-PJM,380.49,451.91,37.25,7.26,pjm.com,false,
2022-02-20 01:00:00,USA,PJM Interconnection,US-MIDA-PJM,381.1,452.3,37.34,7.29,pjm.com,false,
2022-02-20 02:00:00,USA,PJM Interconnection,US-MIDA-PJM,378.39,448.95,37.9,7.22,pjm.com,false,
2022-02-20 03:00:00,USA,PJM Interconnection,US-MIDA-PJM,381.63,452.43,37.41,6.29,pjm.com,false,
2022-02-20 04:00:00,USA,PJM Interconnection,US-MIDA-PJM,374.26,444.01,38.58,6.81,pjm.com,false,
2022-02-20 05:00:00,USA,PJM Interconnection,US-MIDA-PJM,361.97,429.87,40.69,8.42,pjm.com,false,
2022-02-20 06:00:00,USA,PJM Interconnection,US-MIDA-PJM,367.73,435.46,40.47,8.0,pjm.com,false,
2022-02-20 07:00:00,USA,PJM Interconnection,US-MIDA-PJM,367.66,435.24,40.59,8.16,pjm.com,false,
2022-02-20 08:00:00,USA,PJM Interconnection,US-MIDA-PJM,366.88,434.36,40.71,8.41,pjm.com,false,
2022-02-20 09:00:00,USA,PJM Interconnection,US-MIDA-PJM,360.74,427.95,41.31,9.21,pjm.com,false,
2022-02-20 10:00:00,USA,PJM Interconnection,US-MIDA-PJM,356.62,423.85,41.56,9.81,pjm.com,false,
2022-02-20 11:00:00,USA,PJM Interconnection,US-MIDA-PJM,355.86,422.97,41.75,10.84,pjm.com,false,
2022-02-20 12:00:00,USA,PJM Interconnection,US-MIDA-PJM,356.58,423.6,41.83,11.48,pjm.com,false,
2022-02-20 13:00:00,USA,PJM Interconnection,US-MIDA-PJM,348.04,413.88,43.25,12.33,pjm.com,false,
2022-02-20 14:00:00,USA,PJM Interconnection,US-MIDA-PJM,338.18,402.67,44.75,12.98,pjm.com,false,
2022-02-20 15:00:00,USA,PJM Interconnection,US-MIDA-PJM,335.63,399.84,45.09,12.67,pjm.com,false,
2022-02-20 16:00:00,USA,PJM Interconnection,US-MIDA-PJM,330.39,393.39,46.22,12.66,pjm.com,false,
2022-02-20 17:00:00,USA,PJM Interconnection,US-MIDA-PJM,326.36,388.42,47.13,12.98,pjm.com,false,
2022-02-20 18:00:00,USA,PJM Interconnection,US-MIDA-PJM,322.83,383.46,48.38,13.37,pjm.com,false,
2022-02-20 19:00:00,USA,PJM Interconnection,US-MIDA-PJM,319.02,379.07,49.01,13.56,pjm.com,false,
2022-02-20 20:00:00,USA,PJM Interconnection,US-MIDA-PJM,315.29,374.49,49.83,13.68,pjm.com,false,
2022-02-20 21:00:00,USA,PJM Interconnection,US-MIDA-PJM,317.02,377.52,48.7,12.75,pjm.com,false,
2022-02-20 22:00:00,USA,PJM Interconnection,US-MIDA-PJM,323.38,386.86,46.04,11.59,pjm.com,false,
2022-02-20 23:00:00,USA,PJM Interconnection,US-MIDA-PJM,331.7,397.14,44.19,11.77,pjm.com,false,
2022-02-21 00:00:00,USA,PJM Interconnection,US-MIDA-PJM,344.8,411.51,42.47,10.66,pjm.com,false,
2022-02-21 01:00:00,USA,PJM Interconnection,US-MIDA-PJM,351.65,418.92,41.65,9.75,pjm.com,false,
2022-02-21 02:00:00,USA,PJM Interconnection,US-MIDA-PJM,351.14,418.24,41.77,9.18,pjm.com,false,
2022-02-21 03:00:00,USA,PJM Interconnection,US-MIDA-PJM,348.61,414.89,42.46,8.85,pjm.com,false,
2022-02-21 04:00:00,USA,PJM Interconnection,US-MIDA-PJM,345.44,410.69,43.39,8.97,pjm.com,false,
2022-02-21 05:00:00,USA,PJM Interconnection,US-MIDA-PJM,344.5,409.45,43.64,8.87,pjm.com,false,
2022-02-21 06:00:00,USA,PJM Interconnection,US-MIDA-PJM,343.84,408.89,43.62,8.93,pjm.com,false,
2022-02-21 07:00:00,USA,PJM Interconnection,US-MIDA-PJM,344.69,409.91,43.49,8.63,pjm.com,false,
2022-02-21 08:00:00,USA,PJM Interconnection,US-MIDA-PJM,344.28,409.35,43.61,8.74,pjm.com,false,
2022-02-21 09:00:00,USA,PJM Interconnection,US-MIDA-PJM,348.35,414.31,42.76,8.23,pjm.com,false,
2022-02-21 10:00:00,USA,PJM Interconnection,US-MIDA-PJM,355.84,423.17,41.43,8.25,pjm.com,false,
2022-02-21 11:00:00,USA,PJM Interconnection,US-MIDA-PJM,362.65,431.14,40.35,9.18,pjm.com,false,
2022-02-21 12:00:00,USA,PJM Interconnection,US-MIDA-PJM,365.33,434.04,40.16,9.96,pjm.com,false,
2022-02-21 13:00:00,USA,PJM Interconnection,US-MIDA-PJM,361.22,429.64,40.61,10.14,pjm.com,false,
2022-02-21 14:00:00,USA,PJM Interconnection,US-MIDA-PJM,355.01,422.79,41.46,9.86,pjm.com,false,
2022-02-21 15:00:00,USA,PJM Interconnection,US-MIDA-PJM,360.12,428.07,41.02,8.41,pjm.com,false,
2022-02-21 16:00:00,USA,PJM Interconnection,US-MIDA-PJM,357.81,425.93,41.02,7.7,pjm.com,false,
2022-02-21 17:00:00,USA,PJM Interconnection,US-MIDA-PJM,357.65,425.58,41.16,7.33,pjm.com,false,
2022-02-21 18:00:00,USA,PJM Interconnection,US-MIDA-PJM,353.7,420.34,42.3,7.84,pjm.com,false,
2022-02-21 19:00:00,USA,PJM Interconnection,US-MIDA-PJM,347.67,412.91,43.62,9.03,pjm.com,false,
2022-02-21 20:00:00,USA,PJM Interconnection,US-MIDA-PJM,340.92,405.03,44.74,9.99,pjm.com,false,
2022-02-21 21:00:00,USA,PJM Interconnection,US-MIDA-PJM,341.51,406.2,44.19,9.57,pjm.com,false,
2022-02-21 22:00:00,USA,PJM Interconnection,US-MIDA-PJM,342.83,407.78,43.9,9.8,pjm.com,false,
2022-02-21 23:00:00,USA,PJM Interconnection,US-MIDA-PJM,352.24,419.22,41.89,9.42,pjm.com,false,
2022-02-22 00:00:00,USA,PJM Interconnection,US-MIDA-PJM,350.08,416.39,42.48,10.05,pjm.com,false,
2022-02-22 01:00:00,USA,PJM Interconnection,US-MIDA-PJM,343.44,408.91,43.41,10.32,pjm.com,false,
2022-02-22 02:00:00,USA,PJM Interconnection,US-MIDA-PJM,337.03,401.79,44.21,10.08,pjm.com,false,
2022-02-22 03:00:00,USA,PJM Interconnection,US-MIDA-PJM,334.06,397.31,45.44,9.99,pjm.com,false,
2022-02-22 04:00:00,USA,PJM Interconnection,US-MIDA-PJM,332.64,394.62,46.45,9.87,pjm.com,false,
2022-02-22 05:00:00,USA,PJM Interconnection,US-MIDA-PJM,330.4,391.33,47.36,9.45,pjm.com,false,
2022-02-22 06:00:00,USA,PJM Interconnection,US-MIDA-PJM,326.18,387.36,47.4,9.01,pjm.com,false,
2022-02-22 07:00:00,USA,PJM Interconnection,US-MIDA-PJM,325.25,386.6,47.32,8.87,pjm.com,false,
2022-02-22 08:00:00,USA,PJM Interconnection,US-MIDA-PJM,325.81,387.37,47.14,8.7,pjm.com,false,
2022-02-22 09:00:00,USA,PJM Interconnection,US-MIDA-PJM,325.21,386.49,47.38,8.99,pjm.com,false,
2022-02-22 10:00:00,USA,PJM Interconnection,US-MIDA-PJM,329.59,391.97,46.34,8.91,pjm.com,false,
2022-02-22 11:00:00,USA,PJM Interconnection,US-MIDA-PJM,330.17,395.01,44.6,10.25,pjm.com,false,
2022-02-22 12:00:00,USA,PJM Interconnection,US-MIDA-PJM,338.9,405.63,42.8,10.42,pjm.com,false,
2022-02-22 13:00:00,USA,PJM Interconnection,US-MIDA-PJM,346.04,413.85,41.58,9.34,pjm.com,false,
2022-02-22 14:00:00,USA,PJM Interconnection,US-MIDA-PJM,355.05,423.44,40.66,8.29,pjm.com,false,
2022-02-22 15:00:00,USA,PJM Interconnection,US-MIDA-PJM,356.44,424.86,40.61,8.36,pjm.com,false,
2022-02-22 16:00:00,USA,PJM Interconnection,US-MIDA-PJM,360.54,428.99,40.34,8.22,pjm.com,false,
2022-02-22 17:00:00,USA,PJM Interconnection,US-MIDA-PJM,354.15,421.43,41.53,9.3,pjm.com,false,
2022-02-22 18:00:00,USA,PJM Interconnection,US-MIDA-PJM,350.7,417.7,41.91,9.71,pjm.com,false,
2022-02-22 19:00:00,USA,PJM Interconnection,US-MIDA-PJM,337.88,403.62,43.45,10.87,pjm.com,false,
2022-02-22 20:00:00,USA,PJM Interconnection,US-MIDA-PJM,333.23,398.71,43.86,11.14,pjm.com,false,
2022-02-22 21:00:00,USA,PJM Interconnection,US-MIDA-PJM,331.11,396.39,44.13,11.55,pjm.com,false,
2022-02-22 22:00:00,USA,PJM Interconnection,US-MIDA-PJM,330.35,395.54,44.29,12.2,pjm.com,false,
2022-02-22 23:00:00,USA,PJM Interconnection,US-MIDA-PJM,333.32,398.25,44.4,12.85,pjm.com,false,
2022-02-23 00:00:00,USA,PJM Interconnection,US-MIDA-PJM,339.44,404.7,43.77,12.0,pjm.com,false,
2022-02-23 01:00:00,USA,PJM Interconnection,US-MIDA-PJM,333.21,397.84,44.56,11.89,pjm.com,false,
2022-02-23 02:00:00,USA,PJM Interconnection,US-MIDA-PJM,329.69,393.17,45.57,11.88,pjm.com,false,
2022-02-23 03:00:00,USA,PJM Interconnection,US-MIDA-PJM,324.05,385.67,47.22,11.75,pjm.com,false,
2022-02-23 04:00:00,USA,PJM Interconnection,US-MIDA-PJM,316.39,376.54,48.68,11.86,pjm.com,false,
2022-02-23 05:00:00,USA,PJM Interconnection,US-MIDA-PJM,312.19,371.51,49.51,11.7,pjm.com,false,
2022-02-23 06:00:00,USA,PJM Interconnection,US-MIDA-PJM,313.14,372.23,49.61,11.74,pjm.com,false,
2022-02-23 07:00:00,USA,PJM Interconnection,US-MIDA-PJM,310.33,368.69,50.3,11.79,pjm.com,false,
2022-02-23 08:00:00,USA,PJM Interconnection,US-MIDA-PJM,310.95,369.43,50.18,11.54,pjm.com,false,
2022-02-23 09:00:00,USA,PJM Interconnection,US-MIDA-PJM,314.56,374.23,49.11,11.08,pjm.com,false,
2022-02-23 10:00:00,USA,PJM Interconnection,US-MIDA-PJM,321.04,383.36,46.84,10.38,pjm.com,false,
2022-02-23 11:00:00,USA,PJM Interconnection,US-MIDA-PJM,337.73,402.95,43.88,9.59,pjm.com,false,
2022-02-23 12:00:00,USA,PJM Interconnection,US-MIDA-PJM,360.6,428.72,40.55,8.52,pjm.com,false,
2022-02-23 13:00:00,USA,PJM Interconnection,US-MIDA-PJM,368.65,437.42,39.65,7.91,pjm.com,false,
2022-02-23 14:00:00,USA,PJM Interconnection,US-MIDA-PJM,374.74,443.94,39.02,7.47,pjm.com,false,
2022-02-23 15:00:00,USA,PJM Interconnection,US-MIDA-PJM,379.6,449.37,38.42,6.92,pjm.com,false,
2022-02-23 16:00:00,USA,PJM Interconnection,US-MIDA-PJM,379.67,449.19,38.69,7.09,pjm.com,false,
2022-02-23 17:00:00,USA,PJM Interconnection,US-MIDA-PJM,383.53,453.97,37.95,6.4,pjm.com,false,
2022-02-23 18:00:00,USA,PJM Interconnection,US-MIDA-PJM,386.02,456.25,38.13,6.21,pjm.com,false,
2022-02-23 19:00:00,USA,PJM Interconnection,US-MIDA-PJM,384.24,454.59,38.23,6.38,pjm.com,false,
2022-02-23 20:00:00,USA,PJM Interconnection,US-MIDA-PJM,385.0,455.54,38.1,6.32,pjm.com,false,
2022-02-23 21:00:00,USA,PJM Interconnection,US-MIDA-PJM,386.27,457.16,37.77,6.06,pjm.com,false,
2022-02-23 22:00:00,USA,PJM Interconnection,US-MIDA-PJM,386.99,459.1,36.79,5.69,pjm.com,false,
2022-02-23 23:00:00,USA,PJM Interconnection,US-MIDA-PJM,378.55,450.11,37.67,7.62,pjm.com,false,
2022-02-24 00:00:00,USA,PJM Interconnection,US-MIDA-PJM,381.6,453.49,37.28,7.25,pjm.com,false,
2022-02-24 01:00:00,USA,PJM Interconnection,US-MIDA-PJM,386.3,458.61,36.63,5.89,pjm.com,false,
2022-02-24 02:00:00,USA,PJM Interconnection,US-MIDA-PJM,388.38,460.76,36.33,4.93,pjm.com,false,
2022-02-24 03:00:00,USA,PJM Interconnection,US-MIDA-PJM,392.65,464.72,36.25,3.78,pjm.com,false,
2022-02-24 04:00:00,USA,PJM Interconnection,US-MIDA-PJM,386.18,457.3,37.25,3.47,pjm.com,false,
2022-02-24 05:00:00,USA,PJM Interconnection,US-MIDA-PJM,375.58,445.34,38.48,3.4,pjm.com,false,
2022-02-24 06:00:00,USA,PJM Interconnection,US-MIDA-PJM,371.81,442.47,38.02,3.01,pjm.com,false,
2022-02-24 07:00:00,USA,PJM Interconnection,US-MIDA-PJM,368.89,439.62,38.13,3.05,pjm.com,false,
2022-02-24 08:00:00,USA,PJM Interconnection,US-MIDA-PJM,366.17,436.45,38.6,3.55,pjm.com,false,
2022-02-24 09:00:00,USA,PJM Interconnection,US-MIDA-PJM,364.17,434.57,38.64,4.0,pjm.com,false,
2022-02-24 10:00:00,USA,PJM Interconnection,US-MIDA-PJM,366.33,437.13,38.22,4.52,pjm.com,false,
2022-02-24 11:00:00,USA,PJM Interconnection,US-MIDA-PJM,371.22,443.23,37.2,5.55,pjm.com,false,
2022-02-24 12:00:00,USA,PJM Interconnection,US-MIDA-PJM,369.28,440.95,37.78,7.68,pjm.com,false,
2022-02-24 13:00:00,USA,PJM Interconnection,US-MIDA-PJM,372.62,444.31,38.06,8.66,pjm.com,false,
2022-02-24 14:00:00,USA,PJM Interconnection,US-MIDA-PJM,374.78,446.81,37.3,8.29,pjm.com,false,
2022-02-24 15:00:00,USA,PJM Interconnection,US-MIDA-PJM,379.83,452.35,36.68,7.46,pjm.com,false,
2022-02-24 16:00:00,USA,PJM Interconnection,US-MIDA-PJM,384.46,457.46,36.09,6.72,pjm.com,false,
2022-02-24 17:00:00,USA,PJM Interconnection,US-MIDA-PJM,386.71,459.82,35.89,6.44,pjm.com,false,
2022-02-24 18:00:00,USA,PJM Interconnection,US-MIDA-PJM,390.12,463.48,35.43,5.91,pjm.com,false,
2022-02-24 19:00:00,USA,PJM Interconnection,US-MIDA-PJM,389.0,462.1,35.67,5.88,pjm.com,false,
2022-02-24 20:00:00,USA,PJM Interconnection,US-MIDA-PJM,398.69,473.18,34.15,4.4,pjm.com,false,
2022-02-24 21:00:00,USA,PJM Interconnection,US-MIDA-PJM,396.13,470.01,34.73,4.84,pjm.com,false,
2022-02-24 22:00:00,USA,PJM Interconnection,US-MIDA-PJM,378.37,450.67,36.91,7.75,pjm.com,false,
2022-02-24 23:00:00,USA,PJM Interconnection,US-MIDA-PJM,381.02,453.47,36.84,8.27,pjm.com,false,
2022-02-25 00:00:00,USA,PJM Interconnection,US-MIDA-PJM,385.85,459.38,35.68,6.87,pjm.com,false,
2022-02-25 01:00:00,USA,PJM Interconnection,US-MIDA-PJM,394.27,468.36,34.67,5.13,pjm.com,false,
2022-02-25 02:00:00,USA,PJM Interconnection,US-MIDA-PJM,397.87,471.61,34.67,4.23,pjm.com,false,
2022-02-25 03:00:00,USA,PJM Interconnection,US-MIDA-PJM,401.04,474.44,34.65,2.65,pjm.com,false,
2022-02-25 04:00:00,USA,PJM Interconnection,US-MIDA-PJM,398.94,471.43,35.34,2.54,pjm.com,false,
2022-02-25 05:00:00,USA,PJM Interconnection,US-MIDA-PJM,393.48,465.72,35.76,2.65,pjm.com,false,
2022-02-25 06:00:00,USA,PJM Interconnection,US-MIDA-PJM,385.86,457.73,36.44,2.82,pjm.com,false,
2022-02-25 07:00:00,USA,PJM Interconnection,US-MIDA-PJM,381.69,453.32,36.85,2.97,pjm.com,false,
2022-02-25 08:00:00,USA,PJM Interconnection,US-MIDA-PJM,380.65,452.36,36.83,3.01,pjm.com,false,
2022-02-25 09:00:00,USA,PJM Interconnection,US-MIDA-PJM,382.49,454.34,36.59,2.86,pjm.com,false,
2022-02-25 10:00:00,USA,PJM Interconnection,US-MIDA-PJM,384.6,456.9,36.18,2.92,pjm.com,false,
2022-02-25 11:00:00,USA,PJM Interconnection,US-MIDA-PJM,386.61,458.9,36.27,4.88,pjm.com,false,
2022-02-25 12:00:00,USA,PJM Interconnection,US-MIDA-PJM,385.17,457.87,36.17,6.31,pjm.com,false,
2022-02-25 13:00:00,USA,PJM Interconnection,US-MIDA-PJM,392.3,465.59,35.39,6.19,pjm.com,false,
2022-02-25 14:00:00,USA,PJM Interconnection,US-MIDA-PJM,391.97,464.78,35.8,6.55,pjm.com,false,
2022-02-25 15:00:00,USA,PJM Interconnection,US-MIDA-PJM,392.15,465.02,35.81,6.3,pjm.com,false,
2022-02-25 16:00:00,USA,PJM Interconnection,US-MIDA-PJM,396.61,469.67,35.24,5.09,pjm.com,false,
2022-02-25 17:00:00,USA,PJM Interconnection,US-MIDA-PJM,390.69,462.83,36.21,5.47,pjm.com,false,
2022-02-25 18:00:00,USA,PJM Interconnection,US-MIDA-PJM,386.33,457.94,36.84,5.48,pjm.com,false,
2022-02-25 19:00:00,USA,PJM Interconnection,US-MIDA-PJM,377.46,448.57,37.7,5.98,pjm.com,false,
2022-02-25 20:00:00,USA,PJM Interconnection,US-MIDA-PJM,378.57,449.85,37.5,5.76,pjm.com,false,
2022-02-25 21:00:00,USA,PJM Interconnection,US-MIDA-PJM,382.56,454.07,37.07,5.23,pjm.com,false,
2022-02-25 22:00:00,USA,PJM Interconnection,US-MIDA-PJM,388.17,460.29,36.32,5.21,pjm.com,false,
2022-02-25 23:00:00,USA,PJM Interconnection,US-MIDA-PJM,382.22,454.02,37.02,6.71,pjm.com,false,
2022-02-26 00:00:00,USA,PJM Interconnection,US-MIDA-PJM,385.56,458.17,36.19,5.96,pjm.com,false,
2022-02-26 01:00:00,USA,PJM Interconnection,US-MIDA-PJM,393.36,466.35,35.4,4.82,pjm.com,false,
2022-02-26 02:00:00,USA,PJM Interconnection,US-MIDA-PJM,394.16,466.8,35.49,4.14,pjm.com,false,
2022-02-26 03:00:00,USA,PJM Interconnection,US-MIDA-PJM,393.88,466.35,35.52,3.63,pjm.com,false,
2022-02-26 04:00:00,USA,PJM Interconnection,US-MIDA-PJM,388.79,460.75,36.16,3.38,pjm.com,false,
2022-02-26 05:00:00,USA,PJM Interconnection,US-MIDA-PJM,378.59,449.76,37.29,3.45,pjm.com,false,
2022-02-26 06:00:00,USA,PJM Interconnection,US-MIDA-PJM,372.54,443.95,37.43,3.24,pjm.com,false,
2022-02-26 07:00:00,USA,PJM Interconnection,US-MIDA-PJM,370.4,441.74,37.6,3.17,pjm.com,false,
2022-02-26 08:00:00,USA,PJM Interconnection,US-MIDA-PJM,368.86,440.47,37.47,2.98,pjm.com,false,
2022-02-26 09:00:00,USA,PJM Interconnection,US-MIDA-PJM,369.97,441.44,37.53,2.97,pjm.com,false,
2022-02-26 10:00:00,USA,PJM Interconnection,US-MIDA-PJM,372.47,444.57,36.95,3.11,pjm.com,false,
2022-02-26 11:00:00,USA,PJM Interconnection,US-MIDA-PJM,383.25,456.55,35.58,3.02,pjm.com,false,
2022-02-26 12:00:00,USA,PJM Interconnection,US-MIDA-PJM,380.21,453.24,36.04,4.29,pjm.com,false,
2022-02-26 13:00:00,USA,PJM Interconnection,US-MIDA-PJM,383.51,456.22,36.17,5.15,pjm.com,false,
2022-02-26 14:00:00,USA,PJM Interconnection,US-MIDA-PJM,390.84,463.83,35.51,4.4,pjm.com,false,
2022-02-26 15:00:00,USA,PJM Interconnection,US-MIDA-PJM,393.71,465.93,35.96,4.52,pjm.com,false,
2022-02-26 16:00:00,USA,PJM Interconnection,US-MIDA-PJM,385.36,456.41,37.28,5.14,pjm.com,false,
2022-02-26 17:00:00,USA,PJM Interconnection,US-MIDA-PJM,378.54,449.07,38.05,5.48,pjm.com,false,
2022-02-26 18:00:00,USA,PJM Interconnection,US-MIDA-PJM,372.59,442.73,38.64,5.52,pjm.com,false,
2022-02-26 19:00:00,USA,PJM Interconnection,US-MIDA-PJM,368.16,437.51,39.43,5.7,pjm.com,false,
2022-02-26 20:00:00,USA,PJM Interconnection,US-MIDA-PJM,364.33,433.6,39.64,5.76,pjm.com,false,
2022-02-26 21:00:00,USA,PJM Interconnection,US-MIDA-PJM,363.79,433.35,39.42,5.79,pjm.com,false,
2022-02-26 22:00:00,USA,PJM Interconnection,US-MIDA-PJM,363.52,433.0,39.47,6.58,pjm.com,false,
2022-02-26 23:00:00,USA,PJM Interconnection,US-MIDA-PJM,371.04,441.86,38.07,6.43,pjm.com,false,
2022-02-27 00:00:00,USA,PJM Interconnection,US-MIDA-PJM,376.14,446.85,37.88,6.34,pjm.com,false,
2022-02-27 01:00:00,USA,PJM Interconnection,US-MIDA-PJM,371.8,442.12,38.39,6.74,pjm.com,false,
2022-02-27 02:00:00,USA,PJM Interconnection,US-MIDA-PJM,367.7,437.07,39.24,7.04,pjm.com,false,
2022-02-27 03:00:00,USA,PJM Interconnection,US-MIDA-PJM,363.51,432.54,39.61,6.76,pjm.com,false,
2022-02-27 04:00:00,USA,PJM Interconnection,US-MIDA-PJM,356.39,423.75,41.21,7.64,pjm.com,false,
2022-02-27 05:00:00,USA,PJM Interconnection,US-MIDA-PJM,352.33,419.03,41.94,8.03,pjm.com,false,
2022-02-27 06:00:00,USA,PJM Interconnection,US-MIDA-PJM,347.57,413.34,42.89,8.27,pjm.com,false,
2022-02-27 07:00:00,USA,PJM Interconnection,US-MIDA-PJM,345.71,411.25,43.16,8.42,pjm.com,false,
2022-02-27 08:00:00,USA,PJM Interconnection,US-MIDA-PJM,346.74,412.04,43.3,8.45,pjm.com,false,
2022-02-27 09:00:00,USA,PJM Interconnection,US-MIDA-PJM,347.43,412.94,43.12,8.39,pjm.com,false,
2022-02-27 10:00:00,USA,PJM Interconnection,US-MIDA-PJM,349.69,416.12,42.31,8.14,pjm.com,false,
2022-02-27 11:00:00,USA,PJM Interconnection,US-MIDA-PJM,353.24,420.49,41.55,8.05,pjm.com,false,
2022-02-27 12:00:00,USA,PJM Interconnection,US-MIDA-PJM,361.23,428.95,40.79,7.82,pjm.com,false,
2022-02-27 13:00:00,USA,PJM Interconnection,US-MIDA-PJM,361.78,429.27,41.02,8.1,pjm.com,false,
2022-02-27 14:00:00,USA,PJM Interconnection,US-MIDA-PJM,357.76,424.99,41.54,8.22,pjm.com,false,
2022-02-27 15:00:00,USA,PJM Interconnection,US-MIDA-PJM,359.82,426.93,41.51,7.47,pjm.com,false,
2022-02-27 16:00:00,USA,PJM Interconnection,US-MIDA-PJM,359.35,426.48,41.59,7.19,pjm.com,false,
2022-02-27 17:00:00,USA,PJM Interconnection,US-MIDA-PJM,356.24,422.64,42.3,7.52,pjm.com,false,
2022-02-27 18:00:00,USA,PJM Interconnection,US-MIDA-PJM,351.81,417.22,43.22,8.05,pjm.com,false,
2022-02-27 19:00:00,USA,PJM Interconnection,US-MIDA-PJM,345.68,409.85,44.47,8.54,pjm.com,false,
2022-02-27 20:00:00,USA,PJM Interconnection,US-MIDA-PJM,345.19,409.14,44.66,8.51,pjm.com,false,
2022-02-27 21:00:00,USA,PJM Interconnection,US-MIDA-PJM,347.62,412.7,43.69,8.1,pjm.com,false,
2022-02-27 22:00:00,USA,PJM Interconnection,US-MIDA-PJM,355.04,422.42,41.55,6.99,pjm.com,false,
2022-02-27 23:00:00,USA,PJM Interconnection,US-MIDA-PJM,361.59,431.25,39.53,6.86,pjm.com,false,
2022-02-28 00:00:00,USA,PJM Interconnection,US-MIDA-PJM,376.35,446.99,38.03,6.21,pjm.com,false,
2022-02-28 01:00:00,USA,PJM Interconnection,US-MIDA-PJM,381.89,452.92,37.34,5.39,pjm.com,false,
2022-02-28 02:00:00,USA,PJM Interconnection,US-MIDA-PJM,381.04,451.51,37.8,5.32,pjm.com,false,
2022-02-28 03:00:00,USA,PJM Interconnection,US-MIDA-PJM,379.07,449.24,38.04,4.45,pjm.com,false,
2022-02-28 04:00:00,USA,PJM Interconnection,US-MIDA-PJM,373.68,443.0,38.97,4.17,pjm.com,false,
2022-02-28 05:00:00,USA,PJM Interconnection,US-MIDA-PJM,370.03,438.74,39.61,3.8,pjm.com,false,
2022-02-28 06:00:00,USA,PJM Interconnection,US-MIDA-PJM,372.29,441.04,39.47,3.57,pjm.com,false,
2022-02-28 07:00:00,USA,PJM Interconnection,US-MIDA-PJM,375.18,444.29,39.06,3.44,pjm.com,false,
2022-02-28 08:00:00,USA,PJM Interconnection,US-MIDA-PJM,374.64,444.01,38.91,3.42,pjm.com,false,
2022-02-28 09:00:00,USA,PJM Interconnection,US-MIDA-PJM,381.65,452.35,37.58,3.4,pjm.com,false,
2022-02-28 10:00:00,USA,PJM Interconnection,US-MIDA-PJM,381.13,452.88,36.98,4.36,pjm.com,false,
2022-02-28 11:00:00,USA,PJM Interconnection,US-MIDA-PJM,384.65,456.82,36.65,6.53,pjm.com,false,
2022-02-28 12:00:00,USA,PJM Interconnection,US-MIDA-PJM,387.61,459.62,36.72,7.55,pjm.com,false,
2022-02-28 13:00:00,USA,PJM Interconnection,US-MIDA-PJM,378.27,448.3,38.85,9.23,pjm.com,false,
2022-02-28 14:00:00,USA,PJM Interconnection,US-MIDA-PJM,369.86,438.09,40.57,9.91,pjm.com,false,
2022-02-28 15:00:00,USA,PJM Interconnection,US-MIDA-PJM,370.02,437.33,41.23,9.63,pjm.com,false,
2022-02-28 16:00:00,USA,PJM Interconnection,US-MIDA-PJM,370.56,438.27,40.85,8.56,pjm.com,false,
2022-02-28 17:00:00,USA,PJM Interconnection,US-MIDA-PJM,363.98,430.39,42.11,9.07,pjm.com,false,
2022-02-28 18:00:00,USA,PJM Interconnection,US-MIDA-PJM,355.09,419.88,43.79,9.92,pjm.com,false,
2022-02-28 19:00:00,USA,PJM Interconnection,US-MIDA-PJM,344.53,407.59,45.61,10.87,pjm.com,false,
2022-02-28 20:00:00,USA,PJM Interconnection,US-MIDA-PJM,343.8,406.36,46.14,10.85,pjm.com,false,
2022-02-28 21:00:00,USA,PJM Interconnection,US-MIDA-PJM,348.55,412.25,44.97,9.88,pjm.com,false,
2022-02-28 22:00:00,USA,PJM Interconnection,US-MIDA-PJM,359.71,426.98,41.69,8.27,pjm.com,false,
2022-02-28 23:00:00,USA,PJM Interconnection,US-MIDA-PJM,365.53,433.48,40.96,9.09,pjm.com,false,
2022-03-01 00:00:00,USA,PJM Interconnection,US-MIDA-PJM,371.33,440.05,39.9,9.26,pjm.com,false,
2022-03-01 01:00:00,USA,PJM Interconnection,US-MIDA-PJM,375.18,443.99,39.54,8.62,pjm.com,false,
2022-03-01 02:00:00,USA,PJM Interconnection,US-MIDA-PJM,371.77,440.32,39.77,8.17,pjm.com,false,
2022-03-01 03:00:00,USA,PJM Interconnection,US-MIDA-PJM,367.6,435.26,40.5,7.75,pjm.com,false,
2022-03-01 04:00:00,USA,PJM Interconnection,US-MIDA-PJM,363.1,429.59,41.58,7.41,pjm.com,false,
2022-03-01 05:00:00,USA,PJM Interconnection,US-MIDA-PJM,358.43,423.6,42.77,8.05,pjm.com,false,
2022-03-01 06:00:00,USA,PJM Interconnection,US-MIDA-PJM,356.59,422.43,42.36,8.21,pjm.com,false,
2022-03-01 07:00:00,USA,PJM Interconnection,US-MIDA-PJM,354.25,419.99,42.54,8.29,pjm.com,false,
2022-03-01 08:00:00,USA,PJM Interconnection,US-MIDA-PJM,353.62,418.74,43.04,8.42,pjm.com,false,
2022-03-01 09:00:00,USA,PJM Interconnection,US-MIDA-PJM,362.29,429.0,41.44,7.9,pjm.com,false,
2022-03-01 10:00:00,USA,PJM Interconnection,US-MIDA-PJM,372.7,441.15,39.62,7.5,pjm.com,false,
2022-03-01 11:00:00,USA,PJM Interconnection,US-MIDA-PJM,373.88,442.62,39.54,9.39,pjm.com,false,
2022-03-01 12:00:00,USA,PJM Interconnection,US-MIDA-PJM,381.1,451.05,38.43,9.19,pjm.com,false,
2022-03-01 13:00:00,USA,PJM Interconnection,US-MIDA-PJM,382.95,452.89,38.38,9.14,pjm.com,false,
2022-03-01 14:00:00,USA,PJM Interconnection,US-MIDA-PJM,384.54,454.3,38.45,8.18,pjm.com,false,
2022-03-01 15:00:00,USA,PJM Interconnection,US-MIDA-PJM,383.41,453.63,38.24,7.41,pjm.com,false,
2022-03-01 16:00:00,USA,PJM Interconnection,US-MIDA-PJM,382.96,452.79,38.52,6.79,pjm.com,false,
2022-03-01 17:00:00,USA,PJM Interconnection,US-MIDA-PJM,376.97,446.38,39.12,6.85,pjm.com,false,
2022-03-01 18:00:00,USA,PJM Interconnection,US-MIDA-PJM,373.15,442.78,39.14,6.79,pjm.com,false,
2022-03-01 19:00:00,USA,PJM Interconnection,US-MIDA-PJM,363.41,432.12,40.36,7.53,pjm.com,false,
2022-03-01 20:00:00,USA,PJM Interconnection,US-MIDA-PJM,367.38,436.32,39.97,6.83,pjm.com,false,
2022-03-01 21:00:00,USA,PJM Interconnection,US-MIDA-PJM,372.9,442.65,38.96,5.77,pjm.com,false,
2022-03-01 22:00:00,USA,PJM Interconnection,US-MIDA-PJM,381.42,452.72,37.28,4.68,pjm.com,false,
2022-03-01 23:00:00,USA,PJM Interconnection,US-MIDA-PJM,388.16,460.03,36.52,4.91,pjm.com,false,
2022-03-02 00:00:00,USA,PJM Interconnection,US-MIDA-PJM,391.95,463.71,36.27,4.95,pjm.com,false,
2022-03-02 01:00:00,USA,PJM Interconnection,US-MIDA-PJM,389.1,460.19,36.9,5.0,pjm.com,false,
2022-03-02 02:00:00,USA,PJM Interconnection,US-MIDA-PJM,381.35,451.79,37.75,4.78,pjm.com,false,
2022-03-02 03:00:00,USA,PJM Interconnection,US-MIDA-PJM,375.07,444.77,38.59,4.36,pjm.com,false,
2022-03-02 04:00:00,USA,PJM Interconnection,US-MIDA-PJM,363.57,432.58,39.7,4.36,pjm.com,false,
2022-03-02 05:00:00,USA,PJM Interconnection,US-MIDA-PJM,351.29,419.32,41.06,4.13,pjm.com,false,
2022-03-02 06:00:00,USA,PJM Interconnection,US-MIDA-PJM,344.85,412.72,41.52,4.2,pjm.com,false,
2022-03-02 07:00:00,USA,PJM Interconnection,US-MIDA-PJM,342.16,409.77,41.87,4.43,pjm.com,false,
2022-03-02 08:00:00,USA,PJM Interconnection,US-MIDA-PJM,343.58,410.77,42.12,4.71,pjm.com,false,
2022-03-02 09:00:00,USA,PJM Interconnection,US-MIDA-PJM,346.4,414.17,41.54,4.57,pjm.com,false,
2022-03-02 10:00:00,USA,PJM Interconnection,US-MIDA-PJM,355.62,425.98,39.16,4.29,pjm.com,false,
2022-03-02 11:00:00,USA,PJM Interconnection,US-MIDA-PJM,364.43,435.39,38.47,6.38,pjm.com,false,
2022-03-02 12:00:00,USA,PJM Interconnection,US-MIDA-PJM,371.62,443.2,37.81,7.01,pjm.com,false,
2022-03-02 13:00:00,USA,PJM Interconnection,US-MIDA-PJM,365.73,436.59,38.7,7.39,pjm.com,false,
2022-03-02 14:00:00,USA,PJM Interconnection,US-MIDA-PJM,356.32,426.82,39.44,7.04,pjm.com,false,
2022-03-02 15:00:00,USA,PJM Interconnection,US-MIDA-PJM,353.63,424.36,39.45,6.92,pjm.com,false,
2022-03-02 16:00:00,USA,PJM Interconnection,US-MIDA-PJM,349.23,419.24,40.2,6.72,pjm.com,false,
2022-03-02 17:00:00,USA,PJM Interconnection,US-MIDA-PJM,347.06,416.56,40.7,7.13,pjm.com,false,
2022-03-02 18:00:00,USA,PJM Interconnection,US-MIDA-PJM,345.32,414.63,40.94,7.32,pjm.com,false,
2022-03-02 19:00:00,USA,PJM Interconnection,US-MIDA-PJM,341.9,410.34,41.73,7.73,pjm.com,false,
2022-03-02 20:00:00,USA,PJM Interconnection,US-MIDA-PJM,342.08,410.49,41.62,7.68,pjm.com,false,
2022-03-02 21:00:00,USA,PJM Interconnection,US-MIDA-PJM,343.82,412.65,41.15,6.9,pjm.com,false,
2022-03-02 22:00:00,USA,PJM Interconnection,US-MIDA-PJM,363.71,434.5,38.51,4.91,pjm.com,false,
2022-03-02 23:00:00,USA,PJM Interconnection,US-MIDA-PJM,377.14,449.2,36.89,4.9,pjm.com,false,
2022-03-03 00:00:00,USA,PJM Interconnection,US-MIDA-PJM,374.43,446.04,37.34,5.63,pjm.com,false,
2022-03-03 01:00:00,USA,PJM Interconnection,US-MIDA-PJM,361.83,431.56,39.27,7.02,pjm.com,false,
2022-03-03 02:00:00,USA,PJM Interconnection,US-MIDA-PJM,346.0,413.01,42.09,9.07,pjm.com,false,
2022-03-03 03:00:00,USA,PJM Interconnection,US-MIDA-PJM,328.36,392.9,44.79,10.08,pjm.com,false,
2022-03-03 04:00:00,USA,PJM Interconnection,US-MIDA-PJM,321.41,385.26,45.63,10.0,pjm.com,false,
2022-03-03 05:00:00,USA,PJM Interconnection,US-MIDA-PJM,318.4,382.77,45.42,9.19,pjm.com,false,
2022-03-03 06:00:00,USA,PJM Interconnection,US-MIDA-PJM,315.2,379.42,45.72,8.92,pjm.com,false,
2022-03-03 07:00:00,USA,PJM Interconnection,US-MIDA-PJM,313.34,377.17,46.11,9.13,pjm.com,false,
2022-03-03 08:00:00,USA,PJM Interconnection,US-MIDA-PJM,317.02,382.05,45.04,8.38,pjm.com,false,
2022-03-03 09:00:00,USA,PJM Interconnection,US-MIDA-PJM,320.56,386.2,44.41,8.17,pjm.com,false,
2022-03-03 10:00:00,USA,PJM Interconnection,US-MIDA-PJM,332.82,401.26,41.71,7.11,pjm.com,false,
2022-03-03 11:00:00,USA,PJM Interconnection,US-MIDA-PJM,345.44,415.09,40.27,8.06,pjm.com,false,
2022-03-03 12:00:00,USA,PJM Interconnection,US-MIDA-PJM,357.18,428.05,38.92,8.24,pjm.com,false,
2022-03-03 13:00:00,USA,PJM Interconnection,US-MIDA-PJM,349.9,419.72,40.2,9.35,pjm.com,false,
2022-03-03 14:00:00,USA,PJM Interconnection,US-MIDA-PJM,349.97,420.08,39.98,8.69,pjm.com,false,
2022-03-03 15:00:00,USA,PJM Interconnection,US-MIDA-PJM,353.06,423.48,39.64,7.93,pjm.com,false,
2022-03-03 16:00:00,USA,PJM Interconnection,US-MIDA-PJM,351.95,421.78,40.13,7.96,pjm.com,false,
2022-03-03 17:00:00,USA,PJM Interconnection,US-MIDA-PJM,348.74,417.74,40.94,8.23,pjm.com,false,
2022-03-03 18:00:00,USA,PJM Interconnection,US-MIDA-PJM,354.04,423.3,40.42,7.59,pjm.com,false,
2022-03-03 19:00:00,USA,PJM Interconnection,US-MIDA-PJM,350.99,420.21,40.61,7.73,pjm.com,false,
2022-03-03 20:00:00,USA,PJM Interconnection,US-MIDA-PJM,349.75,418.92,40.66,7.66,pjm.com,false,
2022-03-03 21:00:00,USA,PJM Interconnection,US-MIDA-PJM,350.08,420.55,39.6,7.1,pjm.com,false,
2022-03-03 22:00:00,USA,PJM Interconnection,US-MIDA-PJM,360.77,432.62,37.99,6.58,pjm.com,false,
2022-03-03 23:00:00,USA,PJM Interconnection,US-MIDA-PJM,364.99,436.84,37.88,7.84,pjm.com,false,
2022-03-04 00:00:00,USA,PJM Interconnection,US-MIDA-PJM,369.64,441.91,37.22,7.77,pjm.com,false,
2022-03-04 01:00:00,USA,PJM Interconnection,US-MIDA-PJM,374.15,447.01,36.49,6.6,pjm.com,false,
2022-03-04 02:00:00,USA,PJM Interconnection,US-MIDA-PJM,380.49,453.6,35.92,5.37,pjm.com,false,
2022-03-04 03:00:00,USA,PJM Interconnection,US-MIDA-PJM,385.68,459.07,35.3,3.5,pjm.com,false,
2022-03-04 04:00:00,USA,PJM Interconnection,US-MIDA-PJM,372.23,444.66,36.71,3.61,pjm.com,false,
2022-03-04 05:00:00,USA,PJM Interconnection,US-MIDA-PJM,363.44,434.53,38.19,3.52,pjm.com,false,
2022-03-04 06:00:00,USA,PJM Interconnection,US-MIDA-PJM,362.03,433.37,38.07,3.35,pjm.com,false,
2022-03-04 07:00:00,USA,PJM Interconnection,US-MIDA-PJM,361.13,432.48,38.12,3.32,pjm.com,false,
2022-03-04 08:00:00,USA,PJM Interconnection,US-MIDA-PJM,358.51,429.75,38.36,4.01,pjm.com,false,
2022-03-04 09:00:00,USA,PJM Interconnection,US-MIDA-PJM,357.19,429.01,38.02,4.18,pjm.com,false,
2022-03-04 10:00:00,USA,PJM Interconnection,US-MIDA-PJM,356.19,428.36,37.95,5.85,pjm.com,false,
2022-03-04 11:00:00,USA,PJM Interconnection,US-MIDA-PJM,369.49,442.43,36.79,6.97,pjm.com,false,
2022-03-04 12:00:00,USA,PJM Interconnection,US-MIDA-PJM,378.12,451.4,36.25,7.77,pjm.com,false,
2022-03-04 13:00:00,USA,PJM Interconnection,US-MIDA-PJM,367.98,439.89,37.89,8.9,pjm.com,false,
2022-03-04 14:00:00,USA,PJM Interconnection,US-MIDA-PJM,365.05,436.72,38.2,8.21,pjm.com,false,
2022-03-04 15:00:00,USA,PJM Interconnection,US-MIDA-PJM,367.07,438.47,38.25,7.38,pjm.com,false,
2022-03-04 16:00:00,USA,PJM Interconnection,US-MIDA-PJM,358.2,429.24,38.97,7.36,pjm.com,false,
2022-03-04 17:00:00,USA,PJM Interconnection,US-MIDA-PJM,348.69,419.16,39.86,7.55,pjm.com,false,
2022-03-04 18:00:00,USA,PJM Interconnection,US-MIDA-PJM,344.57,414.32,40.6,7.9,pjm.com,false,
2022-03-04 19:00:00,USA,PJM Interconnection,US-MIDA-PJM,340.21,409.71,40.97,8.36,pjm.com,false,
2022-03-04 20:00:00,USA,PJM Interconnection,US-MIDA-PJM,336.34,404.47,42.04,8.74,pjm.com,false,
2022-03-04 21:00:00,USA,PJM Interconnection,US-MIDA-PJM,335.64,403.98,41.86,8.58,pjm.com,false,
2022-03-04 22:00:00,USA,PJM Interconnection,US-MIDA-PJM,343.32,413.56,39.93,7.82,pjm.com,false,
2022-03-04 23:00:00,USA,PJM Interconnection,US-MIDA-PJM,348.39,418.59,39.75,8.89,pjm.com,false,
2022-03-05 00:00:00,USA,PJM Interconnection,US-MIDA-PJM,358.38,428.86,38.9,8.28,pjm.com,false,
2022-03-05 01:00:00,USA,PJM Interconnection,US-MIDA-PJM,357.11,427.03,39.36,8.64,pjm.com,false,
2022-03-05 02:00:00,USA,PJM Interconnection,US-MIDA-PJM,354.21,423.86,39.68,8.41,pjm.com,false,
2022-03-05 03:00:00,USA,PJM Interconnection,US-MIDA-PJM,347.29,416.26,40.5,8.11,pjm.com,false,
2022-03-05 04:00:00,USA,PJM Interconnection,US-MIDA-PJM,341.51,409.54,41.51,8.08,pjm.com,false,
2022-03-05 05:00:00,USA,PJM Interconnection,US-MIDA-PJM,334.57,401.74,42.55,8.5,pjm.com,false,
2022-03-05 06:00:00,USA,PJM Interconnection,US-MIDA-PJM,327.86,394.23,43.5,8.7,pjm.com,false,
2022-03-05 07:00:00,USA,PJM Interconnection,US-MIDA-PJM,329.63,396.48,43.02,7.84,pjm.com,false,
2022-03-05 08:00:00,USA,PJM Interconnection,US-MIDA-PJM,327.17,393.63,43.43,7.82,pjm.com,false,
2022-03-05 09:00:00,USA,PJM Interconnection,US-MIDA-PJM,324.89,391.55,43.41,7.83,pjm.com,false,
2022-03-05 10:00:00,USA,PJM Interconnection,US-MIDA-PJM,328.25,394.77,43.36,8.57,pjm.com,false,
2022-03-05 11:00:00,USA,PJM Interconnection,US-MIDA-PJM,327.94,394.72,43.28,9.36,pjm.com,false,
2022-03-05 12:00:00,USA,PJM Interconnection,US-MIDA-PJM,329.27,396.26,43.11,10.18,pjm.com,false,
2022-03-05 13:00:00,USA,PJM Interconnection,US-MIDA-PJM,319.54,385.79,44.25,11.45,pjm.com,false,
2022-03-05 14:00:00,USA,PJM Interconnection,US-MIDA-PJM,316.1,382.21,44.59,11.64,pjm.com,false,
2022-03-05 15:00:00,USA,PJM Interconnection,US-MIDA-PJM,323.24,389.63,43.95,10.6,pjm.com,false,
2022-03-05 16:00:00,USA,PJM Interconnection,US-MIDA-PJM,318.29,383.32,45.24,11.17,pjm.com,false,
2022-03-05 17:00:00,USA,PJM Interconnection,US-MIDA-PJM,309.21,372.49,47.0,12.12,pjm.com,false,
2022-03-05 18:00:00,USA,PJM Interconnection,US-MIDA-PJM,303.62,366.23,47.74,12.65,pjm.com,false,
2022-03-05 19:00:00,USA,PJM Interconnection,US-MIDA-PJM,297.97,359.89,48.56,13.21,pjm.com,false,
2022-03-05 20:00:00,USA,PJM Interconnection,US-MIDA-PJM,296.38,358.49,48.48,13.15,pjm.com,false,
2022-03-05 21:00:00,USA,PJM Interconnection,US-MIDA-PJM,293.08,355.86,48.14,12.88,pjm.com,false,
2022-03-05 22:00:00,USA,PJM Interconnection,US-MIDA-PJM,300.89,364.19,47.25,12.26,pjm.com,false,
2022-03-05 23:00:00,USA,PJM Interconnection,US-MIDA-PJM,311.87,376.01,46.0,12.09,pjm.com,false,
2022-03-06 00:00:00,USA,PJM Interconnection,US-MIDA-PJM,318.06,382.51,45.42,11.94,pjm.com,false,
2022-03-06 01:00:00,USA,PJM Interconnection,US-MIDA-PJM,313.97,377.71,46.15,12.02,pjm.com,false,
2022-03-06 02:00:00,USA,PJM Interconnection,US-MIDA-PJM,314.13,377.5,46.41,11.75,pjm.com,false,
2022-03-06 03:00:00,USA,PJM Interconnection,US-MIDA-PJM,305.33,367.83,47.49,11.85,pjm.com,false,
2022-03-06 04:00:00,USA,PJM Interconnection,US-MIDA-PJM,307.74,369.34,48.04,11.96,pjm.com,false,
2022-03-06 05:00:00,USA,PJM Interconnection,US-MIDA-PJM,301.2,362.15,48.88,11.76,pjm.com,false,
2022-03-06 06:00:00,USA,PJM Interconnection,US-MIDA-PJM,294.53,354.46,50.0,11.82,pjm.com,false,
2022-03-06 07:00:00,USA,PJM Interconnection,US-MIDA-PJM,291.12,349.77,51.14,11.91,pjm.com,false,
2022-03-06 08:00:00,USA,PJM Interconnection,US-MIDA-PJM,289.72,347.73,51.7,12.18,pjm.com,false,
2022-03-06 09:00:00,USA,PJM Interconnection,US-MIDA-PJM,289.32,346.93,52.01,12.32,pjm.com,false,
2022-03-06 10:00:00,USA,PJM Interconnection,US-MIDA-PJM,291.62,349.42,51.75,12.16,pjm.com,false,
2022-03-06 11:00:00,USA,PJM Interconnection,US-MIDA-PJM,292.42,351.45,50.79,12.38,pjm.com,false,
2022-03-06 12:00:00,USA,PJM Interconnection,US-MIDA-PJM,295.16,354.97,50.1,12.62,pjm.com,false,
2022-03-06 13:00:00,USA,PJM Interconnection,US-MIDA-PJM,297.83,358.1,49.71,13.18,pjm.com,false,
2022-03-06 14:00:00,USA,PJM Interconnection,US-MIDA-PJM,297.05,357.16,49.9,13.76,pjm.com,false,
2022-03-06 15:00:00,USA,PJM Interconnection,US-MIDA-PJM,298.39,358.57,49.81,13.79,pjm.com,false,
2022-03-06 16:00:00,USA,PJM Interconnection,US-MIDA-PJM,298.74,359.08,49.69,13.52,pjm.com,false,
2022-03-06 17:00:00,USA,PJM Interconnection,US-MIDA-PJM,305.62,366.22,49.16,12.95,pjm.com,false,
2022-03-06 18:00:00,USA,PJM Interconnection,US-MIDA-PJM,302.16,362.67,49.43,12.45,pjm.com,false,
2022-03-06 19:00:00,USA,PJM Interconnection,US-MIDA-PJM,303.53,364.3,49.15,11.6,pjm.com,false,
2022-03-06 20:00:00,USA,PJM Interconnection,US-MIDA-PJM,307.67,369.29,48.29,10.64,pjm.com,false,
2022-03-06 21:00:00,USA,PJM Interconnection,US-MIDA-PJM,324.72,388.12,46.08,9.17,pjm.com,false,
2022-03-06 22:00:00,USA,PJM Interconnection,US-MIDA-PJM,339.55,404.67,44.02,7.84,pjm.com,false,
2022-03-06 23:00:00,USA,PJM Interconnection,US-MIDA-PJM,345.12,410.97,43.3,8.52,pjm.com,false,
2022-03-07 00:00:00,USA,PJM Interconnection,US-MIDA-PJM,348.92,415.76,42.36,8.28,pjm.com,false,
2022-03-07 01:00:00,USA,PJM Interconnection,US-MIDA-PJM,351.2,418.36,41.92,7.33,pjm.com,false,
2022-03-07 02:00:00,USA,PJM Interconnection,US-MIDA-PJM,356.04,422.97,41.72,5.77,pjm.com,false,
2022-03-07 03:00:00,USA,PJM Interconnection,US-MIDA-PJM,349.07,414.58,43.07,5.74,pjm.com,false,
2022-03-07 04:00:00,USA,PJM Interconnection,US-MIDA-PJM,321.87,384.96,46.23,7.41,pjm.com,false,
2022-03-07 05:00:00,USA,PJM Interconnection,US-MIDA-PJM,306.76,367.84,48.48,8.8,pjm.com,false,
2022-03-07 06:00:00,USA,PJM Interconnection,US-MIDA-PJM,305.35,365.65,49.15,8.8,pjm.com,false,
2022-03-07 07:00:00,USA,PJM Interconnection,US-MIDA-PJM,307.67,368.3,48.78,8.39,pjm.com,false,
2022-03-07 08:00:00,USA,PJM Interconnection,US-MIDA-PJM,307.76,368.68,48.57,8.28,pjm.com,false,
2022-03-07 09:00:00,USA,PJM Interconnection,US-MIDA-PJM,315.47,377.7,47.24,7.31,pjm.com,false,
2022-03-07 10:00:00,USA,PJM Interconnection,US-MIDA-PJM,325.48,389.62,45.31,6.83,pjm.com,false,
2022-03-07 11:00:00,USA,PJM Interconnection,US-MIDA-PJM,348.32,415.38,42.01,6.16,pjm.com,false,
2022-03-07 12:00:00,USA,PJM Interconnection,US-MIDA-PJM,354.52,422.81,40.9,7.01,pjm.com,false,
2022-03-07 13:00:00,USA,PJM Interconnection,US-MIDA-PJM,349.18,417.05,41.53,8.2,pjm.com,false,
2022-03-07 14:00:00,USA,PJM Interconnection,US-MIDA-PJM,343.7,410.75,42.42,9.3,pjm.com,false,
2022-03-07 15:00:00,USA,PJM Interconnection,US-MIDA-PJM,340.09,405.98,43.43,10.57,pjm.com,false,
2022-03-07 16:00:00,USA,PJM Interconnection,US-MIDA-PJM,334.02,399.11,44.29,11.36,pjm.com,false,
2022-03-07 17:00:00,USA,PJM Interconnection,US-MIDA-PJM,337.89,403.72,43.52,11.2,pjm.com,false,
2022-03-07 18:00:00,USA,PJM Interconnection,US-MIDA-PJM,341.13,407.08,43.25,11.14,pjm.com,false,
2022-03-07 19:00:00,USA,PJM Interconnection,US-MIDA-PJM,340.68,406.92,43.02,10.99,pjm.com,false,
2022-03-07 20:00:00,USA,PJM Interconnection,US-MIDA-PJM,341.39,407.83,42.77,10.79,pjm.com,false,
2022-03-07 21:00:00,USA,PJM Interconnection,US-MIDA-PJM,339.1,405.95,42.58,10.9,pjm.com,false,
2022-03-07 22:00:00,USA,PJM Interconnection,US-MIDA-PJM,335.01,401.38,43.29,12.18,pjm.com,false,
2022-03-07 23:00:00,USA,PJM Interconnection,US-MIDA-PJM,337.34,404.22,42.89,12.54,pjm.com,false,
2022-03-08 00:00:00,USA,PJM Interconnection,US-MIDA-PJM,341.56,408.92,42.33,11.88,pjm.com,false,
2022-03-08 01:00:00,USA,PJM Interconnection,US-MIDA-PJM,345.53,413.52,41.61,10.57,pjm.com,false,
2022-03-08 02:00:00,USA,PJM Interconnection,US-MIDA-PJM,355.66,424.28,40.48,8.17,pjm.com,false,
2022-03-08 03:00:00,USA,PJM Interconnection,US-MIDA-PJM,357.35,426.17,40.12,6.23,pjm.com,false,
2022-03-08 04:00:00,USA,PJM Interconnection,US-MIDA-PJM,353.9,421.98,40.86,5.44,pjm.com,false,
2022-03-08 05:00:00,USA,PJM Interconnection,US-MIDA-PJM,348.97,416.26,41.7,5.02,pjm.com,false,
2022-03-08 06:00:00,USA,PJM Interconnection,US-MIDA-PJM,344.58,411.58,42.15,4.72,pjm.com,false,
2022-03-08 07:00:00,USA,PJM Interconnection,US-MIDA-PJM,339.83,406.52,42.66,4.85,pjm.com,false,
2022-03-08 08:00:00,USA,PJM Interconnection,US-MIDA-PJM,343.15,410.6,41.92,4.39,pjm.com,false,
2022-03-08 09:00:00,USA,PJM Interconnection,US-MIDA-PJM,351.72,420.07,40.82,4.0,pjm.com,false,
2022-03-08 10:00:00,USA,PJM Interconnection,US-MIDA-PJM,359.44,428.93,39.57,3.74,pjm.com,false,
2022-03-08 11:00:00,USA,PJM Interconnection,US-MIDA-PJM,361.19,431.85,38.79,5.8,pjm.com,false,
2022-03-08 12:00:00,USA,PJM Interconnection,US-MIDA-PJM,365.62,436.78,38.28,7.12,pjm.com,false,
2022-03-08 13:00:00,USA,PJM Interconnection,US-MIDA-PJM,369.27,440.66,37.91,6.87,pjm.com,false,
2022-03-08 14:00:00,USA,PJM Interconnection,US-MIDA-PJM,369.51,439.99,38.61,7.06,pjm.com,false,
2022-03-08 15:00:00,USA,PJM Interconnection,US-MIDA-PJM,373.05,444.12,37.94,6.06,pjm.com,false,
2022-03-08 16:00:00,USA,PJM Interconnection,US-MIDA-PJM,372.78,443.48,38.23,6.04,pjm.com,false,
2022-03-08 17:00:00,USA,PJM Interconnection,US-MIDA-PJM,369.95,440.27,38.66,6.05,pjm.com,false,
2022-03-08 18:00:00,USA,PJM Interconnection,US-MIDA-PJM,369.83,440.79,38.19,5.6,pjm.com,false,
2022-03-08 19:00:00,USA,PJM Interconnection,US-MIDA-PJM,370.67,441.96,37.89,5.13,pjm.com,false,
2022-03-08 20:00:00,USA,PJM Interconnection,US-MIDA-PJM,371.05,442.78,37.53,4.64,pjm.com,false,
2022-03-08 21:00:00,USA,PJM Interconnection,US-MIDA-PJM,371.34,443.45,37.16,4.16,pjm.com,false,
2022-03-08 22:00:00,USA,PJM Interconnection,US-MIDA-PJM,374.63,447.59,36.35,3.98,pjm.com,false,
2022-03-08 23:00:00,USA,PJM Interconnection,US-MIDA-PJM,373.96,447.5,36.1,5.35,pjm.com,false,
2022-03-09 00:00:00,USA,PJM Interconnection,US-MIDA-PJM,373.15,446.99,36.0,6.03,pjm.com,false,
2022-03-09 01:00:00,USA,PJM Interconnection,US-MIDA-PJM,376.43,450.05,35.92,5.41,pjm.com,false,
2022-03-09 02:00:00,USA,PJM Interconnection,US-MIDA-PJM,384.01,458.26,34.89,3.45,pjm.com,false,
2022-03-09 03:00:00,USA,PJM Interconnection,US-MIDA-PJM,385.63,459.53,34.94,2.46,pjm.com,false,
2022-03-09 04:00:00,USA,PJM Interconnection,US-MIDA-PJM,381.92,455.04,35.66,2.68,pjm.com,false,
2022-03-09 05:00:00,USA,PJM Interconnection,US-MIDA-PJM,373.96,446.22,36.71,2.87,pjm.com,false,
2022-03-09 06:00:00,USA,PJM Interconnection,US-MIDA-PJM,363.26,434.98,37.68,2.92,pjm.com,false,
2022-03-09 07:00:00,USA,PJM Interconnection,US-MIDA-PJM,362.87,434.56,37.72,2.8,pjm.com,false,
2022-03-09 08:00:00,USA,PJM Interconnection,US-MIDA-PJM,362.26,433.74,37.89,2.85,pjm.com,false,
2022-03-09 09:00:00,USA,PJM Interconnection,US-MIDA-PJM,363.18,435.38,37.33,2.88,pjm.com,false,
2022-03-09 10:00:00,USA,PJM Interconnection,US-MIDA-PJM,363.35,435.46,37.44,3.73,pjm.com,false,
2022-03-09 11:00:00,USA,PJM Interconnection,US-MIDA-PJM,362.32,434.75,37.45,5.8,pjm.com,false,
2022-03-09 12:00:00,USA,PJM Interconnection,US-MIDA-PJM,366.92,439.86,36.94,7.14,pjm.com,false,
2022-03-09 13:00:00,USA,PJM Interconnection,US-MIDA-PJM,368.05,441.53,36.48,7.39,pjm.com,false,
2022-03-09 14:00:00,USA,PJM Interconnection,US-MIDA-PJM,373.48,447.52,35.76,6.81,pjm.com,false,
2022-03-09 15:00:00,USA,PJM Interconnection,US-MIDA-PJM,378.43,453.21,35.02,6.34,pjm.com,false,
2022-03-09 16:00:00,USA,PJM Interconnection,US-MIDA-PJM,382.36,457.63,34.38,5.37,pjm.com,false,
2022-03-09 17:00:00,USA,PJM Interconnection,US-MIDA-PJM,383.98,459.52,34.05,4.64,pjm.com,false,
2022-03-09 18:00:00,USA,PJM Interconnection,US-MIDA-PJM,382.18,457.32,34.42,4.78,pjm.com,false,
2022-03-09 19:00:00,USA,PJM Interconnection,US-MIDA-PJM,373.08,446.9,35.86,5.74,pjm.com,false,
2022-03-09 20:00:00,USA,PJM Interconnection,US-MIDA-PJM,365.73,439.14,36.52,6.3,pjm.com,false,
2022-03-09 21:00:00,USA,PJM Interconnection,US-MIDA-PJM,363.52,436.54,36.94,6.39,pjm.com,false,
2022-03-09 22:00:00,USA,PJM Interconnection,US-MIDA-PJM,360.88,433.29,37.61,7.03,pjm.com,false,
2022-03-09 23:00:00,USA,PJM Interconnection,US-MIDA-PJM,361.94,434.7,37.39,7.5,pjm.com,false,
2022-03-10 00:00:00,USA,PJM Interconnection,US-MIDA-PJM,370.45,443.68,36.59,6.76,pjm.com,false,
2022-03-10 01:00:00,USA,PJM Interconnection,US-MIDA-PJM,376.94,450.78,35.63,5.61,pjm.com,false,
2022-03-10 02:00:00,USA,PJM Interconnection,US-MIDA-PJM,382.84,456.32,35.49,4.68,pjm.com,false,
2022-03-10 03:00:00,USA,PJM Interconnection,US-MIDA-PJM,374.77,446.67,37.02,4.94,pjm.com,false,
2022-03-10 04:00:00,USA,PJM Interconnection,US-MIDA-PJM,369.7,441.14,37.56,4.97,pjm.com,false,
2022-03-10 05:00:00,USA,PJM Interconnection,US-MIDA-PJM,365.59,437.22,37.66,5.01,pjm.com,false,
2022-03-10 06:00:00,USA,PJM Interconnection,US-MIDA-PJM,358.06,429.33,38.34,4.73,pjm.com,false,
2022-03-10 07:00:00,USA,PJM Interconnection,US-MIDA-PJM,351.86,422.68,39.0,5.17,pjm.com,false,
2022-03-10 08:00:00,USA,PJM Interconnection,US-MIDA-PJM,355.68,427.05,38.41,4.74,pjm.com,false,
2022-03-10 09:00:00,USA,PJM Interconnection,US-MIDA-PJM,362.32,434.6,37.41,4.29,pjm.com,false,
2022-03-10 10:00:00,USA,PJM Interconnection,US-MIDA-PJM,374.22,447.51,36.08,4.0,pjm.com,false,
2022-03-10 11:00:00,USA,PJM Interconnection,US-MIDA-PJM,367.08,440.91,36.41,6.38,pjm.com,false,
2022-03-10 12:00:00,USA,PJM Interconnection,US-MIDA-PJM,370.2,444.79,35.77,6.91,pjm.com,false,
2022-03-10 13:00:00,USA,PJM Interconnection,US-MIDA-PJM,370.31,444.44,36.05,6.61,pjm.com,false,
2022-03-10 14:00:00,USA,PJM Interconnection,US-MIDA-PJM,374.06,448.57,35.44,5.26,pjm.com,false,
2022-03-10 15:00:00,USA,PJM Interconnection,US-MIDA-PJM,375.34,449.78,35.41,4.65,pjm.com,false,
2022-03-10 16:00:00,USA,PJM Interconnection,US-MIDA-PJM,370.88,444.85,35.98,4.41,pjm.com,false,
2022-03-10 17:00:00,USA,PJM Interconnection,US-MIDA-PJM,369.79,443.18,36.48,4.42,pjm.com,false,
2022-03-10 18:00:00,USA,PJM Interconnection,US-MIDA-PJM,371.21,444.2,36.7,4.31,pjm.com,false,
2022-03-10 19:00:00,USA,PJM Interconnection,US-MIDA-PJM,370.82,443.32,37.05,4.3,pjm.com,false,
2022-03-10 20:00:00,USA,PJM Interconnection,US-MIDA-PJM,375.1,448.01,36.47,3.8,pjm.com,false,
2022-03-10 21:00:00,USA,PJM Interconnection,US-MIDA-PJM,370.36,442.81,37.09,4.29,pjm.com,false,
2022-03-10 22:00:00,USA,PJM Interconnection,US-MIDA-PJM,373.8,447.17,36.19,4.43,pjm.com,false,
2022-03-10 23:00:00,USA,PJM Interconnection,US-MIDA-PJM,371.01,443.97,36.7,6.08,pjm.com,false,
2022-03-11 00:00:00,USA,PJM Interconnection,US-MIDA-PJM,374.12,447.55,36.2,6.02,pjm.com,false,
2022-03-11 01:00:00,USA,PJM Interconnection,US-MIDA-PJM,380.25,453.94,35.59,4.77,pjm.com,false,
2022-03-11 02:00:00,USA,PJM Interconnection,US-MIDA-PJM,383.39,457.01,35.39,3.77,pjm.com,false,
2022-03-11 03:00:00,USA,PJM Interconnection,US-MIDA-PJM,382.04,454.86,35.96,3.27,pjm.com,false,
2022-03-11 04:00:00,USA,PJM Interconnection,US-MIDA-PJM,373.14,445.19,37.0,3.43,pjm.com,false,
2022-03-11 05:00:00,USA,PJM Interconnection,US-MIDA-PJM,368.46,439.84,37.73,3.63,pjm.com,false,
2022-03-11 06:00:00,USA,PJM Interconnection,US-MIDA-PJM,366.58,437.68,38.03,3.47,pjm.com,false,
2022-03-11 07:00:00,USA,PJM Interconnection,US-MIDA-PJM,365.63,437.03,37.85,3.37,pjm.com,false,
2022-03-11 08:00:00,USA,PJM Interconnection,US-MIDA-PJM,369.36,441.19,37.34,3.13,pjm.com,false,
2022-03-11 09:00:00,USA,PJM Interconnection,US-MIDA-PJM,371.32,443.47,36.98,2.83,pjm.com,false,
2022-03-11 10:00:00,USA,PJM Interconnection,US-MIDA-PJM,372.65,446.55,35.65,3.04,pjm.com,false,
2022-03-11 11:00:00,USA,PJM Interconnection,US-MIDA-PJM,368.48,442.27,36.27,6.03,pjm.com,false,
2022-03-11 12:00:00,USA,PJM Interconnection,US-MIDA-PJM,369.37,443.26,36.23,6.89,pjm.com,false,
2022-03-11 13:00:00,USA,PJM Interconnection,US-MIDA-PJM,372.21,446.03,36.12,6.21,pjm.com,false,
2022-03-11 14:00:00,USA,PJM Interconnection,US-MIDA-PJM,374.42,447.41,36.52,5.75,pjm.com,false,
2022-03-11 15:00:00,USA,PJM Interconnection,US-MIDA-PJM,372.97,444.58,37.58,5.72,pjm.com,false,
2022-03-11 16:00:00,USA,PJM Interconnection,US-MIDA-PJM,368.41,439.2,38.43,5.93,pjm.com,false,
2022-03-11 17:00:00,USA,PJM Interconnection,US-MIDA-PJM,362.2,432.15,39.32,6.63,pjm.com,false,
2022-03-11 18:00:00,USA,PJM Interconnection,US-MIDA-PJM,361.45,430.99,39.64,7.11,pjm.com,false,
2022-03-11 19:00:00,USA,PJM Interconnection,US-MIDA-PJM,352.13,420.86,40.7,7.88,pjm.com,false,
2022-03-11 20:00:00,USA,PJM Interconnection,US-MIDA-PJM,339.67,407.55,41.97,9.09,pjm.com,false,
2022-03-11 21:00:00,USA,PJM Interconnection,US-MIDA-PJM,337.59,404.96,42.45,9.83,pjm.com,false,
2022-03-11 22:00:00,USA,PJM Interconnection,US-MIDA-PJM,343.18,411.24,41.53,9.22,pjm.com,false,
2022-03-11 23:00:00,USA,PJM Interconnection,US-MIDA-PJM,346.81,416.05,40.44,9.12,pjm.com,false,
2022-03-12 00:00:00,USA,PJM Interconnection,US-MIDA-PJM,349.0,418.09,40.41,9.28,pjm.com,false,
2022-03-12 01:00:00,USA,PJM Interconnection,US-MIDA-PJM,348.86,417.52,40.67,9.48,pjm.com,false,
2022-03-12 02:00:00,USA,PJM Interconnection,US-MIDA-PJM,346.44,414.78,41.0,9.46,pjm.com,false,
2022-03-12 03:00:00,USA,PJM Interconnection,US-MIDA-PJM,349.45,417.73,40.87,9.53,pjm.com,false,
2022-03-12 04:00:00,USA,PJM Interconnection,US-MIDA-PJM,340.43,407.47,42.25,10.06,pjm.com,false,
2022-03-12 05:00:00,USA,PJM Interconnection,US-MIDA-PJM,331.68,397.17,43.87,10.48,pjm.com,false,
2022-03-12 06:00:00,USA,PJM Interconnection,US-MIDA-PJM,333.76,399.2,43.8,10.52,pjm.com,false,
2022-03-12 07:00:00,USA,PJM Interconnection,US-MIDA-PJM,337.23,402.59,43.68,10.28,pjm.com,false,
2022-03-12 08:00:00,USA,PJM Interconnection,US-MIDA-PJM,336.96,402.82,43.32,10.16,pjm.com,false,
2022-03-12 09:00:00,USA,PJM Interconnection,US-MIDA-PJM,335.91,401.39,43.66,10.35,pjm.com,false,
2022-03-12 10:00:00,USA,PJM Interconnection,US-MIDA-PJM,337.84,403.97,43.09,9.97,pjm.com,false,
2022-03-12 11:00:00,USA,PJM Interconnection,US-MIDA-PJM,345.1,412.64,41.68,9.54,pjm.com,false,
2022-03-12 12:00:00,USA,PJM Interconnection,US-MIDA-PJM,358.22,427.31,39.84,8.95,pjm.com,false,
2022-03-12 13:00:00,USA,PJM Interconnection,US-MIDA-PJM,362.98,433.05,38.9,9.06,pjm.com,false,
2022-03-12 14:00:00,USA,PJM Interconnection,US-MIDA-PJM,360.68,430.94,38.91,9.74,pjm.com,false,
2022-03-12 15:00:00,USA,PJM Interconnection,US-MIDA-PJM,361.11,431.94,38.55,10.14,pjm.com,false,
2022-03-12 16:00:00,USA,PJM Interconnection,US-MIDA-PJM,361.83,433.07,38.33,9.77,pjm.com,false,
2022-03-12 17:00:00,USA,PJM Interconnection,US-MIDA-PJM,362.6,433.92,38.22,9.59,pjm.com,false,
2022-03-12 18:00:00,USA,PJM Interconnection,US-MIDA-PJM,359.5,430.16,38.86,9.76,pjm.com,false,
2022-03-12 19:00:00,USA,PJM Interconnection,US-MIDA-PJM,358.15,428.74,38.96,9.65,pjm.com,false,
2022-03-12 20:00:00,USA,PJM Interconnection,US-MIDA-PJM,357.26,427.69,39.17,9.77,pjm.com,false,
2022-03-12 21:00:00,USA,PJM Interconnection,US-MIDA-PJM,357.08,427.86,38.99,9.76,pjm.com,false,
2022-03-12 22:00:00,USA,PJM Interconnection,US-MIDA-PJM,358.48,429.57,38.73,9.68,pjm.com,false,
2022-03-12 23:00:00,USA,PJM Interconnection,US-MIDA-PJM,354.54,426.28,38.62,11.08,pjm.com,false,
2022-03-13 00:00:00,USA,PJM Interconnection,US-MIDA-PJM,364.85,438.15,36.98,10.01,pjm.com,false,
2022-03-13 01:00:00,USA,PJM Interconnection,US-MIDA-PJM,363.96,437.24,37.01,9.81,pjm.com,false,
2022-03-13 02:00:00,USA,PJM Interconnection,US-MIDA-PJM,364.3,436.91,37.4,9.83,pjm.com,false,
2022-03-13 03:00:00,USA,PJM Interconnection,US-MIDA-PJM,366.52,438.79,37.39,9.16,pjm.com,false,
2022-03-13 04:00:00,USA,PJM Interconnection,US-MIDA-PJM,373.33,446.0,36.52,7.59,pjm.com,false,
2022-03-13 05:00:00,USA,PJM Interconnection,US-MIDA-PJM,376.06,449.03,36.35,6.93,pjm.com,false,
2022-03-13 06:00:00,USA,PJM Interconnection,US-MIDA-PJM,364.51,436.41,37.48,7.59,pjm.com,false,
2022-03-13 07:00:00,USA,PJM Interconnection,US-MIDA-PJM,357.42,428.74,38.29,8.24,pjm.com,false,
2022-03-13 08:00:00,USA,PJM Interconnection,US-MIDA-PJM,347.23,417.71,39.45,9.76,pjm.com,false,
2022-03-13 09:00:00,USA,PJM Interconnection,US-MIDA-PJM,339.93,409.44,40.62,11.08,pjm.com,false,
2022-03-13 10:00:00,USA,PJM Interconnection,US-MIDA-PJM,333.87,402.86,41.41,12.27,pjm.com,false,
2022-03-13 11:00:00,USA,PJM Interconnection,US-MIDA-PJM,337.72,407.61,40.64,12.18,pjm.com,false,
2022-03-13 12:00:00,USA,PJM Interconnection,US-MIDA-PJM,335.28,404.19,41.49,13.21,pjm.com,false,
2022-03-13 13:00:00,USA,PJM Interconnection,US-MIDA-PJM,334.55,402.5,42.29,13.45,pjm.com,false,
2022-03-13 14:00:00,USA,PJM Interconnection,US-MIDA-PJM,338.63,406.61,41.99,12.49,pjm.com,false,
2022-03-13 15:00:00,USA,PJM Interconnection,US-MIDA-PJM,339.48,407.17,42.17,11.84,pjm.com,false,
2022-03-13 16:00:00,USA,PJM Interconnection,US-MIDA-PJM,336.71,404.14,42.56,11.71,pjm.com,false,
2022-03-13 17:00:00,USA,PJM Interconnection,US-MIDA-PJM,329.22,396.29,43.23,11.73,pjm.com,false,
2022-03-13 18:00:00,USA,PJM Interconnection,US-MIDA-PJM,326.15,392.87,43.67,11.72,pjm.com,false,
2022-03-13 19:00:00,USA,PJM Interconnection,US-MIDA-PJM,324.44,390.47,44.27,11.91,pjm.com,false,
2022-03-13 20:00:00,USA,PJM Interconnection,US-MIDA-PJM,326.27,393.46,43.54,11.31,pjm.com,false,
2022-03-13 21:00:00,USA,PJM Interconnection,US-MIDA-PJM,328.73,396.4,43.22,10.71,pjm.com,false,
2022-03-13 22:00:00,USA,PJM Interconnection,US-MIDA-PJM,341.12,411.08,40.71,8.55,pjm.com,false,
2022-03-13 23:00:00,USA,PJM Interconnection,US-MIDA-PJM,344.57,415.31,40.05,9.29,pjm.com,false,
2022-03-14 00:00:00,USA,PJM Interconnection,US-MIDA-PJM,349.01,420.59,39.15,9.04,pjm.com,false,
2022-03-14 01:00:00,USA,PJM Interconnection,US-MIDA-PJM,357.15,429.3,38.2,7.53,pjm.com,false,
2022-03-14 02:00:00,USA,PJM Interconnection,US-MIDA-PJM,355.44,426.1,38.86,7.01,pjm.com,false,
2022-03-14 03:00:00,USA,PJM Interconnection,US-MIDA-PJM,343.41,412.01,41.0,8.16,pjm.com,false,
2022-03-14 04:00:00,USA,PJM Interconnection,US-MIDA-PJM,337.74,404.86,42.46,8.97,pjm.com,false,
2022-03-14 05:00:00,USA,PJM Interconnection,US-MIDA-PJM,332.22,398.23,43.57,9.49,pjm.com,false,
2022-03-14 06:00:00,USA,PJM Interconnection,US-MIDA-PJM,331.23,398.0,43.06,9.13,pjm.com,false,
2022-03-14 07:00:00,USA,PJM Interconnection,US-MIDA-PJM,329.68,396.38,43.17,9.27,pjm.com,false,
2022-03-14 08:00:00,USA,PJM Interconnection,US-MIDA-PJM,330.72,398.39,42.44,9.04,pjm.com,false,
2022-03-14 09:00:00,USA,PJM Interconnection,US-MIDA-PJM,326.89,395.27,42.21,10.09,pjm.com,false,
2022-03-14 10:00:00,USA,PJM Interconnection,US-MIDA-PJM,325.35,394.54,41.87,12.03,pjm.com,false,
2022-03-14 11:00:00,USA,PJM Interconnection,US-MIDA-PJM,329.6,400.79,40.19,11.98,pjm.com,false,
2022-03-14 12:00:00,USA,PJM Interconnection,US-MIDA-PJM,325.16,395.12,41.42,13.0,pjm.com,false,
2022-03-14 13:00:00,USA,PJM Interconnection,US-MIDA-PJM,322.49,390.74,42.84,13.43,pjm.com,false,
2022-03-14 14:00:00,USA,PJM Interconnection,US-MIDA-PJM,326.13,394.11,42.81,12.09,pjm.com,false,
2022-03-14 15:00:00,USA,PJM Interconnection,US-MIDA-PJM,324.36,391.76,43.3,11.53,pjm.com,false,
2022-03-14 16:00:00,USA,PJM Interconnection,US-MIDA-PJM,317.43,383.96,44.33,11.75,pjm.com,false,
2022-03-14 17:00:00,USA,PJM Interconnection,US-MIDA-PJM,314.16,380.0,45.03,12.12,pjm.com,false,
2022-03-14 18:00:00,USA,PJM Interconnection,US-MIDA-PJM,312.91,378.19,45.65,12.11,pjm.com,false,
2022-03-14 19:00:00,USA,PJM Interconnection,US-MIDA-PJM,313.79,378.17,46.37,12.19,pjm.com,false,
2022-03-14 20:00:00,USA,PJM Interconnection,US-MIDA-PJM,313.33,377.85,46.55,12.47,pjm.com,false,
2022-03-14 21:00:00,USA,PJM Interconnection,US-MIDA-PJM,312.55,377.96,46.16,12.34,pjm.com,false,
2022-03-14 22:00:00,USA,PJM Interconnection,US-MIDA-PJM,325.36,393.59,43.23,9.48,pjm.com,false,
2022-03-14 23:00:00,USA,PJM Interconnection,US-MIDA-PJM,327.97,396.68,42.44,9.67,pjm.com,false,
2022-03-15 00:00:00,USA,PJM Interconnection,US-MIDA-PJM,340.26,410.51,40.53,8.76,pjm.com,false,
2022-03-15 01:00:00,USA,PJM Interconnection,US-MIDA-PJM,338.72,407.89,41.3,8.4,pjm.com,false,
2022-03-15 02:00:00,USA,PJM Interconnection,US-MIDA-PJM,330.51,398.38,42.48,8.49,pjm.com,false,
2022-03-15 03:00:00,USA,PJM Interconnection,US-MIDA-PJM,324.06,390.59,43.6,8.51,pjm.com,false,
2022-03-15 04:00:00,USA,PJM Interconnection,US-MIDA-PJM,315.21,379.94,45.43,8.87,pjm.com,false,
2022-03-15 05:00:00,USA,PJM Interconnection,US-MIDA-PJM,311.57,376.43,45.52,9.19,pjm.com,false,
2022-03-15 06:00:00,USA,PJM Interconnection,US-MIDA-PJM,312.66,377.66,45.38,8.96,pjm.com,false,
2022-03-15 07:00:00,USA,PJM Interconnection,US-MIDA-PJM,315.7,380.76,45.18,8.5,pjm.com,false,
2022-03-15 08:00:00,USA,PJM Interconnection,US-MIDA-PJM,317.39,383.14,44.59,8.56,pjm.com,false,
2022-03-15 09:00:00,USA,PJM Interconnection,US-MIDA-PJM,325.94,394.27,42.22,7.75,pjm.com,false,
2022-03-15 10:00:00,USA,PJM Interconnection,US-MIDA-PJM,332.17,401.9,41.15,9.39,pjm.com,false,
2022-03-15 11:00:00,USA,PJM Interconnection,US-MIDA-PJM,345.58,417.35,39.07,9.03,pjm.com,false,
2022-03-15 12:00:00,USA,PJM Interconnection,US-MIDA-PJM,353.01,425.15,38.42,8.32,pjm.com,false,
2022-03-15 13:00:00,USA,PJM Interconnection,US-MIDA-PJM,350.13,420.77,39.73,8.59,pjm.com,false,
2022-03-15 14:00:00,USA,PJM Interconnection,US-MIDA-PJM,346.32,417.38,39.62,7.44,pjm.com,false,
2022-03-15 15:00:00,USA,PJM Interconnection,US-MIDA-PJM,341.68,412.71,40.0,7.14,pjm.com,false,
2022-03-15 16:00:00,USA,PJM Interconnection,US-MIDA-PJM,339.06,409.87,40.34,7.21,pjm.com,false,
2022-03-15 17:00:00,USA,PJM Interconnection,US-MIDA-PJM,339.22,410.15,40.25,7.18,pjm.com,false,
2022-03-15 18:00:00,USA,PJM Interconnection,US-MIDA-PJM,339.32,410.14,40.32,7.14,pjm.com,false,
2022-03-15 19:00:00,USA,PJM Interconnection,US-MIDA-PJM,338.15,408.26,40.86,7.32,pjm.com,false,
2022-03-15 20:00:00,USA,PJM Interconnection,US-MIDA-PJM,337.85,408.29,40.57,6.81,pjm.com,false,
2022-03-15 21:00:00,USA,PJM Interconnection,US-MIDA-PJM,345.76,416.7,39.7,5.5,pjm.com,false,
2022-03-15 22:00:00,USA,PJM Interconnection,US-MIDA-PJM,346.95,418.79,38.93,5.0,pjm.com,false,
2022-03-15 23:00:00,USA,PJM Interconnection,US-MIDA-PJM,349.19,420.94,38.84,5.82,pjm.com,false,
2022-03-16 00:00:00,USA,PJM Interconnection,US-MIDA-PJM,362.8,435.75,37.14,4.79,pjm.com,false,
2022-03-16 01:00:00,USA,PJM Interconnection,US-MIDA-PJM,361.88,434.45,37.32,3.98,pjm.com,false,
2022-03-16 02:00:00,USA,PJM Interconnection,US-MIDA-PJM,357.14,428.51,38.39,3.3,pjm.com,false,
2022-03-16 03:00:00,USA,PJM Interconnection,US-MIDA-PJM,349.12,419.46,39.54,3.06,pjm.com,false,
2022-03-16 04:00:00,USA,PJM Interconnection,US-MIDA-PJM,337.86,406.48,41.42,3.14,pjm.com,false,
2022-03-16 05:00:00,USA,PJM Interconnection,US-MIDA-PJM,334.63,402.96,41.83,3.26,pjm.com,false,
2022-03-16 06:00:00,USA,PJM Interconnection,US-MIDA-PJM,332.39,399.91,42.54,3.73,pjm.com,false,
2022-03-16 07:00:00,USA,PJM Interconnection,US-MIDA-PJM,329.45,396.89,42.76,4.08,pjm.com,false,
2022-03-16 08:00:00,USA,PJM Interconnection,US-MIDA-PJM,328.07,396.42,42.14,3.96,pjm.com,false,
2022-03-16 09:00:00,USA,PJM Interconnection,US-MIDA-PJM,330.69,400.13,41.18,4.08,pjm.com,false,
2022-03-16 10:00:00,USA,PJM Interconnection,US-MIDA-PJM,331.99,402.14,40.83,6.69,pjm.com,false,
2022-03-16 11:00:00,USA,PJM Interconnection,US-MIDA-PJM,341.06,412.93,39.3,7.67,pjm.com,false,
2022-03-16 12:00:00,USA,PJM Interconnection,US-MIDA-PJM,347.59,419.79,38.68,7.51,pjm.com,false,
2022-03-16 13:00:00,USA,PJM Interconnection,US-MIDA-PJM,348.39,420.18,38.88,6.68,pjm.com,false,
2022-03-16 14:00:00,USA,PJM Interconnection,US-MIDA-PJM,341.76,412.85,39.79,6.79,pjm.com,false,
2022-03-16 15:00:00,USA,PJM Interconnection,US-MIDA-PJM,335.67,406.45,40.35,6.75,pjm.com,false,
2022-03-16 16:00:00,USA,PJM Interconnection,US-MIDA-PJM,323.24,392.45,42.14,8.09,pjm.com,false,
2022-03-16 17:00:00,USA,PJM Interconnection,US-MIDA-PJM,314.84,382.64,43.57,9.47,pjm.com,false,
2022-03-16 18:00:00,USA,PJM Interconnection,US-MIDA-PJM,309.3,375.84,44.81,10.07,pjm.com,false,
2022-03-16 19:00:00,USA,PJM Interconnection,US-MIDA-PJM,312.86,380.24,44.06,9.72,pjm.com,false,
2022-03-16 20:00:00,USA,PJM Interconnection,US-MIDA-PJM,313.04,380.36,44.05,9.34,pjm.com,false,
2022-03-16 21:00:00,USA,PJM Interconnection,US-MIDA-PJM,318.48,386.79,42.85,8.26,pjm.com,false,
2022-03-16 22:00:00,USA,PJM Interconnection,US-MIDA-PJM,321.5,390.73,41.98,7.33,pjm.com,false,
2022-03-16 23:00:00,USA,PJM Interconnection,US-MIDA-PJM,325.04,393.92,42.23,8.37,pjm.com,false,
2022-03-17 00:00:00,USA,PJM Interconnection,US-MIDA-PJM,340.89,411.43,40.0,7.19,pjm.com,false,
2022-03-17 01:00:00,USA,PJM Interconnection,US-MIDA-PJM,342.05,412.59,39.78,5.93,pjm.com,false,
2022-03-17 02:00:00,USA,PJM Interconnection,US-MIDA-PJM,336.79,405.39,41.46,6.31,pjm.com,false,
2022-03-17 03:00:00,USA,PJM Interconnection,US-MIDA-PJM,324.15,390.56,43.71,6.94,pjm.com,false,
2022-03-17 04:00:00,USA,PJM Interconnection,US-MIDA-PJM,307.49,371.41,46.42,7.63,pjm.com,false,
2022-03-17 05:00:00,USA,PJM Interconnection,US-MIDA-PJM,297.05,358.5,48.8,8.24,pjm.com,false,
2022-03-17 06:00:00,USA,PJM Interconnection,US-MIDA-PJM,295.06,356.09,49.23,8.51,pjm.com,false,
2022-03-17 07:00:00,USA,PJM Interconnection,US-MIDA-PJM,295.82,356.72,49.31,8.44,pjm.com,false,
2022-03-17 08:00:00,USA,PJM Interconnection,US-MIDA-PJM,299.79,362.1,48.07,8.01,pjm.com,false,
2022-03-17 09:00:00,USA,PJM Interconnection,US-MIDA-PJM,307.48,371.77,46.19,7.59,pjm.com,false,
2022-03-17 10:00:00,USA,PJM Interconnection,US-MIDA-PJM,316.37,382.69,44.3,7.97,pjm.com,false,
2022-03-17 11:00:00,USA,PJM Interconnection,US-MIDA-PJM,322.29,391.27,42.37,8.5,pjm.com,false,
2022-03-17 12:00:00,USA,PJM Interconnection,US-MIDA-PJM,333.91,403.98,40.98,7.93,pjm.com,false,
2022-03-17 13:00:00,USA,PJM Interconnection,US-MIDA-PJM,343.97,414.88,39.8,6.82,pjm.com,false,
2022-03-17 14:00:00,USA,PJM Interconnection,US-MIDA-PJM,348.32,419.8,39.2,6.41,pjm.com,false,
2022-03-17 15:00:00,USA,PJM Interconnection,US-MIDA-PJM,354.13,426.16,38.47,5.6,pjm.com,false,
2022-03-17 16:00:00,USA,PJM Interconnection,US-MIDA-PJM,353.16,425.28,38.39,4.97,pjm.com,false,
2022-03-17 17:00:00,USA,PJM Interconnection,US-MIDA-PJM,354.71,427.01,38.15,4.82,pjm.com,false,
2022-03-17 18:00:00,USA,PJM Interconnection,US-MIDA-PJM,348.65,420.67,38.67,4.88,pjm.com,false,
2022-03-17 19:00:00,USA,PJM Interconnection,US-MIDA-PJM,344.19,415.82,39.19,5.17,pjm.com,false,
2022-03-17 20:00:00,USA,PJM Interconnection,US-MIDA-PJM,339.92,410.66,40.11,5.8,pjm.com,false,
2022-03-17 21:00:00,USA,PJM Interconnection,US-MIDA-PJM,332.44,401.76,41.62,6.91,pjm.com,false,
2022-03-17 22:00:00,USA,PJM Interconnection,US-MIDA-PJM,341.42,412.44,39.76,5.85,pjm.com,false,
2022-03-17 23:00:00,USA,PJM Interconnection,US-MIDA-PJM,334.48,404.14,41.07,7.59,pjm.com,false,
2022-03-18 00:00:00,USA,PJM Interconnection,US-MIDA-PJM,343.09,413.79,39.75,6.83,pjm.com,false,
2022-03-18 01:00:00,USA,PJM Interconnection,US-MIDA-PJM,338.53,408.02,40.8,6.6,pjm.com,false,
2022-03-18 02:00:00,USA,PJM Interconnection,US-MIDA-PJM,336.05,404.25,41.8,6.51,pjm.com,false,
2022-03-18 03:00:00,USA,PJM Interconnection,US-MIDA-PJM,328.35,394.12,44.01,6.64,pjm.com,false,
2022-03-18 04:00:00,USA,PJM Interconnection,US-MIDA-PJM,319.19,383.24,45.75,6.95,pjm.com,false,
2022-03-18 05:00:00,USA,PJM Interconnection,US-MIDA-PJM,316.0,379.29,46.46,7.06,pjm.com,false,
2022-03-18 06:00:00,USA,PJM Interconnection,US-MIDA-PJM,316.64,380.09,46.33,6.71,pjm.com,false,
2022-03-18 07:00:00,USA,PJM Interconnection,US-MIDA-PJM,315.7,379.53,46.07,6.05,pjm.com,false,
2022-03-18 08:00:00,USA,PJM Interconnection,US-MIDA-PJM,317.07,381.41,45.63,6.06,pjm.com,false,
2022-03-18 09:00:00,USA,PJM Interconnection,US-MIDA-PJM,322.29,388.16,44.21,5.39,pjm.com,false,
2022-03-18 10:00:00,USA,PJM Interconnection,US-MIDA-PJM,329.3,397.55,42.15,6.12,pjm.com,false,
2022-03-18 11:00:00,USA,PJM Interconnection,US-MIDA-PJM,324.46,392.69,42.58,8.84,pjm.com,false,
2022-03-18 12:00:00,USA,PJM Interconnection,US-MIDA-PJM,325.21,393.31,42.72,9.72,pjm.com,false,
2022-03-18 13:00:00,USA,PJM Interconnection,US-MIDA-PJM,323.17,391.05,43.0,9.42,pjm.com,false,
2022-03-18 14:00:00,USA,PJM Interconnection,US-MIDA-PJM,322.56,389.62,43.58,9.47,pjm.com,false,
2022-03-18 15:00:00,USA,PJM Interconnection,US-MIDA-PJM,313.03,378.69,45.18,10.33,pjm.com,false,
2022-03-18 16:00:00,USA,PJM Interconnection,US-MIDA-PJM,316.32,381.97,45.02,9.88,pjm.com,false,
2022-03-18 17:00:00,USA,PJM Interconnection,US-MIDA-PJM,321.85,388.07,44.27,9.15,pjm.com,false,
2022-03-18 18:00:00,USA,PJM Interconnection,US-MIDA-PJM,325.91,392.62,43.65,8.59,pjm.com,false,
2022-03-18 19:00:00,USA,PJM Interconnection,US-MIDA-PJM,322.92,389.07,44.15,8.74,pjm.com,false,
2022-03-18 20:00:00,USA,PJM Interconnection,US-MIDA-PJM,322.42,388.49,44.23,9.06,pjm.com,false,
2022-03-18 21:00:00,USA,PJM Interconnection,US-MIDA-PJM,325.95,392.5,43.6,8.43,pjm.com,false,
2022-03-18 22:00:00,USA,PJM Interconnection,US-MIDA-PJM,326.68,393.16,43.58,7.92,pjm.com,false,
2022-03-18 23:00:00,USA,PJM Interconnection,US-MIDA-PJM,322.06,388.19,44.11,8.45,pjm.com,false,
2022-03-19 00:00:00,USA,PJM Interconnection,US-MIDA-PJM,326.23,392.92,43.43,8.16,pjm.com,false,
2022-03-19 01:00:00,USA,PJM Interconnection,US-MIDA-PJM,322.71,388.54,44.2,7.78,pjm.com,false,
2022-03-19 02:00:00,USA,PJM Interconnection,US-MIDA-PJM,318.04,382.68,45.29,7.14,pjm.com,false,
2022-03-19 03:00:00,USA,PJM Interconnection,US-MIDA-PJM,316.41,379.54,46.51,6.86,pjm.com,false,
2022-03-19 04:00:00,USA,PJM Interconnection,US-MIDA-PJM,306.44,367.35,48.68,6.79,pjm.com,false,
2022-03-19 05:00:00,USA,PJM Interconnection,US-MIDA-PJM,306.03,367.09,48.61,6.51,pjm.com,false,
2022-03-19 06:00:00,USA,PJM Interconnection,US-MIDA-PJM,301.23,361.42,49.5,6.93,pjm.com,false,
2022-03-19 07:00:00,USA,PJM Interconnection,US-MIDA-PJM,293.63,352.53,50.84,7.92,pjm.com,false,
2022-03-19 08:00:00,USA,PJM Interconnection,US-MIDA-PJM,281.52,339.34,52.25,9.55,pjm.com,false,
2022-03-19 09:00:00,USA,PJM Interconnection,US-MIDA-PJM,279.56,336.21,53.23,10.38,pjm.com,false,
2022-03-19 10:00:00,USA,PJM Interconnection,US-MIDA-PJM,286.05,343.31,52.44,10.66,pjm.com,false,
2022-03-19 11:00:00,USA,PJM Interconnection,US-MIDA-PJM,293.55,354.03,49.66,9.42,pjm.com,false,
2022-03-19 12:00:00,USA,PJM Interconnection,US-MIDA-PJM,295.5,356.19,49.54,10.45,pjm.com,false,
2022-03-19 13:00:00,USA,PJM Interconnection,US-MIDA-PJM,296.49,357.65,49.22,11.22,pjm.com,false,
2022-03-19 14:00:00,USA,PJM Interconnection,US-MIDA-PJM,298.18,359.69,48.86,11.43,pjm.com,false,
2022-03-19 15:00:00,USA,PJM Interconnection,US-MIDA-PJM,295.67,356.68,49.41,12.11,pjm.com,false,
2022-03-19 16:00:00,USA,PJM Interconnection,US-MIDA-PJM,292.75,353.02,50.09,12.7,pjm.com,false,
2022-03-19 17:00:00,USA,PJM Interconnection,US-MIDA-PJM,286.09,345.19,51.33,13.83,pjm.com,false,
2022-03-19 18:00:00,USA,PJM Interconnection,US-MIDA-PJM,284.59,343.8,51.29,13.54,pjm.com,false,
2022-03-19 19:00:00,USA,PJM Interconnection,US-MIDA-PJM,281.81,340.92,51.5,14.2,pjm.com,false,
2022-03-19 20:00:00,USA,PJM Interconnection,US-MIDA-PJM,278.99,337.39,52.22,14.84,pjm.com,false,
2022-03-19 21:00:00,USA,PJM Interconnection,US-MIDA-PJM,282.6,342.14,51.21,14.69,pjm.com,false,
2022-03-19 22:00:00,USA,PJM Interconnection,US-MIDA-PJM,295.54,356.75,49.19,12.57,pjm.com,false,
2022-03-19 23:00:00,USA,PJM Interconnection,US-MIDA-PJM,299.75,362.18,48.15,12.21,pjm.com,false,
2022-03-20 00:00:00,USA,PJM Interconnection,US-MIDA-PJM,314.37,378.13,46.44,11.45,pjm.com,false,
2022-03-20 01:00:00,USA,PJM Interconnection,US-MIDA-PJM,318.23,382.01,46.09,9.89,pjm.com,false,
2022-03-20 02:00:00,USA,PJM Interconnection,US-MIDA-PJM,320.83,384.55,45.83,8.23,pjm.com,false,
2022-03-20 03:00:00,USA,PJM Interconnection,US-MIDA-PJM,314.09,376.77,46.96,8.41,pjm.com,false,
2022-03-20 04:00:00,USA,PJM Interconnection,US-MIDA-PJM,303.93,364.72,48.92,8.37,pjm.com,false,
2022-03-20 05:00:00,USA,PJM Interconnection,US-MIDA-PJM,303.97,364.6,49.04,7.92,pjm.com,false,
2022-03-20 06:00:00,USA,PJM Interconnection,US-MIDA-PJM,297.87,357.86,49.84,7.35,pjm.com,false,
2022-03-20 07:00:00,USA,PJM Interconnection,US-MIDA-PJM,298.13,357.6,50.24,7.45,pjm.com,false,
2022-03-20 08:00:00,USA,PJM Interconnection,US-MIDA-PJM,299.81,359.68,49.85,7.12,pjm.com,false,
2022-03-20 09:00:00,USA,PJM Interconnection,US-MIDA-PJM,303.5,364.11,49.15,6.76,pjm.com,false,
2022-03-20 10:00:00,USA,PJM Interconnection,US-MIDA-PJM,307.79,369.99,47.74,6.22,pjm.com,false,
2022-03-20 11:00:00,USA,PJM Interconnection,US-MIDA-PJM,307.45,370.4,47.21,6.04,pjm.com,false,
2022-03-20 12:00:00,USA,PJM Interconnection,US-MIDA-PJM,309.57,372.6,47.21,7.43,pjm.com,false,
2022-03-20 13:00:00,USA,PJM Interconnection,US-MIDA-PJM,297.9,359.45,49.11,9.51,pjm.com,false,
2022-03-20 14:00:00,USA,PJM Interconnection,US-MIDA-PJM,303.72,366.09,48.18,9.1,pjm.com,false,
2022-03-20 15:00:00,USA,PJM Interconnection,US-MIDA-PJM,301.23,363.58,48.36,9.2,pjm.com,false,
2022-03-20 16:00:00,USA,PJM Interconnection,US-MIDA-PJM,298.62,360.41,48.89,9.78,pjm.com,false,
2022-03-20 17:00:00,USA,PJM Interconnection,US-MIDA-PJM,291.67,352.39,50.01,10.43,pjm.com,false,
2022-03-20 18:00:00,USA,PJM Interconnection,US-MIDA-PJM,292.95,354.13,49.54,10.35,pjm.com,false,
2022-03-20 19:00:00,USA,PJM Interconnection,US-MIDA-PJM,294.4,355.64,49.4,10.09,pjm.com,false,
2022-03-20 20:00:00,USA,PJM Interconnection,US-MIDA-PJM,292.02,353.04,49.67,10.26,pjm.com,false,
2022-03-20 21:00:00,USA,PJM Interconnection,US-MIDA-PJM,292.19,353.69,49.36,10.79,pjm.com,false,
2022-03-20 22:00:00,USA,PJM Interconnection,US-MIDA-PJM,301.25,364.77,47.3,9.27,pjm.com,false,
2022-03-20 23:00:00,USA,PJM Interconnection,US-MIDA-PJM,304.82,368.93,46.75,9.45,pjm.com,false,
2022-03-21 00:00:00,USA,PJM Interconnection,US-MIDA-PJM,314.62,380.4,45.08,9.28,pjm.com,false,
2022-03-21 01:00:00,USA,PJM Interconnection,US-MIDA-PJM,321.81,387.9,44.33,8.05,pjm.com,false,
2022-03-21 02:00:00,USA,PJM Interconnection,US-MIDA-PJM,322.44,387.96,44.55,6.75,pjm.com,false,
2022-03-21 03:00:00,USA,PJM Interconnection,US-MIDA-PJM,316.88,381.14,45.69,6.87,pjm.com,false,
2022-03-21 04:00:00,USA,PJM Interconnection,US-MIDA-PJM,310.52,372.89,47.37,8.04,pjm.com,false,
2022-03-21 05:00:00,USA,PJM Interconnection,US-MIDA-PJM,294.7,354.59,50.05,9.21,pjm.com,false,
2022-03-21 06:00:00,USA,PJM Interconnection,US-MIDA-PJM,290.66,350.36,50.4,9.92,pjm.com,false,
2022-03-21 07:00:00,USA,PJM Interconnection,US-MIDA-PJM,289.26,348.84,50.57,10.32,pjm.com,false,
2022-03-21 08:00:00,USA,PJM Interconnection,US-MIDA-PJM,289.19,348.55,50.76,10.81,pjm.com,false,
2022-03-21 09:00:00,USA,PJM Interconnection,US-MIDA-PJM,297.74,360.48,47.91,10.6,pjm.com,false,
2022-03-21 10:00:00,USA,PJM Interconnection,US-MIDA-PJM,299.95,364.62,46.64,12.39,pjm.com,false,
2022-03-21 11:00:00,USA,PJM Interconnection,US-MIDA-PJM,313.97,381.79,43.55,11.92,pjm.com,false,
2022-03-21 12:00:00,USA,PJM Interconnection,US-MIDA-PJM,307.53,374.37,44.71,13.04,pjm.com,false,
2022-03-21 13:00:00,USA,PJM Interconnection,US-MIDA-PJM,302.15,367.64,46.01,13.33,pjm.com,false,
2022-03-21 14:00:00,USA,PJM Interconnection,US-MIDA-PJM,300.62,365.44,46.52,12.47,pjm.com,false,
2022-03-21 15:00:00,USA,PJM Interconnection,US-MIDA-PJM,300.54,364.57,47.13,12.17,pjm.com,false,
2022-03-21 16:00:00,USA,PJM Interconnection,US-MIDA-PJM,295.81,358.33,48.48,12.87,pjm.com,false,
2022-03-21 17:00:00,USA,PJM Interconnection,US-MIDA-PJM,293.49,355.62,48.86,13.16,pjm.com,false,
2022-03-21 18:00:00,USA,PJM Interconnection,US-MIDA-PJM,288.91,350.55,49.46,13.36,pjm.com,false,
2022-03-21 19:00:00,USA,PJM Interconnection,US-MIDA-PJM,284.85,345.76,50.21,13.78,pjm.com,false,
2022-03-21 20:00:00,USA,PJM Interconnection,US-MIDA-PJM,288.17,349.72,49.59,13.36,pjm.com,false,
2022-03-21 21:00:00,USA,PJM Interconnection,US-MIDA-PJM,293.7,356.09,48.7,12.66,pjm.com,false,
2022-03-21 22:00:00,USA,PJM Interconnection,US-MIDA-PJM,313.54,379.65,44.74,9.34,pjm.com,false,
2022-03-21 23:00:00,USA,PJM Interconnection,US-MIDA-PJM,314.76,381.19,44.58,9.95,pjm.com,false,
2022-03-22 00:00:00,USA,PJM Interconnection,US-MIDA-PJM,320.01,387.64,43.35,9.58,pjm.com,false,
2022-03-22 01:00:00,USA,PJM Interconnection,US-MIDA-PJM,321.78,388.97,43.36,8.38,pjm.com,false,
2022-03-22 02:00:00,USA,PJM Interconnection,US-MIDA-PJM,323.32,388.79,44.43,7.45,pjm.com,false,
2022-03-22 03:00:00,USA,PJM Interconnection,US-MIDA-PJM,320.0,383.29,46.2,7.68,pjm.com,false,
2022-03-22 04:00:00,USA,PJM Interconnection,US-MIDA-PJM,312.67,374.12,47.95,8.05,pjm.com,false,
2022-03-22 05:00:00,USA,PJM Interconnection,US-MIDA-PJM,308.72,369.79,48.43,8.6,pjm.com,false,
2022-03-22 06:00:00,USA,PJM Interconnection,US-MIDA-PJM,304.14,364.5,49.21,8.91,pjm.com,false,
2022-03-22 07:00:00,USA,PJM Interconnection,US-MIDA-PJM,304.63,364.89,49.26,8.52,pjm.com,false,
2022-03-22 08:00:00,USA,PJM Interconnection,US-MIDA-PJM,310.48,372.17,47.9,7.83,pjm.com,false,
2022-03-22 09:00:00,USA,PJM Interconnection,US-MIDA-PJM,307.51,368.62,48.51,9.41,pjm.com,false,
2022-03-22 10:00:00,USA,PJM Interconnection,US-MIDA-PJM,307.7,371.08,47.08,10.91,pjm.com,false,
2022-03-22 11:00:00,USA,PJM Interconnection,US-MIDA-PJM,314.94,380.24,45.28,11.27,pjm.com,false,
2022-03-22 12:00:00,USA,PJM Interconnection,US-MIDA-PJM,318.09,383.74,44.88,11.23,pjm.com,false,
2022-03-22 13:00:00,USA,PJM Interconnection,US-MIDA-PJM,318.16,383.15,45.39,11.67,pjm.com,false,
2022-03-22 14:00:00,USA,PJM Interconnection,US-MIDA-PJM,314.8,378.59,46.43,12.16,pjm.com,false,
2022-03-22 15:00:00,USA,PJM Interconnection,US-MIDA-PJM,313.97,377.54,46.57,12.52,pjm.com,false,
2022-03-22 16:00:00,USA,PJM Interconnection,US-MIDA-PJM,314.62,378.45,46.37,12.14,pjm.com,false,
2022-03-22 17:00:00,USA,PJM Interconnection,US-MIDA-PJM,314.82,378.2,46.67,12.29,pjm.com,false,
2022-03-22 18:00:00,USA,PJM Interconnection,US-MIDA-PJM,313.04,376.19,46.91,12.08,pjm.com,false,
2022-03-22 19:00:00,USA,PJM Interconnection,US-MIDA-PJM,315.42,379.46,46.08,11.16,pjm.com,false,
2022-03-22 20:00:00,USA,PJM Interconnection,US-MIDA-PJM,314.6,378.72,46.06,10.96,pjm.com,false,
2022-03-22 21:00:00,USA,PJM Interconnection,US-MIDA-PJM,315.26,379.56,45.86,11.31,pjm.com,false,
2022-03-22 22:00:00,USA,PJM Interconnection,US-MIDA-PJM,314.91,379.6,45.55,10.95,pjm.com,false,
2022-03-22 23:00:00,USA,PJM Interconnection,US-MIDA-PJM,309.88,374.73,45.81,12.06,pjm.com,false,
2022-03-23 00:00:00,USA,PJM Interconnection,US-MIDA-PJM,314.36,379.66,45.27,12.14,pjm.com,false,
2022-03-23 01:00:00,USA,PJM Interconnection,US-MIDA-PJM,324.89,391.34,43.76,10.03,pjm.com,false,
2022-03-23 02:00:00,USA,PJM Interconnection,US-MIDA-PJM,324.62,389.78,44.51,8.79,pjm.com,false,
2022-03-23 03:00:00,USA,PJM Interconnection,US-MIDA-PJM,316.19,379.38,46.41,9.3,pjm.com,false,
2022-03-23 04:00:00,USA,PJM Interconnection,US-MIDA-PJM,304.31,365.41,48.64,9.58,pjm.com,false,
2022-03-23 05:00:00,USA,PJM Interconnection,US-MIDA-PJM,298.46,359.68,48.87,9.31,pjm.com,false,
2022-03-23 06:00:00,USA,PJM Interconnection,US-MIDA-PJM,298.76,360.26,48.67,8.58,pjm.com,false,
2022-03-23 07:00:00,USA,PJM Interconnection,US-MIDA-PJM,298.55,359.84,48.85,8.6,pjm.com,false,
2022-03-23 08:00:00,USA,PJM Interconnection,US-MIDA-PJM,302.29,364.37,48.09,8.12,pjm.com,false,
2022-03-23 09:00:00,USA,PJM Interconnection,US-MIDA-PJM,309.13,373.3,46.21,7.43,pjm.com,false,
2022-03-23 10:00:00,USA,PJM Interconnection,US-MIDA-PJM,313.81,380.52,44.26,7.82,pjm.com,false,
2022-03-23 11:00:00,USA,PJM Interconnection,US-MIDA-PJM,316.63,384.27,43.59,9.5,pjm.com,false,
2022-03-23 12:00:00,USA,PJM Interconnection,US-MIDA-PJM,326.21,394.88,42.32,8.72,pjm.com,false,
2022-03-23 13:00:00,USA,PJM Interconnection,US-MIDA-PJM,327.38,395.66,42.56,8.72,pjm.com,false,
2022-03-23 14:00:00,USA,PJM Interconnection,US-MIDA-PJM,330.99,399.12,42.42,9.06,pjm.com,false,
2022-03-23 15:00:00,USA,PJM Interconnection,US-MIDA-PJM,329.59,397.68,42.64,9.28,pjm.com,false,
2022-03-23 16:00:00,USA,PJM Interconnection,US-MIDA-PJM,331.6,399.06,42.97,9.42,pjm.com,false,
2022-03-23 17:00:00,USA,PJM Interconnection,US-MIDA-PJM,336.91,405.58,41.73,8.55,pjm.com,false,
2022-03-23 18:00:00,USA,PJM Interconnection,US-MIDA-PJM,332.94,401.37,42.06,8.49,pjm.com,false,
2022-03-23 19:00:00,USA,PJM Interconnection,US-MIDA-PJM,327.73,394.76,43.32,9.2,pjm.com,false,
2022-03-23 20:00:00,USA,PJM Interconnection,US-MIDA-PJM,325.2,391.58,43.98,10.08,pjm.com,false,
2022-03-23 21:00:00,USA,PJM Interconnection,US-MIDA-PJM,320.41,385.95,44.88,11.31,pjm.com,false,
2022-03-23 22:00:00,USA,PJM Interconnection,US-MIDA-PJM,317.75,382.82,45.37,11.66,pjm.com,false,
2022-03-23 23:00:00,USA,PJM Interconnection,US-MIDA-PJM,309.34,373.71,46.46,13.24,pjm.com,false,
2022-03-24 00:00:00,USA,PJM Interconnection,US-MIDA-PJM,310.27,374.97,46.17,13.65,pjm.com,false,
2022-03-24 01:00:00,USA,PJM Interconnection,US-MIDA-PJM,316.27,380.57,46.04,12.24,pjm.com,false,
2022-03-24 02:00:00,USA,PJM Interconnection,US-MIDA-PJM,311.56,374.59,46.99,11.32,pjm.com,false,
2022-03-24 03:00:00,USA,PJM Interconnection,US-MIDA-PJM,305.31,367.38,48.04,10.98,pjm.com,false,
2022-03-24 04:00:00,USA,PJM Interconnection,US-MIDA-PJM,299.48,360.34,48.99,10.5,pjm.com,false,
2022-03-24 05:00:00,USA,PJM Interconnection,US-MIDA-PJM,300.47,361.7,48.69,9.9,pjm.com,false,
2022-03-24 06:00:00,USA,PJM Interconnection,US-MIDA-PJM,298.88,359.88,48.98,9.87,pjm.com,false,
2022-03-24 07:00:00,USA,PJM Interconnection,US-MIDA-PJM,299.44,360.15,49.19,9.74,pjm.com,false,
2022-03-24 08:00:00,USA,PJM Interconnection,US-MIDA-PJM,302.65,364.08,48.51,9.72,pjm.com,false,
2022-03-24 09:00:00,USA,PJM Interconnection,US-MIDA-PJM,310.3,374.08,46.37,8.73,pjm.com,false,
2022-03-24 10:00:00,USA,PJM Interconnection,US-MIDA-PJM,324.19,391.05,43.4,8.28,pjm.com,false,
2022-03-24 11:00:00,USA,PJM Interconnection,US-MIDA-PJM,335.2,403.64,41.68,8.25,pjm.com,false,
2022-03-24 12:00:00,USA,PJM Interconnection,US-MIDA-PJM,342.24,412.37,40.05,7.18,pjm.com,false,
2022-03-24 13:00:00,USA,PJM Interconnection,US-MIDA-PJM,343.86,414.21,39.8,7.19,pjm.com,false,
2022-03-24 14:00:00,USA,PJM Interconnection,US-MIDA-PJM,345.87,415.99,39.91,7.37,pjm.com,false,
2022-03-24 15:00:00,USA,PJM Interconnection,US-MIDA-PJM,347.35,417.41,39.84,7.43,pjm.com,false,
2022-03-24 16:00:00,USA,PJM Interconnection,US-MIDA-PJM,347.45,417.23,40.03,7.18,pjm.com,false,
2022-03-24 17:00:00,USA,PJM Interconnection,US-MIDA-PJM,346.31,415.87,40.35,7.25,pjm.com,false,
2022-03-24 18:00:00,USA,PJM Interconnection,US-MIDA-PJM,341.83,410.9,40.87,7.31,pjm.com,false,
2022-03-24 19:00:00,USA,PJM Interconnection,US-MIDA-PJM,339.78,408.44,41.25,7.45,pjm.com,false,
2022-03-24 20:00:00,USA,PJM Interconnection,US-MIDA-PJM,340.09,408.69,41.28,7.57,pjm.com,false,
2022-03-24 21:00:00,USA,PJM Interconnection,US-MIDA-PJM,338.65,406.99,41.57,7.72,pjm.com,false,
2022-03-24 22:00:00,USA,PJM Interconnection,US-MIDA-PJM,343.66,412.77,40.72,7.37,pjm.com,false,
2022-03-24 23:00:00,USA,PJM Interconnection,US-MIDA-PJM,333.41,401.11,42.45,9.56,pjm.com,false,
2022-03-25 00:00:00,USA,PJM Interconnection,US-MIDA-PJM,337.17,405.34,41.92,9.55,pjm.com,false,
2022-03-25 01:00:00,USA,PJM Interconnection,US-MIDA-PJM,348.09,416.81,40.78,7.53,pjm.com,false,
2022-03-25 02:00:00,USA,PJM Interconnection,US-MIDA-PJM,352.29,420.47,40.83,5.94,pjm.com,false,
2022-03-25 03:00:00,USA,PJM Interconnection,US-MIDA-PJM,343.82,410.31,42.54,6.03,pjm.com,false,
2022-03-25 04:00:00,USA,PJM Interconnection,US-MIDA-PJM,343.29,408.77,43.31,6.06,pjm.com,false,
2022-03-25 05:00:00,USA,PJM Interconnection,US-MIDA-PJM,333.67,398.45,44.33,6.06,pjm.com,false,
2022-03-25 06:00:00,USA,PJM Interconnection,US-MIDA-PJM,327.29,391.57,45.05,6.28,pjm.com,false,
2022-03-25 07:00:00,USA,PJM Interconnection,US-MIDA-PJM,331.43,395.83,44.74,6.19,pjm.com,false,
2022-03-25 08:00:00,USA,PJM Interconnection,US-MIDA-PJM,338.35,403.25,44.01,5.85,pjm.com,false,
2022-03-25 09:00:00,USA,PJM Interconnection,US-MIDA-PJM,328.54,393.38,44.64,6.61,pjm.com,false,
2022-03-25 10:00:00,USA,PJM Interconnection,US-MIDA-PJM,323.84,389.49,44.5,9.45,pjm.com,false,
2022-03-25 11:00:00,USA,PJM Interconnection,US-MIDA-PJM,331.29,398.04,43.3,10.16,pjm.com,false,
2022-03-25 12:00:00,USA,PJM Interconnection,US-MIDA-PJM,336.77,404.65,42.18,9.39,pjm.com,false,
2022-03-25 13:00:00,USA,PJM Interconnection,US-MIDA-PJM,336.73,404.24,42.36,8.97,pjm.com,false,
2022-03-25 14:00:00,USA,PJM Interconnection,US-MIDA-PJM,333.55,400.34,43.09,9.07,pjm.com,false,
2022-03-25 15:00:00,USA,PJM Interconnection,US-MIDA-PJM,319.4,384.36,45.18,10.99,pjm.com,false,
2022-03-25 16:00:00,USA,PJM Interconnection,US-MIDA-PJM,311.41,375.27,46.42,12.12,pjm.com,false,
2022-03-25 17:00:00,USA,PJM Interconnection,US-MIDA-PJM,314.01,377.83,46.29,12.46,pjm.com,false,
2022-03-25 18:00:00,USA,PJM Interconnection,US-MIDA-PJM,313.43,376.81,46.62,12.61,pjm.com,false,
2022-03-25 19:00:00,USA,PJM Interconnection,US-MIDA-PJM,313.18,376.07,46.94,12.63,pjm.com,false,
2022-03-25 20:00:00,USA,PJM Interconnection,US-MIDA-PJM,305.82,367.56,48.24,13.74,pjm.com,false,
2022-03-25 21:00:00,USA,PJM Interconnection,US-MIDA-PJM,304.22,365.9,48.31,13.49,pjm.com,false,
2022-03-25 22:00:00,USA,PJM Interconnection,US-MIDA-PJM,306.37,368.34,47.93,13.09,pjm.com,false,
2022-03-25 23:00:00,USA,PJM Interconnection,US-MIDA-PJM,305.15,367.22,47.99,13.67,pjm.com,false,
2022-03-26 00:00:00,USA,PJM Interconnection,US-MIDA-PJM,310.98,374.08,46.92,13.36,pjm.com,false,
2022-03-26 01:00:00,USA,PJM Interconnection,US-MIDA-PJM,310.92,373.66,47.09,12.75,pjm.com,false,
2022-03-26 02:00:00,USA,PJM Interconnection,US-MIDA-PJM,318.4,381.18,46.55,11.2,pjm.com,false,
2022-03-26 03:00:00,USA,PJM Interconnection,US-MIDA-PJM,313.96,376.02,47.29,10.8,pjm.com,false,
2022-03-26 04:00:00,USA,PJM Interconnection,US-MIDA-PJM,311.18,373.23,47.59,10.01,pjm.com,false,
2022-03-26 05:00:00,USA,PJM Interconnection,US-MIDA-PJM,299.93,360.8,48.9,10.47,pjm.com,false,
2022-03-26 06:00:00,USA,PJM Interconnection,US-MIDA-PJM,290.99,350.28,50.55,11.4,pjm.com,false,
2022-03-26 07:00:00,USA,PJM Interconnection,US-MIDA-PJM,289.82,348.79,50.83,11.44,pjm.com,false,
2022-03-26 08:00:00,USA,PJM Interconnection,US-MIDA-PJM,294.5,354.42,49.89,10.9,pjm.com,false,
2022-03-26 09:00:00,USA,PJM Interconnection,US-MIDA-PJM,296.78,357.24,49.44,11.22,pjm.com,false,
2022-03-26 10:00:00,USA,PJM Interconnection,US-MIDA-PJM,298.58,359.78,48.79,11.73,pjm.com,false,
2022-03-26 11:00:00,USA,PJM Interconnection,US-MIDA-PJM,308.11,370.56,47.37,11.35,pjm.com,false,
2022-03-26 12:00:00,USA,PJM Interconnection,US-MIDA-PJM,306.43,368.7,47.76,12.72,pjm.com,false,
2022-03-26 13:00:00,USA,PJM Interconnection,US-MIDA-PJM,303.28,365.5,48.06,13.57,pjm.com,false,
2022-03-26 14:00:00,USA,PJM Interconnection,US-MIDA-PJM,298.33,359.83,48.88,14.52,pjm.com,false,
2022-03-26 15:00:00,USA,PJM Interconnection,US-MIDA-PJM,302.88,364.98,48.16,14.0,pjm.com,false,
2022-03-26 16:00:00,USA,PJM Interconnection,US-MIDA-PJM,299.94,360.84,49.18,14.42,pjm.com,false,
2022-03-26 17:00:00,USA,PJM Interconnection,US-MIDA-PJM,301.9,362.37,49.34,13.91,pjm.com,false,
2022-03-26 18:00:00,USA,PJM Interconnection,US-MIDA-PJM,305.65,366.46,48.9,13.27,pjm.com,false,
2022-03-26 19:00:00,USA,PJM Interconnection,US-MIDA-PJM,302.73,362.49,49.82,13.6,pjm.com,false,
2022-03-26 20:00:00,USA,PJM Interconnection,US-MIDA-PJM,301.22,361.07,49.86,14.04,pjm.com,false,
2022-03-26 21:00:00,USA,PJM Interconnection,US-MIDA-PJM,305.0,365.64,49.11,13.58,pjm.com,false,
2022-03-26 22:00:00,USA,PJM Interconnection,US-MIDA-PJM,311.56,374.26,47.17,12.46,pjm.com,false,
2022-03-26 23:00:00,USA,PJM Interconnection,US-MIDA-PJM,311.19,375.08,46.38,12.79,pjm.com,false,
2022-03-27 00:00:00,USA,PJM Interconnection,US-MIDA-PJM,321.24,387.2,44.38,11.78,pjm.com,false,
2022-03-27 01:00:00,USA,PJM Interconnection,US-MIDA-PJM,330.3,397.06,43.2,9.96,pjm.com,false,
2022-03-27 02:00:00,USA,PJM Interconnection,US-MIDA-PJM,338.31,405.58,42.27,8.14,pjm.com,false,
2022-03-27 03:00:00,USA,PJM Interconnection,US-MIDA-PJM,344.53,412.29,41.49,6.72,pjm.com,false,
2022-03-27 04:00:00,USA,PJM Interconnection,US-MIDA-PJM,341.83,408.26,42.69,6.65,pjm.com,false,
2022-03-27 05:00:00,USA,PJM Interconnection,US-MIDA-PJM,336.67,401.67,44.01,6.98,pjm.com,false,
2022-03-27 06:00:00,USA,PJM Interconnection,US-MIDA-PJM,336.4,401.36,44.05,7.02,pjm.com,false,
2022-03-27 07:00:00,USA,PJM Interconnection,US-MIDA-PJM,339.65,404.58,43.9,6.96,pjm.com,false,
2022-03-27 08:00:00,USA,PJM Interconnection,US-MIDA-PJM,338.96,403.24,44.44,7.78,pjm.com,false,
2022-03-27 09:00:00,USA,PJM Interconnection,US-MIDA-PJM,340.24,404.18,44.63,8.1,pjm.com,false,
2022-03-27 10:00:00,USA,PJM Interconnection,US-MIDA-PJM,341.67,405.94,44.35,8.42,pjm.com,false,
2022-03-27 11:00:00,USA,PJM Interconnection,US-MIDA-PJM,345.0,410.47,43.33,8.46,pjm.com,false,
2022-03-27 12:00:00,USA,PJM Interconnection,US-MIDA-PJM,340.81,405.3,44.48,10.18,pjm.com,false,
2022-03-27 13:00:00,USA,PJM Interconnection,US-MIDA-PJM,335.09,398.72,45.49,11.44,pjm.com,false,
2022-03-27 14:00:00,USA,PJM Interconnection,US-MIDA-PJM,336.7,400.76,45.08,11.32,pjm.com,false,
2022-03-27 15:00:00,USA,PJM Interconnection,US-MIDA-PJM,342.49,408.15,43.56,10.25,pjm.com,false,
2022-03-27 16:00:00,USA,PJM Interconnection,US-MIDA-PJM,339.49,404.47,44.21,10.51,pjm.com,false,
2022-03-27 17:00:00,USA,PJM Interconnection,US-MIDA-PJM,342.36,407.36,44.05,10.05,pjm.com,false,
2022-03-27 18:00:00,USA,PJM Interconnection,US-MIDA-PJM,340.48,404.97,44.55,10.35,pjm.com,false,
2022-03-27 19:00:00,USA,PJM Interconnection,US-MIDA-PJM,340.06,404.26,44.78,10.46,pjm.com,false,
2022-03-27 20:00:00,USA,PJM Interconnection,US-MIDA-PJM,336.08,399.33,45.72,11.12,pjm.com,false,
2022-03-27 21:00:00,USA,PJM Interconnection,US-MIDA-PJM,335.08,398.82,45.41,11.29,pjm.com,false,
2022-03-27 22:00:00,USA,PJM Interconnection,US-MIDA-PJM,347.16,413.84,42.45,9.3,pjm.com,false,
2022-03-27 23:00:00,USA,PJM Interconnection,US-MIDA-PJM,344.97,412.19,42.24,10.12,pjm.com,false,
2022-03-28 00:00:00,USA,PJM Interconnection,US-MIDA-PJM,357.42,427.38,39.55,8.98,pjm.com,false,
2022-03-28 01:00:00,USA,PJM Interconnection,US-MIDA-PJM,364.17,434.95,38.53,7.73,pjm.com,false,
2022-03-28 02:00:00,USA,PJM Interconnection,US-MIDA-PJM,370.07,441.77,37.44,5.83,pjm.com,false,
2022-03-28 03:00:00,USA,PJM Interconnection,US-MIDA-PJM,370.62,442.27,37.39,4.93,pjm.com,false,
2022-03-28 04:00:00,USA,PJM Interconnection,US-MIDA-PJM,373.33,445.32,36.98,4.39,pjm.com,false,
2022-03-28 05:00:00,USA,PJM Interconnection,US-MIDA-PJM,371.01,442.97,37.14,4.24,pjm.com,false,
2022-03-28 06:00:00,USA,PJM Interconnection,US-MIDA-PJM,371.82,443.82,37.09,4.2,pjm.com,false,
2022-03-28 07:00:00,USA,PJM Interconnection,US-MIDA-PJM,374.7,447.04,36.68,4.08,pjm.com,false,
2022-03-28 08:00:00,USA,PJM Interconnection,US-MIDA-PJM,375.88,448.63,36.36,4.2,pjm.com,false,
2022-03-28 09:00:00,USA,PJM Interconnection,US-MIDA-PJM,366.79,439.23,37.27,6.39,pjm.com,false,
2022-03-28 10:00:00,USA,PJM Interconnection,US-MIDA-PJM,369.44,443.62,35.98,7.73,pjm.com,false,
2022-03-28 11:00:00,USA,PJM Interconnection,US-MIDA-PJM,372.84,448.47,34.69,7.85,pjm.com,false,
2022-03-28 12:00:00,USA,PJM Interconnection,US-MIDA-PJM,364.75,438.49,36.77,9.69,pjm.com,false,
2022-03-28 13:00:00,USA,PJM Interconnection,US-MIDA-PJM,361.95,434.26,38.01,10.3,pjm.com,false,
2022-03-28 14:00:00,USA,PJM Interconnection,US-MIDA-PJM,362.54,434.09,38.38,10.05,pjm.com,false,
2022-03-28 15:00:00,USA,PJM Interconnection,US-MIDA-PJM,367.77,439.52,37.88,9.01,pjm.com,false,
2022-03-28 16:00:00,USA,PJM Interconnection,US-MIDA-PJM,372.9,445.13,37.24,8.07,pjm.com,false,
2022-03-28 17:00:00,USA,PJM Interconnection,US-MIDA-PJM,374.78,446.73,37.34,7.85,pjm.com,false,
2022-03-28 18:00:00,USA,PJM Interconnection,US-MIDA-PJM,373.82,445.61,37.51,7.91,pjm.com,false,
2022-03-28 19:00:00,USA,PJM Interconnection,US-MIDA-PJM,374.05,445.83,37.5,7.79,pjm.com,false,
2022-03-28 20:00:00,USA,PJM Interconnection,US-MIDA-PJM,370.73,441.95,38.13,8.04,pjm.com,false,
2022-03-28 21:00:00,USA,PJM Interconnection,US-MIDA-PJM,368.38,439.73,38.16,8.25,pjm.com,false,
2022-03-28 22:00:00,USA,PJM Interconnection,US-MIDA-PJM,381.89,455.17,35.88,6.45,pjm.com,false,
2022-03-28 23:00:00,USA,PJM Interconnection,US-MIDA-PJM,372.72,446.18,36.49,7.8,pjm.com,false,
2022-03-29 00:00:00,USA,PJM Interconnection,US-MIDA-PJM,380.62,455.78,34.82,7.49,pjm.com,false,
2022-03-29 01:00:00,USA,PJM Interconnection,US-MIDA-PJM,382.57,457.6,34.78,6.94,pjm.com,false,
2022-03-29 02:00:00,USA,PJM Interconnection,US-MIDA-PJM,383.19,457.12,35.29,6.13,pjm.com,false,
2022-03-29 03:00:00,USA,PJM Interconnection,US-MIDA-PJM,380.89,453.45,36.25,5.8,pjm.com,false,
2022-03-29 04:00:00,USA,PJM Interconnection,US-MIDA-PJM,378.56,450.4,36.87,5.55,pjm.com,false,
2022-03-29 05:00:00,USA,PJM Interconnection,US-MIDA-PJM,376.0,447.46,37.24,5.52,pjm.com,false,
2022-03-29 06:00:00,USA,PJM Interconnection,US-MIDA-PJM,376.46,448.45,36.86,5.03,pjm.com,false,
2022-03-29 07:00:00,USA,PJM Interconnection,US-MIDA-PJM,375.04,447.22,36.81,5.23,pjm.com,false,
2022-03-29 08:00:00,USA,PJM Interconnection,US-MIDA-PJM,374.82,447.72,36.51,5.61,pjm.com,false,
2022-03-29 09:00:00,USA,PJM Interconnection,US-MIDA-PJM,368.2,441.36,36.97,7.29,pjm.com,false,
2022-03-29 10:00:00,USA,PJM Interconnection,US-MIDA-PJM,362.55,436.35,37.11,9.38,pjm.com,false,
2022-03-29 11:00:00,USA,PJM Interconnection,US-MIDA-PJM,365.86,441.73,35.62,9.36,pjm.com,false,
2022-03-29 12:00:00,USA,PJM Interconnection,US-MIDA-PJM,355.42,428.86,37.65,10.89,pjm.com,false,
2022-03-29 13:00:00,USA,PJM Interconnection,US-MIDA-PJM,356.22,428.29,38.5,11.27,pjm.com,false,
2022-03-29 14:00:00,USA,PJM Interconnection,US-MIDA-PJM,354.7,425.44,39.32,11.09,pjm.com,false,
2022-03-29 15:00:00,USA,PJM Interconnection,US-MIDA-PJM,356.2,426.51,39.49,10.66,pjm.com,false,
2022-03-29 16:00:00,USA,PJM Interconnection,US-MIDA-PJM,351.84,420.82,40.67,11.15,pjm.com,false,
2022-03-29 17:00:00,USA,PJM Interconnection,US-MIDA-PJM,351.97,420.34,41.07,11.42,pjm.com,false,
2022-03-29 18:00:00,USA,PJM Interconnection,US-MIDA-PJM,351.28,419.04,41.56,11.55,pjm.com,false,
2022-03-29 19:00:00,USA,PJM Interconnection,US-MIDA-PJM,347.92,415.44,41.92,11.59,pjm.com,false,
2022-03-29 20:00:00,USA,PJM Interconnection,US-MIDA-PJM,345.93,413.17,42.25,11.86,pjm.com,false,
2022-03-29 21:00:00,USA,PJM Interconnection,US-MIDA-PJM,343.81,410.78,42.52,11.61,pjm.com,false,
2022-03-29 22:00:00,USA,PJM Interconnection,US-MIDA-PJM,349.93,418.26,41.09,10.22,pjm.com,false,
2022-03-29 23:00:00,USA,PJM Interconnection,US-MIDA-PJM,345.82,414.03,41.47,11.5,pjm.com,false,
2022-03-30 00:00:00,USA,PJM Interconnection,US-MIDA-PJM,351.13,421.07,39.91,10.98,pjm.com,false,
2022-03-30 01:00:00,USA,PJM Interconnection,US-MIDA-PJM,355.7,425.95,39.36,9.83,pjm.com,false,
2022-03-30 02:00:00,USA,PJM Interconnection,US-MIDA-PJM,357.42,426.87,39.69,8.75,pjm.com,false,
2022-03-30 03:00:00,USA,PJM Interconnection,US-MIDA-PJM,354.85,422.76,40.97,8.76,pjm.com,false,
2022-03-30 04:00:00,USA,PJM Interconnection,US-MIDA-PJM,349.15,415.71,42.24,9.01,pjm.com,false,
2022-03-30 05:00:00,USA,PJM Interconnection,US-MIDA-PJM,343.93,410.62,42.45,9.02,pjm.com,false,
2022-03-30 06:00:00,USA,PJM Interconnection,US-MIDA-PJM,343.54,410.31,42.42,8.86,pjm.com,false,
2022-03-30 07:00:00,USA,PJM Interconnection,US-MIDA-PJM,343.47,410.27,42.38,9.02,pjm.com,false,
2022-03-30 08:00:00,USA,PJM Interconnection,US-MIDA-PJM,345.53,412.56,42.14,9.11,pjm.com,false,
2022-03-30 09:00:00,USA,PJM Interconnection,US-MIDA-PJM,346.39,413.53,42.03,9.29,pjm.com,false,
2022-03-30 10:00:00,USA,PJM Interconnection,US-MIDA-PJM,340.42,408.66,42.12,11.5,pjm.com,false,
2022-03-30 11:00:00,USA,PJM Interconnection,US-MIDA-PJM,349.74,420.48,39.79,10.71,pjm.com,false,
2022-03-30 12:00:00,USA,PJM Interconnection,US-MIDA-PJM,350.09,419.72,40.5,11.57,pjm.com,false,
2022-03-30 13:00:00,USA,PJM Interconnection,US-MIDA-PJM,352.17,421.01,40.89,11.43,pjm.com,false,
2022-03-30 14:00:00,USA,PJM Interconnection,US-MIDA-PJM,349.2,416.72,41.83,11.81,pjm.com,false,
2022-03-30 15:00:00,USA,PJM Interconnection,US-MIDA-PJM,349.3,416.59,41.96,11.34,pjm.com,false,
2022-03-30 16:00:00,USA,PJM Interconnection,US-MIDA-PJM,346.39,412.81,42.76,11.72,pjm.com,false,
2022-03-30 17:00:00,USA,PJM Interconnection,US-MIDA-PJM,349.21,415.78,42.44,11.02,pjm.com,false,
2022-03-30 18:00:00,USA,PJM Interconnection,US-MIDA-PJM,350.32,416.76,42.48,10.47,pjm.com,false,
2022-03-30 19:00:00,USA,PJM Interconnection,US-MIDA-PJM,345.06,410.41,43.55,11.14,pjm.com,false,
2022-03-30 20:00:00,USA,PJM Interconnection,US-MIDA-PJM,344.03,409.41,43.59,11.27,pjm.com,false,
2022-03-30 21:00:00,USA,PJM Interconnection,US-MIDA-PJM,348.48,415.51,42.22,9.43,pjm.com,false,
2022-03-30 22:00:00,USA,PJM Interconnection,US-MIDA-PJM,350.46,416.89,42.44,9.64,pjm.com,false,
2022-03-30 23:00:00,USA,PJM Interconnection,US-MIDA-PJM,359.34,427.61,40.58,7.95,pjm.com,false,
2022-03-31 00:00:00,USA,PJM Interconnection,US-MIDA-PJM,363.85,433.39,39.44,7.29,pjm.com,false,
2022-03-31 01:00:00,USA,PJM Interconnection,US-MIDA-PJM,364.6,433.65,39.72,6.92,pjm.com,false,
2022-03-31 02:00:00,USA,PJM Interconnection,US-MIDA-PJM,355.55,421.62,42.31,7.8,pjm.com,false,
2022-03-31 03:00:00,USA,PJM Interconnection,US-MIDA-PJM,331.4,393.82,46.25,9.96,pjm.com,false,
2022-03-31 04:00:00,USA,PJM Interconnection,US-MIDA-PJM,320.06,381.01,47.89,10.48,pjm.com,false,
2022-03-31 05:00:00,USA,PJM Interconnection,US-MIDA-PJM,311.48,372.54,48.24,10.79,pjm.com,false,
2022-03-31 06:00:00,USA,PJM Interconnection,US-MIDA-PJM,307.83,368.05,49.08,11.08,pjm.com,false,
2022-03-31 07:00:00,USA,PJM Interconnection,US-MIDA-PJM,306.66,366.58,49.36,11.63,pjm.com,false,
2022-03-31 08:00:00,USA,PJM Interconnection,US-MIDA-PJM,306.9,367.36,48.95,11.79,pjm.com,false,
2022-03-31 09:00:00,USA,PJM Interconnection,US-MIDA-PJM,313.28,374.98,47.68,11.49,pjm.com,false,
2022-03-31 10:00:00,USA,PJM Interconnection,US-MIDA-PJM,316.2,378.11,47.47,12.81,pjm.com,false,
2022-03-31 11:00:00,USA,PJM Interconnection,US-MIDA-PJM,334.78,399.08,44.74,12.01,pjm.com,false,
2022-03-31 12:00:00,USA,PJM Interconnection,US-MIDA-PJM,340.12,405.43,43.71,11.87,pjm.com,false,
2022-03-31 13:00:00,USA,PJM Interconnection,US-MIDA-PJM,343.92,410.25,42.77,11.28,pjm.com,false,
2022-03-31 14:00:00,USA,PJM Interconnection,US-MIDA-PJM,341.39,408.19,42.58,11.2,pjm.com,false,
2022-03-31 15:00:00,USA,PJM Interconnection,US-MIDA-PJM,341.48,407.68,43.06,11.72,pjm.com,false,
2022-03-31 16:00:00,USA,PJM Interconnection,US-MIDA-PJM,344.65,410.95,42.78,11.17,pjm.com,false,
2022-03-31 17:00:00,USA,PJM Interconnection,US-MIDA-PJM,344.54,410.89,42.75,11.2,pjm.com,false,
2022-03-31 18:00:00,USA,PJM Interconnection,US-MIDA-PJM,348.97,415.83,42.06,10.19,pjm.com,false,
2022-03-31 19:00:00,USA,PJM Interconnection,US-MIDA-PJM,350.95,418.17,41.7,9.44,pjm.com,false,
2022-03-31 20:00:00,USA,PJM Interconnection,US-MIDA-PJM,351.59,419.26,41.32,8.98,pjm.com,false,
2022-03-31 21:00:00,USA,PJM Interconnection,US-MIDA-PJM,352.33,420.84,40.72,8.52,pjm.com,false,
2022-03-31 22:00:00,USA,PJM Interconnection,US-MIDA-PJM,350.85,419.49,40.78,8.78,pjm.com,false,
2022-03-31 23:00:00,USA,PJM Interconnection,US-MIDA-PJM,345.51,413.13,41.89,10.09,pjm.com,false,
2022-04-01 00:00:00,USA,PJM Interconnection,US-MIDA-PJM,344.06,411.43,42.2,11.05,pjm.com,false,
2022-04-01 01:00:00,USA,PJM Interconnection,US-MIDA-PJM,351.5,420.1,40.76,8.92,pjm.com,false,
2022-04-01 02:00:00,USA,PJM Interconnection,US-MIDA-PJM,357.41,425.92,40.37,7.14,pjm.com,false,
2022-04-01 03:00:00,USA,PJM Interconnection,US-MIDA-PJM,349.55,415.9,42.35,7.05,pjm.com,false,
2022-04-01 04:00:00,USA,PJM Interconnection,US-MIDA-PJM,342.96,407.82,43.81,7.14,pjm.com,false,
2022-04-01 05:00:00,USA,PJM Interconnection,US-MIDA-PJM,341.54,405.8,44.32,7.48,pjm.com,false,
2022-04-01 06:00:00,USA,PJM Interconnection,US-MIDA-PJM,338.69,402.58,44.77,7.71,pjm.com,false,
2022-04-01 07:00:00,USA,PJM Interconnection,US-MIDA-PJM,336.05,400.12,44.77,8.11,pjm.com,false,
2022-04-01 08:00:00,USA,PJM Interconnection,US-MIDA-PJM,338.34,402.51,44.57,8.29,pjm.com,false,
2022-04-01 09:00:00,USA,PJM Interconnection,US-MIDA-PJM,345.32,410.98,43.1,7.43,pjm.com,false,
2022-04-01 10:00:00,USA,PJM Interconnection,US-MIDA-PJM,343.37,410.43,42.32,8.8,pjm.com,false,
2022-04-01 11:00:00,USA,PJM Interconnection,US-MIDA-PJM,345.61,413.98,41.38,10.08,pjm.com,false,
2022-04-01 12:00:00,USA,PJM Interconnection,US-MIDA-PJM,352.52,421.71,40.43,9.61,pjm.com,false,
2022-04-01 13:00:00,USA,PJM Interconnection,US-MIDA-PJM,346.29,414.01,42.04,11.16,pjm.com,false,
2022-04-01 14:00:00,USA,PJM Interconnection,US-MIDA-PJM,346.62,413.42,42.65,11.09,pjm.com,false,
2022-04-01 15:00:00,USA,PJM Interconnection,US-MIDA-PJM,346.42,413.17,42.72,10.92,pjm.com,false,
2022-04-01 16:00:00,USA,PJM Interconnection,US-MIDA-PJM,342.86,408.78,43.51,11.12,pjm.com,false,
2022-04-01 17:00:00,USA,PJM Interconnection,US-MIDA-PJM,347.55,414.85,42.16,9.77,pjm.com,false,
2022-04-01 18:00:00,USA,PJM Interconnection,US-MIDA-PJM,349.69,417.29,41.78,9.05,pjm.com,false,
2022-04-01 19:00:00,USA,PJM Interconnection,US-MIDA-PJM,349.43,416.5,42.2,9.24,pjm.com,false,
2022-04-01 20:00:00,USA,PJM Interconnection,US-MIDA-PJM,353.06,420.83,41.5,8.78,pjm.com,false,
2022-04-01 21:00:00,USA,PJM Interconnection,US-MIDA-PJM,352.88,420.06,42.11,8.76,pjm.com,false,
2022-04-01 22:00:00,USA,PJM Interconnection,US-MIDA-PJM,357.3,425.75,40.84,7.41,pjm.com,false,
2022-04-01 23:00:00,USA,PJM Interconnection,US-MIDA-PJM,357.33,426.13,40.63,7.74,pjm.com,false,
2022-04-02 00:00:00,USA,PJM Interconnection,US-MIDA-PJM,359.29,428.79,40.04,8.0,pjm.com,false,
2022-04-02 01:00:00,USA,PJM Interconnection,US-MIDA-PJM,361.18,430.93,39.71,7.32,pjm.com,false,
2022-04-02 02:00:00,USA,PJM Interconnection,US-MIDA-PJM,368.8,439.43,38.52,5.48,pjm.com,false,
2022-04-02 03:00:00,USA,PJM Interconnection,US-MIDA-PJM,371.34,441.17,38.84,4.71,pjm.com,false,
2022-04-02 04:00:00,USA,PJM Interconnection,US-MIDA-PJM,362.51,430.03,40.91,5.49,pjm.com,false,
2022-04-02 05:00:00,USA,PJM Interconnection,US-MIDA-PJM,363.66,430.39,41.39,5.2,pjm.com,false,
2022-04-02 06:00:00,USA,PJM Interconnection,US-MIDA-PJM,356.76,423.23,41.97,5.62,pjm.com,false,
2022-04-02 07:00:00,USA,PJM Interconnection,US-MIDA-PJM,357.16,423.71,41.91,5.54,pjm.com,false,
2022-04-02 08:00:00,USA,PJM Interconnection,US-MIDA-PJM,361.38,428.71,41.14,5.06,pjm.com,false,
2022-04-02 09:00:00,USA,PJM Interconnection,US-MIDA-PJM,360.87,429.8,40.0,4.81,pjm.com,false,
2022-04-02 10:00:00,USA,PJM Interconnection,US-MIDA-PJM,353.43,422.48,40.4,6.91,pjm.com,false,
2022-04-02 11:00:00,USA,PJM Interconnection,US-MIDA-PJM,349.68,418.55,40.83,8.62,pjm.com,false,
2022-04-02 12:00:00,USA,PJM Interconnection,US-MIDA-PJM,341.46,408.89,42.49,11.14,pjm.com,false,
2022-04-02 13:00:00,USA,PJM Interconnection,US-MIDA-PJM,339.02,404.91,43.83,11.33,pjm.com,false,
2022-04-02 14:00:00,USA,PJM Interconnection,US-MIDA-PJM,342.02,407.06,44.28,11.2,pjm.com,false,
2022-04-02 15:00:00,USA,PJM Interconnection,US-MIDA-PJM,336.63,400.14,45.64,11.59,pjm.com,false,
2022-04-02 16:00:00,USA,PJM Interconnection,US-MIDA-PJM,335.84,398.44,46.35,12.01,pjm.com,false,
2022-04-02 17:00:00,USA,PJM Interconnection,US-MIDA-PJM,340.18,403.11,45.88,10.97,pjm.com,false,
2022-04-02 18:00:00,USA,PJM Interconnection,US-MIDA-PJM,338.26,400.83,46.27,10.73,pjm.com,false,
2022-04-02 19:00:00,USA,PJM Interconnection,US-MIDA-PJM,332.63,393.93,47.51,11.54,pjm.com,false,
2022-04-02 20:00:00,USA,PJM Interconnection,US-MIDA-PJM,327.92,389.1,47.83,12.11,pjm.com,false,
2022-04-02 21:00:00,USA,PJM Interconnection,US-MIDA-PJM,326.47,387.78,47.73,12.5,pjm.com,false,
2022-04-02 22:00:00,USA,PJM Interconnection,US-MIDA-PJM,334.28,396.95,46.1,11.2,pjm.com,false,
2022-04-02 23:00:00,USA,PJM Interconnection,US-MIDA-PJM,339.51,403.01,45.22,10.88,pjm.com,false,
2022-04-03 00:00:00,USA,PJM Interconnection,US-MIDA-PJM,347.36,412.2,43.93,10.88,pjm.com,false,
2022-04-03 01:00:00,USA,PJM Interconnection,US-MIDA-PJM,358.3,424.12,42.53,8.49,pjm.com,false,
2022-04-03 02:00:00,USA,PJM Interconnection,US-MIDA-PJM,364.91,430.94,41.94,7.15,pjm.com,false,
2022-04-03 03:00:00,USA,PJM Interconnection,US-MIDA-PJM,368.3,434.97,41.25,5.56,pjm.com,false,
2022-04-03 04:00:00,USA,PJM Interconnection,US-MIDA-PJM,367.59,433.09,42.19,5.48,pjm.com,false,
2022-04-03 05:00:00,USA,PJM Interconnection,US-MIDA-PJM,360.6,425.06,43.32,6.05,pjm.com,false,
2022-04-03 06:00:00,USA,PJM Interconnection,US-MIDA-PJM,348.85,412.13,44.81,6.98,pjm.com,false,
2022-04-03 07:00:00,USA,PJM Interconnection,US-MIDA-PJM,347.1,409.97,45.21,7.43,pjm.com,false,
2022-04-03 08:00:00,USA,PJM Interconnection,US-MIDA-PJM,349.46,413.45,44.26,6.61,pjm.com,false,
2022-04-03 09:00:00,USA,PJM Interconnection,US-MIDA-PJM,353.68,418.49,43.44,6.18,pjm.com,false,
2022-04-03 10:00:00,USA,PJM Interconnection,US-MIDA-PJM,356.06,421.36,42.98,6.03,pjm.com,false,
2022-04-03 11:00:00,USA,PJM Interconnection,US-MIDA-PJM,360.54,427.25,41.73,5.8,pjm.com,false,
2022-04-03 12:00:00,USA,PJM Interconnection,US-MIDA-PJM,354.8,421.2,42.4,7.3,pjm.com,false,
2022-04-03 13:00:00,USA,PJM Interconnection,US-MIDA-PJM,351.05,417.19,42.9,8.15,pjm.com,false,
2022-04-03 14:00:00,USA,PJM Interconnection,US-MIDA-PJM,351.91,417.98,42.99,8.33,pjm.com,false,
2022-04-03 15:00:00,USA,PJM Interconnection,US-MIDA-PJM,354.85,421.46,42.43,7.77,pjm.com,false,
2022-04-03 16:00:00,USA,PJM Interconnection,US-MIDA-PJM,350.96,416.67,43.34,8.15,pjm.com,false,
2022-04-03 17:00:00,USA,PJM Interconnection,US-MIDA-PJM,347.32,412.14,44.18,8.64,pjm.com,false,
2022-04-03 18:00:00,USA,PJM Interconnection,US-MIDA-PJM,348.24,413.32,43.92,8.49,pjm.com,false,
2022-04-03 19:00:00,USA,PJM Interconnection,US-MIDA-PJM,346.33,411.52,43.94,8.34,pjm.com,false,
2022-04-03 20:00:00,USA,PJM Interconnection,US-MIDA-PJM,343.64,409.0,43.99,8.87,pjm.com,false,
2022-04-03 21:00:00,USA,PJM Interconnection,US-MIDA-PJM,346.58,412.53,43.37,8.55,pjm.com,false,
2022-04-03 22:00:00,USA,PJM Interconnection,US-MIDA-PJM,360.59,429.17,40.67,6.8,pjm.com,false,
2022-04-03 23:00:00,USA,PJM Interconnection,US-MIDA-PJM,361.42,430.4,40.4,7.1,pjm.com,false,
2022-04-04 00:00:00,USA,PJM Interconnection,US-MIDA-PJM,363.79,433.53,39.7,7.45,pjm.com,false,
2022-04-04 01:00:00,USA,PJM Interconnection,US-MIDA-PJM,365.04,435.15,39.28,6.55,pjm.com,false,
2022-04-04 02:00:00,USA,PJM Interconnection,US-MIDA-PJM,365.86,436.13,38.82,4.79,pjm.com,false,
2022-04-04 03:00:00,USA,PJM Interconnection,US-MIDA-PJM,356.95,424.6,41.14,5.79,pjm.com,false,
2022-04-04 04:00:00,USA,PJM Interconnection,US-MIDA-PJM,353.69,420.4,42.01,6.35,pjm.com,false,
2022-04-04 05:00:00,USA,PJM Interconnection,US-MIDA-PJM,346.32,412.53,42.76,7.07,pjm.com,false,
2022-04-04 06:00:00,USA,PJM Interconnection,US-MIDA-PJM,346.15,412.78,42.48,6.77,pjm.com,false,
2022-04-04 07:00:00,USA,PJM Interconnection,US-MIDA-PJM,348.11,415.19,42.03,6.63,pjm.com,false,
2022-04-04 08:00:00,USA,PJM Interconnection,US-MIDA-PJM,348.48,415.83,41.83,6.88,pjm.com,false,
2022-04-04 09:00:00,USA,PJM Interconnection,US-MIDA-PJM,353.9,423.07,40.22,6.41,pjm.com,false,
2022-04-04 10:00:00,USA,PJM Interconnection,US-MIDA-PJM,346.79,416.87,40.13,9.34,pjm.com,false,
2022-04-04 11:00:00,USA,PJM Interconnection,US-MIDA-PJM,349.11,420.95,38.77,10.34,pjm.com,false,
2022-04-04 12:00:00,USA,PJM Interconnection,US-MIDA-PJM,347.51,418.32,39.77,11.38,pjm.com,false,
2022-04-04 13:00:00,USA,PJM Interconnection,US-MIDA-PJM,340.29,408.51,42.06,12.31,pjm.com,false,
2022-04-04 14:00:00,USA,PJM Interconnection,US-MIDA-PJM,339.46,407.43,42.49,12.46,pjm.com,false,
2022-04-04 15:00:00,USA,PJM Interconnection,US-MIDA-PJM,339.7,407.06,42.89,12.38,pjm.com,false,
2022-04-04 16:00:00,USA,PJM Interconnection,US-MIDA-PJM,339.91,406.62,43.39,12.49,pjm.com,false,
2022-04-04 17:00:00,USA,PJM Interconnection,US-MIDA-PJM,343.24,409.98,43.11,11.78,pjm.com,false,
2022-04-04 18:00:00,USA,PJM Interconnection,US-MIDA-PJM,345.83,412.66,43.29,11.36,pjm.com,false,
2022-04-04 19:00:00,USA,PJM Interconnection,US-MIDA-PJM,352.08,419.52,42.48,10.87,pjm.com,false,
2022-04-04 20:00:00,USA,PJM Interconnection,US-MIDA-PJM,357.34,425.4,41.78,9.78,pjm.com,false,
2022-04-04 21:00:00,USA,PJM Interconnection,US-MIDA-PJM,362.28,432.19,40.34,8.88,pjm.com,false,
2022-04-04 22:00:00,USA,PJM Interconnection,US-MIDA-PJM,366.98,438.62,38.74,6.97,pjm.com,false,
2022-04-04 23:00:00,USA,PJM Interconnection,US-MIDA-PJM,371.42,444.58,37.45,6.51,pjm.com,false,
2022-04-05 00:00:00,USA,PJM Interconnection,US-MIDA-PJM,373.51,447.04,37.18,6.71,pjm.com,false,
2022-04-05 01:00:00,USA,PJM Interconnection,US-MIDA-PJM,374.92,447.89,37.26,5.96,pjm.com,false,
2022-04-05 02:00:00,USA,PJM Interconnection,US-MIDA-PJM,383.55,456.89,36.39,3.39,pjm.com,false,
2022-04-05 03:00:00,USA,PJM Interconnection,US-MIDA-PJM,382.58,454.03,37.08,2.8,pjm.com,false,
2022-04-05 04:00:00,USA,PJM Interconnection,US-MIDA-PJM,380.73,451.06,38.0,2.27,pjm.com,false,
2022-04-05 05:00:00,USA,PJM Interconnection,US-MIDA-PJM,376.49,446.36,38.56,2.28,pjm.com,false,
2022-04-05 06:00:00,USA,PJM Interconnection,US-MIDA-PJM,375.97,445.5,38.87,2.35,pjm.com,false,
2022-04-05 07:00:00,USA,PJM Interconnection,US-MIDA-PJM,377.48,446.78,38.98,2.51,pjm.com,false,
2022-04-05 08:00:00,USA,PJM Interconnection,US-MIDA-PJM,378.28,447.89,38.72,2.8,pjm.com,false,
2022-04-05 09:00:00,USA,PJM Interconnection,US-MIDA-PJM,375.16,445.48,38.42,3.39,pjm.com,false,
2022-04-05 10:00:00,USA,PJM Interconnection,US-MIDA-PJM,360.42,431.29,39.02,6.69,pjm.com,false,
2022-04-05 11:00:00,USA,PJM Interconnection,US-MIDA-PJM,358.68,430.25,38.63,7.97,pjm.com,false,
2022-04-05 12:00:00,USA,PJM Interconnection,US-MIDA-PJM,357.75,429.09,38.89,8.94,pjm.com,false,
2022-04-05 13:00:00,USA,PJM Interconnection,US-MIDA-PJM,362.05,433.53,38.49,7.99,pjm.com,false,
2022-04-05 14:00:00,USA,PJM Interconnection,US-MIDA-PJM,358.81,428.96,39.71,8.95,pjm.com,false,
2022-04-05 15:00:00,USA,PJM Interconnection,US-MIDA-PJM,365.39,436.87,38.33,7.48,pjm.com,false,
2022-04-05 16:00:00,USA,PJM Interconnection,US-MIDA-PJM,369.45,440.37,38.49,6.75,pjm.com,false,
2022-04-05 17:00:00,USA,PJM Interconnection,US-MIDA-PJM,370.73,442.04,38.13,6.23,pjm.com,false,
2022-04-05 18:00:00,USA,PJM Interconnection,US-MIDA-PJM,375.17,446.58,37.77,5.9,pjm.com,false,
2022-04-05 19:00:00,USA,PJM Interconnection,US-MIDA-PJM,376.73,448.43,37.44,5.55,pjm.com,false,
2022-04-05 20:00:00,USA,PJM Interconnection,US-MIDA-PJM,375.13,446.56,37.68,5.66,pjm.com,false,
2022-04-05 21:00:00,USA,PJM Interconnection,US-MIDA-PJM,372.42,443.73,37.9,6.12,pjm.com,false,
2022-04-05 22:00:00,USA,PJM Interconnection,US-MIDA-PJM,368.86,439.75,38.4,7.09,pjm.com,false,
2022-04-05 23:00:00,USA,PJM Interconnection,US-MIDA-PJM,364.43,434.38,39.43,8.17,pjm.com,false,
2022-04-06 00:00:00,USA,PJM Interconnection,US-MIDA-PJM,365.18,434.77,39.66,8.65,pjm.com,false,
2022-04-06 01:00:00,USA,PJM Interconnection,US-MIDA-PJM,362.85,431.85,40.14,8.25,pjm.com,false,
2022-04-06 02:00:00,USA,PJM Interconnection,US-MIDA-PJM,365.06,432.85,40.69,7.2,pjm.com,false,
2022-04-06 03:00:00,USA,PJM Interconnection,US-MIDA-PJM,358.7,423.95,42.82,7.64,pjm.com,false,
2022-04-06 04:00:00,USA,PJM Interconnection,US-MIDA-PJM,352.76,416.75,44.04,8.5,pjm.com,false,
2022-04-06 05:00:00,USA,PJM Interconnection,US-MIDA-PJM,348.25,411.33,44.96,8.71,pjm.com,false,
2022-04-06 06:00:00,USA,PJM Interconnection,US-MIDA-PJM,343.81,406.3,45.65,8.91,pjm.com,false,
2022-04-06 07:00:00,USA,PJM Interconnection,US-MIDA-PJM,335.8,397.68,46.53,9.46,pjm.com,false,
2022-04-06 08:00:00,USA,PJM Interconnection,US-MIDA-PJM,340.62,403.68,45.37,8.93,pjm.com,false,
2022-04-06 09:00:00,USA,PJM Interconnection,US-MIDA-PJM,348.74,412.91,44.13,8.62,pjm.com,false,
2022-04-06 10:00:00,USA,PJM Interconnection,US-MIDA-PJM,361.08,428.48,41.24,7.65,pjm.com,false,
2022-04-06 11:00:00,USA,PJM Interconnection,US-MIDA-PJM,368.47,437.71,39.6,7.88,pjm.com,false,
2022-04-06 12:00:00,USA,PJM Interconnection,US-MIDA-PJM,365.21,434.3,39.98,8.93,pjm.com,false,
2022-04-06 13:00:00,USA,PJM Interconnection,US-MIDA-PJM,363.25,432.02,40.33,9.69,pjm.com,false,
2022-04-06 14:00:00,USA,PJM Interconnection,US-MIDA-PJM,360.86,428.17,41.58,10.82,pjm.com,false,
2022-04-06 15:00:00,USA,PJM Interconnection,US-MIDA-PJM,358.84,426.05,41.67,10.89,pjm.com,false,
2022-04-06 16:00:00,USA,PJM Interconnection,US-MIDA-PJM,359.39,426.27,41.89,10.62,pjm.com,false,
2022-04-06 17:00:00,USA,PJM Interconnection,US-MIDA-PJM,353.91,420.72,42.2,11.13,pjm.com,false,
2022-04-06 18:00:00,USA,PJM Interconnection,US-MIDA-PJM,356.86,424.06,41.74,10.56,pjm.com,false,
2022-04-06 19:00:00,USA,PJM Interconnection,US-MIDA-PJM,350.79,416.4,43.2,11.47,pjm.com,false,
2022-04-06 20:00:00,USA,PJM Interconnection,US-MIDA-PJM,348.96,414.55,43.39,11.88,pjm.com,false,
2022-04-06 21:00:00,USA,PJM Interconnection,US-MIDA-PJM,348.84,414.61,43.29,12.31,pjm.com,false,
2022-04-06 22:00:00,USA,PJM Interconnection,US-MIDA-PJM,350.94,416.88,42.94,12.04,pjm.com,false,
2022-04-06 23:00:00,USA,PJM Interconnection,US-MIDA-PJM,351.79,417.92,42.79,11.76,pjm.com,false,
2022-04-07 00:00:00,USA,PJM Interconnection,US-MIDA-PJM,361.33,428.26,41.71,11.2,pjm.com,false,
2022-04-07 01:00:00,USA,PJM Interconnection,US-MIDA-PJM,370.08,437.11,41.08,9.84,pjm.com,false,
2022-04-07 02:00:00,USA,PJM Interconnection,US-MIDA-PJM,366.25,431.33,42.53,9.47,pjm.com,false,
2022-04-07 03:00:00,USA,PJM Interconnection,US-MIDA-PJM,357.16,420.69,44.16,9.95,pjm.com,false,
2022-04-07 04:00:00,USA,PJM Interconnection,US-MIDA-PJM,352.03,414.35,45.39,9.08,pjm.com,false,
2022-04-07 05:00:00,USA,PJM Interconnection,US-MIDA-PJM,347.07,408.89,46.05,9.44,pjm.com,false,
2022-04-07 06:00:00,USA,PJM Interconnection,US-MIDA-PJM,345.47,407.59,45.89,9.38,pjm.com,false,
2022-04-07 07:00:00,USA,PJM Interconnection,US-MIDA-PJM,341.74,403.18,46.56,9.61,pjm.com,false,
2022-04-07 08:00:00,USA,PJM Interconnection,US-MIDA-PJM,346.21,408.7,45.52,9.44,pjm.com,false,
2022-04-07 09:00:00,USA,PJM Interconnection,US-MIDA-PJM,348.05,410.93,45.13,9.81,pjm.com,false,
2022-04-07 10:00:00,USA,PJM Interconnection,US-MIDA-PJM,350.05,414.46,44.03,10.78,pjm.com,false,
2022-04-07 11:00:00,USA,PJM Interconnection,US-MIDA-PJM,356.04,422.04,42.55,11.33,pjm.com,false,
2022-04-07 12:00:00,USA,PJM Interconnection,US-MIDA-PJM,358.27,425.17,41.78,11.31,pjm.com,false,
2022-04-07 13:00:00,USA,PJM Interconnection,US-MIDA-PJM,356.55,423.04,42.41,11.84,pjm.com,false,
2022-04-07 14:00:00,USA,PJM Interconnection,US-MIDA-PJM,351.01,417.41,42.77,12.23,pjm.com,false,
2022-04-07 15:00:00,USA,PJM Interconnection,US-MIDA-PJM,352.54,418.85,42.69,12.2,pjm.com,false,
2022-04-07 16:00:00,USA,PJM Interconnection,US-MIDA-PJM,352.59,418.99,42.53,12.18,pjm.com,false,
2022-04-07 17:00:00,USA,PJM Interconnection,US-MIDA-PJM,353.38,420.02,42.28,11.68,pjm.com,false,
2022-04-07 18:00:00,USA,PJM Interconnection,US-MIDA-PJM,358.02,424.79,41.89,10.93,pjm.com,false,
2022-04-07 19:00:00,USA,PJM Interconnection,US-MIDA-PJM,355.67,421.83,42.44,11.08,pjm.com,false,
2022-04-07 20:00:00,USA,PJM Interconnection,US-MIDA-PJM,357.22,423.19,42.64,11.23,pjm.com,false,
2022-04-07 21:00:00,USA,PJM Interconnection,US-MIDA-PJM,357.63,423.64,42.59,11.17,pjm.com,false,
2022-04-07 22:00:00,USA,PJM Interconnection,US-MIDA-PJM,362.2,428.4,42.07,10.59,pjm.com,false,
2022-04-07 23:00:00,USA,PJM Interconnection,US-MIDA-PJM,361.43,427.6,42.29,11.0,pjm.com,false,
2022-04-08 00:00:00,USA,PJM Interconnection,US-MIDA-PJM,360.84,427.07,42.34,11.51,pjm.com,false,
2022-04-08 01:00:00,USA,PJM Interconnection,US-MIDA-PJM,370.87,437.72,41.19,9.62,pjm.com,false,
2022-04-08 02:00:00,USA,PJM Interconnection,US-MIDA-PJM,380.8,447.98,40.22,6.99,pjm.com,false,
2022-04-08 03:00:00,USA,PJM Interconnection,US-MIDA-PJM,378.67,445.1,40.9,6.81,pjm.com,false,
2022-04-08 04:00:00,USA,PJM Interconnection,US-MIDA-PJM,372.75,438.79,41.52,6.53,pjm.com,false,
2022-04-08 05:00:00,USA,PJM Interconnection,US-MIDA-PJM,368.68,434.26,42.09,6.7,pjm.com,false,
2022-04-08 06:00:00,USA,PJM Interconnection,US-MIDA-PJM,366.32,431.17,42.79,6.76,pjm.com,false,
2022-04-08 07:00:00,USA,PJM Interconnection,US-MIDA-PJM,367.43,432.8,42.32,5.99,pjm.com,false,
2022-04-08 08:00:00,USA,PJM Interconnection,US-MIDA-PJM,370.99,437.31,41.46,5.25,pjm.com,false,
2022-04-08 09:00:00,USA,PJM Interconnection,US-MIDA-PJM,376.91,444.92,39.87,4.84,pjm.com,false,
2022-04-08 10:00:00,USA,PJM Interconnection,US-MIDA-PJM,372.95,442.82,38.93,6.79,pjm.com,false,
2022-04-08 11:00:00,USA,PJM Interconnection,US-MIDA-PJM,373.0,443.55,38.57,8.1,pjm.com,false,
2022-04-08 12:00:00,USA,PJM Interconnection,US-MIDA-PJM,367.55,436.9,39.77,8.7,pjm.com,false,
2022-04-08 13:00:00,USA,PJM Interconnection,US-MIDA-PJM,367.59,436.25,40.28,8.93,pjm.com,false,
2022-04-08 14:00:00,USA,PJM Interconnection,US-MIDA-PJM,365.29,432.27,41.63,9.8,pjm.com,false,
2022-04-08 15:00:00,USA,PJM Interconnection,US-MIDA-PJM,363.31,430.28,41.69,9.85,pjm.com,false,
2022-04-08 16:00:00,USA,PJM Interconnection,US-MIDA-PJM,361.77,428.34,42.08,9.56,pjm.com,false,
2022-04-08 17:00:00,USA,PJM Interconnection,US-MIDA-PJM,363.33,429.17,42.52,9.67,pjm.com,false,
2022-04-08 18:00:00,USA,PJM Interconnection,US-MIDA-PJM,356.5,420.69,44.1,10.78,pjm.com,false,
2022-04-08 19:00:00,USA,PJM Interconnection,US-MIDA-PJM,349.39,413.63,44.41,11.32,pjm.com,false,
2022-04-08 20:00:00,USA,PJM Interconnection,US-MIDA-PJM,357.65,423.41,42.79,9.8,pjm.com,false,
2022-04-08 21:00:00,USA,PJM Interconnection,US-MIDA-PJM,349.43,414.72,43.61,10.65,pjm.com,false,
2022-04-08 22:00:00,USA,PJM Interconnection,US-MIDA-PJM,351.63,418.12,42.61,9.89,pjm.com,false,
2022-04-08 23:00:00,USA,PJM Interconnection,US-MIDA-PJM,359.53,427.54,41.04,8.71,pjm.com,false,
2022-04-09 00:00:00,USA,PJM Interconnection,US-MIDA-PJM,368.94,438.36,39.56,8.2,pjm.com,false,
2022-04-09 01:00:00,USA,PJM Interconnection,US-MIDA-PJM,381.51,452.16,37.87,6.6,pjm.com,false,
2022-04-09 02:00:00,USA,PJM Interconnection,US-MIDA-PJM,384.76,455.5,37.56,5.21,pjm.com,false,
2022-04-09 03:00:00,USA,PJM Interconnection,US-MIDA-PJM,374.66,443.85,39.13,5.59,pjm.com,false,
2022-04-09 04:00:00,USA,PJM Interconnection,US-MIDA-PJM,369.48,436.65,40.84,6.32,pjm.com,false,
2022-04-09 05:00:00,USA,PJM Interconnection,US-MIDA-PJM,369.36,436.8,40.64,5.74,pjm.com,false,
2022-04-09 06:00:00,USA,PJM Interconnection,US-MIDA-PJM,361.47,428.58,41.31,5.88,pjm.com,false,
2022-04-09 07:00:00,USA,PJM Interconnection,US-MIDA-PJM,367.67,435.16,40.71,5.65,pjm.com,false,
2022-04-09 08:00:00,USA,PJM Interconnection,US-MIDA-PJM,370.6,438.25,40.43,5.73,pjm.com,false,
2022-04-09 09:00:00,USA,PJM Interconnection,US-MIDA-PJM,364.5,431.47,41.26,6.34,pjm.com,false,
2022-04-09 10:00:00,USA,PJM Interconnection,US-MIDA-PJM,373.56,442.51,39.33,6.24,pjm.com,false,
2022-04-09 11:00:00,USA,PJM Interconnection,US-MIDA-PJM,359.51,428.46,40.21,7.75,pjm.com,false,
2022-04-09 12:00:00,USA,PJM Interconnection,US-MIDA-PJM,362.88,432.1,39.91,8.72,pjm.com,false,
2022-04-09 13:00:00,USA,PJM Interconnection,US-MIDA-PJM,361.64,430.04,40.73,9.69,pjm.com,false,
2022-04-09 14:00:00,USA,PJM Interconnection,US-MIDA-PJM,359.2,426.45,41.75,10.53,pjm.com,false,
2022-04-09 15:00:00,USA,PJM Interconnection,US-MIDA-PJM,354.34,421.09,42.28,10.46,pjm.com,false,
2022-04-09 16:00:00,USA,PJM Interconnection,US-MIDA-PJM,350.36,415.96,43.29,10.73,pjm.com,false,
2022-04-09 17:00:00,USA,PJM Interconnection,US-MIDA-PJM,354.52,420.85,42.52,10.16,pjm.com,false,
2022-04-09 18:00:00,USA,PJM Interconnection,US-MIDA-PJM,358.41,425.17,41.98,9.39,pjm.com,false,
2022-04-09 19:00:00,USA,PJM Interconnection,US-MIDA-PJM,360.98,428.03,41.63,8.7,pjm.com,false,
2022-04-09 20:00:00,USA,PJM Interconnection,US-MIDA-PJM,364.47,432.12,40.93,7.73,pjm.com,false,
2022-04-09 21:00:00,USA,PJM Interconnection,US-MIDA-PJM,367.27,435.9,40.03,7.01,pjm.com,false,
2022-04-09 22:00:00,USA,PJM Interconnection,US-MIDA-PJM,363.3,432.6,39.95,6.52,pjm.com,false,
2022-04-09 23:00:00,USA,PJM Interconnection,US-MIDA-PJM,371.72,443.09,38.0,5.89,pjm.com,false,
2022-04-10 00:00:00,USA,PJM Interconnection,US-MIDA-PJM,377.57,449.91,36.94,6.11,pjm.com,false,
2022-04-10 01:00:00,USA,PJM Interconnection,US-MIDA-PJM,383.04,455.87,36.16,5.4,pjm.com,false,
2022-04-10 02:00:00,USA,PJM Interconnection,US-MIDA-PJM,391.84,464.79,35.49,3.99,pjm.com,false,
2022-04-10 03:00:00,USA,PJM Interconnection,US-MIDA-PJM,391.47,462.54,36.85,3.69,pjm.com,false,
2022-04-10 04:00:00,USA,PJM Interconnection,US-MIDA-PJM,386.05,456.1,37.92,4.18,pjm.com,false,
2022-04-10 05:00:00,USA,PJM Interconnection,US-MIDA-PJM,371.29,440.17,39.53,4.86,pjm.com,false,
2022-04-10 06:00:00,USA,PJM Interconnection,US-MIDA-PJM,376.13,444.86,39.47,4.81,pjm.com,false,
2022-04-10 07:00:00,USA,PJM Interconnection,US-MIDA-PJM,379.37,448.39,39.07,4.85,pjm.com,false,
2022-04-10 08:00:00,USA,PJM Interconnection,US-MIDA-PJM,376.4,445.77,38.95,4.86,pjm.com,false,
2022-04-10 09:00:00,USA,PJM Interconnection,US-MIDA-PJM,379.6,448.79,38.87,5.25,pjm.com,false,
2022-04-10 10:00:00,USA,PJM Interconnection,US-MIDA-PJM,370.93,439.96,39.48,6.78,pjm.com,false,
2022-04-10 11:00:00,USA,PJM Interconnection,US-MIDA-PJM,365.7,433.63,40.6,8.59,pjm.com,false,
2022-04-10 12:00:00,USA,PJM Interconnection,US-MIDA-PJM,349.64,415.62,43.08,11.45,pjm.com,false,
2022-04-10 13:00:00,USA,PJM Interconnection,US-MIDA-PJM,344.99,410.46,43.81,12.36,pjm.com,false,
2022-04-10 14:00:00,USA,PJM Interconnection,US-MIDA-PJM,345.86,411.29,43.74,12.47,pjm.com,false,
2022-04-10 15:00:00,USA,PJM Interconnection,US-MIDA-PJM,333.81,397.76,45.46,13.88,pjm.com,false,
2022-04-10 16:00:00,USA,PJM Interconnection,US-MIDA-PJM,334.33,397.97,45.64,14.1,pjm.com,false,
2022-04-10 17:00:00,USA,PJM Interconnection,US-MIDA-PJM,324.37,387.06,46.86,14.54,pjm.com,false,
2022-04-10 18:00:00,USA,PJM Interconnection,US-MIDA-PJM,319.11,380.91,47.83,14.85,pjm.com,false,
2022-04-10 19:00:00,USA,PJM Interconnection,US-MIDA-PJM,317.82,379.44,48.01,15.1,pjm.com,false,
2022-04-10 20:00:00,USA,PJM Interconnection,US-MIDA-PJM,318.47,379.79,48.21,15.39,pjm.com,false,
2022-04-10 21:00:00,USA,PJM Interconnection,US-MIDA-PJM,317.16,378.51,48.28,15.69,pjm.com,false,
2022-04-10 22:00:00,USA,PJM Interconnection,US-MIDA-PJM,324.72,388.36,46.01,13.83,pjm.com,false,
2022-04-10 23:00:00,USA,PJM Interconnection,US-MIDA-PJM,332.16,396.76,44.83,13.09,pjm.com,false,
2022-04-11 00:00:00,USA,PJM Interconnection,US-MIDA-PJM,341.71,407.35,43.6,12.76,pjm.com,false,
2022-04-11 01:00:00,USA,PJM Interconnection,US-MIDA-PJM,351.24,418.25,42.01,11.35,pjm.com,false,
2022-04-11 02:00:00,USA,PJM Interconnection,US-MIDA-PJM,351.01,416.69,42.91,10.75,pjm.com,false,
2022-04-11 03:00:00,USA,PJM Interconnection,US-MIDA-PJM,346.47,411.52,43.62,10.62,pjm.com,false,
2022-04-11 04:00:00,USA,PJM Interconnection,US-MIDA-PJM,343.81,408.15,44.28,10.31,pjm.com,false,
2022-04-11 05:00:00,USA,PJM Interconnection,US-MIDA-PJM,336.74,400.87,44.79,10.21,pjm.com,false,
2022-04-11 06:00:00,USA,PJM Interconnection,US-MIDA-PJM,334.89,399.12,44.82,10.17,pjm.com,false,
2022-04-11 07:00:00,USA,PJM Interconnection,US-MIDA-PJM,335.02,399.61,44.56,10.0,pjm.com,false,
2022-04-11 08:00:00,USA,PJM Interconnection,US-MIDA-PJM,337.36,403.26,43.46,9.23,pjm.com,false,
2022-04-11 09:00:00,USA,PJM Interconnection,US-MIDA-PJM,347.29,415.19,41.5,8.92,pjm.com,false,
2022-04-11 10:00:00,USA,PJM Interconnection,US-MIDA-PJM,349.81,420.53,39.6,9.91,pjm.com,false,
2022-04-11 11:00:00,USA,PJM Interconnection,US-MIDA-PJM,358.23,430.04,38.37,9.98,pjm.com,false,
2022-04-11 12:00:00,USA,PJM Interconnection,US-MIDA-PJM,345.87,415.75,40.74,12.23,pjm.com,false,
2022-04-11 13:00:00,USA,PJM Interconnection,US-MIDA-PJM,348.05,417.98,40.63,11.65,pjm.com,false,
2022-04-11 14:00:00,USA,PJM Interconnection,US-MIDA-PJM,362.74,433.68,39.1,9.56,pjm.com,false,
2022-04-11 15:00:00,USA,PJM Interconnection,US-MIDA-PJM,364.73,434.84,39.36,9.3,pjm.com,false,
2022-04-11 16:00:00,USA,PJM Interconnection,US-MIDA-PJM,370.59,441.29,38.62,8.12,pjm.com,false,
2022-04-11 17:00:00,USA,PJM Interconnection,US-MIDA-PJM,374.85,446.39,37.79,7.34,pjm.com,false,
2022-04-11 18:00:00,USA,PJM Interconnection,US-MIDA-PJM,370.03,440.79,38.6,7.46,pjm.com,false,
2022-04-11 19:00:00,USA,PJM Interconnection,US-MIDA-PJM,366.91,437.71,38.72,7.35,pjm.com,false,
2022-04-11 20:00:00,USA,PJM Interconnection,US-MIDA-PJM,374.7,446.56,37.42,6.19,pjm.com,false,
2022-04-11 21:00:00,USA,PJM Interconnection,US-MIDA-PJM,372.78,444.52,37.65,6.7,pjm.com,false,
2022-04-11 22:00:00,USA,PJM Interconnection,US-MIDA-PJM,375.08,447.76,36.86,6.45,pjm.com,false,
2022-04-11 23:00:00,USA,PJM Interconnection,US-MIDA-PJM,374.98,447.94,36.78,6.33,pjm.com,false,
2022-04-12 00:00:00,USA,PJM Interconnection,US-MIDA-PJM,379.81,453.36,36.04,6.15,pjm.com,false,
2022-04-12 01:00:00,USA,PJM Interconnection,US-MIDA-PJM,385.41,458.78,35.69,4.96,pjm.com,false,
2022-04-12 02:00:00,USA,PJM Interconnection,US-MIDA-PJM,389.85,462.32,35.92,3.52,pjm.com,false,
2022-04-12 03:00:00,USA,PJM Interconnection,US-MIDA-PJM,385.33,456.28,37.27,3.25,pjm.com,false,
2022-04-12 04:00:00,USA,PJM Interconnection,US-MIDA-PJM,370.56,439.87,39.29,3.56,pjm.com,false,
2022-04-12 05:00:00,USA,PJM Interconnection,US-MIDA-PJM,365.13,434.4,39.61,3.58,pjm.com,false,
2022-04-12 06:00:00,USA,PJM Interconnection,US-MIDA-PJM,363.33,432.11,40.04,3.87,pjm.com,false,
2022-04-12 07:00:00,USA,PJM Interconnection,US-MIDA-PJM,359.57,427.41,40.93,4.4,pjm.com,false,
2022-04-12 08:00:00,USA,PJM Interconnection,US-MIDA-PJM,360.33,428.77,40.42,4.33,pjm.com,false,
2022-04-12 09:00:00,USA,PJM Interconnection,US-MIDA-PJM,360.96,430.11,39.88,4.8,pjm.com,false,
2022-04-12 10:00:00,USA,PJM Interconnection,US-MIDA-PJM,356.71,426.11,40.11,7.51,pjm.com,false,
2022-04-12 11:00:00,USA,PJM Interconnection,US-MIDA-PJM,358.73,428.43,39.82,8.78,pjm.com,false,
2022-04-12 12:00:00,USA,PJM Interconnection,US-MIDA-PJM,359.72,429.71,39.64,9.48,pjm.com,false,
2022-04-12 13:00:00,USA,PJM Interconnection,US-MIDA-PJM,365.92,436.46,38.75,8.59,pjm.com,false,
2022-04-12 14:00:00,USA,PJM Interconnection,US-MIDA-PJM,361.33,430.76,39.84,9.23,pjm.com,false,
2022-04-12 15:00:00,USA,PJM Interconnection,US-MIDA-PJM,349.15,416.13,42.39,10.86,pjm.com,false,
2022-04-12 16:00:00,USA,PJM Interconnection,US-MIDA-PJM,344.64,411.23,42.93,11.38,pjm.com,false,
2022-04-12 17:00:00,USA,PJM Interconnection,US-MIDA-PJM,344.84,411.22,43.12,11.47,pjm.com,false,
2022-04-12 18:00:00,USA,PJM Interconnection,US-MIDA-PJM,343.75,409.68,43.5,11.89,pjm.com,false,
2022-04-12 19:00:00,USA,PJM Interconnection,US-MIDA-PJM,348.79,414.99,43.0,11.27,pjm.com,false,
2022-04-12 20:00:00,USA,PJM Interconnection,US-MIDA-PJM,345.68,412.1,42.96,11.34,pjm.com,false,
2022-04-12 21:00:00,USA,PJM Interconnection,US-MIDA-PJM,351.24,417.91,42.41,11.27,pjm.com,false,
2022-04-12 22:00:00,USA,PJM Interconnection,US-MIDA-PJM,354.07,421.49,41.65,10.66,pjm.com,false,
2022-04-12 23:00:00,USA,PJM Interconnection,US-MIDA-PJM,351.14,418.36,42.07,11.14,pjm.com,false,
2022-04-13 00:00:00,USA,PJM Interconnection,US-MIDA-PJM,349.79,417.49,41.81,11.74,pjm.com,false,
2022-04-13 01:00:00,USA,PJM Interconnection,US-MIDA-PJM,353.27,420.59,41.77,10.96,pjm.com,false,
2022-04-13 02:00:00,USA,PJM Interconnection,US-MIDA-PJM,352.84,417.75,43.44,10.5,pjm.com,false,
2022-04-13 03:00:00,USA,PJM Interconnection,US-MIDA-PJM,347.61,411.15,44.7,10.21,pjm.com,false,
2022-04-13 04:00:00,USA,PJM Interconnection,US-MIDA-PJM,329.55,390.51,47.53,11.18,pjm.com,false,
2022-04-13 05:00:00,USA,PJM Interconnection,US-MIDA-PJM,320.92,380.59,48.92,11.75,pjm.com,false,
2022-04-13 06:00:00,USA,PJM Interconnection,US-MIDA-PJM,314.07,372.06,50.52,12.3,pjm.com,false,
2022-04-13 07:00:00,USA,PJM Interconnection,US-MIDA-PJM,313.14,370.66,50.94,11.92,pjm.com,false,
2022-04-13 08:00:00,USA,PJM Interconnection,US-MIDA-PJM,311.55,370.16,50.19,11.82,pjm.com,false,
2022-04-13 09:00:00,USA,PJM Interconnection,US-MIDA-PJM,318.08,378.93,48.17,11.3,pjm.com,false,
2022-04-13 10:00:00,USA,PJM Interconnection,US-MIDA-PJM,333.47,397.56,44.99,10.47,pjm.com,false,
2022-04-13 11:00:00,USA,PJM Interconnection,US-MIDA-PJM,341.06,407.53,42.85,9.63,pjm.com,false,
2022-04-13 12:00:00,USA,PJM Interconnection,US-MIDA-PJM,336.96,402.26,44.07,11.64,pjm.com,false,
2022-04-13 13:00:00,USA,PJM Interconnection,US-MIDA-PJM,341.76,407.56,43.53,10.8,pjm.com,false,
2022-04-13 14:00:00,USA,PJM Interconnection,US-MIDA-PJM,348.24,414.63,42.84,10.75,pjm.com,false,
2022-04-13 15:00:00,USA,PJM Interconnection,US-MIDA-PJM,345.51,411.36,43.4,11.13,pjm.com,false,
2022-04-13 16:00:00,USA,PJM Interconnection,US-MIDA-PJM,341.94,407.75,43.68,11.9,pjm.com,false,
2022-04-13 17:00:00,USA,PJM Interconnection,US-MIDA-PJM,338.22,403.59,44.23,12.76,pjm.com,false,
2022-04-13 18:00:00,USA,PJM Interconnection,US-MIDA-PJM,335.74,400.71,44.67,13.56,pjm.com,false,
2022-04-13 19:00:00,USA,PJM Interconnection,US-MIDA-PJM,333.48,397.92,45.18,14.32,pjm.com,false,
2022-04-13 20:00:00,USA,PJM Interconnection,US-MIDA-PJM,332.72,396.83,45.45,14.76,pjm.com,false,
2022-04-13 21:00:00,USA,PJM Interconnection,US-MIDA-PJM,336.09,401.97,43.95,13.37,pjm.com,false,
2022-04-13 22:00:00,USA,PJM Interconnection,US-MIDA-PJM,342.05,409.43,42.45,11.89,pjm.com,false,
2022-04-13 23:00:00,USA,PJM Interconnection,US-MIDA-PJM,338.04,404.83,43.0,12.2,pjm.com,false,
2022-04-14 00:00:00,USA,PJM Interconnection,US-MIDA-PJM,340.74,408.18,42.41,12.09,pjm.com,false,
2022-04-14 01:00:00,USA,PJM Interconnection,US-MIDA-PJM,340.09,407.22,42.54,11.33,pjm.com,false,
2022-04-14 02:00:00,USA,PJM Interconnection,US-MIDA-PJM,340.53,405.83,43.68,10.95,pjm.com,false,
2022-04-14 03:00:00,USA,PJM Interconnection,US-MIDA-PJM,333.83,396.98,45.61,10.97,pjm.com,false,
2022-04-14 04:00:00,USA,PJM Interconnection,US-MIDA-PJM,325.05,385.86,47.83,12.1,pjm.com,false,
2022-04-14 05:00:00,USA,PJM Interconnection,US-MIDA-PJM,320.87,381.19,48.43,11.91,pjm.com,false,
2022-04-14 06:00:00,USA,PJM Interconnection,US-MIDA-PJM,318.59,378.3,49.02,11.78,pjm.com,false,
2022-04-14 07:00:00,USA,PJM Interconnection,US-MIDA-PJM,316.56,375.81,49.44,11.62,pjm.com,false,
2022-04-14 08:00:00,USA,PJM Interconnection,US-MIDA-PJM,317.94,378.06,48.69,10.99,pjm.com,false,
2022-04-14 09:00:00,USA,PJM Interconnection,US-MIDA-PJM,323.44,385.36,47.07,9.98,pjm.com,false,
2022-04-14 10:00:00,USA,PJM Interconnection,US-MIDA-PJM,328.91,393.72,44.66,9.81,pjm.com,false,
2022-04-14 11:00:00,USA,PJM Interconnection,US-MIDA-PJM,331.44,397.28,43.89,11.2,pjm.com,false,
2022-04-14 12:00:00,USA,PJM Interconnection,US-MIDA-PJM,336.81,403.61,42.99,11.57,pjm.com,false,
2022-04-14 13:00:00,USA,PJM Interconnection,US-MIDA-PJM,328.94,394.22,44.62,13.38,pjm.com,false,
2022-04-14 14:00:00,USA,PJM Interconnection,US-MIDA-PJM,337.66,403.52,43.82,13.72,pjm.com,false,
2022-04-14 15:00:00,USA,PJM Interconnection,US-MIDA-PJM,329.74,394.17,45.39,15.33,pjm.com,false,
2022-04-14 16:00:00,USA,PJM Interconnection,US-MIDA-PJM,327.17,391.23,45.76,16.05,pjm.com,false,
2022-04-14 17:00:00,USA,PJM Interconnection,US-MIDA-PJM,323.88,387.85,46.08,16.56,pjm.com,false,
2022-04-14 18:00:00,USA,PJM Interconnection,US-MIDA-PJM,330.58,395.54,44.92,15.61,pjm.com,false,
2022-04-14 19:00:00,USA,PJM Interconnection,US-MIDA-PJM,334.47,400.32,43.97,14.53,pjm.com,false,
2022-04-14 20:00:00,USA,PJM Interconnection,US-MIDA-PJM,333.77,399.55,44.04,14.16,pjm.com,false,
2022-04-14 21:00:00,USA,PJM Interconnection,US-MIDA-PJM,335.69,401.42,43.96,13.89,pjm.com,false,
2022-04-14 22:00:00,USA,PJM Interconnection,US-MIDA-PJM,335.97,402.06,43.64,13.38,pjm.com,false,
2022-04-14 23:00:00,USA,PJM Interconnection,US-MIDA-PJM,328.74,393.78,44.86,14.19,pjm.com,false,
2022-04-15 00:00:00,USA,PJM Interconnection,US-MIDA-PJM,333.15,399.25,43.76,13.52,pjm.com,false,
2022-04-15 01:00:00,USA,PJM Interconnection,US-MIDA-PJM,347.15,414.42,42.07,11.1,pjm.com,false,
2022-04-15 02:00:00,USA,PJM Interconnection,US-MIDA-PJM,349.69,415.68,42.77,10.04,pjm.com,false,
2022-04-15 03:00:00,USA,PJM Interconnection,US-MIDA-PJM,338.61,401.93,45.33,10.75,pjm.com,false,
2022-04-15 04:00:00,USA,PJM Interconnection,US-MIDA-PJM,335.23,397.58,46.23,9.91,pjm.com,false,
2022-04-15 05:00:00,USA,PJM Interconnection,US-MIDA-PJM,332.93,395.06,46.51,9.78,pjm.com,false,
2022-04-15 06:00:00,USA,PJM Interconnection,US-MIDA-PJM,324.04,384.63,48.08,10.63,pjm.com,false,
2022-04-15 07:00:00,USA,PJM Interconnection,US-MIDA-PJM,319.15,379.11,48.76,10.73,pjm.com,false,
2022-04-15 08:00:00,USA,PJM Interconnection,US-MIDA-PJM,323.3,383.72,48.2,10.45,pjm.com,false,
2022-04-15 09:00:00,USA,PJM Interconnection,US-MIDA-PJM,325.46,386.76,47.43,10.64,pjm.com,false,
2022-04-15 10:00:00,USA,PJM Interconnection,US-MIDA-PJM,338.0,402.94,44.13,8.86,pjm.com,false,
2022-04-15 11:00:00,USA,PJM Interconnection,US-MIDA-PJM,347.0,414.45,41.96,8.4,pjm.com,false,
2022-04-15 12:00:00,USA,PJM Interconnection,US-MIDA-PJM,342.46,409.15,42.97,9.42,pjm.com,false,
2022-04-15 13:00:00,USA,PJM Interconnection,US-MIDA-PJM,340.47,406.53,43.68,10.15,pjm.com,false,
2022-04-15 14:00:00,USA,PJM Interconnection,US-MIDA-PJM,330.59,393.88,46.18,11.93,pjm.com,false,
2022-04-15 15:00:00,USA,PJM Interconnection,US-MIDA-PJM,323.66,385.74,47.47,12.82,pjm.com,false,
2022-04-15 16:00:00,USA,PJM Interconnection,US-MIDA-PJM,314.95,374.97,49.42,14.49,pjm.com,false,
2022-04-15 17:00:00,USA,PJM Interconnection,US-MIDA-PJM,320.42,381.72,48.17,13.89,pjm.com,false,
2022-04-15 18:00:00,USA,PJM Interconnection,US-MIDA-PJM,324.0,386.16,47.33,13.42,pjm.com,false,
2022-04-15 19:00:00,USA,PJM Interconnection,US-MIDA-PJM,326.49,389.33,46.69,13.11,pjm.com,false,
2022-04-15 20:00:00,USA,PJM Interconnection,US-MIDA-PJM,325.21,388.12,46.65,13.23,pjm.com,false,
2022-04-15 21:00:00,USA,PJM Interconnection,US-MIDA-PJM,328.96,392.68,45.8,12.68,pjm.com,false,
2022-04-15 22:00:00,USA,PJM Interconnection,US-MIDA-PJM,343.94,410.34,42.87,9.5,pjm.com,false,
2022-04-15 23:00:00,USA,PJM Interconnection,US-MIDA-PJM,351.34,418.12,42.19,8.43,pjm.com,false,
2022-04-16 00:00:00,USA,PJM Interconnection,US-MIDA-PJM,354.46,421.94,41.58,8.23,pjm.com,false,
2022-04-16 01:00:00,USA,PJM Interconnection,US-MIDA-PJM,356.16,423.62,41.45,7.23,pjm.com,false,
2022-04-16 02:00:00,USA,PJM Interconnection,US-MIDA-PJM,363.13,430.92,40.71,5.87,pjm.com,false,
2022-04-16 03:00:00,USA,PJM Interconnection,US-MIDA-PJM,354.32,420.2,42.55,5.64,pjm.com,false,
2022-04-16 04:00:00,USA,PJM Interconnection,US-MIDA-PJM,343.13,405.63,45.73,6.63,pjm.com,false,
2022-04-16 05:00:00,USA,PJM Interconnection,US-MIDA-PJM,336.9,398.9,46.33,7.6,pjm.com,false,
2022-04-16 06:00:00,USA,PJM Interconnection,US-MIDA-PJM,336.42,398.71,46.15,7.16,pjm.com,false,
2022-04-16 07:00:00,USA,PJM Interconnection,US-MIDA-PJM,337.59,399.12,46.67,6.92,pjm.com,false,
2022-04-16 08:00:00,USA,PJM Interconnection,US-MIDA-PJM,338.28,400.01,46.48,7.02,pjm.com,false,
2022-04-16 09:00:00,USA,PJM Interconnection,US-MIDA-PJM,342.04,404.57,45.7,6.79,pjm.com,false,
2022-04-16 10:00:00,USA,PJM Interconnection,US-MIDA-PJM,349.29,412.17,45.06,6.22,pjm.com,false,
2022-04-16 11:00:00,USA,PJM Interconnection,US-MIDA-PJM,350.9,414.33,44.61,6.17,pjm.com,false,
2022-04-16 12:00:00,USA,PJM Interconnection,US-MIDA-PJM,361.6,428.43,41.55,5.4,pjm.com,false,
2022-04-16 13:00:00,USA,PJM Interconnection,US-MIDA-PJM,358.45,423.96,42.9,7.2,pjm.com,false,
2022-04-16 14:00:00,USA,PJM Interconnection,US-MIDA-PJM,350.89,415.51,44.05,8.89,pjm.com,false,
2022-04-16 15:00:00,USA,PJM Interconnection,US-MIDA-PJM,343.09,406.55,45.32,10.13,pjm.com,false,
2022-04-16 16:00:00,USA,PJM Interconnection,US-MIDA-PJM,337.4,400.12,46.13,10.86,pjm.com,false,
2022-04-16 17:00:00,USA,PJM Interconnection,US-MIDA-PJM,328.23,388.72,48.28,12.89,pjm.com,false,
2022-04-16 18:00:00,USA,PJM Interconnection,US-MIDA-PJM,324.41,384.23,48.95,13.84,pjm.com,false,
2022-04-16 19:00:00,USA,PJM Interconnection,US-MIDA-PJM,319.11,378.38,49.64,14.86,pjm.com,false,
2022-04-16 20:00:00,USA,PJM Interconnection,US-MIDA-PJM,319.54,378.44,49.85,15.01,pjm.com,false,
2022-04-16 21:00:00,USA,PJM Interconnection,US-MIDA-PJM,322.96,382.61,49.06,14.64,pjm.com,false,
2022-04-16 22:00:00,USA,PJM Interconnection,US-MIDA-PJM,326.71,386.6,48.61,14.21,pjm.com,false,
2022-04-16 23:00:00,USA,PJM Interconnection,US-MIDA-PJM,336.57,398.63,46.37,12.42,pjm.com,false,
2022-04-17 00:00:00,USA,PJM Interconnection,US-MIDA-PJM,335.35,398.45,45.83,12.69,pjm.com,false,
2022-04-17 01:00:00,USA,PJM Interconnection,US-MIDA-PJM,355.12,420.2,43.27,10.09,pjm.com,false,
2022-04-17 02:00:00,USA,PJM Interconnection,US-MIDA-PJM,355.91,420.69,43.35,8.99,pjm.com,false,
2022-04-17 03:00:00,USA,PJM Interconnection,US-MIDA-PJM,362.44,427.37,42.78,7.52,pjm.com,false,
2022-04-17 04:00:00,USA,PJM Interconnection,US-MIDA-PJM,345.22,407.45,45.72,7.83,pjm.com,false,
2022-04-17 05:00:00,USA,PJM Interconnection,US-MIDA-PJM,338.93,400.08,46.87,7.56,pjm.com,false,
2022-04-17 06:00:00,USA,PJM Interconnection,US-MIDA-PJM,341.27,403.56,45.9,6.47,pjm.com,false,
2022-04-17 07:00:00,USA,PJM Interconnection,US-MIDA-PJM,340.79,403.2,45.86,6.11,pjm.com,false,
2022-04-17 08:00:00,USA,PJM Interconnection,US-MIDA-PJM,345.77,408.77,45.18,5.41,pjm.com,false,
2022-04-17 09:00:00,USA,PJM Interconnection,US-MIDA-PJM,345.81,409.09,44.99,5.42,pjm.com,false,
2022-04-17 10:00:00,USA,PJM Interconnection,US-MIDA-PJM,347.71,411.74,44.32,5.5,pjm.com,false,
2022-04-17 11:00:00,USA,PJM Interconnection,US-MIDA-PJM,345.2,409.82,44.08,6.26,pjm.com,false,
2022-04-17 12:00:00,USA,PJM Interconnection,US-MIDA-PJM,341.19,405.56,44.64,8.02,pjm.com,false,
2022-04-17 13:00:00,USA,PJM Interconnection,US-MIDA-PJM,334.09,396.43,46.66,10.18,pjm.com,false,
2022-04-17 14:00:00,USA,PJM Interconnection,US-MIDA-PJM,327.87,388.67,48.14,11.88,pjm.com,false,
2022-04-17 15:00:00,USA,PJM Interconnection,US-MIDA-PJM,333.58,395.9,46.72,10.37,pjm.com,false,
2022-04-17 16:00:00,USA,PJM Interconnection,US-MIDA-PJM,338.22,401.74,45.58,9.35,pjm.com,false,
2022-04-17 17:00:00,USA,PJM Interconnection,US-MIDA-PJM,339.38,402.81,45.64,9.12,pjm.com,false,
2022-04-17 18:00:00,USA,PJM Interconnection,US-MIDA-PJM,337.04,399.56,46.39,9.28,pjm.com,false,
2022-04-17 19:00:00,USA,PJM Interconnection,US-MIDA-PJM,333.84,395.31,47.35,10.02,pjm.com,false,
2022-04-17 20:00:00,USA,PJM Interconnection,US-MIDA-PJM,331.27,392.19,47.87,10.45,pjm.com,false,
2022-04-17 21:00:00,USA,PJM Interconnection,US-MIDA-PJM,331.78,392.12,48.31,10.75,pjm.com,false,
2022-04-17 22:00:00,USA,PJM Interconnection,US-MIDA-PJM,340.46,404.23,45.09,8.7,pjm.com,false,
2022-04-17 23:00:00,USA,PJM Interconnection,US-MIDA-PJM,342.79,406.83,44.69,8.52,pjm.com,false,
2022-04-18 00:00:00,USA,PJM Interconnection,US-MIDA-PJM,341.48,406.37,44.26,10.03,pjm.com,false,
2022-04-18 01:00:00,USA,PJM Interconnection,US-MIDA-PJM,349.65,415.14,43.26,8.85,pjm.com,false,
2022-04-18 02:00:00,USA,PJM Interconnection,US-MIDA-PJM,356.38,422.19,42.52,7.33,pjm.com,false,
2022-04-18 03:00:00,USA,PJM Interconnection,US-MIDA-PJM,359.1,424.64,42.5,6.36,pjm.com,false,
2022-04-18 04:00:00,USA,PJM Interconnection,US-MIDA-PJM,356.39,421.81,42.71,6.32,pjm.com,false,
2022-04-18 05:00:00,USA,PJM Interconnection,US-MIDA-PJM,350.83,416.55,42.8,6.03,pjm.com,false,
2022-04-18 06:00:00,USA,PJM Interconnection,US-MIDA-PJM,352.72,418.76,42.49,5.44,pjm.com,false,
2022-04-18 07:00:00,USA,PJM Interconnection,US-MIDA-PJM,354.62,421.25,41.96,4.92,pjm.com,false,
2022-04-18 08:00:00,USA,PJM Interconnection,US-MIDA-PJM,360.55,428.54,40.65,4.59,pjm.com,false,
2022-04-18 09:00:00,USA,PJM Interconnection,US-MIDA-PJM,362.87,432.18,39.59,4.91,pjm.com,false,
2022-04-18 10:00:00,USA,PJM Interconnection,US-MIDA-PJM,366.88,438.09,38.14,6.36,pjm.com,false,
2022-04-18 11:00:00,USA,PJM Interconnection,US-MIDA-PJM,363.63,434.9,38.44,8.16,pjm.com,false,
2022-04-18 12:00:00,USA,PJM Interconnection,US-MIDA-PJM,368.9,441.25,37.41,8.32,pjm.com,false,
2022-04-18 13:00:00,USA,PJM Interconnection,US-MIDA-PJM,373.81,446.76,36.66,7.71,pjm.com,false,
2022-04-18 14:00:00,USA,PJM Interconnection,US-MIDA-PJM,373.29,446.55,36.59,8.01,pjm.com,false,
2022-04-18 15:00:00,USA,PJM Interconnection,US-MIDA-PJM,371.42,444.33,37.01,8.62,pjm.com,false,
2022-04-18 16:00:00,USA,PJM Interconnection,US-MIDA-PJM,374.2,447.05,36.76,8.13,pjm.com,false,
2022-04-18 17:00:00,USA,PJM Interconnection,US-MIDA-PJM,368.29,440.74,37.26,9.04,pjm.com,false,
2022-04-18 18:00:00,USA,PJM Interconnection,US-MIDA-PJM,369.05,441.02,37.49,9.32,pjm.com,false,
2022-04-18 19:00:00,USA,PJM Interconnection,US-MIDA-PJM,366.16,437.3,38.2,9.9,pjm.com,false,
2022-04-18 20:00:00,USA,PJM Interconnection,US-MIDA-PJM,364.67,435.6,38.44,10.23,pjm.com,false,
2022-04-18 21:00:00,USA,PJM Interconnection,US-MIDA-PJM,363.87,434.95,38.39,10.25,pjm.com,false,
2022-04-18 22:00:00,USA,PJM Interconnection,US-MIDA-PJM,365.5,436.66,38.27,10.12,pjm.com,false,
2022-04-18 23:00:00,USA,PJM Interconnection,US-MIDA-PJM,361.85,432.64,38.8,10.59,pjm.com,false,
2022-04-19 00:00:00,USA,PJM Interconnection,US-MIDA-PJM,357.07,426.58,40.12,12.4,pjm.com,false,
2022-04-19 01:00:00,USA,PJM Interconnection,US-MIDA-PJM,366.12,436.34,39.38,10.98,pjm.com,false,
2022-04-19 02:00:00,USA,PJM Interconnection,US-MIDA-PJM,367.8,436.64,39.75,9.7,pjm.com,false,
2022-04-19 03:00:00,USA,PJM Interconnection,US-MIDA-PJM,364.49,431.91,40.84,10.0,pjm.com,false,
2022-04-19 04:00:00,USA,PJM Interconnection,US-MIDA-PJM,358.88,425.39,41.78,10.13,pjm.com,false,
2022-04-19 05:00:00,USA,PJM Interconnection,US-MIDA-PJM,352.63,418.37,42.69,10.29,pjm.com,false,
2022-04-19 06:00:00,USA,PJM Interconnection,US-MIDA-PJM,351.37,417.34,42.61,10.05,pjm.com,false,
2022-04-19 07:00:00,USA,PJM Interconnection,US-MIDA-PJM,353.11,419.26,42.37,9.92,pjm.com,false,
2022-04-19 08:00:00,USA,PJM Interconnection,US-MIDA-PJM,356.83,423.52,41.74,9.51,pjm.com,false,
2022-04-19 09:00:00,USA,PJM Interconnection,US-MIDA-PJM,356.39,424.45,40.79,9.32,pjm.com,false,
2022-04-19 10:00:00,USA,PJM Interconnection,US-MIDA-PJM,353.58,423.12,40.04,10.76,pjm.com,false,
2022-04-19 11:00:00,USA,PJM Interconnection,US-MIDA-PJM,354.99,425.32,39.51,11.71,pjm.com,false,
2022-04-19 12:00:00,USA,PJM Interconnection,US-MIDA-PJM,359.52,430.2,39.2,11.51,pjm.com,false,
2022-04-19 13:00:00,USA,PJM Interconnection,US-MIDA-PJM,362.93,433.67,38.94,10.73,pjm.com,false,
2022-04-19 14:00:00,USA,PJM Interconnection,US-MIDA-PJM,369.73,441.01,38.14,9.58,pjm.com,false,
2022-04-19 15:00:00,USA,PJM Interconnection,US-MIDA-PJM,372.38,443.73,37.91,9.11,pjm.com,false,
2022-04-19 16:00:00,USA,PJM Interconnection,US-MIDA-PJM,366.38,436.91,38.85,9.54,pjm.com,false,
2022-04-19 17:00:00,USA,PJM Interconnection,US-MIDA-PJM,368.96,439.58,38.62,9.37,pjm.com,false,
2022-04-19 18:00:00,USA,PJM Interconnection,US-MIDA-PJM,367.35,436.82,39.55,9.58,pjm.com,false,
2022-04-19 19:00:00,USA,PJM Interconnection,US-MIDA-PJM,368.24,437.51,39.69,9.52,pjm.com,false,
2022-04-19 20:00:00,USA,PJM Interconnection,US-MIDA-PJM,365.48,434.24,40.21,9.77,pjm.com,false,
2022-04-19 21:00:00,USA,PJM Interconnection,US-MIDA-PJM,364.79,433.63,40.23,9.42,pjm.com,false,
2022-04-19 22:00:00,USA,PJM Interconnection,US-MIDA-PJM,370.48,440.67,38.8,8.0,pjm.com,false,
2022-04-19 23:00:00,USA,PJM Interconnection,US-MIDA-PJM,374.38,445.92,37.64,7.29,pjm.com,false,
2022-04-20 00:00:00,USA,PJM Interconnection,US-MIDA-PJM,376.9,449.88,36.55,7.27,pjm.com,false,
2022-04-20 01:00:00,USA,PJM Interconnection,US-MIDA-PJM,382.14,455.35,36.07,6.44,pjm.com,false,
2022-04-20 02:00:00,USA,PJM Interconnection,US-MIDA-PJM,385.27,458.2,35.89,4.8,pjm.com,false,
2022-04-20 03:00:00,USA,PJM Interconnection,US-MIDA-PJM,381.03,451.8,37.52,4.7,pjm.com,false,
2022-04-20 04:00:00,USA,PJM Interconnection,US-MIDA-PJM,383.35,453.54,37.78,4.65,pjm.com,false,
2022-04-20 05:00:00,USA,PJM Interconnection,US-MIDA-PJM,376.89,445.85,39.01,5.31,pjm.com,false,
2022-04-20 06:00:00,USA,PJM Interconnection,US-MIDA-PJM,369.97,438.44,39.78,5.81,pjm.com,false,
2022-04-20 07:00:00,USA,PJM Interconnection,US-MIDA-PJM,370.93,439.66,39.55,5.87,pjm.com,false,
2022-04-20 08:00:00,USA,PJM Interconnection,US-MIDA-PJM,371.77,440.94,39.18,6.13,pjm.com,false,
2022-04-20 09:00:00,USA,PJM Interconnection,US-MIDA-PJM,367.35,436.62,39.48,7.84,pjm.com,false,
2022-04-20 10:00:00,USA,PJM Interconnection,US-MIDA-PJM,369.69,441.47,37.68,8.62,pjm.com,false,
2022-04-20 11:00:00,USA,PJM Interconnection,US-MIDA-PJM,368.15,440.24,37.66,9.66,pjm.com,false,
2022-04-20 12:00:00,USA,PJM Interconnection,US-MIDA-PJM,361.14,431.09,39.67,10.9,pjm.com,false,
2022-04-20 13:00:00,USA,PJM Interconnection,US-MIDA-PJM,358.11,426.84,40.8,11.39,pjm.com,false,
2022-04-20 14:00:00,USA,PJM Interconnection,US-MIDA-PJM,352.4,419.93,41.9,11.77,pjm.com,false,
2022-04-20 15:00:00,USA,PJM Interconnection,US-MIDA-PJM,347.87,413.74,43.34,12.29,pjm.com,false,
2022-04-20 16:00:00,USA,PJM Interconnection,US-MIDA-PJM,349.07,415.23,43.04,11.69,pjm.com,false,
2022-04-20 17:00:00,USA,PJM Interconnection,US-MIDA-PJM,347.72,413.61,43.32,11.72,pjm.com,false,
2022-04-20 18:00:00,USA,PJM Interconnection,US-MIDA-PJM,343.04,407.79,44.36,12.33,pjm.com,false,
2022-04-20 19:00:00,USA,PJM Interconnection,US-MIDA-PJM,342.64,407.29,44.44,12.6,pjm.com,false,
2022-04-20 20:00:00,USA,PJM Interconnection,US-MIDA-PJM,338.74,402.66,45.2,13.14,pjm.com,false,
2022-04-20 21:00:00,USA,PJM Interconnection,US-MIDA-PJM,338.02,402.08,45.09,13.32,pjm.com,false,
2022-04-20 22:00:00,USA,PJM Interconnection,US-MIDA-PJM,345.33,410.94,43.44,11.75,pjm.com,false,
2022-04-20 23:00:00,USA,PJM Interconnection,US-MIDA-PJM,350.1,416.77,42.32,11.12,pjm.com,false,
2022-04-21 00:00:00,USA,PJM Interconnection,US-MIDA-PJM,345.8,412.76,42.39,11.74,pjm.com,false,
2022-04-21 01:00:00,USA,PJM Interconnection,US-MIDA-PJM,349.56,416.81,41.87,11.01,pjm.com,false,
2022-04-21 02:00:00,USA,PJM Interconnection,US-MIDA-PJM,345.61,410.94,43.33,10.93,pjm.com,false,
2022-04-21 03:00:00,USA,PJM Interconnection,US-MIDA-PJM,337.42,400.2,45.66,11.6,pjm.com,false,
2022-04-21 04:00:00,USA,PJM Interconnection,US-MIDA-PJM,335.57,397.38,46.47,11.64,pjm.com,false,
2022-04-21 05:00:00,USA,PJM Interconnection,US-MIDA-PJM,328.98,390.08,47.31,12.0,pjm.com,false,
2022-04-21 06:00:00,USA,PJM Interconnection,US-MIDA-PJM,323.52,384.11,47.98,12.1,pjm.com,false,
2022-04-21 07:00:00,USA,PJM Interconnection,US-MIDA-PJM,323.81,384.13,48.16,12.18,pjm.com,false,
2022-04-21 08:00:00,USA,PJM Interconnection,US-MIDA-PJM,331.02,392.02,47.31,11.23,pjm.com,false,
2022-04-21 09:00:00,USA,PJM Interconnection,US-MIDA-PJM,339.52,402.08,45.92,10.28,pjm.com,false,
2022-04-21 10:00:00,USA,PJM Interconnection,US-MIDA-PJM,346.8,412.43,43.15,10.21,pjm.com,false,
2022-04-21 11:00:00,USA,PJM Interconnection,US-MIDA-PJM,355.75,423.03,41.69,10.39,pjm.com,false,
2022-04-21 12:00:00,USA,PJM Interconnection,US-MIDA-PJM,354.85,422.18,41.87,10.72,pjm.com,false,
2022-04-21 13:00:00,USA,PJM Interconnection,US-MIDA-PJM,363.16,431.24,40.86,9.78,pjm.com,false,
2022-04-21 14:00:00,USA,PJM Interconnection,US-MIDA-PJM,371.72,440.72,39.79,8.45,pjm.com,false,
2022-04-21 15:00:00,USA,PJM Interconnection,US-MIDA-PJM,370.24,438.8,40.02,8.39,pjm.com,false,
2022-04-21 16:00:00,USA,PJM Interconnection,US-MIDA-PJM,358.14,425.23,41.72,9.94,pjm.com,false,
2022-04-21 17:00:00,USA,PJM Interconnection,US-MIDA-PJM,358.06,425.07,41.81,10.0,pjm.com,false,
2022-04-21 18:00:00,USA,PJM Interconnection,US-MIDA-PJM,362.78,430.65,40.94,9.15,pjm.com,false,
2022-04-21 19:00:00,USA,PJM Interconnection,US-MIDA-PJM,362.4,430.42,40.84,9.05,pjm.com,false,
2022-04-21 20:00:00,USA,PJM Interconnection,US-MIDA-PJM,365.71,434.4,40.13,8.12,pjm.com,false,
2022-04-21 21:00:00,USA,PJM Interconnection,US-MIDA-PJM,369.89,438.97,39.59,7.43,pjm.com,false,
2022-04-21 22:00:00,USA,PJM Interconnection,US-MIDA-PJM,373.14,443.72,38.26,6.19,pjm.com,false,
2022-04-21 23:00:00,USA,PJM Interconnection,US-MIDA-PJM,372.47,443.25,38.17,5.71,pjm.com,false,
2022-04-22 00:00:00,USA,PJM Interconnection,US-MIDA-PJM,368.49,439.08,38.65,6.73,pjm.com,false,
2022-04-22 01:00:00,USA,PJM Interconnection,US-MIDA-PJM,377.41,448.74,37.56,5.54,pjm.com,false,
2022-04-22 02:00:00,USA,PJM Interconnection,US-MIDA-PJM,382.94,454.36,36.99,3.32,pjm.com,false,
2022-04-22 03:00:00,USA,PJM Interconnection,US-MIDA-PJM,379.09,449.95,37.57,2.83,pjm.com,false,
2022-04-22 04:00:00,USA,PJM Interconnection,US-MIDA-PJM,361.74,430.23,40.23,3.41,pjm.com,false,
2022-04-22 05:00:00,USA,PJM Interconnection,US-MIDA-PJM,351.25,418.26,41.89,3.63,pjm.com,false,
2022-04-22 06:00:00,USA,PJM Interconnection,US-MIDA-PJM,347.89,414.45,42.4,3.82,pjm.com,false,
2022-04-22 07:00:00,USA,PJM Interconnection,US-MIDA-PJM,348.18,414.9,42.26,3.76,pjm.com,false,
2022-04-22 08:00:00,USA,PJM Interconnection,US-MIDA-PJM,345.4,411.34,42.98,4.65,pjm.com,false,
2022-04-22 09:00:00,USA,PJM Interconnection,US-MIDA-PJM,350.53,417.8,41.73,4.48,pjm.com,false,
2022-04-22 10:00:00,USA,PJM Interconnection,US-MIDA-PJM,351.97,419.37,41.72,7.35,pjm.com,false,
2022-04-22 11:00:00,USA,PJM Interconnection,US-MIDA-PJM,360.71,429.22,40.51,7.7,pjm.com,false,
2022-04-22 12:00:00,USA,PJM Interconnection,US-MIDA-PJM,352.12,419.4,41.95,9.15,pjm.com,false,
2022-04-22 13:00:00,USA,PJM Interconnection,US-MIDA-PJM,344.18,410.16,43.4,10.5,pjm.com,false,
2022-04-22 14:00:00,USA,PJM Interconnection,US-MIDA-PJM,341.26,406.37,44.22,11.42,pjm.com,false,
2022-04-22 15:00:00,USA,PJM Interconnection,US-MIDA-PJM,338.54,402.78,44.99,12.22,pjm.com,false,
2022-04-22 16:00:00,USA,PJM Interconnection,US-MIDA-PJM,336.58,400.64,45.21,12.76,pjm.com,false,
2022-04-22 17:00:00,USA,PJM Interconnection,US-MIDA-PJM,337.65,401.41,45.37,12.86,pjm.com,false,
2022-04-22 18:00:00,USA,PJM Interconnection,US-MIDA-PJM,339.71,403.7,45.07,12.32,pjm.com,false,
2022-04-22 19:00:00,USA,PJM Interconnection,US-MIDA-PJM,340.59,405.06,44.64,12.19,pjm.com,false,
2022-04-22 20:00:00,USA,PJM Interconnection,US-MIDA-PJM,341.28,406.43,44.09,11.94,pjm.com,false,
2022-04-22 21:00:00,USA,PJM Interconnection,US-MIDA-PJM,341.4,407.02,43.74,11.54,pjm.com,false,
2022-04-22 22:00:00,USA,PJM Interconnection,US-MIDA-PJM,348.89,415.95,42.16,10.08,pjm.com,false,
2022-04-22 23:00:00,USA,PJM Interconnection,US-MIDA-PJM,349.56,416.84,41.9,9.55,pjm.com,false,
2022-04-23 00:00:00,USA,PJM Interconnection,US-MIDA-PJM,352.76,420.98,41.02,9.09,pjm.com,false,
2022-04-23 01:00:00,USA,PJM Interconnection,US-MIDA-PJM,347.92,414.79,42.14,9.38,pjm.com,false,
2022-04-23 02:00:00,USA,PJM Interconnection,US-MIDA-PJM,344.87,409.82,43.68,9.28,pjm.com,false,
2022-04-23 03:00:00,USA,PJM Interconnection,US-MIDA-PJM,341.76,405.18,44.96,9.49,pjm.com,false,
2022-04-23 04:00:00,USA,PJM Interconnection,US-MIDA-PJM,333.56,394.77,47.04,9.94,pjm.com,false,
2022-04-23 05:00:00,USA,PJM Interconnection,US-MIDA-PJM,329.04,390.19,47.34,9.67,pjm.com,false,
2022-04-23 06:00:00,USA,PJM Interconnection,US-MIDA-PJM,324.35,384.35,48.44,10.0,pjm.com,false,
2022-04-23 07:00:00,USA,PJM Interconnection,US-MIDA-PJM,324.96,384.45,48.78,10.3,pjm.com,false,
2022-04-23 08:00:00,USA,PJM Interconnection,US-MIDA-PJM,326.39,385.92,48.69,10.01,pjm.com,false,
2022-04-23 09:00:00,USA,PJM Interconnection,US-MIDA-PJM,329.51,389.47,48.2,9.56,pjm.com,false,
2022-04-23 10:00:00,USA,PJM Interconnection,US-MIDA-PJM,333.8,394.76,47.23,9.89,pjm.com,false,
2022-04-23 11:00:00,USA,PJM Interconnection,US-MIDA-PJM,329.2,389.55,48.03,11.34,pjm.com,false,
2022-04-23 12:00:00,USA,PJM Interconnection,US-MIDA-PJM,324.14,384.5,48.49,12.98,pjm.com,false,
2022-04-23 13:00:00,USA,PJM Interconnection,US-MIDA-PJM,320.83,381.21,48.78,13.66,pjm.com,false,
2022-04-23 14:00:00,USA,PJM Interconnection,US-MIDA-PJM,314.93,374.77,49.52,14.73,pjm.com,false,
2022-04-23 15:00:00,USA,PJM Interconnection,US-MIDA-PJM,313.26,372.41,50.21,15.34,pjm.com,false,
2022-04-23 16:00:00,USA,PJM Interconnection,US-MIDA-PJM,318.17,378.94,48.65,14.47,pjm.com,false,
2022-04-23 17:00:00,USA,PJM Interconnection,US-MIDA-PJM,319.37,380.46,48.35,14.04,pjm.com,false,
2022-04-23 18:00:00,USA,PJM Interconnection,US-MIDA-PJM,323.85,385.27,47.89,13.87,pjm.com,false,
2022-04-23 19:00:00,USA,PJM Interconnection,US-MIDA-PJM,325.07,387.35,47.14,13.41,pjm.com,false,
2022-04-23 20:00:00,USA,PJM Interconnection,US-MIDA-PJM,321.52,383.42,47.74,14.73,pjm.com,false,
2022-04-23 21:00:00,USA,PJM Interconnection,US-MIDA-PJM,328.11,390.96,46.68,14.49,pjm.com,false,
2022-04-23 22:00:00,USA,PJM Interconnection,US-MIDA-PJM,331.55,394.64,46.27,14.22,pjm.com,false,
2022-04-23 23:00:00,USA,PJM Interconnection,US-MIDA-PJM,339.38,404.21,44.33,12.02,pjm.com,false,
2022-04-24 00:00:00,USA,PJM Interconnection,US-MIDA-PJM,339.81,404.89,44.09,12.22,pjm.com,false,
2022-04-24 01:00:00,USA,PJM Interconnection,US-MIDA-PJM,344.64,409.35,43.99,11.1,pjm.com,false,
2022-04-24 02:00:00,USA,PJM Interconnection,US-MIDA-PJM,347.27,411.0,44.42,9.83,pjm.com,false,
2022-04-24 03:00:00,USA,PJM Interconnection,US-MIDA-PJM,335.97,396.91,47.09,10.81,pjm.com,false,
2022-04-24 04:00:00,USA,PJM Interconnection,US-MIDA-PJM,327.73,386.41,49.23,11.13,pjm.com,false,
2022-04-24 05:00:00,USA,PJM Interconnection,US-MIDA-PJM,320.29,378.47,50.0,11.68,pjm.com,false,
2022-04-24 06:00:00,USA,PJM Interconnection,US-MIDA-PJM,316.75,373.92,50.94,11.78,pjm.com,false,
2022-04-24 07:00:00,USA,PJM Interconnection,US-MIDA-PJM,315.99,372.95,51.13,11.47,pjm.com,false,
2022-04-24 08:00:00,USA,PJM Interconnection,US-MIDA-PJM,314.13,370.35,51.78,11.4,pjm.com,false,
2022-04-24 09:00:00,USA,PJM Interconnection,US-MIDA-PJM,317.78,374.97,50.87,10.9,pjm.com,false,
2022-04-24 10:00:00,USA,PJM Interconnection,US-MIDA-PJM,320.0,376.53,51.25,11.11,pjm.com,false,
2022-04-24 11:00:00,USA,PJM Interconnection,US-MIDA-PJM,317.41,372.92,52.24,12.2,pjm.com,false,
2022-04-24 12:00:00,USA,PJM Interconnection,US-MIDA-PJM,306.51,360.72,54.02,14.72,pjm.com,false,
2022-04-24 13:00:00,USA,PJM Interconnection,US-MIDA-PJM,303.51,358.13,54.02,15.91,pjm.com,false,
2022-04-24 14:00:00,USA,PJM Interconnection,US-MIDA-PJM,309.05,365.29,52.52,15.73,pjm.com,false,
2022-04-24 15:00:00,USA,PJM Interconnection,US-MIDA-PJM,313.59,371.6,50.98,14.88,pjm.com,false,
2022-04-24 16:00:00,USA,PJM Interconnection,US-MIDA-PJM,322.71,382.07,49.5,14.28,pjm.com,false,
2022-04-24 17:00:00,USA,PJM Interconnection,US-MIDA-PJM,329.81,389.93,48.55,13.77,pjm.com,false,
2022-04-24 18:00:00,USA,PJM Interconnection,US-MIDA-PJM,331.77,392.4,48.09,13.91,pjm.com,false,
2022-04-24 19:00:00,USA,PJM Interconnection,US-MIDA-PJM,330.02,390.78,48.15,14.49,pjm.com,false,
2022-04-24 20:00:00,USA,PJM Interconnection,US-MIDA-PJM,328.72,390.19,47.78,15.09,pjm.com,false,
2022-04-24 21:00:00,USA,PJM Interconnection,US-MIDA-PJM,332.42,394.96,46.82,14.98,pjm.com,false,
2022-04-24 22:00:00,USA,PJM Interconnection,US-MIDA-PJM,343.98,408.69,44.44,13.29,pjm.com,false,
2022-04-24 23:00:00,USA,PJM Interconnection,US-MIDA-PJM,349.78,415.63,43.13,11.63,pjm.com,false,
2022-04-25 00:00:00,USA,PJM Interconnection,US-MIDA-PJM,349.41,416.03,42.63,11.49,pjm.com,false,
2022-04-25 01:00:00,USA,PJM Interconnection,US-MIDA-PJM,357.15,424.77,41.41,9.98,pjm.com,false,
2022-04-25 02:00:00,USA,PJM Interconnection,US-MIDA-PJM,365.11,433.07,40.59,6.95,pjm.com,false,
2022-04-25 03:00:00,USA,PJM Interconnection,US-MIDA-PJM,356.12,421.17,43.23,7.41,pjm.com,false,
2022-04-25 04:00:00,USA,PJM Interconnection,US-MIDA-PJM,347.84,411.11,44.83,7.24,pjm.com,false,
2022-04-25 05:00:00,USA,PJM Interconnection,US-MIDA-PJM,344.04,406.9,45.34,6.75,pjm.com,false,
2022-04-25 06:00:00,USA,PJM Interconnection,US-MIDA-PJM,342.53,404.79,45.87,6.03,pjm.com,false,
2022-04-25 07:00:00,USA,PJM Interconnection,US-MIDA-PJM,341.45,403.44,46.14,5.52,pjm.com,false,
2022-04-25 08:00:00,USA,PJM Interconnection,US-MIDA-PJM,345.88,408.59,45.38,5.11,pjm.com,false,
2022-04-25 09:00:00,USA,PJM Interconnection,US-MIDA-PJM,354.43,418.77,43.72,4.61,pjm.com,false,
2022-04-25 10:00:00,USA,PJM Interconnection,US-MIDA-PJM,359.66,426.17,41.9,4.88,pjm.com,false,
2022-04-25 11:00:00,USA,PJM Interconnection,US-MIDA-PJM,362.43,431.74,39.76,5.01,pjm.com,false,
2022-04-25 12:00:00,USA,PJM Interconnection,US-MIDA-PJM,357.72,427.32,39.99,6.29,pjm.com,false,
2022-04-25 13:00:00,USA,PJM Interconnection,US-MIDA-PJM,354.9,423.61,40.89,7.49,pjm.com,false,
2022-04-25 14:00:00,USA,PJM Interconnection,US-MIDA-PJM,353.41,421.71,41.3,8.28,pjm.com,false,
2022-04-25 15:00:00,USA,PJM Interconnection,US-MIDA-PJM,346.69,413.67,42.69,10.05,pjm.com,false,
2022-04-25 16:00:00,USA,PJM Interconnection,US-MIDA-PJM,339.41,404.63,44.37,11.92,pjm.com,false,
2022-04-25 17:00:00,USA,PJM Interconnection,US-MIDA-PJM,345.51,410.99,43.84,11.86,pjm.com,false,
2022-04-25 18:00:00,USA,PJM Interconnection,US-MIDA-PJM,341.45,406.39,44.47,12.85,pjm.com,false,
2022-04-25 19:00:00,USA,PJM Interconnection,US-MIDA-PJM,343.71,408.67,44.31,12.82,pjm.com,false,
2022-04-25 20:00:00,USA,PJM Interconnection,US-MIDA-PJM,338.34,402.48,45.24,13.56,pjm.com,false,
2022-04-25 21:00:00,USA,PJM Interconnection,US-MIDA-PJM,337.51,402.18,44.85,13.62,pjm.com,false,
2022-04-25 22:00:00,USA,PJM Interconnection,US-MIDA-PJM,339.14,404.29,44.28,13.01,pjm.com,false,
2022-04-25 23:00:00,USA,PJM Interconnection,US-MIDA-PJM,344.99,410.73,43.44,11.9,pjm.com,false,
2022-04-26 00:00:00,USA,PJM Interconnection,US-MIDA-PJM,342.21,407.63,43.83,12.25,pjm.com,false,
2022-04-26 01:00:00,USA,PJM Interconnection,US-MIDA-PJM,348.84,414.52,43.22,10.68,pjm.com,false,
2022-04-26 02:00:00,USA,PJM Interconnection,US-MIDA-PJM,352.57,417.31,43.55,8.64,pjm.com,false,
2022-04-26 03:00:00,USA,PJM Interconnection,US-MIDA-PJM,344.63,407.59,45.23,8.42,pjm.com,false,
2022-04-26 04:00:00,USA,PJM Interconnection,US-MIDA-PJM,332.68,394.14,46.98,8.12,pjm.com,false,
2022-04-26 05:00:00,USA,PJM Interconnection,US-MIDA-PJM,332.73,395.37,46.09,7.26,pjm.com,false,
2022-04-26 06:00:00,USA,PJM Interconnection,US-MIDA-PJM,334.89,397.91,45.71,6.67,pjm.com,false,
2022-04-26 07:00:00,USA,PJM Interconnection,US-MIDA-PJM,331.64,394.14,46.26,6.43,pjm.com,false,
2022-04-26 08:00:00,USA,PJM Interconnection,US-MIDA-PJM,331.85,394.34,46.24,6.76,pjm.com,false,
2022-04-26 09:00:00,USA,PJM Interconnection,US-MIDA-PJM,339.8,403.76,44.72,6.26,pjm.com,false,
2022-04-26 10:00:00,USA,PJM Interconnection,US-MIDA-PJM,349.68,416.46,42.18,6.33,pjm.com,false,
2022-04-26 11:00:00,USA,PJM Interconnection,US-MIDA-PJM,342.13,409.12,42.67,8.44,pjm.com,false,
2022-04-26 12:00:00,USA,PJM Interconnection,US-MIDA-PJM,342.25,409.76,42.33,9.12,pjm.com,false,
2022-04-26 13:00:00,USA,PJM Interconnection,US-MIDA-PJM,340.11,407.35,42.7,9.54,pjm.com,false,
2022-04-26 14:00:00,USA,PJM Interconnection,US-MIDA-PJM,348.3,416.37,41.74,8.94,pjm.com,false,
2022-04-26 15:00:00,USA,PJM Interconnection,US-MIDA-PJM,347.4,415.4,41.83,9.16,pjm.com,false,
2022-04-26 16:00:00,USA,PJM Interconnection,US-MIDA-PJM,342.81,409.91,42.75,10.14,pjm.com,false,
2022-04-26 17:00:00,USA,PJM Interconnection,US-MIDA-PJM,345.23,412.6,42.37,9.91,pjm.com,false,
2022-04-26 18:00:00,USA,PJM Interconnection,US-MIDA-PJM,344.73,412.21,42.24,9.84,pjm.com,false,
2022-04-26 19:00:00,USA,PJM Interconnection,US-MIDA-PJM,341.1,407.55,43.13,10.12,pjm.com,false,
2022-04-26 20:00:00,USA,PJM Interconnection,US-MIDA-PJM,335.95,402.04,43.61,10.84,pjm.com,false,
2022-04-26 21:00:00,USA,PJM Interconnection,US-MIDA-PJM,338.13,404.03,43.61,11.16,pjm.com,false,
2022-04-26 22:00:00,USA,PJM Interconnection,US-MIDA-PJM,338.96,404.89,43.56,11.16,pjm.com,false,
2022-04-26 23:00:00,USA,PJM Interconnection,US-MIDA-PJM,334.52,399.18,44.77,11.86,pjm.com,false,
2022-04-27 00:00:00,USA,PJM Interconnection,US-MIDA-PJM,346.29,412.68,42.94,10.47,pjm.com,false,
2022-04-27 01:00:00,USA,PJM Interconnection,US-MIDA-PJM,360.65,428.61,40.93,7.84,pjm.com,false,
2022-04-27 02:00:00,USA,PJM Interconnection,US-MIDA-PJM,361.69,429.36,40.95,5.87,pjm.com,false,
2022-04-27 03:00:00,USA,PJM Interconnection,US-MIDA-PJM,358.2,424.79,41.84,5.75,pjm.com,false,
2022-04-27 04:00:00,USA,PJM Interconnection,US-MIDA-PJM,349.44,414.29,43.59,5.28,pjm.com,false,
2022-04-27 05:00:00,USA,PJM Interconnection,US-MIDA-PJM,345.35,409.33,44.49,5.37,pjm.com,false,
2022-04-27 06:00:00,USA,PJM Interconnection,US-MIDA-PJM,343.04,406.74,44.79,5.45,pjm.com,false,
2022-04-27 07:00:00,USA,PJM Interconnection,US-MIDA-PJM,344.12,407.38,45.07,5.38,pjm.com,false,
2022-04-27 08:00:00,USA,PJM Interconnection,US-MIDA-PJM,348.68,413.14,43.94,5.02,pjm.com,false,
2022-04-27 09:00:00,USA,PJM Interconnection,US-MIDA-PJM,351.38,415.68,43.94,5.33,pjm.com,false,
2022-04-27 10:00:00,USA,PJM Interconnection,US-MIDA-PJM,349.18,415.39,42.77,7.49,pjm.com,false,
2022-04-27 11:00:00,USA,PJM Interconnection,US-MIDA-PJM,347.41,414.28,42.48,8.76,pjm.com,false,
2022-04-27 12:00:00,USA,PJM Interconnection,US-MIDA-PJM,341.94,408.31,43.31,9.62,pjm.com,false,
2022-04-27 13:00:00,USA,PJM Interconnection,US-MIDA-PJM,342.04,407.59,43.89,9.35,pjm.com,false,
2022-04-27 14:00:00,USA,PJM Interconnection,US-MIDA-PJM,344.68,409.84,44.07,9.23,pjm.com,false,
2022-04-27 15:00:00,USA,PJM Interconnection,US-MIDA-PJM,344.37,409.65,43.98,9.17,pjm.com,false,
2022-04-27 16:00:00,USA,PJM Interconnection,US-MIDA-PJM,339.82,404.63,44.56,9.29,pjm.com,false,
2022-04-27 17:00:00,USA,PJM Interconnection,US-MIDA-PJM,342.53,408.91,43.26,8.73,pjm.com,false,
2022-04-27 18:00:00,USA,PJM Interconnection,US-MIDA-PJM,343.67,409.37,43.71,8.78,pjm.com,false,
2022-04-27 19:00:00,USA,PJM Interconnection,US-MIDA-PJM,344.39,410.23,43.56,9.3,pjm.com,false,
2022-04-27 20:00:00,USA,PJM Interconnection,US-MIDA-PJM,345.3,410.84,43.75,10.02,pjm.com,false,
2022-04-27 21:00:00,USA,PJM Interconnection,US-MIDA-PJM,340.08,404.84,44.62,10.99,pjm.com,false,
2022-04-27 22:00:00,USA,PJM Interconnection,US-MIDA-PJM,349.45,416.18,42.55,9.84,pjm.com,false,
2022-04-27 23:00:00,USA,PJM Interconnection,US-MIDA-PJM,356.05,423.72,41.36,9.23,pjm.com,false,
2022-04-28 00:00:00,USA,PJM Interconnection,US-MIDA-PJM,354.52,422.18,41.61,10.26,pjm.com,false,
2022-04-28 01:00:00,USA,PJM Interconnection,US-MIDA-PJM,359.2,427.02,41.11,9.44,pjm.com,false,
2022-04-28 02:00:00,USA,PJM Interconnection,US-MIDA-PJM,360.32,426.84,41.88,8.39,pjm.com,false,
2022-04-28 03:00:00,USA,PJM Interconnection,US-MIDA-PJM,360.95,427.24,41.86,7.57,pjm.com,false,
2022-04-28 04:00:00,USA,PJM Interconnection,US-MIDA-PJM,356.55,422.38,42.45,6.63,pjm.com,false,
2022-04-28 05:00:00,USA,PJM Interconnection,US-MIDA-PJM,343.08,407.7,44.06,7.2,pjm.com,false,
2022-04-28 06:00:00,USA,PJM Interconnection,US-MIDA-PJM,345.66,411.28,43.19,6.71,pjm.com,false,
2022-04-28 07:00:00,USA,PJM Interconnection,US-MIDA-PJM,347.45,413.53,42.73,7.18,pjm.com,false,
2022-04-28 08:00:00,USA,PJM Interconnection,US-MIDA-PJM,344.85,410.27,43.39,7.38,pjm.com,false,
2022-04-28 09:00:00,USA,PJM Interconnection,US-MIDA-PJM,345.36,411.54,42.91,8.73,pjm.com,false,
2022-04-28 10:00:00,USA,PJM Interconnection,US-MIDA-PJM,346.34,414.03,41.83,10.16,pjm.com,false,
2022-04-28 11:00:00,USA,PJM Interconnection,US-MIDA-PJM,341.08,408.56,42.4,11.47,pjm.com,false,
2022-04-28 12:00:00,USA,PJM Interconnection,US-MIDA-PJM,341.43,408.44,42.78,12.24,pjm.com,false,
2022-04-28 13:00:00,USA,PJM Interconnection,US-MIDA-PJM,340.39,406.06,43.86,12.36,pjm.com,false,
2022-04-28 14:00:00,USA,PJM Interconnection,US-MIDA-PJM,343.27,409.46,43.28,11.25,pjm.com,false,
2022-04-28 15:00:00,USA,PJM Interconnection,US-MIDA-PJM,337.43,402.51,44.4,11.37,pjm.com,false,
2022-04-28 16:00:00,USA,PJM Interconnection,US-MIDA-PJM,337.35,402.33,44.48,11.01,pjm.com,false,
2022-04-28 17:00:00,USA,PJM Interconnection,US-MIDA-PJM,342.76,408.35,43.76,10.2,pjm.com,false,
2022-04-28 18:00:00,USA,PJM Interconnection,US-MIDA-PJM,339.22,404.72,44.03,10.06,pjm.com,false,
2022-04-28 19:00:00,USA,PJM Interconnection,US-MIDA-PJM,339.01,404.57,43.98,10.18,pjm.com,false,
2022-04-28 20:00:00,USA,PJM Interconnection,US-MIDA-PJM,334.48,399.82,44.38,10.9,pjm.com,false,
2022-04-28 21:00:00,USA,PJM Interconnection,US-MIDA-PJM,333.16,397.96,44.81,11.46,pjm.com,false,
2022-04-28 22:00:00,USA,PJM Interconnection,US-MIDA-PJM,336.82,402.19,44.03,10.61,pjm.com,false,
2022-04-28 23:00:00,USA,PJM Interconnection,US-MIDA-PJM,337.68,403.7,43.5,10.05,pjm.com,false,
2022-04-29 00:00:00,USA,PJM Interconnection,US-MIDA-PJM,344.3,412.13,41.85,9.71,pjm.com,false,
2022-04-29 01:00:00,USA,PJM Interconnection,US-MIDA-PJM,342.71,409.72,42.53,9.54,pjm.com,false,
2022-04-29 02:00:00,USA,PJM Interconnection,US-MIDA-PJM,348.94,415.9,41.97,7.61,pjm.com,false,
2022-04-29 03:00:00,USA,PJM Interconnection,US-MIDA-PJM,344.02,410.11,42.9,7.02,pjm.com,false,
2022-04-29 04:00:00,USA,PJM Interconnection,US-MIDA-PJM,335.29,400.62,43.92,6.9,pjm.com,false,
2022-04-29 05:00:00,USA,PJM Interconnection,US-MIDA-PJM,337.01,402.78,43.5,6.88,pjm.com,false,
2022-04-29 06:00:00,USA,PJM Interconnection,US-MIDA-PJM,329.45,394.45,44.47,6.73,pjm.com,false,
2022-04-29 07:00:00,USA,PJM Interconnection,US-MIDA-PJM,330.46,395.41,44.44,6.6,pjm.com,false,
2022-04-29 08:00:00,USA,PJM Interconnection,US-MIDA-PJM,333.07,398.07,44.24,6.98,pjm.com,false,
2022-04-29 09:00:00,USA,PJM Interconnection,US-MIDA-PJM,333.78,398.99,44.12,7.17,pjm.com,false,
2022-04-29 10:00:00,USA,PJM Interconnection,US-MIDA-PJM,327.02,393.19,44.05,10.07,pjm.com,false,
2022-04-29 11:00:00,USA,PJM Interconnection,US-MIDA-PJM,329.56,396.65,43.24,10.58,pjm.com,false,
2022-04-29 12:00:00,USA,PJM Interconnection,US-MIDA-PJM,325.51,392.16,43.85,11.11,pjm.com,false,
2022-04-29 13:00:00,USA,PJM Interconnection,US-MIDA-PJM,331.52,398.04,43.53,9.95,pjm.com,false,
2022-04-29 14:00:00,USA,PJM Interconnection,US-MIDA-PJM,328.29,394.07,44.25,10.35,pjm.com,false,
2022-04-29 15:00:00,USA,PJM Interconnection,US-MIDA-PJM,318.59,383.32,45.58,10.71,pjm.com,false,
2022-04-29 16:00:00,USA,PJM Interconnection,US-MIDA-PJM,314.44,378.29,46.44,11.16,pjm.com,false,
2022-04-29 17:00:00,USA,PJM Interconnection,US-MIDA-PJM,315.12,378.89,46.42,11.14,pjm.com,false,
2022-04-29 18:00:00,USA,PJM Interconnection,US-MIDA-PJM,314.45,378.03,46.64,11.2,pjm.com,false,
2022-04-29 19:00:00,USA,PJM Interconnection,US-MIDA-PJM,315.64,379.16,46.87,11.28,pjm.com,false,
2022-04-29 20:00:00,USA,PJM Interconnection,US-MIDA-PJM,313.6,376.66,47.36,11.65,pjm.com,false,
2022-04-29 21:00:00,USA,PJM Interconnection,US-MIDA-PJM,308.15,370.59,47.84,11.86,pjm.com,false,
2022-04-29 22:00:00,USA,PJM Interconnection,US-MIDA-PJM,314.71,378.33,46.45,10.63,pjm.com,false,
2022-04-29 23:00:00,USA,PJM Interconnection,US-MIDA-PJM,314.84,378.67,46.18,10.24,pjm.com,false,
2022-04-30 00:00:00,USA,PJM Interconnection,US-MIDA-PJM,312.22,375.86,46.53,11.27,pjm.com,false,
2022-04-30 01:00:00,USA,PJM Interconnection,US-MIDA-PJM,321.73,386.66,44.93,9.13,pjm.com,false,
2022-04-30 02:00:00,USA,PJM Interconnection,US-MIDA-PJM,322.94,387.03,45.4,8.23,pjm.com,false,
2022-04-30 03:00:00,USA,PJM Interconnection,US-MIDA-PJM,316.5,378.68,46.97,9.08,pjm.com,false,
2022-04-30 04:00:00,USA,PJM Interconnection,US-MIDA-PJM,307.55,367.06,49.4,9.73,pjm.com,false,
2022-04-30 05:00:00,USA,PJM Interconnection,US-MIDA-PJM,302.19,359.97,50.96,9.86,pjm.com,false,
2022-04-30 06:00:00,USA,PJM Interconnection,US-MIDA-PJM,302.93,361.36,50.44,9.37,pjm.com,false,
2022-04-30 07:00:00,USA,PJM Interconnection,US-MIDA-PJM,301.3,359.41,50.76,9.57,pjm.com,false,
2022-04-30 08:00:00,USA,PJM Interconnection,US-MIDA-PJM,302.39,360.67,50.58,9.57,pjm.com,false,
2022-04-30 09:00:00,USA,PJM Interconnection,US-MIDA-PJM,305.24,363.93,50.15,9.65,pjm.com,false,
2022-04-30 10:00:00,USA,PJM Interconnection,US-MIDA-PJM,308.98,368.51,49.33,9.67,pjm.com,false,
2022-04-30 11:00:00,USA,PJM Interconnection,US-MIDA-PJM,306.72,365.33,50.21,11.41,pjm.com,false,
2022-04-30 12:00:00,USA,PJM Interconnection,US-MIDA-PJM,303.6,361.86,50.77,12.15,pjm.com,false,
2022-04-30 13:00:00,USA,PJM Interconnection,US-MIDA-PJM,304.98,363.52,50.68,12.52,pjm.com,false,
2022-04-30 14:00:00,USA,PJM Interconnection,US-MIDA-PJM,305.9,364.55,50.75,12.76,pjm.com,false,
2022-04-30 15:00:00,USA,PJM Interconnection,US-MIDA-PJM,304.46,362.08,51.63,13.12,pjm.com,false,
2022-04-30 16:00:00,USA,PJM Interconnection,US-MIDA-PJM,305.62,363.39,51.42,12.73,pjm.com,false,
2022-04-30 17:00:00,USA,PJM Interconnection,US-MIDA-PJM,305.36,362.76,51.65,12.72,pjm.com,false,
2022-04-30 18:00:00,USA,PJM Interconnection,US-MIDA-PJM,306.62,363.54,51.86,11.95,pjm.com,false,
2022-04-30 19:00:00,USA,PJM Interconnection,US-MIDA-PJM,311.72,370.16,50.39,11.32,pjm.com,false,
2022-04-30 20:00:00,USA,PJM Interconnection,US-MIDA-PJM,310.81,369.13,50.53,12.0,pjm.com,false,
2022-04-30 21:00:00,USA,PJM Interconnection,US-MIDA-PJM,313.5,373.06,49.5,11.8,pjm.com,false,
2022-04-30 22:00:00,USA,PJM Interconnection,US-MIDA-PJM,316.17,376.77,48.51,11.49,pjm.com,false,
2022-04-30 23:00:00,USA,PJM Interconnection,US-MIDA-PJM,321.53,383.16,47.53,10.18,pjm.com,false,
2022-05-01 00:00:00,USA,PJM Interconnection,US-MIDA-PJM,315.09,376.3,48.32,11.94,pjm.com,false,
2022-05-01 01:00:00,USA,PJM Interconnection,US-MIDA-PJM,326.22,389.01,46.07,9.26,pjm.com,false,
2022-05-01 02:00:00,USA,PJM Interconnection,US-MIDA-PJM,323.2,384.98,46.9,8.69,pjm.com,false,
2022-05-01 03:00:00,USA,PJM Interconnection,US-MIDA-PJM,313.6,372.51,49.52,9.21,pjm.com,false,
2022-05-01 04:00:00,USA,PJM Interconnection,US-MIDA-PJM,304.46,361.32,51.51,9.44,pjm.com,false,
2022-05-01 05:00:00,USA,PJM Interconnection,US-MIDA-PJM,304.77,362.45,50.91,8.37,pjm.com,false,
2022-05-01 06:00:00,USA,PJM Interconnection,US-MIDA-PJM,303.77,361.33,51.08,8.13,pjm.com,false,
2022-05-01 07:00:00,USA,PJM Interconnection,US-MIDA-PJM,309.34,368.08,49.94,6.95,pjm.com,false,
2022-05-01 08:00:00,USA,PJM Interconnection,US-MIDA-PJM,312.23,371.41,49.46,6.65,pjm.com,false,
2022-05-01 09:00:00,USA,PJM Interconnection,US-MIDA-PJM,312.19,371.31,49.5,6.91,pjm.com,false,
2022-05-01 10:00:00,USA,PJM Interconnection,US-MIDA-PJM,312.44,371.79,49.32,6.93,pjm.com,false,
2022-05-01 11:00:00,USA,PJM Interconnection,US-MIDA-PJM,310.82,369.68,49.85,8.29,pjm.com,false,
2022-05-01 12:00:00,USA,PJM Interconnection,US-MIDA-PJM,304.38,362.25,51.11,9.7,pjm.com,false,
2022-05-01 13:00:00,USA,PJM Interconnection,US-MIDA-PJM,300.85,358.81,51.35,10.83,pjm.com,false,
2022-05-01 14:00:00,USA,PJM Interconnection,US-MIDA-PJM,296.08,352.66,52.63,12.56,pjm.com,false,
2022-05-01 15:00:00,USA,PJM Interconnection,US-MIDA-PJM,297.12,353.94,52.43,13.21,pjm.com,false,
2022-05-01 16:00:00,USA,PJM Interconnection,US-MIDA-PJM,292.51,348.13,53.58,14.54,pjm.com,false,
2022-05-01 17:00:00,USA,PJM Interconnection,US-MIDA-PJM,295.58,352.02,52.8,14.43,pjm.com,false,
2022-05-01 18:00:00,USA,PJM Interconnection,US-MIDA-PJM,296.02,352.98,52.38,14.08,pjm.com,false,
2022-05-01 19:00:00,USA,PJM Interconnection,US-MIDA-PJM,304.06,362.73,50.58,12.82,pjm.com,false,
2022-05-01 20:00:00,USA,PJM Interconnection,US-MIDA-PJM,301.43,360.21,50.67,13.56,pjm.com,false,
2022-05-01 21:00:00,USA,PJM Interconnection,US-MIDA-PJM,304.74,364.51,49.71,13.23,pjm.com,false,
2022-05-01 22:00:00,USA,PJM Interconnection,US-MIDA-PJM,314.76,376.17,47.91,11.84,pjm.com,false,
2022-05-01 23:00:00,USA,PJM Interconnection,US-MIDA-PJM,315.37,377.45,47.38,10.79,pjm.com,false,
2022-05-02 00:00:00,USA,PJM Interconnection,US-MIDA-PJM,317.43,379.92,47.03,10.82,pjm.com,false,
2022-05-02 01:00:00,USA,PJM Interconnection,US-MIDA-PJM,330.59,394.96,44.85,8.69,pjm.com,false,
2022-05-02 02:00:00,USA,PJM Interconnection,US-MIDA-PJM,334.49,398.36,44.85,6.47,pjm.com,false,
2022-05-02 03:00:00,USA,PJM Interconnection,US-MIDA-PJM,329.5,391.31,46.62,6.37,pjm.com,false,
2022-05-02 04:00:00,USA,PJM Interconnection,US-MIDA-PJM,324.4,384.34,48.26,6.43,pjm.com,false,
2022-05-02 05:00:00,USA,PJM Interconnection,US-MIDA-PJM,318.32,377.89,48.85,6.12,pjm.com,false,
2022-05-02 06:00:00,USA,PJM Interconnection,US-MIDA-PJM,315.51,375.02,49.04,6.52,pjm.com,false,
2022-05-02 07:00:00,USA,PJM Interconnection,US-MIDA-PJM,316.58,376.15,48.97,6.53,pjm.com,false,
2022-05-02 08:00:00,USA,PJM Interconnection,US-MIDA-PJM,318.89,378.86,48.56,5.98,pjm.com,false,
2022-05-02 09:00:00,USA,PJM Interconnection,US-MIDA-PJM,321.91,382.81,47.71,5.91,pjm.com,false,
2022-05-02 10:00:00,USA,PJM Interconnection,US-MIDA-PJM,332.5,397.52,44.23,5.7,pjm.com,false,
2022-05-02 11:00:00,USA,PJM Interconnection,US-MIDA-PJM,337.55,405.22,42.08,5.67,pjm.com,false,
2022-05-02 12:00:00,USA,PJM Interconnection,US-MIDA-PJM,342.88,411.48,41.28,5.94,pjm.com,false,
2022-05-02 13:00:00,USA,PJM Interconnection,US-MIDA-PJM,340.2,407.97,42.08,7.04,pjm.com,false,
2022-05-02 14:00:00,USA,PJM Interconnection,US-MIDA-PJM,336.63,403.61,42.91,7.94,pjm.com,false,
2022-05-02 15:00:00,USA,PJM Interconnection,US-MIDA-PJM,339.57,407.06,42.42,7.69,pjm.com,false,
2022-05-02 16:00:00,USA,PJM Interconnection,US-MIDA-PJM,337.29,405.21,42.22,7.53,pjm.com,false,
2022-05-02 17:00:00,USA,PJM Interconnection,US-MIDA-PJM,335.71,403.69,42.33,7.84,pjm.com,false,
2022-05-02 18:00:00,USA,PJM Interconnection,US-MIDA-PJM,336.38,404.9,41.85,7.07,pjm.com,false,
2022-05-02 19:00:00,USA,PJM Interconnection,US-MIDA-PJM,337.33,405.74,41.91,7.16,pjm.com,false,
2022-05-02 20:00:00,USA,PJM Interconnection,US-MIDA-PJM,336.88,405.4,41.86,7.65,pjm.com,false,
2022-05-02 21:00:00,USA,PJM Interconnection,US-MIDA-PJM,338.64,407.79,41.28,7.39,pjm.com,false,
2022-05-02 22:00:00,USA,PJM Interconnection,US-MIDA-PJM,346.81,417.07,39.93,6.14,pjm.com,false,
2022-05-02 23:00:00,USA,PJM Interconnection,US-MIDA-PJM,350.03,420.78,39.33,5.25,pjm.com,false,
2022-05-03 00:00:00,USA,PJM Interconnection,US-MIDA-PJM,346.14,416.71,39.67,5.42,pjm.com,false,
2022-05-03 01:00:00,USA,PJM Interconnection,US-MIDA-PJM,345.23,415.23,40.02,5.09,pjm.com,false,
2022-05-03 02:00:00,USA,PJM Interconnection,US-MIDA-PJM,344.89,413.68,40.78,3.84,pjm.com,false,
2022-05-03 03:00:00,USA,PJM Interconnection,US-MIDA-PJM,339.06,405.85,42.41,3.71,pjm.com,false,
2022-05-03 04:00:00,USA,PJM Interconnection,US-MIDA-PJM,331.02,394.39,45.38,4.62,pjm.com,false,
2022-05-03 05:00:00,USA,PJM Interconnection,US-MIDA-PJM,322.48,383.94,47.23,5.78,pjm.com,false,
2022-05-03 06:00:00,USA,PJM Interconnection,US-MIDA-PJM,313.33,373.4,48.73,6.58,pjm.com,false,
2022-05-03 07:00:00,USA,PJM Interconnection,US-MIDA-PJM,309.76,368.47,49.93,7.46,pjm.com,false,
2022-05-03 08:00:00,USA,PJM Interconnection,US-MIDA-PJM,314.67,374.0,49.24,7.73,pjm.com,false,
2022-05-03 09:00:00,USA,PJM Interconnection,US-MIDA-PJM,313.34,373.03,49.01,8.54,pjm.com,false,
2022-05-03 10:00:00,USA,PJM Interconnection,US-MIDA-PJM,314.57,376.22,47.57,9.44,pjm.com,false,
2022-05-03 11:00:00,USA,PJM Interconnection,US-MIDA-PJM,318.49,382.16,45.97,9.73,pjm.com,false,
2022-05-03 12:00:00,USA,PJM Interconnection,US-MIDA-PJM,319.61,383.58,45.74,9.74,pjm.com,false,
2022-05-03 13:00:00,USA,PJM Interconnection,US-MIDA-PJM,322.7,387.05,45.4,9.94,pjm.com,false,
2022-05-03 14:00:00,USA,PJM Interconnection,US-MIDA-PJM,330.13,395.42,44.41,9.32,pjm.com,false,
2022-05-03 15:00:00,USA,PJM Interconnection,US-MIDA-PJM,332.07,397.1,44.7,9.84,pjm.com,false,
2022-05-03 16:00:00,USA,PJM Interconnection,US-MIDA-PJM,330.33,394.61,45.38,10.25,pjm.com,false,
2022-05-03 17:00:00,USA,PJM Interconnection,US-MIDA-PJM,326.81,390.91,45.71,11.06,pjm.com,false,
2022-05-03 18:00:00,USA,PJM Interconnection,US-MIDA-PJM,329.11,393.65,45.22,10.67,pjm.com,false,
2022-05-03 19:00:00,USA,PJM Interconnection,US-MIDA-PJM,328.82,393.47,45.2,10.66,pjm.com,false,
2022-05-03 20:00:00,USA,PJM Interconnection,US-MIDA-PJM,326.88,391.34,45.46,10.84,pjm.com,false,
2022-05-03 21:00:00,USA,PJM Interconnection,US-MIDA-PJM,327.53,392.05,45.37,11.62,pjm.com,false,
2022-05-03 22:00:00,USA,PJM Interconnection,US-MIDA-PJM,334.08,399.03,44.56,10.66,pjm.com,false,
2022-05-03 23:00:00,USA,PJM Interconnection,US-MIDA-PJM,337.01,401.95,44.34,10.33,pjm.com,false,
2022-05-04 00:00:00,USA,PJM Interconnection,US-MIDA-PJM,335.99,400.91,44.49,10.72,pjm.com,false,
2022-05-04 01:00:00,USA,PJM Interconnection,US-MIDA-PJM,338.57,403.21,44.45,9.78,pjm.com,false,
2022-05-04 02:00:00,USA,PJM Interconnection,US-MIDA-PJM,348.91,414.64,42.93,6.9,pjm.com,false,
2022-05-04 03:00:00,USA,PJM Interconnection,US-MIDA-PJM,345.77,409.98,44.16,6.52,pjm.com,false,
2022-05-04 04:00:00,USA,PJM Interconnection,US-MIDA-PJM,339.0,400.41,46.35,6.43,pjm.com,false,
2022-05-04 05:00:00,USA,PJM Interconnection,US-MIDA-PJM,333.65,395.01,46.65,6.09,pjm.com,false,
2022-05-04 06:00:00,USA,PJM Interconnection,US-MIDA-PJM,329.32,390.18,47.25,5.96,pjm.com,false,
2022-05-04 07:00:00,USA,PJM Interconnection,US-MIDA-PJM,330.35,391.61,46.9,5.43,pjm.com,false,
2022-05-04 08:00:00,USA,PJM Interconnection,US-MIDA-PJM,329.34,392.19,45.78,4.96,pjm.com,false,
2022-05-04 09:00:00,USA,PJM Interconnection,US-MIDA-PJM,337.47,401.82,44.26,4.41,pjm.com,false,
2022-05-04 10:00:00,USA,PJM Interconnection,US-MIDA-PJM,335.42,400.6,43.83,5.2,pjm.com,false,
2022-05-04 11:00:00,USA,PJM Interconnection,US-MIDA-PJM,344.38,411.85,41.71,5.17,pjm.com,false,
2022-05-04 12:00:00,USA,PJM Interconnection,US-MIDA-PJM,348.59,417.18,40.78,5.41,pjm.com,false,
2022-05-04 13:00:00,USA,PJM Interconnection,US-MIDA-PJM,347.89,416.07,41.26,6.29,pjm.com,false,
2022-05-04 14:00:00,USA,PJM Interconnection,US-MIDA-PJM,346.56,414.17,41.89,7.16,pjm.com,false,
2022-05-04 15:00:00,USA,PJM Interconnection,US-MIDA-PJM,348.84,416.77,41.59,7.26,pjm.com,false,
2022-05-04 16:00:00,USA,PJM Interconnection,US-MIDA-PJM,344.41,411.83,42.19,7.67,pjm.com,false,
2022-05-04 17:00:00,USA,PJM Interconnection,US-MIDA-PJM,345.67,413.34,41.99,7.72,pjm.com,false,
2022-05-04 18:00:00,USA,PJM Interconnection,US-MIDA-PJM,351.65,419.79,41.26,7.11,pjm.com,false,
2022-05-04 19:00:00,USA,PJM Interconnection,US-MIDA-PJM,353.29,421.7,40.99,6.77,pjm.com,false,
2022-05-04 20:00:00,USA,PJM Interconnection,US-MIDA-PJM,353.64,422.01,41.03,6.76,pjm.com,false,
2022-05-04 21:00:00,USA,PJM Interconnection,US-MIDA-PJM,353.59,422.25,40.78,6.68,pjm.com,false,
2022-05-04 22:00:00,USA,PJM Interconnection,US-MIDA-PJM,356.49,425.83,40.05,5.91,pjm.com,false,
2022-05-04 23:00:00,USA,PJM Interconnection,US-MIDA-PJM,356.42,426.21,39.68,5.59,pjm.com,false,
2022-05-05 00:00:00,USA,PJM Interconnection,US-MIDA-PJM,356.01,426.48,39.23,5.75,pjm.com,false,
2022-05-05 01:00:00,USA,PJM Interconnection,US-MIDA-PJM,361.44,432.41,38.41,4.14,pjm.com,false,
2022-05-05 02:00:00,USA,PJM Interconnection,US-MIDA-PJM,363.67,433.3,39.12,2.73,pjm.com,false,
2022-05-05 03:00:00,USA,PJM Interconnection,US-MIDA-PJM,359.36,426.99,40.74,3.0,pjm.com,false,
2022-05-05 04:00:00,USA,PJM Interconnection,US-MIDA-PJM,343.68,407.46,44.42,4.4,pjm.com,false,
2022-05-05 05:00:00,USA,PJM Interconnection,US-MIDA-PJM,338.04,400.49,45.69,4.61,pjm.com,false,
2022-05-05 06:00:00,USA,PJM Interconnection,US-MIDA-PJM,342.55,405.95,44.77,3.41,pjm.com,false,
2022-05-05 07:00:00,USA,PJM Interconnection,US-MIDA-PJM,345.81,409.37,44.52,2.69,pjm.com,false,
2022-05-05 08:00:00,USA,PJM Interconnection,US-MIDA-PJM,345.17,408.84,44.46,2.75,pjm.com,false,
2022-05-05 09:00:00,USA,PJM Interconnection,US-MIDA-PJM,347.13,412.99,42.73,2.86,pjm.com,false,
2022-05-05 10:00:00,USA,PJM Interconnection,US-MIDA-PJM,347.75,415.38,41.39,3.37,pjm.com,false,
2022-05-05 11:00:00,USA,PJM Interconnection,US-MIDA-PJM,346.91,414.67,41.44,4.65,pjm.com,false,
2022-05-05 12:00:00,USA,PJM Interconnection,US-MIDA-PJM,348.89,417.35,40.94,5.46,pjm.com,false,
2022-05-05 13:00:00,USA,PJM Interconnection,US-MIDA-PJM,353.14,422.06,40.38,5.26,pjm.com,false,
2022-05-05 14:00:00,USA,PJM Interconnection,US-MIDA-PJM,349.78,417.58,41.49,5.98,pjm.com,false,
2022-05-05 15:00:00,USA,PJM Interconnection,US-MIDA-PJM,349.9,417.89,41.35,5.97,pjm.com,false,
2022-05-05 16:00:00,USA,PJM Interconnection,US-MIDA-PJM,349.61,417.35,41.53,6.2,pjm.com,false,
2022-05-05 17:00:00,USA,PJM Interconnection,US-MIDA-PJM,345.53,413.01,41.98,6.89,pjm.com,false,
2022-05-05 18:00:00,USA,PJM Interconnection,US-MIDA-PJM,343.57,410.79,42.25,7.63,pjm.com,false,
2022-05-05 19:00:00,USA,PJM Interconnection,US-MIDA-PJM,346.85,414.97,41.42,6.91,pjm.com,false,
2022-05-05 20:00:00,USA,PJM Interconnection,US-MIDA-PJM,340.59,407.14,42.89,8.24,pjm.com,false,
2022-05-05 21:00:00,USA,PJM Interconnection,US-MIDA-PJM,340.61,407.39,42.74,8.5,pjm.com,false,
2022-05-05 22:00:00,USA,PJM Interconnection,US-MIDA-PJM,341.81,408.92,42.35,8.13,pjm.com,false,
2022-05-05 23:00:00,USA,PJM Interconnection,US-MIDA-PJM,344.45,411.77,42.02,7.64,pjm.com,false,
2022-05-06 00:00:00,USA,PJM Interconnection,US-MIDA-PJM,344.37,412.14,41.71,7.98,pjm.com,false,
2022-05-06 01:00:00,USA,PJM Interconnection,US-MIDA-PJM,343.91,411.25,41.88,7.45,pjm.com,false,
2022-05-06 02:00:00,USA,PJM Interconnection,US-MIDA-PJM,347.94,415.12,41.64,5.67,pjm.com,false,
2022-05-06 03:00:00,USA,PJM Interconnection,US-MIDA-PJM,342.69,407.77,43.39,6.0,pjm.com,false,
2022-05-06 04:00:00,USA,PJM Interconnection,US-MIDA-PJM,330.78,392.89,46.24,6.39,pjm.com,false,
2022-05-06 05:00:00,USA,PJM Interconnection,US-MIDA-PJM,327.0,388.42,46.95,6.08,pjm.com,false,
2022-05-06 06:00:00,USA,PJM Interconnection,US-MIDA-PJM,327.57,389.49,46.55,5.27,pjm.com,false,
2022-05-06 07:00:00,USA,PJM Interconnection,US-MIDA-PJM,320.0,380.04,48.32,6.01,pjm.com,false,
2022-05-06 08:00:00,USA,PJM Interconnection,US-MIDA-PJM,319.44,379.43,48.38,6.5,pjm.com,false,
2022-05-06 09:00:00,USA,PJM Interconnection,US-MIDA-PJM,321.53,382.28,47.72,6.53,pjm.com,false,
2022-05-06 10:00:00,USA,PJM Interconnection,US-MIDA-PJM,328.62,392.72,44.9,6.21,pjm.com,false,
2022-05-06 11:00:00,USA,PJM Interconnection,US-MIDA-PJM,336.4,401.68,43.72,6.79,pjm.com,false,
2022-05-06 12:00:00,USA,PJM Interconnection,US-MIDA-PJM,336.69,402.98,43.07,7.46,pjm.com,false,
2022-05-06 13:00:00,USA,PJM Interconnection,US-MIDA-PJM,336.5,402.65,43.29,8.26,pjm.com,false,
2022-05-06 14:00:00,USA,PJM Interconnection,US-MIDA-PJM,334.68,401.03,43.29,8.87,pjm.com,false,
2022-05-06 15:00:00,USA,PJM Interconnection,US-MIDA-PJM,334.44,400.16,43.78,9.17,pjm.com,false,
2022-05-06 16:00:00,USA,PJM Interconnection,US-MIDA-PJM,333.66,399.78,43.44,9.09,pjm.com,false,
2022-05-06 17:00:00,USA,PJM Interconnection,US-MIDA-PJM,330.26,395.54,44.26,9.75,pjm.com,false,
2022-05-06 18:00:00,USA,PJM Interconnection,US-MIDA-PJM,324.47,388.94,45.17,10.73,pjm.com,false,
2022-05-06 19:00:00,USA,PJM Interconnection,US-MIDA-PJM,329.46,394.37,44.46,9.59,pjm.com,false,
2022-05-06 20:00:00,USA,PJM Interconnection,US-MIDA-PJM,332.18,396.96,44.36,9.56,pjm.com,false,
2022-05-06 21:00:00,USA,PJM Interconnection,US-MIDA-PJM,325.83,389.46,45.53,10.43,pjm.com,false,
2022-05-06 22:00:00,USA,PJM Interconnection,US-MIDA-PJM,323.4,387.18,45.5,10.24,pjm.com,false,
2022-05-06 23:00:00,USA,PJM Interconnection,US-MIDA-PJM,322.02,385.08,46.1,10.6,pjm.com,false,
2022-05-07 00:00:00,USA,PJM Interconnection,US-MIDA-PJM,319.42,382.36,46.34,10.85,pjm.com,false,
2022-05-07 01:00:00,USA,PJM Interconnection,US-MIDA-PJM,323.93,387.59,45.45,9.27,pjm.com,false,
2022-05-07 02:00:00,USA,PJM Interconnection,US-MIDA-PJM,320.72,382.89,46.72,9.34,pjm.com,false,
2022-05-07 03:00:00,USA,PJM Interconnection,US-MIDA-PJM,316.13,376.21,48.49,9.39,pjm.com,false,
2022-05-07 04:00:00,USA,PJM Interconnection,US-MIDA-PJM,307.93,365.58,50.73,9.55,pjm.com,false,
2022-05-07 05:00:00,USA,PJM Interconnection,US-MIDA-PJM,301.14,357.92,51.72,10.03,pjm.com,false,
2022-05-07 06:00:00,USA,PJM Interconnection,US-MIDA-PJM,297.13,353.6,52.16,10.54,pjm.com,false,
2022-05-07 07:00:00,USA,PJM Interconnection,US-MIDA-PJM,296.84,352.45,52.8,10.42,pjm.com,false,
2022-05-07 08:00:00,USA,PJM Interconnection,US-MIDA-PJM,296.14,351.34,53.17,10.5,pjm.com,false,
2022-05-07 09:00:00,USA,PJM Interconnection,US-MIDA-PJM,295.69,350.54,53.47,10.74,pjm.com,false,
2022-05-07 10:00:00,USA,PJM Interconnection,US-MIDA-PJM,298.56,354.36,52.61,11.02,pjm.com,false,
2022-05-07 11:00:00,USA,PJM Interconnection,US-MIDA-PJM,300.95,357.05,52.33,11.67,pjm.com,false,
2022-05-07 12:00:00,USA,PJM Interconnection,US-MIDA-PJM,304.44,362.51,50.75,11.24,pjm.com,false,
2022-05-07 13:00:00,USA,PJM Interconnection,US-MIDA-PJM,313.37,374.26,48.25,9.78,pjm.com,false,
2022-05-07 14:00:00,USA,PJM Interconnection,US-MIDA-PJM,310.96,371.17,48.99,10.6,pjm.com,false,
2022-05-07 15:00:00,USA,PJM Interconnection,US-MIDA-PJM,318.42,379.43,48.03,10.7,pjm.com,false,
2022-05-07 16:00:00,USA,PJM Interconnection,US-MIDA-PJM,322.12,383.22,47.71,10.14,pjm.com,false,
2022-05-07 17:00:00,USA,PJM Interconnection,US-MIDA-PJM,320.54,381.46,47.92,10.3,pjm.com,false,
2022-05-07 18:00:00,USA,PJM Interconnection,US-MIDA-PJM,320.81,381.77,47.86,9.8,pjm.com,false,
2022-05-07 19:00:00,USA,PJM Interconnection,US-MIDA-PJM,326.04,387.69,47.02,8.66,pjm.com,false,
2022-05-07 20:00:00,USA,PJM Interconnection,US-MIDA-PJM,324.59,386.2,47.16,9.02,pjm.com,false,
2022-05-07 21:00:00,USA,PJM Interconnection,US-MIDA-PJM,325.52,387.34,46.97,8.93,pjm.com,false,
2022-05-07 22:00:00,USA,PJM Interconnection,US-MIDA-PJM,327.57,390.15,46.25,8.35,pjm.com,false,
2022-05-07 23:00:00,USA,PJM Interconnection,US-MIDA-PJM,331.03,394.26,45.55,7.57,pjm.com,false,
2022-05-08 00:00:00,USA,PJM Interconnection,US-MIDA-PJM,330.26,393.94,45.34,8.06,pjm.com,false,
2022-05-08 01:00:00,USA,PJM Interconnection,US-MIDA-PJM,330.93,394.9,45.06,8.04,pjm.com,false,
2022-05-08 02:00:00,USA,PJM Interconnection,US-MIDA-PJM,329.61,392.75,45.62,7.52,pjm.com,false,
2022-05-08 03:00:00,USA,PJM Interconnection,US-MIDA-PJM,316.81,377.88,47.76,8.25,pjm.com,false,
2022-05-08 04:00:00,USA,PJM Interconnection,US-MIDA-PJM,310.32,369.35,49.69,8.62,pjm.com,false,
2022-05-08 05:00:00,USA,PJM Interconnection,US-MIDA-PJM,305.72,364.51,50.1,8.53,pjm.com,false,
2022-05-08 06:00:00,USA,PJM Interconnection,US-MIDA-PJM,299.74,357.9,50.89,8.63,pjm.com,false,
2022-05-08 07:00:00,USA,PJM Interconnection,US-MIDA-PJM,305.15,363.97,50.14,7.85,pjm.com,false,
2022-05-08 08:00:00,USA,PJM Interconnection,US-MIDA-PJM,302.08,359.74,51.15,8.26,pjm.com,false,
2022-05-08 09:00:00,USA,PJM Interconnection,US-MIDA-PJM,303.86,361.88,50.81,8.35,pjm.com,false,
2022-05-08 10:00:00,USA,PJM Interconnection,US-MIDA-PJM,310.03,368.96,49.82,7.8,pjm.com,false,
2022-05-08 11:00:00,USA,PJM Interconnection,US-MIDA-PJM,310.79,369.52,49.94,8.75,pjm.com,false,
2022-05-08 12:00:00,USA,PJM Interconnection,US-MIDA-PJM,317.2,377.6,48.47,8.17,pjm.com,false,
2022-05-08 13:00:00,USA,PJM Interconnection,US-MIDA-PJM,316.75,377.16,48.55,9.09,pjm.com,false,
2022-05-08 14:00:00,USA,PJM Interconnection,US-MIDA-PJM,316.95,377.14,48.68,9.25,pjm.com,false,
2022-05-08 15:00:00,USA,PJM Interconnection,US-MIDA-PJM,313.63,373.06,49.44,9.83,pjm.com,false,
2022-05-08 16:00:00,USA,PJM Interconnection,US-MIDA-PJM,313.53,372.21,50.03,9.79,pjm.com,false,
2022-05-08 17:00:00,USA,PJM Interconnection,US-MIDA-PJM,312.87,371.65,49.91,9.9,pjm.com,false,
2022-05-08 18:00:00,USA,PJM Interconnection,US-MIDA-PJM,313.16,372.17,49.69,9.66,pjm.com,false,
2022-05-08 19:00:00,USA,PJM Interconnection,US-MIDA-PJM,310.06,368.56,50.2,10.35,pjm.com,false,
2022-05-08 20:00:00,USA,PJM Interconnection,US-MIDA-PJM,307.18,365.2,50.71,11.12,pjm.com,false,
2022-05-08 21:00:00,USA,PJM Interconnection,US-MIDA-PJM,308.51,367.76,49.71,11.05,pjm.com,false,
2022-05-08 22:00:00,USA,PJM Interconnection,US-MIDA-PJM,313.1,373.94,48.22,10.2,pjm.com,false,
2022-05-08 23:00:00,USA,PJM Interconnection,US-MIDA-PJM,313.28,374.05,48.35,10.74,pjm.com,false,
2022-05-09 00:00:00,USA,PJM Interconnection,US-MIDA-PJM,311.68,373.29,47.93,11.4,pjm.com,false,
2022-05-09 01:00:00,USA,PJM Interconnection,US-MIDA-PJM,315.6,377.86,47.19,10.8,pjm.com,false,
2022-05-09 02:00:00,USA,PJM Interconnection,US-MIDA-PJM,317.24,379.06,47.23,8.93,pjm.com,false,
2022-05-09 03:00:00,USA,PJM Interconnection,US-MIDA-PJM,310.02,369.67,49.23,9.4,pjm.com,false,
2022-05-09 04:00:00,USA,PJM Interconnection,US-MIDA-PJM,304.67,362.87,50.6,9.03,pjm.com,false,
2022-05-09 05:00:00,USA,PJM Interconnection,US-MIDA-PJM,297.05,353.67,52.17,9.68,pjm.com,false,
2022-05-09 06:00:00,USA,PJM Interconnection,US-MIDA-PJM,299.04,355.48,52.22,9.02,pjm.com,false,
2022-05-09 07:00:00,USA,PJM Interconnection,US-MIDA-PJM,300.03,356.56,52.12,8.88,pjm.com,false,
2022-05-09 08:00:00,USA,PJM Interconnection,US-MIDA-PJM,299.54,356.18,52.04,8.97,pjm.com,false,
2022-05-09 09:00:00,USA,PJM Interconnection,US-MIDA-PJM,306.65,366.92,48.97,8.54,pjm.com,false,
2022-05-09 10:00:00,USA,PJM Interconnection,US-MIDA-PJM,313.86,376.32,46.99,9.39,pjm.com,false,
2022-05-09 11:00:00,USA,PJM Interconnection,US-MIDA-PJM,307.06,368.6,48.31,12.56,pjm.com,false,
2022-05-09 12:00:00,USA,PJM Interconnection,US-MIDA-PJM,306.67,367.7,48.82,13.5,pjm.com,false,
2022-05-09 13:00:00,USA,PJM Interconnection,US-MIDA-PJM,310.08,370.66,49.0,13.26,pjm.com,false,
2022-05-09 14:00:00,USA,PJM Interconnection,US-MIDA-PJM,310.38,370.66,49.18,13.08,pjm.com,false,
2022-05-09 15:00:00,USA,PJM Interconnection,US-MIDA-PJM,308.66,368.51,49.57,13.27,pjm.com,false,
2022-05-09 16:00:00,USA,PJM Interconnection,US-MIDA-PJM,307.71,367.54,49.62,13.49,pjm.com,false,
2022-05-09 17:00:00,USA,PJM Interconnection,US-MIDA-PJM,305.46,364.99,49.95,13.59,pjm.com,false,
2022-05-09 18:00:00,USA,PJM Interconnection,US-MIDA-PJM,305.65,365.09,50.0,13.66,pjm.com,false,
2022-05-09 19:00:00,USA,PJM Interconnection,US-MIDA-PJM,307.11,367.59,49.14,13.34,pjm.com,false,
2022-05-09 20:00:00,USA,PJM Interconnection,US-MIDA-PJM,304.12,364.54,49.39,13.97,pjm.com,false,
2022-05-09 21:00:00,USA,PJM Interconnection,US-MIDA-PJM,300.63,361.1,49.65,14.95,pjm.com,false,
2022-05-09 22:00:00,USA,PJM Interconnection,US-MIDA-PJM,307.01,369.09,48.05,13.96,pjm.com,false,
2022-05-09 23:00:00,USA,PJM Interconnection,US-MIDA-PJM,320.05,384.11,45.65,11.46,pjm.com,false,
2022-05-10 00:00:00,USA,PJM Interconnection,US-MIDA-PJM,319.79,384.52,45.17,11.43,pjm.com,false,
2022-05-10 01:00:00,USA,PJM Interconnection,US-MIDA-PJM,323.19,388.42,44.53,10.66,pjm.com,false,
2022-05-10 02:00:00,USA,PJM Interconnection,US-MIDA-PJM,324.76,388.66,45.19,9.17,pjm.com,false,
2022-05-10 03:00:00,USA,PJM Interconnection,US-MIDA-PJM,314.4,374.96,48.21,10.24,pjm.com,false,
2022-05-10 04:00:00,USA,PJM Interconnection,US-MIDA-PJM,301.66,358.74,51.47,10.91,pjm.com,false,
2022-05-10 05:00:00,USA,PJM Interconnection,US-MIDA-PJM,297.25,353.83,52.08,10.86,pjm.com,false,
2022-05-10 06:00:00,USA,PJM Interconnection,US-MIDA-PJM,298.76,355.82,51.65,10.36,pjm.com,false,
2022-05-10 07:00:00,USA,PJM Interconnection,US-MIDA-PJM,301.51,358.97,51.25,9.73,pjm.com,false,
2022-05-10 08:00:00,USA,PJM Interconnection,US-MIDA-PJM,300.32,357.81,51.29,9.85,pjm.com,false,
2022-05-10 09:00:00,USA,PJM Interconnection,US-MIDA-PJM,303.17,361.8,50.28,9.66,pjm.com,false,
2022-05-10 10:00:00,USA,PJM Interconnection,US-MIDA-PJM,317.28,379.53,46.87,8.9,pjm.com,false,
2022-05-10 11:00:00,USA,PJM Interconnection,US-MIDA-PJM,320.43,384.07,45.81,9.61,pjm.com,false,
2022-05-10 12:00:00,USA,PJM Interconnection,US-MIDA-PJM,325.1,388.67,45.81,10.14,pjm.com,false,
2022-05-10 13:00:00,USA,PJM Interconnection,US-MIDA-PJM,330.97,395.56,44.75,9.46,pjm.com,false,
2022-05-10 14:00:00,USA,PJM Interconnection,US-MIDA-PJM,335.04,400.59,43.82,9.04,pjm.com,false,
2022-05-10 15:00:00,USA,PJM Interconnection,US-MIDA-PJM,336.76,402.8,43.42,8.97,pjm.com,false,
2022-05-10 16:00:00,USA,PJM Interconnection,US-MIDA-PJM,340.7,407.51,42.68,8.51,pjm.com,false,
2022-05-10 17:00:00,USA,PJM Interconnection,US-MIDA-PJM,346.0,414.31,41.34,7.9,pjm.com,false,
2022-05-10 18:00:00,USA,PJM Interconnection,US-MIDA-PJM,344.27,412.44,41.57,8.79,pjm.com,false,
2022-05-10 19:00:00,USA,PJM Interconnection,US-MIDA-PJM,345.85,414.58,41.07,9.04,pjm.com,false,
2022-05-10 20:00:00,USA,PJM Interconnection,US-MIDA-PJM,346.19,414.99,41.02,9.02,pjm.com,false,
2022-05-10 21:00:00,USA,PJM Interconnection,US-MIDA-PJM,343.18,412.3,40.95,10.28,pjm.com,false,
2022-05-10 22:00:00,USA,PJM Interconnection,US-MIDA-PJM,347.08,417.35,39.95,9.46,pjm.com,false,
2022-05-10 23:00:00,USA,PJM Interconnection,US-MIDA-PJM,353.16,424.18,38.99,8.22,pjm.com,false,
2022-05-11 00:00:00,USA,PJM Interconnection,US-MIDA-PJM,356.72,428.51,38.22,7.31,pjm.com,false,
2022-05-11 01:00:00,USA,PJM Interconnection,US-MIDA-PJM,356.49,428.32,38.16,6.91,pjm.com,false,
2022-05-11 02:00:00,USA,PJM Interconnection,US-MIDA-PJM,353.84,424.53,38.77,5.85,pjm.com,false,
2022-05-11 03:00:00,USA,PJM Interconnection,US-MIDA-PJM,348.61,417.06,40.63,5.33,pjm.com,false,
2022-05-11 04:00:00,USA,PJM Interconnection,US-MIDA-PJM,334.91,400.02,43.83,5.51,pjm.com,false,
2022-05-11 05:00:00,USA,PJM Interconnection,US-MIDA-PJM,328.7,393.75,44.21,5.23,pjm.com,false,
2022-05-11 06:00:00,USA,PJM Interconnection,US-MIDA-PJM,321.64,385.38,45.58,4.82,pjm.com,false,
2022-05-11 07:00:00,USA,PJM Interconnection,US-MIDA-PJM,321.61,385.35,45.59,4.44,pjm.com,false,
2022-05-11 08:00:00,USA,PJM Interconnection,US-MIDA-PJM,324.9,389.45,44.84,4.08,pjm.com,false,
2022-05-11 09:00:00,USA,PJM Interconnection,US-MIDA-PJM,328.76,394.16,44.0,3.84,pjm.com,false,
2022-05-11 10:00:00,USA,PJM Interconnection,US-MIDA-PJM,340.85,408.53,41.7,3.94,pjm.com,false,
2022-05-11 11:00:00,USA,PJM Interconnection,US-MIDA-PJM,344.96,413.67,40.98,5.19,pjm.com,false,
2022-05-11 12:00:00,USA,PJM Interconnection,US-MIDA-PJM,345.31,414.57,40.86,6.03,pjm.com,false,
2022-05-11 13:00:00,USA,PJM Interconnection,US-MIDA-PJM,348.8,419.3,39.8,5.67,pjm.com,false,
2022-05-11 14:00:00,USA,PJM Interconnection,US-MIDA-PJM,351.65,422.71,39.29,5.44,pjm.com,false,
2022-05-11 15:00:00,USA,PJM Interconnection,US-MIDA-PJM,356.9,429.15,38.16,5.3,pjm.com,false,
2022-05-11 16:00:00,USA,PJM Interconnection,US-MIDA-PJM,356.84,429.97,37.63,5.66,pjm.com,false,
2022-05-11 17:00:00,USA,PJM Interconnection,US-MIDA-PJM,354.32,426.98,38.21,6.48,pjm.com,false,
2022-05-11 18:00:00,USA,PJM Interconnection,US-MIDA-PJM,355.15,428.73,37.44,6.63,pjm.com,false,
2022-05-11 19:00:00,USA,PJM Interconnection,US-MIDA-PJM,358.27,432.83,36.53,6.46,pjm.com,false,
2022-05-11 20:00:00,USA,PJM Interconnection,US-MIDA-PJM,358.88,433.6,36.52,6.79,pjm.com,false,
2022-05-11 21:00:00,USA,PJM Interconnection,US-MIDA-PJM,356.19,430.67,36.83,7.25,pjm.com,false,
2022-05-11 22:00:00,USA,PJM Interconnection,US-MIDA-PJM,351.98,425.97,37.27,7.54,pjm.com,false,
2022-05-11 23:00:00,USA,PJM Interconnection,US-MIDA-PJM,351.23,424.87,37.28,7.45,pjm.com,false,
2022-05-12 00:00:00,USA,PJM Interconnection,US-MIDA-PJM,348.87,421.71,37.97,7.53,pjm.com,false,
2022-05-12 01:00:00,USA,PJM Interconnection,US-MIDA-PJM,349.79,421.99,38.09,7.0,pjm.com,false,
2022-05-12 02:00:00,USA,PJM Interconnection,US-MIDA-PJM,347.24,417.13,39.67,6.46,pjm.com,false,
2022-05-12 03:00:00,USA,PJM Interconnection,US-MIDA-PJM,342.16,409.6,41.72,6.28,pjm.com,false,
2022-05-12 04:00:00,USA,PJM Interconnection,US-MIDA-PJM,327.06,392.55,43.97,6.16,pjm.com,false,
2022-05-12 05:00:00,USA,PJM Interconnection,US-MIDA-PJM,317.87,382.98,44.73,5.82,pjm.com,false,
2022-05-12 06:00:00,USA,PJM Interconnection,US-MIDA-PJM,318.44,383.78,44.55,4.89,pjm.com,false,
2022-05-12 07:00:00,USA,PJM Interconnection,US-MIDA-PJM,319.22,383.22,45.51,4.61,pjm.com,false,
2022-05-12 08:00:00,USA,PJM Interconnection,US-MIDA-PJM,316.77,380.41,45.88,5.31,pjm.com,false,
2022-05-12 09:00:00,USA,PJM Interconnection,US-MIDA-PJM,320.96,385.79,44.79,5.41,pjm.com,false,
2022-05-12 10:00:00,USA,PJM Interconnection,US-MIDA-PJM,330.62,397.34,42.88,5.48,pjm.com,false,
2022-05-12 11:00:00,USA,PJM Interconnection,US-MIDA-PJM,331.48,399.67,41.84,6.29,pjm.com,false,
2022-05-12 12:00:00,USA,PJM Interconnection,US-MIDA-PJM,335.23,404.21,41.12,6.14,pjm.com,false,
2022-05-12 13:00:00,USA,PJM Interconnection,US-MIDA-PJM,344.74,415.44,39.4,5.48,pjm.com,false,
2022-05-12 14:00:00,USA,PJM Interconnection,US-MIDA-PJM,348.71,419.86,39.1,5.89,pjm.com,false,
2022-05-12 15:00:00,USA,PJM Interconnection,US-MIDA-PJM,350.28,421.83,38.74,6.19,pjm.com,false,
2022-05-12 16:00:00,USA,PJM Interconnection,US-MIDA-PJM,345.01,415.94,39.55,7.63,pjm.com,false,
2022-05-12 17:00:00,USA,PJM Interconnection,US-MIDA-PJM,348.1,419.78,39.04,7.94,pjm.com,false,
2022-05-12 18:00:00,USA,PJM Interconnection,US-MIDA-PJM,347.8,419.8,38.79,8.14,pjm.com,false,
2022-05-12 19:00:00,USA,PJM Interconnection,US-MIDA-PJM,348.96,421.21,38.59,8.62,pjm.com,false,
2022-05-12 20:00:00,USA,PJM Interconnection,US-MIDA-PJM,349.59,422.71,37.91,8.51,pjm.com,false,
2022-05-12 21:00:00,USA,PJM Interconnection,US-MIDA-PJM,349.52,423.11,37.61,8.38,pjm.com,false,
2022-05-12 22:00:00,USA,PJM Interconnection,US-MIDA-PJM,357.1,431.59,36.47,7.49,pjm.com,false,
2022-05-12 23:00:00,USA,PJM Interconnection,US-MIDA-PJM,354.46,428.25,37.01,7.4,pjm.com,false,
2022-05-13 00:00:00,USA,PJM Interconnection,US-MIDA-PJM,351.24,424.08,37.68,7.35,pjm.com,false,
2022-05-13 01:00:00,USA,PJM Interconnection,US-MIDA-PJM,351.7,423.38,38.45,7.44,pjm.com,false,
2022-05-13 02:00:00,USA,PJM Interconnection,US-MIDA-PJM,347.92,417.08,40.22,6.92,pjm.com,false,
2022-05-13 03:00:00,USA,PJM Interconnection,US-MIDA-PJM,336.47,402.51,43.02,7.91,pjm.com,false,
2022-05-13 04:00:00,USA,PJM Interconnection,US-MIDA-PJM,321.01,384.89,45.45,7.95,pjm.com,false,
2022-05-13 05:00:00,USA,PJM Interconnection,US-MIDA-PJM,314.54,377.13,46.75,7.89,pjm.com,false,
2022-05-13 06:00:00,USA,PJM Interconnection,US-MIDA-PJM,310.63,372.31,47.65,7.86,pjm.com,false,
2022-05-13 07:00:00,USA,PJM Interconnection,US-MIDA-PJM,303.24,363.59,48.99,8.41,pjm.com,false,
2022-05-13 08:00:00,USA,PJM Interconnection,US-MIDA-PJM,303.06,363.28,49.1,8.35,pjm.com,false,
2022-05-13 09:00:00,USA,PJM Interconnection,US-MIDA-PJM,307.32,368.57,48.13,8.14,pjm.com,false,
2022-05-13 10:00:00,USA,PJM Interconnection,US-MIDA-PJM,320.2,384.97,44.85,7.01,pjm.com,false,
2022-05-13 11:00:00,USA,PJM Interconnection,US-MIDA-PJM,323.2,389.4,43.73,7.22,pjm.com,false,
2022-05-13 12:00:00,USA,PJM Interconnection,US-MIDA-PJM,332.89,401.7,41.4,5.88,pjm.com,false,
2022-05-13 13:00:00,USA,PJM Interconnection,US-MIDA-PJM,343.01,413.52,39.73,5.14,pjm.com,false,
2022-05-13 14:00:00,USA,PJM Interconnection,US-MIDA-PJM,350.0,422.08,38.24,4.7,pjm.com,false,
2022-05-13 15:00:00,USA,PJM Interconnection,US-MIDA-PJM,351.04,423.79,37.83,5.78,pjm.com,false,
2022-05-13 16:00:00,USA,PJM Interconnection,US-MIDA-PJM,349.88,423.09,37.6,6.13,pjm.com,false,
2022-05-13 17:00:00,USA,PJM Interconnection,US-MIDA-PJM,349.33,423.01,37.35,7.07,pjm.com,false,
2022-05-13 18:00:00,USA,PJM Interconnection,US-MIDA-PJM,346.26,420.01,37.48,7.67,pjm.com,false,
2022-05-13 19:00:00,USA,PJM Interconnection,US-MIDA-PJM,352.34,427.31,36.55,7.61,pjm.com,false,
2022-05-13 20:00:00,USA,PJM Interconnection,US-MIDA-PJM,349.86,424.22,36.99,8.45,pjm.com,false,
2022-05-13 21:00:00,USA,PJM Interconnection,US-MIDA-PJM,349.92,424.3,36.98,8.62,pjm.com,false,
2022-05-13 22:00:00,USA,PJM Interconnection,US-MIDA-PJM,353.89,428.77,36.2,7.83,pjm.com,false,
2022-05-13 23:00:00,USA,PJM Interconnection,US-MIDA-PJM,355.97,430.59,36.11,7.14,pjm.com,false,
2022-05-14 00:00:00,USA,PJM Interconnection,US-MIDA-PJM,352.5,426.24,36.93,7.43,pjm.com,false,
2022-05-14 01:00:00,USA,PJM Interconnection,US-MIDA-PJM,355.99,430.46,36.09,6.04,pjm.com,false,
2022-05-14 02:00:00,USA,PJM Interconnection,US-MIDA-PJM,359.0,433.07,36.06,4.7,pjm.com,false,
2022-05-14 03:00:00,USA,PJM Interconnection,US-MIDA-PJM,358.3,430.92,37.14,4.0,pjm.com,false,
2022-05-14 04:00:00,USA,PJM Interconnection,US-MIDA-PJM,350.57,421.27,38.91,3.39,pjm.com,false,
2022-05-14 05:00:00,USA,PJM Interconnection,US-MIDA-PJM,344.94,414.36,40.17,3.44,pjm.com,false,
2022-05-14 06:00:00,USA,PJM Interconnection,US-MIDA-PJM,338.13,405.63,41.96,3.34,pjm.com,false,
2022-05-14 07:00:00,USA,PJM Interconnection,US-MIDA-PJM,335.73,402.41,42.71,3.11,pjm.com,false,
2022-05-14 08:00:00,USA,PJM Interconnection,US-MIDA-PJM,338.35,404.95,42.65,2.53,pjm.com,false,
2022-05-14 09:00:00,USA,PJM Interconnection,US-MIDA-PJM,340.07,406.98,42.33,2.52,pjm.com,false,
2022-05-14 10:00:00,USA,PJM Interconnection,US-MIDA-PJM,339.16,406.03,42.42,2.74,pjm.com,false,
2022-05-14 11:00:00,USA,PJM Interconnection,US-MIDA-PJM,339.46,407.2,41.81,2.82,pjm.com,false,
2022-05-14 12:00:00,USA,PJM Interconnection,US-MIDA-PJM,342.6,412.34,40.21,2.89,pjm.com,false,
2022-05-14 13:00:00,USA,PJM Interconnection,US-MIDA-PJM,342.81,414.14,39.12,3.12,pjm.com,false,
2022-05-14 14:00:00,USA,PJM Interconnection,US-MIDA-PJM,341.4,413.55,38.64,3.64,pjm.com,false,
2022-05-14 15:00:00,USA,PJM Interconnection,US-MIDA-PJM,343.95,416.97,37.94,4.21,pjm.com,false,
2022-05-14 16:00:00,USA,PJM Interconnection,US-MIDA-PJM,344.73,417.64,38.02,5.1,pjm.com,false,
2022-05-14 17:00:00,USA,PJM Interconnection,US-MIDA-PJM,345.64,418.47,38.06,5.87,pjm.com,false,
2022-05-14 18:00:00,USA,PJM Interconnection,US-MIDA-PJM,339.35,411.42,39.17,7.41,pjm.com,false,
2022-05-14 19:00:00,USA,PJM Interconnection,US-MIDA-PJM,340.09,412.06,39.24,7.92,pjm.com,false,
2022-05-14 20:00:00,USA,PJM Interconnection,US-MIDA-PJM,347.69,420.08,38.51,7.6,pjm.com,false,
2022-05-14 21:00:00,USA,PJM Interconnection,US-MIDA-PJM,340.07,411.02,39.94,8.94,pjm.com,false,
2022-05-14 22:00:00,USA,PJM Interconnection,US-MIDA-PJM,346.03,418.33,38.54,7.5,pjm.com,false,
2022-05-14 23:00:00,USA,PJM Interconnection,US-MIDA-PJM,351.52,424.23,37.85,5.91,pjm.com,false,
2022-05-15 00:00:00,USA,PJM Interconnection,US-MIDA-PJM,354.57,427.43,37.45,4.99,pjm.com,false,
2022-05-15 01:00:00,USA,PJM Interconnection,US-MIDA-PJM,360.52,433.93,36.58,3.32,pjm.com,false,
2022-05-15 02:00:00,USA,PJM Interconnection,US-MIDA-PJM,358.05,430.36,37.43,2.84,pjm.com,false,
2022-05-15 03:00:00,USA,PJM Interconnection,US-MIDA-PJM,347.52,418.01,39.26,2.97,pjm.com,false,
2022-05-15 04:00:00,USA,PJM Interconnection,US-MIDA-PJM,338.94,405.9,42.36,3.43,pjm.com,false,
2022-05-15 05:00:00,USA,PJM Interconnection,US-MIDA-PJM,334.44,400.51,43.28,3.8,pjm.com,false,
2022-05-15 06:00:00,USA,PJM Interconnection,US-MIDA-PJM,330.39,394.34,45.08,4.93,pjm.com,false,
2022-05-15 07:00:00,USA,PJM Interconnection,US-MIDA-PJM,322.52,384.89,46.57,5.34,pjm.com,false,
2022-05-15 08:00:00,USA,PJM Interconnection,US-MIDA-PJM,321.02,382.66,47.22,5.68,pjm.com,false,
2022-05-15 09:00:00,USA,PJM Interconnection,US-MIDA-PJM,322.57,383.99,47.33,5.64,pjm.com,false,
2022-05-15 10:00:00,USA,PJM Interconnection,US-MIDA-PJM,325.02,386.11,47.45,5.43,pjm.com,false,
2022-05-15 11:00:00,USA,PJM Interconnection,US-MIDA-PJM,320.32,379.87,48.89,6.77,pjm.com,false,
2022-05-15 12:00:00,USA,PJM Interconnection,US-MIDA-PJM,323.51,384.8,47.6,7.38,pjm.com,false,
2022-05-15 13:00:00,USA,PJM Interconnection,US-MIDA-PJM,328.93,392.84,45.5,6.83,pjm.com,false,
2022-05-15 14:00:00,USA,PJM Interconnection,US-MIDA-PJM,328.21,392.79,45.14,7.42,pjm.com,false,
2022-05-15 15:00:00,USA,PJM Interconnection,US-MIDA-PJM,337.51,405.12,42.48,6.71,pjm.com,false,
2022-05-15 16:00:00,USA,PJM Interconnection,US-MIDA-PJM,346.8,416.7,40.26,6.02,pjm.com,false,
2022-05-15 17:00:00,USA,PJM Interconnection,US-MIDA-PJM,345.6,415.95,39.96,6.42,pjm.com,false,
2022-05-15 18:00:00,USA,PJM Interconnection,US-MIDA-PJM,336.36,406.06,40.98,8.55,pjm.com,false,
2022-05-15 19:00:00,USA,PJM Interconnection,US-MIDA-PJM,333.7,403.47,41.1,9.58,pjm.com,false,
2022-05-15 20:00:00,USA,PJM Interconnection,US-MIDA-PJM,330.51,400.28,41.33,10.78,pjm.com,false,
2022-05-15 21:00:00,USA,PJM Interconnection,US-MIDA-PJM,329.08,399.02,41.26,11.21,pjm.com,false,
2022-05-15 22:00:00,USA,PJM Interconnection,US-MIDA-PJM,329.78,399.69,41.15,10.97,pjm.com,false,
2022-05-15 23:00:00,USA,PJM Interconnection,US-MIDA-PJM,335.15,405.67,40.27,9.49,pjm.com,false,
2022-05-16 00:00:00,USA,PJM Interconnection,US-MIDA-PJM,335.89,406.18,40.37,8.6,pjm.com,false,
2022-05-16 01:00:00,USA,PJM Interconnection,US-MIDA-PJM,343.56,415.41,38.73,6.81,pjm.com,false,
2022-05-16 02:00:00,USA,PJM Interconnection,US-MIDA-PJM,352.72,424.8,37.94,3.88,pjm.com,false,
2022-05-16 03:00:00,USA,PJM Interconnection,US-MIDA-PJM,350.9,420.79,39.53,3.12,pjm.com,false,
2022-05-16 04:00:00,USA,PJM Interconnection,US-MIDA-PJM,343.32,410.7,41.74,3.69,pjm.com,false,
2022-05-16 05:00:00,USA,PJM Interconnection,US-MIDA-PJM,342.47,408.31,43.02,3.74,pjm.com,false,
2022-05-16 06:00:00,USA,PJM Interconnection,US-MIDA-PJM,334.89,399.19,44.5,4.13,pjm.com,false,
2022-05-16 07:00:00,USA,PJM Interconnection,US-MIDA-PJM,334.06,398.27,44.68,4.22,pjm.com,false,
2022-05-16 08:00:00,USA,PJM Interconnection,US-MIDA-PJM,330.8,394.17,45.42,4.69,pjm.com,false,
2022-05-16 09:00:00,USA,PJM Interconnection,US-MIDA-PJM,333.02,397.34,44.61,5.1,pjm.com,false,
2022-05-16 10:00:00,USA,PJM Interconnection,US-MIDA-PJM,337.95,405.15,42.2,5.19,pjm.com,false,
2022-05-16 11:00:00,USA,PJM Interconnection,US-MIDA-PJM,334.83,402.14,42.38,6.43,pjm.com,false,
2022-05-16 12:00:00,USA,PJM Interconnection,US-MIDA-PJM,338.03,407.23,40.93,6.25,pjm.com,false,
2022-05-16 13:00:00,USA,PJM Interconnection,US-MIDA-PJM,339.3,409.19,40.38,6.33,pjm.com,false,
2022-05-16 14:00:00,USA,PJM Interconnection,US-MIDA-PJM,343.06,413.8,39.71,6.48,pjm.com,false,
2022-05-16 15:00:00,USA,PJM Interconnection,US-MIDA-PJM,335.96,405.34,41.2,8.98,pjm.com,false,
2022-05-16 16:00:00,USA,PJM Interconnection,US-MIDA-PJM,326.98,394.25,43.23,11.68,pjm.com,false,
2022-05-16 17:00:00,USA,PJM Interconnection,US-MIDA-PJM,327.6,395.36,42.88,12.0,pjm.com,false,
2022-05-16 18:00:00,USA,PJM Interconnection,US-MIDA-PJM,324.94,391.99,43.53,13.09,pjm.com,false,
2022-05-16 19:00:00,USA,PJM Interconnection,US-MIDA-PJM,326.23,392.87,43.8,13.48,pjm.com,false,
2022-05-16 20:00:00,USA,PJM Interconnection,US-MIDA-PJM,331.68,399.86,42.36,13.68,pjm.com,false,
2022-05-16 21:00:00,USA,PJM Interconnection,US-MIDA-PJM,329.15,397.04,42.74,14.17,pjm.com,false,
2022-05-16 22:00:00,USA,PJM Interconnection,US-MIDA-PJM,332.73,401.18,42.03,13.13,pjm.com,false,
2022-05-16 23:00:00,USA,PJM Interconnection,US-MIDA-PJM,338.59,407.47,41.33,11.67,pjm.com,false,
2022-05-17 00:00:00,USA,PJM Interconnection,US-MIDA-PJM,344.42,414.43,40.17,9.88,pjm.com,false,
2022-05-17 01:00:00,USA,PJM Interconnection,US-MIDA-PJM,354.58,425.93,38.51,7.54,pjm.com,false,
2022-05-17 02:00:00,USA,PJM Interconnection,US-MIDA-PJM,358.67,429.11,38.79,5.67,pjm.com,false,
2022-05-17 03:00:00,USA,PJM Interconnection,US-MIDA-PJM,356.36,424.73,40.34,4.92,pjm.com,false,
2022-05-17 04:00:00,USA,PJM Interconnection,US-MIDA-PJM,347.67,414.06,42.29,5.31,pjm.com,false,
2022-05-17 05:00:00,USA,PJM Interconnection,US-MIDA-PJM,340.65,405.98,43.45,5.62,pjm.com,false,
2022-05-17 06:00:00,USA,PJM Interconnection,US-MIDA-PJM,337.45,402.03,44.22,5.58,pjm.com,false,
2022-05-17 07:00:00,USA,PJM Interconnection,US-MIDA-PJM,332.12,394.74,45.88,6.04,pjm.com,false,
2022-05-17 08:00:00,USA,PJM Interconnection,US-MIDA-PJM,337.14,401.15,44.6,5.03,pjm.com,false,
2022-05-17 09:00:00,USA,PJM Interconnection,US-MIDA-PJM,341.82,407.43,43.18,4.63,pjm.com,false,
2022-05-17 10:00:00,USA,PJM Interconnection,US-MIDA-PJM,351.59,419.74,40.87,4.63,pjm.com,false,
2022-05-17 11:00:00,USA,PJM Interconnection,US-MIDA-PJM,347.74,415.99,41.19,6.18,pjm.com,false,
2022-05-17 12:00:00,USA,PJM Interconnection,US-MIDA-PJM,349.31,417.93,41.03,7.09,pjm.com,false,
2022-05-17 13:00:00,USA,PJM Interconnection,US-MIDA-PJM,349.0,417.43,41.25,7.39,pjm.com,false,
2022-05-17 14:00:00,USA,PJM Interconnection,US-MIDA-PJM,351.87,420.72,40.81,7.57,pjm.com,false,
2022-05-17 15:00:00,USA,PJM Interconnection,US-MIDA-PJM,352.31,421.23,40.73,8.01,pjm.com,false,
2022-05-17 16:00:00,USA,PJM Interconnection,US-MIDA-PJM,352.37,421.56,40.61,8.6,pjm.com,false,
2022-05-17 17:00:00,USA,PJM Interconnection,US-MIDA-PJM,352.76,422.66,40.12,8.72,pjm.com,false,
2022-05-17 18:00:00,USA,PJM Interconnection,US-MIDA-PJM,348.27,417.84,40.68,10.18,pjm.com,false,
2022-05-17 19:00:00,USA,PJM Interconnection,US-MIDA-PJM,346.07,415.87,40.6,10.68,pjm.com,false,
2022-05-17 20:00:00,USA,PJM Interconnection,US-MIDA-PJM,344.68,414.63,40.53,11.08,pjm.com,false,
2022-05-17 21:00:00,USA,PJM Interconnection,US-MIDA-PJM,342.14,412.14,40.6,11.67,pjm.com,false,
2022-05-17 22:00:00,USA,PJM Interconnection,US-MIDA-PJM,343.58,413.89,40.19,11.07,pjm.com,false,
2022-05-17 23:00:00,USA,PJM Interconnection,US-MIDA-PJM,349.17,419.93,39.36,9.46,pjm.com,false,
2022-05-18 00:00:00,USA,PJM Interconnection,US-MIDA-PJM,350.01,420.76,39.25,8.6,pjm.com,false,
2022-05-18 01:00:00,USA,PJM Interconnection,US-MIDA-PJM,354.92,426.83,38.01,6.76,pjm.com,false,
2022-05-18 02:00:00,USA,PJM Interconnection,US-MIDA-PJM,358.56,429.14,38.59,5.3,pjm.com,false,
2022-05-18 03:00:00,USA,PJM Interconnection,US-MIDA-PJM,355.45,423.3,40.74,5.42,pjm.com,false,
2022-05-18 04:00:00,USA,PJM Interconnection,US-MIDA-PJM,335.41,399.9,44.32,5.88,pjm.com,false,
2022-05-18 05:00:00,USA,PJM Interconnection,US-MIDA-PJM,325.97,389.86,45.25,6.11,pjm.com,false,
2022-05-18 06:00:00,USA,PJM Interconnection,US-MIDA-PJM,326.45,390.76,44.95,4.92,pjm.com,false,
2022-05-18 07:00:00,USA,PJM Interconnection,US-MIDA-PJM,325.34,388.58,45.83,5.07,pjm.com,false,
2022-05-18 08:00:00,USA,PJM Interconnection,US-MIDA-PJM,323.33,385.48,46.74,5.63,pjm.com,false,
2022-05-18 09:00:00,USA,PJM Interconnection,US-MIDA-PJM,332.86,397.43,44.41,5.52,pjm.com,false,
2022-05-18 10:00:00,USA,PJM Interconnection,US-MIDA-PJM,343.63,410.53,42.17,5.57,pjm.com,false,
2022-05-18 11:00:00,USA,PJM Interconnection,US-MIDA-PJM,347.11,414.9,41.47,6.46,pjm.com,false,
2022-05-18 12:00:00,USA,PJM Interconnection,US-MIDA-PJM,343.61,411.27,41.88,8.11,pjm.com,false,
2022-05-18 13:00:00,USA,PJM Interconnection,US-MIDA-PJM,344.74,412.21,42.01,8.05,pjm.com,false,
2022-05-18 14:00:00,USA,PJM Interconnection,US-MIDA-PJM,349.34,417.59,41.19,8.19,pjm.com,false,
2022-05-18 15:00:00,USA,PJM Interconnection,US-MIDA-PJM,350.25,419.4,40.56,8.15,pjm.com,false,
2022-05-18 16:00:00,USA,PJM Interconnection,US-MIDA-PJM,352.37,422.71,39.57,7.26,pjm.com,false,
2022-05-18 17:00:00,USA,PJM Interconnection,US-MIDA-PJM,355.29,426.25,38.98,7.21,pjm.com,false,
2022-05-18 18:00:00,USA,PJM Interconnection,US-MIDA-PJM,354.77,425.28,39.59,8.39,pjm.com,false,
2022-05-18 19:00:00,USA,PJM Interconnection,US-MIDA-PJM,354.9,426.14,38.93,7.75,pjm.com,false,
2022-05-18 20:00:00,USA,PJM Interconnection,US-MIDA-PJM,353.38,424.66,38.97,8.26,pjm.com,false,
2022-05-18 21:00:00,USA,PJM Interconnection,US-MIDA-PJM,351.39,422.93,38.86,8.33,pjm.com,false,
2022-05-18 22:00:00,USA,PJM Interconnection,US-MIDA-PJM,353.22,425.39,38.2,7.55,pjm.com,false,
2022-05-18 23:00:00,USA,PJM Interconnection,US-MIDA-PJM,355.53,427.98,37.77,6.6,pjm.com,false,
2022-05-19 00:00:00,USA,PJM Interconnection,US-MIDA-PJM,357.12,429.82,37.47,5.91,pjm.com,false,
2022-05-19 01:00:00,USA,PJM Interconnection,US-MIDA-PJM,356.74,429.19,37.61,5.29,pjm.com,false,
2022-05-19 02:00:00,USA,PJM Interconnection,US-MIDA-PJM,358.77,430.79,37.75,3.6,pjm.com,false,
2022-05-19 03:00:00,USA,PJM Interconnection,US-MIDA-PJM,357.38,427.28,39.17,3.0,pjm.com,false,
2022-05-19 04:00:00,USA,PJM Interconnection,US-MIDA-PJM,352.14,420.0,40.92,2.68,pjm.com,false,
2022-05-19 05:00:00,USA,PJM Interconnection,US-MIDA-PJM,337.72,403.2,43.44,3.17,pjm.com,false,
2022-05-19 06:00:00,USA,PJM Interconnection,US-MIDA-PJM,334.13,398.85,44.21,3.46,pjm.com,false,
2022-05-19 07:00:00,USA,PJM Interconnection,US-MIDA-PJM,333.38,396.87,45.19,3.89,pjm.com,false,
2022-05-19 08:00:00,USA,PJM Interconnection,US-MIDA-PJM,335.79,398.41,45.78,4.84,pjm.com,false,
2022-05-19 09:00:00,USA,PJM Interconnection,US-MIDA-PJM,342.64,406.48,44.54,5.14,pjm.com,false,
2022-05-19 10:00:00,USA,PJM Interconnection,US-MIDA-PJM,348.48,414.11,42.91,5.03,pjm.com,false,
2022-05-19 11:00:00,USA,PJM Interconnection,US-MIDA-PJM,353.64,420.87,41.53,5.5,pjm.com,false,
2022-05-19 12:00:00,USA,PJM Interconnection,US-MIDA-PJM,352.91,420.6,41.38,6.39,pjm.com,false,
2022-05-19 13:00:00,USA,PJM Interconnection,US-MIDA-PJM,354.12,422.68,40.82,6.86,pjm.com,false,
2022-05-19 14:00:00,USA,PJM Interconnection,US-MIDA-PJM,357.97,427.42,40.02,6.89,pjm.com,false,
2022-05-19 15:00:00,USA,PJM Interconnection,US-MIDA-PJM,360.14,430.18,39.48,7.21,pjm.com,false,
2022-05-19 16:00:00,USA,PJM Interconnection,US-MIDA-PJM,355.29,424.49,40.35,8.47,pjm.com,false,
2022-05-19 17:00:00,USA,PJM Interconnection,US-MIDA-PJM,345.17,413.26,41.73,10.5,pjm.com,false,
2022-05-19 18:00:00,USA,PJM Interconnection,US-MIDA-PJM,341.71,409.27,42.3,11.69,pjm.com,false,
2022-05-19 19:00:00,USA,PJM Interconnection,US-MIDA-PJM,335.69,402.66,43.31,13.15,pjm.com,false,
2022-05-19 20:00:00,USA,PJM Interconnection,US-MIDA-PJM,335.23,402.78,42.94,13.39,pjm.com,false,
2022-05-19 21:00:00,USA,PJM Interconnection,US-MIDA-PJM,341.59,410.51,41.42,12.2,pjm.com,false,
2022-05-19 22:00:00,USA,PJM Interconnection,US-MIDA-PJM,344.82,414.39,40.68,11.42,pjm.com,false,
2022-05-19 23:00:00,USA,PJM Interconnection,US-MIDA-PJM,347.34,417.38,39.99,10.16,pjm.com,false,
2022-05-20 00:00:00,USA,PJM Interconnection,US-MIDA-PJM,349.64,419.87,39.66,9.4,pjm.com,false,
2022-05-20 01:00:00,USA,PJM Interconnection,US-MIDA-PJM,357.16,428.19,38.56,7.81,pjm.com,false,
2022-05-20 02:00:00,USA,PJM Interconnection,US-MIDA-PJM,352.44,421.19,40.32,7.65,pjm.com,false,
2022-05-20 03:00:00,USA,PJM Interconnection,US-MIDA-PJM,349.75,415.77,42.79,7.81,pjm.com,false,
2022-05-20 04:00:00,USA,PJM Interconnection,US-MIDA-PJM,347.81,412.77,43.41,6.4,pjm.com,false,
2022-05-20 05:00:00,USA,PJM Interconnection,US-MIDA-PJM,336.0,398.11,46.04,6.44,pjm.com,false,
2022-05-20 06:00:00,USA,PJM Interconnection,US-MIDA-PJM,332.44,392.48,47.89,7.07,pjm.com,false,
2022-05-20 07:00:00,USA,PJM Interconnection,US-MIDA-PJM,324.3,382.38,49.62,6.84,pjm.com,false,
2022-05-20 08:00:00,USA,PJM Interconnection,US-MIDA-PJM,325.02,383.54,49.28,7.0,pjm.com,false,
2022-05-20 09:00:00,USA,PJM Interconnection,US-MIDA-PJM,319.3,377.68,49.63,8.64,pjm.com,false,
2022-05-20 10:00:00,USA,PJM Interconnection,US-MIDA-PJM,329.81,391.02,47.03,8.34,pjm.com,false,
2022-05-20 11:00:00,USA,PJM Interconnection,US-MIDA-PJM,332.46,394.97,45.99,9.04,pjm.com,false,
2022-05-20 12:00:00,USA,PJM Interconnection,US-MIDA-PJM,328.84,391.28,46.31,10.24,pjm.com,false,
2022-05-20 13:00:00,USA,PJM Interconnection,US-MIDA-PJM,328.25,391.94,45.55,11.04,pjm.com,false,
2022-05-20 14:00:00,USA,PJM Interconnection,US-MIDA-PJM,331.35,396.45,44.38,11.23,pjm.com,false,
2022-05-20 15:00:00,USA,PJM Interconnection,US-MIDA-PJM,333.94,400.47,43.22,11.45,pjm.com,false,
2022-05-20 16:00:00,USA,PJM Interconnection,US-MIDA-PJM,337.39,404.84,42.64,11.95,pjm.com,false,
2022-05-20 17:00:00,USA,PJM Interconnection,US-MIDA-PJM,338.39,406.38,42.34,12.75,pjm.com,false,
2022-05-20 18:00:00,USA,PJM Interconnection,US-MIDA-PJM,330.63,397.6,43.63,14.68,pjm.com,false,
2022-05-20 19:00:00,USA,PJM Interconnection,US-MIDA-PJM,334.48,402.77,42.44,13.87,pjm.com,false,
2022-05-20 20:00:00,USA,PJM Interconnection,US-MIDA-PJM,338.22,406.69,42.13,13.9,pjm.com,false,
2022-05-20 21:00:00,USA,PJM Interconnection,US-MIDA-PJM,344.09,413.26,41.28,13.26,pjm.com,false,
2022-05-20 22:00:00,USA,PJM Interconnection,US-MIDA-PJM,348.52,418.09,40.65,12.26,pjm.com,false,
2022-05-20 23:00:00,USA,PJM Interconnection,US-MIDA-PJM,356.94,427.42,39.47,10.37,pjm.com,false,
2022-05-21 00:00:00,USA,PJM Interconnection,US-MIDA-PJM,365.41,436.82,38.15,8.31,pjm.com,false,
2022-05-21 01:00:00,USA,PJM Interconnection,US-MIDA-PJM,362.75,433.69,38.56,7.95,pjm.com,false,
2022-05-21 02:00:00,USA,PJM Interconnection,US-MIDA-PJM,365.17,435.37,38.84,6.62,pjm.com,false,
2022-05-21 03:00:00,USA,PJM Interconnection,US-MIDA-PJM,362.27,429.82,40.65,6.5,pjm.com,false,
2022-05-21 04:00:00,USA,PJM Interconnection,US-MIDA-PJM,356.44,421.54,42.82,7.08,pjm.com,false,
2022-05-21 05:00:00,USA,PJM Interconnection,US-MIDA-PJM,346.18,408.44,45.53,7.92,pjm.com,false,
2022-05-21 06:00:00,USA,PJM Interconnection,US-MIDA-PJM,343.19,405.19,46.09,6.94,pjm.com,false,
2022-05-21 07:00:00,USA,PJM Interconnection,US-MIDA-PJM,342.09,404.07,46.25,6.18,pjm.com,false,
2022-05-21 08:00:00,USA,PJM Interconnection,US-MIDA-PJM,338.45,400.1,46.73,6.02,pjm.com,false,
2022-05-21 09:00:00,USA,PJM Interconnection,US-MIDA-PJM,334.75,395.45,47.68,6.22,pjm.com,false,
2022-05-21 10:00:00,USA,PJM Interconnection,US-MIDA-PJM,334.65,394.85,48.08,7.26,pjm.com,false,
2022-05-21 11:00:00,USA,PJM Interconnection,US-MIDA-PJM,337.56,399.56,46.75,7.11,pjm.com,false,
2022-05-21 12:00:00,USA,PJM Interconnection,US-MIDA-PJM,341.29,405.87,44.74,7.5,pjm.com,false,
2022-05-21 13:00:00,USA,PJM Interconnection,US-MIDA-PJM,343.41,408.72,44.05,7.81,pjm.com,false,
2022-05-21 14:00:00,USA,PJM Interconnection,US-MIDA-PJM,347.01,414.37,42.35,8.47,pjm.com,false,
2022-05-21 15:00:00,USA,PJM Interconnection,US-MIDA-PJM,349.06,418.1,41.13,8.91,pjm.com,false,
2022-05-21 16:00:00,USA,PJM Interconnection,US-MIDA-PJM,357.17,429.01,38.8,8.09,pjm.com,false,
2022-05-21 17:00:00,USA,PJM Interconnection,US-MIDA-PJM,353.42,425.4,39.21,9.32,pjm.com,false,
2022-05-21 18:00:00,USA,PJM Interconnection,US-MIDA-PJM,356.32,428.69,38.72,9.65,pjm.com,false,
2022-05-21 19:00:00,USA,PJM Interconnection,US-MIDA-PJM,357.41,429.95,38.56,9.82,pjm.com,false,
2022-05-21 20:00:00,USA,PJM Interconnection,US-MIDA-PJM,353.9,426.1,38.89,10.34,pjm.com,false,
2022-05-21 21:00:00,USA,PJM Interconnection,US-MIDA-PJM,367.09,441.29,36.65,8.15,pjm.com,false,
2022-05-21 22:00:00,USA,PJM Interconnection,US-MIDA-PJM,375.9,451.25,35.33,6.46,pjm.com,false,
2022-05-21 23:00:00,USA,PJM Interconnection,US-MIDA-PJM,372.85,447.45,35.93,5.92,pjm.com,false,
2022-05-22 00:00:00,USA,PJM Interconnection,US-MIDA-PJM,369.72,443.34,36.87,5.79,pjm.com,false,
2022-05-22 01:00:00,USA,PJM Interconnection,US-MIDA-PJM,378.33,453.32,35.15,2.91,pjm.com,false,
2022-05-22 02:00:00,USA,PJM Interconnection,US-MIDA-PJM,377.32,450.15,36.44,2.7,pjm.com,false,
2022-05-22 03:00:00,USA,PJM Interconnection,US-MIDA-PJM,374.18,445.33,37.8,2.69,pjm.com,false,
2022-05-22 04:00:00,USA,PJM Interconnection,US-MIDA-PJM,367.04,435.9,39.92,2.81,pjm.com,false,
2022-05-22 05:00:00,USA,PJM Interconnection,US-MIDA-PJM,356.82,423.81,41.85,3.0,pjm.com,false,
2022-05-22 06:00:00,USA,PJM Interconnection,US-MIDA-PJM,348.07,412.47,44.22,3.9,pjm.com,false,
2022-05-22 07:00:00,USA,PJM Interconnection,US-MIDA-PJM,341.38,404.33,45.64,4.81,pjm.com,false,
2022-05-22 08:00:00,USA,PJM Interconnection,US-MIDA-PJM,339.47,400.93,46.87,5.13,pjm.com,false,
2022-05-22 09:00:00,USA,PJM Interconnection,US-MIDA-PJM,338.05,398.96,47.37,5.59,pjm.com,false,
2022-05-22 10:00:00,USA,PJM Interconnection,US-MIDA-PJM,340.12,400.1,47.94,5.56,pjm.com,false,
2022-05-22 11:00:00,USA,PJM Interconnection,US-MIDA-PJM,337.12,397.77,47.68,6.21,pjm.com,false,
2022-05-22 12:00:00,USA,PJM Interconnection,US-MIDA-PJM,344.31,407.66,45.37,6.19,pjm.com,false,
2022-05-22 13:00:00,USA,PJM Interconnection,US-MIDA-PJM,347.36,412.77,43.74,6.25,pjm.com,false,
2022-05-22 14:00:00,USA,PJM Interconnection,US-MIDA-PJM,347.49,413.66,43.2,7.28,pjm.com,false,
2022-05-22 15:00:00,USA,PJM Interconnection,US-MIDA-PJM,343.41,409.32,43.7,8.8,pjm.com,false,
2022-05-22 16:00:00,USA,PJM Interconnection,US-MIDA-PJM,337.6,403.1,44.53,10.83,pjm.com,false,
2022-05-22 17:00:00,USA,PJM Interconnection,US-MIDA-PJM,341.93,408.78,43.34,10.98,pjm.com,false,
2022-05-22 18:00:00,USA,PJM Interconnection,US-MIDA-PJM,342.12,409.08,43.3,11.49,pjm.com,false,
2022-05-22 19:00:00,USA,PJM Interconnection,US-MIDA-PJM,348.25,416.48,41.96,10.73,pjm.com,false,
2022-05-22 20:00:00,USA,PJM Interconnection,US-MIDA-PJM,352.26,421.3,41.11,10.27,pjm.com,false,
2022-05-22 21:00:00,USA,PJM Interconnection,US-MIDA-PJM,355.2,424.77,40.55,9.74,pjm.com,false,
2022-05-22 22:00:00,USA,PJM Interconnection,US-MIDA-PJM,360.1,430.2,39.81,8.38,pjm.com,false,
2022-05-22 23:00:00,USA,PJM Interconnection,US-MIDA-PJM,365.83,436.47,39.03,6.59,pjm.com,false,
2022-05-23 00:00:00,USA,PJM Interconnection,US-MIDA-PJM,366.33,436.75,39.03,5.72,pjm.com,false,
2022-05-23 01:00:00,USA,PJM Interconnection,US-MIDA-PJM,373.43,444.85,37.79,4.07,pjm.com,false,
2022-05-23 02:00:00,USA,PJM Interconnection,US-MIDA-PJM,370.21,439.98,38.77,3.0,pjm.com,false,
2022-05-23 03:00:00,USA,PJM Interconnection,US-MIDA-PJM,365.06,432.43,40.63,2.94,pjm.com,false,
2022-05-23 04:00:00,USA,PJM Interconnection,US-MIDA-PJM,359.45,425.05,42.25,2.71,pjm.com,false,
2022-05-23 05:00:00,USA,PJM Interconnection,US-MIDA-PJM,347.33,412.09,43.5,2.72,pjm.com,false,
2022-05-23 06:00:00,USA,PJM Interconnection,US-MIDA-PJM,344.28,407.34,44.93,2.86,pjm.com,false,
2022-05-23 07:00:00,USA,PJM Interconnection,US-MIDA-PJM,339.16,401.05,46.05,2.9,pjm.com,false,
2022-05-23 08:00:00,USA,PJM Interconnection,US-MIDA-PJM,337.02,398.18,46.72,3.2,pjm.com,false,
2022-05-23 09:00:00,USA,PJM Interconnection,US-MIDA-PJM,342.5,405.36,45.19,3.22,pjm.com,false,
2022-05-23 10:00:00,USA,PJM Interconnection,US-MIDA-PJM,345.6,410.57,43.46,3.7,pjm.com,false,
2022-05-23 11:00:00,USA,PJM Interconnection,US-MIDA-PJM,345.97,411.66,42.97,4.47,pjm.com,false,
2022-05-23 12:00:00,USA,PJM Interconnection,US-MIDA-PJM,344.79,411.17,42.64,5.45,pjm.com,false,
2022-05-23 13:00:00,USA,PJM Interconnection,US-MIDA-PJM,343.31,408.51,43.62,6.47,pjm.com,false,
2022-05-23 14:00:00,USA,PJM Interconnection,US-MIDA-PJM,345.47,411.03,43.27,6.86,pjm.com,false,
2022-05-23 15:00:00,USA,PJM Interconnection,US-MIDA-PJM,346.94,412.09,43.59,7.34,pjm.com,false,
2022-05-23 16:00:00,USA,PJM Interconnection,US-MIDA-PJM,343.05,407.66,44.34,8.44,pjm.com,false,
2022-05-23 17:00:00,USA,PJM Interconnection,US-MIDA-PJM,343.41,408.85,43.68,8.38,pjm.com,false,
2022-05-23 18:00:00,USA,PJM Interconnection,US-MIDA-PJM,342.95,408.63,43.53,8.52,pjm.com,false,
2022-05-23 19:00:00,USA,PJM Interconnection,US-MIDA-PJM,347.5,413.94,42.71,7.99,pjm.com,false,
2022-05-23 20:00:00,USA,PJM Interconnection,US-MIDA-PJM,348.0,415.03,42.23,7.87,pjm.com,false,
2022-05-23 21:00:00,USA,PJM Interconnection,US-MIDA-PJM,356.4,425.24,40.37,7.33,pjm.com,false,
2022-05-23 22:00:00,USA,PJM Interconnection,US-MIDA-PJM,365.88,435.88,38.8,5.1,pjm.com,false,
2022-05-23 23:00:00,USA,PJM Interconnection,US-MIDA-PJM,363.29,432.24,39.73,5.74,pjm.com,false,
2022-05-24 00:00:00,USA,PJM Interconnection,US-MIDA-PJM,353.53,421.3,41.13,7.25,pjm.com,false,
2022-05-24 01:00:00,USA,PJM Interconnection,US-MIDA-PJM,350.74,417.59,41.86,7.2,pjm.com,false,
2022-05-24 02:00:00,USA,PJM Interconnection,US-MIDA-PJM,350.93,416.96,42.41,6.22,pjm.com,false,
2022-05-24 03:00:00,USA,PJM Interconnection,US-MIDA-PJM,345.24,408.01,45.09,6.76,pjm.com,false,
2022-05-24 04:00:00,USA,PJM Interconnection,US-MIDA-PJM,340.99,401.94,46.69,6.3,pjm.com,false,
2022-05-24 05:00:00,USA,PJM Interconnection,US-MIDA-PJM,341.21,402.47,46.45,5.67,pjm.com,false,
2022-05-24 06:00:00,USA,PJM Interconnection,US-MIDA-PJM,347.88,410.18,45.38,4.27,pjm.com,false,
2022-05-24 07:00:00,USA,PJM Interconnection,US-MIDA-PJM,345.49,406.48,46.42,4.02,pjm.com,false,
2022-05-24 08:00:00,USA,PJM Interconnection,US-MIDA-PJM,343.81,405.45,45.95,4.17,pjm.com,false,
2022-05-24 09:00:00,USA,PJM Interconnection,US-MIDA-PJM,346.04,408.46,45.26,4.84,pjm.com,false,
2022-05-24 10:00:00,USA,PJM Interconnection,US-MIDA-PJM,351.47,415.63,43.69,5.08,pjm.com,false,
2022-05-24 11:00:00,USA,PJM Interconnection,US-MIDA-PJM,353.53,420.1,41.85,4.84,pjm.com,false,
2022-05-24 12:00:00,USA,PJM Interconnection,US-MIDA-PJM,355.76,423.86,40.75,5.17,pjm.com,false,
2022-05-24 13:00:00,USA,PJM Interconnection,US-MIDA-PJM,356.08,423.97,40.94,5.64,pjm.com,false,
2022-05-24 14:00:00,USA,PJM Interconnection,US-MIDA-PJM,357.41,425.56,40.77,5.97,pjm.com,false,
2022-05-24 15:00:00,USA,PJM Interconnection,US-MIDA-PJM,350.66,417.52,42.12,7.43,pjm.com,false,
2022-05-24 16:00:00,USA,PJM Interconnection,US-MIDA-PJM,351.9,419.53,41.46,7.13,pjm.com,false,
2022-05-24 17:00:00,USA,PJM Interconnection,US-MIDA-PJM,347.56,414.63,42.1,8.15,pjm.com,false,
2022-05-24 18:00:00,USA,PJM Interconnection,US-MIDA-PJM,350.76,418.77,41.17,7.61,pjm.com,false,
2022-05-24 19:00:00,USA,PJM Interconnection,US-MIDA-PJM,351.41,419.38,41.1,7.41,pjm.com,false,
2022-05-24 20:00:00,USA,PJM Interconnection,US-MIDA-PJM,348.22,415.67,41.65,7.89,pjm.com,false,
2022-05-24 21:00:00,USA,PJM Interconnection,US-MIDA-PJM,354.22,422.19,40.9,7.68,pjm.com,false,
2022-05-24 22:00:00,USA,PJM Interconnection,US-MIDA-PJM,350.81,418.64,41.18,7.81,pjm.com,false,
2022-05-24 23:00:00,USA,PJM Interconnection,US-MIDA-PJM,347.05,413.96,42.0,8.18,pjm.com,false,
2022-05-25 00:00:00,USA,PJM Interconnection,US-MIDA-PJM,341.65,407.46,43.19,9.35,pjm.com,false,
2022-05-25 01:00:00,USA,PJM Interconnection,US-MIDA-PJM,342.9,409.44,42.48,8.64,pjm.com,false,
2022-05-25 02:00:00,USA,PJM Interconnection,US-MIDA-PJM,339.09,403.53,44.13,8.25,pjm.com,false,
2022-05-25 03:00:00,USA,PJM Interconnection,US-MIDA-PJM,334.88,396.77,46.15,8.07,pjm.com,false,
2022-05-25 04:00:00,USA,PJM Interconnection,US-MIDA-PJM,324.1,383.21,48.78,8.52,pjm.com,false,
2022-05-25 05:00:00,USA,PJM Interconnection,US-MIDA-PJM,321.05,379.62,49.34,7.72,pjm.com,false,
2022-05-25 06:00:00,USA,PJM Interconnection,US-MIDA-PJM,318.91,376.59,50.11,7.85,pjm.com,false,
2022-05-25 07:00:00,USA,PJM Interconnection,US-MIDA-PJM,317.57,374.87,50.47,7.99,pjm.com,false,
2022-05-25 08:00:00,USA,PJM Interconnection,US-MIDA-PJM,319.96,378.33,49.56,7.63,pjm.com,false,
2022-05-25 09:00:00,USA,PJM Interconnection,US-MIDA-PJM,323.17,382.93,48.38,7.58,pjm.com,false,
2022-05-25 10:00:00,USA,PJM Interconnection,US-MIDA-PJM,326.92,389.75,45.92,7.27,pjm.com,false,
2022-05-25 11:00:00,USA,PJM Interconnection,US-MIDA-PJM,330.95,394.71,45.05,7.48,pjm.com,false,
2022-05-25 12:00:00,USA,PJM Interconnection,US-MIDA-PJM,330.27,394.79,44.57,7.67,pjm.com,false,
2022-05-25 13:00:00,USA,PJM Interconnection,US-MIDA-PJM,331.4,396.45,44.18,7.68,pjm.com,false,
2022-05-25 14:00:00,USA,PJM Interconnection,US-MIDA-PJM,333.88,399.64,43.59,7.51,pjm.com,false,
2022-05-25 15:00:00,USA,PJM Interconnection,US-MIDA-PJM,333.03,399.28,43.28,8.05,pjm.com,false,
2022-05-25 16:00:00,USA,PJM Interconnection,US-MIDA-PJM,329.0,394.86,43.9,9.02,pjm.com,false,
2022-05-25 17:00:00,USA,PJM Interconnection,US-MIDA-PJM,329.5,395.55,43.68,9.7,pjm.com,false,
2022-05-25 18:00:00,USA,PJM Interconnection,US-MIDA-PJM,325.21,390.53,44.49,11.26,pjm.com,false,
2022-05-25 19:00:00,USA,PJM Interconnection,US-MIDA-PJM,323.4,388.66,44.66,11.8,pjm.com,false,
2022-05-25 20:00:00,USA,PJM Interconnection,US-MIDA-PJM,324.15,390.09,44.19,12.01,pjm.com,false,
2022-05-25 21:00:00,USA,PJM Interconnection,US-MIDA-PJM,325.03,391.17,43.96,12.32,pjm.com,false,
2022-05-25 22:00:00,USA,PJM Interconnection,US-MIDA-PJM,326.32,392.11,44.11,12.06,pjm.com,false,
2022-05-25 23:00:00,USA,PJM Interconnection,US-MIDA-PJM,329.66,395.95,43.52,11.07,pjm.com,false,
2022-05-26 00:00:00,USA,PJM Interconnection,US-MIDA-PJM,331.16,397.54,43.34,10.49,pjm.com,false,
2022-05-26 01:00:00,USA,PJM Interconnection,US-MIDA-PJM,336.91,403.94,42.43,9.4,pjm.com,false,
2022-05-26 02:00:00,USA,PJM Interconnection,US-MIDA-PJM,333.2,397.7,44.35,9.13,pjm.com,false,
2022-05-26 03:00:00,USA,PJM Interconnection,US-MIDA-PJM,331.23,393.7,45.93,8.79,pjm.com,false,
2022-05-26 04:00:00,USA,PJM Interconnection,US-MIDA-PJM,324.38,384.67,47.89,8.64,pjm.com,false,
2022-05-26 05:00:00,USA,PJM Interconnection,US-MIDA-PJM,321.2,380.92,48.48,8.71,pjm.com,false,
2022-05-26 06:00:00,USA,PJM Interconnection,US-MIDA-PJM,317.18,375.4,49.78,8.75,pjm.com,false,
2022-05-26 07:00:00,USA,PJM Interconnection,US-MIDA-PJM,315.4,372.5,50.73,9.29,pjm.com,false,
2022-05-26 08:00:00,USA,PJM Interconnection,US-MIDA-PJM,316.94,374.42,50.36,8.96,pjm.com,false,
2022-05-26 09:00:00,USA,PJM Interconnection,US-MIDA-PJM,323.48,383.43,48.21,7.9,pjm.com,false,
2022-05-26 10:00:00,USA,PJM Interconnection,US-MIDA-PJM,329.12,391.5,46.12,7.59,pjm.com,false,
2022-05-26 11:00:00,USA,PJM Interconnection,US-MIDA-PJM,335.15,399.39,44.46,7.3,pjm.com,false,
2022-05-26 12:00:00,USA,PJM Interconnection,US-MIDA-PJM,340.57,407.06,42.56,6.81,pjm.com,false,
2022-05-26 13:00:00,USA,PJM Interconnection,US-MIDA-PJM,347.83,415.94,41.03,6.28,pjm.com,false,
2022-05-26 14:00:00,USA,PJM Interconnection,US-MIDA-PJM,341.74,408.92,42.08,7.6,pjm.com,false,
2022-05-26 15:00:00,USA,PJM Interconnection,US-MIDA-PJM,343.72,411.75,41.47,7.73,pjm.com,false,
2022-05-26 16:00:00,USA,PJM Interconnection,US-MIDA-PJM,343.57,411.79,41.45,8.23,pjm.com,false,
2022-05-26 17:00:00,USA,PJM Interconnection,US-MIDA-PJM,334.47,401.36,42.92,10.38,pjm.com,false,
2022-05-26 18:00:00,USA,PJM Interconnection,US-MIDA-PJM,338.53,406.54,42.07,10.02,pjm.com,false,
2022-05-26 19:00:00,USA,PJM Interconnection,US-MIDA-PJM,330.26,396.79,43.63,11.36,pjm.com,false,
2022-05-26 20:00:00,USA,PJM Interconnection,US-MIDA-PJM,332.83,400.19,42.77,10.99,pjm.com,false,
2022-05-26 21:00:00,USA,PJM Interconnection,US-MIDA-PJM,336.97,404.85,42.18,10.45,pjm.com,false,
2022-05-26 22:00:00,USA,PJM Interconnection,US-MIDA-PJM,340.24,408.73,41.51,9.45,pjm.com,false,
2022-05-26 23:00:00,USA,PJM Interconnection,US-MIDA-PJM,346.5,416.1,40.31,7.9,pjm.com,false,
2022-05-27 00:00:00,USA,PJM Interconnection,US-MIDA-PJM,347.07,416.31,40.56,7.74,pjm.com,false,
2022-05-27 01:00:00,USA,PJM Interconnection,US-MIDA-PJM,351.57,421.71,39.59,6.4,pjm.com,false,
2022-05-27 02:00:00,USA,PJM Interconnection,US-MIDA-PJM,352.26,421.63,39.89,4.91,pjm.com,false,
2022-05-27 03:00:00,USA,PJM Interconnection,US-MIDA-PJM,351.61,419.13,41.24,3.68,pjm.com,false,
2022-05-27 04:00:00,USA,PJM Interconnection,US-MIDA-PJM,346.47,412.89,42.35,3.33,pjm.com,false,
2022-05-27 05:00:00,USA,PJM Interconnection,US-MIDA-PJM,336.91,402.09,43.81,4.09,pjm.com,false,
2022-05-27 06:00:00,USA,PJM Interconnection,US-MIDA-PJM,331.96,395.87,45.03,4.4,pjm.com,false,
2022-05-27 07:00:00,USA,PJM Interconnection,US-MIDA-PJM,334.11,398.5,44.57,3.77,pjm.com,false,
2022-05-27 08:00:00,USA,PJM Interconnection,US-MIDA-PJM,331.01,395.62,44.6,3.64,pjm.com,false,
2022-05-27 09:00:00,USA,PJM Interconnection,US-MIDA-PJM,335.65,401.53,43.43,3.31,pjm.com,false,
2022-05-27 10:00:00,USA,PJM Interconnection,US-MIDA-PJM,339.19,406.79,41.98,3.65,pjm.com,false,
2022-05-27 11:00:00,USA,PJM Interconnection,US-MIDA-PJM,343.47,412.45,40.77,3.85,pjm.com,false,
2022-05-27 12:00:00,USA,PJM Interconnection,US-MIDA-PJM,343.57,413.42,40.14,4.4,pjm.com,false,
2022-05-27 13:00:00,USA,PJM Interconnection,US-MIDA-PJM,342.57,412.19,40.44,5.32,pjm.com,false,
2022-05-27 14:00:00,USA,PJM Interconnection,US-MIDA-PJM,334.09,402.69,41.84,7.67,pjm.com,false,
2022-05-27 15:00:00,USA,PJM Interconnection,US-MIDA-PJM,334.36,404.31,40.85,7.73,pjm.com,false,
2022-05-27 16:00:00,USA,PJM Interconnection,US-MIDA-PJM,333.47,403.44,41.01,8.2,pjm.com,false,
2022-05-27 17:00:00,USA,PJM Interconnection,US-MIDA-PJM,332.61,402.55,41.18,8.7,pjm.com,false,
2022-05-27 18:00:00,USA,PJM Interconnection,US-MIDA-PJM,332.16,402.01,41.33,8.96,pjm.com,false,
2022-05-27 19:00:00,USA,PJM Interconnection,US-MIDA-PJM,328.44,397.11,42.3,9.74,pjm.com,false,
2022-05-27 20:00:00,USA,PJM Interconnection,US-MIDA-PJM,331.26,400.53,41.58,9.08,pjm.com,false,
2022-05-27 21:00:00,USA,PJM Interconnection,US-MIDA-PJM,330.7,399.93,41.6,8.7,pjm.com,false,
2022-05-27 22:00:00,USA,PJM Interconnection,US-MIDA-PJM,334.0,403.42,41.19,7.91,pjm.com,false,
2022-05-27 23:00:00,USA,PJM Interconnection,US-MIDA-PJM,341.42,412.04,39.77,5.79,pjm.com,false,
2022-05-28 00:00:00,USA,PJM Interconnection,US-MIDA-PJM,345.86,417.04,39.08,4.5,pjm.com,false,
2022-05-28 01:00:00,USA,PJM Interconnection,US-MIDA-PJM,350.68,422.13,38.6,3.78,pjm.com,false,
2022-05-28 02:00:00,USA,PJM Interconnection,US-MIDA-PJM,347.01,416.62,40.08,3.53,pjm.com,false,
2022-05-28 03:00:00,USA,PJM Interconnection,US-MIDA-PJM,344.89,413.07,41.27,3.6,pjm.com,false,
2022-05-28 04:00:00,USA,PJM Interconnection,US-MIDA-PJM,336.16,399.52,45.33,3.8,pjm.com,false,
2022-05-28 05:00:00,USA,PJM Interconnection,US-MIDA-PJM,325.36,386.75,47.36,4.1,pjm.com,false,
2022-05-28 06:00:00,USA,PJM Interconnection,US-MIDA-PJM,321.28,379.52,49.94,4.61,pjm.com,false,
2022-05-28 07:00:00,USA,PJM Interconnection,US-MIDA-PJM,321.53,380.15,49.62,4.13,pjm.com,false,
2022-05-28 08:00:00,USA,PJM Interconnection,US-MIDA-PJM,320.67,378.78,50.04,3.97,pjm.com,false,
2022-05-28 09:00:00,USA,PJM Interconnection,US-MIDA-PJM,321.27,379.95,49.6,3.88,pjm.com,false,
2022-05-28 10:00:00,USA,PJM Interconnection,US-MIDA-PJM,320.0,378.76,49.62,4.07,pjm.com,false,
2022-05-28 11:00:00,USA,PJM Interconnection,US-MIDA-PJM,315.91,374.49,50.11,5.59,pjm.com,false,
2022-05-28 12:00:00,USA,PJM Interconnection,US-MIDA-PJM,311.63,369.65,50.95,7.29,pjm.com,false,
2022-05-28 13:00:00,USA,PJM Interconnection,US-MIDA-PJM,315.58,375.84,49.12,7.49,pjm.com,false,
2022-05-28 14:00:00,USA,PJM Interconnection,US-MIDA-PJM,314.29,375.37,48.59,7.99,pjm.com,false,
2022-05-28 15:00:00,USA,PJM Interconnection,US-MIDA-PJM,317.15,380.02,47.09,7.65,pjm.com,false,
2022-05-28 16:00:00,USA,PJM Interconnection,US-MIDA-PJM,321.01,385.35,45.78,7.49,pjm.com,false,
2022-05-28 17:00:00,USA,PJM Interconnection,US-MIDA-PJM,315.27,378.74,46.76,8.65,pjm.com,false,
2022-05-28 18:00:00,USA,PJM Interconnection,US-MIDA-PJM,315.48,379.58,46.26,8.82,pjm.com,false,
2022-05-28 19:00:00,USA,PJM Interconnection,US-MIDA-PJM,315.62,380.16,45.96,8.87,pjm.com,false,
2022-05-28 20:00:00,USA,PJM Interconnection,US-MIDA-PJM,312.41,376.69,46.43,10.18,pjm.com,false,
2022-05-28 21:00:00,USA,PJM Interconnection,US-MIDA-PJM,307.79,372.62,46.26,10.78,pjm.com,false,
2022-05-28 22:00:00,USA,PJM Interconnection,US-MIDA-PJM,311.3,377.29,45.11,10.14,pjm.com,false,
2022-05-28 23:00:00,USA,PJM Interconnection,US-MIDA-PJM,315.99,383.04,43.9,8.72,pjm.com,false,
2022-05-29 00:00:00,USA,PJM Interconnection,US-MIDA-PJM,321.39,388.94,43.07,7.03,pjm.com,false,
2022-05-29 01:00:00,USA,PJM Interconnection,US-MIDA-PJM,322.67,389.77,43.27,6.68,pjm.com,false,
2022-05-29 02:00:00,USA,PJM Interconnection,US-MIDA-PJM,319.4,383.4,45.67,7.28,pjm.com,false,
2022-05-29 03:00:00,USA,PJM Interconnection,US-MIDA-PJM,313.04,374.14,48.14,7.67,pjm.com,false,
2022-05-29 04:00:00,USA,PJM Interconnection,US-MIDA-PJM,303.62,361.71,50.88,7.81,pjm.com,false,
2022-05-29 05:00:00,USA,PJM Interconnection,US-MIDA-PJM,297.86,354.12,52.54,8.17,pjm.com,false,
2022-05-29 06:00:00,USA,PJM Interconnection,US-MIDA-PJM,294.1,349.14,53.65,7.51,pjm.com,false,
2022-05-29 07:00:00,USA,PJM Interconnection,US-MIDA-PJM,295.05,349.04,54.39,7.33,pjm.com,false,
2022-05-29 08:00:00,USA,PJM Interconnection,US-MIDA-PJM,292.81,346.6,54.66,7.01,pjm.com,false,
2022-05-29 09:00:00,USA,PJM Interconnection,US-MIDA-PJM,289.58,343.42,54.79,7.59,pjm.com,false,
2022-05-29 10:00:00,USA,PJM Interconnection,US-MIDA-PJM,289.42,343.52,54.64,7.52,pjm.com,false,
2022-05-29 11:00:00,USA,PJM Interconnection,US-MIDA-PJM,283.29,337.19,55.33,9.36,pjm.com,false,
2022-05-29 12:00:00,USA,PJM Interconnection,US-MIDA-PJM,275.42,328.59,56.42,11.71,pjm.com,false,
2022-05-29 13:00:00,USA,PJM Interconnection,US-MIDA-PJM,282.19,338.33,53.89,11.93,pjm.com,false,
2022-05-29 14:00:00,USA,PJM Interconnection,US-MIDA-PJM,290.16,347.59,52.53,12.6,pjm.com,false,
2022-05-29 15:00:00,USA,PJM Interconnection,US-MIDA-PJM,298.77,359.0,49.95,12.38,pjm.com,false,
2022-05-29 16:00:00,USA,PJM Interconnection,US-MIDA-PJM,304.02,365.95,48.42,12.29,pjm.com,false,
2022-05-29 17:00:00,USA,PJM Interconnection,US-MIDA-PJM,310.59,374.63,46.5,11.61,pjm.com,false,
2022-05-29 18:00:00,USA,PJM Interconnection,US-MIDA-PJM,310.15,374.24,46.55,12.48,pjm.com,false,
2022-05-29 19:00:00,USA,PJM Interconnection,US-MIDA-PJM,309.18,373.9,46.26,13.54,pjm.com,false,
2022-05-29 20:00:00,USA,PJM Interconnection,US-MIDA-PJM,314.17,380.66,44.75,13.2,pjm.com,false,
2022-05-29 21:00:00,USA,PJM Interconnection,US-MIDA-PJM,318.24,385.45,43.93,13.03,pjm.com,false,
2022-05-29 22:00:00,USA,PJM Interconnection,US-MIDA-PJM,324.02,391.95,43.02,12.24,pjm.com,false,
2022-05-29 23:00:00,USA,PJM Interconnection,US-MIDA-PJM,332.98,401.87,41.64,10.27,pjm.com,false,
2022-05-30 00:00:00,USA,PJM Interconnection,US-MIDA-PJM,331.49,399.55,42.19,9.5,pjm.com,false,
2022-05-30 01:00:00,USA,PJM Interconnection,US-MIDA-PJM,331.84,399.74,42.19,8.77,pjm.com,false,
2022-05-30 02:00:00,USA,PJM Interconnection,US-MIDA-PJM,332.94,399.45,43.06,8.11,pjm.com,false,
2022-05-30 03:00:00,USA,PJM Interconnection,US-MIDA-PJM,329.81,394.0,44.91,7.73,pjm.com,false,
2022-05-30 04:00:00,USA,PJM Interconnection,US-MIDA-PJM,319.28,378.36,49.26,9.22,pjm.com,false,
2022-05-30 05:00:00,USA,PJM Interconnection,US-MIDA-PJM,312.91,369.51,51.48,9.12,pjm.com,false,
2022-05-30 06:00:00,USA,PJM Interconnection,US-MIDA-PJM,311.39,366.45,52.72,8.84,pjm.com,false,
2022-05-30 07:00:00,USA,PJM Interconnection,US-MIDA-PJM,311.97,366.92,52.8,8.32,pjm.com,false,
2022-05-30 08:00:00,USA,PJM Interconnection,US-MIDA-PJM,310.03,364.63,53.17,8.67,pjm.com,false,
2022-05-30 09:00:00,USA,PJM Interconnection,US-MIDA-PJM,311.57,366.31,53.0,9.11,pjm.com,false,
2022-05-30 10:00:00,USA,PJM Interconnection,US-MIDA-PJM,317.37,372.84,52.19,8.02,pjm.com,false,
2022-05-30 11:00:00,USA,PJM Interconnection,US-MIDA-PJM,306.05,361.86,52.65,9.89,pjm.com,false,
2022-05-30 12:00:00,USA,PJM Interconnection,US-MIDA-PJM,303.61,361.03,51.75,10.55,pjm.com,false,
2022-05-30 13:00:00,USA,PJM Interconnection,US-MIDA-PJM,305.52,365.44,49.8,11.8,pjm.com,false,
2022-05-30 14:00:00,USA,PJM Interconnection,US-MIDA-PJM,316.51,379.48,46.96,11.59,pjm.com,false,
2022-05-30 15:00:00,USA,PJM Interconnection,US-MIDA-PJM,327.23,393.19,44.15,11.14,pjm.com,false,
2022-05-30 16:00:00,USA,PJM Interconnection,US-MIDA-PJM,333.09,400.83,42.53,10.94,pjm.com,false,
2022-05-30 17:00:00,USA,PJM Interconnection,US-MIDA-PJM,339.82,408.78,41.37,11.08,pjm.com,false,
2022-05-30 18:00:00,USA,PJM Interconnection,US-MIDA-PJM,339.45,408.6,41.33,12.14,pjm.com,false,
2022-05-30 19:00:00,USA,PJM Interconnection,US-MIDA-PJM,339.93,409.56,40.97,12.58,pjm.com,false,
2022-05-30 20:00:00,USA,PJM Interconnection,US-MIDA-PJM,342.34,412.98,40.12,12.55,pjm.com,false,
2022-05-30 21:00:00,USA,PJM Interconnection,US-MIDA-PJM,347.42,419.61,38.72,11.94,pjm.com,false,
2022-05-30 22:00:00,USA,PJM Interconnection,US-MIDA-PJM,347.68,419.83,38.63,11.89,pjm.com,false,
2022-05-30 23:00:00,USA,PJM Interconnection,US-MIDA-PJM,354.74,427.95,37.34,10.09,pjm.com,false,
2022-05-31 00:00:00,USA,PJM Interconnection,US-MIDA-PJM,355.47,428.08,37.66,9.19,pjm.com,false,
2022-05-31 01:00:00,USA,PJM Interconnection,US-MIDA-PJM,360.81,433.35,37.33,8.22,pjm.com,false,
2022-05-31 02:00:00,USA,PJM Interconnection,US-MIDA-PJM,361.45,432.45,38.25,7.07,pjm.com,false,
2022-05-31 03:00:00,USA,PJM Interconnection,US-MIDA-PJM,354.17,422.09,40.9,7.35,pjm.com,false,
2022-05-31 04:00:00,USA,PJM Interconnection,US-MIDA-PJM,352.07,417.31,43.04,7.65,pjm.com,false,
2022-05-31 05:00:00,USA,PJM Interconnection,US-MIDA-PJM,347.28,409.14,45.83,8.03,pjm.com,false,
2022-05-31 06:00:00,USA,PJM Interconnection,US-MIDA-PJM,343.27,403.3,47.38,8.06,pjm.com,false,
2022-05-31 07:00:00,USA,PJM Interconnection,US-MIDA-PJM,340.8,398.87,48.93,8.5,pjm.com,false,
2022-05-31 08:00:00,USA,PJM Interconnection,US-MIDA-PJM,343.4,402.02,48.4,7.96,pjm.com,false,
2022-05-31 09:00:00,USA,PJM Interconnection,US-MIDA-PJM,347.57,407.61,47.13,7.81,pjm.com,false,
2022-05-31 10:00:00,USA,PJM Interconnection,US-MIDA-PJM,355.95,419.2,44.32,7.65,pjm.com,false,
2022-05-31 11:00:00,USA,PJM Interconnection,US-MIDA-PJM,359.83,426.02,42.05,8.19,pjm.com,false,
2022-05-31 12:00:00,USA,PJM Interconnection,US-MIDA-PJM,367.57,435.62,40.37,8.54,pjm.com,false,
2022-05-31 13:00:00,USA,PJM Interconnection,US-MIDA-PJM,368.91,438.04,39.53,9.13,pjm.com,false,
2022-05-31 14:00:00,USA,PJM Interconnection,US-MIDA-PJM,375.65,446.9,37.69,9.06,pjm.com,false,
2022-05-31 15:00:00,USA,PJM Interconnection,US-MIDA-PJM,382.03,454.92,36.28,9.29,pjm.com,false,
2022-05-31 16:00:00,USA,PJM Interconnection,US-MIDA-PJM,381.05,455.03,35.57,9.61,pjm.com,false,
2022-05-31 17:00:00,USA,PJM Interconnection,US-MIDA-PJM,381.32,455.58,35.43,10.14,pjm.com,false,
2022-05-31 18:00:00,USA,PJM Interconnection,US-MIDA-PJM,376.0,450.26,35.89,11.25,pjm.com,false,
2022-05-31 19:00:00,USA,PJM Interconnection,US-MIDA-PJM,383.77,459.38,34.45,10.51,pjm.com,false,
2022-05-31 20:00:00,USA,PJM Interconnection,US-MIDA-PJM,385.18,461.37,33.93,10.29,pjm.com,false,
2022-05-31 21:00:00,USA,PJM Interconnection,US-MIDA-PJM,384.87,461.56,33.53,10.06,pjm.com,false,
2022-05-31 22:00:00,USA,PJM Interconnection,US-MIDA-PJM,385.42,461.94,33.55,10.02,pjm.com,false,
2022-05-31 23:00:00,USA,PJM Interconnection,US-MIDA-PJM,390.31,467.31,32.82,8.57,pjm.com,false,
2022-06-01 00:00:00,USA,PJM Interconnection,US-MIDA-PJM,392.22,468.25,33.45,8.17,pjm.com,false,
2022-06-01 01:00:00,USA,PJM Interconnection,US-MIDA-PJM,399.95,476.74,32.34,6.28,pjm.com,false,
2022-06-01 02:00:00,USA,PJM Interconnection,US-MIDA-PJM,407.4,483.37,32.32,4.23,pjm.com,false,
2022-06-01 03:00:00,USA,PJM Interconnection,US-MIDA-PJM,403.22,476.63,34.35,4.15,pjm.com,false,
2022-06-01 04:00:00,USA,PJM Interconnection,US-MIDA-PJM,388.25,459.55,36.61,4.71,pjm.com,false,
2022-06-01 05:00:00,USA,PJM Interconnection,US-MIDA-PJM,369.7,439.26,38.82,5.11,pjm.com,false,
2022-06-01 06:00:00,USA,PJM Interconnection,US-MIDA-PJM,360.78,428.95,40.33,5.19,pjm.com,false,
2022-06-01 07:00:00,USA,PJM Interconnection,US-MIDA-PJM,356.65,423.96,41.19,4.88,pjm.com,false,
2022-06-01 08:00:00,USA,PJM Interconnection,US-MIDA-PJM,353.69,420.9,41.43,4.66,pjm.com,false,
2022-06-01 09:00:00,USA,PJM Interconnection,US-MIDA-PJM,358.47,426.52,40.58,4.31,pjm.com,false,
2022-06-01 10:00:00,USA,PJM Interconnection,US-MIDA-PJM,364.83,433.6,39.73,4.61,pjm.com,false,
2022-06-01 11:00:00,USA,PJM Interconnection,US-MIDA-PJM,362.28,432.38,38.97,5.62,pjm.com,false,
2022-06-01 12:00:00,USA,PJM Interconnection,US-MIDA-PJM,363.7,435.22,38.01,5.97,pjm.com,false,
2022-06-01 13:00:00,USA,PJM Interconnection,US-MIDA-PJM,367.34,439.86,37.12,6.34,pjm.com,false,
2022-06-01 14:00:00,USA,PJM Interconnection,US-MIDA-PJM,377.44,451.98,35.18,5.73,pjm.com,false,
2022-06-01 15:00:00,USA,PJM Interconnection,US-MIDA-PJM,379.9,454.92,34.77,5.94,pjm.com,false,
2022-06-01 16:00:00,USA,PJM Interconnection,US-MIDA-PJM,373.96,448.66,35.62,7.86,pjm.com,false,
2022-06-01 17:00:00,USA,PJM Interconnection,US-MIDA-PJM,371.52,446.75,35.4,8.43,pjm.com,false,
2022-06-01 18:00:00,USA,PJM Interconnection,US-MIDA-PJM,373.07,448.57,35.12,8.74,pjm.com,false,
2022-06-01 19:00:00,USA,PJM Interconnection,US-MIDA-PJM,375.58,451.68,34.55,8.61,pjm.com,false,
2022-06-01 20:00:00,USA,PJM Interconnection,US-MIDA-PJM,377.5,454.03,34.12,8.36,pjm.com,false,
2022-06-01 21:00:00,USA,PJM Interconnection,US-MIDA-PJM,382.09,458.93,33.64,7.68,pjm.com,false,
2022-06-01 22:00:00,USA,PJM Interconnection,US-MIDA-PJM,379.01,455.83,33.75,7.23,pjm.com,false,
2022-06-01 23:00:00,USA,PJM Interconnection,US-MIDA-PJM,386.55,463.99,32.75,5.39,pjm.com,false,
2022-06-02 00:00:00,USA,PJM Interconnection,US-MIDA-PJM,382.63,459.23,33.38,4.82,pjm.com,false,
2022-06-02 01:00:00,USA,PJM Interconnection,US-MIDA-PJM,383.21,459.6,33.37,3.71,pjm.com,false,
2022-06-02 02:00:00,USA,PJM Interconnection,US-MIDA-PJM,377.75,452.58,34.66,2.93,pjm.com,false,
2022-06-02 03:00:00,USA,PJM Interconnection,US-MIDA-PJM,371.37,443.51,36.94,3.04,pjm.com,false,
2022-06-02 04:00:00,USA,PJM Interconnection,US-MIDA-PJM,360.91,431.21,38.82,2.63,pjm.com,false,
2022-06-02 05:00:00,USA,PJM Interconnection,US-MIDA-PJM,350.73,420.55,39.69,2.52,pjm.com,false,
2022-06-02 06:00:00,USA,PJM Interconnection,US-MIDA-PJM,347.31,416.11,40.62,2.32,pjm.com,false,
2022-06-02 07:00:00,USA,PJM Interconnection,US-MIDA-PJM,341.26,410.06,40.96,1.95,pjm.com,false,
2022-06-02 08:00:00,USA,PJM Interconnection,US-MIDA-PJM,342.54,411.03,41.13,1.78,pjm.com,false,
2022-06-02 09:00:00,USA,PJM Interconnection,US-MIDA-PJM,349.27,418.69,40.08,1.64,pjm.com,false,
2022-06-02 10:00:00,USA,PJM Interconnection,US-MIDA-PJM,356.43,427.24,38.67,2.08,pjm.com,false,
2022-06-02 11:00:00,USA,PJM Interconnection,US-MIDA-PJM,352.99,424.63,38.32,3.06,pjm.com,false,
2022-06-02 12:00:00,USA,PJM Interconnection,US-MIDA-PJM,351.51,423.9,37.97,3.93,pjm.com,false,
2022-06-02 13:00:00,USA,PJM Interconnection,US-MIDA-PJM,353.99,426.66,37.7,4.52,pjm.com,false,
2022-06-02 14:00:00,USA,PJM Interconnection,US-MIDA-PJM,356.84,430.27,37.07,5.16,pjm.com,false,
2022-06-02 15:00:00,USA,PJM Interconnection,US-MIDA-PJM,354.55,428.26,37.1,6.39,pjm.com,false,
2022-06-02 16:00:00,USA,PJM Interconnection,US-MIDA-PJM,348.69,421.83,37.96,8.25,pjm.com,false,
2022-06-02 17:00:00,USA,PJM Interconnection,US-MIDA-PJM,349.31,423.3,37.29,8.7,pjm.com,false,
2022-06-02 18:00:00,USA,PJM Interconnection,US-MIDA-PJM,346.0,419.96,37.49,9.44,pjm.com,false,
2022-06-02 19:00:00,USA,PJM Interconnection,US-MIDA-PJM,350.11,424.56,36.95,9.21,pjm.com,false,
2022-06-02 20:00:00,USA,PJM Interconnection,US-MIDA-PJM,348.38,422.43,37.25,9.13,pjm.com,false,
2022-06-02 21:00:00,USA,PJM Interconnection,US-MIDA-PJM,350.92,424.94,37.03,8.31,pjm.com,false,
2022-06-02 22:00:00,USA,PJM Interconnection,US-MIDA-PJM,355.25,429.97,36.11,6.86,pjm.com,false,
2022-06-02 23:00:00,USA,PJM Interconnection,US-MIDA-PJM,360.41,435.09,35.8,5.5,pjm.com,false,
2022-06-03 00:00:00,USA,PJM Interconnection,US-MIDA-PJM,360.39,434.5,36.2,5.14,pjm.com,false,
2022-06-03 01:00:00,USA,PJM Interconnection,US-MIDA-PJM,361.4,435.78,35.91,4.43,pjm.com,false,
2022-06-03 02:00:00,USA,PJM Interconnection,US-MIDA-PJM,366.46,440.62,35.63,2.52,pjm.com,false,
2022-06-03 03:00:00,USA,PJM Interconnection,US-MIDA-PJM,358.05,429.87,37.82,2.74,pjm.com,false,
2022-06-03 04:00:00,USA,PJM Interconnection,US-MIDA-PJM,354.71,424.13,39.77,2.78,pjm.com,false,
2022-06-03 05:00:00,USA,PJM Interconnection,US-MIDA-PJM,349.28,416.78,41.51,3.2,pjm.com,false,
2022-06-03 06:00:00,USA,PJM Interconnection,US-MIDA-PJM,339.43,405.29,43.23,3.69,pjm.com,false,
2022-06-03 07:00:00,USA,PJM Interconnection,US-MIDA-PJM,332.26,396.9,44.48,4.28,pjm.com,false,
2022-06-03 08:00:00,USA,PJM Interconnection,US-MIDA-PJM,330.28,395.28,44.31,4.26,pjm.com,false,
2022-06-03 09:00:00,USA,PJM Interconnection,US-MIDA-PJM,329.81,395.38,43.91,4.65,pjm.com,false,
2022-06-03 10:00:00,USA,PJM Interconnection,US-MIDA-PJM,331.47,398.69,42.6,4.63,pjm.com,false,
2022-06-03 11:00:00,USA,PJM Interconnection,US-MIDA-PJM,329.54,396.77,42.8,5.86,pjm.com,false,
2022-06-03 12:00:00,USA,PJM Interconnection,US-MIDA-PJM,332.79,401.11,41.94,6.12,pjm.com,false,
2022-06-03 13:00:00,USA,PJM Interconnection,US-MIDA-PJM,335.83,404.98,41.23,6.01,pjm.com,false,
2022-06-03 14:00:00,USA,PJM Interconnection,US-MIDA-PJM,338.53,408.46,40.54,5.99,pjm.com,false,
2022-06-03 15:00:00,USA,PJM Interconnection,US-MIDA-PJM,340.33,411.29,39.67,6.1,pjm.com,false,
2022-06-03 16:00:00,USA,PJM Interconnection,US-MIDA-PJM,338.07,408.83,39.98,7.15,pjm.com,false,
2022-06-03 17:00:00,USA,PJM Interconnection,US-MIDA-PJM,334.75,404.93,40.6,8.4,pjm.com,false,
2022-06-03 18:00:00,USA,PJM Interconnection,US-MIDA-PJM,329.43,398.64,41.71,9.98,pjm.com,false,
2022-06-03 19:00:00,USA,PJM Interconnection,US-MIDA-PJM,327.62,396.89,41.85,10.72,pjm.com,false,
2022-06-03 20:00:00,USA,PJM Interconnection,US-MIDA-PJM,326.37,396.07,41.77,11.51,pjm.com,false,
2022-06-03 21:00:00,USA,PJM Interconnection,US-MIDA-PJM,328.12,398.22,41.26,11.03,pjm.com,false,
2022-06-03 22:00:00,USA,PJM Interconnection,US-MIDA-PJM,334.93,405.89,40.19,9.52,pjm.com,false,
2022-06-03 23:00:00,USA,PJM Interconnection,US-MIDA-PJM,338.66,410.26,39.37,7.68,pjm.com,false,
2022-06-04 00:00:00,USA,PJM Interconnection,US-MIDA-PJM,340.93,412.18,39.4,6.08,pjm.com,false,
2022-06-04 01:00:00,USA,PJM Interconnection,US-MIDA-PJM,346.04,417.74,38.7,4.58,pjm.com,false,
2022-06-04 02:00:00,USA,PJM Interconnection,US-MIDA-PJM,347.33,418.54,38.82,2.76,pjm.com,false,
2022-06-04 03:00:00,USA,PJM Interconnection,US-MIDA-PJM,341.94,411.1,40.62,2.63,pjm.com,false,
2022-06-04 04:00:00,USA,PJM Interconnection,US-MIDA-PJM,331.53,396.53,44.29,2.41,pjm.com,false,
2022-06-04 05:00:00,USA,PJM Interconnection,US-MIDA-PJM,323.5,387.51,45.45,2.25,pjm.com,false,
2022-06-04 06:00:00,USA,PJM Interconnection,US-MIDA-PJM,320.5,383.67,46.21,2.23,pjm.com,false,
2022-06-04 07:00:00,USA,PJM Interconnection,US-MIDA-PJM,315.33,377.7,47.09,2.23,pjm.com,false,
2022-06-04 08:00:00,USA,PJM Interconnection,US-MIDA-PJM,310.77,372.39,47.89,2.2,pjm.com,false,
2022-06-04 09:00:00,USA,PJM Interconnection,US-MIDA-PJM,309.23,370.12,48.54,2.9,pjm.com,false,
2022-06-04 10:00:00,USA,PJM Interconnection,US-MIDA-PJM,310.29,371.3,48.4,3.07,pjm.com,false,
2022-06-04 11:00:00,USA,PJM Interconnection,US-MIDA-PJM,307.15,367.99,48.84,4.8,pjm.com,false,
2022-06-04 12:00:00,USA,PJM Interconnection,US-MIDA-PJM,308.05,369.3,48.67,5.82,pjm.com,false,
2022-06-04 13:00:00,USA,PJM Interconnection,US-MIDA-PJM,311.5,374.62,47.15,5.95,pjm.com,false,
2022-06-04 14:00:00,USA,PJM Interconnection,US-MIDA-PJM,312.52,376.9,46.19,6.09,pjm.com,false,
2022-06-04 15:00:00,USA,PJM Interconnection,US-MIDA-PJM,316.37,382.99,44.31,6.06,pjm.com,false,
2022-06-04 16:00:00,USA,PJM Interconnection,US-MIDA-PJM,316.81,384.14,43.78,6.53,pjm.com,false,
2022-06-04 17:00:00,USA,PJM Interconnection,US-MIDA-PJM,316.79,384.69,43.35,7.1,pjm.com,false,
2022-06-04 18:00:00,USA,PJM Interconnection,US-MIDA-PJM,312.71,380.38,43.83,8.52,pjm.com,false,
2022-06-04 19:00:00,USA,PJM Interconnection,US-MIDA-PJM,311.62,379.28,43.98,9.65,pjm.com,false,
2022-06-04 20:00:00,USA,PJM Interconnection,US-MIDA-PJM,319.6,388.11,42.91,9.44,pjm.com,false,
2022-06-04 21:00:00,USA,PJM Interconnection,US-MIDA-PJM,317.09,385.55,43.1,10.12,pjm.com,false,
2022-06-04 22:00:00,USA,PJM Interconnection,US-MIDA-PJM,322.65,391.91,42.13,9.26,pjm.com,false,
2022-06-04 23:00:00,USA,PJM Interconnection,US-MIDA-PJM,332.18,402.5,40.62,6.76,pjm.com,false,
2022-06-05 00:00:00,USA,PJM Interconnection,US-MIDA-PJM,332.93,402.36,41.06,5.57,pjm.com,false,
2022-06-05 01:00:00,USA,PJM Interconnection,US-MIDA-PJM,328.79,397.22,41.96,5.55,pjm.com,false,
2022-06-05 02:00:00,USA,PJM Interconnection,US-MIDA-PJM,330.09,398.29,41.92,4.2,pjm.com,false,
2022-06-05 03:00:00,USA,PJM Interconnection,US-MIDA-PJM,322.7,387.59,44.77,4.69,pjm.com,false,
2022-06-05 04:00:00,USA,PJM Interconnection,US-MIDA-PJM,316.57,377.78,47.86,5.11,pjm.com,false,
2022-06-05 05:00:00,USA,PJM Interconnection,US-MIDA-PJM,306.47,366.5,49.25,5.19,pjm.com,false,
2022-06-05 06:00:00,USA,PJM Interconnection,US-MIDA-PJM,301.36,360.18,50.43,5.41,pjm.com,false,
2022-06-05 07:00:00,USA,PJM Interconnection,US-MIDA-PJM,296.95,355.14,51.14,5.32,pjm.com,false,
2022-06-05 08:00:00,USA,PJM Interconnection,US-MIDA-PJM,299.13,357.79,50.67,4.67,pjm.com,false,
2022-06-05 09:00:00,USA,PJM Interconnection,US-MIDA-PJM,300.46,359.14,50.6,4.32,pjm.com,false,
2022-06-05 10:00:00,USA,PJM Interconnection,US-MIDA-PJM,299.98,357.92,51.2,4.58,pjm.com,false,
2022-06-05 11:00:00,USA,PJM Interconnection,US-MIDA-PJM,297.88,355.16,52.0,6.26,pjm.com,false,
2022-06-05 12:00:00,USA,PJM Interconnection,US-MIDA-PJM,305.48,365.0,50.13,6.68,pjm.com,false,
2022-06-05 13:00:00,USA,PJM Interconnection,US-MIDA-PJM,312.0,372.01,49.48,6.61,pjm.com,false,
2022-06-05 14:00:00,USA,PJM Interconnection,US-MIDA-PJM,316.3,377.23,48.58,6.83,pjm.com,false,
2022-06-05 15:00:00,USA,PJM Interconnection,US-MIDA-PJM,317.54,381.41,46.3,6.54,pjm.com,false,
2022-06-05 16:00:00,USA,PJM Interconnection,US-MIDA-PJM,317.56,382.41,45.56,6.75,pjm.com,false,
2022-06-05 17:00:00,USA,PJM Interconnection,US-MIDA-PJM,321.25,387.59,44.29,7.23,pjm.com,false,
2022-06-05 18:00:00,USA,PJM Interconnection,US-MIDA-PJM,320.33,387.39,43.83,7.8,pjm.com,false,
2022-06-05 19:00:00,USA,PJM Interconnection,US-MIDA-PJM,319.7,387.04,43.7,8.64,pjm.com,false,
2022-06-05 20:00:00,USA,PJM Interconnection,US-MIDA-PJM,317.97,385.52,43.7,9.57,pjm.com,false,
2022-06-05 21:00:00,USA,PJM Interconnection,US-MIDA-PJM,320.0,388.53,42.9,9.94,pjm.com,false,
2022-06-05 22:00:00,USA,PJM Interconnection,US-MIDA-PJM,326.14,395.5,41.85,9.3,pjm.com,false,
2022-06-05 23:00:00,USA,PJM Interconnection,US-MIDA-PJM,325.86,395.34,41.65,8.22,pjm.com,false,
2022-06-06 00:00:00,USA,PJM Interconnection,US-MIDA-PJM,330.72,400.65,40.95,6.41,pjm.com,false,
2022-06-06 01:00:00,USA,PJM Interconnection,US-MIDA-PJM,334.36,404.67,40.42,5.56,pjm.com,false,
2022-06-06 02:00:00,USA,PJM Interconnection,US-MIDA-PJM,333.01,402.03,41.28,4.51,pjm.com,false,
2022-06-06 03:00:00,USA,PJM Interconnection,US-MIDA-PJM,326.92,393.01,43.65,4.62,pjm.com,false,
2022-06-06 04:00:00,USA,PJM Interconnection,US-MIDA-PJM,318.01,380.1,47.08,5.55,pjm.com,false,
2022-06-06 05:00:00,USA,PJM Interconnection,US-MIDA-PJM,309.52,368.49,49.86,6.58,pjm.com,false,
2022-06-06 06:00:00,USA,PJM Interconnection,US-MIDA-PJM,304.48,361.56,51.53,6.87,pjm.com,false,
2022-06-06 07:00:00,USA,PJM Interconnection,US-MIDA-PJM,306.09,363.11,51.52,6.33,pjm.com,false,
2022-06-06 08:00:00,USA,PJM Interconnection,US-MIDA-PJM,311.88,370.83,49.81,5.53,pjm.com,false,
2022-06-06 09:00:00,USA,PJM Interconnection,US-MIDA-PJM,318.44,379.66,47.78,4.98,pjm.com,false,
2022-06-06 10:00:00,USA,PJM Interconnection,US-MIDA-PJM,321.44,384.19,46.48,5.22,pjm.com,false,
2022-06-06 11:00:00,USA,PJM Interconnection,US-MIDA-PJM,321.87,385.74,45.77,6.31,pjm.com,false,
2022-06-06 12:00:00,USA,PJM Interconnection,US-MIDA-PJM,327.22,393.57,43.76,6.28,pjm.com,false,
2022-06-06 13:00:00,USA,PJM Interconnection,US-MIDA-PJM,331.53,399.43,42.44,6.44,pjm.com,false,
2022-06-06 14:00:00,USA,PJM Interconnection,US-MIDA-PJM,333.66,403.25,41.06,6.62,pjm.com,false,
2022-06-06 15:00:00,USA,PJM Interconnection,US-MIDA-PJM,329.2,399.34,40.96,7.97,pjm.com,false,
2022-06-06 16:00:00,USA,PJM Interconnection,US-MIDA-PJM,331.18,401.42,40.87,8.56,pjm.com,false,
2022-06-06 17:00:00,USA,PJM Interconnection,US-MIDA-PJM,329.54,399.83,41.01,9.63,pjm.com,false,
2022-06-06 18:00:00,USA,PJM Interconnection,US-MIDA-PJM,331.15,402.33,40.4,9.58,pjm.com,false,
2022-06-06 19:00:00,USA,PJM Interconnection,US-MIDA-PJM,330.88,402.59,40.04,9.75,pjm.com,false,
2022-06-06 20:00:00,USA,PJM Interconnection,US-MIDA-PJM,328.6,400.39,40.02,10.46,pjm.com,false,
2022-06-06 21:00:00,USA,PJM Interconnection,US-MIDA-PJM,328.03,399.95,39.92,10.65,pjm.com,false,
2022-06-06 22:00:00,USA,PJM Interconnection,US-MIDA-PJM,328.39,400.22,39.87,10.08,pjm.com,false,
2022-06-06 23:00:00,USA,PJM Interconnection,US-MIDA-PJM,331.01,402.65,39.76,8.96,pjm.com,false,
2022-06-07 00:00:00,USA,PJM Interconnection,US-MIDA-PJM,334.15,405.73,39.56,7.79,pjm.com,false,
2022-06-07 01:00:00,USA,PJM Interconnection,US-MIDA-PJM,338.74,410.46,39.13,6.91,pjm.com,false,
2022-06-07 02:00:00,USA,PJM Interconnection,US-MIDA-PJM,343.76,415.36,38.71,4.24,pjm.com,false,
2022-06-07 03:00:00,USA,PJM Interconnection,US-MIDA-PJM,339.31,408.1,40.98,4.14,pjm.com,false,
2022-06-07 04:00:00,USA,PJM Interconnection,US-MIDA-PJM,331.12,396.86,43.68,4.48,pjm.com,false,
2022-06-07 05:00:00,USA,PJM Interconnection,US-MIDA-PJM,327.53,392.26,44.61,4.43,pjm.com,false,
2022-06-07 06:00:00,USA,PJM Interconnection,US-MIDA-PJM,323.21,387.83,44.93,4.2,pjm.com,false,
2022-06-07 07:00:00,USA,PJM Interconnection,US-MIDA-PJM,324.12,387.89,45.54,4.06,pjm.com,false,
2022-06-07 08:00:00,USA,PJM Interconnection,US-MIDA-PJM,325.33,388.77,45.72,3.9,pjm.com,false,
2022-06-07 09:00:00,USA,PJM Interconnection,US-MIDA-PJM,329.55,394.92,44.08,3.38,pjm.com,false,
2022-06-07 10:00:00,USA,PJM Interconnection,US-MIDA-PJM,332.46,400.29,42.09,3.58,pjm.com,false,
2022-06-07 11:00:00,USA,PJM Interconnection,US-MIDA-PJM,331.07,399.86,41.59,4.43,pjm.com,false,
2022-06-07 12:00:00,USA,PJM Interconnection,US-MIDA-PJM,333.09,403.52,40.38,4.88,pjm.com,false,
2022-06-07 13:00:00,USA,PJM Interconnection,US-MIDA-PJM,334.42,404.91,40.43,5.41,pjm.com,false,
2022-06-07 14:00:00,USA,PJM Interconnection,US-MIDA-PJM,338.36,409.98,39.34,5.43,pjm.com,false,
2022-06-07 15:00:00,USA,PJM Interconnection,US-MIDA-PJM,344.29,417.08,38.28,5.28,pjm.com,false,
2022-06-07 16:00:00,USA,PJM Interconnection,US-MIDA-PJM,342.71,415.56,38.28,5.77,pjm.com,false,
2022-06-07 17:00:00,USA,PJM Interconnection,US-MIDA-PJM,336.81,408.75,39.34,7.7,pjm.com,false,
2022-06-07 18:00:00,USA,PJM Interconnection,US-MIDA-PJM,339.2,411.93,38.63,7.54,pjm.com,false,
2022-06-07 19:00:00,USA,PJM Interconnection,US-MIDA-PJM,339.13,411.94,38.6,7.6,pjm.com,false,
2022-06-07 20:00:00,USA,PJM Interconnection,US-MIDA-PJM,335.51,408.04,39.03,8.13,pjm.com,false,
2022-06-07 21:00:00,USA,PJM Interconnection,US-MIDA-PJM,335.87,408.63,38.85,8.12,pjm.com,false,
2022-06-07 22:00:00,USA,PJM Interconnection,US-MIDA-PJM,342.86,416.28,37.88,6.89,pjm.com,false,
2022-06-07 23:00:00,USA,PJM Interconnection,US-MIDA-PJM,348.6,422.6,37.06,5.73,pjm.com,false,
2022-06-08 00:00:00,USA,PJM Interconnection,US-MIDA-PJM,350.04,424.06,36.91,5.04,pjm.com,false,
2022-06-08 01:00:00,USA,PJM Interconnection,US-MIDA-PJM,349.4,422.92,37.2,4.28,pjm.com,false,
2022-06-08 02:00:00,USA,PJM Interconnection,US-MIDA-PJM,343.86,416.06,38.33,4.14,pjm.com,false,
2022-06-08 03:00:00,USA,PJM Interconnection,US-MIDA-PJM,341.69,412.44,39.42,3.07,pjm.com,false,
2022-06-08 04:00:00,USA,PJM Interconnection,US-MIDA-PJM,335.49,404.3,41.19,3.2,pjm.com,false,
2022-06-08 05:00:00,USA,PJM Interconnection,US-MIDA-PJM,331.13,398.83,42.25,3.2,pjm.com,false,
2022-06-08 06:00:00,USA,PJM Interconnection,US-MIDA-PJM,330.93,397.64,43.0,2.79,pjm.com,false,
2022-06-08 07:00:00,USA,PJM Interconnection,US-MIDA-PJM,328.17,393.14,44.45,3.22,pjm.com,false,
2022-06-08 08:00:00,USA,PJM Interconnection,US-MIDA-PJM,327.25,392.04,44.64,3.53,pjm.com,false,
2022-06-08 09:00:00,USA,PJM Interconnection,US-MIDA-PJM,331.36,397.09,43.72,3.76,pjm.com,false,
2022-06-08 10:00:00,USA,PJM Interconnection,US-MIDA-PJM,336.02,404.36,41.55,3.53,pjm.com,false,
2022-06-08 11:00:00,USA,PJM Interconnection,US-MIDA-PJM,332.22,401.57,41.07,4.9,pjm.com,false,
2022-06-08 12:00:00,USA,PJM Interconnection,US-MIDA-PJM,329.04,398.37,41.43,6.26,pjm.com,false,
2022-06-08 13:00:00,USA,PJM Interconnection,US-MIDA-PJM,329.46,399.54,40.93,6.69,pjm.com,false,
2022-06-08 14:00:00,USA,PJM Interconnection,US-MIDA-PJM,333.96,405.4,39.75,6.64,pjm.com,false,
2022-06-08 15:00:00,USA,PJM Interconnection,US-MIDA-PJM,335.83,408.45,38.87,7.19,pjm.com,false,
2022-06-08 16:00:00,USA,PJM Interconnection,US-MIDA-PJM,338.84,411.75,38.67,8.05,pjm.com,false,
2022-06-08 17:00:00,USA,PJM Interconnection,US-MIDA-PJM,339.38,412.45,38.47,8.46,pjm.com,false,
2022-06-08 18:00:00,USA,PJM Interconnection,US-MIDA-PJM,340.42,414.07,38.01,8.54,pjm.com,false,
2022-06-08 19:00:00,USA,PJM Interconnection,US-MIDA-PJM,341.29,415.37,37.6,8.35,pjm.com,false,
2022-06-08 20:00:00,USA,PJM Interconnection,US-MIDA-PJM,345.34,420.64,36.47,7.97,pjm.com,false,
2022-06-08 21:00:00,USA,PJM Interconnection,US-MIDA-PJM,347.15,422.66,36.3,7.91,pjm.com,false,
2022-06-08 22:00:00,USA,PJM Interconnection,US-MIDA-PJM,345.49,420.04,36.98,8.09,pjm.com,false,
2022-06-08 23:00:00,USA,PJM Interconnection,US-MIDA-PJM,343.57,417.38,37.44,7.74,pjm.com,false,
2022-06-09 00:00:00,USA,PJM Interconnection,US-MIDA-PJM,349.33,423.39,36.92,6.45,pjm.com,false,
2022-06-09 01:00:00,USA,PJM Interconnection,US-MIDA-PJM,353.99,428.46,36.23,4.97,pjm.com,false,
2022-06-09 02:00:00,USA,PJM Interconnection,US-MIDA-PJM,350.9,423.68,37.56,4.17,pjm.com,false,
2022-06-09 03:00:00,USA,PJM Interconnection,US-MIDA-PJM,345.1,416.19,39.05,4.04,pjm.com,false,
2022-06-09 04:00:00,USA,PJM Interconnection,US-MIDA-PJM,337.98,406.76,41.06,4.0,pjm.com,false,
2022-06-09 05:00:00,USA,PJM Interconnection,US-MIDA-PJM,330.83,398.67,42.15,3.84,pjm.com,false,
2022-06-09 06:00:00,USA,PJM Interconnection,US-MIDA-PJM,326.67,393.8,42.88,3.64,pjm.com,false,
2022-06-09 07:00:00,USA,PJM Interconnection,US-MIDA-PJM,326.5,392.91,43.46,3.42,pjm.com,false,
2022-06-09 08:00:00,USA,PJM Interconnection,US-MIDA-PJM,329.14,396.32,42.76,3.03,pjm.com,false,
2022-06-09 09:00:00,USA,PJM Interconnection,US-MIDA-PJM,333.33,401.27,41.96,2.85,pjm.com,false,
2022-06-09 10:00:00,USA,PJM Interconnection,US-MIDA-PJM,340.02,409.12,40.78,3.06,pjm.com,false,
2022-06-09 11:00:00,USA,PJM Interconnection,US-MIDA-PJM,342.31,412.52,40.01,4.03,pjm.com,false,
2022-06-09 12:00:00,USA,PJM Interconnection,US-MIDA-PJM,342.71,413.22,39.87,4.61,pjm.com,false,
2022-06-09 13:00:00,USA,PJM Interconnection,US-MIDA-PJM,344.27,416.11,38.88,4.87,pjm.com,false,
2022-06-09 14:00:00,USA,PJM Interconnection,US-MIDA-PJM,345.37,417.58,38.61,5.44,pjm.com,false,
2022-06-09 15:00:00,USA,PJM Interconnection,US-MIDA-PJM,346.71,419.22,38.37,6.01,pjm.com,false,
2022-06-09 16:00:00,USA,PJM Interconnection,US-MIDA-PJM,341.38,412.89,39.49,7.53,pjm.com,false,
2022-06-09 17:00:00,USA,PJM Interconnection,US-MIDA-PJM,328.63,398.62,41.39,10.13,pjm.com,false,
2022-06-09 18:00:00,USA,PJM Interconnection,US-MIDA-PJM,330.78,401.07,40.98,10.2,pjm.com,false,
2022-06-09 19:00:00,USA,PJM Interconnection,US-MIDA-PJM,334.72,405.0,40.75,10.44,pjm.com,false,
2022-06-09 20:00:00,USA,PJM Interconnection,US-MIDA-PJM,336.56,407.4,40.21,10.45,pjm.com,false,
2022-06-09 21:00:00,USA,PJM Interconnection,US-MIDA-PJM,335.76,406.41,40.43,10.5,pjm.com,false,
2022-06-09 22:00:00,USA,PJM Interconnection,US-MIDA-PJM,342.72,414.01,39.5,9.21,pjm.com,false,
2022-06-09 23:00:00,USA,PJM Interconnection,US-MIDA-PJM,349.72,421.84,38.39,7.33,pjm.com,false,
2022-06-10 00:00:00,USA,PJM Interconnection,US-MIDA-PJM,356.75,429.59,37.38,5.29,pjm.com,false,
2022-06-10 01:00:00,USA,PJM Interconnection,US-MIDA-PJM,357.23,430.23,37.18,4.36,pjm.com,false,
2022-06-10 02:00:00,USA,PJM Interconnection,US-MIDA-PJM,355.41,427.46,37.82,3.25,pjm.com,false,
2022-06-10 03:00:00,USA,PJM Interconnection,US-MIDA-PJM,353.47,424.42,38.69,2.67,pjm.com,false,
2022-06-10 04:00:00,USA,PJM Interconnection,US-MIDA-PJM,350.71,420.62,39.62,2.28,pjm.com,false,
2022-06-10 05:00:00,USA,PJM Interconnection,US-MIDA-PJM,344.59,413.58,40.64,2.21,pjm.com,false,
2022-06-10 06:00:00,USA,PJM Interconnection,US-MIDA-PJM,340.65,408.15,41.97,2.18,pjm.com,false,
2022-06-10 07:00:00,USA,PJM Interconnection,US-MIDA-PJM,338.78,404.91,43.07,2.12,pjm.com,false,
2022-06-10 08:00:00,USA,PJM Interconnection,US-MIDA-PJM,339.67,406.01,42.86,2.23,pjm.com,false,
2022-06-10 09:00:00,USA,PJM Interconnection,US-MIDA-PJM,341.82,408.52,42.47,2.31,pjm.com,false,
2022-06-10 10:00:00,USA,PJM Interconnection,US-MIDA-PJM,344.84,412.63,41.54,2.37,pjm.com,false,
2022-06-10 11:00:00,USA,PJM Interconnection,US-MIDA-PJM,344.6,413.32,41.01,3.7,pjm.com,false,
2022-06-10 12:00:00,USA,PJM Interconnection,US-MIDA-PJM,342.16,411.55,41.03,4.98,pjm.com,false,
2022-06-10 13:00:00,USA,PJM Interconnection,US-MIDA-PJM,341.78,411.08,41.18,5.71,pjm.com,false,
2022-06-10 14:00:00,USA,PJM Interconnection,US-MIDA-PJM,344.6,415.77,39.79,5.79,pjm.com,false,
2022-06-10 15:00:00,USA,PJM Interconnection,US-MIDA-PJM,348.23,421.35,38.13,5.58,pjm.com,false,
2022-06-10 16:00:00,USA,PJM Interconnection,US-MIDA-PJM,346.81,419.9,38.1,5.96,pjm.com,false,
2022-06-10 17:00:00,USA,PJM Interconnection,US-MIDA-PJM,344.15,417.0,38.51,7.11,pjm.com,false,
2022-06-10 18:00:00,USA,PJM Interconnection,US-MIDA-PJM,343.76,416.51,38.48,7.96,pjm.com,false,
2022-06-10 19:00:00,USA,PJM Interconnection,US-MIDA-PJM,343.27,415.8,38.68,8.31,pjm.com,false,
2022-06-10 20:00:00,USA,PJM Interconnection,US-MIDA-PJM,340.97,413.21,39.04,8.93,pjm.com,false,
2022-06-10 21:00:00,USA,PJM Interconnection,US-MIDA-PJM,342.08,414.64,38.71,8.59,pjm.com,false,
2022-06-10 22:00:00,USA,PJM Interconnection,US-MIDA-PJM,344.63,417.37,38.33,7.31,pjm.com,false,
2022-06-10 23:00:00,USA,PJM Interconnection,US-MIDA-PJM,349.92,423.43,37.35,5.54,pjm.com,false,
2022-06-11 00:00:00,USA,PJM Interconnection,US-MIDA-PJM,354.93,428.83,36.66,3.69,pjm.com,false,
2022-06-11 01:00:00,USA,PJM Interconnection,US-MIDA-PJM,358.56,433.4,35.67,2.43,pjm.com,false,
2022-06-11 02:00:00,USA,PJM Interconnection,US-MIDA-PJM,354.89,428.45,36.7,2.22,pjm.com,false,
2022-06-11 03:00:00,USA,PJM Interconnection,US-MIDA-PJM,349.97,420.6,39.13,2.41,pjm.com,false,
2022-06-11 04:00:00,USA,PJM Interconnection,US-MIDA-PJM,342.54,410.31,41.63,2.47,pjm.com,false,
2022-06-11 05:00:00,USA,PJM Interconnection,US-MIDA-PJM,333.14,399.5,43.2,2.37,pjm.com,false,
2022-06-11 06:00:00,USA,PJM Interconnection,US-MIDA-PJM,329.78,395.47,43.9,2.03,pjm.com,false,
2022-06-11 07:00:00,USA,PJM Interconnection,US-MIDA-PJM,324.72,389.32,44.98,2.02,pjm.com,false,
2022-06-11 08:00:00,USA,PJM Interconnection,US-MIDA-PJM,327.26,391.69,45.0,1.86,pjm.com,false,
2022-06-11 09:00:00,USA,PJM Interconnection,US-MIDA-PJM,329.09,393.56,44.86,1.65,pjm.com,false,
2022-06-11 10:00:00,USA,PJM Interconnection,US-MIDA-PJM,327.4,390.61,45.92,2.21,pjm.com,false,
2022-06-11 11:00:00,USA,PJM Interconnection,US-MIDA-PJM,329.18,392.49,45.83,3.36,pjm.com,false,
2022-06-11 12:00:00,USA,PJM Interconnection,US-MIDA-PJM,332.36,396.92,44.84,4.11,pjm.com,false,
2022-06-11 13:00:00,USA,PJM Interconnection,US-MIDA-PJM,335.58,402.18,43.22,4.47,pjm.com,false,
2022-06-11 14:00:00,USA,PJM Interconnection,US-MIDA-PJM,339.48,407.38,42.08,4.62,pjm.com,false,
2022-06-11 15:00:00,USA,PJM Interconnection,US-MIDA-PJM,337.82,406.74,41.41,4.94,pjm.com,false,
2022-06-11 16:00:00,USA,PJM Interconnection,US-MIDA-PJM,340.8,411.28,40.08,4.84,pjm.com,false,
2022-06-11 17:00:00,USA,PJM Interconnection,US-MIDA-PJM,340.36,411.1,39.94,5.52,pjm.com,false,
2022-06-11 18:00:00,USA,PJM Interconnection,US-MIDA-PJM,338.41,409.26,39.96,5.65,pjm.com,false,
2022-06-11 19:00:00,USA,PJM Interconnection,US-MIDA-PJM,333.05,403.19,40.82,6.91,pjm.com,false,
2022-06-11 20:00:00,USA,PJM Interconnection,US-MIDA-PJM,337.4,408.45,39.89,6.46,pjm.com,false,
2022-06-11 21:00:00,USA,PJM Interconnection,US-MIDA-PJM,332.78,403.15,40.74,7.53,pjm.com,false,
2022-06-11 22:00:00,USA,PJM Interconnection,US-MIDA-PJM,336.52,407.69,39.94,6.85,pjm.com,false,
2022-06-11 23:00:00,USA,PJM Interconnection,US-MIDA-PJM,341.11,413.16,38.94,5.59,pjm.com,false,
2022-06-12 00:00:00,USA,PJM Interconnection,US-MIDA-PJM,345.96,418.04,38.56,4.23,pjm.com,false,
2022-06-12 01:00:00,USA,PJM Interconnection,US-MIDA-PJM,351.51,424.2,37.69,2.94,pjm.com,false,
2022-06-12 02:00:00,USA,PJM Interconnection,US-MIDA-PJM,355.47,427.84,37.6,1.69,pjm.com,false,
2022-06-12 03:00:00,USA,PJM Interconnection,US-MIDA-PJM,351.49,421.95,39.24,1.99,pjm.com,false,
2022-06-12 04:00:00,USA,PJM Interconnection,US-MIDA-PJM,343.59,410.74,42.12,2.47,pjm.com,false,
2022-06-12 05:00:00,USA,PJM Interconnection,US-MIDA-PJM,331.06,396.6,43.98,2.55,pjm.com,false,
2022-06-12 06:00:00,USA,PJM Interconnection,US-MIDA-PJM,319.92,384.68,45.15,2.42,pjm.com,false,
2022-06-12 07:00:00,USA,PJM Interconnection,US-MIDA-PJM,318.08,381.36,46.34,2.73,pjm.com,false,
2022-06-12 08:00:00,USA,PJM Interconnection,US-MIDA-PJM,318.25,380.94,46.8,3.03,pjm.com,false,
2022-06-12 09:00:00,USA,PJM Interconnection,US-MIDA-PJM,319.15,382.22,46.48,2.79,pjm.com,false,
2022-06-12 10:00:00,USA,PJM Interconnection,US-MIDA-PJM,323.14,386.05,46.4,2.55,pjm.com,false,
2022-06-12 11:00:00,USA,PJM Interconnection,US-MIDA-PJM,327.16,389.7,46.5,2.9,pjm.com,false,
2022-06-12 12:00:00,USA,PJM Interconnection,US-MIDA-PJM,333.79,397.36,45.52,3.56,pjm.com,false,
2022-06-12 13:00:00,USA,PJM Interconnection,US-MIDA-PJM,339.73,405.97,43.34,4.0,pjm.com,false,
2022-06-12 14:00:00,USA,PJM Interconnection,US-MIDA-PJM,346.77,416.06,40.54,3.71,pjm.com,false,
2022-06-12 15:00:00,USA,PJM Interconnection,US-MIDA-PJM,346.09,416.79,39.53,4.24,pjm.com,false,
2022-06-12 16:00:00,USA,PJM Interconnection,US-MIDA-PJM,347.52,419.07,38.79,4.32,pjm.com,false,
2022-06-12 17:00:00,USA,PJM Interconnection,US-MIDA-PJM,343.91,414.71,39.66,5.56,pjm.com,false,
2022-06-12 18:00:00,USA,PJM Interconnection,US-MIDA-PJM,345.72,417.97,38.6,5.48,pjm.com,false,
2022-06-12 19:00:00,USA,PJM Interconnection,US-MIDA-PJM,339.77,411.31,39.6,7.52,pjm.com,false,
2022-06-12 20:00:00,USA,PJM Interconnection,US-MIDA-PJM,342.29,414.72,38.84,7.98,pjm.com,false,
2022-06-12 21:00:00,USA,PJM Interconnection,US-MIDA-PJM,348.83,422.51,37.52,7.36,pjm.com,false,
2022-06-12 22:00:00,USA,PJM Interconnection,US-MIDA-PJM,355.62,430.41,36.32,6.73,pjm.com,false,
2022-06-12 23:00:00,USA,PJM Interconnection,US-MIDA-PJM,359.76,434.94,35.85,5.78,pjm.com,false,
2022-06-13 00:00:00,USA,PJM Interconnection,US-MIDA-PJM,360.13,434.51,36.39,5.57,pjm.com,false,
2022-06-13 01:00:00,USA,PJM Interconnection,US-MIDA-PJM,360.78,434.85,36.42,5.06,pjm.com,false,
2022-06-13 02:00:00,USA,PJM Interconnection,US-MIDA-PJM,366.19,440.09,35.97,3.09,pjm.com,false,
2022-06-13 03:00:00,USA,PJM Interconnection,US-MIDA-PJM,360.42,432.75,37.45,2.79,pjm.com,false,
2022-06-13 04:00:00,USA,PJM Interconnection,US-MIDA-PJM,354.34,424.02,39.6,3.14,pjm.com,false,
2022-06-13 05:00:00,USA,PJM Interconnection,US-MIDA-PJM,349.24,417.87,40.65,3.03,pjm.com,false,
2022-06-13 06:00:00,USA,PJM Interconnection,US-MIDA-PJM,347.48,415.19,41.43,2.96,pjm.com,false,
2022-06-13 07:00:00,USA,PJM Interconnection,US-MIDA-PJM,345.8,412.84,42.03,2.96,pjm.com,false,
2022-06-13 08:00:00,USA,PJM Interconnection,US-MIDA-PJM,346.93,413.98,41.96,2.83,pjm.com,false,
2022-06-13 09:00:00,USA,PJM Interconnection,US-MIDA-PJM,345.49,413.31,41.45,3.4,pjm.com,false,
2022-06-13 10:00:00,USA,PJM Interconnection,US-MIDA-PJM,350.48,420.51,39.57,3.52,pjm.com,false,
2022-06-13 11:00:00,USA,PJM Interconnection,US-MIDA-PJM,351.26,423.01,38.36,4.58,pjm.com,false,
2022-06-13 12:00:00,USA,PJM Interconnection,US-MIDA-PJM,357.66,431.35,36.71,4.69,pjm.com,false,
2022-06-13 13:00:00,USA,PJM Interconnection,US-MIDA-PJM,364.2,439.85,35.0,4.54,pjm.com,false,
2022-06-13 14:00:00,USA,PJM Interconnection,US-MIDA-PJM,372.79,450.74,32.96,4.45,pjm.com,false,
2022-06-13 15:00:00,USA,PJM Interconnection,US-MIDA-PJM,378.6,458.17,31.43,4.46,pjm.com,false,
2022-06-13 16:00:00,USA,PJM Interconnection,US-MIDA-PJM,378.39,458.8,30.85,5.32,pjm.com,false,
2022-06-13 17:00:00,USA,PJM Interconnection,US-MIDA-PJM,376.71,457.92,30.97,6.37,pjm.com,false,
2022-06-13 18:00:00,USA,PJM Interconnection,US-MIDA-PJM,376.76,458.18,31.73,7.85,pjm.com,false,
2022-06-13 19:00:00,USA,PJM Interconnection,US-MIDA-PJM,381.11,463.71,31.47,8.16,pjm.com,false,
2022-06-13 20:00:00,USA,PJM Interconnection,US-MIDA-PJM,382.59,465.86,31.24,8.48,pjm.com,false,
2022-06-13 21:00:00,USA,PJM Interconnection,US-MIDA-PJM,382.54,465.4,31.51,8.77,pjm.com,false,
2022-06-13 22:00:00,USA,PJM Interconnection,US-MIDA-PJM,387.55,470.87,30.88,7.7,pjm.com,false,
2022-06-13 23:00:00,USA,PJM Interconnection,US-MIDA-PJM,387.43,470.13,30.48,6.81,pjm.com,false,
2022-06-14 00:00:00,USA,PJM Interconnection,US-MIDA-PJM,391.51,473.42,30.09,5.39,pjm.com,false,
2022-06-14 01:00:00,USA,PJM Interconnection,US-MIDA-PJM,388.6,468.99,30.2,4.55,pjm.com,false,
2022-06-14 02:00:00,USA,PJM Interconnection,US-MIDA-PJM,387.65,465.98,31.54,4.0,pjm.com,false,
2022-06-14 03:00:00,USA,PJM Interconnection,US-MIDA-PJM,380.96,455.77,34.37,4.97,pjm.com,false,
2022-06-14 04:00:00,USA,PJM Interconnection,US-MIDA-PJM,371.71,444.0,36.68,5.43,pjm.com,false,
2022-06-14 05:00:00,USA,PJM Interconnection,US-MIDA-PJM,364.55,434.52,38.79,5.66,pjm.com,false,
2022-06-14 06:00:00,USA,PJM Interconnection,US-MIDA-PJM,357.84,426.27,40.29,6.29,pjm.com,false,
2022-06-14 07:00:00,USA,PJM Interconnection,US-MIDA-PJM,360.93,429.08,40.37,5.42,pjm.com,false,
2022-06-14 08:00:00,USA,PJM Interconnection,US-MIDA-PJM,362.78,431.5,39.85,4.48,pjm.com,false,
2022-06-14 09:00:00,USA,PJM Interconnection,US-MIDA-PJM,368.45,438.52,38.57,3.64,pjm.com,false,
2022-06-14 10:00:00,USA,PJM Interconnection,US-MIDA-PJM,372.56,444.63,36.9,3.63,pjm.com,false,
2022-06-14 11:00:00,USA,PJM Interconnection,US-MIDA-PJM,379.25,452.82,35.55,3.65,pjm.com,false,
2022-06-14 12:00:00,USA,PJM Interconnection,US-MIDA-PJM,383.96,458.88,34.33,3.68,pjm.com,false,
2022-06-14 13:00:00,USA,PJM Interconnection,US-MIDA-PJM,392.46,467.5,33.97,4.12,pjm.com,false,
2022-06-14 14:00:00,USA,PJM Interconnection,US-MIDA-PJM,390.84,466.17,33.97,5.22,pjm.com,false,
2022-06-14 15:00:00,USA,PJM Interconnection,US-MIDA-PJM,389.62,465.72,33.53,5.61,pjm.com,false,
2022-06-14 16:00:00,USA,PJM Interconnection,US-MIDA-PJM,387.81,464.28,33.51,6.81,pjm.com,false,
2022-06-14 17:00:00,USA,PJM Interconnection,US-MIDA-PJM,387.13,463.95,33.34,7.35,pjm.com,false,
2022-06-14 18:00:00,USA,PJM Interconnection,US-MIDA-PJM,386.89,464.21,32.94,7.54,pjm.com,false,
2022-06-14 19:00:00,USA,PJM Interconnection,US-MIDA-PJM,385.81,463.48,32.75,8.12,pjm.com,false,
2022-06-14 20:00:00,USA,PJM Interconnection,US-MIDA-PJM,385.73,463.75,32.52,8.37,pjm.com,false,
2022-06-14 21:00:00,USA,PJM Interconnection,US-MIDA-PJM,386.93,465.45,32.08,8.42,pjm.com,false,
2022-06-14 22:00:00,USA,PJM Interconnection,US-MIDA-PJM,392.85,471.67,31.5,7.82,pjm.com,false,
2022-06-14 23:00:00,USA,PJM Interconnection,US-MIDA-PJM,396.7,475.7,30.96,6.86,pjm.com,false,
2022-06-15 00:00:00,USA,PJM Interconnection,US-MIDA-PJM,400.41,479.48,30.61,5.59,pjm.com,false,
2022-06-15 01:00:00,USA,PJM Interconnection,US-MIDA-PJM,400.1,478.59,30.98,5.15,pjm.com,false,
2022-06-15 02:00:00,USA,PJM Interconnection,US-MIDA-PJM,402.17,478.77,32.16,4.58,pjm.com,false,
2022-06-15 03:00:00,USA,PJM Interconnection,US-MIDA-PJM,396.21,469.98,34.48,5.09,pjm.com,false,
2022-06-15 04:00:00,USA,PJM Interconnection,US-MIDA-PJM,386.27,458.18,36.33,5.51,pjm.com,false,
2022-06-15 05:00:00,USA,PJM Interconnection,US-MIDA-PJM,378.96,449.67,37.62,5.64,pjm.com,false,
2022-06-15 06:00:00,USA,PJM Interconnection,US-MIDA-PJM,372.56,442.55,38.49,5.66,pjm.com,false,
2022-06-15 07:00:00,USA,PJM Interconnection,US-MIDA-PJM,368.92,438.1,39.28,5.74,pjm.com,false,
2022-06-15 08:00:00,USA,PJM Interconnection,US-MIDA-PJM,370.53,439.67,39.24,5.38,pjm.com,false,
2022-06-15 09:00:00,USA,PJM Interconnection,US-MIDA-PJM,372.92,442.54,38.77,5.1,pjm.com,false,
2022-06-15 10:00:00,USA,PJM Interconnection,US-MIDA-PJM,378.7,450.01,37.24,4.52,pjm.com,false,
2022-06-15 11:00:00,USA,PJM Interconnection,US-MIDA-PJM,383.95,456.42,36.25,5.11,pjm.com,false,
2022-06-15 12:00:00,USA,PJM Interconnection,US-MIDA-PJM,395.59,471.02,33.61,5.25,pjm.com,false,
2022-06-15 13:00:00,USA,PJM Interconnection,US-MIDA-PJM,397.44,474.1,32.65,5.47,pjm.com,false,
2022-06-15 14:00:00,USA,PJM Interconnection,US-MIDA-PJM,400.35,478.47,31.44,5.39,pjm.com,false,
2022-06-15 15:00:00,USA,PJM Interconnection,US-MIDA-PJM,401.21,481.42,29.87,4.94,pjm.com,false,
2022-06-15 16:00:00,USA,PJM Interconnection,US-MIDA-PJM,403.43,484.54,29.17,5.36,pjm.com,false,
2022-06-15 17:00:00,USA,PJM Interconnection,US-MIDA-PJM,399.31,480.23,29.73,6.79,pjm.com,false,
2022-06-15 18:00:00,USA,PJM Interconnection,US-MIDA-PJM,396.38,477.23,30.4,8.29,pjm.com,false,
2022-06-15 19:00:00,USA,PJM Interconnection,US-MIDA-PJM,393.54,473.94,30.94,9.02,pjm.com,false,
2022-06-15 20:00:00,USA,PJM Interconnection,US-MIDA-PJM,393.85,474.3,30.9,9.14,pjm.com,false,
2022-06-15 21:00:00,USA,PJM Interconnection,US-MIDA-PJM,392.49,472.55,31.18,9.55,pjm.com,false,
2022-06-15 22:00:00,USA,PJM Interconnection,US-MIDA-PJM,394.35,474.34,30.93,9.06,pjm.com,false,
2022-06-15 23:00:00,USA,PJM Interconnection,US-MIDA-PJM,398.57,478.72,30.63,8.29,pjm.com,false,
2022-06-16 00:00:00,USA,PJM Interconnection,US-MIDA-PJM,398.05,477.16,30.7,7.5,pjm.com,false,
2022-06-16 01:00:00,USA,PJM Interconnection,US-MIDA-PJM,405.05,484.42,30.01,5.99,pjm.com,false,
2022-06-16 02:00:00,USA,PJM Interconnection,US-MIDA-PJM,408.58,486.45,30.83,5.49,pjm.com,false,
2022-06-16 03:00:00,USA,PJM Interconnection,US-MIDA-PJM,404.24,479.48,32.86,5.66,pjm.com,false,
2022-06-16 04:00:00,USA,PJM Interconnection,US-MIDA-PJM,396.16,469.46,34.68,6.01,pjm.com,false,
2022-06-16 05:00:00,USA,PJM Interconnection,US-MIDA-PJM,385.54,458.12,35.83,5.75,pjm.com,false,
2022-06-16 06:00:00,USA,PJM Interconnection,US-MIDA-PJM,380.88,452.53,36.79,5.47,pjm.com,false,
2022-06-16 07:00:00,USA,PJM Interconnection,US-MIDA-PJM,378.81,450.45,36.9,4.81,pjm.com,false,
2022-06-16 08:00:00,USA,PJM Interconnection,US-MIDA-PJM,375.95,447.43,37.18,4.61,pjm.com,false,
2022-06-16 09:00:00,USA,PJM Interconnection,US-MIDA-PJM,380.41,452.69,36.36,4.4,pjm.com,false,
2022-06-16 10:00:00,USA,PJM Interconnection,US-MIDA-PJM,383.02,456.38,35.42,4.3,pjm.com,false,
2022-06-16 11:00:00,USA,PJM Interconnection,US-MIDA-PJM,385.59,459.86,34.69,4.6,pjm.com,false,
2022-06-16 12:00:00,USA,PJM Interconnection,US-MIDA-PJM,390.01,465.17,33.82,4.9,pjm.com,false,
2022-06-16 13:00:00,USA,PJM Interconnection,US-MIDA-PJM,388.82,465.0,33.22,5.21,pjm.com,false,
2022-06-16 14:00:00,USA,PJM Interconnection,US-MIDA-PJM,391.75,468.87,32.38,5.33,pjm.com,false,
2022-06-16 15:00:00,USA,PJM Interconnection,US-MIDA-PJM,395.93,473.91,31.56,5.63,pjm.com,false,
2022-06-16 16:00:00,USA,PJM Interconnection,US-MIDA-PJM,391.08,468.65,32.2,6.89,pjm.com,false,
2022-06-16 17:00:00,USA,PJM Interconnection,US-MIDA-PJM,389.12,465.9,33.02,8.44,pjm.com,false,
2022-06-16 18:00:00,USA,PJM Interconnection,US-MIDA-PJM,385.8,462.68,33.19,9.12,pjm.com,false,
2022-06-16 19:00:00,USA,PJM Interconnection,US-MIDA-PJM,386.38,463.44,33.03,9.4,pjm.com,false,
2022-06-16 20:00:00,USA,PJM Interconnection,US-MIDA-PJM,384.62,461.31,33.44,9.83,pjm.com,false,
2022-06-16 21:00:00,USA,PJM Interconnection,US-MIDA-PJM,383.62,460.23,33.48,9.88,pjm.com,false,
2022-06-16 22:00:00,USA,PJM Interconnection,US-MIDA-PJM,388.54,465.37,32.95,9.08,pjm.com,false,
2022-06-16 23:00:00,USA,PJM Interconnection,US-MIDA-PJM,396.09,473.65,31.96,7.76,pjm.com,false,
2022-06-17 00:00:00,USA,PJM Interconnection,US-MIDA-PJM,402.39,479.92,31.6,6.54,pjm.com,false,
2022-06-17 01:00:00,USA,PJM Interconnection,US-MIDA-PJM,409.45,487.64,30.58,4.58,pjm.com,false,
2022-06-17 02:00:00,USA,PJM Interconnection,US-MIDA-PJM,407.58,484.07,31.84,4.64,pjm.com,false,
2022-06-17 03:00:00,USA,PJM Interconnection,US-MIDA-PJM,402.81,476.51,34.03,4.87,pjm.com,false,
2022-06-17 04:00:00,USA,PJM Interconnection,US-MIDA-PJM,391.77,463.63,35.95,5.54,pjm.com,false,
2022-06-17 05:00:00,USA,PJM Interconnection,US-MIDA-PJM,377.7,448.71,37.31,5.31,pjm.com,false,
2022-06-17 06:00:00,USA,PJM Interconnection,US-MIDA-PJM,367.8,438.29,38.22,5.01,pjm.com,false,
2022-06-17 07:00:00,USA,PJM Interconnection,US-MIDA-PJM,363.15,433.39,38.65,4.84,pjm.com,false,
2022-06-17 08:00:00,USA,PJM Interconnection,US-MIDA-PJM,366.08,436.53,38.32,4.09,pjm.com,false,
2022-06-17 09:00:00,USA,PJM Interconnection,US-MIDA-PJM,368.35,439.27,37.86,3.88,pjm.com,false,
2022-06-17 10:00:00,USA,PJM Interconnection,US-MIDA-PJM,371.45,442.89,37.34,3.98,pjm.com,false,
2022-06-17 11:00:00,USA,PJM Interconnection,US-MIDA-PJM,372.97,446.07,36.17,4.9,pjm.com,false,
2022-06-17 12:00:00,USA,PJM Interconnection,US-MIDA-PJM,378.48,452.69,35.29,5.58,pjm.com,false,
2022-06-17 13:00:00,USA,PJM Interconnection,US-MIDA-PJM,382.64,458.57,33.84,5.45,pjm.com,false,
2022-06-17 14:00:00,USA,PJM Interconnection,US-MIDA-PJM,384.09,462.11,32.38,5.55,pjm.com,false,
2022-06-17 15:00:00,USA,PJM Interconnection,US-MIDA-PJM,381.06,459.47,32.54,6.95,pjm.com,false,
2022-06-17 16:00:00,USA,PJM Interconnection,US-MIDA-PJM,373.1,450.85,33.32,8.69,pjm.com,false,
2022-06-17 17:00:00,USA,PJM Interconnection,US-MIDA-PJM,371.55,449.2,33.53,9.39,pjm.com,false,
2022-06-17 18:00:00,USA,PJM Interconnection,US-MIDA-PJM,374.2,452.21,33.11,9.23,pjm.com,false,
2022-06-17 19:00:00,USA,PJM Interconnection,US-MIDA-PJM,375.26,452.93,33.3,9.44,pjm.com,false,
2022-06-17 20:00:00,USA,PJM Interconnection,US-MIDA-PJM,376.55,454.08,33.34,9.67,pjm.com,false,
2022-06-17 21:00:00,USA,PJM Interconnection,US-MIDA-PJM,378.89,457.08,32.8,9.11,pjm.com,false,
2022-06-17 22:00:00,USA,PJM Interconnection,US-MIDA-PJM,382.78,460.99,32.51,8.34,pjm.com,false,
2022-06-17 23:00:00,USA,PJM Interconnection,US-MIDA-PJM,387.7,465.8,32.13,7.02,pjm.com,false,
2022-06-18 00:00:00,USA,PJM Interconnection,US-MIDA-PJM,389.24,465.99,32.89,6.32,pjm.com,false,
2022-06-18 01:00:00,USA,PJM Interconnection,US-MIDA-PJM,393.16,469.48,32.89,4.96,pjm.com,false,
2022-06-18 02:00:00,USA,PJM Interconnection,US-MIDA-PJM,390.33,465.5,33.68,3.99,pjm.com,false,
2022-06-18 03:00:00,USA,PJM Interconnection,US-MIDA-PJM,380.41,452.79,36.18,4.44,pjm.com,false,
2022-06-18 04:00:00,USA,PJM Interconnection,US-MIDA-PJM,355.77,424.13,40.51,6.16,pjm.com,false,
2022-06-18 05:00:00,USA,PJM Interconnection,US-MIDA-PJM,343.6,409.93,42.58,6.12,pjm.com,false,
2022-06-18 06:00:00,USA,PJM Interconnection,US-MIDA-PJM,336.39,400.29,44.77,6.87,pjm.com,false,
2022-06-18 07:00:00,USA,PJM Interconnection,US-MIDA-PJM,332.93,394.81,46.45,7.22,pjm.com,false,
2022-06-18 08:00:00,USA,PJM Interconnection,US-MIDA-PJM,331.04,391.41,47.69,7.38,pjm.com,false,
2022-06-18 09:00:00,USA,PJM Interconnection,US-MIDA-PJM,332.09,392.16,47.86,7.04,pjm.com,false,
2022-06-18 10:00:00,USA,PJM Interconnection,US-MIDA-PJM,336.12,396.31,47.59,6.49,pjm.com,false,
2022-06-18 11:00:00,USA,PJM Interconnection,US-MIDA-PJM,337.52,398.71,46.95,7.11,pjm.com,false,
2022-06-18 12:00:00,USA,PJM Interconnection,US-MIDA-PJM,338.51,401.57,45.65,7.83,pjm.com,false,
2022-06-18 13:00:00,USA,PJM Interconnection,US-MIDA-PJM,338.6,401.2,46.04,8.26,pjm.com,false,
2022-06-18 14:00:00,USA,PJM Interconnection,US-MIDA-PJM,337.62,401.0,45.53,8.66,pjm.com,false,
2022-06-18 15:00:00,USA,PJM Interconnection,US-MIDA-PJM,340.65,405.11,44.57,8.35,pjm.com,false,
2022-06-18 16:00:00,USA,PJM Interconnection,US-MIDA-PJM,341.89,407.48,43.64,8.07,pjm.com,false,
2022-06-18 17:00:00,USA,PJM Interconnection,US-MIDA-PJM,339.97,405.22,44.02,8.51,pjm.com,false,
2022-06-18 18:00:00,USA,PJM Interconnection,US-MIDA-PJM,338.11,403.6,43.98,9.21,pjm.com,false,
2022-06-18 19:00:00,USA,PJM Interconnection,US-MIDA-PJM,338.67,404.28,43.87,9.35,pjm.com,false,
2022-06-18 20:00:00,USA,PJM Interconnection,US-MIDA-PJM,338.09,403.57,44.06,9.93,pjm.com,false,
2022-06-18 21:00:00,USA,PJM Interconnection,US-MIDA-PJM,339.43,405.5,43.58,10.26,pjm.com,false,
2022-06-18 22:00:00,USA,PJM Interconnection,US-MIDA-PJM,338.01,403.58,44.01,10.41,pjm.com,false,
2022-06-18 23:00:00,USA,PJM Interconnection,US-MIDA-PJM,349.02,415.83,42.26,7.84,pjm.com,false,
2022-06-19 00:00:00,USA,PJM Interconnection,US-MIDA-PJM,353.25,419.56,42.27,6.24,pjm.com,false,
2022-06-19 01:00:00,USA,PJM Interconnection,US-MIDA-PJM,353.63,419.6,42.37,5.38,pjm.com,false,
2022-06-19 02:00:00,USA,PJM Interconnection,US-MIDA-PJM,345.88,409.04,44.82,6.27,pjm.com,false,
2022-06-19 03:00:00,USA,PJM Interconnection,US-MIDA-PJM,341.8,403.19,46.34,6.37,pjm.com,false,
2022-06-19 04:00:00,USA,PJM Interconnection,US-MIDA-PJM,334.24,392.49,49.09,6.37,pjm.com,false,
2022-06-19 05:00:00,USA,PJM Interconnection,US-MIDA-PJM,333.14,392.33,48.46,5.42,pjm.com,false,
2022-06-19 06:00:00,USA,PJM Interconnection,US-MIDA-PJM,330.8,388.19,49.95,4.99,pjm.com,false,
2022-06-19 07:00:00,USA,PJM Interconnection,US-MIDA-PJM,333.33,391.14,49.53,4.35,pjm.com,false,
2022-06-19 08:00:00,USA,PJM Interconnection,US-MIDA-PJM,333.1,390.55,49.82,3.8,pjm.com,false,
2022-06-19 09:00:00,USA,PJM Interconnection,US-MIDA-PJM,335.48,392.66,49.89,3.7,pjm.com,false,
2022-06-19 10:00:00,USA,PJM Interconnection,US-MIDA-PJM,334.61,390.96,50.59,3.92,pjm.com,false,
2022-06-19 11:00:00,USA,PJM Interconnection,US-MIDA-PJM,325.69,381.58,51.62,6.11,pjm.com,false,
2022-06-19 12:00:00,USA,PJM Interconnection,US-MIDA-PJM,323.14,379.75,51.4,7.35,pjm.com,false,
2022-06-19 13:00:00,USA,PJM Interconnection,US-MIDA-PJM,324.02,381.15,51.02,7.95,pjm.com,false,
2022-06-19 14:00:00,USA,PJM Interconnection,US-MIDA-PJM,327.12,385.72,49.75,8.21,pjm.com,false,
2022-06-19 15:00:00,USA,PJM Interconnection,US-MIDA-PJM,334.0,392.8,49.26,8.6,pjm.com,false,
2022-06-19 16:00:00,USA,PJM Interconnection,US-MIDA-PJM,337.27,397.62,47.91,8.14,pjm.com,false,
2022-06-19 17:00:00,USA,PJM Interconnection,US-MIDA-PJM,337.94,399.67,46.87,8.33,pjm.com,false,
2022-06-19 18:00:00,USA,PJM Interconnection,US-MIDA-PJM,339.92,402.68,45.99,8.42,pjm.com,false,
2022-06-19 19:00:00,USA,PJM Interconnection,US-MIDA-PJM,340.16,403.81,45.37,9.0,pjm.com,false,
2022-06-19 20:00:00,USA,PJM Interconnection,US-MIDA-PJM,335.04,399.04,45.51,10.77,pjm.com,false,
2022-06-19 21:00:00,USA,PJM Interconnection,US-MIDA-PJM,342.58,409.41,42.94,9.59,pjm.com,false,
2022-06-19 22:00:00,USA,PJM Interconnection,US-MIDA-PJM,347.06,414.53,42.16,9.09,pjm.com,false,
2022-06-19 23:00:00,USA,PJM Interconnection,US-MIDA-PJM,359.16,428.41,40.01,6.91,pjm.com,false,
2022-06-20 00:00:00,USA,PJM Interconnection,US-MIDA-PJM,362.94,432.25,39.64,5.52,pjm.com,false,
2022-06-20 01:00:00,USA,PJM Interconnection,US-MIDA-PJM,363.51,432.58,39.71,5.21,pjm.com,false,
2022-06-20 02:00:00,USA,PJM Interconnection,US-MIDA-PJM,366.76,435.68,39.48,3.66,pjm.com,false,
2022-06-20 03:00:00,USA,PJM Interconnection,US-MIDA-PJM,356.12,420.5,43.4,4.96,pjm.com,false,
2022-06-20 04:00:00,USA,PJM Interconnection,US-MIDA-PJM,343.37,404.54,46.45,6.26,pjm.com,false,
2022-06-20 05:00:00,USA,PJM Interconnection,US-MIDA-PJM,333.98,393.36,48.27,7.01,pjm.com,false,
2022-06-20 06:00:00,USA,PJM Interconnection,US-MIDA-PJM,330.61,387.8,50.08,7.42,pjm.com,false,
2022-06-20 07:00:00,USA,PJM Interconnection,US-MIDA-PJM,334.03,391.66,49.62,6.39,pjm.com,false,
2022-06-20 08:00:00,USA,PJM Interconnection,US-MIDA-PJM,335.02,392.73,49.51,6.26,pjm.com,false,
2022-06-20 09:00:00,USA,PJM Interconnection,US-MIDA-PJM,340.18,399.54,48.02,5.76,pjm.com,false,
2022-06-20 10:00:00,USA,PJM Interconnection,US-MIDA-PJM,341.96,402.04,47.39,6.78,pjm.com,false,
2022-06-20 11:00:00,USA,PJM Interconnection,US-MIDA-PJM,343.21,403.85,47.01,7.93,pjm.com,false,
2022-06-20 12:00:00,USA,PJM Interconnection,US-MIDA-PJM,348.74,412.08,44.86,7.62,pjm.com,false,
2022-06-20 13:00:00,USA,PJM Interconnection,US-MIDA-PJM,355.29,421.85,42.22,6.67,pjm.com,false,
2022-06-20 14:00:00,USA,PJM Interconnection,US-MIDA-PJM,346.28,412.6,43.08,8.95,pjm.com,false,
2022-06-20 15:00:00,USA,PJM Interconnection,US-MIDA-PJM,349.57,417.7,41.56,8.62,pjm.com,false,
2022-06-20 16:00:00,USA,PJM Interconnection,US-MIDA-PJM,356.19,425.32,40.5,8.78,pjm.com,false,
2022-06-20 17:00:00,USA,PJM Interconnection,US-MIDA-PJM,371.11,443.28,37.62,6.98,pjm.com,false,
2022-06-20 18:00:00,USA,PJM Interconnection,US-MIDA-PJM,373.56,446.85,36.63,6.95,pjm.com,false,
2022-06-20 19:00:00,USA,PJM Interconnection,US-MIDA-PJM,373.59,447.24,36.28,7.33,pjm.com,false,
2022-06-20 20:00:00,USA,PJM Interconnection,US-MIDA-PJM,368.52,442.08,36.67,8.75,pjm.com,false,
2022-06-20 21:00:00,USA,PJM Interconnection,US-MIDA-PJM,370.28,444.61,35.95,8.51,pjm.com,false,
2022-06-20 22:00:00,USA,PJM Interconnection,US-MIDA-PJM,377.15,452.23,34.89,7.47,pjm.com,false,
2022-06-20 23:00:00,USA,PJM Interconnection,US-MIDA-PJM,382.61,458.07,34.22,6.37,pjm.com,false,
2022-06-21 00:00:00,USA,PJM Interconnection,US-MIDA-PJM,384.08,459.07,34.42,5.65,pjm.com,false,
2022-06-21 01:00:00,USA,PJM Interconnection,US-MIDA-PJM,385.75,460.23,34.42,4.79,pjm.com,false,
2022-06-21 02:00:00,USA,PJM Interconnection,US-MIDA-PJM,377.34,449.57,36.45,5.47,pjm.com,false,
2022-06-21 03:00:00,USA,PJM Interconnection,US-MIDA-PJM,367.12,436.16,39.29,6.52,pjm.com,false,
2022-06-21 04:00:00,USA,PJM Interconnection,US-MIDA-PJM,358.3,422.84,43.11,7.18,pjm.com,false,
2022-06-21 05:00:00,USA,PJM Interconnection,US-MIDA-PJM,353.27,415.08,45.4,7.63,pjm.com,false,
2022-06-21 06:00:00,USA,PJM Interconnection,US-MIDA-PJM,349.35,409.65,46.74,7.61,pjm.com,false,
2022-06-21 07:00:00,USA,PJM Interconnection,US-MIDA-PJM,347.79,408.08,46.86,6.81,pjm.com,false,
2022-06-21 08:00:00,USA,PJM Interconnection,US-MIDA-PJM,346.32,406.39,47.09,7.11,pjm.com,false,
2022-06-21 09:00:00,USA,PJM Interconnection,US-MIDA-PJM,353.92,415.06,45.92,6.74,pjm.com,false,
2022-06-21 10:00:00,USA,PJM Interconnection,US-MIDA-PJM,359.7,422.5,44.41,6.62,pjm.com,false,
2022-06-21 11:00:00,USA,PJM Interconnection,US-MIDA-PJM,361.57,426.96,42.45,6.52,pjm.com,false,
2022-06-21 12:00:00,USA,PJM Interconnection,US-MIDA-PJM,367.66,436.58,39.61,6.03,pjm.com,false,
2022-06-21 13:00:00,USA,PJM Interconnection,US-MIDA-PJM,372.69,442.49,38.79,5.88,pjm.com,false,
2022-06-21 14:00:00,USA,PJM Interconnection,US-MIDA-PJM,372.37,443.18,38.19,6.73,pjm.com,false,
2022-06-21 15:00:00,USA,PJM Interconnection,US-MIDA-PJM,379.21,452.13,36.27,6.66,pjm.com,false,
2022-06-21 16:00:00,USA,PJM Interconnection,US-MIDA-PJM,383.93,458.06,35.19,7.06,pjm.com,false,
2022-06-21 17:00:00,USA,PJM Interconnection,US-MIDA-PJM,385.32,459.84,34.87,7.69,pjm.com,false,
2022-06-21 18:00:00,USA,PJM Interconnection,US-MIDA-PJM,380.38,454.9,35.2,9.26,pjm.com,false,
2022-06-21 19:00:00,USA,PJM Interconnection,US-MIDA-PJM,381.44,456.78,34.52,9.53,pjm.com,false,
2022-06-21 20:00:00,USA,PJM Interconnection,US-MIDA-PJM,384.29,460.52,33.68,9.24,pjm.com,false,
2022-06-21 21:00:00,USA,PJM Interconnection,US-MIDA-PJM,386.09,462.67,33.31,9.33,pjm.com,false,
2022-06-21 22:00:00,USA,PJM Interconnection,US-MIDA-PJM,386.72,462.92,33.61,9.44,pjm.com,false,
2022-06-21 23:00:00,USA,PJM Interconnection,US-MIDA-PJM,392.22,469.03,32.81,8.42,pjm.com,false,
2022-06-22 00:00:00,USA,PJM Interconnection,US-MIDA-PJM,398.54,475.55,32.16,6.93,pjm.com,false,
2022-06-22 01:00:00,USA,PJM Interconnection,US-MIDA-PJM,406.72,484.18,31.26,5.13,pjm.com,false,
2022-06-22 02:00:00,USA,PJM Interconnection,US-MIDA-PJM,405.87,481.65,32.41,4.72,pjm.com,false,
2022-06-22 03:00:00,USA,PJM Interconnection,US-MIDA-PJM,400.59,473.7,34.58,4.74,pjm.com,false,
2022-06-22 04:00:00,USA,PJM Interconnection,US-MIDA-PJM,393.82,464.88,36.42,4.88,pjm.com,false,
2022-06-22 05:00:00,USA,PJM Interconnection,US-MIDA-PJM,384.2,453.44,38.28,5.18,pjm.com,false,
2022-06-22 06:00:00,USA,PJM Interconnection,US-MIDA-PJM,374.3,442.6,39.5,5.33,pjm.com,false,
2022-06-22 07:00:00,USA,PJM Interconnection,US-MIDA-PJM,369.81,436.53,40.94,5.49,pjm.com,false,
2022-06-22 08:00:00,USA,PJM Interconnection,US-MIDA-PJM,370.43,437.16,40.91,4.77,pjm.com,false,
2022-06-22 09:00:00,USA,PJM Interconnection,US-MIDA-PJM,369.41,437.0,40.33,4.91,pjm.com,false,
2022-06-22 10:00:00,USA,PJM Interconnection,US-MIDA-PJM,377.09,446.48,38.62,4.28,pjm.com,false,
2022-06-22 11:00:00,USA,PJM Interconnection,US-MIDA-PJM,380.9,451.31,37.76,4.65,pjm.com,false,
2022-06-22 12:00:00,USA,PJM Interconnection,US-MIDA-PJM,388.55,460.97,35.96,4.72,pjm.com,false,
2022-06-22 13:00:00,USA,PJM Interconnection,US-MIDA-PJM,395.81,469.17,34.94,5.08,pjm.com,false,
2022-06-22 14:00:00,USA,PJM Interconnection,US-MIDA-PJM,404.67,480.02,33.12,4.73,pjm.com,false,
2022-06-22 15:00:00,USA,PJM Interconnection,US-MIDA-PJM,411.06,488.3,31.59,4.62,pjm.com,false,
2022-06-22 16:00:00,USA,PJM Interconnection,US-MIDA-PJM,404.84,482.21,31.91,5.95,pjm.com,false,
2022-06-22 17:00:00,USA,PJM Interconnection,US-MIDA-PJM,405.22,483.0,31.56,6.64,pjm.com,false,
2022-06-22 18:00:00,USA,PJM Interconnection,US-MIDA-PJM,402.62,479.84,32.08,7.54,pjm.com,false,
2022-06-22 19:00:00,USA,PJM Interconnection,US-MIDA-PJM,398.02,475.42,32.12,7.77,pjm.com,false,
2022-06-22 20:00:00,USA,PJM Interconnection,US-MIDA-PJM,395.67,472.13,32.89,8.27,pjm.com,false,
2022-06-22 21:00:00,USA,PJM Interconnection,US-MIDA-PJM,395.58,471.51,33.25,8.45,pjm.com,false,
2022-06-22 22:00:00,USA,PJM Interconnection,US-MIDA-PJM,397.28,472.86,33.37,8.1,pjm.com,false,
2022-06-22 23:00:00,USA,PJM Interconnection,US-MIDA-PJM,401.71,477.17,33.19,7.33,pjm.com,false,
2022-06-23 00:00:00,USA,PJM Interconnection,US-MIDA-PJM,411.91,489.08,31.26,4.49,pjm.com,false,
2022-06-23 01:00:00,USA,PJM Interconnection,US-MIDA-PJM,415.5,492.8,30.9,3.04,pjm.com,false,
2022-06-23 02:00:00,USA,PJM Interconnection,US-MIDA-PJM,407.07,482.76,32.47,2.83,pjm.com,false,
2022-06-23 03:00:00,USA,PJM Interconnection,US-MIDA-PJM,400.1,473.51,34.39,3.08,pjm.com,false,
2022-06-23 04:00:00,USA,PJM Interconnection,US-MIDA-PJM,381.7,453.48,36.55,3.29,pjm.com,false,
2022-06-23 05:00:00,USA,PJM Interconnection,US-MIDA-PJM,367.65,438.97,37.65,3.27,pjm.com,false,
2022-06-23 06:00:00,USA,PJM Interconnection,US-MIDA-PJM,364.0,434.0,38.83,3.32,pjm.com,false,
2022-06-23 07:00:00,USA,PJM Interconnection,US-MIDA-PJM,364.52,433.15,39.82,3.07,pjm.com,false,
2022-06-23 08:00:00,USA,PJM Interconnection,US-MIDA-PJM,363.25,432.23,39.65,2.55,pjm.com,false,
2022-06-23 09:00:00,USA,PJM Interconnection,US-MIDA-PJM,367.97,438.07,38.57,2.03,pjm.com,false,
2022-06-23 10:00:00,USA,PJM Interconnection,US-MIDA-PJM,375.18,446.52,37.29,1.98,pjm.com,false,
2022-06-23 11:00:00,USA,PJM Interconnection,US-MIDA-PJM,382.77,455.69,35.75,2.03,pjm.com,false,
2022-06-23 12:00:00,USA,PJM Interconnection,US-MIDA-PJM,388.84,462.92,34.61,1.93,pjm.com,false,
2022-06-23 13:00:00,USA,PJM Interconnection,US-MIDA-PJM,390.17,463.94,34.85,2.19,pjm.com,false,
2022-06-23 14:00:00,USA,PJM Interconnection,US-MIDA-PJM,391.35,466.51,33.79,2.47,pjm.com,false,
2022-06-23 15:00:00,USA,PJM Interconnection,US-MIDA-PJM,389.67,465.19,33.72,3.27,pjm.com,false,
2022-06-23 16:00:00,USA,PJM Interconnection,US-MIDA-PJM,389.01,464.86,33.54,3.95,pjm.com,false,
2022-06-23 17:00:00,USA,PJM Interconnection,US-MIDA-PJM,385.25,461.25,33.68,4.74,pjm.com,false,
2022-06-23 18:00:00,USA,PJM Interconnection,US-MIDA-PJM,380.17,455.51,34.57,5.71,pjm.com,false,
2022-06-23 19:00:00,USA,PJM Interconnection,US-MIDA-PJM,381.95,457.43,34.37,6.37,pjm.com,false,
2022-06-23 20:00:00,USA,PJM Interconnection,US-MIDA-PJM,384.26,460.71,33.51,6.17,pjm.com,false,
2022-06-23 21:00:00,USA,PJM Interconnection,US-MIDA-PJM,384.27,460.55,33.72,6.75,pjm.com,false,
2022-06-23 22:00:00,USA,PJM Interconnection,US-MIDA-PJM,388.29,465.03,33.11,5.92,pjm.com,false,
2022-06-23 23:00:00,USA,PJM Interconnection,US-MIDA-PJM,390.86,467.94,32.6,4.92,pjm.com,false,
2022-06-24 00:00:00,USA,PJM Interconnection,US-MIDA-PJM,391.33,467.54,33.15,4.41,pjm.com,false,
2022-06-24 01:00:00,USA,PJM Interconnection,US-MIDA-PJM,399.44,475.82,32.46,2.75,pjm.com,false,
2022-06-24 02:00:00,USA,PJM Interconnection,US-MIDA-PJM,396.73,472.08,33.22,1.79,pjm.com,false,
2022-06-24 03:00:00,USA,PJM Interconnection,US-MIDA-PJM,379.68,452.95,35.61,2.17,pjm.com,false,
2022-06-24 04:00:00,USA,PJM Interconnection,US-MIDA-PJM,368.67,439.63,37.89,1.99,pjm.com,false,
2022-06-24 05:00:00,USA,PJM Interconnection,US-MIDA-PJM,357.82,428.06,39.01,2.06,pjm.com,false,
2022-06-24 06:00:00,USA,PJM Interconnection,US-MIDA-PJM,354.48,422.6,40.76,2.18,pjm.com,false,
2022-06-24 07:00:00,USA,PJM Interconnection,US-MIDA-PJM,352.5,419.9,41.4,1.94,pjm.com,false,
2022-06-24 08:00:00,USA,PJM Interconnection,US-MIDA-PJM,351.29,418.27,41.78,1.94,pjm.com,false,
2022-06-24 09:00:00,USA,PJM Interconnection,US-MIDA-PJM,351.33,419.57,40.85,1.87,pjm.com,false,
2022-06-24 10:00:00,USA,PJM Interconnection,US-MIDA-PJM,355.73,425.78,39.29,1.73,pjm.com,false,
2022-06-24 11:00:00,USA,PJM Interconnection,US-MIDA-PJM,354.19,425.11,38.84,2.82,pjm.com,false,
2022-06-24 12:00:00,USA,PJM Interconnection,US-MIDA-PJM,357.6,429.48,38.05,3.6,pjm.com,false,
2022-06-24 13:00:00,USA,PJM Interconnection,US-MIDA-PJM,362.53,435.92,36.68,3.47,pjm.com,false,
2022-06-24 14:00:00,USA,PJM Interconnection,US-MIDA-PJM,365.47,439.79,35.91,3.51,pjm.com,false,
2022-06-24 15:00:00,USA,PJM Interconnection,US-MIDA-PJM,372.65,448.72,34.22,3.32,pjm.com,false,
2022-06-24 16:00:00,USA,PJM Interconnection,US-MIDA-PJM,370.54,447.31,33.87,4.07,pjm.com,false,
2022-06-24 17:00:00,USA,PJM Interconnection,US-MIDA-PJM,367.88,444.66,34.09,5.76,pjm.com,false,
2022-06-24 18:00:00,USA,PJM Interconnection,US-MIDA-PJM,368.53,445.98,33.56,6.25,pjm.com,false,
2022-06-24 19:00:00,USA,PJM Interconnection,US-MIDA-PJM,367.99,446.23,33.0,6.65,pjm.com,false,
2022-06-24 20:00:00,USA,PJM Interconnection,US-MIDA-PJM,367.78,446.38,32.78,7.18,pjm.com,false,
2022-06-24 21:00:00,USA,PJM Interconnection,US-MIDA-PJM,369.71,448.43,32.59,7.2,pjm.com,false,
2022-06-24 22:00:00,USA,PJM Interconnection,US-MIDA-PJM,371.55,450.72,32.13,6.81,pjm.com,false,
2022-06-24 23:00:00,USA,PJM Interconnection,US-MIDA-PJM,379.57,459.26,31.16,5.24,pjm.com,false,
2022-06-25 00:00:00,USA,PJM Interconnection,US-MIDA-PJM,383.11,462.54,30.97,3.41,pjm.com,false,
2022-06-25 01:00:00,USA,PJM Interconnection,US-MIDA-PJM,387.39,466.79,30.62,1.8,pjm.com,false,
2022-06-25 02:00:00,USA,PJM Interconnection,US-MIDA-PJM,386.82,465.27,31.27,0.95,pjm.com,false,
2022-06-25 03:00:00,USA,PJM Interconnection,US-MIDA-PJM,382.14,458.25,33.17,1.15,pjm.com,false,
2022-06-25 04:00:00,USA,PJM Interconnection,US-MIDA-PJM,366.8,440.31,35.91,1.5,pjm.com,false,
2022-06-25 05:00:00,USA,PJM Interconnection,US-MIDA-PJM,353.41,425.42,37.72,1.6,pjm.com,false,
2022-06-25 06:00:00,USA,PJM Interconnection,US-MIDA-PJM,340.55,410.14,40.19,2.04,pjm.com,false,
2022-06-25 07:00:00,USA,PJM Interconnection,US-MIDA-PJM,333.21,401.29,41.7,2.47,pjm.com,false,
2022-06-25 08:00:00,USA,PJM Interconnection,US-MIDA-PJM,328.3,395.01,42.96,3.11,pjm.com,false,
2022-06-25 09:00:00,USA,PJM Interconnection,US-MIDA-PJM,327.29,392.99,43.77,3.55,pjm.com,false,
2022-06-25 10:00:00,USA,PJM Interconnection,US-MIDA-PJM,328.98,394.61,43.77,3.44,pjm.com,false,
2022-06-25 11:00:00,USA,PJM Interconnection,US-MIDA-PJM,328.31,394.59,43.49,4.58,pjm.com,false,
2022-06-25 12:00:00,USA,PJM Interconnection,US-MIDA-PJM,329.02,397.65,41.83,5.72,pjm.com,false,
2022-06-25 13:00:00,USA,PJM Interconnection,US-MIDA-PJM,337.05,408.52,39.33,5.11,pjm.com,false,
2022-06-25 14:00:00,USA,PJM Interconnection,US-MIDA-PJM,343.38,416.74,37.67,5.8,pjm.com,false,
2022-06-25 15:00:00,USA,PJM Interconnection,US-MIDA-PJM,348.6,423.93,36.05,5.75,pjm.com,false,
2022-06-25 16:00:00,USA,PJM Interconnection,US-MIDA-PJM,344.92,420.49,36.11,7.25,pjm.com,false,
2022-06-25 17:00:00,USA,PJM Interconnection,US-MIDA-PJM,338.89,414.04,36.84,9.07,pjm.com,false,
2022-06-25 18:00:00,USA,PJM Interconnection,US-MIDA-PJM,336.64,411.61,37.11,9.88,pjm.com,false,
2022-06-25 19:00:00,USA,PJM Interconnection,US-MIDA-PJM,333.67,408.86,37.11,10.6,pjm.com,false,
2022-06-25 20:00:00,USA,PJM Interconnection,US-MIDA-PJM,339.21,415.36,36.11,10.31,pjm.com,false,
2022-06-25 21:00:00,USA,PJM Interconnection,US-MIDA-PJM,343.48,420.58,35.18,9.56,pjm.com,false,
2022-06-25 22:00:00,USA,PJM Interconnection,US-MIDA-PJM,349.79,427.84,34.07,8.4,pjm.com,false,
2022-06-25 23:00:00,USA,PJM Interconnection,US-MIDA-PJM,356.88,436.09,32.76,6.38,pjm.com,false,
2022-06-26 00:00:00,USA,PJM Interconnection,US-MIDA-PJM,363.45,442.81,32.16,4.47,pjm.com,false,
2022-06-26 01:00:00,USA,PJM Interconnection,US-MIDA-PJM,367.57,446.66,32.05,3.38,pjm.com,false,
2022-06-26 02:00:00,USA,PJM Interconnection,US-MIDA-PJM,369.17,447.62,32.25,1.88,pjm.com,false,
2022-06-26 03:00:00,USA,PJM Interconnection,US-MIDA-PJM,361.98,437.91,34.39,3.02,pjm.com,false,
2022-06-26 04:00:00,USA,PJM Interconnection,US-MIDA-PJM,352.81,425.99,36.9,3.62,pjm.com,false,
2022-06-26 05:00:00,USA,PJM Interconnection,US-MIDA-PJM,343.56,413.71,39.62,4.48,pjm.com,false,
2022-06-26 06:00:00,USA,PJM Interconnection,US-MIDA-PJM,339.71,408.12,41.11,4.26,pjm.com,false,
2022-06-26 07:00:00,USA,PJM Interconnection,US-MIDA-PJM,335.83,403.58,41.81,4.01,pjm.com,false,
2022-06-26 08:00:00,USA,PJM Interconnection,US-MIDA-PJM,336.45,403.98,41.96,3.91,pjm.com,false,
2022-06-26 09:00:00,USA,PJM Interconnection,US-MIDA-PJM,337.44,404.57,42.21,3.63,pjm.com,false,
2022-06-26 10:00:00,USA,PJM Interconnection,US-MIDA-PJM,338.92,405.7,42.41,3.57,pjm.com,false,
2022-06-26 11:00:00,USA,PJM Interconnection,US-MIDA-PJM,337.2,403.72,42.83,5.02,pjm.com,false,
2022-06-26 12:00:00,USA,PJM Interconnection,US-MIDA-PJM,338.57,407.11,41.37,6.0,pjm.com,false,
2022-06-26 13:00:00,USA,PJM Interconnection,US-MIDA-PJM,338.93,408.3,40.77,7.25,pjm.com,false,
2022-06-26 14:00:00,USA,PJM Interconnection,US-MIDA-PJM,345.71,417.07,39.04,7.35,pjm.com,false,
2022-06-26 15:00:00,USA,PJM Interconnection,US-MIDA-PJM,350.45,423.74,37.41,6.9,pjm.com,false,
2022-06-26 16:00:00,USA,PJM Interconnection,US-MIDA-PJM,346.03,419.86,37.37,8.3,pjm.com,false,
2022-06-26 17:00:00,USA,PJM Interconnection,US-MIDA-PJM,344.06,417.89,37.53,9.27,pjm.com,false,
2022-06-26 18:00:00,USA,PJM Interconnection,US-MIDA-PJM,346.27,421.09,36.69,9.38,pjm.com,false,
2022-06-26 19:00:00,USA,PJM Interconnection,US-MIDA-PJM,343.97,419.1,36.59,9.96,pjm.com,false,
2022-06-26 20:00:00,USA,PJM Interconnection,US-MIDA-PJM,342.41,417.49,36.71,10.36,pjm.com,false,
2022-06-26 21:00:00,USA,PJM Interconnection,US-MIDA-PJM,346.6,422.03,36.19,9.9,pjm.com,false,
2022-06-26 22:00:00,USA,PJM Interconnection,US-MIDA-PJM,348.03,423.7,35.84,9.21,pjm.com,false,
2022-06-26 23:00:00,USA,PJM Interconnection,US-MIDA-PJM,346.67,421.72,36.18,8.82,pjm.com,false,
2022-06-27 00:00:00,USA,PJM Interconnection,US-MIDA-PJM,351.51,426.77,35.71,7.23,pjm.com,false,
2022-06-27 01:00:00,USA,PJM Interconnection,US-MIDA-PJM,361.4,437.21,34.7,5.58,pjm.com,false,
2022-06-27 02:00:00,USA,PJM Interconnection,US-MIDA-PJM,361.72,436.74,35.12,4.08,pjm.com,false,
2022-06-27 03:00:00,USA,PJM Interconnection,US-MIDA-PJM,356.57,429.89,36.56,4.46,pjm.com,false,
2022-06-27 04:00:00,USA,PJM Interconnection,US-MIDA-PJM,351.88,423.14,38.31,4.92,pjm.com,false,
2022-06-27 05:00:00,USA,PJM Interconnection,US-MIDA-PJM,352.29,422.4,39.17,4.54,pjm.com,false,
2022-06-27 06:00:00,USA,PJM Interconnection,US-MIDA-PJM,344.51,412.78,40.94,4.69,pjm.com,false,
2022-06-27 07:00:00,USA,PJM Interconnection,US-MIDA-PJM,338.76,406.85,41.38,4.36,pjm.com,false,
2022-06-27 08:00:00,USA,PJM Interconnection,US-MIDA-PJM,335.42,403.51,41.56,4.31,pjm.com,false,
2022-06-27 09:00:00,USA,PJM Interconnection,US-MIDA-PJM,338.46,407.17,40.95,4.34,pjm.com,false,
2022-06-27 10:00:00,USA,PJM Interconnection,US-MIDA-PJM,345.51,416.17,39.15,4.22,pjm.com,false,
2022-06-27 11:00:00,USA,PJM Interconnection,US-MIDA-PJM,348.9,421.64,37.51,4.35,pjm.com,false,
2022-06-27 12:00:00,USA,PJM Interconnection,US-MIDA-PJM,356.79,430.94,36.15,4.07,pjm.com,false,
2022-06-27 13:00:00,USA,PJM Interconnection,US-MIDA-PJM,362.24,437.07,35.45,3.67,pjm.com,false,
2022-06-27 14:00:00,USA,PJM Interconnection,US-MIDA-PJM,359.5,434.54,35.55,4.58,pjm.com,false,
2022-06-27 15:00:00,USA,PJM Interconnection,US-MIDA-PJM,359.55,434.93,35.27,5.24,pjm.com,false,
2022-06-27 16:00:00,USA,PJM Interconnection,US-MIDA-PJM,349.16,423.45,36.74,7.19,pjm.com,false,
2022-06-27 17:00:00,USA,PJM Interconnection,US-MIDA-PJM,343.41,417.39,37.34,8.46,pjm.com,false,
2022-06-27 18:00:00,USA,PJM Interconnection,US-MIDA-PJM,343.63,418.01,37.01,8.41,pjm.com,false,
2022-06-27 19:00:00,USA,PJM Interconnection,US-MIDA-PJM,347.47,422.11,36.61,8.57,pjm.com,false,
2022-06-27 20:00:00,USA,PJM Interconnection,US-MIDA-PJM,348.77,423.57,36.44,8.59,pjm.com,false,
2022-06-27 21:00:00,USA,PJM Interconnection,US-MIDA-PJM,353.34,427.98,36.31,8.56,pjm.com,false,
2022-06-27 22:00:00,USA,PJM Interconnection,US-MIDA-PJM,354.55,429.15,36.23,8.08,pjm.com,false,
2022-06-27 23:00:00,USA,PJM Interconnection,US-MIDA-PJM,358.2,433.33,35.56,6.69,pjm.com,false,
2022-06-28 00:00:00,USA,PJM Interconnection,US-MIDA-PJM,358.7,433.91,35.42,5.27,pjm.com,false,
2022-06-28 01:00:00,USA,PJM Interconnection,US-MIDA-PJM,365.42,441.46,34.3,3.03,pjm.com,false,
2022-06-28 02:00:00,USA,PJM Interconnection,US-MIDA-PJM,365.26,440.42,34.85,1.93,pjm.com,false,
2022-06-28 03:00:00,USA,PJM Interconnection,US-MIDA-PJM,361.37,434.73,36.36,1.77,pjm.com,false,
2022-06-28 04:00:00,USA,PJM Interconnection,US-MIDA-PJM,356.87,428.12,38.12,1.57,pjm.com,false,
2022-06-28 05:00:00,USA,PJM Interconnection,US-MIDA-PJM,354.81,425.63,38.55,1.36,pjm.com,false,
2022-06-28 06:00:00,USA,PJM Interconnection,US-MIDA-PJM,351.19,419.66,40.47,1.53,pjm.com,false,
2022-06-28 07:00:00,USA,PJM Interconnection,US-MIDA-PJM,349.74,417.07,41.4,1.72,pjm.com,false,
2022-06-28 08:00:00,USA,PJM Interconnection,US-MIDA-PJM,348.85,416.03,41.56,1.57,pjm.com,false,
2022-06-28 09:00:00,USA,PJM Interconnection,US-MIDA-PJM,349.67,417.8,40.83,1.47,pjm.com,false,
2022-06-28 10:00:00,USA,PJM Interconnection,US-MIDA-PJM,355.71,425.24,39.49,1.53,pjm.com,false,
2022-06-28 11:00:00,USA,PJM Interconnection,US-MIDA-PJM,353.02,423.06,39.4,3.05,pjm.com,false,
2022-06-28 12:00:00,USA,PJM Interconnection,US-MIDA-PJM,352.79,422.73,39.62,4.19,pjm.com,false,
2022-06-28 13:00:00,USA,PJM Interconnection,US-MIDA-PJM,358.44,429.16,38.79,4.44,pjm.com,false,
2022-06-28 14:00:00,USA,PJM Interconnection,US-MIDA-PJM,360.11,430.9,38.68,4.79,pjm.com,false,
2022-06-28 15:00:00,USA,PJM Interconnection,US-MIDA-PJM,362.5,434.58,37.63,5.04,pjm.com,false,
2022-06-28 16:00:00,USA,PJM Interconnection,US-MIDA-PJM,365.16,438.57,36.55,4.88,pjm.com,false,
2022-06-28 17:00:00,USA,PJM Interconnection,US-MIDA-PJM,360.71,434.73,36.44,6.03,pjm.com,false,
2022-06-28 18:00:00,USA,PJM Interconnection,US-MIDA-PJM,357.56,431.89,36.45,6.96,pjm.com,false,
2022-06-28 19:00:00,USA,PJM Interconnection,US-MIDA-PJM,355.03,429.31,36.72,7.66,pjm.com,false,
2022-06-28 20:00:00,USA,PJM Interconnection,US-MIDA-PJM,353.72,428.03,36.71,8.39,pjm.com,false,
2022-06-28 21:00:00,USA,PJM Interconnection,US-MIDA-PJM,356.29,430.97,36.27,8.36,pjm.com,false,
2022-06-28 22:00:00,USA,PJM Interconnection,US-MIDA-PJM,360.65,435.92,35.53,7.57,pjm.com,false,
2022-06-28 23:00:00,USA,PJM Interconnection,US-MIDA-PJM,362.6,438.14,35.1,6.5,pjm.com,false,
2022-06-29 00:00:00,USA,PJM Interconnection,US-MIDA-PJM,369.73,445.92,34.05,4.14,pjm.com,false,
2022-06-29 01:00:00,USA,PJM Interconnection,US-MIDA-PJM,370.5,446.68,33.87,2.84,pjm.com,false,
2022-06-29 02:00:00,USA,PJM Interconnection,US-MIDA-PJM,366.93,441.26,35.29,2.62,pjm.com,false,
2022-06-29 03:00:00,USA,PJM Interconnection,US-MIDA-PJM,362.13,435.02,36.59,3.2,pjm.com,false,
2022-06-29 04:00:00,USA,PJM Interconnection,US-MIDA-PJM,352.37,422.16,39.38,3.97,pjm.com,false,
2022-06-29 05:00:00,USA,PJM Interconnection,US-MIDA-PJM,345.68,413.4,41.27,4.62,pjm.com,false,
2022-06-29 06:00:00,USA,PJM Interconnection,US-MIDA-PJM,341.19,406.75,43.1,4.98,pjm.com,false,
2022-06-29 07:00:00,USA,PJM Interconnection,US-MIDA-PJM,339.85,404.12,44.14,4.92,pjm.com,false,
2022-06-29 08:00:00,USA,PJM Interconnection,US-MIDA-PJM,336.92,400.87,44.54,5.33,pjm.com,false,
2022-06-29 09:00:00,USA,PJM Interconnection,US-MIDA-PJM,337.37,402.25,43.81,5.39,pjm.com,false,
2022-06-29 10:00:00,USA,PJM Interconnection,US-MIDA-PJM,344.14,410.91,42.07,5.05,pjm.com,false,
2022-06-29 11:00:00,USA,PJM Interconnection,US-MIDA-PJM,344.26,412.11,41.39,5.69,pjm.com,false,
2022-06-29 12:00:00,USA,PJM Interconnection,US-MIDA-PJM,351.63,421.14,39.89,5.34,pjm.com,false,
2022-06-29 13:00:00,USA,PJM Interconnection,US-MIDA-PJM,357.15,428.83,38.06,4.71,pjm.com,false,
2022-06-29 14:00:00,USA,PJM Interconnection,US-MIDA-PJM,359.54,432.75,36.85,4.93,pjm.com,false,
2022-06-29 15:00:00,USA,PJM Interconnection,US-MIDA-PJM,366.26,440.78,35.63,5.02,pjm.com,false,
2022-06-29 16:00:00,USA,PJM Interconnection,US-MIDA-PJM,372.78,449.21,33.92,4.66,pjm.com,false,
2022-06-29 17:00:00,USA,PJM Interconnection,US-MIDA-PJM,367.89,444.1,34.44,6.14,pjm.com,false,
2022-06-29 18:00:00,USA,PJM Interconnection,US-MIDA-PJM,371.07,448.24,33.74,6.82,pjm.com,false,
2022-06-29 19:00:00,USA,PJM Interconnection,US-MIDA-PJM,369.81,447.59,33.36,7.01,pjm.com,false,
2022-06-29 20:00:00,USA,PJM Interconnection,US-MIDA-PJM,372.45,450.53,33.02,7.43,pjm.com,false,
2022-06-29 21:00:00,USA,PJM Interconnection,US-MIDA-PJM,375.41,454.93,31.93,6.95,pjm.com,false,
2022-06-29 22:00:00,USA,PJM Interconnection,US-MIDA-PJM,379.65,459.36,31.51,6.42,pjm.com,false,
2022-06-29 23:00:00,USA,PJM Interconnection,US-MIDA-PJM,380.64,460.38,31.36,5.62,pjm.com,false,
2022-06-30 00:00:00,USA,PJM Interconnection,US-MIDA-PJM,380.52,459.87,31.51,4.67,pjm.com,false,
2022-06-30 01:00:00,USA,PJM Interconnection,US-MIDA-PJM,380.01,459.23,31.51,3.64,pjm.com,false,
2022-06-30 02:00:00,USA,PJM Interconnection,US-MIDA-PJM,375.26,452.4,32.88,3.18,pjm.com,false,
2022-06-30 03:00:00,USA,PJM Interconnection,US-MIDA-PJM,367.71,442.17,35.2,3.99,pjm.com,false,
2022-06-30 04:00:00,USA,PJM Interconnection,US-MIDA-PJM,358.25,429.13,38.27,5.04,pjm.com,false,
2022-06-30 05:00:00,USA,PJM Interconnection,US-MIDA-PJM,350.94,419.0,40.75,6.1,pjm.com,false,
2022-06-30 06:00:00,USA,PJM Interconnection,US-MIDA-PJM,346.29,413.07,41.95,5.89,pjm.com,false,
2022-06-30 07:00:00,USA,PJM Interconnection,US-MIDA-PJM,343.24,409.36,42.63,5.67,pjm.com,false,
2022-06-30 08:00:00,USA,PJM Interconnection,US-MIDA-PJM,347.29,413.46,42.39,5.24,pjm.com,false,
2022-06-30 09:00:00,USA,PJM Interconnection,US-MIDA-PJM,351.39,418.79,41.28,4.63,pjm.com,false,
2022-06-30 10:00:00,USA,PJM Interconnection,US-MIDA-PJM,358.09,427.03,39.8,4.43,pjm.com,false,
2022-06-30 11:00:00,USA,PJM Interconnection,US-MIDA-PJM,362.81,433.06,38.7,5.21,pjm.com,false,
2022-06-30 12:00:00,USA,PJM Interconnection,US-MIDA-PJM,366.09,437.22,38.01,6.02,pjm.com,false,
2022-06-30 13:00:00,USA,PJM Interconnection,US-MIDA-PJM,371.12,444.13,36.41,5.81,pjm.com,false,
2022-06-30 14:00:00,USA,PJM Interconnection,US-MIDA-PJM,373.82,447.84,35.53,6.38,pjm.com,false,
2022-06-30 15:00:00,USA,PJM Interconnection,US-MIDA-PJM,377.94,453.35,34.37,6.69,pjm.com,false,
2022-06-30 16:00:00,USA,PJM Interconnection,US-MIDA-PJM,382.69,460.14,32.88,6.65,pjm.com,false,
2022-06-30 17:00:00,USA,PJM Interconnection,US-MIDA-PJM,387.78,465.89,32.21,7.28,pjm.com,false,
2022-06-30 18:00:00,USA,PJM Interconnection,US-MIDA-PJM,385.73,463.87,32.36,8.13,pjm.com,false,
2022-06-30 19:00:00,USA,PJM Interconnection,US-MIDA-PJM,387.34,466.08,31.91,8.49,pjm.com,false,
2022-06-30 20:00:00,USA,PJM Interconnection,US-MIDA-PJM,387.84,466.9,31.62,8.64,pjm.com,false,
2022-06-30 21:00:00,USA,PJM Interconnection,US-MIDA-PJM,390.1,469.44,31.39,8.53,pjm.com,false,
2022-06-30 22:00:00,USA,PJM Interconnection,US-MIDA-PJM,392.92,472.86,30.78,7.62,pjm.com,false,
2022-06-30 23:00:00,USA,PJM Interconnection,US-MIDA-PJM,394.74,474.94,30.36,6.54,pjm.com,false,
2022-07-01 00:00:00,USA,PJM Interconnection,US-MIDA-PJM,398.74,478.72,30.18,5.35,pjm.com,false,
2022-07-01 01:00:00,USA,PJM Interconnection,US-MIDA-PJM,401.94,481.58,30.12,4.19,pjm.com,false,
2022-07-01 02:00:00,USA,PJM Interconnection,US-MIDA-PJM,400.59,478.36,31.33,3.83,pjm.com,false,
2022-07-01 03:00:00,USA,PJM Interconnection,US-MIDA-PJM,391.23,466.32,33.46,4.7,pjm.com,false,
2022-07-01 04:00:00,USA,PJM Interconnection,US-MIDA-PJM,377.76,449.8,36.38,5.57,pjm.com,false,
2022-07-01 05:00:00,USA,PJM Interconnection,US-MIDA-PJM,365.11,434.9,38.69,6.28,pjm.com,false,
2022-07-01 06:00:00,USA,PJM Interconnection,US-MIDA-PJM,358.94,427.45,39.96,6.47,pjm.com,false,
2022-07-01 07:00:00,USA,PJM Interconnection,US-MIDA-PJM,351.32,418.52,41.33,6.61,pjm.com,false,
2022-07-01 08:00:00,USA,PJM Interconnection,US-MIDA-PJM,349.15,415.78,41.87,6.65,pjm.com,false,
2022-07-01 09:00:00,USA,PJM Interconnection,US-MIDA-PJM,350.98,418.61,41.04,6.49,pjm.com,false,
2022-07-01 10:00:00,USA,PJM Interconnection,US-MIDA-PJM,358.77,427.72,39.7,6.04,pjm.com,false,
2022-07-01 11:00:00,USA,PJM Interconnection,US-MIDA-PJM,359.22,430.29,38.22,6.3,pjm.com,false,
2022-07-01 12:00:00,USA,PJM Interconnection,US-MIDA-PJM,363.53,436.87,36.45,5.97,pjm.com,false,
2022-07-01 13:00:00,USA,PJM Interconnection,US-MIDA-PJM,376.66,452.17,34.26,5.24,pjm.com,false,
2022-07-01 14:00:00,USA,PJM Interconnection,US-MIDA-PJM,381.1,458.9,32.7,5.19,pjm.com,false,
2022-07-01 15:00:00,USA,PJM Interconnection,US-MIDA-PJM,384.41,463.65,31.76,5.65,pjm.com,false,
2022-07-01 16:00:00,USA,PJM Interconnection,US-MIDA-PJM,379.08,457.6,32.51,7.45,pjm.com,false,
2022-07-01 17:00:00,USA,PJM Interconnection,US-MIDA-PJM,375.74,454.13,32.84,8.39,pjm.com,false,
2022-07-01 18:00:00,USA,PJM Interconnection,US-MIDA-PJM,381.35,460.58,32.03,7.81,pjm.com,false,
2022-07-01 19:00:00,USA,PJM Interconnection,US-MIDA-PJM,379.94,459.26,32.12,7.72,pjm.com,false,
2022-07-01 20:00:00,USA,PJM Interconnection,US-MIDA-PJM,380.07,459.67,32.03,7.51,pjm.com,false,
2022-07-01 21:00:00,USA,PJM Interconnection,US-MIDA-PJM,381.4,461.13,31.67,6.88,pjm.com,false,
2022-07-01 22:00:00,USA,PJM Interconnection,US-MIDA-PJM,387.72,467.94,31.07,5.91,pjm.com,false,
2022-07-01 23:00:00,USA,PJM Interconnection,US-MIDA-PJM,390.07,470.25,30.63,4.72,pjm.com,false,
2022-07-02 00:00:00,USA,PJM Interconnection,US-MIDA-PJM,395.95,476.34,30.03,3.28,pjm.com,false,
2022-07-02 01:00:00,USA,PJM Interconnection,US-MIDA-PJM,397.96,477.97,29.98,2.23,pjm.com,false,
2022-07-02 02:00:00,USA,PJM Interconnection,US-MIDA-PJM,395.47,473.91,30.94,1.81,pjm.com,false,
2022-07-02 03:00:00,USA,PJM Interconnection,US-MIDA-PJM,390.38,467.42,32.15,2.07,pjm.com,false,
2022-07-02 04:00:00,USA,PJM Interconnection,US-MIDA-PJM,379.76,454.58,34.28,2.12,pjm.com,false,
2022-07-02 05:00:00,USA,PJM Interconnection,US-MIDA-PJM,368.15,442.11,35.52,2.27,pjm.com,false,
2022-07-02 06:00:00,USA,PJM Interconnection,US-MIDA-PJM,361.85,435.04,36.43,1.83,pjm.com,false,
2022-07-02 07:00:00,USA,PJM Interconnection,US-MIDA-PJM,356.68,428.77,37.51,1.7,pjm.com,false,
2022-07-02 08:00:00,USA,PJM Interconnection,US-MIDA-PJM,353.37,424.78,38.19,1.79,pjm.com,false,
2022-07-02 09:00:00,USA,PJM Interconnection,US-MIDA-PJM,353.41,424.77,38.23,1.48,pjm.com,false,
2022-07-02 10:00:00,USA,PJM Interconnection,US-MIDA-PJM,350.65,421.38,38.85,1.6,pjm.com,false,
2022-07-02 11:00:00,USA,PJM Interconnection,US-MIDA-PJM,348.41,418.91,39.24,2.5,pjm.com,false,
2022-07-02 12:00:00,USA,PJM Interconnection,US-MIDA-PJM,348.89,420.82,38.25,3.21,pjm.com,false,
2022-07-02 13:00:00,USA,PJM Interconnection,US-MIDA-PJM,352.11,424.89,37.54,4.07,pjm.com,false,
2022-07-02 14:00:00,USA,PJM Interconnection,US-MIDA-PJM,350.79,425.33,36.37,4.28,pjm.com,false,
2022-07-02 15:00:00,USA,PJM Interconnection,US-MIDA-PJM,356.81,433.24,34.74,4.4,pjm.com,false,
2022-07-02 16:00:00,USA,PJM Interconnection,US-MIDA-PJM,357.26,434.53,34.15,5.04,pjm.com,false,
2022-07-02 17:00:00,USA,PJM Interconnection,US-MIDA-PJM,349.11,425.54,35.36,7.17,pjm.com,false,
2022-07-02 18:00:00,USA,PJM Interconnection,US-MIDA-PJM,353.93,430.88,34.73,7.39,pjm.com,false,
2022-07-02 19:00:00,USA,PJM Interconnection,US-MIDA-PJM,357.21,434.84,34.02,7.16,pjm.com,false,
2022-07-02 20:00:00,USA,PJM Interconnection,US-MIDA-PJM,363.33,441.48,33.28,6.67,pjm.com,false,
2022-07-02 21:00:00,USA,PJM Interconnection,US-MIDA-PJM,370.55,449.31,32.4,6.05,pjm.com,false,
2022-07-02 22:00:00,USA,PJM Interconnection,US-MIDA-PJM,365.47,444.1,32.82,5.84,pjm.com,false,
2022-07-02 23:00:00,USA,PJM Interconnection,US-MIDA-PJM,367.68,446.76,32.2,4.54,pjm.com,false,
2022-07-03 00:00:00,USA,PJM Interconnection,US-MIDA-PJM,371.89,451.02,31.74,2.69,pjm.com,false,
2022-07-03 01:00:00,USA,PJM Interconnection,US-MIDA-PJM,374.1,453.21,31.5,1.58,pjm.com,false,
2022-07-03 02:00:00,USA,PJM Interconnection,US-MIDA-PJM,372.05,449.56,32.72,1.28,pjm.com,false,
2022-07-03 03:00:00,USA,PJM Interconnection,US-MIDA-PJM,366.95,442.82,34.15,1.44,pjm.com,false,
2022-07-03 04:00:00,USA,PJM Interconnection,US-MIDA-PJM,361.41,435.18,36.0,1.37,pjm.com,false,
2022-07-03 05:00:00,USA,PJM Interconnection,US-MIDA-PJM,356.06,428.39,37.36,1.24,pjm.com,false,
2022-07-03 06:00:00,USA,PJM Interconnection,US-MIDA-PJM,350.32,421.26,38.74,1.33,pjm.com,false,
2022-07-03 07:00:00,USA,PJM Interconnection,US-MIDA-PJM,348.17,417.51,40.08,1.31,pjm.com,false,
2022-07-03 08:00:00,USA,PJM Interconnection,US-MIDA-PJM,346.75,415.01,40.97,1.22,pjm.com,false,
2022-07-03 09:00:00,USA,PJM Interconnection,US-MIDA-PJM,346.4,413.79,41.68,1.2,pjm.com,false,
2022-07-03 10:00:00,USA,PJM Interconnection,US-MIDA-PJM,347.68,414.57,42.04,1.2,pjm.com,false,
2022-07-03 11:00:00,USA,PJM Interconnection,US-MIDA-PJM,346.97,413.72,42.3,2.1,pjm.com,false,
2022-07-03 12:00:00,USA,PJM Interconnection,US-MIDA-PJM,348.3,416.68,41.11,2.79,pjm.com,false,
2022-07-03 13:00:00,USA,PJM Interconnection,US-MIDA-PJM,350.54,420.42,39.93,3.38,pjm.com,false,
2022-07-03 14:00:00,USA,PJM Interconnection,US-MIDA-PJM,353.96,426.92,37.46,3.33,pjm.com,false,
2022-07-03 15:00:00,USA,PJM Interconnection,US-MIDA-PJM,357.76,431.76,36.57,3.87,pjm.com,false,
2022-07-03 16:00:00,USA,PJM Interconnection,US-MIDA-PJM,357.57,432.8,35.74,4.61,pjm.com,false,
2022-07-03 17:00:00,USA,PJM Interconnection,US-MIDA-PJM,351.94,426.0,37.04,6.72,pjm.com,false,
2022-07-03 18:00:00,USA,PJM Interconnection,US-MIDA-PJM,355.73,430.99,35.97,6.77,pjm.com,false,
2022-07-03 19:00:00,USA,PJM Interconnection,US-MIDA-PJM,359.45,435.51,35.19,6.63,pjm.com,false,
2022-07-03 20:00:00,USA,PJM Interconnection,US-MIDA-PJM,362.28,439.45,34.23,6.44,pjm.com,false,
2022-07-03 21:00:00,USA,PJM Interconnection,US-MIDA-PJM,365.01,442.68,33.71,6.52,pjm.com,false,
2022-07-03 22:00:00,USA,PJM Interconnection,US-MIDA-PJM,368.71,447.2,32.83,5.5,pjm.com,false,
2022-07-03 23:00:00,USA,PJM Interconnection,US-MIDA-PJM,375.34,454.18,32.1,4.14,pjm.com,false,
2022-07-04 00:00:00,USA,PJM Interconnection,US-MIDA-PJM,373.3,451.27,32.71,3.12,pjm.com,false,
2022-07-04 01:00:00,USA,PJM Interconnection,US-MIDA-PJM,373.73,450.35,33.57,2.37,pjm.com,false,
2022-07-04 02:00:00,USA,PJM Interconnection,US-MIDA-PJM,373.02,448.68,34.2,1.26,pjm.com,false,
2022-07-04 03:00:00,USA,PJM Interconnection,US-MIDA-PJM,366.24,440.3,35.7,1.49,pjm.com,false,
2022-07-04 04:00:00,USA,PJM Interconnection,US-MIDA-PJM,358.3,429.79,38.03,1.85,pjm.com,false,
2022-07-04 05:00:00,USA,PJM Interconnection,US-MIDA-PJM,348.82,418.3,40.02,2.23,pjm.com,false,
2022-07-04 06:00:00,USA,PJM Interconnection,US-MIDA-PJM,348.48,416.35,41.25,2.61,pjm.com,false,
2022-07-04 07:00:00,USA,PJM Interconnection,US-MIDA-PJM,348.14,414.84,42.15,2.13,pjm.com,false,
2022-07-04 08:00:00,USA,PJM Interconnection,US-MIDA-PJM,348.76,414.24,43.04,1.91,pjm.com,false,
2022-07-04 09:00:00,USA,PJM Interconnection,US-MIDA-PJM,348.82,413.78,43.43,1.92,pjm.com,false,
2022-07-04 10:00:00,USA,PJM Interconnection,US-MIDA-PJM,348.47,412.11,44.44,2.27,pjm.com,false,
2022-07-04 11:00:00,USA,PJM Interconnection,US-MIDA-PJM,342.21,405.19,45.39,4.02,pjm.com,false,
2022-07-04 12:00:00,USA,PJM Interconnection,US-MIDA-PJM,338.69,403.04,44.7,5.81,pjm.com,false,
2022-07-04 13:00:00,USA,PJM Interconnection,US-MIDA-PJM,346.79,414.7,41.67,5.39,pjm.com,false,
2022-07-04 14:00:00,USA,PJM Interconnection,US-MIDA-PJM,349.59,420.35,39.41,5.77,pjm.com,false,
2022-07-04 15:00:00,USA,PJM Interconnection,US-MIDA-PJM,355.3,428.12,37.63,6.28,pjm.com,false,
2022-07-04 16:00:00,USA,PJM Interconnection,US-MIDA-PJM,364.2,439.0,35.68,5.89,pjm.com,false,
2022-07-04 17:00:00,USA,PJM Interconnection,US-MIDA-PJM,361.66,436.65,35.78,7.09,pjm.com,false,
2022-07-04 18:00:00,USA,PJM Interconnection,US-MIDA-PJM,362.32,437.8,35.47,7.74,pjm.com,false,
2022-07-04 19:00:00,USA,PJM Interconnection,US-MIDA-PJM,362.58,438.55,35.06,8.07,pjm.com,false,
2022-07-04 20:00:00,USA,PJM Interconnection,US-MIDA-PJM,359.86,436.34,34.85,8.41,pjm.com,false,
2022-07-04 21:00:00,USA,PJM Interconnection,US-MIDA-PJM,362.21,438.95,34.5,8.58,pjm.com,false,
2022-07-04 22:00:00,USA,PJM Interconnection,US-MIDA-PJM,366.96,444.44,33.63,7.63,pjm.com,false,
2022-07-04 23:00:00,USA,PJM Interconnection,US-MIDA-PJM,368.88,446.2,33.53,6.64,pjm.com,false,
2022-07-05 00:00:00,USA,PJM Interconnection,US-MIDA-PJM,371.46,448.74,33.29,5.26,pjm.com,false,
2022-07-05 01:00:00,USA,PJM Interconnection,US-MIDA-PJM,369.22,445.1,34.31,5.18,pjm.com,false,
2022-07-05 02:00:00,USA,PJM Interconnection,US-MIDA-PJM,368.63,443.56,34.89,4.52,pjm.com,false,
2022-07-05 03:00:00,USA,PJM Interconnection,US-MIDA-PJM,363.07,435.99,36.63,5.26,pjm.com,false,
2022-07-05 04:00:00,USA,PJM Interconnection,US-MIDA-PJM,358.83,429.52,38.51,5.8,pjm.com,false,
2022-07-05 05:00:00,USA,PJM Interconnection,US-MIDA-PJM,354.91,423.51,40.26,6.37,pjm.com,false,
2022-07-05 06:00:00,USA,PJM Interconnection,US-MIDA-PJM,352.98,419.52,41.91,6.09,pjm.com,false,
2022-07-05 07:00:00,USA,PJM Interconnection,US-MIDA-PJM,346.58,411.34,43.58,6.5,pjm.com,false,
2022-07-05 08:00:00,USA,PJM Interconnection,US-MIDA-PJM,345.11,410.09,43.49,6.4,pjm.com,false,
2022-07-05 09:00:00,USA,PJM Interconnection,US-MIDA-PJM,352.08,419.66,41.23,5.01,pjm.com,false,
2022-07-05 10:00:00,USA,PJM Interconnection,US-MIDA-PJM,356.52,426.23,39.41,4.88,pjm.com,false,
2022-07-05 11:00:00,USA,PJM Interconnection,US-MIDA-PJM,360.16,431.18,38.32,4.84,pjm.com,false,
2022-07-05 12:00:00,USA,PJM Interconnection,US-MIDA-PJM,359.92,432.33,37.41,5.17,pjm.com,false,
2022-07-05 13:00:00,USA,PJM Interconnection,US-MIDA-PJM,365.63,438.89,36.57,6.26,pjm.com,false,
2022-07-05 14:00:00,USA,PJM Interconnection,US-MIDA-PJM,378.93,454.9,33.97,5.91,pjm.com,false,
2022-07-05 15:00:00,USA,PJM Interconnection,US-MIDA-PJM,383.38,460.85,32.64,5.76,pjm.com,false,
2022-07-05 16:00:00,USA,PJM Interconnection,US-MIDA-PJM,383.7,462.23,31.92,6.28,pjm.com,false,
2022-07-05 17:00:00,USA,PJM Interconnection,US-MIDA-PJM,385.49,464.2,31.78,7.35,pjm.com,false,
2022-07-05 18:00:00,USA,PJM Interconnection,US-MIDA-PJM,387.39,466.4,31.48,7.32,pjm.com,false,
2022-07-05 19:00:00,USA,PJM Interconnection,US-MIDA-PJM,387.77,466.77,31.47,7.59,pjm.com,false,
2022-07-05 20:00:00,USA,PJM Interconnection,US-MIDA-PJM,394.3,473.72,30.8,7.19,pjm.com,false,
2022-07-05 21:00:00,USA,PJM Interconnection,US-MIDA-PJM,397.78,477.55,30.33,7.04,pjm.com,false,
2022-07-05 22:00:00,USA,PJM Interconnection,US-MIDA-PJM,401.64,481.8,29.77,6.12,pjm.com,false,
2022-07-05 23:00:00,USA,PJM Interconnection,US-MIDA-PJM,404.4,484.83,29.37,5.34,pjm.com,false,
2022-07-06 00:00:00,USA,PJM Interconnection,US-MIDA-PJM,403.9,483.72,29.8,4.98,pjm.com,false,
2022-07-06 01:00:00,USA,PJM Interconnection,US-MIDA-PJM,400.05,479.21,30.44,4.94,pjm.com,false,
2022-07-06 02:00:00,USA,PJM Interconnection,US-MIDA-PJM,399.45,477.99,30.76,3.83,pjm.com,false,
2022-07-06 03:00:00,USA,PJM Interconnection,US-MIDA-PJM,396.61,473.74,31.91,3.25,pjm.com,false,
2022-07-06 04:00:00,USA,PJM Interconnection,US-MIDA-PJM,389.8,464.42,33.99,4.05,pjm.com,false,
2022-07-06 05:00:00,USA,PJM Interconnection,US-MIDA-PJM,376.82,450.1,35.66,4.68,pjm.com,false,
2022-07-06 06:00:00,USA,PJM Interconnection,US-MIDA-PJM,372.66,445.95,35.88,4.02,pjm.com,false,
2022-07-06 07:00:00,USA,PJM Interconnection,US-MIDA-PJM,366.13,437.87,37.38,4.35,pjm.com,false,
2022-07-06 08:00:00,USA,PJM Interconnection,US-MIDA-PJM,369.42,440.86,37.44,3.99,pjm.com,false,
2022-07-06 09:00:00,USA,PJM Interconnection,US-MIDA-PJM,375.6,448.82,35.81,3.05,pjm.com,false,
2022-07-06 10:00:00,USA,PJM Interconnection,US-MIDA-PJM,386.29,461.02,34.15,2.51,pjm.com,false,
2022-07-06 11:00:00,USA,PJM Interconnection,US-MIDA-PJM,384.47,460.06,33.65,2.78,pjm.com,false,
2022-07-06 12:00:00,USA,PJM Interconnection,US-MIDA-PJM,390.98,468.58,31.93,2.78,pjm.com,false,
2022-07-06 13:00:00,USA,PJM Interconnection,US-MIDA-PJM,394.36,473.03,31.06,2.9,pjm.com,false,
2022-07-06 14:00:00,USA,PJM Interconnection,US-MIDA-PJM,392.59,471.78,30.89,3.33,pjm.com,false,
2022-07-06 15:00:00,USA,PJM Interconnection,US-MIDA-PJM,395.7,475.33,30.43,3.83,pjm.com,false,
2022-07-06 16:00:00,USA,PJM Interconnection,US-MIDA-PJM,391.48,470.74,31.04,5.14,pjm.com,false,
2022-07-06 17:00:00,USA,PJM Interconnection,US-MIDA-PJM,391.83,471.05,31.09,5.82,pjm.com,false,
2022-07-06 18:00:00,USA,PJM Interconnection,US-MIDA-PJM,389.5,468.31,31.67,6.54,pjm.com,false,
2022-07-06 19:00:00,USA,PJM Interconnection,US-MIDA-PJM,392.45,471.59,31.28,6.17,pjm.com,false,
2022-07-06 20:00:00,USA,PJM Interconnection,US-MIDA-PJM,392.17,471.59,31.04,6.06,pjm.com,false,
2022-07-06 21:00:00,USA,PJM Interconnection,US-MIDA-PJM,392.85,472.35,30.93,5.81,pjm.com,false,
2022-07-06 22:00:00,USA,PJM Interconnection,US-MIDA-PJM,394.5,473.64,30.96,5.47,pjm.com,false,
2022-07-06 23:00:00,USA,PJM Interconnection,US-MIDA-PJM,399.48,478.89,30.48,4.25,pjm.com,false,
2022-07-07 00:00:00,USA,PJM Interconnection,US-MIDA-PJM,402.03,481.06,30.46,3.59,pjm.com,false,
2022-07-07 01:00:00,USA,PJM Interconnection,US-MIDA-PJM,407.34,486.45,29.94,2.14,pjm.com,false,
2022-07-07 02:00:00,USA,PJM Interconnection,US-MIDA-PJM,406.54,484.23,30.93,1.58,pjm.com,false,
2022-07-07 03:00:00,USA,PJM Interconnection,US-MIDA-PJM,401.4,477.35,32.44,1.7,pjm.com,false,
2022-07-07 04:00:00,USA,PJM Interconnection,US-MIDA-PJM,391.96,466.9,33.69,1.36,pjm.com,false,
2022-07-07 05:00:00,USA,PJM Interconnection,US-MIDA-PJM,384.87,458.89,34.74,1.44,pjm.com,false,
2022-07-07 06:00:00,USA,PJM Interconnection,US-MIDA-PJM,375.77,448.44,36.22,1.58,pjm.com,false,
2022-07-07 07:00:00,USA,PJM Interconnection,US-MIDA-PJM,368.97,441.18,36.92,1.62,pjm.com,false,
2022-07-07 08:00:00,USA,PJM Interconnection,US-MIDA-PJM,367.91,440.48,36.73,1.45,pjm.com,false,
2022-07-07 09:00:00,USA,PJM Interconnection,US-MIDA-PJM,370.05,442.8,36.49,1.45,pjm.com,false,
2022-07-07 10:00:00,USA,PJM Interconnection,US-MIDA-PJM,381.05,454.38,35.48,1.51,pjm.com,false,
2022-07-07 11:00:00,USA,PJM Interconnection,US-MIDA-PJM,382.58,456.66,34.89,2.05,pjm.com,false,
2022-07-07 12:00:00,USA,PJM Interconnection,US-MIDA-PJM,378.91,454.44,34.11,2.75,pjm.com,false,
2022-07-07 13:00:00,USA,PJM Interconnection,US-MIDA-PJM,381.11,457.12,33.67,2.9,pjm.com,false,
2022-07-07 14:00:00,USA,PJM Interconnection,US-MIDA-PJM,384.18,461.36,32.69,3.11,pjm.com,false,
2022-07-07 15:00:00,USA,PJM Interconnection,US-MIDA-PJM,387.23,465.58,31.75,3.14,pjm.com,false,
2022-07-07 16:00:00,USA,PJM Interconnection,US-MIDA-PJM,380.01,457.37,33.07,5.48,pjm.com,false,
2022-07-07 17:00:00,USA,PJM Interconnection,US-MIDA-PJM,381.89,459.8,32.62,6.18,pjm.com,false,
2022-07-07 18:00:00,USA,PJM Interconnection,US-MIDA-PJM,380.03,457.85,32.81,6.88,pjm.com,false,
2022-07-07 19:00:00,USA,PJM Interconnection,US-MIDA-PJM,381.21,459.47,32.41,6.78,pjm.com,false,
2022-07-07 20:00:00,USA,PJM Interconnection,US-MIDA-PJM,382.62,461.17,32.15,7.0,pjm.com,false,
2022-07-07 21:00:00,USA,PJM Interconnection,US-MIDA-PJM,385.8,464.26,32.09,6.81,pjm.com,false,
2022-07-07 22:00:00,USA,PJM Interconnection,US-MIDA-PJM,389.25,468.33,31.36,5.9,pjm.com,false,
2022-07-07 23:00:00,USA,PJM Interconnection,US-MIDA-PJM,397.21,477.14,30.15,3.93,pjm.com,false,
2022-07-08 00:00:00,USA,PJM Interconnection,US-MIDA-PJM,400.88,480.86,29.81,2.74,pjm.com,false,
2022-07-08 01:00:00,USA,PJM Interconnection,US-MIDA-PJM,406.7,487.05,29.08,1.2,pjm.com,false,
2022-07-08 02:00:00,USA,PJM Interconnection,US-MIDA-PJM,404.67,483.47,30.23,0.78,pjm.com,false,
2022-07-08 03:00:00,USA,PJM Interconnection,US-MIDA-PJM,400.33,476.92,32.05,0.82,pjm.com,false,
2022-07-08 04:00:00,USA,PJM Interconnection,US-MIDA-PJM,386.63,461.47,34.06,0.94,pjm.com,false,
2022-07-08 05:00:00,USA,PJM Interconnection,US-MIDA-PJM,377.87,452.29,34.83,1.05,pjm.com,false,
2022-07-08 06:00:00,USA,PJM Interconnection,US-MIDA-PJM,373.43,446.47,36.1,1.04,pjm.com,false,
2022-07-08 07:00:00,USA,PJM Interconnection,US-MIDA-PJM,368.8,440.71,37.18,1.17,pjm.com,false,
2022-07-08 08:00:00,USA,PJM Interconnection,US-MIDA-PJM,370.03,441.82,37.2,1.08,pjm.com,false,
2022-07-08 09:00:00,USA,PJM Interconnection,US-MIDA-PJM,373.45,446.36,36.2,1.03,pjm.com,false,
2022-07-08 10:00:00,USA,PJM Interconnection,US-MIDA-PJM,379.72,453.39,35.31,0.98,pjm.com,false,
2022-07-08 11:00:00,USA,PJM Interconnection,US-MIDA-PJM,383.98,458.71,34.32,1.26,pjm.com,false,
2022-07-08 12:00:00,USA,PJM Interconnection,US-MIDA-PJM,386.93,462.6,33.52,1.62,pjm.com,false,
2022-07-08 13:00:00,USA,PJM Interconnection,US-MIDA-PJM,389.33,466.2,32.53,1.88,pjm.com,false,
2022-07-08 14:00:00,USA,PJM Interconnection,US-MIDA-PJM,389.29,466.66,32.25,2.49,pjm.com,false,
2022-07-08 15:00:00,USA,PJM Interconnection,US-MIDA-PJM,383.38,460.62,32.9,4.17,pjm.com,false,
2022-07-08 16:00:00,USA,PJM Interconnection,US-MIDA-PJM,385.03,462.46,32.66,4.86,pjm.com,false,
2022-07-08 17:00:00,USA,PJM Interconnection,US-MIDA-PJM,381.6,458.76,33.17,6.15,pjm.com,false,
2022-07-08 18:00:00,USA,PJM Interconnection,US-MIDA-PJM,376.34,453.24,33.64,7.06,pjm.com,false,
2022-07-08 19:00:00,USA,PJM Interconnection,US-MIDA-PJM,376.19,453.34,33.45,7.05,pjm.com,false,
2022-07-08 20:00:00,USA,PJM Interconnection,US-MIDA-PJM,374.65,451.47,33.77,7.46,pjm.com,false,
2022-07-08 21:00:00,USA,PJM Interconnection,US-MIDA-PJM,376.91,454.25,33.23,6.92,pjm.com,false,
2022-07-08 22:00:00,USA,PJM Interconnection,US-MIDA-PJM,375.74,453.25,33.06,6.11,pjm.com,false,
2022-07-08 23:00:00,USA,PJM Interconnection,US-MIDA-PJM,384.36,462.12,32.3,4.42,pjm.com,false,
2022-07-09 00:00:00,USA,PJM Interconnection,US-MIDA-PJM,380.13,457.43,32.77,3.94,pjm.com,false,
2022-07-09 01:00:00,USA,PJM Interconnection,US-MIDA-PJM,378.86,455.86,32.91,3.46,pjm.com,false,
2022-07-09 02:00:00,USA,PJM Interconnection,US-MIDA-PJM,373.35,449.16,34.01,3.52,pjm.com,false,
2022-07-09 03:00:00,USA,PJM Interconnection,US-MIDA-PJM,367.06,441.16,35.57,3.47,pjm.com,false,
2022-07-09 04:00:00,USA,PJM Interconnection,US-MIDA-PJM,362.08,434.9,37.23,3.62,pjm.com,false,
2022-07-09 05:00:00,USA,PJM Interconnection,US-MIDA-PJM,352.78,424.12,38.39,3.81,pjm.com,false,
2022-07-09 06:00:00,USA,PJM Interconnection,US-MIDA-PJM,341.78,412.66,39.26,3.62,pjm.com,false,
2022-07-09 07:00:00,USA,PJM Interconnection,US-MIDA-PJM,338.25,407.48,40.68,3.78,pjm.com,false,
2022-07-09 08:00:00,USA,PJM Interconnection,US-MIDA-PJM,332.02,400.62,41.47,4.07,pjm.com,false,
2022-07-09 09:00:00,USA,PJM Interconnection,US-MIDA-PJM,330.66,398.78,41.94,4.25,pjm.com,false,
2022-07-09 10:00:00,USA,PJM Interconnection,US-MIDA-PJM,331.91,399.86,42.02,4.07,pjm.com,false,
2022-07-09 11:00:00,USA,PJM Interconnection,US-MIDA-PJM,331.75,400.19,41.69,4.02,pjm.com,false,
2022-07-09 12:00:00,USA,PJM Interconnection,US-MIDA-PJM,335.93,406.18,40.19,3.77,pjm.com,false,
2022-07-09 13:00:00,USA,PJM Interconnection,US-MIDA-PJM,339.67,411.28,39.0,3.86,pjm.com,false,
2022-07-09 14:00:00,USA,PJM Interconnection,US-MIDA-PJM,341.97,414.58,38.2,3.98,pjm.com,false,
2022-07-09 15:00:00,USA,PJM Interconnection,US-MIDA-PJM,344.03,417.91,37.21,4.19,pjm.com,false,
2022-07-09 16:00:00,USA,PJM Interconnection,US-MIDA-PJM,338.31,411.61,38.09,6.11,pjm.com,false,
2022-07-09 17:00:00,USA,PJM Interconnection,US-MIDA-PJM,338.66,412.61,37.61,6.25,pjm.com,false,
2022-07-09 18:00:00,USA,PJM Interconnection,US-MIDA-PJM,335.06,408.58,38.17,7.1,pjm.com,false,
2022-07-09 19:00:00,USA,PJM Interconnection,US-MIDA-PJM,335.3,408.85,38.13,7.41,pjm.com,false,
2022-07-09 20:00:00,USA,PJM Interconnection,US-MIDA-PJM,337.54,410.81,38.23,7.42,pjm.com,false,
2022-07-09 21:00:00,USA,PJM Interconnection,US-MIDA-PJM,344.24,418.06,37.45,7.21,pjm.com,false,
2022-07-09 22:00:00,USA,PJM Interconnection,US-MIDA-PJM,342.63,415.99,37.85,7.35,pjm.com,false,
2022-07-09 23:00:00,USA,PJM Interconnection,US-MIDA-PJM,340.76,414.41,37.65,6.85,pjm.com,false,
2022-07-10 00:00:00,USA,PJM Interconnection,US-MIDA-PJM,353.59,428.56,35.83,4.22,pjm.com,false,
2022-07-10 01:00:00,USA,PJM Interconnection,US-MIDA-PJM,358.4,433.58,35.34,2.92,pjm.com,false,
2022-07-10 02:00:00,USA,PJM Interconnection,US-MIDA-PJM,354.23,427.76,36.7,2.97,pjm.com,false,
2022-07-10 03:00:00,USA,PJM Interconnection,US-MIDA-PJM,342.26,414.17,38.52,3.42,pjm.com,false,
2022-07-10 04:00:00,USA,PJM Interconnection,US-MIDA-PJM,338.06,407.47,40.61,3.56,pjm.com,false,
2022-07-10 05:00:00,USA,PJM Interconnection,US-MIDA-PJM,333.46,400.17,42.86,3.5,pjm.com,false,
2022-07-10 06:00:00,USA,PJM Interconnection,US-MIDA-PJM,333.22,399.5,43.21,3.18,pjm.com,false,
2022-07-10 07:00:00,USA,PJM Interconnection,US-MIDA-PJM,329.86,394.81,44.38,3.3,pjm.com,false,
2022-07-10 08:00:00,USA,PJM Interconnection,US-MIDA-PJM,327.75,391.89,45.09,3.15,pjm.com,false,
2022-07-10 09:00:00,USA,PJM Interconnection,US-MIDA-PJM,327.52,391.18,45.46,2.98,pjm.com,false,
2022-07-10 10:00:00,USA,PJM Interconnection,US-MIDA-PJM,327.84,391.18,45.69,2.56,pjm.com,false,
2022-07-10 11:00:00,USA,PJM Interconnection,US-MIDA-PJM,329.57,393.73,45.03,2.66,pjm.com,false,
2022-07-10 12:00:00,USA,PJM Interconnection,US-MIDA-PJM,335.24,401.93,42.92,2.6,pjm.com,false,
2022-07-10 13:00:00,USA,PJM Interconnection,US-MIDA-PJM,338.97,406.71,42.0,2.65,pjm.com,false,
2022-07-10 14:00:00,USA,PJM Interconnection,US-MIDA-PJM,341.7,411.6,40.26,2.65,pjm.com,false,
2022-07-10 15:00:00,USA,PJM Interconnection,US-MIDA-PJM,347.81,419.77,38.41,2.69,pjm.com,false,
2022-07-10 16:00:00,USA,PJM Interconnection,US-MIDA-PJM,352.1,425.1,37.46,3.43,pjm.com,false,
2022-07-10 17:00:00,USA,PJM Interconnection,US-MIDA-PJM,359.48,433.63,36.25,3.39,pjm.com,false,
2022-07-10 18:00:00,USA,PJM Interconnection,US-MIDA-PJM,356.75,431.43,36.08,4.36,pjm.com,false,
2022-07-10 19:00:00,USA,PJM Interconnection,US-MIDA-PJM,357.77,432.44,36.15,5.63,pjm.com,false,
2022-07-10 20:00:00,USA,PJM Interconnection,US-MIDA-PJM,360.73,435.66,35.85,6.26,pjm.com,false,
2022-07-10 21:00:00,USA,PJM Interconnection,US-MIDA-PJM,365.59,441.04,35.21,6.54,pjm.com,false,
2022-07-10 22:00:00,USA,PJM Interconnection,US-MIDA-PJM,370.02,445.98,34.55,6.04,pjm.com,false,
2022-07-10 23:00:00,USA,PJM Interconnection,US-MIDA-PJM,373.54,449.79,34.09,5.11,pjm.com,false,
2022-07-11 00:00:00,USA,PJM Interconnection,US-MIDA-PJM,376.09,452.03,34.08,3.93,pjm.com,false,
2022-07-11 01:00:00,USA,PJM Interconnection,US-MIDA-PJM,379.12,454.89,33.91,2.81,pjm.com,false,
2022-07-11 02:00:00,USA,PJM Interconnection,US-MIDA-PJM,379.08,453.25,34.99,2.15,pjm.com,false,
2022-07-11 03:00:00,USA,PJM Interconnection,US-MIDA-PJM,371.09,443.25,36.83,2.28,pjm.com,false,
2022-07-11 04:00:00,USA,PJM Interconnection,US-MIDA-PJM,361.41,432.07,38.47,2.5,pjm.com,false,
2022-07-11 05:00:00,USA,PJM Interconnection,US-MIDA-PJM,351.39,419.68,40.75,3.2,pjm.com,false,
2022-07-11 06:00:00,USA,PJM Interconnection,US-MIDA-PJM,342.75,409.04,42.68,4.15,pjm.com,false,
2022-07-11 07:00:00,USA,PJM Interconnection,US-MIDA-PJM,337.82,401.84,44.62,4.9,pjm.com,false,
2022-07-11 08:00:00,USA,PJM Interconnection,US-MIDA-PJM,337.52,401.32,44.8,5.12,pjm.com,false,
2022-07-11 09:00:00,USA,PJM Interconnection,US-MIDA-PJM,339.64,405.09,43.47,5.08,pjm.com,false,
2022-07-11 10:00:00,USA,PJM Interconnection,US-MIDA-PJM,341.36,407.87,42.6,5.41,pjm.com,false,
2022-07-11 11:00:00,USA,PJM Interconnection,US-MIDA-PJM,344.89,412.97,41.5,6.23,pjm.com,false,
2022-07-11 12:00:00,USA,PJM Interconnection,US-MIDA-PJM,351.62,421.78,39.71,6.19,pjm.com,false,
2022-07-11 13:00:00,USA,PJM Interconnection,US-MIDA-PJM,354.49,425.96,38.84,6.2,pjm.com,false,
2022-07-11 14:00:00,USA,PJM Interconnection,US-MIDA-PJM,356.06,429.5,37.52,6.41,pjm.com,false,
2022-07-11 15:00:00,USA,PJM Interconnection,US-MIDA-PJM,353.75,427.48,37.57,8.01,pjm.com,false,
2022-07-11 16:00:00,USA,PJM Interconnection,US-MIDA-PJM,358.72,433.8,36.43,8.21,pjm.com,false,
2022-07-11 17:00:00,USA,PJM Interconnection,US-MIDA-PJM,369.41,445.69,34.8,7.58,pjm.com,false,
2022-07-11 18:00:00,USA,PJM Interconnection,US-MIDA-PJM,371.06,448.09,34.24,7.8,pjm.com,false,
2022-07-11 19:00:00,USA,PJM Interconnection,US-MIDA-PJM,377.75,455.5,33.39,7.59,pjm.com,false,
2022-07-11 20:00:00,USA,PJM Interconnection,US-MIDA-PJM,380.65,459.41,32.44,7.34,pjm.com,false,
2022-07-11 21:00:00,USA,PJM Interconnection,US-MIDA-PJM,378.17,457.05,32.5,7.62,pjm.com,false,
2022-07-11 22:00:00,USA,PJM Interconnection,US-MIDA-PJM,381.69,460.77,31.99,7.04,pjm.com,false,
2022-07-11 23:00:00,USA,PJM Interconnection,US-MIDA-PJM,383.54,462.87,31.64,6.18,pjm.com,false,
2022-07-12 00:00:00,USA,PJM Interconnection,US-MIDA-PJM,383.32,462.49,31.72,5.01,pjm.com,false,
2022-07-12 01:00:00,USA,PJM Interconnection,US-MIDA-PJM,384.15,463.19,31.69,4.18,pjm.com,false,
2022-07-12 02:00:00,USA,PJM Interconnection,US-MIDA-PJM,380.52,457.6,33.13,4.0,pjm.com,false,
2022-07-12 03:00:00,USA,PJM Interconnection,US-MIDA-PJM,371.03,444.92,35.86,5.33,pjm.com,false,
2022-07-12 04:00:00,USA,PJM Interconnection,US-MIDA-PJM,357.53,427.85,38.69,6.09,pjm.com,false,
2022-07-12 05:00:00,USA,PJM Interconnection,US-MIDA-PJM,349.53,417.42,40.92,6.28,pjm.com,false,
2022-07-12 06:00:00,USA,PJM Interconnection,US-MIDA-PJM,346.94,413.29,42.19,6.43,pjm.com,false,
2022-07-12 07:00:00,USA,PJM Interconnection,US-MIDA-PJM,345.14,410.35,43.16,6.35,pjm.com,false,
2022-07-12 08:00:00,USA,PJM Interconnection,US-MIDA-PJM,343.44,408.32,43.49,6.34,pjm.com,false,
2022-07-12 09:00:00,USA,PJM Interconnection,US-MIDA-PJM,344.73,411.14,42.29,6.03,pjm.com,false,
2022-07-12 10:00:00,USA,PJM Interconnection,US-MIDA-PJM,352.13,420.43,40.51,5.6,pjm.com,false,
2022-07-12 11:00:00,USA,PJM Interconnection,US-MIDA-PJM,354.39,424.51,39.15,6.07,pjm.com,false,
2022-07-12 12:00:00,USA,PJM Interconnection,US-MIDA-PJM,363.47,435.33,37.55,6.11,pjm.com,false,
2022-07-12 13:00:00,USA,PJM Interconnection,US-MIDA-PJM,368.81,442.41,36.07,6.63,pjm.com,false,
2022-07-12 14:00:00,USA,PJM Interconnection,US-MIDA-PJM,374.97,450.18,34.63,6.5,pjm.com,false,
2022-07-12 15:00:00,USA,PJM Interconnection,US-MIDA-PJM,382.55,459.08,33.36,6.7,pjm.com,false,
2022-07-12 16:00:00,USA,PJM Interconnection,US-MIDA-PJM,385.38,462.46,32.93,7.29,pjm.com,false,
2022-07-12 17:00:00,USA,PJM Interconnection,US-MIDA-PJM,380.98,458.83,32.7,8.07,pjm.com,false,
2022-07-12 18:00:00,USA,PJM Interconnection,US-MIDA-PJM,380.41,458.66,32.45,8.62,pjm.com,false,
2022-07-12 19:00:00,USA,PJM Interconnection,US-MIDA-PJM,383.25,461.7,32.2,8.85,pjm.com,false,
2022-07-12 20:00:00,USA,PJM Interconnection,US-MIDA-PJM,384.71,463.31,31.98,8.94,pjm.com,false,
2022-07-12 21:00:00,USA,PJM Interconnection,US-MIDA-PJM,388.11,467.0,31.61,8.67,pjm.com,false,
2022-07-12 22:00:00,USA,PJM Interconnection,US-MIDA-PJM,388.29,466.99,31.71,8.22,pjm.com,false,
2022-07-12 23:00:00,USA,PJM Interconnection,US-MIDA-PJM,387.68,466.87,31.32,6.83,pjm.com,false,
2022-07-13 00:00:00,USA,PJM Interconnection,US-MIDA-PJM,392.21,471.75,30.5,4.84,pjm.com,false,
2022-07-13 01:00:00,USA,PJM Interconnection,US-MIDA-PJM,393.26,473.37,29.91,3.24,pjm.com,false,
2022-07-13 02:00:00,USA,PJM Interconnection,US-MIDA-PJM,391.29,469.9,30.89,2.33,pjm.com,false,
2022-07-13 03:00:00,USA,PJM Interconnection,US-MIDA-PJM,388.17,465.26,32.16,2.08,pjm.com,false,
2022-07-13 04:00:00,USA,PJM Interconnection,US-MIDA-PJM,390.04,466.18,32.74,1.67,pjm.com,false,
2022-07-13 05:00:00,USA,PJM Interconnection,US-MIDA-PJM,382.25,456.84,34.3,1.72,pjm.com,false,
2022-07-13 06:00:00,USA,PJM Interconnection,US-MIDA-PJM,377.77,450.98,35.55,1.82,pjm.com,false,
2022-07-13 07:00:00,USA,PJM Interconnection,US-MIDA-PJM,372.81,445.1,36.52,2.03,pjm.com,false,
2022-07-13 08:00:00,USA,PJM Interconnection,US-MIDA-PJM,368.85,440.32,37.33,2.36,pjm.com,false,
2022-07-13 09:00:00,USA,PJM Interconnection,US-MIDA-PJM,369.51,441.84,36.66,2.29,pjm.com,false,
2022-07-13 10:00:00,USA,PJM Interconnection,US-MIDA-PJM,379.0,452.29,35.47,2.3,pjm.com,false,
2022-07-13 11:00:00,USA,PJM Interconnection,US-MIDA-PJM,385.28,459.63,34.45,3.04,pjm.com,false,
2022-07-13 12:00:00,USA,PJM Interconnection,US-MIDA-PJM,389.81,464.62,34.01,3.7,pjm.com,false,
2022-07-13 13:00:00,USA,PJM Interconnection,US-MIDA-PJM,394.01,470.44,32.69,3.36,pjm.com,false,
2022-07-13 14:00:00,USA,PJM Interconnection,US-MIDA-PJM,393.59,471.04,31.97,3.78,pjm.com,false,
2022-07-13 15:00:00,USA,PJM Interconnection,US-MIDA-PJM,389.95,468.15,31.66,4.66,pjm.com,false,
2022-07-13 16:00:00,USA,PJM Interconnection,US-MIDA-PJM,388.93,467.65,31.35,5.57,pjm.com,false,
2022-07-13 17:00:00,USA,PJM Interconnection,US-MIDA-PJM,389.64,468.43,31.4,6.68,pjm.com,false,
2022-07-13 18:00:00,USA,PJM Interconnection,US-MIDA-PJM,389.84,468.3,31.69,7.44,pjm.com,false,
2022-07-13 19:00:00,USA,PJM Interconnection,US-MIDA-PJM,389.23,467.71,31.72,7.95,pjm.com,false,
2022-07-13 20:00:00,USA,PJM Interconnection,US-MIDA-PJM,393.43,472.99,30.62,7.17,pjm.com,false,
2022-07-13 21:00:00,USA,PJM Interconnection,US-MIDA-PJM,396.33,476.42,30.06,6.6,pjm.com,false,
2022-07-13 22:00:00,USA,PJM Interconnection,US-MIDA-PJM,402.53,483.71,29.07,5.56,pjm.com,false,
2022-07-13 23:00:00,USA,PJM Interconnection,US-MIDA-PJM,405.07,486.29,28.81,4.33,pjm.com,false,
2022-07-14 00:00:00,USA,PJM Interconnection,US-MIDA-PJM,404.28,485.28,28.9,3.37,pjm.com,false,
2022-07-14 01:00:00,USA,PJM Interconnection,US-MIDA-PJM,406.21,486.74,28.87,2.45,pjm.com,false,
2022-07-14 02:00:00,USA,PJM Interconnection,US-MIDA-PJM,400.43,479.63,29.98,1.85,pjm.com,false,
2022-07-14 03:00:00,USA,PJM Interconnection,US-MIDA-PJM,392.85,469.65,32.11,2.25,pjm.com,false,
2022-07-14 04:00:00,USA,PJM Interconnection,US-MIDA-PJM,389.89,464.16,34.13,2.47,pjm.com,false,
2022-07-14 05:00:00,USA,PJM Interconnection,US-MIDA-PJM,381.66,454.44,35.68,2.47,pjm.com,false,
2022-07-14 06:00:00,USA,PJM Interconnection,US-MIDA-PJM,378.02,449.39,36.91,2.42,pjm.com,false,
2022-07-14 07:00:00,USA,PJM Interconnection,US-MIDA-PJM,376.09,446.51,37.76,2.21,pjm.com,false,
2022-07-14 08:00:00,USA,PJM Interconnection,US-MIDA-PJM,372.61,443.34,37.71,1.94,pjm.com,false,
2022-07-14 09:00:00,USA,PJM Interconnection,US-MIDA-PJM,373.12,445.21,36.67,1.64,pjm.com,false,
2022-07-14 10:00:00,USA,PJM Interconnection,US-MIDA-PJM,381.99,454.96,35.56,1.56,pjm.com,false,
2022-07-14 11:00:00,USA,PJM Interconnection,US-MIDA-PJM,386.05,460.27,34.49,1.97,pjm.com,false,
2022-07-14 12:00:00,USA,PJM Interconnection,US-MIDA-PJM,390.24,464.97,33.99,2.53,pjm.com,false,
2022-07-14 13:00:00,USA,PJM Interconnection,US-MIDA-PJM,390.7,466.58,33.24,2.9,pjm.com,false,
2022-07-14 14:00:00,USA,PJM Interconnection,US-MIDA-PJM,392.96,470.19,32.14,3.17,pjm.com,false,
2022-07-14 15:00:00,USA,PJM Interconnection,US-MIDA-PJM,392.77,470.89,31.55,3.74,pjm.com,false,
2022-07-14 16:00:00,USA,PJM Interconnection,US-MIDA-PJM,390.82,468.83,31.81,4.95,pjm.com,false,
2022-07-14 17:00:00,USA,PJM Interconnection,US-MIDA-PJM,391.04,470.01,31.18,5.38,pjm.com,false,
2022-07-14 18:00:00,USA,PJM Interconnection,US-MIDA-PJM,388.37,467.73,31.06,5.89,pjm.com,false,
2022-07-14 19:00:00,USA,PJM Interconnection,US-MIDA-PJM,393.29,473.27,30.35,5.91,pjm.com,false,
2022-07-14 20:00:00,USA,PJM Interconnection,US-MIDA-PJM,391.7,471.76,30.42,6.06,pjm.com,false,
2022-07-14 21:00:00,USA,PJM Interconnection,US-MIDA-PJM,399.82,480.39,29.61,5.4,pjm.com,false,
2022-07-14 22:00:00,USA,PJM Interconnection,US-MIDA-PJM,402.56,483.2,29.39,4.88,pjm.com,false,
2022-07-14 23:00:00,USA,PJM Interconnection,US-MIDA-PJM,406.4,486.91,29.14,3.69,pjm.com,false,
2022-07-15 00:00:00,USA,PJM Interconnection,US-MIDA-PJM,407.14,486.54,29.71,3.12,pjm.com,false,
2022-07-15 01:00:00,USA,PJM Interconnection,US-MIDA-PJM,413.15,492.24,29.48,1.77,pjm.com,false,
2022-07-15 02:00:00,USA,PJM Interconnection,US-MIDA-PJM,411.62,489.53,30.33,1.2,pjm.com,false,
2022-07-15 03:00:00,USA,PJM Interconnection,US-MIDA-PJM,403.8,479.32,32.46,1.73,pjm.com,false,
2022-07-15 04:00:00,USA,PJM Interconnection,US-MIDA-PJM,388.66,462.14,34.77,2.26,pjm.com,false,
2022-07-15 05:00:00,USA,PJM Interconnection,US-MIDA-PJM,373.54,445.19,36.91,2.63,pjm.com,false,
2022-07-15 06:00:00,USA,PJM Interconnection,US-MIDA-PJM,366.72,437.9,37.62,2.54,pjm.com,false,
2022-07-15 07:00:00,USA,PJM Interconnection,US-MIDA-PJM,357.63,428.06,38.65,2.45,pjm.com,false,
2022-07-15 08:00:00,USA,PJM Interconnection,US-MIDA-PJM,353.4,423.85,38.86,2.19,pjm.com,false,
2022-07-15 09:00:00,USA,PJM Interconnection,US-MIDA-PJM,353.92,424.81,38.5,2.39,pjm.com,false,
2022-07-15 10:00:00,USA,PJM Interconnection,US-MIDA-PJM,359.33,430.69,37.87,2.71,pjm.com,false,
2022-07-15 11:00:00,USA,PJM Interconnection,US-MIDA-PJM,367.91,440.9,36.28,2.49,pjm.com,false,
2022-07-15 12:00:00,USA,PJM Interconnection,US-MIDA-PJM,370.41,443.88,35.87,2.85,pjm.com,false,
2022-07-15 13:00:00,USA,PJM Interconnection,US-MIDA-PJM,371.0,445.68,35.04,3.24,pjm.com,false,
2022-07-15 14:00:00,USA,PJM Interconnection,US-MIDA-PJM,374.14,450.4,33.76,3.68,pjm.com,false,
2022-07-15 15:00:00,USA,PJM Interconnection,US-MIDA-PJM,377.24,454.96,32.68,3.63,pjm.com,false,
2022-07-15 16:00:00,USA,PJM Interconnection,US-MIDA-PJM,372.1,450.21,32.77,4.91,pjm.com,false,
2022-07-15 17:00:00,USA,PJM Interconnection,US-MIDA-PJM,367.31,445.07,33.4,6.37,pjm.com,false,
2022-07-15 18:00:00,USA,PJM Interconnection,US-MIDA-PJM,368.7,447.15,32.82,6.45,pjm.com,false,
2022-07-15 19:00:00,USA,PJM Interconnection,US-MIDA-PJM,372.75,451.02,32.73,6.9,pjm.com,false,
2022-07-15 20:00:00,USA,PJM Interconnection,US-MIDA-PJM,368.37,446.26,33.22,7.77,pjm.com,false,
2022-07-15 21:00:00,USA,PJM Interconnection,US-MIDA-PJM,375.05,453.2,32.65,7.15,pjm.com,false,
2022-07-15 22:00:00,USA,PJM Interconnection,US-MIDA-PJM,380.77,459.6,31.77,5.57,pjm.com,false,
2022-07-15 23:00:00,USA,PJM Interconnection,US-MIDA-PJM,382.06,460.79,31.68,4.63,pjm.com,false,
2022-07-16 00:00:00,USA,PJM Interconnection,US-MIDA-PJM,392.8,471.7,30.82,2.66,pjm.com,false,
2022-07-16 01:00:00,USA,PJM Interconnection,US-MIDA-PJM,395.86,474.22,30.92,1.95,pjm.com,false,
2022-07-16 02:00:00,USA,PJM Interconnection,US-MIDA-PJM,388.55,465.1,32.53,2.09,pjm.com,false,
2022-07-16 03:00:00,USA,PJM Interconnection,US-MIDA-PJM,389.59,465.04,33.29,1.81,pjm.com,false,
2022-07-16 04:00:00,USA,PJM Interconnection,US-MIDA-PJM,378.26,450.97,35.92,2.14,pjm.com,false,
2022-07-16 05:00:00,USA,PJM Interconnection,US-MIDA-PJM,369.87,441.35,37.27,2.27,pjm.com,false,
2022-07-16 06:00:00,USA,PJM Interconnection,US-MIDA-PJM,361.74,432.54,38.2,2.11,pjm.com,false,
2022-07-16 07:00:00,USA,PJM Interconnection,US-MIDA-PJM,356.54,426.0,39.48,2.26,pjm.com,false,
2022-07-16 08:00:00,USA,PJM Interconnection,US-MIDA-PJM,353.96,422.9,39.99,2.27,pjm.com,false,
2022-07-16 09:00:00,USA,PJM Interconnection,US-MIDA-PJM,355.73,424.89,39.75,1.81,pjm.com,false,
2022-07-16 10:00:00,USA,PJM Interconnection,US-MIDA-PJM,357.62,427.3,39.26,1.81,pjm.com,false,
2022-07-16 11:00:00,USA,PJM Interconnection,US-MIDA-PJM,354.64,424.29,39.51,2.61,pjm.com,false,
2022-07-16 12:00:00,USA,PJM Interconnection,US-MIDA-PJM,357.62,428.34,38.67,3.48,pjm.com,false,
2022-07-16 13:00:00,USA,PJM Interconnection,US-MIDA-PJM,358.75,430.61,37.83,3.86,pjm.com,false,
2022-07-16 14:00:00,USA,PJM Interconnection,US-MIDA-PJM,363.74,437.2,36.46,3.9,pjm.com,false,
2022-07-16 15:00:00,USA,PJM Interconnection,US-MIDA-PJM,367.2,442.08,35.25,4.39,pjm.com,false,
2022-07-16 16:00:00,USA,PJM Interconnection,US-MIDA-PJM,373.5,449.36,34.31,4.51,pjm.com,false,
2022-07-16 17:00:00,USA,PJM Interconnection,US-MIDA-PJM,375.07,451.74,33.67,5.0,pjm.com,false,
2022-07-16 18:00:00,USA,PJM Interconnection,US-MIDA-PJM,369.15,445.34,34.47,6.33,pjm.com,false,
2022-07-16 19:00:00,USA,PJM Interconnection,US-MIDA-PJM,376.13,453.17,33.43,6.02,pjm.com,false,
2022-07-16 20:00:00,USA,PJM Interconnection,US-MIDA-PJM,380.19,457.52,32.97,5.89,pjm.com,false,
2022-07-16 21:00:00,USA,PJM Interconnection,US-MIDA-PJM,383.22,460.81,32.56,5.22,pjm.com,false,
2022-07-16 22:00:00,USA,PJM Interconnection,US-MIDA-PJM,385.78,463.21,32.51,4.84,pjm.com,false,
2022-07-16 23:00:00,USA,PJM Interconnection,US-MIDA-PJM,382.36,459.43,32.85,4.32,pjm.com,false,
2022-07-17 00:00:00,USA,PJM Interconnection,US-MIDA-PJM,379.55,455.72,33.6,4.29,pjm.com,false,
2022-07-17 01:00:00,USA,PJM Interconnection,US-MIDA-PJM,385.59,462.51,32.57,2.58,pjm.com,false,
2022-07-17 02:00:00,USA,PJM Interconnection,US-MIDA-PJM,384.04,460.28,33.01,1.54,pjm.com,false,
2022-07-17 03:00:00,USA,PJM Interconnection,US-MIDA-PJM,381.2,456.0,34.19,1.56,pjm.com,false,
2022-07-17 04:00:00,USA,PJM Interconnection,US-MIDA-PJM,370.33,443.2,36.2,1.4,pjm.com,false,
2022-07-17 05:00:00,USA,PJM Interconnection,US-MIDA-PJM,362.59,434.55,37.28,1.61,pjm.com,false,
2022-07-17 06:00:00,USA,PJM Interconnection,US-MIDA-PJM,357.88,429.34,37.91,1.2,pjm.com,false,
2022-07-17 07:00:00,USA,PJM Interconnection,US-MIDA-PJM,354.19,424.2,39.18,1.53,pjm.com,false,
2022-07-17 08:00:00,USA,PJM Interconnection,US-MIDA-PJM,352.59,421.6,40.0,1.39,pjm.com,false,
2022-07-17 09:00:00,USA,PJM Interconnection,US-MIDA-PJM,351.45,420.3,40.2,1.73,pjm.com,false,
2022-07-17 10:00:00,USA,PJM Interconnection,US-MIDA-PJM,351.86,420.77,40.14,1.65,pjm.com,false,
2022-07-17 11:00:00,USA,PJM Interconnection,US-MIDA-PJM,351.98,420.88,40.15,1.66,pjm.com,false,
2022-07-17 12:00:00,USA,PJM Interconnection,US-MIDA-PJM,351.38,420.25,40.19,1.69,pjm.com,false,
2022-07-17 13:00:00,USA,PJM Interconnection,US-MIDA-PJM,352.2,421.21,40.04,1.32,pjm.com,false,
2022-07-17 14:00:00,USA,PJM Interconnection,US-MIDA-PJM,349.85,422.72,37.63,4.23,pjm.com,false,
2022-07-17 15:00:00,USA,PJM Interconnection,US-MIDA-PJM,359.98,434.88,35.6,3.94,pjm.com,false,
2022-07-17 16:00:00,USA,PJM Interconnection,US-MIDA-PJM,362.82,439.07,34.47,4.24,pjm.com,false,
2022-07-17 17:00:00,USA,PJM Interconnection,US-MIDA-PJM,365.24,442.29,33.86,4.42,pjm.com,false,
2022-07-17 18:00:00,USA,PJM Interconnection,US-MIDA-PJM,361.77,438.86,34.1,5.29,pjm.com,false,
2022-07-17 19:00:00,USA,PJM Interconnection,US-MIDA-PJM,360.02,436.71,34.56,6.21,pjm.com,false,
2022-07-17 20:00:00,USA,PJM Interconnection,US-MIDA-PJM,360.22,437.59,33.97,5.83,pjm.com,false,
2022-07-17 21:00:00,USA,PJM Interconnection,US-MIDA-PJM,364.34,442.16,33.38,5.56,pjm.com,false,
2022-07-17 22:00:00,USA,PJM Interconnection,US-MIDA-PJM,372.68,450.58,32.77,4.87,pjm.com,false,
2022-07-17 23:00:00,USA,PJM Interconnection,US-MIDA-PJM,374.27,451.94,32.82,4.53,pjm.com,false,
2022-07-18 00:00:00,USA,PJM Interconnection,US-MIDA-PJM,373.72,451.04,33.06,4.15,pjm.com,false,
2022-07-18 01:00:00,USA,PJM Interconnection,US-MIDA-PJM,386.19,464.32,31.61,2.04,pjm.com,false,
2022-07-18 02:00:00,USA,PJM Interconnection,US-MIDA-PJM,387.22,464.86,31.85,1.13,pjm.com,false,
2022-07-18 03:00:00,USA,PJM Interconnection,US-MIDA-PJM,375.62,451.92,33.43,1.21,pjm.com,false,
2022-07-18 04:00:00,USA,PJM Interconnection,US-MIDA-PJM,371.87,446.69,34.71,1.25,pjm.com,false,
2022-07-18 05:00:00,USA,PJM Interconnection,US-MIDA-PJM,368.71,442.59,35.59,1.22,pjm.com,false,
2022-07-18 06:00:00,USA,PJM Interconnection,US-MIDA-PJM,365.42,438.29,36.51,1.17,pjm.com,false,
2022-07-18 07:00:00,USA,PJM Interconnection,US-MIDA-PJM,361.97,434.19,37.2,1.26,pjm.com,false,
2022-07-18 08:00:00,USA,PJM Interconnection,US-MIDA-PJM,362.23,434.65,37.03,1.23,pjm.com,false,
2022-07-18 09:00:00,USA,PJM Interconnection,US-MIDA-PJM,364.17,437.24,36.45,1.31,pjm.com,false,
2022-07-18 10:00:00,USA,PJM Interconnection,US-MIDA-PJM,371.95,446.34,35.06,1.49,pjm.com,false,
2022-07-18 11:00:00,USA,PJM Interconnection,US-MIDA-PJM,372.86,448.3,34.38,2.35,pjm.com,false,
2022-07-18 12:00:00,USA,PJM Interconnection,US-MIDA-PJM,373.51,448.95,34.43,3.5,pjm.com,false,
2022-07-18 13:00:00,USA,PJM Interconnection,US-MIDA-PJM,378.01,454.76,33.32,3.63,pjm.com,false,
2022-07-18 14:00:00,USA,PJM Interconnection,US-MIDA-PJM,378.2,456.38,32.33,3.88,pjm.com,false,
2022-07-18 15:00:00,USA,PJM Interconnection,US-MIDA-PJM,385.03,464.5,31.0,3.88,pjm.com,false,
2022-07-18 16:00:00,USA,PJM Interconnection,US-MIDA-PJM,380.68,459.91,31.54,5.56,pjm.com,false,
2022-07-18 17:00:00,USA,PJM Interconnection,US-MIDA-PJM,384.7,464.1,31.27,6.14,pjm.com,false,
2022-07-18 18:00:00,USA,PJM Interconnection,US-MIDA-PJM,386.32,466.09,31.08,6.54,pjm.com,false,
2022-07-18 19:00:00,USA,PJM Interconnection,US-MIDA-PJM,387.92,468.24,30.62,6.54,pjm.com,false,
2022-07-18 20:00:00,USA,PJM Interconnection,US-MIDA-PJM,391.4,471.55,30.38,6.6,pjm.com,false,
2022-07-18 21:00:00,USA,PJM Interconnection,US-MIDA-PJM,390.45,470.57,30.49,6.5,pjm.com,false,
2022-07-18 22:00:00,USA,PJM Interconnection,US-MIDA-PJM,395.32,475.99,29.82,5.84,pjm.com,false,
2022-07-18 23:00:00,USA,PJM Interconnection,US-MIDA-PJM,399.45,480.38,29.31,4.68,pjm.com,false,
2022-07-19 00:00:00,USA,PJM Interconnection,US-MIDA-PJM,398.82,478.96,29.89,4.4,pjm.com,false,
2022-07-19 01:00:00,USA,PJM Interconnection,US-MIDA-PJM,399.35,479.57,29.68,3.37,pjm.com,false,
2022-07-19 02:00:00,USA,PJM Interconnection,US-MIDA-PJM,402.54,482.62,29.47,1.5,pjm.com,false,
2022-07-19 03:00:00,USA,PJM Interconnection,US-MIDA-PJM,399.08,477.05,31.08,1.47,pjm.com,false,
2022-07-19 04:00:00,USA,PJM Interconnection,US-MIDA-PJM,397.1,473.2,32.54,1.42,pjm.com,false,
2022-07-19 05:00:00,USA,PJM Interconnection,US-MIDA-PJM,391.81,465.78,34.43,1.55,pjm.com,false,
2022-07-19 06:00:00,USA,PJM Interconnection,US-MIDA-PJM,383.08,456.11,35.61,1.77,pjm.com,false,
2022-07-19 07:00:00,USA,PJM Interconnection,US-MIDA-PJM,375.04,447.01,36.83,2.05,pjm.com,false,
2022-07-19 08:00:00,USA,PJM Interconnection,US-MIDA-PJM,370.39,442.1,37.5,2.38,pjm.com,false,
2022-07-19 09:00:00,USA,PJM Interconnection,US-MIDA-PJM,368.69,441.15,37.22,2.64,pjm.com,false,
2022-07-19 10:00:00,USA,PJM Interconnection,US-MIDA-PJM,378.04,451.94,35.7,2.33,pjm.com,false,
2022-07-19 11:00:00,USA,PJM Interconnection,US-MIDA-PJM,386.53,461.48,34.63,2.93,pjm.com,false,
2022-07-19 12:00:00,USA,PJM Interconnection,US-MIDA-PJM,389.04,464.8,33.81,3.7,pjm.com,false,
2022-07-19 13:00:00,USA,PJM Interconnection,US-MIDA-PJM,394.58,472.11,32.3,3.36,pjm.com,false,
2022-07-19 14:00:00,USA,PJM Interconnection,US-MIDA-PJM,398.81,477.8,31.25,3.42,pjm.com,false,
2022-07-19 15:00:00,USA,PJM Interconnection,US-MIDA-PJM,400.44,480.45,30.73,4.11,pjm.com,false,
2022-07-19 16:00:00,USA,PJM Interconnection,US-MIDA-PJM,396.29,476.11,30.99,5.66,pjm.com,false,
2022-07-19 17:00:00,USA,PJM Interconnection,US-MIDA-PJM,399.21,480.3,30.0,5.74,pjm.com,false,
2022-07-19 18:00:00,USA,PJM Interconnection,US-MIDA-PJM,402.61,484.29,29.47,6.07,pjm.com,false,
2022-07-19 19:00:00,USA,PJM Interconnection,US-MIDA-PJM,403.95,485.91,29.46,6.51,pjm.com,false,
2022-07-19 20:00:00,USA,PJM Interconnection,US-MIDA-PJM,402.41,484.06,29.78,7.24,pjm.com,false,
2022-07-19 21:00:00,USA,PJM Interconnection,US-MIDA-PJM,404.1,485.81,29.53,7.3,pjm.com,false,
2022-07-19 22:00:00,USA,PJM Interconnection,US-MIDA-PJM,406.89,488.7,29.28,6.94,pjm.com,false,
2022-07-19 23:00:00,USA,PJM Interconnection,US-MIDA-PJM,411.72,494.19,28.54,5.75,pjm.com,false,
2022-07-20 00:00:00,USA,PJM Interconnection,US-MIDA-PJM,415.42,498.2,28.14,4.34,pjm.com,false,
2022-07-20 01:00:00,USA,PJM Interconnection,US-MIDA-PJM,412.8,494.9,28.57,3.88,pjm.com,false,
2022-07-20 02:00:00,USA,PJM Interconnection,US-MIDA-PJM,410.65,490.94,29.59,3.59,pjm.com,false,
2022-07-20 03:00:00,USA,PJM Interconnection,US-MIDA-PJM,404.82,481.96,32.12,4.33,pjm.com,false,
2022-07-20 04:00:00,USA,PJM Interconnection,US-MIDA-PJM,394.16,468.21,34.72,5.1,pjm.com,false,
2022-07-20 05:00:00,USA,PJM Interconnection,US-MIDA-PJM,389.39,461.84,36.09,5.65,pjm.com,false,
2022-07-20 06:00:00,USA,PJM Interconnection,US-MIDA-PJM,380.67,451.74,37.5,5.87,pjm.com,false,
2022-07-20 07:00:00,USA,PJM Interconnection,US-MIDA-PJM,374.64,444.55,38.66,5.98,pjm.com,false,
2022-07-20 08:00:00,USA,PJM Interconnection,US-MIDA-PJM,375.92,446.03,38.46,5.43,pjm.com,false,
2022-07-20 09:00:00,USA,PJM Interconnection,US-MIDA-PJM,377.01,448.01,37.9,5.19,pjm.com,false,
2022-07-20 10:00:00,USA,PJM Interconnection,US-MIDA-PJM,378.43,450.87,36.75,5.2,pjm.com,false,
2022-07-20 11:00:00,USA,PJM Interconnection,US-MIDA-PJM,386.59,460.22,35.52,5.43,pjm.com,false,
2022-07-20 12:00:00,USA,PJM Interconnection,US-MIDA-PJM,391.94,466.71,34.68,5.86,pjm.com,false,
2022-07-20 13:00:00,USA,PJM Interconnection,US-MIDA-PJM,400.53,476.97,33.09,5.78,pjm.com,false,
2022-07-20 14:00:00,USA,PJM Interconnection,US-MIDA-PJM,405.71,483.62,31.83,5.92,pjm.com,false,
2022-07-20 15:00:00,USA,PJM Interconnection,US-MIDA-PJM,408.26,487.7,30.75,6.03,pjm.com,false,
2022-07-20 16:00:00,USA,PJM Interconnection,US-MIDA-PJM,404.98,485.17,30.62,7.09,pjm.com,false,
2022-07-20 17:00:00,USA,PJM Interconnection,US-MIDA-PJM,404.74,485.18,30.6,8.23,pjm.com,false,
2022-07-20 18:00:00,USA,PJM Interconnection,US-MIDA-PJM,405.36,486.0,30.51,8.82,pjm.com,false,
2022-07-20 19:00:00,USA,PJM Interconnection,US-MIDA-PJM,404.89,485.52,30.62,9.15,pjm.com,false,
2022-07-20 20:00:00,USA,PJM Interconnection,US-MIDA-PJM,405.37,486.15,30.53,9.33,pjm.com,false,
2022-07-20 21:00:00,USA,PJM Interconnection,US-MIDA-PJM,406.37,487.31,30.35,9.25,pjm.com,false,
2022-07-20 22:00:00,USA,PJM Interconnection,US-MIDA-PJM,409.11,490.52,29.86,8.67,pjm.com,false,
2022-07-20 23:00:00,USA,PJM Interconnection,US-MIDA-PJM,417.68,500.29,28.44,6.8,pjm.com,false,
2022-07-21 00:00:00,USA,PJM Interconnection,US-MIDA-PJM,423.95,507.15,27.78,5.24,pjm.com,false,
2022-07-21 01:00:00,USA,PJM Interconnection,US-MIDA-PJM,425.53,508.21,27.59,4.3,pjm.com,false,
2022-07-21 02:00:00,USA,PJM Interconnection,US-MIDA-PJM,420.51,501.65,28.69,3.85,pjm.com,false,
2022-07-21 03:00:00,USA,PJM Interconnection,US-MIDA-PJM,415.82,494.2,30.78,4.27,pjm.com,false,
2022-07-21 04:00:00,USA,PJM Interconnection,US-MIDA-PJM,415.31,491.15,32.58,4.69,pjm.com,false,
2022-07-21 05:00:00,USA,PJM Interconnection,US-MIDA-PJM,405.21,479.02,34.59,5.08,pjm.com,false,
2022-07-21 06:00:00,USA,PJM Interconnection,US-MIDA-PJM,395.57,468.44,35.8,5.54,pjm.com,false,
2022-07-21 07:00:00,USA,PJM Interconnection,US-MIDA-PJM,391.08,463.9,36.12,5.02,pjm.com,false,
2022-07-21 08:00:00,USA,PJM Interconnection,US-MIDA-PJM,386.19,458.07,36.78,4.93,pjm.com,false,
2022-07-21 09:00:00,USA,PJM Interconnection,US-MIDA-PJM,391.99,464.44,35.84,4.58,pjm.com,false,
2022-07-21 10:00:00,USA,PJM Interconnection,US-MIDA-PJM,399.41,473.23,34.46,3.85,pjm.com,false,
2022-07-21 11:00:00,USA,PJM Interconnection,US-MIDA-PJM,404.17,478.79,33.67,3.88,pjm.com,false,
2022-07-21 12:00:00,USA,PJM Interconnection,US-MIDA-PJM,410.3,487.26,31.93,3.86,pjm.com,false,
2022-07-21 13:00:00,USA,PJM Interconnection,US-MIDA-PJM,416.05,494.85,30.41,3.64,pjm.com,false,
2022-07-21 14:00:00,USA,PJM Interconnection,US-MIDA-PJM,418.13,499.05,29.24,3.72,pjm.com,false,
2022-07-21 15:00:00,USA,PJM Interconnection,US-MIDA-PJM,413.24,494.45,29.21,4.77,pjm.com,false,
2022-07-21 16:00:00,USA,PJM Interconnection,US-MIDA-PJM,412.38,494.05,28.89,5.43,pjm.com,false,
2022-07-21 17:00:00,USA,PJM Interconnection,US-MIDA-PJM,412.46,494.57,28.83,6.17,pjm.com,false,
2022-07-21 18:00:00,USA,PJM Interconnection,US-MIDA-PJM,411.2,493.07,29.17,7.09,pjm.com,false,
2022-07-21 19:00:00,USA,PJM Interconnection,US-MIDA-PJM,410.3,492.11,29.22,7.38,pjm.com,false,
2022-07-21 20:00:00,USA,PJM Interconnection,US-MIDA-PJM,409.87,491.33,29.44,7.61,pjm.com,false,
2022-07-21 21:00:00,USA,PJM Interconnection,US-MIDA-PJM,409.01,489.99,29.62,7.82,pjm.com,false,
2022-07-21 22:00:00,USA,PJM Interconnection,US-MIDA-PJM,411.51,492.78,29.3,7.28,pjm.com,false,
2022-07-21 23:00:00,USA,PJM Interconnection,US-MIDA-PJM,419.5,501.44,28.2,5.53,pjm.com,false,
2022-07-22 00:00:00,USA,PJM Interconnection,US-MIDA-PJM,423.69,505.28,28.05,4.44,pjm.com,false,
2022-07-22 01:00:00,USA,PJM Interconnection,US-MIDA-PJM,423.65,504.31,28.57,4.13,pjm.com,false,
2022-07-22 02:00:00,USA,PJM Interconnection,US-MIDA-PJM,421.28,500.28,29.46,3.7,pjm.com,false,
2022-07-22 03:00:00,USA,PJM Interconnection,US-MIDA-PJM,416.83,492.86,31.59,4.38,pjm.com,false,
2022-07-22 04:00:00,USA,PJM Interconnection,US-MIDA-PJM,411.04,485.43,33.1,4.46,pjm.com,false,
2022-07-22 05:00:00,USA,PJM Interconnection,US-MIDA-PJM,402.36,475.91,34.18,4.19,pjm.com,false,
2022-07-22 06:00:00,USA,PJM Interconnection,US-MIDA-PJM,394.84,468.15,34.79,3.33,pjm.com,false,
2022-07-22 07:00:00,USA,PJM Interconnection,US-MIDA-PJM,388.98,461.61,35.58,3.12,pjm.com,false,
2022-07-22 08:00:00,USA,PJM Interconnection,US-MIDA-PJM,385.51,457.6,36.18,3.11,pjm.com,false,
2022-07-22 09:00:00,USA,PJM Interconnection,US-MIDA-PJM,386.71,459.42,35.66,2.97,pjm.com,false,
2022-07-22 10:00:00,USA,PJM Interconnection,US-MIDA-PJM,390.86,463.86,35.22,3.0,pjm.com,false,
2022-07-22 11:00:00,USA,PJM Interconnection,US-MIDA-PJM,391.32,464.93,34.82,3.9,pjm.com,false,
2022-07-22 12:00:00,USA,PJM Interconnection,US-MIDA-PJM,402.24,477.15,33.42,4.16,pjm.com,false,
2022-07-22 13:00:00,USA,PJM Interconnection,US-MIDA-PJM,411.43,488.68,31.27,3.45,pjm.com,false,
2022-07-22 14:00:00,USA,PJM Interconnection,US-MIDA-PJM,409.1,487.8,30.57,3.86,pjm.com,false,
2022-07-22 15:00:00,USA,PJM Interconnection,US-MIDA-PJM,413.69,494.16,29.37,3.99,pjm.com,false,
2022-07-22 16:00:00,USA,PJM Interconnection,US-MIDA-PJM,412.15,493.21,29.13,4.92,pjm.com,false,
2022-07-22 17:00:00,USA,PJM Interconnection,US-MIDA-PJM,412.5,493.57,29.27,5.8,pjm.com,false,
2022-07-22 18:00:00,USA,PJM Interconnection,US-MIDA-PJM,412.98,494.49,29.16,6.35,pjm.com,false,
2022-07-22 19:00:00,USA,PJM Interconnection,US-MIDA-PJM,413.86,495.59,28.84,6.52,pjm.com,false,
2022-07-22 20:00:00,USA,PJM Interconnection,US-MIDA-PJM,416.08,498.0,28.72,6.73,pjm.com,false,
2022-07-22 21:00:00,USA,PJM Interconnection,US-MIDA-PJM,416.55,498.56,28.47,6.48,pjm.com,false,
2022-07-22 22:00:00,USA,PJM Interconnection,US-MIDA-PJM,417.95,500.09,28.22,6.15,pjm.com,false,
2022-07-22 23:00:00,USA,PJM Interconnection,US-MIDA-PJM,426.46,509.75,26.81,4.07,pjm.com,false,
2022-07-23 00:00:00,USA,PJM Interconnection,US-MIDA-PJM,427.82,510.35,27.1,3.12,pjm.com,false,
2022-07-23 01:00:00,USA,PJM Interconnection,US-MIDA-PJM,429.8,511.5,27.32,2.59,pjm.com,false,
2022-07-23 02:00:00,USA,PJM Interconnection,US-MIDA-PJM,425.91,505.0,28.94,2.65,pjm.com,false,
2022-07-23 03:00:00,USA,PJM Interconnection,US-MIDA-PJM,418.27,494.94,31.04,3.39,pjm.com,false,
2022-07-23 04:00:00,USA,PJM Interconnection,US-MIDA-PJM,404.9,479.32,33.38,4.28,pjm.com,false,
2022-07-23 05:00:00,USA,PJM Interconnection,US-MIDA-PJM,391.37,463.71,35.62,5.31,pjm.com,false,
2022-07-23 06:00:00,USA,PJM Interconnection,US-MIDA-PJM,379.67,450.27,37.52,5.79,pjm.com,false,
2022-07-23 07:00:00,USA,PJM Interconnection,US-MIDA-PJM,373.83,443.26,38.7,5.84,pjm.com,false,
2022-07-23 08:00:00,USA,PJM Interconnection,US-MIDA-PJM,372.14,440.43,39.64,6.07,pjm.com,false,
2022-07-23 09:00:00,USA,PJM Interconnection,US-MIDA-PJM,372.56,440.75,39.7,5.62,pjm.com,false,
2022-07-23 10:00:00,USA,PJM Interconnection,US-MIDA-PJM,377.77,446.19,39.28,4.86,pjm.com,false,
2022-07-23 11:00:00,USA,PJM Interconnection,US-MIDA-PJM,377.0,445.54,39.33,5.46,pjm.com,false,
2022-07-23 12:00:00,USA,PJM Interconnection,US-MIDA-PJM,384.97,456.83,36.56,4.85,pjm.com,false,
2022-07-23 13:00:00,USA,PJM Interconnection,US-MIDA-PJM,391.01,464.05,35.45,5.39,pjm.com,false,
2022-07-23 14:00:00,USA,PJM Interconnection,US-MIDA-PJM,399.58,474.69,33.5,5.09,pjm.com,false,
2022-07-23 15:00:00,USA,PJM Interconnection,US-MIDA-PJM,399.4,475.58,32.99,5.77,pjm.com,false,
2022-07-23 16:00:00,USA,PJM Interconnection,US-MIDA-PJM,405.49,482.98,32.1,6.1,pjm.com,false,
2022-07-23 17:00:00,USA,PJM Interconnection,US-MIDA-PJM,404.3,481.04,32.76,7.35,pjm.com,false,
2022-07-23 18:00:00,USA,PJM Interconnection,US-MIDA-PJM,395.52,471.54,33.81,8.97,pjm.com,false,
2022-07-23 19:00:00,USA,PJM Interconnection,US-MIDA-PJM,396.42,473.44,33.07,8.7,pjm.com,false,
2022-07-23 20:00:00,USA,PJM Interconnection,US-MIDA-PJM,397.74,475.38,32.64,8.95,pjm.com,false,
2022-07-23 21:00:00,USA,PJM Interconnection,US-MIDA-PJM,394.59,471.66,33.23,9.92,pjm.com,false,
2022-07-23 22:00:00,USA,PJM Interconnection,US-MIDA-PJM,406.81,485.47,31.5,8.14,pjm.com,false,
2022-07-23 23:00:00,USA,PJM Interconnection,US-MIDA-PJM,411.21,489.95,31.25,6.96,pjm.com,false,
2022-07-24 00:00:00,USA,PJM Interconnection,US-MIDA-PJM,411.05,489.21,31.23,6.01,pjm.com,false,
2022-07-24 01:00:00,USA,PJM Interconnection,US-MIDA-PJM,408.85,485.5,32.06,5.81,pjm.com,false,
2022-07-24 02:00:00,USA,PJM Interconnection,US-MIDA-PJM,408.62,483.94,32.61,4.93,pjm.com,false,
2022-07-24 03:00:00,USA,PJM Interconnection,US-MIDA-PJM,402.7,476.19,34.18,5.64,pjm.com,false,
2022-07-24 04:00:00,USA,PJM Interconnection,US-MIDA-PJM,390.84,461.85,36.66,6.82,pjm.com,false,
2022-07-24 05:00:00,USA,PJM Interconnection,US-MIDA-PJM,379.76,449.73,37.98,7.34,pjm.com,false,
2022-07-24 06:00:00,USA,PJM Interconnection,US-MIDA-PJM,377.58,446.89,38.61,6.65,pjm.com,false,
2022-07-24 07:00:00,USA,PJM Interconnection,US-MIDA-PJM,374.93,442.95,39.7,6.61,pjm.com,false,
2022-07-24 08:00:00,USA,PJM Interconnection,US-MIDA-PJM,376.09,443.21,40.31,6.33,pjm.com,false,
2022-07-24 09:00:00,USA,PJM Interconnection,US-MIDA-PJM,372.34,437.3,42.1,7.32,pjm.com,false,
2022-07-24 10:00:00,USA,PJM Interconnection,US-MIDA-PJM,371.23,434.93,43.09,7.63,pjm.com,false,
2022-07-24 11:00:00,USA,PJM Interconnection,US-MIDA-PJM,370.35,435.06,42.45,7.66,pjm.com,false,
2022-07-24 12:00:00,USA,PJM Interconnection,US-MIDA-PJM,379.04,446.81,39.83,6.66,pjm.com,false,
2022-07-24 13:00:00,USA,PJM Interconnection,US-MIDA-PJM,386.03,455.84,38.03,6.47,pjm.com,false,
2022-07-24 14:00:00,USA,PJM Interconnection,US-MIDA-PJM,391.02,463.82,35.65,6.62,pjm.com,false,
2022-07-24 15:00:00,USA,PJM Interconnection,US-MIDA-PJM,402.5,478.34,33.12,5.69,pjm.com,false,
2022-07-24 16:00:00,USA,PJM Interconnection,US-MIDA-PJM,407.05,484.46,32.03,5.91,pjm.com,false,
2022-07-24 17:00:00,USA,PJM Interconnection,US-MIDA-PJM,405.89,483.45,31.86,6.82,pjm.com,false,
2022-07-24 18:00:00,USA,PJM Interconnection,US-MIDA-PJM,406.37,483.76,32.04,7.83,pjm.com,false,
2022-07-24 19:00:00,USA,PJM Interconnection,US-MIDA-PJM,411.57,490.29,31.27,7.71,pjm.com,false,
2022-07-24 20:00:00,USA,PJM Interconnection,US-MIDA-PJM,411.9,490.94,31.02,7.93,pjm.com,false,
2022-07-24 21:00:00,USA,PJM Interconnection,US-MIDA-PJM,414.83,494.82,30.23,7.57,pjm.com,false,
2022-07-24 22:00:00,USA,PJM Interconnection,US-MIDA-PJM,413.99,494.07,29.97,7.26,pjm.com,false,
2022-07-24 23:00:00,USA,PJM Interconnection,US-MIDA-PJM,418.91,498.96,29.73,6.37,pjm.com,false,
2022-07-25 00:00:00,USA,PJM Interconnection,US-MIDA-PJM,425.63,506.46,28.56,4.52,pjm.com,false,
2022-07-25 01:00:00,USA,PJM Interconnection,US-MIDA-PJM,426.19,506.13,29.01,4.21,pjm.com,false,
2022-07-25 02:00:00,USA,PJM Interconnection,US-MIDA-PJM,424.9,503.5,29.59,3.45,pjm.com,false,
2022-07-25 03:00:00,USA,PJM Interconnection,US-MIDA-PJM,420.42,496.73,31.17,3.51,pjm.com,false,
2022-07-25 04:00:00,USA,PJM Interconnection,US-MIDA-PJM,419.39,494.58,32.05,3.41,pjm.com,false,
2022-07-25 05:00:00,USA,PJM Interconnection,US-MIDA-PJM,412.55,487.07,32.93,3.62,pjm.com,false,
2022-07-25 06:00:00,USA,PJM Interconnection,US-MIDA-PJM,405.29,478.48,34.31,3.71,pjm.com,false,
2022-07-25 07:00:00,USA,PJM Interconnection,US-MIDA-PJM,399.49,472.57,34.69,3.3,pjm.com,false,
2022-07-25 08:00:00,USA,PJM Interconnection,US-MIDA-PJM,398.18,471.28,34.75,2.85,pjm.com,false,
2022-07-25 09:00:00,USA,PJM Interconnection,US-MIDA-PJM,404.86,478.97,33.66,2.55,pjm.com,false,
2022-07-25 10:00:00,USA,PJM Interconnection,US-MIDA-PJM,415.25,490.37,32.36,2.17,pjm.com,false,
2022-07-25 11:00:00,USA,PJM Interconnection,US-MIDA-PJM,415.91,491.44,32.14,2.77,pjm.com,false,
2022-07-25 12:00:00,USA,PJM Interconnection,US-MIDA-PJM,413.44,489.52,31.96,3.6,pjm.com,false,
2022-07-25 13:00:00,USA,PJM Interconnection,US-MIDA-PJM,416.07,493.28,31.06,3.58,pjm.com,false,
2022-07-25 14:00:00,USA,PJM Interconnection,US-MIDA-PJM,415.05,493.38,30.44,3.84,pjm.com,false,
2022-07-25 15:00:00,USA,PJM Interconnection,US-MIDA-PJM,417.96,496.73,30.04,4.56,pjm.com,false,
2022-07-25 16:00:00,USA,PJM Interconnection,US-MIDA-PJM,416.56,495.59,29.98,5.16,pjm.com,false,
2022-07-25 17:00:00,USA,PJM Interconnection,US-MIDA-PJM,413.55,492.9,29.93,5.57,pjm.com,false,
2022-07-25 18:00:00,USA,PJM Interconnection,US-MIDA-PJM,416.04,495.54,29.75,5.72,pjm.com,false,
2022-07-25 19:00:00,USA,PJM Interconnection,US-MIDA-PJM,417.74,497.24,29.67,5.7,pjm.com,false,
2022-07-25 20:00:00,USA,PJM Interconnection,US-MIDA-PJM,420.82,499.86,29.91,5.63,pjm.com,false,
2022-07-25 21:00:00,USA,PJM Interconnection,US-MIDA-PJM,426.32,505.98,29.23,4.8,pjm.com,false,
2022-07-25 22:00:00,USA,PJM Interconnection,US-MIDA-PJM,432.7,513.3,28.13,3.35,pjm.com,false,
2022-07-25 23:00:00,USA,PJM Interconnection,US-MIDA-PJM,433.02,513.49,28.18,2.98,pjm.com,false,
2022-07-26 00:00:00,USA,PJM Interconnection,US-MIDA-PJM,430.26,510.02,28.49,2.51,pjm.com,false,
2022-07-26 01:00:00,USA,PJM Interconnection,US-MIDA-PJM,435.43,515.79,27.69,1.01,pjm.com,false,
2022-07-26 02:00:00,USA,PJM Interconnection,US-MIDA-PJM,430.83,509.84,28.86,0.97,pjm.com,false,
2022-07-26 03:00:00,USA,PJM Interconnection,US-MIDA-PJM,423.94,501.21,30.48,0.98,pjm.com,false,
2022-07-26 04:00:00,USA,PJM Interconnection,US-MIDA-PJM,413.58,489.66,32.04,1.07,pjm.com,false,
2022-07-26 05:00:00,USA,PJM Interconnection,US-MIDA-PJM,407.2,482.76,32.75,1.17,pjm.com,false,
2022-07-26 06:00:00,USA,PJM Interconnection,US-MIDA-PJM,402.19,476.26,34.16,1.41,pjm.com,false,
2022-07-26 07:00:00,USA,PJM Interconnection,US-MIDA-PJM,401.03,474.27,34.9,1.36,pjm.com,false,
2022-07-26 08:00:00,USA,PJM Interconnection,US-MIDA-PJM,400.13,473.12,35.16,1.24,pjm.com,false,
2022-07-26 09:00:00,USA,PJM Interconnection,US-MIDA-PJM,400.29,474.0,34.62,1.3,pjm.com,false,
2022-07-26 10:00:00,USA,PJM Interconnection,US-MIDA-PJM,403.35,478.49,33.38,1.51,pjm.com,false,
2022-07-26 11:00:00,USA,PJM Interconnection,US-MIDA-PJM,412.27,487.92,32.62,1.75,pjm.com,false,
2022-07-26 12:00:00,USA,PJM Interconnection,US-MIDA-PJM,413.88,489.97,32.24,2.37,pjm.com,false,
2022-07-26 13:00:00,USA,PJM Interconnection,US-MIDA-PJM,416.24,493.05,31.64,2.38,pjm.com,false,
2022-07-26 14:00:00,USA,PJM Interconnection,US-MIDA-PJM,417.95,495.24,31.23,2.41,pjm.com,false,
2022-07-26 15:00:00,USA,PJM Interconnection,US-MIDA-PJM,422.59,500.86,30.35,2.72,pjm.com,false,
2022-07-26 16:00:00,USA,PJM Interconnection,US-MIDA-PJM,425.06,503.88,29.88,2.97,pjm.com,false,
2022-07-26 17:00:00,USA,PJM Interconnection,US-MIDA-PJM,419.12,497.26,30.79,4.29,pjm.com,false,
2022-07-26 18:00:00,USA,PJM Interconnection,US-MIDA-PJM,416.58,494.79,30.89,4.67,pjm.com,false,
2022-07-26 19:00:00,USA,PJM Interconnection,US-MIDA-PJM,417.73,495.99,30.73,4.56,pjm.com,false,
2022-07-26 20:00:00,USA,PJM Interconnection,US-MIDA-PJM,414.66,492.87,30.95,5.01,pjm.com,false,
2022-07-26 21:00:00,USA,PJM Interconnection,US-MIDA-PJM,417.58,496.17,30.44,4.67,pjm.com,false,
2022-07-26 22:00:00,USA,PJM Interconnection,US-MIDA-PJM,422.45,501.43,29.84,4.0,pjm.com,false,
2022-07-26 23:00:00,USA,PJM Interconnection,US-MIDA-PJM,427.55,506.95,29.18,2.86,pjm.com,false,
2022-07-27 00:00:00,USA,PJM Interconnection,US-MIDA-PJM,424.55,503.31,29.82,2.96,pjm.com,false,
2022-07-27 01:00:00,USA,PJM Interconnection,US-MIDA-PJM,427.23,506.14,29.48,2.15,pjm.com,false,
2022-07-27 02:00:00,USA,PJM Interconnection,US-MIDA-PJM,428.41,506.43,29.85,0.86,pjm.com,false,
2022-07-27 03:00:00,USA,PJM Interconnection,US-MIDA-PJM,420.0,497.01,31.04,0.87,pjm.com,false,
2022-07-27 04:00:00,USA,PJM Interconnection,US-MIDA-PJM,412.66,487.87,32.82,1.01,pjm.com,false,
2022-07-27 05:00:00,USA,PJM Interconnection,US-MIDA-PJM,403.65,477.82,34.05,1.06,pjm.com,false,
2022-07-27 06:00:00,USA,PJM Interconnection,US-MIDA-PJM,400.15,473.8,34.89,1.21,pjm.com,false,
2022-07-27 07:00:00,USA,PJM Interconnection,US-MIDA-PJM,398.5,471.28,35.7,1.18,pjm.com,false,
2022-07-27 08:00:00,USA,PJM Interconnection,US-MIDA-PJM,397.62,470.11,35.97,1.23,pjm.com,false,
2022-07-27 09:00:00,USA,PJM Interconnection,US-MIDA-PJM,396.81,470.86,34.83,1.24,pjm.com,false,
2022-07-27 10:00:00,USA,PJM Interconnection,US-MIDA-PJM,404.88,480.23,33.43,1.16,pjm.com,false,
2022-07-27 11:00:00,USA,PJM Interconnection,US-MIDA-PJM,408.26,483.75,33.15,1.78,pjm.com,false,
2022-07-27 12:00:00,USA,PJM Interconnection,US-MIDA-PJM,406.61,482.45,33.08,2.64,pjm.com,false,
2022-07-27 13:00:00,USA,PJM Interconnection,US-MIDA-PJM,410.71,487.02,32.54,3.19,pjm.com,false,
2022-07-27 14:00:00,USA,PJM Interconnection,US-MIDA-PJM,409.06,485.88,32.26,4.0,pjm.com,false,
2022-07-27 15:00:00,USA,PJM Interconnection,US-MIDA-PJM,412.91,490.37,31.63,4.49,pjm.com,false,
2022-07-27 16:00:00,USA,PJM Interconnection,US-MIDA-PJM,414.69,492.63,31.31,5.14,pjm.com,false,
2022-07-27 17:00:00,USA,PJM Interconnection,US-MIDA-PJM,409.55,487.35,31.9,6.44,pjm.com,false,
2022-07-27 18:00:00,USA,PJM Interconnection,US-MIDA-PJM,411.89,490.99,30.71,6.09,pjm.com,false,
2022-07-27 19:00:00,USA,PJM Interconnection,US-MIDA-PJM,414.44,493.81,30.26,6.11,pjm.com,false,
2022-07-27 20:00:00,USA,PJM Interconnection,US-MIDA-PJM,413.68,492.34,30.46,6.56,pjm.com,false,
2022-07-27 21:00:00,USA,PJM Interconnection,US-MIDA-PJM,415.67,494.44,30.16,6.49,pjm.com,false,
2022-07-27 22:00:00,USA,PJM Interconnection,US-MIDA-PJM,419.33,497.89,30.05,6.31,pjm.com,false,
2022-07-27 23:00:00,USA,PJM Interconnection,US-MIDA-PJM,423.21,501.5,30.0,5.83,pjm.com,false,
2022-07-28 00:00:00,USA,PJM Interconnection,US-MIDA-PJM,425.27,503.5,29.91,5.08,pjm.com,false,
2022-07-28 01:00:00,USA,PJM Interconnection,US-MIDA-PJM,430.91,509.69,29.07,3.51,pjm.com,false,
2022-07-28 02:00:00,USA,PJM Interconnection,US-MIDA-PJM,430.27,507.36,30.13,3.06,pjm.com,false,
2022-07-28 03:00:00,USA,PJM Interconnection,US-MIDA-PJM,422.53,498.3,31.47,3.08,pjm.com,false,
2022-07-28 04:00:00,USA,PJM Interconnection,US-MIDA-PJM,413.96,488.82,32.63,3.08,pjm.com,false,
2022-07-28 05:00:00,USA,PJM Interconnection,US-MIDA-PJM,404.86,478.65,33.91,2.84,pjm.com,false,
2022-07-28 06:00:00,USA,PJM Interconnection,US-MIDA-PJM,396.47,469.64,34.8,2.75,pjm.com,false,
2022-07-28 07:00:00,USA,PJM Interconnection,US-MIDA-PJM,387.72,460.56,35.51,2.58,pjm.com,false,
2022-07-28 08:00:00,USA,PJM Interconnection,US-MIDA-PJM,381.67,453.6,36.49,3.17,pjm.com,false,
2022-07-28 09:00:00,USA,PJM Interconnection,US-MIDA-PJM,380.7,452.56,36.58,3.53,pjm.com,false,
2022-07-28 10:00:00,USA,PJM Interconnection,US-MIDA-PJM,389.36,462.46,35.27,3.24,pjm.com,false,
2022-07-28 11:00:00,USA,PJM Interconnection,US-MIDA-PJM,400.47,474.43,34.12,3.37,pjm.com,false,
2022-07-28 12:00:00,USA,PJM Interconnection,US-MIDA-PJM,402.43,477.28,33.47,4.04,pjm.com,false,
2022-07-28 13:00:00,USA,PJM Interconnection,US-MIDA-PJM,406.79,482.62,32.57,4.05,pjm.com,false,
2022-07-28 14:00:00,USA,PJM Interconnection,US-MIDA-PJM,410.6,487.8,31.58,4.3,pjm.com,false,
2022-07-28 15:00:00,USA,PJM Interconnection,US-MIDA-PJM,411.79,490.26,30.66,4.53,pjm.com,false,
2022-07-28 16:00:00,USA,PJM Interconnection,US-MIDA-PJM,408.89,487.66,30.65,5.62,pjm.com,false,
2022-07-28 17:00:00,USA,PJM Interconnection,US-MIDA-PJM,403.01,481.8,31.0,6.76,pjm.com,false,
2022-07-28 18:00:00,USA,PJM Interconnection,US-MIDA-PJM,401.28,479.77,31.35,7.73,pjm.com,false,
2022-07-28 19:00:00,USA,PJM Interconnection,US-MIDA-PJM,400.74,479.23,31.41,8.12,pjm.com,false,
2022-07-28 20:00:00,USA,PJM Interconnection,US-MIDA-PJM,403.86,483.09,30.85,7.97,pjm.com,false,
2022-07-28 21:00:00,USA,PJM Interconnection,US-MIDA-PJM,406.13,485.89,30.35,7.47,pjm.com,false,
2022-07-28 22:00:00,USA,PJM Interconnection,US-MIDA-PJM,413.13,493.58,29.39,6.27,pjm.com,false,
2022-07-28 23:00:00,USA,PJM Interconnection,US-MIDA-PJM,417.74,498.41,28.85,5.0,pjm.com,false,
2022-07-29 00:00:00,USA,PJM Interconnection,US-MIDA-PJM,422.97,502.96,28.84,3.77,pjm.com,false,
2022-07-29 01:00:00,USA,PJM Interconnection,US-MIDA-PJM,424.39,503.67,29.07,2.97,pjm.com,false,
2022-07-29 02:00:00,USA,PJM Interconnection,US-MIDA-PJM,420.32,498.01,30.26,2.82,pjm.com,false,
2022-07-29 03:00:00,USA,PJM Interconnection,US-MIDA-PJM,415.81,491.7,31.72,2.74,pjm.com,false,
2022-07-29 04:00:00,USA,PJM Interconnection,US-MIDA-PJM,401.63,475.74,33.8,3.17,pjm.com,false,
2022-07-29 05:00:00,USA,PJM Interconnection,US-MIDA-PJM,395.32,468.58,34.76,3.18,pjm.com,false,
2022-07-29 06:00:00,USA,PJM Interconnection,US-MIDA-PJM,387.6,459.92,35.89,2.82,pjm.com,false,
2022-07-29 07:00:00,USA,PJM Interconnection,US-MIDA-PJM,384.44,456.38,36.34,2.35,pjm.com,false,
2022-07-29 08:00:00,USA,PJM Interconnection,US-MIDA-PJM,384.46,456.32,36.41,2.01,pjm.com,false,
2022-07-29 09:00:00,USA,PJM Interconnection,US-MIDA-PJM,386.59,459.31,35.66,1.68,pjm.com,false,
2022-07-29 10:00:00,USA,PJM Interconnection,US-MIDA-PJM,391.39,465.42,34.45,1.57,pjm.com,false,
2022-07-29 11:00:00,USA,PJM Interconnection,US-MIDA-PJM,395.63,470.71,33.51,1.97,pjm.com,false,
2022-07-29 12:00:00,USA,PJM Interconnection,US-MIDA-PJM,401.0,476.75,32.84,2.62,pjm.com,false,
2022-07-29 13:00:00,USA,PJM Interconnection,US-MIDA-PJM,402.17,478.98,32.06,2.81,pjm.com,false,
2022-07-29 14:00:00,USA,PJM Interconnection,US-MIDA-PJM,402.78,480.12,31.75,3.23,pjm.com,false,
2022-07-29 15:00:00,USA,PJM Interconnection,US-MIDA-PJM,396.33,473.48,32.42,4.89,pjm.com,false,
2022-07-29 16:00:00,USA,PJM Interconnection,US-MIDA-PJM,396.0,473.42,32.25,5.65,pjm.com,false,
2022-07-29 17:00:00,USA,PJM Interconnection,US-MIDA-PJM,392.87,470.54,32.29,6.22,pjm.com,false,
2022-07-29 18:00:00,USA,PJM Interconnection,US-MIDA-PJM,391.53,469.24,32.28,6.52,pjm.com,false,
2022-07-29 19:00:00,USA,PJM Interconnection,US-MIDA-PJM,393.86,472.07,31.76,6.49,pjm.com,false,
2022-07-29 20:00:00,USA,PJM Interconnection,US-MIDA-PJM,392.75,471.29,31.76,6.55,pjm.com,false,
2022-07-29 21:00:00,USA,PJM Interconnection,US-MIDA-PJM,391.91,470.53,31.69,6.14,pjm.com,false,
2022-07-29 22:00:00,USA,PJM Interconnection,US-MIDA-PJM,394.2,472.47,31.72,5.53,pjm.com,false,
2022-07-29 23:00:00,USA,PJM Interconnection,US-MIDA-PJM,401.04,479.28,31.19,4.25,pjm.com,false,
2022-07-30 00:00:00,USA,PJM Interconnection,US-MIDA-PJM,403.29,480.91,31.38,3.25,pjm.com,false,
2022-07-30 01:00:00,USA,PJM Interconnection,US-MIDA-PJM,407.49,485.21,30.91,1.95,pjm.com,false,
2022-07-30 02:00:00,USA,PJM Interconnection,US-MIDA-PJM,404.04,480.76,31.78,1.31,pjm.com,false,
2022-07-30 03:00:00,USA,PJM Interconnection,US-MIDA-PJM,396.68,471.83,33.32,1.44,pjm.com,false,
2022-07-30 04:00:00,USA,PJM Interconnection,US-MIDA-PJM,390.44,464.59,34.94,1.28,pjm.com,false,
2022-07-30 05:00:00,USA,PJM Interconnection,US-MIDA-PJM,384.01,456.14,36.25,1.29,pjm.com,false,
2022-07-30 06:00:00,USA,PJM Interconnection,US-MIDA-PJM,378.13,449.1,37.42,1.26,pjm.com,false,
2022-07-30 07:00:00,USA,PJM Interconnection,US-MIDA-PJM,374.35,444.56,38.19,1.15,pjm.com,false,
2022-07-30 08:00:00,USA,PJM Interconnection,US-MIDA-PJM,371.27,440.71,38.94,1.22,pjm.com,false,
2022-07-30 09:00:00,USA,PJM Interconnection,US-MIDA-PJM,372.55,441.8,39.01,1.14,pjm.com,false,
2022-07-30 10:00:00,USA,PJM Interconnection,US-MIDA-PJM,372.69,441.83,39.1,1.23,pjm.com,false,
2022-07-30 11:00:00,USA,PJM Interconnection,US-MIDA-PJM,370.8,440.26,39.02,1.83,pjm.com,false,
2022-07-30 12:00:00,USA,PJM Interconnection,US-MIDA-PJM,373.9,444.14,38.4,3.09,pjm.com,false,
2022-07-30 13:00:00,USA,PJM Interconnection,US-MIDA-PJM,382.18,453.77,37.06,3.83,pjm.com,false,
2022-07-30 14:00:00,USA,PJM Interconnection,US-MIDA-PJM,379.31,452.45,36.07,4.09,pjm.com,false,
2022-07-30 15:00:00,USA,PJM Interconnection,US-MIDA-PJM,384.08,458.05,35.19,4.14,pjm.com,false,
2022-07-30 16:00:00,USA,PJM Interconnection,US-MIDA-PJM,386.41,461.02,34.65,4.84,pjm.com,false,
2022-07-30 17:00:00,USA,PJM Interconnection,US-MIDA-PJM,383.18,458.2,34.65,5.58,pjm.com,false,
2022-07-30 18:00:00,USA,PJM Interconnection,US-MIDA-PJM,381.68,456.93,34.59,6.23,pjm.com,false,
2022-07-30 19:00:00,USA,PJM Interconnection,US-MIDA-PJM,383.87,459.8,33.97,6.28,pjm.com,false,
2022-07-30 20:00:00,USA,PJM Interconnection,US-MIDA-PJM,382.9,459.2,33.79,6.83,pjm.com,false,
2022-07-30 21:00:00,USA,PJM Interconnection,US-MIDA-PJM,390.59,467.81,32.94,6.34,pjm.com,false,
2022-07-30 22:00:00,USA,PJM Interconnection,US-MIDA-PJM,393.24,470.75,32.44,5.66,pjm.com,false,
2022-07-30 23:00:00,USA,PJM Interconnection,US-MIDA-PJM,395.35,472.83,32.04,4.45,pjm.com,false,
2022-07-31 00:00:00,USA,PJM Interconnection,US-MIDA-PJM,399.0,476.31,31.85,2.79,pjm.com,false,
2022-07-31 01:00:00,USA,PJM Interconnection,US-MIDA-PJM,402.38,479.11,31.98,2.01,pjm.com,false,
2022-07-31 02:00:00,USA,PJM Interconnection,US-MIDA-PJM,407.19,483.22,32.1,0.72,pjm.com,false,
2022-07-31 03:00:00,USA,PJM Interconnection,US-MIDA-PJM,402.69,477.92,32.88,0.78,pjm.com,false,
2022-07-31 04:00:00,USA,PJM Interconnection,US-MIDA-PJM,402.5,477.62,32.97,0.83,pjm.com,false,
2022-07-31 05:00:00,USA,PJM Interconnection,US-MIDA-PJM,402.56,477.68,32.97,0.8,pjm.com,false,
2022-07-31 06:00:00,USA,PJM Interconnection,US-MIDA-PJM,402.56,477.66,32.98,0.79,pjm.com,false,
2022-07-31 07:00:00,USA,PJM Interconnection,US-MIDA-PJM,402.62,477.79,32.93,0.78,pjm.com,false,
2022-07-31 08:00:00,USA,PJM Interconnection,US-MIDA-PJM,402.71,477.93,32.88,0.77,pjm.com,false,
2022-07-31 09:00:00,USA,PJM Interconnection,US-MIDA-PJM,402.74,477.99,32.86,0.77,pjm.com,false,
2022-07-31 10:00:00,USA,PJM Interconnection,US-MIDA-PJM,402.7,477.93,32.87,0.77,pjm.com,false,
2022-07-31 11:00:00,USA,PJM Interconnection,US-MIDA-PJM,367.29,434.66,40.47,0.92,pjm.com,false,
2022-07-31 12:00:00,USA,PJM Interconnection,US-MIDA-PJM,374.92,443.58,39.2,1.59,pjm.com,false,
2022-07-31 13:00:00,USA,PJM Interconnection,US-MIDA-PJM,380.08,450.62,37.59,2.16,pjm.com,false,
2022-07-31 14:00:00,USA,PJM Interconnection,US-MIDA-PJM,382.83,455.24,36.1,2.48,pjm.com,false,
2022-07-31 15:00:00,USA,PJM Interconnection,US-MIDA-PJM,387.39,460.93,35.04,2.82,pjm.com,false,
2022-07-31 16:00:00,USA,PJM Interconnection,US-MIDA-PJM,388.74,463.27,34.27,3.28,pjm.com,false,
2022-07-31 17:00:00,USA,PJM Interconnection,US-MIDA-PJM,392.96,468.7,33.19,3.44,pjm.com,false,
2022-07-31 18:00:00,USA,PJM Interconnection,US-MIDA-PJM,386.54,462.14,33.74,4.5,pjm.com,false,
2022-07-31 19:00:00,USA,PJM Interconnection,US-MIDA-PJM,384.57,459.72,34.24,5.39,pjm.com,false,
2022-07-31 20:00:00,USA,PJM Interconnection,US-MIDA-PJM,388.24,464.29,33.37,5.78,pjm.com,false,
2022-07-31 21:00:00,USA,PJM Interconnection,US-MIDA-PJM,386.32,462.27,33.54,5.9,pjm.com,false,
2022-07-31 22:00:00,USA,PJM Interconnection,US-MIDA-PJM,384.84,460.4,33.91,6.36,pjm.com,false,
2022-07-31 23:00:00,USA,PJM Interconnection,US-MIDA-PJM,387.77,463.54,33.54,5.66,pjm.com,false,
2022-08-01 00:00:00,USA,PJM Interconnection,US-MIDA-PJM,392.31,468.06,33.27,4.89,pjm.com,false,
2022-08-01 01:00:00,USA,PJM Interconnection,US-MIDA-PJM,397.26,472.9,32.95,3.66,pjm.com,false,
2022-08-01 02:00:00,USA,PJM Interconnection,US-MIDA-PJM,397.87,473.0,33.13,2.62,pjm.com,false,
2022-08-01 03:00:00,USA,PJM Interconnection,US-MIDA-PJM,385.23,458.17,35.38,3.64,pjm.com,false,
2022-08-01 04:00:00,USA,PJM Interconnection,US-MIDA-PJM,373.79,444.56,37.58,4.58,pjm.com,false,
2022-08-01 05:00:00,USA,PJM Interconnection,US-MIDA-PJM,366.53,436.34,38.67,4.72,pjm.com,false,
2022-08-01 06:00:00,USA,PJM Interconnection,US-MIDA-PJM,367.1,435.56,39.65,4.6,pjm.com,false,
2022-08-01 07:00:00,USA,PJM Interconnection,US-MIDA-PJM,368.22,436.15,40.04,4.52,pjm.com,false,
2022-08-01 08:00:00,USA,PJM Interconnection,US-MIDA-PJM,366.94,434.81,40.19,4.62,pjm.com,false,
2022-08-01 09:00:00,USA,PJM Interconnection,US-MIDA-PJM,367.28,436.33,39.29,4.57,pjm.com,false,
2022-08-01 10:00:00,USA,PJM Interconnection,US-MIDA-PJM,370.76,441.74,37.67,4.65,pjm.com,false,
2022-08-01 11:00:00,USA,PJM Interconnection,US-MIDA-PJM,374.54,446.28,36.93,4.85,pjm.com,false,
2022-08-01 12:00:00,USA,PJM Interconnection,US-MIDA-PJM,375.77,447.98,36.58,5.34,pjm.com,false,
2022-08-01 13:00:00,USA,PJM Interconnection,US-MIDA-PJM,383.42,457.12,35.11,5.0,pjm.com,false,
2022-08-01 14:00:00,USA,PJM Interconnection,US-MIDA-PJM,387.56,462.25,34.27,5.32,pjm.com,false,
2022-08-01 15:00:00,USA,PJM Interconnection,US-MIDA-PJM,387.3,462.45,33.98,5.98,pjm.com,false,
2022-08-01 16:00:00,USA,PJM Interconnection,US-MIDA-PJM,387.64,463.66,33.42,6.18,pjm.com,false,
2022-08-01 17:00:00,USA,PJM Interconnection,US-MIDA-PJM,383.79,459.09,34.22,7.97,pjm.com,false,
2022-08-01 18:00:00,USA,PJM Interconnection,US-MIDA-PJM,387.03,462.72,33.81,8.27,pjm.com,false,
2022-08-01 19:00:00,USA,PJM Interconnection,US-MIDA-PJM,387.87,463.73,33.64,8.53,pjm.com,false,
2022-08-01 20:00:00,USA,PJM Interconnection,US-MIDA-PJM,389.28,465.45,33.36,8.58,pjm.com,false,
2022-08-01 21:00:00,USA,PJM Interconnection,US-MIDA-PJM,391.84,468.31,33.02,8.54,pjm.com,false,
2022-08-01 22:00:00,USA,PJM Interconnection,US-MIDA-PJM,398.81,475.77,32.27,7.71,pjm.com,false,
2022-08-01 23:00:00,USA,PJM Interconnection,US-MIDA-PJM,406.3,483.92,31.31,6.23,pjm.com,false,
2022-08-02 00:00:00,USA,PJM Interconnection,US-MIDA-PJM,413.33,490.58,31.15,5.14,pjm.com,false,
2022-08-02 01:00:00,USA,PJM Interconnection,US-MIDA-PJM,414.63,492.31,30.66,3.88,pjm.com,false,
2022-08-02 02:00:00,USA,PJM Interconnection,US-MIDA-PJM,421.2,498.8,30.21,2.17,pjm.com,false,
2022-08-02 03:00:00,USA,PJM Interconnection,US-MIDA-PJM,415.98,491.35,32.04,2.37,pjm.com,false,
2022-08-02 04:00:00,USA,PJM Interconnection,US-MIDA-PJM,399.79,474.08,33.7,2.24,pjm.com,false,
2022-08-02 05:00:00,USA,PJM Interconnection,US-MIDA-PJM,388.47,461.68,35.1,2.29,pjm.com,false,
2022-08-02 06:00:00,USA,PJM Interconnection,US-MIDA-PJM,381.92,453.66,36.53,2.34,pjm.com,false,
2022-08-02 07:00:00,USA,PJM Interconnection,US-MIDA-PJM,379.51,450.36,37.33,2.28,pjm.com,false,
2022-08-02 08:00:00,USA,PJM Interconnection,US-MIDA-PJM,378.32,448.96,37.54,2.37,pjm.com,false,
2022-08-02 09:00:00,USA,PJM Interconnection,US-MIDA-PJM,381.0,452.83,36.53,2.17,pjm.com,false,
2022-08-02 10:00:00,USA,PJM Interconnection,US-MIDA-PJM,390.19,463.28,35.12,2.12,pjm.com,false,
2022-08-02 11:00:00,USA,PJM Interconnection,US-MIDA-PJM,395.2,468.74,34.59,2.64,pjm.com,false,
2022-08-02 12:00:00,USA,PJM Interconnection,US-MIDA-PJM,401.57,476.21,33.57,3.45,pjm.com,false,
2022-08-02 13:00:00,USA,PJM Interconnection,US-MIDA-PJM,403.95,479.6,32.83,3.96,pjm.com,false,
2022-08-02 14:00:00,USA,PJM Interconnection,US-MIDA-PJM,405.46,481.3,32.61,4.66,pjm.com,false,
2022-08-02 15:00:00,USA,PJM Interconnection,US-MIDA-PJM,409.71,487.58,31.07,4.52,pjm.com,false,
2022-08-02 16:00:00,USA,PJM Interconnection,US-MIDA-PJM,405.89,483.55,31.69,6.19,pjm.com,false,
2022-08-02 17:00:00,USA,PJM Interconnection,US-MIDA-PJM,403.86,482.33,31.41,6.9,pjm.com,false,
2022-08-02 18:00:00,USA,PJM Interconnection,US-MIDA-PJM,401.81,480.4,31.48,7.5,pjm.com,false,
2022-08-02 19:00:00,USA,PJM Interconnection,US-MIDA-PJM,403.57,482.97,30.83,7.39,pjm.com,false,
2022-08-02 20:00:00,USA,PJM Interconnection,US-MIDA-PJM,407.36,487.18,30.25,7.19,pjm.com,false,
2022-08-02 21:00:00,USA,PJM Interconnection,US-MIDA-PJM,407.88,488.21,29.96,7.16,pjm.com,false,
2022-08-02 22:00:00,USA,PJM Interconnection,US-MIDA-PJM,413.18,494.14,29.39,6.43,pjm.com,false,
2022-08-02 23:00:00,USA,PJM Interconnection,US-MIDA-PJM,416.39,497.57,28.93,5.26,pjm.com,false,
2022-08-03 00:00:00,USA,PJM Interconnection,US-MIDA-PJM,417.54,498.26,28.98,4.42,pjm.com,false,
2022-08-03 01:00:00,USA,PJM Interconnection,US-MIDA-PJM,412.56,491.26,30.3,4.86,pjm.com,false,
2022-08-03 02:00:00,USA,PJM Interconnection,US-MIDA-PJM,413.53,490.26,31.17,4.02,pjm.com,false,
2022-08-03 03:00:00,USA,PJM Interconnection,US-MIDA-PJM,403.84,478.11,33.45,4.65,pjm.com,false,
2022-08-03 04:00:00,USA,PJM Interconnection,US-MIDA-PJM,390.09,462.44,35.56,5.28,pjm.com,false,
2022-08-03 05:00:00,USA,PJM Interconnection,US-MIDA-PJM,381.1,452.68,36.54,5.09,pjm.com,false,
2022-08-03 06:00:00,USA,PJM Interconnection,US-MIDA-PJM,378.15,448.35,37.74,4.93,pjm.com,false,
2022-08-03 07:00:00,USA,PJM Interconnection,US-MIDA-PJM,376.62,445.33,38.93,4.97,pjm.com,false,
2022-08-03 08:00:00,USA,PJM Interconnection,US-MIDA-PJM,375.83,443.74,39.56,5.14,pjm.com,false,
2022-08-03 09:00:00,USA,PJM Interconnection,US-MIDA-PJM,376.02,443.84,39.62,5.59,pjm.com,false,
2022-08-03 10:00:00,USA,PJM Interconnection,US-MIDA-PJM,380.37,449.8,38.51,5.6,pjm.com,false,
2022-08-03 11:00:00,USA,PJM Interconnection,US-MIDA-PJM,385.59,456.76,37.13,5.65,pjm.com,false,
2022-08-03 12:00:00,USA,PJM Interconnection,US-MIDA-PJM,386.88,459.98,35.8,6.08,pjm.com,false,
2022-08-03 13:00:00,USA,PJM Interconnection,US-MIDA-PJM,391.53,466.21,34.52,6.1,pjm.com,false,
2022-08-03 14:00:00,USA,PJM Interconnection,US-MIDA-PJM,391.9,467.94,33.58,6.3,pjm.com,false,
2022-08-03 15:00:00,USA,PJM Interconnection,US-MIDA-PJM,394.8,472.78,32.09,6.32,pjm.com,false,
2022-08-03 16:00:00,USA,PJM Interconnection,US-MIDA-PJM,393.38,472.2,31.72,7.07,pjm.com,false,
2022-08-03 17:00:00,USA,PJM Interconnection,US-MIDA-PJM,387.57,466.22,32.3,8.79,pjm.com,false,
2022-08-03 18:00:00,USA,PJM Interconnection,US-MIDA-PJM,394.47,473.92,31.16,8.35,pjm.com,false,
2022-08-03 19:00:00,USA,PJM Interconnection,US-MIDA-PJM,395.06,474.97,30.94,8.26,pjm.com,false,
2022-08-03 20:00:00,USA,PJM Interconnection,US-MIDA-PJM,400.29,480.08,30.67,8.5,pjm.com,false,
2022-08-03 21:00:00,USA,PJM Interconnection,US-MIDA-PJM,406.12,486.28,30.15,8.1,pjm.com,false,
2022-08-03 22:00:00,USA,PJM Interconnection,US-MIDA-PJM,413.95,494.95,29.14,6.91,pjm.com,false,
2022-08-03 23:00:00,USA,PJM Interconnection,US-MIDA-PJM,417.89,499.36,28.42,5.66,pjm.com,false,
2022-08-04 00:00:00,USA,PJM Interconnection,US-MIDA-PJM,418.75,499.67,28.68,4.94,pjm.com,false,
2022-08-04 01:00:00,USA,PJM Interconnection,US-MIDA-PJM,423.45,504.32,28.27,3.83,pjm.com,false,
2022-08-04 02:00:00,USA,PJM Interconnection,US-MIDA-PJM,420.52,499.04,29.78,3.65,pjm.com,false,
2022-08-04 03:00:00,USA,PJM Interconnection,US-MIDA-PJM,417.45,493.4,31.52,3.46,pjm.com,false,
2022-08-04 04:00:00,USA,PJM Interconnection,US-MIDA-PJM,412.24,487.41,32.32,2.92,pjm.com,false,
2022-08-04 05:00:00,USA,PJM Interconnection,US-MIDA-PJM,402.71,476.46,33.85,3.2,pjm.com,false,
2022-08-04 06:00:00,USA,PJM Interconnection,US-MIDA-PJM,396.83,469.09,35.27,3.46,pjm.com,false,
2022-08-04 07:00:00,USA,PJM Interconnection,US-MIDA-PJM,395.6,466.99,35.98,3.41,pjm.com,false,
2022-08-04 08:00:00,USA,PJM Interconnection,US-MIDA-PJM,398.18,470.19,35.41,2.38,pjm.com,false,
2022-08-04 09:00:00,USA,PJM Interconnection,US-MIDA-PJM,399.15,472.15,34.64,2.3,pjm.com,false,
2022-08-04 10:00:00,USA,PJM Interconnection,US-MIDA-PJM,404.06,478.61,33.26,1.9,pjm.com,false,
2022-08-04 11:00:00,USA,PJM Interconnection,US-MIDA-PJM,404.91,480.27,32.69,2.43,pjm.com,false,
2022-08-04 12:00:00,USA,PJM Interconnection,US-MIDA-PJM,410.12,486.9,31.5,3.01,pjm.com,false,
2022-08-04 13:00:00,USA,PJM Interconnection,US-MIDA-PJM,411.53,489.32,30.82,3.29,pjm.com,false,
2022-08-04 14:00:00,USA,PJM Interconnection,US-MIDA-PJM,413.68,492.73,30.09,3.6,pjm.com,false,
2022-08-04 15:00:00,USA,PJM Interconnection,US-MIDA-PJM,416.77,497.41,29.58,4.48,pjm.com,false,
2022-08-04 16:00:00,USA,PJM Interconnection,US-MIDA-PJM,416.7,496.74,29.57,5.35,pjm.com,false,
2022-08-04 17:00:00,USA,PJM Interconnection,US-MIDA-PJM,417.83,498.98,28.92,5.93,pjm.com,false,
2022-08-04 18:00:00,USA,PJM Interconnection,US-MIDA-PJM,420.88,502.39,28.45,5.99,pjm.com,false,
2022-08-04 19:00:00,USA,PJM Interconnection,US-MIDA-PJM,418.52,499.82,28.76,6.28,pjm.com,false,
2022-08-04 20:00:00,USA,PJM Interconnection,US-MIDA-PJM,423.95,505.45,28.28,5.96,pjm.com,false,
2022-08-04 21:00:00,USA,PJM Interconnection,US-MIDA-PJM,425.56,506.92,28.29,5.84,pjm.com,false,
2022-08-04 22:00:00,USA,PJM Interconnection,US-MIDA-PJM,431.27,513.25,27.46,4.37,pjm.com,false,
2022-08-04 23:00:00,USA,PJM Interconnection,US-MIDA-PJM,434.69,516.59,27.1,3.21,pjm.com,false,
2022-08-05 00:00:00,USA,PJM Interconnection,US-MIDA-PJM,436.23,517.85,27.13,2.53,pjm.com,false,
2022-08-05 01:00:00,USA,PJM Interconnection,US-MIDA-PJM,437.48,518.2,27.46,1.57,pjm.com,false,
2022-08-05 02:00:00,USA,PJM Interconnection,US-MIDA-PJM,431.27,510.26,28.74,1.29,pjm.com,false,
2022-08-05 03:00:00,USA,PJM Interconnection,US-MIDA-PJM,422.86,499.58,30.63,1.73,pjm.com,false,
2022-08-05 04:00:00,USA,PJM Interconnection,US-MIDA-PJM,419.49,495.91,31.03,1.84,pjm.com,false,
2022-08-05 05:00:00,USA,PJM Interconnection,US-MIDA-PJM,401.9,476.45,33.33,2.13,pjm.com,false,
2022-08-05 06:00:00,USA,PJM Interconnection,US-MIDA-PJM,398.4,472.27,34.03,1.8,pjm.com,false,
2022-08-05 07:00:00,USA,PJM Interconnection,US-MIDA-PJM,398.41,471.75,34.42,1.44,pjm.com,false,
2022-08-05 08:00:00,USA,PJM Interconnection,US-MIDA-PJM,399.69,473.03,34.35,1.2,pjm.com,false,
2022-08-05 09:00:00,USA,PJM Interconnection,US-MIDA-PJM,400.99,475.02,33.78,1.14,pjm.com,false,
2022-08-05 10:00:00,USA,PJM Interconnection,US-MIDA-PJM,405.21,479.77,33.16,1.24,pjm.com,false,
2022-08-05 11:00:00,USA,PJM Interconnection,US-MIDA-PJM,407.59,483.15,32.32,1.44,pjm.com,false,
2022-08-05 12:00:00,USA,PJM Interconnection,US-MIDA-PJM,407.78,483.67,32.16,2.03,pjm.com,false,
2022-08-05 13:00:00,USA,PJM Interconnection,US-MIDA-PJM,410.24,487.16,31.34,2.27,pjm.com,false,
2022-08-05 14:00:00,USA,PJM Interconnection,US-MIDA-PJM,412.37,490.44,30.45,2.7,pjm.com,false,
2022-08-05 15:00:00,USA,PJM Interconnection,US-MIDA-PJM,414.77,493.16,30.28,3.87,pjm.com,false,
2022-08-05 16:00:00,USA,PJM Interconnection,US-MIDA-PJM,415.38,494.31,29.98,4.81,pjm.com,false,
2022-08-05 17:00:00,USA,PJM Interconnection,US-MIDA-PJM,415.7,495.11,29.87,5.78,pjm.com,false,
2022-08-05 18:00:00,USA,PJM Interconnection,US-MIDA-PJM,417.14,497.35,29.26,5.8,pjm.com,false,
2022-08-05 19:00:00,USA,PJM Interconnection,US-MIDA-PJM,416.14,496.72,29.21,6.07,pjm.com,false,
2022-08-05 20:00:00,USA,PJM Interconnection,US-MIDA-PJM,419.68,501.36,28.26,5.42,pjm.com,false,
2022-08-05 21:00:00,USA,PJM Interconnection,US-MIDA-PJM,418.93,500.72,28.26,5.12,pjm.com,false,
2022-08-05 22:00:00,USA,PJM Interconnection,US-MIDA-PJM,418.94,500.62,28.2,4.36,pjm.com,false,
2022-08-05 23:00:00,USA,PJM Interconnection,US-MIDA-PJM,422.68,503.85,27.75,3.06,pjm.com,false,
2022-08-06 00:00:00,USA,PJM Interconnection,US-MIDA-PJM,424.62,505.19,28.0,2.49,pjm.com,false,
2022-08-06 01:00:00,USA,PJM Interconnection,US-MIDA-PJM,427.66,507.8,28.04,1.54,pjm.com,false,
2022-08-06 02:00:00,USA,PJM Interconnection,US-MIDA-PJM,427.77,506.68,28.77,1.16,pjm.com,false,
2022-08-06 03:00:00,USA,PJM Interconnection,US-MIDA-PJM,423.63,501.34,29.85,1.27,pjm.com,false,
2022-08-06 04:00:00,USA,PJM Interconnection,US-MIDA-PJM,415.01,491.74,31.03,1.55,pjm.com,false,
2022-08-06 05:00:00,USA,PJM Interconnection,US-MIDA-PJM,408.38,484.12,32.11,1.75,pjm.com,false,
2022-08-06 06:00:00,USA,PJM Interconnection,US-MIDA-PJM,397.06,472.25,33.12,1.78,pjm.com,false,
2022-08-06 07:00:00,USA,PJM Interconnection,US-MIDA-PJM,390.26,464.63,34.07,1.71,pjm.com,false,
2022-08-06 08:00:00,USA,PJM Interconnection,US-MIDA-PJM,384.43,458.64,34.5,1.6,pjm.com,false,
2022-08-06 09:00:00,USA,PJM Interconnection,US-MIDA-PJM,384.21,458.18,34.7,1.41,pjm.com,false,
2022-08-06 10:00:00,USA,PJM Interconnection,US-MIDA-PJM,386.01,459.64,34.87,1.23,pjm.com,false,
2022-08-06 11:00:00,USA,PJM Interconnection,US-MIDA-PJM,388.78,462.16,34.94,1.66,pjm.com,false,
2022-08-06 12:00:00,USA,PJM Interconnection,US-MIDA-PJM,396.18,471.2,33.41,2.16,pjm.com,false,
2022-08-06 13:00:00,USA,PJM Interconnection,US-MIDA-PJM,403.32,479.68,32.07,2.22,pjm.com,false,
2022-08-06 14:00:00,USA,PJM Interconnection,US-MIDA-PJM,405.59,482.91,31.27,2.23,pjm.com,false,
2022-08-06 15:00:00,USA,PJM Interconnection,US-MIDA-PJM,409.06,487.79,30.09,2.69,pjm.com,false,
2022-08-06 16:00:00,USA,PJM Interconnection,US-MIDA-PJM,404.48,483.66,30.14,4.18,pjm.com,false,
2022-08-06 17:00:00,USA,PJM Interconnection,US-MIDA-PJM,399.1,477.83,30.86,5.83,pjm.com,false,
2022-08-06 18:00:00,USA,PJM Interconnection,US-MIDA-PJM,399.93,478.94,30.66,6.37,pjm.com,false,
2022-08-06 19:00:00,USA,PJM Interconnection,US-MIDA-PJM,400.5,479.76,30.5,6.85,pjm.com,false,
2022-08-06 20:00:00,USA,PJM Interconnection,US-MIDA-PJM,401.89,481.63,30.09,6.78,pjm.com,false,
2022-08-06 21:00:00,USA,PJM Interconnection,US-MIDA-PJM,403.82,484.24,29.67,6.68,pjm.com,false,
2022-08-06 22:00:00,USA,PJM Interconnection,US-MIDA-PJM,410.06,491.58,28.66,5.48,pjm.com,false,
2022-08-06 23:00:00,USA,PJM Interconnection,US-MIDA-PJM,413.62,495.31,28.08,4.27,pjm.com,false,
2022-08-07 00:00:00,USA,PJM Interconnection,US-MIDA-PJM,409.83,490.79,28.62,4.03,pjm.com,false,
2022-08-07 01:00:00,USA,PJM Interconnection,US-MIDA-PJM,415.83,497.23,27.82,2.58,pjm.com,false,
2022-08-07 02:00:00,USA,PJM Interconnection,US-MIDA-PJM,411.46,490.65,29.65,3.28,pjm.com,false,
2022-08-07 03:00:00,USA,PJM Interconnection,US-MIDA-PJM,406.61,483.8,31.26,3.68,pjm.com,false,
2022-08-07 04:00:00,USA,PJM Interconnection,US-MIDA-PJM,397.46,472.16,33.6,4.09,pjm.com,false,
2022-08-07 05:00:00,USA,PJM Interconnection,US-MIDA-PJM,386.58,460.33,34.88,4.3,pjm.com,false,
2022-08-07 06:00:00,USA,PJM Interconnection,US-MIDA-PJM,375.97,448.93,36.04,4.31,pjm.com,false,
2022-08-07 07:00:00,USA,PJM Interconnection,US-MIDA-PJM,374.96,447.13,36.69,4.23,pjm.com,false,
2022-08-07 08:00:00,USA,PJM Interconnection,US-MIDA-PJM,372.16,444.36,36.82,3.63,pjm.com,false,
2022-08-07 09:00:00,USA,PJM Interconnection,US-MIDA-PJM,372.44,444.24,37.12,3.13,pjm.com,false,
2022-08-07 10:00:00,USA,PJM Interconnection,US-MIDA-PJM,376.74,448.61,36.85,2.78,pjm.com,false,
2022-08-07 11:00:00,USA,PJM Interconnection,US-MIDA-PJM,377.64,448.74,37.45,3.53,pjm.com,false,
2022-08-07 12:00:00,USA,PJM Interconnection,US-MIDA-PJM,383.11,455.99,35.98,3.92,pjm.com,false,
2022-08-07 13:00:00,USA,PJM Interconnection,US-MIDA-PJM,385.4,459.79,34.78,4.24,pjm.com,false,
2022-08-07 14:00:00,USA,PJM Interconnection,US-MIDA-PJM,395.09,471.2,33.01,4.29,pjm.com,false,
2022-08-07 15:00:00,USA,PJM Interconnection,US-MIDA-PJM,398.73,476.58,31.65,4.35,pjm.com,false,
2022-08-07 16:00:00,USA,PJM Interconnection,US-MIDA-PJM,399.73,478.46,31.01,5.17,pjm.com,false,
2022-08-07 17:00:00,USA,PJM Interconnection,US-MIDA-PJM,398.32,477.33,30.94,5.83,pjm.com,false,
2022-08-07 18:00:00,USA,PJM Interconnection,US-MIDA-PJM,397.86,477.09,30.88,6.3,pjm.com,false,
2022-08-07 19:00:00,USA,PJM Interconnection,US-MIDA-PJM,397.83,477.03,30.9,6.55,pjm.com,false,
2022-08-07 20:00:00,USA,PJM Interconnection,US-MIDA-PJM,403.71,483.93,30.0,6.34,pjm.com,false,
2022-08-07 21:00:00,USA,PJM Interconnection,US-MIDA-PJM,404.66,485.19,29.77,6.27,pjm.com,false,
2022-08-07 22:00:00,USA,PJM Interconnection,US-MIDA-PJM,410.04,491.14,29.02,5.3,pjm.com,false,
2022-08-07 23:00:00,USA,PJM Interconnection,US-MIDA-PJM,411.62,492.67,28.86,4.46,pjm.com,false,
2022-08-08 00:00:00,USA,PJM Interconnection,US-MIDA-PJM,414.82,495.39,28.97,3.7,pjm.com,false,
2022-08-08 01:00:00,USA,PJM Interconnection,US-MIDA-PJM,419.85,500.07,28.86,2.81,pjm.com,false,
2022-08-08 02:00:00,USA,PJM Interconnection,US-MIDA-PJM,423.34,502.37,29.48,2.3,pjm.com,false,
2022-08-08 03:00:00,USA,PJM Interconnection,US-MIDA-PJM,421.19,498.03,30.99,2.58,pjm.com,false,
2022-08-08 04:00:00,USA,PJM Interconnection,US-MIDA-PJM,415.09,490.63,32.15,2.87,pjm.com,false,
2022-08-08 05:00:00,USA,PJM Interconnection,US-MIDA-PJM,406.6,481.02,33.42,3.31,pjm.com,false,
2022-08-08 06:00:00,USA,PJM Interconnection,US-MIDA-PJM,391.98,465.48,34.82,3.75,pjm.com,false,
2022-08-08 07:00:00,USA,PJM Interconnection,US-MIDA-PJM,382.91,455.99,35.6,3.93,pjm.com,false,
2022-08-08 08:00:00,USA,PJM Interconnection,US-MIDA-PJM,379.49,452.27,35.99,4.24,pjm.com,false,
2022-08-08 09:00:00,USA,PJM Interconnection,US-MIDA-PJM,387.3,460.73,35.1,4.22,pjm.com,false,
2022-08-08 10:00:00,USA,PJM Interconnection,US-MIDA-PJM,393.66,467.91,34.15,4.3,pjm.com,false,
2022-08-08 11:00:00,USA,PJM Interconnection,US-MIDA-PJM,403.33,478.85,32.76,4.21,pjm.com,false,
2022-08-08 12:00:00,USA,PJM Interconnection,US-MIDA-PJM,403.58,479.62,32.49,4.86,pjm.com,false,
2022-08-08 13:00:00,USA,PJM Interconnection,US-MIDA-PJM,407.08,484.98,31.38,4.82,pjm.com,false,
2022-08-08 14:00:00,USA,PJM Interconnection,US-MIDA-PJM,409.62,489.12,30.35,4.93,pjm.com,false,
2022-08-08 15:00:00,USA,PJM Interconnection,US-MIDA-PJM,412.0,493.23,29.12,4.81,pjm.com,false,
2022-08-08 16:00:00,USA,PJM Interconnection,US-MIDA-PJM,412.83,495.09,29.1,5.7,pjm.com,false,
2022-08-08 17:00:00,USA,PJM Interconnection,US-MIDA-PJM,410.15,491.95,29.85,7.31,pjm.com,false,
2022-08-08 18:00:00,USA,PJM Interconnection,US-MIDA-PJM,413.44,496.57,29.61,7.78,pjm.com,false,
2022-08-08 19:00:00,USA,PJM Interconnection,US-MIDA-PJM,414.37,498.39,29.66,7.82,pjm.com,false,
2022-08-08 20:00:00,USA,PJM Interconnection,US-MIDA-PJM,413.83,498.13,29.68,7.8,pjm.com,false,
2022-08-08 21:00:00,USA,PJM Interconnection,US-MIDA-PJM,415.42,499.9,29.54,7.6,pjm.com,false,
2022-08-08 22:00:00,USA,PJM Interconnection,US-MIDA-PJM,420.18,504.93,29.04,6.89,pjm.com,false,
2022-08-08 23:00:00,USA,PJM Interconnection,US-MIDA-PJM,428.13,514.0,27.74,4.83,pjm.com,false,
2022-08-09 00:00:00,USA,PJM Interconnection,US-MIDA-PJM,423.2,507.12,28.22,4.5,pjm.com,false,
2022-08-09 01:00:00,USA,PJM Interconnection,US-MIDA-PJM,417.39,499.43,28.76,4.1,pjm.com,false,
2022-08-09 02:00:00,USA,PJM Interconnection,US-MIDA-PJM,416.02,496.22,29.76,3.34,pjm.com,false,
2022-08-09 03:00:00,USA,PJM Interconnection,US-MIDA-PJM,416.79,495.36,30.3,2.5,pjm.com,false,
2022-08-09 04:00:00,USA,PJM Interconnection,US-MIDA-PJM,409.75,486.11,32.0,2.68,pjm.com,false,
2022-08-09 05:00:00,USA,PJM Interconnection,US-MIDA-PJM,408.23,484.17,32.17,2.14,pjm.com,false,
2022-08-09 06:00:00,USA,PJM Interconnection,US-MIDA-PJM,399.01,474.25,33.17,2.19,pjm.com,false,
2022-08-09 07:00:00,USA,PJM Interconnection,US-MIDA-PJM,391.64,466.02,34.22,2.12,pjm.com,false,
2022-08-09 08:00:00,USA,PJM Interconnection,US-MIDA-PJM,388.43,462.59,34.55,2.16,pjm.com,false,
2022-08-09 09:00:00,USA,PJM Interconnection,US-MIDA-PJM,389.02,463.75,34.09,2.18,pjm.com,false,
2022-08-09 10:00:00,USA,PJM Interconnection,US-MIDA-PJM,395.96,471.58,33.05,2.32,pjm.com,false,
2022-08-09 11:00:00,USA,PJM Interconnection,US-MIDA-PJM,393.28,469.18,33.04,3.23,pjm.com,false,
2022-08-09 12:00:00,USA,PJM Interconnection,US-MIDA-PJM,394.15,471.19,32.3,3.93,pjm.com,false,
2022-08-09 13:00:00,USA,PJM Interconnection,US-MIDA-PJM,396.89,475.26,31.56,4.07,pjm.com,false,
2022-08-09 14:00:00,USA,PJM Interconnection,US-MIDA-PJM,396.24,475.51,31.09,4.31,pjm.com,false,
2022-08-09 15:00:00,USA,PJM Interconnection,US-MIDA-PJM,397.95,478.84,30.09,4.36,pjm.com,false,
2022-08-09 16:00:00,USA,PJM Interconnection,US-MIDA-PJM,400.96,482.48,30.27,5.76,pjm.com,false,
2022-08-09 17:00:00,USA,PJM Interconnection,US-MIDA-PJM,405.38,488.15,29.55,5.95,pjm.com,false,
2022-08-09 18:00:00,USA,PJM Interconnection,US-MIDA-PJM,406.24,488.92,29.52,6.1,pjm.com,false,
2022-08-09 19:00:00,USA,PJM Interconnection,US-MIDA-PJM,403.94,487.34,29.85,6.69,pjm.com,false,
2022-08-09 20:00:00,USA,PJM Interconnection,US-MIDA-PJM,410.13,494.52,29.99,6.65,pjm.com,false,
2022-08-09 21:00:00,USA,PJM Interconnection,US-MIDA-PJM,412.19,497.48,29.57,6.26,pjm.com,false,
2022-08-09 22:00:00,USA,PJM Interconnection,US-MIDA-PJM,416.72,502.51,28.86,5.07,pjm.com,false,
2022-08-09 23:00:00,USA,PJM Interconnection,US-MIDA-PJM,419.73,505.69,28.4,4.11,pjm.com,false,
2022-08-10 00:00:00,USA,PJM Interconnection,US-MIDA-PJM,417.71,502.64,28.51,3.45,pjm.com,false,
2022-08-10 01:00:00,USA,PJM Interconnection,US-MIDA-PJM,417.77,502.56,27.92,1.83,pjm.com,false,
2022-08-10 02:00:00,USA,PJM Interconnection,US-MIDA-PJM,409.74,491.82,29.07,1.4,pjm.com,false,
2022-08-10 03:00:00,USA,PJM Interconnection,US-MIDA-PJM,405.93,484.79,30.43,1.34,pjm.com,false,
2022-08-10 04:00:00,USA,PJM Interconnection,US-MIDA-PJM,405.3,482.09,31.74,0.91,pjm.com,false,
2022-08-10 05:00:00,USA,PJM Interconnection,US-MIDA-PJM,401.01,477.03,32.53,0.8,pjm.com,false,
2022-08-10 06:00:00,USA,PJM Interconnection,US-MIDA-PJM,394.04,468.86,33.79,0.87,pjm.com,false,
2022-08-10 07:00:00,USA,PJM Interconnection,US-MIDA-PJM,387.11,461.24,34.66,0.9,pjm.com,false,
2022-08-10 08:00:00,USA,PJM Interconnection,US-MIDA-PJM,385.44,459.64,34.69,0.84,pjm.com,false,
2022-08-10 09:00:00,USA,PJM Interconnection,US-MIDA-PJM,385.46,460.52,34.11,0.83,pjm.com,false,
2022-08-10 10:00:00,USA,PJM Interconnection,US-MIDA-PJM,391.67,467.69,33.06,0.89,pjm.com,false,
2022-08-10 11:00:00,USA,PJM Interconnection,US-MIDA-PJM,390.11,466.75,32.75,1.49,pjm.com,false,
2022-08-10 12:00:00,USA,PJM Interconnection,US-MIDA-PJM,388.38,465.18,32.84,2.57,pjm.com,false,
2022-08-10 13:00:00,USA,PJM Interconnection,US-MIDA-PJM,390.54,468.1,32.34,3.02,pjm.com,false,
2022-08-10 14:00:00,USA,PJM Interconnection,US-MIDA-PJM,389.9,468.06,31.98,3.47,pjm.com,false,
2022-08-10 15:00:00,USA,PJM Interconnection,US-MIDA-PJM,394.1,474.02,30.59,3.7,pjm.com,false,
2022-08-10 16:00:00,USA,PJM Interconnection,US-MIDA-PJM,388.6,467.94,31.65,5.72,pjm.com,false,
2022-08-10 17:00:00,USA,PJM Interconnection,US-MIDA-PJM,392.53,473.34,30.68,5.67,pjm.com,false,
2022-08-10 18:00:00,USA,PJM Interconnection,US-MIDA-PJM,395.68,476.95,30.19,5.48,pjm.com,false,
2022-08-10 19:00:00,USA,PJM Interconnection,US-MIDA-PJM,392.79,473.54,30.56,5.99,pjm.com,false,
2022-08-10 20:00:00,USA,PJM Interconnection,US-MIDA-PJM,395.82,476.51,30.39,5.83,pjm.com,false,
2022-08-10 21:00:00,USA,PJM Interconnection,US-MIDA-PJM,398.22,478.92,30.07,5.28,pjm.com,false,
2022-08-10 22:00:00,USA,PJM Interconnection,US-MIDA-PJM,402.48,483.09,29.91,4.76,pjm.com,false,
2022-08-10 23:00:00,USA,PJM Interconnection,US-MIDA-PJM,403.1,483.49,29.81,4.03,pjm.com,false,
2022-08-11 00:00:00,USA,PJM Interconnection,US-MIDA-PJM,403.83,483.52,30.08,3.55,pjm.com,false,
2022-08-11 01:00:00,USA,PJM Interconnection,US-MIDA-PJM,415.11,494.9,29.22,1.65,pjm.com,false,
2022-08-11 02:00:00,USA,PJM Interconnection,US-MIDA-PJM,414.65,492.84,30.22,0.98,pjm.com,false,
2022-08-11 03:00:00,USA,PJM Interconnection,US-MIDA-PJM,407.49,484.47,31.45,0.99,pjm.com,false,
2022-08-11 04:00:00,USA,PJM Interconnection,US-MIDA-PJM,396.85,473.05,32.63,1.03,pjm.com,false,
2022-08-11 05:00:00,USA,PJM Interconnection,US-MIDA-PJM,382.29,456.95,34.51,1.29,pjm.com,false,
2022-08-11 06:00:00,USA,PJM Interconnection,US-MIDA-PJM,377.77,451.56,35.42,1.3,pjm.com,false,
2022-08-11 07:00:00,USA,PJM Interconnection,US-MIDA-PJM,371.15,444.25,36.29,1.43,pjm.com,false,
2022-08-11 08:00:00,USA,PJM Interconnection,US-MIDA-PJM,364.94,437.83,36.79,1.66,pjm.com,false,
2022-08-11 09:00:00,USA,PJM Interconnection,US-MIDA-PJM,368.69,442.53,35.91,1.85,pjm.com,false,
2022-08-11 10:00:00,USA,PJM Interconnection,US-MIDA-PJM,375.27,450.07,34.87,2.09,pjm.com,false,
2022-08-11 11:00:00,USA,PJM Interconnection,US-MIDA-PJM,376.48,451.97,34.28,2.24,pjm.com,false,
2022-08-11 12:00:00,USA,PJM Interconnection,US-MIDA-PJM,376.57,452.41,34.07,2.76,pjm.com,false,
2022-08-11 13:00:00,USA,PJM Interconnection,US-MIDA-PJM,380.41,456.49,33.76,3.02,pjm.com,false,
2022-08-11 14:00:00,USA,PJM Interconnection,US-MIDA-PJM,382.37,459.41,33.14,3.45,pjm.com,false,
2022-08-11 15:00:00,USA,PJM Interconnection,US-MIDA-PJM,386.24,464.31,32.19,3.49,pjm.com,false,
2022-08-11 16:00:00,USA,PJM Interconnection,US-MIDA-PJM,380.29,458.56,32.37,4.62,pjm.com,false,
2022-08-11 17:00:00,USA,PJM Interconnection,US-MIDA-PJM,379.56,457.81,32.59,5.82,pjm.com,false,
2022-08-11 18:00:00,USA,PJM Interconnection,US-MIDA-PJM,379.77,458.14,32.41,6.26,pjm.com,false,
2022-08-11 19:00:00,USA,PJM Interconnection,US-MIDA-PJM,377.36,455.32,32.89,7.28,pjm.com,false,
2022-08-11 20:00:00,USA,PJM Interconnection,US-MIDA-PJM,378.28,456.33,32.79,7.6,pjm.com,false,
2022-08-11 21:00:00,USA,PJM Interconnection,US-MIDA-PJM,380.8,459.08,32.41,7.35,pjm.com,false,
2022-08-11 22:00:00,USA,PJM Interconnection,US-MIDA-PJM,384.15,462.41,32.18,6.76,pjm.com,false,
2022-08-11 23:00:00,USA,PJM Interconnection,US-MIDA-PJM,392.21,470.43,31.7,5.2,pjm.com,false,
2022-08-12 00:00:00,USA,PJM Interconnection,US-MIDA-PJM,396.19,474.05,31.72,4.29,pjm.com,false,
2022-08-12 01:00:00,USA,PJM Interconnection,US-MIDA-PJM,397.2,474.04,32.28,3.73,pjm.com,false,
2022-08-12 02:00:00,USA,PJM Interconnection,US-MIDA-PJM,390.07,465.35,33.68,3.34,pjm.com,false,
2022-08-12 03:00:00,USA,PJM Interconnection,US-MIDA-PJM,379.28,453.12,35.28,3.47,pjm.com,false,
2022-08-12 04:00:00,USA,PJM Interconnection,US-MIDA-PJM,365.65,436.53,38.05,4.19,pjm.com,false,
2022-08-12 05:00:00,USA,PJM Interconnection,US-MIDA-PJM,354.59,424.39,39.43,4.16,pjm.com,false,
2022-08-12 06:00:00,USA,PJM Interconnection,US-MIDA-PJM,351.87,420.97,40.12,3.66,pjm.com,false,
2022-08-12 07:00:00,USA,PJM Interconnection,US-MIDA-PJM,350.0,418.29,40.82,3.16,pjm.com,false,
2022-08-12 08:00:00,USA,PJM Interconnection,US-MIDA-PJM,350.28,419.18,40.35,2.87,pjm.com,false,
2022-08-12 09:00:00,USA,PJM Interconnection,US-MIDA-PJM,353.55,423.87,39.15,2.2,pjm.com,false,
2022-08-12 10:00:00,USA,PJM Interconnection,US-MIDA-PJM,359.25,430.98,37.84,1.9,pjm.com,false,
2022-08-12 11:00:00,USA,PJM Interconnection,US-MIDA-PJM,365.35,438.16,36.76,2.07,pjm.com,false,
2022-08-12 12:00:00,USA,PJM Interconnection,US-MIDA-PJM,367.22,440.2,36.63,2.7,pjm.com,false,
2022-08-12 13:00:00,USA,PJM Interconnection,US-MIDA-PJM,368.65,442.64,35.84,2.81,pjm.com,false,
2022-08-12 14:00:00,USA,PJM Interconnection,US-MIDA-PJM,367.42,441.87,35.65,3.57,pjm.com,false,
2022-08-12 15:00:00,USA,PJM Interconnection,US-MIDA-PJM,372.88,448.35,34.71,3.69,pjm.com,false,
2022-08-12 16:00:00,USA,PJM Interconnection,US-MIDA-PJM,373.49,449.07,34.72,4.8,pjm.com,false,
2022-08-12 17:00:00,USA,PJM Interconnection,US-MIDA-PJM,366.61,441.86,35.33,6.07,pjm.com,false,
2022-08-12 18:00:00,USA,PJM Interconnection,US-MIDA-PJM,366.96,442.68,35.06,6.28,pjm.com,false,
2022-08-12 19:00:00,USA,PJM Interconnection,US-MIDA-PJM,363.52,438.99,35.5,7.44,pjm.com,false,
2022-08-12 20:00:00,USA,PJM Interconnection,US-MIDA-PJM,366.21,441.71,35.34,7.57,pjm.com,false,
2022-08-12 21:00:00,USA,PJM Interconnection,US-MIDA-PJM,369.68,445.42,34.96,7.4,pjm.com,false,
2022-08-12 22:00:00,USA,PJM Interconnection,US-MIDA-PJM,376.49,452.55,34.27,6.21,pjm.com,false,
2022-08-12 23:00:00,USA,PJM Interconnection,US-MIDA-PJM,384.44,460.64,33.57,4.6,pjm.com,false,
2022-08-13 00:00:00,USA,PJM Interconnection,US-MIDA-PJM,388.16,464.26,33.21,2.61,pjm.com,false,
2022-08-13 01:00:00,USA,PJM Interconnection,US-MIDA-PJM,390.13,465.95,33.2,1.49,pjm.com,false,
2022-08-13 02:00:00,USA,PJM Interconnection,US-MIDA-PJM,381.73,455.3,35.3,1.37,pjm.com,false,
2022-08-13 03:00:00,USA,PJM Interconnection,US-MIDA-PJM,375.18,446.88,37.03,1.63,pjm.com,false,
2022-08-13 04:00:00,USA,PJM Interconnection,US-MIDA-PJM,370.12,438.72,39.83,1.96,pjm.com,false,
2022-08-13 05:00:00,USA,PJM Interconnection,US-MIDA-PJM,360.11,426.19,42.01,2.44,pjm.com,false,
2022-08-13 06:00:00,USA,PJM Interconnection,US-MIDA-PJM,351.46,416.77,43.03,2.88,pjm.com,false,
2022-08-13 07:00:00,USA,PJM Interconnection,US-MIDA-PJM,347.59,411.59,44.21,3.01,pjm.com,false,
2022-08-13 08:00:00,USA,PJM Interconnection,US-MIDA-PJM,346.95,410.04,44.92,2.91,pjm.com,false,
2022-08-13 09:00:00,USA,PJM Interconnection,US-MIDA-PJM,345.07,407.67,45.38,3.25,pjm.com,false,
2022-08-13 10:00:00,USA,PJM Interconnection,US-MIDA-PJM,345.46,408.93,44.71,3.31,pjm.com,false,
2022-08-13 11:00:00,USA,PJM Interconnection,US-MIDA-PJM,344.05,406.72,45.47,4.49,pjm.com,false,
2022-08-13 12:00:00,USA,PJM Interconnection,US-MIDA-PJM,343.05,405.5,45.88,6.41,pjm.com,false,
2022-08-13 13:00:00,USA,PJM Interconnection,US-MIDA-PJM,348.65,412.04,44.98,6.49,pjm.com,false,
2022-08-13 14:00:00,USA,PJM Interconnection,US-MIDA-PJM,350.22,415.47,43.52,6.56,pjm.com,false,
2022-08-13 15:00:00,USA,PJM Interconnection,US-MIDA-PJM,350.97,417.52,42.52,7.07,pjm.com,false,
2022-08-13 16:00:00,USA,PJM Interconnection,US-MIDA-PJM,351.0,418.6,41.74,7.35,pjm.com,false,
2022-08-13 17:00:00,USA,PJM Interconnection,US-MIDA-PJM,354.93,423.9,40.48,7.17,pjm.com,false,
2022-08-13 18:00:00,USA,PJM Interconnection,US-MIDA-PJM,349.3,417.36,41.58,9.13,pjm.com,false,
2022-08-13 19:00:00,USA,PJM Interconnection,US-MIDA-PJM,347.44,415.38,41.8,10.18,pjm.com,false,
2022-08-13 20:00:00,USA,PJM Interconnection,US-MIDA-PJM,347.33,416.3,41.05,10.71,pjm.com,false,
2022-08-13 21:00:00,USA,PJM Interconnection,US-MIDA-PJM,348.5,417.83,40.7,10.61,pjm.com,false,
2022-08-13 22:00:00,USA,PJM Interconnection,US-MIDA-PJM,354.05,424.14,39.8,9.38,pjm.com,false,
2022-08-13 23:00:00,USA,PJM Interconnection,US-MIDA-PJM,368.91,440.66,37.55,6.16,pjm.com,false,
2022-08-14 00:00:00,USA,PJM Interconnection,US-MIDA-PJM,367.65,438.98,37.9,5.57,pjm.com,false,
2022-08-14 01:00:00,USA,PJM Interconnection,US-MIDA-PJM,375.31,447.38,36.76,3.92,pjm.com,false,
2022-08-14 02:00:00,USA,PJM Interconnection,US-MIDA-PJM,377.14,447.83,37.64,3.64,pjm.com,false,
2022-08-14 03:00:00,USA,PJM Interconnection,US-MIDA-PJM,374.12,442.67,39.39,3.79,pjm.com,false,
2022-08-14 04:00:00,USA,PJM Interconnection,US-MIDA-PJM,366.23,432.87,41.25,3.74,pjm.com,false,
2022-08-14 05:00:00,USA,PJM Interconnection,US-MIDA-PJM,360.52,426.23,42.24,4.15,pjm.com,false,
2022-08-14 06:00:00,USA,PJM Interconnection,US-MIDA-PJM,359.18,424.52,42.58,4.02,pjm.com,false,
2022-08-14 07:00:00,USA,PJM Interconnection,US-MIDA-PJM,355.83,420.06,43.6,3.94,pjm.com,false,
2022-08-14 08:00:00,USA,PJM Interconnection,US-MIDA-PJM,355.21,419.13,43.87,3.38,pjm.com,false,
2022-08-14 09:00:00,USA,PJM Interconnection,US-MIDA-PJM,354.37,419.02,43.37,3.02,pjm.com,false,
2022-08-14 10:00:00,USA,PJM Interconnection,US-MIDA-PJM,354.29,418.29,43.89,3.55,pjm.com,false,
2022-08-14 11:00:00,USA,PJM Interconnection,US-MIDA-PJM,357.09,421.2,43.71,3.23,pjm.com,false,
2022-08-14 12:00:00,USA,PJM Interconnection,US-MIDA-PJM,357.27,422.41,42.98,4.09,pjm.com,false,
2022-08-14 13:00:00,USA,PJM Interconnection,US-MIDA-PJM,362.06,429.71,40.93,4.29,pjm.com,false,
2022-08-14 14:00:00,USA,PJM Interconnection,US-MIDA-PJM,360.84,428.79,40.88,5.1,pjm.com,false,
2022-08-14 15:00:00,USA,PJM Interconnection,US-MIDA-PJM,365.25,435.42,39.0,4.95,pjm.com,false,
2022-08-14 16:00:00,USA,PJM Interconnection,US-MIDA-PJM,364.58,436.04,38.08,5.29,pjm.com,false,
2022-08-14 17:00:00,USA,PJM Interconnection,US-MIDA-PJM,369.86,442.64,36.83,5.44,pjm.com,false,
2022-08-14 18:00:00,USA,PJM Interconnection,US-MIDA-PJM,371.62,444.8,36.43,5.51,pjm.com,false,
2022-08-14 19:00:00,USA,PJM Interconnection,US-MIDA-PJM,368.21,440.88,37.07,6.4,pjm.com,false,
2022-08-14 20:00:00,USA,PJM Interconnection,US-MIDA-PJM,365.81,438.53,37.22,7.14,pjm.com,false,
2022-08-14 21:00:00,USA,PJM Interconnection,US-MIDA-PJM,363.39,436.2,37.32,7.69,pjm.com,false,
2022-08-14 22:00:00,USA,PJM Interconnection,US-MIDA-PJM,372.77,446.52,35.99,6.34,pjm.com,false,
2022-08-14 23:00:00,USA,PJM Interconnection,US-MIDA-PJM,376.52,450.12,35.83,5.64,pjm.com,false,
2022-08-15 00:00:00,USA,PJM Interconnection,US-MIDA-PJM,380.21,453.95,35.49,4.78,pjm.com,false,
2022-08-15 01:00:00,USA,PJM Interconnection,US-MIDA-PJM,388.39,462.6,34.54,2.67,pjm.com,false,
2022-08-15 02:00:00,USA,PJM Interconnection,US-MIDA-PJM,388.71,461.99,35.13,1.68,pjm.com,false,
2022-08-15 03:00:00,USA,PJM Interconnection,US-MIDA-PJM,381.69,453.4,36.69,1.61,pjm.com,false,
2022-08-15 04:00:00,USA,PJM Interconnection,US-MIDA-PJM,375.44,445.6,38.18,1.41,pjm.com,false,
2022-08-15 05:00:00,USA,PJM Interconnection,US-MIDA-PJM,372.99,442.55,38.76,1.41,pjm.com,false,
2022-08-15 06:00:00,USA,PJM Interconnection,US-MIDA-PJM,370.96,439.1,39.92,1.47,pjm.com,false,
2022-08-15 07:00:00,USA,PJM Interconnection,US-MIDA-PJM,367.19,435.05,40.32,1.43,pjm.com,false,
2022-08-15 08:00:00,USA,PJM Interconnection,US-MIDA-PJM,364.45,433.17,39.83,1.52,pjm.com,false,
2022-08-15 09:00:00,USA,PJM Interconnection,US-MIDA-PJM,366.01,435.63,39.07,1.38,pjm.com,false,
2022-08-15 10:00:00,USA,PJM Interconnection,US-MIDA-PJM,369.9,441.39,37.46,1.51,pjm.com,false,
2022-08-15 11:00:00,USA,PJM Interconnection,US-MIDA-PJM,374.27,447.44,35.99,1.85,pjm.com,false,
2022-08-15 12:00:00,USA,PJM Interconnection,US-MIDA-PJM,375.38,448.59,35.95,2.29,pjm.com,false,
2022-08-15 13:00:00,USA,PJM Interconnection,US-MIDA-PJM,379.46,453.08,35.48,2.45,pjm.com,false,
2022-08-15 14:00:00,USA,PJM Interconnection,US-MIDA-PJM,385.12,459.38,34.72,2.89,pjm.com,false,
2022-08-15 15:00:00,USA,PJM Interconnection,US-MIDA-PJM,390.43,465.12,34.16,3.31,pjm.com,false,
2022-08-15 16:00:00,USA,PJM Interconnection,US-MIDA-PJM,386.11,461.34,34.15,4.0,pjm.com,false,
2022-08-15 17:00:00,USA,PJM Interconnection,US-MIDA-PJM,382.3,457.25,34.72,5.59,pjm.com,false,
2022-08-15 18:00:00,USA,PJM Interconnection,US-MIDA-PJM,382.4,457.73,34.47,6.11,pjm.com,false,
2022-08-15 19:00:00,USA,PJM Interconnection,US-MIDA-PJM,383.0,458.6,34.32,6.77,pjm.com,false,
2022-08-15 20:00:00,USA,PJM Interconnection,US-MIDA-PJM,384.31,460.0,34.16,6.7,pjm.com,false,
2022-08-15 21:00:00,USA,PJM Interconnection,US-MIDA-PJM,383.13,459.1,33.97,6.5,pjm.com,false,
2022-08-15 22:00:00,USA,PJM Interconnection,US-MIDA-PJM,385.72,461.82,33.67,5.95,pjm.com,false,
2022-08-15 23:00:00,USA,PJM Interconnection,US-MIDA-PJM,390.8,466.57,33.56,5.07,pjm.com,false,
2022-08-16 00:00:00,USA,PJM Interconnection,US-MIDA-PJM,389.28,464.68,33.93,4.99,pjm.com,false,
2022-08-16 01:00:00,USA,PJM Interconnection,US-MIDA-PJM,399.21,474.9,33.03,3.24,pjm.com,false,
2022-08-16 02:00:00,USA,PJM Interconnection,US-MIDA-PJM,399.53,474.63,33.23,1.88,pjm.com,false,
2022-08-16 03:00:00,USA,PJM Interconnection,US-MIDA-PJM,389.08,461.88,35.49,2.49,pjm.com,false,
2022-08-16 04:00:00,USA,PJM Interconnection,US-MIDA-PJM,378.95,448.72,38.25,2.81,pjm.com,false,
2022-08-16 05:00:00,USA,PJM Interconnection,US-MIDA-PJM,373.06,440.81,40.06,3.21,pjm.com,false,
2022-08-16 06:00:00,USA,PJM Interconnection,US-MIDA-PJM,366.57,432.54,41.72,3.66,pjm.com,false,
2022-08-16 07:00:00,USA,PJM Interconnection,US-MIDA-PJM,360.88,426.57,42.25,3.41,pjm.com,false,
2022-08-16 08:00:00,USA,PJM Interconnection,US-MIDA-PJM,360.83,427.52,41.52,2.8,pjm.com,false,
2022-08-16 09:00:00,USA,PJM Interconnection,US-MIDA-PJM,366.67,434.65,40.26,2.4,pjm.com,false,
2022-08-16 10:00:00,USA,PJM Interconnection,US-MIDA-PJM,374.12,443.82,38.58,2.33,pjm.com,false,
2022-08-16 11:00:00,USA,PJM Interconnection,US-MIDA-PJM,380.03,450.84,37.48,2.67,pjm.com,false,
2022-08-16 12:00:00,USA,PJM Interconnection,US-MIDA-PJM,382.15,453.19,37.32,3.38,pjm.com,false,
2022-08-16 13:00:00,USA,PJM Interconnection,US-MIDA-PJM,381.65,453.98,36.49,3.91,pjm.com,false,
2022-08-16 14:00:00,USA,PJM Interconnection,US-MIDA-PJM,385.33,458.92,35.35,3.68,pjm.com,false,
2022-08-16 15:00:00,USA,PJM Interconnection,US-MIDA-PJM,387.26,461.44,34.93,4.23,pjm.com,false,
2022-08-16 16:00:00,USA,PJM Interconnection,US-MIDA-PJM,388.8,463.57,34.36,4.74,pjm.com,false,
2022-08-16 17:00:00,USA,PJM Interconnection,US-MIDA-PJM,382.06,456.38,35.22,6.7,pjm.com,false,
2022-08-16 18:00:00,USA,PJM Interconnection,US-MIDA-PJM,382.17,456.62,35.12,7.19,pjm.com,false,
2022-08-16 19:00:00,USA,PJM Interconnection,US-MIDA-PJM,382.19,456.83,35.05,7.64,pjm.com,false,
2022-08-16 20:00:00,USA,PJM Interconnection,US-MIDA-PJM,385.29,460.03,34.84,7.91,pjm.com,false,
2022-08-16 21:00:00,USA,PJM Interconnection,US-MIDA-PJM,388.41,463.97,34.3,7.5,pjm.com,false,
2022-08-16 22:00:00,USA,PJM Interconnection,US-MIDA-PJM,389.54,465.04,34.28,6.98,pjm.com,false,
2022-08-16 23:00:00,USA,PJM Interconnection,US-MIDA-PJM,396.52,473.07,33.01,5.12,pjm.com,false,
2022-08-17 00:00:00,USA,PJM Interconnection,US-MIDA-PJM,398.86,475.68,32.72,4.1,pjm.com,false,
2022-08-17 01:00:00,USA,PJM Interconnection,US-MIDA-PJM,395.39,471.33,33.3,3.56,pjm.com,false,
2022-08-17 02:00:00,USA,PJM Interconnection,US-MIDA-PJM,388.92,463.16,34.84,3.61,pjm.com,false,
2022-08-17 03:00:00,USA,PJM Interconnection,US-MIDA-PJM,382.96,454.84,36.94,4.04,pjm.com,false,
2022-08-17 04:00:00,USA,PJM Interconnection,US-MIDA-PJM,374.69,443.89,38.91,3.95,pjm.com,false,
2022-08-17 05:00:00,USA,PJM Interconnection,US-MIDA-PJM,371.79,440.74,39.23,3.33,pjm.com,false,
2022-08-17 06:00:00,USA,PJM Interconnection,US-MIDA-PJM,371.87,440.51,39.48,2.72,pjm.com,false,
2022-08-17 07:00:00,USA,PJM Interconnection,US-MIDA-PJM,370.34,438.43,39.98,2.14,pjm.com,false,
2022-08-17 08:00:00,USA,PJM Interconnection,US-MIDA-PJM,369.94,438.63,39.55,1.85,pjm.com,false,
2022-08-17 09:00:00,USA,PJM Interconnection,US-MIDA-PJM,374.94,444.59,38.58,1.69,pjm.com,false,
2022-08-17 10:00:00,USA,PJM Interconnection,US-MIDA-PJM,381.17,452.66,36.87,1.7,pjm.com,false,
2022-08-17 11:00:00,USA,PJM Interconnection,US-MIDA-PJM,383.25,455.67,36.11,2.16,pjm.com,false,
2022-08-17 12:00:00,USA,PJM Interconnection,US-MIDA-PJM,381.56,453.5,36.74,3.54,pjm.com,false,
2022-08-17 13:00:00,USA,PJM Interconnection,US-MIDA-PJM,383.11,455.52,36.4,3.94,pjm.com,false,
2022-08-17 14:00:00,USA,PJM Interconnection,US-MIDA-PJM,386.73,461.03,34.77,3.78,pjm.com,false,
2022-08-17 15:00:00,USA,PJM Interconnection,US-MIDA-PJM,388.98,463.55,34.59,4.68,pjm.com,false,
2022-08-17 16:00:00,USA,PJM Interconnection,US-MIDA-PJM,391.37,467.02,33.68,4.59,pjm.com,false,
2022-08-17 17:00:00,USA,PJM Interconnection,US-MIDA-PJM,386.87,462.55,33.98,5.72,pjm.com,false,
2022-08-17 18:00:00,USA,PJM Interconnection,US-MIDA-PJM,382.61,458.09,34.44,6.81,pjm.com,false,
2022-08-17 19:00:00,USA,PJM Interconnection,US-MIDA-PJM,384.62,460.85,33.78,6.59,pjm.com,false,
2022-08-17 20:00:00,USA,PJM Interconnection,US-MIDA-PJM,382.49,458.47,34.04,7.17,pjm.com,false,
2022-08-17 21:00:00,USA,PJM Interconnection,US-MIDA-PJM,384.13,460.34,33.78,7.11,pjm.com,false,
2022-08-17 22:00:00,USA,PJM Interconnection,US-MIDA-PJM,388.81,465.33,33.2,6.06,pjm.com,false,
2022-08-17 23:00:00,USA,PJM Interconnection,US-MIDA-PJM,392.76,469.39,32.78,4.59,pjm.com,false,
2022-08-18 00:00:00,USA,PJM Interconnection,US-MIDA-PJM,396.41,473.26,32.36,3.71,pjm.com,false,
2022-08-18 01:00:00,USA,PJM Interconnection,US-MIDA-PJM,401.45,478.18,32.01,2.15,pjm.com,false,
2022-08-18 02:00:00,USA,PJM Interconnection,US-MIDA-PJM,398.05,473.8,32.84,1.26,pjm.com,false,
2022-08-18 03:00:00,USA,PJM Interconnection,US-MIDA-PJM,389.68,464.52,33.92,0.94,pjm.com,false,
2022-08-18 04:00:00,USA,PJM Interconnection,US-MIDA-PJM,380.68,453.5,35.91,0.81,pjm.com,false,
2022-08-18 05:00:00,USA,PJM Interconnection,US-MIDA-PJM,374.8,446.4,37.12,0.84,pjm.com,false,
2022-08-18 06:00:00,USA,PJM Interconnection,US-MIDA-PJM,367.89,438.65,38.12,0.92,pjm.com,false,
2022-08-18 07:00:00,USA,PJM Interconnection,US-MIDA-PJM,363.11,433.5,38.84,0.87,pjm.com,false,
2022-08-18 08:00:00,USA,PJM Interconnection,US-MIDA-PJM,363.5,433.34,39.29,0.81,pjm.com,false,
2022-08-18 09:00:00,USA,PJM Interconnection,US-MIDA-PJM,365.12,436.4,38.13,0.79,pjm.com,false,
2022-08-18 10:00:00,USA,PJM Interconnection,US-MIDA-PJM,371.16,444.23,36.47,1.08,pjm.com,false,
2022-08-18 11:00:00,USA,PJM Interconnection,US-MIDA-PJM,372.21,445.33,36.44,1.77,pjm.com,false,
2022-08-18 12:00:00,USA,PJM Interconnection,US-MIDA-PJM,368.16,440.22,37.61,3.49,pjm.com,false,
2022-08-18 13:00:00,USA,PJM Interconnection,US-MIDA-PJM,369.94,441.97,37.44,4.46,pjm.com,false,
2022-08-18 14:00:00,USA,PJM Interconnection,US-MIDA-PJM,371.5,445.09,36.22,4.66,pjm.com,false,
2022-08-18 15:00:00,USA,PJM Interconnection,US-MIDA-PJM,380.32,455.64,34.5,4.49,pjm.com,false,
2022-08-18 16:00:00,USA,PJM Interconnection,US-MIDA-PJM,387.13,463.4,33.38,4.57,pjm.com,false,
2022-08-18 17:00:00,USA,PJM Interconnection,US-MIDA-PJM,385.12,461.88,33.29,5.57,pjm.com,false,
2022-08-18 18:00:00,USA,PJM Interconnection,US-MIDA-PJM,381.73,458.51,33.55,6.46,pjm.com,false,
2022-08-18 19:00:00,USA,PJM Interconnection,US-MIDA-PJM,386.07,463.85,32.55,6.31,pjm.com,false,
2022-08-18 20:00:00,USA,PJM Interconnection,US-MIDA-PJM,384.6,462.59,32.56,6.68,pjm.com,false,
2022-08-18 21:00:00,USA,PJM Interconnection,US-MIDA-PJM,390.03,468.26,32.03,6.45,pjm.com,false,
2022-08-18 22:00:00,USA,PJM Interconnection,US-MIDA-PJM,392.71,471.19,31.6,5.88,pjm.com,false,
2022-08-18 23:00:00,USA,PJM Interconnection,US-MIDA-PJM,398.62,477.3,31.04,4.6,pjm.com,false,
2022-08-19 00:00:00,USA,PJM Interconnection,US-MIDA-PJM,403.69,482.43,30.6,3.1,pjm.com,false,
2022-08-19 01:00:00,USA,PJM Interconnection,US-MIDA-PJM,409.37,488.09,30.19,1.61,pjm.com,false,
2022-08-19 02:00:00,USA,PJM Interconnection,US-MIDA-PJM,406.67,484.01,31.19,0.86,pjm.com,false,
2022-08-19 03:00:00,USA,PJM Interconnection,US-MIDA-PJM,394.69,469.95,33.37,1.06,pjm.com,false,
2022-08-19 04:00:00,USA,PJM Interconnection,US-MIDA-PJM,386.81,459.74,35.51,1.4,pjm.com,false,
2022-08-19 05:00:00,USA,PJM Interconnection,US-MIDA-PJM,376.14,447.64,37.13,1.84,pjm.com,false,
2022-08-19 06:00:00,USA,PJM Interconnection,US-MIDA-PJM,373.19,442.66,38.81,2.09,pjm.com,false,
2022-08-19 07:00:00,USA,PJM Interconnection,US-MIDA-PJM,371.3,439.73,39.68,2.24,pjm.com,false,
2022-08-19 08:00:00,USA,PJM Interconnection,US-MIDA-PJM,372.55,440.67,40.09,2.24,pjm.com,false,
2022-08-19 09:00:00,USA,PJM Interconnection,US-MIDA-PJM,372.36,441.29,39.48,2.4,pjm.com,false,
2022-08-19 10:00:00,USA,PJM Interconnection,US-MIDA-PJM,373.45,444.42,37.91,2.41,pjm.com,false,
2022-08-19 11:00:00,USA,PJM Interconnection,US-MIDA-PJM,373.8,445.23,37.58,2.92,pjm.com,false,
2022-08-19 12:00:00,USA,PJM Interconnection,US-MIDA-PJM,374.05,446.6,36.84,4.15,pjm.com,false,
2022-08-19 13:00:00,USA,PJM Interconnection,US-MIDA-PJM,376.55,450.42,35.57,4.14,pjm.com,false,
2022-08-19 14:00:00,USA,PJM Interconnection,US-MIDA-PJM,384.14,459.35,34.22,4.04,pjm.com,false,
2022-08-19 15:00:00,USA,PJM Interconnection,US-MIDA-PJM,389.15,465.81,32.85,4.25,pjm.com,false,
2022-08-19 16:00:00,USA,PJM Interconnection,US-MIDA-PJM,380.99,457.55,33.47,6.15,pjm.com,false,
2022-08-19 17:00:00,USA,PJM Interconnection,US-MIDA-PJM,382.44,459.55,33.22,7.17,pjm.com,false,
2022-08-19 18:00:00,USA,PJM Interconnection,US-MIDA-PJM,381.42,459.58,32.51,7.19,pjm.com,false,
2022-08-19 19:00:00,USA,PJM Interconnection,US-MIDA-PJM,383.27,461.42,32.35,7.5,pjm.com,false,
2022-08-19 20:00:00,USA,PJM Interconnection,US-MIDA-PJM,385.18,463.99,31.76,7.12,pjm.com,false,
2022-08-19 21:00:00,USA,PJM Interconnection,US-MIDA-PJM,385.98,463.94,32.32,7.44,pjm.com,false,
2022-08-19 22:00:00,USA,PJM Interconnection,US-MIDA-PJM,391.26,469.76,31.54,6.19,pjm.com,false,
2022-08-19 23:00:00,USA,PJM Interconnection,US-MIDA-PJM,394.19,472.53,31.42,5.02,pjm.com,false,
2022-08-20 00:00:00,USA,PJM Interconnection,US-MIDA-PJM,390.83,468.22,32.22,4.99,pjm.com,false,
2022-08-20 01:00:00,USA,PJM Interconnection,US-MIDA-PJM,395.77,472.91,31.94,3.77,pjm.com,false,
2022-08-20 02:00:00,USA,PJM Interconnection,US-MIDA-PJM,391.58,467.37,33.14,3.78,pjm.com,false,
2022-08-20 03:00:00,USA,PJM Interconnection,US-MIDA-PJM,385.63,459.59,34.78,3.79,pjm.com,false,
2022-08-20 04:00:00,USA,PJM Interconnection,US-MIDA-PJM,379.01,451.34,36.32,3.69,pjm.com,false,
2022-08-20 05:00:00,USA,PJM Interconnection,US-MIDA-PJM,371.23,442.16,37.78,3.72,pjm.com,false,
2022-08-20 06:00:00,USA,PJM Interconnection,US-MIDA-PJM,368.05,438.77,38.11,3.73,pjm.com,false,
2022-08-20 07:00:00,USA,PJM Interconnection,US-MIDA-PJM,365.85,436.04,38.63,3.52,pjm.com,false,
2022-08-20 08:00:00,USA,PJM Interconnection,US-MIDA-PJM,361.87,432.37,38.63,2.91,pjm.com,false,
2022-08-20 09:00:00,USA,PJM Interconnection,US-MIDA-PJM,361.62,431.9,38.8,2.91,pjm.com,false,
2022-08-20 10:00:00,USA,PJM Interconnection,US-MIDA-PJM,366.46,437.74,37.81,2.45,pjm.com,false,
2022-08-20 11:00:00,USA,PJM Interconnection,US-MIDA-PJM,366.33,437.6,37.84,2.8,pjm.com,false,
2022-08-20 12:00:00,USA,PJM Interconnection,US-MIDA-PJM,367.65,439.61,37.34,3.99,pjm.com,false,
2022-08-20 13:00:00,USA,PJM Interconnection,US-MIDA-PJM,372.6,445.85,36.22,4.29,pjm.com,false,
2022-08-20 14:00:00,USA,PJM Interconnection,US-MIDA-PJM,379.18,454.53,34.32,3.99,pjm.com,false,
2022-08-20 15:00:00,USA,PJM Interconnection,US-MIDA-PJM,383.95,460.57,33.17,4.4,pjm.com,false,
2022-08-20 16:00:00,USA,PJM Interconnection,US-MIDA-PJM,378.21,454.78,33.69,6.07,pjm.com,false,
2022-08-20 17:00:00,USA,PJM Interconnection,US-MIDA-PJM,380.08,457.23,33.21,6.55,pjm.com,false,
2022-08-20 18:00:00,USA,PJM Interconnection,US-MIDA-PJM,383.35,461.06,32.68,6.85,pjm.com,false,
2022-08-20 19:00:00,USA,PJM Interconnection,US-MIDA-PJM,385.76,464.02,32.12,6.69,pjm.com,false,
2022-08-20 20:00:00,USA,PJM Interconnection,US-MIDA-PJM,387.6,465.76,32.08,6.82,pjm.com,false,
2022-08-20 21:00:00,USA,PJM Interconnection,US-MIDA-PJM,388.69,467.01,31.9,6.88,pjm.com,false,
2022-08-20 22:00:00,USA,PJM Interconnection,US-MIDA-PJM,393.34,471.69,31.56,6.02,pjm.com,false,
2022-08-20 23:00:00,USA,PJM Interconnection,US-MIDA-PJM,402.2,481.38,30.3,3.77,pjm.com,false,
2022-08-21 00:00:00,USA,PJM Interconnection,US-MIDA-PJM,405.5,484.72,30.03,2.71,pjm.com,false,
2022-08-21 01:00:00,USA,PJM Interconnection,US-MIDA-PJM,406.18,484.09,30.82,2.39,pjm.com,false,
2022-08-21 02:00:00,USA,PJM Interconnection,US-MIDA-PJM,402.03,478.84,31.8,2.1,pjm.com,false,
2022-08-21 03:00:00,USA,PJM Interconnection,US-MIDA-PJM,396.93,472.11,33.29,2.04,pjm.com,false,
2022-08-21 04:00:00,USA,PJM Interconnection,US-MIDA-PJM,384.48,457.24,35.75,2.49,pjm.com,false,
2022-08-21 05:00:00,USA,PJM Interconnection,US-MIDA-PJM,376.84,448.58,36.91,2.47,pjm.com,false,
2022-08-21 06:00:00,USA,PJM Interconnection,US-MIDA-PJM,375.24,446.59,37.31,1.83,pjm.com,false,
2022-08-21 07:00:00,USA,PJM Interconnection,US-MIDA-PJM,373.41,443.76,38.16,1.46,pjm.com,false,
2022-08-21 08:00:00,USA,PJM Interconnection,US-MIDA-PJM,371.32,441.71,38.24,1.16,pjm.com,false,
2022-08-21 09:00:00,USA,PJM Interconnection,US-MIDA-PJM,371.53,441.77,38.34,1.04,pjm.com,false,
2022-08-21 10:00:00,USA,PJM Interconnection,US-MIDA-PJM,372.27,442.9,38.01,1.17,pjm.com,false,
2022-08-21 11:00:00,USA,PJM Interconnection,US-MIDA-PJM,371.59,442.21,38.08,1.5,pjm.com,false,
2022-08-21 12:00:00,USA,PJM Interconnection,US-MIDA-PJM,371.45,442.78,37.62,2.24,pjm.com,false,
2022-08-21 13:00:00,USA,PJM Interconnection,US-MIDA-PJM,379.25,452.39,35.88,2.18,pjm.com,false,
2022-08-21 14:00:00,USA,PJM Interconnection,US-MIDA-PJM,383.63,457.99,34.75,2.15,pjm.com,false,
2022-08-21 15:00:00,USA,PJM Interconnection,US-MIDA-PJM,386.29,461.97,33.63,2.26,pjm.com,false,
2022-08-21 16:00:00,USA,PJM Interconnection,US-MIDA-PJM,383.48,459.73,33.39,2.8,pjm.com,false,
2022-08-21 17:00:00,USA,PJM Interconnection,US-MIDA-PJM,380.4,455.9,34.23,4.42,pjm.com,false,
2022-08-21 18:00:00,USA,PJM Interconnection,US-MIDA-PJM,376.61,451.32,35.12,6.04,pjm.com,false,
2022-08-21 19:00:00,USA,PJM Interconnection,US-MIDA-PJM,380.15,455.41,34.49,6.16,pjm.com,false,
2022-08-21 20:00:00,USA,PJM Interconnection,US-MIDA-PJM,384.86,460.42,34.04,6.15,pjm.com,false,
2022-08-21 21:00:00,USA,PJM Interconnection,US-MIDA-PJM,389.9,465.57,33.66,6.03,pjm.com,false,
2022-08-21 22:00:00,USA,PJM Interconnection,US-MIDA-PJM,394.62,470.86,32.89,5.01,pjm.com,false,
2022-08-21 23:00:00,USA,PJM Interconnection,US-MIDA-PJM,398.75,475.21,32.46,4.27,pjm.com,false,
2022-08-22 00:00:00,USA,PJM Interconnection,US-MIDA-PJM,396.42,472.45,32.88,4.26,pjm.com,false,
2022-08-22 01:00:00,USA,PJM Interconnection,US-MIDA-PJM,398.58,475.01,32.34,2.86,pjm.com,false,
2022-08-22 02:00:00,USA,PJM Interconnection,US-MIDA-PJM,392.76,468.66,32.97,2.04,pjm.com,false,
2022-08-22 03:00:00,USA,PJM Interconnection,US-MIDA-PJM,383.11,457.73,34.43,2.17,pjm.com,false,
2022-08-22 04:00:00,USA,PJM Interconnection,US-MIDA-PJM,380.29,453.75,35.45,1.8,pjm.com,false,
2022-08-22 05:00:00,USA,PJM Interconnection,US-MIDA-PJM,376.6,449.51,36.06,1.42,pjm.com,false,
2022-08-22 06:00:00,USA,PJM Interconnection,US-MIDA-PJM,375.68,447.85,36.66,1.2,pjm.com,false,
2022-08-22 07:00:00,USA,PJM Interconnection,US-MIDA-PJM,374.85,446.47,37.13,1.25,pjm.com,false,
2022-08-22 08:00:00,USA,PJM Interconnection,US-MIDA-PJM,374.3,446.07,37.04,1.42,pjm.com,false,
2022-08-22 09:00:00,USA,PJM Interconnection,US-MIDA-PJM,376.95,449.89,36.03,1.33,pjm.com,false,
2022-08-22 10:00:00,USA,PJM Interconnection,US-MIDA-PJM,384.3,459.24,34.15,1.21,pjm.com,false,
2022-08-22 11:00:00,USA,PJM Interconnection,US-MIDA-PJM,386.16,462.26,33.22,1.19,pjm.com,false,
2022-08-22 12:00:00,USA,PJM Interconnection,US-MIDA-PJM,389.89,466.46,32.69,1.49,pjm.com,false,
2022-08-22 13:00:00,USA,PJM Interconnection,US-MIDA-PJM,390.43,467.45,32.41,1.9,pjm.com,false,
2022-08-22 14:00:00,USA,PJM Interconnection,US-MIDA-PJM,393.54,470.77,32.15,2.27,pjm.com,false,
2022-08-22 15:00:00,USA,PJM Interconnection,US-MIDA-PJM,381.93,458.15,33.8,5.15,pjm.com,false,
2022-08-22 16:00:00,USA,PJM Interconnection,US-MIDA-PJM,381.2,457.66,33.71,6.0,pjm.com,false,
2022-08-22 17:00:00,USA,PJM Interconnection,US-MIDA-PJM,387.26,464.66,32.7,5.84,pjm.com,false,
2022-08-22 18:00:00,USA,PJM Interconnection,US-MIDA-PJM,389.92,467.68,32.32,6.28,pjm.com,false,
2022-08-22 19:00:00,USA,PJM Interconnection,US-MIDA-PJM,391.32,469.03,32.28,6.6,pjm.com,false,
2022-08-22 20:00:00,USA,PJM Interconnection,US-MIDA-PJM,389.65,467.58,32.23,7.06,pjm.com,false,
2022-08-22 21:00:00,USA,PJM Interconnection,US-MIDA-PJM,393.09,471.67,31.51,6.43,pjm.com,false,
2022-08-22 22:00:00,USA,PJM Interconnection,US-MIDA-PJM,397.94,477.31,30.57,5.26,pjm.com,false,
2022-08-22 23:00:00,USA,PJM Interconnection,US-MIDA-PJM,402.29,481.71,30.19,4.22,pjm.com,false,
2022-08-23 00:00:00,USA,PJM Interconnection,US-MIDA-PJM,410.12,490.15,29.17,2.41,pjm.com,false,
2022-08-23 01:00:00,USA,PJM Interconnection,US-MIDA-PJM,412.16,491.04,29.87,1.91,pjm.com,false,
2022-08-23 02:00:00,USA,PJM Interconnection,US-MIDA-PJM,410.35,487.66,31.04,1.75,pjm.com,false,
2022-08-23 03:00:00,USA,PJM Interconnection,US-MIDA-PJM,398.79,474.77,32.62,1.76,pjm.com,false,
2022-08-23 04:00:00,USA,PJM Interconnection,US-MIDA-PJM,386.91,461.44,34.33,1.52,pjm.com,false,
2022-08-23 05:00:00,USA,PJM Interconnection,US-MIDA-PJM,386.52,459.53,35.48,1.38,pjm.com,false,
2022-08-23 06:00:00,USA,PJM Interconnection,US-MIDA-PJM,381.75,453.89,36.39,1.27,pjm.com,false,
2022-08-23 07:00:00,USA,PJM Interconnection,US-MIDA-PJM,380.78,451.89,37.23,1.22,pjm.com,false,
2022-08-23 08:00:00,USA,PJM Interconnection,US-MIDA-PJM,380.52,451.47,37.34,1.13,pjm.com,false,
2022-08-23 09:00:00,USA,PJM Interconnection,US-MIDA-PJM,381.67,453.61,36.55,1.19,pjm.com,false,
2022-08-23 10:00:00,USA,PJM Interconnection,US-MIDA-PJM,385.78,459.95,34.66,1.26,pjm.com,false,
2022-08-23 11:00:00,USA,PJM Interconnection,US-MIDA-PJM,387.17,461.9,34.19,1.57,pjm.com,false,
2022-08-23 12:00:00,USA,PJM Interconnection,US-MIDA-PJM,383.72,458.4,34.53,2.92,pjm.com,false,
2022-08-23 13:00:00,USA,PJM Interconnection,US-MIDA-PJM,381.74,456.64,34.57,3.69,pjm.com,false,
2022-08-23 14:00:00,USA,PJM Interconnection,US-MIDA-PJM,386.74,462.14,34.0,4.41,pjm.com,false,
2022-08-23 15:00:00,USA,PJM Interconnection,US-MIDA-PJM,394.08,470.45,32.92,4.73,pjm.com,false,
2022-08-23 16:00:00,USA,PJM Interconnection,US-MIDA-PJM,396.34,473.67,32.14,4.87,pjm.com,false,
2022-08-23 17:00:00,USA,PJM Interconnection,US-MIDA-PJM,396.34,474.37,31.7,5.48,pjm.com,false,
2022-08-23 18:00:00,USA,PJM Interconnection,US-MIDA-PJM,392.91,471.12,31.88,6.59,pjm.com,false,
2022-08-23 19:00:00,USA,PJM Interconnection,US-MIDA-PJM,394.41,473.04,31.52,6.82,pjm.com,false,
2022-08-23 20:00:00,USA,PJM Interconnection,US-MIDA-PJM,395.13,474.74,30.72,6.62,pjm.com,false,
2022-08-23 21:00:00,USA,PJM Interconnection,US-MIDA-PJM,398.55,478.86,30.01,6.2,pjm.com,false,
2022-08-23 22:00:00,USA,PJM Interconnection,US-MIDA-PJM,403.91,484.6,29.37,5.2,pjm.com,false,
2022-08-23 23:00:00,USA,PJM Interconnection,US-MIDA-PJM,408.02,488.43,29.28,4.21,pjm.com,false,
2022-08-24 00:00:00,USA,PJM Interconnection,US-MIDA-PJM,414.38,494.82,28.82,2.79,pjm.com,false,
2022-08-24 01:00:00,USA,PJM Interconnection,US-MIDA-PJM,416.47,496.35,29.0,1.66,pjm.com,false,
2022-08-24 02:00:00,USA,PJM Interconnection,US-MIDA-PJM,418.25,496.51,30.0,0.76,pjm.com,false,
2022-08-24 03:00:00,USA,PJM Interconnection,US-MIDA-PJM,408.0,484.57,31.75,0.86,pjm.com,false,
2022-08-24 04:00:00,USA,PJM Interconnection,US-MIDA-PJM,394.45,469.42,33.64,0.78,pjm.com,false,
2022-08-24 05:00:00,USA,PJM Interconnection,US-MIDA-PJM,385.48,459.18,35.03,0.79,pjm.com,false,
2022-08-24 06:00:00,USA,PJM Interconnection,US-MIDA-PJM,381.81,453.87,36.46,0.85,pjm.com,false,
2022-08-24 07:00:00,USA,PJM Interconnection,US-MIDA-PJM,382.28,453.07,37.4,0.9,pjm.com,false,
2022-08-24 08:00:00,USA,PJM Interconnection,US-MIDA-PJM,381.53,452.2,37.5,0.92,pjm.com,false,
2022-08-24 09:00:00,USA,PJM Interconnection,US-MIDA-PJM,383.63,455.43,36.57,0.82,pjm.com,false,
2022-08-24 10:00:00,USA,PJM Interconnection,US-MIDA-PJM,388.18,462.33,34.57,0.79,pjm.com,false,
2022-08-24 11:00:00,USA,PJM Interconnection,US-MIDA-PJM,391.48,466.13,34.05,1.11,pjm.com,false,
2022-08-24 12:00:00,USA,PJM Interconnection,US-MIDA-PJM,391.08,465.98,34.01,2.26,pjm.com,false,
2022-08-24 13:00:00,USA,PJM Interconnection,US-MIDA-PJM,391.31,466.92,33.53,2.85,pjm.com,false,
2022-08-24 14:00:00,USA,PJM Interconnection,US-MIDA-PJM,392.6,468.44,33.36,3.82,pjm.com,false,
2022-08-24 15:00:00,USA,PJM Interconnection,US-MIDA-PJM,396.38,473.17,32.52,4.29,pjm.com,false,
2022-08-24 16:00:00,USA,PJM Interconnection,US-MIDA-PJM,402.65,480.9,31.15,4.15,pjm.com,false,
2022-08-24 17:00:00,USA,PJM Interconnection,US-MIDA-PJM,402.97,481.63,30.98,5.16,pjm.com,false,
2022-08-24 18:00:00,USA,PJM Interconnection,US-MIDA-PJM,401.85,480.73,30.98,6.06,pjm.com,false,
2022-08-24 19:00:00,USA,PJM Interconnection,US-MIDA-PJM,402.2,481.76,30.54,6.43,pjm.com,false,
2022-08-24 20:00:00,USA,PJM Interconnection,US-MIDA-PJM,403.46,484.09,29.65,6.28,pjm.com,false,
2022-08-24 21:00:00,USA,PJM Interconnection,US-MIDA-PJM,405.1,485.73,29.53,6.05,pjm.com,false,
2022-08-24 22:00:00,USA,PJM Interconnection,US-MIDA-PJM,411.04,492.34,28.6,4.84,pjm.com,false,
2022-08-24 23:00:00,USA,PJM Interconnection,US-MIDA-PJM,413.74,494.8,28.54,3.98,pjm.com,false,
2022-08-25 00:00:00,USA,PJM Interconnection,US-MIDA-PJM,417.35,497.59,28.9,3.46,pjm.com,false,
2022-08-25 01:00:00,USA,PJM Interconnection,US-MIDA-PJM,424.23,504.49,28.27,1.36,pjm.com,false,
2022-08-25 02:00:00,USA,PJM Interconnection,US-MIDA-PJM,423.54,501.49,29.85,0.89,pjm.com,false,
2022-08-25 03:00:00,USA,PJM Interconnection,US-MIDA-PJM,415.81,492.32,31.33,1.06,pjm.com,false,
2022-08-25 04:00:00,USA,PJM Interconnection,US-MIDA-PJM,395.93,471.1,33.38,1.41,pjm.com,false,
2022-08-25 05:00:00,USA,PJM Interconnection,US-MIDA-PJM,384.64,458.35,35.05,1.71,pjm.com,false,
2022-08-25 06:00:00,USA,PJM Interconnection,US-MIDA-PJM,378.22,451.24,35.89,1.97,pjm.com,false,
2022-08-25 07:00:00,USA,PJM Interconnection,US-MIDA-PJM,374.61,446.08,37.24,2.2,pjm.com,false,
2022-08-25 08:00:00,USA,PJM Interconnection,US-MIDA-PJM,376.43,447.79,37.21,2.0,pjm.com,false,
2022-08-25 09:00:00,USA,PJM Interconnection,US-MIDA-PJM,379.06,451.79,36.05,1.75,pjm.com,false,
2022-08-25 10:00:00,USA,PJM Interconnection,US-MIDA-PJM,384.43,458.34,34.91,2.06,pjm.com,false,
2022-08-25 11:00:00,USA,PJM Interconnection,US-MIDA-PJM,383.8,458.6,34.3,2.43,pjm.com,false,
2022-08-25 12:00:00,USA,PJM Interconnection,US-MIDA-PJM,381.14,455.27,35.08,4.03,pjm.com,false,
2022-08-25 13:00:00,USA,PJM Interconnection,US-MIDA-PJM,386.13,460.83,34.47,4.57,pjm.com,false,
2022-08-25 14:00:00,USA,PJM Interconnection,US-MIDA-PJM,393.5,469.15,33.45,4.89,pjm.com,false,
2022-08-25 15:00:00,USA,PJM Interconnection,US-MIDA-PJM,397.7,474.79,32.21,4.91,pjm.com,false,
2022-08-25 16:00:00,USA,PJM Interconnection,US-MIDA-PJM,395.63,473.52,31.87,5.63,pjm.com,false,
2022-08-25 17:00:00,USA,PJM Interconnection,US-MIDA-PJM,395.16,473.29,31.85,6.63,pjm.com,false,
2022-08-25 18:00:00,USA,PJM Interconnection,US-MIDA-PJM,396.98,476.09,30.99,6.47,pjm.com,false,
2022-08-25 19:00:00,USA,PJM Interconnection,US-MIDA-PJM,399.35,479.04,30.42,6.42,pjm.com,false,
2022-08-25 20:00:00,USA,PJM Interconnection,US-MIDA-PJM,399.15,478.81,30.4,6.53,pjm.com,false,
2022-08-25 21:00:00,USA,PJM Interconnection,US-MIDA-PJM,403.37,483.67,29.64,5.74,pjm.com,false,
2022-08-25 22:00:00,USA,PJM Interconnection,US-MIDA-PJM,405.96,486.35,29.38,5.16,pjm.com,false,
2022-08-25 23:00:00,USA,PJM Interconnection,US-MIDA-PJM,412.5,493.39,28.57,3.66,pjm.com,false,
2022-08-26 00:00:00,USA,PJM Interconnection,US-MIDA-PJM,414.15,494.71,28.73,3.47,pjm.com,false,
2022-08-26 01:00:00,USA,PJM Interconnection,US-MIDA-PJM,420.3,500.95,28.17,1.66,pjm.com,false,
2022-08-26 02:00:00,USA,PJM Interconnection,US-MIDA-PJM,416.98,495.59,29.72,1.45,pjm.com,false,
2022-08-26 03:00:00,USA,PJM Interconnection,US-MIDA-PJM,412.12,488.78,31.38,1.69,pjm.com,false,
2022-08-26 04:00:00,USA,PJM Interconnection,US-MIDA-PJM,402.85,478.08,32.95,1.92,pjm.com,false,
2022-08-26 05:00:00,USA,PJM Interconnection,US-MIDA-PJM,387.5,461.93,34.35,2.03,pjm.com,false,
2022-08-26 06:00:00,USA,PJM Interconnection,US-MIDA-PJM,380.56,454.33,35.21,2.13,pjm.com,false,
2022-08-26 07:00:00,USA,PJM Interconnection,US-MIDA-PJM,378.49,451.36,35.98,1.92,pjm.com,false,
2022-08-26 08:00:00,USA,PJM Interconnection,US-MIDA-PJM,378.07,450.72,36.17,1.98,pjm.com,false,
2022-08-26 09:00:00,USA,PJM Interconnection,US-MIDA-PJM,380.71,454.63,35.08,1.74,pjm.com,false,
2022-08-26 10:00:00,USA,PJM Interconnection,US-MIDA-PJM,388.36,463.65,33.66,1.62,pjm.com,false,
2022-08-26 11:00:00,USA,PJM Interconnection,US-MIDA-PJM,392.57,468.52,32.96,1.57,pjm.com,false,
2022-08-26 12:00:00,USA,PJM Interconnection,US-MIDA-PJM,394.35,470.75,32.65,2.61,pjm.com,false,
2022-08-26 13:00:00,USA,PJM Interconnection,US-MIDA-PJM,393.46,470.1,32.63,3.42,pjm.com,false,
2022-08-26 14:00:00,USA,PJM Interconnection,US-MIDA-PJM,395.61,472.94,32.06,4.07,pjm.com,false,
2022-08-26 15:00:00,USA,PJM Interconnection,US-MIDA-PJM,394.05,472.65,31.34,4.67,pjm.com,false,
2022-08-26 16:00:00,USA,PJM Interconnection,US-MIDA-PJM,391.78,470.62,31.48,5.87,pjm.com,false,
2022-08-26 17:00:00,USA,PJM Interconnection,US-MIDA-PJM,392.76,472.4,30.88,5.99,pjm.com,false,
2022-08-26 18:00:00,USA,PJM Interconnection,US-MIDA-PJM,391.22,470.83,31.01,6.53,pjm.com,false,
2022-08-26 19:00:00,USA,PJM Interconnection,US-MIDA-PJM,392.5,472.53,30.53,6.64,pjm.com,false,
2022-08-26 20:00:00,USA,PJM Interconnection,US-MIDA-PJM,392.68,472.4,30.85,6.99,pjm.com,false,
2022-08-26 21:00:00,USA,PJM Interconnection,US-MIDA-PJM,397.5,477.95,30.01,6.18,pjm.com,false,
2022-08-26 22:00:00,USA,PJM Interconnection,US-MIDA-PJM,402.47,482.94,29.55,5.18,pjm.com,false,
2022-08-26 23:00:00,USA,PJM Interconnection,US-MIDA-PJM,409.69,490.85,28.47,3.13,pjm.com,false,
2022-08-27 00:00:00,USA,PJM Interconnection,US-MIDA-PJM,413.68,494.16,28.69,2.35,pjm.com,false,
2022-08-27 01:00:00,USA,PJM Interconnection,US-MIDA-PJM,414.14,493.45,29.45,1.69,pjm.com,false,
2022-08-27 02:00:00,USA,PJM Interconnection,US-MIDA-PJM,414.35,492.21,30.41,1.47,pjm.com,false,
2022-08-27 03:00:00,USA,PJM Interconnection,US-MIDA-PJM,406.24,483.07,31.6,1.52,pjm.com,false,
2022-08-27 04:00:00,USA,PJM Interconnection,US-MIDA-PJM,397.22,471.84,33.73,1.38,pjm.com,false,
2022-08-27 05:00:00,USA,PJM Interconnection,US-MIDA-PJM,385.59,458.43,35.65,1.77,pjm.com,false,
2022-08-27 06:00:00,USA,PJM Interconnection,US-MIDA-PJM,382.52,454.27,36.63,1.8,pjm.com,false,
2022-08-27 07:00:00,USA,PJM Interconnection,US-MIDA-PJM,376.72,447.89,37.37,1.74,pjm.com,false,
2022-08-27 08:00:00,USA,PJM Interconnection,US-MIDA-PJM,371.51,441.93,38.19,1.69,pjm.com,false,
2022-08-27 09:00:00,USA,PJM Interconnection,US-MIDA-PJM,371.41,441.72,38.27,1.59,pjm.com,false,
2022-08-27 10:00:00,USA,PJM Interconnection,US-MIDA-PJM,371.28,441.83,38.1,1.62,pjm.com,false,
2022-08-27 11:00:00,USA,PJM Interconnection,US-MIDA-PJM,367.84,437.67,38.87,2.22,pjm.com,false,
2022-08-27 12:00:00,USA,PJM Interconnection,US-MIDA-PJM,364.16,435.62,38.03,3.83,pjm.com,false,
2022-08-27 13:00:00,USA,PJM Interconnection,US-MIDA-PJM,372.51,445.95,36.18,3.89,pjm.com,false,
2022-08-27 14:00:00,USA,PJM Interconnection,US-MIDA-PJM,380.45,454.54,35.31,3.87,pjm.com,false,
2022-08-27 15:00:00,USA,PJM Interconnection,US-MIDA-PJM,392.13,467.82,33.5,3.79,pjm.com,false,
2022-08-27 16:00:00,USA,PJM Interconnection,US-MIDA-PJM,395.56,471.93,32.97,4.75,pjm.com,false,
2022-08-27 17:00:00,USA,PJM Interconnection,US-MIDA-PJM,392.52,469.25,32.96,5.92,pjm.com,false,
2022-08-27 18:00:00,USA,PJM Interconnection,US-MIDA-PJM,395.87,473.46,32.18,5.9,pjm.com,false,
2022-08-27 19:00:00,USA,PJM Interconnection,US-MIDA-PJM,399.34,477.84,31.29,5.81,pjm.com,false,
2022-08-27 20:00:00,USA,PJM Interconnection,US-MIDA-PJM,399.8,478.6,31.04,5.98,pjm.com,false,
2022-08-27 21:00:00,USA,PJM Interconnection,US-MIDA-PJM,402.75,481.95,30.54,5.52,pjm.com,false,
2022-08-27 22:00:00,USA,PJM Interconnection,US-MIDA-PJM,405.3,485.0,29.97,4.8,pjm.com,false,
2022-08-27 23:00:00,USA,PJM Interconnection,US-MIDA-PJM,409.14,488.26,30.04,3.64,pjm.com,false,
2022-08-28 00:00:00,USA,PJM Interconnection,US-MIDA-PJM,410.21,489.59,29.63,2.45,pjm.com,false,
2022-08-28 01:00:00,USA,PJM Interconnection,US-MIDA-PJM,404.54,482.11,31.19,2.8,pjm.com,false,
2022-08-28 02:00:00,USA,PJM Interconnection,US-MIDA-PJM,392.7,467.61,33.67,3.61,pjm.com,false,
2022-08-28 03:00:00,USA,PJM Interconnection,US-MIDA-PJM,384.49,457.14,35.77,4.26,pjm.com,false,
2022-08-28 04:00:00,USA,PJM Interconnection,US-MIDA-PJM,372.92,443.53,37.88,4.89,pjm.com,false,
2022-08-28 05:00:00,USA,PJM Interconnection,US-MIDA-PJM,363.56,433.7,38.73,5.0,pjm.com,false,
2022-08-28 06:00:00,USA,PJM Interconnection,US-MIDA-PJM,359.07,428.12,39.77,4.93,pjm.com,false,
2022-08-28 07:00:00,USA,PJM Interconnection,US-MIDA-PJM,356.18,423.83,40.97,4.89,pjm.com,false,
2022-08-28 08:00:00,USA,PJM Interconnection,US-MIDA-PJM,355.3,422.23,41.55,4.78,pjm.com,false,
2022-08-28 09:00:00,USA,PJM Interconnection,US-MIDA-PJM,357.03,423.97,41.47,4.57,pjm.com,false,
2022-08-28 10:00:00,USA,PJM Interconnection,US-MIDA-PJM,357.24,424.06,41.55,4.76,pjm.com,false,
2022-08-28 11:00:00,USA,PJM Interconnection,US-MIDA-PJM,358.33,424.77,41.8,4.96,pjm.com,false,
2022-08-28 12:00:00,USA,PJM Interconnection,US-MIDA-PJM,357.46,425.12,41.11,6.05,pjm.com,false,
2022-08-28 13:00:00,USA,PJM Interconnection,US-MIDA-PJM,361.16,431.71,38.88,5.7,pjm.com,false,
2022-08-28 14:00:00,USA,PJM Interconnection,US-MIDA-PJM,367.76,441.09,36.49,5.32,pjm.com,false,
2022-08-28 15:00:00,USA,PJM Interconnection,US-MIDA-PJM,382.0,456.26,35.11,6.12,pjm.com,false,
2022-08-28 16:00:00,USA,PJM Interconnection,US-MIDA-PJM,381.5,456.68,34.49,7.27,pjm.com,false,
2022-08-28 17:00:00,USA,PJM Interconnection,US-MIDA-PJM,384.72,461.0,33.6,8.1,pjm.com,false,
2022-08-28 18:00:00,USA,PJM Interconnection,US-MIDA-PJM,391.57,469.51,32.05,8.25,pjm.com,false,
2022-08-28 19:00:00,USA,PJM Interconnection,US-MIDA-PJM,389.05,466.19,32.85,9.5,pjm.com,false,
2022-08-28 20:00:00,USA,PJM Interconnection,US-MIDA-PJM,393.26,471.65,31.61,8.74,pjm.com,false,
2022-08-28 21:00:00,USA,PJM Interconnection,US-MIDA-PJM,396.2,475.44,31.08,8.42,pjm.com,false,
2022-08-28 22:00:00,USA,PJM Interconnection,US-MIDA-PJM,399.3,478.88,30.59,7.77,pjm.com,false,
2022-08-28 23:00:00,USA,PJM Interconnection,US-MIDA-PJM,405.47,485.77,29.54,5.95,pjm.com,false,
2022-08-29 00:00:00,USA,PJM Interconnection,US-MIDA-PJM,407.64,487.78,29.34,5.48,pjm.com,false,
2022-08-29 01:00:00,USA,PJM Interconnection,US-MIDA-PJM,407.97,486.91,30.09,5.04,pjm.com,false,
2022-08-29 02:00:00,USA,PJM Interconnection,US-MIDA-PJM,405.07,482.66,31.19,4.57,pjm.com,false,
2022-08-29 03:00:00,USA,PJM Interconnection,US-MIDA-PJM,400.99,476.05,33.1,5.31,pjm.com,false,
2022-08-29 04:00:00,USA,PJM Interconnection,US-MIDA-PJM,389.88,463.56,34.7,5.36,pjm.com,false,
2022-08-29 05:00:00,USA,PJM Interconnection,US-MIDA-PJM,386.59,459.35,35.57,5.09,pjm.com,false,
2022-08-29 06:00:00,USA,PJM Interconnection,US-MIDA-PJM,376.65,447.45,37.53,6.03,pjm.com,false,
2022-08-29 07:00:00,USA,PJM Interconnection,US-MIDA-PJM,375.29,446.4,37.39,5.54,pjm.com,false,
2022-08-29 08:00:00,USA,PJM Interconnection,US-MIDA-PJM,376.35,447.95,36.98,5.06,pjm.com,false,
2022-08-29 09:00:00,USA,PJM Interconnection,US-MIDA-PJM,384.52,457.42,35.6,4.47,pjm.com,false,
2022-08-29 10:00:00,USA,PJM Interconnection,US-MIDA-PJM,396.31,471.45,33.31,3.8,pjm.com,false,
2022-08-29 11:00:00,USA,PJM Interconnection,US-MIDA-PJM,396.97,473.35,32.36,3.97,pjm.com,false,
2022-08-29 12:00:00,USA,PJM Interconnection,US-MIDA-PJM,400.58,477.91,31.54,4.54,pjm.com,false,
2022-08-29 13:00:00,USA,PJM Interconnection,US-MIDA-PJM,403.57,482.03,30.63,4.7,pjm.com,false,
2022-08-29 14:00:00,USA,PJM Interconnection,US-MIDA-PJM,403.29,482.47,30.26,5.33,pjm.com,false,
2022-08-29 15:00:00,USA,PJM Interconnection,US-MIDA-PJM,404.48,484.7,29.51,5.76,pjm.com,false,
2022-08-29 16:00:00,USA,PJM Interconnection,US-MIDA-PJM,402.12,482.54,29.54,6.82,pjm.com,false,
2022-08-29 17:00:00,USA,PJM Interconnection,US-MIDA-PJM,401.23,482.33,29.27,7.42,pjm.com,false,
2022-08-29 18:00:00,USA,PJM Interconnection,US-MIDA-PJM,400.09,481.27,29.55,7.9,pjm.com,false,
2022-08-29 19:00:00,USA,PJM Interconnection,US-MIDA-PJM,405.5,487.99,28.38,7.08,pjm.com,false,
2022-08-29 20:00:00,USA,PJM Interconnection,US-MIDA-PJM,406.45,489.03,28.28,6.98,pjm.com,false,
2022-08-29 21:00:00,USA,PJM Interconnection,US-MIDA-PJM,413.47,497.71,27.88,6.77,pjm.com,false,
2022-08-29 22:00:00,USA,PJM Interconnection,US-MIDA-PJM,417.54,502.52,26.99,5.41,pjm.com,false,
2022-08-29 23:00:00,USA,PJM Interconnection,US-MIDA-PJM,419.73,504.1,26.69,4.22,pjm.com,false,
2022-08-30 00:00:00,USA,PJM Interconnection,US-MIDA-PJM,412.37,494.83,28.09,5.07,pjm.com,false,
2022-08-30 01:00:00,USA,PJM Interconnection,US-MIDA-PJM,412.79,494.24,28.21,3.78,pjm.com,false,
2022-08-30 02:00:00,USA,PJM Interconnection,US-MIDA-PJM,414.24,493.54,29.36,3.18,pjm.com,false,
2022-08-30 03:00:00,USA,PJM Interconnection,US-MIDA-PJM,408.52,484.97,31.72,4.02,pjm.com,false,
2022-08-30 04:00:00,USA,PJM Interconnection,US-MIDA-PJM,402.28,477.96,32.6,3.59,pjm.com,false,
2022-08-30 05:00:00,USA,PJM Interconnection,US-MIDA-PJM,400.32,476.2,32.57,2.71,pjm.com,false,
2022-08-30 06:00:00,USA,PJM Interconnection,US-MIDA-PJM,396.85,471.83,33.44,2.23,pjm.com,false,
2022-08-30 07:00:00,USA,PJM Interconnection,US-MIDA-PJM,390.99,466.03,33.71,2.06,pjm.com,false,
2022-08-30 08:00:00,USA,PJM Interconnection,US-MIDA-PJM,387.46,461.71,34.5,2.73,pjm.com,false,
2022-08-30 09:00:00,USA,PJM Interconnection,US-MIDA-PJM,391.49,466.75,33.58,2.68,pjm.com,false,
2022-08-30 10:00:00,USA,PJM Interconnection,US-MIDA-PJM,399.5,475.95,32.26,2.99,pjm.com,false,
2022-08-30 11:00:00,USA,PJM Interconnection,US-MIDA-PJM,403.19,480.19,31.72,3.39,pjm.com,false,
2022-08-30 12:00:00,USA,PJM Interconnection,US-MIDA-PJM,400.64,477.27,32.31,4.48,pjm.com,false,
2022-08-30 13:00:00,USA,PJM Interconnection,US-MIDA-PJM,400.58,478.08,31.69,4.25,pjm.com,false,
2022-08-30 14:00:00,USA,PJM Interconnection,US-MIDA-PJM,402.17,480.21,31.41,4.9,pjm.com,false,
2022-08-30 15:00:00,USA,PJM Interconnection,US-MIDA-PJM,402.67,481.96,30.56,5.34,pjm.com,false,
2022-08-30 16:00:00,USA,PJM Interconnection,US-MIDA-PJM,392.27,470.85,31.73,7.69,pjm.com,false,
2022-08-30 17:00:00,USA,PJM Interconnection,US-MIDA-PJM,385.58,463.05,33.0,9.81,pjm.com,false,
2022-08-30 18:00:00,USA,PJM Interconnection,US-MIDA-PJM,383.16,460.84,32.93,10.04,pjm.com,false,
2022-08-30 19:00:00,USA,PJM Interconnection,US-MIDA-PJM,381.06,458.55,33.05,10.51,pjm.com,false,
2022-08-30 20:00:00,USA,PJM Interconnection,US-MIDA-PJM,384.24,461.9,32.8,10.11,pjm.com,false,
2022-08-30 21:00:00,USA,PJM Interconnection,US-MIDA-PJM,387.63,465.59,32.39,9.45,pjm.com,false,
2022-08-30 22:00:00,USA,PJM Interconnection,US-MIDA-PJM,395.51,474.55,31.15,7.74,pjm.com,false,
2022-08-30 23:00:00,USA,PJM Interconnection,US-MIDA-PJM,404.43,484.3,29.94,5.56,pjm.com,false,
2022-08-31 00:00:00,USA,PJM Interconnection,US-MIDA-PJM,407.99,487.66,29.72,4.76,pjm.com,false,
2022-08-31 01:00:00,USA,PJM Interconnection,US-MIDA-PJM,408.53,487.06,30.35,4.09,pjm.com,false,
2022-08-31 02:00:00,USA,PJM Interconnection,US-MIDA-PJM,403.96,480.59,31.84,3.54,pjm.com,false,
2022-08-31 03:00:00,USA,PJM Interconnection,US-MIDA-PJM,393.16,468.88,33.08,3.75,pjm.com,false,
2022-08-31 04:00:00,USA,PJM Interconnection,US-MIDA-PJM,384.36,459.16,34.38,3.64,pjm.com,false,
2022-08-31 05:00:00,USA,PJM Interconnection,US-MIDA-PJM,379.82,453.3,35.6,3.33,pjm.com,false,
2022-08-31 06:00:00,USA,PJM Interconnection,US-MIDA-PJM,376.73,449.61,36.19,3.13,pjm.com,false,
2022-08-31 07:00:00,USA,PJM Interconnection,US-MIDA-PJM,374.75,446.75,36.98,3.15,pjm.com,false,
2022-08-31 08:00:00,USA,PJM Interconnection,US-MIDA-PJM,372.47,444.48,37.11,3.15,pjm.com,false,
2022-08-31 09:00:00,USA,PJM Interconnection,US-MIDA-PJM,373.23,446.57,36.06,3.05,pjm.com,false,
2022-08-31 10:00:00,USA,PJM Interconnection,US-MIDA-PJM,381.12,456.18,34.47,2.94,pjm.com,false,
2022-08-31 11:00:00,USA,PJM Interconnection,US-MIDA-PJM,391.31,467.03,33.45,2.9,pjm.com,false,
2022-08-31 12:00:00,USA,PJM Interconnection,US-MIDA-PJM,388.16,463.85,33.91,4.13,pjm.com,false,
2022-08-31 13:00:00,USA,PJM Interconnection,US-MIDA-PJM,389.43,465.53,33.67,4.62,pjm.com,false,
2022-08-31 14:00:00,USA,PJM Interconnection,US-MIDA-PJM,391.02,467.59,33.29,4.88,pjm.com,false,
2022-08-31 15:00:00,USA,PJM Interconnection,US-MIDA-PJM,395.06,472.71,32.27,4.81,pjm.com,false,
2022-08-31 16:00:00,USA,PJM Interconnection,US-MIDA-PJM,394.84,472.94,32.05,5.62,pjm.com,false,
2022-08-31 17:00:00,USA,PJM Interconnection,US-MIDA-PJM,389.54,467.13,32.8,7.28,pjm.com,false,
2022-08-31 18:00:00,USA,PJM Interconnection,US-MIDA-PJM,392.49,470.98,32.0,7.08,pjm.com,false,
2022-08-31 19:00:00,USA,PJM Interconnection,US-MIDA-PJM,387.59,465.82,32.63,8.47,pjm.com,false,
2022-08-31 20:00:00,USA,PJM Interconnection,US-MIDA-PJM,390.05,469.24,31.7,8.16,pjm.com,false,
2022-08-31 21:00:00,USA,PJM Interconnection,US-MIDA-PJM,393.67,473.57,30.99,7.62,pjm.com,false,
2022-08-31 22:00:00,USA,PJM Interconnection,US-MIDA-PJM,399.44,479.89,30.18,6.47,pjm.com,false,
2022-08-31 23:00:00,USA,PJM Interconnection,US-MIDA-PJM,406.81,487.87,29.0,4.46,pjm.com,false,
2022-09-01 00:00:00,USA,PJM Interconnection,US-MIDA-PJM,408.6,488.88,29.34,3.93,pjm.com,false,
2022-09-01 01:00:00,USA,PJM Interconnection,US-MIDA-PJM,414.38,493.51,29.72,2.76,pjm.com,false,
2022-09-01 02:00:00,USA,PJM Interconnection,US-MIDA-PJM,403.93,480.64,31.93,3.04,pjm.com,false,
2022-09-01 03:00:00,USA,PJM Interconnection,US-MIDA-PJM,390.09,464.77,34.17,3.53,pjm.com,false,
2022-09-01 04:00:00,USA,PJM Interconnection,US-MIDA-PJM,374.8,447.37,36.35,3.92,pjm.com,false,
2022-09-01 05:00:00,USA,PJM Interconnection,US-MIDA-PJM,367.58,438.74,37.77,4.14,pjm.com,false,
2022-09-01 06:00:00,USA,PJM Interconnection,US-MIDA-PJM,365.64,435.28,39.01,4.24,pjm.com,false,
2022-09-01 07:00:00,USA,PJM Interconnection,US-MIDA-PJM,364.41,433.36,39.6,3.9,pjm.com,false,
2022-09-01 08:00:00,USA,PJM Interconnection,US-MIDA-PJM,364.12,433.49,39.3,3.6,pjm.com,false,
2022-09-01 09:00:00,USA,PJM Interconnection,US-MIDA-PJM,368.54,439.35,38.0,3.12,pjm.com,false,
2022-09-01 10:00:00,USA,PJM Interconnection,US-MIDA-PJM,378.13,451.39,35.69,2.51,pjm.com,false,
2022-09-01 11:00:00,USA,PJM Interconnection,US-MIDA-PJM,388.5,463.0,34.26,2.34,pjm.com,false,
2022-09-01 12:00:00,USA,PJM Interconnection,US-MIDA-PJM,385.02,459.52,34.62,3.8,pjm.com,false,
2022-09-01 13:00:00,USA,PJM Interconnection,US-MIDA-PJM,389.32,464.8,33.76,4.3,pjm.com,false,
2022-09-01 14:00:00,USA,PJM Interconnection,US-MIDA-PJM,393.3,469.7,32.97,4.27,pjm.com,false,
2022-09-01 15:00:00,USA,PJM Interconnection,US-MIDA-PJM,394.37,471.98,32.02,4.43,pjm.com,false,
2022-09-01 16:00:00,USA,PJM Interconnection,US-MIDA-PJM,395.5,474.04,31.32,5.02,pjm.com,false,
2022-09-01 17:00:00,USA,PJM Interconnection,US-MIDA-PJM,392.65,471.67,31.3,6.32,pjm.com,false,
2022-09-01 18:00:00,USA,PJM Interconnection,US-MIDA-PJM,388.78,468.12,31.26,7.05,pjm.com,false,
2022-09-01 19:00:00,USA,PJM Interconnection,US-MIDA-PJM,388.19,467.94,31.01,7.48,pjm.com,false,
2022-09-01 20:00:00,USA,PJM Interconnection,US-MIDA-PJM,389.17,469.52,30.5,7.48,pjm.com,false,
2022-09-01 21:00:00,USA,PJM Interconnection,US-MIDA-PJM,395.06,475.86,29.8,6.73,pjm.com,false,
2022-09-01 22:00:00,USA,PJM Interconnection,US-MIDA-PJM,400.85,482.13,29.05,5.61,pjm.com,false,
2022-09-01 23:00:00,USA,PJM Interconnection,US-MIDA-PJM,407.66,489.26,28.32,3.99,pjm.com,false,
2022-09-02 00:00:00,USA,PJM Interconnection,US-MIDA-PJM,405.36,485.97,29.16,3.87,pjm.com,false,
2022-09-02 01:00:00,USA,PJM Interconnection,US-MIDA-PJM,410.83,491.06,28.98,2.15,pjm.com,false,
2022-09-02 02:00:00,USA,PJM Interconnection,US-MIDA-PJM,409.86,488.1,30.36,1.79,pjm.com,false,
2022-09-02 03:00:00,USA,PJM Interconnection,US-MIDA-PJM,401.19,477.88,31.94,2.23,pjm.com,false,
2022-09-02 04:00:00,USA,PJM Interconnection,US-MIDA-PJM,386.7,460.97,34.5,2.34,pjm.com,false,
2022-09-02 05:00:00,USA,PJM Interconnection,US-MIDA-PJM,380.71,453.45,35.95,2.64,pjm.com,false,
2022-09-02 06:00:00,USA,PJM Interconnection,US-MIDA-PJM,367.85,439.26,37.61,2.84,pjm.com,false,
2022-09-02 07:00:00,USA,PJM Interconnection,US-MIDA-PJM,364.44,435.04,38.39,2.74,pjm.com,false,
2022-09-02 08:00:00,USA,PJM Interconnection,US-MIDA-PJM,365.17,435.74,38.39,2.55,pjm.com,false,
2022-09-02 09:00:00,USA,PJM Interconnection,US-MIDA-PJM,368.16,440.17,37.16,2.22,pjm.com,false,
2022-09-02 10:00:00,USA,PJM Interconnection,US-MIDA-PJM,376.7,450.82,35.13,1.84,pjm.com,false,
2022-09-02 11:00:00,USA,PJM Interconnection,US-MIDA-PJM,382.58,457.32,34.4,1.92,pjm.com,false,
2022-09-02 12:00:00,USA,PJM Interconnection,US-MIDA-PJM,377.54,451.56,35.38,3.79,pjm.com,false,
2022-09-02 13:00:00,USA,PJM Interconnection,US-MIDA-PJM,381.03,455.87,34.67,4.31,pjm.com,false,
2022-09-02 14:00:00,USA,PJM Interconnection,US-MIDA-PJM,387.37,463.13,33.68,4.17,pjm.com,false,
2022-09-02 15:00:00,USA,PJM Interconnection,US-MIDA-PJM,387.98,464.71,33.05,4.57,pjm.com,false,
2022-09-02 16:00:00,USA,PJM Interconnection,US-MIDA-PJM,385.99,462.6,33.3,5.8,pjm.com,false,
2022-09-02 17:00:00,USA,PJM Interconnection,US-MIDA-PJM,382.78,459.59,33.42,7.37,pjm.com,false,
2022-09-02 18:00:00,USA,PJM Interconnection,US-MIDA-PJM,384.13,461.91,32.63,7.39,pjm.com,false,
2022-09-02 19:00:00,USA,PJM Interconnection,US-MIDA-PJM,383.77,461.83,32.55,8.05,pjm.com,false,
2022-09-02 20:00:00,USA,PJM Interconnection,US-MIDA-PJM,385.66,464.36,31.99,7.86,pjm.com,false,
2022-09-02 21:00:00,USA,PJM Interconnection,US-MIDA-PJM,392.33,472.37,30.59,6.74,pjm.com,false,
2022-09-02 22:00:00,USA,PJM Interconnection,US-MIDA-PJM,396.33,476.59,30.14,5.72,pjm.com,false,
2022-09-02 23:00:00,USA,PJM Interconnection,US-MIDA-PJM,399.5,479.47,30.07,4.5,pjm.com,false,
2022-09-03 00:00:00,USA,PJM Interconnection,US-MIDA-PJM,403.02,483.23,29.63,3.3,pjm.com,false,
2022-09-03 01:00:00,USA,PJM Interconnection,US-MIDA-PJM,407.67,487.23,29.59,1.9,pjm.com,false,
2022-09-03 02:00:00,USA,PJM Interconnection,US-MIDA-PJM,402.21,480.02,31.05,2.06,pjm.com,false,
2022-09-03 03:00:00,USA,PJM Interconnection,US-MIDA-PJM,393.37,469.44,32.79,2.48,pjm.com,false,
2022-09-03 04:00:00,USA,PJM Interconnection,US-MIDA-PJM,379.77,453.92,34.93,2.73,pjm.com,false,
2022-09-03 05:00:00,USA,PJM Interconnection,US-MIDA-PJM,360.27,433.48,36.65,3.31,pjm.com,false,
2022-09-03 06:00:00,USA,PJM Interconnection,US-MIDA-PJM,348.92,420.7,38.3,3.37,pjm.com,false,
2022-09-03 07:00:00,USA,PJM Interconnection,US-MIDA-PJM,343.46,413.94,39.55,3.4,pjm.com,false,
2022-09-03 08:00:00,USA,PJM Interconnection,US-MIDA-PJM,341.6,411.89,39.8,3.14,pjm.com,false,
2022-09-03 09:00:00,USA,PJM Interconnection,US-MIDA-PJM,343.75,414.51,39.36,2.65,pjm.com,false,
2022-09-03 10:00:00,USA,PJM Interconnection,US-MIDA-PJM,345.99,417.6,38.61,2.31,pjm.com,false,
2022-09-03 11:00:00,USA,PJM Interconnection,US-MIDA-PJM,348.23,419.76,38.59,2.3,pjm.com,false,
2022-09-03 12:00:00,USA,PJM Interconnection,US-MIDA-PJM,347.5,419.89,38.14,3.38,pjm.com,false,
2022-09-03 13:00:00,USA,PJM Interconnection,US-MIDA-PJM,352.16,426.69,36.37,3.34,pjm.com,false,
2022-09-03 14:00:00,USA,PJM Interconnection,US-MIDA-PJM,365.05,440.77,34.81,3.27,pjm.com,false,
2022-09-03 15:00:00,USA,PJM Interconnection,US-MIDA-PJM,372.68,450.25,33.14,2.96,pjm.com,false,
2022-09-03 16:00:00,USA,PJM Interconnection,US-MIDA-PJM,369.64,447.19,33.47,4.75,pjm.com,false,
2022-09-03 17:00:00,USA,PJM Interconnection,US-MIDA-PJM,367.55,445.15,33.64,6.13,pjm.com,false,
2022-09-03 18:00:00,USA,PJM Interconnection,US-MIDA-PJM,369.18,447.92,32.69,6.02,pjm.com,false,
2022-09-03 19:00:00,USA,PJM Interconnection,US-MIDA-PJM,367.47,446.2,32.82,6.66,pjm.com,false,
2022-09-03 20:00:00,USA,PJM Interconnection,US-MIDA-PJM,368.26,447.09,32.71,6.72,pjm.com,false,
2022-09-03 21:00:00,USA,PJM Interconnection,US-MIDA-PJM,370.72,450.01,32.17,6.23,pjm.com,false,
2022-09-03 22:00:00,USA,PJM Interconnection,US-MIDA-PJM,374.19,453.75,31.71,5.37,pjm.com,false,
2022-09-03 23:00:00,USA,PJM Interconnection,US-MIDA-PJM,378.99,458.39,31.44,4.1,pjm.com,false,
2022-09-04 00:00:00,USA,PJM Interconnection,US-MIDA-PJM,388.8,468.98,30.23,2.44,pjm.com,false,
2022-09-04 01:00:00,USA,PJM Interconnection,US-MIDA-PJM,387.77,467.01,30.9,1.76,pjm.com,false,
2022-09-04 02:00:00,USA,PJM Interconnection,US-MIDA-PJM,385.87,463.7,31.9,1.32,pjm.com,false,
2022-09-04 03:00:00,USA,PJM Interconnection,US-MIDA-PJM,382.86,459.42,33.0,1.3,pjm.com,false,
2022-09-04 04:00:00,USA,PJM Interconnection,US-MIDA-PJM,373.71,448.06,35.13,1.53,pjm.com,false,
2022-09-04 05:00:00,USA,PJM Interconnection,US-MIDA-PJM,360.16,433.45,36.65,1.49,pjm.com,false,
2022-09-04 06:00:00,USA,PJM Interconnection,US-MIDA-PJM,353.67,426.53,37.3,1.38,pjm.com,false,
2022-09-04 07:00:00,USA,PJM Interconnection,US-MIDA-PJM,348.15,419.72,38.56,1.41,pjm.com,false,
2022-09-04 08:00:00,USA,PJM Interconnection,US-MIDA-PJM,346.73,417.97,38.87,1.47,pjm.com,false,
2022-09-04 09:00:00,USA,PJM Interconnection,US-MIDA-PJM,346.34,417.47,38.98,1.41,pjm.com,false,
2022-09-04 10:00:00,USA,PJM Interconnection,US-MIDA-PJM,347.94,419.05,38.91,1.57,pjm.com,false,
2022-09-04 11:00:00,USA,PJM Interconnection,US-MIDA-PJM,346.05,416.45,39.57,1.68,pjm.com,false,
2022-09-04 12:00:00,USA,PJM Interconnection,US-MIDA-PJM,342.94,413.34,39.88,3.37,pjm.com,false,
2022-09-04 13:00:00,USA,PJM Interconnection,US-MIDA-PJM,345.58,418.15,38.21,4.07,pjm.com,false,
2022-09-04 14:00:00,USA,PJM Interconnection,US-MIDA-PJM,350.97,424.94,36.87,4.08,pjm.com,false,
2022-09-04 15:00:00,USA,PJM Interconnection,US-MIDA-PJM,360.43,436.08,35.13,3.9,pjm.com,false,
2022-09-04 16:00:00,USA,PJM Interconnection,US-MIDA-PJM,362.7,439.28,34.39,4.65,pjm.com,false,
2022-09-04 17:00:00,USA,PJM Interconnection,US-MIDA-PJM,363.09,440.06,34.17,5.61,pjm.com,false,
2022-09-04 18:00:00,USA,PJM Interconnection,US-MIDA-PJM,362.68,439.65,34.28,6.26,pjm.com,false,
2022-09-04 19:00:00,USA,PJM Interconnection,US-MIDA-PJM,360.34,437.32,34.47,7.09,pjm.com,false,
2022-09-04 20:00:00,USA,PJM Interconnection,US-MIDA-PJM,360.11,437.29,34.29,6.86,pjm.com,false,
2022-09-04 21:00:00,USA,PJM Interconnection,US-MIDA-PJM,360.48,437.32,34.49,7.04,pjm.com,false,
2022-09-04 22:00:00,USA,PJM Interconnection,US-MIDA-PJM,366.22,443.45,33.8,6.14,pjm.com,false,
2022-09-04 23:00:00,USA,PJM Interconnection,US-MIDA-PJM,364.14,440.65,34.4,5.87,pjm.com,false,
2022-09-05 00:00:00,USA,PJM Interconnection,US-MIDA-PJM,364.74,440.96,34.5,5.39,pjm.com,false,
2022-09-05 01:00:00,USA,PJM Interconnection,US-MIDA-PJM,368.6,444.4,34.41,4.11,pjm.com,false,
2022-09-05 02:00:00,USA,PJM Interconnection,US-MIDA-PJM,370.18,445.8,34.34,3.01,pjm.com,false,
2022-09-05 03:00:00,USA,PJM Interconnection,US-MIDA-PJM,364.9,439.72,35.22,2.71,pjm.com,false,
2022-09-05 04:00:00,USA,PJM Interconnection,US-MIDA-PJM,360.18,433.11,36.9,2.65,pjm.com,false,
2022-09-05 05:00:00,USA,PJM Interconnection,US-MIDA-PJM,351.83,424.14,37.79,2.28,pjm.com,false,
2022-09-05 06:00:00,USA,PJM Interconnection,US-MIDA-PJM,346.19,418.05,38.42,1.88,pjm.com,false,
2022-09-05 07:00:00,USA,PJM Interconnection,US-MIDA-PJM,344.63,416.12,38.79,1.68,pjm.com,false,
2022-09-05 08:00:00,USA,PJM Interconnection,US-MIDA-PJM,343.18,414.45,39.05,1.65,pjm.com,false,
2022-09-05 09:00:00,USA,PJM Interconnection,US-MIDA-PJM,343.29,414.76,38.89,1.48,pjm.com,false,
2022-09-05 10:00:00,USA,PJM Interconnection,US-MIDA-PJM,348.22,419.99,38.41,1.49,pjm.com,false,
2022-09-05 11:00:00,USA,PJM Interconnection,US-MIDA-PJM,346.77,417.75,39.11,1.83,pjm.com,false,
2022-09-05 12:00:00,USA,PJM Interconnection,US-MIDA-PJM,343.64,415.32,38.84,3.1,pjm.com,false,
2022-09-05 13:00:00,USA,PJM Interconnection,US-MIDA-PJM,344.15,417.03,38.0,3.72,pjm.com,false,
2022-09-05 14:00:00,USA,PJM Interconnection,US-MIDA-PJM,350.36,424.49,36.76,4.03,pjm.com,false,
2022-09-05 15:00:00,USA,PJM Interconnection,US-MIDA-PJM,358.91,434.33,35.35,4.04,pjm.com,false,
2022-09-05 16:00:00,USA,PJM Interconnection,US-MIDA-PJM,359.26,435.68,34.63,4.33,pjm.com,false,
2022-09-05 17:00:00,USA,PJM Interconnection,US-MIDA-PJM,360.99,438.15,34.11,4.73,pjm.com,false,
2022-09-05 18:00:00,USA,PJM Interconnection,US-MIDA-PJM,355.18,431.59,35.08,6.09,pjm.com,false,
2022-09-05 19:00:00,USA,PJM Interconnection,US-MIDA-PJM,358.28,434.73,34.86,6.13,pjm.com,false,
2022-09-05 20:00:00,USA,PJM Interconnection,US-MIDA-PJM,359.02,435.62,34.73,6.31,pjm.com,false,
2022-09-05 21:00:00,USA,PJM Interconnection,US-MIDA-PJM,360.29,436.98,34.57,6.14,pjm.com,false,
2022-09-05 22:00:00,USA,PJM Interconnection,US-MIDA-PJM,361.08,437.5,34.68,5.76,pjm.com,false,
2022-09-05 23:00:00,USA,PJM Interconnection,US-MIDA-PJM,365.3,441.78,34.38,5.22,pjm.com,false,
2022-09-06 00:00:00,USA,PJM Interconnection,US-MIDA-PJM,368.06,444.84,33.97,4.58,pjm.com,false,
2022-09-06 01:00:00,USA,PJM Interconnection,US-MIDA-PJM,371.4,448.13,33.68,2.81,pjm.com,false,
2022-09-06 02:00:00,USA,PJM Interconnection,US-MIDA-PJM,371.89,447.81,34.06,1.75,pjm.com,false,
2022-09-06 03:00:00,USA,PJM Interconnection,US-MIDA-PJM,367.21,441.85,35.26,1.74,pjm.com,false,
2022-09-06 04:00:00,USA,PJM Interconnection,US-MIDA-PJM,368.4,441.75,36.17,1.61,pjm.com,false,
2022-09-06 05:00:00,USA,PJM Interconnection,US-MIDA-PJM,363.75,436.45,36.91,1.51,pjm.com,false,
2022-09-06 06:00:00,USA,PJM Interconnection,US-MIDA-PJM,361.09,433.19,37.5,1.44,pjm.com,false,
2022-09-06 07:00:00,USA,PJM Interconnection,US-MIDA-PJM,356.69,428.48,37.97,1.45,pjm.com,false,
2022-09-06 08:00:00,USA,PJM Interconnection,US-MIDA-PJM,352.25,424.62,37.77,1.46,pjm.com,false,
2022-09-06 09:00:00,USA,PJM Interconnection,US-MIDA-PJM,358.38,431.95,36.54,1.48,pjm.com,false,
2022-09-06 10:00:00,USA,PJM Interconnection,US-MIDA-PJM,360.64,436.69,34.57,1.65,pjm.com,false,
2022-09-06 11:00:00,USA,PJM Interconnection,US-MIDA-PJM,369.91,447.11,33.24,1.64,pjm.com,false,
2022-09-06 12:00:00,USA,PJM Interconnection,US-MIDA-PJM,369.64,446.88,33.25,1.99,pjm.com,false,
2022-09-06 13:00:00,USA,PJM Interconnection,US-MIDA-PJM,370.14,447.49,33.21,2.25,pjm.com,false,
2022-09-06 14:00:00,USA,PJM Interconnection,US-MIDA-PJM,369.76,447.37,33.22,2.99,pjm.com,false,
2022-09-06 15:00:00,USA,PJM Interconnection,US-MIDA-PJM,373.33,451.56,32.68,3.56,pjm.com,false,
2022-09-06 16:00:00,USA,PJM Interconnection,US-MIDA-PJM,373.93,452.39,32.52,3.97,pjm.com,false,
2022-09-06 17:00:00,USA,PJM Interconnection,US-MIDA-PJM,371.12,448.89,33.37,5.58,pjm.com,false,
2022-09-06 18:00:00,USA,PJM Interconnection,US-MIDA-PJM,370.13,447.81,33.47,6.21,pjm.com,false,
2022-09-06 19:00:00,USA,PJM Interconnection,US-MIDA-PJM,368.26,446.04,33.46,6.5,pjm.com,false,
2022-09-06 20:00:00,USA,PJM Interconnection,US-MIDA-PJM,368.04,445.8,33.48,6.79,pjm.com,false,
2022-09-06 21:00:00,USA,PJM Interconnection,US-MIDA-PJM,368.83,446.78,33.27,6.63,pjm.com,false,
2022-09-06 22:00:00,USA,PJM Interconnection,US-MIDA-PJM,370.7,449.1,32.76,5.96,pjm.com,false,
2022-09-06 23:00:00,USA,PJM Interconnection,US-MIDA-PJM,371.03,449.75,32.41,4.96,pjm.com,false,
2022-09-07 00:00:00,USA,PJM Interconnection,US-MIDA-PJM,377.31,456.62,31.58,4.06,pjm.com,false,
2022-09-07 01:00:00,USA,PJM Interconnection,US-MIDA-PJM,376.2,454.54,32.29,3.0,pjm.com,false,
2022-09-07 02:00:00,USA,PJM Interconnection,US-MIDA-PJM,379.2,456.84,32.54,1.67,pjm.com,false,
2022-09-07 03:00:00,USA,PJM Interconnection,US-MIDA-PJM,374.68,451.03,33.6,1.45,pjm.com,false,
2022-09-07 04:00:00,USA,PJM Interconnection,US-MIDA-PJM,366.5,440.41,35.85,1.32,pjm.com,false,
2022-09-07 05:00:00,USA,PJM Interconnection,US-MIDA-PJM,366.36,439.86,36.17,1.2,pjm.com,false,
2022-09-07 06:00:00,USA,PJM Interconnection,US-MIDA-PJM,359.97,431.93,37.66,1.21,pjm.com,false,
2022-09-07 07:00:00,USA,PJM Interconnection,US-MIDA-PJM,356.27,427.77,38.2,1.07,pjm.com,false,
2022-09-07 08:00:00,USA,PJM Interconnection,US-MIDA-PJM,354.19,425.92,38.14,1.06,pjm.com,false,
2022-09-07 09:00:00,USA,PJM Interconnection,US-MIDA-PJM,356.28,429.03,37.27,0.99,pjm.com,false,
2022-09-07 10:00:00,USA,PJM Interconnection,US-MIDA-PJM,365.92,441.21,34.87,1.03,pjm.com,false,
2022-09-07 11:00:00,USA,PJM Interconnection,US-MIDA-PJM,370.19,446.21,34.11,1.18,pjm.com,false,
2022-09-07 12:00:00,USA,PJM Interconnection,US-MIDA-PJM,369.02,445.25,34.09,2.11,pjm.com,false,
2022-09-07 13:00:00,USA,PJM Interconnection,US-MIDA-PJM,368.83,445.06,34.17,2.56,pjm.com,false,
2022-09-07 14:00:00,USA,PJM Interconnection,US-MIDA-PJM,371.01,447.67,33.77,2.79,pjm.com,false,
2022-09-07 15:00:00,USA,PJM Interconnection,US-MIDA-PJM,368.78,445.31,34.04,3.85,pjm.com,false,
2022-09-07 16:00:00,USA,PJM Interconnection,US-MIDA-PJM,371.11,447.98,33.76,4.41,pjm.com,false,
2022-09-07 17:00:00,USA,PJM Interconnection,US-MIDA-PJM,370.51,447.39,33.94,5.55,pjm.com,false,
2022-09-07 18:00:00,USA,PJM Interconnection,US-MIDA-PJM,365.79,442.12,34.7,6.84,pjm.com,false,
2022-09-07 19:00:00,USA,PJM Interconnection,US-MIDA-PJM,369.45,446.16,34.15,6.44,pjm.com,false,
2022-09-07 20:00:00,USA,PJM Interconnection,US-MIDA-PJM,368.78,445.14,34.47,7.13,pjm.com,false,
2022-09-07 21:00:00,USA,PJM Interconnection,US-MIDA-PJM,370.87,447.3,34.29,6.67,pjm.com,false,
2022-09-07 22:00:00,USA,PJM Interconnection,US-MIDA-PJM,376.3,453.43,33.39,5.75,pjm.com,false,
2022-09-07 23:00:00,USA,PJM Interconnection,US-MIDA-PJM,376.38,453.54,33.32,5.08,pjm.com,false,
2022-09-08 00:00:00,USA,PJM Interconnection,US-MIDA-PJM,378.2,455.7,32.88,4.02,pjm.com,false,
2022-09-08 01:00:00,USA,PJM Interconnection,US-MIDA-PJM,381.67,459.22,32.41,2.23,pjm.com,false,
2022-09-08 02:00:00,USA,PJM Interconnection,US-MIDA-PJM,380.03,456.02,33.59,1.46,pjm.com,false,
2022-09-08 03:00:00,USA,PJM Interconnection,US-MIDA-PJM,376.7,451.1,34.96,1.27,pjm.com,false,
2022-09-08 04:00:00,USA,PJM Interconnection,US-MIDA-PJM,366.26,439.16,36.62,1.25,pjm.com,false,
2022-09-08 05:00:00,USA,PJM Interconnection,US-MIDA-PJM,357.51,430.01,37.38,0.98,pjm.com,false,
2022-09-08 06:00:00,USA,PJM Interconnection,US-MIDA-PJM,352.86,424.53,38.24,0.86,pjm.com,false,
2022-09-08 07:00:00,USA,PJM Interconnection,US-MIDA-PJM,350.12,421.39,38.69,0.81,pjm.com,false,
2022-09-08 08:00:00,USA,PJM Interconnection,US-MIDA-PJM,348.27,419.48,38.84,0.83,pjm.com,false,
2022-09-08 09:00:00,USA,PJM Interconnection,US-MIDA-PJM,350.87,423.32,37.78,0.79,pjm.com,false,
2022-09-08 10:00:00,USA,PJM Interconnection,US-MIDA-PJM,359.15,434.2,35.4,0.83,pjm.com,false,
2022-09-08 11:00:00,USA,PJM Interconnection,US-MIDA-PJM,359.66,435.39,34.88,0.92,pjm.com,false,
2022-09-08 12:00:00,USA,PJM Interconnection,US-MIDA-PJM,357.16,433.12,34.95,1.92,pjm.com,false,
2022-09-08 13:00:00,USA,PJM Interconnection,US-MIDA-PJM,358.66,434.44,35.1,2.92,pjm.com,false,
2022-09-08 14:00:00,USA,PJM Interconnection,US-MIDA-PJM,357.23,432.5,35.57,3.5,pjm.com,false,
2022-09-08 15:00:00,USA,PJM Interconnection,US-MIDA-PJM,360.01,435.8,35.07,3.72,pjm.com,false,
2022-09-08 16:00:00,USA,PJM Interconnection,US-MIDA-PJM,360.89,437.2,34.82,4.52,pjm.com,false,
2022-09-08 17:00:00,USA,PJM Interconnection,US-MIDA-PJM,358.52,435.07,34.83,5.58,pjm.com,false,
2022-09-08 18:00:00,USA,PJM Interconnection,US-MIDA-PJM,360.29,437.47,34.29,5.75,pjm.com,false,
2022-09-08 19:00:00,USA,PJM Interconnection,US-MIDA-PJM,356.24,434.03,34.08,6.37,pjm.com,false,
2022-09-08 20:00:00,USA,PJM Interconnection,US-MIDA-PJM,359.46,437.93,33.4,6.4,pjm.com,false,
2022-09-08 21:00:00,USA,PJM Interconnection,US-MIDA-PJM,362.64,441.85,32.64,5.91,pjm.com,false,
2022-09-08 22:00:00,USA,PJM Interconnection,US-MIDA-PJM,364.0,443.36,32.41,5.5,pjm.com,false,
2022-09-08 23:00:00,USA,PJM Interconnection,US-MIDA-PJM,366.48,445.92,32.12,4.23,pjm.com,false,
2022-09-09 00:00:00,USA,PJM Interconnection,US-MIDA-PJM,367.99,447.23,32.14,3.7,pjm.com,false,
2022-09-09 01:00:00,USA,PJM Interconnection,US-MIDA-PJM,370.32,448.91,32.37,2.24,pjm.com,false,
2022-09-09 02:00:00,USA,PJM Interconnection,US-MIDA-PJM,366.25,443.09,33.69,1.77,pjm.com,false,
2022-09-09 03:00:00,USA,PJM Interconnection,US-MIDA-PJM,360.75,435.24,35.75,2.29,pjm.com,false,
2022-09-09 04:00:00,USA,PJM Interconnection,US-MIDA-PJM,347.43,418.32,39.12,2.8,pjm.com,false,
2022-09-09 05:00:00,USA,PJM Interconnection,US-MIDA-PJM,336.62,406.25,40.64,3.26,pjm.com,false,
2022-09-09 06:00:00,USA,PJM Interconnection,US-MIDA-PJM,327.27,396.35,41.54,3.34,pjm.com,false,
2022-09-09 07:00:00,USA,PJM Interconnection,US-MIDA-PJM,323.03,391.0,42.6,3.46,pjm.com,false,
2022-09-09 08:00:00,USA,PJM Interconnection,US-MIDA-PJM,322.39,390.12,42.81,3.37,pjm.com,false,
2022-09-09 09:00:00,USA,PJM Interconnection,US-MIDA-PJM,326.73,395.85,41.54,3.33,pjm.com,false,
2022-09-09 10:00:00,USA,PJM Interconnection,US-MIDA-PJM,333.88,405.65,39.19,2.88,pjm.com,false,
2022-09-09 11:00:00,USA,PJM Interconnection,US-MIDA-PJM,339.23,412.54,37.77,2.7,pjm.com,false,
2022-09-09 12:00:00,USA,PJM Interconnection,US-MIDA-PJM,334.49,406.94,38.85,4.32,pjm.com,false,
2022-09-09 13:00:00,USA,PJM Interconnection,US-MIDA-PJM,336.38,409.27,38.53,5.04,pjm.com,false,
2022-09-09 14:00:00,USA,PJM Interconnection,US-MIDA-PJM,341.87,415.64,37.59,5.01,pjm.com,false,
2022-09-09 15:00:00,USA,PJM Interconnection,US-MIDA-PJM,347.98,423.16,36.25,5.05,pjm.com,false,
2022-09-09 16:00:00,USA,PJM Interconnection,US-MIDA-PJM,343.08,418.02,36.92,6.8,pjm.com,false,
2022-09-09 17:00:00,USA,PJM Interconnection,US-MIDA-PJM,344.79,420.09,36.64,7.67,pjm.com,false,
2022-09-09 18:00:00,USA,PJM Interconnection,US-MIDA-PJM,342.55,418.19,36.54,8.21,pjm.com,false,
2022-09-09 19:00:00,USA,PJM Interconnection,US-MIDA-PJM,343.15,419.24,36.18,8.72,pjm.com,false,
2022-09-09 20:00:00,USA,PJM Interconnection,US-MIDA-PJM,343.81,420.7,35.53,8.69,pjm.com,false,
2022-09-09 21:00:00,USA,PJM Interconnection,US-MIDA-PJM,349.01,426.63,34.65,8.01,pjm.com,false,
2022-09-09 22:00:00,USA,PJM Interconnection,US-MIDA-PJM,354.17,432.09,34.03,6.7,pjm.com,false,
2022-09-09 23:00:00,USA,PJM Interconnection,US-MIDA-PJM,359.6,437.62,33.55,5.1,pjm.com,false,
2022-09-10 00:00:00,USA,PJM Interconnection,US-MIDA-PJM,354.61,431.4,34.76,5.38,pjm.com,false,
2022-09-10 01:00:00,USA,PJM Interconnection,US-MIDA-PJM,357.95,434.4,34.65,3.61,pjm.com,false,
2022-09-10 02:00:00,USA,PJM Interconnection,US-MIDA-PJM,359.52,435.36,34.86,2.52,pjm.com,false,
2022-09-10 03:00:00,USA,PJM Interconnection,US-MIDA-PJM,354.94,429.53,35.97,2.59,pjm.com,false,
2022-09-10 04:00:00,USA,PJM Interconnection,US-MIDA-PJM,350.72,424.56,37.61,2.82,pjm.com,false,
2022-09-10 05:00:00,USA,PJM Interconnection,US-MIDA-PJM,343.88,415.21,38.98,3.03,pjm.com,false,
2022-09-10 06:00:00,USA,PJM Interconnection,US-MIDA-PJM,341.35,411.83,39.74,2.93,pjm.com,false,
2022-09-10 07:00:00,USA,PJM Interconnection,US-MIDA-PJM,338.92,408.66,40.44,2.88,pjm.com,false,
2022-09-10 08:00:00,USA,PJM Interconnection,US-MIDA-PJM,337.9,408.59,39.79,2.59,pjm.com,false,
2022-09-10 09:00:00,USA,PJM Interconnection,US-MIDA-PJM,337.44,407.9,40.0,2.47,pjm.com,false,
2022-09-10 10:00:00,USA,PJM Interconnection,US-MIDA-PJM,339.55,410.76,39.33,2.45,pjm.com,false,
2022-09-10 11:00:00,USA,PJM Interconnection,US-MIDA-PJM,343.03,413.81,39.47,2.37,pjm.com,false,
2022-09-10 12:00:00,USA,PJM Interconnection,US-MIDA-PJM,342.55,414.4,38.81,3.34,pjm.com,false,
2022-09-10 13:00:00,USA,PJM Interconnection,US-MIDA-PJM,349.05,421.76,37.87,3.44,pjm.com,false,
2022-09-10 14:00:00,USA,PJM Interconnection,US-MIDA-PJM,345.09,418.09,37.97,4.44,pjm.com,false,
2022-09-10 15:00:00,USA,PJM Interconnection,US-MIDA-PJM,350.64,425.08,36.66,4.36,pjm.com,false,
2022-09-10 16:00:00,USA,PJM Interconnection,US-MIDA-PJM,347.82,422.72,36.53,5.01,pjm.com,false,
2022-09-10 17:00:00,USA,PJM Interconnection,US-MIDA-PJM,344.61,419.47,36.86,6.76,pjm.com,false,
2022-09-10 18:00:00,USA,PJM Interconnection,US-MIDA-PJM,347.07,422.72,36.15,6.86,pjm.com,false,
2022-09-10 19:00:00,USA,PJM Interconnection,US-MIDA-PJM,347.85,423.85,35.8,6.67,pjm.com,false,
2022-09-10 20:00:00,USA,PJM Interconnection,US-MIDA-PJM,350.2,426.55,35.43,7.01,pjm.com,false,
2022-09-10 21:00:00,USA,PJM Interconnection,US-MIDA-PJM,355.39,432.26,34.7,6.19,pjm.com,false,
2022-09-10 22:00:00,USA,PJM Interconnection,US-MIDA-PJM,356.89,433.86,34.49,5.7,pjm.com,false,
2022-09-10 23:00:00,USA,PJM Interconnection,US-MIDA-PJM,356.89,433.16,35.0,5.69,pjm.com,false,
2022-09-11 00:00:00,USA,PJM Interconnection,US-MIDA-PJM,359.84,435.89,34.92,5.23,pjm.com,false,
2022-09-11 01:00:00,USA,PJM Interconnection,US-MIDA-PJM,366.97,442.9,34.47,3.34,pjm.com,false,
2022-09-11 02:00:00,USA,PJM Interconnection,US-MIDA-PJM,365.87,441.25,34.84,2.5,pjm.com,false,
2022-09-11 03:00:00,USA,PJM Interconnection,US-MIDA-PJM,363.33,438.15,35.32,2.85,pjm.com,false,
2022-09-11 04:00:00,USA,PJM Interconnection,US-MIDA-PJM,350.94,422.45,38.44,3.03,pjm.com,false,
2022-09-11 05:00:00,USA,PJM Interconnection,US-MIDA-PJM,343.93,414.02,39.88,3.4,pjm.com,false,
2022-09-11 06:00:00,USA,PJM Interconnection,US-MIDA-PJM,332.75,402.06,41.05,3.58,pjm.com,false,
2022-09-11 07:00:00,USA,PJM Interconnection,US-MIDA-PJM,330.7,400.06,41.11,3.12,pjm.com,false,
2022-09-11 08:00:00,USA,PJM Interconnection,US-MIDA-PJM,330.46,399.36,41.46,2.95,pjm.com,false,
2022-09-11 09:00:00,USA,PJM Interconnection,US-MIDA-PJM,332.33,401.65,41.06,2.63,pjm.com,false,
2022-09-11 10:00:00,USA,PJM Interconnection,US-MIDA-PJM,330.42,399.75,41.17,2.67,pjm.com,false,
2022-09-11 11:00:00,USA,PJM Interconnection,US-MIDA-PJM,331.04,400.16,41.29,2.85,pjm.com,false,
2022-09-11 12:00:00,USA,PJM Interconnection,US-MIDA-PJM,333.48,403.37,40.63,3.49,pjm.com,false,
2022-09-11 13:00:00,USA,PJM Interconnection,US-MIDA-PJM,338.81,409.65,39.67,3.73,pjm.com,false,
2022-09-11 14:00:00,USA,PJM Interconnection,US-MIDA-PJM,337.27,408.56,39.5,4.83,pjm.com,false,
2022-09-11 15:00:00,USA,PJM Interconnection,US-MIDA-PJM,339.51,411.61,38.8,5.15,pjm.com,false,
2022-09-11 16:00:00,USA,PJM Interconnection,US-MIDA-PJM,342.03,414.99,38.03,5.53,pjm.com,false,
2022-09-11 17:00:00,USA,PJM Interconnection,US-MIDA-PJM,339.81,412.53,38.38,6.16,pjm.com,false,
2022-09-11 18:00:00,USA,PJM Interconnection,US-MIDA-PJM,335.91,407.87,39.16,7.32,pjm.com,false,
2022-09-11 19:00:00,USA,PJM Interconnection,US-MIDA-PJM,327.93,398.34,40.8,9.32,pjm.com,false,
2022-09-11 20:00:00,USA,PJM Interconnection,US-MIDA-PJM,330.27,400.95,40.57,9.83,pjm.com,false,
2022-09-11 21:00:00,USA,PJM Interconnection,US-MIDA-PJM,333.56,404.5,40.19,9.95,pjm.com,false,
2022-09-11 22:00:00,USA,PJM Interconnection,US-MIDA-PJM,337.61,409.53,39.18,8.85,pjm.com,false,
2022-09-11 23:00:00,USA,PJM Interconnection,US-MIDA-PJM,339.59,411.99,38.67,8.3,pjm.com,false,
2022-09-12 00:00:00,USA,PJM Interconnection,US-MIDA-PJM,344.25,417.24,37.95,7.54,pjm.com,false,
2022-09-12 01:00:00,USA,PJM Interconnection,US-MIDA-PJM,348.67,421.73,37.51,5.39,pjm.com,false,
2022-09-12 02:00:00,USA,PJM Interconnection,US-MIDA-PJM,345.14,417.07,38.47,4.84,pjm.com,false,
2022-09-12 03:00:00,USA,PJM Interconnection,US-MIDA-PJM,343.31,413.93,39.56,4.95,pjm.com,false,
2022-09-12 04:00:00,USA,PJM Interconnection,US-MIDA-PJM,339.64,408.38,41.12,4.6,pjm.com,false,
2022-09-12 05:00:00,USA,PJM Interconnection,US-MIDA-PJM,334.5,402.98,41.57,4.67,pjm.com,false,
2022-09-12 06:00:00,USA,PJM Interconnection,US-MIDA-PJM,329.49,396.98,42.56,4.79,pjm.com,false,
2022-09-12 07:00:00,USA,PJM Interconnection,US-MIDA-PJM,324.44,392.67,42.27,4.45,pjm.com,false,
2022-09-12 08:00:00,USA,PJM Interconnection,US-MIDA-PJM,330.71,399.67,41.4,4.24,pjm.com,false,
2022-09-12 09:00:00,USA,PJM Interconnection,US-MIDA-PJM,331.6,401.37,40.75,4.57,pjm.com,false,
2022-09-12 10:00:00,USA,PJM Interconnection,US-MIDA-PJM,340.21,412.27,38.59,4.14,pjm.com,false,
2022-09-12 11:00:00,USA,PJM Interconnection,US-MIDA-PJM,338.53,410.96,38.49,5.4,pjm.com,false,
2022-09-12 12:00:00,USA,PJM Interconnection,US-MIDA-PJM,336.1,408.1,39.0,6.0,pjm.com,false,
2022-09-12 13:00:00,USA,PJM Interconnection,US-MIDA-PJM,334.44,407.17,38.57,6.53,pjm.com,false,
2022-09-12 14:00:00,USA,PJM Interconnection,US-MIDA-PJM,329.28,401.87,39.07,7.46,pjm.com,false,
2022-09-12 15:00:00,USA,PJM Interconnection,US-MIDA-PJM,331.17,404.6,38.4,8.1,pjm.com,false,
2022-09-12 16:00:00,USA,PJM Interconnection,US-MIDA-PJM,333.44,407.35,38.0,8.39,pjm.com,false,
2022-09-12 17:00:00,USA,PJM Interconnection,US-MIDA-PJM,332.75,406.79,38.04,9.17,pjm.com,false,
2022-09-12 18:00:00,USA,PJM Interconnection,US-MIDA-PJM,331.11,405.33,37.93,9.36,pjm.com,false,
2022-09-12 19:00:00,USA,PJM Interconnection,US-MIDA-PJM,335.35,409.93,37.5,9.2,pjm.com,false,
2022-09-12 20:00:00,USA,PJM Interconnection,US-MIDA-PJM,338.49,413.5,37.24,9.36,pjm.com,false,
2022-09-12 21:00:00,USA,PJM Interconnection,US-MIDA-PJM,336.53,411.56,37.25,9.3,pjm.com,false,
2022-09-12 22:00:00,USA,PJM Interconnection,US-MIDA-PJM,338.44,413.77,36.89,8.47,pjm.com,false,
2022-09-12 23:00:00,USA,PJM Interconnection,US-MIDA-PJM,339.81,415.14,36.8,7.81,pjm.com,false,
2022-09-13 00:00:00,USA,PJM Interconnection,US-MIDA-PJM,348.47,424.98,35.33,6.08,pjm.com,false,
2022-09-13 01:00:00,USA,PJM Interconnection,US-MIDA-PJM,347.46,422.41,36.27,5.2,pjm.com,false,
2022-09-13 02:00:00,USA,PJM Interconnection,US-MIDA-PJM,349.01,422.61,37.03,3.95,pjm.com,false,
2022-09-13 03:00:00,USA,PJM Interconnection,US-MIDA-PJM,349.06,422.23,37.35,3.12,pjm.com,false,
2022-09-13 04:00:00,USA,PJM Interconnection,US-MIDA-PJM,341.37,412.72,39.06,2.8,pjm.com,false,
2022-09-13 05:00:00,USA,PJM Interconnection,US-MIDA-PJM,337.1,408.37,39.36,2.71,pjm.com,false,
2022-09-13 06:00:00,USA,PJM Interconnection,US-MIDA-PJM,337.04,408.41,39.28,2.55,pjm.com,false,
2022-09-13 07:00:00,USA,PJM Interconnection,US-MIDA-PJM,333.57,403.86,40.28,2.8,pjm.com,false,
2022-09-13 08:00:00,USA,PJM Interconnection,US-MIDA-PJM,325.99,396.42,40.54,2.98,pjm.com,false,
2022-09-13 09:00:00,USA,PJM Interconnection,US-MIDA-PJM,331.09,402.51,39.52,3.03,pjm.com,false,
2022-09-13 10:00:00,USA,PJM Interconnection,US-MIDA-PJM,339.85,413.14,37.67,2.82,pjm.com,false,
2022-09-13 11:00:00,USA,PJM Interconnection,US-MIDA-PJM,346.73,420.87,36.69,2.75,pjm.com,false,
2022-09-13 12:00:00,USA,PJM Interconnection,US-MIDA-PJM,342.21,416.18,37.16,3.74,pjm.com,false,
2022-09-13 13:00:00,USA,PJM Interconnection,US-MIDA-PJM,342.49,417.38,36.55,3.77,pjm.com,false,
2022-09-13 14:00:00,USA,PJM Interconnection,US-MIDA-PJM,343.97,419.34,36.27,4.07,pjm.com,false,
2022-09-13 15:00:00,USA,PJM Interconnection,US-MIDA-PJM,342.02,417.4,36.44,4.92,pjm.com,false,
2022-09-13 16:00:00,USA,PJM Interconnection,US-MIDA-PJM,340.96,416.21,36.67,5.9,pjm.com,false,
2022-09-13 17:00:00,USA,PJM Interconnection,US-MIDA-PJM,337.75,412.81,37.03,7.12,pjm.com,false,
2022-09-13 18:00:00,USA,PJM Interconnection,US-MIDA-PJM,337.63,413.29,36.61,7.23,pjm.com,false,
2022-09-13 19:00:00,USA,PJM Interconnection,US-MIDA-PJM,337.43,413.53,36.28,7.37,pjm.com,false,
2022-09-13 20:00:00,USA,PJM Interconnection,US-MIDA-PJM,337.6,413.63,36.34,7.46,pjm.com,false,
2022-09-13 21:00:00,USA,PJM Interconnection,US-MIDA-PJM,336.95,413.12,36.26,7.58,pjm.com,false,
2022-09-13 22:00:00,USA,PJM Interconnection,US-MIDA-PJM,349.06,426.9,34.21,5.14,pjm.com,false,
2022-09-13 23:00:00,USA,PJM Interconnection,US-MIDA-PJM,352.22,430.1,33.95,4.0,pjm.com,false,
2022-09-14 00:00:00,USA,PJM Interconnection,US-MIDA-PJM,349.79,427.11,34.51,4.25,pjm.com,false,
2022-09-14 01:00:00,USA,PJM Interconnection,US-MIDA-PJM,350.36,426.58,35.16,3.05,pjm.com,false,
2022-09-14 02:00:00,USA,PJM Interconnection,US-MIDA-PJM,349.29,424.29,35.99,2.32,pjm.com,false,
2022-09-14 03:00:00,USA,PJM Interconnection,US-MIDA-PJM,342.75,415.23,38.14,2.2,pjm.com,false,
2022-09-14 04:00:00,USA,PJM Interconnection,US-MIDA-PJM,335.49,405.47,40.37,2.1,pjm.com,false,
2022-09-14 05:00:00,USA,PJM Interconnection,US-MIDA-PJM,327.88,396.03,42.14,2.14,pjm.com,false,
2022-09-14 06:00:00,USA,PJM Interconnection,US-MIDA-PJM,320.53,390.02,41.53,1.92,pjm.com,false,
2022-09-14 07:00:00,USA,PJM Interconnection,US-MIDA-PJM,316.82,385.11,42.63,1.93,pjm.com,false,
2022-09-14 08:00:00,USA,PJM Interconnection,US-MIDA-PJM,317.03,385.48,42.49,2.02,pjm.com,false,
2022-09-14 09:00:00,USA,PJM Interconnection,US-MIDA-PJM,319.68,389.83,41.09,2.08,pjm.com,false,
2022-09-14 10:00:00,USA,PJM Interconnection,US-MIDA-PJM,326.98,399.8,38.72,1.92,pjm.com,false,
2022-09-14 11:00:00,USA,PJM Interconnection,US-MIDA-PJM,329.62,403.8,37.59,1.99,pjm.com,false,
2022-09-14 12:00:00,USA,PJM Interconnection,US-MIDA-PJM,324.32,397.73,38.61,3.66,pjm.com,false,
2022-09-14 13:00:00,USA,PJM Interconnection,US-MIDA-PJM,324.26,396.58,39.59,4.77,pjm.com,false,
2022-09-14 14:00:00,USA,PJM Interconnection,US-MIDA-PJM,325.66,398.19,39.41,5.08,pjm.com,false,
2022-09-14 15:00:00,USA,PJM Interconnection,US-MIDA-PJM,329.46,403.28,38.29,5.03,pjm.com,false,
2022-09-14 16:00:00,USA,PJM Interconnection,US-MIDA-PJM,329.75,404.08,38.03,5.93,pjm.com,false,
2022-09-14 17:00:00,USA,PJM Interconnection,US-MIDA-PJM,326.53,400.92,38.27,7.34,pjm.com,false,
2022-09-14 18:00:00,USA,PJM Interconnection,US-MIDA-PJM,330.45,405.63,37.46,7.22,pjm.com,false,
2022-09-14 19:00:00,USA,PJM Interconnection,US-MIDA-PJM,331.65,407.82,36.66,7.3,pjm.com,false,
2022-09-14 20:00:00,USA,PJM Interconnection,US-MIDA-PJM,332.99,409.12,36.65,7.87,pjm.com,false,
2022-09-14 21:00:00,USA,PJM Interconnection,US-MIDA-PJM,336.04,413.03,35.8,7.51,pjm.com,false,
2022-09-14 22:00:00,USA,PJM Interconnection,US-MIDA-PJM,343.08,420.96,34.62,5.83,pjm.com,false,
2022-09-14 23:00:00,USA,PJM Interconnection,US-MIDA-PJM,342.66,419.99,34.97,5.31,pjm.com,false,
2022-09-15 00:00:00,USA,PJM Interconnection,US-MIDA-PJM,346.31,424.05,34.41,4.59,pjm.com,false,
2022-09-15 01:00:00,USA,PJM Interconnection,US-MIDA-PJM,351.03,428.26,34.39,2.77,pjm.com,false,
2022-09-15 02:00:00,USA,PJM Interconnection,US-MIDA-PJM,349.64,425.11,35.68,2.15,pjm.com,false,
2022-09-15 03:00:00,USA,PJM Interconnection,US-MIDA-PJM,344.44,418.04,37.22,2.56,pjm.com,false,
2022-09-15 04:00:00,USA,PJM Interconnection,US-MIDA-PJM,333.96,405.14,39.55,2.66,pjm.com,false,
2022-09-15 05:00:00,USA,PJM Interconnection,US-MIDA-PJM,322.43,393.35,40.37,2.79,pjm.com,false,
2022-09-15 06:00:00,USA,PJM Interconnection,US-MIDA-PJM,319.7,389.95,40.99,2.71,pjm.com,false,
2022-09-15 07:00:00,USA,PJM Interconnection,US-MIDA-PJM,320.25,390.42,41.01,2.49,pjm.com,false,
2022-09-15 08:00:00,USA,PJM Interconnection,US-MIDA-PJM,322.11,391.95,41.17,2.22,pjm.com,false,
2022-09-15 09:00:00,USA,PJM Interconnection,US-MIDA-PJM,329.9,401.57,39.4,1.99,pjm.com,false,
2022-09-15 10:00:00,USA,PJM Interconnection,US-MIDA-PJM,338.58,411.11,38.31,2.36,pjm.com,false,
2022-09-15 11:00:00,USA,PJM Interconnection,US-MIDA-PJM,343.76,417.84,36.91,2.54,pjm.com,false,
2022-09-15 12:00:00,USA,PJM Interconnection,US-MIDA-PJM,341.67,414.59,38.04,4.0,pjm.com,false,
2022-09-15 13:00:00,USA,PJM Interconnection,US-MIDA-PJM,342.06,414.72,38.42,5.01,pjm.com,false,
2022-09-15 14:00:00,USA,PJM Interconnection,US-MIDA-PJM,344.25,417.07,38.24,5.11,pjm.com,false,
2022-09-15 15:00:00,USA,PJM Interconnection,US-MIDA-PJM,344.09,417.08,38.23,5.45,pjm.com,false,
2022-09-15 16:00:00,USA,PJM Interconnection,US-MIDA-PJM,344.06,417.82,37.62,5.9,pjm.com,false,
2022-09-15 17:00:00,USA,PJM Interconnection,US-MIDA-PJM,341.19,415.2,37.75,7.14,pjm.com,false,
2022-09-15 18:00:00,USA,PJM Interconnection,US-MIDA-PJM,344.61,419.49,36.88,7.25,pjm.com,false,
2022-09-15 19:00:00,USA,PJM Interconnection,US-MIDA-PJM,345.03,420.49,36.43,7.26,pjm.com,false,
2022-09-15 20:00:00,USA,PJM Interconnection,US-MIDA-PJM,348.63,424.65,35.83,7.44,pjm.com,false,
2022-09-15 21:00:00,USA,PJM Interconnection,US-MIDA-PJM,351.43,427.89,35.33,7.12,pjm.com,false,
2022-09-15 22:00:00,USA,PJM Interconnection,US-MIDA-PJM,357.57,434.97,34.16,5.55,pjm.com,false,
2022-09-15 23:00:00,USA,PJM Interconnection,US-MIDA-PJM,362.07,439.86,33.51,4.25,pjm.com,false,
2022-09-16 00:00:00,USA,PJM Interconnection,US-MIDA-PJM,361.53,438.53,34.11,4.38,pjm.com,false,
2022-09-16 01:00:00,USA,PJM Interconnection,US-MIDA-PJM,363.65,439.79,34.49,3.16,pjm.com,false,
2022-09-16 02:00:00,USA,PJM Interconnection,US-MIDA-PJM,356.73,430.17,36.66,3.14,pjm.com,false,
2022-09-16 03:00:00,USA,PJM Interconnection,US-MIDA-PJM,350.6,421.55,38.83,3.53,pjm.com,false,
2022-09-16 04:00:00,USA,PJM Interconnection,US-MIDA-PJM,342.47,410.58,41.4,3.74,pjm.com,false,
2022-09-16 05:00:00,USA,PJM Interconnection,US-MIDA-PJM,336.75,403.25,42.88,4.15,pjm.com,false,
2022-09-16 06:00:00,USA,PJM Interconnection,US-MIDA-PJM,323.82,389.83,43.93,4.15,pjm.com,false,
2022-09-16 07:00:00,USA,PJM Interconnection,US-MIDA-PJM,323.56,389.11,44.28,4.11,pjm.com,false,
2022-09-16 08:00:00,USA,PJM Interconnection,US-MIDA-PJM,326.2,392.06,43.92,3.97,pjm.com,false,
2022-09-16 09:00:00,USA,PJM Interconnection,US-MIDA-PJM,330.09,397.25,42.76,3.67,pjm.com,false,
2022-09-16 10:00:00,USA,PJM Interconnection,US-MIDA-PJM,338.26,408.81,39.81,3.27,pjm.com,false,
2022-09-16 11:00:00,USA,PJM Interconnection,US-MIDA-PJM,344.17,416.41,38.27,3.13,pjm.com,false,
2022-09-16 12:00:00,USA,PJM Interconnection,US-MIDA-PJM,340.82,412.22,39.21,4.34,pjm.com,false,
2022-09-16 13:00:00,USA,PJM Interconnection,US-MIDA-PJM,339.18,410.81,39.27,5.25,pjm.com,false,
2022-09-16 14:00:00,USA,PJM Interconnection,US-MIDA-PJM,340.1,412.78,38.53,5.13,pjm.com,false,
2022-09-16 15:00:00,USA,PJM Interconnection,US-MIDA-PJM,343.71,417.97,37.19,4.99,pjm.com,false,
2022-09-16 16:00:00,USA,PJM Interconnection,US-MIDA-PJM,341.82,416.68,36.91,5.67,pjm.com,false,
2022-09-16 17:00:00,USA,PJM Interconnection,US-MIDA-PJM,339.44,414.49,36.99,6.96,pjm.com,false,
2022-09-16 18:00:00,USA,PJM Interconnection,US-MIDA-PJM,338.68,414.19,36.7,7.5,pjm.com,false,
2022-09-16 19:00:00,USA,PJM Interconnection,US-MIDA-PJM,338.01,413.64,36.65,7.94,pjm.com,false,
2022-09-16 20:00:00,USA,PJM Interconnection,US-MIDA-PJM,339.84,415.89,36.23,8.22,pjm.com,false,
2022-09-16 21:00:00,USA,PJM Interconnection,US-MIDA-PJM,340.87,416.88,36.19,8.26,pjm.com,false,
2022-09-16 22:00:00,USA,PJM Interconnection,US-MIDA-PJM,348.78,425.71,34.93,6.13,pjm.com,false,
2022-09-16 23:00:00,USA,PJM Interconnection,US-MIDA-PJM,351.01,428.09,34.6,4.74,pjm.com,false,
2022-09-17 00:00:00,USA,PJM Interconnection,US-MIDA-PJM,347.76,424.14,35.25,4.65,pjm.com,false,
2022-09-17 01:00:00,USA,PJM Interconnection,US-MIDA-PJM,344.52,419.41,36.35,4.01,pjm.com,false,
2022-09-17 02:00:00,USA,PJM Interconnection,US-MIDA-PJM,344.08,417.65,37.25,3.25,pjm.com,false,
2022-09-17 03:00:00,USA,PJM Interconnection,US-MIDA-PJM,339.97,411.29,39.1,3.65,pjm.com,false,
2022-09-17 04:00:00,USA,PJM Interconnection,US-MIDA-PJM,330.34,399.38,41.33,4.17,pjm.com,false,
2022-09-17 05:00:00,USA,PJM Interconnection,US-MIDA-PJM,326.43,394.58,42.18,4.36,pjm.com,false,
2022-09-17 06:00:00,USA,PJM Interconnection,US-MIDA-PJM,323.45,389.63,43.81,4.69,pjm.com,false,
2022-09-17 07:00:00,USA,PJM Interconnection,US-MIDA-PJM,321.14,386.5,44.54,4.74,pjm.com,false,
2022-09-17 08:00:00,USA,PJM Interconnection,US-MIDA-PJM,323.27,388.92,44.24,4.64,pjm.com,false,
2022-09-17 09:00:00,USA,PJM Interconnection,US-MIDA-PJM,325.06,391.08,43.89,4.14,pjm.com,false,
2022-09-17 10:00:00,USA,PJM Interconnection,US-MIDA-PJM,330.14,397.13,42.91,3.95,pjm.com,false,
2022-09-17 11:00:00,USA,PJM Interconnection,US-MIDA-PJM,329.04,396.05,42.96,4.33,pjm.com,false,
2022-09-17 12:00:00,USA,PJM Interconnection,US-MIDA-PJM,323.31,390.04,43.63,6.28,pjm.com,false,
2022-09-17 13:00:00,USA,PJM Interconnection,US-MIDA-PJM,325.23,393.83,42.25,6.42,pjm.com,false,
2022-09-17 14:00:00,USA,PJM Interconnection,US-MIDA-PJM,329.59,399.88,40.82,6.33,pjm.com,false,
2022-09-17 15:00:00,USA,PJM Interconnection,US-MIDA-PJM,328.89,398.77,41.2,7.31,pjm.com,false,
2022-09-17 16:00:00,USA,PJM Interconnection,US-MIDA-PJM,330.1,401.26,40.21,7.92,pjm.com,false,
2022-09-17 17:00:00,USA,PJM Interconnection,US-MIDA-PJM,325.44,396.51,40.61,9.37,pjm.com,false,
2022-09-17 18:00:00,USA,PJM Interconnection,US-MIDA-PJM,324.02,395.83,40.21,10.13,pjm.com,false,
2022-09-17 19:00:00,USA,PJM Interconnection,US-MIDA-PJM,324.3,397.01,39.51,10.17,pjm.com,false,
2022-09-17 20:00:00,USA,PJM Interconnection,US-MIDA-PJM,326.03,399.45,38.93,10.28,pjm.com,false,
2022-09-17 21:00:00,USA,PJM Interconnection,US-MIDA-PJM,327.51,401.54,38.4,9.74,pjm.com,false,
2022-09-17 22:00:00,USA,PJM Interconnection,US-MIDA-PJM,337.89,413.22,36.75,7.47,pjm.com,false,
2022-09-17 23:00:00,USA,PJM Interconnection,US-MIDA-PJM,337.25,411.89,37.2,6.82,pjm.com,false,
2022-09-18 00:00:00,USA,PJM Interconnection,US-MIDA-PJM,340.57,415.63,36.54,5.93,pjm.com,false,
2022-09-18 01:00:00,USA,PJM Interconnection,US-MIDA-PJM,336.99,410.04,38.07,5.9,pjm.com,false,
2022-09-18 02:00:00,USA,PJM Interconnection,US-MIDA-PJM,335.93,407.85,38.87,6.46,pjm.com,false,
2022-09-18 03:00:00,USA,PJM Interconnection,US-MIDA-PJM,331.24,401.3,40.49,7.02,pjm.com,false,
2022-09-18 04:00:00,USA,PJM Interconnection,US-MIDA-PJM,323.11,390.52,42.92,6.72,pjm.com,false,
2022-09-18 05:00:00,USA,PJM Interconnection,US-MIDA-PJM,318.44,384.78,43.97,6.64,pjm.com,false,
2022-09-18 06:00:00,USA,PJM Interconnection,US-MIDA-PJM,310.92,376.5,44.89,6.91,pjm.com,false,
2022-09-18 07:00:00,USA,PJM Interconnection,US-MIDA-PJM,306.03,369.94,46.38,7.17,pjm.com,false,
2022-09-18 08:00:00,USA,PJM Interconnection,US-MIDA-PJM,305.61,369.0,46.8,7.0,pjm.com,false,
2022-09-18 09:00:00,USA,PJM Interconnection,US-MIDA-PJM,305.04,367.61,47.45,6.94,pjm.com,false,
2022-09-18 10:00:00,USA,PJM Interconnection,US-MIDA-PJM,308.33,371.35,46.94,6.88,pjm.com,false,
2022-09-18 11:00:00,USA,PJM Interconnection,US-MIDA-PJM,314.97,379.18,45.74,6.02,pjm.com,false,
2022-09-18 12:00:00,USA,PJM Interconnection,US-MIDA-PJM,314.43,378.92,45.71,7.05,pjm.com,false,
2022-09-18 13:00:00,USA,PJM Interconnection,US-MIDA-PJM,319.64,386.28,44.03,7.0,pjm.com,false,
2022-09-18 14:00:00,USA,PJM Interconnection,US-MIDA-PJM,325.58,395.5,41.33,6.15,pjm.com,false,
2022-09-18 15:00:00,USA,PJM Interconnection,US-MIDA-PJM,330.24,402.31,39.53,6.21,pjm.com,false,
2022-09-18 16:00:00,USA,PJM Interconnection,US-MIDA-PJM,337.4,411.72,37.48,5.97,pjm.com,false,
2022-09-18 17:00:00,USA,PJM Interconnection,US-MIDA-PJM,337.58,412.52,37.12,7.01,pjm.com,false,
2022-09-18 18:00:00,USA,PJM Interconnection,US-MIDA-PJM,340.47,416.1,36.48,7.65,pjm.com,false,
2022-09-18 19:00:00,USA,PJM Interconnection,US-MIDA-PJM,342.34,418.51,36.03,8.47,pjm.com,false,
2022-09-18 20:00:00,USA,PJM Interconnection,US-MIDA-PJM,345.2,422.54,35.0,8.08,pjm.com,false,
2022-09-18 21:00:00,USA,PJM Interconnection,US-MIDA-PJM,353.48,431.87,33.72,7.34,pjm.com,false,
2022-09-18 22:00:00,USA,PJM Interconnection,US-MIDA-PJM,360.2,439.61,32.45,5.77,pjm.com,false,
2022-09-18 23:00:00,USA,PJM Interconnection,US-MIDA-PJM,359.2,438.18,32.75,5.37,pjm.com,false,
2022-09-19 00:00:00,USA,PJM Interconnection,US-MIDA-PJM,357.77,435.51,33.76,5.75,pjm.com,false,
2022-09-19 01:00:00,USA,PJM Interconnection,US-MIDA-PJM,354.48,430.74,34.86,5.01,pjm.com,false,
2022-09-19 02:00:00,USA,PJM Interconnection,US-MIDA-PJM,351.87,426.15,36.28,4.74,pjm.com,false,
2022-09-19 03:00:00,USA,PJM Interconnection,US-MIDA-PJM,347.84,420.42,37.75,5.06,pjm.com,false,
2022-09-19 04:00:00,USA,PJM Interconnection,US-MIDA-PJM,340.69,410.73,40.01,5.1,pjm.com,false,
2022-09-19 05:00:00,USA,PJM Interconnection,US-MIDA-PJM,335.61,405.37,40.49,4.61,pjm.com,false,
2022-09-19 06:00:00,USA,PJM Interconnection,US-MIDA-PJM,339.39,409.05,40.37,3.71,pjm.com,false,
2022-09-19 07:00:00,USA,PJM Interconnection,US-MIDA-PJM,339.24,408.73,40.52,3.25,pjm.com,false,
2022-09-19 08:00:00,USA,PJM Interconnection,US-MIDA-PJM,334.94,403.78,41.22,3.94,pjm.com,false,
2022-09-19 09:00:00,USA,PJM Interconnection,US-MIDA-PJM,335.87,405.7,40.43,3.99,pjm.com,false,
2022-09-19 10:00:00,USA,PJM Interconnection,US-MIDA-PJM,341.99,414.63,38.02,3.9,pjm.com,false,
2022-09-19 11:00:00,USA,PJM Interconnection,US-MIDA-PJM,354.59,429.43,35.74,3.13,pjm.com,false,
2022-09-19 12:00:00,USA,PJM Interconnection,US-MIDA-PJM,352.36,427.52,35.77,3.88,pjm.com,false,
2022-09-19 13:00:00,USA,PJM Interconnection,US-MIDA-PJM,354.54,429.73,35.79,4.7,pjm.com,false,
2022-09-19 14:00:00,USA,PJM Interconnection,US-MIDA-PJM,354.97,430.49,35.66,5.24,pjm.com,false,
2022-09-19 15:00:00,USA,PJM Interconnection,US-MIDA-PJM,351.45,427.7,35.4,6.58,pjm.com,false,
2022-09-19 16:00:00,USA,PJM Interconnection,US-MIDA-PJM,354.59,432.46,34.04,6.2,pjm.com,false,
2022-09-19 17:00:00,USA,PJM Interconnection,US-MIDA-PJM,355.13,433.51,33.73,6.56,pjm.com,false,
2022-09-19 18:00:00,USA,PJM Interconnection,US-MIDA-PJM,356.12,434.58,33.64,6.87,pjm.com,false,
2022-09-19 19:00:00,USA,PJM Interconnection,US-MIDA-PJM,359.92,439.25,32.97,6.84,pjm.com,false,
2022-09-19 20:00:00,USA,PJM Interconnection,US-MIDA-PJM,363.36,443.25,32.51,6.58,pjm.com,false,
2022-09-19 21:00:00,USA,PJM Interconnection,US-MIDA-PJM,367.65,447.28,32.44,6.37,pjm.com,false,
2022-09-19 22:00:00,USA,PJM Interconnection,US-MIDA-PJM,374.58,454.67,31.28,4.88,pjm.com,false,
2022-09-19 23:00:00,USA,PJM Interconnection,US-MIDA-PJM,372.61,452.65,31.35,4.19,pjm.com,false,
2022-09-20 00:00:00,USA,PJM Interconnection,US-MIDA-PJM,370.84,450.0,32.0,4.15,pjm.com,false,
2022-09-20 01:00:00,USA,PJM Interconnection,US-MIDA-PJM,365.81,443.45,33.3,3.52,pjm.com,false,
2022-09-20 02:00:00,USA,PJM Interconnection,US-MIDA-PJM,365.13,441.24,34.42,2.65,pjm.com,false,
2022-09-20 03:00:00,USA,PJM Interconnection,US-MIDA-PJM,357.42,431.85,35.95,2.45,pjm.com,false,
2022-09-20 04:00:00,USA,PJM Interconnection,US-MIDA-PJM,348.66,420.9,38.0,2.94,pjm.com,false,
2022-09-20 05:00:00,USA,PJM Interconnection,US-MIDA-PJM,341.22,412.24,39.27,3.42,pjm.com,false,
2022-09-20 06:00:00,USA,PJM Interconnection,US-MIDA-PJM,334.96,405.23,40.16,3.77,pjm.com,false,
2022-09-20 07:00:00,USA,PJM Interconnection,US-MIDA-PJM,333.49,402.04,41.51,4.06,pjm.com,false,
2022-09-20 08:00:00,USA,PJM Interconnection,US-MIDA-PJM,337.14,406.57,40.68,3.63,pjm.com,false,
2022-09-20 09:00:00,USA,PJM Interconnection,US-MIDA-PJM,341.27,412.49,39.13,3.61,pjm.com,false,
2022-09-20 10:00:00,USA,PJM Interconnection,US-MIDA-PJM,349.79,422.61,37.49,4.07,pjm.com,false,
2022-09-20 11:00:00,USA,PJM Interconnection,US-MIDA-PJM,357.09,430.87,36.4,4.13,pjm.com,false,
2022-09-20 12:00:00,USA,PJM Interconnection,US-MIDA-PJM,352.51,425.59,37.31,5.44,pjm.com,false,
2022-09-20 13:00:00,USA,PJM Interconnection,US-MIDA-PJM,352.56,426.13,37.13,5.98,pjm.com,false,
2022-09-20 14:00:00,USA,PJM Interconnection,US-MIDA-PJM,357.79,432.72,35.98,5.71,pjm.com,false,
2022-09-20 15:00:00,USA,PJM Interconnection,US-MIDA-PJM,359.3,434.9,35.42,5.96,pjm.com,false,
2022-09-20 16:00:00,USA,PJM Interconnection,US-MIDA-PJM,361.83,438.45,34.58,6.26,pjm.com,false,
2022-09-20 17:00:00,USA,PJM Interconnection,US-MIDA-PJM,360.84,438.0,34.29,7.05,pjm.com,false,
2022-09-20 18:00:00,USA,PJM Interconnection,US-MIDA-PJM,364.48,442.13,33.83,7.46,pjm.com,false,
2022-09-20 19:00:00,USA,PJM Interconnection,US-MIDA-PJM,360.77,437.94,34.43,8.62,pjm.com,false,
2022-09-20 20:00:00,USA,PJM Interconnection,US-MIDA-PJM,359.68,436.5,34.7,9.52,pjm.com,false,
2022-09-20 21:00:00,USA,PJM Interconnection,US-MIDA-PJM,363.36,440.64,34.12,9.07,pjm.com,false,
2022-09-20 22:00:00,USA,PJM Interconnection,US-MIDA-PJM,371.74,450.21,32.69,6.94,pjm.com,false,
2022-09-20 23:00:00,USA,PJM Interconnection,US-MIDA-PJM,375.26,454.21,32.07,5.58,pjm.com,false,
2022-09-21 00:00:00,USA,PJM Interconnection,US-MIDA-PJM,373.08,451.48,32.43,5.17,pjm.com,false,
2022-09-21 01:00:00,USA,PJM Interconnection,US-MIDA-PJM,368.22,445.13,33.7,5.0,pjm.com,false,
2022-09-21 02:00:00,USA,PJM Interconnection,US-MIDA-PJM,361.51,436.1,35.63,5.06,pjm.com,false,
2022-09-21 03:00:00,USA,PJM Interconnection,US-MIDA-PJM,347.86,418.87,38.86,6.23,pjm.com,false,
2022-09-21 04:00:00,USA,PJM Interconnection,US-MIDA-PJM,337.07,405.89,41.03,6.34,pjm.com,false,
2022-09-21 05:00:00,USA,PJM Interconnection,US-MIDA-PJM,329.31,396.62,42.56,6.23,pjm.com,false,
2022-09-21 06:00:00,USA,PJM Interconnection,US-MIDA-PJM,323.77,389.36,44.15,6.66,pjm.com,false,
2022-09-21 07:00:00,USA,PJM Interconnection,US-MIDA-PJM,321.25,385.98,44.94,6.7,pjm.com,false,
2022-09-21 08:00:00,USA,PJM Interconnection,US-MIDA-PJM,323.5,389.17,44.14,6.19,pjm.com,false,
2022-09-21 09:00:00,USA,PJM Interconnection,US-MIDA-PJM,329.79,397.43,42.35,5.64,pjm.com,false,
2022-09-21 10:00:00,USA,PJM Interconnection,US-MIDA-PJM,336.05,406.19,40.17,5.61,pjm.com,false,
2022-09-21 11:00:00,USA,PJM Interconnection,US-MIDA-PJM,342.82,414.07,38.98,5.82,pjm.com,false,
2022-09-21 12:00:00,USA,PJM Interconnection,US-MIDA-PJM,342.63,413.59,39.36,6.67,pjm.com,false,
2022-09-21 13:00:00,USA,PJM Interconnection,US-MIDA-PJM,343.9,415.79,38.79,6.84,pjm.com,false,
2022-09-21 14:00:00,USA,PJM Interconnection,US-MIDA-PJM,352.26,425.7,37.32,6.59,pjm.com,false,
2022-09-21 15:00:00,USA,PJM Interconnection,US-MIDA-PJM,361.1,436.06,35.78,6.33,pjm.com,false,
2022-09-21 16:00:00,USA,PJM Interconnection,US-MIDA-PJM,362.19,438.12,35.01,6.8,pjm.com,false,
2022-09-21 17:00:00,USA,PJM Interconnection,US-MIDA-PJM,359.91,435.54,35.5,8.94,pjm.com,false,
2022-09-21 18:00:00,USA,PJM Interconnection,US-MIDA-PJM,359.35,435.33,35.25,9.3,pjm.com,false,
2022-09-21 19:00:00,USA,PJM Interconnection,US-MIDA-PJM,363.1,440.27,34.18,9.12,pjm.com,false,
2022-09-21 20:00:00,USA,PJM Interconnection,US-MIDA-PJM,366.6,444.71,33.33,8.74,pjm.com,false,
2022-09-21 21:00:00,USA,PJM Interconnection,US-MIDA-PJM,372.02,450.77,32.52,8.01,pjm.com,false,
2022-09-21 22:00:00,USA,PJM Interconnection,US-MIDA-PJM,377.89,456.86,31.9,6.65,pjm.com,false,
2022-09-21 23:00:00,USA,PJM Interconnection,US-MIDA-PJM,373.02,451.05,32.76,6.59,pjm.com,false,
2022-09-22 00:00:00,USA,PJM Interconnection,US-MIDA-PJM,375.09,453.32,32.38,5.52,pjm.com,false,
2022-09-22 01:00:00,USA,PJM Interconnection,US-MIDA-PJM,369.85,446.43,33.78,5.4,pjm.com,false,
2022-09-22 02:00:00,USA,PJM Interconnection,US-MIDA-PJM,361.36,435.67,35.82,5.48,pjm.com,false,
2022-09-22 03:00:00,USA,PJM Interconnection,US-MIDA-PJM,353.27,425.36,37.78,5.83,pjm.com,false,
2022-09-22 04:00:00,USA,PJM Interconnection,US-MIDA-PJM,347.43,417.45,39.78,6.09,pjm.com,false,
2022-09-22 05:00:00,USA,PJM Interconnection,US-MIDA-PJM,334.25,402.73,41.47,6.83,pjm.com,false,
2022-09-22 06:00:00,USA,PJM Interconnection,US-MIDA-PJM,330.22,398.21,42.05,6.39,pjm.com,false,
2022-09-22 07:00:00,USA,PJM Interconnection,US-MIDA-PJM,325.77,393.1,42.8,6.2,pjm.com,false,
2022-09-22 08:00:00,USA,PJM Interconnection,US-MIDA-PJM,322.36,389.35,43.22,6.44,pjm.com,false,
2022-09-22 09:00:00,USA,PJM Interconnection,US-MIDA-PJM,326.35,395.75,41.22,5.67,pjm.com,false,
2022-09-22 10:00:00,USA,PJM Interconnection,US-MIDA-PJM,333.16,403.83,39.92,5.49,pjm.com,false,
2022-09-22 11:00:00,USA,PJM Interconnection,US-MIDA-PJM,343.7,415.86,38.27,5.6,pjm.com,false,
2022-09-22 12:00:00,USA,PJM Interconnection,US-MIDA-PJM,340.43,412.2,38.87,6.37,pjm.com,false,
2022-09-22 13:00:00,USA,PJM Interconnection,US-MIDA-PJM,335.93,407.12,39.75,7.98,pjm.com,false,
2022-09-22 14:00:00,USA,PJM Interconnection,US-MIDA-PJM,332.25,403.53,39.9,8.82,pjm.com,false,
2022-09-22 15:00:00,USA,PJM Interconnection,US-MIDA-PJM,332.09,403.63,39.7,9.19,pjm.com,false,
2022-09-22 16:00:00,USA,PJM Interconnection,US-MIDA-PJM,331.69,402.94,39.95,9.35,pjm.com,false,
2022-09-22 17:00:00,USA,PJM Interconnection,US-MIDA-PJM,328.9,399.47,40.68,10.32,pjm.com,false,
2022-09-22 18:00:00,USA,PJM Interconnection,US-MIDA-PJM,331.13,401.88,40.43,10.14,pjm.com,false,
2022-09-22 19:00:00,USA,PJM Interconnection,US-MIDA-PJM,329.79,399.45,41.31,10.42,pjm.com,false,
2022-09-22 20:00:00,USA,PJM Interconnection,US-MIDA-PJM,329.5,399.18,41.29,10.4,pjm.com,false,
2022-09-22 21:00:00,USA,PJM Interconnection,US-MIDA-PJM,329.25,398.95,41.28,10.37,pjm.com,false,
2022-09-22 22:00:00,USA,PJM Interconnection,US-MIDA-PJM,329.89,400.17,40.69,8.74,pjm.com,false,
2022-09-22 23:00:00,USA,PJM Interconnection,US-MIDA-PJM,338.87,410.94,38.82,6.57,pjm.com,false,
2022-09-23 00:00:00,USA,PJM Interconnection,US-MIDA-PJM,339.73,411.96,38.6,5.75,pjm.com,false,
2022-09-23 01:00:00,USA,PJM Interconnection,US-MIDA-PJM,336.7,407.85,39.47,4.97,pjm.com,false,
2022-09-23 02:00:00,USA,PJM Interconnection,US-MIDA-PJM,329.6,399.19,40.96,4.58,pjm.com,false,
2022-09-23 03:00:00,USA,PJM Interconnection,US-MIDA-PJM,320.75,388.24,42.96,4.64,pjm.com,false,
2022-09-23 04:00:00,USA,PJM Interconnection,US-MIDA-PJM,306.56,371.71,45.46,4.57,pjm.com,false,
2022-09-23 05:00:00,USA,PJM Interconnection,US-MIDA-PJM,296.92,360.0,47.49,4.64,pjm.com,false,
2022-09-23 06:00:00,USA,PJM Interconnection,US-MIDA-PJM,290.26,352.65,48.36,4.36,pjm.com,false,
2022-09-23 07:00:00,USA,PJM Interconnection,US-MIDA-PJM,288.33,350.56,48.56,3.96,pjm.com,false,
2022-09-23 08:00:00,USA,PJM Interconnection,US-MIDA-PJM,288.75,351.21,48.39,3.48,pjm.com,false,
2022-09-23 09:00:00,USA,PJM Interconnection,US-MIDA-PJM,294.89,359.54,46.44,3.06,pjm.com,false,
2022-09-23 10:00:00,USA,PJM Interconnection,US-MIDA-PJM,302.74,371.03,43.32,2.95,pjm.com,false,
2022-09-23 11:00:00,USA,PJM Interconnection,US-MIDA-PJM,306.78,375.51,42.83,4.02,pjm.com,false,
2022-09-23 12:00:00,USA,PJM Interconnection,US-MIDA-PJM,298.94,365.97,44.68,6.38,pjm.com,false,
2022-09-23 13:00:00,USA,PJM Interconnection,US-MIDA-PJM,289.14,354.74,46.44,8.28,pjm.com,false,
2022-09-23 14:00:00,USA,PJM Interconnection,US-MIDA-PJM,286.88,352.43,46.62,8.65,pjm.com,false,
2022-09-23 15:00:00,USA,PJM Interconnection,US-MIDA-PJM,285.59,350.29,47.31,8.93,pjm.com,false,
2022-09-23 16:00:00,USA,PJM Interconnection,US-MIDA-PJM,286.68,352.05,46.79,8.94,pjm.com,false,
2022-09-23 17:00:00,USA,PJM Interconnection,US-MIDA-PJM,289.95,355.71,46.35,8.32,pjm.com,false,
2022-09-23 18:00:00,USA,PJM Interconnection,US-MIDA-PJM,292.27,358.34,46.0,8.07,pjm.com,false,
2022-09-23 19:00:00,USA,PJM Interconnection,US-MIDA-PJM,290.79,356.73,46.2,8.11,pjm.com,false,
2022-09-23 20:00:00,USA,PJM Interconnection,US-MIDA-PJM,297.14,364.3,44.98,7.67,pjm.com,false,
2022-09-23 21:00:00,USA,PJM Interconnection,US-MIDA-PJM,297.27,364.58,44.82,7.47,pjm.com,false,
2022-09-23 22:00:00,USA,PJM Interconnection,US-MIDA-PJM,308.05,377.85,42.2,5.14,pjm.com,false,
2022-09-23 23:00:00,USA,PJM Interconnection,US-MIDA-PJM,312.95,383.55,41.23,4.17,pjm.com,false,
2022-09-24 00:00:00,USA,PJM Interconnection,US-MIDA-PJM,311.11,380.69,42.07,4.29,pjm.com,false,
2022-09-24 01:00:00,USA,PJM Interconnection,US-MIDA-PJM,310.69,380.1,42.1,3.71,pjm.com,false,
2022-09-24 02:00:00,USA,PJM Interconnection,US-MIDA-PJM,309.62,377.94,42.93,3.0,pjm.com,false,
2022-09-24 03:00:00,USA,PJM Interconnection,US-MIDA-PJM,309.53,377.02,43.56,2.42,pjm.com,false,
2022-09-24 04:00:00,USA,PJM Interconnection,US-MIDA-PJM,302.4,368.31,45.11,2.78,pjm.com,false,
2022-09-24 05:00:00,USA,PJM Interconnection,US-MIDA-PJM,299.13,364.68,45.55,2.42,pjm.com,false,
2022-09-24 06:00:00,USA,PJM Interconnection,US-MIDA-PJM,293.6,358.02,46.67,3.02,pjm.com,false,
2022-09-24 07:00:00,USA,PJM Interconnection,US-MIDA-PJM,289.19,352.66,47.61,3.48,pjm.com,false,
2022-09-24 08:00:00,USA,PJM Interconnection,US-MIDA-PJM,287.55,350.88,47.78,4.08,pjm.com,false,
2022-09-24 09:00:00,USA,PJM Interconnection,US-MIDA-PJM,287.79,350.78,48.03,3.9,pjm.com,false,
2022-09-24 10:00:00,USA,PJM Interconnection,US-MIDA-PJM,294.12,358.85,46.42,3.33,pjm.com,false,
2022-09-24 11:00:00,USA,PJM Interconnection,US-MIDA-PJM,297.63,363.07,45.76,3.53,pjm.com,false,
2022-09-24 12:00:00,USA,PJM Interconnection,US-MIDA-PJM,300.73,367.05,45.0,3.81,pjm.com,false,
2022-09-24 13:00:00,USA,PJM Interconnection,US-MIDA-PJM,303.02,370.5,44.07,4.04,pjm.com,false,
2022-09-24 14:00:00,USA,PJM Interconnection,US-MIDA-PJM,297.96,364.99,44.76,5.13,pjm.com,false,
2022-09-24 15:00:00,USA,PJM Interconnection,US-MIDA-PJM,293.26,360.43,44.98,5.88,pjm.com,false,
2022-09-24 16:00:00,USA,PJM Interconnection,US-MIDA-PJM,292.18,359.27,45.14,6.24,pjm.com,false,
2022-09-24 17:00:00,USA,PJM Interconnection,US-MIDA-PJM,292.32,359.63,45.01,6.23,pjm.com,false,
2022-09-24 18:00:00,USA,PJM Interconnection,US-MIDA-PJM,293.89,361.29,44.84,5.9,pjm.com,false,
2022-09-24 19:00:00,USA,PJM Interconnection,US-MIDA-PJM,286.63,352.35,46.48,7.33,pjm.com,false,
2022-09-24 20:00:00,USA,PJM Interconnection,US-MIDA-PJM,287.9,354.17,45.96,7.69,pjm.com,false,
2022-09-24 21:00:00,USA,PJM Interconnection,US-MIDA-PJM,285.28,351.22,46.34,8.7,pjm.com,false,
2022-09-24 22:00:00,USA,PJM Interconnection,US-MIDA-PJM,297.75,366.39,43.56,6.58,pjm.com,false,
2022-09-24 23:00:00,USA,PJM Interconnection,US-MIDA-PJM,303.29,372.2,43.16,6.88,pjm.com,false,
2022-09-25 00:00:00,USA,PJM Interconnection,US-MIDA-PJM,312.19,381.96,41.87,5.28,pjm.com,false,
2022-09-25 01:00:00,USA,PJM Interconnection,US-MIDA-PJM,313.98,384.1,41.42,3.93,pjm.com,false,
2022-09-25 02:00:00,USA,PJM Interconnection,US-MIDA-PJM,307.65,376.31,42.7,3.76,pjm.com,false,
2022-09-25 03:00:00,USA,PJM Interconnection,US-MIDA-PJM,295.66,361.8,45.17,5.51,pjm.com,false,
2022-09-25 04:00:00,USA,PJM Interconnection,US-MIDA-PJM,283.29,346.7,47.85,6.05,pjm.com,false,
2022-09-25 05:00:00,USA,PJM Interconnection,US-MIDA-PJM,274.46,335.57,50.01,7.18,pjm.com,false,
2022-09-25 06:00:00,USA,PJM Interconnection,US-MIDA-PJM,267.04,325.89,52.05,8.39,pjm.com,false,
2022-09-25 07:00:00,USA,PJM Interconnection,US-MIDA-PJM,266.91,325.9,51.96,7.86,pjm.com,false,
2022-09-25 08:00:00,USA,PJM Interconnection,US-MIDA-PJM,264.76,323.55,52.22,8.1,pjm.com,false,
2022-09-25 09:00:00,USA,PJM Interconnection,US-MIDA-PJM,266.06,325.41,51.75,7.89,pjm.com,false,
2022-09-25 10:00:00,USA,PJM Interconnection,US-MIDA-PJM,265.9,325.24,51.77,8.07,pjm.com,false,
2022-09-25 11:00:00,USA,PJM Interconnection,US-MIDA-PJM,268.05,328.4,50.93,7.66,pjm.com,false,
2022-09-25 12:00:00,USA,PJM Interconnection,US-MIDA-PJM,260.2,319.25,52.45,9.96,pjm.com,false,
2022-09-25 13:00:00,USA,PJM Interconnection,US-MIDA-PJM,262.69,323.08,51.48,10.71,pjm.com,false,
2022-09-25 14:00:00,USA,PJM Interconnection,US-MIDA-PJM,265.35,327.05,50.38,11.06,pjm.com,false,
2022-09-25 15:00:00,USA,PJM Interconnection,US-MIDA-PJM,265.6,327.43,50.3,11.47,pjm.com,false,
2022-09-25 16:00:00,USA,PJM Interconnection,US-MIDA-PJM,268.46,331.55,49.22,11.22,pjm.com,false,
2022-09-25 17:00:00,USA,PJM Interconnection,US-MIDA-PJM,269.48,332.94,48.9,11.64,pjm.com,false,
2022-09-25 18:00:00,USA,PJM Interconnection,US-MIDA-PJM,267.37,330.79,49.09,12.31,pjm.com,false,
2022-09-25 19:00:00,USA,PJM Interconnection,US-MIDA-PJM,269.74,333.68,48.55,12.16,pjm.com,false,
2022-09-25 20:00:00,USA,PJM Interconnection,US-MIDA-PJM,271.85,336.39,47.99,12.12,pjm.com,false,
2022-09-25 21:00:00,USA,PJM Interconnection,US-MIDA-PJM,269.95,334.3,48.24,12.63,pjm.com,false,
2022-09-25 22:00:00,USA,PJM Interconnection,US-MIDA-PJM,277.49,343.47,46.58,11.0,pjm.com,false,
2022-09-25 23:00:00,USA,PJM Interconnection,US-MIDA-PJM,286.91,354.81,44.74,9.92,pjm.com,false,
2022-09-26 00:00:00,USA,PJM Interconnection,US-MIDA-PJM,297.82,366.53,43.49,8.39,pjm.com,false,
2022-09-26 01:00:00,USA,PJM Interconnection,US-MIDA-PJM,296.58,364.49,43.92,7.6,pjm.com,false,
2022-09-26 02:00:00,USA,PJM Interconnection,US-MIDA-PJM,289.74,355.92,45.45,7.08,pjm.com,false,
2022-09-26 03:00:00,USA,PJM Interconnection,US-MIDA-PJM,285.71,350.46,46.73,7.32,pjm.com,false,
2022-09-26 04:00:00,USA,PJM Interconnection,US-MIDA-PJM,280.16,343.23,48.28,6.96,pjm.com,false,
2022-09-26 05:00:00,USA,PJM Interconnection,US-MIDA-PJM,279.52,341.8,48.92,6.4,pjm.com,false,
2022-09-26 06:00:00,USA,PJM Interconnection,US-MIDA-PJM,274.9,336.16,49.92,6.84,pjm.com,false,
2022-09-26 07:00:00,USA,PJM Interconnection,US-MIDA-PJM,269.65,329.37,51.33,7.64,pjm.com,false,
2022-09-26 08:00:00,USA,PJM Interconnection,US-MIDA-PJM,275.68,337.16,49.71,7.84,pjm.com,false,
2022-09-26 09:00:00,USA,PJM Interconnection,US-MIDA-PJM,279.93,342.98,48.31,7.94,pjm.com,false,
2022-09-26 10:00:00,USA,PJM Interconnection,US-MIDA-PJM,288.2,354.13,45.76,7.92,pjm.com,false,
2022-09-26 11:00:00,USA,PJM Interconnection,US-MIDA-PJM,292.14,359.42,44.61,8.64,pjm.com,false,
2022-09-26 12:00:00,USA,PJM Interconnection,US-MIDA-PJM,290.04,356.68,45.36,9.99,pjm.com,false,
2022-09-26 13:00:00,USA,PJM Interconnection,US-MIDA-PJM,290.11,357.16,45.23,10.54,pjm.com,false,
2022-09-26 14:00:00,USA,PJM Interconnection,US-MIDA-PJM,285.42,351.52,46.19,12.18,pjm.com,false,
2022-09-26 15:00:00,USA,PJM Interconnection,US-MIDA-PJM,286.68,353.29,45.72,12.28,pjm.com,false,
2022-09-26 16:00:00,USA,PJM Interconnection,US-MIDA-PJM,288.02,354.76,45.53,12.55,pjm.com,false,
2022-09-26 17:00:00,USA,PJM Interconnection,US-MIDA-PJM,288.2,354.41,45.96,13.32,pjm.com,false,
2022-09-26 18:00:00,USA,PJM Interconnection,US-MIDA-PJM,287.21,353.11,46.3,13.72,pjm.com,false,
2022-09-26 19:00:00,USA,PJM Interconnection,US-MIDA-PJM,283.76,349.36,46.75,14.46,pjm.com,false,
2022-09-26 20:00:00,USA,PJM Interconnection,US-MIDA-PJM,284.54,350.65,46.33,14.06,pjm.com,false,
2022-09-26 21:00:00,USA,PJM Interconnection,US-MIDA-PJM,290.89,358.23,45.05,13.21,pjm.com,false,
2022-09-26 22:00:00,USA,PJM Interconnection,US-MIDA-PJM,300.6,369.24,43.5,11.24,pjm.com,false,
2022-09-26 23:00:00,USA,PJM Interconnection,US-MIDA-PJM,311.41,381.68,41.72,9.07,pjm.com,false,
2022-09-27 00:00:00,USA,PJM Interconnection,US-MIDA-PJM,313.92,385.22,40.75,7.8,pjm.com,false,
2022-09-27 01:00:00,USA,PJM Interconnection,US-MIDA-PJM,311.97,382.58,41.22,6.74,pjm.com,false,
2022-09-27 02:00:00,USA,PJM Interconnection,US-MIDA-PJM,311.06,380.88,41.74,5.5,pjm.com,false,
2022-09-27 03:00:00,USA,PJM Interconnection,US-MIDA-PJM,310.31,379.45,42.25,4.34,pjm.com,false,
2022-09-27 04:00:00,USA,PJM Interconnection,US-MIDA-PJM,303.56,370.98,43.88,3.97,pjm.com,false,
2022-09-27 05:00:00,USA,PJM Interconnection,US-MIDA-PJM,298.51,365.48,44.47,3.91,pjm.com,false,
2022-09-27 06:00:00,USA,PJM Interconnection,US-MIDA-PJM,295.18,361.38,45.21,4.35,pjm.com,false,
2022-09-27 07:00:00,USA,PJM Interconnection,US-MIDA-PJM,291.91,357.58,45.77,4.56,pjm.com,false,
2022-09-27 08:00:00,USA,PJM Interconnection,US-MIDA-PJM,292.82,359.0,45.36,4.5,pjm.com,false,
2022-09-27 09:00:00,USA,PJM Interconnection,US-MIDA-PJM,295.5,362.44,44.65,4.63,pjm.com,false,
2022-09-27 10:00:00,USA,PJM Interconnection,US-MIDA-PJM,298.67,367.37,43.24,5.78,pjm.com,false,
2022-09-27 11:00:00,USA,PJM Interconnection,US-MIDA-PJM,308.2,378.74,41.41,5.98,pjm.com,false,
2022-09-27 12:00:00,USA,PJM Interconnection,US-MIDA-PJM,306.42,376.55,41.89,6.75,pjm.com,false,
2022-09-27 13:00:00,USA,PJM Interconnection,US-MIDA-PJM,311.43,382.33,41.24,6.63,pjm.com,false,
2022-09-27 14:00:00,USA,PJM Interconnection,US-MIDA-PJM,308.0,378.15,42.04,7.42,pjm.com,false,
2022-09-27 15:00:00,USA,PJM Interconnection,US-MIDA-PJM,297.84,365.79,44.21,9.18,pjm.com,false,
2022-09-27 16:00:00,USA,PJM Interconnection,US-MIDA-PJM,290.04,357.18,45.15,10.68,pjm.com,false,
2022-09-27 17:00:00,USA,PJM Interconnection,US-MIDA-PJM,291.01,358.48,44.86,10.88,pjm.com,false,
2022-09-27 18:00:00,USA,PJM Interconnection,US-MIDA-PJM,289.27,356.22,45.35,11.34,pjm.com,false,
2022-09-27 19:00:00,USA,PJM Interconnection,US-MIDA-PJM,289.72,357.02,45.08,11.46,pjm.com,false,
2022-09-27 20:00:00,USA,PJM Interconnection,US-MIDA-PJM,290.36,357.73,45.04,11.63,pjm.com,false,
2022-09-27 21:00:00,USA,PJM Interconnection,US-MIDA-PJM,291.07,358.91,44.61,11.24,pjm.com,false,
2022-09-27 22:00:00,USA,PJM Interconnection,US-MIDA-PJM,301.87,371.1,42.92,9.2,pjm.com,false,
2022-09-27 23:00:00,USA,PJM Interconnection,US-MIDA-PJM,315.25,386.91,40.38,7.43,pjm.com,false,
2022-09-28 00:00:00,USA,PJM Interconnection,US-MIDA-PJM,314.86,386.07,40.73,7.42,pjm.com,false,
2022-09-28 01:00:00,USA,PJM Interconnection,US-MIDA-PJM,312.45,383.05,41.22,6.55,pjm.com,false,
2022-09-28 02:00:00,USA,PJM Interconnection,US-MIDA-PJM,302.97,371.89,42.87,6.03,pjm.com,false,
2022-09-28 03:00:00,USA,PJM Interconnection,US-MIDA-PJM,295.67,362.89,44.48,5.67,pjm.com,false,
2022-09-28 04:00:00,USA,PJM Interconnection,US-MIDA-PJM,292.41,358.49,45.45,4.92,pjm.com,false,
2022-09-28 05:00:00,USA,PJM Interconnection,US-MIDA-PJM,289.47,354.91,46.08,4.9,pjm.com,false,
2022-09-28 06:00:00,USA,PJM Interconnection,US-MIDA-PJM,287.65,352.19,46.85,4.87,pjm.com,false,
2022-09-28 07:00:00,USA,PJM Interconnection,US-MIDA-PJM,285.43,349.24,47.52,4.85,pjm.com,false,
2022-09-28 08:00:00,USA,PJM Interconnection,US-MIDA-PJM,284.04,348.16,47.37,5.0,pjm.com,false,
2022-09-28 09:00:00,USA,PJM Interconnection,US-MIDA-PJM,286.12,351.81,46.14,5.29,pjm.com,false,
2022-09-28 10:00:00,USA,PJM Interconnection,US-MIDA-PJM,294.12,363.12,43.31,5.46,pjm.com,false,
2022-09-28 11:00:00,USA,PJM Interconnection,US-MIDA-PJM,303.42,375.09,40.9,5.5,pjm.com,false,
2022-09-28 12:00:00,USA,PJM Interconnection,US-MIDA-PJM,312.03,384.43,39.94,5.48,pjm.com,false,
2022-09-28 13:00:00,USA,PJM Interconnection,US-MIDA-PJM,313.72,385.86,40.19,5.67,pjm.com,false,
2022-09-28 14:00:00,USA,PJM Interconnection,US-MIDA-PJM,312.31,383.59,40.96,6.24,pjm.com,false,
2022-09-28 15:00:00,USA,PJM Interconnection,US-MIDA-PJM,313.59,384.53,41.18,6.21,pjm.com,false,
2022-09-28 16:00:00,USA,PJM Interconnection,US-MIDA-PJM,315.13,386.32,40.95,6.16,pjm.com,false,
2022-09-28 17:00:00,USA,PJM Interconnection,US-MIDA-PJM,319.31,390.67,40.58,6.01,pjm.com,false,
2022-09-28 18:00:00,USA,PJM Interconnection,US-MIDA-PJM,321.08,392.96,40.11,5.95,pjm.com,false,
2022-09-28 19:00:00,USA,PJM Interconnection,US-MIDA-PJM,321.37,393.16,40.18,6.04,pjm.com,false,
2022-09-28 20:00:00,USA,PJM Interconnection,US-MIDA-PJM,322.61,394.66,39.93,6.02,pjm.com,false,
2022-09-28 21:00:00,USA,PJM Interconnection,US-MIDA-PJM,321.73,393.99,39.77,6.18,pjm.com,false,
2022-09-28 22:00:00,USA,PJM Interconnection,US-MIDA-PJM,324.69,397.78,38.89,5.37,pjm.com,false,
2022-09-28 23:00:00,USA,PJM Interconnection,US-MIDA-PJM,326.62,400.2,38.43,5.56,pjm.com,false,
2022-09-29 00:00:00,USA,PJM Interconnection,US-MIDA-PJM,327.89,401.66,38.16,5.25,pjm.com,false,
2022-09-29 01:00:00,USA,PJM Interconnection,US-MIDA-PJM,328.57,401.52,38.6,4.55,pjm.com,false,
2022-09-29 02:00:00,USA,PJM Interconnection,US-MIDA-PJM,328.17,400.3,39.17,3.94,pjm.com,false,
2022-09-29 03:00:00,USA,PJM Interconnection,US-MIDA-PJM,320.84,391.57,40.56,4.28,pjm.com,false,
2022-09-29 04:00:00,USA,PJM Interconnection,US-MIDA-PJM,316.68,386.23,41.67,3.88,pjm.com,false,
2022-09-29 05:00:00,USA,PJM Interconnection,US-MIDA-PJM,310.23,378.9,42.65,3.62,pjm.com,false,
2022-09-29 06:00:00,USA,PJM Interconnection,US-MIDA-PJM,310.27,378.85,42.73,3.41,pjm.com,false,
2022-09-29 07:00:00,USA,PJM Interconnection,US-MIDA-PJM,311.95,380.82,42.44,2.93,pjm.com,false,
2022-09-29 08:00:00,USA,PJM Interconnection,US-MIDA-PJM,315.15,384.68,41.81,2.48,pjm.com,false,
2022-09-29 09:00:00,USA,PJM Interconnection,US-MIDA-PJM,319.31,390.28,40.53,2.11,pjm.com,false,
2022-09-29 10:00:00,USA,PJM Interconnection,US-MIDA-PJM,327.3,400.83,38.29,3.14,pjm.com,false,
2022-09-29 11:00:00,USA,PJM Interconnection,US-MIDA-PJM,337.76,412.19,37.13,3.93,pjm.com,false,
2022-09-29 12:00:00,USA,PJM Interconnection,US-MIDA-PJM,341.52,416.55,36.49,3.94,pjm.com,false,
2022-09-29 13:00:00,USA,PJM Interconnection,US-MIDA-PJM,334.08,408.58,37.39,4.69,pjm.com,false,
2022-09-29 14:00:00,USA,PJM Interconnection,US-MIDA-PJM,330.22,404.55,37.74,4.72,pjm.com,false,
2022-09-29 15:00:00,USA,PJM Interconnection,US-MIDA-PJM,326.49,399.69,38.83,5.53,pjm.com,false,
2022-09-29 16:00:00,USA,PJM Interconnection,US-MIDA-PJM,330.24,403.85,38.32,5.16,pjm.com,false,
2022-09-29 17:00:00,USA,PJM Interconnection,US-MIDA-PJM,334.49,408.29,37.95,4.87,pjm.com,false,
2022-09-29 18:00:00,USA,PJM Interconnection,US-MIDA-PJM,331.7,404.48,38.87,5.35,pjm.com,false,
2022-09-29 19:00:00,USA,PJM Interconnection,US-MIDA-PJM,335.32,408.83,38.11,4.96,pjm.com,false,
2022-09-29 20:00:00,USA,PJM Interconnection,US-MIDA-PJM,332.97,406.38,38.36,5.49,pjm.com,false,
2022-09-29 21:00:00,USA,PJM Interconnection,US-MIDA-PJM,335.89,410.18,37.51,4.91,pjm.com,false,
2022-09-29 22:00:00,USA,PJM Interconnection,US-MIDA-PJM,336.38,410.52,37.59,4.99,pjm.com,false,
2022-09-29 23:00:00,USA,PJM Interconnection,US-MIDA-PJM,336.1,410.54,37.37,5.32,pjm.com,false,
2022-09-30 00:00:00,USA,PJM Interconnection,US-MIDA-PJM,337.27,412.01,37.01,4.83,pjm.com,false,
2022-09-30 01:00:00,USA,PJM Interconnection,US-MIDA-PJM,336.8,411.14,37.16,3.95,pjm.com,false,
2022-09-30 02:00:00,USA,PJM Interconnection,US-MIDA-PJM,333.43,406.27,38.36,3.82,pjm.com,false,
2022-09-30 03:00:00,USA,PJM Interconnection,US-MIDA-PJM,324.61,395.35,40.36,4.83,pjm.com,false,
2022-09-30 04:00:00,USA,PJM Interconnection,US-MIDA-PJM,313.76,382.85,42.15,5.12,pjm.com,false,
2022-09-30 05:00:00,USA,PJM Interconnection,US-MIDA-PJM,309.96,378.78,42.55,4.78,pjm.com,false,
2022-09-30 06:00:00,USA,PJM Interconnection,US-MIDA-PJM,308.37,377.28,42.59,4.43,pjm.com,false,
2022-09-30 07:00:00,USA,PJM Interconnection,US-MIDA-PJM,307.18,376.35,42.41,4.1,pjm.com,false,
2022-09-30 08:00:00,USA,PJM Interconnection,US-MIDA-PJM,309.62,379.53,41.75,3.53,pjm.com,false,
2022-09-30 09:00:00,USA,PJM Interconnection,US-MIDA-PJM,314.81,386.46,40.18,3.35,pjm.com,false,
2022-09-30 10:00:00,USA,PJM Interconnection,US-MIDA-PJM,319.46,392.85,38.7,3.74,pjm.com,false,
2022-09-30 11:00:00,USA,PJM Interconnection,US-MIDA-PJM,325.29,399.59,37.81,4.67,pjm.com,false,
2022-09-30 12:00:00,USA,PJM Interconnection,US-MIDA-PJM,323.81,398.12,37.94,5.26,pjm.com,false,
2022-09-30 13:00:00,USA,PJM Interconnection,US-MIDA-PJM,328.56,403.34,37.43,5.18,pjm.com,false,
2022-09-30 14:00:00,USA,PJM Interconnection,US-MIDA-PJM,333.25,408.21,37.14,4.97,pjm.com,false,
2022-09-30 15:00:00,USA,PJM Interconnection,US-MIDA-PJM,333.45,408.21,37.26,4.93,pjm.com,false,
2022-09-30 16:00:00,USA,PJM Interconnection,US-MIDA-PJM,332.42,406.56,37.87,4.91,pjm.com,false,
2022-09-30 17:00:00,USA,PJM Interconnection,US-MIDA-PJM,333.48,407.67,37.56,4.96,pjm.com,false,
2022-09-30 18:00:00,USA,PJM Interconnection,US-MIDA-PJM,335.19,409.6,37.31,4.83,pjm.com,false,
2022-09-30 19:00:00,USA,PJM Interconnection,US-MIDA-PJM,334.2,408.25,37.63,4.86,pjm.com,false,
2022-09-30 20:00:00,USA,PJM Interconnection,US-MIDA-PJM,333.95,407.87,37.74,5.01,pjm.com,false,
2022-09-30 21:00:00,USA,PJM Interconnection,US-MIDA-PJM,331.22,404.62,38.29,5.59,pjm.com,false,
2022-09-30 22:00:00,USA,PJM Interconnection,US-MIDA-PJM,328.22,401.71,38.37,5.78,pjm.com,false,
2022-09-30 23:00:00,USA,PJM Interconnection,US-MIDA-PJM,326.07,399.66,38.4,5.94,pjm.com,false,
2022-10-01 00:00:00,USA,PJM Interconnection,US-MIDA-PJM,325.29,399.17,38.15,5.71,pjm.com,false,
2022-10-01 01:00:00,USA,PJM Interconnection,US-MIDA-PJM,321.15,393.43,39.56,5.87,pjm.com,false,
2022-10-01 02:00:00,USA,PJM Interconnection,US-MIDA-PJM,312.32,383.18,41.03,6.42,pjm.com,false,
2022-10-01 03:00:00,USA,PJM Interconnection,US-MIDA-PJM,305.1,375.39,41.83,6.33,pjm.com,false,
2022-10-01 04:00:00,USA,PJM Interconnection,US-MIDA-PJM,258.28,323.18,48.14,6.15,pjm.com,false,
2022-10-01 05:00:00,USA,PJM Interconnection,US-MIDA-PJM,255.33,319.64,48.76,6.01,pjm.com,false,
2022-10-01 06:00:00,USA,PJM Interconnection,US-MIDA-PJM,255.38,319.74,48.72,6.01,pjm.com,false,
2022-10-01 07:00:00,USA,PJM Interconnection,US-MIDA-PJM,255.44,319.82,48.7,6.01,pjm.com,false,
2022-10-01 08:00:00,USA,PJM Interconnection,US-MIDA-PJM,250.51,315.79,48.33,5.58,pjm.com,false,
2022-10-01 09:00:00,USA,PJM Interconnection,US-MIDA-PJM,288.22,356.9,43.8,5.9,pjm.com,false,
2022-10-01 10:00:00,USA,PJM Interconnection,US-MIDA-PJM,292.76,362.22,42.98,5.45,pjm.com,false,
2022-10-01 11:00:00,USA,PJM Interconnection,US-MIDA-PJM,297.66,368.46,41.71,5.09,pjm.com,false,
2022-10-01 12:00:00,USA,PJM Interconnection,US-MIDA-PJM,296.86,368.4,41.3,5.77,pjm.com,false,
2022-10-01 13:00:00,USA,PJM Interconnection,US-MIDA-PJM,301.51,374.59,39.96,5.58,pjm.com,false,
2022-10-01 14:00:00,USA,PJM Interconnection,US-MIDA-PJM,306.98,381.08,38.99,5.2,pjm.com,false,
2022-10-01 15:00:00,USA,PJM Interconnection,US-MIDA-PJM,302.48,375.77,39.84,5.95,pjm.com,false,
2022-10-01 16:00:00,USA,PJM Interconnection,US-MIDA-PJM,299.16,371.65,40.62,6.9,pjm.com,false,
2022-10-01 17:00:00,USA,PJM Interconnection,US-MIDA-PJM,298.97,371.46,40.64,7.12,pjm.com,false,
2022-10-01 18:00:00,USA,PJM Interconnection,US-MIDA-PJM,297.61,369.67,41.05,7.29,pjm.com,false,
2022-10-01 19:00:00,USA,PJM Interconnection,US-MIDA-PJM,298.07,370.39,40.8,7.3,pjm.com,false,
2022-10-01 20:00:00,USA,PJM Interconnection,US-MIDA-PJM,294.61,366.21,41.49,7.61,pjm.com,false,
2022-10-01 21:00:00,USA,PJM Interconnection,US-MIDA-PJM,293.8,365.55,41.4,7.87,pjm.com,false,
2022-10-01 22:00:00,USA,PJM Interconnection,US-MIDA-PJM,287.95,358.96,42.36,9.14,pjm.com,false,
2022-10-01 23:00:00,USA,PJM Interconnection,US-MIDA-PJM,295.71,368.01,40.94,8.27,pjm.com,false,
2022-10-02 00:00:00,USA,PJM Interconnection,US-MIDA-PJM,290.33,361.08,42.33,8.78,pjm.com,false,
2022-10-02 01:00:00,USA,PJM Interconnection,US-MIDA-PJM,289.95,360.49,42.34,8.28,pjm.com,false,
2022-10-02 02:00:00,USA,PJM Interconnection,US-MIDA-PJM,287.22,356.63,43.23,7.72,pjm.com,false,
2022-10-02 03:00:00,USA,PJM Interconnection,US-MIDA-PJM,279.97,347.81,44.78,8.28,pjm.com,false,
2022-10-02 04:00:00,USA,PJM Interconnection,US-MIDA-PJM,275.15,341.45,46.22,8.15,pjm.com,false,
2022-10-02 05:00:00,USA,PJM Interconnection,US-MIDA-PJM,274.82,341.03,46.32,7.65,pjm.com,false,
2022-10-02 06:00:00,USA,PJM Interconnection,US-MIDA-PJM,271.77,336.98,47.22,7.45,pjm.com,false,
2022-10-02 07:00:00,USA,PJM Interconnection,US-MIDA-PJM,274.06,339.47,46.96,7.06,pjm.com,false,
2022-10-02 08:00:00,USA,PJM Interconnection,US-MIDA-PJM,275.75,341.34,46.74,6.64,pjm.com,false,
2022-10-02 09:00:00,USA,PJM Interconnection,US-MIDA-PJM,276.77,343.06,46.18,6.37,pjm.com,false,
2022-10-02 10:00:00,USA,PJM Interconnection,US-MIDA-PJM,277.39,344.31,45.67,6.37,pjm.com,false,
2022-10-02 11:00:00,USA,PJM Interconnection,US-MIDA-PJM,280.56,348.85,44.49,5.98,pjm.com,false,
2022-10-02 12:00:00,USA,PJM Interconnection,US-MIDA-PJM,280.36,348.75,44.47,6.2,pjm.com,false,
2022-10-02 13:00:00,USA,PJM Interconnection,US-MIDA-PJM,287.01,357.27,42.78,5.61,pjm.com,false,
2022-10-02 14:00:00,USA,PJM Interconnection,US-MIDA-PJM,292.55,363.99,41.66,5.45,pjm.com,false,
2022-10-02 15:00:00,USA,PJM Interconnection,US-MIDA-PJM,293.72,366.01,41.05,5.6,pjm.com,false,
2022-10-02 16:00:00,USA,PJM Interconnection,US-MIDA-PJM,293.5,365.84,41.06,6.06,pjm.com,false,
2022-10-02 17:00:00,USA,PJM Interconnection,US-MIDA-PJM,288.87,359.92,42.26,6.99,pjm.com,false,
2022-10-02 18:00:00,USA,PJM Interconnection,US-MIDA-PJM,289.78,361.31,41.81,6.89,pjm.com,false,
2022-10-02 19:00:00,USA,PJM Interconnection,US-MIDA-PJM,288.98,360.26,42.0,7.15,pjm.com,false,
2022-10-02 20:00:00,USA,PJM Interconnection,US-MIDA-PJM,290.34,361.73,41.91,7.2,pjm.com,false,
2022-10-02 21:00:00,USA,PJM Interconnection,US-MIDA-PJM,287.15,358.39,42.27,8.25,pjm.com,false,
2022-10-02 22:00:00,USA,PJM Interconnection,US-MIDA-PJM,289.99,362.46,41.24,8.32,pjm.com,false,
2022-10-02 23:00:00,USA,PJM Interconnection,US-MIDA-PJM,298.21,371.81,39.99,7.67,pjm.com,false,
2022-10-03 00:00:00,USA,PJM Interconnection,US-MIDA-PJM,295.24,367.85,40.82,8.3,pjm.com,false,
2022-10-03 01:00:00,USA,PJM Interconnection,US-MIDA-PJM,291.34,363.72,40.96,6.98,pjm.com,false,
2022-10-03 02:00:00,USA,PJM Interconnection,US-MIDA-PJM,289.82,361.47,41.5,6.18,pjm.com,false,
2022-10-03 03:00:00,USA,PJM Interconnection,US-MIDA-PJM,285.31,354.88,43.32,6.58,pjm.com,false,
2022-10-03 04:00:00,USA,PJM Interconnection,US-MIDA-PJM,281.7,350.3,44.21,6.53,pjm.com,false,
2022-10-03 05:00:00,USA,PJM Interconnection,US-MIDA-PJM,282.53,350.93,44.32,6.21,pjm.com,false,
2022-10-03 06:00:00,USA,PJM Interconnection,US-MIDA-PJM,283.01,351.72,44.09,5.71,pjm.com,false,
2022-10-03 07:00:00,USA,PJM Interconnection,US-MIDA-PJM,286.38,355.62,43.53,5.46,pjm.com,false,
2022-10-03 08:00:00,USA,PJM Interconnection,US-MIDA-PJM,289.53,359.78,42.63,4.82,pjm.com,false,
2022-10-03 09:00:00,USA,PJM Interconnection,US-MIDA-PJM,293.88,365.83,41.16,4.16,pjm.com,false,
2022-10-03 10:00:00,USA,PJM Interconnection,US-MIDA-PJM,305.4,381.02,37.84,3.91,pjm.com,false,
2022-10-03 11:00:00,USA,PJM Interconnection,US-MIDA-PJM,307.1,383.12,37.54,5.32,pjm.com,false,
2022-10-03 12:00:00,USA,PJM Interconnection,US-MIDA-PJM,310.25,387.07,36.76,4.77,pjm.com,false,
2022-10-03 13:00:00,USA,PJM Interconnection,US-MIDA-PJM,312.68,389.91,36.4,4.55,pjm.com,false,
2022-10-03 14:00:00,USA,PJM Interconnection,US-MIDA-PJM,319.52,397.21,35.85,4.04,pjm.com,false,
2022-10-03 15:00:00,USA,PJM Interconnection,US-MIDA-PJM,319.57,396.7,36.23,4.37,pjm.com,false,
2022-10-03 16:00:00,USA,PJM Interconnection,US-MIDA-PJM,321.03,398.41,35.93,4.07,pjm.com,false,
2022-10-03 17:00:00,USA,PJM Interconnection,US-MIDA-PJM,320.26,397.67,35.93,4.1,pjm.com,false,
2022-10-03 18:00:00,USA,PJM Interconnection,US-MIDA-PJM,320.79,398.33,35.81,4.05,pjm.com,false,
2022-10-03 19:00:00,USA,PJM Interconnection,US-MIDA-PJM,320.68,398.29,35.76,4.02,pjm.com,false,
2022-10-03 20:00:00,USA,PJM Interconnection,US-MIDA-PJM,320.57,398.18,35.77,4.03,pjm.com,false,
2022-10-03 21:00:00,USA,PJM Interconnection,US-MIDA-PJM,317.28,394.41,36.35,5.04,pjm.com,false,
2022-10-03 22:00:00,USA,PJM Interconnection,US-MIDA-PJM,315.17,392.01,36.66,5.35,pjm.com,false,
2022-10-03 23:00:00,USA,PJM Interconnection,US-MIDA-PJM,315.95,393.39,36.2,5.16,pjm.com,false,
2022-10-04 00:00:00,USA,PJM Interconnection,US-MIDA-PJM,317.53,394.8,36.18,4.89,pjm.com,false,
2022-10-04 01:00:00,USA,PJM Interconnection,US-MIDA-PJM,320.76,398.12,35.81,3.29,pjm.com,false,
2022-10-04 02:00:00,USA,PJM Interconnection,US-MIDA-PJM,314.26,390.0,37.24,2.93,pjm.com,false,
2022-10-04 03:00:00,USA,PJM Interconnection,US-MIDA-PJM,306.69,381.47,38.31,3.07,pjm.com,false,
2022-10-04 04:00:00,USA,PJM Interconnection,US-MIDA-PJM,299.23,372.37,39.93,3.21,pjm.com,false,
2022-10-04 05:00:00,USA,PJM Interconnection,US-MIDA-PJM,297.37,370.28,40.21,3.09,pjm.com,false,
2022-10-04 06:00:00,USA,PJM Interconnection,US-MIDA-PJM,291.07,363.25,41.09,2.82,pjm.com,false,
2022-10-04 07:00:00,USA,PJM Interconnection,US-MIDA-PJM,293.0,365.72,40.59,2.41,pjm.com,false,
2022-10-04 08:00:00,USA,PJM Interconnection,US-MIDA-PJM,294.67,367.78,40.22,2.32,pjm.com,false,
2022-10-04 09:00:00,USA,PJM Interconnection,US-MIDA-PJM,299.22,373.61,39.04,2.13,pjm.com,false,
2022-10-04 10:00:00,USA,PJM Interconnection,US-MIDA-PJM,304.05,379.88,37.78,3.18,pjm.com,false,
2022-10-04 11:00:00,USA,PJM Interconnection,US-MIDA-PJM,305.66,382.07,37.38,4.64,pjm.com,false,
2022-10-04 12:00:00,USA,PJM Interconnection,US-MIDA-PJM,307.73,384.4,37.09,4.67,pjm.com,false,
2022-10-04 13:00:00,USA,PJM Interconnection,US-MIDA-PJM,303.36,378.9,38.31,5.6,pjm.com,false,
2022-10-04 14:00:00,USA,PJM Interconnection,US-MIDA-PJM,307.22,383.43,37.71,5.14,pjm.com,false,
2022-10-04 15:00:00,USA,PJM Interconnection,US-MIDA-PJM,311.35,388.28,36.94,4.67,pjm.com,false,
2022-10-04 16:00:00,USA,PJM Interconnection,US-MIDA-PJM,313.63,390.81,36.57,4.09,pjm.com,false,
2022-10-04 17:00:00,USA,PJM Interconnection,US-MIDA-PJM,314.1,391.29,36.51,4.21,pjm.com,false,
2022-10-04 18:00:00,USA,PJM Interconnection,US-MIDA-PJM,314.93,392.23,36.35,3.82,pjm.com,false,
2022-10-04 19:00:00,USA,PJM Interconnection,US-MIDA-PJM,316.39,393.65,36.27,3.74,pjm.com,false,
2022-10-04 20:00:00,USA,PJM Interconnection,US-MIDA-PJM,313.96,391.24,36.41,4.25,pjm.com,false,
2022-10-04 21:00:00,USA,PJM Interconnection,US-MIDA-PJM,310.53,387.42,36.95,5.21,pjm.com,false,
2022-10-04 22:00:00,USA,PJM Interconnection,US-MIDA-PJM,309.61,386.44,37.01,5.26,pjm.com,false,
2022-10-04 23:00:00,USA,PJM Interconnection,US-MIDA-PJM,309.84,386.86,36.87,5.48,pjm.com,false,
2022-10-05 00:00:00,USA,PJM Interconnection,US-MIDA-PJM,315.14,392.49,36.22,4.01,pjm.com,false,
2022-10-05 01:00:00,USA,PJM Interconnection,US-MIDA-PJM,318.57,395.86,36.01,3.11,pjm.com,false,
2022-10-05 02:00:00,USA,PJM Interconnection,US-MIDA-PJM,316.06,391.9,37.09,2.44,pjm.com,false,
2022-10-05 03:00:00,USA,PJM Interconnection,US-MIDA-PJM,312.73,387.48,38.07,2.52,pjm.com,false,
2022-10-05 04:00:00,USA,PJM Interconnection,US-MIDA-PJM,307.59,380.85,39.39,2.49,pjm.com,false,
2022-10-05 05:00:00,USA,PJM Interconnection,US-MIDA-PJM,301.14,373.5,40.39,2.58,pjm.com,false,
2022-10-05 06:00:00,USA,PJM Interconnection,US-MIDA-PJM,294.67,366.66,41.0,2.55,pjm.com,false,
2022-10-05 07:00:00,USA,PJM Interconnection,US-MIDA-PJM,293.1,365.06,41.1,2.69,pjm.com,false,
2022-10-05 08:00:00,USA,PJM Interconnection,US-MIDA-PJM,295.35,368.31,40.25,2.45,pjm.com,false,
2022-10-05 09:00:00,USA,PJM Interconnection,US-MIDA-PJM,297.28,369.59,40.63,2.73,pjm.com,false,
2022-10-05 10:00:00,USA,PJM Interconnection,US-MIDA-PJM,302.61,376.66,39.2,4.13,pjm.com,false,
2022-10-05 11:00:00,USA,PJM Interconnection,US-MIDA-PJM,312.96,388.66,37.51,4.5,pjm.com,false,
2022-10-05 12:00:00,USA,PJM Interconnection,US-MIDA-PJM,318.66,395.19,36.55,3.8,pjm.com,false,
2022-10-05 13:00:00,USA,PJM Interconnection,US-MIDA-PJM,318.57,395.2,36.53,3.9,pjm.com,false,
2022-10-05 14:00:00,USA,PJM Interconnection,US-MIDA-PJM,317.29,393.92,36.67,3.87,pjm.com,false,
2022-10-05 15:00:00,USA,PJM Interconnection,US-MIDA-PJM,317.25,393.7,36.83,3.7,pjm.com,false,
2022-10-05 16:00:00,USA,PJM Interconnection,US-MIDA-PJM,319.86,396.85,36.29,3.42,pjm.com,false,
2022-10-05 17:00:00,USA,PJM Interconnection,US-MIDA-PJM,318.96,395.92,36.34,3.67,pjm.com,false,
2022-10-05 18:00:00,USA,PJM Interconnection,US-MIDA-PJM,318.94,395.92,36.31,3.87,pjm.com,false,
2022-10-05 19:00:00,USA,PJM Interconnection,US-MIDA-PJM,313.4,388.94,37.73,5.07,pjm.com,false,
2022-10-05 20:00:00,USA,PJM Interconnection,US-MIDA-PJM,311.77,386.72,38.3,5.61,pjm.com,false,
2022-10-05 21:00:00,USA,PJM Interconnection,US-MIDA-PJM,307.3,381.36,39.3,7.07,pjm.com,false,
2022-10-05 22:00:00,USA,PJM Interconnection,US-MIDA-PJM,312.23,387.44,38.09,6.1,pjm.com,false,
2022-10-05 23:00:00,USA,PJM Interconnection,US-MIDA-PJM,313.84,389.59,37.59,5.83,pjm.com,false,
2022-10-06 00:00:00,USA,PJM Interconnection,US-MIDA-PJM,313.72,389.1,37.86,5.7,pjm.com,false,
2022-10-06 01:00:00,USA,PJM Interconnection,US-MIDA-PJM,319.69,395.75,36.82,3.35,pjm.com,false,
2022-10-06 02:00:00,USA,PJM Interconnection,US-MIDA-PJM,321.08,396.4,37.15,2.32,pjm.com,false,
2022-10-06 03:00:00,USA,PJM Interconnection,US-MIDA-PJM,315.06,388.99,38.51,2.13,pjm.com,false,
2022-10-06 04:00:00,USA,PJM Interconnection,US-MIDA-PJM,308.67,380.91,40.11,2.05,pjm.com,false,
2022-10-06 05:00:00,USA,PJM Interconnection,US-MIDA-PJM,299.51,370.71,41.35,2.64,pjm.com,false,
2022-10-06 06:00:00,USA,PJM Interconnection,US-MIDA-PJM,299.49,370.73,41.33,2.21,pjm.com,false,
2022-10-06 07:00:00,USA,PJM Interconnection,US-MIDA-PJM,297.15,367.9,41.82,2.22,pjm.com,false,
2022-10-06 08:00:00,USA,PJM Interconnection,US-MIDA-PJM,297.91,369.28,41.31,2.28,pjm.com,false,
2022-10-06 09:00:00,USA,PJM Interconnection,US-MIDA-PJM,304.43,377.42,39.77,2.22,pjm.com,false,
2022-10-06 10:00:00,USA,PJM Interconnection,US-MIDA-PJM,309.28,383.27,38.88,3.1,pjm.com,false,
2022-10-06 11:00:00,USA,PJM Interconnection,US-MIDA-PJM,312.05,386.62,38.41,4.44,pjm.com,false,
2022-10-06 12:00:00,USA,PJM Interconnection,US-MIDA-PJM,313.42,388.08,38.35,4.82,pjm.com,false,
2022-10-06 13:00:00,USA,PJM Interconnection,US-MIDA-PJM,310.47,383.77,39.61,5.41,pjm.com,false,
2022-10-06 14:00:00,USA,PJM Interconnection,US-MIDA-PJM,312.84,386.11,39.57,5.27,pjm.com,false,
2022-10-06 15:00:00,USA,PJM Interconnection,US-MIDA-PJM,316.34,389.68,39.4,5.2,pjm.com,false,
2022-10-06 16:00:00,USA,PJM Interconnection,US-MIDA-PJM,315.86,389.21,39.4,5.19,pjm.com,false,
2022-10-06 17:00:00,USA,PJM Interconnection,US-MIDA-PJM,313.51,386.64,39.69,5.9,pjm.com,false,
2022-10-06 18:00:00,USA,PJM Interconnection,US-MIDA-PJM,310.64,383.42,40.09,6.45,pjm.com,false,
2022-10-06 19:00:00,USA,PJM Interconnection,US-MIDA-PJM,309.63,382.43,40.13,7.04,pjm.com,false,
2022-10-06 20:00:00,USA,PJM Interconnection,US-MIDA-PJM,306.39,378.54,40.77,8.13,pjm.com,false,
2022-10-06 21:00:00,USA,PJM Interconnection,US-MIDA-PJM,307.18,379.75,40.4,8.37,pjm.com,false,
2022-10-06 22:00:00,USA,PJM Interconnection,US-MIDA-PJM,314.5,388.67,38.72,6.76,pjm.com,false,
2022-10-06 23:00:00,USA,PJM Interconnection,US-MIDA-PJM,312.86,386.48,39.24,7.46,pjm.com,false,
2022-10-07 00:00:00,USA,PJM Interconnection,US-MIDA-PJM,308.98,381.33,40.21,8.16,pjm.com,false,
2022-10-07 01:00:00,USA,PJM Interconnection,US-MIDA-PJM,309.86,381.68,40.47,7.2,pjm.com,false,
2022-10-07 02:00:00,USA,PJM Interconnection,US-MIDA-PJM,312.54,383.96,40.53,5.73,pjm.com,false,
2022-10-07 03:00:00,USA,PJM Interconnection,US-MIDA-PJM,305.53,375.15,42.22,5.92,pjm.com,false,
2022-10-07 04:00:00,USA,PJM Interconnection,US-MIDA-PJM,292.65,358.67,45.53,6.91,pjm.com,false,
2022-10-07 05:00:00,USA,PJM Interconnection,US-MIDA-PJM,281.91,347.72,46.23,7.18,pjm.com,false,
2022-10-07 06:00:00,USA,PJM Interconnection,US-MIDA-PJM,276.55,341.66,47.03,7.6,pjm.com,false,
2022-10-07 07:00:00,USA,PJM Interconnection,US-MIDA-PJM,276.28,341.64,46.83,6.97,pjm.com,false,
2022-10-07 08:00:00,USA,PJM Interconnection,US-MIDA-PJM,275.78,340.99,46.96,7.21,pjm.com,false,
2022-10-07 09:00:00,USA,PJM Interconnection,US-MIDA-PJM,283.22,350.52,45.02,6.83,pjm.com,false,
2022-10-07 10:00:00,USA,PJM Interconnection,US-MIDA-PJM,294.93,364.34,42.88,6.77,pjm.com,false,
2022-10-07 11:00:00,USA,PJM Interconnection,US-MIDA-PJM,305.75,376.98,41.0,6.8,pjm.com,false,
2022-10-07 12:00:00,USA,PJM Interconnection,US-MIDA-PJM,308.59,380.39,40.53,6.87,pjm.com,false,
2022-10-07 13:00:00,USA,PJM Interconnection,US-MIDA-PJM,305.53,376.71,41.33,7.77,pjm.com,false,
2022-10-07 14:00:00,USA,PJM Interconnection,US-MIDA-PJM,304.57,375.46,41.62,7.94,pjm.com,false,
2022-10-07 15:00:00,USA,PJM Interconnection,US-MIDA-PJM,305.83,377.07,41.33,7.45,pjm.com,false,
2022-10-07 16:00:00,USA,PJM Interconnection,US-MIDA-PJM,306.46,377.81,41.25,7.6,pjm.com,false,
2022-10-07 17:00:00,USA,PJM Interconnection,US-MIDA-PJM,306.11,377.34,41.39,8.0,pjm.com,false,
2022-10-07 18:00:00,USA,PJM Interconnection,US-MIDA-PJM,305.29,376.35,41.54,8.13,pjm.com,false,
2022-10-07 19:00:00,USA,PJM Interconnection,US-MIDA-PJM,306.34,377.95,41.09,8.15,pjm.com,false,
2022-10-07 20:00:00,USA,PJM Interconnection,US-MIDA-PJM,306.75,378.5,40.96,8.36,pjm.com,false,
2022-10-07 21:00:00,USA,PJM Interconnection,US-MIDA-PJM,305.1,376.19,41.55,8.95,pjm.com,false,
2022-10-07 22:00:00,USA,PJM Interconnection,US-MIDA-PJM,311.3,383.98,39.97,7.48,pjm.com,false,
2022-10-07 23:00:00,USA,PJM Interconnection,US-MIDA-PJM,314.32,387.9,39.11,6.7,pjm.com,false,
2022-10-08 00:00:00,USA,PJM Interconnection,US-MIDA-PJM,315.85,389.34,39.04,6.13,pjm.com,false,
2022-10-08 01:00:00,USA,PJM Interconnection,US-MIDA-PJM,319.53,393.46,38.31,4.25,pjm.com,false,
2022-10-08 02:00:00,USA,PJM Interconnection,US-MIDA-PJM,316.53,389.43,39.17,3.45,pjm.com,false,
2022-10-08 03:00:00,USA,PJM Interconnection,US-MIDA-PJM,311.88,383.9,40.1,3.21,pjm.com,false,
2022-10-08 04:00:00,USA,PJM Interconnection,US-MIDA-PJM,306.73,376.72,41.87,2.96,pjm.com,false,
2022-10-08 05:00:00,USA,PJM Interconnection,US-MIDA-PJM,307.96,378.11,41.69,2.81,pjm.com,false,
2022-10-08 06:00:00,USA,PJM Interconnection,US-MIDA-PJM,306.56,376.16,42.17,2.35,pjm.com,false,
2022-10-08 07:00:00,USA,PJM Interconnection,US-MIDA-PJM,304.76,374.37,42.26,2.26,pjm.com,false,
2022-10-08 08:00:00,USA,PJM Interconnection,US-MIDA-PJM,305.6,375.53,41.97,2.38,pjm.com,false,
2022-10-08 09:00:00,USA,PJM Interconnection,US-MIDA-PJM,305.88,375.33,42.31,2.39,pjm.com,false,
2022-10-08 10:00:00,USA,PJM Interconnection,US-MIDA-PJM,310.46,381.12,41.17,2.35,pjm.com,false,
2022-10-08 11:00:00,USA,PJM Interconnection,US-MIDA-PJM,307.42,377.23,42.1,4.15,pjm.com,false,
2022-10-08 12:00:00,USA,PJM Interconnection,US-MIDA-PJM,309.68,380.13,41.56,4.69,pjm.com,false,
2022-10-08 13:00:00,USA,PJM Interconnection,US-MIDA-PJM,302.6,371.15,43.47,6.4,pjm.com,false,
2022-10-08 14:00:00,USA,PJM Interconnection,US-MIDA-PJM,303.26,372.17,43.21,6.41,pjm.com,false,
2022-10-08 15:00:00,USA,PJM Interconnection,US-MIDA-PJM,301.69,370.14,43.62,6.97,pjm.com,false,
2022-10-08 16:00:00,USA,PJM Interconnection,US-MIDA-PJM,301.56,369.94,43.65,7.74,pjm.com,false,
2022-10-08 17:00:00,USA,PJM Interconnection,US-MIDA-PJM,294.14,360.72,45.42,8.6,pjm.com,false,
2022-10-08 18:00:00,USA,PJM Interconnection,US-MIDA-PJM,287.76,352.78,46.94,9.57,pjm.com,false,
2022-10-08 19:00:00,USA,PJM Interconnection,US-MIDA-PJM,287.0,352.0,46.96,9.57,pjm.com,false,
2022-10-08 20:00:00,USA,PJM Interconnection,US-MIDA-PJM,283.98,348.78,47.28,10.26,pjm.com,false,
2022-10-08 21:00:00,USA,PJM Interconnection,US-MIDA-PJM,287.0,352.62,46.45,9.67,pjm.com,false,
2022-10-08 22:00:00,USA,PJM Interconnection,US-MIDA-PJM,290.52,357.36,45.34,8.96,pjm.com,false,
2022-10-08 23:00:00,USA,PJM Interconnection,US-MIDA-PJM,302.22,371.56,42.91,8.02,pjm.com,false,
2022-10-09 00:00:00,USA,PJM Interconnection,US-MIDA-PJM,309.39,379.33,41.98,7.07,pjm.com,false,
2022-10-09 01:00:00,USA,PJM Interconnection,US-MIDA-PJM,307.83,377.88,41.81,6.32,pjm.com,false,
2022-10-09 02:00:00,USA,PJM Interconnection,US-MIDA-PJM,303.12,372.05,42.79,6.71,pjm.com,false,
2022-10-09 03:00:00,USA,PJM Interconnection,US-MIDA-PJM,297.35,364.68,44.27,7.6,pjm.com,false,
2022-10-09 04:00:00,USA,PJM Interconnection,US-MIDA-PJM,290.26,355.96,45.87,8.0,pjm.com,false,
2022-10-09 05:00:00,USA,PJM Interconnection,US-MIDA-PJM,283.52,349.15,46.26,8.07,pjm.com,false,
2022-10-09 06:00:00,USA,PJM Interconnection,US-MIDA-PJM,280.21,345.43,46.73,8.43,pjm.com,false,
2022-10-09 07:00:00,USA,PJM Interconnection,US-MIDA-PJM,278.82,343.74,47.04,8.43,pjm.com,false,
2022-10-09 08:00:00,USA,PJM Interconnection,US-MIDA-PJM,280.11,345.4,46.69,8.35,pjm.com,false,
2022-10-09 09:00:00,USA,PJM Interconnection,US-MIDA-PJM,284.57,350.7,45.84,8.02,pjm.com,false,
2022-10-09 10:00:00,USA,PJM Interconnection,US-MIDA-PJM,285.36,351.42,45.86,8.12,pjm.com,false,
2022-10-09 11:00:00,USA,PJM Interconnection,US-MIDA-PJM,291.13,358.6,44.52,7.77,pjm.com,false,
2022-10-09 12:00:00,USA,PJM Interconnection,US-MIDA-PJM,289.12,355.91,45.32,9.3,pjm.com,false,
2022-10-09 13:00:00,USA,PJM Interconnection,US-MIDA-PJM,286.17,352.19,46.26,10.09,pjm.com,false,
2022-10-09 14:00:00,USA,PJM Interconnection,US-MIDA-PJM,290.23,356.92,45.65,9.09,pjm.com,false,
2022-10-09 15:00:00,USA,PJM Interconnection,US-MIDA-PJM,287.61,353.35,46.5,9.8,pjm.com,false,
2022-10-09 16:00:00,USA,PJM Interconnection,US-MIDA-PJM,288.0,353.59,46.57,9.8,pjm.com,false,
2022-10-09 17:00:00,USA,PJM Interconnection,US-MIDA-PJM,286.73,352.11,46.77,9.94,pjm.com,false,
2022-10-09 18:00:00,USA,PJM Interconnection,US-MIDA-PJM,286.4,351.55,46.95,10.25,pjm.com,false,
2022-10-09 19:00:00,USA,PJM Interconnection,US-MIDA-PJM,283.91,348.57,47.44,10.35,pjm.com,false,
2022-10-09 20:00:00,USA,PJM Interconnection,US-MIDA-PJM,285.9,351.74,46.5,9.87,pjm.com,false,
2022-10-09 21:00:00,USA,PJM Interconnection,US-MIDA-PJM,296.19,364.76,43.88,8.14,pjm.com,false,
2022-10-09 22:00:00,USA,PJM Interconnection,US-MIDA-PJM,304.62,375.56,41.68,7.18,pjm.com,false,
2022-10-09 23:00:00,USA,PJM Interconnection,US-MIDA-PJM,313.54,386.46,39.76,6.34,pjm.com,false,
2022-10-10 00:00:00,USA,PJM Interconnection,US-MIDA-PJM,315.37,388.53,39.42,6.4,pjm.com,false,
2022-10-10 01:00:00,USA,PJM Interconnection,US-MIDA-PJM,314.01,386.13,40.13,6.04,pjm.com,false,
2022-10-10 02:00:00,USA,PJM Interconnection,US-MIDA-PJM,307.89,377.9,41.9,5.91,pjm.com,false,
2022-10-10 03:00:00,USA,PJM Interconnection,US-MIDA-PJM,305.85,375.35,42.3,5.63,pjm.com,false,
2022-10-10 04:00:00,USA,PJM Interconnection,US-MIDA-PJM,301.03,369.24,43.48,5.31,pjm.com,false,
2022-10-10 05:00:00,USA,PJM Interconnection,US-MIDA-PJM,293.33,360.88,44.37,5.87,pjm.com,false,
2022-10-10 06:00:00,USA,PJM Interconnection,US-MIDA-PJM,291.67,359.4,44.3,5.96,pjm.com,false,
2022-10-10 07:00:00,USA,PJM Interconnection,US-MIDA-PJM,291.11,358.77,44.36,5.93,pjm.com,false,
2022-10-10 08:00:00,USA,PJM Interconnection,US-MIDA-PJM,296.65,365.5,43.38,5.7,pjm.com,false,
2022-10-10 09:00:00,USA,PJM Interconnection,US-MIDA-PJM,302.71,372.95,42.05,5.32,pjm.com,false,
2022-10-10 10:00:00,USA,PJM Interconnection,US-MIDA-PJM,306.75,379.38,40.24,6.3,pjm.com,false,
2022-10-10 11:00:00,USA,PJM Interconnection,US-MIDA-PJM,313.57,388.41,38.32,6.35,pjm.com,false,
2022-10-10 12:00:00,USA,PJM Interconnection,US-MIDA-PJM,320.36,395.45,37.95,6.4,pjm.com,false,
2022-10-10 13:00:00,USA,PJM Interconnection,US-MIDA-PJM,319.72,394.63,37.96,6.08,pjm.com,false,
2022-10-10 14:00:00,USA,PJM Interconnection,US-MIDA-PJM,321.54,396.51,38.05,5.67,pjm.com,false,
2022-10-10 15:00:00,USA,PJM Interconnection,US-MIDA-PJM,324.23,399.53,37.65,5.27,pjm.com,false,
2022-10-10 16:00:00,USA,PJM Interconnection,US-MIDA-PJM,323.13,397.8,38.19,5.37,pjm.com,false,
2022-10-10 17:00:00,USA,PJM Interconnection,US-MIDA-PJM,322.56,396.44,38.78,5.88,pjm.com,false,
2022-10-10 18:00:00,USA,PJM Interconnection,US-MIDA-PJM,316.43,389.55,39.73,7.04,pjm.com,false,
2022-10-10 19:00:00,USA,PJM Interconnection,US-MIDA-PJM,316.1,389.41,39.56,6.77,pjm.com,false,
2022-10-10 20:00:00,USA,PJM Interconnection,US-MIDA-PJM,317.03,390.95,39.03,6.62,pjm.com,false,
2022-10-10 21:00:00,USA,PJM Interconnection,US-MIDA-PJM,319.28,394.03,38.28,6.1,pjm.com,false,
2022-10-10 22:00:00,USA,PJM Interconnection,US-MIDA-PJM,327.64,404.05,36.55,4.83,pjm.com,false,
2022-10-10 23:00:00,USA,PJM Interconnection,US-MIDA-PJM,332.85,410.38,35.5,4.43,pjm.com,false,
2022-10-11 00:00:00,USA,PJM Interconnection,US-MIDA-PJM,336.79,414.31,35.24,4.22,pjm.com,false,
2022-10-11 01:00:00,USA,PJM Interconnection,US-MIDA-PJM,332.38,407.84,36.67,4.01,pjm.com,false,
2022-10-11 02:00:00,USA,PJM Interconnection,US-MIDA-PJM,323.38,396.01,39.11,4.4,pjm.com,false,
2022-10-11 03:00:00,USA,PJM Interconnection,US-MIDA-PJM,313.36,383.43,41.43,5.36,pjm.com,false,
2022-10-11 04:00:00,USA,PJM Interconnection,US-MIDA-PJM,304.31,371.79,43.81,6.6,pjm.com,false,
2022-10-11 05:00:00,USA,PJM Interconnection,US-MIDA-PJM,293.67,359.39,45.67,7.49,pjm.com,false,
2022-10-11 06:00:00,USA,PJM Interconnection,US-MIDA-PJM,288.23,353.02,46.65,8.17,pjm.com,false,
2022-10-11 07:00:00,USA,PJM Interconnection,US-MIDA-PJM,288.05,353.35,46.29,7.84,pjm.com,false,
2022-10-11 08:00:00,USA,PJM Interconnection,US-MIDA-PJM,290.09,356.57,45.28,8.03,pjm.com,false,
2022-10-11 09:00:00,USA,PJM Interconnection,US-MIDA-PJM,298.82,367.19,43.44,7.0,pjm.com,false,
2022-10-11 10:00:00,USA,PJM Interconnection,US-MIDA-PJM,299.41,368.7,42.94,9.55,pjm.com,false,
2022-10-11 11:00:00,USA,PJM Interconnection,US-MIDA-PJM,304.58,375.19,41.75,10.26,pjm.com,false,
2022-10-11 12:00:00,USA,PJM Interconnection,US-MIDA-PJM,308.6,380.41,40.68,9.58,pjm.com,false,
2022-10-11 13:00:00,USA,PJM Interconnection,US-MIDA-PJM,306.86,377.56,41.69,9.5,pjm.com,false,
2022-10-11 14:00:00,USA,PJM Interconnection,US-MIDA-PJM,302.7,372.04,42.97,10.14,pjm.com,false,
2022-10-11 15:00:00,USA,PJM Interconnection,US-MIDA-PJM,300.73,369.2,43.74,10.51,pjm.com,false,
2022-10-11 16:00:00,USA,PJM Interconnection,US-MIDA-PJM,299.62,368.14,43.72,10.95,pjm.com,false,
2022-10-11 17:00:00,USA,PJM Interconnection,US-MIDA-PJM,306.49,376.03,42.63,9.89,pjm.com,false,
2022-10-11 18:00:00,USA,PJM Interconnection,US-MIDA-PJM,309.89,379.72,42.26,9.59,pjm.com,false,
2022-10-11 19:00:00,USA,PJM Interconnection,US-MIDA-PJM,312.7,383.34,41.47,8.79,pjm.com,false,
2022-10-11 20:00:00,USA,PJM Interconnection,US-MIDA-PJM,313.22,384.15,41.18,8.61,pjm.com,false,
2022-10-11 21:00:00,USA,PJM Interconnection,US-MIDA-PJM,309.63,380.11,41.76,9.92,pjm.com,false,
2022-10-11 22:00:00,USA,PJM Interconnection,US-MIDA-PJM,315.79,387.68,40.26,8.72,pjm.com,false,
2022-10-11 23:00:00,USA,PJM Interconnection,US-MIDA-PJM,316.59,388.99,40.0,8.9,pjm.com,false,
2022-10-12 00:00:00,USA,PJM Interconnection,US-MIDA-PJM,316.53,388.5,40.17,8.28,pjm.com,false,
2022-10-12 01:00:00,USA,PJM Interconnection,US-MIDA-PJM,312.02,382.53,41.3,8.74,pjm.com,false,
2022-10-12 02:00:00,USA,PJM Interconnection,US-MIDA-PJM,305.92,374.03,43.23,8.98,pjm.com,false,
2022-10-12 03:00:00,USA,PJM Interconnection,US-MIDA-PJM,296.28,361.64,45.72,9.78,pjm.com,false,
2022-10-12 04:00:00,USA,PJM Interconnection,US-MIDA-PJM,290.2,354.53,46.83,9.19,pjm.com,false,
2022-10-12 05:00:00,USA,PJM Interconnection,US-MIDA-PJM,283.09,347.52,47.13,9.82,pjm.com,false,
2022-10-12 06:00:00,USA,PJM Interconnection,US-MIDA-PJM,282.48,346.62,47.39,9.47,pjm.com,false,
2022-10-12 07:00:00,USA,PJM Interconnection,US-MIDA-PJM,281.7,345.29,47.83,9.48,pjm.com,false,
2022-10-12 08:00:00,USA,PJM Interconnection,US-MIDA-PJM,284.19,348.63,47.07,9.39,pjm.com,false,
2022-10-12 09:00:00,USA,PJM Interconnection,US-MIDA-PJM,287.45,352.59,46.39,9.65,pjm.com,false,
2022-10-12 10:00:00,USA,PJM Interconnection,US-MIDA-PJM,295.19,362.44,44.59,10.24,pjm.com,false,
2022-10-12 11:00:00,USA,PJM Interconnection,US-MIDA-PJM,301.69,370.92,42.98,10.75,pjm.com,false,
2022-10-12 12:00:00,USA,PJM Interconnection,US-MIDA-PJM,307.25,377.68,41.78,9.94,pjm.com,false,
2022-10-12 13:00:00,USA,PJM Interconnection,US-MIDA-PJM,304.02,373.16,42.89,10.63,pjm.com,false,
2022-10-12 14:00:00,USA,PJM Interconnection,US-MIDA-PJM,300.76,368.87,43.9,11.14,pjm.com,false,
2022-10-12 15:00:00,USA,PJM Interconnection,US-MIDA-PJM,299.2,367.0,44.18,11.37,pjm.com,false,
2022-10-12 16:00:00,USA,PJM Interconnection,US-MIDA-PJM,299.24,367.25,44.07,11.5,pjm.com,false,
2022-10-12 17:00:00,USA,PJM Interconnection,US-MIDA-PJM,301.25,369.85,43.52,11.18,pjm.com,false,
2022-10-12 18:00:00,USA,PJM Interconnection,US-MIDA-PJM,306.53,376.22,42.39,9.91,pjm.com,false,
2022-10-12 19:00:00,USA,PJM Interconnection,US-MIDA-PJM,304.94,374.78,42.42,10.05,pjm.com,false,
2022-10-12 20:00:00,USA,PJM Interconnection,US-MIDA-PJM,306.8,377.11,41.93,9.9,pjm.com,false,
2022-10-12 21:00:00,USA,PJM Interconnection,US-MIDA-PJM,309.66,380.42,41.41,9.23,pjm.com,false,
2022-10-12 22:00:00,USA,PJM Interconnection,US-MIDA-PJM,319.07,391.72,39.54,7.56,pjm.com,false,
2022-10-12 23:00:00,USA,PJM Interconnection,US-MIDA-PJM,325.86,399.72,38.47,7.0,pjm.com,false,
2022-10-13 00:00:00,USA,PJM Interconnection,US-MIDA-PJM,324.9,398.61,38.57,6.97,pjm.com,false,
2022-10-13 01:00:00,USA,PJM Interconnection,US-MIDA-PJM,325.35,398.48,38.86,6.28,pjm.com,false,
2022-10-13 02:00:00,USA,PJM Interconnection,US-MIDA-PJM,310.41,380.13,41.97,7.64,pjm.com,false,
2022-10-13 03:00:00,USA,PJM Interconnection,US-MIDA-PJM,306.63,375.19,42.85,7.28,pjm.com,false,
2022-10-13 04:00:00,USA,PJM Interconnection,US-MIDA-PJM,295.38,361.66,45.13,7.66,pjm.com,false,
2022-10-13 05:00:00,USA,PJM Interconnection,US-MIDA-PJM,294.09,361.83,44.13,6.46,pjm.com,false,
2022-10-13 06:00:00,USA,PJM Interconnection,US-MIDA-PJM,292.01,358.5,45.18,7.03,pjm.com,false,
2022-10-13 07:00:00,USA,PJM Interconnection,US-MIDA-PJM,286.85,351.36,46.91,8.47,pjm.com,false,
2022-10-13 08:00:00,USA,PJM Interconnection,US-MIDA-PJM,287.12,352.32,46.37,8.35,pjm.com,false,
2022-10-13 09:00:00,USA,PJM Interconnection,US-MIDA-PJM,294.01,361.09,44.62,7.56,pjm.com,false,
2022-10-13 10:00:00,USA,PJM Interconnection,US-MIDA-PJM,302.73,371.94,42.66,7.87,pjm.com,false,
2022-10-13 11:00:00,USA,PJM Interconnection,US-MIDA-PJM,307.44,378.12,41.47,8.75,pjm.com,false,
2022-10-13 12:00:00,USA,PJM Interconnection,US-MIDA-PJM,311.84,383.86,40.23,8.37,pjm.com,false,
2022-10-13 13:00:00,USA,PJM Interconnection,US-MIDA-PJM,320.52,393.95,38.8,7.04,pjm.com,false,
2022-10-13 14:00:00,USA,PJM Interconnection,US-MIDA-PJM,323.95,397.75,38.4,6.71,pjm.com,false,
2022-10-13 15:00:00,USA,PJM Interconnection,US-MIDA-PJM,320.35,393.43,39.04,7.26,pjm.com,false,
2022-10-13 16:00:00,USA,PJM Interconnection,US-MIDA-PJM,311.05,382.64,40.63,8.97,pjm.com,false,
2022-10-13 17:00:00,USA,PJM Interconnection,US-MIDA-PJM,303.8,373.77,42.21,10.61,pjm.com,false,
2022-10-13 18:00:00,USA,PJM Interconnection,US-MIDA-PJM,301.47,370.93,42.74,11.27,pjm.com,false,
2022-10-13 19:00:00,USA,PJM Interconnection,US-MIDA-PJM,301.82,371.04,42.84,11.19,pjm.com,false,
2022-10-13 20:00:00,USA,PJM Interconnection,US-MIDA-PJM,303.67,373.12,42.65,10.91,pjm.com,false,
2022-10-13 21:00:00,USA,PJM Interconnection,US-MIDA-PJM,308.43,379.18,41.38,9.72,pjm.com,false,
2022-10-13 22:00:00,USA,PJM Interconnection,US-MIDA-PJM,317.62,390.04,39.66,7.98,pjm.com,false,
2022-10-13 23:00:00,USA,PJM Interconnection,US-MIDA-PJM,319.89,393.14,39.07,7.83,pjm.com,false,
2022-10-14 00:00:00,USA,PJM Interconnection,US-MIDA-PJM,321.66,395.09,38.9,7.35,pjm.com,false,
2022-10-14 01:00:00,USA,PJM Interconnection,US-MIDA-PJM,326.73,400.65,38.26,5.79,pjm.com,false,
2022-10-14 02:00:00,USA,PJM Interconnection,US-MIDA-PJM,334.41,409.24,36.97,2.63,pjm.com,false,
2022-10-14 03:00:00,USA,PJM Interconnection,US-MIDA-PJM,333.98,407.78,37.66,1.83,pjm.com,false,
2022-10-14 04:00:00,USA,PJM Interconnection,US-MIDA-PJM,325.1,396.56,39.84,2.41,pjm.com,false,
2022-10-14 05:00:00,USA,PJM Interconnection,US-MIDA-PJM,313.8,383.73,41.52,3.36,pjm.com,false,
2022-10-14 06:00:00,USA,PJM Interconnection,US-MIDA-PJM,305.79,373.71,43.42,4.45,pjm.com,false,
2022-10-14 07:00:00,USA,PJM Interconnection,US-MIDA-PJM,302.73,370.24,43.87,4.74,pjm.com,false,
2022-10-14 08:00:00,USA,PJM Interconnection,US-MIDA-PJM,302.36,370.1,43.73,5.03,pjm.com,false,
2022-10-14 09:00:00,USA,PJM Interconnection,US-MIDA-PJM,304.04,372.18,43.35,5.34,pjm.com,false,
2022-10-14 10:00:00,USA,PJM Interconnection,US-MIDA-PJM,306.18,375.32,42.67,7.16,pjm.com,false,
2022-10-14 11:00:00,USA,PJM Interconnection,US-MIDA-PJM,313.22,384.46,40.76,7.63,pjm.com,false,
2022-10-14 12:00:00,USA,PJM Interconnection,US-MIDA-PJM,313.88,385.22,40.67,8.0,pjm.com,false,
2022-10-14 13:00:00,USA,PJM Interconnection,US-MIDA-PJM,315.44,386.66,40.73,7.34,pjm.com,false,
2022-10-14 14:00:00,USA,PJM Interconnection,US-MIDA-PJM,322.19,394.39,39.87,6.37,pjm.com,false,
2022-10-14 15:00:00,USA,PJM Interconnection,US-MIDA-PJM,317.13,387.75,41.45,7.23,pjm.com,false,
2022-10-14 16:00:00,USA,PJM Interconnection,US-MIDA-PJM,305.29,373.11,43.97,10.11,pjm.com,false,
2022-10-14 17:00:00,USA,PJM Interconnection,US-MIDA-PJM,297.08,363.19,45.62,12.16,pjm.com,false,
2022-10-14 18:00:00,USA,PJM Interconnection,US-MIDA-PJM,294.83,360.5,46.12,13.15,pjm.com,false,
2022-10-14 19:00:00,USA,PJM Interconnection,US-MIDA-PJM,294.18,359.62,46.21,12.81,pjm.com,false,
2022-10-14 20:00:00,USA,PJM Interconnection,US-MIDA-PJM,297.57,363.6,45.55,12.16,pjm.com,false,
2022-10-14 21:00:00,USA,PJM Interconnection,US-MIDA-PJM,307.04,375.28,43.28,9.87,pjm.com,false,
2022-10-14 22:00:00,USA,PJM Interconnection,US-MIDA-PJM,307.28,375.78,43.04,9.29,pjm.com,false,
2022-10-14 23:00:00,USA,PJM Interconnection,US-MIDA-PJM,307.91,376.68,42.84,9.46,pjm.com,false,
2022-10-15 00:00:00,USA,PJM Interconnection,US-MIDA-PJM,309.31,378.79,42.16,8.34,pjm.com,false,
2022-10-15 01:00:00,USA,PJM Interconnection,US-MIDA-PJM,311.54,381.43,41.77,7.4,pjm.com,false,
2022-10-15 02:00:00,USA,PJM Interconnection,US-MIDA-PJM,318.78,389.67,40.56,4.95,pjm.com,false,
2022-10-15 03:00:00,USA,PJM Interconnection,US-MIDA-PJM,322.09,393.11,40.26,3.34,pjm.com,false,
2022-10-15 04:00:00,USA,PJM Interconnection,US-MIDA-PJM,310.04,378.28,42.93,4.46,pjm.com,false,
2022-10-15 05:00:00,USA,PJM Interconnection,US-MIDA-PJM,293.53,358.9,45.9,6.17,pjm.com,false,
2022-10-15 06:00:00,USA,PJM Interconnection,US-MIDA-PJM,287.08,352.54,46.17,6.15,pjm.com,false,
2022-10-15 07:00:00,USA,PJM Interconnection,US-MIDA-PJM,281.17,345.72,47.15,6.7,pjm.com,false,
2022-10-15 08:00:00,USA,PJM Interconnection,US-MIDA-PJM,281.63,346.02,47.25,6.77,pjm.com,false,
2022-10-15 09:00:00,USA,PJM Interconnection,US-MIDA-PJM,286.24,351.55,46.32,6.57,pjm.com,false,
2022-10-15 10:00:00,USA,PJM Interconnection,US-MIDA-PJM,290.86,356.7,45.71,6.47,pjm.com,false,
2022-10-15 11:00:00,USA,PJM Interconnection,US-MIDA-PJM,302.92,370.75,43.62,5.74,pjm.com,false,
2022-10-15 12:00:00,USA,PJM Interconnection,US-MIDA-PJM,301.91,370.0,43.65,7.04,pjm.com,false,
2022-10-15 13:00:00,USA,PJM Interconnection,US-MIDA-PJM,295.92,362.49,45.32,8.53,pjm.com,false,
2022-10-15 14:00:00,USA,PJM Interconnection,US-MIDA-PJM,296.32,362.73,45.54,8.59,pjm.com,false,
2022-10-15 15:00:00,USA,PJM Interconnection,US-MIDA-PJM,292.0,357.15,46.7,9.59,pjm.com,false,
2022-10-15 16:00:00,USA,PJM Interconnection,US-MIDA-PJM,284.19,347.53,48.45,10.84,pjm.com,false,
2022-10-15 17:00:00,USA,PJM Interconnection,US-MIDA-PJM,280.84,343.86,48.86,11.42,pjm.com,false,
2022-10-15 18:00:00,USA,PJM Interconnection,US-MIDA-PJM,279.7,342.59,48.98,11.43,pjm.com,false,
2022-10-15 19:00:00,USA,PJM Interconnection,US-MIDA-PJM,277.56,339.77,49.59,11.94,pjm.com,false,
2022-10-15 20:00:00,USA,PJM Interconnection,US-MIDA-PJM,281.32,344.88,48.35,11.34,pjm.com,false,
2022-10-15 21:00:00,USA,PJM Interconnection,US-MIDA-PJM,285.96,351.26,46.77,10.81,pjm.com,false,
2022-10-15 22:00:00,USA,PJM Interconnection,US-MIDA-PJM,302.47,371.01,43.43,8.21,pjm.com,false,
2022-10-15 23:00:00,USA,PJM Interconnection,US-MIDA-PJM,307.0,377.6,41.66,7.19,pjm.com,false,
2022-10-16 00:00:00,USA,PJM Interconnection,US-MIDA-PJM,307.41,377.51,41.91,7.0,pjm.com,false,
2022-10-16 01:00:00,USA,PJM Interconnection,US-MIDA-PJM,306.13,374.9,42.88,6.56,pjm.com,false,
2022-10-16 02:00:00,USA,PJM Interconnection,US-MIDA-PJM,307.88,376.2,43.09,6.1,pjm.com,false,
2022-10-16 03:00:00,USA,PJM Interconnection,US-MIDA-PJM,300.31,366.16,45.26,6.78,pjm.com,false,
2022-10-16 04:00:00,USA,PJM Interconnection,US-MIDA-PJM,294.97,358.51,47.25,7.83,pjm.com,false,
2022-10-16 05:00:00,USA,PJM Interconnection,US-MIDA-PJM,284.32,346.18,49.05,8.37,pjm.com,false,
2022-10-16 06:00:00,USA,PJM Interconnection,US-MIDA-PJM,281.33,343.19,49.2,8.24,pjm.com,false,
2022-10-16 07:00:00,USA,PJM Interconnection,US-MIDA-PJM,279.26,340.44,49.85,8.37,pjm.com,false,
2022-10-16 08:00:00,USA,PJM Interconnection,US-MIDA-PJM,284.06,346.54,48.65,7.2,pjm.com,false,
2022-10-16 09:00:00,USA,PJM Interconnection,US-MIDA-PJM,292.45,356.77,46.86,6.02,pjm.com,false,
2022-10-16 10:00:00,USA,PJM Interconnection,US-MIDA-PJM,300.3,365.62,45.71,4.94,pjm.com,false,
2022-10-16 11:00:00,USA,PJM Interconnection,US-MIDA-PJM,307.91,374.68,44.23,4.21,pjm.com,false,
2022-10-16 12:00:00,USA,PJM Interconnection,US-MIDA-PJM,310.78,378.26,43.66,4.9,pjm.com,false,
2022-10-16 13:00:00,USA,PJM Interconnection,US-MIDA-PJM,308.47,374.98,44.68,6.59,pjm.com,false,
2022-10-16 14:00:00,USA,PJM Interconnection,US-MIDA-PJM,311.8,378.99,44.08,6.15,pjm.com,false,
2022-10-16 15:00:00,USA,PJM Interconnection,US-MIDA-PJM,300.79,365.24,46.71,8.59,pjm.com,false,
2022-10-16 16:00:00,USA,PJM Interconnection,US-MIDA-PJM,292.73,355.95,48.01,10.65,pjm.com,false,
2022-10-16 17:00:00,USA,PJM Interconnection,US-MIDA-PJM,285.02,348.23,48.36,11.86,pjm.com,false,
2022-10-16 18:00:00,USA,PJM Interconnection,US-MIDA-PJM,284.69,347.87,48.36,12.63,pjm.com,false,
2022-10-16 19:00:00,USA,PJM Interconnection,US-MIDA-PJM,287.67,351.37,47.81,12.33,pjm.com,false,
2022-10-16 20:00:00,USA,PJM Interconnection,US-MIDA-PJM,295.27,360.62,46.12,11.21,pjm.com,false,
2022-10-16 21:00:00,USA,PJM Interconnection,US-MIDA-PJM,302.79,370.5,43.91,9.73,pjm.com,false,
2022-10-16 22:00:00,USA,PJM Interconnection,US-MIDA-PJM,297.8,365.43,44.41,11.4,pjm.com,false,
2022-10-16 23:00:00,USA,PJM Interconnection,US-MIDA-PJM,310.76,380.73,41.98,9.75,pjm.com,false,
2022-10-17 00:00:00,USA,PJM Interconnection,US-MIDA-PJM,313.29,383.87,41.41,8.86,pjm.com,false,
2022-10-17 01:00:00,USA,PJM Interconnection,US-MIDA-PJM,315.06,385.83,41.03,7.13,pjm.com,false,
2022-10-17 02:00:00,USA,PJM Interconnection,US-MIDA-PJM,308.82,377.63,42.69,7.02,pjm.com,false,
2022-10-17 03:00:00,USA,PJM Interconnection,US-MIDA-PJM,307.82,375.91,43.24,6.65,pjm.com,false,
2022-10-17 04:00:00,USA,PJM Interconnection,US-MIDA-PJM,299.29,365.56,44.99,7.36,pjm.com,false,
2022-10-17 05:00:00,USA,PJM Interconnection,US-MIDA-PJM,293.91,358.46,46.55,8.25,pjm.com,false,
2022-10-17 06:00:00,USA,PJM Interconnection,US-MIDA-PJM,290.35,354.39,47.12,8.52,pjm.com,false,
2022-10-17 07:00:00,USA,PJM Interconnection,US-MIDA-PJM,290.34,354.09,47.34,8.83,pjm.com,false,
2022-10-17 08:00:00,USA,PJM Interconnection,US-MIDA-PJM,288.7,351.0,48.5,9.59,pjm.com,false,
2022-10-17 09:00:00,USA,PJM Interconnection,US-MIDA-PJM,296.51,361.32,46.21,9.24,pjm.com,false,
2022-10-17 10:00:00,USA,PJM Interconnection,US-MIDA-PJM,312.59,381.84,42.11,7.99,pjm.com,false,
2022-10-17 11:00:00,USA,PJM Interconnection,US-MIDA-PJM,313.42,383.76,41.41,9.8,pjm.com,false,
2022-10-17 12:00:00,USA,PJM Interconnection,US-MIDA-PJM,323.46,395.6,39.46,8.49,pjm.com,false,
2022-10-17 13:00:00,USA,PJM Interconnection,US-MIDA-PJM,324.91,396.85,39.55,8.61,pjm.com,false,
2022-10-17 14:00:00,USA,PJM Interconnection,US-MIDA-PJM,323.76,395.19,40.14,9.32,pjm.com,false,
2022-10-17 15:00:00,USA,PJM Interconnection,US-MIDA-PJM,315.46,385.72,41.52,10.9,pjm.com,false,
2022-10-17 16:00:00,USA,PJM Interconnection,US-MIDA-PJM,310.36,380.11,42.17,11.46,pjm.com,false,
2022-10-17 17:00:00,USA,PJM Interconnection,US-MIDA-PJM,309.3,379.18,42.16,11.75,pjm.com,false,
2022-10-17 18:00:00,USA,PJM Interconnection,US-MIDA-PJM,307.87,377.19,42.57,11.74,pjm.com,false,
2022-10-17 19:00:00,USA,PJM Interconnection,US-MIDA-PJM,308.48,378.15,42.22,11.42,pjm.com,false,
2022-10-17 20:00:00,USA,PJM Interconnection,US-MIDA-PJM,311.11,381.23,41.74,11.23,pjm.com,false,
2022-10-17 21:00:00,USA,PJM Interconnection,US-MIDA-PJM,311.66,382.42,41.25,10.91,pjm.com,false,
2022-10-17 22:00:00,USA,PJM Interconnection,US-MIDA-PJM,312.13,383.44,40.86,10.83,pjm.com,false,
2022-10-17 23:00:00,USA,PJM Interconnection,US-MIDA-PJM,315.0,387.05,40.16,10.76,pjm.com,false,
2022-10-18 00:00:00,USA,PJM Interconnection,US-MIDA-PJM,314.15,385.8,40.43,10.63,pjm.com,false,
2022-10-18 01:00:00,USA,PJM Interconnection,US-MIDA-PJM,317.82,389.21,40.3,9.61,pjm.com,false,
2022-10-18 02:00:00,USA,PJM Interconnection,US-MIDA-PJM,311.36,380.76,42.03,9.56,pjm.com,false,
2022-10-18 03:00:00,USA,PJM Interconnection,US-MIDA-PJM,307.53,375.88,42.94,9.23,pjm.com,false,
2022-10-18 04:00:00,USA,PJM Interconnection,US-MIDA-PJM,304.24,370.78,44.45,9.2,pjm.com,false,
2022-10-18 05:00:00,USA,PJM Interconnection,US-MIDA-PJM,302.48,368.1,45.21,9.39,pjm.com,false,
2022-10-18 06:00:00,USA,PJM Interconnection,US-MIDA-PJM,299.64,364.91,45.64,9.05,pjm.com,false,
2022-10-18 07:00:00,USA,PJM Interconnection,US-MIDA-PJM,298.08,363.1,45.91,9.41,pjm.com,false,
2022-10-18 08:00:00,USA,PJM Interconnection,US-MIDA-PJM,299.44,365.03,45.41,9.39,pjm.com,false,
2022-10-18 09:00:00,USA,PJM Interconnection,US-MIDA-PJM,307.41,375.38,43.26,8.77,pjm.com,false,
2022-10-18 10:00:00,USA,PJM Interconnection,US-MIDA-PJM,310.23,381.11,41.07,9.4,pjm.com,false,
2022-10-18 11:00:00,USA,PJM Interconnection,US-MIDA-PJM,317.17,390.17,39.19,9.87,pjm.com,false,
2022-10-18 12:00:00,USA,PJM Interconnection,US-MIDA-PJM,320.37,393.83,38.68,9.53,pjm.com,false,
2022-10-18 13:00:00,USA,PJM Interconnection,US-MIDA-PJM,322.44,395.33,39.01,9.31,pjm.com,false,
2022-10-18 14:00:00,USA,PJM Interconnection,US-MIDA-PJM,319.23,390.05,40.89,10.8,pjm.com,false,
2022-10-18 15:00:00,USA,PJM Interconnection,US-MIDA-PJM,318.76,388.97,41.47,11.31,pjm.com,false,
2022-10-18 16:00:00,USA,PJM Interconnection,US-MIDA-PJM,314.64,383.56,42.59,11.68,pjm.com,false,
2022-10-18 17:00:00,USA,PJM Interconnection,US-MIDA-PJM,316.67,386.28,41.97,11.29,pjm.com,false,
2022-10-18 18:00:00,USA,PJM Interconnection,US-MIDA-PJM,314.0,383.23,42.35,11.74,pjm.com,false,
2022-10-18 19:00:00,USA,PJM Interconnection,US-MIDA-PJM,311.22,380.07,42.77,11.83,pjm.com,false,
2022-10-18 20:00:00,USA,PJM Interconnection,US-MIDA-PJM,309.75,379.39,42.21,11.58,pjm.com,false,
2022-10-18 21:00:00,USA,PJM Interconnection,US-MIDA-PJM,317.48,389.64,39.84,9.69,pjm.com,false,
2022-10-18 22:00:00,USA,PJM Interconnection,US-MIDA-PJM,314.71,386.36,40.4,10.92,pjm.com,false,
2022-10-18 23:00:00,USA,PJM Interconnection,US-MIDA-PJM,320.56,393.8,38.99,10.17,pjm.com,false,
2022-10-19 00:00:00,USA,PJM Interconnection,US-MIDA-PJM,322.07,395.67,38.57,10.16,pjm.com,false,
2022-10-19 01:00:00,USA,PJM Interconnection,US-MIDA-PJM,326.23,399.41,38.61,8.95,pjm.com,false,
2022-10-19 02:00:00,USA,PJM Interconnection,US-MIDA-PJM,320.53,391.95,40.15,9.36,pjm.com,false,
2022-10-19 03:00:00,USA,PJM Interconnection,US-MIDA-PJM,313.15,382.55,42.08,9.99,pjm.com,false,
2022-10-19 04:00:00,USA,PJM Interconnection,US-MIDA-PJM,306.43,374.3,43.39,10.15,pjm.com,false,
2022-10-19 05:00:00,USA,PJM Interconnection,US-MIDA-PJM,298.19,365.01,44.61,10.33,pjm.com,false,
2022-10-19 06:00:00,USA,PJM Interconnection,US-MIDA-PJM,302.08,369.63,43.9,9.67,pjm.com,false,
2022-10-19 07:00:00,USA,PJM Interconnection,US-MIDA-PJM,304.64,372.55,43.51,9.02,pjm.com,false,
2022-10-19 08:00:00,USA,PJM Interconnection,US-MIDA-PJM,309.62,378.59,42.47,8.54,pjm.com,false,
2022-10-19 09:00:00,USA,PJM Interconnection,US-MIDA-PJM,306.44,376.09,42.24,9.46,pjm.com,false,
2022-10-19 10:00:00,USA,PJM Interconnection,US-MIDA-PJM,312.3,384.92,39.83,9.55,pjm.com,false,
2022-10-19 11:00:00,USA,PJM Interconnection,US-MIDA-PJM,322.96,397.55,37.9,9.56,pjm.com,false,
2022-10-19 12:00:00,USA,PJM Interconnection,US-MIDA-PJM,325.6,399.77,38.12,9.86,pjm.com,false,
2022-10-19 13:00:00,USA,PJM Interconnection,US-MIDA-PJM,322.2,395.14,39.27,10.22,pjm.com,false,
2022-10-19 14:00:00,USA,PJM Interconnection,US-MIDA-PJM,325.71,399.18,38.86,9.25,pjm.com,false,
2022-10-19 15:00:00,USA,PJM Interconnection,US-MIDA-PJM,331.26,405.55,37.83,7.68,pjm.com,false,
2022-10-19 16:00:00,USA,PJM Interconnection,US-MIDA-PJM,322.87,395.2,39.68,9.25,pjm.com,false,
2022-10-19 17:00:00,USA,PJM Interconnection,US-MIDA-PJM,320.76,392.49,40.27,9.16,pjm.com,false,
2022-10-19 18:00:00,USA,PJM Interconnection,US-MIDA-PJM,321.7,394.02,39.71,9.39,pjm.com,false,
2022-10-19 19:00:00,USA,PJM Interconnection,US-MIDA-PJM,315.62,386.35,41.16,10.26,pjm.com,false,
2022-10-19 20:00:00,USA,PJM Interconnection,US-MIDA-PJM,315.81,386.63,41.07,10.39,pjm.com,false,
2022-10-19 21:00:00,USA,PJM Interconnection,US-MIDA-PJM,316.1,387.59,40.53,10.15,pjm.com,false,
2022-10-19 22:00:00,USA,PJM Interconnection,US-MIDA-PJM,325.14,398.9,38.35,8.66,pjm.com,false,
2022-10-19 23:00:00,USA,PJM Interconnection,US-MIDA-PJM,329.77,404.75,37.28,8.6,pjm.com,false,
2022-10-20 00:00:00,USA,PJM Interconnection,US-MIDA-PJM,329.09,404.1,37.21,8.44,pjm.com,false,
2022-10-20 01:00:00,USA,PJM Interconnection,US-MIDA-PJM,327.19,401.39,37.84,8.17,pjm.com,false,
2022-10-20 02:00:00,USA,PJM Interconnection,US-MIDA-PJM,328.17,401.92,38.03,7.34,pjm.com,false,
2022-10-20 03:00:00,USA,PJM Interconnection,US-MIDA-PJM,322.74,394.95,39.37,7.41,pjm.com,false,
2022-10-20 04:00:00,USA,PJM Interconnection,US-MIDA-PJM,318.94,389.78,40.57,7.37,pjm.com,false,
2022-10-20 05:00:00,USA,PJM Interconnection,US-MIDA-PJM,317.61,387.58,41.31,7.22,pjm.com,false,
2022-10-20 06:00:00,USA,PJM Interconnection,US-MIDA-PJM,321.42,391.31,41.2,6.81,pjm.com,false,
2022-10-20 07:00:00,USA,PJM Interconnection,US-MIDA-PJM,319.19,389.08,41.32,7.05,pjm.com,false,
2022-10-20 08:00:00,USA,PJM Interconnection,US-MIDA-PJM,319.68,389.96,41.0,7.07,pjm.com,false,
2022-10-20 09:00:00,USA,PJM Interconnection,US-MIDA-PJM,320.71,392.8,39.68,7.53,pjm.com,false,
2022-10-20 10:00:00,USA,PJM Interconnection,US-MIDA-PJM,324.16,398.69,37.78,8.05,pjm.com,false,
2022-10-20 11:00:00,USA,PJM Interconnection,US-MIDA-PJM,328.94,404.84,36.81,8.64,pjm.com,false,
2022-10-20 12:00:00,USA,PJM Interconnection,US-MIDA-PJM,332.43,408.3,36.73,9.12,pjm.com,false,
2022-10-20 13:00:00,USA,PJM Interconnection,US-MIDA-PJM,330.1,404.71,37.83,9.42,pjm.com,false,
2022-10-20 14:00:00,USA,PJM Interconnection,US-MIDA-PJM,330.71,405.2,38.02,8.26,pjm.com,false,
2022-10-20 15:00:00,USA,PJM Interconnection,US-MIDA-PJM,326.87,401.07,38.32,8.14,pjm.com,false,
2022-10-20 16:00:00,USA,PJM Interconnection,US-MIDA-PJM,320.05,392.24,40.0,9.03,pjm.com,false,
2022-10-20 17:00:00,USA,PJM Interconnection,US-MIDA-PJM,318.49,389.7,40.76,9.34,pjm.com,false,
2022-10-20 18:00:00,USA,PJM Interconnection,US-MIDA-PJM,317.65,388.73,40.93,9.52,pjm.com,false,
2022-10-20 19:00:00,USA,PJM Interconnection,US-MIDA-PJM,319.79,391.24,40.53,8.96,pjm.com,false,
2022-10-20 20:00:00,USA,PJM Interconnection,US-MIDA-PJM,321.18,392.69,40.38,8.26,pjm.com,false,
2022-10-20 21:00:00,USA,PJM Interconnection,US-MIDA-PJM,327.88,401.07,38.74,7.26,pjm.com,false,
2022-10-20 22:00:00,USA,PJM Interconnection,US-MIDA-PJM,338.72,414.54,36.19,5.4,pjm.com,false,
2022-10-20 23:00:00,USA,PJM Interconnection,US-MIDA-PJM,344.0,421.25,34.9,5.34,pjm.com,false,
2022-10-21 00:00:00,USA,PJM Interconnection,US-MIDA-PJM,341.66,418.03,35.63,5.71,pjm.com,false,
2022-10-21 01:00:00,USA,PJM Interconnection,US-MIDA-PJM,339.57,414.75,36.5,5.94,pjm.com,false,
2022-10-21 02:00:00,USA,PJM Interconnection,US-MIDA-PJM,333.83,407.06,38.17,6.15,pjm.com,false,
2022-10-21 03:00:00,USA,PJM Interconnection,US-MIDA-PJM,324.5,395.48,40.21,6.97,pjm.com,false,
2022-10-21 04:00:00,USA,PJM Interconnection,US-MIDA-PJM,319.67,390.02,40.9,7.17,pjm.com,false,
2022-10-21 05:00:00,USA,PJM Interconnection,US-MIDA-PJM,313.85,383.51,41.72,7.04,pjm.com,false,
2022-10-21 06:00:00,USA,PJM Interconnection,US-MIDA-PJM,315.26,384.85,41.72,7.01,pjm.com,false,
2022-10-21 07:00:00,USA,PJM Interconnection,US-MIDA-PJM,311.79,381.67,41.64,7.15,pjm.com,false,
2022-10-21 08:00:00,USA,PJM Interconnection,US-MIDA-PJM,312.31,382.46,41.42,7.46,pjm.com,false,
2022-10-21 09:00:00,USA,PJM Interconnection,US-MIDA-PJM,310.04,380.5,41.38,8.5,pjm.com,false,
2022-10-21 10:00:00,USA,PJM Interconnection,US-MIDA-PJM,311.52,383.97,40.0,9.39,pjm.com,false,
2022-10-21 11:00:00,USA,PJM Interconnection,US-MIDA-PJM,319.09,393.98,37.82,9.47,pjm.com,false,
2022-10-21 12:00:00,USA,PJM Interconnection,US-MIDA-PJM,320.64,395.53,37.9,9.87,pjm.com,false,
2022-10-21 13:00:00,USA,PJM Interconnection,US-MIDA-PJM,320.04,393.73,38.86,9.79,pjm.com,false,
2022-10-21 14:00:00,USA,PJM Interconnection,US-MIDA-PJM,319.96,392.88,39.47,9.38,pjm.com,false,
2022-10-21 15:00:00,USA,PJM Interconnection,US-MIDA-PJM,319.15,391.65,39.85,9.26,pjm.com,false,
2022-10-21 16:00:00,USA,PJM Interconnection,US-MIDA-PJM,315.57,386.87,40.83,9.72,pjm.com,false,
2022-10-21 17:00:00,USA,PJM Interconnection,US-MIDA-PJM,310.75,380.86,41.94,10.55,pjm.com,false,
2022-10-21 18:00:00,USA,PJM Interconnection,US-MIDA-PJM,304.48,373.62,42.97,11.57,pjm.com,false,
2022-10-21 19:00:00,USA,PJM Interconnection,US-MIDA-PJM,297.81,366.14,43.93,12.47,pjm.com,false,
2022-10-21 20:00:00,USA,PJM Interconnection,US-MIDA-PJM,293.88,361.36,44.76,12.83,pjm.com,false,
2022-10-21 21:00:00,USA,PJM Interconnection,US-MIDA-PJM,305.27,375.63,41.79,10.41,pjm.com,false,
2022-10-21 22:00:00,USA,PJM Interconnection,US-MIDA-PJM,306.26,376.92,41.64,10.54,pjm.com,false,
2022-10-21 23:00:00,USA,PJM Interconnection,US-MIDA-PJM,308.63,379.68,41.09,10.59,pjm.com,false,
2022-10-22 00:00:00,USA,PJM Interconnection,US-MIDA-PJM,312.28,383.01,41.04,9.67,pjm.com,false,
2022-10-22 01:00:00,USA,PJM Interconnection,US-MIDA-PJM,306.3,376.36,41.75,9.91,pjm.com,false,
2022-10-22 02:00:00,USA,PJM Interconnection,US-MIDA-PJM,300.22,369.0,42.99,10.23,pjm.com,false,
2022-10-22 03:00:00,USA,PJM Interconnection,US-MIDA-PJM,291.81,358.29,45.11,10.53,pjm.com,false,
2022-10-22 04:00:00,USA,PJM Interconnection,US-MIDA-PJM,285.36,350.31,46.58,10.79,pjm.com,false,
2022-10-22 05:00:00,USA,PJM Interconnection,US-MIDA-PJM,283.66,347.9,47.21,10.87,pjm.com,false,
2022-10-22 06:00:00,USA,PJM Interconnection,US-MIDA-PJM,283.62,348.37,46.83,10.39,pjm.com,false,
2022-10-22 07:00:00,USA,PJM Interconnection,US-MIDA-PJM,279.44,343.68,47.42,10.44,pjm.com,false,
2022-10-22 08:00:00,USA,PJM Interconnection,US-MIDA-PJM,279.8,344.08,47.39,10.32,pjm.com,false,
2022-10-22 09:00:00,USA,PJM Interconnection,US-MIDA-PJM,281.07,345.84,46.97,10.05,pjm.com,false,
2022-10-22 10:00:00,USA,PJM Interconnection,US-MIDA-PJM,285.58,351.84,45.64,10.09,pjm.com,false,
2022-10-22 11:00:00,USA,PJM Interconnection,US-MIDA-PJM,285.8,352.85,45.13,10.97,pjm.com,false,
2022-10-22 12:00:00,USA,PJM Interconnection,US-MIDA-PJM,292.64,361.08,43.84,11.16,pjm.com,false,
2022-10-22 13:00:00,USA,PJM Interconnection,US-MIDA-PJM,284.3,351.04,45.69,12.23,pjm.com,false,
2022-10-22 14:00:00,USA,PJM Interconnection,US-MIDA-PJM,283.22,350.13,45.67,11.76,pjm.com,false,
2022-10-22 15:00:00,USA,PJM Interconnection,US-MIDA-PJM,279.01,345.17,46.48,11.66,pjm.com,false,
2022-10-22 16:00:00,USA,PJM Interconnection,US-MIDA-PJM,281.52,348.09,46.04,11.16,pjm.com,false,
2022-10-22 17:00:00,USA,PJM Interconnection,US-MIDA-PJM,280.9,347.55,46.02,11.01,pjm.com,false,
2022-10-22 18:00:00,USA,PJM Interconnection,US-MIDA-PJM,276.15,341.28,47.38,11.66,pjm.com,false,
2022-10-22 19:00:00,USA,PJM Interconnection,US-MIDA-PJM,276.2,340.97,47.56,11.96,pjm.com,false,
2022-10-22 20:00:00,USA,PJM Interconnection,US-MIDA-PJM,275.86,340.75,47.47,12.3,pjm.com,false,
2022-10-22 21:00:00,USA,PJM Interconnection,US-MIDA-PJM,281.81,348.43,45.82,11.6,pjm.com,false,
2022-10-22 22:00:00,USA,PJM Interconnection,US-MIDA-PJM,288.72,356.75,44.37,10.6,pjm.com,false,
2022-10-22 23:00:00,USA,PJM Interconnection,US-MIDA-PJM,293.45,362.16,43.6,10.42,pjm.com,false,
2022-10-23 00:00:00,USA,PJM Interconnection,US-MIDA-PJM,291.72,359.85,43.98,10.08,pjm.com,false,
2022-10-23 01:00:00,USA,PJM Interconnection,US-MIDA-PJM,290.69,357.76,44.76,10.02,pjm.com,false,
2022-10-23 02:00:00,USA,PJM Interconnection,US-MIDA-PJM,290.28,357.08,44.98,10.0,pjm.com,false,
2022-10-23 03:00:00,USA,PJM Interconnection,US-MIDA-PJM,284.58,349.08,46.98,10.55,pjm.com,false,
2022-10-23 04:00:00,USA,PJM Interconnection,US-MIDA-PJM,284.51,347.69,48.0,10.55,pjm.com,false,
2022-10-23 05:00:00,USA,PJM Interconnection,US-MIDA-PJM,289.92,354.33,46.81,8.89,pjm.com,false,
2022-10-23 06:00:00,USA,PJM Interconnection,US-MIDA-PJM,290.46,354.27,47.26,8.29,pjm.com,false,
2022-10-23 07:00:00,USA,PJM Interconnection,US-MIDA-PJM,288.87,352.13,47.74,8.62,pjm.com,false,
2022-10-23 08:00:00,USA,PJM Interconnection,US-MIDA-PJM,287.87,351.43,47.59,8.65,pjm.com,false,
2022-10-23 09:00:00,USA,PJM Interconnection,US-MIDA-PJM,288.63,352.01,47.67,9.2,pjm.com,false,
2022-10-23 10:00:00,USA,PJM Interconnection,US-MIDA-PJM,288.69,352.95,47.01,9.39,pjm.com,false,
2022-10-23 11:00:00,USA,PJM Interconnection,US-MIDA-PJM,293.43,359.16,45.7,8.66,pjm.com,false,
2022-10-23 12:00:00,USA,PJM Interconnection,US-MIDA-PJM,297.16,363.74,44.89,8.91,pjm.com,false,
2022-10-23 13:00:00,USA,PJM Interconnection,US-MIDA-PJM,295.67,362.18,45.09,9.65,pjm.com,false,
2022-10-23 14:00:00,USA,PJM Interconnection,US-MIDA-PJM,293.79,360.06,45.42,10.16,pjm.com,false,
2022-10-23 15:00:00,USA,PJM Interconnection,US-MIDA-PJM,292.55,358.54,45.72,10.35,pjm.com,false,
2022-10-23 16:00:00,USA,PJM Interconnection,US-MIDA-PJM,294.02,360.66,45.15,10.24,pjm.com,false,
2022-10-23 17:00:00,USA,PJM Interconnection,US-MIDA-PJM,290.61,356.49,45.91,10.81,pjm.com,false,
2022-10-23 18:00:00,USA,PJM Interconnection,US-MIDA-PJM,291.18,357.16,45.8,10.67,pjm.com,false,
2022-10-23 19:00:00,USA,PJM Interconnection,US-MIDA-PJM,291.48,357.94,45.41,10.8,pjm.com,false,
2022-10-23 20:00:00,USA,PJM Interconnection,US-MIDA-PJM,291.61,358.84,44.85,10.9,pjm.com,false,
2022-10-23 21:00:00,USA,PJM Interconnection,US-MIDA-PJM,295.78,363.97,43.86,10.5,pjm.com,false,
2022-10-23 22:00:00,USA,PJM Interconnection,US-MIDA-PJM,294.93,362.94,44.15,11.4,pjm.com,false,
2022-10-23 23:00:00,USA,PJM Interconnection,US-MIDA-PJM,300.13,368.94,43.29,11.41,pjm.com,false,
2022-10-24 00:00:00,USA,PJM Interconnection,US-MIDA-PJM,305.05,374.12,42.72,10.3,pjm.com,false,
2022-10-24 01:00:00,USA,PJM Interconnection,US-MIDA-PJM,305.5,373.64,43.25,9.38,pjm.com,false,
2022-10-24 02:00:00,USA,PJM Interconnection,US-MIDA-PJM,302.15,369.17,44.2,9.41,pjm.com,false,
2022-10-24 03:00:00,USA,PJM Interconnection,US-MIDA-PJM,293.7,358.0,46.65,9.84,pjm.com,false,
2022-10-24 04:00:00,USA,PJM Interconnection,US-MIDA-PJM,290.15,353.17,47.79,9.61,pjm.com,false,
2022-10-24 05:00:00,USA,PJM Interconnection,US-MIDA-PJM,289.93,352.76,47.96,8.95,pjm.com,false,
2022-10-24 06:00:00,USA,PJM Interconnection,US-MIDA-PJM,290.27,353.3,47.81,8.72,pjm.com,false,
2022-10-24 07:00:00,USA,PJM Interconnection,US-MIDA-PJM,293.9,357.8,46.98,7.73,pjm.com,false,
2022-10-24 08:00:00,USA,PJM Interconnection,US-MIDA-PJM,294.41,358.57,46.78,7.48,pjm.com,false,
2022-10-24 09:00:00,USA,PJM Interconnection,US-MIDA-PJM,300.43,366.66,44.93,7.31,pjm.com,false,
2022-10-24 10:00:00,USA,PJM Interconnection,US-MIDA-PJM,309.3,378.13,42.61,7.79,pjm.com,false,
2022-10-24 11:00:00,USA,PJM Interconnection,US-MIDA-PJM,314.14,383.88,41.83,9.36,pjm.com,false,
2022-10-24 12:00:00,USA,PJM Interconnection,US-MIDA-PJM,322.34,394.09,39.79,8.52,pjm.com,false,
2022-10-24 13:00:00,USA,PJM Interconnection,US-MIDA-PJM,322.44,394.28,39.75,8.34,pjm.com,false,
2022-10-24 14:00:00,USA,PJM Interconnection,US-MIDA-PJM,324.6,396.69,39.52,8.32,pjm.com,false,
2022-10-24 15:00:00,USA,PJM Interconnection,US-MIDA-PJM,323.85,395.58,39.86,8.63,pjm.com,false,
2022-10-24 16:00:00,USA,PJM Interconnection,US-MIDA-PJM,322.29,394.05,39.95,8.74,pjm.com,false,
2022-10-24 17:00:00,USA,PJM Interconnection,US-MIDA-PJM,321.79,393.29,40.16,9.06,pjm.com,false,
2022-10-24 18:00:00,USA,PJM Interconnection,US-MIDA-PJM,321.61,393.15,40.14,9.03,pjm.com,false,
2022-10-24 19:00:00,USA,PJM Interconnection,US-MIDA-PJM,319.71,390.76,40.56,9.5,pjm.com,false,
2022-10-24 20:00:00,USA,PJM Interconnection,US-MIDA-PJM,307.22,376.04,43.03,11.91,pjm.com,false,
2022-10-24 21:00:00,USA,PJM Interconnection,US-MIDA-PJM,307.83,377.61,42.27,11.69,pjm.com,false,
2022-10-24 22:00:00,USA,PJM Interconnection,US-MIDA-PJM,312.53,383.16,41.36,11.02,pjm.com,false,
2022-10-24 23:00:00,USA,PJM Interconnection,US-MIDA-PJM,320.43,391.36,40.69,10.64,pjm.com,false,
2022-10-25 00:00:00,USA,PJM Interconnection,US-MIDA-PJM,319.85,389.87,41.35,10.46,pjm.com,false,
2022-10-25 01:00:00,USA,PJM Interconnection,US-MIDA-PJM,322.35,392.06,41.29,9.04,pjm.com,false,
2022-10-25 02:00:00,USA,PJM Interconnection,US-MIDA-PJM,320.86,389.45,42.09,8.57,pjm.com,false,
2022-10-25 03:00:00,USA,PJM Interconnection,US-MIDA-PJM,312.73,379.89,43.53,8.49,pjm.com,false,
2022-10-25 04:00:00,USA,PJM Interconnection,US-MIDA-PJM,299.1,364.82,45.31,8.85,pjm.com,false,
2022-10-25 05:00:00,USA,PJM Interconnection,US-MIDA-PJM,289.05,353.98,46.43,8.79,pjm.com,false,
2022-10-25 06:00:00,USA,PJM Interconnection,US-MIDA-PJM,289.13,353.35,46.97,8.47,pjm.com,false,
2022-10-25 07:00:00,USA,PJM Interconnection,US-MIDA-PJM,290.81,355.45,46.58,8.32,pjm.com,false,
2022-10-25 08:00:00,USA,PJM Interconnection,US-MIDA-PJM,295.15,361.23,45.32,7.57,pjm.com,false,
2022-10-25 09:00:00,USA,PJM Interconnection,US-MIDA-PJM,300.5,367.99,44.01,6.66,pjm.com,false,
2022-10-25 10:00:00,USA,PJM Interconnection,US-MIDA-PJM,308.37,377.51,42.57,7.27,pjm.com,false,
2022-10-25 11:00:00,USA,PJM Interconnection,US-MIDA-PJM,318.76,389.22,41.22,8.19,pjm.com,false,
2022-10-25 12:00:00,USA,PJM Interconnection,US-MIDA-PJM,332.18,404.59,39.05,6.7,pjm.com,false,
2022-10-25 13:00:00,USA,PJM Interconnection,US-MIDA-PJM,338.9,412.89,37.57,4.99,pjm.com,false,
2022-10-25 14:00:00,USA,PJM Interconnection,US-MIDA-PJM,344.89,420.19,36.23,3.7,pjm.com,false,
2022-10-25 15:00:00,USA,PJM Interconnection,US-MIDA-PJM,342.47,417.11,36.86,4.66,pjm.com,false,
2022-10-25 16:00:00,USA,PJM Interconnection,US-MIDA-PJM,337.17,411.09,37.71,5.23,pjm.com,false,
2022-10-25 17:00:00,USA,PJM Interconnection,US-MIDA-PJM,336.8,410.23,37.97,5.54,pjm.com,false,
2022-10-25 18:00:00,USA,PJM Interconnection,US-MIDA-PJM,329.22,401.33,39.39,6.78,pjm.com,false,
2022-10-25 19:00:00,USA,PJM Interconnection,US-MIDA-PJM,320.16,390.82,41.02,8.59,pjm.com,false,
2022-10-25 20:00:00,USA,PJM Interconnection,US-MIDA-PJM,315.42,385.41,41.78,9.56,pjm.com,false,
2022-10-25 21:00:00,USA,PJM Interconnection,US-MIDA-PJM,316.76,387.27,41.35,9.5,pjm.com,false,
2022-10-25 22:00:00,USA,PJM Interconnection,US-MIDA-PJM,319.58,390.55,40.85,9.71,pjm.com,false,
2022-10-25 23:00:00,USA,PJM Interconnection,US-MIDA-PJM,320.08,390.45,41.35,10.38,pjm.com,false,
2022-10-26 00:00:00,USA,PJM Interconnection,US-MIDA-PJM,330.32,402.38,39.37,8.09,pjm.com,false,
2022-10-26 01:00:00,USA,PJM Interconnection,US-MIDA-PJM,331.74,403.0,39.67,6.82,pjm.com,false,
2022-10-26 02:00:00,USA,PJM Interconnection,US-MIDA-PJM,323.56,393.14,41.26,7.42,pjm.com,false,
2022-10-26 03:00:00,USA,PJM Interconnection,US-MIDA-PJM,310.94,377.56,44.06,8.6,pjm.com,false,
2022-10-26 04:00:00,USA,PJM Interconnection,US-MIDA-PJM,301.33,365.64,46.28,9.05,pjm.com,false,
2022-10-26 05:00:00,USA,PJM Interconnection,US-MIDA-PJM,293.06,355.46,48.1,10.24,pjm.com,false,
2022-10-26 06:00:00,USA,PJM Interconnection,US-MIDA-PJM,292.82,354.86,48.4,10.24,pjm.com,false,
2022-10-26 07:00:00,USA,PJM Interconnection,US-MIDA-PJM,294.31,356.38,48.3,9.8,pjm.com,false,
2022-10-26 08:00:00,USA,PJM Interconnection,US-MIDA-PJM,298.22,361.6,47.13,9.21,pjm.com,false,
2022-10-26 09:00:00,USA,PJM Interconnection,US-MIDA-PJM,304.63,370.01,45.32,8.19,pjm.com,false,
2022-10-26 10:00:00,USA,PJM Interconnection,US-MIDA-PJM,308.01,374.38,44.66,9.67,pjm.com,false,
2022-10-26 11:00:00,USA,PJM Interconnection,US-MIDA-PJM,313.39,381.51,43.17,10.43,pjm.com,false,
2022-10-26 12:00:00,USA,PJM Interconnection,US-MIDA-PJM,321.22,390.28,42.04,9.88,pjm.com,false,
2022-10-26 13:00:00,USA,PJM Interconnection,US-MIDA-PJM,333.42,403.51,40.62,9.19,pjm.com,false,
2022-10-26 14:00:00,USA,PJM Interconnection,US-MIDA-PJM,339.31,410.03,39.79,8.12,pjm.com,false,
2022-10-26 15:00:00,USA,PJM Interconnection,US-MIDA-PJM,333.82,403.8,40.67,8.79,pjm.com,false,
2022-10-26 16:00:00,USA,PJM Interconnection,US-MIDA-PJM,331.92,401.79,40.84,8.9,pjm.com,false,
2022-10-26 17:00:00,USA,PJM Interconnection,US-MIDA-PJM,333.95,404.25,40.43,8.57,pjm.com,false,
2022-10-26 18:00:00,USA,PJM Interconnection,US-MIDA-PJM,334.23,404.67,40.29,8.22,pjm.com,false,
2022-10-26 19:00:00,USA,PJM Interconnection,US-MIDA-PJM,331.22,401.28,40.77,8.28,pjm.com,false,
2022-10-26 20:00:00,USA,PJM Interconnection,US-MIDA-PJM,331.37,401.92,40.45,8.03,pjm.com,false,
2022-10-26 21:00:00,USA,PJM Interconnection,US-MIDA-PJM,330.65,401.51,40.33,8.58,pjm.com,false,
2022-10-26 22:00:00,USA,PJM Interconnection,US-MIDA-PJM,333.93,405.87,39.4,8.07,pjm.com,false,
2022-10-26 23:00:00,USA,PJM Interconnection,US-MIDA-PJM,336.87,409.19,39.0,8.12,pjm.com,false,
2022-10-27 00:00:00,USA,PJM Interconnection,US-MIDA-PJM,336.3,408.05,39.42,7.92,pjm.com,false,
2022-10-27 01:00:00,USA,PJM Interconnection,US-MIDA-PJM,347.12,420.54,37.34,4.75,pjm.com,false,
2022-10-27 02:00:00,USA,PJM Interconnection,US-MIDA-PJM,347.31,420.22,37.58,3.41,pjm.com,false,
2022-10-27 03:00:00,USA,PJM Interconnection,US-MIDA-PJM,338.85,409.97,39.33,3.46,pjm.com,false,
2022-10-27 04:00:00,USA,PJM Interconnection,US-MIDA-PJM,328.06,397.24,41.33,3.48,pjm.com,false,
2022-10-27 05:00:00,USA,PJM Interconnection,US-MIDA-PJM,326.45,395.57,41.47,3.38,pjm.com,false,
2022-10-27 06:00:00,USA,PJM Interconnection,US-MIDA-PJM,325.67,394.92,41.41,2.98,pjm.com,false,
2022-10-27 07:00:00,USA,PJM Interconnection,US-MIDA-PJM,325.14,394.04,41.7,3.12,pjm.com,false,
2022-10-27 08:00:00,USA,PJM Interconnection,US-MIDA-PJM,325.43,394.89,41.25,3.3,pjm.com,false,
2022-10-27 09:00:00,USA,PJM Interconnection,US-MIDA-PJM,326.22,395.98,41.02,3.92,pjm.com,false,
2022-10-27 10:00:00,USA,PJM Interconnection,US-MIDA-PJM,325.57,396.51,40.36,5.92,pjm.com,false,
2022-10-27 11:00:00,USA,PJM Interconnection,US-MIDA-PJM,333.29,405.94,38.83,6.36,pjm.com,false,
2022-10-27 12:00:00,USA,PJM Interconnection,US-MIDA-PJM,337.38,410.69,38.16,6.49,pjm.com,false,
2022-10-27 13:00:00,USA,PJM Interconnection,US-MIDA-PJM,336.19,408.36,39.09,6.86,pjm.com,false,
2022-10-27 14:00:00,USA,PJM Interconnection,US-MIDA-PJM,338.22,410.52,38.97,6.16,pjm.com,false,
2022-10-27 15:00:00,USA,PJM Interconnection,US-MIDA-PJM,331.47,401.9,40.63,6.92,pjm.com,false,
2022-10-27 16:00:00,USA,PJM Interconnection,US-MIDA-PJM,329.18,399.4,40.93,7.12,pjm.com,false,
2022-10-27 17:00:00,USA,PJM Interconnection,US-MIDA-PJM,329.73,399.74,41.11,6.82,pjm.com,false,
2022-10-27 18:00:00,USA,PJM Interconnection,US-MIDA-PJM,329.68,399.91,40.95,6.65,pjm.com,false,
2022-10-27 19:00:00,USA,PJM Interconnection,US-MIDA-PJM,327.63,398.02,40.96,7.05,pjm.com,false,
2022-10-27 20:00:00,USA,PJM Interconnection,US-MIDA-PJM,326.55,397.07,40.87,7.07,pjm.com,false,
2022-10-27 21:00:00,USA,PJM Interconnection,US-MIDA-PJM,328.3,399.87,39.96,6.72,pjm.com,false,
2022-10-27 22:00:00,USA,PJM Interconnection,US-MIDA-PJM,334.67,407.71,38.59,6.1,pjm.com,false,
2022-10-27 23:00:00,USA,PJM Interconnection,US-MIDA-PJM,336.03,409.07,38.48,6.85,pjm.com,false,
2022-10-28 00:00:00,USA,PJM Interconnection,US-MIDA-PJM,336.47,408.96,38.79,6.54,pjm.com,false,
2022-10-28 01:00:00,USA,PJM Interconnection,US-MIDA-PJM,332.98,404.05,39.95,6.9,pjm.com,false,
2022-10-28 02:00:00,USA,PJM Interconnection,US-MIDA-PJM,328.21,398.08,40.97,7.05,pjm.com,false,
2022-10-28 03:00:00,USA,PJM Interconnection,US-MIDA-PJM,319.63,386.7,43.54,7.89,pjm.com,false,
2022-10-28 04:00:00,USA,PJM Interconnection,US-MIDA-PJM,306.55,371.51,45.5,8.36,pjm.com,false,
2022-10-28 05:00:00,USA,PJM Interconnection,US-MIDA-PJM,307.97,373.65,44.91,7.53,pjm.com,false,
2022-10-28 06:00:00,USA,PJM Interconnection,US-MIDA-PJM,310.36,376.65,44.37,6.57,pjm.com,false,
2022-10-28 07:00:00,USA,PJM Interconnection,US-MIDA-PJM,307.47,374.03,44.25,6.34,pjm.com,false,
2022-10-28 08:00:00,USA,PJM Interconnection,US-MIDA-PJM,311.2,378.88,43.24,5.82,pjm.com,false,
2022-10-28 09:00:00,USA,PJM Interconnection,US-MIDA-PJM,314.52,383.19,42.34,5.6,pjm.com,false,
2022-10-28 10:00:00,USA,PJM Interconnection,US-MIDA-PJM,315.56,385.85,41.42,7.37,pjm.com,false,
2022-10-28 11:00:00,USA,PJM Interconnection,US-MIDA-PJM,325.57,397.88,39.87,7.86,pjm.com,false,
2022-10-28 12:00:00,USA,PJM Interconnection,US-MIDA-PJM,331.0,403.15,39.37,7.79,pjm.com,false,
2022-10-28 13:00:00,USA,PJM Interconnection,US-MIDA-PJM,334.93,407.42,38.93,7.09,pjm.com,false,
2022-10-28 14:00:00,USA,PJM Interconnection,US-MIDA-PJM,342.34,415.85,37.74,5.2,pjm.com,false,
2022-10-28 15:00:00,USA,PJM Interconnection,US-MIDA-PJM,347.53,421.82,36.91,4.04,pjm.com,false,
2022-10-28 16:00:00,USA,PJM Interconnection,US-MIDA-PJM,350.06,424.27,36.79,3.1,pjm.com,false,
2022-10-28 17:00:00,USA,PJM Interconnection,US-MIDA-PJM,348.21,422.07,37.13,2.98,pjm.com,false,
2022-10-28 18:00:00,USA,PJM Interconnection,US-MIDA-PJM,346.09,419.63,37.46,2.91,pjm.com,false,
2022-10-28 19:00:00,USA,PJM Interconnection,US-MIDA-PJM,344.2,417.5,37.7,2.8,pjm.com,false,
2022-10-28 20:00:00,USA,PJM Interconnection,US-MIDA-PJM,343.95,417.18,37.73,3.14,pjm.com,false,
2022-10-28 21:00:00,USA,PJM Interconnection,US-MIDA-PJM,343.79,417.49,37.36,2.89,pjm.com,false,
2022-10-28 22:00:00,USA,PJM Interconnection,US-MIDA-PJM,343.63,417.04,37.72,3.81,pjm.com,false,
2022-10-28 23:00:00,USA,PJM Interconnection,US-MIDA-PJM,350.39,424.81,36.54,3.34,pjm.com,false,
2022-10-29 00:00:00,USA,PJM Interconnection,US-MIDA-PJM,348.06,422.17,36.77,2.91,pjm.com,false,
2022-10-29 01:00:00,USA,PJM Interconnection,US-MIDA-PJM,346.74,420.65,36.92,2.46,pjm.com,false,
2022-10-29 02:00:00,USA,PJM Interconnection,US-MIDA-PJM,340.76,413.44,38.01,2.47,pjm.com,false,
2022-10-29 03:00:00,USA,PJM Interconnection,US-MIDA-PJM,329.48,400.36,39.93,2.95,pjm.com,false,
2022-10-29 04:00:00,USA,PJM Interconnection,US-MIDA-PJM,319.93,389.07,41.72,3.07,pjm.com,false,
2022-10-29 05:00:00,USA,PJM Interconnection,US-MIDA-PJM,314.36,383.32,42.15,3.08,pjm.com,false,
2022-10-29 06:00:00,USA,PJM Interconnection,US-MIDA-PJM,314.35,383.27,42.19,3.02,pjm.com,false,
2022-10-29 07:00:00,USA,PJM Interconnection,US-MIDA-PJM,310.13,378.84,42.55,2.65,pjm.com,false,
2022-10-29 08:00:00,USA,PJM Interconnection,US-MIDA-PJM,313.82,382.9,42.11,2.39,pjm.com,false,
2022-10-29 09:00:00,USA,PJM Interconnection,US-MIDA-PJM,316.87,386.72,41.39,2.27,pjm.com,false,
2022-10-29 10:00:00,USA,PJM Interconnection,US-MIDA-PJM,317.9,388.42,40.95,2.76,pjm.com,false,
2022-10-29 11:00:00,USA,PJM Interconnection,US-MIDA-PJM,317.28,388.08,40.91,3.87,pjm.com,false,
2022-10-29 12:00:00,USA,PJM Interconnection,US-MIDA-PJM,321.81,393.03,40.42,4.31,pjm.com,false,
2022-10-29 13:00:00,USA,PJM Interconnection,US-MIDA-PJM,317.22,387.7,41.31,5.22,pjm.com,false,
2022-10-29 14:00:00,USA,PJM Interconnection,US-MIDA-PJM,312.88,382.58,42.17,5.31,pjm.com,false,
2022-10-29 15:00:00,USA,PJM Interconnection,US-MIDA-PJM,313.13,382.8,42.23,4.64,pjm.com,false,
2022-10-29 16:00:00,USA,PJM Interconnection,US-MIDA-PJM,315.76,386.08,41.54,3.96,pjm.com,false,
2022-10-29 17:00:00,USA,PJM Interconnection,US-MIDA-PJM,314.54,384.62,41.77,3.96,pjm.com,false,
2022-10-29 18:00:00,USA,PJM Interconnection,US-MIDA-PJM,314.42,384.45,41.81,4.01,pjm.com,false,
2022-10-29 19:00:00,USA,PJM Interconnection,US-MIDA-PJM,313.99,384.27,41.61,3.9,pjm.com,false,
2022-10-29 20:00:00,USA,PJM Interconnection,US-MIDA-PJM,317.08,387.22,41.55,3.84,pjm.com,false,
2022-10-29 21:00:00,USA,PJM Interconnection,US-MIDA-PJM,324.51,395.64,40.33,2.55,pjm.com,false,
2022-10-29 22:00:00,USA,PJM Interconnection,US-MIDA-PJM,321.06,391.96,40.72,3.61,pjm.com,false,
2022-10-29 23:00:00,USA,PJM Interconnection,US-MIDA-PJM,319.28,390.3,40.75,4.67,pjm.com,false,
2022-10-30 00:00:00,USA,PJM Interconnection,US-MIDA-PJM,315.28,386.41,40.79,4.39,pjm.com,false,
2022-10-30 01:00:00,USA,PJM Interconnection,US-MIDA-PJM,317.49,388.77,40.4,3.83,pjm.com,false,
2022-10-30 02:00:00,USA,PJM Interconnection,US-MIDA-PJM,315.72,386.43,40.8,3.89,pjm.com,false,
2022-10-30 03:00:00,USA,PJM Interconnection,US-MIDA-PJM,310.0,378.98,42.4,4.27,pjm.com,false,
2022-10-30 04:00:00,USA,PJM Interconnection,US-MIDA-PJM,306.29,374.59,43.13,4.42,pjm.com,false,
2022-10-30 05:00:00,USA,PJM Interconnection,US-MIDA-PJM,309.51,378.26,42.64,4.17,pjm.com,false,
2022-10-30 06:00:00,USA,PJM Interconnection,US-MIDA-PJM,313.6,382.53,42.27,3.4,pjm.com,false,
2022-10-30 07:00:00,USA,PJM Interconnection,US-MIDA-PJM,317.29,386.55,41.84,2.68,pjm.com,false,
2022-10-30 08:00:00,USA,PJM Interconnection,US-MIDA-PJM,320.15,390.14,41.16,2.15,pjm.com,false,
2022-10-30 09:00:00,USA,PJM Interconnection,US-MIDA-PJM,322.76,393.11,40.78,2.36,pjm.com,false,
2022-10-30 10:00:00,USA,PJM Interconnection,US-MIDA-PJM,322.2,392.75,40.69,3.11,pjm.com,false,
2022-10-30 11:00:00,USA,PJM Interconnection,US-MIDA-PJM,324.55,395.95,40.01,3.2,pjm.com,false,
2022-10-30 12:00:00,USA,PJM Interconnection,US-MIDA-PJM,325.88,397.4,39.95,4.24,pjm.com,false,
2022-10-30 13:00:00,USA,PJM Interconnection,US-MIDA-PJM,323.64,394.53,40.62,4.97,pjm.com,false,
2022-10-30 14:00:00,USA,PJM Interconnection,US-MIDA-PJM,324.19,394.77,40.92,5.33,pjm.com,false,
2022-10-30 15:00:00,USA,PJM Interconnection,US-MIDA-PJM,327.58,398.75,40.3,4.46,pjm.com,false,
2022-10-30 16:00:00,USA,PJM Interconnection,US-MIDA-PJM,325.3,396.23,40.6,4.36,pjm.com,false,
2022-10-30 17:00:00,USA,PJM Interconnection,US-MIDA-PJM,324.98,395.94,40.57,4.09,pjm.com,false,
2022-10-30 18:00:00,USA,PJM Interconnection,US-MIDA-PJM,329.2,400.28,40.2,3.92,pjm.com,false,
2022-10-30 19:00:00,USA,PJM Interconnection,US-MIDA-PJM,330.06,401.2,40.06,3.66,pjm.com,false,
2022-10-30 20:00:00,USA,PJM Interconnection,US-MIDA-PJM,329.6,400.85,39.98,3.49,pjm.com,false,
2022-10-30 21:00:00,USA,PJM Interconnection,US-MIDA-PJM,330.14,401.46,39.91,4.31,pjm.com,false,
2022-10-30 22:00:00,USA,PJM Interconnection,US-MIDA-PJM,332.23,403.7,39.77,5.34,pjm.com,false,
2022-10-30 23:00:00,USA,PJM Interconnection,US-MIDA-PJM,338.44,411.09,38.54,5.19,pjm.com,false,
2022-10-31 00:00:00,USA,PJM Interconnection,US-MIDA-PJM,340.31,412.89,38.48,4.56,pjm.com,false,
2022-10-31 01:00:00,USA,PJM Interconnection,US-MIDA-PJM,341.22,413.39,38.62,3.49,pjm.com,false,
2022-10-31 02:00:00,USA,PJM Interconnection,US-MIDA-PJM,344.35,416.55,38.35,2.33,pjm.com,false,
2022-10-31 03:00:00,USA,PJM Interconnection,US-MIDA-PJM,346.71,419.0,38.2,1.93,pjm.com,false,
2022-10-31 04:00:00,USA,PJM Interconnection,US-MIDA-PJM,340.42,411.04,39.76,1.87,pjm.com,false,
2022-10-31 05:00:00,USA,PJM Interconnection,US-MIDA-PJM,340.21,411.3,39.43,1.72,pjm.com,false,
2022-10-31 06:00:00,USA,PJM Interconnection,US-MIDA-PJM,334.9,405.47,40.04,1.84,pjm.com,false,
2022-10-31 07:00:00,USA,PJM Interconnection,US-MIDA-PJM,335.98,406.96,39.63,1.62,pjm.com,false,
2022-10-31 08:00:00,USA,PJM Interconnection,US-MIDA-PJM,335.96,407.74,39.04,1.64,pjm.com,false,
2022-10-31 09:00:00,USA,PJM Interconnection,US-MIDA-PJM,337.03,409.57,38.42,1.73,pjm.com,false,
2022-10-31 10:00:00,USA,PJM Interconnection,US-MIDA-PJM,339.04,413.65,36.89,2.56,pjm.com,false,
2022-10-31 11:00:00,USA,PJM Interconnection,US-MIDA-PJM,341.83,416.69,36.7,4.89,pjm.com,false,
2022-10-31 12:00:00,USA,PJM Interconnection,US-MIDA-PJM,347.79,423.08,36.04,4.38,pjm.com,false,
2022-10-31 13:00:00,USA,PJM Interconnection,US-MIDA-PJM,345.45,419.97,36.79,5.01,pjm.com,false,
2022-10-31 14:00:00,USA,PJM Interconnection,US-MIDA-PJM,340.11,413.95,37.71,6.33,pjm.com,false,
2022-10-31 15:00:00,USA,PJM Interconnection,US-MIDA-PJM,341.61,415.79,37.36,5.98,pjm.com,false,
2022-10-31 16:00:00,USA,PJM Interconnection,US-MIDA-PJM,344.21,418.98,36.75,5.24,pjm.com,false,
2022-10-31 17:00:00,USA,PJM Interconnection,US-MIDA-PJM,346.4,421.39,36.41,4.93,pjm.com,false,
2022-10-31 18:00:00,USA,PJM Interconnection,US-MIDA-PJM,344.12,419.35,36.33,4.63,pjm.com,false,
2022-10-31 19:00:00,USA,PJM Interconnection,US-MIDA-PJM,346.04,421.3,36.18,4.26,pjm.com,false,
2022-10-31 20:00:00,USA,PJM Interconnection,US-MIDA-PJM,345.8,420.79,36.36,4.47,pjm.com,false,
2022-10-31 21:00:00,USA,PJM Interconnection,US-MIDA-PJM,348.36,423.74,35.91,4.03,pjm.com,false,
2022-10-31 22:00:00,USA,PJM Interconnection,US-MIDA-PJM,345.13,420.51,36.12,4.3,pjm.com,false,
2022-10-31 23:00:00,USA,PJM Interconnection,US-MIDA-PJM,337.09,412.02,36.9,4.98,pjm.com,false,
2022-11-01 00:00:00,USA,PJM Interconnection,US-MIDA-PJM,333.89,408.53,37.24,4.75,pjm.com,false,
2022-11-01 01:00:00,USA,PJM Interconnection,US-MIDA-PJM,338.44,412.97,36.92,3.02,pjm.com,false,
2022-11-01 02:00:00,USA,PJM Interconnection,US-MIDA-PJM,339.03,412.75,37.4,2.51,pjm.com,false,
2022-11-01 03:00:00,USA,PJM Interconnection,US-MIDA-PJM,330.9,402.37,39.5,3.06,pjm.com,false,
2022-11-01 04:00:00,USA,PJM Interconnection,US-MIDA-PJM,323.77,393.05,41.48,3.46,pjm.com,false,
2022-11-01 05:00:00,USA,PJM Interconnection,US-MIDA-PJM,320.84,389.49,42.1,3.67,pjm.com,false,
2022-11-01 06:00:00,USA,PJM Interconnection,US-MIDA-PJM,319.13,387.69,42.28,3.18,pjm.com,false,
2022-11-01 07:00:00,USA,PJM Interconnection,US-MIDA-PJM,317.94,386.5,42.34,3.02,pjm.com,false,
2022-11-01 08:00:00,USA,PJM Interconnection,US-MIDA-PJM,319.27,388.45,41.82,2.79,pjm.com,false,
2022-11-01 09:00:00,USA,PJM Interconnection,US-MIDA-PJM,325.02,395.29,40.71,2.4,pjm.com,false,
2022-11-01 10:00:00,USA,PJM Interconnection,US-MIDA-PJM,327.89,399.6,39.64,3.6,pjm.com,false,
2022-11-01 11:00:00,USA,PJM Interconnection,US-MIDA-PJM,328.69,401.41,39.09,5.13,pjm.com,false,
2022-11-01 12:00:00,USA,PJM Interconnection,US-MIDA-PJM,338.37,411.94,37.93,4.52,pjm.com,false,
2022-11-01 13:00:00,USA,PJM Interconnection,US-MIDA-PJM,339.69,413.26,37.86,4.46,pjm.com,false,
2022-11-01 14:00:00,USA,PJM Interconnection,US-MIDA-PJM,343.65,418.03,37.09,3.65,pjm.com,false,
2022-11-01 15:00:00,USA,PJM Interconnection,US-MIDA-PJM,343.56,417.61,37.37,3.79,pjm.com,false,
2022-11-01 16:00:00,USA,PJM Interconnection,US-MIDA-PJM,343.18,417.21,37.44,4.1,pjm.com,false,
2022-11-01 17:00:00,USA,PJM Interconnection,US-MIDA-PJM,344.31,418.43,37.33,4.36,pjm.com,false,
2022-11-01 18:00:00,USA,PJM Interconnection,US-MIDA-PJM,345.46,419.47,37.36,4.39,pjm.com,false,
2022-11-01 19:00:00,USA,PJM Interconnection,US-MIDA-PJM,338.36,411.54,38.31,4.92,pjm.com,false,
2022-11-01 20:00:00,USA,PJM Interconnection,US-MIDA-PJM,339.38,413.0,37.93,4.7,pjm.com,false,
2022-11-01 21:00:00,USA,PJM Interconnection,US-MIDA-PJM,338.2,411.74,38.1,5.61,pjm.com,false,
2022-11-01 22:00:00,USA,PJM Interconnection,US-MIDA-PJM,343.35,417.94,37.03,5.23,pjm.com,false,
2022-11-01 23:00:00,USA,PJM Interconnection,US-MIDA-PJM,346.7,421.89,36.38,5.0,pjm.com,false,
2022-11-02 00:00:00,USA,PJM Interconnection,US-MIDA-PJM,345.25,419.76,36.84,4.45,pjm.com,false,
2022-11-02 01:00:00,USA,PJM Interconnection,US-MIDA-PJM,347.48,421.43,36.99,3.38,pjm.com,false,
2022-11-02 02:00:00,USA,PJM Interconnection,US-MIDA-PJM,341.18,413.93,38.08,2.61,pjm.com,false,
2022-11-02 03:00:00,USA,PJM Interconnection,US-MIDA-PJM,330.64,401.47,40.0,3.32,pjm.com,false,
2022-11-02 04:00:00,USA,PJM Interconnection,US-MIDA-PJM,322.67,391.31,42.03,3.98,pjm.com,false,
2022-11-02 05:00:00,USA,PJM Interconnection,US-MIDA-PJM,318.76,387.59,42.1,4.0,pjm.com,false,
2022-11-02 06:00:00,USA,PJM Interconnection,US-MIDA-PJM,315.83,384.09,42.68,4.0,pjm.com,false,
2022-11-02 07:00:00,USA,PJM Interconnection,US-MIDA-PJM,316.43,384.63,42.71,3.87,pjm.com,false,
2022-11-02 08:00:00,USA,PJM Interconnection,US-MIDA-PJM,317.04,385.64,42.37,3.81,pjm.com,false,
2022-11-02 09:00:00,USA,PJM Interconnection,US-MIDA-PJM,324.92,395.13,40.8,3.25,pjm.com,false,
2022-11-02 10:00:00,USA,PJM Interconnection,US-MIDA-PJM,326.25,397.68,39.94,4.45,pjm.com,false,
2022-11-02 11:00:00,USA,PJM Interconnection,US-MIDA-PJM,328.04,401.1,38.79,5.67,pjm.com,false,
2022-11-02 12:00:00,USA,PJM Interconnection,US-MIDA-PJM,330.22,403.25,38.76,6.05,pjm.com,false,
2022-11-02 13:00:00,USA,PJM Interconnection,US-MIDA-PJM,334.55,407.75,38.64,5.61,pjm.com,false,
2022-11-02 14:00:00,USA,PJM Interconnection,US-MIDA-PJM,331.29,403.84,39.11,5.49,pjm.com,false,
2022-11-02 15:00:00,USA,PJM Interconnection,US-MIDA-PJM,336.99,410.52,38.15,4.35,pjm.com,false,
2022-11-02 16:00:00,USA,PJM Interconnection,US-MIDA-PJM,337.55,410.94,38.17,4.39,pjm.com,false,
2022-11-02 17:00:00,USA,PJM Interconnection,US-MIDA-PJM,335.58,409.24,38.05,4.72,pjm.com,false,
2022-11-02 18:00:00,USA,PJM Interconnection,US-MIDA-PJM,336.05,409.66,38.09,4.58,pjm.com,false,
2022-11-02 19:00:00,USA,PJM Interconnection,US-MIDA-PJM,340.09,414.42,37.27,3.82,pjm.com,false,
2022-11-02 20:00:00,USA,PJM Interconnection,US-MIDA-PJM,340.27,414.7,37.18,4.13,pjm.com,false,
2022-11-02 21:00:00,USA,PJM Interconnection,US-MIDA-PJM,336.28,410.01,37.94,5.27,pjm.com,false,
2022-11-02 22:00:00,USA,PJM Interconnection,US-MIDA-PJM,336.97,411.41,37.38,5.51,pjm.com,false,
2022-11-02 23:00:00,USA,PJM Interconnection,US-MIDA-PJM,339.29,413.81,37.14,5.75,pjm.com,false,
2022-11-03 00:00:00,USA,PJM Interconnection,US-MIDA-PJM,337.43,410.94,37.84,5.54,pjm.com,false,
2022-11-03 01:00:00,USA,PJM Interconnection,US-MIDA-PJM,328.55,400.13,39.66,6.08,pjm.com,false,
2022-11-03 02:00:00,USA,PJM Interconnection,US-MIDA-PJM,319.47,389.32,41.3,6.84,pjm.com,false,
2022-11-03 03:00:00,USA,PJM Interconnection,US-MIDA-PJM,312.77,381.56,42.41,7.16,pjm.com,false,
2022-11-03 04:00:00,USA,PJM Interconnection,US-MIDA-PJM,301.45,368.19,44.53,7.36,pjm.com,false,
2022-11-03 05:00:00,USA,PJM Interconnection,US-MIDA-PJM,295.82,362.31,45.02,7.25,pjm.com,false,
2022-11-03 06:00:00,USA,PJM Interconnection,US-MIDA-PJM,294.22,359.8,45.79,7.5,pjm.com,false,
2022-11-03 07:00:00,USA,PJM Interconnection,US-MIDA-PJM,291.08,355.59,46.73,7.89,pjm.com,false,
2022-11-03 08:00:00,USA,PJM Interconnection,US-MIDA-PJM,295.69,361.69,45.39,7.16,pjm.com,false,
2022-11-03 09:00:00,USA,PJM Interconnection,US-MIDA-PJM,304.19,371.81,43.75,6.26,pjm.com,false,
2022-11-03 10:00:00,USA,PJM Interconnection,US-MIDA-PJM,303.98,371.82,43.83,9.03,pjm.com,false,
2022-11-03 11:00:00,USA,PJM Interconnection,US-MIDA-PJM,311.61,381.97,41.63,9.3,pjm.com,false,
2022-11-03 12:00:00,USA,PJM Interconnection,US-MIDA-PJM,316.63,387.62,40.9,9.08,pjm.com,false,
2022-11-03 13:00:00,USA,PJM Interconnection,US-MIDA-PJM,316.98,388.51,40.49,8.17,pjm.com,false,
2022-11-03 14:00:00,USA,PJM Interconnection,US-MIDA-PJM,314.55,385.8,40.9,7.72,pjm.com,false,
2022-11-03 15:00:00,USA,PJM Interconnection,US-MIDA-PJM,314.79,385.59,41.25,7.43,pjm.com,false,
2022-11-03 16:00:00,USA,PJM Interconnection,US-MIDA-PJM,313.41,383.68,41.67,8.12,pjm.com,false,
2022-11-03 17:00:00,USA,PJM Interconnection,US-MIDA-PJM,311.55,381.22,42.19,8.77,pjm.com,false,
2022-11-03 18:00:00,USA,PJM Interconnection,US-MIDA-PJM,305.95,374.93,42.98,9.5,pjm.com,false,
2022-11-03 19:00:00,USA,PJM Interconnection,US-MIDA-PJM,309.5,378.87,42.46,9.2,pjm.com,false,
2022-11-03 20:00:00,USA,PJM Interconnection,US-MIDA-PJM,306.97,376.05,42.84,9.84,pjm.com,false,
2022-11-03 21:00:00,USA,PJM Interconnection,US-MIDA-PJM,305.57,375.0,42.61,9.99,pjm.com,false,
2022-11-03 22:00:00,USA,PJM Interconnection,US-MIDA-PJM,305.1,375.31,42.04,10.11,pjm.com,false,
2022-11-03 23:00:00,USA,PJM Interconnection,US-MIDA-PJM,307.67,377.46,42.21,10.69,pjm.com,false,
2022-11-04 00:00:00,USA,PJM Interconnection,US-MIDA-PJM,306.97,376.4,42.39,10.31,pjm.com,false,
2022-11-04 01:00:00,USA,PJM Interconnection,US-MIDA-PJM,299.29,367.05,43.9,10.01,pjm.com,false,
2022-11-04 02:00:00,USA,PJM Interconnection,US-MIDA-PJM,292.48,358.52,45.44,10.11,pjm.com,false,
2022-11-04 03:00:00,USA,PJM Interconnection,US-MIDA-PJM,285.36,348.99,47.6,10.58,pjm.com,false,
2022-11-04 04:00:00,USA,PJM Interconnection,US-MIDA-PJM,283.82,345.56,49.19,11.09,pjm.com,false,
2022-11-04 05:00:00,USA,PJM Interconnection,US-MIDA-PJM,281.91,342.37,50.27,11.54,pjm.com,false,
2022-11-04 06:00:00,USA,PJM Interconnection,US-MIDA-PJM,277.35,337.51,50.7,11.56,pjm.com,false,
2022-11-04 07:00:00,USA,PJM Interconnection,US-MIDA-PJM,270.27,329.79,51.44,11.6,pjm.com,false,
2022-11-04 08:00:00,USA,PJM Interconnection,US-MIDA-PJM,273.03,333.4,50.69,11.26,pjm.com,false,
2022-11-04 09:00:00,USA,PJM Interconnection,US-MIDA-PJM,279.19,341.25,49.11,10.94,pjm.com,false,
2022-11-04 10:00:00,USA,PJM Interconnection,US-MIDA-PJM,287.07,350.93,47.55,11.92,pjm.com,false,
2022-11-04 11:00:00,USA,PJM Interconnection,US-MIDA-PJM,290.47,356.31,46.01,12.59,pjm.com,false,
2022-11-04 12:00:00,USA,PJM Interconnection,US-MIDA-PJM,302.38,370.07,43.95,11.44,pjm.com,false,
2022-11-04 13:00:00,USA,PJM Interconnection,US-MIDA-PJM,308.33,376.47,43.32,10.32,pjm.com,false,
2022-11-04 14:00:00,USA,PJM Interconnection,US-MIDA-PJM,307.71,375.77,43.47,10.72,pjm.com,false,
2022-11-04 15:00:00,USA,PJM Interconnection,US-MIDA-PJM,304.26,371.23,44.5,11.42,pjm.com,false,
2022-11-04 16:00:00,USA,PJM Interconnection,US-MIDA-PJM,306.89,374.25,44.08,11.38,pjm.com,false,
2022-11-04 17:00:00,USA,PJM Interconnection,US-MIDA-PJM,305.91,372.81,44.49,11.47,pjm.com,false,
2022-11-04 18:00:00,USA,PJM Interconnection,US-MIDA-PJM,305.51,372.88,44.14,11.53,pjm.com,false,
2022-11-04 19:00:00,USA,PJM Interconnection,US-MIDA-PJM,307.64,375.54,43.68,11.92,pjm.com,false,
2022-11-04 20:00:00,USA,PJM Interconnection,US-MIDA-PJM,305.11,373.33,43.7,12.2,pjm.com,false,
2022-11-04 21:00:00,USA,PJM Interconnection,US-MIDA-PJM,302.02,369.62,44.31,12.89,pjm.com,false,
2022-11-04 22:00:00,USA,PJM Interconnection,US-MIDA-PJM,298.74,366.1,44.56,13.55,pjm.com,false,
2022-11-04 23:00:00,USA,PJM Interconnection,US-MIDA-PJM,305.01,372.82,43.82,12.67,pjm.com,false,
2022-11-05 00:00:00,USA,PJM Interconnection,US-MIDA-PJM,306.26,373.9,43.79,11.69,pjm.com,false,
2022-11-05 01:00:00,USA,PJM Interconnection,US-MIDA-PJM,306.49,373.97,43.78,10.57,pjm.com,false,
2022-11-05 02:00:00,USA,PJM Interconnection,US-MIDA-PJM,306.25,372.87,44.7,10.58,pjm.com,false,
2022-11-05 03:00:00,USA,PJM Interconnection,US-MIDA-PJM,296.16,360.14,47.2,11.3,pjm.com,false,
2022-11-05 04:00:00,USA,PJM Interconnection,US-MIDA-PJM,285.06,346.34,49.42,11.81,pjm.com,false,
2022-11-05 05:00:00,USA,PJM Interconnection,US-MIDA-PJM,277.72,338.29,50.33,11.84,pjm.com,false,
2022-11-05 06:00:00,USA,PJM Interconnection,US-MIDA-PJM,275.13,336.25,50.08,10.7,pjm.com,false,
2022-11-05 07:00:00,USA,PJM Interconnection,US-MIDA-PJM,266.21,325.87,51.62,11.29,pjm.com,false,
2022-11-05 08:00:00,USA,PJM Interconnection,US-MIDA-PJM,259.87,318.76,52.48,12.26,pjm.com,false,
2022-11-05 09:00:00,USA,PJM Interconnection,US-MIDA-PJM,260.09,318.98,52.48,12.7,pjm.com,false,
2022-11-05 10:00:00,USA,PJM Interconnection,US-MIDA-PJM,265.33,325.73,51.15,12.76,pjm.com,false,
2022-11-05 11:00:00,USA,PJM Interconnection,US-MIDA-PJM,273.55,336.71,48.69,11.96,pjm.com,false,
2022-11-05 12:00:00,USA,PJM Interconnection,US-MIDA-PJM,278.81,342.69,47.99,11.75,pjm.com,false,
2022-11-05 13:00:00,USA,PJM Interconnection,US-MIDA-PJM,274.3,337.89,48.63,13.18,pjm.com,false,
2022-11-05 14:00:00,USA,PJM Interconnection,US-MIDA-PJM,279.56,344.71,47.21,12.82,pjm.com,false,
2022-11-05 15:00:00,USA,PJM Interconnection,US-MIDA-PJM,282.16,348.07,46.51,12.58,pjm.com,false,
2022-11-05 16:00:00,USA,PJM Interconnection,US-MIDA-PJM,283.25,348.96,46.59,12.67,pjm.com,false,
2022-11-05 17:00:00,USA,PJM Interconnection,US-MIDA-PJM,284.2,350.29,46.26,12.56,pjm.com,false,
2022-11-05 18:00:00,USA,PJM Interconnection,US-MIDA-PJM,283.72,349.58,46.47,12.3,pjm.com,false,
2022-11-05 19:00:00,USA,PJM Interconnection,US-MIDA-PJM,287.22,354.02,45.54,11.54,pjm.com,false,
2022-11-05 20:00:00,USA,PJM Interconnection,US-MIDA-PJM,286.48,353.51,45.38,12.04,pjm.com,false,
2022-11-05 21:00:00,USA,PJM Interconnection,US-MIDA-PJM,282.86,349.73,45.67,12.66,pjm.com,false,
2022-11-05 22:00:00,USA,PJM Interconnection,US-MIDA-PJM,277.69,343.69,46.68,14.35,pjm.com,false,
2022-11-05 23:00:00,USA,PJM Interconnection,US-MIDA-PJM,284.17,351.03,45.6,13.49,pjm.com,false,
2022-11-06 00:00:00,USA,PJM Interconnection,US-MIDA-PJM,287.95,355.21,45.01,12.01,pjm.com,false,
2022-11-06 01:00:00,USA,PJM Interconnection,US-MIDA-PJM,288.93,355.97,45.06,11.0,pjm.com,false,
2022-11-06 02:00:00,USA,PJM Interconnection,US-MIDA-PJM,286.24,352.05,46.03,10.76,pjm.com,false,
2022-11-06 03:00:00,USA,PJM Interconnection,US-MIDA-PJM,284.61,349.27,46.98,10.31,pjm.com,false,
2022-11-06 04:00:00,USA,PJM Interconnection,US-MIDA-PJM,279.8,343.16,48.38,10.1,pjm.com,false,
2022-11-06 05:00:00,USA,PJM Interconnection,US-MIDA-PJM,272.04,333.12,50.46,10.46,pjm.com,false,
2022-11-06 06:00:00,USA,PJM Interconnection,US-MIDA-PJM,271.34,332.67,50.35,9.39,pjm.com,false,
2022-11-06 07:00:00,USA,PJM Interconnection,US-MIDA-PJM,269.77,330.49,50.87,9.12,pjm.com,false,
2022-11-06 08:00:00,USA,PJM Interconnection,US-MIDA-PJM,271.15,331.9,50.81,8.84,pjm.com,false,
2022-11-06 09:00:00,USA,PJM Interconnection,US-MIDA-PJM,270.23,330.96,50.84,9.02,pjm.com,false,
2022-11-06 10:00:00,USA,PJM Interconnection,US-MIDA-PJM,273.37,334.92,50.07,8.99,pjm.com,false,
2022-11-06 11:00:00,USA,PJM Interconnection,US-MIDA-PJM,275.62,337.88,49.41,9.4,pjm.com,false,
2022-11-06 12:00:00,USA,PJM Interconnection,US-MIDA-PJM,277.76,340.51,49.03,9.88,pjm.com,false,
2022-11-06 13:00:00,USA,PJM Interconnection,US-MIDA-PJM,276.02,339.69,48.66,11.18,pjm.com,false,
2022-11-06 14:00:00,USA,PJM Interconnection,US-MIDA-PJM,280.48,346.47,46.7,10.66,pjm.com,false,
2022-11-06 15:00:00,USA,PJM Interconnection,US-MIDA-PJM,282.76,349.38,46.07,10.64,pjm.com,false,
2022-11-06 16:00:00,USA,PJM Interconnection,US-MIDA-PJM,284.59,352.02,45.39,10.56,pjm.com,false,
2022-11-06 17:00:00,USA,PJM Interconnection,US-MIDA-PJM,288.79,357.23,44.43,10.24,pjm.com,false,
2022-11-06 18:00:00,USA,PJM Interconnection,US-MIDA-PJM,296.61,366.25,43.12,9.14,pjm.com,false,
2022-11-06 19:00:00,USA,PJM Interconnection,US-MIDA-PJM,304.47,375.64,41.59,7.78,pjm.com,false,
2022-11-06 20:00:00,USA,PJM Interconnection,US-MIDA-PJM,306.5,377.72,41.43,7.76,pjm.com,false,
2022-11-06 21:00:00,USA,PJM Interconnection,US-MIDA-PJM,302.57,374.12,41.53,8.67,pjm.com,false,
2022-11-06 22:00:00,USA,PJM Interconnection,US-MIDA-PJM,317.32,391.59,38.74,7.05,pjm.com,false,
2022-11-06 23:00:00,USA,PJM Interconnection,US-MIDA-PJM,320.6,394.8,39.01,7.65,pjm.com,false,
2022-11-07 00:00:00,USA,PJM Interconnection,US-MIDA-PJM,316.93,389.92,39.7,7.84,pjm.com,false,
2022-11-07 01:00:00,USA,PJM Interconnection,US-MIDA-PJM,316.58,388.99,40.05,7.37,pjm.com,false,
2022-11-07 02:00:00,USA,PJM Interconnection,US-MIDA-PJM,316.58,387.58,40.92,6.68,pjm.com,false,
2022-11-07 03:00:00,USA,PJM Interconnection,US-MIDA-PJM,311.01,380.29,42.39,6.54,pjm.com,false,
2022-11-07 04:00:00,USA,PJM Interconnection,US-MIDA-PJM,304.05,371.51,44.09,6.57,pjm.com,false,
2022-11-07 05:00:00,USA,PJM Interconnection,US-MIDA-PJM,294.1,359.94,45.67,6.83,pjm.com,false,
2022-11-07 06:00:00,USA,PJM Interconnection,US-MIDA-PJM,280.29,344.37,47.7,7.96,pjm.com,false,
2022-11-07 07:00:00,USA,PJM Interconnection,US-MIDA-PJM,272.21,334.46,49.48,8.86,pjm.com,false,
2022-11-07 08:00:00,USA,PJM Interconnection,US-MIDA-PJM,270.83,332.53,49.94,9.24,pjm.com,false,
2022-11-07 09:00:00,USA,PJM Interconnection,US-MIDA-PJM,277.41,340.88,48.31,8.81,pjm.com,false,
2022-11-07 10:00:00,USA,PJM Interconnection,US-MIDA-PJM,286.99,352.95,45.99,7.81,pjm.com,false,
2022-11-07 11:00:00,USA,PJM Interconnection,US-MIDA-PJM,301.25,370.71,42.78,7.12,pjm.com,false,
2022-11-07 12:00:00,USA,PJM Interconnection,US-MIDA-PJM,317.24,389.31,40.04,6.36,pjm.com,false,
2022-11-07 13:00:00,USA,PJM Interconnection,US-MIDA-PJM,321.99,394.47,39.6,6.79,pjm.com,false,
2022-11-07 14:00:00,USA,PJM Interconnection,US-MIDA-PJM,324.22,396.93,39.41,6.64,pjm.com,false,
2022-11-07 15:00:00,USA,PJM Interconnection,US-MIDA-PJM,323.84,395.92,39.97,7.2,pjm.com,false,
2022-11-07 16:00:00,USA,PJM Interconnection,US-MIDA-PJM,323.81,396.05,39.91,7.32,pjm.com,false,
2022-11-07 17:00:00,USA,PJM Interconnection,US-MIDA-PJM,323.09,395.4,39.95,7.64,pjm.com,false,
2022-11-07 18:00:00,USA,PJM Interconnection,US-MIDA-PJM,325.54,398.45,39.42,7.44,pjm.com,false,
2022-11-07 19:00:00,USA,PJM Interconnection,US-MIDA-PJM,329.16,402.61,38.8,6.81,pjm.com,false,
2022-11-07 20:00:00,USA,PJM Interconnection,US-MIDA-PJM,329.73,403.46,38.57,6.79,pjm.com,false,
2022-11-07 21:00:00,USA,PJM Interconnection,US-MIDA-PJM,337.89,412.99,37.24,5.59,pjm.com,false,
2022-11-07 22:00:00,USA,PJM Interconnection,US-MIDA-PJM,334.41,409.67,37.35,6.08,pjm.com,false,
2022-11-07 23:00:00,USA,PJM Interconnection,US-MIDA-PJM,332.73,407.68,37.45,6.22,pjm.com,false,
2022-11-08 00:00:00,USA,PJM Interconnection,US-MIDA-PJM,320.91,393.31,39.94,8.06,pjm.com,false,
2022-11-08 01:00:00,USA,PJM Interconnection,US-MIDA-PJM,307.21,377.12,42.24,9.66,pjm.com,false,
2022-11-08 02:00:00,USA,PJM Interconnection,US-MIDA-PJM,304.2,372.98,43.02,9.0,pjm.com,false,
2022-11-08 03:00:00,USA,PJM Interconnection,US-MIDA-PJM,303.86,371.08,44.06,8.41,pjm.com,false,
2022-11-08 04:00:00,USA,PJM Interconnection,US-MIDA-PJM,291.33,355.69,46.83,8.55,pjm.com,false,
2022-11-08 05:00:00,USA,PJM Interconnection,US-MIDA-PJM,285.32,348.93,47.72,8.75,pjm.com,false,
2022-11-08 06:00:00,USA,PJM Interconnection,US-MIDA-PJM,281.43,344.44,48.39,9.04,pjm.com,false,
2022-11-08 07:00:00,USA,PJM Interconnection,US-MIDA-PJM,277.67,339.88,49.2,9.21,pjm.com,false,
2022-11-08 08:00:00,USA,PJM Interconnection,US-MIDA-PJM,278.01,340.54,48.96,9.28,pjm.com,false,
2022-11-08 09:00:00,USA,PJM Interconnection,US-MIDA-PJM,280.98,344.48,48.09,9.17,pjm.com,false,
2022-11-08 10:00:00,USA,PJM Interconnection,US-MIDA-PJM,284.56,348.6,47.48,9.12,pjm.com,false,
2022-11-08 11:00:00,USA,PJM Interconnection,US-MIDA-PJM,292.11,358.46,45.46,9.62,pjm.com,false,
2022-11-08 12:00:00,USA,PJM Interconnection,US-MIDA-PJM,297.92,364.76,44.89,10.5,pjm.com,false,
2022-11-08 13:00:00,USA,PJM Interconnection,US-MIDA-PJM,293.48,359.86,45.64,11.88,pjm.com,false,
2022-11-08 14:00:00,USA,PJM Interconnection,US-MIDA-PJM,295.92,362.73,45.24,11.6,pjm.com,false,
2022-11-08 15:00:00,USA,PJM Interconnection,US-MIDA-PJM,298.82,365.71,45.04,11.23,pjm.com,false,
2022-11-08 16:00:00,USA,PJM Interconnection,US-MIDA-PJM,300.84,367.86,44.94,10.7,pjm.com,false,
2022-11-08 17:00:00,USA,PJM Interconnection,US-MIDA-PJM,305.55,373.33,44.13,9.8,pjm.com,false,
2022-11-08 18:00:00,USA,PJM Interconnection,US-MIDA-PJM,310.01,378.85,43.13,9.02,pjm.com,false,
2022-11-08 19:00:00,USA,PJM Interconnection,US-MIDA-PJM,311.21,380.47,42.77,8.69,pjm.com,false,
2022-11-08 20:00:00,USA,PJM Interconnection,US-MIDA-PJM,311.58,380.69,42.81,8.31,pjm.com,false,
2022-11-08 21:00:00,USA,PJM Interconnection,US-MIDA-PJM,310.79,380.63,42.26,8.42,pjm.com,false,
2022-11-08 22:00:00,USA,PJM Interconnection,US-MIDA-PJM,313.81,385.14,41.16,8.61,pjm.com,false,
2022-11-08 23:00:00,USA,PJM Interconnection,US-MIDA-PJM,310.9,381.89,41.55,9.85,pjm.com,false,
2022-11-09 00:00:00,USA,PJM Interconnection,US-MIDA-PJM,307.2,376.51,42.97,10.68,pjm.com,false,
2022-11-09 01:00:00,USA,PJM Interconnection,US-MIDA-PJM,307.75,376.28,43.06,10.29,pjm.com,false,
2022-11-09 02:00:00,USA,PJM Interconnection,US-MIDA-PJM,306.88,374.45,43.69,9.69,pjm.com,false,
2022-11-09 03:00:00,USA,PJM Interconnection,US-MIDA-PJM,300.32,366.33,45.13,9.47,pjm.com,false,
2022-11-09 04:00:00,USA,PJM Interconnection,US-MIDA-PJM,297.91,362.85,46.03,9.37,pjm.com,false,
2022-11-09 05:00:00,USA,PJM Interconnection,US-MIDA-PJM,287.06,350.0,48.12,9.22,pjm.com,false,
2022-11-09 06:00:00,USA,PJM Interconnection,US-MIDA-PJM,286.49,349.66,47.99,8.66,pjm.com,false,
2022-11-09 07:00:00,USA,PJM Interconnection,US-MIDA-PJM,287.27,351.07,47.51,8.18,pjm.com,false,
2022-11-09 08:00:00,USA,PJM Interconnection,US-MIDA-PJM,288.75,352.73,47.3,7.65,pjm.com,false,
2022-11-09 09:00:00,USA,PJM Interconnection,US-MIDA-PJM,288.8,352.64,47.38,7.75,pjm.com,false,
2022-11-09 10:00:00,USA,PJM Interconnection,US-MIDA-PJM,294.33,360.6,45.36,7.73,pjm.com,false,
2022-11-09 11:00:00,USA,PJM Interconnection,US-MIDA-PJM,296.37,364.75,43.88,9.12,pjm.com,false,
2022-11-09 12:00:00,USA,PJM Interconnection,US-MIDA-PJM,304.28,373.99,42.55,9.38,pjm.com,false,
2022-11-09 13:00:00,USA,PJM Interconnection,US-MIDA-PJM,301.88,370.39,43.73,9.86,pjm.com,false,
2022-11-09 14:00:00,USA,PJM Interconnection,US-MIDA-PJM,302.61,370.9,44.12,9.63,pjm.com,false,
2022-11-09 15:00:00,USA,PJM Interconnection,US-MIDA-PJM,309.11,378.25,43.19,8.32,pjm.com,false,
2022-11-09 16:00:00,USA,PJM Interconnection,US-MIDA-PJM,315.26,385.05,42.34,6.85,pjm.com,false,
2022-11-09 17:00:00,USA,PJM Interconnection,US-MIDA-PJM,316.91,386.8,42.17,6.31,pjm.com,false,
2022-11-09 18:00:00,USA,PJM Interconnection,US-MIDA-PJM,313.89,383.45,42.55,6.65,pjm.com,false,
2022-11-09 19:00:00,USA,PJM Interconnection,US-MIDA-PJM,313.93,383.63,42.35,6.36,pjm.com,false,
2022-11-09 20:00:00,USA,PJM Interconnection,US-MIDA-PJM,317.64,388.31,41.36,5.93,pjm.com,false,
2022-11-09 21:00:00,USA,PJM Interconnection,US-MIDA-PJM,313.54,383.73,41.83,6.39,pjm.com,false,
2022-11-09 22:00:00,USA,PJM Interconnection,US-MIDA-PJM,313.02,383.89,41.4,7.42,pjm.com,false,
2022-11-09 23:00:00,USA,PJM Interconnection,US-MIDA-PJM,306.0,375.55,42.78,9.39,pjm.com,false,
2022-11-10 00:00:00,USA,PJM Interconnection,US-MIDA-PJM,302.15,370.71,43.67,9.82,pjm.com,false,
2022-11-10 01:00:00,USA,PJM Interconnection,US-MIDA-PJM,301.05,368.91,44.06,9.79,pjm.com,false,
2022-11-10 02:00:00,USA,PJM Interconnection,US-MIDA-PJM,301.04,367.89,44.63,9.18,pjm.com,false,
2022-11-10 03:00:00,USA,PJM Interconnection,US-MIDA-PJM,293.44,357.87,46.61,9.61,pjm.com,false,
2022-11-10 04:00:00,USA,PJM Interconnection,US-MIDA-PJM,284.13,346.44,48.66,10.39,pjm.com,false,
2022-11-10 05:00:00,USA,PJM Interconnection,US-MIDA-PJM,277.35,337.65,50.51,10.86,pjm.com,false,
2022-11-10 06:00:00,USA,PJM Interconnection,US-MIDA-PJM,272.45,332.2,51.18,11.0,pjm.com,false,
2022-11-10 07:00:00,USA,PJM Interconnection,US-MIDA-PJM,270.85,330.13,51.63,10.93,pjm.com,false,
2022-11-10 08:00:00,USA,PJM Interconnection,US-MIDA-PJM,274.19,333.8,51.21,10.68,pjm.com,false,
2022-11-10 09:00:00,USA,PJM Interconnection,US-MIDA-PJM,278.35,338.94,50.28,10.36,pjm.com,false,
2022-11-10 10:00:00,USA,PJM Interconnection,US-MIDA-PJM,285.62,348.02,48.59,10.29,pjm.com,false,
2022-11-10 11:00:00,USA,PJM Interconnection,US-MIDA-PJM,286.53,350.28,47.8,11.94,pjm.com,false,
2022-11-10 12:00:00,USA,PJM Interconnection,US-MIDA-PJM,290.39,355.36,46.71,11.98,pjm.com,false,
2022-11-10 13:00:00,USA,PJM Interconnection,US-MIDA-PJM,292.05,357.03,46.71,12.3,pjm.com,false,
2022-11-10 14:00:00,USA,PJM Interconnection,US-MIDA-PJM,292.37,357.45,46.65,11.5,pjm.com,false,
2022-11-10 15:00:00,USA,PJM Interconnection,US-MIDA-PJM,290.55,355.33,47.04,11.58,pjm.com,false,
2022-11-10 16:00:00,USA,PJM Interconnection,US-MIDA-PJM,294.45,360.07,46.2,10.55,pjm.com,false,
2022-11-10 17:00:00,USA,PJM Interconnection,US-MIDA-PJM,292.09,357.58,46.42,10.47,pjm.com,false,
2022-11-10 18:00:00,USA,PJM Interconnection,US-MIDA-PJM,293.24,359.33,45.88,10.26,pjm.com,false,
2022-11-10 19:00:00,USA,PJM Interconnection,US-MIDA-PJM,297.66,364.3,45.2,9.51,pjm.com,false,
2022-11-10 20:00:00,USA,PJM Interconnection,US-MIDA-PJM,297.97,364.61,45.14,9.3,pjm.com,false,
2022-11-10 21:00:00,USA,PJM Interconnection,US-MIDA-PJM,297.02,363.91,45.1,9.81,pjm.com,false,
2022-11-10 22:00:00,USA,PJM Interconnection,US-MIDA-PJM,303.75,372.15,43.65,9.51,pjm.com,false,
2022-11-10 23:00:00,USA,PJM Interconnection,US-MIDA-PJM,305.51,373.75,43.64,9.75,pjm.com,false,
2022-11-11 00:00:00,USA,PJM Interconnection,US-MIDA-PJM,300.61,367.74,44.69,10.4,pjm.com,false,
2022-11-11 01:00:00,USA,PJM Interconnection,US-MIDA-PJM,297.64,363.69,45.45,10.06,pjm.com,false,
2022-11-11 02:00:00,USA,PJM Interconnection,US-MIDA-PJM,295.0,360.8,45.71,8.97,pjm.com,false,
2022-11-11 03:00:00,USA,PJM Interconnection,US-MIDA-PJM,284.41,347.79,47.92,9.28,pjm.com,false,
2022-11-11 04:00:00,USA,PJM Interconnection,US-MIDA-PJM,281.27,343.69,48.81,9.28,pjm.com,false,
2022-11-11 05:00:00,USA,PJM Interconnection,US-MIDA-PJM,284.21,347.33,48.18,8.29,pjm.com,false,
2022-11-11 06:00:00,USA,PJM Interconnection,US-MIDA-PJM,286.93,349.87,48.21,7.11,pjm.com,false,
2022-11-11 07:00:00,USA,PJM Interconnection,US-MIDA-PJM,288.55,351.64,48.02,6.7,pjm.com,false,
2022-11-11 08:00:00,USA,PJM Interconnection,US-MIDA-PJM,288.06,350.75,48.32,7.22,pjm.com,false,
2022-11-11 09:00:00,USA,PJM Interconnection,US-MIDA-PJM,290.34,353.86,47.54,6.48,pjm.com,false,
2022-11-11 10:00:00,USA,PJM Interconnection,US-MIDA-PJM,297.76,363.58,45.43,6.14,pjm.com,false,
2022-11-11 11:00:00,USA,PJM Interconnection,US-MIDA-PJM,297.09,363.31,45.19,7.18,pjm.com,false,
2022-11-11 12:00:00,USA,PJM Interconnection,US-MIDA-PJM,303.2,371.16,43.59,7.2,pjm.com,false,
2022-11-11 13:00:00,USA,PJM Interconnection,US-MIDA-PJM,317.16,386.9,41.65,6.73,pjm.com,false,
2022-11-11 14:00:00,USA,PJM Interconnection,US-MIDA-PJM,317.72,387.86,41.25,6.97,pjm.com,false,
2022-11-11 15:00:00,USA,PJM Interconnection,US-MIDA-PJM,319.23,389.03,41.51,7.96,pjm.com,false,
2022-11-11 16:00:00,USA,PJM Interconnection,US-MIDA-PJM,318.47,387.17,42.39,8.53,pjm.com,false,
2022-11-11 17:00:00,USA,PJM Interconnection,US-MIDA-PJM,314.18,382.13,43.3,9.56,pjm.com,false,
2022-11-11 18:00:00,USA,PJM Interconnection,US-MIDA-PJM,311.96,379.91,43.49,9.54,pjm.com,false,
2022-11-11 19:00:00,USA,PJM Interconnection,US-MIDA-PJM,308.32,376.37,43.52,9.87,pjm.com,false,
2022-11-11 20:00:00,USA,PJM Interconnection,US-MIDA-PJM,305.89,373.87,43.65,10.04,pjm.com,false,
2022-11-11 21:00:00,USA,PJM Interconnection,US-MIDA-PJM,301.19,368.84,44.28,10.84,pjm.com,false,
2022-11-11 22:00:00,USA,PJM Interconnection,US-MIDA-PJM,299.91,367.54,44.38,11.67,pjm.com,false,
2022-11-11 23:00:00,USA,PJM Interconnection,US-MIDA-PJM,296.82,363.85,44.79,12.0,pjm.com,false,
2022-11-12 00:00:00,USA,PJM Interconnection,US-MIDA-PJM,295.91,362.32,45.25,11.56,pjm.com,false,
2022-11-12 01:00:00,USA,PJM Interconnection,US-MIDA-PJM,299.84,366.04,45.12,10.55,pjm.com,false,
2022-11-12 02:00:00,USA,PJM Interconnection,US-MIDA-PJM,300.94,366.77,45.28,9.9,pjm.com,false,
2022-11-12 03:00:00,USA,PJM Interconnection,US-MIDA-PJM,297.37,361.34,46.79,10.17,pjm.com,false,
2022-11-12 04:00:00,USA,PJM Interconnection,US-MIDA-PJM,292.83,355.99,47.63,9.85,pjm.com,false,
2022-11-12 05:00:00,USA,PJM Interconnection,US-MIDA-PJM,284.7,346.66,48.97,9.59,pjm.com,false,
2022-11-12 06:00:00,USA,PJM Interconnection,US-MIDA-PJM,288.02,350.57,48.37,7.83,pjm.com,false,
2022-11-12 07:00:00,USA,PJM Interconnection,US-MIDA-PJM,282.23,344.53,48.88,7.59,pjm.com,false,
2022-11-12 08:00:00,USA,PJM Interconnection,US-MIDA-PJM,279.67,342.88,48.53,7.09,pjm.com,false,
2022-11-12 09:00:00,USA,PJM Interconnection,US-MIDA-PJM,279.53,342.7,48.63,6.79,pjm.com,false,
2022-11-12 10:00:00,USA,PJM Interconnection,US-MIDA-PJM,288.64,353.68,46.78,5.76,pjm.com,false,
2022-11-12 11:00:00,USA,PJM Interconnection,US-MIDA-PJM,289.32,355.08,46.25,5.68,pjm.com,false,
2022-11-12 12:00:00,USA,PJM Interconnection,US-MIDA-PJM,291.65,357.88,45.84,5.76,pjm.com,false,
2022-11-12 13:00:00,USA,PJM Interconnection,US-MIDA-PJM,288.79,355.17,46.05,7.51,pjm.com,false,
2022-11-12 14:00:00,USA,PJM Interconnection,US-MIDA-PJM,294.66,362.01,45.03,7.88,pjm.com,false,
2022-11-12 15:00:00,USA,PJM Interconnection,US-MIDA-PJM,303.15,371.03,43.91,7.35,pjm.com,false,
2022-11-12 16:00:00,USA,PJM Interconnection,US-MIDA-PJM,302.57,369.79,44.43,7.54,pjm.com,false,
2022-11-12 17:00:00,USA,PJM Interconnection,US-MIDA-PJM,302.08,369.22,44.52,7.88,pjm.com,false,
2022-11-12 18:00:00,USA,PJM Interconnection,US-MIDA-PJM,304.2,371.51,44.37,7.9,pjm.com,false,
2022-11-12 19:00:00,USA,PJM Interconnection,US-MIDA-PJM,306.32,374.04,44.09,7.68,pjm.com,false,
2022-11-12 20:00:00,USA,PJM Interconnection,US-MIDA-PJM,305.3,373.22,43.93,7.58,pjm.com,false,
2022-11-12 21:00:00,USA,PJM Interconnection,US-MIDA-PJM,305.87,373.94,43.82,8.44,pjm.com,false,
2022-11-12 22:00:00,USA,PJM Interconnection,US-MIDA-PJM,304.68,372.73,44.02,9.92,pjm.com,false,
2022-11-12 23:00:00,USA,PJM Interconnection,US-MIDA-PJM,310.85,379.86,42.71,8.42,pjm.com,false,
2022-11-13 00:00:00,USA,PJM Interconnection,US-MIDA-PJM,317.95,387.63,41.69,7.13,pjm.com,false,
2022-11-13 01:00:00,USA,PJM Interconnection,US-MIDA-PJM,318.25,386.88,42.4,6.78,pjm.com,false,
2022-11-13 02:00:00,USA,PJM Interconnection,US-MIDA-PJM,309.66,377.31,43.55,6.95,pjm.com,false,
2022-11-13 03:00:00,USA,PJM Interconnection,US-MIDA-PJM,307.89,375.35,43.76,6.28,pjm.com,false,
2022-11-13 04:00:00,USA,PJM Interconnection,US-MIDA-PJM,301.56,368.33,44.58,6.12,pjm.com,false,
2022-11-13 05:00:00,USA,PJM Interconnection,US-MIDA-PJM,303.04,369.29,44.94,6.1,pjm.com,false,
2022-11-13 06:00:00,USA,PJM Interconnection,US-MIDA-PJM,301.44,367.25,45.35,6.16,pjm.com,false,
2022-11-13 07:00:00,USA,PJM Interconnection,US-MIDA-PJM,300.89,366.14,45.79,6.11,pjm.com,false,
2022-11-13 08:00:00,USA,PJM Interconnection,US-MIDA-PJM,300.66,365.73,45.93,6.16,pjm.com,false,
2022-11-13 09:00:00,USA,PJM Interconnection,US-MIDA-PJM,297.53,362.59,46.07,6.03,pjm.com,false,
2022-11-13 10:00:00,USA,PJM Interconnection,US-MIDA-PJM,301.28,367.73,44.83,5.62,pjm.com,false,
2022-11-13 11:00:00,USA,PJM Interconnection,US-MIDA-PJM,302.89,369.86,44.37,5.77,pjm.com,false,
2022-11-13 12:00:00,USA,PJM Interconnection,US-MIDA-PJM,307.39,375.58,43.26,5.56,pjm.com,false,
2022-11-13 13:00:00,USA,PJM Interconnection,US-MIDA-PJM,311.68,380.42,42.75,5.89,pjm.com,false,
2022-11-13 14:00:00,USA,PJM Interconnection,US-MIDA-PJM,316.05,384.84,42.59,5.86,pjm.com,false,
2022-11-13 15:00:00,USA,PJM Interconnection,US-MIDA-PJM,315.98,384.49,42.89,6.08,pjm.com,false,
2022-11-13 16:00:00,USA,PJM Interconnection,US-MIDA-PJM,317.4,386.18,42.64,5.93,pjm.com,false,
2022-11-13 17:00:00,USA,PJM Interconnection,US-MIDA-PJM,317.0,385.69,42.78,6.43,pjm.com,false,
2022-11-13 18:00:00,USA,PJM Interconnection,US-MIDA-PJM,315.38,383.78,43.06,6.47,pjm.com,false,
2022-11-13 19:00:00,USA,PJM Interconnection,US-MIDA-PJM,316.86,385.4,42.92,6.29,pjm.com,false,
2022-11-13 20:00:00,USA,PJM Interconnection,US-MIDA-PJM,319.7,388.82,42.27,5.4,pjm.com,false,
2022-11-13 21:00:00,USA,PJM Interconnection,US-MIDA-PJM,326.38,397.54,40.34,4.64,pjm.com,false,
2022-11-13 22:00:00,USA,PJM Interconnection,US-MIDA-PJM,327.77,399.76,39.76,5.98,pjm.com,false,
2022-11-13 23:00:00,USA,PJM Interconnection,US-MIDA-PJM,333.61,406.48,38.8,5.72,pjm.com,false,
2022-11-14 00:00:00,USA,PJM Interconnection,US-MIDA-PJM,337.22,410.28,38.46,5.22,pjm.com,false,
2022-11-14 01:00:00,USA,PJM Interconnection,US-MIDA-PJM,335.7,408.38,38.83,5.22,pjm.com,false,
2022-11-14 02:00:00,USA,PJM Interconnection,US-MIDA-PJM,336.86,409.2,38.93,4.28,pjm.com,false,
2022-11-14 03:00:00,USA,PJM Interconnection,US-MIDA-PJM,337.73,409.92,38.84,3.0,pjm.com,false,
2022-11-14 04:00:00,USA,PJM Interconnection,US-MIDA-PJM,336.42,408.2,39.22,2.82,pjm.com,false,
2022-11-14 05:00:00,USA,PJM Interconnection,US-MIDA-PJM,334.19,404.7,40.31,2.71,pjm.com,false,
2022-11-14 06:00:00,USA,PJM Interconnection,US-MIDA-PJM,333.98,404.87,40.03,2.54,pjm.com,false,
2022-11-14 07:00:00,USA,PJM Interconnection,US-MIDA-PJM,333.94,404.49,40.29,2.44,pjm.com,false,
2022-11-14 08:00:00,USA,PJM Interconnection,US-MIDA-PJM,333.51,403.92,40.38,2.39,pjm.com,false,
2022-11-14 09:00:00,USA,PJM Interconnection,US-MIDA-PJM,336.26,407.4,39.74,2.42,pjm.com,false,
2022-11-14 10:00:00,USA,PJM Interconnection,US-MIDA-PJM,335.39,407.86,38.87,3.63,pjm.com,false,
2022-11-14 11:00:00,USA,PJM Interconnection,US-MIDA-PJM,338.09,412.88,37.13,4.98,pjm.com,false,
2022-11-14 12:00:00,USA,PJM Interconnection,US-MIDA-PJM,344.21,420.81,35.49,5.27,pjm.com,false,
2022-11-14 13:00:00,USA,PJM Interconnection,US-MIDA-PJM,335.36,410.09,37.51,6.84,pjm.com,false,
2022-11-14 14:00:00,USA,PJM Interconnection,US-MIDA-PJM,336.48,411.07,37.54,6.19,pjm.com,false,
2022-11-14 15:00:00,USA,PJM Interconnection,US-MIDA-PJM,336.18,409.95,38.18,5.74,pjm.com,false,
2022-11-14 16:00:00,USA,PJM Interconnection,US-MIDA-PJM,336.34,409.59,38.49,5.17,pjm.com,false,
2022-11-14 17:00:00,USA,PJM Interconnection,US-MIDA-PJM,339.86,413.43,38.05,4.88,pjm.com,false,
2022-11-14 18:00:00,USA,PJM Interconnection,US-MIDA-PJM,338.29,411.95,38.09,4.83,pjm.com,false,
2022-11-14 19:00:00,USA,PJM Interconnection,US-MIDA-PJM,334.59,408.06,38.42,4.84,pjm.com,false,
2022-11-14 20:00:00,USA,PJM Interconnection,US-MIDA-PJM,337.15,411.48,37.71,4.14,pjm.com,false,
2022-11-14 21:00:00,USA,PJM Interconnection,US-MIDA-PJM,338.82,413.84,37.0,4.22,pjm.com,false,
2022-11-14 22:00:00,USA,PJM Interconnection,US-MIDA-PJM,336.13,411.21,37.2,6.03,pjm.com,false,
2022-11-14 23:00:00,USA,PJM Interconnection,US-MIDA-PJM,337.8,413.0,36.97,6.55,pjm.com,false,
2022-11-15 00:00:00,USA,PJM Interconnection,US-MIDA-PJM,331.93,406.05,38.04,7.63,pjm.com,false,
2022-11-15 01:00:00,USA,PJM Interconnection,US-MIDA-PJM,329.33,402.85,38.67,7.61,pjm.com,false,
2022-11-15 02:00:00,USA,PJM Interconnection,US-MIDA-PJM,332.04,405.32,39.14,7.5,pjm.com,false,
2022-11-15 03:00:00,USA,PJM Interconnection,US-MIDA-PJM,332.44,404.71,39.54,6.55,pjm.com,false,
2022-11-15 04:00:00,USA,PJM Interconnection,US-MIDA-PJM,332.02,403.65,39.95,5.33,pjm.com,false,
2022-11-15 05:00:00,USA,PJM Interconnection,US-MIDA-PJM,327.99,398.44,40.59,5.18,pjm.com,false,
2022-11-15 06:00:00,USA,PJM Interconnection,US-MIDA-PJM,322.12,391.78,41.41,5.48,pjm.com,false,
2022-11-15 07:00:00,USA,PJM Interconnection,US-MIDA-PJM,320.03,389.89,41.21,5.32,pjm.com,false,
2022-11-15 08:00:00,USA,PJM Interconnection,US-MIDA-PJM,322.2,392.22,40.98,5.2,pjm.com,false,
2022-11-15 09:00:00,USA,PJM Interconnection,US-MIDA-PJM,325.04,395.53,40.52,5.09,pjm.com,false,
2022-11-15 10:00:00,USA,PJM Interconnection,US-MIDA-PJM,328.04,399.93,39.39,5.1,pjm.com,false,
2022-11-15 11:00:00,USA,PJM Interconnection,US-MIDA-PJM,329.4,402.44,38.6,5.78,pjm.com,false,
2022-11-15 12:00:00,USA,PJM Interconnection,US-MIDA-PJM,328.16,401.76,38.41,7.26,pjm.com,false,
2022-11-15 13:00:00,USA,PJM Interconnection,US-MIDA-PJM,336.87,411.54,37.13,6.11,pjm.com,false,
2022-11-15 14:00:00,USA,PJM Interconnection,US-MIDA-PJM,343.02,418.63,36.13,5.06,pjm.com,false,
2022-11-15 15:00:00,USA,PJM Interconnection,US-MIDA-PJM,343.14,418.29,36.52,5.19,pjm.com,false,
2022-11-15 16:00:00,USA,PJM Interconnection,US-MIDA-PJM,344.77,420.51,35.94,4.8,pjm.com,false,
2022-11-15 17:00:00,USA,PJM Interconnection,US-MIDA-PJM,348.03,424.51,35.15,3.93,pjm.com,false,
2022-11-15 18:00:00,USA,PJM Interconnection,US-MIDA-PJM,353.58,431.32,33.88,2.81,pjm.com,false,
2022-11-15 19:00:00,USA,PJM Interconnection,US-MIDA-PJM,358.74,437.47,33.07,2.0,pjm.com,false,
2022-11-15 20:00:00,USA,PJM Interconnection,US-MIDA-PJM,358.15,436.38,33.64,2.2,pjm.com,false,
2022-11-15 21:00:00,USA,PJM Interconnection,US-MIDA-PJM,349.86,427.44,34.72,3.71,pjm.com,false,
2022-11-15 22:00:00,USA,PJM Interconnection,US-MIDA-PJM,352.75,431.02,34.26,4.07,pjm.com,false,
2022-11-15 23:00:00,USA,PJM Interconnection,US-MIDA-PJM,353.01,431.18,34.59,4.62,pjm.com,false,
2022-11-16 00:00:00,USA,PJM Interconnection,US-MIDA-PJM,350.18,427.4,34.99,4.41,pjm.com,false,
2022-11-16 01:00:00,USA,PJM Interconnection,US-MIDA-PJM,350.86,427.27,35.54,4.23,pjm.com,false,
2022-11-16 02:00:00,USA,PJM Interconnection,US-MIDA-PJM,349.94,425.02,36.5,4.27,pjm.com,false,
2022-11-16 03:00:00,USA,PJM Interconnection,US-MIDA-PJM,344.74,417.76,38.19,4.87,pjm.com,false,
2022-11-16 04:00:00,USA,PJM Interconnection,US-MIDA-PJM,335.62,406.2,40.48,5.61,pjm.com,false,
2022-11-16 05:00:00,USA,PJM Interconnection,US-MIDA-PJM,328.62,397.62,41.87,5.75,pjm.com,false,
2022-11-16 06:00:00,USA,PJM Interconnection,US-MIDA-PJM,322.23,391.03,42.32,5.6,pjm.com,false,
2022-11-16 07:00:00,USA,PJM Interconnection,US-MIDA-PJM,317.87,386.23,42.89,6.0,pjm.com,false,
2022-11-16 08:00:00,USA,PJM Interconnection,US-MIDA-PJM,319.72,388.3,42.63,5.93,pjm.com,false,
2022-11-16 09:00:00,USA,PJM Interconnection,US-MIDA-PJM,323.86,393.29,41.8,5.67,pjm.com,false,
2022-11-16 10:00:00,USA,PJM Interconnection,US-MIDA-PJM,324.75,394.76,41.35,5.92,pjm.com,false,
2022-11-16 11:00:00,USA,PJM Interconnection,US-MIDA-PJM,325.97,397.39,40.49,7.43,pjm.com,false,
2022-11-16 12:00:00,USA,PJM Interconnection,US-MIDA-PJM,330.45,402.35,39.97,8.44,pjm.com,false,
2022-11-16 13:00:00,USA,PJM Interconnection,US-MIDA-PJM,333.37,405.83,39.48,7.85,pjm.com,false,
2022-11-16 14:00:00,USA,PJM Interconnection,US-MIDA-PJM,330.5,401.77,40.62,8.42,pjm.com,false,
2022-11-16 15:00:00,USA,PJM Interconnection,US-MIDA-PJM,333.35,404.96,40.19,8.16,pjm.com,false,
2022-11-16 16:00:00,USA,PJM Interconnection,US-MIDA-PJM,331.15,401.83,40.93,8.72,pjm.com,false,
2022-11-16 17:00:00,USA,PJM Interconnection,US-MIDA-PJM,330.0,400.21,41.32,9.09,pjm.com,false,
2022-11-16 18:00:00,USA,PJM Interconnection,US-MIDA-PJM,330.29,400.93,41.05,9.03,pjm.com,false,
2022-11-16 19:00:00,USA,PJM Interconnection,US-MIDA-PJM,327.42,398.02,41.23,9.17,pjm.com,false,
2022-11-16 20:00:00,USA,PJM Interconnection,US-MIDA-PJM,328.6,399.22,41.21,9.07,pjm.com,false,
2022-11-16 21:00:00,USA,PJM Interconnection,US-MIDA-PJM,333.18,404.57,40.39,8.91,pjm.com,false,
2022-11-16 22:00:00,USA,PJM Interconnection,US-MIDA-PJM,329.27,400.61,40.84,10.74,pjm.com,false,
2022-11-16 23:00:00,USA,PJM Interconnection,US-MIDA-PJM,334.81,406.98,39.89,10.01,pjm.com,false,
2022-11-17 00:00:00,USA,PJM Interconnection,US-MIDA-PJM,335.16,407.27,39.79,9.89,pjm.com,false,
2022-11-17 01:00:00,USA,PJM Interconnection,US-MIDA-PJM,336.69,408.01,39.8,9.47,pjm.com,false,
2022-11-17 02:00:00,USA,PJM Interconnection,US-MIDA-PJM,335.73,406.07,40.54,9.02,pjm.com,false,
2022-11-17 03:00:00,USA,PJM Interconnection,US-MIDA-PJM,333.05,402.42,41.29,8.79,pjm.com,false,
2022-11-17 04:00:00,USA,PJM Interconnection,US-MIDA-PJM,328.83,397.14,42.27,8.81,pjm.com,false,
2022-11-17 05:00:00,USA,PJM Interconnection,US-MIDA-PJM,328.53,396.66,42.01,8.18,pjm.com,false,
2022-11-17 06:00:00,USA,PJM Interconnection,US-MIDA-PJM,327.67,395.08,42.6,8.13,pjm.com,false,
2022-11-17 07:00:00,USA,PJM Interconnection,US-MIDA-PJM,327.22,394.69,42.58,7.91,pjm.com,false,
2022-11-17 08:00:00,USA,PJM Interconnection,US-MIDA-PJM,329.97,397.7,42.24,7.76,pjm.com,false,
2022-11-17 09:00:00,USA,PJM Interconnection,US-MIDA-PJM,329.73,397.63,42.16,7.82,pjm.com,false,
2022-11-17 10:00:00,USA,PJM Interconnection,US-MIDA-PJM,331.71,400.64,41.28,7.92,pjm.com,false,
2022-11-17 11:00:00,USA,PJM Interconnection,US-MIDA-PJM,328.53,398.11,41.26,10.15,pjm.com,false,
2022-11-17 12:00:00,USA,PJM Interconnection,US-MIDA-PJM,337.67,408.96,39.55,9.87,pjm.com,false,
2022-11-17 13:00:00,USA,PJM Interconnection,US-MIDA-PJM,335.86,405.94,40.73,10.89,pjm.com,false,
2022-11-17 14:00:00,USA,PJM Interconnection,US-MIDA-PJM,335.73,405.83,40.62,10.31,pjm.com,false,
2022-11-17 15:00:00,USA,PJM Interconnection,US-MIDA-PJM,329.59,398.57,41.69,10.76,pjm.com,false,
2022-11-17 16:00:00,USA,PJM Interconnection,US-MIDA-PJM,330.3,399.45,41.44,10.33,pjm.com,false,
2022-11-17 17:00:00,USA,PJM Interconnection,US-MIDA-PJM,330.35,399.35,41.55,10.51,pjm.com,false,
2022-11-17 18:00:00,USA,PJM Interconnection,US-MIDA-PJM,330.26,399.41,41.45,10.67,pjm.com,false,
2022-11-17 19:00:00,USA,PJM Interconnection,US-MIDA-PJM,331.92,401.1,41.34,10.41,pjm.com,false,
2022-11-17 20:00:00,USA,PJM Interconnection,US-MIDA-PJM,335.58,405.3,40.76,9.62,pjm.com,false,
2022-11-17 21:00:00,USA,PJM Interconnection,US-MIDA-PJM,336.98,407.59,39.97,9.38,pjm.com,false,
2022-11-17 22:00:00,USA,PJM Interconnection,US-MIDA-PJM,337.9,409.48,39.28,9.95,pjm.com,false,
2022-11-17 23:00:00,USA,PJM Interconnection,US-MIDA-PJM,347.83,421.02,37.65,8.67,pjm.com,false,
2022-11-18 00:00:00,USA,PJM Interconnection,US-MIDA-PJM,348.51,421.27,37.94,8.53,pjm.com,false,
2022-11-18 01:00:00,USA,PJM Interconnection,US-MIDA-PJM,346.91,419.1,38.34,8.53,pjm.com,false,
2022-11-18 02:00:00,USA,PJM Interconnection,US-MIDA-PJM,341.94,413.05,39.27,8.82,pjm.com,false,
2022-11-18 03:00:00,USA,PJM Interconnection,US-MIDA-PJM,338.39,407.89,40.49,8.75,pjm.com,false,
2022-11-18 04:00:00,USA,PJM Interconnection,US-MIDA-PJM,336.73,404.83,41.61,9.3,pjm.com,false,
2022-11-18 05:00:00,USA,PJM Interconnection,US-MIDA-PJM,340.14,407.93,41.67,8.7,pjm.com,false,
2022-11-18 06:00:00,USA,PJM Interconnection,US-MIDA-PJM,340.36,407.28,42.31,8.88,pjm.com,false,
2022-11-18 07:00:00,USA,PJM Interconnection,US-MIDA-PJM,338.87,405.16,42.85,9.25,pjm.com,false,
2022-11-18 08:00:00,USA,PJM Interconnection,US-MIDA-PJM,337.67,404.34,42.63,8.94,pjm.com,false,
2022-11-18 09:00:00,USA,PJM Interconnection,US-MIDA-PJM,339.1,406.45,42.01,8.52,pjm.com,false,
2022-11-18 10:00:00,USA,PJM Interconnection,US-MIDA-PJM,336.77,405.1,41.5,9.14,pjm.com,false,
2022-11-18 11:00:00,USA,PJM Interconnection,US-MIDA-PJM,339.42,409.65,40.38,10.35,pjm.com,false,
2022-11-18 12:00:00,USA,PJM Interconnection,US-MIDA-PJM,341.17,412.45,39.69,11.04,pjm.com,false,
2022-11-18 13:00:00,USA,PJM Interconnection,US-MIDA-PJM,334.18,403.55,41.32,12.24,pjm.com,false,
2022-11-18 14:00:00,USA,PJM Interconnection,US-MIDA-PJM,332.25,401.23,41.63,11.7,pjm.com,false,
2022-11-18 15:00:00,USA,PJM Interconnection,US-MIDA-PJM,331.84,399.54,42.54,11.81,pjm.com,false,
2022-11-18 16:00:00,USA,PJM Interconnection,US-MIDA-PJM,331.14,398.75,42.55,11.28,pjm.com,false,
2022-11-18 17:00:00,USA,PJM Interconnection,US-MIDA-PJM,332.94,400.51,42.47,11.27,pjm.com,false,
2022-11-18 18:00:00,USA,PJM Interconnection,US-MIDA-PJM,332.87,400.35,42.54,11.28,pjm.com,false,
2022-11-18 19:00:00,USA,PJM Interconnection,US-MIDA-PJM,335.26,403.08,42.15,11.03,pjm.com,false,
2022-11-18 20:00:00,USA,PJM Interconnection,US-MIDA-PJM,338.57,406.91,41.51,10.43,pjm.com,false,
2022-11-18 21:00:00,USA,PJM Interconnection,US-MIDA-PJM,341.84,411.55,40.28,9.43,pjm.com,false,
2022-11-18 22:00:00,USA,PJM Interconnection,US-MIDA-PJM,341.71,412.2,39.89,10.34,pjm.com,false,
2022-11-18 23:00:00,USA,PJM Interconnection,US-MIDA-PJM,349.69,421.28,38.71,9.28,pjm.com,false,
2022-11-19 00:00:00,USA,PJM Interconnection,US-MIDA-PJM,351.19,422.86,38.53,8.73,pjm.com,false,
2022-11-19 01:00:00,USA,PJM Interconnection,US-MIDA-PJM,353.87,425.53,38.29,7.88,pjm.com,false,
2022-11-19 02:00:00,USA,PJM Interconnection,US-MIDA-PJM,354.98,426.21,38.5,7.36,pjm.com,false,
2022-11-19 03:00:00,USA,PJM Interconnection,US-MIDA-PJM,356.18,427.0,38.62,6.81,pjm.com,false,
2022-11-19 04:00:00,USA,PJM Interconnection,US-MIDA-PJM,356.74,426.3,39.5,7.02,pjm.com,false,
2022-11-19 05:00:00,USA,PJM Interconnection,US-MIDA-PJM,354.92,423.75,40.1,7.17,pjm.com,false,
2022-11-19 06:00:00,USA,PJM Interconnection,US-MIDA-PJM,350.51,418.1,41.25,7.65,pjm.com,false,
2022-11-19 07:00:00,USA,PJM Interconnection,US-MIDA-PJM,347.35,414.81,41.51,7.61,pjm.com,false,
2022-11-19 08:00:00,USA,PJM Interconnection,US-MIDA-PJM,348.54,416.16,41.33,7.57,pjm.com,false,
2022-11-19 09:00:00,USA,PJM Interconnection,US-MIDA-PJM,345.05,412.41,41.73,8.14,pjm.com,false,
2022-11-19 10:00:00,USA,PJM Interconnection,US-MIDA-PJM,339.31,406.4,42.34,9.42,pjm.com,false,
2022-11-19 11:00:00,USA,PJM Interconnection,US-MIDA-PJM,336.29,403.48,42.77,10.66,pjm.com,false,
2022-11-19 12:00:00,USA,PJM Interconnection,US-MIDA-PJM,338.66,406.74,42.07,11.05,pjm.com,false,
2022-11-19 13:00:00,USA,PJM Interconnection,US-MIDA-PJM,337.4,404.9,42.61,11.52,pjm.com,false,
2022-11-19 14:00:00,USA,PJM Interconnection,US-MIDA-PJM,326.75,391.88,44.86,12.66,pjm.com,false,
2022-11-19 15:00:00,USA,PJM Interconnection,US-MIDA-PJM,324.81,389.73,45.08,12.6,pjm.com,false,
2022-11-19 16:00:00,USA,PJM Interconnection,US-MIDA-PJM,321.36,385.26,46.0,12.66,pjm.com,false,
2022-11-19 17:00:00,USA,PJM Interconnection,US-MIDA-PJM,319.78,383.4,46.28,12.71,pjm.com,false,
2022-11-19 18:00:00,USA,PJM Interconnection,US-MIDA-PJM,314.27,376.59,47.34,13.0,pjm.com,false,
2022-11-19 19:00:00,USA,PJM Interconnection,US-MIDA-PJM,312.51,374.44,47.7,12.99,pjm.com,false,
2022-11-19 20:00:00,USA,PJM Interconnection,US-MIDA-PJM,321.86,385.78,45.62,11.33,pjm.com,false,
2022-11-19 21:00:00,USA,PJM Interconnection,US-MIDA-PJM,332.0,398.22,43.34,9.86,pjm.com,false,
2022-11-19 22:00:00,USA,PJM Interconnection,US-MIDA-PJM,334.4,402.32,42.01,10.12,pjm.com,false,
2022-11-19 23:00:00,USA,PJM Interconnection,US-MIDA-PJM,339.86,408.73,41.1,9.83,pjm.com,false,
2022-11-20 00:00:00,USA,PJM Interconnection,US-MIDA-PJM,341.11,409.87,41.18,9.64,pjm.com,false,
2022-11-20 01:00:00,USA,PJM Interconnection,US-MIDA-PJM,337.75,405.72,41.75,10.05,pjm.com,false,
2022-11-20 02:00:00,USA,PJM Interconnection,US-MIDA-PJM,339.18,407.05,41.71,9.64,pjm.com,false,
2022-11-20 03:00:00,USA,PJM Interconnection,US-MIDA-PJM,340.16,408.08,41.58,9.31,pjm.com,false,
2022-11-20 04:00:00,USA,PJM Interconnection,US-MIDA-PJM,338.3,405.6,42.15,9.37,pjm.com,false,
2022-11-20 05:00:00,USA,PJM Interconnection,US-MIDA-PJM,335.03,401.88,42.66,9.04,pjm.com,false,
2022-11-20 06:00:00,USA,PJM Interconnection,US-MIDA-PJM,335.58,402.22,42.8,8.4,pjm.com,false,
2022-11-20 07:00:00,USA,PJM Interconnection,US-MIDA-PJM,341.97,409.99,41.46,7.53,pjm.com,false,
2022-11-20 08:00:00,USA,PJM Interconnection,US-MIDA-PJM,343.03,411.19,41.35,6.96,pjm.com,false,
2022-11-20 09:00:00,USA,PJM Interconnection,US-MIDA-PJM,345.43,413.77,41.1,6.56,pjm.com,false,
2022-11-20 10:00:00,USA,PJM Interconnection,US-MIDA-PJM,346.04,414.06,41.3,6.42,pjm.com,false,
2022-11-20 11:00:00,USA,PJM Interconnection,US-MIDA-PJM,348.82,417.32,40.83,6.83,pjm.com,false,
2022-11-20 12:00:00,USA,PJM Interconnection,US-MIDA-PJM,351.76,420.94,40.23,7.3,pjm.com,false,
2022-11-20 13:00:00,USA,PJM Interconnection,US-MIDA-PJM,351.93,421.23,40.18,7.53,pjm.com,false,
2022-11-20 14:00:00,USA,PJM Interconnection,US-MIDA-PJM,347.72,416.22,41.06,7.72,pjm.com,false,
2022-11-20 15:00:00,USA,PJM Interconnection,US-MIDA-PJM,345.89,413.88,41.53,7.76,pjm.com,false,
2022-11-20 16:00:00,USA,PJM Interconnection,US-MIDA-PJM,341.38,408.5,42.4,8.15,pjm.com,false,
2022-11-20 17:00:00,USA,PJM Interconnection,US-MIDA-PJM,339.43,406.35,42.62,8.41,pjm.com,false,
2022-11-20 18:00:00,USA,PJM Interconnection,US-MIDA-PJM,337.36,403.67,43.16,9.01,pjm.com,false,
2022-11-20 19:00:00,USA,PJM Interconnection,US-MIDA-PJM,336.97,402.84,43.48,8.9,pjm.com,false,
2022-11-20 20:00:00,USA,PJM Interconnection,US-MIDA-PJM,341.03,408.53,41.97,8.13,pjm.com,false,
2022-11-20 21:00:00,USA,PJM Interconnection,US-MIDA-PJM,341.93,410.19,41.44,8.35,pjm.com,false,
2022-11-20 22:00:00,USA,PJM Interconnection,US-MIDA-PJM,339.98,408.92,41.21,9.87,pjm.com,false,
2022-11-20 23:00:00,USA,PJM Interconnection,US-MIDA-PJM,344.32,414.4,40.23,9.95,pjm.com,false,
2022-11-21 00:00:00,USA,PJM Interconnection,US-MIDA-PJM,343.02,412.65,40.63,10.57,pjm.com,false,
2022-11-21 01:00:00,USA,PJM Interconnection,US-MIDA-PJM,345.7,415.13,40.53,10.44,pjm.com,false,
2022-11-21 02:00:00,USA,PJM Interconnection,US-MIDA-PJM,345.6,414.42,40.95,10.35,pjm.com,false,
2022-11-21 03:00:00,USA,PJM Interconnection,US-MIDA-PJM,343.56,411.82,41.29,9.64,pjm.com,false,
2022-11-21 04:00:00,USA,PJM Interconnection,US-MIDA-PJM,341.9,409.44,41.8,9.18,pjm.com,false,
2022-11-21 05:00:00,USA,PJM Interconnection,US-MIDA-PJM,336.48,403.15,42.74,9.15,pjm.com,false,
2022-11-21 06:00:00,USA,PJM Interconnection,US-MIDA-PJM,335.0,401.85,42.69,9.09,pjm.com,false,
2022-11-21 07:00:00,USA,PJM Interconnection,US-MIDA-PJM,336.96,404.41,42.13,8.76,pjm.com,false,
2022-11-21 08:00:00,USA,PJM Interconnection,US-MIDA-PJM,337.66,405.07,42.11,8.89,pjm.com,false,
2022-11-21 09:00:00,USA,PJM Interconnection,US-MIDA-PJM,339.47,407.51,41.61,9.06,pjm.com,false,
2022-11-21 10:00:00,USA,PJM Interconnection,US-MIDA-PJM,332.48,400.82,41.88,10.53,pjm.com,false,
2022-11-21 11:00:00,USA,PJM Interconnection,US-MIDA-PJM,341.98,413.21,39.36,9.95,pjm.com,false,
2022-11-21 12:00:00,USA,PJM Interconnection,US-MIDA-PJM,346.36,418.15,38.81,10.76,pjm.com,false,
2022-11-21 13:00:00,USA,PJM Interconnection,US-MIDA-PJM,342.17,412.36,40.41,11.79,pjm.com,false,
2022-11-21 14:00:00,USA,PJM Interconnection,US-MIDA-PJM,341.79,411.21,40.82,10.95,pjm.com,false,
2022-11-21 15:00:00,USA,PJM Interconnection,US-MIDA-PJM,341.25,409.31,41.94,10.82,pjm.com,false,
2022-11-21 16:00:00,USA,PJM Interconnection,US-MIDA-PJM,340.03,408.04,41.85,10.26,pjm.com,false,
2022-11-21 17:00:00,USA,PJM Interconnection,US-MIDA-PJM,335.94,402.88,42.84,10.45,pjm.com,false,
2022-11-21 18:00:00,USA,PJM Interconnection,US-MIDA-PJM,336.55,403.7,42.67,10.14,pjm.com,false,
2022-11-21 19:00:00,USA,PJM Interconnection,US-MIDA-PJM,336.22,402.84,43.12,10.27,pjm.com,false,
2022-11-21 20:00:00,USA,PJM Interconnection,US-MIDA-PJM,339.18,406.65,42.27,9.4,pjm.com,false,
2022-11-21 21:00:00,USA,PJM Interconnection,US-MIDA-PJM,347.39,417.06,40.18,7.6,pjm.com,false,
2022-11-21 22:00:00,USA,PJM Interconnection,US-MIDA-PJM,346.84,417.32,39.78,8.64,pjm.com,false,
2022-11-21 23:00:00,USA,PJM Interconnection,US-MIDA-PJM,351.82,423.28,38.85,8.28,pjm.com,false,
2022-11-22 00:00:00,USA,PJM Interconnection,US-MIDA-PJM,352.33,423.72,38.84,8.04,pjm.com,false,
2022-11-22 01:00:00,USA,PJM Interconnection,US-MIDA-PJM,357.49,429.45,38.01,6.78,pjm.com,false,
2022-11-22 02:00:00,USA,PJM Interconnection,US-MIDA-PJM,359.53,431.4,37.95,5.99,pjm.com,false,
2022-11-22 03:00:00,USA,PJM Interconnection,US-MIDA-PJM,361.85,433.26,38.0,4.77,pjm.com,false,
2022-11-22 04:00:00,USA,PJM Interconnection,US-MIDA-PJM,361.0,431.85,38.41,3.79,pjm.com,false,
2022-11-22 05:00:00,USA,PJM Interconnection,US-MIDA-PJM,358.92,429.82,38.44,3.36,pjm.com,false,
2022-11-22 06:00:00,USA,PJM Interconnection,US-MIDA-PJM,360.9,431.91,38.24,3.21,pjm.com,false,
2022-11-22 07:00:00,USA,PJM Interconnection,US-MIDA-PJM,356.09,426.73,38.75,3.19,pjm.com,false,
2022-11-22 08:00:00,USA,PJM Interconnection,US-MIDA-PJM,357.41,428.23,38.57,3.31,pjm.com,false,
2022-11-22 09:00:00,USA,PJM Interconnection,US-MIDA-PJM,355.94,426.67,38.79,3.7,pjm.com,false,
2022-11-22 10:00:00,USA,PJM Interconnection,US-MIDA-PJM,352.39,424.13,38.3,4.87,pjm.com,false,
2022-11-22 11:00:00,USA,PJM Interconnection,US-MIDA-PJM,351.13,423.46,38.14,6.52,pjm.com,false,
2022-11-22 12:00:00,USA,PJM Interconnection,US-MIDA-PJM,355.75,428.86,37.33,7.01,pjm.com,false,
2022-11-22 13:00:00,USA,PJM Interconnection,US-MIDA-PJM,360.47,433.69,36.97,6.48,pjm.com,false,
2022-11-22 14:00:00,USA,PJM Interconnection,US-MIDA-PJM,356.08,427.82,38.33,6.47,pjm.com,false,
2022-11-22 15:00:00,USA,PJM Interconnection,US-MIDA-PJM,354.31,425.05,39.15,5.77,pjm.com,false,
2022-11-22 16:00:00,USA,PJM Interconnection,US-MIDA-PJM,350.62,420.46,39.97,5.58,pjm.com,false,
2022-11-22 17:00:00,USA,PJM Interconnection,US-MIDA-PJM,341.36,410.05,41.27,6.36,pjm.com,false,
2022-11-22 18:00:00,USA,PJM Interconnection,US-MIDA-PJM,335.21,403.01,42.2,7.28,pjm.com,false,
2022-11-22 19:00:00,USA,PJM Interconnection,US-MIDA-PJM,331.83,398.72,43.05,7.95,pjm.com,false,
2022-11-22 20:00:00,USA,PJM Interconnection,US-MIDA-PJM,332.11,399.1,42.87,7.29,pjm.com,false,
2022-11-22 21:00:00,USA,PJM Interconnection,US-MIDA-PJM,339.63,408.68,40.89,5.64,pjm.com,false,
2022-11-22 22:00:00,USA,PJM Interconnection,US-MIDA-PJM,345.91,415.99,39.95,6.63,pjm.com,false,
2022-11-22 23:00:00,USA,PJM Interconnection,US-MIDA-PJM,352.88,423.83,38.88,5.79,pjm.com,false,
2022-11-23 00:00:00,USA,PJM Interconnection,US-MIDA-PJM,353.02,423.69,39.01,5.72,pjm.com,false,
2022-11-23 01:00:00,USA,PJM Interconnection,US-MIDA-PJM,347.6,417.33,40.0,6.54,pjm.com,false,
2022-11-23 02:00:00,USA,PJM Interconnection,US-MIDA-PJM,344.1,412.59,41.04,6.76,pjm.com,false,
2022-11-23 03:00:00,USA,PJM Interconnection,US-MIDA-PJM,338.83,405.68,42.49,7.11,pjm.com,false,
2022-11-23 04:00:00,USA,PJM Interconnection,US-MIDA-PJM,332.1,397.76,43.7,7.8,pjm.com,false,
2022-11-23 05:00:00,USA,PJM Interconnection,US-MIDA-PJM,326.68,392.03,44.19,8.05,pjm.com,false,
2022-11-23 06:00:00,USA,PJM Interconnection,US-MIDA-PJM,323.16,388.58,44.3,8.01,pjm.com,false,
2022-11-23 07:00:00,USA,PJM Interconnection,US-MIDA-PJM,323.97,389.55,44.14,7.67,pjm.com,false,
2022-11-23 08:00:00,USA,PJM Interconnection,US-MIDA-PJM,324.2,389.64,44.24,7.43,pjm.com,false,
2022-11-23 09:00:00,USA,PJM Interconnection,US-MIDA-PJM,325.58,392.44,43.14,7.17,pjm.com,false,
2022-11-23 10:00:00,USA,PJM Interconnection,US-MIDA-PJM,326.97,394.54,42.62,7.01,pjm.com,false,
2022-11-23 11:00:00,USA,PJM Interconnection,US-MIDA-PJM,323.47,391.97,42.36,8.64,pjm.com,false,
2022-11-23 12:00:00,USA,PJM Interconnection,US-MIDA-PJM,329.77,400.44,40.46,8.28,pjm.com,false,
2022-11-23 13:00:00,USA,PJM Interconnection,US-MIDA-PJM,330.78,401.1,40.76,8.62,pjm.com,false,
2022-11-23 14:00:00,USA,PJM Interconnection,US-MIDA-PJM,338.76,409.34,40.09,6.83,pjm.com,false,
2022-11-23 15:00:00,USA,PJM Interconnection,US-MIDA-PJM,344.94,415.75,39.55,5.05,pjm.com,false,
2022-11-23 16:00:00,USA,PJM Interconnection,US-MIDA-PJM,343.95,414.18,39.99,4.73,pjm.com,false,
2022-11-23 17:00:00,USA,PJM Interconnection,US-MIDA-PJM,339.83,409.33,40.74,5.03,pjm.com,false,
2022-11-23 18:00:00,USA,PJM Interconnection,US-MIDA-PJM,333.96,402.03,42.09,5.92,pjm.com,false,
2022-11-23 19:00:00,USA,PJM Interconnection,US-MIDA-PJM,330.49,397.79,42.83,6.26,pjm.com,false,
2022-11-23 20:00:00,USA,PJM Interconnection,US-MIDA-PJM,332.92,400.92,42.08,5.18,pjm.com,false,
2022-11-23 21:00:00,USA,PJM Interconnection,US-MIDA-PJM,338.51,408.04,40.56,3.91,pjm.com,false,
2022-11-23 22:00:00,USA,PJM Interconnection,US-MIDA-PJM,336.95,407.19,40.37,5.34,pjm.com,false,
2022-11-23 23:00:00,USA,PJM Interconnection,US-MIDA-PJM,335.1,404.9,40.75,5.99,pjm.com,false,
2022-11-24 00:00:00,USA,PJM Interconnection,US-MIDA-PJM,329.09,397.83,41.71,6.42,pjm.com,false,
2022-11-24 01:00:00,USA,PJM Interconnection,US-MIDA-PJM,325.26,393.22,42.34,6.93,pjm.com,false,
2022-11-24 02:00:00,USA,PJM Interconnection,US-MIDA-PJM,327.25,395.05,42.31,6.53,pjm.com,false,
2022-11-24 03:00:00,USA,PJM Interconnection,US-MIDA-PJM,324.08,390.36,43.58,6.76,pjm.com,false,
2022-11-24 04:00:00,USA,PJM Interconnection,US-MIDA-PJM,321.3,386.12,44.8,6.78,pjm.com,false,
2022-11-24 05:00:00,USA,PJM Interconnection,US-MIDA-PJM,319.26,383.35,45.48,6.5,pjm.com,false,
2022-11-24 06:00:00,USA,PJM Interconnection,US-MIDA-PJM,317.36,380.61,46.19,6.14,pjm.com,false,
2022-11-24 07:00:00,USA,PJM Interconnection,US-MIDA-PJM,311.44,374.7,46.46,5.92,pjm.com,false,
2022-11-24 08:00:00,USA,PJM Interconnection,US-MIDA-PJM,313.23,377.01,45.98,5.61,pjm.com,false,
2022-11-24 09:00:00,USA,PJM Interconnection,US-MIDA-PJM,315.89,380.19,45.48,5.03,pjm.com,false,
2022-11-24 10:00:00,USA,PJM Interconnection,US-MIDA-PJM,316.84,381.58,45.17,5.23,pjm.com,false,
2022-11-24 11:00:00,USA,PJM Interconnection,US-MIDA-PJM,324.22,389.59,44.38,5.55,pjm.com,false,
2022-11-24 12:00:00,USA,PJM Interconnection,US-MIDA-PJM,326.32,392.06,44.05,6.31,pjm.com,false,
2022-11-24 13:00:00,USA,PJM Interconnection,US-MIDA-PJM,326.41,391.68,44.51,7.46,pjm.com,false,
2022-11-24 14:00:00,USA,PJM Interconnection,US-MIDA-PJM,325.91,390.44,45.16,7.39,pjm.com,false,
2022-11-24 15:00:00,USA,PJM Interconnection,US-MIDA-PJM,331.26,396.35,44.51,6.56,pjm.com,false,
2022-11-24 16:00:00,USA,PJM Interconnection,US-MIDA-PJM,337.75,402.77,44.22,5.83,pjm.com,false,
2022-11-24 17:00:00,USA,PJM Interconnection,US-MIDA-PJM,334.65,398.59,45.18,6.11,pjm.com,false,
2022-11-24 18:00:00,USA,PJM Interconnection,US-MIDA-PJM,328.2,391.24,46.18,6.07,pjm.com,false,
2022-11-24 19:00:00,USA,PJM Interconnection,US-MIDA-PJM,324.51,386.71,46.95,5.92,pjm.com,false,
2022-11-24 20:00:00,USA,PJM Interconnection,US-MIDA-PJM,326.24,388.79,46.48,4.71,pjm.com,false,
2022-11-24 21:00:00,USA,PJM Interconnection,US-MIDA-PJM,327.92,390.38,46.35,4.05,pjm.com,false,
2022-11-24 22:00:00,USA,PJM Interconnection,US-MIDA-PJM,323.7,386.23,46.55,5.05,pjm.com,false,
2022-11-24 23:00:00,USA,PJM Interconnection,US-MIDA-PJM,320.09,381.66,47.48,5.84,pjm.com,false,
2022-11-25 00:00:00,USA,PJM Interconnection,US-MIDA-PJM,316.85,377.91,47.96,6.22,pjm.com,false,
2022-11-25 01:00:00,USA,PJM Interconnection,US-MIDA-PJM,312.51,373.15,48.48,6.64,pjm.com,false,
2022-11-25 02:00:00,USA,PJM Interconnection,US-MIDA-PJM,311.6,371.32,49.19,7.04,pjm.com,false,
2022-11-25 03:00:00,USA,PJM Interconnection,US-MIDA-PJM,308.58,367.9,49.57,6.88,pjm.com,false,
2022-11-25 04:00:00,USA,PJM Interconnection,US-MIDA-PJM,304.73,363.91,49.83,6.75,pjm.com,false,
2022-11-25 05:00:00,USA,PJM Interconnection,US-MIDA-PJM,300.38,358.46,50.87,6.42,pjm.com,false,
2022-11-25 06:00:00,USA,PJM Interconnection,US-MIDA-PJM,292.17,348.14,52.85,7.13,pjm.com,false,
2022-11-25 07:00:00,USA,PJM Interconnection,US-MIDA-PJM,287.37,341.86,54.19,7.52,pjm.com,false,
2022-11-25 08:00:00,USA,PJM Interconnection,US-MIDA-PJM,287.58,342.4,53.92,7.9,pjm.com,false,
2022-11-25 09:00:00,USA,PJM Interconnection,US-MIDA-PJM,288.3,343.44,53.65,7.88,pjm.com,false,
2022-11-25 10:00:00,USA,PJM Interconnection,US-MIDA-PJM,290.36,346.4,52.89,7.85,pjm.com,false,
2022-11-25 11:00:00,USA,PJM Interconnection,US-MIDA-PJM,292.24,349.21,52.19,8.51,pjm.com,false,
2022-11-25 12:00:00,USA,PJM Interconnection,US-MIDA-PJM,297.59,356.49,50.49,7.83,pjm.com,false,
2022-11-25 13:00:00,USA,PJM Interconnection,US-MIDA-PJM,304.97,366.3,48.34,7.14,pjm.com,false,
2022-11-25 14:00:00,USA,PJM Interconnection,US-MIDA-PJM,319.82,383.09,46.12,6.03,pjm.com,false,
2022-11-25 15:00:00,USA,PJM Interconnection,US-MIDA-PJM,327.91,391.57,45.45,5.69,pjm.com,false,
2022-11-25 16:00:00,USA,PJM Interconnection,US-MIDA-PJM,327.76,391.17,45.64,5.66,pjm.com,false,
2022-11-25 17:00:00,USA,PJM Interconnection,US-MIDA-PJM,322.37,384.56,46.88,6.34,pjm.com,false,
2022-11-25 18:00:00,USA,PJM Interconnection,US-MIDA-PJM,316.68,378.01,47.86,7.06,pjm.com,false,
2022-11-25 19:00:00,USA,PJM Interconnection,US-MIDA-PJM,313.05,373.92,48.41,7.14,pjm.com,false,
2022-11-25 20:00:00,USA,PJM Interconnection,US-MIDA-PJM,311.8,372.69,48.36,6.65,pjm.com,false,
2022-11-25 21:00:00,USA,PJM Interconnection,US-MIDA-PJM,319.03,382.33,46.13,5.54,pjm.com,false,
2022-11-25 22:00:00,USA,PJM Interconnection,US-MIDA-PJM,324.22,388.49,45.24,6.59,pjm.com,false,
2022-11-25 23:00:00,USA,PJM Interconnection,US-MIDA-PJM,326.64,391.05,44.97,6.6,pjm.com,false,
2022-11-26 00:00:00,USA,PJM Interconnection,US-MIDA-PJM,323.85,387.95,45.3,6.94,pjm.com,false,
2022-11-26 01:00:00,USA,PJM Interconnection,US-MIDA-PJM,322.46,385.85,45.82,6.92,pjm.com,false,
2022-11-26 02:00:00,USA,PJM Interconnection,US-MIDA-PJM,318.39,380.71,46.79,7.25,pjm.com,false,
2022-11-26 03:00:00,USA,PJM Interconnection,US-MIDA-PJM,318.21,380.25,46.94,6.36,pjm.com,false,
2022-11-26 04:00:00,USA,PJM Interconnection,US-MIDA-PJM,315.7,376.67,47.86,6.16,pjm.com,false,
2022-11-26 05:00:00,USA,PJM Interconnection,US-MIDA-PJM,311.67,372.19,48.41,5.63,pjm.com,false,
2022-11-26 06:00:00,USA,PJM Interconnection,US-MIDA-PJM,309.14,369.35,48.78,5.49,pjm.com,false,
2022-11-26 07:00:00,USA,PJM Interconnection,US-MIDA-PJM,306.01,365.54,49.45,5.69,pjm.com,false,
2022-11-26 08:00:00,USA,PJM Interconnection,US-MIDA-PJM,306.34,365.79,49.48,6.05,pjm.com,false,
2022-11-26 09:00:00,USA,PJM Interconnection,US-MIDA-PJM,302.31,360.92,50.31,7.28,pjm.com,false,
2022-11-26 10:00:00,USA,PJM Interconnection,US-MIDA-PJM,302.88,362.29,49.72,7.58,pjm.com,false,
2022-11-26 11:00:00,USA,PJM Interconnection,US-MIDA-PJM,306.67,367.16,48.82,7.99,pjm.com,false,
2022-11-26 12:00:00,USA,PJM Interconnection,US-MIDA-PJM,314.44,375.77,47.92,8.28,pjm.com,false,
2022-11-26 13:00:00,USA,PJM Interconnection,US-MIDA-PJM,318.86,380.39,47.58,8.34,pjm.com,false,
2022-11-26 14:00:00,USA,PJM Interconnection,US-MIDA-PJM,311.51,371.18,49.45,9.22,pjm.com,false,
2022-11-26 15:00:00,USA,PJM Interconnection,US-MIDA-PJM,313.37,373.33,49.14,8.04,pjm.com,false,
2022-11-26 16:00:00,USA,PJM Interconnection,US-MIDA-PJM,306.64,365.28,50.44,8.77,pjm.com,false,
2022-11-26 17:00:00,USA,PJM Interconnection,US-MIDA-PJM,298.4,355.47,52.0,9.53,pjm.com,false,
2022-11-26 18:00:00,USA,PJM Interconnection,US-MIDA-PJM,302.62,360.15,51.46,8.65,pjm.com,false,
2022-11-26 19:00:00,USA,PJM Interconnection,US-MIDA-PJM,306.2,364.73,50.5,7.56,pjm.com,false,
2022-11-26 20:00:00,USA,PJM Interconnection,US-MIDA-PJM,314.23,374.82,48.44,5.72,pjm.com,false,
2022-11-26 21:00:00,USA,PJM Interconnection,US-MIDA-PJM,325.27,388.69,45.67,4.17,pjm.com,false,
2022-11-26 22:00:00,USA,PJM Interconnection,US-MIDA-PJM,322.69,386.15,45.92,6.99,pjm.com,false,
2022-11-26 23:00:00,USA,PJM Interconnection,US-MIDA-PJM,331.0,395.22,44.82,6.66,pjm.com,false,
2022-11-27 00:00:00,USA,PJM Interconnection,US-MIDA-PJM,327.87,391.31,45.56,7.18,pjm.com,false,
2022-11-27 01:00:00,USA,PJM Interconnection,US-MIDA-PJM,332.26,395.67,45.31,6.46,pjm.com,false,
2022-11-27 02:00:00,USA,PJM Interconnection,US-MIDA-PJM,327.17,389.84,46.14,6.39,pjm.com,false,
2022-11-27 03:00:00,USA,PJM Interconnection,US-MIDA-PJM,330.52,392.93,46.09,5.62,pjm.com,false,
2022-11-27 04:00:00,USA,PJM Interconnection,US-MIDA-PJM,321.9,382.52,47.86,5.89,pjm.com,false,
2022-11-27 05:00:00,USA,PJM Interconnection,US-MIDA-PJM,314.99,375.47,48.34,5.21,pjm.com,false,
2022-11-27 06:00:00,USA,PJM Interconnection,US-MIDA-PJM,307.07,366.83,49.26,4.96,pjm.com,false,
2022-11-27 07:00:00,USA,PJM Interconnection,US-MIDA-PJM,307.23,367.8,48.66,4.11,pjm.com,false,
2022-11-27 08:00:00,USA,PJM Interconnection,US-MIDA-PJM,305.55,365.71,49.03,4.38,pjm.com,false,
2022-11-27 09:00:00,USA,PJM Interconnection,US-MIDA-PJM,300.12,359.39,50.0,5.32,pjm.com,false,
2022-11-27 10:00:00,USA,PJM Interconnection,US-MIDA-PJM,293.8,351.24,51.67,7.07,pjm.com,false,
2022-11-27 11:00:00,USA,PJM Interconnection,US-MIDA-PJM,286.83,342.96,53.1,9.42,pjm.com,false,
2022-11-27 12:00:00,USA,PJM Interconnection,US-MIDA-PJM,287.72,344.82,52.36,9.9,pjm.com,false,
2022-11-27 13:00:00,USA,PJM Interconnection,US-MIDA-PJM,298.64,357.98,50.09,9.35,pjm.com,false,
2022-11-27 14:00:00,USA,PJM Interconnection,US-MIDA-PJM,316.74,378.18,47.61,8.34,pjm.com,false,
2022-11-27 15:00:00,USA,PJM Interconnection,US-MIDA-PJM,313.75,375.29,47.85,8.38,pjm.com,false,
2022-11-27 16:00:00,USA,PJM Interconnection,US-MIDA-PJM,309.11,369.89,48.49,9.24,pjm.com,false,
2022-11-27 17:00:00,USA,PJM Interconnection,US-MIDA-PJM,307.48,367.83,48.86,9.77,pjm.com,false,
2022-11-27 18:00:00,USA,PJM Interconnection,US-MIDA-PJM,301.62,361.11,49.78,10.75,pjm.com,false,
2022-11-27 19:00:00,USA,PJM Interconnection,US-MIDA-PJM,301.62,361.25,49.69,10.83,pjm.com,false,
2022-11-27 20:00:00,USA,PJM Interconnection,US-MIDA-PJM,303.68,362.95,49.87,10.64,pjm.com,false,
2022-11-27 21:00:00,USA,PJM Interconnection,US-MIDA-PJM,306.02,366.51,48.9,10.78,pjm.com,false,
2022-11-27 22:00:00,USA,PJM Interconnection,US-MIDA-PJM,312.14,373.5,48.08,11.71,pjm.com,false,
2022-11-27 23:00:00,USA,PJM Interconnection,US-MIDA-PJM,324.8,387.6,46.32,10.05,pjm.com,false,
2022-11-28 00:00:00,USA,PJM Interconnection,US-MIDA-PJM,332.14,395.78,45.27,8.32,pjm.com,false,
2022-11-28 01:00:00,USA,PJM Interconnection,US-MIDA-PJM,337.06,400.63,45.05,7.5,pjm.com,false,
2022-11-28 02:00:00,USA,PJM Interconnection,US-MIDA-PJM,336.37,399.68,45.24,6.5,pjm.com,false,
2022-11-28 03:00:00,USA,PJM Interconnection,US-MIDA-PJM,337.16,400.12,45.35,4.89,pjm.com,false,
2022-11-28 04:00:00,USA,PJM Interconnection,US-MIDA-PJM,330.78,392.99,46.25,4.29,pjm.com,false,
2022-11-28 05:00:00,USA,PJM Interconnection,US-MIDA-PJM,328.26,390.16,46.61,3.78,pjm.com,false,
2022-11-28 06:00:00,USA,PJM Interconnection,US-MIDA-PJM,325.77,387.05,47.24,3.62,pjm.com,false,
2022-11-28 07:00:00,USA,PJM Interconnection,US-MIDA-PJM,322.22,383.37,47.55,3.6,pjm.com,false,
2022-11-28 08:00:00,USA,PJM Interconnection,US-MIDA-PJM,320.74,380.96,48.33,3.63,pjm.com,false,
2022-11-28 09:00:00,USA,PJM Interconnection,US-MIDA-PJM,322.48,383.82,47.4,3.44,pjm.com,false,
2022-11-28 10:00:00,USA,PJM Interconnection,US-MIDA-PJM,327.69,391.5,45.31,3.34,pjm.com,false,
2022-11-28 11:00:00,USA,PJM Interconnection,US-MIDA-PJM,333.82,399.65,43.59,4.35,pjm.com,false,
2022-11-28 12:00:00,USA,PJM Interconnection,US-MIDA-PJM,337.65,404.75,42.66,5.92,pjm.com,false,
2022-11-28 13:00:00,USA,PJM Interconnection,US-MIDA-PJM,343.95,411.75,42.09,5.76,pjm.com,false,
2022-11-28 14:00:00,USA,PJM Interconnection,US-MIDA-PJM,344.88,413.11,42.03,6.11,pjm.com,false,
2022-11-28 15:00:00,USA,PJM Interconnection,US-MIDA-PJM,348.86,417.53,41.75,5.68,pjm.com,false,
2022-11-28 16:00:00,USA,PJM Interconnection,US-MIDA-PJM,349.55,417.95,41.92,5.57,pjm.com,false,
2022-11-28 17:00:00,USA,PJM Interconnection,US-MIDA-PJM,344.39,412.23,42.47,5.96,pjm.com,false,
2022-11-28 18:00:00,USA,PJM Interconnection,US-MIDA-PJM,343.21,411.43,42.12,5.86,pjm.com,false,
2022-11-28 19:00:00,USA,PJM Interconnection,US-MIDA-PJM,345.51,414.19,41.61,5.35,pjm.com,false,
2022-11-28 20:00:00,USA,PJM Interconnection,US-MIDA-PJM,345.82,414.56,41.62,5.22,pjm.com,false,
2022-11-28 21:00:00,USA,PJM Interconnection,US-MIDA-PJM,349.78,419.33,40.89,5.69,pjm.com,false,
2022-11-28 22:00:00,USA,PJM Interconnection,US-MIDA-PJM,348.87,418.72,40.82,7.18,pjm.com,false,
2022-11-28 23:00:00,USA,PJM Interconnection,US-MIDA-PJM,345.35,414.75,41.31,7.95,pjm.com,false,
2022-11-29 00:00:00,USA,PJM Interconnection,US-MIDA-PJM,346.15,415.99,40.78,7.08,pjm.com,false,
2022-11-29 01:00:00,USA,PJM Interconnection,US-MIDA-PJM,342.26,411.14,41.56,7.16,pjm.com,false,
2022-11-29 02:00:00,USA,PJM Interconnection,US-MIDA-PJM,345.16,413.67,41.65,6.45,pjm.com,false,
2022-11-29 03:00:00,USA,PJM Interconnection,US-MIDA-PJM,345.17,412.7,42.39,5.91,pjm.com,false,
2022-11-29 04:00:00,USA,PJM Interconnection,US-MIDA-PJM,344.69,410.37,43.72,5.84,pjm.com,false,
2022-11-29 05:00:00,USA,PJM Interconnection,US-MIDA-PJM,333.12,396.64,45.08,5.85,pjm.com,false,
2022-11-29 06:00:00,USA,PJM Interconnection,US-MIDA-PJM,332.48,395.49,45.49,6.04,pjm.com,false,
2022-11-29 07:00:00,USA,PJM Interconnection,US-MIDA-PJM,332.48,396.21,44.96,5.43,pjm.com,false,
2022-11-29 08:00:00,USA,PJM Interconnection,US-MIDA-PJM,331.64,395.04,45.23,5.81,pjm.com,false,
2022-11-29 09:00:00,USA,PJM Interconnection,US-MIDA-PJM,328.22,391.94,45.18,6.47,pjm.com,false,
2022-11-29 10:00:00,USA,PJM Interconnection,US-MIDA-PJM,325.81,390.24,44.89,7.6,pjm.com,false,
2022-11-29 11:00:00,USA,PJM Interconnection,US-MIDA-PJM,320.78,385.8,44.91,10.36,pjm.com,false,
2022-11-29 12:00:00,USA,PJM Interconnection,US-MIDA-PJM,328.07,394.77,43.34,10.78,pjm.com,false,
2022-11-29 13:00:00,USA,PJM Interconnection,US-MIDA-PJM,324.95,390.8,44.27,11.33,pjm.com,false,
2022-11-29 14:00:00,USA,PJM Interconnection,US-MIDA-PJM,321.29,385.91,45.45,11.67,pjm.com,false,
2022-11-29 15:00:00,USA,PJM Interconnection,US-MIDA-PJM,320.86,384.8,45.8,11.2,pjm.com,false,
2022-11-29 16:00:00,USA,PJM Interconnection,US-MIDA-PJM,314.09,376.94,46.82,11.41,pjm.com,false,
2022-11-29 17:00:00,USA,PJM Interconnection,US-MIDA-PJM,312.18,374.95,46.98,11.68,pjm.com,false,
2022-11-29 18:00:00,USA,PJM Interconnection,US-MIDA-PJM,307.16,369.18,47.8,12.07,pjm.com,false,
2022-11-29 19:00:00,USA,PJM Interconnection,US-MIDA-PJM,306.07,368.19,47.77,11.99,pjm.com,false,
2022-11-29 20:00:00,USA,PJM Interconnection,US-MIDA-PJM,312.36,375.95,46.4,11.01,pjm.com,false,
2022-11-29 21:00:00,USA,PJM Interconnection,US-MIDA-PJM,317.55,382.08,45.42,10.64,pjm.com,false,
2022-11-29 22:00:00,USA,PJM Interconnection,US-MIDA-PJM,313.6,378.69,45.29,12.38,pjm.com,false,
2022-11-29 23:00:00,USA,PJM Interconnection,US-MIDA-PJM,316.17,381.63,44.73,12.17,pjm.com,false,
2022-11-30 00:00:00,USA,PJM Interconnection,US-MIDA-PJM,318.62,384.19,44.4,11.19,pjm.com,false,
2022-11-30 01:00:00,USA,PJM Interconnection,US-MIDA-PJM,319.01,383.99,44.85,11.01,pjm.com,false,
2022-11-30 02:00:00,USA,PJM Interconnection,US-MIDA-PJM,319.05,383.8,44.92,10.31,pjm.com,false,
2022-11-30 03:00:00,USA,PJM Interconnection,US-MIDA-PJM,310.4,373.11,46.86,10.52,pjm.com,false,
2022-11-30 04:00:00,USA,PJM Interconnection,US-MIDA-PJM,302.69,363.42,48.72,11.03,pjm.com,false,
2022-11-30 05:00:00,USA,PJM Interconnection,US-MIDA-PJM,296.11,355.55,50.0,11.18,pjm.com,false,
2022-11-30 06:00:00,USA,PJM Interconnection,US-MIDA-PJM,290.08,348.15,51.32,11.51,pjm.com,false,
2022-11-30 07:00:00,USA,PJM Interconnection,US-MIDA-PJM,289.05,346.54,51.82,11.49,pjm.com,false,
2022-11-30 08:00:00,USA,PJM Interconnection,US-MIDA-PJM,289.39,346.74,51.9,11.44,pjm.com,false,
2022-11-30 09:00:00,USA,PJM Interconnection,US-MIDA-PJM,292.21,350.51,51.05,11.06,pjm.com,false,
2022-11-30 10:00:00,USA,PJM Interconnection,US-MIDA-PJM,298.94,359.13,49.31,10.71,pjm.com,false,
2022-11-30 11:00:00,USA,PJM Interconnection,US-MIDA-PJM,305.25,367.07,47.86,11.58,pjm.com,false,
2022-11-30 12:00:00,USA,PJM Interconnection,US-MIDA-PJM,320.59,385.5,44.84,10.86,pjm.com,false,
2022-11-30 13:00:00,USA,PJM Interconnection,US-MIDA-PJM,327.14,393.52,43.46,10.78,pjm.com,false,
2022-11-30 14:00:00,USA,PJM Interconnection,US-MIDA-PJM,329.82,396.48,43.04,10.29,pjm.com,false,
2022-11-30 15:00:00,USA,PJM Interconnection,US-MIDA-PJM,332.7,399.31,42.87,10.17,pjm.com,false,
2022-11-30 16:00:00,USA,PJM Interconnection,US-MIDA-PJM,331.98,398.12,43.28,10.43,pjm.com,false,
2022-11-30 17:00:00,USA,PJM Interconnection,US-MIDA-PJM,331.28,396.81,43.77,10.75,pjm.com,false,
2022-11-30 18:00:00,USA,PJM Interconnection,US-MIDA-PJM,331.32,396.73,43.83,10.72,pjm.com,false,
2022-11-30 19:00:00,USA,PJM Interconnection,US-MIDA-PJM,326.21,390.4,45.04,11.37,pjm.com,false,
2022-11-30 20:00:00,USA,PJM Interconnection,US-MIDA-PJM,322.66,386.51,45.58,11.8,pjm.com,false,
2022-11-30 21:00:00,USA,PJM Interconnection,US-MIDA-PJM,325.55,390.8,44.37,11.22,pjm.com,false,
2022-11-30 22:00:00,USA,PJM Interconnection,US-MIDA-PJM,327.17,393.18,43.86,12.26,pjm.com,false,
2022-11-30 23:00:00,USA,PJM Interconnection,US-MIDA-PJM,335.39,402.46,42.56,11.64,pjm.com,false,
2022-12-01 00:00:00,USA,PJM Interconnection,US-MIDA-PJM,335.3,401.96,42.85,11.54,pjm.com,false,
2022-12-01 01:00:00,USA,PJM Interconnection,US-MIDA-PJM,336.93,404.0,42.4,11.01,pjm.com,false,
2022-12-01 02:00:00,USA,PJM Interconnection,US-MIDA-PJM,338.11,405.36,42.1,9.85,pjm.com,false,
2022-12-01 03:00:00,USA,PJM Interconnection,US-MIDA-PJM,331.61,397.8,43.17,9.57,pjm.com,false,
2022-12-01 04:00:00,USA,PJM Interconnection,US-MIDA-PJM,326.86,391.24,44.77,9.63,pjm.com,false,
2022-12-01 05:00:00,USA,PJM Interconnection,US-MIDA-PJM,324.84,388.79,45.18,8.94,pjm.com,false,
2022-12-01 06:00:00,USA,PJM Interconnection,US-MIDA-PJM,326.28,390.03,45.26,8.55,pjm.com,false,
2022-12-01 07:00:00,USA,PJM Interconnection,US-MIDA-PJM,326.5,390.57,45.02,8.23,pjm.com,false,
2022-12-01 08:00:00,USA,PJM Interconnection,US-MIDA-PJM,328.17,392.96,44.42,7.5,pjm.com,false,
2022-12-01 09:00:00,USA,PJM Interconnection,US-MIDA-PJM,332.94,399.02,43.25,6.97,pjm.com,false,
2022-12-01 10:00:00,USA,PJM Interconnection,US-MIDA-PJM,336.09,404.1,41.77,6.85,pjm.com,false,
2022-12-01 11:00:00,USA,PJM Interconnection,US-MIDA-PJM,344.53,415.25,39.52,7.36,pjm.com,false,
2022-12-01 12:00:00,USA,PJM Interconnection,US-MIDA-PJM,348.28,420.47,38.44,7.92,pjm.com,false,
2022-12-01 13:00:00,USA,PJM Interconnection,US-MIDA-PJM,349.39,421.79,38.31,7.76,pjm.com,false,
2022-12-01 14:00:00,USA,PJM Interconnection,US-MIDA-PJM,351.31,423.26,38.59,6.96,pjm.com,false,
2022-12-01 15:00:00,USA,PJM Interconnection,US-MIDA-PJM,353.95,425.89,38.28,5.88,pjm.com,false,
2022-12-01 16:00:00,USA,PJM Interconnection,US-MIDA-PJM,349.32,420.48,39.04,5.75,pjm.com,false,
2022-12-01 17:00:00,USA,PJM Interconnection,US-MIDA-PJM,347.36,417.8,39.58,5.9,pjm.com,false,
2022-12-01 18:00:00,USA,PJM Interconnection,US-MIDA-PJM,344.98,414.62,40.29,6.21,pjm.com,false,
2022-12-01 19:00:00,USA,PJM Interconnection,US-MIDA-PJM,342.86,412.29,40.57,6.43,pjm.com,false,
2022-12-01 20:00:00,USA,PJM Interconnection,US-MIDA-PJM,341.65,410.8,40.78,6.71,pjm.com,false,
2022-12-01 21:00:00,USA,PJM Interconnection,US-MIDA-PJM,342.75,412.87,40.1,7.14,pjm.com,false,
2022-12-01 22:00:00,USA,PJM Interconnection,US-MIDA-PJM,348.14,419.71,39.03,8.27,pjm.com,false,
2022-12-01 23:00:00,USA,PJM Interconnection,US-MIDA-PJM,350.49,422.0,38.64,8.33,pjm.com,false,
2022-12-02 00:00:00,USA,PJM Interconnection,US-MIDA-PJM,347.02,417.97,39.21,8.82,pjm.com,false,
2022-12-02 01:00:00,USA,PJM Interconnection,US-MIDA-PJM,348.32,418.77,39.57,8.87,pjm.com,false,
2022-12-02 02:00:00,USA,PJM Interconnection,US-MIDA-PJM,347.44,416.63,40.41,8.89,pjm.com,false,
2022-12-02 03:00:00,USA,PJM Interconnection,US-MIDA-PJM,347.99,416.15,40.98,8.18,pjm.com,false,
2022-12-02 04:00:00,USA,PJM Interconnection,US-MIDA-PJM,346.69,414.59,41.22,7.64,pjm.com,false,
2022-12-02 05:00:00,USA,PJM Interconnection,US-MIDA-PJM,342.07,409.7,41.65,7.63,pjm.com,false,
2022-12-02 06:00:00,USA,PJM Interconnection,US-MIDA-PJM,340.05,407.27,42.09,7.79,pjm.com,false,
2022-12-02 07:00:00,USA,PJM Interconnection,US-MIDA-PJM,342.88,410.35,41.76,7.12,pjm.com,false,
2022-12-02 08:00:00,USA,PJM Interconnection,US-MIDA-PJM,343.69,411.67,41.34,6.63,pjm.com,false,
2022-12-02 09:00:00,USA,PJM Interconnection,US-MIDA-PJM,341.53,409.88,41.17,6.83,pjm.com,false,
2022-12-02 10:00:00,USA,PJM Interconnection,US-MIDA-PJM,338.55,406.91,41.41,8.39,pjm.com,false,
2022-12-02 11:00:00,USA,PJM Interconnection,US-MIDA-PJM,332.17,400.71,41.87,10.78,pjm.com,false,
2022-12-02 12:00:00,USA,PJM Interconnection,US-MIDA-PJM,340.33,409.79,40.73,10.87,pjm.com,false,
2022-12-02 13:00:00,USA,PJM Interconnection,US-MIDA-PJM,341.83,410.82,41.06,11.08,pjm.com,false,
2022-12-02 14:00:00,USA,PJM Interconnection,US-MIDA-PJM,335.41,402.74,42.61,11.34,pjm.com,false,
2022-12-02 15:00:00,USA,PJM Interconnection,US-MIDA-PJM,333.54,400.05,43.21,10.86,pjm.com,false,
2022-12-02 16:00:00,USA,PJM Interconnection,US-MIDA-PJM,330.62,396.25,43.99,10.77,pjm.com,false,
2022-12-02 17:00:00,USA,PJM Interconnection,US-MIDA-PJM,329.52,394.51,44.47,10.92,pjm.com,false,
2022-12-02 18:00:00,USA,PJM Interconnection,US-MIDA-PJM,328.23,393.06,44.66,11.01,pjm.com,false,
2022-12-02 19:00:00,USA,PJM Interconnection,US-MIDA-PJM,326.4,391.45,44.58,11.02,pjm.com,false,
2022-12-02 20:00:00,USA,PJM Interconnection,US-MIDA-PJM,327.68,392.76,44.37,10.42,pjm.com,false,
2022-12-02 21:00:00,USA,PJM Interconnection,US-MIDA-PJM,327.26,392.19,44.48,10.53,pjm.com,false,
2022-12-02 22:00:00,USA,PJM Interconnection,US-MIDA-PJM,326.96,392.58,44.09,11.53,pjm.com,false,
2022-12-02 23:00:00,USA,PJM Interconnection,US-MIDA-PJM,329.52,395.22,43.87,11.23,pjm.com,false,
2022-12-03 00:00:00,USA,PJM Interconnection,US-MIDA-PJM,330.88,396.13,44.14,11.13,pjm.com,false,
2022-12-03 01:00:00,USA,PJM Interconnection,US-MIDA-PJM,332.33,397.02,44.45,10.95,pjm.com,false,
2022-12-03 02:00:00,USA,PJM Interconnection,US-MIDA-PJM,334.26,399.13,44.16,10.07,pjm.com,false,
2022-12-03 03:00:00,USA,PJM Interconnection,US-MIDA-PJM,324.48,387.45,46.04,10.59,pjm.com,false,
2022-12-03 04:00:00,USA,PJM Interconnection,US-MIDA-PJM,318.92,380.0,47.71,10.82,pjm.com,false,
2022-12-03 05:00:00,USA,PJM Interconnection,US-MIDA-PJM,309.06,367.47,50.15,11.37,pjm.com,false,
2022-12-03 06:00:00,USA,PJM Interconnection,US-MIDA-PJM,302.64,360.51,50.88,11.4,pjm.com,false,
2022-12-03 07:00:00,USA,PJM Interconnection,US-MIDA-PJM,298.14,355.11,51.77,11.48,pjm.com,false,
2022-12-03 08:00:00,USA,PJM Interconnection,US-MIDA-PJM,296.36,352.38,52.55,11.83,pjm.com,false,
2022-12-03 09:00:00,USA,PJM Interconnection,US-MIDA-PJM,297.66,353.99,52.29,11.66,pjm.com,false,
2022-12-03 10:00:00,USA,PJM Interconnection,US-MIDA-PJM,298.19,354.72,52.12,11.57,pjm.com,false,
2022-12-03 11:00:00,USA,PJM Interconnection,US-MIDA-PJM,298.02,354.85,51.92,12.09,pjm.com,false,
2022-12-03 12:00:00,USA,PJM Interconnection,US-MIDA-PJM,300.75,358.88,50.84,12.17,pjm.com,false,
2022-12-03 13:00:00,USA,PJM Interconnection,US-MIDA-PJM,307.31,367.56,48.91,11.82,pjm.com,false,
2022-12-03 14:00:00,USA,PJM Interconnection,US-MIDA-PJM,313.82,375.41,47.57,11.76,pjm.com,false,
2022-12-03 15:00:00,USA,PJM Interconnection,US-MIDA-PJM,317.58,380.48,46.43,11.51,pjm.com,false,
2022-12-03 16:00:00,USA,PJM Interconnection,US-MIDA-PJM,319.3,382.92,45.81,10.65,pjm.com,false,
2022-12-03 17:00:00,USA,PJM Interconnection,US-MIDA-PJM,324.22,388.8,44.87,9.86,pjm.com,false,
2022-12-03 18:00:00,USA,PJM Interconnection,US-MIDA-PJM,324.76,388.96,45.14,9.41,pjm.com,false,
2022-12-03 19:00:00,USA,PJM Interconnection,US-MIDA-PJM,323.32,387.08,45.57,9.25,pjm.com,false,
2022-12-03 20:00:00,USA,PJM Interconnection,US-MIDA-PJM,323.3,387.71,45.07,8.47,pjm.com,false,
2022-12-03 21:00:00,USA,PJM Interconnection,US-MIDA-PJM,326.99,393.19,43.59,7.33,pjm.com,false,
2022-12-03 22:00:00,USA,PJM Interconnection,US-MIDA-PJM,336.31,403.99,42.1,7.51,pjm.com,false,
2022-12-03 23:00:00,USA,PJM Interconnection,US-MIDA-PJM,338.36,405.68,42.27,7.84,pjm.com,false,
2022-12-04 00:00:00,USA,PJM Interconnection,US-MIDA-PJM,332.58,398.31,43.76,8.91,pjm.com,false,
2022-12-04 01:00:00,USA,PJM Interconnection,US-MIDA-PJM,334.26,400.49,43.22,8.09,pjm.com,false,
2022-12-04 02:00:00,USA,PJM Interconnection,US-MIDA-PJM,337.28,403.76,42.84,7.15,pjm.com,false,
2022-12-04 03:00:00,USA,PJM Interconnection,US-MIDA-PJM,344.2,411.25,41.98,5.59,pjm.com,false,
2022-12-04 04:00:00,USA,PJM Interconnection,US-MIDA-PJM,344.01,410.51,42.39,4.76,pjm.com,false,
2022-12-04 05:00:00,USA,PJM Interconnection,US-MIDA-PJM,337.68,402.98,43.61,4.64,pjm.com,false,
2022-12-04 06:00:00,USA,PJM Interconnection,US-MIDA-PJM,337.92,403.36,43.5,4.32,pjm.com,false,
2022-12-04 07:00:00,USA,PJM Interconnection,US-MIDA-PJM,338.71,404.31,43.34,4.21,pjm.com,false,
2022-12-04 08:00:00,USA,PJM Interconnection,US-MIDA-PJM,342.87,408.85,42.85,4.08,pjm.com,false,
2022-12-04 09:00:00,USA,PJM Interconnection,US-MIDA-PJM,341.43,406.73,43.45,4.53,pjm.com,false,
2022-12-04 10:00:00,USA,PJM Interconnection,US-MIDA-PJM,342.71,408.42,43.1,4.82,pjm.com,false,
2022-12-04 11:00:00,USA,PJM Interconnection,US-MIDA-PJM,343.0,408.78,43.06,5.56,pjm.com,false,
2022-12-04 12:00:00,USA,PJM Interconnection,US-MIDA-PJM,339.96,405.13,43.76,7.53,pjm.com,false,
2022-12-04 13:00:00,USA,PJM Interconnection,US-MIDA-PJM,336.83,401.37,44.53,8.97,pjm.com,false,
2022-12-04 14:00:00,USA,PJM Interconnection,US-MIDA-PJM,336.6,401.03,44.67,8.83,pjm.com,false,
2022-12-04 15:00:00,USA,PJM Interconnection,US-MIDA-PJM,341.68,407.29,43.5,7.36,pjm.com,false,
2022-12-04 16:00:00,USA,PJM Interconnection,US-MIDA-PJM,338.52,403.56,44.08,7.64,pjm.com,false,
2022-12-04 17:00:00,USA,PJM Interconnection,US-MIDA-PJM,340.74,406.2,43.64,7.26,pjm.com,false,
2022-12-04 18:00:00,USA,PJM Interconnection,US-MIDA-PJM,336.57,401.36,44.32,7.47,pjm.com,false,
2022-12-04 19:00:00,USA,PJM Interconnection,US-MIDA-PJM,334.29,398.99,44.45,7.44,pjm.com,false,
2022-12-04 20:00:00,USA,PJM Interconnection,US-MIDA-PJM,339.0,404.96,43.15,6.49,pjm.com,false,
2022-12-04 21:00:00,USA,PJM Interconnection,US-MIDA-PJM,344.48,412.45,41.49,6.19,pjm.com,false,
2022-12-04 22:00:00,USA,PJM Interconnection,US-MIDA-PJM,346.49,415.28,40.95,8.27,pjm.com,false,
2022-12-04 23:00:00,USA,PJM Interconnection,US-MIDA-PJM,349.87,418.66,40.68,9.06,pjm.com,false,
2022-12-05 00:00:00,USA,PJM Interconnection,US-MIDA-PJM,350.62,419.1,40.82,9.56,pjm.com,false,
2022-12-05 01:00:00,USA,PJM Interconnection,US-MIDA-PJM,348.09,416.34,41.06,9.65,pjm.com,false,
2022-12-05 02:00:00,USA,PJM Interconnection,US-MIDA-PJM,348.03,415.84,41.31,9.21,pjm.com,false,
2022-12-05 03:00:00,USA,PJM Interconnection,US-MIDA-PJM,346.03,412.78,42.08,8.73,pjm.com,false,
2022-12-05 04:00:00,USA,PJM Interconnection,US-MIDA-PJM,341.94,407.78,42.97,8.75,pjm.com,false,
2022-12-05 05:00:00,USA,PJM Interconnection,US-MIDA-PJM,339.3,405.37,42.95,8.46,pjm.com,false,
2022-12-05 06:00:00,USA,PJM Interconnection,US-MIDA-PJM,339.14,405.33,42.88,8.08,pjm.com,false,
2022-12-05 07:00:00,USA,PJM Interconnection,US-MIDA-PJM,341.67,408.6,42.19,7.5,pjm.com,false,
2022-12-05 08:00:00,USA,PJM Interconnection,US-MIDA-PJM,343.05,410.26,41.91,7.31,pjm.com,false,
2022-12-05 09:00:00,USA,PJM Interconnection,US-MIDA-PJM,346.15,414.16,41.17,6.98,pjm.com,false,
2022-12-05 10:00:00,USA,PJM Interconnection,US-MIDA-PJM,351.23,421.38,39.42,6.66,pjm.com,false,
2022-12-05 11:00:00,USA,PJM Interconnection,US-MIDA-PJM,356.31,428.8,37.55,7.28,pjm.com,false,
2022-12-05 12:00:00,USA,PJM Interconnection,US-MIDA-PJM,360.53,433.4,37.2,8.43,pjm.com,false,
2022-12-05 13:00:00,USA,PJM Interconnection,US-MIDA-PJM,361.76,434.45,37.33,8.76,pjm.com,false,
2022-12-05 14:00:00,USA,PJM Interconnection,US-MIDA-PJM,364.55,437.63,36.99,7.22,pjm.com,false,
2022-12-05 15:00:00,USA,PJM Interconnection,US-MIDA-PJM,366.14,439.26,36.8,5.91,pjm.com,false,
2022-12-05 16:00:00,USA,PJM Interconnection,US-MIDA-PJM,365.92,438.47,36.99,5.15,pjm.com,false,
2022-12-05 17:00:00,USA,PJM Interconnection,US-MIDA-PJM,363.61,435.77,37.39,4.99,pjm.com,false,
2022-12-05 18:00:00,USA,PJM Interconnection,US-MIDA-PJM,363.19,434.83,37.81,5.1,pjm.com,false,
2022-12-05 19:00:00,USA,PJM Interconnection,US-MIDA-PJM,364.25,436.0,37.62,4.69,pjm.com,false,
2022-12-05 20:00:00,USA,PJM Interconnection,US-MIDA-PJM,368.03,440.81,36.6,3.87,pjm.com,false,
2022-12-05 21:00:00,USA,PJM Interconnection,US-MIDA-PJM,367.88,441.09,36.34,4.05,pjm.com,false,
2022-12-05 22:00:00,USA,PJM Interconnection,US-MIDA-PJM,363.2,436.24,36.89,6.33,pjm.com,false,
2022-12-05 23:00:00,USA,PJM Interconnection,US-MIDA-PJM,368.5,442.15,36.13,6.1,pjm.com,false,
2022-12-06 00:00:00,USA,PJM Interconnection,US-MIDA-PJM,365.3,438.68,36.49,6.19,pjm.com,false,
2022-12-06 01:00:00,USA,PJM Interconnection,US-MIDA-PJM,367.68,440.94,36.45,5.93,pjm.com,false,
2022-12-06 02:00:00,USA,PJM Interconnection,US-MIDA-PJM,368.49,441.08,36.82,4.79,pjm.com,false,
2022-12-06 03:00:00,USA,PJM Interconnection,US-MIDA-PJM,368.67,440.66,37.11,3.41,pjm.com,false,
2022-12-06 04:00:00,USA,PJM Interconnection,US-MIDA-PJM,365.8,436.63,38.1,3.14,pjm.com,false,
2022-12-06 05:00:00,USA,PJM Interconnection,US-MIDA-PJM,361.17,431.78,38.52,2.94,pjm.com,false,
2022-12-06 06:00:00,USA,PJM Interconnection,US-MIDA-PJM,355.51,425.77,39.09,2.92,pjm.com,false,
2022-12-06 07:00:00,USA,PJM Interconnection,US-MIDA-PJM,352.1,422.0,39.48,2.71,pjm.com,false,
2022-12-06 08:00:00,USA,PJM Interconnection,US-MIDA-PJM,349.33,418.75,39.97,2.7,pjm.com,false,
2022-12-06 09:00:00,USA,PJM Interconnection,US-MIDA-PJM,348.47,417.91,40.0,2.86,pjm.com,false,
2022-12-06 10:00:00,USA,PJM Interconnection,US-MIDA-PJM,352.61,423.13,39.03,3.08,pjm.com,false,
2022-12-06 11:00:00,USA,PJM Interconnection,US-MIDA-PJM,356.55,428.08,38.46,4.5,pjm.com,false,
2022-12-06 12:00:00,USA,PJM Interconnection,US-MIDA-PJM,354.82,427.08,38.1,6.07,pjm.com,false,
2022-12-06 13:00:00,USA,PJM Interconnection,US-MIDA-PJM,357.48,429.92,37.83,6.08,pjm.com,false,
2022-12-06 14:00:00,USA,PJM Interconnection,US-MIDA-PJM,366.02,439.41,36.61,4.88,pjm.com,false,
2022-12-06 15:00:00,USA,PJM Interconnection,US-MIDA-PJM,366.85,440.72,36.21,4.44,pjm.com,false,
2022-12-06 16:00:00,USA,PJM Interconnection,US-MIDA-PJM,371.16,445.58,35.56,3.7,pjm.com,false,
2022-12-06 17:00:00,USA,PJM Interconnection,US-MIDA-PJM,371.53,446.06,35.43,3.06,pjm.com,false,
2022-12-06 18:00:00,USA,PJM Interconnection,US-MIDA-PJM,372.87,447.39,35.35,2.87,pjm.com,false,
2022-12-06 19:00:00,USA,PJM Interconnection,US-MIDA-PJM,371.52,446.31,35.2,2.45,pjm.com,false,
2022-12-06 20:00:00,USA,PJM Interconnection,US-MIDA-PJM,372.88,447.75,35.05,2.74,pjm.com,false,
2022-12-06 21:00:00,USA,PJM Interconnection,US-MIDA-PJM,366.03,440.36,35.91,3.88,pjm.com,false,
2022-12-06 22:00:00,USA,PJM Interconnection,US-MIDA-PJM,368.29,442.72,35.56,4.42,pjm.com,false,
2022-12-06 23:00:00,USA,PJM Interconnection,US-MIDA-PJM,369.47,444.0,35.4,4.31,pjm.com,false,
2022-12-07 00:00:00,USA,PJM Interconnection,US-MIDA-PJM,375.29,449.78,35.05,3.47,pjm.com,false,
2022-12-07 01:00:00,USA,PJM Interconnection,US-MIDA-PJM,374.87,448.98,35.32,3.1,pjm.com,false,
2022-12-07 02:00:00,USA,PJM Interconnection,US-MIDA-PJM,373.03,446.45,35.9,2.61,pjm.com,false,
2022-12-07 03:00:00,USA,PJM Interconnection,US-MIDA-PJM,368.55,440.48,37.15,2.35,pjm.com,false,
2022-12-07 04:00:00,USA,PJM Interconnection,US-MIDA-PJM,359.97,430.28,38.82,2.11,pjm.com,false,
2022-12-07 05:00:00,USA,PJM Interconnection,US-MIDA-PJM,348.75,417.43,40.64,2.25,pjm.com,false,
2022-12-07 06:00:00,USA,PJM Interconnection,US-MIDA-PJM,343.68,411.75,41.29,2.26,pjm.com,false,
2022-12-07 07:00:00,USA,PJM Interconnection,US-MIDA-PJM,336.79,404.35,42.03,2.42,pjm.com,false,
2022-12-07 08:00:00,USA,PJM Interconnection,US-MIDA-PJM,336.32,403.6,42.28,2.49,pjm.com,false,
2022-12-07 09:00:00,USA,PJM Interconnection,US-MIDA-PJM,339.5,407.03,41.93,2.29,pjm.com,false,
2022-12-07 10:00:00,USA,PJM Interconnection,US-MIDA-PJM,345.77,413.97,41.12,2.37,pjm.com,false,
2022-12-07 11:00:00,USA,PJM Interconnection,US-MIDA-PJM,351.91,421.75,39.69,3.04,pjm.com,false,
2022-12-07 12:00:00,USA,PJM Interconnection,US-MIDA-PJM,357.29,428.65,38.53,4.03,pjm.com,false,
2022-12-07 13:00:00,USA,PJM Interconnection,US-MIDA-PJM,364.75,436.84,37.65,3.59,pjm.com,false,
2022-12-07 14:00:00,USA,PJM Interconnection,US-MIDA-PJM,370.28,442.79,37.02,3.07,pjm.com,false,
2022-12-07 15:00:00,USA,PJM Interconnection,US-MIDA-PJM,371.21,443.94,36.77,2.85,pjm.com,false,
2022-12-07 16:00:00,USA,PJM Interconnection,US-MIDA-PJM,369.37,441.52,37.29,3.11,pjm.com,false,
2022-12-07 17:00:00,USA,PJM Interconnection,US-MIDA-PJM,370.44,442.39,37.37,2.99,pjm.com,false,
2022-12-07 18:00:00,USA,PJM Interconnection,US-MIDA-PJM,374.5,446.93,36.89,2.88,pjm.com,false,
2022-12-07 19:00:00,USA,PJM Interconnection,US-MIDA-PJM,370.9,442.79,37.34,2.83,pjm.com,false,
2022-12-07 20:00:00,USA,PJM Interconnection,US-MIDA-PJM,371.08,442.99,37.33,3.07,pjm.com,false,
2022-12-07 21:00:00,USA,PJM Interconnection,US-MIDA-PJM,365.81,437.29,38.01,4.29,pjm.com,false,
2022-12-07 22:00:00,USA,PJM Interconnection,US-MIDA-PJM,359.96,431.09,38.47,5.82,pjm.com,false,
2022-12-07 23:00:00,USA,PJM Interconnection,US-MIDA-PJM,361.69,433.0,38.24,5.82,pjm.com,false,
2022-12-08 00:00:00,USA,PJM Interconnection,US-MIDA-PJM,365.63,437.16,37.79,4.64,pjm.com,false,
2022-12-08 01:00:00,USA,PJM Interconnection,US-MIDA-PJM,368.86,440.64,37.36,3.84,pjm.com,false,
2022-12-08 02:00:00,USA,PJM Interconnection,US-MIDA-PJM,362.3,433.15,38.35,3.9,pjm.com,false,
2022-12-08 03:00:00,USA,PJM Interconnection,US-MIDA-PJM,356.92,426.46,39.5,3.67,pjm.com,false,
2022-12-08 04:00:00,USA,PJM Interconnection,US-MIDA-PJM,343.67,411.02,41.81,3.75,pjm.com,false,
2022-12-08 05:00:00,USA,PJM Interconnection,US-MIDA-PJM,335.55,402.41,42.6,3.67,pjm.com,false,
2022-12-08 06:00:00,USA,PJM Interconnection,US-MIDA-PJM,331.32,397.55,43.28,3.49,pjm.com,false,
2022-12-08 07:00:00,USA,PJM Interconnection,US-MIDA-PJM,327.67,393.12,44.04,3.53,pjm.com,false,
2022-12-08 08:00:00,USA,PJM Interconnection,US-MIDA-PJM,324.3,389.6,44.33,3.87,pjm.com,false,
2022-12-08 09:00:00,USA,PJM Interconnection,US-MIDA-PJM,326.86,392.72,43.79,4.04,pjm.com,false,
2022-12-08 10:00:00,USA,PJM Interconnection,US-MIDA-PJM,335.9,403.08,42.34,3.99,pjm.com,false,
2022-12-08 11:00:00,USA,PJM Interconnection,US-MIDA-PJM,348.45,417.32,40.51,4.19,pjm.com,false,
2022-12-08 12:00:00,USA,PJM Interconnection,US-MIDA-PJM,357.54,427.83,39.24,4.58,pjm.com,false,
2022-12-08 13:00:00,USA,PJM Interconnection,US-MIDA-PJM,355.87,425.45,39.9,5.31,pjm.com,false,
2022-12-08 14:00:00,USA,PJM Interconnection,US-MIDA-PJM,353.07,422.48,40.22,5.79,pjm.com,false,
2022-12-08 15:00:00,USA,PJM Interconnection,US-MIDA-PJM,352.69,421.65,40.62,6.09,pjm.com,false,
2022-12-08 16:00:00,USA,PJM Interconnection,US-MIDA-PJM,354.35,423.67,40.24,5.75,pjm.com,false,
2022-12-08 17:00:00,USA,PJM Interconnection,US-MIDA-PJM,356.68,426.25,39.93,5.15,pjm.com,false,
2022-12-08 18:00:00,USA,PJM Interconnection,US-MIDA-PJM,362.97,433.79,38.62,4.05,pjm.com,false,
2022-12-08 19:00:00,USA,PJM Interconnection,US-MIDA-PJM,364.89,436.21,38.09,3.68,pjm.com,false,
2022-12-08 20:00:00,USA,PJM Interconnection,US-MIDA-PJM,365.02,436.47,37.94,3.61,pjm.com,false,
2022-12-08 21:00:00,USA,PJM Interconnection,US-MIDA-PJM,356.71,427.21,38.99,5.47,pjm.com,false,
2022-12-08 22:00:00,USA,PJM Interconnection,US-MIDA-PJM,353.72,423.81,39.69,7.44,pjm.com,false,
2022-12-08 23:00:00,USA,PJM Interconnection,US-MIDA-PJM,351.38,421.32,39.89,7.81,pjm.com,false,
2022-12-09 00:00:00,USA,PJM Interconnection,US-MIDA-PJM,348.41,417.95,40.3,7.92,pjm.com,false,
2022-12-09 01:00:00,USA,PJM Interconnection,US-MIDA-PJM,349.14,418.48,40.24,7.42,pjm.com,false,
2022-12-09 02:00:00,USA,PJM Interconnection,US-MIDA-PJM,353.29,422.81,39.79,6.11,pjm.com,false,
2022-12-09 03:00:00,USA,PJM Interconnection,US-MIDA-PJM,346.02,413.76,41.41,6.46,pjm.com,false,
2022-12-09 04:00:00,USA,PJM Interconnection,US-MIDA-PJM,340.51,407.17,42.5,6.17,pjm.com,false,
2022-12-09 05:00:00,USA,PJM Interconnection,US-MIDA-PJM,331.58,397.31,43.63,5.52,pjm.com,false,
2022-12-09 06:00:00,USA,PJM Interconnection,US-MIDA-PJM,326.23,391.54,44.21,5.93,pjm.com,false,
2022-12-09 07:00:00,USA,PJM Interconnection,US-MIDA-PJM,324.33,389.52,44.39,6.01,pjm.com,false,
2022-12-09 08:00:00,USA,PJM Interconnection,US-MIDA-PJM,321.35,386.09,44.86,6.57,pjm.com,false,
2022-12-09 09:00:00,USA,PJM Interconnection,US-MIDA-PJM,322.73,388.15,44.26,6.82,pjm.com,false,
2022-12-09 10:00:00,USA,PJM Interconnection,US-MIDA-PJM,325.64,391.83,43.54,6.8,pjm.com,false,
2022-12-09 11:00:00,USA,PJM Interconnection,US-MIDA-PJM,325.25,392.23,43.15,8.57,pjm.com,false,
2022-12-09 12:00:00,USA,PJM Interconnection,US-MIDA-PJM,328.82,396.65,42.4,9.82,pjm.com,false,
2022-12-09 13:00:00,USA,PJM Interconnection,US-MIDA-PJM,330.04,397.81,42.37,9.64,pjm.com,false,
2022-12-09 14:00:00,USA,PJM Interconnection,US-MIDA-PJM,331.61,399.67,42.06,8.9,pjm.com,false,
2022-12-09 15:00:00,USA,PJM Interconnection,US-MIDA-PJM,335.52,403.41,42.02,8.58,pjm.com,false,
2022-12-09 16:00:00,USA,PJM Interconnection,US-MIDA-PJM,340.59,408.95,41.49,7.46,pjm.com,false,
2022-12-09 17:00:00,USA,PJM Interconnection,US-MIDA-PJM,342.03,410.75,41.15,6.85,pjm.com,false,
2022-12-09 18:00:00,USA,PJM Interconnection,US-MIDA-PJM,344.09,413.37,40.59,6.12,pjm.com,false,
2022-12-09 19:00:00,USA,PJM Interconnection,US-MIDA-PJM,352.53,423.06,39.27,5.18,pjm.com,false,
2022-12-09 20:00:00,USA,PJM Interconnection,US-MIDA-PJM,349.95,420.74,39.22,4.81,pjm.com,false,
2022-12-09 21:00:00,USA,PJM Interconnection,US-MIDA-PJM,349.14,420.48,39.0,5.61,pjm.com,false,
2022-12-09 22:00:00,USA,PJM Interconnection,US-MIDA-PJM,349.37,420.9,38.96,7.06,pjm.com,false,
2022-12-09 23:00:00,USA,PJM Interconnection,US-MIDA-PJM,348.69,419.87,39.27,7.41,pjm.com,false,
2022-12-10 00:00:00,USA,PJM Interconnection,US-MIDA-PJM,349.04,420.03,39.37,7.03,pjm.com,false,
2022-12-10 01:00:00,USA,PJM Interconnection,US-MIDA-PJM,351.2,422.65,38.88,6.16,pjm.com,false,
2022-12-10 02:00:00,USA,PJM Interconnection,US-MIDA-PJM,356.05,428.36,37.9,4.84,pjm.com,false,
2022-12-10 03:00:00,USA,PJM Interconnection,US-MIDA-PJM,355.75,427.44,38.26,3.89,pjm.com,false,
2022-12-10 04:00:00,USA,PJM Interconnection,US-MIDA-PJM,351.99,422.58,39.28,3.81,pjm.com,false,
2022-12-10 05:00:00,USA,PJM Interconnection,US-MIDA-PJM,352.04,422.2,39.6,3.57,pjm.com,false,
2022-12-10 06:00:00,USA,PJM Interconnection,US-MIDA-PJM,352.38,422.59,39.55,3.19,pjm.com,false,
2022-12-10 07:00:00,USA,PJM Interconnection,US-MIDA-PJM,353.11,423.49,39.38,3.07,pjm.com,false,
2022-12-10 08:00:00,USA,PJM Interconnection,US-MIDA-PJM,351.31,421.36,39.73,2.88,pjm.com,false,
2022-12-10 09:00:00,USA,PJM Interconnection,US-MIDA-PJM,350.48,420.69,39.65,2.69,pjm.com,false,
2022-12-10 10:00:00,USA,PJM Interconnection,US-MIDA-PJM,353.83,424.6,39.07,2.28,pjm.com,false,
2022-12-10 11:00:00,USA,PJM Interconnection,US-MIDA-PJM,354.45,425.45,38.9,2.74,pjm.com,false,
2022-12-10 12:00:00,USA,PJM Interconnection,US-MIDA-PJM,357.12,428.79,38.34,3.24,pjm.com,false,
2022-12-10 13:00:00,USA,PJM Interconnection,US-MIDA-PJM,358.34,430.2,38.18,3.7,pjm.com,false,
2022-12-10 14:00:00,USA,PJM Interconnection,US-MIDA-PJM,363.93,436.39,37.48,3.56,pjm.com,false,
2022-12-10 15:00:00,USA,PJM Interconnection,US-MIDA-PJM,364.02,436.46,37.6,3.84,pjm.com,false,
2022-12-10 16:00:00,USA,PJM Interconnection,US-MIDA-PJM,359.32,431.19,38.35,4.16,pjm.com,false,
2022-12-10 17:00:00,USA,PJM Interconnection,US-MIDA-PJM,359.89,431.8,38.21,3.63,pjm.com,false,
2022-12-10 18:00:00,USA,PJM Interconnection,US-MIDA-PJM,362.57,434.85,37.72,2.85,pjm.com,false,
2022-12-10 19:00:00,USA,PJM Interconnection,US-MIDA-PJM,365.42,438.05,37.25,2.36,pjm.com,false,
2022-12-10 20:00:00,USA,PJM Interconnection,US-MIDA-PJM,367.29,440.58,36.62,1.99,pjm.com,false,
2022-12-10 21:00:00,USA,PJM Interconnection,US-MIDA-PJM,364.46,437.57,36.99,2.73,pjm.com,false,
2022-12-10 22:00:00,USA,PJM Interconnection,US-MIDA-PJM,367.19,441.28,36.15,3.16,pjm.com,false,
2022-12-10 23:00:00,USA,PJM Interconnection,US-MIDA-PJM,364.23,437.76,36.76,3.56,pjm.com,false,
2022-12-11 00:00:00,USA,PJM Interconnection,US-MIDA-PJM,365.62,439.1,36.71,3.34,pjm.com,false,
2022-12-11 01:00:00,USA,PJM Interconnection,US-MIDA-PJM,364.87,437.62,37.32,3.46,pjm.com,false,
2022-12-11 02:00:00,USA,PJM Interconnection,US-MIDA-PJM,369.96,443.07,36.66,2.3,pjm.com,false,
2022-12-11 03:00:00,USA,PJM Interconnection,US-MIDA-PJM,369.54,442.03,37.11,2.15,pjm.com,false,
2022-12-11 04:00:00,USA,PJM Interconnection,US-MIDA-PJM,367.93,439.77,37.74,2.27,pjm.com,false,
2022-12-11 05:00:00,USA,PJM Interconnection,US-MIDA-PJM,359.42,429.67,39.1,2.58,pjm.com,false,
2022-12-11 06:00:00,USA,PJM Interconnection,US-MIDA-PJM,351.49,420.68,40.23,2.88,pjm.com,false,
2022-12-11 07:00:00,USA,PJM Interconnection,US-MIDA-PJM,348.55,417.11,40.85,2.99,pjm.com,false,
2022-12-11 08:00:00,USA,PJM Interconnection,US-MIDA-PJM,348.33,416.97,40.83,3.01,pjm.com,false,
2022-12-11 09:00:00,USA,PJM Interconnection,US-MIDA-PJM,345.03,412.85,41.59,3.26,pjm.com,false,
2022-12-11 10:00:00,USA,PJM Interconnection,US-MIDA-PJM,344.16,411.7,41.82,3.35,pjm.com,false,
2022-12-11 11:00:00,USA,PJM Interconnection,US-MIDA-PJM,345.55,413.36,41.58,3.62,pjm.com,false,
2022-12-11 12:00:00,USA,PJM Interconnection,US-MIDA-PJM,346.55,414.77,41.26,3.88,pjm.com,false,
2022-12-11 13:00:00,USA,PJM Interconnection,US-MIDA-PJM,349.63,419.27,40.14,4.0,pjm.com,false,
2022-12-11 14:00:00,USA,PJM Interconnection,US-MIDA-PJM,355.64,426.69,38.82,3.41,pjm.com,false,
2022-12-11 15:00:00,USA,PJM Interconnection,US-MIDA-PJM,357.02,428.05,38.72,3.47,pjm.com,false,
2022-12-11 16:00:00,USA,PJM Interconnection,US-MIDA-PJM,355.67,426.51,38.97,3.85,pjm.com,false,
2022-12-11 17:00:00,USA,PJM Interconnection,US-MIDA-PJM,355.91,426.78,38.9,3.69,pjm.com,false,
2022-12-11 18:00:00,USA,PJM Interconnection,US-MIDA-PJM,354.3,424.9,39.13,3.69,pjm.com,false,
2022-12-11 19:00:00,USA,PJM Interconnection,US-MIDA-PJM,352.79,423.48,39.13,3.68,pjm.com,false,
2022-12-11 20:00:00,USA,PJM Interconnection,US-MIDA-PJM,354.86,426.23,38.47,3.22,pjm.com,false,
2022-12-11 21:00:00,USA,PJM Interconnection,US-MIDA-PJM,352.55,424.07,38.48,3.78,pjm.com,false,
2022-12-11 22:00:00,USA,PJM Interconnection,US-MIDA-PJM,353.07,425.83,37.73,5.08,pjm.com,false,
2022-12-11 23:00:00,USA,PJM Interconnection,US-MIDA-PJM,356.91,429.92,37.32,4.92,pjm.com,false,
2022-12-12 00:00:00,USA,PJM Interconnection,US-MIDA-PJM,361.67,434.42,37.22,4.68,pjm.com,false,
2022-12-12 01:00:00,USA,PJM Interconnection,US-MIDA-PJM,363.68,436.2,37.26,4.16,pjm.com,false,
2022-12-12 02:00:00,USA,PJM Interconnection,US-MIDA-PJM,366.74,438.97,37.15,3.06,pjm.com,false,
2022-12-12 03:00:00,USA,PJM Interconnection,US-MIDA-PJM,365.1,436.35,37.83,2.21,pjm.com,false,
2022-12-12 04:00:00,USA,PJM Interconnection,US-MIDA-PJM,359.78,430.02,38.82,2.11,pjm.com,false,
2022-12-12 05:00:00,USA,PJM Interconnection,US-MIDA-PJM,354.34,423.67,39.79,2.11,pjm.com,false,
2022-12-12 06:00:00,USA,PJM Interconnection,US-MIDA-PJM,351.6,421.1,39.81,2.09,pjm.com,false,
2022-12-12 07:00:00,USA,PJM Interconnection,US-MIDA-PJM,347.82,417.0,40.26,2.12,pjm.com,false,
2022-12-12 08:00:00,USA,PJM Interconnection,US-MIDA-PJM,348.13,417.59,40.05,2.27,pjm.com,false,
2022-12-12 09:00:00,USA,PJM Interconnection,US-MIDA-PJM,347.45,416.93,40.1,2.48,pjm.com,false,
2022-12-12 10:00:00,USA,PJM Interconnection,US-MIDA-PJM,348.52,419.25,39.09,2.58,pjm.com,false,
2022-12-12 11:00:00,USA,PJM Interconnection,US-MIDA-PJM,350.23,422.85,37.74,4.02,pjm.com,false,
2022-12-12 12:00:00,USA,PJM Interconnection,US-MIDA-PJM,352.46,425.41,37.55,5.84,pjm.com,false,
2022-12-12 13:00:00,USA,PJM Interconnection,US-MIDA-PJM,357.36,430.94,36.83,5.53,pjm.com,false,
2022-12-12 14:00:00,USA,PJM Interconnection,US-MIDA-PJM,359.85,433.58,36.66,5.02,pjm.com,false,
2022-12-12 15:00:00,USA,PJM Interconnection,US-MIDA-PJM,359.47,432.94,36.83,4.83,pjm.com,false,
2022-12-12 16:00:00,USA,PJM Interconnection,US-MIDA-PJM,360.59,433.94,36.7,4.76,pjm.com,false,
2022-12-12 17:00:00,USA,PJM Interconnection,US-MIDA-PJM,355.93,428.49,37.51,5.07,pjm.com,false,
2022-12-12 18:00:00,USA,PJM Interconnection,US-MIDA-PJM,360.97,434.29,36.66,4.64,pjm.com,false,
2022-12-12 19:00:00,USA,PJM Interconnection,US-MIDA-PJM,361.73,435.53,36.22,4.04,pjm.com,false,
2022-12-12 20:00:00,USA,PJM Interconnection,US-MIDA-PJM,361.0,435.04,36.03,3.85,pjm.com,false,
2022-12-12 21:00:00,USA,PJM Interconnection,US-MIDA-PJM,358.46,432.32,36.52,5.29,pjm.com,false,
2022-12-12 22:00:00,USA,PJM Interconnection,US-MIDA-PJM,357.43,432.49,35.96,6.16,pjm.com,false,
2022-12-12 23:00:00,USA,PJM Interconnection,US-MIDA-PJM,355.88,430.54,36.36,6.34,pjm.com,false,
2022-12-13 00:00:00,USA,PJM Interconnection,US-MIDA-PJM,356.16,429.89,36.93,6.54,pjm.com,false,
2022-12-13 01:00:00,USA,PJM Interconnection,US-MIDA-PJM,357.8,431.15,37.03,6.26,pjm.com,false,
2022-12-13 02:00:00,USA,PJM Interconnection,US-MIDA-PJM,358.03,430.39,37.55,6.24,pjm.com,false,
2022-12-13 03:00:00,USA,PJM Interconnection,US-MIDA-PJM,354.74,425.81,38.54,5.97,pjm.com,false,
2022-12-13 04:00:00,USA,PJM Interconnection,US-MIDA-PJM,350.4,419.69,40.03,6.37,pjm.com,false,
2022-12-13 05:00:00,USA,PJM Interconnection,US-MIDA-PJM,352.41,421.04,40.43,5.99,pjm.com,false,
2022-12-13 06:00:00,USA,PJM Interconnection,US-MIDA-PJM,350.09,418.24,40.9,6.31,pjm.com,false,
2022-12-13 07:00:00,USA,PJM Interconnection,US-MIDA-PJM,350.89,419.75,40.34,6.04,pjm.com,false,
2022-12-13 08:00:00,USA,PJM Interconnection,US-MIDA-PJM,350.79,419.48,40.55,6.0,pjm.com,false,
2022-12-13 09:00:00,USA,PJM Interconnection,US-MIDA-PJM,353.94,423.62,39.65,5.69,pjm.com,false,
2022-12-13 10:00:00,USA,PJM Interconnection,US-MIDA-PJM,353.09,423.85,38.91,5.81,pjm.com,false,
2022-12-13 11:00:00,USA,PJM Interconnection,US-MIDA-PJM,345.76,416.64,39.48,8.67,pjm.com,false,
2022-12-13 12:00:00,USA,PJM Interconnection,US-MIDA-PJM,350.7,422.58,38.71,9.64,pjm.com,false,
2022-12-13 13:00:00,USA,PJM Interconnection,US-MIDA-PJM,352.25,423.6,39.0,9.87,pjm.com,false,
2022-12-13 14:00:00,USA,PJM Interconnection,US-MIDA-PJM,353.74,424.7,38.96,9.15,pjm.com,false,
2022-12-13 15:00:00,USA,PJM Interconnection,US-MIDA-PJM,350.5,420.24,39.93,9.24,pjm.com,false,
2022-12-13 16:00:00,USA,PJM Interconnection,US-MIDA-PJM,353.56,423.16,39.82,8.28,pjm.com,false,
2022-12-13 17:00:00,USA,PJM Interconnection,US-MIDA-PJM,351.16,419.8,40.64,8.59,pjm.com,false,
2022-12-13 18:00:00,USA,PJM Interconnection,US-MIDA-PJM,350.97,419.54,40.7,8.82,pjm.com,false,
2022-12-13 19:00:00,USA,PJM Interconnection,US-MIDA-PJM,351.53,419.95,40.8,8.95,pjm.com,false,
2022-12-13 20:00:00,USA,PJM Interconnection,US-MIDA-PJM,350.95,419.51,40.71,8.55,pjm.com,false,
2022-12-13 21:00:00,USA,PJM Interconnection,US-MIDA-PJM,354.52,424.62,39.4,8.2,pjm.com,false,
2022-12-13 22:00:00,USA,PJM Interconnection,US-MIDA-PJM,357.53,428.81,38.55,8.94,pjm.com,false,
2022-12-13 23:00:00,USA,PJM Interconnection,US-MIDA-PJM,350.86,420.74,40.08,10.6,pjm.com,false,
2022-12-14 00:00:00,USA,PJM Interconnection,US-MIDA-PJM,351.9,422.01,39.85,10.58,pjm.com,false,
2022-12-14 01:00:00,USA,PJM Interconnection,US-MIDA-PJM,357.87,428.22,39.29,10.0,pjm.com,false,
2022-12-14 02:00:00,USA,PJM Interconnection,US-MIDA-PJM,358.95,429.22,39.2,9.09,pjm.com,false,
2022-12-14 03:00:00,USA,PJM Interconnection,US-MIDA-PJM,362.46,431.9,39.52,8.33,pjm.com,false,
2022-12-14 04:00:00,USA,PJM Interconnection,US-MIDA-PJM,362.9,431.94,39.72,7.4,pjm.com,false,
2022-12-14 05:00:00,USA,PJM Interconnection,US-MIDA-PJM,359.24,426.71,41.1,8.08,pjm.com,false,
2022-12-14 06:00:00,USA,PJM Interconnection,US-MIDA-PJM,357.53,425.13,41.06,7.89,pjm.com,false,
2022-12-14 07:00:00,USA,PJM Interconnection,US-MIDA-PJM,355.89,423.52,41.09,8.02,pjm.com,false,
2022-12-14 08:00:00,USA,PJM Interconnection,US-MIDA-PJM,356.77,424.57,40.95,7.88,pjm.com,false,
2022-12-14 09:00:00,USA,PJM Interconnection,US-MIDA-PJM,360.24,429.14,40.21,7.4,pjm.com,false,
2022-12-14 10:00:00,USA,PJM Interconnection,US-MIDA-PJM,359.46,429.17,39.94,8.2,pjm.com,false,
2022-12-14 11:00:00,USA,PJM Interconnection,US-MIDA-PJM,355.2,426.09,39.74,9.5,pjm.com,false,
2022-12-14 12:00:00,USA,PJM Interconnection,US-MIDA-PJM,357.04,428.7,39.81,10.87,pjm.com,false,
2022-12-14 13:00:00,USA,PJM Interconnection,US-MIDA-PJM,357.4,429.27,40.17,11.29,pjm.com,false,
2022-12-14 14:00:00,USA,PJM Interconnection,US-MIDA-PJM,357.7,428.86,40.2,10.68,pjm.com,false,
2022-12-14 15:00:00,USA,PJM Interconnection,US-MIDA-PJM,363.35,434.32,38.85,8.63,pjm.com,false,
2022-12-14 16:00:00,USA,PJM Interconnection,US-MIDA-PJM,364.0,433.54,39.63,8.6,pjm.com,false,
2022-12-14 17:00:00,USA,PJM Interconnection,US-MIDA-PJM,364.27,433.27,39.9,8.17,pjm.com,false,
2022-12-14 18:00:00,USA,PJM Interconnection,US-MIDA-PJM,369.49,439.83,38.7,6.9,pjm.com,false,
2022-12-14 19:00:00,USA,PJM Interconnection,US-MIDA-PJM,374.93,446.02,37.78,5.95,pjm.com,false,
2022-12-14 20:00:00,USA,PJM Interconnection,US-MIDA-PJM,376.1,448.27,36.91,5.26,pjm.com,false,
2022-12-14 21:00:00,USA,PJM Interconnection,US-MIDA-PJM,369.34,441.43,37.47,6.27,pjm.com,false,
2022-12-14 22:00:00,USA,PJM Interconnection,US-MIDA-PJM,362.23,434.45,37.87,8.18,pjm.com,false,
2022-12-14 23:00:00,USA,PJM Interconnection,US-MIDA-PJM,369.01,441.7,37.06,7.45,pjm.com,false,
2022-12-15 00:00:00,USA,PJM Interconnection,US-MIDA-PJM,372.33,444.53,37.26,7.15,pjm.com,false,
2022-12-15 01:00:00,USA,PJM Interconnection,US-MIDA-PJM,369.76,441.19,38.01,7.33,pjm.com,false,
2022-12-15 02:00:00,USA,PJM Interconnection,US-MIDA-PJM,369.82,440.89,38.23,7.06,pjm.com,false,
2022-12-15 03:00:00,USA,PJM Interconnection,US-MIDA-PJM,364.55,433.51,39.86,7.19,pjm.com,false,
2022-12-15 04:00:00,USA,PJM Interconnection,US-MIDA-PJM,358.11,424.96,41.67,7.59,pjm.com,false,
2022-12-15 05:00:00,USA,PJM Interconnection,US-MIDA-PJM,354.75,420.66,42.4,7.73,pjm.com,false,
2022-12-15 06:00:00,USA,PJM Interconnection,US-MIDA-PJM,353.94,419.92,42.39,6.93,pjm.com,false,
2022-12-15 07:00:00,USA,PJM Interconnection,US-MIDA-PJM,352.97,419.01,42.41,6.67,pjm.com,false,
2022-12-15 08:00:00,USA,PJM Interconnection,US-MIDA-PJM,351.5,416.72,43.09,6.9,pjm.com,false,
2022-12-15 09:00:00,USA,PJM Interconnection,US-MIDA-PJM,354.17,420.83,41.87,6.39,pjm.com,false,
2022-12-15 10:00:00,USA,PJM Interconnection,US-MIDA-PJM,361.34,429.86,40.11,5.53,pjm.com,false,
2022-12-15 11:00:00,USA,PJM Interconnection,US-MIDA-PJM,358.24,427.15,40.21,7.18,pjm.com,false,
2022-12-15 12:00:00,USA,PJM Interconnection,US-MIDA-PJM,362.13,431.96,39.64,8.43,pjm.com,false,
2022-12-15 13:00:00,USA,PJM Interconnection,US-MIDA-PJM,374.34,445.51,38.02,7.72,pjm.com,false,
2022-12-15 14:00:00,USA,PJM Interconnection,US-MIDA-PJM,376.09,447.32,37.78,7.74,pjm.com,false,
2022-12-15 15:00:00,USA,PJM Interconnection,US-MIDA-PJM,371.68,442.75,38.0,7.84,pjm.com,false,
2022-12-15 16:00:00,USA,PJM Interconnection,US-MIDA-PJM,376.54,448.14,37.31,7.14,pjm.com,false,
2022-12-15 17:00:00,USA,PJM Interconnection,US-MIDA-PJM,375.09,446.56,37.38,6.87,pjm.com,false,
2022-12-15 18:00:00,USA,PJM Interconnection,US-MIDA-PJM,377.07,448.86,37.03,6.49,pjm.com,false,
2022-12-15 19:00:00,USA,PJM Interconnection,US-MIDA-PJM,378.95,450.96,36.82,6.09,pjm.com,false,
2022-12-15 20:00:00,USA,PJM Interconnection,US-MIDA-PJM,377.74,449.75,36.89,5.95,pjm.com,false,
2022-12-15 21:00:00,USA,PJM Interconnection,US-MIDA-PJM,373.38,445.14,37.36,6.39,pjm.com,false,
2022-12-15 22:00:00,USA,PJM Interconnection,US-MIDA-PJM,371.7,443.65,37.36,7.36,pjm.com,false,
2022-12-15 23:00:00,USA,PJM Interconnection,US-MIDA-PJM,376.06,448.46,36.8,6.9,pjm.com,false,
2022-12-16 00:00:00,USA,PJM Interconnection,US-MIDA-PJM,377.4,449.7,36.77,6.47,pjm.com,false,
2022-12-16 01:00:00,USA,PJM Interconnection,US-MIDA-PJM,371.65,443.04,37.71,6.94,pjm.com,false,
2022-12-16 02:00:00,USA,PJM Interconnection,US-MIDA-PJM,365.48,435.41,39.03,7.41,pjm.com,false,
2022-12-16 03:00:00,USA,PJM Interconnection,US-MIDA-PJM,360.96,430.02,39.85,7.06,pjm.com,false,
2022-12-16 04:00:00,USA,PJM Interconnection,US-MIDA-PJM,357.74,425.23,41.12,7.0,pjm.com,false,
2022-12-16 05:00:00,USA,PJM Interconnection,US-MIDA-PJM,351.64,417.54,42.61,7.38,pjm.com,false,
2022-12-16 06:00:00,USA,PJM Interconnection,US-MIDA-PJM,348.25,413.7,43.12,7.36,pjm.com,false,
2022-12-16 07:00:00,USA,PJM Interconnection,US-MIDA-PJM,351.92,418.45,42.13,6.08,pjm.com,false,
2022-12-16 08:00:00,USA,PJM Interconnection,US-MIDA-PJM,347.06,413.58,42.33,6.66,pjm.com,false,
2022-12-16 09:00:00,USA,PJM Interconnection,US-MIDA-PJM,351.93,419.48,41.29,5.99,pjm.com,false,
2022-12-16 10:00:00,USA,PJM Interconnection,US-MIDA-PJM,354.48,422.98,40.42,5.84,pjm.com,false,
2022-12-16 11:00:00,USA,PJM Interconnection,US-MIDA-PJM,354.27,423.29,40.14,6.98,pjm.com,false,
2022-12-16 12:00:00,USA,PJM Interconnection,US-MIDA-PJM,355.0,424.92,39.51,8.06,pjm.com,false,
2022-12-16 13:00:00,USA,PJM Interconnection,US-MIDA-PJM,358.19,428.53,39.02,8.05,pjm.com,false,
2022-12-16 14:00:00,USA,PJM Interconnection,US-MIDA-PJM,352.33,421.45,40.31,9.01,pjm.com,false,
2022-12-16 15:00:00,USA,PJM Interconnection,US-MIDA-PJM,351.52,420.66,40.39,8.83,pjm.com,false,
2022-12-16 16:00:00,USA,PJM Interconnection,US-MIDA-PJM,350.47,419.01,40.87,9.07,pjm.com,false,
2022-12-16 17:00:00,USA,PJM Interconnection,US-MIDA-PJM,347.96,415.92,41.41,9.4,pjm.com,false,
2022-12-16 18:00:00,USA,PJM Interconnection,US-MIDA-PJM,344.91,412.25,42.05,9.96,pjm.com,false,
2022-12-16 19:00:00,USA,PJM Interconnection,US-MIDA-PJM,343.16,410.35,42.19,10.02,pjm.com,false,
2022-12-16 20:00:00,USA,PJM Interconnection,US-MIDA-PJM,348.55,416.58,41.23,9.25,pjm.com,false,
2022-12-16 21:00:00,USA,PJM Interconnection,US-MIDA-PJM,351.11,420.09,40.48,8.64,pjm.com,false,
2022-12-16 22:00:00,USA,PJM Interconnection,US-MIDA-PJM,347.19,415.97,40.97,10.26,pjm.com,false,
2022-12-16 23:00:00,USA,PJM Interconnection,US-MIDA-PJM,349.46,418.4,40.68,9.77,pjm.com,false,
2022-12-17 00:00:00,USA,PJM Interconnection,US-MIDA-PJM,349.32,418.31,40.63,9.49,pjm.com,false,
2022-12-17 01:00:00,USA,PJM Interconnection,US-MIDA-PJM,350.67,419.7,40.45,8.82,pjm.com,false,
2022-12-17 02:00:00,USA,PJM Interconnection,US-MIDA-PJM,351.23,419.94,40.66,8.56,pjm.com,false,
2022-12-17 03:00:00,USA,PJM Interconnection,US-MIDA-PJM,350.64,418.82,40.92,8.19,pjm.com,false,
2022-12-17 04:00:00,USA,PJM Interconnection,US-MIDA-PJM,347.1,414.52,41.69,8.18,pjm.com,false,
2022-12-17 05:00:00,USA,PJM Interconnection,US-MIDA-PJM,348.04,415.05,41.99,7.96,pjm.com,false,
2022-12-17 06:00:00,USA,PJM Interconnection,US-MIDA-PJM,346.59,412.71,42.69,8.04,pjm.com,false,
2022-12-17 07:00:00,USA,PJM Interconnection,US-MIDA-PJM,345.32,411.04,43.01,8.11,pjm.com,false,
2022-12-17 08:00:00,USA,PJM Interconnection,US-MIDA-PJM,348.66,414.48,42.75,7.96,pjm.com,false,
2022-12-17 09:00:00,USA,PJM Interconnection,US-MIDA-PJM,350.77,416.37,42.81,7.92,pjm.com,false,
2022-12-17 10:00:00,USA,PJM Interconnection,US-MIDA-PJM,353.52,420.32,41.79,7.51,pjm.com,false,
2022-12-17 11:00:00,USA,PJM Interconnection,US-MIDA-PJM,358.54,426.17,40.96,7.26,pjm.com,false,
2022-12-17 12:00:00,USA,PJM Interconnection,US-MIDA-PJM,357.5,426.04,40.38,7.83,pjm.com,false,
2022-12-17 13:00:00,USA,PJM Interconnection,US-MIDA-PJM,358.43,426.99,40.35,8.32,pjm.com,false,
2022-12-17 14:00:00,USA,PJM Interconnection,US-MIDA-PJM,357.17,424.31,41.51,9.3,pjm.com,false,
2022-12-17 15:00:00,USA,PJM Interconnection,US-MIDA-PJM,358.82,424.87,42.42,10.01,pjm.com,false,
2022-12-17 16:00:00,USA,PJM Interconnection,US-MIDA-PJM,357.95,423.21,43.1,10.42,pjm.com,false,
2022-12-17 17:00:00,USA,PJM Interconnection,US-MIDA-PJM,358.66,424.52,42.62,9.86,pjm.com,false,
2022-12-17 18:00:00,USA,PJM Interconnection,US-MIDA-PJM,360.98,426.85,42.49,9.45,pjm.com,false,
2022-12-17 19:00:00,USA,PJM Interconnection,US-MIDA-PJM,356.84,422.08,43.16,9.66,pjm.com,false,
2022-12-17 20:00:00,USA,PJM Interconnection,US-MIDA-PJM,360.31,426.66,42.12,9.02,pjm.com,false,
2022-12-17 21:00:00,USA,PJM Interconnection,US-MIDA-PJM,364.36,432.27,40.72,8.54,pjm.com,false,
2022-12-17 22:00:00,USA,PJM Interconnection,US-MIDA-PJM,364.59,432.9,40.58,9.94,pjm.com,false,
2022-12-17 23:00:00,USA,PJM Interconnection,US-MIDA-PJM,373.29,442.54,39.37,8.77,pjm.com,false,
2022-12-18 00:00:00,USA,PJM Interconnection,US-MIDA-PJM,369.51,438.48,39.72,8.85,pjm.com,false,
2022-12-18 01:00:00,USA,PJM Interconnection,US-MIDA-PJM,370.88,439.96,39.51,8.49,pjm.com,false,
2022-12-18 02:00:00,USA,PJM Interconnection,US-MIDA-PJM,374.94,443.93,39.26,7.47,pjm.com,false,
2022-12-18 03:00:00,USA,PJM Interconnection,US-MIDA-PJM,371.87,439.7,40.18,7.67,pjm.com,false,
2022-12-18 04:00:00,USA,PJM Interconnection,US-MIDA-PJM,369.69,436.52,41.01,7.58,pjm.com,false,
2022-12-18 05:00:00,USA,PJM Interconnection,US-MIDA-PJM,365.9,431.85,41.89,7.66,pjm.com,false,
2022-12-18 06:00:00,USA,PJM Interconnection,US-MIDA-PJM,356.4,421.03,43.38,8.33,pjm.com,false,
2022-12-18 07:00:00,USA,PJM Interconnection,US-MIDA-PJM,356.93,421.89,43.1,7.64,pjm.com,false,
2022-12-18 08:00:00,USA,PJM Interconnection,US-MIDA-PJM,356.0,420.62,43.36,7.46,pjm.com,false,
2022-12-18 09:00:00,USA,PJM Interconnection,US-MIDA-PJM,356.76,421.37,43.34,7.55,pjm.com,false,
2022-12-18 10:00:00,USA,PJM Interconnection,US-MIDA-PJM,357.83,423.03,42.82,7.56,pjm.com,false,
2022-12-18 11:00:00,USA,PJM Interconnection,US-MIDA-PJM,360.29,426.11,42.26,7.65,pjm.com,false,
2022-12-18 12:00:00,USA,PJM Interconnection,US-MIDA-PJM,362.51,428.61,41.99,8.35,pjm.com,false,
2022-12-18 13:00:00,USA,PJM Interconnection,US-MIDA-PJM,364.59,430.99,41.73,8.8,pjm.com,false,
2022-12-18 14:00:00,USA,PJM Interconnection,US-MIDA-PJM,364.38,430.44,42.03,9.47,pjm.com,false,
2022-12-18 15:00:00,USA,PJM Interconnection,US-MIDA-PJM,361.87,427.18,42.8,9.9,pjm.com,false,
2022-12-18 16:00:00,USA,PJM Interconnection,US-MIDA-PJM,363.66,429.06,42.65,9.48,pjm.com,false,
2022-12-18 17:00:00,USA,PJM Interconnection,US-MIDA-PJM,368.83,434.55,42.13,9.11,pjm.com,false,
2022-12-18 18:00:00,USA,PJM Interconnection,US-MIDA-PJM,369.01,434.65,42.15,9.05,pjm.com,false,
2022-12-18 19:00:00,USA,PJM Interconnection,US-MIDA-PJM,368.16,434.0,42.02,8.59,pjm.com,false,
2022-12-18 20:00:00,USA,PJM Interconnection,US-MIDA-PJM,369.71,435.96,41.56,7.52,pjm.com,false,
2022-12-18 21:00:00,USA,PJM Interconnection,US-MIDA-PJM,375.06,443.71,39.57,6.76,pjm.com,false,
2022-12-18 22:00:00,USA,PJM Interconnection,US-MIDA-PJM,382.68,452.61,38.35,7.66,pjm.com,false,
2022-12-18 23:00:00,USA,PJM Interconnection,US-MIDA-PJM,387.1,457.65,37.64,7.54,pjm.com,false,
2022-12-19 00:00:00,USA,PJM Interconnection,US-MIDA-PJM,388.95,459.5,37.5,7.44,pjm.com,false,
2022-12-19 01:00:00,USA,PJM Interconnection,US-MIDA-PJM,391.78,462.48,37.2,7.0,pjm.com,false,
2022-12-19 02:00:00,USA,PJM Interconnection,US-MIDA-PJM,394.19,464.06,37.61,6.27,pjm.com,false,
2022-12-19 03:00:00,USA,PJM Interconnection,US-MIDA-PJM,397.98,467.51,37.55,5.49,pjm.com,false,
2022-12-19 04:00:00,USA,PJM Interconnection,US-MIDA-PJM,393.91,462.58,38.41,5.18,pjm.com,false,
2022-12-19 05:00:00,USA,PJM Interconnection,US-MIDA-PJM,395.07,464.08,38.11,4.65,pjm.com,false,
2022-12-19 06:00:00,USA,PJM Interconnection,US-MIDA-PJM,394.13,462.81,38.4,4.37,pjm.com,false,
2022-12-19 07:00:00,USA,PJM Interconnection,US-MIDA-PJM,394.55,463.36,38.28,3.85,pjm.com,false,
2022-12-19 08:00:00,USA,PJM Interconnection,US-MIDA-PJM,395.08,464.26,37.98,3.44,pjm.com,false,
2022-12-19 09:00:00,USA,PJM Interconnection,US-MIDA-PJM,392.45,461.9,37.95,4.02,pjm.com,false,
2022-12-19 10:00:00,USA,PJM Interconnection,US-MIDA-PJM,395.47,465.89,37.12,4.71,pjm.com,false,
2022-12-19 11:00:00,USA,PJM Interconnection,US-MIDA-PJM,394.7,466.56,36.36,6.12,pjm.com,false,
2022-12-19 12:00:00,USA,PJM Interconnection,US-MIDA-PJM,400.29,473.59,35.0,6.26,pjm.com,false,
2022-12-19 13:00:00,USA,PJM Interconnection,US-MIDA-PJM,403.28,476.65,34.81,6.04,pjm.com,false,
2022-12-19 14:00:00,USA,PJM Interconnection,US-MIDA-PJM,401.62,474.54,35.21,5.63,pjm.com,false,
2022-12-19 15:00:00,USA,PJM Interconnection,US-MIDA-PJM,406.89,479.92,34.85,4.7,pjm.com,false,
2022-12-19 16:00:00,USA,PJM Interconnection,US-MIDA-PJM,408.09,480.64,35.08,4.49,pjm.com,false,
2022-12-19 17:00:00,USA,PJM Interconnection,US-MIDA-PJM,409.83,482.53,34.87,4.15,pjm.com,false,
2022-12-19 18:00:00,USA,PJM Interconnection,US-MIDA-PJM,412.1,484.6,34.96,4.01,pjm.com,false,
2022-12-19 19:00:00,USA,PJM Interconnection,US-MIDA-PJM,413.29,486.43,34.41,3.59,pjm.com,false,
2022-12-19 20:00:00,USA,PJM Interconnection,US-MIDA-PJM,413.32,486.62,34.36,3.51,pjm.com,false,
2022-12-19 21:00:00,USA,PJM Interconnection,US-MIDA-PJM,413.75,487.8,33.75,3.37,pjm.com,false,
2022-12-19 22:00:00,USA,PJM Interconnection,US-MIDA-PJM,410.02,484.49,33.77,4.88,pjm.com,false,
2022-12-19 23:00:00,USA,PJM Interconnection,US-MIDA-PJM,411.02,485.97,33.34,4.56,pjm.com,false,
2022-12-20 00:00:00,USA,PJM Interconnection,US-MIDA-PJM,413.06,487.96,33.2,4.32,pjm.com,false,
2022-12-20 01:00:00,USA,PJM Interconnection,US-MIDA-PJM,409.18,482.77,34.28,4.75,pjm.com,false,
2022-12-20 02:00:00,USA,PJM Interconnection,US-MIDA-PJM,413.55,487.07,33.93,3.68,pjm.com,false,
2022-12-20 03:00:00,USA,PJM Interconnection,US-MIDA-PJM,414.05,486.16,34.82,3.36,pjm.com,false,
2022-12-20 04:00:00,USA,PJM Interconnection,US-MIDA-PJM,412.89,483.54,35.97,3.13,pjm.com,false,
2022-12-20 05:00:00,USA,PJM Interconnection,US-MIDA-PJM,408.9,478.62,36.9,3.05,pjm.com,false,
2022-12-20 06:00:00,USA,PJM Interconnection,US-MIDA-PJM,399.76,468.59,38.05,2.86,pjm.com,false,
2022-12-20 07:00:00,USA,PJM Interconnection,US-MIDA-PJM,400.21,469.66,37.58,2.68,pjm.com,false,
2022-12-20 08:00:00,USA,PJM Interconnection,US-MIDA-PJM,400.32,469.66,37.66,2.53,pjm.com,false,
2022-12-20 09:00:00,USA,PJM Interconnection,US-MIDA-PJM,409.57,479.86,36.53,2.43,pjm.com,false,
2022-12-20 10:00:00,USA,PJM Interconnection,US-MIDA-PJM,406.71,477.37,36.54,3.66,pjm.com,false,
2022-12-20 11:00:00,USA,PJM Interconnection,US-MIDA-PJM,404.35,476.58,35.64,4.72,pjm.com,false,
2022-12-20 12:00:00,USA,PJM Interconnection,US-MIDA-PJM,405.66,479.39,34.47,5.15,pjm.com,false,
2022-12-20 13:00:00,USA,PJM Interconnection,US-MIDA-PJM,405.63,479.25,34.53,5.18,pjm.com,false,
2022-12-20 14:00:00,USA,PJM Interconnection,US-MIDA-PJM,408.42,481.26,34.9,4.64,pjm.com,false,
2022-12-20 15:00:00,USA,PJM Interconnection,US-MIDA-PJM,406.15,478.91,35.11,3.92,pjm.com,false,
2022-12-20 16:00:00,USA,PJM Interconnection,US-MIDA-PJM,398.62,470.99,35.68,3.83,pjm.com,false,
2022-12-20 17:00:00,USA,PJM Interconnection,US-MIDA-PJM,398.89,470.93,35.96,3.91,pjm.com,false,
2022-12-20 18:00:00,USA,PJM Interconnection,US-MIDA-PJM,396.12,467.93,36.28,3.95,pjm.com,false,
2022-12-20 19:00:00,USA,PJM Interconnection,US-MIDA-PJM,397.87,470.28,35.74,3.55,pjm.com,false,
2022-12-20 20:00:00,USA,PJM Interconnection,US-MIDA-PJM,403.34,476.39,34.97,2.71,pjm.com,false,
2022-12-20 21:00:00,USA,PJM Interconnection,US-MIDA-PJM,408.46,482.32,34.14,2.39,pjm.com,false,
2022-12-20 22:00:00,USA,PJM Interconnection,US-MIDA-PJM,407.46,482.0,33.8,4.11,pjm.com,false,
2022-12-20 23:00:00,USA,PJM Interconnection,US-MIDA-PJM,411.94,486.57,33.49,4.34,pjm.com,false,
2022-12-21 00:00:00,USA,PJM Interconnection,US-MIDA-PJM,416.04,491.27,32.76,3.38,pjm.com,false,
2022-12-21 01:00:00,USA,PJM Interconnection,US-MIDA-PJM,421.62,496.93,32.43,3.12,pjm.com,false,
2022-12-21 02:00:00,USA,PJM Interconnection,US-MIDA-PJM,422.92,497.84,32.55,2.52,pjm.com,false,
2022-12-21 03:00:00,USA,PJM Interconnection,US-MIDA-PJM,421.95,495.67,33.39,2.24,pjm.com,false,
2022-12-21 04:00:00,USA,PJM Interconnection,US-MIDA-PJM,421.06,494.29,33.85,1.94,pjm.com,false,
2022-12-21 05:00:00,USA,PJM Interconnection,US-MIDA-PJM,413.9,486.79,34.4,1.78,pjm.com,false,
2022-12-21 06:00:00,USA,PJM Interconnection,US-MIDA-PJM,411.25,484.66,34.16,1.66,pjm.com,false,
2022-12-21 07:00:00,USA,PJM Interconnection,US-MIDA-PJM,410.76,484.2,34.19,1.47,pjm.com,false,
2022-12-21 08:00:00,USA,PJM Interconnection,US-MIDA-PJM,413.08,486.49,34.09,1.3,pjm.com,false,
2022-12-21 09:00:00,USA,PJM Interconnection,US-MIDA-PJM,411.99,485.49,34.11,1.74,pjm.com,false,
2022-12-21 10:00:00,USA,PJM Interconnection,US-MIDA-PJM,407.19,480.82,34.3,2.79,pjm.com,false,
2022-12-21 11:00:00,USA,PJM Interconnection,US-MIDA-PJM,404.63,479.18,33.9,4.18,pjm.com,false,
2022-12-21 12:00:00,USA,PJM Interconnection,US-MIDA-PJM,408.45,483.46,33.41,4.76,pjm.com,false,
2022-12-21 13:00:00,USA,PJM Interconnection,US-MIDA-PJM,414.65,489.92,32.86,4.44,pjm.com,false,
2022-12-21 14:00:00,USA,PJM Interconnection,US-MIDA-PJM,411.82,486.6,33.36,4.31,pjm.com,false,
2022-12-21 15:00:00,USA,PJM Interconnection,US-MIDA-PJM,407.83,481.78,34.12,3.87,pjm.com,false,
2022-12-21 16:00:00,USA,PJM Interconnection,US-MIDA-PJM,406.59,479.52,34.95,3.71,pjm.com,false,
2022-12-21 17:00:00,USA,PJM Interconnection,US-MIDA-PJM,403.29,476.04,35.27,3.65,pjm.com,false,
2022-12-21 18:00:00,USA,PJM Interconnection,US-MIDA-PJM,400.5,473.27,35.39,3.57,pjm.com,false,
2022-12-21 19:00:00,USA,PJM Interconnection,US-MIDA-PJM,398.81,471.46,35.68,3.36,pjm.com,false,
2022-12-21 20:00:00,USA,PJM Interconnection,US-MIDA-PJM,400.8,474.35,34.89,2.8,pjm.com,false,
2022-12-21 21:00:00,USA,PJM Interconnection,US-MIDA-PJM,402.61,476.74,34.53,2.99,pjm.com,false,
2022-12-21 22:00:00,USA,PJM Interconnection,US-MIDA-PJM,400.62,475.71,34.15,4.14,pjm.com,false,
2022-12-21 23:00:00,USA,PJM Interconnection,US-MIDA-PJM,405.15,480.58,33.62,4.26,pjm.com,false,
2022-12-22 00:00:00,USA,PJM Interconnection,US-MIDA-PJM,402.05,476.37,34.52,4.81,pjm.com,false,
2022-12-22 01:00:00,USA,PJM Interconnection,US-MIDA-PJM,398.47,472.5,34.92,5.2,pjm.com,false,
2022-12-22 02:00:00,USA,PJM Interconnection,US-MIDA-PJM,396.39,469.58,35.58,5.13,pjm.com,false,
2022-12-22 03:00:00,USA,PJM Interconnection,US-MIDA-PJM,391.72,462.87,37.25,5.4,pjm.com,false,
2022-12-22 04:00:00,USA,PJM Interconnection,US-MIDA-PJM,387.77,456.85,38.95,5.88,pjm.com,false,
2022-12-22 05:00:00,USA,PJM Interconnection,US-MIDA-PJM,382.65,451.16,39.25,5.55,pjm.com,false,
2022-12-22 06:00:00,USA,PJM Interconnection,US-MIDA-PJM,383.87,452.68,38.96,4.83,pjm.com,false,
2022-12-22 07:00:00,USA,PJM Interconnection,US-MIDA-PJM,381.97,450.46,39.31,4.61,pjm.com,false,
2022-12-22 08:00:00,USA,PJM Interconnection,US-MIDA-PJM,381.11,449.28,39.58,4.54,pjm.com,false,
2022-12-22 09:00:00,USA,PJM Interconnection,US-MIDA-PJM,381.83,450.29,39.33,4.21,pjm.com,false,
2022-12-22 10:00:00,USA,PJM Interconnection,US-MIDA-PJM,384.61,454.32,38.28,4.02,pjm.com,false,
2022-12-22 11:00:00,USA,PJM Interconnection,US-MIDA-PJM,387.88,458.65,37.35,4.59,pjm.com,false,
2022-12-22 12:00:00,USA,PJM Interconnection,US-MIDA-PJM,392.2,464.5,35.97,4.78,pjm.com,false,
2022-12-22 13:00:00,USA,PJM Interconnection,US-MIDA-PJM,393.05,464.98,36.21,5.41,pjm.com,false,
2022-12-22 14:00:00,USA,PJM Interconnection,US-MIDA-PJM,395.43,467.71,35.77,5.25,pjm.com,false,
2022-12-22 15:00:00,USA,PJM Interconnection,US-MIDA-PJM,395.91,467.87,35.97,5.6,pjm.com,false,
2022-12-22 16:00:00,USA,PJM Interconnection,US-MIDA-PJM,391.47,461.89,37.32,6.83,pjm.com,false,
2022-12-22 17:00:00,USA,PJM Interconnection,US-MIDA-PJM,390.42,461.24,37.06,6.64,pjm.com,false,
2022-12-22 18:00:00,USA,PJM Interconnection,US-MIDA-PJM,391.11,462.08,36.99,6.35,pjm.com,false,
2022-12-22 19:00:00,USA,PJM Interconnection,US-MIDA-PJM,386.92,457.08,37.66,6.75,pjm.com,false,
2022-12-22 20:00:00,USA,PJM Interconnection,US-MIDA-PJM,381.28,450.59,38.58,7.64,pjm.com,false,
2022-12-22 21:00:00,USA,PJM Interconnection,US-MIDA-PJM,375.69,444.28,39.45,8.3,pjm.com,false,
2022-12-22 22:00:00,USA,PJM Interconnection,US-MIDA-PJM,376.66,446.41,38.53,8.42,pjm.com,false,
2022-12-22 23:00:00,USA,PJM Interconnection,US-MIDA-PJM,378.5,447.85,38.71,8.47,pjm.com,false,
2022-12-23 00:00:00,USA,PJM Interconnection,US-MIDA-PJM,378.4,447.46,38.95,8.54,pjm.com,false,
2022-12-23 01:00:00,USA,PJM Interconnection,US-MIDA-PJM,374.31,442.37,39.9,8.98,pjm.com,false,
2022-12-23 02:00:00,USA,PJM Interconnection,US-MIDA-PJM,372.5,439.5,40.7,9.0,pjm.com,false,
2022-12-23 03:00:00,USA,PJM Interconnection,US-MIDA-PJM,376.38,442.54,41.11,8.65,pjm.com,false,
2022-12-23 04:00:00,USA,PJM Interconnection,US-MIDA-PJM,372.27,436.57,42.72,8.8,pjm.com,false,
2022-12-23 05:00:00,USA,PJM Interconnection,US-MIDA-PJM,370.95,434.03,43.68,8.71,pjm.com,false,
2022-12-23 06:00:00,USA,PJM Interconnection,US-MIDA-PJM,372.69,435.54,43.74,8.42,pjm.com,false,
2022-12-23 07:00:00,USA,PJM Interconnection,US-MIDA-PJM,372.7,435.21,43.97,8.22,pjm.com,false,
2022-12-23 08:00:00,USA,PJM Interconnection,US-MIDA-PJM,373.49,436.3,43.67,8.26,pjm.com,false,
2022-12-23 09:00:00,USA,PJM Interconnection,US-MIDA-PJM,382.27,446.18,42.42,7.92,pjm.com,false,
2022-12-23 10:00:00,USA,PJM Interconnection,US-MIDA-PJM,388.81,454.46,40.75,7.58,pjm.com,false,
2022-12-23 11:00:00,USA,PJM Interconnection,US-MIDA-PJM,395.26,462.28,39.47,7.91,pjm.com,false,
2022-12-23 12:00:00,USA,PJM Interconnection,US-MIDA-PJM,403.48,472.49,37.67,7.64,pjm.com,false,
2022-12-23 13:00:00,USA,PJM Interconnection,US-MIDA-PJM,406.5,476.0,37.37,8.2,pjm.com,false,
2022-12-23 14:00:00,USA,PJM Interconnection,US-MIDA-PJM,412.0,482.51,36.4,8.21,pjm.com,false,
2022-12-23 15:00:00,USA,PJM Interconnection,US-MIDA-PJM,420.59,492.86,36.09,8.28,pjm.com,false,
2022-12-23 16:00:00,USA,PJM Interconnection,US-MIDA-PJM,423.8,497.2,36.76,9.18,pjm.com,false,
2022-12-23 17:00:00,USA,PJM Interconnection,US-MIDA-PJM,425.74,501.04,36.18,8.7,pjm.com,false,
2022-12-23 18:00:00,USA,PJM Interconnection,US-MIDA-PJM,424.47,499.87,36.34,8.87,pjm.com,false,
2022-12-23 19:00:00,USA,PJM Interconnection,US-MIDA-PJM,426.79,501.9,36.05,8.7,pjm.com,false,
2022-12-23 20:00:00,USA,PJM Interconnection,US-MIDA-PJM,429.23,505.96,35.08,8.29,pjm.com,false,
2022-12-23 21:00:00,USA,PJM Interconnection,US-MIDA-PJM,429.1,507.44,34.71,9.09,pjm.com,false,
2022-12-23 22:00:00,USA,PJM Interconnection,US-MIDA-PJM,426.86,506.04,34.98,10.03,pjm.com,false,
2022-12-23 23:00:00,USA,PJM Interconnection,US-MIDA-PJM,426.86,506.96,34.5,9.69,pjm.com,false,
2022-12-24 00:00:00,USA,PJM Interconnection,US-MIDA-PJM,429.35,509.21,34.76,9.74,pjm.com,false,
2022-12-24 01:00:00,USA,PJM Interconnection,US-MIDA-PJM,431.22,511.27,34.67,9.79,pjm.com,false,
2022-12-24 02:00:00,USA,PJM Interconnection,US-MIDA-PJM,434.8,515.27,34.35,9.34,pjm.com,false,
2022-12-24 03:00:00,USA,PJM Interconnection,US-MIDA-PJM,442.11,523.21,33.63,7.98,pjm.com,false,
2022-12-24 04:00:00,USA,PJM Interconnection,US-MIDA-PJM,441.18,521.47,34.16,8.06,pjm.com,false,
2022-12-24 05:00:00,USA,PJM Interconnection,US-MIDA-PJM,449.83,531.82,34.56,8.44,pjm.com,false,
2022-12-24 06:00:00,USA,PJM Interconnection,US-MIDA-PJM,464.87,548.67,33.62,6.74,pjm.com,false,
2022-12-24 07:00:00,USA,PJM Interconnection,US-MIDA-PJM,468.17,552.24,33.13,6.86,pjm.com,false,
2022-12-24 08:00:00,USA,PJM Interconnection,US-MIDA-PJM,468.68,552.9,33.01,6.87,pjm.com,false,
2022-12-24 09:00:00,USA,PJM Interconnection,US-MIDA-PJM,466.75,550.88,33.39,7.27,pjm.com,false,
2022-12-24 10:00:00,USA,PJM Interconnection,US-MIDA-PJM,458.28,540.48,34.37,8.26,pjm.com,false,
2022-12-24 11:00:00,USA,PJM Interconnection,US-MIDA-PJM,465.24,548.92,33.73,7.51,pjm.com,false,
2022-12-24 12:00:00,USA,PJM Interconnection,US-MIDA-PJM,465.2,549.19,33.82,7.66,pjm.com,false,
2022-12-24 13:00:00,USA,PJM Interconnection,US-MIDA-PJM,464.77,549.37,33.53,7.91,pjm.com,false,
2022-12-24 14:00:00,USA,PJM Interconnection,US-MIDA-PJM,464.13,548.79,33.66,8.4,pjm.com,false,
2022-12-24 15:00:00,USA,PJM Interconnection,US-MIDA-PJM,460.46,544.23,33.96,8.53,pjm.com,false,
2022-12-24 16:00:00,USA,PJM Interconnection,US-MIDA-PJM,458.7,542.11,33.97,8.39,pjm.com,false,
2022-12-24 17:00:00,USA,PJM Interconnection,US-MIDA-PJM,465.16,549.84,33.57,8.13,pjm.com,false,
2022-12-24 18:00:00,USA,PJM Interconnection,US-MIDA-PJM,463.88,548.08,33.7,8.12,pjm.com,false,
2022-12-24 19:00:00,USA,PJM Interconnection,US-MIDA-PJM,458.67,541.2,34.17,8.1,pjm.com,false,
2022-12-24 20:00:00,USA,PJM Interconnection,US-MIDA-PJM,461.12,544.0,33.73,7.76,pjm.com,false,
2022-12-24 21:00:00,USA,PJM Interconnection,US-MIDA-PJM,470.75,556.22,32.68,6.96,pjm.com,false,
2022-12-24 22:00:00,USA,PJM Interconnection,US-MIDA-PJM,465.28,550.39,33.4,8.28,pjm.com,false,
2022-12-24 23:00:00,USA,PJM Interconnection,US-MIDA-PJM,459.27,543.31,33.97,8.66,pjm.com,false,
2022-12-25 00:00:00,USA,PJM Interconnection,US-MIDA-PJM,455.25,537.62,34.25,8.59,pjm.com,false,
2022-12-25 01:00:00,USA,PJM Interconnection,US-MIDA-PJM,455.27,537.5,34.14,8.31,pjm.com,false,
2022-12-25 02:00:00,USA,PJM Interconnection,US-MIDA-PJM,446.72,527.78,34.15,8.36,pjm.com,false,
2022-12-25 03:00:00,USA,PJM Interconnection,US-MIDA-PJM,450.12,530.36,34.26,7.75,pjm.com,false,
2022-12-25 04:00:00,USA,PJM Interconnection,US-MIDA-PJM,449.99,529.08,34.87,7.82,pjm.com,false,
2022-12-25 05:00:00,USA,PJM Interconnection,US-MIDA-PJM,439.26,514.66,35.41,7.62,pjm.com,false,
2022-12-25 06:00:00,USA,PJM Interconnection,US-MIDA-PJM,438.93,512.99,35.81,7.56,pjm.com,false,
2022-12-25 07:00:00,USA,PJM Interconnection,US-MIDA-PJM,440.1,514.67,35.73,7.2,pjm.com,false,
2022-12-25 08:00:00,USA,PJM Interconnection,US-MIDA-PJM,439.93,514.44,35.66,6.9,pjm.com,false,
2022-12-25 09:00:00,USA,PJM Interconnection,US-MIDA-PJM,441.58,516.7,35.49,6.83,pjm.com,false,
2022-12-25 10:00:00,USA,PJM Interconnection,US-MIDA-PJM,442.41,518.48,35.17,6.61,pjm.com,false,
2022-12-25 11:00:00,USA,PJM Interconnection,US-MIDA-PJM,441.2,517.33,35.18,7.15,pjm.com,false,
2022-12-25 12:00:00,USA,PJM Interconnection,US-MIDA-PJM,445.15,523.28,34.32,7.1,pjm.com,false,
2022-12-25 13:00:00,USA,PJM Interconnection,US-MIDA-PJM,446.02,524.13,34.6,7.25,pjm.com,false,
2022-12-25 14:00:00,USA,PJM Interconnection,US-MIDA-PJM,432.66,506.71,36.54,8.65,pjm.com,false,
2022-12-25 15:00:00,USA,PJM Interconnection,US-MIDA-PJM,427.18,498.15,37.94,9.26,pjm.com,false,
2022-12-25 16:00:00,USA,PJM Interconnection,US-MIDA-PJM,423.48,494.11,38.43,9.07,pjm.com,false,
2022-12-25 17:00:00,USA,PJM Interconnection,US-MIDA-PJM,421.88,492.61,38.66,8.77,pjm.com,false,
2022-12-25 18:00:00,USA,PJM Interconnection,US-MIDA-PJM,417.7,487.45,39.48,8.95,pjm.com,false,
2022-12-25 19:00:00,USA,PJM Interconnection,US-MIDA-PJM,412.08,481.21,40.23,9.14,pjm.com,false,
2022-12-25 20:00:00,USA,PJM Interconnection,US-MIDA-PJM,416.3,485.95,39.3,8.36,pjm.com,false,
2022-12-25 21:00:00,USA,PJM Interconnection,US-MIDA-PJM,430.51,501.63,37.6,7.08,pjm.com,false,
2022-12-25 22:00:00,USA,PJM Interconnection,US-MIDA-PJM,438.67,511.52,36.43,7.04,pjm.com,false,
2022-12-25 23:00:00,USA,PJM Interconnection,US-MIDA-PJM,434.88,507.24,37.44,8.47,pjm.com,false,
2022-12-26 00:00:00,USA,PJM Interconnection,US-MIDA-PJM,437.05,509.84,37.01,8.01,pjm.com,false,
2022-12-26 01:00:00,USA,PJM Interconnection,US-MIDA-PJM,441.73,515.42,36.45,7.49,pjm.com,false,
2022-12-26 02:00:00,USA,PJM Interconnection,US-MIDA-PJM,449.97,524.73,35.47,6.17,pjm.com,false,
2022-12-26 03:00:00,USA,PJM Interconnection,US-MIDA-PJM,455.91,530.76,35.1,5.16,pjm.com,false,
2022-12-26 04:00:00,USA,PJM Interconnection,US-MIDA-PJM,455.37,529.18,35.55,4.87,pjm.com,false,
2022-12-26 05:00:00,USA,PJM Interconnection,US-MIDA-PJM,445.5,516.15,35.79,4.65,pjm.com,false,
2022-12-26 06:00:00,USA,PJM Interconnection,US-MIDA-PJM,447.58,518.51,35.16,4.04,pjm.com,false,
2022-12-26 07:00:00,USA,PJM Interconnection,US-MIDA-PJM,448.94,520.07,34.94,3.45,pjm.com,false,
2022-12-26 08:00:00,USA,PJM Interconnection,US-MIDA-PJM,449.17,520.9,34.65,3.19,pjm.com,false,
2022-12-26 09:00:00,USA,PJM Interconnection,US-MIDA-PJM,450.01,522.89,34.39,3.16,pjm.com,false,
2022-12-26 10:00:00,USA,PJM Interconnection,US-MIDA-PJM,447.36,520.67,34.95,4.36,pjm.com,false,
2022-12-26 11:00:00,USA,PJM Interconnection,US-MIDA-PJM,444.85,518.7,35.41,5.62,pjm.com,false,
2022-12-26 12:00:00,USA,PJM Interconnection,US-MIDA-PJM,447.45,523.79,34.77,5.84,pjm.com,false,
2022-12-26 13:00:00,USA,PJM Interconnection,US-MIDA-PJM,444.19,519.42,35.12,5.97,pjm.com,false,
2022-12-26 14:00:00,USA,PJM Interconnection,US-MIDA-PJM,438.18,510.08,35.53,5.46,pjm.com,false,
2022-12-26 15:00:00,USA,PJM Interconnection,US-MIDA-PJM,439.98,511.34,35.38,4.84,pjm.com,false,
2022-12-26 16:00:00,USA,PJM Interconnection,US-MIDA-PJM,444.44,516.14,34.9,4.05,pjm.com,false,
2022-12-26 17:00:00,USA,PJM Interconnection,US-MIDA-PJM,445.16,516.38,35.12,4.03,pjm.com,false,
2022-12-26 18:00:00,USA,PJM Interconnection,US-MIDA-PJM,445.05,516.67,34.85,3.85,pjm.com,false,
2022-12-26 19:00:00,USA,PJM Interconnection,US-MIDA-PJM,445.98,517.95,34.55,3.59,pjm.com,false,
2022-12-26 20:00:00,USA,PJM Interconnection,US-MIDA-PJM,448.1,521.09,33.7,2.9,pjm.com,false,
2022-12-26 21:00:00,USA,PJM Interconnection,US-MIDA-PJM,451.25,525.45,32.84,2.5,pjm.com,false,
2022-12-26 22:00:00,USA,PJM Interconnection,US-MIDA-PJM,452.47,528.85,32.63,3.66,pjm.com,false,
2022-12-26 23:00:00,USA,PJM Interconnection,US-MIDA-PJM,450.62,526.88,33.43,4.71,pjm.com,false,
2022-12-27 00:00:00,USA,PJM Interconnection,US-MIDA-PJM,448.57,523.61,34.02,5.18,pjm.com,false,
2022-12-27 01:00:00,USA,PJM Interconnection,US-MIDA-PJM,455.74,531.63,32.61,3.36,pjm.com,false,
2022-12-27 02:00:00,USA,PJM Interconnection,US-MIDA-PJM,455.02,529.45,32.76,2.9,pjm.com,false,
2022-12-27 03:00:00,USA,PJM Interconnection,US-MIDA-PJM,454.31,527.2,33.36,2.28,pjm.com,false,
2022-12-27 04:00:00,USA,PJM Interconnection,US-MIDA-PJM,452.75,524.18,34.54,2.31,pjm.com,false,
2022-12-27 05:00:00,USA,PJM Interconnection,US-MIDA-PJM,456.56,528.36,35.44,2.24,pjm.com,false,
2022-12-27 06:00:00,USA,PJM Interconnection,US-MIDA-PJM,449.72,520.43,36.07,2.28,pjm.com,false,
2022-12-27 07:00:00,USA,PJM Interconnection,US-MIDA-PJM,447.98,518.78,36.16,2.21,pjm.com,false,
2022-12-27 08:00:00,USA,PJM Interconnection,US-MIDA-PJM,447.69,518.85,35.95,2.03,pjm.com,false,
2022-12-27 09:00:00,USA,PJM Interconnection,US-MIDA-PJM,442.79,514.89,36.34,2.2,pjm.com,false,
2022-12-27 10:00:00,USA,PJM Interconnection,US-MIDA-PJM,439.62,512.73,36.54,3.18,pjm.com,false,
2022-12-27 11:00:00,USA,PJM Interconnection,US-MIDA-PJM,429.57,502.68,37.23,5.39,pjm.com,false,
2022-12-27 12:00:00,USA,PJM Interconnection,US-MIDA-PJM,430.29,503.92,36.67,6.27,pjm.com,false,
2022-12-27 13:00:00,USA,PJM Interconnection,US-MIDA-PJM,429.35,502.36,37.07,7.09,pjm.com,false,
2022-12-27 14:00:00,USA,PJM Interconnection,US-MIDA-PJM,423.57,495.28,38.01,7.59,pjm.com,false,
2022-12-27 15:00:00,USA,PJM Interconnection,US-MIDA-PJM,428.15,500.08,37.38,6.33,pjm.com,false,
2022-12-27 16:00:00,USA,PJM Interconnection,US-MIDA-PJM,430.6,502.16,36.88,5.52,pjm.com,false,
2022-12-27 17:00:00,USA,PJM Interconnection,US-MIDA-PJM,424.73,495.27,37.56,5.67,pjm.com,false,
2022-12-27 18:00:00,USA,PJM Interconnection,US-MIDA-PJM,418.51,488.62,38.17,6.03,pjm.com,false,
2022-12-27 19:00:00,USA,PJM Interconnection,US-MIDA-PJM,413.5,483.02,38.59,6.66,pjm.com,false,
2022-12-27 20:00:00,USA,PJM Interconnection,US-MIDA-PJM,406.47,475.66,39.1,6.85,pjm.com,false,
2022-12-27 21:00:00,USA,PJM Interconnection,US-MIDA-PJM,407.01,477.79,38.34,6.43,pjm.com,false,
2022-12-27 22:00:00,USA,PJM Interconnection,US-MIDA-PJM,407.47,479.12,38.64,8.38,pjm.com,false,
2022-12-27 23:00:00,USA,PJM Interconnection,US-MIDA-PJM,401.84,473.11,39.51,9.83,pjm.com,false,
2022-12-28 00:00:00,USA,PJM Interconnection,US-MIDA-PJM,398.8,469.5,39.99,10.2,pjm.com,false,
2022-12-28 01:00:00,USA,PJM Interconnection,US-MIDA-PJM,403.66,474.68,39.65,9.58,pjm.com,false,
2022-12-28 02:00:00,USA,PJM Interconnection,US-MIDA-PJM,406.54,477.67,39.3,8.62,pjm.com,false,
2022-12-28 03:00:00,USA,PJM Interconnection,US-MIDA-PJM,397.59,465.56,40.01,8.54,pjm.com,false,
2022-12-28 04:00:00,USA,PJM Interconnection,US-MIDA-PJM,398.43,464.39,40.66,8.46,pjm.com,false,
2022-12-28 05:00:00,USA,PJM Interconnection,US-MIDA-PJM,394.5,459.17,41.46,8.55,pjm.com,false,
2022-12-28 06:00:00,USA,PJM Interconnection,US-MIDA-PJM,390.56,453.96,42.43,8.57,pjm.com,false,
2022-12-28 07:00:00,USA,PJM Interconnection,US-MIDA-PJM,387.34,450.56,42.72,8.73,pjm.com,false,
2022-12-28 08:00:00,USA,PJM Interconnection,US-MIDA-PJM,387.98,451.2,42.7,8.85,pjm.com,false,
2022-12-28 09:00:00,USA,PJM Interconnection,US-MIDA-PJM,388.57,451.92,42.57,9.04,pjm.com,false,
2022-12-28 10:00:00,USA,PJM Interconnection,US-MIDA-PJM,382.95,446.46,42.85,9.55,pjm.com,false,
2022-12-28 11:00:00,USA,PJM Interconnection,US-MIDA-PJM,377.32,442.11,43.54,11.8,pjm.com,false,
2022-12-28 12:00:00,USA,PJM Interconnection,US-MIDA-PJM,382.0,448.54,42.97,12.34,pjm.com,false,
2022-12-28 13:00:00,USA,PJM Interconnection,US-MIDA-PJM,377.08,442.51,43.45,12.86,pjm.com,false,
2022-12-28 14:00:00,USA,PJM Interconnection,US-MIDA-PJM,369.18,432.8,43.78,12.22,pjm.com,false,
2022-12-28 15:00:00,USA,PJM Interconnection,US-MIDA-PJM,360.49,423.25,44.85,12.0,pjm.com,false,
2022-12-28 16:00:00,USA,PJM Interconnection,US-MIDA-PJM,349.46,411.25,46.07,12.02,pjm.com,false,
2022-12-28 17:00:00,USA,PJM Interconnection,US-MIDA-PJM,342.82,403.88,46.98,12.15,pjm.com,false,
2022-12-28 18:00:00,USA,PJM Interconnection,US-MIDA-PJM,340.78,402.02,46.94,11.98,pjm.com,false,
2022-12-28 19:00:00,USA,PJM Interconnection,US-MIDA-PJM,336.14,397.37,47.25,11.75,pjm.com,false,
2022-12-28 20:00:00,USA,PJM Interconnection,US-MIDA-PJM,335.77,397.47,46.92,10.97,pjm.com,false,
2022-12-28 21:00:00,USA,PJM Interconnection,US-MIDA-PJM,342.73,405.59,45.54,9.75,pjm.com,false,
2022-12-28 22:00:00,USA,PJM Interconnection,US-MIDA-PJM,344.07,408.28,44.49,10.66,pjm.com,false,
2022-12-28 23:00:00,USA,PJM Interconnection,US-MIDA-PJM,345.42,410.29,43.93,10.98,pjm.com,false,
2022-12-29 00:00:00,USA,PJM Interconnection,US-MIDA-PJM,346.61,411.44,43.88,10.83,pjm.com,false,
2022-12-29 01:00:00,USA,PJM Interconnection,US-MIDA-PJM,343.5,408.28,44.04,10.59,pjm.com,false,
2022-12-29 02:00:00,USA,PJM Interconnection,US-MIDA-PJM,343.45,407.78,44.32,10.4,pjm.com,false,
2022-12-29 03:00:00,USA,PJM Interconnection,US-MIDA-PJM,345.12,408.74,44.61,9.59,pjm.com,false,
2022-12-29 04:00:00,USA,PJM Interconnection,US-MIDA-PJM,341.99,404.41,45.73,9.78,pjm.com,false,
2022-12-29 05:00:00,USA,PJM Interconnection,US-MIDA-PJM,340.24,402.37,46.0,9.94,pjm.com,false,
2022-12-29 06:00:00,USA,PJM Interconnection,US-MIDA-PJM,331.31,392.35,47.27,10.23,pjm.com,false,
2022-12-29 07:00:00,USA,PJM Interconnection,US-MIDA-PJM,327.52,387.92,47.95,10.46,pjm.com,false,
2022-12-29 08:00:00,USA,PJM Interconnection,US-MIDA-PJM,323.85,384.11,48.27,10.64,pjm.com,false,
2022-12-29 09:00:00,USA,PJM Interconnection,US-MIDA-PJM,322.86,383.94,47.74,10.79,pjm.com,false,
2022-12-29 10:00:00,USA,PJM Interconnection,US-MIDA-PJM,325.74,387.93,46.78,10.9,pjm.com,false,
2022-12-29 11:00:00,USA,PJM Interconnection,US-MIDA-PJM,325.35,388.64,46.12,12.14,pjm.com,false,
2022-12-29 12:00:00,USA,PJM Interconnection,US-MIDA-PJM,324.31,388.06,46.03,13.24,pjm.com,false,
2022-12-29 13:00:00,USA,PJM Interconnection,US-MIDA-PJM,328.66,392.57,45.68,12.85,pjm.com,false,
2022-12-29 14:00:00,USA,PJM Interconnection,US-MIDA-PJM,326.5,389.65,46.27,12.41,pjm.com,false,
2022-12-29 15:00:00,USA,PJM Interconnection,US-MIDA-PJM,317.7,379.89,47.43,12.54,pjm.com,false,
2022-12-29 16:00:00,USA,PJM Interconnection,US-MIDA-PJM,312.89,375.26,47.51,12.29,pjm.com,false,
2022-12-29 17:00:00,USA,PJM Interconnection,US-MIDA-PJM,309.66,371.62,47.98,12.18,pjm.com,false,
2022-12-29 18:00:00,USA,PJM Interconnection,US-MIDA-PJM,306.25,368.13,48.29,12.03,pjm.com,false,
2022-12-29 19:00:00,USA,PJM Interconnection,US-MIDA-PJM,302.7,364.34,48.73,11.85,pjm.com,false,
2022-12-29 20:00:00,USA,PJM Interconnection,US-MIDA-PJM,305.77,368.46,47.52,10.95,pjm.com,false,
2022-12-29 21:00:00,USA,PJM Interconnection,US-MIDA-PJM,312.15,375.7,46.44,10.03,pjm.com,false,
2022-12-29 22:00:00,USA,PJM Interconnection,US-MIDA-PJM,312.21,376.69,45.76,11.03,pjm.com,false,
2022-12-29 23:00:00,USA,PJM Interconnection,US-MIDA-PJM,317.78,383.04,44.91,10.6,pjm.com,false,
2022-12-30 00:00:00,USA,PJM Interconnection,US-MIDA-PJM,316.21,380.88,45.41,10.72,pjm.com,false,
2022-12-30 01:00:00,USA,PJM Interconnection,US-MIDA-PJM,317.18,381.43,45.64,10.41,pjm.com,false,
2022-12-30 02:00:00,USA,PJM Interconnection,US-MIDA-PJM,310.62,373.24,47.2,10.89,pjm.com,false,
2022-12-30 03:00:00,USA,PJM Interconnection,US-MIDA-PJM,307.4,369.68,47.51,10.21,pjm.com,false,
2022-12-30 04:00:00,USA,PJM Interconnection,US-MIDA-PJM,299.95,360.19,49.41,10.62,pjm.com,false,
2022-12-30 05:00:00,USA,PJM Interconnection,US-MIDA-PJM,292.21,350.67,51.13,10.94,pjm.com,false,
2022-12-30 06:00:00,USA,PJM Interconnection,US-MIDA-PJM,288.57,347.02,51.34,10.75,pjm.com,false,
2022-12-30 07:00:00,USA,PJM Interconnection,US-MIDA-PJM,286.83,345.13,51.55,10.37,pjm.com,false,
2022-12-30 08:00:00,USA,PJM Interconnection,US-MIDA-PJM,289.45,348.48,50.91,9.92,pjm.com,false,
2022-12-30 09:00:00,USA,PJM Interconnection,US-MIDA-PJM,292.0,352.88,49.42,9.06,pjm.com,false,
2022-12-30 10:00:00,USA,PJM Interconnection,US-MIDA-PJM,294.86,356.47,48.79,8.7,pjm.com,false,
2022-12-30 11:00:00,USA,PJM Interconnection,US-MIDA-PJM,303.48,367.58,46.57,8.44,pjm.com,false,
2022-12-30 12:00:00,USA,PJM Interconnection,US-MIDA-PJM,308.41,373.34,45.85,9.47,pjm.com,false,
2022-12-30 13:00:00,USA,PJM Interconnection,US-MIDA-PJM,318.45,384.47,44.46,8.05,pjm.com,false,
2022-12-30 14:00:00,USA,PJM Interconnection,US-MIDA-PJM,314.68,379.75,45.42,8.63,pjm.com,false,
2022-12-30 15:00:00,USA,PJM Interconnection,US-MIDA-PJM,315.86,381.42,44.96,7.84,pjm.com,false,
2022-12-30 16:00:00,USA,PJM Interconnection,US-MIDA-PJM,315.72,380.68,45.41,7.31,pjm.com,false,
2022-12-30 17:00:00,USA,PJM Interconnection,US-MIDA-PJM,313.05,378.56,45.1,6.52,pjm.com,false,
2022-12-30 18:00:00,USA,PJM Interconnection,US-MIDA-PJM,309.13,374.87,45.15,6.0,pjm.com,false,
2022-12-30 19:00:00,USA,PJM Interconnection,US-MIDA-PJM,310.59,376.96,44.58,5.32,pjm.com,false,
2022-12-30 20:00:00,USA,PJM Interconnection,US-MIDA-PJM,315.62,382.98,43.53,4.57,pjm.com,false,
2022-12-30 21:00:00,USA,PJM Interconnection,US-MIDA-PJM,318.36,386.15,43.05,4.3,pjm.com,false,
2022-12-30 22:00:00,USA,PJM Interconnection,US-MIDA-PJM,312.04,379.96,43.47,6.47,pjm.com,false,
2022-12-30 23:00:00,USA,PJM Interconnection,US-MIDA-PJM,322.38,391.58,41.87,5.18,pjm.com,false,
2022-12-31 00:00:00,USA,PJM Interconnection,US-MIDA-PJM,326.41,395.75,41.48,4.23,pjm.com,false,
2022-12-31 01:00:00,USA,PJM Interconnection,US-MIDA-PJM,325.29,394.1,41.92,4.1,pjm.com,false,
2022-12-31 02:00:00,USA,PJM Interconnection,US-MIDA-PJM,321.85,389.74,42.78,4.12,pjm.com,false,
2022-12-31 03:00:00,USA,PJM Interconnection,US-MIDA-PJM,317.85,384.94,43.51,3.85,pjm.com,false,
2022-12-31 04:00:00,USA,PJM Interconnection,US-MIDA-PJM,315.9,381.67,44.53,3.1,pjm.com,false,
2022-12-31 05:00:00,USA,PJM Interconnection,US-MIDA-PJM,311.47,375.67,45.91,3.21,pjm.com,false,
2022-12-31 06:00:00,USA,PJM Interconnection,US-MIDA-PJM,307.09,369.57,47.44,3.66,pjm.com,false,
2022-12-31 07:00:00,USA,PJM Interconnection,US-MIDA-PJM,304.53,366.26,48.12,3.44,pjm.com,false,
2022-12-31 08:00:00,USA,PJM Interconnection,US-MIDA-PJM,299.9,361.8,48.24,3.42,pjm.com,false,
2022-12-31 09:00:00,USA,PJM Interconnection,US-MIDA-PJM,296.94,358.56,48.62,3.76,pjm.com,false,
2022-12-31 10:00:00,USA,PJM Interconnection,US-MIDA-PJM,296.9,359.17,48.16,3.59,pjm.com,false,
2022-12-31 11:00:00,USA,PJM Interconnection,US-MIDA-PJM,298.87,361.61,47.72,3.31,pjm.com,false,
2022-12-31 12:00:00,USA,PJM Interconnection,US-MIDA-PJM,299.14,363.22,46.74,3.58,pjm.com,false,
2022-12-31 13:00:00,USA,PJM Interconnection,US-MIDA-PJM,302.98,369.0,45.11,3.26,pjm.com,false,
2022-12-31 14:00:00,USA,PJM Interconnection,US-MIDA-PJM,310.09,378.3,43.07,2.56,pjm.com,false,
2022-12-31 15:00:00,USA,PJM Interconnection,US-MIDA-PJM,318.25,387.18,42.14,2.74,pjm.com,false,
2022-12-31 16:00:00,USA,PJM Interconnection,US-MIDA-PJM,320.14,389.11,42.02,3.06,pjm.com,false,
2022-12-31 17:00:00,USA,PJM Interconnection,US-MIDA-PJM,317.33,386.05,42.37,3.29,pjm.com,false,
2022-12-31 18:00:00,USA,PJM Interconnection,US-MIDA-PJM,316.23,385.05,42.33,3.08,pjm.com,false,
2022-12-31 19:00:00,USA,PJM Interconnection,US-MIDA-PJM,315.57,384.43,42.31,2.84,pjm.com,false,
2022-12-31 20:00:00,USA,PJM Interconnection,US-MIDA-PJM,314.33,383.01,42.54,3.09,pjm.com,false,
2022-12-31 21:00:00,USA,PJM Interconnection,US-MIDA-PJM,308.5,376.21,43.66,4.97,pjm.com,false,
2022-12-31 22:00:00,USA,PJM Interconnection,US-MIDA-PJM,305.67,372.95,44.23,6.89,pjm.com,false,
2022-12-31 23:00:00,USA,PJM Interconnection,US-MIDA-PJM,307.68,375.19,43.89,6.94,pjm.com,false,
