Datetime (UTC),Country,Zone name,Zone id,Carbon intensity gCO₂eq/kWh (direct),Carbon intensity gCO₂eq/kWh (Life cycle),Carbon-free energy percentage (CFE%),Renewable energy percentage (RE%),Data source,Data estimated,Data estimation method
2023-01-01 00:00:00,USA,PJM Interconnection,US-MIDA-PJM,300.8,366.24,45.65,7.41,pjm.com,false,
2023-01-01 01:00:00,USA,PJM Interconnection,US-MIDA-PJM,291.8,355.29,47.55,8.5,pjm.com,false,
2023-01-01 02:00:00,USA,PJM Interconnection,US-MIDA-PJM,286.87,349.11,48.73,8.6,pjm.com,false,
2023-01-01 03:00:00,USA,PJM Interconnection,US-MIDA-PJM,287.6,349.42,48.93,7.76,pjm.com,false,
2023-01-01 04:00:00,USA,PJM Interconnection,US-MIDA-PJM,283.21,343.2,50.5,8.43,pjm.com,false,
2023-01-01 05:00:00,USA,PJM Interconnection,US-MIDA-PJM,278.14,336.41,52.02,9.1,pjm.com,false,
2023-01-01 06:00:00,USA,PJM Interconnection,US-MIDA-PJM,271.78,328.83,53.24,9.71,pjm.com,false,
2023-01-01 07:00:00,USA,PJM Interconnection,US-MIDA-PJM,272.29,328.83,53.62,9.06,pjm.com,false,
2023-01-01 08:00:00,USA,PJM Interconnection,US-MIDA-PJM,276.61,334.1,52.67,7.9,pjm.com,false,
2023-01-01 09:00:00,USA,PJM Interconnection,US-MIDA-PJM,277.54,335.27,52.48,7.33,pjm.com,false,
2023-01-01 10:00:00,USA,PJM Interconnection,US-MIDA-PJM,273.75,330.91,53.1,7.49,pjm.com,false,
2023-01-01 11:00:00,USA,PJM Interconnection,US-MIDA-PJM,275.36,332.9,52.75,7.26,pjm.com,false,
2023-01-01 12:00:00,USA,PJM Interconnection,US-MIDA-PJM,278.55,337.46,51.64,7.0,pjm.com,false,
2023-01-01 13:00:00,USA,PJM Interconnection,US-MIDA-PJM,281.68,341.74,50.71,6.77,pjm.com,false,
2023-01-01 14:00:00,USA,PJM Interconnection,US-MIDA-PJM,281.28,341.27,50.89,7.04,pjm.com,false,
2023-01-01 15:00:00,USA,PJM Interconnection,US-MIDA-PJM,284.51,345.61,49.93,6.47,pjm.com,false,
2023-01-01 16:00:00,USA,PJM Interconnection,US-MIDA-PJM,286.09,348.01,49.26,6.18,pjm.com,false,
2023-01-01 17:00:00,USA,PJM Interconnection,US-MIDA-PJM,286.96,349.45,48.78,6.08,pjm.com,false,
2023-01-01 18:00:00,USA,PJM Interconnection,US-MIDA-PJM,287.77,350.62,48.44,5.85,pjm.com,false,
2023-01-01 19:00:00,USA,PJM Interconnection,US-MIDA-PJM,288.98,352.04,48.23,5.74,pjm.com,false,
2023-01-01 20:00:00,USA,PJM Interconnection,US-MIDA-PJM,291.18,355.06,47.45,5.09,pjm.com,false,
2023-01-01 21:00:00,USA,PJM Interconnection,US-MIDA-PJM,296.78,362.82,45.56,4.52,pjm.com,false,
2023-01-01 22:00:00,USA,PJM Interconnection,US-MIDA-PJM,293.45,359.98,45.5,6.4,pjm.com,false,
2023-01-01 23:00:00,USA,PJM Interconnection,US-MIDA-PJM,297.53,365.1,44.46,6.03,pjm.com,false,
2023-01-02 00:00:00,USA,PJM Interconnection,US-MIDA-PJM,296.7,364.1,44.6,5.9,pjm.com,false,
2023-01-02 01:00:00,USA,PJM Interconnection,US-MIDA-PJM,300.51,368.58,43.81,4.81,pjm.com,false,
2023-01-02 02:00:00,USA,PJM Interconnection,US-MIDA-PJM,299.49,366.59,44.53,4.32,pjm.com,false,
2023-01-02 03:00:00,USA,PJM Interconnection,US-MIDA-PJM,299.73,366.35,44.75,3.57,pjm.com,false,
2023-01-02 04:00:00,USA,PJM Interconnection,US-MIDA-PJM,298.14,363.39,45.84,3.25,pjm.com,false,
2023-01-02 05:00:00,USA,PJM Interconnection,US-MIDA-PJM,295.66,359.46,47.07,3.12,pjm.com,false,
2023-01-02 06:00:00,USA,PJM Interconnection,US-MIDA-PJM,293.71,356.96,47.58,3.04,pjm.com,false,
2023-01-02 07:00:00,USA,PJM Interconnection,US-MIDA-PJM,288.32,350.72,48.54,3.46,pjm.com,false,
2023-01-02 08:00:00,USA,PJM Interconnection,US-MIDA-PJM,289.06,351.47,48.45,3.34,pjm.com,false,
2023-01-02 09:00:00,USA,PJM Interconnection,US-MIDA-PJM,290.71,353.58,48.04,3.53,pjm.com,false,
2023-01-02 10:00:00,USA,PJM Interconnection,US-MIDA-PJM,292.76,356.85,47.06,3.59,pjm.com,false,
2023-01-02 11:00:00,USA,PJM Interconnection,US-MIDA-PJM,296.4,362.41,45.45,3.62,pjm.com,false,
2023-01-02 12:00:00,USA,PJM Interconnection,US-MIDA-PJM,298.5,365.46,44.65,3.93,pjm.com,false,
2023-01-02 13:00:00,USA,PJM Interconnection,US-MIDA-PJM,302.46,369.63,44.35,4.1,pjm.com,false,
2023-01-02 14:00:00,USA,PJM Interconnection,US-MIDA-PJM,295.76,361.72,45.72,5.49,pjm.com,false,
2023-01-02 15:00:00,USA,PJM Interconnection,US-MIDA-PJM,299.47,366.97,44.4,5.28,pjm.com,false,
2023-01-02 16:00:00,USA,PJM Interconnection,US-MIDA-PJM,298.14,365.46,44.58,5.15,pjm.com,false,
2023-01-02 17:00:00,USA,PJM Interconnection,US-MIDA-PJM,301.52,369.11,44.17,4.64,pjm.com,false,
2023-01-02 18:00:00,USA,PJM Interconnection,US-MIDA-PJM,305.03,372.76,43.89,4.21,pjm.com,false,
2023-01-02 19:00:00,USA,PJM Interconnection,US-MIDA-PJM,305.97,373.91,43.64,3.92,pjm.com,false,
2023-01-02 20:00:00,USA,PJM Interconnection,US-MIDA-PJM,307.19,375.33,43.36,3.66,pjm.com,false,
2023-01-02 21:00:00,USA,PJM Interconnection,US-MIDA-PJM,304.72,372.71,43.65,4.49,pjm.com,false,
2023-01-02 22:00:00,USA,PJM Interconnection,US-MIDA-PJM,297.83,364.73,45.03,7.93,pjm.com,false,
2023-01-02 23:00:00,USA,PJM Interconnection,US-MIDA-PJM,296.44,363.0,45.36,8.55,pjm.com,false,
2023-01-03 00:00:00,USA,PJM Interconnection,US-MIDA-PJM,296.53,363.46,45.0,8.05,pjm.com,false,
2023-01-03 01:00:00,USA,PJM Interconnection,US-MIDA-PJM,306.29,374.23,43.56,5.66,pjm.com,false,
2023-01-03 02:00:00,USA,PJM Interconnection,US-MIDA-PJM,299.96,366.17,45.14,5.89,pjm.com,false,
2023-01-03 03:00:00,USA,PJM Interconnection,US-MIDA-PJM,290.94,355.65,46.63,6.04,pjm.com,false,
2023-01-03 04:00:00,USA,PJM Interconnection,US-MIDA-PJM,285.27,348.45,48.03,6.59,pjm.com,false,
2023-01-03 05:00:00,USA,PJM Interconnection,US-MIDA-PJM,279.56,340.12,50.27,7.09,pjm.com,false,
2023-01-03 06:00:00,USA,PJM Interconnection,US-MIDA-PJM,278.19,337.55,51.24,7.17,pjm.com,false,
2023-01-03 07:00:00,USA,PJM Interconnection,US-MIDA-PJM,281.98,342.27,50.35,6.36,pjm.com,false,
2023-01-03 08:00:00,USA,PJM Interconnection,US-MIDA-PJM,282.55,342.91,50.28,6.32,pjm.com,false,
2023-01-03 09:00:00,USA,PJM Interconnection,US-MIDA-PJM,283.09,343.3,50.36,6.39,pjm.com,false,
2023-01-03 10:00:00,USA,PJM Interconnection,US-MIDA-PJM,285.47,347.5,48.93,6.4,pjm.com,false,
2023-01-03 11:00:00,USA,PJM Interconnection,US-MIDA-PJM,290.37,355.31,46.6,6.76,pjm.com,false,
2023-01-03 12:00:00,USA,PJM Interconnection,US-MIDA-PJM,296.3,362.77,45.17,7.35,pjm.com,false,
2023-01-03 13:00:00,USA,PJM Interconnection,US-MIDA-PJM,299.38,365.71,45.14,7.81,pjm.com,false,
2023-01-03 14:00:00,USA,PJM Interconnection,US-MIDA-PJM,301.88,368.24,44.97,8.11,pjm.com,false,
2023-01-03 15:00:00,USA,PJM Interconnection,US-MIDA-PJM,300.37,366.79,45.02,8.33,pjm.com,false,
2023-01-03 16:00:00,USA,PJM Interconnection,US-MIDA-PJM,300.91,367.22,45.06,8.4,pjm.com,false,
2023-01-03 17:00:00,USA,PJM Interconnection,US-MIDA-PJM,298.11,364.03,45.46,8.47,pjm.com,false,
2023-01-03 18:00:00,USA,PJM Interconnection,US-MIDA-PJM,295.51,361.58,45.5,8.64,pjm.com,false,
2023-01-03 19:00:00,USA,PJM Interconnection,US-MIDA-PJM,293.47,359.22,45.83,8.85,pjm.com,false,
2023-01-03 20:00:00,USA,PJM Interconnection,US-MIDA-PJM,295.9,362.6,44.96,7.72,pjm.com,false,
2023-01-03 21:00:00,USA,PJM Interconnection,US-MIDA-PJM,297.38,364.65,44.58,7.81,pjm.com,false,
2023-01-03 22:00:00,USA,PJM Interconnection,US-MIDA-PJM,294.64,361.31,45.31,9.91,pjm.com,false,
2023-01-03 23:00:00,USA,PJM Interconnection,US-MIDA-PJM,293.14,359.5,45.58,10.37,pjm.com,false,
2023-01-04 00:00:00,USA,PJM Interconnection,US-MIDA-PJM,290.47,356.8,45.58,9.99,pjm.com,false,
2023-01-04 01:00:00,USA,PJM Interconnection,US-MIDA-PJM,285.14,351.04,46.08,9.53,pjm.com,false,
2023-01-04 02:00:00,USA,PJM Interconnection,US-MIDA-PJM,277.34,341.45,47.8,10.1,pjm.com,false,
2023-01-04 03:00:00,USA,PJM Interconnection,US-MIDA-PJM,276.69,339.88,48.41,9.48,pjm.com,false,
2023-01-04 04:00:00,USA,PJM Interconnection,US-MIDA-PJM,275.61,337.71,49.28,9.08,pjm.com,false,
2023-01-04 05:00:00,USA,PJM Interconnection,US-MIDA-PJM,277.21,338.52,49.81,8.67,pjm.com,false,
2023-01-04 06:00:00,USA,PJM Interconnection,US-MIDA-PJM,280.2,340.98,50.06,8.06,pjm.com,false,
2023-01-04 07:00:00,USA,PJM Interconnection,US-MIDA-PJM,281.86,342.64,49.99,7.03,pjm.com,false,
2023-01-04 08:00:00,USA,PJM Interconnection,US-MIDA-PJM,285.41,347.09,49.16,6.06,pjm.com,false,
2023-01-04 09:00:00,USA,PJM Interconnection,US-MIDA-PJM,285.44,348.2,48.35,5.85,pjm.com,false,
2023-01-04 10:00:00,USA,PJM Interconnection,US-MIDA-PJM,290.33,354.49,47.05,5.13,pjm.com,false,
2023-01-04 11:00:00,USA,PJM Interconnection,US-MIDA-PJM,293.44,359.85,45.28,5.52,pjm.com,false,
2023-01-04 12:00:00,USA,PJM Interconnection,US-MIDA-PJM,305.51,374.16,43.03,5.35,pjm.com,false,
2023-01-04 13:00:00,USA,PJM Interconnection,US-MIDA-PJM,307.05,375.73,42.98,5.43,pjm.com,false,
2023-01-04 14:00:00,USA,PJM Interconnection,US-MIDA-PJM,308.57,377.54,42.67,5.55,pjm.com,false,
2023-01-04 15:00:00,USA,PJM Interconnection,US-MIDA-PJM,312.48,381.77,42.22,5.25,pjm.com,false,
2023-01-04 16:00:00,USA,PJM Interconnection,US-MIDA-PJM,308.41,376.49,43.31,6.16,pjm.com,false,
2023-01-04 17:00:00,USA,PJM Interconnection,US-MIDA-PJM,304.98,372.83,43.64,7.0,pjm.com,false,
2023-01-04 18:00:00,USA,PJM Interconnection,US-MIDA-PJM,301.16,368.12,44.49,7.52,pjm.com,false,
2023-01-04 19:00:00,USA,PJM Interconnection,US-MIDA-PJM,296.77,363.96,44.52,7.92,pjm.com,false,
2023-01-04 20:00:00,USA,PJM Interconnection,US-MIDA-PJM,295.54,362.49,44.76,7.88,pjm.com,false,
2023-01-04 21:00:00,USA,PJM Interconnection,US-MIDA-PJM,295.82,363.19,44.5,7.93,pjm.com,false,
2023-01-04 22:00:00,USA,PJM Interconnection,US-MIDA-PJM,286.31,352.42,46.18,10.83,pjm.com,false,
2023-01-04 23:00:00,USA,PJM Interconnection,US-MIDA-PJM,299.86,367.15,44.55,9.82,pjm.com,false,
2023-01-05 00:00:00,USA,PJM Interconnection,US-MIDA-PJM,301.88,369.65,43.97,8.68,pjm.com,false,
2023-01-05 01:00:00,USA,PJM Interconnection,US-MIDA-PJM,305.46,373.36,43.63,7.35,pjm.com,false,
2023-01-05 02:00:00,USA,PJM Interconnection,US-MIDA-PJM,298.93,365.78,44.69,7.07,pjm.com,false,
2023-01-05 03:00:00,USA,PJM Interconnection,US-MIDA-PJM,288.94,354.46,46.15,7.53,pjm.com,false,
2023-01-05 04:00:00,USA,PJM Interconnection,US-MIDA-PJM,276.4,339.83,48.29,7.64,pjm.com,false,
2023-01-05 05:00:00,USA,PJM Interconnection,US-MIDA-PJM,273.96,336.89,48.78,7.12,pjm.com,false,
2023-01-05 06:00:00,USA,PJM Interconnection,US-MIDA-PJM,274.52,337.48,48.77,6.68,pjm.com,false,
2023-01-05 07:00:00,USA,PJM Interconnection,US-MIDA-PJM,276.0,339.85,48.06,5.68,pjm.com,false,
2023-01-05 08:00:00,USA,PJM Interconnection,US-MIDA-PJM,277.77,341.24,48.29,5.78,pjm.com,false,
2023-01-05 09:00:00,USA,PJM Interconnection,US-MIDA-PJM,281.82,346.48,47.19,5.37,pjm.com,false,
2023-01-05 10:00:00,USA,PJM Interconnection,US-MIDA-PJM,285.44,350.77,46.5,5.15,pjm.com,false,
2023-01-05 11:00:00,USA,PJM Interconnection,US-MIDA-PJM,295.68,363.34,44.34,5.8,pjm.com,false,
2023-01-05 12:00:00,USA,PJM Interconnection,US-MIDA-PJM,295.0,363.26,44.08,7.76,pjm.com,false,
2023-01-05 13:00:00,USA,PJM Interconnection,US-MIDA-PJM,300.7,370.08,42.9,6.97,pjm.com,false,
2023-01-05 14:00:00,USA,PJM Interconnection,US-MIDA-PJM,299.69,368.11,43.73,7.32,pjm.com,false,
2023-01-05 15:00:00,USA,PJM Interconnection,US-MIDA-PJM,298.99,366.74,44.3,7.58,pjm.com,false,
2023-01-05 16:00:00,USA,PJM Interconnection,US-MIDA-PJM,299.32,366.76,44.46,7.39,pjm.com,false,
2023-01-05 17:00:00,USA,PJM Interconnection,US-MIDA-PJM,299.11,366.34,44.62,7.76,pjm.com,false,
2023-01-05 18:00:00,USA,PJM Interconnection,US-MIDA-PJM,303.49,371.38,43.86,8.28,pjm.com,false,
2023-01-05 19:00:00,USA,PJM Interconnection,US-MIDA-PJM,300.67,367.8,44.63,8.94,pjm.com,false,
2023-01-05 20:00:00,USA,PJM Interconnection,US-MIDA-PJM,299.71,366.81,44.73,9.06,pjm.com,false,
2023-01-05 21:00:00,USA,PJM Interconnection,US-MIDA-PJM,302.25,370.28,43.98,8.69,pjm.com,false,
2023-01-05 22:00:00,USA,PJM Interconnection,US-MIDA-PJM,300.85,369.08,44.08,10.49,pjm.com,false,
2023-01-05 23:00:00,USA,PJM Interconnection,US-MIDA-PJM,303.22,371.97,43.6,10.84,pjm.com,false,
2023-01-06 00:00:00,USA,PJM Interconnection,US-MIDA-PJM,304.34,373.07,43.48,10.07,pjm.com,false,
2023-01-06 01:00:00,USA,PJM Interconnection,US-MIDA-PJM,306.22,375.31,43.05,9.44,pjm.com,false,
2023-01-06 02:00:00,USA,PJM Interconnection,US-MIDA-PJM,307.06,376.07,42.96,8.8,pjm.com,false,
2023-01-06 03:00:00,USA,PJM Interconnection,US-MIDA-PJM,307.06,375.76,42.98,8.02,pjm.com,false,
2023-01-06 04:00:00,USA,PJM Interconnection,US-MIDA-PJM,304.82,372.18,44.04,7.45,pjm.com,false,
2023-01-06 05:00:00,USA,PJM Interconnection,US-MIDA-PJM,296.29,361.81,45.79,7.84,pjm.com,false,
2023-01-06 06:00:00,USA,PJM Interconnection,US-MIDA-PJM,292.04,357.67,45.93,8.02,pjm.com,false,
2023-01-06 07:00:00,USA,PJM Interconnection,US-MIDA-PJM,295.12,361.64,45.14,7.04,pjm.com,false,
2023-01-06 08:00:00,USA,PJM Interconnection,US-MIDA-PJM,300.52,367.86,44.32,6.25,pjm.com,false,
2023-01-06 09:00:00,USA,PJM Interconnection,US-MIDA-PJM,298.07,364.75,44.96,6.43,pjm.com,false,
2023-01-06 10:00:00,USA,PJM Interconnection,US-MIDA-PJM,298.68,366.05,44.61,7.29,pjm.com,false,
2023-01-06 11:00:00,USA,PJM Interconnection,US-MIDA-PJM,306.81,376.52,42.58,7.49,pjm.com,false,
2023-01-06 12:00:00,USA,PJM Interconnection,US-MIDA-PJM,319.93,391.31,40.77,7.81,pjm.com,false,
2023-01-06 13:00:00,USA,PJM Interconnection,US-MIDA-PJM,326.8,398.72,40.06,7.52,pjm.com,false,
2023-01-06 14:00:00,USA,PJM Interconnection,US-MIDA-PJM,334.34,406.84,39.13,6.56,pjm.com,false,
2023-01-06 15:00:00,USA,PJM Interconnection,US-MIDA-PJM,341.4,414.92,38.03,5.63,pjm.com,false,
2023-01-06 16:00:00,USA,PJM Interconnection,US-MIDA-PJM,339.52,412.44,38.39,5.86,pjm.com,false,
2023-01-06 17:00:00,USA,PJM Interconnection,US-MIDA-PJM,336.36,408.58,39.07,6.12,pjm.com,false,
2023-01-06 18:00:00,USA,PJM Interconnection,US-MIDA-PJM,336.21,408.78,38.81,5.7,pjm.com,false,
2023-01-06 19:00:00,USA,PJM Interconnection,US-MIDA-PJM,337.08,409.58,38.73,5.29,pjm.com,false,
2023-01-06 20:00:00,USA,PJM Interconnection,US-MIDA-PJM,337.22,410.1,38.49,4.83,pjm.com,false,
2023-01-06 21:00:00,USA,PJM Interconnection,US-MIDA-PJM,341.02,414.64,37.87,4.15,pjm.com,false,
2023-01-06 22:00:00,USA,PJM Interconnection,US-MIDA-PJM,334.13,407.12,38.95,6.4,pjm.com,false,
2023-01-06 23:00:00,USA,PJM Interconnection,US-MIDA-PJM,335.72,408.74,38.69,6.29,pjm.com,false,
2023-01-07 00:00:00,USA,PJM Interconnection,US-MIDA-PJM,339.38,412.84,38.2,5.74,pjm.com,false,
2023-01-07 01:00:00,USA,PJM Interconnection,US-MIDA-PJM,345.42,419.55,37.26,4.14,pjm.com,false,
2023-01-07 02:00:00,USA,PJM Interconnection,US-MIDA-PJM,350.07,424.27,36.88,3.34,pjm.com,false,
2023-01-07 03:00:00,USA,PJM Interconnection,US-MIDA-PJM,348.07,422.19,36.99,2.78,pjm.com,false,
2023-01-07 04:00:00,USA,PJM Interconnection,US-MIDA-PJM,347.68,421.31,37.17,2.46,pjm.com,false,
2023-01-07 05:00:00,USA,PJM Interconnection,US-MIDA-PJM,341.02,413.72,38.22,2.37,pjm.com,false,
2023-01-07 06:00:00,USA,PJM Interconnection,US-MIDA-PJM,336.2,407.96,39.16,2.41,pjm.com,false,
2023-01-07 07:00:00,USA,PJM Interconnection,US-MIDA-PJM,333.2,405.09,39.24,2.46,pjm.com,false,
2023-01-07 08:00:00,USA,PJM Interconnection,US-MIDA-PJM,327.54,398.71,40.08,3.05,pjm.com,false,
2023-01-07 09:00:00,USA,PJM Interconnection,US-MIDA-PJM,326.14,397.25,40.18,3.18,pjm.com,false,
2023-01-07 10:00:00,USA,PJM Interconnection,US-MIDA-PJM,326.7,397.82,40.2,3.23,pjm.com,false,
2023-01-07 11:00:00,USA,PJM Interconnection,US-MIDA-PJM,333.32,405.55,39.21,3.5,pjm.com,false,
2023-01-07 12:00:00,USA,PJM Interconnection,US-MIDA-PJM,330.19,402.14,39.66,4.92,pjm.com,false,
2023-01-07 13:00:00,USA,PJM Interconnection,US-MIDA-PJM,335.75,408.35,38.98,5.18,pjm.com,false,
2023-01-07 14:00:00,USA,PJM Interconnection,US-MIDA-PJM,336.7,409.12,39.18,5.7,pjm.com,false,
2023-01-07 15:00:00,USA,PJM Interconnection,US-MIDA-PJM,332.81,404.82,39.51,5.55,pjm.com,false,
2023-01-07 16:00:00,USA,PJM Interconnection,US-MIDA-PJM,331.72,403.42,39.65,5.26,pjm.com,false,
2023-01-07 17:00:00,USA,PJM Interconnection,US-MIDA-PJM,329.63,401.2,39.88,5.07,pjm.com,false,
2023-01-07 18:00:00,USA,PJM Interconnection,US-MIDA-PJM,328.05,399.52,40.14,4.99,pjm.com,false,
2023-01-07 19:00:00,USA,PJM Interconnection,US-MIDA-PJM,325.48,396.96,40.16,5.03,pjm.com,false,
2023-01-07 20:00:00,USA,PJM Interconnection,US-MIDA-PJM,323.37,394.65,40.43,4.85,pjm.com,false,
2023-01-07 21:00:00,USA,PJM Interconnection,US-MIDA-PJM,327.24,399.54,39.4,4.06,pjm.com,false,
2023-01-07 22:00:00,USA,PJM Interconnection,US-MIDA-PJM,328.73,401.52,39.32,5.66,pjm.com,false,
2023-01-07 23:00:00,USA,PJM Interconnection,US-MIDA-PJM,338.74,412.22,38.2,5.24,pjm.com,false,
2023-01-08 00:00:00,USA,PJM Interconnection,US-MIDA-PJM,343.17,416.88,37.69,4.52,pjm.com,false,
2023-01-08 01:00:00,USA,PJM Interconnection,US-MIDA-PJM,344.28,418.1,37.64,4.27,pjm.com,false,
2023-01-08 02:00:00,USA,PJM Interconnection,US-MIDA-PJM,348.11,422.1,37.22,3.56,pjm.com,false,
2023-01-08 03:00:00,USA,PJM Interconnection,US-MIDA-PJM,347.45,420.78,37.5,3.03,pjm.com,false,
2023-01-08 04:00:00,USA,PJM Interconnection,US-MIDA-PJM,342.2,414.68,38.41,3.26,pjm.com,false,
2023-01-08 05:00:00,USA,PJM Interconnection,US-MIDA-PJM,334.97,405.99,39.92,3.26,pjm.com,false,
2023-01-08 06:00:00,USA,PJM Interconnection,US-MIDA-PJM,328.61,400.02,39.96,2.84,pjm.com,false,
2023-01-08 07:00:00,USA,PJM Interconnection,US-MIDA-PJM,325.11,396.89,39.85,2.92,pjm.com,false,
2023-01-08 08:00:00,USA,PJM Interconnection,US-MIDA-PJM,325.36,396.92,39.92,3.0,pjm.com,false,
2023-01-08 09:00:00,USA,PJM Interconnection,US-MIDA-PJM,326.84,398.71,39.6,2.8,pjm.com,false,
2023-01-08 10:00:00,USA,PJM Interconnection,US-MIDA-PJM,328.02,399.48,39.79,2.88,pjm.com,false,
2023-01-08 11:00:00,USA,PJM Interconnection,US-MIDA-PJM,333.63,405.95,38.87,2.7,pjm.com,false,
2023-01-08 12:00:00,USA,PJM Interconnection,US-MIDA-PJM,338.6,410.94,38.64,3.17,pjm.com,false,
2023-01-08 13:00:00,USA,PJM Interconnection,US-MIDA-PJM,342.83,414.87,38.7,3.68,pjm.com,false,
2023-01-08 14:00:00,USA,PJM Interconnection,US-MIDA-PJM,339.88,411.79,39.03,3.98,pjm.com,false,
2023-01-08 15:00:00,USA,PJM Interconnection,US-MIDA-PJM,340.41,412.41,39.0,3.57,pjm.com,false,
2023-01-08 16:00:00,USA,PJM Interconnection,US-MIDA-PJM,336.99,408.95,39.26,3.66,pjm.com,false,
2023-01-08 17:00:00,USA,PJM Interconnection,US-MIDA-PJM,335.48,407.78,39.08,3.49,pjm.com,false,
2023-01-08 18:00:00,USA,PJM Interconnection,US-MIDA-PJM,335.28,407.96,38.77,3.27,pjm.com,false,
2023-01-08 19:00:00,USA,PJM Interconnection,US-MIDA-PJM,336.99,409.93,38.46,2.97,pjm.com,false,
2023-01-08 20:00:00,USA,PJM Interconnection,US-MIDA-PJM,338.33,411.77,38.03,2.78,pjm.com,false,
2023-01-08 21:00:00,USA,PJM Interconnection,US-MIDA-PJM,335.95,409.7,38.16,3.81,pjm.com,false,
2023-01-08 22:00:00,USA,PJM Interconnection,US-MIDA-PJM,336.13,409.83,38.37,5.51,pjm.com,false,
2023-01-08 23:00:00,USA,PJM Interconnection,US-MIDA-PJM,347.1,421.3,37.29,5.1,pjm.com,false,
2023-01-09 00:00:00,USA,PJM Interconnection,US-MIDA-PJM,348.41,422.85,36.97,4.47,pjm.com,false,
2023-01-09 01:00:00,USA,PJM Interconnection,US-MIDA-PJM,351.01,425.43,36.83,3.98,pjm.com,false,
2023-01-09 02:00:00,USA,PJM Interconnection,US-MIDA-PJM,349.11,423.01,37.26,3.22,pjm.com,false,
2023-01-09 03:00:00,USA,PJM Interconnection,US-MIDA-PJM,345.64,418.35,38.08,2.92,pjm.com,false,
2023-01-09 04:00:00,USA,PJM Interconnection,US-MIDA-PJM,340.64,412.31,39.1,2.92,pjm.com,false,
2023-01-09 05:00:00,USA,PJM Interconnection,US-MIDA-PJM,329.15,399.71,40.53,3.12,pjm.com,false,
2023-01-09 06:00:00,USA,PJM Interconnection,US-MIDA-PJM,317.25,386.86,41.83,3.77,pjm.com,false,
2023-01-09 07:00:00,USA,PJM Interconnection,US-MIDA-PJM,312.67,381.11,42.93,4.19,pjm.com,false,
2023-01-09 08:00:00,USA,PJM Interconnection,US-MIDA-PJM,311.2,379.27,43.28,4.68,pjm.com,false,
2023-01-09 09:00:00,USA,PJM Interconnection,US-MIDA-PJM,314.09,383.12,42.47,4.44,pjm.com,false,
2023-01-09 10:00:00,USA,PJM Interconnection,US-MIDA-PJM,319.68,390.56,41.01,4.61,pjm.com,false,
2023-01-09 11:00:00,USA,PJM Interconnection,US-MIDA-PJM,316.97,388.0,41.26,7.6,pjm.com,false,
2023-01-09 12:00:00,USA,PJM Interconnection,US-MIDA-PJM,328.63,400.6,39.86,8.07,pjm.com,false,
2023-01-09 13:00:00,USA,PJM Interconnection,US-MIDA-PJM,330.34,401.43,40.31,8.97,pjm.com,false,
2023-01-09 14:00:00,USA,PJM Interconnection,US-MIDA-PJM,327.4,398.07,40.79,9.04,pjm.com,false,
2023-01-09 15:00:00,USA,PJM Interconnection,US-MIDA-PJM,329.82,400.94,40.3,7.68,pjm.com,false,
2023-01-09 16:00:00,USA,PJM Interconnection,US-MIDA-PJM,328.33,399.0,40.53,6.99,pjm.com,false,
2023-01-09 17:00:00,USA,PJM Interconnection,US-MIDA-PJM,324.08,394.62,40.84,6.88,pjm.com,false,
2023-01-09 18:00:00,USA,PJM Interconnection,US-MIDA-PJM,319.7,389.6,41.56,7.36,pjm.com,false,
2023-01-09 19:00:00,USA,PJM Interconnection,US-MIDA-PJM,313.88,382.52,42.82,7.95,pjm.com,false,
2023-01-09 20:00:00,USA,PJM Interconnection,US-MIDA-PJM,312.64,382.4,41.97,7.48,pjm.com,false,
2023-01-09 21:00:00,USA,PJM Interconnection,US-MIDA-PJM,320.29,390.89,40.87,6.73,pjm.com,false,
2023-01-09 22:00:00,USA,PJM Interconnection,US-MIDA-PJM,314.32,383.78,42.22,9.71,pjm.com,false,
2023-01-09 23:00:00,USA,PJM Interconnection,US-MIDA-PJM,321.39,391.5,41.3,9.9,pjm.com,false,
2023-01-10 00:00:00,USA,PJM Interconnection,US-MIDA-PJM,319.57,389.42,41.53,9.99,pjm.com,false,
2023-01-10 01:00:00,USA,PJM Interconnection,US-MIDA-PJM,320.53,390.23,41.55,9.84,pjm.com,false,
2023-01-10 02:00:00,USA,PJM Interconnection,US-MIDA-PJM,318.69,388.03,41.83,9.32,pjm.com,false,
2023-01-10 03:00:00,USA,PJM Interconnection,US-MIDA-PJM,315.15,383.2,42.91,9.25,pjm.com,false,
2023-01-10 04:00:00,USA,PJM Interconnection,US-MIDA-PJM,310.42,378.08,43.38,9.23,pjm.com,false,
2023-01-10 05:00:00,USA,PJM Interconnection,US-MIDA-PJM,307.37,375.29,43.36,9.24,pjm.com,false,
2023-01-10 06:00:00,USA,PJM Interconnection,US-MIDA-PJM,307.9,375.49,43.61,9.19,pjm.com,false,
2023-01-10 07:00:00,USA,PJM Interconnection,US-MIDA-PJM,311.35,379.19,43.25,8.69,pjm.com,false,
2023-01-10 08:00:00,USA,PJM Interconnection,US-MIDA-PJM,314.19,382.2,43.01,8.0,pjm.com,false,
2023-01-10 09:00:00,USA,PJM Interconnection,US-MIDA-PJM,316.84,385.61,42.34,7.46,pjm.com,false,
2023-01-10 10:00:00,USA,PJM Interconnection,US-MIDA-PJM,325.16,396.0,40.51,7.12,pjm.com,false,
2023-01-10 11:00:00,USA,PJM Interconnection,US-MIDA-PJM,330.35,402.63,39.44,8.4,pjm.com,false,
2023-01-10 12:00:00,USA,PJM Interconnection,US-MIDA-PJM,340.94,415.6,37.25,7.98,pjm.com,false,
2023-01-10 13:00:00,USA,PJM Interconnection,US-MIDA-PJM,346.69,422.37,36.16,6.9,pjm.com,false,
2023-01-10 14:00:00,USA,PJM Interconnection,US-MIDA-PJM,347.64,423.2,36.17,6.28,pjm.com,false,
2023-01-10 15:00:00,USA,PJM Interconnection,US-MIDA-PJM,353.99,429.64,35.79,5.01,pjm.com,false,
2023-01-10 16:00:00,USA,PJM Interconnection,US-MIDA-PJM,354.46,429.77,35.76,3.77,pjm.com,false,
2023-01-10 17:00:00,USA,PJM Interconnection,US-MIDA-PJM,354.77,430.13,35.69,3.22,pjm.com,false,
2023-01-10 18:00:00,USA,PJM Interconnection,US-MIDA-PJM,354.07,428.95,36.1,3.17,pjm.com,false,
2023-01-10 19:00:00,USA,PJM Interconnection,US-MIDA-PJM,350.43,425.06,36.49,3.3,pjm.com,false,
2023-01-10 20:00:00,USA,PJM Interconnection,US-MIDA-PJM,349.29,424.52,36.07,3.06,pjm.com,false,
2023-01-10 21:00:00,USA,PJM Interconnection,US-MIDA-PJM,351.92,427.53,35.92,2.93,pjm.com,false,
2023-01-10 22:00:00,USA,PJM Interconnection,US-MIDA-PJM,346.5,422.15,36.47,5.55,pjm.com,false,
2023-01-10 23:00:00,USA,PJM Interconnection,US-MIDA-PJM,353.57,430.04,35.5,5.25,pjm.com,false,
2023-01-11 00:00:00,USA,PJM Interconnection,US-MIDA-PJM,357.46,434.66,34.69,4.15,pjm.com,false,
2023-01-11 01:00:00,USA,PJM Interconnection,US-MIDA-PJM,361.56,438.68,34.44,3.46,pjm.com,false,
2023-01-11 02:00:00,USA,PJM Interconnection,US-MIDA-PJM,364.37,441.19,34.48,2.61,pjm.com,false,
2023-01-11 03:00:00,USA,PJM Interconnection,US-MIDA-PJM,362.04,437.85,35.04,2.25,pjm.com,false,
2023-01-11 04:00:00,USA,PJM Interconnection,US-MIDA-PJM,356.55,431.46,35.92,2.4,pjm.com,false,
2023-01-11 05:00:00,USA,PJM Interconnection,US-MIDA-PJM,349.23,422.68,37.25,2.57,pjm.com,false,
2023-01-11 06:00:00,USA,PJM Interconnection,US-MIDA-PJM,343.14,416.43,37.7,2.63,pjm.com,false,
2023-01-11 07:00:00,USA,PJM Interconnection,US-MIDA-PJM,347.1,421.0,37.04,2.44,pjm.com,false,
2023-01-11 08:00:00,USA,PJM Interconnection,US-MIDA-PJM,346.71,420.66,37.06,2.87,pjm.com,false,
2023-01-11 09:00:00,USA,PJM Interconnection,US-MIDA-PJM,348.61,422.8,36.8,2.93,pjm.com,false,
2023-01-11 10:00:00,USA,PJM Interconnection,US-MIDA-PJM,340.45,413.62,38.15,5.31,pjm.com,false,
2023-01-11 11:00:00,USA,PJM Interconnection,US-MIDA-PJM,335.6,409.3,38.2,7.6,pjm.com,false,
2023-01-11 12:00:00,USA,PJM Interconnection,US-MIDA-PJM,338.62,412.82,37.7,8.41,pjm.com,false,
2023-01-11 13:00:00,USA,PJM Interconnection,US-MIDA-PJM,341.35,415.6,37.52,8.06,pjm.com,false,
2023-01-11 14:00:00,USA,PJM Interconnection,US-MIDA-PJM,344.58,419.19,37.15,6.92,pjm.com,false,
2023-01-11 15:00:00,USA,PJM Interconnection,US-MIDA-PJM,346.08,420.89,36.95,5.88,pjm.com,false,
2023-01-11 16:00:00,USA,PJM Interconnection,US-MIDA-PJM,348.87,423.98,36.51,4.56,pjm.com,false,
2023-01-11 17:00:00,USA,PJM Interconnection,US-MIDA-PJM,345.58,420.37,36.84,4.22,pjm.com,false,
2023-01-11 18:00:00,USA,PJM Interconnection,US-MIDA-PJM,346.25,421.13,36.64,3.74,pjm.com,false,
2023-01-11 19:00:00,USA,PJM Interconnection,US-MIDA-PJM,341.16,415.87,37.1,3.96,pjm.com,false,
2023-01-11 20:00:00,USA,PJM Interconnection,US-MIDA-PJM,335.92,410.35,37.44,3.98,pjm.com,false,
2023-01-11 21:00:00,USA,PJM Interconnection,US-MIDA-PJM,336.03,410.7,37.31,4.43,pjm.com,false,
2023-01-11 22:00:00,USA,PJM Interconnection,US-MIDA-PJM,332.57,406.78,37.97,6.16,pjm.com,false,
2023-01-11 23:00:00,USA,PJM Interconnection,US-MIDA-PJM,339.55,414.35,37.05,5.43,pjm.com,false,
2023-01-12 00:00:00,USA,PJM Interconnection,US-MIDA-PJM,336.03,410.6,37.37,5.12,pjm.com,false,
2023-01-12 01:00:00,USA,PJM Interconnection,US-MIDA-PJM,336.27,410.79,37.33,4.68,pjm.com,false,
2023-01-12 02:00:00,USA,PJM Interconnection,US-MIDA-PJM,334.82,408.73,37.78,4.19,pjm.com,false,
2023-01-12 03:00:00,USA,PJM Interconnection,US-MIDA-PJM,329.59,402.41,38.79,3.76,pjm.com,false,
2023-01-12 04:00:00,USA,PJM Interconnection,US-MIDA-PJM,321.18,392.49,40.27,3.64,pjm.com,false,
2023-01-12 05:00:00,USA,PJM Interconnection,US-MIDA-PJM,315.39,385.97,41.12,3.73,pjm.com,false,
2023-01-12 06:00:00,USA,PJM Interconnection,US-MIDA-PJM,314.56,384.31,41.78,3.67,pjm.com,false,
2023-01-12 07:00:00,USA,PJM Interconnection,US-MIDA-PJM,310.71,379.22,42.92,4.37,pjm.com,false,
2023-01-12 08:00:00,USA,PJM Interconnection,US-MIDA-PJM,308.32,376.96,42.94,4.88,pjm.com,false,
2023-01-12 09:00:00,USA,PJM Interconnection,US-MIDA-PJM,302.92,370.76,43.78,6.24,pjm.com,false,
2023-01-12 10:00:00,USA,PJM Interconnection,US-MIDA-PJM,307.07,375.77,42.93,6.24,pjm.com,false,
2023-01-12 11:00:00,USA,PJM Interconnection,US-MIDA-PJM,305.82,374.93,42.84,8.4,pjm.com,false,
2023-01-12 12:00:00,USA,PJM Interconnection,US-MIDA-PJM,302.44,370.89,43.67,10.82,pjm.com,false,
2023-01-12 13:00:00,USA,PJM Interconnection,US-MIDA-PJM,307.63,376.68,42.86,10.56,pjm.com,false,
2023-01-12 14:00:00,USA,PJM Interconnection,US-MIDA-PJM,308.31,377.44,42.71,10.45,pjm.com,false,
2023-01-12 15:00:00,USA,PJM Interconnection,US-MIDA-PJM,306.05,374.68,43.23,10.92,pjm.com,false,
2023-01-12 16:00:00,USA,PJM Interconnection,US-MIDA-PJM,305.7,374.22,43.32,10.63,pjm.com,false,
2023-01-12 17:00:00,USA,PJM Interconnection,US-MIDA-PJM,305.72,374.35,43.21,10.37,pjm.com,false,
2023-01-12 18:00:00,USA,PJM Interconnection,US-MIDA-PJM,305.47,373.72,43.4,10.42,pjm.com,false,
2023-01-12 19:00:00,USA,PJM Interconnection,US-MIDA-PJM,304.48,372.71,43.42,10.35,pjm.com,false,
2023-01-12 20:00:00,USA,PJM Interconnection,US-MIDA-PJM,301.12,369.28,43.62,10.45,pjm.com,false,
2023-01-12 21:00:00,USA,PJM Interconnection,US-MIDA-PJM,299.64,367.73,43.83,10.96,pjm.com,false,
2023-01-12 22:00:00,USA,PJM Interconnection,US-MIDA-PJM,299.23,367.39,43.99,11.89,pjm.com,false,
2023-01-12 23:00:00,USA,PJM Interconnection,US-MIDA-PJM,306.15,375.3,42.74,10.59,pjm.com,false,
2023-01-13 00:00:00,USA,PJM Interconnection,US-MIDA-PJM,308.99,378.31,42.4,9.78,pjm.com,false,
2023-01-13 01:00:00,USA,PJM Interconnection,US-MIDA-PJM,304.09,372.91,43.0,9.56,pjm.com,false,
2023-01-13 02:00:00,USA,PJM Interconnection,US-MIDA-PJM,302.46,370.74,43.43,9.08,pjm.com,false,
2023-01-13 03:00:00,USA,PJM Interconnection,US-MIDA-PJM,300.03,367.39,44.22,8.91,pjm.com,false,
2023-01-13 04:00:00,USA,PJM Interconnection,US-MIDA-PJM,292.79,358.61,45.77,8.83,pjm.com,false,
2023-01-13 05:00:00,USA,PJM Interconnection,US-MIDA-PJM,288.02,353.43,46.31,8.41,pjm.com,false,
2023-01-13 06:00:00,USA,PJM Interconnection,US-MIDA-PJM,285.31,350.25,46.75,8.85,pjm.com,false,
2023-01-13 07:00:00,USA,PJM Interconnection,US-MIDA-PJM,282.16,346.17,47.61,9.27,pjm.com,false,
2023-01-13 08:00:00,USA,PJM Interconnection,US-MIDA-PJM,284.3,348.58,47.32,9.09,pjm.com,false,
2023-01-13 09:00:00,USA,PJM Interconnection,US-MIDA-PJM,284.29,349.24,46.81,9.23,pjm.com,false,
2023-01-13 10:00:00,USA,PJM Interconnection,US-MIDA-PJM,288.06,354.53,45.49,9.08,pjm.com,false,
2023-01-13 11:00:00,USA,PJM Interconnection,US-MIDA-PJM,300.1,368.32,43.59,9.02,pjm.com,false,
2023-01-13 12:00:00,USA,PJM Interconnection,US-MIDA-PJM,310.41,380.3,41.77,9.03,pjm.com,false,
2023-01-13 13:00:00,USA,PJM Interconnection,US-MIDA-PJM,315.96,386.17,41.28,9.03,pjm.com,false,
2023-01-13 14:00:00,USA,PJM Interconnection,US-MIDA-PJM,312.16,381.38,42.3,10.05,pjm.com,false,
2023-01-13 15:00:00,USA,PJM Interconnection,US-MIDA-PJM,314.16,384.12,41.69,10.01,pjm.com,false,
2023-01-13 16:00:00,USA,PJM Interconnection,US-MIDA-PJM,320.93,391.27,40.97,8.92,pjm.com,false,
2023-01-13 17:00:00,USA,PJM Interconnection,US-MIDA-PJM,321.48,392.06,40.77,8.77,pjm.com,false,
2023-01-13 18:00:00,USA,PJM Interconnection,US-MIDA-PJM,322.16,392.8,40.68,8.73,pjm.com,false,
2023-01-13 19:00:00,USA,PJM Interconnection,US-MIDA-PJM,322.71,393.35,40.63,8.35,pjm.com,false,
2023-01-13 20:00:00,USA,PJM Interconnection,US-MIDA-PJM,324.87,395.89,40.27,8.11,pjm.com,false,
2023-01-13 21:00:00,USA,PJM Interconnection,US-MIDA-PJM,322.49,393.16,40.73,8.48,pjm.com,false,
2023-01-13 22:00:00,USA,PJM Interconnection,US-MIDA-PJM,318.32,388.79,41.29,9.99,pjm.com,false,
2023-01-13 23:00:00,USA,PJM Interconnection,US-MIDA-PJM,322.75,394.03,40.47,9.29,pjm.com,false,
2023-01-14 00:00:00,USA,PJM Interconnection,US-MIDA-PJM,326.65,398.19,40.02,8.49,pjm.com,false,
2023-01-14 01:00:00,USA,PJM Interconnection,US-MIDA-PJM,325.43,396.88,40.17,8.26,pjm.com,false,
2023-01-14 02:00:00,USA,PJM Interconnection,US-MIDA-PJM,331.58,403.71,39.26,6.74,pjm.com,false,
2023-01-14 03:00:00,USA,PJM Interconnection,US-MIDA-PJM,340.69,413.64,38.08,5.17,pjm.com,false,
2023-01-14 04:00:00,USA,PJM Interconnection,US-MIDA-PJM,340.95,413.36,38.49,4.73,pjm.com,false,
2023-01-14 05:00:00,USA,PJM Interconnection,US-MIDA-PJM,342.68,414.85,38.46,3.86,pjm.com,false,
2023-01-14 06:00:00,USA,PJM Interconnection,US-MIDA-PJM,336.95,408.99,38.84,3.84,pjm.com,false,
2023-01-14 07:00:00,USA,PJM Interconnection,US-MIDA-PJM,330.71,402.4,39.43,3.9,pjm.com,false,
2023-01-14 08:00:00,USA,PJM Interconnection,US-MIDA-PJM,330.3,402.46,39.1,3.61,pjm.com,false,
2023-01-14 09:00:00,USA,PJM Interconnection,US-MIDA-PJM,336.6,409.12,38.52,3.49,pjm.com,false,
2023-01-14 10:00:00,USA,PJM Interconnection,US-MIDA-PJM,336.47,409.32,38.31,3.34,pjm.com,false,
2023-01-14 11:00:00,USA,PJM Interconnection,US-MIDA-PJM,337.39,410.47,38.19,4.12,pjm.com,false,
2023-01-14 12:00:00,USA,PJM Interconnection,US-MIDA-PJM,329.63,402.13,39.21,6.31,pjm.com,false,
2023-01-14 13:00:00,USA,PJM Interconnection,US-MIDA-PJM,335.97,410.03,37.72,6.21,pjm.com,false,
2023-01-14 14:00:00,USA,PJM Interconnection,US-MIDA-PJM,338.9,413.22,37.42,6.45,pjm.com,false,
2023-01-14 15:00:00,USA,PJM Interconnection,US-MIDA-PJM,343.15,418.08,36.71,5.82,pjm.com,false,
2023-01-14 16:00:00,USA,PJM Interconnection,US-MIDA-PJM,348.26,423.72,35.93,4.5,pjm.com,false,
2023-01-14 17:00:00,USA,PJM Interconnection,US-MIDA-PJM,349.09,424.42,35.98,4.28,pjm.com,false,
2023-01-14 18:00:00,USA,PJM Interconnection,US-MIDA-PJM,345.15,419.93,36.57,4.41,pjm.com,false,
2023-01-14 19:00:00,USA,PJM Interconnection,US-MIDA-PJM,342.09,416.68,36.89,4.65,pjm.com,false,
2023-01-14 20:00:00,USA,PJM Interconnection,US-MIDA-PJM,340.67,415.05,37.1,4.53,pjm.com,false,
2023-01-14 21:00:00,USA,PJM Interconnection,US-MIDA-PJM,337.91,412.3,37.26,4.86,pjm.com,false,
2023-01-14 22:00:00,USA,PJM Interconnection,US-MIDA-PJM,329.22,402.81,38.47,7.3,pjm.com,false,
2023-01-14 23:00:00,USA,PJM Interconnection,US-MIDA-PJM,334.97,408.94,37.89,7.61,pjm.com,false,
2023-01-15 00:00:00,USA,PJM Interconnection,US-MIDA-PJM,329.41,402.7,38.69,8.41,pjm.com,false,
2023-01-15 01:00:00,USA,PJM Interconnection,US-MIDA-PJM,331.02,403.92,38.88,8.69,pjm.com,false,
2023-01-15 02:00:00,USA,PJM Interconnection,US-MIDA-PJM,335.2,408.37,38.39,7.66,pjm.com,false,
2023-01-15 03:00:00,USA,PJM Interconnection,US-MIDA-PJM,337.38,410.24,38.37,6.74,pjm.com,false,
2023-01-15 04:00:00,USA,PJM Interconnection,US-MIDA-PJM,340.08,412.72,38.29,5.92,pjm.com,false,
2023-01-15 05:00:00,USA,PJM Interconnection,US-MIDA-PJM,335.37,407.33,39.04,6.06,pjm.com,false,
2023-01-15 06:00:00,USA,PJM Interconnection,US-MIDA-PJM,334.01,405.65,39.31,6.03,pjm.com,false,
2023-01-15 07:00:00,USA,PJM Interconnection,US-MIDA-PJM,331.4,402.53,39.82,6.29,pjm.com,false,
2023-01-15 08:00:00,USA,PJM Interconnection,US-MIDA-PJM,329.16,400.23,40.0,6.23,pjm.com,false,
2023-01-15 09:00:00,USA,PJM Interconnection,US-MIDA-PJM,329.83,401.22,39.85,6.49,pjm.com,false,
2023-01-15 10:00:00,USA,PJM Interconnection,US-MIDA-PJM,324.29,394.92,40.78,7.7,pjm.com,false,
2023-01-15 11:00:00,USA,PJM Interconnection,US-MIDA-PJM,322.24,393.21,40.76,8.7,pjm.com,false,
2023-01-15 12:00:00,USA,PJM Interconnection,US-MIDA-PJM,319.12,389.61,41.3,9.98,pjm.com,false,
2023-01-15 13:00:00,USA,PJM Interconnection,US-MIDA-PJM,315.24,385.13,41.99,11.01,pjm.com,false,
2023-01-15 14:00:00,USA,PJM Interconnection,US-MIDA-PJM,313.88,382.99,42.53,10.8,pjm.com,false,
2023-01-15 15:00:00,USA,PJM Interconnection,US-MIDA-PJM,310.45,378.72,43.38,10.95,pjm.com,false,
2023-01-15 16:00:00,USA,PJM Interconnection,US-MIDA-PJM,305.22,372.36,44.5,11.21,pjm.com,false,
2023-01-15 17:00:00,USA,PJM Interconnection,US-MIDA-PJM,301.92,369.15,44.57,11.02,pjm.com,false,
2023-01-15 18:00:00,USA,PJM Interconnection,US-MIDA-PJM,295.91,362.58,45.32,11.03,pjm.com,false,
2023-01-15 19:00:00,USA,PJM Interconnection,US-MIDA-PJM,292.9,359.33,45.67,11.1,pjm.com,false,
2023-01-15 20:00:00,USA,PJM Interconnection,US-MIDA-PJM,293.68,360.87,45.01,10.69,pjm.com,false,
2023-01-15 21:00:00,USA,PJM Interconnection,US-MIDA-PJM,298.34,366.58,43.83,9.77,pjm.com,false,
2023-01-15 22:00:00,USA,PJM Interconnection,US-MIDA-PJM,302.93,372.46,42.69,10.46,pjm.com,false,
2023-01-15 23:00:00,USA,PJM Interconnection,US-MIDA-PJM,307.91,377.45,42.51,11.24,pjm.com,false,
2023-01-16 00:00:00,USA,PJM Interconnection,US-MIDA-PJM,312.05,382.06,41.85,10.88,pjm.com,false,
2023-01-16 01:00:00,USA,PJM Interconnection,US-MIDA-PJM,316.29,386.36,41.55,10.54,pjm.com,false,
2023-01-16 02:00:00,USA,PJM Interconnection,US-MIDA-PJM,322.05,392.5,40.89,9.48,pjm.com,false,
2023-01-16 03:00:00,USA,PJM Interconnection,US-MIDA-PJM,324.65,395.15,40.64,8.65,pjm.com,false,
2023-01-16 04:00:00,USA,PJM Interconnection,US-MIDA-PJM,321.59,390.87,41.67,8.75,pjm.com,false,
2023-01-16 05:00:00,USA,PJM Interconnection,US-MIDA-PJM,320.59,389.65,41.89,8.7,pjm.com,false,
2023-01-16 06:00:00,USA,PJM Interconnection,US-MIDA-PJM,317.92,386.95,42.05,8.45,pjm.com,false,
2023-01-16 07:00:00,USA,PJM Interconnection,US-MIDA-PJM,314.12,383.28,42.17,8.38,pjm.com,false,
2023-01-16 08:00:00,USA,PJM Interconnection,US-MIDA-PJM,316.84,386.41,41.74,8.3,pjm.com,false,
2023-01-16 09:00:00,USA,PJM Interconnection,US-MIDA-PJM,317.42,386.71,42.0,9.07,pjm.com,false,
2023-01-16 10:00:00,USA,PJM Interconnection,US-MIDA-PJM,315.21,384.97,41.84,9.88,pjm.com,false,
2023-01-16 11:00:00,USA,PJM Interconnection,US-MIDA-PJM,308.15,377.11,42.78,11.91,pjm.com,false,
2023-01-16 12:00:00,USA,PJM Interconnection,US-MIDA-PJM,311.48,381.81,41.61,11.94,pjm.com,false,
2023-01-16 13:00:00,USA,PJM Interconnection,US-MIDA-PJM,311.92,381.89,41.93,12.35,pjm.com,false,
2023-01-16 14:00:00,USA,PJM Interconnection,US-MIDA-PJM,308.46,378.5,42.15,12.14,pjm.com,false,
2023-01-16 15:00:00,USA,PJM Interconnection,US-MIDA-PJM,313.58,383.59,41.74,10.91,pjm.com,false,
2023-01-16 16:00:00,USA,PJM Interconnection,US-MIDA-PJM,306.93,375.65,43.05,11.09,pjm.com,false,
2023-01-16 17:00:00,USA,PJM Interconnection,US-MIDA-PJM,304.06,372.3,43.51,11.1,pjm.com,false,
2023-01-16 18:00:00,USA,PJM Interconnection,US-MIDA-PJM,302.18,370.53,43.52,11.05,pjm.com,false,
2023-01-16 19:00:00,USA,PJM Interconnection,US-MIDA-PJM,299.74,367.46,44.12,11.29,pjm.com,false,
2023-01-16 20:00:00,USA,PJM Interconnection,US-MIDA-PJM,301.32,369.63,43.51,10.54,pjm.com,false,
2023-01-16 21:00:00,USA,PJM Interconnection,US-MIDA-PJM,304.77,373.85,42.72,10.03,pjm.com,false,
2023-01-16 22:00:00,USA,PJM Interconnection,US-MIDA-PJM,302.84,371.75,43.11,11.82,pjm.com,false,
2023-01-16 23:00:00,USA,PJM Interconnection,US-MIDA-PJM,313.76,383.97,41.44,10.37,pjm.com,false,
2023-01-17 00:00:00,USA,PJM Interconnection,US-MIDA-PJM,315.89,386.28,41.23,9.91,pjm.com,false,
2023-01-17 01:00:00,USA,PJM Interconnection,US-MIDA-PJM,315.04,384.96,41.62,9.85,pjm.com,false,
2023-01-17 02:00:00,USA,PJM Interconnection,US-MIDA-PJM,313.61,382.6,42.37,9.71,pjm.com,false,
2023-01-17 03:00:00,USA,PJM Interconnection,US-MIDA-PJM,314.1,382.6,42.66,8.91,pjm.com,false,
2023-01-17 04:00:00,USA,PJM Interconnection,US-MIDA-PJM,309.96,377.36,43.71,8.9,pjm.com,false,
2023-01-17 05:00:00,USA,PJM Interconnection,US-MIDA-PJM,301.49,367.83,44.91,9.04,pjm.com,false,
2023-01-17 06:00:00,USA,PJM Interconnection,US-MIDA-PJM,297.41,363.49,45.29,9.01,pjm.com,false,
2023-01-17 07:00:00,USA,PJM Interconnection,US-MIDA-PJM,296.94,363.18,45.2,8.59,pjm.com,false,
2023-01-17 08:00:00,USA,PJM Interconnection,US-MIDA-PJM,296.59,362.66,45.36,8.72,pjm.com,false,
2023-01-17 09:00:00,USA,PJM Interconnection,US-MIDA-PJM,298.73,364.77,45.3,8.82,pjm.com,false,
2023-01-17 10:00:00,USA,PJM Interconnection,US-MIDA-PJM,298.53,364.92,45.13,9.67,pjm.com,false,
2023-01-17 11:00:00,USA,PJM Interconnection,US-MIDA-PJM,301.63,369.61,43.92,10.73,pjm.com,false,
2023-01-17 12:00:00,USA,PJM Interconnection,US-MIDA-PJM,306.97,375.78,43.1,11.25,pjm.com,false,
2023-01-17 13:00:00,USA,PJM Interconnection,US-MIDA-PJM,308.56,377.28,43.07,11.25,pjm.com,false,
2023-01-17 14:00:00,USA,PJM Interconnection,US-MIDA-PJM,312.68,382.17,42.32,10.69,pjm.com,false,
2023-01-17 15:00:00,USA,PJM Interconnection,US-MIDA-PJM,312.83,381.81,42.66,10.73,pjm.com,false,
2023-01-17 16:00:00,USA,PJM Interconnection,US-MIDA-PJM,317.71,387.16,42.07,10.08,pjm.com,false,
2023-01-17 17:00:00,USA,PJM Interconnection,US-MIDA-PJM,317.52,386.58,42.27,10.06,pjm.com,false,
2023-01-17 18:00:00,USA,PJM Interconnection,US-MIDA-PJM,315.23,383.79,42.74,10.21,pjm.com,false,
2023-01-17 19:00:00,USA,PJM Interconnection,US-MIDA-PJM,310.45,378.35,43.48,10.36,pjm.com,false,
2023-01-17 20:00:00,USA,PJM Interconnection,US-MIDA-PJM,310.73,378.95,43.24,10.26,pjm.com,false,
2023-01-17 21:00:00,USA,PJM Interconnection,US-MIDA-PJM,308.54,376.16,43.77,10.74,pjm.com,false,
2023-01-17 22:00:00,USA,PJM Interconnection,US-MIDA-PJM,308.09,375.71,43.97,12.09,pjm.com,false,
2023-01-17 23:00:00,USA,PJM Interconnection,US-MIDA-PJM,320.75,390.36,41.69,10.2,pjm.com,false,
2023-01-18 00:00:00,USA,PJM Interconnection,US-MIDA-PJM,322.07,391.58,41.63,9.89,pjm.com,false,
2023-01-18 01:00:00,USA,PJM Interconnection,US-MIDA-PJM,318.52,387.32,42.32,10.04,pjm.com,false,
2023-01-18 02:00:00,USA,PJM Interconnection,US-MIDA-PJM,321.28,389.93,42.24,8.96,pjm.com,false,
2023-01-18 03:00:00,USA,PJM Interconnection,US-MIDA-PJM,315.38,383.42,42.93,8.45,pjm.com,false,
2023-01-18 04:00:00,USA,PJM Interconnection,US-MIDA-PJM,312.39,379.84,43.52,7.94,pjm.com,false,
2023-01-18 05:00:00,USA,PJM Interconnection,US-MIDA-PJM,309.86,376.82,43.99,7.65,pjm.com,false,
2023-01-18 06:00:00,USA,PJM Interconnection,US-MIDA-PJM,311.12,378.23,43.81,7.15,pjm.com,false,
2023-01-18 07:00:00,USA,PJM Interconnection,US-MIDA-PJM,310.24,377.47,43.77,6.66,pjm.com,false,
2023-01-18 08:00:00,USA,PJM Interconnection,US-MIDA-PJM,312.63,380.25,43.38,6.04,pjm.com,false,
2023-01-18 09:00:00,USA,PJM Interconnection,US-MIDA-PJM,315.0,383.31,42.83,5.74,pjm.com,false,
2023-01-18 10:00:00,USA,PJM Interconnection,US-MIDA-PJM,324.84,393.96,41.82,5.13,pjm.com,false,
2023-01-18 11:00:00,USA,PJM Interconnection,US-MIDA-PJM,322.73,393.46,40.96,6.49,pjm.com,false,
2023-01-18 12:00:00,USA,PJM Interconnection,US-MIDA-PJM,328.33,399.74,40.32,7.46,pjm.com,false,
2023-01-18 13:00:00,USA,PJM Interconnection,US-MIDA-PJM,330.54,401.67,40.31,7.56,pjm.com,false,
2023-01-18 14:00:00,USA,PJM Interconnection,US-MIDA-PJM,331.64,402.92,40.23,6.98,pjm.com,false,
2023-01-18 15:00:00,USA,PJM Interconnection,US-MIDA-PJM,327.74,398.61,40.75,6.82,pjm.com,false,
2023-01-18 16:00:00,USA,PJM Interconnection,US-MIDA-PJM,325.74,396.64,40.83,6.6,pjm.com,false,
2023-01-18 17:00:00,USA,PJM Interconnection,US-MIDA-PJM,322.95,393.24,41.42,6.86,pjm.com,false,
2023-01-18 18:00:00,USA,PJM Interconnection,US-MIDA-PJM,320.96,391.12,41.42,6.73,pjm.com,false,
2023-01-18 19:00:00,USA,PJM Interconnection,US-MIDA-PJM,318.53,388.05,42.03,7.32,pjm.com,false,
2023-01-18 20:00:00,USA,PJM Interconnection,US-MIDA-PJM,319.09,389.15,41.55,6.95,pjm.com,false,
2023-01-18 21:00:00,USA,PJM Interconnection,US-MIDA-PJM,317.67,387.28,41.89,7.4,pjm.com,false,
2023-01-18 22:00:00,USA,PJM Interconnection,US-MIDA-PJM,312.04,381.03,42.77,9.47,pjm.com,false,
2023-01-18 23:00:00,USA,PJM Interconnection,US-MIDA-PJM,314.29,383.75,42.3,9.74,pjm.com,false,
2023-01-19 00:00:00,USA,PJM Interconnection,US-MIDA-PJM,316.13,385.64,42.02,9.2,pjm.com,false,
2023-01-19 01:00:00,USA,PJM Interconnection,US-MIDA-PJM,311.31,379.66,43.02,9.48,pjm.com,false,
2023-01-19 02:00:00,USA,PJM Interconnection,US-MIDA-PJM,307.87,375.44,43.62,9.29,pjm.com,false,
2023-01-19 03:00:00,USA,PJM Interconnection,US-MIDA-PJM,304.41,370.97,44.5,9.05,pjm.com,false,
2023-01-19 04:00:00,USA,PJM Interconnection,US-MIDA-PJM,300.86,366.72,45.21,8.9,pjm.com,false,
2023-01-19 05:00:00,USA,PJM Interconnection,US-MIDA-PJM,298.62,363.02,46.43,8.52,pjm.com,false,
2023-01-19 06:00:00,USA,PJM Interconnection,US-MIDA-PJM,301.87,366.89,45.83,7.23,pjm.com,false,
2023-01-19 07:00:00,USA,PJM Interconnection,US-MIDA-PJM,306.39,372.32,44.93,5.9,pjm.com,false,
2023-01-19 08:00:00,USA,PJM Interconnection,US-MIDA-PJM,310.34,377.15,44.08,5.09,pjm.com,false,
2023-01-19 09:00:00,USA,PJM Interconnection,US-MIDA-PJM,310.57,377.31,44.15,5.13,pjm.com,false,
2023-01-19 10:00:00,USA,PJM Interconnection,US-MIDA-PJM,310.04,376.39,44.48,5.93,pjm.com,false,
2023-01-19 11:00:00,USA,PJM Interconnection,US-MIDA-PJM,311.09,378.85,43.53,7.47,pjm.com,false,
2023-01-19 12:00:00,USA,PJM Interconnection,US-MIDA-PJM,316.35,385.54,42.27,7.78,pjm.com,false,
2023-01-19 13:00:00,USA,PJM Interconnection,US-MIDA-PJM,318.11,387.45,42.07,8.23,pjm.com,false,
2023-01-19 14:00:00,USA,PJM Interconnection,US-MIDA-PJM,318.64,388.43,41.68,7.9,pjm.com,false,
2023-01-19 15:00:00,USA,PJM Interconnection,US-MIDA-PJM,323.19,393.47,41.06,7.54,pjm.com,false,
2023-01-19 16:00:00,USA,PJM Interconnection,US-MIDA-PJM,321.48,391.71,41.11,7.27,pjm.com,false,
2023-01-19 17:00:00,USA,PJM Interconnection,US-MIDA-PJM,316.7,386.05,42.0,7.86,pjm.com,false,
2023-01-19 18:00:00,USA,PJM Interconnection,US-MIDA-PJM,308.98,377.66,42.89,8.79,pjm.com,false,
2023-01-19 19:00:00,USA,PJM Interconnection,US-MIDA-PJM,303.11,370.63,43.99,9.89,pjm.com,false,
2023-01-19 20:00:00,USA,PJM Interconnection,US-MIDA-PJM,301.45,368.44,44.44,10.04,pjm.com,false,
2023-01-19 21:00:00,USA,PJM Interconnection,US-MIDA-PJM,299.07,365.97,44.65,10.73,pjm.com,false,
2023-01-19 22:00:00,USA,PJM Interconnection,US-MIDA-PJM,299.95,367.24,44.34,10.91,pjm.com,false,
2023-01-19 23:00:00,USA,PJM Interconnection,US-MIDA-PJM,302.8,370.17,44.15,11.18,pjm.com,false,
2023-01-20 00:00:00,USA,PJM Interconnection,US-MIDA-PJM,300.88,367.98,44.4,11.03,pjm.com,false,
2023-01-20 01:00:00,USA,PJM Interconnection,US-MIDA-PJM,299.44,366.19,44.72,10.98,pjm.com,false,
2023-01-20 02:00:00,USA,PJM Interconnection,US-MIDA-PJM,296.26,361.95,45.59,10.96,pjm.com,false,
2023-01-20 03:00:00,USA,PJM Interconnection,US-MIDA-PJM,292.02,356.26,46.89,11.13,pjm.com,false,
2023-01-20 04:00:00,USA,PJM Interconnection,US-MIDA-PJM,289.46,352.46,47.93,11.34,pjm.com,false,
2023-01-20 05:00:00,USA,PJM Interconnection,US-MIDA-PJM,285.21,347.52,48.61,11.46,pjm.com,false,
2023-01-20 06:00:00,USA,PJM Interconnection,US-MIDA-PJM,285.21,347.37,48.72,11.27,pjm.com,false,
2023-01-20 07:00:00,USA,PJM Interconnection,US-MIDA-PJM,285.02,346.72,49.07,11.33,pjm.com,false,
2023-01-20 08:00:00,USA,PJM Interconnection,US-MIDA-PJM,285.42,347.12,49.03,11.24,pjm.com,false,
2023-01-20 09:00:00,USA,PJM Interconnection,US-MIDA-PJM,286.67,348.58,48.8,11.1,pjm.com,false,
2023-01-20 10:00:00,USA,PJM Interconnection,US-MIDA-PJM,293.13,356.38,47.51,10.74,pjm.com,false,
2023-01-20 11:00:00,USA,PJM Interconnection,US-MIDA-PJM,300.67,367.05,44.87,10.76,pjm.com,false,
2023-01-20 12:00:00,USA,PJM Interconnection,US-MIDA-PJM,307.58,375.56,43.37,10.88,pjm.com,false,
2023-01-20 13:00:00,USA,PJM Interconnection,US-MIDA-PJM,305.32,373.19,43.61,11.1,pjm.com,false,
2023-01-20 14:00:00,USA,PJM Interconnection,US-MIDA-PJM,300.42,367.98,44.17,11.78,pjm.com,false,
2023-01-20 15:00:00,USA,PJM Interconnection,US-MIDA-PJM,302.67,370.44,43.91,11.71,pjm.com,false,
2023-01-20 16:00:00,USA,PJM Interconnection,US-MIDA-PJM,303.79,371.93,43.54,11.36,pjm.com,false,
2023-01-20 17:00:00,USA,PJM Interconnection,US-MIDA-PJM,301.65,369.7,43.73,11.37,pjm.com,false,
2023-01-20 18:00:00,USA,PJM Interconnection,US-MIDA-PJM,305.86,374.91,42.78,10.52,pjm.com,false,
2023-01-20 19:00:00,USA,PJM Interconnection,US-MIDA-PJM,305.04,374.03,42.84,10.19,pjm.com,false,
2023-01-20 20:00:00,USA,PJM Interconnection,US-MIDA-PJM,303.51,372.6,42.83,9.91,pjm.com,false,
2023-01-20 21:00:00,USA,PJM Interconnection,US-MIDA-PJM,309.15,379.03,42.13,9.28,pjm.com,false,
2023-01-20 22:00:00,USA,PJM Interconnection,US-MIDA-PJM,307.75,377.76,42.2,10.3,pjm.com,false,
2023-01-20 23:00:00,USA,PJM Interconnection,US-MIDA-PJM,315.02,386.06,41.09,9.14,pjm.com,false,
2023-01-21 00:00:00,USA,PJM Interconnection,US-MIDA-PJM,317.8,389.41,40.52,8.34,pjm.com,false,
2023-01-21 01:00:00,USA,PJM Interconnection,US-MIDA-PJM,325.38,397.85,39.44,6.86,pjm.com,false,
2023-01-21 02:00:00,USA,PJM Interconnection,US-MIDA-PJM,332.72,406.14,38.33,5.42,pjm.com,false,
2023-01-21 03:00:00,USA,PJM Interconnection,US-MIDA-PJM,335.44,408.51,38.09,3.88,pjm.com,false,
2023-01-21 04:00:00,USA,PJM Interconnection,US-MIDA-PJM,329.14,401.71,38.81,3.49,pjm.com,false,
2023-01-21 05:00:00,USA,PJM Interconnection,US-MIDA-PJM,325.76,397.61,39.51,3.11,pjm.com,false,
2023-01-21 06:00:00,USA,PJM Interconnection,US-MIDA-PJM,324.53,396.08,39.79,3.08,pjm.com,false,
2023-01-21 07:00:00,USA,PJM Interconnection,US-MIDA-PJM,320.3,391.71,40.11,3.14,pjm.com,false,
2023-01-21 08:00:00,USA,PJM Interconnection,US-MIDA-PJM,321.38,392.82,40.03,2.84,pjm.com,false,
2023-01-21 09:00:00,USA,PJM Interconnection,US-MIDA-PJM,319.76,390.86,40.38,3.06,pjm.com,false,
2023-01-21 10:00:00,USA,PJM Interconnection,US-MIDA-PJM,322.1,393.31,40.2,2.97,pjm.com,false,
2023-01-21 11:00:00,USA,PJM Interconnection,US-MIDA-PJM,322.72,394.37,39.9,3.57,pjm.com,false,
2023-01-21 12:00:00,USA,PJM Interconnection,US-MIDA-PJM,320.9,391.78,40.74,5.52,pjm.com,false,
2023-01-21 13:00:00,USA,PJM Interconnection,US-MIDA-PJM,319.43,390.45,40.83,6.44,pjm.com,false,
2023-01-21 14:00:00,USA,PJM Interconnection,US-MIDA-PJM,327.23,399.43,39.52,5.62,pjm.com,false,
2023-01-21 15:00:00,USA,PJM Interconnection,US-MIDA-PJM,333.83,406.69,38.66,5.15,pjm.com,false,
2023-01-21 16:00:00,USA,PJM Interconnection,US-MIDA-PJM,340.7,413.72,38.11,4.52,pjm.com,false,
2023-01-21 17:00:00,USA,PJM Interconnection,US-MIDA-PJM,334.14,407.06,38.52,4.32,pjm.com,false,
2023-01-21 18:00:00,USA,PJM Interconnection,US-MIDA-PJM,330.38,403.15,38.84,4.27,pjm.com,false,
2023-01-21 19:00:00,USA,PJM Interconnection,US-MIDA-PJM,331.2,404.1,38.67,4.12,pjm.com,false,
2023-01-21 20:00:00,USA,PJM Interconnection,US-MIDA-PJM,330.39,403.46,38.57,3.72,pjm.com,false,
2023-01-21 21:00:00,USA,PJM Interconnection,US-MIDA-PJM,332.23,405.6,38.35,2.99,pjm.com,false,
2023-01-21 22:00:00,USA,PJM Interconnection,US-MIDA-PJM,328.39,401.32,39.05,4.99,pjm.com,false,
2023-01-21 23:00:00,USA,PJM Interconnection,US-MIDA-PJM,343.62,417.61,37.44,4.18,pjm.com,false,
2023-01-22 00:00:00,USA,PJM Interconnection,US-MIDA-PJM,347.31,421.36,37.18,3.73,pjm.com,false,
2023-01-22 01:00:00,USA,PJM Interconnection,US-MIDA-PJM,351.21,425.19,36.98,3.33,pjm.com,false,
2023-01-22 02:00:00,USA,PJM Interconnection,US-MIDA-PJM,348.86,422.5,37.26,2.93,pjm.com,false,
2023-01-22 03:00:00,USA,PJM Interconnection,US-MIDA-PJM,344.78,417.95,37.67,2.66,pjm.com,false,
2023-01-22 04:00:00,USA,PJM Interconnection,US-MIDA-PJM,341.13,414.08,37.93,2.49,pjm.com,false,
2023-01-22 05:00:00,USA,PJM Interconnection,US-MIDA-PJM,334.76,406.45,39.21,2.67,pjm.com,false,
2023-01-22 06:00:00,USA,PJM Interconnection,US-MIDA-PJM,331.44,402.49,39.88,2.78,pjm.com,false,
2023-01-22 07:00:00,USA,PJM Interconnection,US-MIDA-PJM,331.8,402.98,39.77,2.89,pjm.com,false,
2023-01-22 08:00:00,USA,PJM Interconnection,US-MIDA-PJM,332.5,403.71,39.71,2.79,pjm.com,false,
2023-01-22 09:00:00,USA,PJM Interconnection,US-MIDA-PJM,333.09,404.25,39.73,2.64,pjm.com,false,
2023-01-22 10:00:00,USA,PJM Interconnection,US-MIDA-PJM,330.79,401.72,40.04,3.06,pjm.com,false,
2023-01-22 11:00:00,USA,PJM Interconnection,US-MIDA-PJM,330.45,401.28,40.15,3.31,pjm.com,false,
2023-01-22 12:00:00,USA,PJM Interconnection,US-MIDA-PJM,334.67,405.59,39.9,4.17,pjm.com,false,
2023-01-22 13:00:00,USA,PJM Interconnection,US-MIDA-PJM,342.36,413.67,39.21,4.04,pjm.com,false,
2023-01-22 14:00:00,USA,PJM Interconnection,US-MIDA-PJM,347.66,419.49,38.54,3.95,pjm.com,false,
2023-01-22 15:00:00,USA,PJM Interconnection,US-MIDA-PJM,348.56,420.4,38.58,4.72,pjm.com,false,
2023-01-22 16:00:00,USA,PJM Interconnection,US-MIDA-PJM,348.66,421.19,38.03,4.25,pjm.com,false,
2023-01-22 17:00:00,USA,PJM Interconnection,US-MIDA-PJM,350.79,423.71,37.6,3.51,pjm.com,false,
2023-01-22 18:00:00,USA,PJM Interconnection,US-MIDA-PJM,353.23,426.06,37.52,3.35,pjm.com,false,
2023-01-22 19:00:00,USA,PJM Interconnection,US-MIDA-PJM,354.55,427.58,37.26,3.09,pjm.com,false,
2023-01-22 20:00:00,USA,PJM Interconnection,US-MIDA-PJM,350.81,423.41,37.77,3.28,pjm.com,false,
2023-01-22 21:00:00,USA,PJM Interconnection,US-MIDA-PJM,347.38,420.11,37.89,3.99,pjm.com,false,
2023-01-22 22:00:00,USA,PJM Interconnection,US-MIDA-PJM,338.68,410.22,39.45,6.5,pjm.com,false,
2023-01-22 23:00:00,USA,PJM Interconnection,US-MIDA-PJM,342.54,414.7,38.81,6.31,pjm.com,false,
2023-01-23 00:00:00,USA,PJM Interconnection,US-MIDA-PJM,352.5,425.62,37.43,4.44,pjm.com,false,
2023-01-23 01:00:00,USA,PJM Interconnection,US-MIDA-PJM,354.88,428.03,37.22,3.7,pjm.com,false,
2023-01-23 02:00:00,USA,PJM Interconnection,US-MIDA-PJM,344.47,416.57,38.51,3.85,pjm.com,false,
2023-01-23 03:00:00,USA,PJM Interconnection,US-MIDA-PJM,339.44,410.78,39.3,3.6,pjm.com,false,
2023-01-23 04:00:00,USA,PJM Interconnection,US-MIDA-PJM,337.93,408.39,40.03,3.73,pjm.com,false,
2023-01-23 05:00:00,USA,PJM Interconnection,US-MIDA-PJM,338.11,408.64,39.96,3.59,pjm.com,false,
2023-01-23 06:00:00,USA,PJM Interconnection,US-MIDA-PJM,335.89,405.65,40.65,3.83,pjm.com,false,
2023-01-23 07:00:00,USA,PJM Interconnection,US-MIDA-PJM,334.21,403.55,41.04,4.23,pjm.com,false,
2023-01-23 08:00:00,USA,PJM Interconnection,US-MIDA-PJM,330.82,399.54,41.67,4.88,pjm.com,false,
2023-01-23 09:00:00,USA,PJM Interconnection,US-MIDA-PJM,329.91,398.76,41.68,5.38,pjm.com,false,
2023-01-23 10:00:00,USA,PJM Interconnection,US-MIDA-PJM,331.23,400.39,41.51,5.74,pjm.com,false,
2023-01-23 11:00:00,USA,PJM Interconnection,US-MIDA-PJM,334.84,406.1,39.92,6.56,pjm.com,false,
2023-01-23 12:00:00,USA,PJM Interconnection,US-MIDA-PJM,335.95,407.89,39.44,7.76,pjm.com,false,
2023-01-23 13:00:00,USA,PJM Interconnection,US-MIDA-PJM,336.56,408.63,39.35,8.08,pjm.com,false,
2023-01-23 14:00:00,USA,PJM Interconnection,US-MIDA-PJM,336.56,408.5,39.37,7.81,pjm.com,false,
2023-01-23 15:00:00,USA,PJM Interconnection,US-MIDA-PJM,337.06,408.95,39.42,8.0,pjm.com,false,
2023-01-23 16:00:00,USA,PJM Interconnection,US-MIDA-PJM,338.07,410.01,39.24,7.71,pjm.com,false,
2023-01-23 17:00:00,USA,PJM Interconnection,US-MIDA-PJM,337.62,409.3,39.33,7.59,pjm.com,false,
2023-01-23 18:00:00,USA,PJM Interconnection,US-MIDA-PJM,336.11,407.48,39.6,7.89,pjm.com,false,
2023-01-23 19:00:00,USA,PJM Interconnection,US-MIDA-PJM,333.77,404.91,39.87,7.91,pjm.com,false,
2023-01-23 20:00:00,USA,PJM Interconnection,US-MIDA-PJM,328.81,399.32,40.56,8.25,pjm.com,false,
2023-01-23 21:00:00,USA,PJM Interconnection,US-MIDA-PJM,330.76,401.68,40.22,8.06,pjm.com,false,
2023-01-23 22:00:00,USA,PJM Interconnection,US-MIDA-PJM,328.28,399.34,40.54,9.66,pjm.com,false,
2023-01-23 23:00:00,USA,PJM Interconnection,US-MIDA-PJM,340.99,413.22,38.84,8.7,pjm.com,false,
2023-01-24 00:00:00,USA,PJM Interconnection,US-MIDA-PJM,337.06,409.05,39.2,8.88,pjm.com,false,
2023-01-24 01:00:00,USA,PJM Interconnection,US-MIDA-PJM,335.21,406.94,39.44,8.73,pjm.com,false,
2023-01-24 02:00:00,USA,PJM Interconnection,US-MIDA-PJM,328.68,399.05,40.77,9.1,pjm.com,false,
2023-01-24 03:00:00,USA,PJM Interconnection,US-MIDA-PJM,327.16,396.59,41.51,8.95,pjm.com,false,
2023-01-24 04:00:00,USA,PJM Interconnection,US-MIDA-PJM,326.8,395.0,42.26,8.83,pjm.com,false,
2023-01-24 05:00:00,USA,PJM Interconnection,US-MIDA-PJM,327.58,394.85,42.93,8.48,pjm.com,false,
2023-01-24 06:00:00,USA,PJM Interconnection,US-MIDA-PJM,328.72,396.4,42.58,7.89,pjm.com,false,
2023-01-24 07:00:00,USA,PJM Interconnection,US-MIDA-PJM,330.77,399.58,41.64,6.82,pjm.com,false,
2023-01-24 08:00:00,USA,PJM Interconnection,US-MIDA-PJM,334.91,404.37,40.95,6.29,pjm.com,false,
2023-01-24 09:00:00,USA,PJM Interconnection,US-MIDA-PJM,339.44,409.92,39.97,5.88,pjm.com,false,
2023-01-24 10:00:00,USA,PJM Interconnection,US-MIDA-PJM,344.26,415.72,39.06,5.61,pjm.com,false,
2023-01-24 11:00:00,USA,PJM Interconnection,US-MIDA-PJM,348.61,421.43,38.0,6.85,pjm.com,false,
2023-01-24 12:00:00,USA,PJM Interconnection,US-MIDA-PJM,361.6,435.63,36.59,6.82,pjm.com,false,
2023-01-24 13:00:00,USA,PJM Interconnection,US-MIDA-PJM,361.41,434.88,36.92,7.1,pjm.com,false,
2023-01-24 14:00:00,USA,PJM Interconnection,US-MIDA-PJM,356.89,429.75,37.59,6.46,pjm.com,false,
2023-01-24 15:00:00,USA,PJM Interconnection,US-MIDA-PJM,351.18,422.99,38.69,6.49,pjm.com,false,
2023-01-24 16:00:00,USA,PJM Interconnection,US-MIDA-PJM,349.33,421.03,38.82,6.15,pjm.com,false,
2023-01-24 17:00:00,USA,PJM Interconnection,US-MIDA-PJM,345.81,416.85,39.48,5.98,pjm.com,false,
2023-01-24 18:00:00,USA,PJM Interconnection,US-MIDA-PJM,345.59,417.19,39.09,5.85,pjm.com,false,
2023-01-24 19:00:00,USA,PJM Interconnection,US-MIDA-PJM,345.91,417.72,38.93,5.54,pjm.com,false,
2023-01-24 20:00:00,USA,PJM Interconnection,US-MIDA-PJM,348.14,420.44,38.42,4.78,pjm.com,false,
2023-01-24 21:00:00,USA,PJM Interconnection,US-MIDA-PJM,352.91,426.44,37.15,3.53,pjm.com,false,
2023-01-24 22:00:00,USA,PJM Interconnection,US-MIDA-PJM,349.76,423.37,37.42,5.41,pjm.com,false,
2023-01-24 23:00:00,USA,PJM Interconnection,US-MIDA-PJM,357.03,431.76,36.17,5.05,pjm.com,false,
2023-01-25 00:00:00,USA,PJM Interconnection,US-MIDA-PJM,359.86,435.18,35.5,4.05,pjm.com,false,
2023-01-25 01:00:00,USA,PJM Interconnection,US-MIDA-PJM,363.16,438.72,35.09,3.59,pjm.com,false,
2023-01-25 02:00:00,USA,PJM Interconnection,US-MIDA-PJM,358.84,433.61,35.88,3.33,pjm.com,false,
2023-01-25 03:00:00,USA,PJM Interconnection,US-MIDA-PJM,354.28,428.14,36.73,2.76,pjm.com,false,
2023-01-25 04:00:00,USA,PJM Interconnection,US-MIDA-PJM,349.14,421.83,37.86,3.12,pjm.com,false,
2023-01-25 05:00:00,USA,PJM Interconnection,US-MIDA-PJM,346.19,418.64,38.18,3.23,pjm.com,false,
2023-01-25 06:00:00,USA,PJM Interconnection,US-MIDA-PJM,344.33,416.15,38.72,3.38,pjm.com,false,
2023-01-25 07:00:00,USA,PJM Interconnection,US-MIDA-PJM,342.38,413.42,39.41,3.69,pjm.com,false,
2023-01-25 08:00:00,USA,PJM Interconnection,US-MIDA-PJM,342.87,413.73,39.51,3.64,pjm.com,false,
2023-01-25 09:00:00,USA,PJM Interconnection,US-MIDA-PJM,340.01,410.28,40.12,4.47,pjm.com,false,
2023-01-25 10:00:00,USA,PJM Interconnection,US-MIDA-PJM,339.8,410.34,39.94,5.3,pjm.com,false,
2023-01-25 11:00:00,USA,PJM Interconnection,US-MIDA-PJM,339.93,411.59,39.38,6.87,pjm.com,false,
2023-01-25 12:00:00,USA,PJM Interconnection,US-MIDA-PJM,338.98,410.83,39.38,8.24,pjm.com,false,
2023-01-25 13:00:00,USA,PJM Interconnection,US-MIDA-PJM,339.9,411.52,39.47,8.77,pjm.com,false,
2023-01-25 14:00:00,USA,PJM Interconnection,US-MIDA-PJM,341.26,413.14,39.21,8.44,pjm.com,false,
2023-01-25 15:00:00,USA,PJM Interconnection,US-MIDA-PJM,341.9,413.73,39.1,8.21,pjm.com,false,
2023-01-25 16:00:00,USA,PJM Interconnection,US-MIDA-PJM,346.25,418.98,38.29,7.4,pjm.com,false,
2023-01-25 17:00:00,USA,PJM Interconnection,US-MIDA-PJM,345.38,418.05,38.28,7.03,pjm.com,false,
2023-01-25 18:00:00,USA,PJM Interconnection,US-MIDA-PJM,349.43,422.8,37.49,6.14,pjm.com,false,
2023-01-25 19:00:00,USA,PJM Interconnection,US-MIDA-PJM,343.91,416.29,38.5,6.9,pjm.com,false,
2023-01-25 20:00:00,USA,PJM Interconnection,US-MIDA-PJM,342.17,413.98,38.99,7.16,pjm.com,false,
2023-01-25 21:00:00,USA,PJM Interconnection,US-MIDA-PJM,341.39,413.07,39.14,7.44,pjm.com,false,
2023-01-25 22:00:00,USA,PJM Interconnection,US-MIDA-PJM,338.2,409.55,39.64,8.34,pjm.com,false,
2023-01-25 23:00:00,USA,PJM Interconnection,US-MIDA-PJM,347.76,420.15,38.29,7.19,pjm.com,false,
2023-01-26 00:00:00,USA,PJM Interconnection,US-MIDA-PJM,346.93,418.69,38.64,7.0,pjm.com,false,
2023-01-26 01:00:00,USA,PJM Interconnection,US-MIDA-PJM,344.0,415.06,39.34,6.83,pjm.com,false,
2023-01-26 02:00:00,USA,PJM Interconnection,US-MIDA-PJM,340.03,410.2,40.21,6.79,pjm.com,false,
2023-01-26 03:00:00,USA,PJM Interconnection,US-MIDA-PJM,334.17,402.66,41.73,7.09,pjm.com,false,
2023-01-26 04:00:00,USA,PJM Interconnection,US-MIDA-PJM,329.7,396.6,43.15,7.41,pjm.com,false,
2023-01-26 05:00:00,USA,PJM Interconnection,US-MIDA-PJM,326.14,391.72,44.27,7.57,pjm.com,false,
2023-01-26 06:00:00,USA,PJM Interconnection,US-MIDA-PJM,323.88,388.71,44.92,7.96,pjm.com,false,
2023-01-26 07:00:00,USA,PJM Interconnection,US-MIDA-PJM,323.25,387.81,45.15,8.09,pjm.com,false,
2023-01-26 08:00:00,USA,PJM Interconnection,US-MIDA-PJM,320.96,384.88,45.72,8.52,pjm.com,false,
2023-01-26 09:00:00,USA,PJM Interconnection,US-MIDA-PJM,319.35,383.46,45.68,9.26,pjm.com,false,
2023-01-26 10:00:00,USA,PJM Interconnection,US-MIDA-PJM,324.19,390.02,44.18,9.32,pjm.com,false,
2023-01-26 11:00:00,USA,PJM Interconnection,US-MIDA-PJM,330.65,397.93,42.8,9.54,pjm.com,false,
2023-01-26 12:00:00,USA,PJM Interconnection,US-MIDA-PJM,332.92,401.16,42.04,10.62,pjm.com,false,
2023-01-26 13:00:00,USA,PJM Interconnection,US-MIDA-PJM,331.02,398.88,42.49,11.48,pjm.com,false,
2023-01-26 14:00:00,USA,PJM Interconnection,US-MIDA-PJM,330.16,398.08,42.46,11.19,pjm.com,false,
2023-01-26 15:00:00,USA,PJM Interconnection,US-MIDA-PJM,328.93,396.47,42.82,11.49,pjm.com,false,
2023-01-26 16:00:00,USA,PJM Interconnection,US-MIDA-PJM,329.23,396.92,42.69,11.32,pjm.com,false,
2023-01-26 17:00:00,USA,PJM Interconnection,US-MIDA-PJM,329.41,397.26,42.55,11.06,pjm.com,false,
2023-01-26 18:00:00,USA,PJM Interconnection,US-MIDA-PJM,322.92,390.68,42.92,10.87,pjm.com,false,
2023-01-26 19:00:00,USA,PJM Interconnection,US-MIDA-PJM,331.63,399.81,42.12,10.51,pjm.com,false,
2023-01-26 20:00:00,USA,PJM Interconnection,US-MIDA-PJM,339.52,408.04,41.44,9.78,pjm.com,false,
2023-01-26 21:00:00,USA,PJM Interconnection,US-MIDA-PJM,337.4,405.71,41.72,10.15,pjm.com,false,
2023-01-26 22:00:00,USA,PJM Interconnection,US-MIDA-PJM,333.64,402.09,41.87,11.16,pjm.com,false,
2023-01-26 23:00:00,USA,PJM Interconnection,US-MIDA-PJM,343.67,412.91,40.77,10.53,pjm.com,false,
2023-01-27 00:00:00,USA,PJM Interconnection,US-MIDA-PJM,347.57,417.3,40.19,9.82,pjm.com,false,
2023-01-27 01:00:00,USA,PJM Interconnection,US-MIDA-PJM,347.52,417.16,40.25,9.8,pjm.com,false,
2023-01-27 02:00:00,USA,PJM Interconnection,US-MIDA-PJM,346.11,416.23,39.94,8.78,pjm.com,false,
2023-01-27 03:00:00,USA,PJM Interconnection,US-MIDA-PJM,347.19,417.06,40.0,7.61,pjm.com,false,
2023-01-27 04:00:00,USA,PJM Interconnection,US-MIDA-PJM,344.85,414.22,40.49,7.22,pjm.com,false,
2023-01-27 05:00:00,USA,PJM Interconnection,US-MIDA-PJM,342.47,411.18,41.09,7.09,pjm.com,false,
2023-01-27 06:00:00,USA,PJM Interconnection,US-MIDA-PJM,340.03,408.15,41.65,7.06,pjm.com,false,
2023-01-27 07:00:00,USA,PJM Interconnection,US-MIDA-PJM,341.18,409.62,41.34,6.66,pjm.com,false,
2023-01-27 08:00:00,USA,PJM Interconnection,US-MIDA-PJM,339.98,408.3,41.49,7.05,pjm.com,false,
2023-01-27 09:00:00,USA,PJM Interconnection,US-MIDA-PJM,336.61,404.81,41.76,7.93,pjm.com,false,
2023-01-27 10:00:00,USA,PJM Interconnection,US-MIDA-PJM,331.5,399.06,42.6,9.53,pjm.com,false,
2023-01-27 11:00:00,USA,PJM Interconnection,US-MIDA-PJM,332.97,401.15,42.25,11.04,pjm.com,false,
2023-01-27 12:00:00,USA,PJM Interconnection,US-MIDA-PJM,342.57,412.14,40.66,11.1,pjm.com,false,
2023-01-27 13:00:00,USA,PJM Interconnection,US-MIDA-PJM,342.56,411.93,40.81,11.54,pjm.com,false,
2023-01-27 14:00:00,USA,PJM Interconnection,US-MIDA-PJM,334.23,401.57,42.83,12.78,pjm.com,false,
2023-01-27 15:00:00,USA,PJM Interconnection,US-MIDA-PJM,333.92,401.22,42.86,12.19,pjm.com,false,
2023-01-27 16:00:00,USA,PJM Interconnection,US-MIDA-PJM,327.58,394.12,43.69,12.47,pjm.com,false,
2023-01-27 17:00:00,USA,PJM Interconnection,US-MIDA-PJM,325.99,392.59,43.67,11.93,pjm.com,false,
2023-01-27 18:00:00,USA,PJM Interconnection,US-MIDA-PJM,325.55,391.75,44.04,11.81,pjm.com,false,
2023-01-27 19:00:00,USA,PJM Interconnection,US-MIDA-PJM,325.11,391.11,44.21,11.99,pjm.com,false,
2023-01-27 20:00:00,USA,PJM Interconnection,US-MIDA-PJM,325.98,391.67,44.38,11.79,pjm.com,false,
2023-01-27 21:00:00,USA,PJM Interconnection,US-MIDA-PJM,328.48,394.65,43.73,10.87,pjm.com,false,
2023-01-27 22:00:00,USA,PJM Interconnection,US-MIDA-PJM,329.33,397.3,42.37,10.72,pjm.com,false,
2023-01-27 23:00:00,USA,PJM Interconnection,US-MIDA-PJM,336.8,406.21,40.87,10.33,pjm.com,false,
2023-01-28 00:00:00,USA,PJM Interconnection,US-MIDA-PJM,330.37,399.39,41.47,10.39,pjm.com,false,
2023-01-28 01:00:00,USA,PJM Interconnection,US-MIDA-PJM,330.6,399.59,41.51,10.28,pjm.com,false,
2023-01-28 02:00:00,USA,PJM Interconnection,US-MIDA-PJM,332.66,401.46,41.48,9.47,pjm.com,false,
2023-01-28 03:00:00,USA,PJM Interconnection,US-MIDA-PJM,332.9,401.01,41.94,9.03,pjm.com,false,
2023-01-28 04:00:00,USA,PJM Interconnection,US-MIDA-PJM,333.25,401.01,42.19,8.83,pjm.com,false,
2023-01-28 05:00:00,USA,PJM Interconnection,US-MIDA-PJM,332.14,399.57,42.4,8.51,pjm.com,false,
2023-01-28 06:00:00,USA,PJM Interconnection,US-MIDA-PJM,332.45,399.23,42.9,7.94,pjm.com,false,
2023-01-28 07:00:00,USA,PJM Interconnection,US-MIDA-PJM,335.76,403.17,42.26,6.7,pjm.com,false,
2023-01-28 08:00:00,USA,PJM Interconnection,US-MIDA-PJM,342.83,411.4,41.05,5.23,pjm.com,false,
2023-01-28 09:00:00,USA,PJM Interconnection,US-MIDA-PJM,346.03,415.31,40.38,4.47,pjm.com,false,
2023-01-28 10:00:00,USA,PJM Interconnection,US-MIDA-PJM,348.01,418.1,39.7,4.14,pjm.com,false,
2023-01-28 11:00:00,USA,PJM Interconnection,US-MIDA-PJM,352.56,423.38,38.92,4.24,pjm.com,false,
2023-01-28 12:00:00,USA,PJM Interconnection,US-MIDA-PJM,348.63,419.41,39.28,5.75,pjm.com,false,
2023-01-28 13:00:00,USA,PJM Interconnection,US-MIDA-PJM,347.8,418.49,39.46,6.25,pjm.com,false,
2023-01-28 14:00:00,USA,PJM Interconnection,US-MIDA-PJM,343.7,413.4,40.51,6.86,pjm.com,false,
2023-01-28 15:00:00,USA,PJM Interconnection,US-MIDA-PJM,341.04,409.65,41.48,7.09,pjm.com,false,
2023-01-28 16:00:00,USA,PJM Interconnection,US-MIDA-PJM,341.34,409.59,41.68,6.7,pjm.com,false,
2023-01-28 17:00:00,USA,PJM Interconnection,US-MIDA-PJM,335.9,402.65,43.07,7.38,pjm.com,false,
2023-01-28 18:00:00,USA,PJM Interconnection,US-MIDA-PJM,334.41,401.17,43.2,7.26,pjm.com,false,
2023-01-28 19:00:00,USA,PJM Interconnection,US-MIDA-PJM,335.23,401.64,43.36,7.05,pjm.com,false,
2023-01-28 20:00:00,USA,PJM Interconnection,US-MIDA-PJM,335.71,402.05,43.4,6.93,pjm.com,false,
2023-01-28 21:00:00,USA,PJM Interconnection,US-MIDA-PJM,337.34,404.37,42.69,6.44,pjm.com,false,
2023-01-28 22:00:00,USA,PJM Interconnection,US-MIDA-PJM,337.27,405.64,41.66,6.42,pjm.com,false,
2023-01-28 23:00:00,USA,PJM Interconnection,US-MIDA-PJM,339.81,409.47,40.56,6.49,pjm.com,false,
2023-01-29 00:00:00,USA,PJM Interconnection,US-MIDA-PJM,335.87,404.89,41.22,7.03,pjm.com,false,
2023-01-29 01:00:00,USA,PJM Interconnection,US-MIDA-PJM,336.81,405.92,41.12,6.94,pjm.com,false,
2023-01-29 02:00:00,USA,PJM Interconnection,US-MIDA-PJM,343.38,412.91,40.41,5.61,pjm.com,false,
2023-01-29 03:00:00,USA,PJM Interconnection,US-MIDA-PJM,340.27,408.65,41.29,5.72,pjm.com,false,
2023-01-29 04:00:00,USA,PJM Interconnection,US-MIDA-PJM,335.57,402.3,42.7,6.58,pjm.com,false,
2023-01-29 05:00:00,USA,PJM Interconnection,US-MIDA-PJM,331.15,397.03,43.59,6.82,pjm.com,false,
2023-01-29 06:00:00,USA,PJM Interconnection,US-MIDA-PJM,329.69,395.24,43.96,6.69,pjm.com,false,
2023-01-29 07:00:00,USA,PJM Interconnection,US-MIDA-PJM,329.16,394.48,44.16,6.68,pjm.com,false,
2023-01-29 08:00:00,USA,PJM Interconnection,US-MIDA-PJM,331.45,397.2,43.71,5.99,pjm.com,false,
2023-01-29 09:00:00,USA,PJM Interconnection,US-MIDA-PJM,326.95,391.3,44.98,6.71,pjm.com,false,
2023-01-29 10:00:00,USA,PJM Interconnection,US-MIDA-PJM,327.48,392.09,44.79,6.52,pjm.com,false,
2023-01-29 11:00:00,USA,PJM Interconnection,US-MIDA-PJM,329.45,395.36,43.72,6.44,pjm.com,false,
2023-01-29 12:00:00,USA,PJM Interconnection,US-MIDA-PJM,331.67,398.66,42.83,6.61,pjm.com,false,
2023-01-29 13:00:00,USA,PJM Interconnection,US-MIDA-PJM,329.82,396.43,43.32,7.88,pjm.com,false,
2023-01-29 14:00:00,USA,PJM Interconnection,US-MIDA-PJM,331.2,398.58,42.73,7.92,pjm.com,false,
2023-01-29 15:00:00,USA,PJM Interconnection,US-MIDA-PJM,336.2,405.02,41.38,7.01,pjm.com,false,
2023-01-29 16:00:00,USA,PJM Interconnection,US-MIDA-PJM,338.97,408.24,40.85,6.4,pjm.com,false,
2023-01-29 17:00:00,USA,PJM Interconnection,US-MIDA-PJM,341.96,411.92,40.19,6.0,pjm.com,false,
2023-01-29 18:00:00,USA,PJM Interconnection,US-MIDA-PJM,345.15,415.64,39.64,5.36,pjm.com,false,
2023-01-29 19:00:00,USA,PJM Interconnection,US-MIDA-PJM,348.19,419.02,39.19,4.79,pjm.com,false,
2023-01-29 20:00:00,USA,PJM Interconnection,US-MIDA-PJM,348.54,419.52,39.06,4.47,pjm.com,false,
2023-01-29 21:00:00,USA,PJM Interconnection,US-MIDA-PJM,349.3,420.52,38.94,4.73,pjm.com,false,
2023-01-29 22:00:00,USA,PJM Interconnection,US-MIDA-PJM,342.36,413.14,39.79,6.52,pjm.com,false,
2023-01-29 23:00:00,USA,PJM Interconnection,US-MIDA-PJM,344.98,416.29,39.35,6.75,pjm.com,false,
2023-01-30 00:00:00,USA,PJM Interconnection,US-MIDA-PJM,346.87,418.17,39.15,6.35,pjm.com,false,
2023-01-30 01:00:00,USA,PJM Interconnection,US-MIDA-PJM,351.69,423.43,38.53,5.25,pjm.com,false,
2023-01-30 02:00:00,USA,PJM Interconnection,US-MIDA-PJM,359.09,430.9,37.91,3.31,pjm.com,false,
2023-01-30 03:00:00,USA,PJM Interconnection,US-MIDA-PJM,351.31,422.64,38.57,3.08,pjm.com,false,
2023-01-30 04:00:00,USA,PJM Interconnection,US-MIDA-PJM,348.95,419.33,39.37,3.02,pjm.com,false,
2023-01-30 05:00:00,USA,PJM Interconnection,US-MIDA-PJM,341.34,410.17,40.9,3.13,pjm.com,false,
2023-01-30 06:00:00,USA,PJM Interconnection,US-MIDA-PJM,337.08,405.32,41.57,3.42,pjm.com,false,
2023-01-30 07:00:00,USA,PJM Interconnection,US-MIDA-PJM,336.0,404.08,41.74,3.66,pjm.com,false,
2023-01-30 08:00:00,USA,PJM Interconnection,US-MIDA-PJM,336.52,404.77,41.59,3.83,pjm.com,false,
2023-01-30 09:00:00,USA,PJM Interconnection,US-MIDA-PJM,337.45,405.38,41.78,4.25,pjm.com,false,
2023-01-30 10:00:00,USA,PJM Interconnection,US-MIDA-PJM,340.98,410.39,40.56,4.25,pjm.com,false,
2023-01-30 11:00:00,USA,PJM Interconnection,US-MIDA-PJM,348.67,420.29,38.72,5.07,pjm.com,false,
2023-01-30 12:00:00,USA,PJM Interconnection,US-MIDA-PJM,364.18,436.67,37.33,5.75,pjm.com,false,
2023-01-30 13:00:00,USA,PJM Interconnection,US-MIDA-PJM,372.0,444.37,37.06,5.99,pjm.com,false,
2023-01-30 14:00:00,USA,PJM Interconnection,US-MIDA-PJM,378.15,451.09,36.24,5.38,pjm.com,false,
2023-01-30 15:00:00,USA,PJM Interconnection,US-MIDA-PJM,375.21,447.83,36.68,5.35,pjm.com,false,
2023-01-30 16:00:00,USA,PJM Interconnection,US-MIDA-PJM,370.37,442.77,37.03,5.22,pjm.com,false,
2023-01-30 17:00:00,USA,PJM Interconnection,US-MIDA-PJM,366.19,438.14,37.61,5.46,pjm.com,false,
2023-01-30 18:00:00,USA,PJM Interconnection,US-MIDA-PJM,365.01,436.94,37.68,5.52,pjm.com,false,
2023-01-30 19:00:00,USA,PJM Interconnection,US-MIDA-PJM,359.88,431.31,38.33,6.04,pjm.com,false,
2023-01-30 20:00:00,USA,PJM Interconnection,US-MIDA-PJM,359.7,431.38,38.17,5.7,pjm.com,false,
2023-01-30 21:00:00,USA,PJM Interconnection,US-MIDA-PJM,363.67,435.36,37.9,5.36,pjm.com,false,
2023-01-30 22:00:00,USA,PJM Interconnection,US-MIDA-PJM,358.09,429.53,38.56,7.23,pjm.com,false,
2023-01-30 23:00:00,USA,PJM Interconnection,US-MIDA-PJM,368.17,440.72,37.19,6.85,pjm.com,false,
2023-01-31 00:00:00,USA,PJM Interconnection,US-MIDA-PJM,370.64,443.3,37.0,6.2,pjm.com,false,
2023-01-31 01:00:00,USA,PJM Interconnection,US-MIDA-PJM,372.8,445.68,36.56,5.48,pjm.com,false,
2023-01-31 02:00:00,USA,PJM Interconnection,US-MIDA-PJM,368.98,441.72,36.86,4.82,pjm.com,false,
2023-01-31 03:00:00,USA,PJM Interconnection,US-MIDA-PJM,365.52,437.94,37.2,4.02,pjm.com,false,
2023-01-31 04:00:00,USA,PJM Interconnection,US-MIDA-PJM,357.43,428.23,38.8,4.18,pjm.com,false,
2023-01-31 05:00:00,USA,PJM Interconnection,US-MIDA-PJM,351.45,422.34,38.85,3.53,pjm.com,false,
2023-01-31 06:00:00,USA,PJM Interconnection,US-MIDA-PJM,347.48,418.28,39.12,3.6,pjm.com,false,
2023-01-31 07:00:00,USA,PJM Interconnection,US-MIDA-PJM,346.23,417.47,38.86,3.44,pjm.com,false,
2023-01-31 08:00:00,USA,PJM Interconnection,US-MIDA-PJM,348.46,420.02,38.65,2.93,pjm.com,false,
2023-01-31 09:00:00,USA,PJM Interconnection,US-MIDA-PJM,351.48,423.92,37.85,2.5,pjm.com,false,
2023-01-31 10:00:00,USA,PJM Interconnection,US-MIDA-PJM,355.15,428.64,36.96,2.46,pjm.com,false,
2023-01-31 11:00:00,USA,PJM Interconnection,US-MIDA-PJM,365.21,440.28,35.36,2.95,pjm.com,false,
2023-01-31 12:00:00,USA,PJM Interconnection,US-MIDA-PJM,369.48,444.84,35.12,4.78,pjm.com,false,
2023-01-31 13:00:00,USA,PJM Interconnection,US-MIDA-PJM,381.65,458.18,33.57,3.83,pjm.com,false,
2023-01-31 14:00:00,USA,PJM Interconnection,US-MIDA-PJM,388.74,465.85,32.75,2.5,pjm.com,false,
2023-01-31 15:00:00,USA,PJM Interconnection,US-MIDA-PJM,389.14,466.47,32.6,2.3,pjm.com,false,
2023-01-31 16:00:00,USA,PJM Interconnection,US-MIDA-PJM,389.78,467.2,32.51,2.17,pjm.com,false,
2023-01-31 17:00:00,USA,PJM Interconnection,US-MIDA-PJM,388.36,465.64,32.77,2.22,pjm.com,false,
2023-01-31 18:00:00,USA,PJM Interconnection,US-MIDA-PJM,386.73,463.62,33.01,2.25,pjm.com,false,
2023-01-31 19:00:00,USA,PJM Interconnection,US-MIDA-PJM,385.81,462.71,33.08,2.19,pjm.com,false,
2023-01-31 20:00:00,USA,PJM Interconnection,US-MIDA-PJM,385.01,461.74,33.16,2.2,pjm.com,false,
2023-01-31 21:00:00,USA,PJM Interconnection,US-MIDA-PJM,384.51,461.52,33.05,2.51,pjm.com,false,
2023-01-31 22:00:00,USA,PJM Interconnection,US-MIDA-PJM,382.76,459.57,33.37,3.72,pjm.com,false,
2023-01-31 23:00:00,USA,PJM Interconnection,US-MIDA-PJM,381.01,457.78,33.51,4.53,pjm.com,false,
2023-02-01 00:00:00,USA,PJM Interconnection,US-MIDA-PJM,377.26,453.85,33.78,4.44,pjm.com,false,
2023-02-01 01:00:00,USA,PJM Interconnection,US-MIDA-PJM,385.05,462.41,32.68,2.89,pjm.com,false,
2023-02-01 02:00:00,USA,PJM Interconnection,US-MIDA-PJM,385.15,462.34,32.77,2.07,pjm.com,false,
2023-02-01 03:00:00,USA,PJM Interconnection,US-MIDA-PJM,379.02,455.45,33.63,1.8,pjm.com,false,
2023-02-01 04:00:00,USA,PJM Interconnection,US-MIDA-PJM,372.95,447.74,34.9,1.88,pjm.com,false,
2023-02-01 05:00:00,USA,PJM Interconnection,US-MIDA-PJM,366.08,439.79,36.11,2.13,pjm.com,false,
2023-02-01 06:00:00,USA,PJM Interconnection,US-MIDA-PJM,360.84,433.9,36.79,2.43,pjm.com,false,
2023-02-01 07:00:00,USA,PJM Interconnection,US-MIDA-PJM,360.46,433.37,36.91,2.61,pjm.com,false,
2023-02-01 08:00:00,USA,PJM Interconnection,US-MIDA-PJM,361.22,433.9,37.05,2.81,pjm.com,false,
2023-02-01 09:00:00,USA,PJM Interconnection,US-MIDA-PJM,363.03,436.04,36.75,3.03,pjm.com,false,
2023-02-01 10:00:00,USA,PJM Interconnection,US-MIDA-PJM,365.71,439.76,35.94,3.26,pjm.com,false,
2023-02-01 11:00:00,USA,PJM Interconnection,US-MIDA-PJM,369.2,444.41,35.15,4.64,pjm.com,false,
2023-02-01 12:00:00,USA,PJM Interconnection,US-MIDA-PJM,375.87,451.73,34.37,5.65,pjm.com,false,
2023-02-01 13:00:00,USA,PJM Interconnection,US-MIDA-PJM,383.8,459.79,33.86,5.5,pjm.com,false,
2023-02-01 14:00:00,USA,PJM Interconnection,US-MIDA-PJM,384.3,460.17,33.87,5.0,pjm.com,false,
2023-02-01 15:00:00,USA,PJM Interconnection,US-MIDA-PJM,381.19,456.39,34.54,4.78,pjm.com,false,
2023-02-01 16:00:00,USA,PJM Interconnection,US-MIDA-PJM,376.52,450.89,35.45,4.7,pjm.com,false,
2023-02-01 17:00:00,USA,PJM Interconnection,US-MIDA-PJM,373.03,446.74,36.12,4.82,pjm.com,false,
2023-02-01 18:00:00,USA,PJM Interconnection,US-MIDA-PJM,373.15,446.68,36.23,4.66,pjm.com,false,
2023-02-01 19:00:00,USA,PJM Interconnection,US-MIDA-PJM,370.41,443.89,36.39,4.87,pjm.com,false,
2023-02-01 20:00:00,USA,PJM Interconnection,US-MIDA-PJM,368.19,441.65,36.5,4.8,pjm.com,false,
2023-02-01 21:00:00,USA,PJM Interconnection,US-MIDA-PJM,370.54,444.87,35.68,4.41,pjm.com,false,
2023-02-01 22:00:00,USA,PJM Interconnection,US-MIDA-PJM,367.54,442.36,35.56,5.64,pjm.com,false,
2023-02-01 23:00:00,USA,PJM Interconnection,US-MIDA-PJM,375.13,450.41,34.82,6.1,pjm.com,false,
2023-02-02 00:00:00,USA,PJM Interconnection,US-MIDA-PJM,375.64,450.91,34.78,5.97,pjm.com,false,
2023-02-02 01:00:00,USA,PJM Interconnection,US-MIDA-PJM,372.18,446.68,35.48,6.26,pjm.com,false,
2023-02-02 02:00:00,USA,PJM Interconnection,US-MIDA-PJM,371.26,445.49,35.63,5.39,pjm.com,false,
2023-02-02 03:00:00,USA,PJM Interconnection,US-MIDA-PJM,362.27,434.49,37.43,5.88,pjm.com,false,
2023-02-02 04:00:00,USA,PJM Interconnection,US-MIDA-PJM,356.53,427.8,38.34,5.96,pjm.com,false,
2023-02-02 05:00:00,USA,PJM Interconnection,US-MIDA-PJM,352.01,422.6,39.08,6.01,pjm.com,false,
2023-02-02 06:00:00,USA,PJM Interconnection,US-MIDA-PJM,350.42,420.09,39.86,6.32,pjm.com,false,
2023-02-02 07:00:00,USA,PJM Interconnection,US-MIDA-PJM,350.42,420.03,39.95,6.36,pjm.com,false,
2023-02-02 08:00:00,USA,PJM Interconnection,US-MIDA-PJM,351.69,421.63,39.78,6.22,pjm.com,false,
2023-02-02 09:00:00,USA,PJM Interconnection,US-MIDA-PJM,351.31,420.97,40.02,6.6,pjm.com,false,
2023-02-02 10:00:00,USA,PJM Interconnection,US-MIDA-PJM,354.72,425.23,39.35,6.83,pjm.com,false,
2023-02-02 11:00:00,USA,PJM Interconnection,US-MIDA-PJM,356.78,428.29,38.8,8.63,pjm.com,false,
2023-02-02 12:00:00,USA,PJM Interconnection,US-MIDA-PJM,361.24,433.82,37.74,8.83,pjm.com,false,
2023-02-02 13:00:00,USA,PJM Interconnection,US-MIDA-PJM,363.32,435.92,37.62,8.61,pjm.com,false,
2023-02-02 14:00:00,USA,PJM Interconnection,US-MIDA-PJM,365.09,437.96,37.36,7.66,pjm.com,false,
2023-02-02 15:00:00,USA,PJM Interconnection,US-MIDA-PJM,368.15,440.94,37.34,6.98,pjm.com,false,
2023-02-02 16:00:00,USA,PJM Interconnection,US-MIDA-PJM,365.56,436.93,38.48,7.23,pjm.com,false,
2023-02-02 17:00:00,USA,PJM Interconnection,US-MIDA-PJM,363.25,434.08,38.91,7.46,pjm.com,false,
2023-02-02 18:00:00,USA,PJM Interconnection,US-MIDA-PJM,359.47,429.75,39.63,8.14,pjm.com,false,
2023-02-02 19:00:00,USA,PJM Interconnection,US-MIDA-PJM,356.53,426.06,40.29,8.49,pjm.com,false,
2023-02-02 20:00:00,USA,PJM Interconnection,US-MIDA-PJM,356.69,426.67,39.78,8.23,pjm.com,false,
2023-02-02 21:00:00,USA,PJM Interconnection,US-MIDA-PJM,353.18,422.87,40.3,8.96,pjm.com,false,
2023-02-02 22:00:00,USA,PJM Interconnection,US-MIDA-PJM,351.48,422.05,39.81,9.76,pjm.com,false,
2023-02-02 23:00:00,USA,PJM Interconnection,US-MIDA-PJM,353.06,424.17,39.05,9.69,pjm.com,false,
2023-02-03 00:00:00,USA,PJM Interconnection,US-MIDA-PJM,352.62,422.9,39.61,9.9,pjm.com,false,
2023-02-03 01:00:00,USA,PJM Interconnection,US-MIDA-PJM,349.54,419.38,40.04,10.14,pjm.com,false,
2023-02-03 02:00:00,USA,PJM Interconnection,US-MIDA-PJM,350.54,420.06,40.16,9.62,pjm.com,false,
2023-02-03 03:00:00,USA,PJM Interconnection,US-MIDA-PJM,347.57,415.31,41.59,9.72,pjm.com,false,
2023-02-03 04:00:00,USA,PJM Interconnection,US-MIDA-PJM,345.89,413.12,42.1,9.48,pjm.com,false,
2023-02-03 05:00:00,USA,PJM Interconnection,US-MIDA-PJM,344.4,410.08,43.19,9.55,pjm.com,false,
2023-02-03 06:00:00,USA,PJM Interconnection,US-MIDA-PJM,343.38,408.4,43.77,9.69,pjm.com,false,
2023-02-03 07:00:00,USA,PJM Interconnection,US-MIDA-PJM,342.95,407.72,43.96,9.62,pjm.com,false,
2023-02-03 08:00:00,USA,PJM Interconnection,US-MIDA-PJM,346.53,412.71,42.76,8.84,pjm.com,false,
2023-02-03 09:00:00,USA,PJM Interconnection,US-MIDA-PJM,347.53,414.04,42.5,8.38,pjm.com,false,
2023-02-03 10:00:00,USA,PJM Interconnection,US-MIDA-PJM,355.58,424.91,40.06,7.39,pjm.com,false,
2023-02-03 11:00:00,USA,PJM Interconnection,US-MIDA-PJM,367.76,440.84,36.88,6.65,pjm.com,false,
2023-02-03 12:00:00,USA,PJM Interconnection,US-MIDA-PJM,376.88,451.67,35.16,6.38,pjm.com,false,
2023-02-03 13:00:00,USA,PJM Interconnection,US-MIDA-PJM,382.22,457.34,34.64,6.12,pjm.com,false,
2023-02-03 14:00:00,USA,PJM Interconnection,US-MIDA-PJM,376.24,450.31,35.77,6.86,pjm.com,false,
2023-02-03 15:00:00,USA,PJM Interconnection,US-MIDA-PJM,379.15,452.26,36.39,7.21,pjm.com,false,
2023-02-03 16:00:00,USA,PJM Interconnection,US-MIDA-PJM,377.0,449.14,37.27,7.23,pjm.com,false,
2023-02-03 17:00:00,USA,PJM Interconnection,US-MIDA-PJM,378.26,450.18,37.38,6.97,pjm.com,false,
2023-02-03 18:00:00,USA,PJM Interconnection,US-MIDA-PJM,374.46,446.18,37.82,7.15,pjm.com,false,
2023-02-03 19:00:00,USA,PJM Interconnection,US-MIDA-PJM,371.62,443.09,38.14,7.07,pjm.com,false,
2023-02-03 20:00:00,USA,PJM Interconnection,US-MIDA-PJM,371.59,443.53,37.8,6.79,pjm.com,false,
2023-02-03 21:00:00,USA,PJM Interconnection,US-MIDA-PJM,373.36,446.75,36.63,6.38,pjm.com,false,
2023-02-03 22:00:00,USA,PJM Interconnection,US-MIDA-PJM,385.21,460.52,34.64,5.92,pjm.com,false,
2023-02-03 23:00:00,USA,PJM Interconnection,US-MIDA-PJM,401.05,477.72,32.9,5.55,pjm.com,false,
2023-02-04 00:00:00,USA,PJM Interconnection,US-MIDA-PJM,403.44,479.65,33.14,5.72,pjm.com,false,
2023-02-04 01:00:00,USA,PJM Interconnection,US-MIDA-PJM,401.04,477.1,33.35,5.94,pjm.com,false,
2023-02-04 02:00:00,USA,PJM Interconnection,US-MIDA-PJM,404.35,480.0,33.51,5.82,pjm.com,false,
2023-02-04 03:00:00,USA,PJM Interconnection,US-MIDA-PJM,404.94,479.77,33.82,5.43,pjm.com,false,
2023-02-04 04:00:00,USA,PJM Interconnection,US-MIDA-PJM,406.83,481.26,33.88,4.7,pjm.com,false,
2023-02-04 05:00:00,USA,PJM Interconnection,US-MIDA-PJM,403.94,477.15,34.89,5.18,pjm.com,false,
2023-02-04 06:00:00,USA,PJM Interconnection,US-MIDA-PJM,407.92,481.09,34.68,4.64,pjm.com,false,
2023-02-04 07:00:00,USA,PJM Interconnection,US-MIDA-PJM,403.22,475.68,35.42,5.18,pjm.com,false,
2023-02-04 08:00:00,USA,PJM Interconnection,US-MIDA-PJM,396.53,468.77,35.97,5.72,pjm.com,false,
2023-02-04 09:00:00,USA,PJM Interconnection,US-MIDA-PJM,391.44,463.5,36.46,6.41,pjm.com,false,
2023-02-04 10:00:00,USA,PJM Interconnection,US-MIDA-PJM,390.22,462.14,36.58,7.02,pjm.com,false,
2023-02-04 11:00:00,USA,PJM Interconnection,US-MIDA-PJM,391.41,463.85,36.35,7.61,pjm.com,false,
2023-02-04 12:00:00,USA,PJM Interconnection,US-MIDA-PJM,386.19,458.22,36.86,8.85,pjm.com,false,
2023-02-04 13:00:00,USA,PJM Interconnection,US-MIDA-PJM,378.98,450.16,38.07,10.17,pjm.com,false,
2023-02-04 14:00:00,USA,PJM Interconnection,US-MIDA-PJM,368.41,438.53,39.21,10.75,pjm.com,false,
2023-02-04 15:00:00,USA,PJM Interconnection,US-MIDA-PJM,357.99,427.2,40.34,10.85,pjm.com,false,
2023-02-04 16:00:00,USA,PJM Interconnection,US-MIDA-PJM,350.43,418.82,41.27,11.21,pjm.com,false,
2023-02-04 17:00:00,USA,PJM Interconnection,US-MIDA-PJM,344.72,411.6,42.67,11.41,pjm.com,false,
2023-02-04 18:00:00,USA,PJM Interconnection,US-MIDA-PJM,337.95,403.3,44.14,11.89,pjm.com,false,
2023-02-04 19:00:00,USA,PJM Interconnection,US-MIDA-PJM,334.19,398.36,45.15,12.18,pjm.com,false,
2023-02-04 20:00:00,USA,PJM Interconnection,US-MIDA-PJM,334.75,399.49,44.65,11.75,pjm.com,false,
2023-02-04 21:00:00,USA,PJM Interconnection,US-MIDA-PJM,339.55,406.11,42.94,10.58,pjm.com,false,
2023-02-04 22:00:00,USA,PJM Interconnection,US-MIDA-PJM,348.51,418.19,40.04,8.8,pjm.com,false,
2023-02-04 23:00:00,USA,PJM Interconnection,US-MIDA-PJM,348.47,418.84,39.58,9.68,pjm.com,false,
2023-02-05 00:00:00,USA,PJM Interconnection,US-MIDA-PJM,353.4,424.16,38.99,9.31,pjm.com,false,
2023-02-05 01:00:00,USA,PJM Interconnection,US-MIDA-PJM,349.76,420.07,39.48,9.48,pjm.com,false,
2023-02-05 02:00:00,USA,PJM Interconnection,US-MIDA-PJM,345.22,414.67,40.32,9.58,pjm.com,false,
2023-02-05 03:00:00,USA,PJM Interconnection,US-MIDA-PJM,342.56,410.95,41.15,9.54,pjm.com,false,
2023-02-05 04:00:00,USA,PJM Interconnection,US-MIDA-PJM,339.73,406.75,42.34,10.03,pjm.com,false,
2023-02-05 05:00:00,USA,PJM Interconnection,US-MIDA-PJM,334.58,399.7,44.08,10.79,pjm.com,false,
2023-02-05 06:00:00,USA,PJM Interconnection,US-MIDA-PJM,333.69,398.71,44.14,10.28,pjm.com,false,
2023-02-05 07:00:00,USA,PJM Interconnection,US-MIDA-PJM,331.93,396.71,44.4,10.34,pjm.com,false,
2023-02-05 08:00:00,USA,PJM Interconnection,US-MIDA-PJM,330.8,395.16,44.77,10.38,pjm.com,false,
2023-02-05 09:00:00,USA,PJM Interconnection,US-MIDA-PJM,330.55,394.49,45.12,10.46,pjm.com,false,
2023-02-05 10:00:00,USA,PJM Interconnection,US-MIDA-PJM,330.74,395.37,44.6,10.24,pjm.com,false,
2023-02-05 11:00:00,USA,PJM Interconnection,US-MIDA-PJM,331.68,396.85,44.21,10.45,pjm.com,false,
2023-02-05 12:00:00,USA,PJM Interconnection,US-MIDA-PJM,333.43,399.32,43.62,10.4,pjm.com,false,
2023-02-05 13:00:00,USA,PJM Interconnection,US-MIDA-PJM,333.66,399.73,43.54,10.65,pjm.com,false,
2023-02-05 14:00:00,USA,PJM Interconnection,US-MIDA-PJM,331.95,397.45,44.08,10.83,pjm.com,false,
2023-02-05 15:00:00,USA,PJM Interconnection,US-MIDA-PJM,330.86,395.11,45.1,11.11,pjm.com,false,
2023-02-05 16:00:00,USA,PJM Interconnection,US-MIDA-PJM,333.08,397.62,44.77,10.38,pjm.com,false,
2023-02-05 17:00:00,USA,PJM Interconnection,US-MIDA-PJM,332.79,397.1,44.93,10.31,pjm.com,false,
2023-02-05 18:00:00,USA,PJM Interconnection,US-MIDA-PJM,331.27,394.62,45.66,10.48,pjm.com,false,
2023-02-05 19:00:00,USA,PJM Interconnection,US-MIDA-PJM,331.21,395.04,45.26,10.07,pjm.com,false,
2023-02-05 20:00:00,USA,PJM Interconnection,US-MIDA-PJM,330.62,394.55,45.16,9.57,pjm.com,false,
2023-02-05 21:00:00,USA,PJM Interconnection,US-MIDA-PJM,332.11,396.81,44.5,9.22,pjm.com,false,
2023-02-05 22:00:00,USA,PJM Interconnection,US-MIDA-PJM,338.91,406.37,42.12,7.86,pjm.com,false,
2023-02-05 23:00:00,USA,PJM Interconnection,US-MIDA-PJM,344.01,413.52,40.38,7.57,pjm.com,false,
2023-02-06 00:00:00,USA,PJM Interconnection,US-MIDA-PJM,346.1,415.76,40.13,7.17,pjm.com,false,
2023-02-06 01:00:00,USA,PJM Interconnection,US-MIDA-PJM,348.09,417.69,40.02,6.59,pjm.com,false,
2023-02-06 02:00:00,USA,PJM Interconnection,US-MIDA-PJM,346.83,415.93,40.45,6.1,pjm.com,false,
2023-02-06 03:00:00,USA,PJM Interconnection,US-MIDA-PJM,345.63,413.91,41.12,5.49,pjm.com,false,
2023-02-06 04:00:00,USA,PJM Interconnection,US-MIDA-PJM,343.68,411.05,41.91,5.19,pjm.com,false,
2023-02-06 05:00:00,USA,PJM Interconnection,US-MIDA-PJM,343.16,409.4,42.8,4.55,pjm.com,false,
2023-02-06 06:00:00,USA,PJM Interconnection,US-MIDA-PJM,344.78,411.87,42.09,3.9,pjm.com,false,
2023-02-06 07:00:00,USA,PJM Interconnection,US-MIDA-PJM,348.25,416.13,41.31,3.1,pjm.com,false,
2023-02-06 08:00:00,USA,PJM Interconnection,US-MIDA-PJM,347.84,415.72,41.33,3.11,pjm.com,false,
2023-02-06 09:00:00,USA,PJM Interconnection,US-MIDA-PJM,346.96,415.19,41.11,3.5,pjm.com,false,
2023-02-06 10:00:00,USA,PJM Interconnection,US-MIDA-PJM,346.27,415.63,40.32,4.27,pjm.com,false,
2023-02-06 11:00:00,USA,PJM Interconnection,US-MIDA-PJM,335.9,404.83,41.41,7.95,pjm.com,false,
2023-02-06 12:00:00,USA,PJM Interconnection,US-MIDA-PJM,345.63,415.77,40.0,8.33,pjm.com,false,
2023-02-06 13:00:00,USA,PJM Interconnection,US-MIDA-PJM,343.91,413.47,40.51,8.73,pjm.com,false,
2023-02-06 14:00:00,USA,PJM Interconnection,US-MIDA-PJM,340.23,408.24,41.89,9.18,pjm.com,false,
2023-02-06 15:00:00,USA,PJM Interconnection,US-MIDA-PJM,336.08,402.98,42.99,9.88,pjm.com,false,
2023-02-06 16:00:00,USA,PJM Interconnection,US-MIDA-PJM,340.35,407.84,42.26,8.89,pjm.com,false,
2023-02-06 17:00:00,USA,PJM Interconnection,US-MIDA-PJM,340.38,407.83,42.25,8.68,pjm.com,false,
2023-02-06 18:00:00,USA,PJM Interconnection,US-MIDA-PJM,339.11,406.21,42.55,8.95,pjm.com,false,
2023-02-06 19:00:00,USA,PJM Interconnection,US-MIDA-PJM,332.18,397.6,44.2,9.92,pjm.com,false,
2023-02-06 20:00:00,USA,PJM Interconnection,US-MIDA-PJM,330.9,396.67,44.03,9.96,pjm.com,false,
2023-02-06 21:00:00,USA,PJM Interconnection,US-MIDA-PJM,332.42,399.41,42.9,9.32,pjm.com,false,
2023-02-06 22:00:00,USA,PJM Interconnection,US-MIDA-PJM,331.63,399.3,42.42,9.69,pjm.com,false,
2023-02-06 23:00:00,USA,PJM Interconnection,US-MIDA-PJM,330.42,398.24,42.45,10.92,pjm.com,false,
2023-02-07 00:00:00,USA,PJM Interconnection,US-MIDA-PJM,330.94,399.29,41.95,10.32,pjm.com,false,
2023-02-07 01:00:00,USA,PJM Interconnection,US-MIDA-PJM,331.67,399.66,42.17,10.08,pjm.com,false,
2023-02-07 02:00:00,USA,PJM Interconnection,US-MIDA-PJM,328.4,396.44,42.28,9.64,pjm.com,false,
2023-02-07 03:00:00,USA,PJM Interconnection,US-MIDA-PJM,325.58,392.37,43.28,9.43,pjm.com,false,
2023-02-07 04:00:00,USA,PJM Interconnection,US-MIDA-PJM,325.26,391.66,43.54,8.93,pjm.com,false,
2023-02-07 05:00:00,USA,PJM Interconnection,US-MIDA-PJM,324.05,390.03,43.98,8.82,pjm.com,false,
2023-02-07 06:00:00,USA,PJM Interconnection,US-MIDA-PJM,320.48,387.25,43.5,8.74,pjm.com,false,
2023-02-07 07:00:00,USA,PJM Interconnection,US-MIDA-PJM,317.17,383.19,44.23,9.09,pjm.com,false,
2023-02-07 08:00:00,USA,PJM Interconnection,US-MIDA-PJM,316.87,383.0,44.17,9.45,pjm.com,false,
2023-02-07 09:00:00,USA,PJM Interconnection,US-MIDA-PJM,318.95,385.97,43.42,9.37,pjm.com,false,
2023-02-07 10:00:00,USA,PJM Interconnection,US-MIDA-PJM,323.74,392.09,42.25,9.9,pjm.com,false,
2023-02-07 11:00:00,USA,PJM Interconnection,US-MIDA-PJM,326.84,395.74,41.89,11.67,pjm.com,false,
2023-02-07 12:00:00,USA,PJM Interconnection,US-MIDA-PJM,342.08,412.41,40.07,11.34,pjm.com,false,
2023-02-07 13:00:00,USA,PJM Interconnection,US-MIDA-PJM,332.88,401.5,41.86,12.24,pjm.com,false,
2023-02-07 14:00:00,USA,PJM Interconnection,US-MIDA-PJM,325.91,393.37,43.09,12.25,pjm.com,false,
2023-02-07 15:00:00,USA,PJM Interconnection,US-MIDA-PJM,326.96,394.58,43.04,11.58,pjm.com,false,
2023-02-07 16:00:00,USA,PJM Interconnection,US-MIDA-PJM,326.74,392.99,43.89,11.13,pjm.com,false,
2023-02-07 17:00:00,USA,PJM Interconnection,US-MIDA-PJM,328.49,395.1,43.53,10.58,pjm.com,false,
2023-02-07 18:00:00,USA,PJM Interconnection,US-MIDA-PJM,326.84,393.57,43.51,10.49,pjm.com,false,
2023-02-07 19:00:00,USA,PJM Interconnection,US-MIDA-PJM,328.28,394.7,43.59,9.88,pjm.com,false,
2023-02-07 20:00:00,USA,PJM Interconnection,US-MIDA-PJM,329.17,395.63,43.47,9.4,pjm.com,false,
2023-02-07 21:00:00,USA,PJM Interconnection,US-MIDA-PJM,334.74,403.64,41.31,7.69,pjm.com,false,
2023-02-07 22:00:00,USA,PJM Interconnection,US-MIDA-PJM,338.17,408.59,40.05,7.07,pjm.com,false,
2023-02-07 23:00:00,USA,PJM Interconnection,US-MIDA-PJM,339.26,410.04,39.77,7.94,pjm.com,false,
2023-02-08 00:00:00,USA,PJM Interconnection,US-MIDA-PJM,331.5,401.81,40.49,8.25,pjm.com,false,
2023-02-08 01:00:00,USA,PJM Interconnection,US-MIDA-PJM,336.07,406.85,39.78,7.1,pjm.com,false,
2023-02-08 02:00:00,USA,PJM Interconnection,US-MIDA-PJM,332.13,401.91,40.67,6.68,pjm.com,false,
2023-02-08 03:00:00,USA,PJM Interconnection,US-MIDA-PJM,325.65,394.2,41.89,6.57,pjm.com,false,
2023-02-08 04:00:00,USA,PJM Interconnection,US-MIDA-PJM,321.53,388.88,42.99,6.49,pjm.com,false,
2023-02-08 05:00:00,USA,PJM Interconnection,US-MIDA-PJM,320.13,386.97,43.45,5.88,pjm.com,false,
2023-02-08 06:00:00,USA,PJM Interconnection,US-MIDA-PJM,320.33,388.29,42.61,5.12,pjm.com,false,
2023-02-08 07:00:00,USA,PJM Interconnection,US-MIDA-PJM,319.8,388.05,42.42,4.39,pjm.com,false,
2023-02-08 08:00:00,USA,PJM Interconnection,US-MIDA-PJM,322.3,391.35,41.69,3.86,pjm.com,false,
2023-02-08 09:00:00,USA,PJM Interconnection,US-MIDA-PJM,323.98,393.45,41.31,3.81,pjm.com,false,
2023-02-08 10:00:00,USA,PJM Interconnection,US-MIDA-PJM,329.88,400.04,40.53,3.81,pjm.com,false,
2023-02-08 11:00:00,USA,PJM Interconnection,US-MIDA-PJM,335.33,406.14,40.01,6.3,pjm.com,false,
2023-02-08 12:00:00,USA,PJM Interconnection,US-MIDA-PJM,342.94,415.1,38.64,6.4,pjm.com,false,
2023-02-08 13:00:00,USA,PJM Interconnection,US-MIDA-PJM,342.86,414.64,39.03,6.66,pjm.com,false,
2023-02-08 14:00:00,USA,PJM Interconnection,US-MIDA-PJM,340.93,411.96,39.61,5.81,pjm.com,false,
2023-02-08 15:00:00,USA,PJM Interconnection,US-MIDA-PJM,336.96,407.03,40.54,5.89,pjm.com,false,
2023-02-08 16:00:00,USA,PJM Interconnection,US-MIDA-PJM,337.35,407.06,40.78,5.37,pjm.com,false,
2023-02-08 17:00:00,USA,PJM Interconnection,US-MIDA-PJM,333.65,402.55,41.59,5.63,pjm.com,false,
2023-02-08 18:00:00,USA,PJM Interconnection,US-MIDA-PJM,333.38,402.86,41.17,5.19,pjm.com,false,
2023-02-08 19:00:00,USA,PJM Interconnection,US-MIDA-PJM,333.23,403.1,40.85,4.79,pjm.com,false,
2023-02-08 20:00:00,USA,PJM Interconnection,US-MIDA-PJM,336.23,406.89,40.06,4.02,pjm.com,false,
2023-02-08 21:00:00,USA,PJM Interconnection,US-MIDA-PJM,340.66,412.96,38.51,3.06,pjm.com,false,
2023-02-08 22:00:00,USA,PJM Interconnection,US-MIDA-PJM,337.96,410.4,38.61,4.17,pjm.com,false,
2023-02-08 23:00:00,USA,PJM Interconnection,US-MIDA-PJM,344.28,416.71,38.34,5.45,pjm.com,false,
2023-02-09 00:00:00,USA,PJM Interconnection,US-MIDA-PJM,341.91,414.32,38.4,5.28,pjm.com,false,
2023-02-09 01:00:00,USA,PJM Interconnection,US-MIDA-PJM,337.61,409.46,38.93,5.17,pjm.com,false,
2023-02-09 02:00:00,USA,PJM Interconnection,US-MIDA-PJM,330.98,401.4,40.27,5.52,pjm.com,false,
2023-02-09 03:00:00,USA,PJM Interconnection,US-MIDA-PJM,323.74,392.39,41.95,6.4,pjm.com,false,
2023-02-09 04:00:00,USA,PJM Interconnection,US-MIDA-PJM,318.46,384.82,43.87,6.92,pjm.com,false,
2023-02-09 05:00:00,USA,PJM Interconnection,US-MIDA-PJM,314.67,379.96,44.87,7.03,pjm.com,false,
2023-02-09 06:00:00,USA,PJM Interconnection,US-MIDA-PJM,314.84,380.84,44.35,6.64,pjm.com,false,
2023-02-09 07:00:00,USA,PJM Interconnection,US-MIDA-PJM,311.71,377.38,44.75,6.65,pjm.com,false,
2023-02-09 08:00:00,USA,PJM Interconnection,US-MIDA-PJM,306.99,371.31,45.99,7.53,pjm.com,false,
2023-02-09 09:00:00,USA,PJM Interconnection,US-MIDA-PJM,301.87,365.29,46.91,8.62,pjm.com,false,
2023-02-09 10:00:00,USA,PJM Interconnection,US-MIDA-PJM,299.71,363.08,47.13,9.71,pjm.com,false,
2023-02-09 11:00:00,USA,PJM Interconnection,US-MIDA-PJM,294.53,357.56,47.87,12.89,pjm.com,false,
2023-02-09 12:00:00,USA,PJM Interconnection,US-MIDA-PJM,303.47,369.02,45.54,12.49,pjm.com,false,
2023-02-09 13:00:00,USA,PJM Interconnection,US-MIDA-PJM,307.37,373.72,44.82,11.91,pjm.com,false,
2023-02-09 14:00:00,USA,PJM Interconnection,US-MIDA-PJM,308.17,374.24,44.95,11.61,pjm.com,false,
2023-02-09 15:00:00,USA,PJM Interconnection,US-MIDA-PJM,307.79,373.98,44.88,11.61,pjm.com,false,
2023-02-09 16:00:00,USA,PJM Interconnection,US-MIDA-PJM,305.57,371.17,45.51,11.64,pjm.com,false,
2023-02-09 17:00:00,USA,PJM Interconnection,US-MIDA-PJM,301.57,366.5,46.13,12.01,pjm.com,false,
2023-02-09 18:00:00,USA,PJM Interconnection,US-MIDA-PJM,297.34,361.34,47.03,12.77,pjm.com,false,
2023-02-09 19:00:00,USA,PJM Interconnection,US-MIDA-PJM,300.88,365.98,45.96,11.66,pjm.com,false,
2023-02-09 20:00:00,USA,PJM Interconnection,US-MIDA-PJM,303.09,368.34,45.69,11.2,pjm.com,false,
2023-02-09 21:00:00,USA,PJM Interconnection,US-MIDA-PJM,301.48,366.45,45.97,11.07,pjm.com,false,
2023-02-09 22:00:00,USA,PJM Interconnection,US-MIDA-PJM,297.88,362.49,46.45,11.79,pjm.com,false,
2023-02-09 23:00:00,USA,PJM Interconnection,US-MIDA-PJM,296.02,360.97,46.31,12.9,pjm.com,false,
2023-02-10 00:00:00,USA,PJM Interconnection,US-MIDA-PJM,301.86,367.19,45.67,12.11,pjm.com,false,
2023-02-10 01:00:00,USA,PJM Interconnection,US-MIDA-PJM,304.45,369.7,45.54,11.47,pjm.com,false,
2023-02-10 02:00:00,USA,PJM Interconnection,US-MIDA-PJM,305.63,370.6,45.64,10.51,pjm.com,false,
2023-02-10 03:00:00,USA,PJM Interconnection,US-MIDA-PJM,306.56,371.59,45.51,9.2,pjm.com,false,
2023-02-10 04:00:00,USA,PJM Interconnection,US-MIDA-PJM,303.28,366.52,47.01,9.29,pjm.com,false,
2023-02-10 05:00:00,USA,PJM Interconnection,US-MIDA-PJM,298.62,360.3,48.41,9.59,pjm.com,false,
2023-02-10 06:00:00,USA,PJM Interconnection,US-MIDA-PJM,299.77,362.59,47.51,8.82,pjm.com,false,
2023-02-10 07:00:00,USA,PJM Interconnection,US-MIDA-PJM,296.58,358.65,48.21,8.64,pjm.com,false,
2023-02-10 08:00:00,USA,PJM Interconnection,US-MIDA-PJM,297.79,360.1,48.0,8.3,pjm.com,false,
2023-02-10 09:00:00,USA,PJM Interconnection,US-MIDA-PJM,301.85,365.82,46.55,7.18,pjm.com,false,
2023-02-10 10:00:00,USA,PJM Interconnection,US-MIDA-PJM,306.62,372.17,45.12,6.79,pjm.com,false,
2023-02-10 11:00:00,USA,PJM Interconnection,US-MIDA-PJM,310.81,377.63,44.09,7.74,pjm.com,false,
2023-02-10 12:00:00,USA,PJM Interconnection,US-MIDA-PJM,311.98,380.05,43.23,8.83,pjm.com,false,
2023-02-10 13:00:00,USA,PJM Interconnection,US-MIDA-PJM,317.09,385.45,42.75,8.54,pjm.com,false,
2023-02-10 14:00:00,USA,PJM Interconnection,US-MIDA-PJM,313.41,381.33,43.31,9.04,pjm.com,false,
2023-02-10 15:00:00,USA,PJM Interconnection,US-MIDA-PJM,312.07,379.93,43.46,9.28,pjm.com,false,
2023-02-10 16:00:00,USA,PJM Interconnection,US-MIDA-PJM,312.79,380.9,43.24,9.33,pjm.com,false,
2023-02-10 17:00:00,USA,PJM Interconnection,US-MIDA-PJM,309.64,376.51,44.29,9.64,pjm.com,false,
2023-02-10 18:00:00,USA,PJM Interconnection,US-MIDA-PJM,309.11,375.58,44.6,9.59,pjm.com,false,
2023-02-10 19:00:00,USA,PJM Interconnection,US-MIDA-PJM,309.2,375.7,44.55,9.37,pjm.com,false,
2023-02-10 20:00:00,USA,PJM Interconnection,US-MIDA-PJM,312.89,380.33,43.62,8.47,pjm.com,false,
2023-02-10 21:00:00,USA,PJM Interconnection,US-MIDA-PJM,315.64,384.06,42.72,7.82,pjm.com,false,
2023-02-10 22:00:00,USA,PJM Interconnection,US-MIDA-PJM,316.32,385.5,42.11,7.88,pjm.com,false,
2023-02-10 23:00:00,USA,PJM Interconnection,US-MIDA-PJM,315.37,384.87,42.0,8.55,pjm.com,false,
2023-02-11 00:00:00,USA,PJM Interconnection,US-MIDA-PJM,316.98,386.31,41.99,8.17,pjm.com,false,
2023-02-11 01:00:00,USA,PJM Interconnection,US-MIDA-PJM,320.53,390.34,41.37,7.28,pjm.com,false,
2023-02-11 02:00:00,USA,PJM Interconnection,US-MIDA-PJM,324.74,394.83,40.85,5.96,pjm.com,false,
2023-02-11 03:00:00,USA,PJM Interconnection,US-MIDA-PJM,323.5,392.98,41.35,5.34,pjm.com,false,
2023-02-11 04:00:00,USA,PJM Interconnection,US-MIDA-PJM,322.05,391.55,41.42,4.73,pjm.com,false,
2023-02-11 05:00:00,USA,PJM Interconnection,US-MIDA-PJM,319.59,388.25,42.16,3.86,pjm.com,false,
2023-02-11 06:00:00,USA,PJM Interconnection,US-MIDA-PJM,312.38,381.02,42.55,3.58,pjm.com,false,
2023-02-11 07:00:00,USA,PJM Interconnection,US-MIDA-PJM,311.5,379.78,42.87,3.48,pjm.com,false,
2023-02-11 08:00:00,USA,PJM Interconnection,US-MIDA-PJM,313.28,382.04,42.42,3.33,pjm.com,false,
2023-02-11 09:00:00,USA,PJM Interconnection,US-MIDA-PJM,312.81,381.63,42.38,3.26,pjm.com,false,
2023-02-11 10:00:00,USA,PJM Interconnection,US-MIDA-PJM,315.71,385.24,41.73,3.12,pjm.com,false,
2023-02-11 11:00:00,USA,PJM Interconnection,US-MIDA-PJM,318.38,388.97,40.86,3.39,pjm.com,false,
2023-02-11 12:00:00,USA,PJM Interconnection,US-MIDA-PJM,319.29,390.23,40.65,4.29,pjm.com,false,
2023-02-11 13:00:00,USA,PJM Interconnection,US-MIDA-PJM,317.49,387.94,41.2,5.1,pjm.com,false,
2023-02-11 14:00:00,USA,PJM Interconnection,US-MIDA-PJM,313.84,383.2,42.34,6.17,pjm.com,false,
2023-02-11 15:00:00,USA,PJM Interconnection,US-MIDA-PJM,316.05,385.53,42.14,5.62,pjm.com,false,
2023-02-11 16:00:00,USA,PJM Interconnection,US-MIDA-PJM,313.82,382.66,42.8,5.67,pjm.com,false,
2023-02-11 17:00:00,USA,PJM Interconnection,US-MIDA-PJM,309.33,377.11,43.83,5.69,pjm.com,false,
2023-02-11 18:00:00,USA,PJM Interconnection,US-MIDA-PJM,305.75,372.89,44.43,5.68,pjm.com,false,
2023-02-11 19:00:00,USA,PJM Interconnection,US-MIDA-PJM,307.0,374.76,43.87,5.18,pjm.com,false,
2023-02-11 20:00:00,USA,PJM Interconnection,US-MIDA-PJM,308.79,377.54,43.0,4.67,pjm.com,false,
2023-02-11 21:00:00,USA,PJM Interconnection,US-MIDA-PJM,311.6,381.22,42.19,4.13,pjm.com,false,
2023-02-11 22:00:00,USA,PJM Interconnection,US-MIDA-PJM,313.93,384.56,41.48,4.43,pjm.com,false,
2023-02-11 23:00:00,USA,PJM Interconnection,US-MIDA-PJM,313.64,384.84,41.19,5.72,pjm.com,false,
2023-02-12 00:00:00,USA,PJM Interconnection,US-MIDA-PJM,315.91,386.89,41.12,5.71,pjm.com,false,
2023-02-12 01:00:00,USA,PJM Interconnection,US-MIDA-PJM,314.45,385.43,41.17,5.72,pjm.com,false,
2023-02-12 02:00:00,USA,PJM Interconnection,US-MIDA-PJM,316.77,388.21,40.41,4.21,pjm.com,false,
2023-02-12 03:00:00,USA,PJM Interconnection,US-MIDA-PJM,316.36,387.47,40.54,3.61,pjm.com,false,
2023-02-12 04:00:00,USA,PJM Interconnection,US-MIDA-PJM,314.81,385.53,40.94,3.68,pjm.com,false,
2023-02-12 05:00:00,USA,PJM Interconnection,US-MIDA-PJM,315.68,385.43,41.63,3.66,pjm.com,false,
2023-02-12 06:00:00,USA,PJM Interconnection,US-MIDA-PJM,316.36,385.76,41.86,3.42,pjm.com,false,
2023-02-12 07:00:00,USA,PJM Interconnection,US-MIDA-PJM,315.52,385.07,41.79,3.42,pjm.com,false,
2023-02-12 08:00:00,USA,PJM Interconnection,US-MIDA-PJM,316.21,385.94,41.63,3.31,pjm.com,false,
2023-02-12 09:00:00,USA,PJM Interconnection,US-MIDA-PJM,317.42,387.4,41.37,3.23,pjm.com,false,
2023-02-12 10:00:00,USA,PJM Interconnection,US-MIDA-PJM,316.71,386.51,41.55,3.54,pjm.com,false,
2023-02-12 11:00:00,USA,PJM Interconnection,US-MIDA-PJM,315.56,385.38,41.66,4.09,pjm.com,false,
2023-02-12 12:00:00,USA,PJM Interconnection,US-MIDA-PJM,316.86,387.44,41.04,4.48,pjm.com,false,
2023-02-12 13:00:00,USA,PJM Interconnection,US-MIDA-PJM,323.1,394.63,40.07,4.8,pjm.com,false,
2023-02-12 14:00:00,USA,PJM Interconnection,US-MIDA-PJM,315.79,386.17,41.54,6.15,pjm.com,false,
2023-02-12 15:00:00,USA,PJM Interconnection,US-MIDA-PJM,320.73,392.63,40.14,4.91,pjm.com,false,
2023-02-12 16:00:00,USA,PJM Interconnection,US-MIDA-PJM,324.05,396.47,39.56,4.23,pjm.com,false,
2023-02-12 17:00:00,USA,PJM Interconnection,US-MIDA-PJM,327.1,399.62,39.23,3.51,pjm.com,false,
2023-02-12 18:00:00,USA,PJM Interconnection,US-MIDA-PJM,324.91,396.84,39.78,3.69,pjm.com,false,
2023-02-12 19:00:00,USA,PJM Interconnection,US-MIDA-PJM,323.31,395.28,39.73,3.72,pjm.com,false,
2023-02-12 20:00:00,USA,PJM Interconnection,US-MIDA-PJM,319.54,390.57,40.63,4.29,pjm.com,false,
2023-02-12 21:00:00,USA,PJM Interconnection,US-MIDA-PJM,317.48,388.66,40.7,4.86,pjm.com,false,
2023-02-12 22:00:00,USA,PJM Interconnection,US-MIDA-PJM,319.55,391.44,40.11,5.04,pjm.com,false,
2023-02-12 23:00:00,USA,PJM Interconnection,US-MIDA-PJM,312.87,383.75,41.33,7.16,pjm.com,false,
2023-02-13 00:00:00,USA,PJM Interconnection,US-MIDA-PJM,310.6,380.61,42.03,7.44,pjm.com,false,
2023-02-13 01:00:00,USA,PJM Interconnection,US-MIDA-PJM,310.25,379.99,42.12,7.59,pjm.com,false,
2023-02-13 02:00:00,USA,PJM Interconnection,US-MIDA-PJM,309.98,379.17,42.33,7.68,pjm.com,false,
2023-02-13 03:00:00,USA,PJM Interconnection,US-MIDA-PJM,308.18,376.53,43.01,8.15,pjm.com,false,
2023-02-13 04:00:00,USA,PJM Interconnection,US-MIDA-PJM,307.38,375.56,43.16,8.36,pjm.com,false,
2023-02-13 05:00:00,USA,PJM Interconnection,US-MIDA-PJM,304.73,372.18,43.84,7.87,pjm.com,false,
2023-02-13 06:00:00,USA,PJM Interconnection,US-MIDA-PJM,301.91,368.86,44.36,8.21,pjm.com,false,
2023-02-13 07:00:00,USA,PJM Interconnection,US-MIDA-PJM,298.8,365.04,45.03,8.6,pjm.com,false,
2023-02-13 08:00:00,USA,PJM Interconnection,US-MIDA-PJM,301.19,367.8,44.65,8.12,pjm.com,false,
2023-02-13 09:00:00,USA,PJM Interconnection,US-MIDA-PJM,303.45,370.41,44.33,8.08,pjm.com,false,
2023-02-13 10:00:00,USA,PJM Interconnection,US-MIDA-PJM,306.01,374.2,43.53,8.77,pjm.com,false,
2023-02-13 11:00:00,USA,PJM Interconnection,US-MIDA-PJM,308.52,378.02,42.67,10.56,pjm.com,false,
2023-02-13 12:00:00,USA,PJM Interconnection,US-MIDA-PJM,314.4,385.22,41.42,10.65,pjm.com,false,
2023-02-13 13:00:00,USA,PJM Interconnection,US-MIDA-PJM,307.04,375.87,43.3,11.8,pjm.com,false,
2023-02-13 14:00:00,USA,PJM Interconnection,US-MIDA-PJM,306.15,373.84,44.18,11.65,pjm.com,false,
2023-02-13 15:00:00,USA,PJM Interconnection,US-MIDA-PJM,315.23,384.35,42.56,9.46,pjm.com,false,
2023-02-13 16:00:00,USA,PJM Interconnection,US-MIDA-PJM,315.88,384.52,42.8,8.93,pjm.com,false,
2023-02-13 17:00:00,USA,PJM Interconnection,US-MIDA-PJM,311.87,379.5,43.74,9.41,pjm.com,false,
2023-02-13 18:00:00,USA,PJM Interconnection,US-MIDA-PJM,307.47,374.31,44.52,9.82,pjm.com,false,
2023-02-13 19:00:00,USA,PJM Interconnection,US-MIDA-PJM,303.03,369.0,45.38,10.09,pjm.com,false,
2023-02-13 20:00:00,USA,PJM Interconnection,US-MIDA-PJM,301.46,367.91,45.11,9.62,pjm.com,false,
2023-02-13 21:00:00,USA,PJM Interconnection,US-MIDA-PJM,302.75,370.29,44.18,8.47,pjm.com,false,
2023-02-13 22:00:00,USA,PJM Interconnection,US-MIDA-PJM,309.62,379.48,42.04,7.4,pjm.com,false,
2023-02-13 23:00:00,USA,PJM Interconnection,US-MIDA-PJM,312.7,383.53,41.27,8.28,pjm.com,false,
2023-02-14 00:00:00,USA,PJM Interconnection,US-MIDA-PJM,321.9,393.38,40.26,7.37,pjm.com,false,
2023-02-14 01:00:00,USA,PJM Interconnection,US-MIDA-PJM,326.87,398.93,39.5,6.27,pjm.com,false,
2023-02-14 02:00:00,USA,PJM Interconnection,US-MIDA-PJM,335.01,407.27,38.81,4.58,pjm.com,false,
2023-02-14 03:00:00,USA,PJM Interconnection,US-MIDA-PJM,328.17,399.71,39.66,4.15,pjm.com,false,
2023-02-14 04:00:00,USA,PJM Interconnection,US-MIDA-PJM,318.74,389.32,40.82,4.74,pjm.com,false,
2023-02-14 05:00:00,USA,PJM Interconnection,US-MIDA-PJM,311.69,381.32,41.88,5.2,pjm.com,false,
2023-02-14 06:00:00,USA,PJM Interconnection,US-MIDA-PJM,308.54,377.68,42.41,5.65,pjm.com,false,
2023-02-14 07:00:00,USA,PJM Interconnection,US-MIDA-PJM,305.28,373.76,43.05,6.66,pjm.com,false,
2023-02-14 08:00:00,USA,PJM Interconnection,US-MIDA-PJM,304.52,372.36,43.57,7.18,pjm.com,false,
2023-02-14 09:00:00,USA,PJM Interconnection,US-MIDA-PJM,304.19,372.08,43.61,7.81,pjm.com,false,
2023-02-14 10:00:00,USA,PJM Interconnection,US-MIDA-PJM,302.82,370.95,43.9,9.75,pjm.com,false,
2023-02-14 11:00:00,USA,PJM Interconnection,US-MIDA-PJM,303.63,372.82,43.18,11.34,pjm.com,false,
2023-02-14 12:00:00,USA,PJM Interconnection,US-MIDA-PJM,315.05,385.44,41.64,11.22,pjm.com,false,
2023-02-14 13:00:00,USA,PJM Interconnection,US-MIDA-PJM,309.19,378.62,42.69,11.46,pjm.com,false,
2023-02-14 14:00:00,USA,PJM Interconnection,US-MIDA-PJM,299.61,365.59,45.79,13.01,pjm.com,false,
2023-02-14 15:00:00,USA,PJM Interconnection,US-MIDA-PJM,302.0,367.83,45.69,12.19,pjm.com,false,
2023-02-14 16:00:00,USA,PJM Interconnection,US-MIDA-PJM,302.51,368.23,45.72,11.71,pjm.com,false,
2023-02-14 17:00:00,USA,PJM Interconnection,US-MIDA-PJM,302.9,368.43,45.84,11.28,pjm.com,false,
2023-02-14 18:00:00,USA,PJM Interconnection,US-MIDA-PJM,301.03,366.07,46.26,11.35,pjm.com,false,
2023-02-14 19:00:00,USA,PJM Interconnection,US-MIDA-PJM,296.68,361.44,46.6,11.71,pjm.com,false,
2023-02-14 20:00:00,USA,PJM Interconnection,US-MIDA-PJM,296.0,361.22,46.21,11.63,pjm.com,false,
2023-02-14 21:00:00,USA,PJM Interconnection,US-MIDA-PJM,297.59,363.34,45.62,10.96,pjm.com,false,
2023-02-14 22:00:00,USA,PJM Interconnection,US-MIDA-PJM,299.72,366.3,44.81,10.83,pjm.com,false,
2023-02-14 23:00:00,USA,PJM Interconnection,US-MIDA-PJM,302.76,370.34,43.96,11.36,pjm.com,false,
2023-02-15 00:00:00,USA,PJM Interconnection,US-MIDA-PJM,299.91,367.25,44.26,11.39,pjm.com,false,
2023-02-15 01:00:00,USA,PJM Interconnection,US-MIDA-PJM,296.89,363.9,44.63,11.2,pjm.com,false,
2023-02-15 02:00:00,USA,PJM Interconnection,US-MIDA-PJM,294.52,360.24,45.65,11.06,pjm.com,false,
2023-02-15 03:00:00,USA,PJM Interconnection,US-MIDA-PJM,288.43,352.5,47.12,11.3,pjm.com,false,
2023-02-15 04:00:00,USA,PJM Interconnection,US-MIDA-PJM,281.49,344.14,48.52,11.65,pjm.com,false,
2023-02-15 05:00:00,USA,PJM Interconnection,US-MIDA-PJM,272.56,333.42,50.43,12.12,pjm.com,false,
2023-02-15 06:00:00,USA,PJM Interconnection,US-MIDA-PJM,267.39,327.51,51.1,12.16,pjm.com,false,
2023-02-15 07:00:00,USA,PJM Interconnection,US-MIDA-PJM,266.26,326.39,51.16,12.05,pjm.com,false,
2023-02-15 08:00:00,USA,PJM Interconnection,US-MIDA-PJM,267.88,328.34,50.85,11.69,pjm.com,false,
2023-02-15 09:00:00,USA,PJM Interconnection,US-MIDA-PJM,268.98,329.89,50.47,11.72,pjm.com,false,
2023-02-15 10:00:00,USA,PJM Interconnection,US-MIDA-PJM,268.27,329.06,50.63,12.21,pjm.com,false,
2023-02-15 11:00:00,USA,PJM Interconnection,US-MIDA-PJM,268.24,330.37,49.87,13.93,pjm.com,false,
2023-02-15 12:00:00,USA,PJM Interconnection,US-MIDA-PJM,274.75,338.81,48.08,13.61,pjm.com,false,
2023-02-15 13:00:00,USA,PJM Interconnection,US-MIDA-PJM,275.35,339.55,48.04,14.04,pjm.com,false,
2023-02-15 14:00:00,USA,PJM Interconnection,US-MIDA-PJM,279.26,343.75,47.51,12.81,pjm.com,false,
2023-02-15 15:00:00,USA,PJM Interconnection,US-MIDA-PJM,276.13,339.45,48.61,13.45,pjm.com,false,
2023-02-15 16:00:00,USA,PJM Interconnection,US-MIDA-PJM,274.29,337.32,48.94,13.55,pjm.com,false,
2023-02-15 17:00:00,USA,PJM Interconnection,US-MIDA-PJM,269.75,331.82,49.91,13.99,pjm.com,false,
2023-02-15 18:00:00,USA,PJM Interconnection,US-MIDA-PJM,269.32,331.64,49.76,13.99,pjm.com,false,
2023-02-15 19:00:00,USA,PJM Interconnection,US-MIDA-PJM,270.04,332.62,49.53,13.34,pjm.com,false,
2023-02-15 20:00:00,USA,PJM Interconnection,US-MIDA-PJM,274.33,338.34,48.3,12.44,pjm.com,false,
2023-02-15 21:00:00,USA,PJM Interconnection,US-MIDA-PJM,282.65,348.4,46.74,10.58,pjm.com,false,
2023-02-15 22:00:00,USA,PJM Interconnection,US-MIDA-PJM,290.19,357.73,45.06,9.5,pjm.com,false,
2023-02-15 23:00:00,USA,PJM Interconnection,US-MIDA-PJM,292.22,360.53,44.51,9.99,pjm.com,false,
2023-02-16 00:00:00,USA,PJM Interconnection,US-MIDA-PJM,299.18,367.86,43.8,9.22,pjm.com,false,
2023-02-16 01:00:00,USA,PJM Interconnection,US-MIDA-PJM,303.65,372.84,43.05,7.78,pjm.com,false,
2023-02-16 02:00:00,USA,PJM Interconnection,US-MIDA-PJM,306.51,376.22,42.44,6.24,pjm.com,false,
2023-02-16 03:00:00,USA,PJM Interconnection,US-MIDA-PJM,300.56,368.8,43.52,5.55,pjm.com,false,
2023-02-16 04:00:00,USA,PJM Interconnection,US-MIDA-PJM,294.62,361.46,44.86,5.63,pjm.com,false,
2023-02-16 05:00:00,USA,PJM Interconnection,US-MIDA-PJM,292.41,359.23,44.95,5.27,pjm.com,false,
2023-02-16 06:00:00,USA,PJM Interconnection,US-MIDA-PJM,287.37,352.98,46.09,5.55,pjm.com,false,
2023-02-16 07:00:00,USA,PJM Interconnection,US-MIDA-PJM,286.78,352.28,46.21,5.63,pjm.com,false,
2023-02-16 08:00:00,USA,PJM Interconnection,US-MIDA-PJM,286.26,351.69,46.3,6.05,pjm.com,false,
2023-02-16 09:00:00,USA,PJM Interconnection,US-MIDA-PJM,283.4,348.45,46.72,7.04,pjm.com,false,
2023-02-16 10:00:00,USA,PJM Interconnection,US-MIDA-PJM,283.49,348.77,46.59,7.98,pjm.com,false,
2023-02-16 11:00:00,USA,PJM Interconnection,US-MIDA-PJM,285.43,352.36,45.73,9.51,pjm.com,false,
2023-02-16 12:00:00,USA,PJM Interconnection,US-MIDA-PJM,291.41,360.14,44.08,9.85,pjm.com,false,
2023-02-16 13:00:00,USA,PJM Interconnection,US-MIDA-PJM,287.16,355.1,44.91,10.84,pjm.com,false,
2023-02-16 14:00:00,USA,PJM Interconnection,US-MIDA-PJM,289.79,358.3,44.38,10.15,pjm.com,false,
2023-02-16 15:00:00,USA,PJM Interconnection,US-MIDA-PJM,298.54,367.97,43.18,8.85,pjm.com,false,
2023-02-16 16:00:00,USA,PJM Interconnection,US-MIDA-PJM,301.99,371.88,42.67,8.38,pjm.com,false,
2023-02-16 17:00:00,USA,PJM Interconnection,US-MIDA-PJM,299.43,369.02,43.08,8.62,pjm.com,false,
2023-02-16 18:00:00,USA,PJM Interconnection,US-MIDA-PJM,302.39,372.61,42.38,8.11,pjm.com,false,
2023-02-16 19:00:00,USA,PJM Interconnection,US-MIDA-PJM,300.0,370.21,42.48,7.73,pjm.com,false,
2023-02-16 20:00:00,USA,PJM Interconnection,US-MIDA-PJM,301.93,372.63,41.95,6.89,pjm.com,false,
2023-02-16 21:00:00,USA,PJM Interconnection,US-MIDA-PJM,296.79,366.94,42.63,7.51,pjm.com,false,
2023-02-16 22:00:00,USA,PJM Interconnection,US-MIDA-PJM,292.58,362.69,42.94,8.59,pjm.com,false,
2023-02-16 23:00:00,USA,PJM Interconnection,US-MIDA-PJM,292.16,362.04,43.2,9.64,pjm.com,false,
2023-02-17 00:00:00,USA,PJM Interconnection,US-MIDA-PJM,292.2,361.57,43.43,9.58,pjm.com,false,
2023-02-17 01:00:00,USA,PJM Interconnection,US-MIDA-PJM,292.7,361.69,43.49,9.14,pjm.com,false,
2023-02-17 02:00:00,USA,PJM Interconnection,US-MIDA-PJM,288.75,356.52,44.5,9.33,pjm.com,false,
2023-02-17 03:00:00,USA,PJM Interconnection,US-MIDA-PJM,283.3,349.75,45.71,9.39,pjm.com,false,
2023-02-17 04:00:00,USA,PJM Interconnection,US-MIDA-PJM,277.5,342.5,47.07,9.54,pjm.com,false,
2023-02-17 05:00:00,USA,PJM Interconnection,US-MIDA-PJM,272.64,336.67,48.01,9.48,pjm.com,false,
2023-02-17 06:00:00,USA,PJM Interconnection,US-MIDA-PJM,271.04,334.87,48.23,9.53,pjm.com,false,
2023-02-17 07:00:00,USA,PJM Interconnection,US-MIDA-PJM,272.47,336.65,47.9,9.03,pjm.com,false,
2023-02-17 08:00:00,USA,PJM Interconnection,US-MIDA-PJM,273.39,337.83,47.66,8.74,pjm.com,false,
2023-02-17 09:00:00,USA,PJM Interconnection,US-MIDA-PJM,274.12,339.49,46.89,8.42,pjm.com,false,
2023-02-17 10:00:00,USA,PJM Interconnection,US-MIDA-PJM,282.76,350.05,45.09,7.65,pjm.com,false,
2023-02-17 11:00:00,USA,PJM Interconnection,US-MIDA-PJM,291.84,360.85,43.63,7.78,pjm.com,false,
2023-02-17 12:00:00,USA,PJM Interconnection,US-MIDA-PJM,294.39,364.38,42.85,8.61,pjm.com,false,
2023-02-17 13:00:00,USA,PJM Interconnection,US-MIDA-PJM,299.45,369.76,42.33,8.99,pjm.com,false,
2023-02-17 14:00:00,USA,PJM Interconnection,US-MIDA-PJM,305.53,377.07,41.14,8.29,pjm.com,false,
2023-02-17 15:00:00,USA,PJM Interconnection,US-MIDA-PJM,307.38,379.98,40.24,7.32,pjm.com,false,
2023-02-17 16:00:00,USA,PJM Interconnection,US-MIDA-PJM,310.81,384.34,39.29,6.47,pjm.com,false,
2023-02-17 17:00:00,USA,PJM Interconnection,US-MIDA-PJM,310.2,383.42,39.5,6.49,pjm.com,false,
2023-02-17 18:00:00,USA,PJM Interconnection,US-MIDA-PJM,306.91,379.73,39.96,6.69,pjm.com,false,
2023-02-17 19:00:00,USA,PJM Interconnection,US-MIDA-PJM,304.19,376.74,40.29,6.59,pjm.com,false,
2023-02-17 20:00:00,USA,PJM Interconnection,US-MIDA-PJM,304.83,377.5,40.25,6.54,pjm.com,false,
2023-02-17 21:00:00,USA,PJM Interconnection,US-MIDA-PJM,305.66,378.34,40.3,6.7,pjm.com,false,
2023-02-17 22:00:00,USA,PJM Interconnection,US-MIDA-PJM,306.08,378.97,40.18,7.27,pjm.com,false,
2023-02-17 23:00:00,USA,PJM Interconnection,US-MIDA-PJM,306.84,379.77,40.22,8.21,pjm.com,false,
2023-02-18 00:00:00,USA,PJM Interconnection,US-MIDA-PJM,311.16,384.39,39.78,7.85,pjm.com,false,
2023-02-18 01:00:00,USA,PJM Interconnection,US-MIDA-PJM,313.23,386.47,39.63,7.73,pjm.com,false,
2023-02-18 02:00:00,USA,PJM Interconnection,US-MIDA-PJM,313.88,386.92,39.59,7.3,pjm.com,false,
2023-02-18 03:00:00,USA,PJM Interconnection,US-MIDA-PJM,310.88,383.57,39.81,7.08,pjm.com,false,
2023-02-18 04:00:00,USA,PJM Interconnection,US-MIDA-PJM,305.12,376.61,40.82,7.56,pjm.com,false,
2023-02-18 05:00:00,USA,PJM Interconnection,US-MIDA-PJM,296.41,365.64,42.88,8.84,pjm.com,false,
2023-02-18 06:00:00,USA,PJM Interconnection,US-MIDA-PJM,293.62,362.3,43.4,9.26,pjm.com,false,
2023-02-18 07:00:00,USA,PJM Interconnection,US-MIDA-PJM,293.13,361.97,43.29,9.36,pjm.com,false,
2023-02-18 08:00:00,USA,PJM Interconnection,US-MIDA-PJM,291.89,360.51,43.53,9.67,pjm.com,false,
2023-02-18 09:00:00,USA,PJM Interconnection,US-MIDA-PJM,290.21,358.56,43.93,10.49,pjm.com,false,
2023-02-18 10:00:00,USA,PJM Interconnection,US-MIDA-PJM,293.2,362.05,43.56,10.55,pjm.com,false,
2023-02-18 11:00:00,USA,PJM Interconnection,US-MIDA-PJM,294.33,363.01,43.77,11.53,pjm.com,false,
2023-02-18 12:00:00,USA,PJM Interconnection,US-MIDA-PJM,297.44,365.77,43.98,12.52,pjm.com,false,
2023-02-18 13:00:00,USA,PJM Interconnection,US-MIDA-PJM,289.94,356.73,45.61,13.93,pjm.com,false,
2023-02-18 14:00:00,USA,PJM Interconnection,US-MIDA-PJM,283.03,348.77,46.84,14.53,pjm.com,false,
2023-02-18 15:00:00,USA,PJM Interconnection,US-MIDA-PJM,285.41,352.12,45.93,13.13,pjm.com,false,
2023-02-18 16:00:00,USA,PJM Interconnection,US-MIDA-PJM,286.07,352.89,45.68,12.29,pjm.com,false,
2023-02-18 17:00:00,USA,PJM Interconnection,US-MIDA-PJM,283.99,350.01,46.32,11.95,pjm.com,false,
2023-02-18 18:00:00,USA,PJM Interconnection,US-MIDA-PJM,277.86,342.34,47.79,12.3,pjm.com,false,
2023-02-18 19:00:00,USA,PJM Interconnection,US-MIDA-PJM,273.06,336.12,49.08,12.78,pjm.com,false,
2023-02-18 20:00:00,USA,PJM Interconnection,US-MIDA-PJM,272.84,335.53,49.34,12.71,pjm.com,false,
2023-02-18 21:00:00,USA,PJM Interconnection,US-MIDA-PJM,279.14,343.36,47.79,11.56,pjm.com,false,
2023-02-18 22:00:00,USA,PJM Interconnection,US-MIDA-PJM,290.18,356.52,45.52,10.17,pjm.com,false,
2023-02-18 23:00:00,USA,PJM Interconnection,US-MIDA-PJM,287.92,354.91,45.24,11.58,pjm.com,false,
2023-02-19 00:00:00,USA,PJM Interconnection,US-MIDA-PJM,291.33,359.24,44.3,11.23,pjm.com,false,
2023-02-19 01:00:00,USA,PJM Interconnection,US-MIDA-PJM,292.15,360.0,44.24,10.94,pjm.com,false,
2023-02-19 02:00:00,USA,PJM Interconnection,US-MIDA-PJM,293.66,361.56,44.09,10.31,pjm.com,false,
2023-02-19 03:00:00,USA,PJM Interconnection,US-MIDA-PJM,295.75,363.69,43.9,9.65,pjm.com,false,
2023-02-19 04:00:00,USA,PJM Interconnection,US-MIDA-PJM,295.11,362.81,44.11,9.49,pjm.com,false,
2023-02-19 05:00:00,USA,PJM Interconnection,US-MIDA-PJM,296.37,364.14,44.05,9.27,pjm.com,false,
2023-02-19 06:00:00,USA,PJM Interconnection,US-MIDA-PJM,295.21,362.68,44.34,8.98,pjm.com,false,
2023-02-19 07:00:00,USA,PJM Interconnection,US-MIDA-PJM,292.95,359.72,44.97,9.13,pjm.com,false,
2023-02-19 08:00:00,USA,PJM Interconnection,US-MIDA-PJM,292.95,359.59,45.06,9.05,pjm.com,false,
2023-02-19 09:00:00,USA,PJM Interconnection,US-MIDA-PJM,292.7,358.81,45.46,9.19,pjm.com,false,
2023-02-19 10:00:00,USA,PJM Interconnection,US-MIDA-PJM,292.08,357.8,45.82,9.56,pjm.com,false,
2023-02-19 11:00:00,USA,PJM Interconnection,US-MIDA-PJM,292.47,358.32,45.74,10.11,pjm.com,false,
2023-02-19 12:00:00,USA,PJM Interconnection,US-MIDA-PJM,290.32,356.32,45.79,10.79,pjm.com,false,
2023-02-19 13:00:00,USA,PJM Interconnection,US-MIDA-PJM,286.87,352.32,46.49,11.93,pjm.com,false,
2023-02-19 14:00:00,USA,PJM Interconnection,US-MIDA-PJM,279.01,342.37,48.6,13.63,pjm.com,false,
2023-02-19 15:00:00,USA,PJM Interconnection,US-MIDA-PJM,274.65,336.87,49.67,14.19,pjm.com,false,
2023-02-19 16:00:00,USA,PJM Interconnection,US-MIDA-PJM,274.33,336.99,49.35,13.94,pjm.com,false,
2023-02-19 17:00:00,USA,PJM Interconnection,US-MIDA-PJM,271.42,333.01,50.32,14.07,pjm.com,false,
2023-02-19 18:00:00,USA,PJM Interconnection,US-MIDA-PJM,269.27,329.94,51.12,13.95,pjm.com,false,
2023-02-19 19:00:00,USA,PJM Interconnection,US-MIDA-PJM,269.12,329.37,51.39,13.42,pjm.com,false,
2023-02-19 20:00:00,USA,PJM Interconnection,US-MIDA-PJM,272.22,333.06,50.7,12.4,pjm.com,false,
2023-02-19 21:00:00,USA,PJM Interconnection,US-MIDA-PJM,276.51,338.3,49.73,11.8,pjm.com,false,
2023-02-19 22:00:00,USA,PJM Interconnection,US-MIDA-PJM,285.95,350.02,47.52,10.55,pjm.com,false,
2023-02-19 23:00:00,USA,PJM Interconnection,US-MIDA-PJM,292.16,358.81,45.35,10.11,pjm.com,false,
2023-02-20 00:00:00,USA,PJM Interconnection,US-MIDA-PJM,296.78,365.04,43.87,9.28,pjm.com,false,
2023-02-20 01:00:00,USA,PJM Interconnection,US-MIDA-PJM,296.86,365.34,43.65,8.8,pjm.com,false,
2023-02-20 02:00:00,USA,PJM Interconnection,US-MIDA-PJM,299.29,368.31,43.05,7.86,pjm.com,false,
2023-02-20 03:00:00,USA,PJM Interconnection,US-MIDA-PJM,298.35,366.97,43.35,7.42,pjm.com,false,
2023-02-20 04:00:00,USA,PJM Interconnection,US-MIDA-PJM,297.96,366.73,43.27,6.61,pjm.com,false,
2023-02-20 05:00:00,USA,PJM Interconnection,US-MIDA-PJM,298.33,367.05,43.24,6.16,pjm.com,false,
2023-02-20 06:00:00,USA,PJM Interconnection,US-MIDA-PJM,299.03,368.18,42.86,5.78,pjm.com,false,
2023-02-20 07:00:00,USA,PJM Interconnection,US-MIDA-PJM,301.87,371.43,42.43,5.03,pjm.com,false,
2023-02-20 08:00:00,USA,PJM Interconnection,US-MIDA-PJM,302.84,372.63,42.22,4.75,pjm.com,false,
2023-02-20 09:00:00,USA,PJM Interconnection,US-MIDA-PJM,303.91,374.01,41.96,4.6,pjm.com,false,
2023-02-20 10:00:00,USA,PJM Interconnection,US-MIDA-PJM,309.63,380.9,40.86,4.07,pjm.com,false,
2023-02-20 11:00:00,USA,PJM Interconnection,US-MIDA-PJM,312.05,384.24,40.28,5.03,pjm.com,false,
2023-02-20 12:00:00,USA,PJM Interconnection,US-MIDA-PJM,311.19,383.79,40.16,6.25,pjm.com,false,
2023-02-20 13:00:00,USA,PJM Interconnection,US-MIDA-PJM,313.96,386.79,39.95,6.72,pjm.com,false,
2023-02-20 14:00:00,USA,PJM Interconnection,US-MIDA-PJM,314.21,386.96,40.03,6.79,pjm.com,false,
2023-02-20 15:00:00,USA,PJM Interconnection,US-MIDA-PJM,313.78,386.41,40.14,6.87,pjm.com,false,
2023-02-20 16:00:00,USA,PJM Interconnection,US-MIDA-PJM,312.93,385.36,40.3,6.67,pjm.com,false,
2023-02-20 17:00:00,USA,PJM Interconnection,US-MIDA-PJM,315.63,388.46,39.68,5.45,pjm.com,false,
2023-02-20 18:00:00,USA,PJM Interconnection,US-MIDA-PJM,314.34,386.74,39.9,5.07,pjm.com,false,
2023-02-20 19:00:00,USA,PJM Interconnection,US-MIDA-PJM,316.54,389.08,39.64,4.69,pjm.com,false,
2023-02-20 20:00:00,USA,PJM Interconnection,US-MIDA-PJM,315.47,387.61,39.96,4.7,pjm.com,false,
2023-02-20 21:00:00,USA,PJM Interconnection,US-MIDA-PJM,315.29,387.56,39.88,4.72,pjm.com,false,
2023-02-20 22:00:00,USA,PJM Interconnection,US-MIDA-PJM,316.39,389.3,39.51,5.29,pjm.com,false,
2023-02-20 23:00:00,USA,PJM Interconnection,US-MIDA-PJM,315.21,388.14,39.71,6.56,pjm.com,false,
2023-02-21 00:00:00,USA,PJM Interconnection,US-MIDA-PJM,312.82,385.3,40.19,7.16,pjm.com,false,
2023-02-21 01:00:00,USA,PJM Interconnection,US-MIDA-PJM,314.97,387.62,39.84,6.57,pjm.com,false,
2023-02-21 02:00:00,USA,PJM Interconnection,US-MIDA-PJM,317.02,389.48,39.71,5.48,pjm.com,false,
2023-02-21 03:00:00,USA,PJM Interconnection,US-MIDA-PJM,311.33,382.32,41.02,5.93,pjm.com,false,
2023-02-21 04:00:00,USA,PJM Interconnection,US-MIDA-PJM,301.49,370.18,43.16,6.83,pjm.com,false,
2023-02-21 05:00:00,USA,PJM Interconnection,US-MIDA-PJM,295.99,363.76,44.11,7.07,pjm.com,false,
2023-02-21 06:00:00,USA,PJM Interconnection,US-MIDA-PJM,289.28,355.9,45.3,7.59,pjm.com,false,
2023-02-21 07:00:00,USA,PJM Interconnection,US-MIDA-PJM,282.79,348.07,46.62,8.55,pjm.com,false,
2023-02-21 08:00:00,USA,PJM Interconnection,US-MIDA-PJM,277.86,342.3,47.49,9.63,pjm.com,false,
2023-02-21 09:00:00,USA,PJM Interconnection,US-MIDA-PJM,277.29,341.77,47.49,10.16,pjm.com,false,
2023-02-21 10:00:00,USA,PJM Interconnection,US-MIDA-PJM,281.93,347.29,46.64,10.42,pjm.com,false,
2023-02-21 11:00:00,USA,PJM Interconnection,US-MIDA-PJM,288.03,355.61,44.76,10.99,pjm.com,false,
2023-02-21 12:00:00,USA,PJM Interconnection,US-MIDA-PJM,289.68,357.68,44.46,12.31,pjm.com,false,
2023-02-21 13:00:00,USA,PJM Interconnection,US-MIDA-PJM,288.01,355.48,45.01,13.19,pjm.com,false,
2023-02-21 14:00:00,USA,PJM Interconnection,US-MIDA-PJM,281.17,348.31,45.69,13.73,pjm.com,false,
2023-02-21 15:00:00,USA,PJM Interconnection,US-MIDA-PJM,282.26,349.64,45.48,12.87,pjm.com,false,
2023-02-21 16:00:00,USA,PJM Interconnection,US-MIDA-PJM,290.92,360.16,43.61,10.48,pjm.com,false,
2023-02-21 17:00:00,USA,PJM Interconnection,US-MIDA-PJM,293.8,363.63,43.02,9.37,pjm.com,false,
2023-02-21 18:00:00,USA,PJM Interconnection,US-MIDA-PJM,297.73,368.37,42.21,8.57,pjm.com,false,
2023-02-21 19:00:00,USA,PJM Interconnection,US-MIDA-PJM,297.52,367.91,42.4,8.38,pjm.com,false,
2023-02-21 20:00:00,USA,PJM Interconnection,US-MIDA-PJM,296.16,366.18,42.78,8.43,pjm.com,false,
2023-02-21 21:00:00,USA,PJM Interconnection,US-MIDA-PJM,299.63,370.16,42.35,7.78,pjm.com,false,
2023-02-21 22:00:00,USA,PJM Interconnection,US-MIDA-PJM,305.66,377.7,40.95,7.14,pjm.com,false,
2023-02-21 23:00:00,USA,PJM Interconnection,US-MIDA-PJM,312.94,385.99,39.84,7.29,pjm.com,false,
2023-02-22 00:00:00,USA,PJM Interconnection,US-MIDA-PJM,310.0,382.52,40.29,7.95,pjm.com,false,
2023-02-22 01:00:00,USA,PJM Interconnection,US-MIDA-PJM,304.78,376.89,40.83,8.15,pjm.com,false,
2023-02-22 02:00:00,USA,PJM Interconnection,US-MIDA-PJM,302.2,373.63,41.35,7.85,pjm.com,false,
2023-02-22 03:00:00,USA,PJM Interconnection,US-MIDA-PJM,297.66,367.64,42.49,7.96,pjm.com,false,
2023-02-22 04:00:00,USA,PJM Interconnection,US-MIDA-PJM,292.28,360.59,43.92,8.4,pjm.com,false,
2023-02-22 05:00:00,USA,PJM Interconnection,US-MIDA-PJM,289.85,357.27,44.63,8.5,pjm.com,false,
2023-02-22 06:00:00,USA,PJM Interconnection,US-MIDA-PJM,289.51,356.84,44.7,8.47,pjm.com,false,
2023-02-22 07:00:00,USA,PJM Interconnection,US-MIDA-PJM,289.25,356.58,44.71,8.44,pjm.com,false,
2023-02-22 08:00:00,USA,PJM Interconnection,US-MIDA-PJM,289.87,357.2,44.7,8.43,pjm.com,false,
2023-02-22 09:00:00,USA,PJM Interconnection,US-MIDA-PJM,291.42,358.88,44.53,7.99,pjm.com,false,
2023-02-22 10:00:00,USA,PJM Interconnection,US-MIDA-PJM,295.14,363.91,43.49,8.28,pjm.com,false,
2023-02-22 11:00:00,USA,PJM Interconnection,US-MIDA-PJM,297.31,367.43,42.66,9.8,pjm.com,false,
2023-02-22 12:00:00,USA,PJM Interconnection,US-MIDA-PJM,304.65,376.0,41.47,9.91,pjm.com,false,
2023-02-22 13:00:00,USA,PJM Interconnection,US-MIDA-PJM,304.63,375.87,41.55,10.07,pjm.com,false,
2023-02-22 14:00:00,USA,PJM Interconnection,US-MIDA-PJM,306.0,377.33,41.39,9.64,pjm.com,false,
2023-02-22 15:00:00,USA,PJM Interconnection,US-MIDA-PJM,307.52,379.37,40.93,9.27,pjm.com,false,
2023-02-22 16:00:00,USA,PJM Interconnection,US-MIDA-PJM,309.82,382.17,40.43,8.66,pjm.com,false,
2023-02-22 17:00:00,USA,PJM Interconnection,US-MIDA-PJM,307.35,379.28,40.81,8.82,pjm.com,false,
2023-02-22 18:00:00,USA,PJM Interconnection,US-MIDA-PJM,306.83,378.92,40.71,8.7,pjm.com,false,
2023-02-22 19:00:00,USA,PJM Interconnection,US-MIDA-PJM,303.61,375.09,41.27,9.18,pjm.com,false,
2023-02-22 20:00:00,USA,PJM Interconnection,US-MIDA-PJM,304.11,375.83,41.08,9.06,pjm.com,false,
2023-02-22 21:00:00,USA,PJM Interconnection,US-MIDA-PJM,305.91,377.76,40.86,8.95,pjm.com,false,
2023-02-22 22:00:00,USA,PJM Interconnection,US-MIDA-PJM,308.96,381.01,40.56,8.99,pjm.com,false,
2023-02-22 23:00:00,USA,PJM Interconnection,US-MIDA-PJM,306.07,377.71,41.09,10.09,pjm.com,false,
2023-02-23 00:00:00,USA,PJM Interconnection,US-MIDA-PJM,310.47,383.24,40.07,8.79,pjm.com,false,
2023-02-23 01:00:00,USA,PJM Interconnection,US-MIDA-PJM,317.21,390.63,39.13,7.09,pjm.com,false,
2023-02-23 02:00:00,USA,PJM Interconnection,US-MIDA-PJM,321.18,394.72,38.7,5.64,pjm.com,false,
2023-02-23 03:00:00,USA,PJM Interconnection,US-MIDA-PJM,316.08,388.47,39.6,5.02,pjm.com,false,
2023-02-23 04:00:00,USA,PJM Interconnection,US-MIDA-PJM,308.79,380.17,40.71,5.1,pjm.com,false,
2023-02-23 05:00:00,USA,PJM Interconnection,US-MIDA-PJM,305.74,376.33,41.42,5.2,pjm.com,false,
2023-02-23 06:00:00,USA,PJM Interconnection,US-MIDA-PJM,305.14,375.45,41.65,5.44,pjm.com,false,
2023-02-23 07:00:00,USA,PJM Interconnection,US-MIDA-PJM,299.95,368.89,42.92,6.22,pjm.com,false,
2023-02-23 08:00:00,USA,PJM Interconnection,US-MIDA-PJM,297.5,366.2,43.24,6.46,pjm.com,false,
2023-02-23 09:00:00,USA,PJM Interconnection,US-MIDA-PJM,298.58,367.89,42.73,6.4,pjm.com,false,
2023-02-23 10:00:00,USA,PJM Interconnection,US-MIDA-PJM,302.87,372.95,41.98,6.58,pjm.com,false,
2023-02-23 11:00:00,USA,PJM Interconnection,US-MIDA-PJM,304.44,375.54,41.46,7.82,pjm.com,false,
2023-02-23 12:00:00,USA,PJM Interconnection,US-MIDA-PJM,307.24,378.7,41.23,9.08,pjm.com,false,
2023-02-23 13:00:00,USA,PJM Interconnection,US-MIDA-PJM,301.34,371.3,42.7,10.93,pjm.com,false,
2023-02-23 14:00:00,USA,PJM Interconnection,US-MIDA-PJM,295.41,364.48,43.62,11.87,pjm.com,false,
2023-02-23 15:00:00,USA,PJM Interconnection,US-MIDA-PJM,295.93,364.98,43.66,11.81,pjm.com,false,
2023-02-23 16:00:00,USA,PJM Interconnection,US-MIDA-PJM,291.31,359.0,44.96,12.58,pjm.com,false,
2023-02-23 17:00:00,USA,PJM Interconnection,US-MIDA-PJM,288.49,355.82,45.3,13.04,pjm.com,false,
2023-02-23 18:00:00,USA,PJM Interconnection,US-MIDA-PJM,289.24,356.76,45.13,12.84,pjm.com,false,
2023-02-23 19:00:00,USA,PJM Interconnection,US-MIDA-PJM,289.09,356.57,45.2,12.73,pjm.com,false,
2023-02-23 20:00:00,USA,PJM Interconnection,US-MIDA-PJM,288.78,356.29,45.18,12.78,pjm.com,false,
2023-02-23 21:00:00,USA,PJM Interconnection,US-MIDA-PJM,288.88,356.49,44.99,12.53,pjm.com,false,
2023-02-23 22:00:00,USA,PJM Interconnection,US-MIDA-PJM,289.84,357.84,44.52,12.37,pjm.com,false,
2023-02-23 23:00:00,USA,PJM Interconnection,US-MIDA-PJM,290.77,359.59,43.94,12.73,pjm.com,false,
2023-02-24 00:00:00,USA,PJM Interconnection,US-MIDA-PJM,292.41,361.5,43.6,12.51,pjm.com,false,
2023-02-24 01:00:00,USA,PJM Interconnection,US-MIDA-PJM,293.43,362.38,43.57,11.99,pjm.com,false,
2023-02-24 02:00:00,USA,PJM Interconnection,US-MIDA-PJM,293.05,361.36,43.87,11.34,pjm.com,false,
2023-02-24 03:00:00,USA,PJM Interconnection,US-MIDA-PJM,288.67,355.71,44.91,10.98,pjm.com,false,
2023-02-24 04:00:00,USA,PJM Interconnection,US-MIDA-PJM,283.64,349.29,46.19,10.83,pjm.com,false,
2023-02-24 05:00:00,USA,PJM Interconnection,US-MIDA-PJM,280.99,346.31,46.58,10.21,pjm.com,false,
2023-02-24 06:00:00,USA,PJM Interconnection,US-MIDA-PJM,282.88,348.7,46.11,9.3,pjm.com,false,
2023-02-24 07:00:00,USA,PJM Interconnection,US-MIDA-PJM,283.55,349.67,45.86,8.51,pjm.com,false,
2023-02-24 08:00:00,USA,PJM Interconnection,US-MIDA-PJM,286.76,353.85,44.99,7.9,pjm.com,false,
2023-02-24 09:00:00,USA,PJM Interconnection,US-MIDA-PJM,293.65,363.21,42.79,6.58,pjm.com,false,
2023-02-24 10:00:00,USA,PJM Interconnection,US-MIDA-PJM,300.47,371.87,41.15,5.84,pjm.com,false,
2023-02-24 11:00:00,USA,PJM Interconnection,US-MIDA-PJM,308.43,381.9,39.5,6.05,pjm.com,false,
2023-02-24 12:00:00,USA,PJM Interconnection,US-MIDA-PJM,310.62,384.84,38.93,7.14,pjm.com,false,
2023-02-24 13:00:00,USA,PJM Interconnection,US-MIDA-PJM,307.55,381.53,39.39,8.11,pjm.com,false,
2023-02-24 14:00:00,USA,PJM Interconnection,US-MIDA-PJM,303.77,376.8,40.39,9.15,pjm.com,false,
2023-02-24 15:00:00,USA,PJM Interconnection,US-MIDA-PJM,304.26,377.21,40.49,9.1,pjm.com,false,
2023-02-24 16:00:00,USA,PJM Interconnection,US-MIDA-PJM,305.52,378.45,40.4,8.58,pjm.com,false,
2023-02-24 17:00:00,USA,PJM Interconnection,US-MIDA-PJM,306.85,379.74,40.31,7.83,pjm.com,false,
2023-02-24 18:00:00,USA,PJM Interconnection,US-MIDA-PJM,307.32,380.22,40.3,7.43,pjm.com,false,
2023-02-24 19:00:00,USA,PJM Interconnection,US-MIDA-PJM,308.45,381.69,39.97,6.93,pjm.com,false,
2023-02-24 20:00:00,USA,PJM Interconnection,US-MIDA-PJM,311.06,385.19,39.15,6.09,pjm.com,false,
2023-02-24 21:00:00,USA,PJM Interconnection,US-MIDA-PJM,313.98,388.76,38.47,5.42,pjm.com,false,
2023-02-24 22:00:00,USA,PJM Interconnection,US-MIDA-PJM,316.49,392.19,37.59,5.14,pjm.com,false,
2023-02-24 23:00:00,USA,PJM Interconnection,US-MIDA-PJM,320.71,397.09,36.93,5.44,pjm.com,false,
2023-02-25 00:00:00,USA,PJM Interconnection,US-MIDA-PJM,320.92,397.04,37.11,5.85,pjm.com,false,
2023-02-25 01:00:00,USA,PJM Interconnection,US-MIDA-PJM,319.59,395.63,37.22,6.0,pjm.com,false,
2023-02-25 02:00:00,USA,PJM Interconnection,US-MIDA-PJM,319.0,394.81,37.33,5.62,pjm.com,false,
2023-02-25 03:00:00,USA,PJM Interconnection,US-MIDA-PJM,321.33,397.14,37.11,4.48,pjm.com,false,
2023-02-25 04:00:00,USA,PJM Interconnection,US-MIDA-PJM,322.04,397.37,37.39,3.77,pjm.com,false,
2023-02-25 05:00:00,USA,PJM Interconnection,US-MIDA-PJM,316.42,390.52,38.45,3.69,pjm.com,false,
2023-02-25 06:00:00,USA,PJM Interconnection,US-MIDA-PJM,314.4,388.46,38.51,3.18,pjm.com,false,
2023-02-25 07:00:00,USA,PJM Interconnection,US-MIDA-PJM,315.67,389.99,38.26,2.85,pjm.com,false,
2023-02-25 08:00:00,USA,PJM Interconnection,US-MIDA-PJM,317.69,392.15,38.07,2.52,pjm.com,false,
2023-02-25 09:00:00,USA,PJM Interconnection,US-MIDA-PJM,319.83,394.47,37.83,2.43,pjm.com,false,
2023-02-25 10:00:00,USA,PJM Interconnection,US-MIDA-PJM,322.01,397.07,37.46,2.29,pjm.com,false,
2023-02-25 11:00:00,USA,PJM Interconnection,US-MIDA-PJM,325.2,401.11,36.85,2.49,pjm.com,false,
2023-02-25 12:00:00,USA,PJM Interconnection,US-MIDA-PJM,323.71,399.67,36.95,3.56,pjm.com,false,
2023-02-25 13:00:00,USA,PJM Interconnection,US-MIDA-PJM,320.11,395.73,37.51,5.05,pjm.com,false,
2023-02-25 14:00:00,USA,PJM Interconnection,US-MIDA-PJM,320.84,396.42,37.63,5.77,pjm.com,false,
2023-02-25 15:00:00,USA,PJM Interconnection,US-MIDA-PJM,324.29,399.88,37.49,6.17,pjm.com,false,
2023-02-25 16:00:00,USA,PJM Interconnection,US-MIDA-PJM,327.85,403.45,37.19,5.61,pjm.com,false,
2023-02-25 17:00:00,USA,PJM Interconnection,US-MIDA-PJM,329.96,405.87,36.8,4.91,pjm.com,false,
2023-02-25 18:00:00,USA,PJM Interconnection,US-MIDA-PJM,330.15,406.1,36.72,4.2,pjm.com,false,
2023-02-25 19:00:00,USA,PJM Interconnection,US-MIDA-PJM,327.46,403.35,36.89,3.85,pjm.com,false,
2023-02-25 20:00:00,USA,PJM Interconnection,US-MIDA-PJM,325.87,401.62,37.05,3.69,pjm.com,false,
2023-02-25 21:00:00,USA,PJM Interconnection,US-MIDA-PJM,325.07,400.83,37.11,3.9,pjm.com,false,
2023-02-25 22:00:00,USA,PJM Interconnection,US-MIDA-PJM,325.54,401.67,36.83,4.02,pjm.com,false,
2023-02-25 23:00:00,USA,PJM Interconnection,US-MIDA-PJM,322.13,398.0,37.29,5.35,pjm.com,false,
2023-02-26 00:00:00,USA,PJM Interconnection,US-MIDA-PJM,324.67,400.71,37.01,5.45,pjm.com,false,
2023-02-26 01:00:00,USA,PJM Interconnection,US-MIDA-PJM,322.96,398.43,37.43,5.52,pjm.com,false,
2023-02-26 02:00:00,USA,PJM Interconnection,US-MIDA-PJM,318.66,392.91,38.26,5.75,pjm.com,false,
2023-02-26 03:00:00,USA,PJM Interconnection,US-MIDA-PJM,317.77,391.38,38.65,5.47,pjm.com,false,
2023-02-26 04:00:00,USA,PJM Interconnection,US-MIDA-PJM,314.45,387.1,39.51,5.92,pjm.com,false,
2023-02-26 05:00:00,USA,PJM Interconnection,US-MIDA-PJM,313.3,385.1,40.24,6.23,pjm.com,false,
2023-02-26 06:00:00,USA,PJM Interconnection,US-MIDA-PJM,310.41,381.18,41.13,6.59,pjm.com,false,
2023-02-26 07:00:00,USA,PJM Interconnection,US-MIDA-PJM,309.28,379.89,41.28,6.55,pjm.com,false,
2023-02-26 08:00:00,USA,PJM Interconnection,US-MIDA-PJM,311.01,381.81,41.04,6.3,pjm.com,false,
2023-02-26 09:00:00,USA,PJM Interconnection,US-MIDA-PJM,313.73,384.91,40.62,5.94,pjm.com,false,
2023-02-26 10:00:00,USA,PJM Interconnection,US-MIDA-PJM,316.16,387.79,40.21,5.46,pjm.com,false,
2023-02-26 11:00:00,USA,PJM Interconnection,US-MIDA-PJM,316.12,388.06,40.02,5.81,pjm.com,false,
2023-02-26 12:00:00,USA,PJM Interconnection,US-MIDA-PJM,318.38,390.88,39.51,5.68,pjm.com,false,
2023-02-26 13:00:00,USA,PJM Interconnection,US-MIDA-PJM,320.44,393.39,39.15,5.88,pjm.com,false,
2023-02-26 14:00:00,USA,PJM Interconnection,US-MIDA-PJM,323.78,397.19,38.72,5.68,pjm.com,false,
2023-02-26 15:00:00,USA,PJM Interconnection,US-MIDA-PJM,323.15,396.42,39.01,5.51,pjm.com,false,
2023-02-26 16:00:00,USA,PJM Interconnection,US-MIDA-PJM,319.15,391.36,40.07,6.06,pjm.com,false,
2023-02-26 17:00:00,USA,PJM Interconnection,US-MIDA-PJM,313.27,383.76,41.68,6.88,pjm.com,false,
2023-02-26 18:00:00,USA,PJM Interconnection,US-MIDA-PJM,305.72,374.52,43.36,7.58,pjm.com,false,
2023-02-26 19:00:00,USA,PJM Interconnection,US-MIDA-PJM,301.71,369.47,44.37,8.06,pjm.com,false,
2023-02-26 20:00:00,USA,PJM Interconnection,US-MIDA-PJM,300.98,368.47,44.61,8.24,pjm.com,false,
2023-02-26 21:00:00,USA,PJM Interconnection,US-MIDA-PJM,305.32,374.01,43.46,7.82,pjm.com,false,
2023-02-26 22:00:00,USA,PJM Interconnection,US-MIDA-PJM,313.64,384.62,41.2,6.59,pjm.com,false,
2023-02-26 23:00:00,USA,PJM Interconnection,US-MIDA-PJM,315.67,387.98,40.13,6.91,pjm.com,false,
2023-02-27 00:00:00,USA,PJM Interconnection,US-MIDA-PJM,320.0,392.77,39.49,7.04,pjm.com,false,
2023-02-27 01:00:00,USA,PJM Interconnection,US-MIDA-PJM,315.34,386.9,40.57,7.79,pjm.com,false,
2023-02-27 02:00:00,USA,PJM Interconnection,US-MIDA-PJM,311.33,382.22,41.05,7.81,pjm.com,false,
2023-02-27 03:00:00,USA,PJM Interconnection,US-MIDA-PJM,308.57,378.16,42.11,8.15,pjm.com,false,
2023-02-27 04:00:00,USA,PJM Interconnection,US-MIDA-PJM,302.17,369.76,43.93,8.92,pjm.com,false,
2023-02-27 05:00:00,USA,PJM Interconnection,US-MIDA-PJM,297.53,364.28,44.79,9.29,pjm.com,false,
2023-02-27 06:00:00,USA,PJM Interconnection,US-MIDA-PJM,294.46,360.33,45.6,9.91,pjm.com,false,
2023-02-27 07:00:00,USA,PJM Interconnection,US-MIDA-PJM,292.77,358.61,45.7,10.2,pjm.com,false,
2023-02-27 08:00:00,USA,PJM Interconnection,US-MIDA-PJM,292.7,358.8,45.52,10.09,pjm.com,false,
2023-02-27 09:00:00,USA,PJM Interconnection,US-MIDA-PJM,296.31,363.66,44.43,9.66,pjm.com,false,
2023-02-27 10:00:00,USA,PJM Interconnection,US-MIDA-PJM,302.14,371.22,42.93,9.34,pjm.com,false,
2023-02-27 11:00:00,USA,PJM Interconnection,US-MIDA-PJM,305.74,375.8,42.4,11.33,pjm.com,false,
2023-02-27 12:00:00,USA,PJM Interconnection,US-MIDA-PJM,314.15,384.69,41.62,11.86,pjm.com,false,
2023-02-27 13:00:00,USA,PJM Interconnection,US-MIDA-PJM,312.97,383.11,41.89,11.87,pjm.com,false,
2023-02-27 14:00:00,USA,PJM Interconnection,US-MIDA-PJM,307.09,376.56,42.71,12.07,pjm.com,false,
2023-02-27 15:00:00,USA,PJM Interconnection,US-MIDA-PJM,301.94,370.83,43.45,12.5,pjm.com,false,
2023-02-27 16:00:00,USA,PJM Interconnection,US-MIDA-PJM,297.81,366.44,43.85,12.77,pjm.com,false,
2023-02-27 17:00:00,USA,PJM Interconnection,US-MIDA-PJM,297.24,366.22,43.6,12.49,pjm.com,false,
2023-02-27 18:00:00,USA,PJM Interconnection,US-MIDA-PJM,298.98,368.41,43.18,11.98,pjm.com,false,
2023-02-27 19:00:00,USA,PJM Interconnection,US-MIDA-PJM,298.24,367.42,43.4,11.99,pjm.com,false,
2023-02-27 20:00:00,USA,PJM Interconnection,US-MIDA-PJM,299.9,369.58,42.88,11.73,pjm.com,false,
2023-02-27 21:00:00,USA,PJM Interconnection,US-MIDA-PJM,298.39,367.75,43.14,12.16,pjm.com,false,
2023-02-27 22:00:00,USA,PJM Interconnection,US-MIDA-PJM,300.24,370.02,42.8,12.56,pjm.com,false,
2023-02-27 23:00:00,USA,PJM Interconnection,US-MIDA-PJM,304.82,374.63,42.59,12.97,pjm.com,false,
2023-02-28 00:00:00,USA,PJM Interconnection,US-MIDA-PJM,307.35,377.65,42.09,12.58,pjm.com,false,
2023-02-28 01:00:00,USA,PJM Interconnection,US-MIDA-PJM,308.38,378.62,41.97,11.97,pjm.com,false,
2023-02-28 02:00:00,USA,PJM Interconnection,US-MIDA-PJM,310.09,380.42,41.6,10.88,pjm.com,false,
2023-02-28 03:00:00,USA,PJM Interconnection,US-MIDA-PJM,305.56,374.31,42.87,10.51,pjm.com,false,
2023-02-28 04:00:00,USA,PJM Interconnection,US-MIDA-PJM,297.99,365.38,44.26,10.65,pjm.com,false,
2023-02-28 05:00:00,USA,PJM Interconnection,US-MIDA-PJM,294.58,361.65,44.71,10.62,pjm.com,false,
2023-02-28 06:00:00,USA,PJM Interconnection,US-MIDA-PJM,294.5,361.93,44.4,10.29,pjm.com,false,
2023-02-28 07:00:00,USA,PJM Interconnection,US-MIDA-PJM,294.38,361.81,44.42,9.92,pjm.com,false,
2023-02-28 08:00:00,USA,PJM Interconnection,US-MIDA-PJM,296.49,364.37,44.0,9.36,pjm.com,false,
2023-02-28 09:00:00,USA,PJM Interconnection,US-MIDA-PJM,302.97,372.25,42.64,8.29,pjm.com,false,
2023-02-28 10:00:00,USA,PJM Interconnection,US-MIDA-PJM,310.69,381.73,41.02,7.52,pjm.com,false,
2023-02-28 11:00:00,USA,PJM Interconnection,US-MIDA-PJM,318.73,391.77,39.45,7.73,pjm.com,false,
2023-02-28 12:00:00,USA,PJM Interconnection,US-MIDA-PJM,327.86,401.97,38.23,7.85,pjm.com,false,
2023-02-28 13:00:00,USA,PJM Interconnection,US-MIDA-PJM,329.56,404.15,37.94,7.93,pjm.com,false,
2023-02-28 14:00:00,USA,PJM Interconnection,US-MIDA-PJM,335.62,410.69,37.24,7.15,pjm.com,false,
2023-02-28 15:00:00,USA,PJM Interconnection,US-MIDA-PJM,336.48,411.43,37.22,6.65,pjm.com,false,
2023-02-28 16:00:00,USA,PJM Interconnection,US-MIDA-PJM,335.24,410.13,37.31,6.17,pjm.com,false,
2023-02-28 17:00:00,USA,PJM Interconnection,US-MIDA-PJM,333.07,407.82,37.56,6.15,pjm.com,false,
2023-02-28 18:00:00,USA,PJM Interconnection,US-MIDA-PJM,328.23,402.29,38.35,6.64,pjm.com,false,
2023-02-28 19:00:00,USA,PJM Interconnection,US-MIDA-PJM,325.34,399.19,38.63,6.85,pjm.com,false,
2023-02-28 20:00:00,USA,PJM Interconnection,US-MIDA-PJM,321.14,394.1,39.5,7.45,pjm.com,false,
2023-02-28 21:00:00,USA,PJM Interconnection,US-MIDA-PJM,321.34,394.38,39.4,7.33,pjm.com,false,
2023-02-28 22:00:00,USA,PJM Interconnection,US-MIDA-PJM,325.42,399.26,38.43,6.73,pjm.com,false,
2023-02-28 23:00:00,USA,PJM Interconnection,US-MIDA-PJM,328.83,402.89,38.1,7.45,pjm.com,false,
2023-03-01 00:00:00,USA,PJM Interconnection,US-MIDA-PJM,335.25,409.69,37.42,7.08,pjm.com,false,
2023-03-01 01:00:00,USA,PJM Interconnection,US-MIDA-PJM,332.0,405.96,37.86,7.19,pjm.com,false,
2023-03-01 02:00:00,USA,PJM Interconnection,US-MIDA-PJM,324.89,397.73,39.0,7.65,pjm.com,false,
2023-03-01 03:00:00,USA,PJM Interconnection,US-MIDA-PJM,317.44,389.14,40.18,7.87,pjm.com,false,
2023-03-01 04:00:00,USA,PJM Interconnection,US-MIDA-PJM,311.08,381.77,41.23,7.65,pjm.com,false,
2023-03-01 05:00:00,USA,PJM Interconnection,US-MIDA-PJM,308.59,379.13,41.34,7.27,pjm.com,false,
2023-03-01 06:00:00,USA,PJM Interconnection,US-MIDA-PJM,308.29,378.79,41.4,6.8,pjm.com,false,
2023-03-01 07:00:00,USA,PJM Interconnection,US-MIDA-PJM,310.89,381.78,40.99,6.16,pjm.com,false,
2023-03-01 08:00:00,USA,PJM Interconnection,US-MIDA-PJM,315.01,386.71,40.2,5.4,pjm.com,false,
2023-03-01 09:00:00,USA,PJM Interconnection,US-MIDA-PJM,322.3,395.5,38.72,4.33,pjm.com,false,
2023-03-01 10:00:00,USA,PJM Interconnection,US-MIDA-PJM,329.51,403.84,37.61,4.53,pjm.com,false,
2023-03-01 11:00:00,USA,PJM Interconnection,US-MIDA-PJM,336.58,411.36,37.21,6.49,pjm.com,false,
2023-03-01 12:00:00,USA,PJM Interconnection,US-MIDA-PJM,339.7,414.94,36.79,7.18,pjm.com,false,
2023-03-01 13:00:00,USA,PJM Interconnection,US-MIDA-PJM,335.38,409.65,37.77,7.59,pjm.com,false,
2023-03-01 14:00:00,USA,PJM Interconnection,US-MIDA-PJM,334.24,407.94,38.3,7.18,pjm.com,false,
2023-03-01 15:00:00,USA,PJM Interconnection,US-MIDA-PJM,334.61,408.27,38.25,6.32,pjm.com,false,
2023-03-01 16:00:00,USA,PJM Interconnection,US-MIDA-PJM,334.76,408.27,38.33,5.94,pjm.com,false,
2023-03-01 17:00:00,USA,PJM Interconnection,US-MIDA-PJM,333.0,406.09,38.61,5.88,pjm.com,false,
2023-03-01 18:00:00,USA,PJM Interconnection,US-MIDA-PJM,331.18,403.95,38.91,6.12,pjm.com,false,
2023-03-01 19:00:00,USA,PJM Interconnection,US-MIDA-PJM,327.1,399.17,39.62,6.84,pjm.com,false,
2023-03-01 20:00:00,USA,PJM Interconnection,US-MIDA-PJM,325.51,397.52,39.71,6.98,pjm.com,false,
2023-03-01 21:00:00,USA,PJM Interconnection,US-MIDA-PJM,321.63,393.7,39.83,7.12,pjm.com,false,
2023-03-01 22:00:00,USA,PJM Interconnection,US-MIDA-PJM,318.28,390.6,39.84,7.51,pjm.com,false,
2023-03-01 23:00:00,USA,PJM Interconnection,US-MIDA-PJM,320.15,392.85,39.48,7.98,pjm.com,false,
2023-03-02 00:00:00,USA,PJM Interconnection,US-MIDA-PJM,325.04,398.14,38.88,7.74,pjm.com,false,
2023-03-02 01:00:00,USA,PJM Interconnection,US-MIDA-PJM,320.43,392.72,39.67,8.15,pjm.com,false,
2023-03-02 02:00:00,USA,PJM Interconnection,US-MIDA-PJM,320.13,392.23,39.67,7.68,pjm.com,false,
2023-03-02 03:00:00,USA,PJM Interconnection,US-MIDA-PJM,315.04,385.94,40.73,7.47,pjm.com,false,
2023-03-02 04:00:00,USA,PJM Interconnection,US-MIDA-PJM,305.45,374.34,42.7,8.02,pjm.com,false,
2023-03-02 05:00:00,USA,PJM Interconnection,US-MIDA-PJM,302.57,370.88,43.28,8.12,pjm.com,false,
2023-03-02 06:00:00,USA,PJM Interconnection,US-MIDA-PJM,299.84,367.75,43.72,8.26,pjm.com,false,
2023-03-02 07:00:00,USA,PJM Interconnection,US-MIDA-PJM,299.08,366.76,43.93,7.97,pjm.com,false,
2023-03-02 08:00:00,USA,PJM Interconnection,US-MIDA-PJM,299.47,367.28,43.82,7.81,pjm.com,false,
2023-03-02 09:00:00,USA,PJM Interconnection,US-MIDA-PJM,303.52,372.57,42.72,7.14,pjm.com,false,
2023-03-02 10:00:00,USA,PJM Interconnection,US-MIDA-PJM,311.93,382.92,40.93,6.09,pjm.com,false,
2023-03-02 11:00:00,USA,PJM Interconnection,US-MIDA-PJM,321.02,394.05,39.31,6.32,pjm.com,false,
2023-03-02 12:00:00,USA,PJM Interconnection,US-MIDA-PJM,325.32,399.18,38.65,7.07,pjm.com,false,
2023-03-02 13:00:00,USA,PJM Interconnection,US-MIDA-PJM,332.37,406.84,37.92,7.12,pjm.com,false,
2023-03-02 14:00:00,USA,PJM Interconnection,US-MIDA-PJM,341.15,416.2,36.99,6.46,pjm.com,false,
2023-03-02 15:00:00,USA,PJM Interconnection,US-MIDA-PJM,341.64,416.66,36.99,6.39,pjm.com,false,
2023-03-02 16:00:00,USA,PJM Interconnection,US-MIDA-PJM,344.63,420.41,36.34,5.3,pjm.com,false,
2023-03-02 17:00:00,USA,PJM Interconnection,US-MIDA-PJM,342.45,417.27,37.12,5.45,pjm.com,false,
2023-03-02 18:00:00,USA,PJM Interconnection,US-MIDA-PJM,342.67,417.18,37.34,5.27,pjm.com,false,
2023-03-02 19:00:00,USA,PJM Interconnection,US-MIDA-PJM,342.47,417.14,37.16,4.77,pjm.com,false,
2023-03-02 20:00:00,USA,PJM Interconnection,US-MIDA-PJM,341.07,416.07,36.89,4.43,pjm.com,false,
2023-03-02 21:00:00,USA,PJM Interconnection,US-MIDA-PJM,339.17,414.12,36.91,4.5,pjm.com,false,
2023-03-02 22:00:00,USA,PJM Interconnection,US-MIDA-PJM,335.8,410.88,37.18,5.18,pjm.com,false,
2023-03-02 23:00:00,USA,PJM Interconnection,US-MIDA-PJM,332.14,407.0,37.64,6.65,pjm.com,false,
2023-03-03 00:00:00,USA,PJM Interconnection,US-MIDA-PJM,336.11,410.89,37.38,6.69,pjm.com,false,
2023-03-03 01:00:00,USA,PJM Interconnection,US-MIDA-PJM,332.54,406.9,37.79,6.85,pjm.com,false,
2023-03-03 02:00:00,USA,PJM Interconnection,US-MIDA-PJM,329.04,402.8,38.18,6.44,pjm.com,false,
2023-03-03 03:00:00,USA,PJM Interconnection,US-MIDA-PJM,321.74,394.75,38.87,6.11,pjm.com,false,
2023-03-03 04:00:00,USA,PJM Interconnection,US-MIDA-PJM,312.01,383.81,40.26,6.02,pjm.com,false,
2023-03-03 05:00:00,USA,PJM Interconnection,US-MIDA-PJM,307.15,378.36,40.95,5.78,pjm.com,false,
2023-03-03 06:00:00,USA,PJM Interconnection,US-MIDA-PJM,304.81,375.66,41.34,5.5,pjm.com,false,
2023-03-03 07:00:00,USA,PJM Interconnection,US-MIDA-PJM,298.82,369.45,41.82,5.87,pjm.com,false,
2023-03-03 08:00:00,USA,PJM Interconnection,US-MIDA-PJM,296.18,366.15,42.46,6.47,pjm.com,false,
2023-03-03 09:00:00,USA,PJM Interconnection,US-MIDA-PJM,294.99,365.12,42.38,7.0,pjm.com,false,
2023-03-03 10:00:00,USA,PJM Interconnection,US-MIDA-PJM,297.08,367.94,41.78,7.43,pjm.com,false,
2023-03-03 11:00:00,USA,PJM Interconnection,US-MIDA-PJM,298.98,370.48,41.53,8.98,pjm.com,false,
2023-03-03 12:00:00,USA,PJM Interconnection,US-MIDA-PJM,298.06,369.32,41.78,10.32,pjm.com,false,
2023-03-03 13:00:00,USA,PJM Interconnection,US-MIDA-PJM,303.28,374.95,41.26,10.19,pjm.com,false,
2023-03-03 14:00:00,USA,PJM Interconnection,US-MIDA-PJM,300.62,371.36,42.14,11.14,pjm.com,false,
2023-03-03 15:00:00,USA,PJM Interconnection,US-MIDA-PJM,299.81,370.16,42.52,11.9,pjm.com,false,
2023-03-03 16:00:00,USA,PJM Interconnection,US-MIDA-PJM,304.65,375.34,41.99,11.63,pjm.com,false,
2023-03-03 17:00:00,USA,PJM Interconnection,US-MIDA-PJM,307.44,378.35,41.64,11.07,pjm.com,false,
2023-03-03 18:00:00,USA,PJM Interconnection,US-MIDA-PJM,309.85,381.33,41.01,10.54,pjm.com,false,
2023-03-03 19:00:00,USA,PJM Interconnection,US-MIDA-PJM,308.91,380.9,40.68,10.18,pjm.com,false,
2023-03-03 20:00:00,USA,PJM Interconnection,US-MIDA-PJM,313.23,385.7,40.03,9.37,pjm.com,false,
2023-03-03 21:00:00,USA,PJM Interconnection,US-MIDA-PJM,315.88,388.51,39.99,9.36,pjm.com,false,
2023-03-03 22:00:00,USA,PJM Interconnection,US-MIDA-PJM,315.02,387.75,40.21,9.74,pjm.com,false,
2023-03-03 23:00:00,USA,PJM Interconnection,US-MIDA-PJM,318.41,391.41,40.0,9.7,pjm.com,false,
2023-03-04 00:00:00,USA,PJM Interconnection,US-MIDA-PJM,315.18,387.59,40.3,9.59,pjm.com,false,
2023-03-04 01:00:00,USA,PJM Interconnection,US-MIDA-PJM,316.04,387.92,40.37,8.86,pjm.com,false,
2023-03-04 02:00:00,USA,PJM Interconnection,US-MIDA-PJM,315.2,386.36,40.71,8.18,pjm.com,false,
2023-03-04 03:00:00,USA,PJM Interconnection,US-MIDA-PJM,313.58,384.43,40.9,7.51,pjm.com,false,
2023-03-04 04:00:00,USA,PJM Interconnection,US-MIDA-PJM,313.84,384.55,40.98,7.06,pjm.com,false,
2023-03-04 05:00:00,USA,PJM Interconnection,US-MIDA-PJM,312.32,382.82,41.17,6.31,pjm.com,false,
2023-03-04 06:00:00,USA,PJM Interconnection,US-MIDA-PJM,308.08,378.37,41.52,6.09,pjm.com,false,
2023-03-04 07:00:00,USA,PJM Interconnection,US-MIDA-PJM,304.82,375.42,41.46,5.55,pjm.com,false,
2023-03-04 08:00:00,USA,PJM Interconnection,US-MIDA-PJM,308.1,379.63,40.63,4.74,pjm.com,false,
2023-03-04 09:00:00,USA,PJM Interconnection,US-MIDA-PJM,310.5,382.58,40.13,3.93,pjm.com,false,
2023-03-04 10:00:00,USA,PJM Interconnection,US-MIDA-PJM,314.84,387.52,39.5,3.59,pjm.com,false,
2023-03-04 11:00:00,USA,PJM Interconnection,US-MIDA-PJM,320.74,394.09,38.72,3.61,pjm.com,false,
2023-03-04 12:00:00,USA,PJM Interconnection,US-MIDA-PJM,318.02,390.84,39.36,4.97,pjm.com,false,
2023-03-04 13:00:00,USA,PJM Interconnection,US-MIDA-PJM,306.87,378.15,41.28,7.35,pjm.com,false,
2023-03-04 14:00:00,USA,PJM Interconnection,US-MIDA-PJM,299.24,369.65,42.42,8.78,pjm.com,false,
2023-03-04 15:00:00,USA,PJM Interconnection,US-MIDA-PJM,298.26,368.86,42.32,8.44,pjm.com,false,
2023-03-04 16:00:00,USA,PJM Interconnection,US-MIDA-PJM,300.3,370.93,42.18,8.09,pjm.com,false,
2023-03-04 17:00:00,USA,PJM Interconnection,US-MIDA-PJM,296.24,365.78,43.23,8.39,pjm.com,false,
2023-03-04 18:00:00,USA,PJM Interconnection,US-MIDA-PJM,290.86,360.11,43.69,8.73,pjm.com,false,
2023-03-04 19:00:00,USA,PJM Interconnection,US-MIDA-PJM,286.99,355.39,44.51,9.24,pjm.com,false,
2023-03-04 20:00:00,USA,PJM Interconnection,US-MIDA-PJM,284.06,351.94,45.06,9.63,pjm.com,false,
2023-03-04 21:00:00,USA,PJM Interconnection,US-MIDA-PJM,285.9,354.37,44.52,9.14,pjm.com,false,
2023-03-04 22:00:00,USA,PJM Interconnection,US-MIDA-PJM,294.68,365.28,42.48,7.82,pjm.com,false,
2023-03-04 23:00:00,USA,PJM Interconnection,US-MIDA-PJM,305.01,377.41,40.65,7.14,pjm.com,false,
2023-03-05 00:00:00,USA,PJM Interconnection,US-MIDA-PJM,310.91,383.52,40.13,7.14,pjm.com,false,
2023-03-05 01:00:00,USA,PJM Interconnection,US-MIDA-PJM,308.43,380.79,40.47,7.32,pjm.com,false,
2023-03-05 02:00:00,USA,PJM Interconnection,US-MIDA-PJM,313.38,386.68,39.51,5.97,pjm.com,false,
2023-03-05 03:00:00,USA,PJM Interconnection,US-MIDA-PJM,318.08,391.7,38.84,4.5,pjm.com,false,
2023-03-05 04:00:00,USA,PJM Interconnection,US-MIDA-PJM,313.65,386.5,39.51,4.49,pjm.com,false,
2023-03-05 05:00:00,USA,PJM Interconnection,US-MIDA-PJM,308.15,380.39,40.36,4.88,pjm.com,false,
2023-03-05 06:00:00,USA,PJM Interconnection,US-MIDA-PJM,303.91,375.59,40.82,4.87,pjm.com,false,
2023-03-05 07:00:00,USA,PJM Interconnection,US-MIDA-PJM,304.28,376.11,40.67,4.57,pjm.com,false,
2023-03-05 08:00:00,USA,PJM Interconnection,US-MIDA-PJM,304.76,376.77,40.54,4.49,pjm.com,false,
2023-03-05 09:00:00,USA,PJM Interconnection,US-MIDA-PJM,310.2,382.93,39.73,4.04,pjm.com,false,
2023-03-05 10:00:00,USA,PJM Interconnection,US-MIDA-PJM,315.26,388.09,39.4,3.92,pjm.com,false,
2023-03-05 11:00:00,USA,PJM Interconnection,US-MIDA-PJM,319.48,392.67,38.95,4.22,pjm.com,false,
2023-03-05 12:00:00,USA,PJM Interconnection,US-MIDA-PJM,309.46,381.23,40.68,6.26,pjm.com,false,
2023-03-05 13:00:00,USA,PJM Interconnection,US-MIDA-PJM,290.53,359.29,44.12,9.31,pjm.com,false,
2023-03-05 14:00:00,USA,PJM Interconnection,US-MIDA-PJM,281.45,347.86,46.47,10.92,pjm.com,false,
2023-03-05 15:00:00,USA,PJM Interconnection,US-MIDA-PJM,280.11,345.45,47.31,10.84,pjm.com,false,
2023-03-05 16:00:00,USA,PJM Interconnection,US-MIDA-PJM,279.68,344.83,47.44,10.78,pjm.com,false,
2023-03-05 17:00:00,USA,PJM Interconnection,US-MIDA-PJM,278.72,344.32,47.13,10.74,pjm.com,false,
2023-03-05 18:00:00,USA,PJM Interconnection,US-MIDA-PJM,276.6,341.95,47.42,10.81,pjm.com,false,
2023-03-05 19:00:00,USA,PJM Interconnection,US-MIDA-PJM,274.58,339.3,47.98,11.08,pjm.com,false,
2023-03-05 20:00:00,USA,PJM Interconnection,US-MIDA-PJM,275.08,340.09,47.69,11.16,pjm.com,false,
2023-03-05 21:00:00,USA,PJM Interconnection,US-MIDA-PJM,279.13,345.41,46.43,10.57,pjm.com,false,
2023-03-05 22:00:00,USA,PJM Interconnection,US-MIDA-PJM,286.75,355.06,44.39,9.38,pjm.com,false,
2023-03-05 23:00:00,USA,PJM Interconnection,US-MIDA-PJM,291.52,360.55,43.59,9.99,pjm.com,false,
2023-03-06 00:00:00,USA,PJM Interconnection,US-MIDA-PJM,294.16,363.04,43.56,11.0,pjm.com,false,
2023-03-06 01:00:00,USA,PJM Interconnection,US-MIDA-PJM,293.72,362.68,43.43,10.6,pjm.com,false,
2023-03-06 02:00:00,USA,PJM Interconnection,US-MIDA-PJM,292.85,361.41,43.72,10.29,pjm.com,false,
2023-03-06 03:00:00,USA,PJM Interconnection,US-MIDA-PJM,291.19,359.53,43.93,9.81,pjm.com,false,
2023-03-06 04:00:00,USA,PJM Interconnection,US-MIDA-PJM,288.76,356.3,44.62,9.89,pjm.com,false,
2023-03-06 05:00:00,USA,PJM Interconnection,US-MIDA-PJM,286.44,353.43,45.14,10.04,pjm.com,false,
2023-03-06 06:00:00,USA,PJM Interconnection,US-MIDA-PJM,286.54,353.55,45.11,9.76,pjm.com,false,
2023-03-06 07:00:00,USA,PJM Interconnection,US-MIDA-PJM,289.41,357.25,44.36,9.21,pjm.com,false,
2023-03-06 08:00:00,USA,PJM Interconnection,US-MIDA-PJM,291.97,360.48,43.78,8.69,pjm.com,false,
2023-03-06 09:00:00,USA,PJM Interconnection,US-MIDA-PJM,298.41,368.35,42.44,8.1,pjm.com,false,
2023-03-06 10:00:00,USA,PJM Interconnection,US-MIDA-PJM,308.53,380.59,40.52,7.5,pjm.com,false,
2023-03-06 11:00:00,USA,PJM Interconnection,US-MIDA-PJM,308.78,381.24,40.53,9.8,pjm.com,false,
2023-03-06 12:00:00,USA,PJM Interconnection,US-MIDA-PJM,318.73,392.04,39.51,10.02,pjm.com,false,
2023-03-06 13:00:00,USA,PJM Interconnection,US-MIDA-PJM,318.24,391.04,39.96,9.98,pjm.com,false,
2023-03-06 14:00:00,USA,PJM Interconnection,US-MIDA-PJM,317.54,390.19,40.11,9.22,pjm.com,false,
2023-03-06 15:00:00,USA,PJM Interconnection,US-MIDA-PJM,323.93,396.94,39.47,8.01,pjm.com,false,
2023-03-06 16:00:00,USA,PJM Interconnection,US-MIDA-PJM,318.75,390.93,40.34,8.11,pjm.com,false,
2023-03-06 17:00:00,USA,PJM Interconnection,US-MIDA-PJM,316.31,388.31,40.59,8.13,pjm.com,false,
2023-03-06 18:00:00,USA,PJM Interconnection,US-MIDA-PJM,316.29,388.15,40.66,8.14,pjm.com,false,
2023-03-06 19:00:00,USA,PJM Interconnection,US-MIDA-PJM,310.99,381.95,41.58,8.64,pjm.com,false,
2023-03-06 20:00:00,USA,PJM Interconnection,US-MIDA-PJM,306.87,377.41,42.09,9.2,pjm.com,false,
2023-03-06 21:00:00,USA,PJM Interconnection,US-MIDA-PJM,308.02,378.82,41.78,9.5,pjm.com,false,
2023-03-06 22:00:00,USA,PJM Interconnection,US-MIDA-PJM,309.68,381.0,41.25,9.74,pjm.com,false,
2023-03-06 23:00:00,USA,PJM Interconnection,US-MIDA-PJM,316.21,388.2,40.45,10.16,pjm.com,false,
2023-03-07 00:00:00,USA,PJM Interconnection,US-MIDA-PJM,317.33,389.09,40.53,10.54,pjm.com,false,
2023-03-07 01:00:00,USA,PJM Interconnection,US-MIDA-PJM,321.93,394.02,39.94,9.35,pjm.com,false,
2023-03-07 02:00:00,USA,PJM Interconnection,US-MIDA-PJM,326.72,398.96,39.46,7.9,pjm.com,false,
2023-03-07 03:00:00,USA,PJM Interconnection,US-MIDA-PJM,317.21,387.77,41.08,8.21,pjm.com,false,
2023-03-07 04:00:00,USA,PJM Interconnection,US-MIDA-PJM,309.78,379.46,42.0,8.3,pjm.com,false,
2023-03-07 05:00:00,USA,PJM Interconnection,US-MIDA-PJM,301.64,370.28,43.14,8.52,pjm.com,false,
2023-03-07 06:00:00,USA,PJM Interconnection,US-MIDA-PJM,296.12,363.96,44.01,8.72,pjm.com,false,
2023-03-07 07:00:00,USA,PJM Interconnection,US-MIDA-PJM,294.22,361.49,44.54,8.74,pjm.com,false,
2023-03-07 08:00:00,USA,PJM Interconnection,US-MIDA-PJM,293.55,360.41,44.88,9.18,pjm.com,false,
2023-03-07 09:00:00,USA,PJM Interconnection,US-MIDA-PJM,297.82,365.63,43.97,8.74,pjm.com,false,
2023-03-07 10:00:00,USA,PJM Interconnection,US-MIDA-PJM,301.54,370.05,43.35,8.99,pjm.com,false,
2023-03-07 11:00:00,USA,PJM Interconnection,US-MIDA-PJM,305.57,375.46,42.53,10.59,pjm.com,false,
2023-03-07 12:00:00,USA,PJM Interconnection,US-MIDA-PJM,318.07,389.88,40.49,10.14,pjm.com,false,
2023-03-07 13:00:00,USA,PJM Interconnection,US-MIDA-PJM,315.69,386.89,41.13,11.07,pjm.com,false,
2023-03-07 14:00:00,USA,PJM Interconnection,US-MIDA-PJM,310.5,379.66,42.89,12.25,pjm.com,false,
2023-03-07 15:00:00,USA,PJM Interconnection,US-MIDA-PJM,312.39,381.32,43.0,12.04,pjm.com,false,
2023-03-07 16:00:00,USA,PJM Interconnection,US-MIDA-PJM,309.2,377.22,43.85,12.47,pjm.com,false,
2023-03-07 17:00:00,USA,PJM Interconnection,US-MIDA-PJM,305.26,372.74,44.48,12.98,pjm.com,false,
2023-03-07 18:00:00,USA,PJM Interconnection,US-MIDA-PJM,303.49,370.46,45.0,13.4,pjm.com,false,
2023-03-07 19:00:00,USA,PJM Interconnection,US-MIDA-PJM,304.41,371.18,45.07,13.49,pjm.com,false,
2023-03-07 20:00:00,USA,PJM Interconnection,US-MIDA-PJM,306.34,373.26,44.82,13.16,pjm.com,false,
2023-03-07 21:00:00,USA,PJM Interconnection,US-MIDA-PJM,309.56,377.45,43.79,12.39,pjm.com,false,
2023-03-07 22:00:00,USA,PJM Interconnection,US-MIDA-PJM,317.81,388.4,41.3,11.02,pjm.com,false,
2023-03-07 23:00:00,USA,PJM Interconnection,US-MIDA-PJM,322.31,394.2,40.17,11.33,pjm.com,false,
2023-03-08 00:00:00,USA,PJM Interconnection,US-MIDA-PJM,324.0,395.82,40.13,11.83,pjm.com,false,
2023-03-08 01:00:00,USA,PJM Interconnection,US-MIDA-PJM,324.22,396.07,40.09,11.53,pjm.com,false,
2023-03-08 02:00:00,USA,PJM Interconnection,US-MIDA-PJM,328.63,400.73,39.57,10.18,pjm.com,false,
2023-03-08 03:00:00,USA,PJM Interconnection,US-MIDA-PJM,331.64,404.02,39.08,8.63,pjm.com,false,
2023-03-08 04:00:00,USA,PJM Interconnection,US-MIDA-PJM,326.64,398.02,39.99,8.52,pjm.com,false,
2023-03-08 05:00:00,USA,PJM Interconnection,US-MIDA-PJM,317.54,387.49,41.5,9.27,pjm.com,false,
2023-03-08 06:00:00,USA,PJM Interconnection,US-MIDA-PJM,316.27,385.92,41.77,9.26,pjm.com,false,
2023-03-08 07:00:00,USA,PJM Interconnection,US-MIDA-PJM,317.76,387.62,41.54,9.07,pjm.com,false,
2023-03-08 08:00:00,USA,PJM Interconnection,US-MIDA-PJM,323.09,393.71,40.75,8.47,pjm.com,false,
2023-03-08 09:00:00,USA,PJM Interconnection,US-MIDA-PJM,325.05,395.83,40.56,8.47,pjm.com,false,
2023-03-08 10:00:00,USA,PJM Interconnection,US-MIDA-PJM,322.98,393.88,40.69,9.76,pjm.com,false,
2023-03-08 11:00:00,USA,PJM Interconnection,US-MIDA-PJM,325.14,396.62,40.3,11.3,pjm.com,false,
2023-03-08 12:00:00,USA,PJM Interconnection,US-MIDA-PJM,328.6,399.87,40.34,12.08,pjm.com,false,
2023-03-08 13:00:00,USA,PJM Interconnection,US-MIDA-PJM,324.96,395.31,41.33,12.75,pjm.com,false,
2023-03-08 14:00:00,USA,PJM Interconnection,US-MIDA-PJM,325.52,396.04,41.19,12.34,pjm.com,false,
2023-03-08 15:00:00,USA,PJM Interconnection,US-MIDA-PJM,322.88,393.19,41.46,12.15,pjm.com,false,
2023-03-08 16:00:00,USA,PJM Interconnection,US-MIDA-PJM,318.76,388.75,41.91,12.19,pjm.com,false,
2023-03-08 17:00:00,USA,PJM Interconnection,US-MIDA-PJM,317.35,386.98,42.27,12.22,pjm.com,false,
2023-03-08 18:00:00,USA,PJM Interconnection,US-MIDA-PJM,315.72,384.86,42.82,12.57,pjm.com,false,
2023-03-08 19:00:00,USA,PJM Interconnection,US-MIDA-PJM,315.63,384.42,43.14,12.56,pjm.com,false,
2023-03-08 20:00:00,USA,PJM Interconnection,US-MIDA-PJM,315.32,383.89,43.22,12.53,pjm.com,false,
2023-03-08 21:00:00,USA,PJM Interconnection,US-MIDA-PJM,319.16,389.05,41.97,11.5,pjm.com,false,
2023-03-08 22:00:00,USA,PJM Interconnection,US-MIDA-PJM,328.85,401.13,39.59,9.55,pjm.com,false,
2023-03-08 23:00:00,USA,PJM Interconnection,US-MIDA-PJM,335.37,408.95,38.38,9.56,pjm.com,false,
2023-03-09 00:00:00,USA,PJM Interconnection,US-MIDA-PJM,339.06,412.33,38.27,10.04,pjm.com,false,
2023-03-09 01:00:00,USA,PJM Interconnection,US-MIDA-PJM,338.16,411.3,38.45,10.13,pjm.com,false,
2023-03-09 02:00:00,USA,PJM Interconnection,US-MIDA-PJM,343.15,416.67,37.83,8.8,pjm.com,false,
2023-03-09 03:00:00,USA,PJM Interconnection,US-MIDA-PJM,340.44,413.52,38.25,7.91,pjm.com,false,
2023-03-09 04:00:00,USA,PJM Interconnection,US-MIDA-PJM,334.93,407.5,38.85,7.36,pjm.com,false,
2023-03-09 05:00:00,USA,PJM Interconnection,US-MIDA-PJM,333.75,405.81,38.96,7.07,pjm.com,false,
2023-03-09 06:00:00,USA,PJM Interconnection,US-MIDA-PJM,333.87,405.67,39.14,6.91,pjm.com,false,
2023-03-09 07:00:00,USA,PJM Interconnection,US-MIDA-PJM,333.22,405.0,39.21,6.61,pjm.com,false,
2023-03-09 08:00:00,USA,PJM Interconnection,US-MIDA-PJM,333.09,404.94,39.19,6.49,pjm.com,false,
2023-03-09 09:00:00,USA,PJM Interconnection,US-MIDA-PJM,333.96,406.38,38.77,6.49,pjm.com,false,
2023-03-09 10:00:00,USA,PJM Interconnection,US-MIDA-PJM,335.86,408.97,38.43,7.26,pjm.com,false,
2023-03-09 11:00:00,USA,PJM Interconnection,US-MIDA-PJM,332.61,405.53,38.92,9.53,pjm.com,false,
2023-03-09 12:00:00,USA,PJM Interconnection,US-MIDA-PJM,334.29,407.07,39.02,10.7,pjm.com,false,
2023-03-09 13:00:00,USA,PJM Interconnection,US-MIDA-PJM,330.98,403.06,39.77,11.16,pjm.com,false,
2023-03-09 14:00:00,USA,PJM Interconnection,US-MIDA-PJM,330.87,402.74,39.91,10.83,pjm.com,false,
2023-03-09 15:00:00,USA,PJM Interconnection,US-MIDA-PJM,330.49,402.42,39.85,10.27,pjm.com,false,
2023-03-09 16:00:00,USA,PJM Interconnection,US-MIDA-PJM,326.0,397.73,40.24,10.03,pjm.com,false,
2023-03-09 17:00:00,USA,PJM Interconnection,US-MIDA-PJM,322.66,393.71,40.93,10.19,pjm.com,false,
2023-03-09 18:00:00,USA,PJM Interconnection,US-MIDA-PJM,318.75,389.45,41.33,10.49,pjm.com,false,
2023-03-09 19:00:00,USA,PJM Interconnection,US-MIDA-PJM,314.96,385.27,41.77,10.99,pjm.com,false,
2023-03-09 20:00:00,USA,PJM Interconnection,US-MIDA-PJM,314.02,384.56,41.63,10.9,pjm.com,false,
2023-03-09 21:00:00,USA,PJM Interconnection,US-MIDA-PJM,318.93,390.43,40.55,9.9,pjm.com,false,
2023-03-09 22:00:00,USA,PJM Interconnection,US-MIDA-PJM,326.83,399.64,39.1,8.97,pjm.com,false,
2023-03-09 23:00:00,USA,PJM Interconnection,US-MIDA-PJM,335.14,408.68,38.17,9.02,pjm.com,false,
2023-03-10 00:00:00,USA,PJM Interconnection,US-MIDA-PJM,336.57,410.53,37.79,8.94,pjm.com,false,
2023-03-10 01:00:00,USA,PJM Interconnection,US-MIDA-PJM,342.11,416.88,36.9,7.75,pjm.com,false,
2023-03-10 02:00:00,USA,PJM Interconnection,US-MIDA-PJM,346.59,421.87,36.18,6.08,pjm.com,false,
2023-03-10 03:00:00,USA,PJM Interconnection,US-MIDA-PJM,351.19,426.32,36.01,4.61,pjm.com,false,
2023-03-10 04:00:00,USA,PJM Interconnection,US-MIDA-PJM,343.65,417.53,37.3,4.69,pjm.com,false,
2023-03-10 05:00:00,USA,PJM Interconnection,US-MIDA-PJM,334.81,407.9,38.35,5.02,pjm.com,false,
2023-03-10 06:00:00,USA,PJM Interconnection,US-MIDA-PJM,331.61,404.32,38.8,5.05,pjm.com,false,
2023-03-10 07:00:00,USA,PJM Interconnection,US-MIDA-PJM,328.5,400.89,39.18,5.08,pjm.com,false,
2023-03-10 08:00:00,USA,PJM Interconnection,US-MIDA-PJM,328.03,400.49,39.18,4.95,pjm.com,false,
2023-03-10 09:00:00,USA,PJM Interconnection,US-MIDA-PJM,329.4,402.42,38.68,4.96,pjm.com,false,
2023-03-10 10:00:00,USA,PJM Interconnection,US-MIDA-PJM,329.66,402.79,38.61,5.77,pjm.com,false,
2023-03-10 11:00:00,USA,PJM Interconnection,US-MIDA-PJM,323.8,396.44,39.34,8.06,pjm.com,false,
2023-03-10 12:00:00,USA,PJM Interconnection,US-MIDA-PJM,321.33,393.74,39.74,10.02,pjm.com,false,
2023-03-10 13:00:00,USA,PJM Interconnection,US-MIDA-PJM,320.39,392.38,40.13,10.87,pjm.com,false,
2023-03-10 14:00:00,USA,PJM Interconnection,US-MIDA-PJM,321.98,393.8,40.18,10.76,pjm.com,false,
2023-03-10 15:00:00,USA,PJM Interconnection,US-MIDA-PJM,325.71,397.66,39.92,10.45,pjm.com,false,
2023-03-10 16:00:00,USA,PJM Interconnection,US-MIDA-PJM,327.83,399.71,39.87,10.2,pjm.com,false,
2023-03-10 17:00:00,USA,PJM Interconnection,US-MIDA-PJM,333.31,405.81,39.1,9.35,pjm.com,false,
2023-03-10 18:00:00,USA,PJM Interconnection,US-MIDA-PJM,342.63,415.61,38.12,8.19,pjm.com,false,
2023-03-10 19:00:00,USA,PJM Interconnection,US-MIDA-PJM,344.51,417.73,37.8,7.79,pjm.com,false,
2023-03-10 20:00:00,USA,PJM Interconnection,US-MIDA-PJM,341.94,415.16,37.89,7.66,pjm.com,false,
2023-03-10 21:00:00,USA,PJM Interconnection,US-MIDA-PJM,343.09,416.94,37.48,7.33,pjm.com,false,
2023-03-10 22:00:00,USA,PJM Interconnection,US-MIDA-PJM,348.53,422.82,36.88,7.0,pjm.com,false,
2023-03-10 23:00:00,USA,PJM Interconnection,US-MIDA-PJM,350.86,425.32,36.76,7.24,pjm.com,false,
2023-03-11 00:00:00,USA,PJM Interconnection,US-MIDA-PJM,349.83,424.16,36.91,7.28,pjm.com,false,
2023-03-11 01:00:00,USA,PJM Interconnection,US-MIDA-PJM,353.15,427.85,36.35,6.01,pjm.com,false,
2023-03-11 02:00:00,USA,PJM Interconnection,US-MIDA-PJM,354.97,429.89,36.01,4.87,pjm.com,false,
2023-03-11 03:00:00,USA,PJM Interconnection,US-MIDA-PJM,351.78,426.17,36.55,4.35,pjm.com,false,
2023-03-11 04:00:00,USA,PJM Interconnection,US-MIDA-PJM,348.05,421.68,37.18,4.11,pjm.com,false,
2023-03-11 05:00:00,USA,PJM Interconnection,US-MIDA-PJM,346.03,418.33,38.2,3.98,pjm.com,false,
2023-03-11 06:00:00,USA,PJM Interconnection,US-MIDA-PJM,345.41,417.58,38.33,3.91,pjm.com,false,
2023-03-11 07:00:00,USA,PJM Interconnection,US-MIDA-PJM,342.52,414.5,38.64,4.0,pjm.com,false,
2023-03-11 08:00:00,USA,PJM Interconnection,US-MIDA-PJM,340.43,412.42,38.75,4.13,pjm.com,false,
2023-03-11 09:00:00,USA,PJM Interconnection,US-MIDA-PJM,340.44,412.92,38.41,3.92,pjm.com,false,
2023-03-11 10:00:00,USA,PJM Interconnection,US-MIDA-PJM,340.89,413.55,38.33,3.92,pjm.com,false,
2023-03-11 11:00:00,USA,PJM Interconnection,US-MIDA-PJM,345.16,418.7,37.69,4.11,pjm.com,false,
2023-03-11 12:00:00,USA,PJM Interconnection,US-MIDA-PJM,344.4,417.56,38.05,5.33,pjm.com,false,
2023-03-11 13:00:00,USA,PJM Interconnection,US-MIDA-PJM,336.43,408.81,39.18,7.18,pjm.com,false,
2023-03-11 14:00:00,USA,PJM Interconnection,US-MIDA-PJM,335.54,407.73,39.43,7.83,pjm.com,false,
2023-03-11 15:00:00,USA,PJM Interconnection,US-MIDA-PJM,334.52,406.36,39.68,7.82,pjm.com,false,
2023-03-11 16:00:00,USA,PJM Interconnection,US-MIDA-PJM,334.43,406.17,39.74,7.91,pjm.com,false,
2023-03-11 17:00:00,USA,PJM Interconnection,US-MIDA-PJM,332.46,403.57,40.28,8.12,pjm.com,false,
2023-03-11 18:00:00,USA,PJM Interconnection,US-MIDA-PJM,327.87,398.13,41.11,8.34,pjm.com,false,
2023-03-11 19:00:00,USA,PJM Interconnection,US-MIDA-PJM,323.19,392.89,41.79,8.86,pjm.com,false,
2023-03-11 20:00:00,USA,PJM Interconnection,US-MIDA-PJM,321.98,391.94,41.63,8.72,pjm.com,false,
2023-03-11 21:00:00,USA,PJM Interconnection,US-MIDA-PJM,326.94,397.96,40.59,8.02,pjm.com,false,
2023-03-11 22:00:00,USA,PJM Interconnection,US-MIDA-PJM,336.27,409.14,38.71,6.84,pjm.com,false,
2023-03-11 23:00:00,USA,PJM Interconnection,US-MIDA-PJM,342.97,416.31,38.07,7.18,pjm.com,false,
2023-03-12 00:00:00,USA,PJM Interconnection,US-MIDA-PJM,350.41,424.6,36.99,6.34,pjm.com,false,
2023-03-12 01:00:00,USA,PJM Interconnection,US-MIDA-PJM,348.62,422.64,37.09,6.05,pjm.com,false,
2023-03-12 02:00:00,USA,PJM Interconnection,US-MIDA-PJM,345.53,419.22,37.45,5.78,pjm.com,false,
2023-03-12 03:00:00,USA,PJM Interconnection,US-MIDA-PJM,344.5,417.97,37.5,5.14,pjm.com,false,
2023-03-12 04:00:00,USA,PJM Interconnection,US-MIDA-PJM,346.19,419.95,37.1,4.24,pjm.com,false,
2023-03-12 05:00:00,USA,PJM Interconnection,US-MIDA-PJM,348.67,422.44,36.96,3.71,pjm.com,false,
2023-03-12 06:00:00,USA,PJM Interconnection,US-MIDA-PJM,348.39,421.81,37.23,3.75,pjm.com,false,
2023-03-12 07:00:00,USA,PJM Interconnection,US-MIDA-PJM,340.9,413.44,38.23,4.16,pjm.com,false,
2023-03-12 08:00:00,USA,PJM Interconnection,US-MIDA-PJM,339.74,412.34,38.24,4.19,pjm.com,false,
2023-03-12 09:00:00,USA,PJM Interconnection,US-MIDA-PJM,342.02,414.81,38.02,4.14,pjm.com,false,
2023-03-12 10:00:00,USA,PJM Interconnection,US-MIDA-PJM,345.39,418.92,37.52,3.92,pjm.com,false,
2023-03-12 11:00:00,USA,PJM Interconnection,US-MIDA-PJM,346.75,420.85,37.17,4.22,pjm.com,false,
2023-03-12 12:00:00,USA,PJM Interconnection,US-MIDA-PJM,351.77,426.09,36.73,4.46,pjm.com,false,
2023-03-12 13:00:00,USA,PJM Interconnection,US-MIDA-PJM,354.02,428.14,36.83,4.69,pjm.com,false,
2023-03-12 14:00:00,USA,PJM Interconnection,US-MIDA-PJM,363.4,437.91,36.06,4.04,pjm.com,false,
2023-03-12 15:00:00,USA,PJM Interconnection,US-MIDA-PJM,365.43,440.45,35.54,3.58,pjm.com,false,
2023-03-12 16:00:00,USA,PJM Interconnection,US-MIDA-PJM,363.68,438.41,35.83,3.71,pjm.com,false,
2023-03-12 17:00:00,USA,PJM Interconnection,US-MIDA-PJM,361.07,435.77,35.99,4.06,pjm.com,false,
2023-03-12 18:00:00,USA,PJM Interconnection,US-MIDA-PJM,361.36,435.87,36.11,4.37,pjm.com,false,
2023-03-12 19:00:00,USA,PJM Interconnection,US-MIDA-PJM,362.98,437.29,36.12,4.42,pjm.com,false,
2023-03-12 20:00:00,USA,PJM Interconnection,US-MIDA-PJM,363.77,437.84,36.26,4.81,pjm.com,false,
2023-03-12 21:00:00,USA,PJM Interconnection,US-MIDA-PJM,363.35,437.45,36.26,5.06,pjm.com,false,
2023-03-12 22:00:00,USA,PJM Interconnection,US-MIDA-PJM,363.37,437.48,36.27,5.49,pjm.com,false,
2023-03-12 23:00:00,USA,PJM Interconnection,US-MIDA-PJM,358.93,432.07,37.31,7.28,pjm.com,false,
2023-03-13 00:00:00,USA,PJM Interconnection,US-MIDA-PJM,362.11,435.16,37.21,7.34,pjm.com,false,
2023-03-13 01:00:00,USA,PJM Interconnection,US-MIDA-PJM,363.32,436.46,36.94,6.59,pjm.com,false,
2023-03-13 02:00:00,USA,PJM Interconnection,US-MIDA-PJM,359.75,432.08,37.52,6.14,pjm.com,false,
2023-03-13 03:00:00,USA,PJM Interconnection,US-MIDA-PJM,354.19,425.71,38.34,5.72,pjm.com,false,
2023-03-13 04:00:00,USA,PJM Interconnection,US-MIDA-PJM,350.45,421.28,39.03,5.32,pjm.com,false,
2023-03-13 05:00:00,USA,PJM Interconnection,US-MIDA-PJM,348.03,418.25,39.6,5.66,pjm.com,false,
2023-03-13 06:00:00,USA,PJM Interconnection,US-MIDA-PJM,349.67,420.04,39.4,5.33,pjm.com,false,
2023-03-13 07:00:00,USA,PJM Interconnection,US-MIDA-PJM,349.38,419.65,39.5,5.43,pjm.com,false,
2023-03-13 08:00:00,USA,PJM Interconnection,US-MIDA-PJM,348.62,419.0,39.46,5.48,pjm.com,false,
2023-03-13 09:00:00,USA,PJM Interconnection,US-MIDA-PJM,347.73,418.93,38.94,6.17,pjm.com,false,
2023-03-13 10:00:00,USA,PJM Interconnection,US-MIDA-PJM,350.57,422.19,38.8,7.75,pjm.com,false,
2023-03-13 11:00:00,USA,PJM Interconnection,US-MIDA-PJM,354.62,427.21,38.0,8.75,pjm.com,false,
2023-03-13 12:00:00,USA,PJM Interconnection,US-MIDA-PJM,357.66,430.78,37.41,8.8,pjm.com,false,
2023-03-13 13:00:00,USA,PJM Interconnection,US-MIDA-PJM,357.44,430.46,37.48,8.89,pjm.com,false,
2023-03-13 14:00:00,USA,PJM Interconnection,US-MIDA-PJM,352.29,424.76,38.11,9.34,pjm.com,false,
2023-03-13 15:00:00,USA,PJM Interconnection,US-MIDA-PJM,352.75,425.25,38.06,9.07,pjm.com,false,
2023-03-13 16:00:00,USA,PJM Interconnection,US-MIDA-PJM,350.87,422.81,38.52,9.13,pjm.com,false,
2023-03-13 17:00:00,USA,PJM Interconnection,US-MIDA-PJM,348.48,419.96,38.97,9.23,pjm.com,false,
2023-03-13 18:00:00,USA,PJM Interconnection,US-MIDA-PJM,351.09,422.98,38.52,8.8,pjm.com,false,
2023-03-13 19:00:00,USA,PJM Interconnection,US-MIDA-PJM,353.95,426.0,38.24,8.44,pjm.com,false,
2023-03-13 20:00:00,USA,PJM Interconnection,US-MIDA-PJM,351.17,422.68,38.77,8.73,pjm.com,false,
2023-03-13 21:00:00,USA,PJM Interconnection,US-MIDA-PJM,352.09,424.13,38.37,8.5,pjm.com,false,
2023-03-13 22:00:00,USA,PJM Interconnection,US-MIDA-PJM,357.02,429.99,37.4,7.79,pjm.com,false,
2023-03-13 23:00:00,USA,PJM Interconnection,US-MIDA-PJM,357.32,430.4,37.42,8.26,pjm.com,false,
2023-03-14 00:00:00,USA,PJM Interconnection,US-MIDA-PJM,364.62,438.02,36.83,8.02,pjm.com,false,
2023-03-14 01:00:00,USA,PJM Interconnection,US-MIDA-PJM,371.01,444.75,36.1,6.75,pjm.com,false,
2023-03-14 02:00:00,USA,PJM Interconnection,US-MIDA-PJM,370.75,444.05,36.33,5.66,pjm.com,false,
2023-03-14 03:00:00,USA,PJM Interconnection,US-MIDA-PJM,363.29,435.99,37.11,5.54,pjm.com,false,
2023-03-14 04:00:00,USA,PJM Interconnection,US-MIDA-PJM,357.52,429.68,37.67,5.18,pjm.com,false,
2023-03-14 05:00:00,USA,PJM Interconnection,US-MIDA-PJM,352.97,425.05,37.92,5.26,pjm.com,false,
2023-03-14 06:00:00,USA,PJM Interconnection,US-MIDA-PJM,350.67,422.46,38.25,5.48,pjm.com,false,
2023-03-14 07:00:00,USA,PJM Interconnection,US-MIDA-PJM,350.85,422.44,38.39,5.77,pjm.com,false,
2023-03-14 08:00:00,USA,PJM Interconnection,US-MIDA-PJM,352.48,424.14,38.27,5.82,pjm.com,false,
2023-03-14 09:00:00,USA,PJM Interconnection,US-MIDA-PJM,357.7,430.36,37.44,6.03,pjm.com,false,
2023-03-14 10:00:00,USA,PJM Interconnection,US-MIDA-PJM,359.18,432.75,36.95,7.59,pjm.com,false,
2023-03-14 11:00:00,USA,PJM Interconnection,US-MIDA-PJM,371.82,446.41,35.6,7.78,pjm.com,false,
2023-03-14 12:00:00,USA,PJM Interconnection,US-MIDA-PJM,374.26,448.86,35.51,8.09,pjm.com,false,
2023-03-14 13:00:00,USA,PJM Interconnection,US-MIDA-PJM,366.27,440.06,36.49,8.59,pjm.com,false,
2023-03-14 14:00:00,USA,PJM Interconnection,US-MIDA-PJM,363.33,437.02,36.73,8.52,pjm.com,false,
2023-03-14 15:00:00,USA,PJM Interconnection,US-MIDA-PJM,359.87,432.86,37.42,8.83,pjm.com,false,
2023-03-14 16:00:00,USA,PJM Interconnection,US-MIDA-PJM,359.29,432.06,37.6,8.59,pjm.com,false,
2023-03-14 17:00:00,USA,PJM Interconnection,US-MIDA-PJM,360.47,433.44,37.43,8.31,pjm.com,false,
2023-03-14 18:00:00,USA,PJM Interconnection,US-MIDA-PJM,358.53,431.43,37.55,8.11,pjm.com,false,
2023-03-14 19:00:00,USA,PJM Interconnection,US-MIDA-PJM,353.25,425.72,38.16,8.37,pjm.com,false,
2023-03-14 20:00:00,USA,PJM Interconnection,US-MIDA-PJM,350.4,423.46,37.91,8.22,pjm.com,false,
2023-03-14 21:00:00,USA,PJM Interconnection,US-MIDA-PJM,351.35,425.25,37.2,7.58,pjm.com,false,
2023-03-14 22:00:00,USA,PJM Interconnection,US-MIDA-PJM,355.61,430.26,36.4,7.08,pjm.com,false,
2023-03-14 23:00:00,USA,PJM Interconnection,US-MIDA-PJM,364.16,439.64,35.39,6.9,pjm.com,false,
2023-03-15 00:00:00,USA,PJM Interconnection,US-MIDA-PJM,374.02,450.35,34.23,6.5,pjm.com,false,
2023-03-15 01:00:00,USA,PJM Interconnection,US-MIDA-PJM,377.74,453.74,34.25,5.8,pjm.com,false,
2023-03-15 02:00:00,USA,PJM Interconnection,US-MIDA-PJM,377.13,452.48,34.7,5.09,pjm.com,false,
2023-03-15 03:00:00,USA,PJM Interconnection,US-MIDA-PJM,378.83,453.98,34.61,4.12,pjm.com,false,
2023-03-15 04:00:00,USA,PJM Interconnection,US-MIDA-PJM,379.18,454.1,34.73,3.6,pjm.com,false,
2023-03-15 05:00:00,USA,PJM Interconnection,US-MIDA-PJM,378.0,452.19,35.35,3.83,pjm.com,false,
2023-03-15 06:00:00,USA,PJM Interconnection,US-MIDA-PJM,374.18,448.08,35.77,4.06,pjm.com,false,
2023-03-15 07:00:00,USA,PJM Interconnection,US-MIDA-PJM,372.41,445.98,36.12,4.45,pjm.com,false,
2023-03-15 08:00:00,USA,PJM Interconnection,US-MIDA-PJM,368.56,441.93,36.53,5.44,pjm.com,false,
2023-03-15 09:00:00,USA,PJM Interconnection,US-MIDA-PJM,368.6,443.14,35.68,5.84,pjm.com,false,
2023-03-15 10:00:00,USA,PJM Interconnection,US-MIDA-PJM,372.74,448.3,35.11,7.09,pjm.com,false,
2023-03-15 11:00:00,USA,PJM Interconnection,US-MIDA-PJM,381.04,459.1,34.13,7.44,pjm.com,false,
2023-03-15 12:00:00,USA,PJM Interconnection,US-MIDA-PJM,375.98,453.04,35.07,8.59,pjm.com,false,
2023-03-15 13:00:00,USA,PJM Interconnection,US-MIDA-PJM,364.26,439.44,36.95,9.66,pjm.com,false,
2023-03-15 14:00:00,USA,PJM Interconnection,US-MIDA-PJM,351.12,423.77,38.42,9.75,pjm.com,false,
2023-03-15 15:00:00,USA,PJM Interconnection,US-MIDA-PJM,343.27,413.83,40.15,10.31,pjm.com,false,
2023-03-15 16:00:00,USA,PJM Interconnection,US-MIDA-PJM,339.83,409.35,41.14,10.58,pjm.com,false,
2023-03-15 17:00:00,USA,PJM Interconnection,US-MIDA-PJM,335.78,404.13,42.25,10.86,pjm.com,false,
2023-03-15 18:00:00,USA,PJM Interconnection,US-MIDA-PJM,332.0,399.21,43.28,11.42,pjm.com,false,
2023-03-15 19:00:00,USA,PJM Interconnection,US-MIDA-PJM,325.86,391.64,44.64,12.27,pjm.com,false,
2023-03-15 20:00:00,USA,PJM Interconnection,US-MIDA-PJM,324.37,388.87,45.65,12.77,pjm.com,false,
2023-03-15 21:00:00,USA,PJM Interconnection,US-MIDA-PJM,324.65,389.65,45.21,12.5,pjm.com,false,
2023-03-15 22:00:00,USA,PJM Interconnection,US-MIDA-PJM,331.22,398.62,42.99,10.4,pjm.com,false,
2023-03-15 23:00:00,USA,PJM Interconnection,US-MIDA-PJM,335.51,404.96,41.25,9.86,pjm.com,false,
2023-03-16 00:00:00,USA,PJM Interconnection,US-MIDA-PJM,347.84,417.85,40.1,9.62,pjm.com,false,
2023-03-16 01:00:00,USA,PJM Interconnection,US-MIDA-PJM,342.68,412.42,40.55,9.64,pjm.com,false,
2023-03-16 02:00:00,USA,PJM Interconnection,US-MIDA-PJM,335.49,403.98,41.65,9.64,pjm.com,false,
2023-03-16 03:00:00,USA,PJM Interconnection,US-MIDA-PJM,330.14,397.36,42.72,9.84,pjm.com,false,
2023-03-16 04:00:00,USA,PJM Interconnection,US-MIDA-PJM,323.46,389.72,43.75,9.99,pjm.com,false,
2023-03-16 05:00:00,USA,PJM Interconnection,US-MIDA-PJM,320.1,386.47,43.84,10.05,pjm.com,false,
2023-03-16 06:00:00,USA,PJM Interconnection,US-MIDA-PJM,319.78,386.44,43.65,9.82,pjm.com,false,
2023-03-16 07:00:00,USA,PJM Interconnection,US-MIDA-PJM,321.34,388.43,43.25,9.64,pjm.com,false,
2023-03-16 08:00:00,USA,PJM Interconnection,US-MIDA-PJM,321.14,388.22,43.29,9.78,pjm.com,false,
2023-03-16 09:00:00,USA,PJM Interconnection,US-MIDA-PJM,320.74,388.44,42.96,10.5,pjm.com,false,
2023-03-16 10:00:00,USA,PJM Interconnection,US-MIDA-PJM,326.73,395.69,41.81,11.5,pjm.com,false,
2023-03-16 11:00:00,USA,PJM Interconnection,US-MIDA-PJM,336.66,407.22,40.13,11.38,pjm.com,false,
2023-03-16 12:00:00,USA,PJM Interconnection,US-MIDA-PJM,339.72,409.95,40.27,11.84,pjm.com,false,
2023-03-16 13:00:00,USA,PJM Interconnection,US-MIDA-PJM,337.31,406.8,40.97,11.58,pjm.com,false,
2023-03-16 14:00:00,USA,PJM Interconnection,US-MIDA-PJM,331.22,399.3,42.34,11.72,pjm.com,false,
2023-03-16 15:00:00,USA,PJM Interconnection,US-MIDA-PJM,320.83,387.24,44.16,12.25,pjm.com,false,
2023-03-16 16:00:00,USA,PJM Interconnection,US-MIDA-PJM,310.81,375.91,45.66,12.87,pjm.com,false,
2023-03-16 17:00:00,USA,PJM Interconnection,US-MIDA-PJM,306.47,370.51,46.69,13.22,pjm.com,false,
2023-03-16 18:00:00,USA,PJM Interconnection,US-MIDA-PJM,305.63,369.5,46.84,13.06,pjm.com,false,
2023-03-16 19:00:00,USA,PJM Interconnection,US-MIDA-PJM,306.76,370.6,46.79,12.71,pjm.com,false,
2023-03-16 20:00:00,USA,PJM Interconnection,US-MIDA-PJM,305.58,369.54,46.73,12.62,pjm.com,false,
2023-03-16 21:00:00,USA,PJM Interconnection,US-MIDA-PJM,309.59,374.76,45.57,11.53,pjm.com,false,
2023-03-16 22:00:00,USA,PJM Interconnection,US-MIDA-PJM,321.25,388.39,43.39,9.43,pjm.com,false,
2023-03-16 23:00:00,USA,PJM Interconnection,US-MIDA-PJM,328.8,396.42,42.67,9.64,pjm.com,false,
2023-03-17 00:00:00,USA,PJM Interconnection,US-MIDA-PJM,337.42,405.31,41.98,9.52,pjm.com,false,
2023-03-17 01:00:00,USA,PJM Interconnection,US-MIDA-PJM,331.48,399.04,42.47,9.32,pjm.com,false,
2023-03-17 02:00:00,USA,PJM Interconnection,US-MIDA-PJM,321.33,387.73,43.82,9.6,pjm.com,false,
2023-03-17 03:00:00,USA,PJM Interconnection,US-MIDA-PJM,310.53,375.19,45.59,10.35,pjm.com,false,
2023-03-17 04:00:00,USA,PJM Interconnection,US-MIDA-PJM,300.23,362.01,48.23,11.17,pjm.com,false,
2023-03-17 05:00:00,USA,PJM Interconnection,US-MIDA-PJM,295.97,356.75,49.18,11.48,pjm.com,false,
2023-03-17 06:00:00,USA,PJM Interconnection,US-MIDA-PJM,295.51,356.28,49.2,11.53,pjm.com,false,
2023-03-17 07:00:00,USA,PJM Interconnection,US-MIDA-PJM,294.61,355.09,49.48,11.76,pjm.com,false,
2023-03-17 08:00:00,USA,PJM Interconnection,US-MIDA-PJM,295.8,357.19,48.76,11.66,pjm.com,false,
2023-03-17 09:00:00,USA,PJM Interconnection,US-MIDA-PJM,299.42,362.46,47.39,11.35,pjm.com,false,
2023-03-17 10:00:00,USA,PJM Interconnection,US-MIDA-PJM,303.49,368.42,45.9,11.6,pjm.com,false,
2023-03-17 11:00:00,USA,PJM Interconnection,US-MIDA-PJM,316.07,382.99,43.94,11.42,pjm.com,false,
2023-03-17 12:00:00,USA,PJM Interconnection,US-MIDA-PJM,324.15,391.67,43.16,11.46,pjm.com,false,
2023-03-17 13:00:00,USA,PJM Interconnection,US-MIDA-PJM,322.63,389.98,43.39,11.71,pjm.com,false,
2023-03-17 14:00:00,USA,PJM Interconnection,US-MIDA-PJM,324.88,391.75,43.57,11.57,pjm.com,false,
2023-03-17 15:00:00,USA,PJM Interconnection,US-MIDA-PJM,316.22,381.76,45.03,12.65,pjm.com,false,
2023-03-17 16:00:00,USA,PJM Interconnection,US-MIDA-PJM,313.33,379.2,44.96,12.42,pjm.com,false,
2023-03-17 17:00:00,USA,PJM Interconnection,US-MIDA-PJM,311.94,377.61,45.15,12.41,pjm.com,false,
2023-03-17 18:00:00,USA,PJM Interconnection,US-MIDA-PJM,314.1,380.32,44.63,11.88,pjm.com,false,
2023-03-17 19:00:00,USA,PJM Interconnection,US-MIDA-PJM,314.14,380.17,44.7,11.82,pjm.com,false,
2023-03-17 20:00:00,USA,PJM Interconnection,US-MIDA-PJM,312.31,378.14,44.92,11.78,pjm.com,false,
2023-03-17 21:00:00,USA,PJM Interconnection,US-MIDA-PJM,309.04,374.36,45.47,12.07,pjm.com,false,
2023-03-17 22:00:00,USA,PJM Interconnection,US-MIDA-PJM,309.71,375.4,45.19,11.91,pjm.com,false,
2023-03-17 23:00:00,USA,PJM Interconnection,US-MIDA-PJM,307.63,373.15,45.46,12.56,pjm.com,false,
2023-03-18 00:00:00,USA,PJM Interconnection,US-MIDA-PJM,312.45,378.69,44.72,12.4,pjm.com,false,
2023-03-18 01:00:00,USA,PJM Interconnection,US-MIDA-PJM,319.45,385.99,44.07,11.32,pjm.com,false,
2023-03-18 02:00:00,USA,PJM Interconnection,US-MIDA-PJM,328.23,394.75,43.42,9.5,pjm.com,false,
2023-03-18 03:00:00,USA,PJM Interconnection,US-MIDA-PJM,322.71,389.32,43.52,8.71,pjm.com,false,
2023-03-18 04:00:00,USA,PJM Interconnection,US-MIDA-PJM,323.05,389.16,43.86,8.28,pjm.com,false,
2023-03-18 05:00:00,USA,PJM Interconnection,US-MIDA-PJM,317.11,382.27,44.88,8.39,pjm.com,false,
2023-03-18 06:00:00,USA,PJM Interconnection,US-MIDA-PJM,312.03,376.5,45.65,9.03,pjm.com,false,
2023-03-18 07:00:00,USA,PJM Interconnection,US-MIDA-PJM,311.89,376.58,45.49,9.46,pjm.com,false,
2023-03-18 08:00:00,USA,PJM Interconnection,US-MIDA-PJM,310.32,374.94,45.63,10.32,pjm.com,false,
2023-03-18 09:00:00,USA,PJM Interconnection,US-MIDA-PJM,311.7,376.71,45.27,10.33,pjm.com,false,
2023-03-18 10:00:00,USA,PJM Interconnection,US-MIDA-PJM,313.13,378.43,45.05,10.42,pjm.com,false,
2023-03-18 11:00:00,USA,PJM Interconnection,US-MIDA-PJM,317.04,383.24,44.47,11.22,pjm.com,false,
2023-03-18 12:00:00,USA,PJM Interconnection,US-MIDA-PJM,327.28,394.65,43.08,11.12,pjm.com,false,
2023-03-18 13:00:00,USA,PJM Interconnection,US-MIDA-PJM,323.98,390.89,43.58,12.0,pjm.com,false,
2023-03-18 14:00:00,USA,PJM Interconnection,US-MIDA-PJM,314.27,379.49,45.41,13.32,pjm.com,false,
2023-03-18 15:00:00,USA,PJM Interconnection,US-MIDA-PJM,308.56,373.13,46.31,14.02,pjm.com,false,
2023-03-18 16:00:00,USA,PJM Interconnection,US-MIDA-PJM,304.01,367.73,47.16,14.61,pjm.com,false,
2023-03-18 17:00:00,USA,PJM Interconnection,US-MIDA-PJM,299.07,361.48,48.41,15.35,pjm.com,false,
2023-03-18 18:00:00,USA,PJM Interconnection,US-MIDA-PJM,297.71,359.48,48.98,15.57,pjm.com,false,
2023-03-18 19:00:00,USA,PJM Interconnection,US-MIDA-PJM,296.93,358.2,49.39,15.78,pjm.com,false,
2023-03-18 20:00:00,USA,PJM Interconnection,US-MIDA-PJM,296.35,357.69,49.37,15.89,pjm.com,false,
2023-03-18 21:00:00,USA,PJM Interconnection,US-MIDA-PJM,298.41,360.28,48.88,15.42,pjm.com,false,
2023-03-18 22:00:00,USA,PJM Interconnection,US-MIDA-PJM,308.63,373.37,46.08,13.45,pjm.com,false,
2023-03-18 23:00:00,USA,PJM Interconnection,US-MIDA-PJM,314.6,381.17,44.47,12.87,pjm.com,false,
2023-03-19 00:00:00,USA,PJM Interconnection,US-MIDA-PJM,331.74,400.4,42.01,11.78,pjm.com,false,
2023-03-19 01:00:00,USA,PJM Interconnection,US-MIDA-PJM,335.69,405.27,41.06,10.42,pjm.com,false,
2023-03-19 02:00:00,USA,PJM Interconnection,US-MIDA-PJM,339.32,409.6,40.39,9.16,pjm.com,false,
2023-03-19 03:00:00,USA,PJM Interconnection,US-MIDA-PJM,343.56,413.85,39.88,7.88,pjm.com,false,
2023-03-19 04:00:00,USA,PJM Interconnection,US-MIDA-PJM,340.72,410.51,40.22,7.34,pjm.com,false,
2023-03-19 05:00:00,USA,PJM Interconnection,US-MIDA-PJM,336.48,405.76,40.83,7.33,pjm.com,false,
2023-03-19 06:00:00,USA,PJM Interconnection,US-MIDA-PJM,334.91,404.15,40.93,7.32,pjm.com,false,
2023-03-19 07:00:00,USA,PJM Interconnection,US-MIDA-PJM,334.59,403.91,40.9,7.48,pjm.com,false,
2023-03-19 08:00:00,USA,PJM Interconnection,US-MIDA-PJM,337.19,406.95,40.47,7.3,pjm.com,false,
2023-03-19 09:00:00,USA,PJM Interconnection,US-MIDA-PJM,343.67,414.4,39.67,7.03,pjm.com,false,
2023-03-19 10:00:00,USA,PJM Interconnection,US-MIDA-PJM,346.76,418.15,39.09,7.43,pjm.com,false,
2023-03-19 11:00:00,USA,PJM Interconnection,US-MIDA-PJM,351.95,423.97,38.4,7.92,pjm.com,false,
2023-03-19 12:00:00,USA,PJM Interconnection,US-MIDA-PJM,350.58,421.85,39.12,9.04,pjm.com,false,
2023-03-19 13:00:00,USA,PJM Interconnection,US-MIDA-PJM,337.9,408.16,40.7,10.16,pjm.com,false,
2023-03-19 14:00:00,USA,PJM Interconnection,US-MIDA-PJM,340.74,411.38,40.31,9.28,pjm.com,false,
2023-03-19 15:00:00,USA,PJM Interconnection,US-MIDA-PJM,339.01,409.19,40.72,9.17,pjm.com,false,
2023-03-19 16:00:00,USA,PJM Interconnection,US-MIDA-PJM,332.39,401.08,42.13,10.12,pjm.com,false,
2023-03-19 17:00:00,USA,PJM Interconnection,US-MIDA-PJM,321.3,387.89,44.28,11.65,pjm.com,false,
2023-03-19 18:00:00,USA,PJM Interconnection,US-MIDA-PJM,316.95,382.51,45.29,12.19,pjm.com,false,
2023-03-19 19:00:00,USA,PJM Interconnection,US-MIDA-PJM,314.98,379.84,45.92,12.36,pjm.com,false,
2023-03-19 20:00:00,USA,PJM Interconnection,US-MIDA-PJM,313.95,378.81,46.0,12.4,pjm.com,false,
2023-03-19 21:00:00,USA,PJM Interconnection,US-MIDA-PJM,316.92,382.89,44.97,11.82,pjm.com,false,
2023-03-19 22:00:00,USA,PJM Interconnection,US-MIDA-PJM,329.7,398.81,41.8,9.4,pjm.com,false,
2023-03-19 23:00:00,USA,PJM Interconnection,US-MIDA-PJM,342.0,412.93,39.83,8.96,pjm.com,false,
2023-03-20 00:00:00,USA,PJM Interconnection,US-MIDA-PJM,352.16,424.38,38.36,8.76,pjm.com,false,
2023-03-20 01:00:00,USA,PJM Interconnection,US-MIDA-PJM,355.14,427.22,38.26,8.73,pjm.com,false,
2023-03-20 02:00:00,USA,PJM Interconnection,US-MIDA-PJM,358.63,430.07,38.48,8.48,pjm.com,false,
2023-03-20 03:00:00,USA,PJM Interconnection,US-MIDA-PJM,356.4,426.68,39.37,8.51,pjm.com,false,
2023-03-20 04:00:00,USA,PJM Interconnection,US-MIDA-PJM,349.17,418.64,40.27,9.02,pjm.com,false,
2023-03-20 05:00:00,USA,PJM Interconnection,US-MIDA-PJM,347.05,416.69,40.31,9.04,pjm.com,false,
2023-03-20 06:00:00,USA,PJM Interconnection,US-MIDA-PJM,344.63,414.1,40.52,9.4,pjm.com,false,
2023-03-20 07:00:00,USA,PJM Interconnection,US-MIDA-PJM,341.45,410.96,40.76,9.97,pjm.com,false,
2023-03-20 08:00:00,USA,PJM Interconnection,US-MIDA-PJM,344.69,415.18,39.85,9.88,pjm.com,false,
2023-03-20 09:00:00,USA,PJM Interconnection,US-MIDA-PJM,348.1,420.48,38.26,9.84,pjm.com,false,
2023-03-20 10:00:00,USA,PJM Interconnection,US-MIDA-PJM,356.89,431.02,36.85,10.39,pjm.com,false,
2023-03-20 11:00:00,USA,PJM Interconnection,US-MIDA-PJM,370.05,446.68,35.44,10.35,pjm.com,false,
2023-03-20 12:00:00,USA,PJM Interconnection,US-MIDA-PJM,370.24,446.45,36.36,11.08,pjm.com,false,
2023-03-20 13:00:00,USA,PJM Interconnection,US-MIDA-PJM,353.7,426.93,38.63,12.17,pjm.com,false,
2023-03-20 14:00:00,USA,PJM Interconnection,US-MIDA-PJM,343.6,415.0,39.88,12.22,pjm.com,false,
2023-03-20 15:00:00,USA,PJM Interconnection,US-MIDA-PJM,339.58,409.22,41.06,12.36,pjm.com,false,
2023-03-20 16:00:00,USA,PJM Interconnection,US-MIDA-PJM,333.25,401.35,42.53,12.83,pjm.com,false,
2023-03-20 17:00:00,USA,PJM Interconnection,US-MIDA-PJM,328.45,396.01,43.18,13.21,pjm.com,false,
2023-03-20 18:00:00,USA,PJM Interconnection,US-MIDA-PJM,322.3,388.4,44.57,13.82,pjm.com,false,
2023-03-20 19:00:00,USA,PJM Interconnection,US-MIDA-PJM,319.66,384.94,45.31,14.2,pjm.com,false,
2023-03-20 20:00:00,USA,PJM Interconnection,US-MIDA-PJM,317.37,382.14,45.81,14.45,pjm.com,false,
2023-03-20 21:00:00,USA,PJM Interconnection,US-MIDA-PJM,316.27,381.12,45.8,14.34,pjm.com,false,
2023-03-20 22:00:00,USA,PJM Interconnection,US-MIDA-PJM,325.89,393.59,43.05,12.12,pjm.com,false,
2023-03-20 23:00:00,USA,PJM Interconnection,US-MIDA-PJM,334.57,404.15,41.14,11.15,pjm.com,false,
2023-03-21 00:00:00,USA,PJM Interconnection,US-MIDA-PJM,346.75,417.33,39.71,10.8,pjm.com,false,
2023-03-21 01:00:00,USA,PJM Interconnection,US-MIDA-PJM,344.76,414.92,40.08,10.75,pjm.com,false,
2023-03-21 02:00:00,USA,PJM Interconnection,US-MIDA-PJM,342.11,411.86,40.48,10.44,pjm.com,false,
2023-03-21 03:00:00,USA,PJM Interconnection,US-MIDA-PJM,339.38,408.74,40.89,10.12,pjm.com,false,
2023-03-21 04:00:00,USA,PJM Interconnection,US-MIDA-PJM,335.91,403.87,42.05,10.23,pjm.com,false,
2023-03-21 05:00:00,USA,PJM Interconnection,US-MIDA-PJM,332.26,399.75,42.61,10.42,pjm.com,false,
2023-03-21 06:00:00,USA,PJM Interconnection,US-MIDA-PJM,331.52,399.25,42.44,10.35,pjm.com,false,
2023-03-21 07:00:00,USA,PJM Interconnection,US-MIDA-PJM,334.26,402.29,42.09,10.16,pjm.com,false,
2023-03-21 08:00:00,USA,PJM Interconnection,US-MIDA-PJM,335.99,404.35,41.78,10.45,pjm.com,false,
2023-03-21 09:00:00,USA,PJM Interconnection,US-MIDA-PJM,339.72,410.17,40.08,10.25,pjm.com,false,
2023-03-21 10:00:00,USA,PJM Interconnection,US-MIDA-PJM,342.51,414.67,38.76,10.83,pjm.com,false,
2023-03-21 11:00:00,USA,PJM Interconnection,US-MIDA-PJM,355.7,429.49,36.98,10.63,pjm.com,false,
2023-03-21 12:00:00,USA,PJM Interconnection,US-MIDA-PJM,358.73,431.6,37.56,11.06,pjm.com,false,
2023-03-21 13:00:00,USA,PJM Interconnection,US-MIDA-PJM,350.17,421.67,39.18,11.17,pjm.com,false,
2023-03-21 14:00:00,USA,PJM Interconnection,US-MIDA-PJM,353.33,424.99,38.96,9.72,pjm.com,false,
2023-03-21 15:00:00,USA,PJM Interconnection,US-MIDA-PJM,348.15,418.93,39.84,9.71,pjm.com,false,
2023-03-21 16:00:00,USA,PJM Interconnection,US-MIDA-PJM,340.05,410.06,40.74,10.03,pjm.com,false,
2023-03-21 17:00:00,USA,PJM Interconnection,US-MIDA-PJM,333.49,402.58,41.67,10.43,pjm.com,false,
2023-03-21 18:00:00,USA,PJM Interconnection,US-MIDA-PJM,326.96,394.26,43.35,11.28,pjm.com,false,
2023-03-21 19:00:00,USA,PJM Interconnection,US-MIDA-PJM,322.99,388.9,44.58,12.1,pjm.com,false,
2023-03-21 20:00:00,USA,PJM Interconnection,US-MIDA-PJM,325.02,391.18,44.27,11.92,pjm.com,false,
2023-03-21 21:00:00,USA,PJM Interconnection,US-MIDA-PJM,330.34,398.18,42.7,10.8,pjm.com,false,
2023-03-21 22:00:00,USA,PJM Interconnection,US-MIDA-PJM,337.54,407.49,40.77,9.19,pjm.com,false,
2023-03-21 23:00:00,USA,PJM Interconnection,US-MIDA-PJM,339.53,409.36,40.78,9.61,pjm.com,false,
2023-03-22 00:00:00,USA,PJM Interconnection,US-MIDA-PJM,343.99,415.45,39.27,9.06,pjm.com,false,
2023-03-22 01:00:00,USA,PJM Interconnection,US-MIDA-PJM,345.53,416.89,39.16,8.34,pjm.com,false,
2023-03-22 02:00:00,USA,PJM Interconnection,US-MIDA-PJM,344.48,415.07,39.77,7.79,pjm.com,false,
2023-03-22 03:00:00,USA,PJM Interconnection,US-MIDA-PJM,340.95,411.25,40.14,7.2,pjm.com,false,
2023-03-22 04:00:00,USA,PJM Interconnection,US-MIDA-PJM,336.59,405.85,41.05,6.95,pjm.com,false,
2023-03-22 05:00:00,USA,PJM Interconnection,US-MIDA-PJM,332.79,401.09,41.84,6.94,pjm.com,false,
2023-03-22 06:00:00,USA,PJM Interconnection,US-MIDA-PJM,334.11,402.82,41.45,6.37,pjm.com,false,
2023-03-22 07:00:00,USA,PJM Interconnection,US-MIDA-PJM,335.9,404.73,41.29,6.0,pjm.com,false,
2023-03-22 08:00:00,USA,PJM Interconnection,US-MIDA-PJM,340.25,409.99,40.39,5.44,pjm.com,false,
2023-03-22 09:00:00,USA,PJM Interconnection,US-MIDA-PJM,343.03,413.26,39.96,5.83,pjm.com,false,
2023-03-22 10:00:00,USA,PJM Interconnection,US-MIDA-PJM,344.4,415.63,39.5,7.58,pjm.com,false,
2023-03-22 11:00:00,USA,PJM Interconnection,US-MIDA-PJM,356.03,428.81,37.76,7.61,pjm.com,false,
2023-03-22 12:00:00,USA,PJM Interconnection,US-MIDA-PJM,361.71,434.92,37.13,7.76,pjm.com,false,
2023-03-22 13:00:00,USA,PJM Interconnection,US-MIDA-PJM,360.18,433.03,37.54,7.85,pjm.com,false,
2023-03-22 14:00:00,USA,PJM Interconnection,US-MIDA-PJM,355.81,428.23,38.19,8.11,pjm.com,false,
2023-03-22 15:00:00,USA,PJM Interconnection,US-MIDA-PJM,348.48,419.76,39.34,8.6,pjm.com,false,
2023-03-22 16:00:00,USA,PJM Interconnection,US-MIDA-PJM,344.32,414.79,40.21,9.08,pjm.com,false,
2023-03-22 17:00:00,USA,PJM Interconnection,US-MIDA-PJM,349.33,420.62,39.27,7.98,pjm.com,false,
2023-03-22 18:00:00,USA,PJM Interconnection,US-MIDA-PJM,348.95,420.41,39.14,7.32,pjm.com,false,
2023-03-22 19:00:00,USA,PJM Interconnection,US-MIDA-PJM,349.6,421.26,38.93,7.03,pjm.com,false,
2023-03-22 20:00:00,USA,PJM Interconnection,US-MIDA-PJM,351.12,423.45,38.39,6.8,pjm.com,false,
2023-03-22 21:00:00,USA,PJM Interconnection,US-MIDA-PJM,352.72,425.35,38.06,6.55,pjm.com,false,
2023-03-22 22:00:00,USA,PJM Interconnection,US-MIDA-PJM,354.33,427.7,37.39,6.1,pjm.com,false,
2023-03-22 23:00:00,USA,PJM Interconnection,US-MIDA-PJM,351.83,424.85,37.76,6.8,pjm.com,false,
2023-03-23 00:00:00,USA,PJM Interconnection,US-MIDA-PJM,352.35,425.38,37.6,7.15,pjm.com,false,
2023-03-23 01:00:00,USA,PJM Interconnection,US-MIDA-PJM,350.58,422.78,38.28,7.03,pjm.com,false,
2023-03-23 02:00:00,USA,PJM Interconnection,US-MIDA-PJM,344.93,415.63,39.54,6.81,pjm.com,false,
2023-03-23 03:00:00,USA,PJM Interconnection,US-MIDA-PJM,336.45,405.49,41.06,6.81,pjm.com,false,
2023-03-23 04:00:00,USA,PJM Interconnection,US-MIDA-PJM,331.29,398.75,42.46,6.63,pjm.com,false,
2023-03-23 05:00:00,USA,PJM Interconnection,US-MIDA-PJM,330.04,397.18,42.77,6.2,pjm.com,false,
2023-03-23 06:00:00,USA,PJM Interconnection,US-MIDA-PJM,333.15,402.02,41.35,5.21,pjm.com,false,
2023-03-23 07:00:00,USA,PJM Interconnection,US-MIDA-PJM,334.51,403.26,41.4,4.76,pjm.com,false,
2023-03-23 08:00:00,USA,PJM Interconnection,US-MIDA-PJM,332.71,401.73,41.29,5.04,pjm.com,false,
2023-03-23 09:00:00,USA,PJM Interconnection,US-MIDA-PJM,330.37,399.44,41.39,6.08,pjm.com,false,
2023-03-23 10:00:00,USA,PJM Interconnection,US-MIDA-PJM,329.44,399.26,41.0,7.85,pjm.com,false,
2023-03-23 11:00:00,USA,PJM Interconnection,US-MIDA-PJM,333.82,404.97,39.83,8.45,pjm.com,false,
2023-03-23 12:00:00,USA,PJM Interconnection,US-MIDA-PJM,334.14,404.34,40.61,9.72,pjm.com,false,
2023-03-23 13:00:00,USA,PJM Interconnection,US-MIDA-PJM,328.48,398.07,41.53,10.6,pjm.com,false,
2023-03-23 14:00:00,USA,PJM Interconnection,US-MIDA-PJM,332.63,403.31,40.6,9.75,pjm.com,false,
2023-03-23 15:00:00,USA,PJM Interconnection,US-MIDA-PJM,328.64,398.39,41.48,10.5,pjm.com,false,
2023-03-23 16:00:00,USA,PJM Interconnection,US-MIDA-PJM,330.65,400.77,41.1,9.82,pjm.com,false,
2023-03-23 17:00:00,USA,PJM Interconnection,US-MIDA-PJM,333.84,404.54,40.51,9.01,pjm.com,false,
2023-03-23 18:00:00,USA,PJM Interconnection,US-MIDA-PJM,335.33,405.6,40.76,8.9,pjm.com,false,
2023-03-23 19:00:00,USA,PJM Interconnection,US-MIDA-PJM,339.01,408.51,41.12,8.94,pjm.com,false,
2023-03-23 20:00:00,USA,PJM Interconnection,US-MIDA-PJM,335.71,406.14,40.55,8.48,pjm.com,false,
2023-03-23 21:00:00,USA,PJM Interconnection,US-MIDA-PJM,337.92,408.93,39.98,8.19,pjm.com,false,
2023-03-23 22:00:00,USA,PJM Interconnection,US-MIDA-PJM,343.06,415.26,38.76,6.9,pjm.com,false,
2023-03-23 23:00:00,USA,PJM Interconnection,US-MIDA-PJM,340.65,412.73,39.05,7.6,pjm.com,false,
2023-03-24 00:00:00,USA,PJM Interconnection,US-MIDA-PJM,350.85,423.82,37.81,7.22,pjm.com,false,
2023-03-24 01:00:00,USA,PJM Interconnection,US-MIDA-PJM,351.12,423.71,38.04,6.61,pjm.com,false,
2023-03-24 02:00:00,USA,PJM Interconnection,US-MIDA-PJM,356.21,427.81,38.25,5.3,pjm.com,false,
2023-03-24 03:00:00,USA,PJM Interconnection,US-MIDA-PJM,344.35,415.19,39.31,4.51,pjm.com,false,
2023-03-24 04:00:00,USA,PJM Interconnection,US-MIDA-PJM,336.43,406.84,40.06,3.92,pjm.com,false,
2023-03-24 05:00:00,USA,PJM Interconnection,US-MIDA-PJM,328.33,397.69,41.26,4.28,pjm.com,false,
2023-03-24 06:00:00,USA,PJM Interconnection,US-MIDA-PJM,327.07,396.78,41.05,3.98,pjm.com,false,
2023-03-24 07:00:00,USA,PJM Interconnection,US-MIDA-PJM,325.18,394.51,41.42,4.12,pjm.com,false,
2023-03-24 08:00:00,USA,PJM Interconnection,US-MIDA-PJM,322.0,390.71,42.04,5.09,pjm.com,false,
2023-03-24 09:00:00,USA,PJM Interconnection,US-MIDA-PJM,325.0,394.76,41.11,5.07,pjm.com,false,
2023-03-24 10:00:00,USA,PJM Interconnection,US-MIDA-PJM,329.86,401.1,39.84,5.5,pjm.com,false,
2023-03-24 11:00:00,USA,PJM Interconnection,US-MIDA-PJM,339.41,411.66,38.59,6.06,pjm.com,false,
2023-03-24 12:00:00,USA,PJM Interconnection,US-MIDA-PJM,335.12,407.02,39.21,7.23,pjm.com,false,
2023-03-24 13:00:00,USA,PJM Interconnection,US-MIDA-PJM,332.48,404.18,39.58,7.87,pjm.com,false,
2023-03-24 14:00:00,USA,PJM Interconnection,US-MIDA-PJM,330.46,401.82,40.02,8.21,pjm.com,false,
2023-03-24 15:00:00,USA,PJM Interconnection,US-MIDA-PJM,332.41,403.47,40.1,8.23,pjm.com,false,
2023-03-24 16:00:00,USA,PJM Interconnection,US-MIDA-PJM,326.97,397.3,40.92,8.53,pjm.com,false,
2023-03-24 17:00:00,USA,PJM Interconnection,US-MIDA-PJM,322.9,393.05,41.3,8.63,pjm.com,false,
2023-03-24 18:00:00,USA,PJM Interconnection,US-MIDA-PJM,320.85,390.64,41.59,8.7,pjm.com,false,
2023-03-24 19:00:00,USA,PJM Interconnection,US-MIDA-PJM,321.12,390.38,41.94,8.96,pjm.com,false,
2023-03-24 20:00:00,USA,PJM Interconnection,US-MIDA-PJM,315.83,384.52,42.65,9.65,pjm.com,false,
2023-03-24 21:00:00,USA,PJM Interconnection,US-MIDA-PJM,314.23,383.04,42.59,9.76,pjm.com,false,
2023-03-24 22:00:00,USA,PJM Interconnection,US-MIDA-PJM,320.5,390.45,41.3,8.53,pjm.com,false,
2023-03-24 23:00:00,USA,PJM Interconnection,US-MIDA-PJM,317.55,387.46,41.54,9.07,pjm.com,false,
2023-03-25 00:00:00,USA,PJM Interconnection,US-MIDA-PJM,321.92,392.29,40.94,8.67,pjm.com,false,
2023-03-25 01:00:00,USA,PJM Interconnection,US-MIDA-PJM,315.89,384.9,42.19,8.97,pjm.com,false,
2023-03-25 02:00:00,USA,PJM Interconnection,US-MIDA-PJM,309.24,376.71,43.6,9.01,pjm.com,false,
2023-03-25 03:00:00,USA,PJM Interconnection,US-MIDA-PJM,305.36,371.9,44.46,9.3,pjm.com,false,
2023-03-25 04:00:00,USA,PJM Interconnection,US-MIDA-PJM,297.94,363.23,45.74,9.55,pjm.com,false,
2023-03-25 05:00:00,USA,PJM Interconnection,US-MIDA-PJM,292.19,357.23,46.23,9.39,pjm.com,false,
2023-03-25 06:00:00,USA,PJM Interconnection,US-MIDA-PJM,289.42,353.77,46.89,9.38,pjm.com,false,
2023-03-25 07:00:00,USA,PJM Interconnection,US-MIDA-PJM,292.23,356.76,46.64,8.71,pjm.com,false,
2023-03-25 08:00:00,USA,PJM Interconnection,US-MIDA-PJM,295.05,360.84,45.54,7.63,pjm.com,false,
2023-03-25 09:00:00,USA,PJM Interconnection,US-MIDA-PJM,303.7,371.24,43.81,6.31,pjm.com,false,
2023-03-25 10:00:00,USA,PJM Interconnection,US-MIDA-PJM,308.34,375.76,43.66,6.6,pjm.com,false,
2023-03-25 11:00:00,USA,PJM Interconnection,US-MIDA-PJM,304.57,371.45,44.28,8.37,pjm.com,false,
2023-03-25 12:00:00,USA,PJM Interconnection,US-MIDA-PJM,296.32,362.2,45.37,10.59,pjm.com,false,
2023-03-25 13:00:00,USA,PJM Interconnection,US-MIDA-PJM,294.65,360.35,45.6,12.26,pjm.com,false,
2023-03-25 14:00:00,USA,PJM Interconnection,US-MIDA-PJM,299.36,364.87,45.48,12.67,pjm.com,false,
2023-03-25 15:00:00,USA,PJM Interconnection,US-MIDA-PJM,298.42,363.77,45.64,12.8,pjm.com,false,
2023-03-25 16:00:00,USA,PJM Interconnection,US-MIDA-PJM,294.41,359.66,45.93,12.84,pjm.com,false,
2023-03-25 17:00:00,USA,PJM Interconnection,US-MIDA-PJM,292.51,357.86,45.94,12.46,pjm.com,false,
2023-03-25 18:00:00,USA,PJM Interconnection,US-MIDA-PJM,289.42,354.62,46.21,12.25,pjm.com,false,
2023-03-25 19:00:00,USA,PJM Interconnection,US-MIDA-PJM,287.09,351.23,47.15,12.47,pjm.com,false,
2023-03-25 20:00:00,USA,PJM Interconnection,US-MIDA-PJM,284.74,348.57,47.55,12.68,pjm.com,false,
2023-03-25 21:00:00,USA,PJM Interconnection,US-MIDA-PJM,281.47,344.84,48.15,13.21,pjm.com,false,
2023-03-25 22:00:00,USA,PJM Interconnection,US-MIDA-PJM,285.68,349.97,47.17,11.99,pjm.com,false,
2023-03-25 23:00:00,USA,PJM Interconnection,US-MIDA-PJM,292.82,359.02,45.38,10.39,pjm.com,false,
2023-03-26 00:00:00,USA,PJM Interconnection,US-MIDA-PJM,306.7,374.45,43.53,8.95,pjm.com,false,
2023-03-26 01:00:00,USA,PJM Interconnection,US-MIDA-PJM,308.2,376.18,43.24,8.02,pjm.com,false,
2023-03-26 02:00:00,USA,PJM Interconnection,US-MIDA-PJM,311.5,379.01,43.33,6.8,pjm.com,false,
2023-03-26 03:00:00,USA,PJM Interconnection,US-MIDA-PJM,305.23,372.14,44.04,6.58,pjm.com,false,
2023-03-26 04:00:00,USA,PJM Interconnection,US-MIDA-PJM,297.27,363.31,45.08,6.36,pjm.com,false,
2023-03-26 05:00:00,USA,PJM Interconnection,US-MIDA-PJM,294.36,359.88,45.62,6.24,pjm.com,false,
2023-03-26 06:00:00,USA,PJM Interconnection,US-MIDA-PJM,294.67,360.49,45.37,5.82,pjm.com,false,
2023-03-26 07:00:00,USA,PJM Interconnection,US-MIDA-PJM,293.85,359.42,45.6,5.63,pjm.com,false,
2023-03-26 08:00:00,USA,PJM Interconnection,US-MIDA-PJM,291.87,357.23,45.87,5.82,pjm.com,false,
2023-03-26 09:00:00,USA,PJM Interconnection,US-MIDA-PJM,294.73,360.9,45.09,5.54,pjm.com,false,
2023-03-26 10:00:00,USA,PJM Interconnection,US-MIDA-PJM,298.22,364.91,44.55,5.43,pjm.com,false,
2023-03-26 11:00:00,USA,PJM Interconnection,US-MIDA-PJM,299.93,367.18,44.13,6.01,pjm.com,false,
2023-03-26 12:00:00,USA,PJM Interconnection,US-MIDA-PJM,291.16,356.64,46.09,8.31,pjm.com,false,
2023-03-26 13:00:00,USA,PJM Interconnection,US-MIDA-PJM,278.71,341.3,49.1,11.12,pjm.com,false,
2023-03-26 14:00:00,USA,PJM Interconnection,US-MIDA-PJM,281.34,344.62,48.45,10.51,pjm.com,false,
2023-03-26 15:00:00,USA,PJM Interconnection,US-MIDA-PJM,286.42,349.93,47.96,9.8,pjm.com,false,
2023-03-26 16:00:00,USA,PJM Interconnection,US-MIDA-PJM,284.08,346.29,48.99,9.91,pjm.com,false,
2023-03-26 17:00:00,USA,PJM Interconnection,US-MIDA-PJM,281.54,342.79,49.8,10.14,pjm.com,false,
2023-03-26 18:00:00,USA,PJM Interconnection,US-MIDA-PJM,276.12,336.69,50.61,10.56,pjm.com,false,
2023-03-26 19:00:00,USA,PJM Interconnection,US-MIDA-PJM,272.47,332.66,51.13,11.39,pjm.com,false,
2023-03-26 20:00:00,USA,PJM Interconnection,US-MIDA-PJM,269.91,329.61,51.69,12.68,pjm.com,false,
2023-03-26 21:00:00,USA,PJM Interconnection,US-MIDA-PJM,274.05,334.84,50.71,12.56,pjm.com,false,
2023-03-26 22:00:00,USA,PJM Interconnection,US-MIDA-PJM,283.6,346.99,48.15,10.85,pjm.com,false,
2023-03-26 23:00:00,USA,PJM Interconnection,US-MIDA-PJM,291.55,357.1,46.08,9.73,pjm.com,false,
2023-03-27 00:00:00,USA,PJM Interconnection,US-MIDA-PJM,301.13,367.8,44.74,9.7,pjm.com,false,
2023-03-27 01:00:00,USA,PJM Interconnection,US-MIDA-PJM,297.64,363.52,45.49,9.92,pjm.com,false,
2023-03-27 02:00:00,USA,PJM Interconnection,US-MIDA-PJM,299.01,364.99,45.3,8.47,pjm.com,false,
2023-03-27 03:00:00,USA,PJM Interconnection,US-MIDA-PJM,302.0,368.76,44.37,6.13,pjm.com,false,
2023-03-27 04:00:00,USA,PJM Interconnection,US-MIDA-PJM,306.03,373.56,43.54,4.7,pjm.com,false,
2023-03-27 05:00:00,USA,PJM Interconnection,US-MIDA-PJM,308.27,375.92,43.34,3.87,pjm.com,false,
2023-03-27 06:00:00,USA,PJM Interconnection,US-MIDA-PJM,310.3,378.48,42.85,3.2,pjm.com,false,
2023-03-27 07:00:00,USA,PJM Interconnection,US-MIDA-PJM,309.13,377.28,42.92,3.43,pjm.com,false,
2023-03-27 08:00:00,USA,PJM Interconnection,US-MIDA-PJM,308.19,376.42,42.9,4.12,pjm.com,false,
2023-03-27 09:00:00,USA,PJM Interconnection,US-MIDA-PJM,311.92,381.58,41.72,4.7,pjm.com,false,
2023-03-27 10:00:00,USA,PJM Interconnection,US-MIDA-PJM,315.57,386.79,40.61,5.82,pjm.com,false,
2023-03-27 11:00:00,USA,PJM Interconnection,US-MIDA-PJM,324.11,397.24,38.85,6.28,pjm.com,false,
2023-03-27 12:00:00,USA,PJM Interconnection,US-MIDA-PJM,322.81,395.69,39.14,6.66,pjm.com,false,
2023-03-27 13:00:00,USA,PJM Interconnection,US-MIDA-PJM,317.58,389.32,40.37,7.2,pjm.com,false,
2023-03-27 14:00:00,USA,PJM Interconnection,US-MIDA-PJM,319.82,391.66,40.21,6.75,pjm.com,false,
2023-03-27 15:00:00,USA,PJM Interconnection,US-MIDA-PJM,321.16,392.7,40.36,6.56,pjm.com,false,
2023-03-27 16:00:00,USA,PJM Interconnection,US-MIDA-PJM,321.21,392.31,40.63,6.68,pjm.com,false,
2023-03-27 17:00:00,USA,PJM Interconnection,US-MIDA-PJM,321.95,393.1,40.54,6.72,pjm.com,false,
2023-03-27 18:00:00,USA,PJM Interconnection,US-MIDA-PJM,319.35,390.27,40.8,6.97,pjm.com,false,
2023-03-27 19:00:00,USA,PJM Interconnection,US-MIDA-PJM,315.85,386.1,41.54,7.5,pjm.com,false,
2023-03-27 20:00:00,USA,PJM Interconnection,US-MIDA-PJM,314.29,384.47,41.66,7.74,pjm.com,false,
2023-03-27 21:00:00,USA,PJM Interconnection,US-MIDA-PJM,314.17,384.63,41.45,8.05,pjm.com,false,
2023-03-27 22:00:00,USA,PJM Interconnection,US-MIDA-PJM,321.74,393.93,39.67,6.46,pjm.com,false,
2023-03-27 23:00:00,USA,PJM Interconnection,US-MIDA-PJM,323.95,396.71,39.13,6.25,pjm.com,false,
2023-03-28 00:00:00,USA,PJM Interconnection,US-MIDA-PJM,327.64,401.26,38.34,5.96,pjm.com,false,
2023-03-28 01:00:00,USA,PJM Interconnection,US-MIDA-PJM,328.04,401.13,38.6,5.26,pjm.com,false,
2023-03-28 02:00:00,USA,PJM Interconnection,US-MIDA-PJM,325.5,396.98,39.88,4.8,pjm.com,false,
2023-03-28 03:00:00,USA,PJM Interconnection,US-MIDA-PJM,322.88,393.73,40.32,4.57,pjm.com,false,
2023-03-28 04:00:00,USA,PJM Interconnection,US-MIDA-PJM,318.77,388.57,41.22,4.09,pjm.com,false,
2023-03-28 05:00:00,USA,PJM Interconnection,US-MIDA-PJM,316.68,385.5,42.06,3.39,pjm.com,false,
2023-03-28 06:00:00,USA,PJM Interconnection,US-MIDA-PJM,316.37,385.39,41.93,3.07,pjm.com,false,
2023-03-28 07:00:00,USA,PJM Interconnection,US-MIDA-PJM,316.54,385.48,41.98,3.08,pjm.com,false,
2023-03-28 08:00:00,USA,PJM Interconnection,US-MIDA-PJM,318.97,388.78,41.21,3.02,pjm.com,false,
2023-03-28 09:00:00,USA,PJM Interconnection,US-MIDA-PJM,321.15,391.54,40.76,3.64,pjm.com,false,
2023-03-28 10:00:00,USA,PJM Interconnection,US-MIDA-PJM,326.36,399.15,39.02,4.52,pjm.com,false,
2023-03-28 11:00:00,USA,PJM Interconnection,US-MIDA-PJM,336.02,410.28,37.47,5.0,pjm.com,false,
2023-03-28 12:00:00,USA,PJM Interconnection,US-MIDA-PJM,337.55,411.77,37.51,5.51,pjm.com,false,
2023-03-28 13:00:00,USA,PJM Interconnection,US-MIDA-PJM,333.97,407.36,38.33,5.92,pjm.com,false,
2023-03-28 14:00:00,USA,PJM Interconnection,US-MIDA-PJM,332.8,405.98,38.68,5.98,pjm.com,false,
2023-03-28 15:00:00,USA,PJM Interconnection,US-MIDA-PJM,331.68,404.49,38.94,5.75,pjm.com,false,
2023-03-28 16:00:00,USA,PJM Interconnection,US-MIDA-PJM,329.84,402.2,39.32,5.61,pjm.com,false,
2023-03-28 17:00:00,USA,PJM Interconnection,US-MIDA-PJM,328.56,401.0,39.35,5.58,pjm.com,false,
2023-03-28 18:00:00,USA,PJM Interconnection,US-MIDA-PJM,328.34,400.74,39.29,5.27,pjm.com,false,
2023-03-28 19:00:00,USA,PJM Interconnection,US-MIDA-PJM,327.92,400.17,39.38,5.07,pjm.com,false,
2023-03-28 20:00:00,USA,PJM Interconnection,US-MIDA-PJM,326.38,398.23,39.72,5.37,pjm.com,false,
2023-03-28 21:00:00,USA,PJM Interconnection,US-MIDA-PJM,326.86,398.98,39.46,5.21,pjm.com,false,
2023-03-28 22:00:00,USA,PJM Interconnection,US-MIDA-PJM,328.37,401.14,38.85,4.95,pjm.com,false,
2023-03-28 23:00:00,USA,PJM Interconnection,US-MIDA-PJM,331.08,404.86,38.03,4.85,pjm.com,false,
2023-03-29 00:00:00,USA,PJM Interconnection,US-MIDA-PJM,337.06,411.43,37.35,4.74,pjm.com,false,
2023-03-29 01:00:00,USA,PJM Interconnection,US-MIDA-PJM,341.08,415.55,37.0,4.16,pjm.com,false,
2023-03-29 02:00:00,USA,PJM Interconnection,US-MIDA-PJM,340.77,414.39,37.5,3.29,pjm.com,false,
2023-03-29 03:00:00,USA,PJM Interconnection,US-MIDA-PJM,329.8,401.24,39.5,3.9,pjm.com,false,
2023-03-29 04:00:00,USA,PJM Interconnection,US-MIDA-PJM,319.63,389.18,41.32,4.67,pjm.com,false,
2023-03-29 05:00:00,USA,PJM Interconnection,US-MIDA-PJM,311.77,380.57,42.27,5.11,pjm.com,false,
2023-03-29 06:00:00,USA,PJM Interconnection,US-MIDA-PJM,305.72,373.92,43.02,5.6,pjm.com,false,
2023-03-29 07:00:00,USA,PJM Interconnection,US-MIDA-PJM,304.91,372.81,43.3,5.78,pjm.com,false,
2023-03-29 08:00:00,USA,PJM Interconnection,US-MIDA-PJM,304.94,373.37,42.96,6.38,pjm.com,false,
2023-03-29 09:00:00,USA,PJM Interconnection,US-MIDA-PJM,310.63,380.34,42.0,7.07,pjm.com,false,
2023-03-29 10:00:00,USA,PJM Interconnection,US-MIDA-PJM,319.31,390.35,40.66,8.49,pjm.com,false,
2023-03-29 11:00:00,USA,PJM Interconnection,US-MIDA-PJM,331.55,403.59,39.34,8.48,pjm.com,false,
2023-03-29 12:00:00,USA,PJM Interconnection,US-MIDA-PJM,321.73,392.39,40.95,9.8,pjm.com,false,
2023-03-29 13:00:00,USA,PJM Interconnection,US-MIDA-PJM,307.69,376.4,43.23,10.88,pjm.com,false,
2023-03-29 14:00:00,USA,PJM Interconnection,US-MIDA-PJM,301.05,368.73,44.32,11.26,pjm.com,false,
2023-03-29 15:00:00,USA,PJM Interconnection,US-MIDA-PJM,291.88,357.44,46.23,12.42,pjm.com,false,
2023-03-29 16:00:00,USA,PJM Interconnection,US-MIDA-PJM,290.24,355.76,46.31,12.26,pjm.com,false,
2023-03-29 17:00:00,USA,PJM Interconnection,US-MIDA-PJM,291.59,357.56,45.94,11.63,pjm.com,false,
2023-03-29 18:00:00,USA,PJM Interconnection,US-MIDA-PJM,293.1,359.12,45.78,10.98,pjm.com,false,
2023-03-29 19:00:00,USA,PJM Interconnection,US-MIDA-PJM,295.27,361.75,45.26,10.04,pjm.com,false,
2023-03-29 20:00:00,USA,PJM Interconnection,US-MIDA-PJM,295.01,361.72,45.12,10.04,pjm.com,false,
2023-03-29 21:00:00,USA,PJM Interconnection,US-MIDA-PJM,298.13,365.51,44.47,9.59,pjm.com,false,
2023-03-29 22:00:00,USA,PJM Interconnection,US-MIDA-PJM,309.06,378.81,42.21,7.5,pjm.com,false,
2023-03-29 23:00:00,USA,PJM Interconnection,US-MIDA-PJM,317.51,389.26,40.27,6.61,pjm.com,false,
2023-03-30 00:00:00,USA,PJM Interconnection,US-MIDA-PJM,326.21,398.43,39.48,6.76,pjm.com,false,
2023-03-30 01:00:00,USA,PJM Interconnection,US-MIDA-PJM,323.5,395.13,39.99,6.71,pjm.com,false,
2023-03-30 02:00:00,USA,PJM Interconnection,US-MIDA-PJM,315.13,385.74,41.1,6.48,pjm.com,false,
2023-03-30 03:00:00,USA,PJM Interconnection,US-MIDA-PJM,312.79,382.91,41.52,5.95,pjm.com,false,
2023-03-30 04:00:00,USA,PJM Interconnection,US-MIDA-PJM,310.24,379.73,41.97,5.9,pjm.com,false,
2023-03-30 05:00:00,USA,PJM Interconnection,US-MIDA-PJM,309.59,379.71,41.46,5.45,pjm.com,false,
2023-03-30 06:00:00,USA,PJM Interconnection,US-MIDA-PJM,309.83,380.28,41.21,5.54,pjm.com,false,
2023-03-30 07:00:00,USA,PJM Interconnection,US-MIDA-PJM,308.91,379.17,41.39,5.77,pjm.com,false,
2023-03-30 08:00:00,USA,PJM Interconnection,US-MIDA-PJM,308.79,379.39,41.16,5.98,pjm.com,false,
2023-03-30 09:00:00,USA,PJM Interconnection,US-MIDA-PJM,309.22,380.67,40.65,6.87,pjm.com,false,
2023-03-30 10:00:00,USA,PJM Interconnection,US-MIDA-PJM,316.36,389.83,39.11,7.8,pjm.com,false,
2023-03-30 11:00:00,USA,PJM Interconnection,US-MIDA-PJM,328.47,403.08,37.6,7.74,pjm.com,false,
2023-03-30 12:00:00,USA,PJM Interconnection,US-MIDA-PJM,322.79,395.65,39.35,9.1,pjm.com,false,
2023-03-30 13:00:00,USA,PJM Interconnection,US-MIDA-PJM,308.82,379.12,42.12,10.5,pjm.com,false,
2023-03-30 14:00:00,USA,PJM Interconnection,US-MIDA-PJM,299.78,369.27,43.2,10.72,pjm.com,false,
2023-03-30 15:00:00,USA,PJM Interconnection,US-MIDA-PJM,296.17,364.77,44.05,10.66,pjm.com,false,
2023-03-30 16:00:00,USA,PJM Interconnection,US-MIDA-PJM,292.85,360.43,44.83,10.61,pjm.com,false,
2023-03-30 17:00:00,USA,PJM Interconnection,US-MIDA-PJM,291.98,359.49,44.83,10.4,pjm.com,false,
2023-03-30 18:00:00,USA,PJM Interconnection,US-MIDA-PJM,289.92,356.48,45.65,10.89,pjm.com,false,
2023-03-30 19:00:00,USA,PJM Interconnection,US-MIDA-PJM,286.37,351.81,46.69,11.58,pjm.com,false,
2023-03-30 20:00:00,USA,PJM Interconnection,US-MIDA-PJM,283.06,347.23,47.8,12.43,pjm.com,false,
2023-03-30 21:00:00,USA,PJM Interconnection,US-MIDA-PJM,284.0,348.18,47.67,12.58,pjm.com,false,
2023-03-30 22:00:00,USA,PJM Interconnection,US-MIDA-PJM,294.13,360.99,45.13,10.34,pjm.com,false,
2023-03-30 23:00:00,USA,PJM Interconnection,US-MIDA-PJM,298.77,367.42,43.58,9.72,pjm.com,false,
2023-03-31 00:00:00,USA,PJM Interconnection,US-MIDA-PJM,304.94,374.26,42.84,10.23,pjm.com,false,
2023-03-31 01:00:00,USA,PJM Interconnection,US-MIDA-PJM,305.61,374.42,43.05,10.24,pjm.com,false,
2023-03-31 02:00:00,USA,PJM Interconnection,US-MIDA-PJM,299.78,367.33,44.18,9.99,pjm.com,false,
2023-03-31 03:00:00,USA,PJM Interconnection,US-MIDA-PJM,291.17,357.68,45.37,10.25,pjm.com,false,
2023-03-31 04:00:00,USA,PJM Interconnection,US-MIDA-PJM,288.59,353.8,46.33,10.15,pjm.com,false,
2023-03-31 05:00:00,USA,PJM Interconnection,US-MIDA-PJM,291.64,356.36,46.48,10.08,pjm.com,false,
2023-03-31 06:00:00,USA,PJM Interconnection,US-MIDA-PJM,292.63,357.32,46.46,10.04,pjm.com,false,
2023-03-31 07:00:00,USA,PJM Interconnection,US-MIDA-PJM,291.43,356.21,46.44,9.83,pjm.com,false,
2023-03-31 08:00:00,USA,PJM Interconnection,US-MIDA-PJM,290.39,355.01,46.62,10.52,pjm.com,false,
2023-03-31 09:00:00,USA,PJM Interconnection,US-MIDA-PJM,287.58,352.06,46.94,11.45,pjm.com,false,
2023-03-31 10:00:00,USA,PJM Interconnection,US-MIDA-PJM,291.68,357.87,45.82,12.52,pjm.com,false,
2023-03-31 11:00:00,USA,PJM Interconnection,US-MIDA-PJM,299.53,367.24,44.32,12.35,pjm.com,false,
2023-03-31 12:00:00,USA,PJM Interconnection,US-MIDA-PJM,298.34,365.93,44.57,12.88,pjm.com,false,
2023-03-31 13:00:00,USA,PJM Interconnection,US-MIDA-PJM,300.42,368.04,44.39,12.49,pjm.com,false,
2023-03-31 14:00:00,USA,PJM Interconnection,US-MIDA-PJM,298.18,365.04,45.07,12.59,pjm.com,false,
2023-03-31 15:00:00,USA,PJM Interconnection,US-MIDA-PJM,293.89,359.72,46.07,13.34,pjm.com,false,
2023-03-31 16:00:00,USA,PJM Interconnection,US-MIDA-PJM,292.41,357.86,46.45,13.48,pjm.com,false,
2023-03-31 17:00:00,USA,PJM Interconnection,US-MIDA-PJM,293.15,358.72,46.1,12.86,pjm.com,false,
2023-03-31 18:00:00,USA,PJM Interconnection,US-MIDA-PJM,291.19,356.83,46.15,12.32,pjm.com,false,
2023-03-31 19:00:00,USA,PJM Interconnection,US-MIDA-PJM,291.75,357.63,45.85,11.73,pjm.com,false,
2023-03-31 20:00:00,USA,PJM Interconnection,US-MIDA-PJM,296.37,363.05,44.95,11.07,pjm.com,false,
2023-03-31 21:00:00,USA,PJM Interconnection,US-MIDA-PJM,291.62,357.89,45.52,11.61,pjm.com,false,
2023-03-31 22:00:00,USA,PJM Interconnection,US-MIDA-PJM,291.5,357.69,45.6,11.8,pjm.com,false,
2023-03-31 23:00:00,USA,PJM Interconnection,US-MIDA-PJM,282.82,347.81,47.0,13.09,pjm.com,false,
2023-04-01 00:00:00,USA,PJM Interconnection,US-MIDA-PJM,286.75,352.64,46.11,12.53,pjm.com,false,
2023-04-01 01:00:00,USA,PJM Interconnection,US-MIDA-PJM,290.59,356.69,45.63,11.07,pjm.com,false,
2023-04-01 02:00:00,USA,PJM Interconnection,US-MIDA-PJM,293.54,359.32,45.53,10.02,pjm.com,false,
2023-04-01 03:00:00,USA,PJM Interconnection,US-MIDA-PJM,281.71,345.19,47.79,11.08,pjm.com,false,
2023-04-01 04:00:00,USA,PJM Interconnection,US-MIDA-PJM,273.86,335.88,49.66,11.25,pjm.com,false,
2023-04-01 05:00:00,USA,PJM Interconnection,US-MIDA-PJM,274.53,336.71,49.16,9.84,pjm.com,false,
2023-04-01 06:00:00,USA,PJM Interconnection,US-MIDA-PJM,280.04,343.45,47.97,8.23,pjm.com,false,
2023-04-01 07:00:00,USA,PJM Interconnection,US-MIDA-PJM,278.5,340.98,48.75,8.02,pjm.com,false,
2023-04-01 08:00:00,USA,PJM Interconnection,US-MIDA-PJM,277.2,339.82,48.7,8.26,pjm.com,false,
2023-04-01 09:00:00,USA,PJM Interconnection,US-MIDA-PJM,274.46,336.33,49.4,9.08,pjm.com,false,
2023-04-01 10:00:00,USA,PJM Interconnection,US-MIDA-PJM,273.58,335.27,49.58,10.28,pjm.com,false,
2023-04-01 11:00:00,USA,PJM Interconnection,US-MIDA-PJM,274.69,335.93,49.9,11.82,pjm.com,false,
2023-04-01 12:00:00,USA,PJM Interconnection,US-MIDA-PJM,278.52,340.93,48.9,12.39,pjm.com,false,
2023-04-01 13:00:00,USA,PJM Interconnection,US-MIDA-PJM,280.76,343.36,48.71,13.22,pjm.com,false,
2023-04-01 14:00:00,USA,PJM Interconnection,US-MIDA-PJM,290.19,353.72,47.54,12.7,pjm.com,false,
2023-04-01 15:00:00,USA,PJM Interconnection,US-MIDA-PJM,287.22,350.42,47.92,13.03,pjm.com,false,
2023-04-01 16:00:00,USA,PJM Interconnection,US-MIDA-PJM,278.92,340.5,49.53,14.04,pjm.com,false,
2023-04-01 17:00:00,USA,PJM Interconnection,US-MIDA-PJM,271.15,331.89,50.56,14.7,pjm.com,false,
2023-04-01 18:00:00,USA,PJM Interconnection,US-MIDA-PJM,265.45,325.16,51.67,15.36,pjm.com,false,
2023-04-01 19:00:00,USA,PJM Interconnection,US-MIDA-PJM,264.34,324.03,51.82,15.68,pjm.com,false,
2023-04-01 20:00:00,USA,PJM Interconnection,US-MIDA-PJM,264.37,324.43,51.61,15.95,pjm.com,false,
2023-04-01 21:00:00,USA,PJM Interconnection,US-MIDA-PJM,270.96,332.75,50.06,14.92,pjm.com,false,
2023-04-01 22:00:00,USA,PJM Interconnection,US-MIDA-PJM,284.2,348.47,47.65,12.83,pjm.com,false,
2023-04-01 23:00:00,USA,PJM Interconnection,US-MIDA-PJM,294.92,360.32,46.2,11.19,pjm.com,false,
2023-04-02 00:00:00,USA,PJM Interconnection,US-MIDA-PJM,299.05,365.3,45.4,10.53,pjm.com,false,
2023-04-02 01:00:00,USA,PJM Interconnection,US-MIDA-PJM,304.03,370.91,44.65,9.39,pjm.com,false,
2023-04-02 02:00:00,USA,PJM Interconnection,US-MIDA-PJM,308.88,376.25,43.92,7.59,pjm.com,false,
2023-04-02 03:00:00,USA,PJM Interconnection,US-MIDA-PJM,310.56,378.04,43.73,6.26,pjm.com,false,
2023-04-02 04:00:00,USA,PJM Interconnection,US-MIDA-PJM,304.17,370.61,44.55,5.2,pjm.com,false,
2023-04-02 05:00:00,USA,PJM Interconnection,US-MIDA-PJM,298.05,363.88,45.25,4.89,pjm.com,false,
2023-04-02 06:00:00,USA,PJM Interconnection,US-MIDA-PJM,295.57,361.45,45.33,4.83,pjm.com,false,
2023-04-02 07:00:00,USA,PJM Interconnection,US-MIDA-PJM,292.08,357.52,45.86,4.97,pjm.com,false,
2023-04-02 08:00:00,USA,PJM Interconnection,US-MIDA-PJM,292.06,357.56,45.83,5.19,pjm.com,false,
2023-04-02 09:00:00,USA,PJM Interconnection,US-MIDA-PJM,292.65,358.32,45.68,5.6,pjm.com,false,
2023-04-02 10:00:00,USA,PJM Interconnection,US-MIDA-PJM,294.68,360.63,45.44,6.47,pjm.com,false,
2023-04-02 11:00:00,USA,PJM Interconnection,US-MIDA-PJM,293.94,360.08,45.39,7.51,pjm.com,false,
2023-04-02 12:00:00,USA,PJM Interconnection,US-MIDA-PJM,289.22,354.6,46.4,9.58,pjm.com,false,
2023-04-02 13:00:00,USA,PJM Interconnection,US-MIDA-PJM,279.9,343.56,48.32,11.17,pjm.com,false,
2023-04-02 14:00:00,USA,PJM Interconnection,US-MIDA-PJM,273.95,337.04,49.09,11.72,pjm.com,false,
2023-04-02 15:00:00,USA,PJM Interconnection,US-MIDA-PJM,270.85,333.6,49.51,12.21,pjm.com,false,
2023-04-02 16:00:00,USA,PJM Interconnection,US-MIDA-PJM,268.93,330.82,50.26,12.29,pjm.com,false,
2023-04-02 17:00:00,USA,PJM Interconnection,US-MIDA-PJM,266.36,327.52,51.0,12.5,pjm.com,false,
2023-04-02 18:00:00,USA,PJM Interconnection,US-MIDA-PJM,264.34,325.21,51.36,12.61,pjm.com,false,
2023-04-02 19:00:00,USA,PJM Interconnection,US-MIDA-PJM,261.66,322.15,51.84,12.89,pjm.com,false,
2023-04-02 20:00:00,USA,PJM Interconnection,US-MIDA-PJM,262.25,323.19,51.49,13.2,pjm.com,false,
2023-04-02 21:00:00,USA,PJM Interconnection,US-MIDA-PJM,269.48,331.79,49.95,12.66,pjm.com,false,
2023-04-02 22:00:00,USA,PJM Interconnection,US-MIDA-PJM,281.09,345.45,47.74,11.32,pjm.com,false,
2023-04-02 23:00:00,USA,PJM Interconnection,US-MIDA-PJM,287.08,352.36,46.73,11.01,pjm.com,false,
2023-04-03 00:00:00,USA,PJM Interconnection,US-MIDA-PJM,296.85,363.0,45.6,11.3,pjm.com,false,
2023-04-03 01:00:00,USA,PJM Interconnection,US-MIDA-PJM,299.51,365.77,45.26,10.3,pjm.com,false,
2023-04-03 02:00:00,USA,PJM Interconnection,US-MIDA-PJM,296.95,362.29,46.0,9.53,pjm.com,false,
2023-04-03 03:00:00,USA,PJM Interconnection,US-MIDA-PJM,292.92,357.53,46.73,9.39,pjm.com,false,
2023-04-03 04:00:00,USA,PJM Interconnection,US-MIDA-PJM,289.82,353.62,47.27,9.42,pjm.com,false,
2023-04-03 05:00:00,USA,PJM Interconnection,US-MIDA-PJM,285.82,349.22,47.69,9.58,pjm.com,false,
2023-04-03 06:00:00,USA,PJM Interconnection,US-MIDA-PJM,284.14,347.32,47.93,9.59,pjm.com,false,
2023-04-03 07:00:00,USA,PJM Interconnection,US-MIDA-PJM,287.43,351.23,47.3,8.89,pjm.com,false,
2023-04-03 08:00:00,USA,PJM Interconnection,US-MIDA-PJM,294.53,359.73,45.92,8.1,pjm.com,false,
2023-04-03 09:00:00,USA,PJM Interconnection,US-MIDA-PJM,307.05,375.0,43.45,7.48,pjm.com,false,
2023-04-03 10:00:00,USA,PJM Interconnection,US-MIDA-PJM,315.43,386.58,41.04,7.59,pjm.com,false,
2023-04-03 11:00:00,USA,PJM Interconnection,US-MIDA-PJM,319.75,392.37,39.76,7.85,pjm.com,false,
2023-04-03 12:00:00,USA,PJM Interconnection,US-MIDA-PJM,314.46,386.49,40.61,8.83,pjm.com,false,
2023-04-03 13:00:00,USA,PJM Interconnection,US-MIDA-PJM,310.31,380.94,41.86,9.07,pjm.com,false,
2023-04-03 14:00:00,USA,PJM Interconnection,US-MIDA-PJM,314.03,384.34,41.97,8.66,pjm.com,false,
2023-04-03 15:00:00,USA,PJM Interconnection,US-MIDA-PJM,314.16,383.92,42.31,8.47,pjm.com,false,
2023-04-03 16:00:00,USA,PJM Interconnection,US-MIDA-PJM,313.92,383.31,42.51,8.19,pjm.com,false,
2023-04-03 17:00:00,USA,PJM Interconnection,US-MIDA-PJM,313.15,382.37,42.67,8.27,pjm.com,false,
2023-04-03 18:00:00,USA,PJM Interconnection,US-MIDA-PJM,309.43,378.15,43.16,8.32,pjm.com,false,
2023-04-03 19:00:00,USA,PJM Interconnection,US-MIDA-PJM,305.53,373.97,43.57,8.58,pjm.com,false,
2023-04-03 20:00:00,USA,PJM Interconnection,US-MIDA-PJM,305.88,374.53,43.31,8.44,pjm.com,false,
2023-04-03 21:00:00,USA,PJM Interconnection,US-MIDA-PJM,307.91,376.91,43.04,8.59,pjm.com,false,
2023-04-03 22:00:00,USA,PJM Interconnection,US-MIDA-PJM,307.18,376.26,43.01,8.88,pjm.com,false,
2023-04-03 23:00:00,USA,PJM Interconnection,US-MIDA-PJM,306.35,375.66,42.89,9.21,pjm.com,false,
2023-04-04 00:00:00,USA,PJM Interconnection,US-MIDA-PJM,312.05,382.04,42.07,9.08,pjm.com,false,
2023-04-04 01:00:00,USA,PJM Interconnection,US-MIDA-PJM,315.85,385.49,42.04,8.49,pjm.com,false,
2023-04-04 02:00:00,USA,PJM Interconnection,US-MIDA-PJM,307.78,375.38,43.65,8.2,pjm.com,false,
2023-04-04 03:00:00,USA,PJM Interconnection,US-MIDA-PJM,299.83,365.32,45.4,8.29,pjm.com,false,
2023-04-04 04:00:00,USA,PJM Interconnection,US-MIDA-PJM,290.03,353.8,47.16,8.63,pjm.com,false,
2023-04-04 05:00:00,USA,PJM Interconnection,US-MIDA-PJM,285.62,349.24,47.53,7.99,pjm.com,false,
2023-04-04 06:00:00,USA,PJM Interconnection,US-MIDA-PJM,287.63,352.06,46.86,7.11,pjm.com,false,
2023-04-04 07:00:00,USA,PJM Interconnection,US-MIDA-PJM,292.23,357.28,46.2,6.23,pjm.com,false,
2023-04-04 08:00:00,USA,PJM Interconnection,US-MIDA-PJM,293.41,358.55,46.07,6.13,pjm.com,false,
2023-04-04 09:00:00,USA,PJM Interconnection,US-MIDA-PJM,296.2,362.42,45.17,6.17,pjm.com,false,
2023-04-04 10:00:00,USA,PJM Interconnection,US-MIDA-PJM,300.57,369.17,43.48,6.9,pjm.com,false,
2023-04-04 11:00:00,USA,PJM Interconnection,US-MIDA-PJM,306.35,376.14,42.31,7.88,pjm.com,false,
2023-04-04 12:00:00,USA,PJM Interconnection,US-MIDA-PJM,304.87,374.06,42.93,8.78,pjm.com,false,
2023-04-04 13:00:00,USA,PJM Interconnection,US-MIDA-PJM,301.83,369.93,44.01,9.65,pjm.com,false,
2023-04-04 14:00:00,USA,PJM Interconnection,US-MIDA-PJM,296.76,363.36,45.45,10.75,pjm.com,false,
2023-04-04 15:00:00,USA,PJM Interconnection,US-MIDA-PJM,292.6,358.08,46.54,11.82,pjm.com,false,
2023-04-04 16:00:00,USA,PJM Interconnection,US-MIDA-PJM,293.49,359.49,46.1,11.82,pjm.com,false,
2023-04-04 17:00:00,USA,PJM Interconnection,US-MIDA-PJM,294.12,360.5,45.77,11.86,pjm.com,false,
2023-04-04 18:00:00,USA,PJM Interconnection,US-MIDA-PJM,292.49,358.51,46.05,12.19,pjm.com,false,
2023-04-04 19:00:00,USA,PJM Interconnection,US-MIDA-PJM,289.76,355.18,46.53,12.74,pjm.com,false,
2023-04-04 20:00:00,USA,PJM Interconnection,US-MIDA-PJM,285.92,351.28,46.9,13.47,pjm.com,false,
2023-04-04 21:00:00,USA,PJM Interconnection,US-MIDA-PJM,288.12,353.98,46.5,13.74,pjm.com,false,
2023-04-04 22:00:00,USA,PJM Interconnection,US-MIDA-PJM,298.71,366.08,44.73,12.23,pjm.com,false,
2023-04-04 23:00:00,USA,PJM Interconnection,US-MIDA-PJM,306.69,375.17,43.39,10.85,pjm.com,false,
2023-04-05 00:00:00,USA,PJM Interconnection,US-MIDA-PJM,310.59,379.52,42.76,10.8,pjm.com,false,
2023-04-05 01:00:00,USA,PJM Interconnection,US-MIDA-PJM,314.4,383.31,42.51,9.95,pjm.com,false,
2023-04-05 02:00:00,USA,PJM Interconnection,US-MIDA-PJM,312.8,379.99,43.74,9.44,pjm.com,false,
2023-04-05 03:00:00,USA,PJM Interconnection,US-MIDA-PJM,300.13,365.18,45.75,9.31,pjm.com,false,
2023-04-05 04:00:00,USA,PJM Interconnection,US-MIDA-PJM,289.1,352.3,47.62,9.82,pjm.com,false,
2023-04-05 05:00:00,USA,PJM Interconnection,US-MIDA-PJM,283.5,345.5,48.79,10.11,pjm.com,false,
2023-04-05 06:00:00,USA,PJM Interconnection,US-MIDA-PJM,281.39,342.15,49.84,10.6,pjm.com,false,
2023-04-05 07:00:00,USA,PJM Interconnection,US-MIDA-PJM,279.2,339.36,50.42,11.08,pjm.com,false,
2023-04-05 08:00:00,USA,PJM Interconnection,US-MIDA-PJM,276.99,337.65,50.13,10.94,pjm.com,false,
2023-04-05 09:00:00,USA,PJM Interconnection,US-MIDA-PJM,281.94,344.35,48.65,10.66,pjm.com,false,
2023-04-05 10:00:00,USA,PJM Interconnection,US-MIDA-PJM,292.05,357.77,45.98,10.08,pjm.com,false,
2023-04-05 11:00:00,USA,PJM Interconnection,US-MIDA-PJM,298.41,366.47,44.03,9.76,pjm.com,false,
2023-04-05 12:00:00,USA,PJM Interconnection,US-MIDA-PJM,292.69,359.8,45.09,11.54,pjm.com,false,
2023-04-05 13:00:00,USA,PJM Interconnection,US-MIDA-PJM,289.96,357.03,45.41,12.49,pjm.com,false,
2023-04-05 14:00:00,USA,PJM Interconnection,US-MIDA-PJM,290.45,357.85,45.27,13.02,pjm.com,false,
2023-04-05 15:00:00,USA,PJM Interconnection,US-MIDA-PJM,297.35,365.87,44.02,12.33,pjm.com,false,
2023-04-05 16:00:00,USA,PJM Interconnection,US-MIDA-PJM,295.93,363.86,44.54,13.05,pjm.com,false,
2023-04-05 17:00:00,USA,PJM Interconnection,US-MIDA-PJM,296.28,364.16,44.6,13.59,pjm.com,false,
2023-04-05 18:00:00,USA,PJM Interconnection,US-MIDA-PJM,302.96,370.96,44.18,13.25,pjm.com,false,
2023-04-05 19:00:00,USA,PJM Interconnection,US-MIDA-PJM,306.42,374.43,44.1,13.16,pjm.com,false,
2023-04-05 20:00:00,USA,PJM Interconnection,US-MIDA-PJM,305.5,373.52,44.19,13.45,pjm.com,false,
2023-04-05 21:00:00,USA,PJM Interconnection,US-MIDA-PJM,305.77,374.24,43.78,13.13,pjm.com,false,
2023-04-05 22:00:00,USA,PJM Interconnection,US-MIDA-PJM,316.42,385.69,42.58,11.91,pjm.com,false,
2023-04-05 23:00:00,USA,PJM Interconnection,US-MIDA-PJM,323.63,393.73,41.55,10.74,pjm.com,false,
2023-04-06 00:00:00,USA,PJM Interconnection,US-MIDA-PJM,327.91,398.34,40.99,10.29,pjm.com,false,
2023-04-06 01:00:00,USA,PJM Interconnection,US-MIDA-PJM,330.17,400.43,40.95,9.19,pjm.com,false,
2023-04-06 02:00:00,USA,PJM Interconnection,US-MIDA-PJM,329.44,398.57,41.75,8.19,pjm.com,false,
2023-04-06 03:00:00,USA,PJM Interconnection,US-MIDA-PJM,325.09,392.56,43.39,7.86,pjm.com,false,
2023-04-06 04:00:00,USA,PJM Interconnection,US-MIDA-PJM,316.12,381.36,45.02,7.18,pjm.com,false,
2023-04-06 05:00:00,USA,PJM Interconnection,US-MIDA-PJM,307.81,372.68,45.66,6.93,pjm.com,false,
2023-04-06 06:00:00,USA,PJM Interconnection,US-MIDA-PJM,300.84,364.61,46.84,7.34,pjm.com,false,
2023-04-06 07:00:00,USA,PJM Interconnection,US-MIDA-PJM,295.76,359.22,47.33,7.63,pjm.com,false,
2023-04-06 08:00:00,USA,PJM Interconnection,US-MIDA-PJM,297.29,361.39,46.8,7.39,pjm.com,false,
2023-04-06 09:00:00,USA,PJM Interconnection,US-MIDA-PJM,304.43,370.46,45.06,6.94,pjm.com,false,
2023-04-06 10:00:00,USA,PJM Interconnection,US-MIDA-PJM,316.42,385.83,42.45,6.81,pjm.com,false,
2023-04-06 11:00:00,USA,PJM Interconnection,US-MIDA-PJM,327.55,398.99,40.39,6.35,pjm.com,false,
2023-04-06 12:00:00,USA,PJM Interconnection,US-MIDA-PJM,329.71,401.95,39.54,6.13,pjm.com,false,
2023-04-06 13:00:00,USA,PJM Interconnection,US-MIDA-PJM,330.72,403.27,39.31,6.33,pjm.com,false,
2023-04-06 14:00:00,USA,PJM Interconnection,US-MIDA-PJM,331.5,404.14,39.35,6.69,pjm.com,false,
2023-04-06 15:00:00,USA,PJM Interconnection,US-MIDA-PJM,331.32,403.7,39.65,7.05,pjm.com,false,
2023-04-06 16:00:00,USA,PJM Interconnection,US-MIDA-PJM,326.6,398.72,40.18,8.19,pjm.com,false,
2023-04-06 17:00:00,USA,PJM Interconnection,US-MIDA-PJM,325.09,396.7,40.6,8.89,pjm.com,false,
2023-04-06 18:00:00,USA,PJM Interconnection,US-MIDA-PJM,322.5,394.11,40.79,9.16,pjm.com,false,
2023-04-06 19:00:00,USA,PJM Interconnection,US-MIDA-PJM,321.87,393.52,40.77,9.2,pjm.com,false,
2023-04-06 20:00:00,USA,PJM Interconnection,US-MIDA-PJM,323.98,396.07,40.3,8.82,pjm.com,false,
2023-04-06 21:00:00,USA,PJM Interconnection,US-MIDA-PJM,332.36,405.28,39.13,7.65,pjm.com,false,
2023-04-06 22:00:00,USA,PJM Interconnection,US-MIDA-PJM,337.5,411.2,38.26,6.4,pjm.com,false,
2023-04-06 23:00:00,USA,PJM Interconnection,US-MIDA-PJM,340.72,414.74,37.78,5.88,pjm.com,false,
2023-04-07 00:00:00,USA,PJM Interconnection,US-MIDA-PJM,345.43,419.34,37.56,5.82,pjm.com,false,
2023-04-07 01:00:00,USA,PJM Interconnection,US-MIDA-PJM,352.39,426.62,36.85,4.52,pjm.com,false,
2023-04-07 02:00:00,USA,PJM Interconnection,US-MIDA-PJM,351.56,424.56,37.86,3.87,pjm.com,false,
2023-04-07 03:00:00,USA,PJM Interconnection,US-MIDA-PJM,344.83,415.99,39.27,3.63,pjm.com,false,
2023-04-07 04:00:00,USA,PJM Interconnection,US-MIDA-PJM,333.57,403.05,40.99,3.53,pjm.com,false,
2023-04-07 05:00:00,USA,PJM Interconnection,US-MIDA-PJM,326.67,395.27,41.94,3.47,pjm.com,false,
2023-04-07 06:00:00,USA,PJM Interconnection,US-MIDA-PJM,322.81,390.7,42.64,3.53,pjm.com,false,
2023-04-07 07:00:00,USA,PJM Interconnection,US-MIDA-PJM,320.42,387.72,43.24,3.9,pjm.com,false,
2023-04-07 08:00:00,USA,PJM Interconnection,US-MIDA-PJM,317.86,384.99,43.49,4.34,pjm.com,false,
2023-04-07 09:00:00,USA,PJM Interconnection,US-MIDA-PJM,315.8,382.57,43.9,5.4,pjm.com,false,
2023-04-07 10:00:00,USA,PJM Interconnection,US-MIDA-PJM,314.82,381.88,43.8,6.84,pjm.com,false,
2023-04-07 11:00:00,USA,PJM Interconnection,US-MIDA-PJM,319.57,388.13,42.69,7.37,pjm.com,false,
2023-04-07 12:00:00,USA,PJM Interconnection,US-MIDA-PJM,322.52,392.32,41.64,7.46,pjm.com,false,
2023-04-07 13:00:00,USA,PJM Interconnection,US-MIDA-PJM,326.26,396.74,41.0,7.0,pjm.com,false,
2023-04-07 14:00:00,USA,PJM Interconnection,US-MIDA-PJM,331.97,403.53,39.9,6.06,pjm.com,false,
2023-04-07 15:00:00,USA,PJM Interconnection,US-MIDA-PJM,335.86,407.87,39.45,5.49,pjm.com,false,
2023-04-07 16:00:00,USA,PJM Interconnection,US-MIDA-PJM,334.23,406.21,39.54,5.4,pjm.com,false,
2023-04-07 17:00:00,USA,PJM Interconnection,US-MIDA-PJM,331.89,404.11,39.49,5.24,pjm.com,false,
2023-04-07 18:00:00,USA,PJM Interconnection,US-MIDA-PJM,331.11,403.2,39.55,5.06,pjm.com,false,
2023-04-07 19:00:00,USA,PJM Interconnection,US-MIDA-PJM,329.9,401.58,39.94,5.02,pjm.com,false,
2023-04-07 20:00:00,USA,PJM Interconnection,US-MIDA-PJM,328.93,400.77,39.86,5.09,pjm.com,false,
2023-04-07 21:00:00,USA,PJM Interconnection,US-MIDA-PJM,328.05,399.7,40.08,5.51,pjm.com,false,
2023-04-07 22:00:00,USA,PJM Interconnection,US-MIDA-PJM,326.5,397.63,40.57,5.87,pjm.com,false,
2023-04-07 23:00:00,USA,PJM Interconnection,US-MIDA-PJM,327.37,398.64,40.42,6.0,pjm.com,false,
2023-04-08 00:00:00,USA,PJM Interconnection,US-MIDA-PJM,326.17,397.01,40.75,6.78,pjm.com,false,
2023-04-08 01:00:00,USA,PJM Interconnection,US-MIDA-PJM,325.74,396.34,40.9,6.61,pjm.com,false,
2023-04-08 02:00:00,USA,PJM Interconnection,US-MIDA-PJM,324.27,393.92,41.41,6.04,pjm.com,false,
2023-04-08 03:00:00,USA,PJM Interconnection,US-MIDA-PJM,323.93,393.03,41.73,5.17,pjm.com,false,
2023-04-08 04:00:00,USA,PJM Interconnection,US-MIDA-PJM,319.95,388.62,42.25,4.73,pjm.com,false,
2023-04-08 05:00:00,USA,PJM Interconnection,US-MIDA-PJM,316.3,384.72,42.65,4.33,pjm.com,false,
2023-04-08 06:00:00,USA,PJM Interconnection,US-MIDA-PJM,309.59,377.81,43.15,4.31,pjm.com,false,
2023-04-08 07:00:00,USA,PJM Interconnection,US-MIDA-PJM,309.74,377.88,43.18,4.62,pjm.com,false,
2023-04-08 08:00:00,USA,PJM Interconnection,US-MIDA-PJM,307.8,375.41,43.68,4.84,pjm.com,false,
2023-04-08 09:00:00,USA,PJM Interconnection,US-MIDA-PJM,312.74,381.13,42.91,5.11,pjm.com,false,
2023-04-08 10:00:00,USA,PJM Interconnection,US-MIDA-PJM,314.92,384.02,42.52,5.54,pjm.com,false,
2023-04-08 11:00:00,USA,PJM Interconnection,US-MIDA-PJM,316.14,386.21,41.75,6.16,pjm.com,false,
2023-04-08 12:00:00,USA,PJM Interconnection,US-MIDA-PJM,315.57,385.64,41.88,7.29,pjm.com,false,
2023-04-08 13:00:00,USA,PJM Interconnection,US-MIDA-PJM,317.56,387.94,41.66,6.89,pjm.com,false,
2023-04-08 14:00:00,USA,PJM Interconnection,US-MIDA-PJM,314.97,384.52,42.41,7.37,pjm.com,false,
2023-04-08 15:00:00,USA,PJM Interconnection,US-MIDA-PJM,314.11,383.22,42.79,7.34,pjm.com,false,
2023-04-08 16:00:00,USA,PJM Interconnection,US-MIDA-PJM,310.26,378.94,43.22,7.28,pjm.com,false,
2023-04-08 17:00:00,USA,PJM Interconnection,US-MIDA-PJM,312.49,381.54,42.7,6.56,pjm.com,false,
2023-04-08 18:00:00,USA,PJM Interconnection,US-MIDA-PJM,313.35,382.96,42.22,5.74,pjm.com,false,
2023-04-08 19:00:00,USA,PJM Interconnection,US-MIDA-PJM,314.34,384.53,41.7,5.07,pjm.com,false,
2023-04-08 20:00:00,USA,PJM Interconnection,US-MIDA-PJM,316.97,387.65,41.19,4.65,pjm.com,false,
2023-04-08 21:00:00,USA,PJM Interconnection,US-MIDA-PJM,319.41,390.5,40.8,4.44,pjm.com,false,
2023-04-08 22:00:00,USA,PJM Interconnection,US-MIDA-PJM,325.53,397.95,39.75,4.11,pjm.com,false,
2023-04-08 23:00:00,USA,PJM Interconnection,US-MIDA-PJM,326.54,399.63,39.34,4.57,pjm.com,false,
2023-04-09 00:00:00,USA,PJM Interconnection,US-MIDA-PJM,335.49,409.29,38.23,4.76,pjm.com,false,
2023-04-09 01:00:00,USA,PJM Interconnection,US-MIDA-PJM,338.9,412.35,38.23,4.76,pjm.com,false,
2023-04-09 02:00:00,USA,PJM Interconnection,US-MIDA-PJM,338.16,410.69,38.88,4.46,pjm.com,false,
2023-04-09 03:00:00,USA,PJM Interconnection,US-MIDA-PJM,330.45,401.15,40.57,5.17,pjm.com,false,
2023-04-09 04:00:00,USA,PJM Interconnection,US-MIDA-PJM,324.04,394.28,41.1,4.88,pjm.com,false,
2023-04-09 05:00:00,USA,PJM Interconnection,US-MIDA-PJM,321.25,390.93,41.62,4.79,pjm.com,false,
2023-04-09 06:00:00,USA,PJM Interconnection,US-MIDA-PJM,325.86,395.91,41.13,4.51,pjm.com,false,
2023-04-09 07:00:00,USA,PJM Interconnection,US-MIDA-PJM,329.37,399.74,40.68,3.97,pjm.com,false,
2023-04-09 08:00:00,USA,PJM Interconnection,US-MIDA-PJM,329.02,399.68,40.51,3.59,pjm.com,false,
2023-04-09 09:00:00,USA,PJM Interconnection,US-MIDA-PJM,330.99,402.3,39.95,3.63,pjm.com,false,
2023-04-09 10:00:00,USA,PJM Interconnection,US-MIDA-PJM,337.65,410.14,38.77,3.91,pjm.com,false,
2023-04-09 11:00:00,USA,PJM Interconnection,US-MIDA-PJM,339.41,412.05,38.58,4.33,pjm.com,false,
2023-04-09 12:00:00,USA,PJM Interconnection,US-MIDA-PJM,325.61,395.59,41.43,6.94,pjm.com,false,
2023-04-09 13:00:00,USA,PJM Interconnection,US-MIDA-PJM,310.08,377.49,44.34,8.89,pjm.com,false,
2023-04-09 14:00:00,USA,PJM Interconnection,US-MIDA-PJM,304.04,370.47,45.46,9.13,pjm.com,false,
2023-04-09 15:00:00,USA,PJM Interconnection,US-MIDA-PJM,299.99,365.57,46.31,9.56,pjm.com,false,
2023-04-09 16:00:00,USA,PJM Interconnection,US-MIDA-PJM,297.71,362.97,46.67,9.46,pjm.com,false,
2023-04-09 17:00:00,USA,PJM Interconnection,US-MIDA-PJM,291.76,355.37,48.2,9.94,pjm.com,false,
2023-04-09 18:00:00,USA,PJM Interconnection,US-MIDA-PJM,282.38,344.37,49.88,10.38,pjm.com,false,
2023-04-09 19:00:00,USA,PJM Interconnection,US-MIDA-PJM,276.9,337.73,51.03,10.75,pjm.com,false,
2023-04-09 20:00:00,USA,PJM Interconnection,US-MIDA-PJM,275.99,336.81,51.1,10.77,pjm.com,false,
2023-04-09 21:00:00,USA,PJM Interconnection,US-MIDA-PJM,283.45,345.81,49.57,9.94,pjm.com,false,
2023-04-09 22:00:00,USA,PJM Interconnection,US-MIDA-PJM,300.33,366.81,45.63,7.55,pjm.com,false,
2023-04-09 23:00:00,USA,PJM Interconnection,US-MIDA-PJM,318.72,388.96,41.72,4.79,pjm.com,false,
2023-04-10 00:00:00,USA,PJM Interconnection,US-MIDA-PJM,322.95,394.11,40.8,5.52,pjm.com,false,
2023-04-10 01:00:00,USA,PJM Interconnection,US-MIDA-PJM,324.52,395.57,40.7,5.44,pjm.com,false,
2023-04-10 02:00:00,USA,PJM Interconnection,US-MIDA-PJM,321.41,391.16,41.74,5.32,pjm.com,false,
2023-04-10 03:00:00,USA,PJM Interconnection,US-MIDA-PJM,316.75,385.22,42.9,5.72,pjm.com,false,
2023-04-10 04:00:00,USA,PJM Interconnection,US-MIDA-PJM,311.0,378.59,43.82,5.99,pjm.com,false,
2023-04-10 05:00:00,USA,PJM Interconnection,US-MIDA-PJM,310.24,377.95,43.81,5.98,pjm.com,false,
2023-04-10 06:00:00,USA,PJM Interconnection,US-MIDA-PJM,310.99,378.86,43.59,5.96,pjm.com,false,
2023-04-10 07:00:00,USA,PJM Interconnection,US-MIDA-PJM,314.09,382.74,42.89,5.44,pjm.com,false,
2023-04-10 08:00:00,USA,PJM Interconnection,US-MIDA-PJM,316.71,386.49,41.96,5.4,pjm.com,false,
2023-04-10 09:00:00,USA,PJM Interconnection,US-MIDA-PJM,316.42,387.09,41.45,6.85,pjm.com,false,
2023-04-10 10:00:00,USA,PJM Interconnection,US-MIDA-PJM,316.87,388.87,40.7,8.28,pjm.com,false,
2023-04-10 11:00:00,USA,PJM Interconnection,US-MIDA-PJM,329.43,402.43,39.32,8.56,pjm.com,false,
2023-04-10 12:00:00,USA,PJM Interconnection,US-MIDA-PJM,325.98,397.92,40.49,10.03,pjm.com,false,
2023-04-10 13:00:00,USA,PJM Interconnection,US-MIDA-PJM,318.53,389.7,41.52,10.11,pjm.com,false,
2023-04-10 14:00:00,USA,PJM Interconnection,US-MIDA-PJM,319.71,391.37,41.09,9.22,pjm.com,false,
2023-04-10 15:00:00,USA,PJM Interconnection,US-MIDA-PJM,318.33,389.43,41.42,9.09,pjm.com,false,
2023-04-10 16:00:00,USA,PJM Interconnection,US-MIDA-PJM,318.14,388.95,41.64,8.82,pjm.com,false,
2023-04-10 17:00:00,USA,PJM Interconnection,US-MIDA-PJM,319.93,390.93,41.46,8.32,pjm.com,false,
2023-04-10 18:00:00,USA,PJM Interconnection,US-MIDA-PJM,322.09,393.29,41.16,7.89,pjm.com,false,
2023-04-10 19:00:00,USA,PJM Interconnection,US-MIDA-PJM,323.24,394.4,41.04,7.8,pjm.com,false,
2023-04-10 20:00:00,USA,PJM Interconnection,US-MIDA-PJM,322.37,393.54,41.05,7.72,pjm.com,false,
2023-04-10 21:00:00,USA,PJM Interconnection,US-MIDA-PJM,321.78,393.05,41.08,7.86,pjm.com,false,
2023-04-10 22:00:00,USA,PJM Interconnection,US-MIDA-PJM,332.24,405.33,39.06,6.17,pjm.com,false,
2023-04-10 23:00:00,USA,PJM Interconnection,US-MIDA-PJM,339.29,413.58,37.87,5.64,pjm.com,false,
2023-04-11 00:00:00,USA,PJM Interconnection,US-MIDA-PJM,345.4,420.54,36.93,5.46,pjm.com,false,
2023-04-11 01:00:00,USA,PJM Interconnection,US-MIDA-PJM,347.73,422.89,36.65,4.47,pjm.com,false,
2023-04-11 02:00:00,USA,PJM Interconnection,US-MIDA-PJM,347.52,421.66,37.29,3.55,pjm.com,false,
2023-04-11 03:00:00,USA,PJM Interconnection,US-MIDA-PJM,344.03,416.37,38.65,3.36,pjm.com,false,
2023-04-11 04:00:00,USA,PJM Interconnection,US-MIDA-PJM,333.01,403.53,40.39,3.48,pjm.com,false,
2023-04-11 05:00:00,USA,PJM Interconnection,US-MIDA-PJM,319.48,388.5,42.12,4.25,pjm.com,false,
2023-04-11 06:00:00,USA,PJM Interconnection,US-MIDA-PJM,315.22,383.59,42.84,4.82,pjm.com,false,
2023-04-11 07:00:00,USA,PJM Interconnection,US-MIDA-PJM,316.54,385.19,42.59,5.06,pjm.com,false,
2023-04-11 08:00:00,USA,PJM Interconnection,US-MIDA-PJM,318.26,386.88,42.59,5.12,pjm.com,false,
2023-04-11 09:00:00,USA,PJM Interconnection,US-MIDA-PJM,320.59,390.08,41.93,6.0,pjm.com,false,
2023-04-11 10:00:00,USA,PJM Interconnection,US-MIDA-PJM,330.22,401.22,40.77,7.21,pjm.com,false,
2023-04-11 11:00:00,USA,PJM Interconnection,US-MIDA-PJM,336.91,408.41,40.24,8.47,pjm.com,false,
2023-04-11 12:00:00,USA,PJM Interconnection,US-MIDA-PJM,328.69,398.74,41.63,9.99,pjm.com,false,
2023-04-11 13:00:00,USA,PJM Interconnection,US-MIDA-PJM,325.5,394.9,42.37,10.03,pjm.com,false,
2023-04-11 14:00:00,USA,PJM Interconnection,US-MIDA-PJM,325.49,394.76,42.26,9.52,pjm.com,false,
2023-04-11 15:00:00,USA,PJM Interconnection,US-MIDA-PJM,316.26,384.0,43.83,10.53,pjm.com,false,
2023-04-11 16:00:00,USA,PJM Interconnection,US-MIDA-PJM,311.69,378.95,44.35,11.06,pjm.com,false,
2023-04-11 17:00:00,USA,PJM Interconnection,US-MIDA-PJM,307.46,374.24,44.88,11.59,pjm.com,false,
2023-04-11 18:00:00,USA,PJM Interconnection,US-MIDA-PJM,305.47,371.71,45.41,12.12,pjm.com,false,
2023-04-11 19:00:00,USA,PJM Interconnection,US-MIDA-PJM,304.93,370.74,45.75,12.39,pjm.com,false,
2023-04-11 20:00:00,USA,PJM Interconnection,US-MIDA-PJM,303.0,368.71,46.01,12.91,pjm.com,false,
2023-04-11 21:00:00,USA,PJM Interconnection,US-MIDA-PJM,304.16,370.15,45.75,13.09,pjm.com,false,
2023-04-11 22:00:00,USA,PJM Interconnection,US-MIDA-PJM,310.14,377.13,44.63,12.06,pjm.com,false,
2023-04-11 23:00:00,USA,PJM Interconnection,US-MIDA-PJM,321.49,390.52,42.43,9.95,pjm.com,false,
2023-04-12 00:00:00,USA,PJM Interconnection,US-MIDA-PJM,331.32,401.49,41.03,9.1,pjm.com,false,
2023-04-12 01:00:00,USA,PJM Interconnection,US-MIDA-PJM,326.39,395.37,42.03,9.49,pjm.com,false,
2023-04-12 02:00:00,USA,PJM Interconnection,US-MIDA-PJM,312.54,378.45,44.89,10.71,pjm.com,false,
2023-04-12 03:00:00,USA,PJM Interconnection,US-MIDA-PJM,300.18,363.31,47.47,11.74,pjm.com,false,
2023-04-12 04:00:00,USA,PJM Interconnection,US-MIDA-PJM,288.44,349.86,49.35,11.75,pjm.com,false,
2023-04-12 05:00:00,USA,PJM Interconnection,US-MIDA-PJM,286.95,348.13,49.65,11.25,pjm.com,false,
2023-04-12 06:00:00,USA,PJM Interconnection,US-MIDA-PJM,288.47,349.01,50.07,11.34,pjm.com,false,
2023-04-12 07:00:00,USA,PJM Interconnection,US-MIDA-PJM,287.04,347.22,50.41,11.51,pjm.com,false,
2023-04-12 08:00:00,USA,PJM Interconnection,US-MIDA-PJM,286.4,347.03,50.13,11.4,pjm.com,false,
2023-04-12 09:00:00,USA,PJM Interconnection,US-MIDA-PJM,291.15,353.82,48.4,10.98,pjm.com,false,
2023-04-12 10:00:00,USA,PJM Interconnection,US-MIDA-PJM,298.28,363.41,46.33,10.84,pjm.com,false,
2023-04-12 11:00:00,USA,PJM Interconnection,US-MIDA-PJM,305.35,371.84,45.04,11.27,pjm.com,false,
2023-04-12 12:00:00,USA,PJM Interconnection,US-MIDA-PJM,301.32,367.34,45.77,12.33,pjm.com,false,
2023-04-12 13:00:00,USA,PJM Interconnection,US-MIDA-PJM,298.47,363.98,46.46,12.43,pjm.com,false,
2023-04-12 14:00:00,USA,PJM Interconnection,US-MIDA-PJM,297.33,362.59,46.79,12.87,pjm.com,false,
2023-04-12 15:00:00,USA,PJM Interconnection,US-MIDA-PJM,296.24,361.65,46.74,13.23,pjm.com,false,
2023-04-12 16:00:00,USA,PJM Interconnection,US-MIDA-PJM,292.64,357.82,47.11,13.8,pjm.com,false,
2023-04-12 17:00:00,USA,PJM Interconnection,US-MIDA-PJM,290.84,356.23,47.18,14.43,pjm.com,false,
2023-04-12 18:00:00,USA,PJM Interconnection,US-MIDA-PJM,293.42,359.04,46.91,14.48,pjm.com,false,
2023-04-12 19:00:00,USA,PJM Interconnection,US-MIDA-PJM,297.25,363.56,46.15,14.15,Electricity Maps Estimation,true,ESTIMATED_TIME_SLICER_AVERAGE
2023-04-12 20:00:00,USA,PJM Interconnection,US-MIDA-PJM,301.18,368.13,45.44,13.83,Electricity Maps Estimation,true,ESTIMATED_TIME_SLICER_AVERAGE
2023-04-12 21:00:00,USA,PJM Interconnection,US-MIDA-PJM,304.66,372.22,44.77,13.55,Electricity Maps Estimation,true,ESTIMATED_TIME_SLICER_AVERAGE
2023-04-12 22:00:00,USA,PJM Interconnection,US-MIDA-PJM,307.44,375.56,44.17,13.23,pjm.com,false,
2023-04-12 23:00:00,USA,PJM Interconnection,US-MIDA-PJM,321.23,391.82,41.47,10.73,pjm.com,false,
2023-04-13 00:00:00,USA,PJM Interconnection,US-MIDA-PJM,327.12,398.64,40.47,9.93,pjm.com,false,
2023-04-13 01:00:00,USA,PJM Interconnection,US-MIDA-PJM,322.77,393.27,41.3,10.18,pjm.com,false,
2023-04-13 02:00:00,USA,PJM Interconnection,US-MIDA-PJM,316.8,386.01,42.08,9.5,pjm.com,false,
2023-04-13 03:00:00,USA,PJM Interconnection,US-MIDA-PJM,308.39,374.6,44.61,9.73,pjm.com,false,
2023-04-13 04:00:00,USA,PJM Interconnection,US-MIDA-PJM,297.01,361.1,46.79,10.16,pjm.com,false,
2023-04-13 05:00:00,USA,PJM Interconnection,US-MIDA-PJM,289.61,352.35,48.16,10.54,pjm.com,false,
2023-04-13 06:00:00,USA,PJM Interconnection,US-MIDA-PJM,290.75,353.36,48.23,10.09,pjm.com,false,
2023-04-13 07:00:00,USA,PJM Interconnection,US-MIDA-PJM,291.19,353.77,48.24,9.51,pjm.com,false,
2023-04-13 08:00:00,USA,PJM Interconnection,US-MIDA-PJM,294.77,358.26,47.39,8.68,pjm.com,false,
2023-04-13 09:00:00,USA,PJM Interconnection,US-MIDA-PJM,304.75,370.93,44.94,7.53,pjm.com,false,
2023-04-13 10:00:00,USA,PJM Interconnection,US-MIDA-PJM,312.11,380.62,43.12,7.64,pjm.com,false,
2023-04-13 11:00:00,USA,PJM Interconnection,US-MIDA-PJM,322.6,392.69,41.48,7.45,pjm.com,false,
2023-04-13 12:00:00,USA,PJM Interconnection,US-MIDA-PJM,318.9,388.45,42.29,8.58,pjm.com,false,
2023-04-13 13:00:00,USA,PJM Interconnection,US-MIDA-PJM,320.16,390.32,42.08,8.58,pjm.com,false,
2023-04-13 14:00:00,USA,PJM Interconnection,US-MIDA-PJM,327.51,399.22,40.49,7.4,pjm.com,false,
2023-04-13 15:00:00,USA,PJM Interconnection,US-MIDA-PJM,329.23,401.43,40.11,7.33,pjm.com,false,
2023-04-13 16:00:00,USA,PJM Interconnection,US-MIDA-PJM,330.73,403.26,39.78,7.73,pjm.com,false,
2023-04-13 17:00:00,USA,PJM Interconnection,US-MIDA-PJM,330.09,402.91,39.6,8.45,pjm.com,false,
2023-04-13 18:00:00,USA,PJM Interconnection,US-MIDA-PJM,327.65,399.75,40.29,9.75,pjm.com,false,
2023-04-13 19:00:00,USA,PJM Interconnection,US-MIDA-PJM,329.3,401.68,40.09,10.21,pjm.com,false,
2023-04-13 20:00:00,USA,PJM Interconnection,US-MIDA-PJM,333.9,406.47,39.74,10.62,pjm.com,false,
2023-04-13 21:00:00,USA,PJM Interconnection,US-MIDA-PJM,344.57,418.52,38.17,9.85,pjm.com,false,
2023-04-13 22:00:00,USA,PJM Interconnection,US-MIDA-PJM,356.97,432.91,36.2,8.06,pjm.com,false,
2023-04-13 23:00:00,USA,PJM Interconnection,US-MIDA-PJM,364.07,440.96,35.13,6.26,pjm.com,false,
2023-04-14 00:00:00,USA,PJM Interconnection,US-MIDA-PJM,364.86,441.99,34.76,5.95,pjm.com,false,
2023-04-14 01:00:00,USA,PJM Interconnection,US-MIDA-PJM,358.93,434.24,35.99,6.46,pjm.com,false,
2023-04-14 02:00:00,USA,PJM Interconnection,US-MIDA-PJM,349.58,421.95,38.51,6.59,pjm.com,false,
2023-04-14 03:00:00,USA,PJM Interconnection,US-MIDA-PJM,343.05,413.38,40.04,6.14,pjm.com,false,
2023-04-14 04:00:00,USA,PJM Interconnection,US-MIDA-PJM,336.89,405.93,41.16,5.55,pjm.com,false,
2023-04-14 05:00:00,USA,PJM Interconnection,US-MIDA-PJM,334.3,403.08,41.53,4.6,pjm.com,false,
2023-04-14 06:00:00,USA,PJM Interconnection,US-MIDA-PJM,333.71,402.36,41.66,3.85,pjm.com,false,
2023-04-14 07:00:00,USA,PJM Interconnection,US-MIDA-PJM,332.01,400.12,42.14,3.87,pjm.com,false,
2023-04-14 08:00:00,USA,PJM Interconnection,US-MIDA-PJM,331.94,400.35,41.93,3.94,pjm.com,false,
2023-04-14 09:00:00,USA,PJM Interconnection,US-MIDA-PJM,335.15,404.64,41.0,3.86,pjm.com,false,
2023-04-14 10:00:00,USA,PJM Interconnection,US-MIDA-PJM,343.16,415.08,38.94,3.8,pjm.com,false,
2023-04-14 11:00:00,USA,PJM Interconnection,US-MIDA-PJM,349.85,422.77,37.92,4.1,pjm.com,false,
2023-04-14 12:00:00,USA,PJM Interconnection,US-MIDA-PJM,356.02,429.86,37.08,4.23,pjm.com,false,
2023-04-14 13:00:00,USA,PJM Interconnection,US-MIDA-PJM,357.38,431.01,37.19,4.51,pjm.com,false,
2023-04-14 14:00:00,USA,PJM Interconnection,US-MIDA-PJM,356.9,431.49,36.68,4.43,pjm.com,false,
2023-04-14 15:00:00,USA,PJM Interconnection,US-MIDA-PJM,353.64,428.41,36.85,5.49,pjm.com,false,
2023-04-14 16:00:00,USA,PJM Interconnection,US-MIDA-PJM,352.07,427.1,36.74,6.1,pjm.com,false,
2023-04-14 17:00:00,USA,PJM Interconnection,US-MIDA-PJM,349.48,424.43,37.04,7.07,pjm.com,false,
2023-04-14 18:00:00,USA,PJM Interconnection,US-MIDA-PJM,350.96,426.16,36.76,7.41,pjm.com,false,
2023-04-14 19:00:00,USA,PJM Interconnection,US-MIDA-PJM,350.38,425.81,36.65,7.76,pjm.com,false,
2023-04-14 20:00:00,USA,PJM Interconnection,US-MIDA-PJM,348.45,423.71,36.89,8.3,pjm.com,false,
2023-04-14 21:00:00,USA,PJM Interconnection,US-MIDA-PJM,348.65,424.11,36.71,8.3,pjm.com,false,
2023-04-14 22:00:00,USA,PJM Interconnection,US-MIDA-PJM,351.31,427.35,36.03,7.4,pjm.com,false,
2023-04-14 23:00:00,USA,PJM Interconnection,US-MIDA-PJM,353.79,430.26,35.43,6.26,pjm.com,false,
2023-04-15 00:00:00,USA,PJM Interconnection,US-MIDA-PJM,354.79,431.26,35.37,5.97,pjm.com,false,
2023-04-15 01:00:00,USA,PJM Interconnection,US-MIDA-PJM,358.75,434.92,35.28,4.93,pjm.com,false,
2023-04-15 02:00:00,USA,PJM Interconnection,US-MIDA-PJM,359.33,433.57,36.42,4.12,pjm.com,false,
2023-04-15 03:00:00,USA,PJM Interconnection,US-MIDA-PJM,349.75,421.45,38.61,4.5,pjm.com,false,
2023-04-15 04:00:00,USA,PJM Interconnection,US-MIDA-PJM,336.9,406.0,41.08,5.0,pjm.com,false,
2023-04-15 05:00:00,USA,PJM Interconnection,US-MIDA-PJM,330.89,398.92,42.18,5.29,pjm.com,false,
2023-04-15 06:00:00,USA,PJM Interconnection,US-MIDA-PJM,324.66,391.18,43.61,5.69,pjm.com,false,
2023-04-15 07:00:00,USA,PJM Interconnection,US-MIDA-PJM,319.56,385.59,44.26,5.74,pjm.com,false,
2023-04-15 08:00:00,USA,PJM Interconnection,US-MIDA-PJM,318.4,384.37,44.37,5.6,pjm.com,false,
2023-04-15 09:00:00,USA,PJM Interconnection,US-MIDA-PJM,319.97,385.86,44.34,5.9,pjm.com,false,
2023-04-15 10:00:00,USA,PJM Interconnection,US-MIDA-PJM,320.4,386.46,44.18,6.05,pjm.com,false,
2023-04-15 11:00:00,USA,PJM Interconnection,US-MIDA-PJM,324.19,391.84,42.82,5.8,pjm.com,false,
2023-04-15 12:00:00,USA,PJM Interconnection,US-MIDA-PJM,322.39,390.87,42.39,6.56,pjm.com,false,
2023-04-15 13:00:00,USA,PJM Interconnection,US-MIDA-PJM,319.76,388.32,42.6,7.38,pjm.com,false,
2023-04-15 14:00:00,USA,PJM Interconnection,US-MIDA-PJM,323.62,392.78,42.05,7.64,pjm.com,false,
2023-04-15 15:00:00,USA,PJM Interconnection,US-MIDA-PJM,330.58,400.2,41.44,7.88,pjm.com,false,
2023-04-15 16:00:00,USA,PJM Interconnection,US-MIDA-PJM,329.78,399.09,41.8,8.98,pjm.com,false,
2023-04-15 17:00:00,USA,PJM Interconnection,US-MIDA-PJM,320.91,389.05,43.15,10.97,pjm.com,false,
2023-04-15 18:00:00,USA,PJM Interconnection,US-MIDA-PJM,325.37,394.08,42.49,11.09,pjm.com,false,
2023-04-15 19:00:00,USA,PJM Interconnection,US-MIDA-PJM,330.46,400.83,40.96,9.63,pjm.com,false,
2023-04-15 20:00:00,USA,PJM Interconnection,US-MIDA-PJM,326.82,397.12,41.2,10.25,pjm.com,false,
2023-04-15 21:00:00,USA,PJM Interconnection,US-MIDA-PJM,322.86,392.84,41.69,11.05,pjm.com,false,
2023-04-15 22:00:00,USA,PJM Interconnection,US-MIDA-PJM,329.41,400.04,40.77,9.98,pjm.com,false,
2023-04-15 23:00:00,USA,PJM Interconnection,US-MIDA-PJM,342.49,413.53,39.7,8.53,pjm.com,false,
2023-04-16 00:00:00,USA,PJM Interconnection,US-MIDA-PJM,346.51,417.43,39.58,8.31,pjm.com,false,
2023-04-16 01:00:00,USA,PJM Interconnection,US-MIDA-PJM,349.94,420.57,39.48,7.48,pjm.com,false,
2023-04-16 02:00:00,USA,PJM Interconnection,US-MIDA-PJM,341.53,410.15,41.26,7.58,pjm.com,false,
2023-04-16 03:00:00,USA,PJM Interconnection,US-MIDA-PJM,337.89,405.11,42.46,7.44,pjm.com,false,
2023-04-16 04:00:00,USA,PJM Interconnection,US-MIDA-PJM,327.53,392.48,44.62,7.14,pjm.com,false,
2023-04-16 05:00:00,USA,PJM Interconnection,US-MIDA-PJM,330.21,395.77,44.07,5.14,pjm.com,false,
2023-04-16 06:00:00,USA,PJM Interconnection,US-MIDA-PJM,322.98,388.01,44.85,5.09,pjm.com,false,
2023-04-16 07:00:00,USA,PJM Interconnection,US-MIDA-PJM,315.54,379.1,46.36,6.69,pjm.com,false,
2023-04-16 08:00:00,USA,PJM Interconnection,US-MIDA-PJM,305.73,368.41,47.59,7.47,pjm.com,false,
2023-04-16 09:00:00,USA,PJM Interconnection,US-MIDA-PJM,304.2,367.16,47.7,8.15,pjm.com,false,
2023-04-16 10:00:00,USA,PJM Interconnection,US-MIDA-PJM,304.31,367.91,47.35,8.16,pjm.com,false,
2023-04-16 11:00:00,USA,PJM Interconnection,US-MIDA-PJM,302.48,365.59,47.88,9.07,pjm.com,false,
2023-04-16 12:00:00,USA,PJM Interconnection,US-MIDA-PJM,297.97,360.62,48.7,11.03,pjm.com,false,
2023-04-16 13:00:00,USA,PJM Interconnection,US-MIDA-PJM,298.58,361.84,48.31,11.93,pjm.com,false,
2023-04-16 14:00:00,USA,PJM Interconnection,US-MIDA-PJM,296.01,358.97,48.61,13.1,pjm.com,false,
2023-04-16 15:00:00,USA,PJM Interconnection,US-MIDA-PJM,303.08,367.43,47.19,12.94,pjm.com,false,
2023-04-16 16:00:00,USA,PJM Interconnection,US-MIDA-PJM,309.61,374.78,46.23,12.93,pjm.com,false,
2023-04-16 17:00:00,USA,PJM Interconnection,US-MIDA-PJM,305.95,370.7,46.79,13.82,pjm.com,false,
2023-04-16 18:00:00,USA,PJM Interconnection,US-MIDA-PJM,305.14,370.57,46.37,13.87,pjm.com,false,
2023-04-16 19:00:00,USA,PJM Interconnection,US-MIDA-PJM,307.23,373.07,45.97,13.44,pjm.com,false,
2023-04-16 20:00:00,USA,PJM Interconnection,US-MIDA-PJM,308.64,374.86,45.57,13.71,pjm.com,false,
2023-04-16 21:00:00,USA,PJM Interconnection,US-MIDA-PJM,310.59,376.91,45.36,14.12,pjm.com,false,
2023-04-16 22:00:00,USA,PJM Interconnection,US-MIDA-PJM,313.45,379.97,45.01,13.77,pjm.com,false,
2023-04-16 23:00:00,USA,PJM Interconnection,US-MIDA-PJM,317.25,384.17,44.45,13.08,pjm.com,false,
2023-04-17 00:00:00,USA,PJM Interconnection,US-MIDA-PJM,320.86,388.2,43.94,12.95,pjm.com,false,
2023-04-17 01:00:00,USA,PJM Interconnection,US-MIDA-PJM,311.4,376.58,45.96,14.04,pjm.com,false,
2023-04-17 02:00:00,USA,PJM Interconnection,US-MIDA-PJM,309.02,373.46,46.45,12.8,pjm.com,false,
2023-04-17 03:00:00,USA,PJM Interconnection,US-MIDA-PJM,303.53,366.79,47.5,12.05,pjm.com,false,
2023-04-17 04:00:00,USA,PJM Interconnection,US-MIDA-PJM,293.88,355.54,48.69,11.98,pjm.com,false,
2023-04-17 05:00:00,USA,PJM Interconnection,US-MIDA-PJM,289.5,351.46,48.69,11.56,pjm.com,false,
2023-04-17 06:00:00,USA,PJM Interconnection,US-MIDA-PJM,286.93,348.33,49.25,11.84,pjm.com,false,
2023-04-17 07:00:00,USA,PJM Interconnection,US-MIDA-PJM,287.14,348.48,49.32,11.41,pjm.com,false,
2023-04-17 08:00:00,USA,PJM Interconnection,US-MIDA-PJM,290.57,352.71,48.51,11.27,pjm.com,false,
2023-04-17 09:00:00,USA,PJM Interconnection,US-MIDA-PJM,303.1,367.18,46.42,10.25,pjm.com,false,
2023-04-17 10:00:00,USA,PJM Interconnection,US-MIDA-PJM,304.04,369.18,45.66,11.46,pjm.com,false,
2023-04-17 11:00:00,USA,PJM Interconnection,US-MIDA-PJM,307.21,373.14,44.99,12.55,pjm.com,false,
2023-04-17 12:00:00,USA,PJM Interconnection,US-MIDA-PJM,313.25,380.49,43.75,12.25,pjm.com,false,
2023-04-17 13:00:00,USA,PJM Interconnection,US-MIDA-PJM,308.37,374.46,44.95,13.54,pjm.com,false,
2023-04-17 14:00:00,USA,PJM Interconnection,US-MIDA-PJM,307.42,373.17,45.33,13.85,pjm.com,false,
2023-04-17 15:00:00,USA,PJM Interconnection,US-MIDA-PJM,307.19,372.37,45.79,14.15,pjm.com,false,
2023-04-17 16:00:00,USA,PJM Interconnection,US-MIDA-PJM,302.59,367.12,46.55,14.68,pjm.com,false,
2023-04-17 17:00:00,USA,PJM Interconnection,US-MIDA-PJM,298.4,362.0,47.49,15.52,pjm.com,false,
2023-04-17 18:00:00,USA,PJM Interconnection,US-MIDA-PJM,296.74,360.26,47.63,15.82,pjm.com,false,
2023-04-17 19:00:00,USA,PJM Interconnection,US-MIDA-PJM,295.24,358.89,47.63,15.89,pjm.com,false,
2023-04-17 20:00:00,USA,PJM Interconnection,US-MIDA-PJM,297.93,362.57,46.74,15.32,pjm.com,false,
2023-04-17 21:00:00,USA,PJM Interconnection,US-MIDA-PJM,298.8,363.72,46.51,15.29,pjm.com,false,
2023-04-17 22:00:00,USA,PJM Interconnection,US-MIDA-PJM,312.59,379.4,44.28,13.33,pjm.com,false,
2023-04-17 23:00:00,USA,PJM Interconnection,US-MIDA-PJM,322.95,391.26,42.58,11.51,pjm.com,false,
2023-04-18 00:00:00,USA,PJM Interconnection,US-MIDA-PJM,331.11,400.91,41.09,10.33,pjm.com,false,
2023-04-18 01:00:00,USA,PJM Interconnection,US-MIDA-PJM,334.83,405.44,40.28,8.95,pjm.com,false,
2023-04-18 02:00:00,USA,PJM Interconnection,US-MIDA-PJM,338.12,408.86,39.87,6.79,pjm.com,false,
2023-04-18 03:00:00,USA,PJM Interconnection,US-MIDA-PJM,338.96,409.51,39.83,5.19,pjm.com,false,
2023-04-18 04:00:00,USA,PJM Interconnection,US-MIDA-PJM,329.37,397.97,41.77,5.3,pjm.com,false,
2023-04-18 05:00:00,USA,PJM Interconnection,US-MIDA-PJM,325.04,392.83,42.56,5.34,pjm.com,false,
2023-04-18 06:00:00,USA,PJM Interconnection,US-MIDA-PJM,322.48,389.73,43.09,5.57,pjm.com,false,
2023-04-18 07:00:00,USA,PJM Interconnection,US-MIDA-PJM,317.74,384.47,43.73,5.95,pjm.com,false,
2023-04-18 08:00:00,USA,PJM Interconnection,US-MIDA-PJM,318.75,385.88,43.39,6.28,pjm.com,false,
2023-04-18 09:00:00,USA,PJM Interconnection,US-MIDA-PJM,322.77,391.68,41.84,5.95,pjm.com,false,
2023-04-18 10:00:00,USA,PJM Interconnection,US-MIDA-PJM,326.97,397.68,40.39,7.11,pjm.com,false,
2023-04-18 11:00:00,USA,PJM Interconnection,US-MIDA-PJM,333.71,405.11,39.64,8.28,pjm.com,false,
2023-04-18 12:00:00,USA,PJM Interconnection,US-MIDA-PJM,329.22,399.88,40.61,9.46,pjm.com,false,
2023-04-18 13:00:00,USA,PJM Interconnection,US-MIDA-PJM,327.72,397.64,41.29,9.51,pjm.com,false,
2023-04-18 14:00:00,USA,PJM Interconnection,US-MIDA-PJM,327.09,396.25,41.9,9.72,pjm.com,false,
2023-04-18 15:00:00,USA,PJM Interconnection,US-MIDA-PJM,325.21,394.2,42.15,9.62,pjm.com,false,
2023-04-18 16:00:00,USA,PJM Interconnection,US-MIDA-PJM,326.15,394.96,42.23,9.66,pjm.com,false,
2023-04-18 17:00:00,USA,PJM Interconnection,US-MIDA-PJM,323.92,392.14,42.8,9.97,pjm.com,false,
2023-04-18 18:00:00,USA,PJM Interconnection,US-MIDA-PJM,322.01,389.85,43.21,10.46,pjm.com,false,
2023-04-18 19:00:00,USA,PJM Interconnection,US-MIDA-PJM,322.82,390.57,43.22,10.47,pjm.com,false,
2023-04-18 20:00:00,USA,PJM Interconnection,US-MIDA-PJM,323.03,391.11,42.88,10.44,pjm.com,false,
2023-04-18 21:00:00,USA,PJM Interconnection,US-MIDA-PJM,322.65,391.2,42.44,10.0,pjm.com,false,
2023-04-18 22:00:00,USA,PJM Interconnection,US-MIDA-PJM,325.7,395.19,41.52,9.07,pjm.com,false,
2023-04-18 23:00:00,USA,PJM Interconnection,US-MIDA-PJM,333.59,404.49,39.99,7.43,pjm.com,false,
2023-04-19 00:00:00,USA,PJM Interconnection,US-MIDA-PJM,341.66,414.03,38.57,6.57,pjm.com,false,
2023-04-19 01:00:00,USA,PJM Interconnection,US-MIDA-PJM,342.77,415.12,38.49,6.13,pjm.com,false,
2023-04-19 02:00:00,USA,PJM Interconnection,US-MIDA-PJM,346.36,418.76,38.09,4.14,pjm.com,false,
2023-04-19 03:00:00,USA,PJM Interconnection,US-MIDA-PJM,342.74,413.44,39.42,3.83,pjm.com,false,
2023-04-19 04:00:00,USA,PJM Interconnection,US-MIDA-PJM,327.46,395.76,41.95,4.76,pjm.com,false,
2023-04-19 05:00:00,USA,PJM Interconnection,US-MIDA-PJM,315.28,381.53,43.96,6.41,pjm.com,false,
2023-04-19 06:00:00,USA,PJM Interconnection,US-MIDA-PJM,313.84,379.87,44.17,7.01,pjm.com,false,
2023-04-19 07:00:00,USA,PJM Interconnection,US-MIDA-PJM,314.8,380.86,44.14,6.67,pjm.com,false,
2023-04-19 08:00:00,USA,PJM Interconnection,US-MIDA-PJM,316.39,382.8,43.82,7.03,pjm.com,false,
2023-04-19 09:00:00,USA,PJM Interconnection,US-MIDA-PJM,318.19,385.1,43.52,7.88,pjm.com,false,
2023-04-19 10:00:00,USA,PJM Interconnection,US-MIDA-PJM,327.24,395.77,42.03,9.12,pjm.com,false,
2023-04-19 11:00:00,USA,PJM Interconnection,US-MIDA-PJM,322.4,391.14,42.17,10.71,pjm.com,false,
2023-04-19 12:00:00,USA,PJM Interconnection,US-MIDA-PJM,310.29,377.2,44.35,12.98,pjm.com,false,
2023-04-19 13:00:00,USA,PJM Interconnection,US-MIDA-PJM,305.88,371.89,45.24,13.15,pjm.com,false,
2023-04-19 14:00:00,USA,PJM Interconnection,US-MIDA-PJM,307.5,374.11,44.82,12.88,pjm.com,false,
2023-04-19 15:00:00,USA,PJM Interconnection,US-MIDA-PJM,310.49,377.51,44.42,12.6,pjm.com,false,
2023-04-19 16:00:00,USA,PJM Interconnection,US-MIDA-PJM,306.25,372.61,45.07,12.77,pjm.com,false,
2023-04-19 17:00:00,USA,PJM Interconnection,US-MIDA-PJM,304.04,370.24,45.29,13.26,pjm.com,false,
2023-04-19 18:00:00,USA,PJM Interconnection,US-MIDA-PJM,302.91,369.04,45.37,13.11,pjm.com,false,
2023-04-19 19:00:00,USA,PJM Interconnection,US-MIDA-PJM,304.32,370.51,45.17,13.09,pjm.com,false,
2023-04-19 20:00:00,USA,PJM Interconnection,US-MIDA-PJM,303.54,369.5,45.36,13.4,pjm.com,false,
2023-04-19 21:00:00,USA,PJM Interconnection,US-MIDA-PJM,307.97,374.26,44.91,13.45,pjm.com,false,
2023-04-19 22:00:00,USA,PJM Interconnection,US-MIDA-PJM,309.02,376.02,44.27,13.24,pjm.com,false,
2023-04-19 23:00:00,USA,PJM Interconnection,US-MIDA-PJM,315.49,383.67,42.91,11.51,pjm.com,false,
2023-04-20 00:00:00,USA,PJM Interconnection,US-MIDA-PJM,318.29,386.97,42.39,11.26,pjm.com,false,
2023-04-20 01:00:00,USA,PJM Interconnection,US-MIDA-PJM,324.1,393.2,41.74,10.2,pjm.com,false,
2023-04-20 02:00:00,USA,PJM Interconnection,US-MIDA-PJM,332.97,402.57,40.76,7.8,pjm.com,false,
2023-04-20 03:00:00,USA,PJM Interconnection,US-MIDA-PJM,331.58,400.6,41.17,6.21,pjm.com,false,
2023-04-20 04:00:00,USA,PJM Interconnection,US-MIDA-PJM,323.26,390.32,43.01,6.07,pjm.com,false,
2023-04-20 05:00:00,USA,PJM Interconnection,US-MIDA-PJM,312.91,377.79,45.13,7.33,pjm.com,false,
2023-04-20 06:00:00,USA,PJM Interconnection,US-MIDA-PJM,305.93,369.86,46.19,8.08,pjm.com,false,
2023-04-20 07:00:00,USA,PJM Interconnection,US-MIDA-PJM,301.21,364.44,46.99,8.23,pjm.com,false,
2023-04-20 08:00:00,USA,PJM Interconnection,US-MIDA-PJM,301.57,365.67,46.32,7.99,pjm.com,false,
2023-04-20 09:00:00,USA,PJM Interconnection,US-MIDA-PJM,305.98,370.68,45.68,8.62,pjm.com,false,
2023-04-20 10:00:00,USA,PJM Interconnection,US-MIDA-PJM,315.6,382.75,43.49,9.04,pjm.com,false,
2023-04-20 11:00:00,USA,PJM Interconnection,US-MIDA-PJM,318.76,386.71,42.91,10.26,pjm.com,false,
2023-04-20 12:00:00,USA,PJM Interconnection,US-MIDA-PJM,313.63,380.9,43.88,11.71,pjm.com,false,
2023-04-20 13:00:00,USA,PJM Interconnection,US-MIDA-PJM,308.65,374.64,45.23,12.63,pjm.com,false,
2023-04-20 14:00:00,USA,PJM Interconnection,US-MIDA-PJM,304.31,370.35,45.43,13.05,pjm.com,false,
2023-04-20 15:00:00,USA,PJM Interconnection,US-MIDA-PJM,300.26,365.67,46.05,13.87,pjm.com,false,
2023-04-20 16:00:00,USA,PJM Interconnection,US-MIDA-PJM,303.97,370.24,45.22,13.45,pjm.com,false,
2023-04-20 17:00:00,USA,PJM Interconnection,US-MIDA-PJM,303.07,368.39,46.04,14.3,pjm.com,false,
2023-04-20 18:00:00,USA,PJM Interconnection,US-MIDA-PJM,299.64,364.89,46.62,15.28,pjm.com,false,
2023-04-20 19:00:00,USA,PJM Interconnection,US-MIDA-PJM,302.19,367.87,46.27,15.57,pjm.com,false,
2023-04-20 20:00:00,USA,PJM Interconnection,US-MIDA-PJM,304.63,370.67,45.88,15.78,pjm.com,false,
2023-04-20 21:00:00,USA,PJM Interconnection,US-MIDA-PJM,306.06,372.7,45.3,15.21,pjm.com,false,
2023-04-20 22:00:00,USA,PJM Interconnection,US-MIDA-PJM,311.12,379.13,44.01,13.92,pjm.com,false,
2023-04-20 23:00:00,USA,PJM Interconnection,US-MIDA-PJM,321.02,390.44,42.3,12.0,pjm.com,false,
2023-04-21 00:00:00,USA,PJM Interconnection,US-MIDA-PJM,326.49,396.28,41.63,11.28,pjm.com,false,
2023-04-21 01:00:00,USA,PJM Interconnection,US-MIDA-PJM,328.04,397.87,41.41,10.46,pjm.com,false,
2023-04-21 02:00:00,USA,PJM Interconnection,US-MIDA-PJM,321.99,390.03,42.92,9.82,pjm.com,false,
2023-04-21 03:00:00,USA,PJM Interconnection,US-MIDA-PJM,318.87,385.67,43.91,8.73,pjm.com,false,
2023-04-21 04:00:00,USA,PJM Interconnection,US-MIDA-PJM,315.07,380.07,44.93,8.15,pjm.com,false,
2023-04-21 05:00:00,USA,PJM Interconnection,US-MIDA-PJM,314.8,378.9,45.63,7.81,pjm.com,false,
2023-04-21 06:00:00,USA,PJM Interconnection,US-MIDA-PJM,317.91,382.22,45.34,6.57,pjm.com,false,
2023-04-21 07:00:00,USA,PJM Interconnection,US-MIDA-PJM,317.13,381.03,45.63,5.93,pjm.com,false,
2023-04-21 08:00:00,USA,PJM Interconnection,US-MIDA-PJM,319.22,383.66,45.13,5.26,pjm.com,false,
2023-04-21 09:00:00,USA,PJM Interconnection,US-MIDA-PJM,328.36,394.96,43.09,4.39,pjm.com,false,
2023-04-21 10:00:00,USA,PJM Interconnection,US-MIDA-PJM,334.17,403.3,40.98,4.1,pjm.com,false,
2023-04-21 11:00:00,USA,PJM Interconnection,US-MIDA-PJM,336.29,406.52,40.18,4.86,pjm.com,false,
2023-04-21 12:00:00,USA,PJM Interconnection,US-MIDA-PJM,334.81,405.0,40.57,6.29,pjm.com,false,
2023-04-21 13:00:00,USA,PJM Interconnection,US-MIDA-PJM,333.72,403.51,40.97,7.08,pjm.com,false,
2023-04-21 14:00:00,USA,PJM Interconnection,US-MIDA-PJM,332.92,402.86,40.88,7.0,pjm.com,false,
2023-04-21 15:00:00,USA,PJM Interconnection,US-MIDA-PJM,332.71,402.7,40.87,7.44,pjm.com,false,
2023-04-21 16:00:00,USA,PJM Interconnection,US-MIDA-PJM,332.28,402.14,41.4,8.44,pjm.com,false,
2023-04-21 17:00:00,USA,PJM Interconnection,US-MIDA-PJM,325.94,394.89,42.58,10.11,pjm.com,false,
2023-04-21 18:00:00,USA,PJM Interconnection,US-MIDA-PJM,323.38,392.2,42.71,10.8,pjm.com,false,
2023-04-21 19:00:00,USA,PJM Interconnection,US-MIDA-PJM,322.84,391.57,42.84,11.12,pjm.com,false,
2023-04-21 20:00:00,USA,PJM Interconnection,US-MIDA-PJM,321.7,390.97,42.51,11.05,pjm.com,false,
2023-04-21 21:00:00,USA,PJM Interconnection,US-MIDA-PJM,324.27,394.05,41.94,10.57,pjm.com,false,
2023-04-21 22:00:00,USA,PJM Interconnection,US-MIDA-PJM,328.64,399.17,41.01,9.45,pjm.com,false,
2023-04-21 23:00:00,USA,PJM Interconnection,US-MIDA-PJM,331.11,401.68,40.67,8.64,pjm.com,false,
2023-04-22 00:00:00,USA,PJM Interconnection,US-MIDA-PJM,329.08,399.63,40.77,8.57,pjm.com,false,
2023-04-22 01:00:00,USA,PJM Interconnection,US-MIDA-PJM,327.88,397.75,41.25,8.14,pjm.com,false,
2023-04-22 02:00:00,USA,PJM Interconnection,US-MIDA-PJM,325.43,394.06,42.04,7.37,pjm.com,false,
2023-04-22 03:00:00,USA,PJM Interconnection,US-MIDA-PJM,325.19,392.54,42.78,6.68,pjm.com,false,
2023-04-22 04:00:00,USA,PJM Interconnection,US-MIDA-PJM,323.76,390.04,43.56,5.39,pjm.com,false,
2023-04-22 05:00:00,USA,PJM Interconnection,US-MIDA-PJM,321.18,387.38,43.74,4.62,pjm.com,false,
2023-04-22 06:00:00,USA,PJM Interconnection,US-MIDA-PJM,321.64,388.19,43.48,4.33,pjm.com,false,
2023-04-22 07:00:00,USA,PJM Interconnection,US-MIDA-PJM,316.57,382.93,43.89,4.36,pjm.com,false,
2023-04-22 08:00:00,USA,PJM Interconnection,US-MIDA-PJM,312.98,379.24,44.16,4.04,pjm.com,false,
2023-04-22 09:00:00,USA,PJM Interconnection,US-MIDA-PJM,312.42,378.75,44.13,4.6,pjm.com,false,
2023-04-22 10:00:00,USA,PJM Interconnection,US-MIDA-PJM,306.18,371.43,45.29,5.87,pjm.com,false,
2023-04-22 11:00:00,USA,PJM Interconnection,US-MIDA-PJM,306.79,371.96,45.33,6.8,pjm.com,false,
2023-04-22 12:00:00,USA,PJM Interconnection,US-MIDA-PJM,306.62,372.39,44.97,8.1,pjm.com,false,
2023-04-22 13:00:00,USA,PJM Interconnection,US-MIDA-PJM,296.86,361.02,46.75,10.66,pjm.com,false,
2023-04-22 14:00:00,USA,PJM Interconnection,US-MIDA-PJM,295.73,359.79,46.99,11.76,pjm.com,false,
2023-04-22 15:00:00,USA,PJM Interconnection,US-MIDA-PJM,292.73,356.26,47.55,12.32,pjm.com,false,
2023-04-22 16:00:00,USA,PJM Interconnection,US-MIDA-PJM,291.42,354.98,47.59,12.71,pjm.com,false,
2023-04-22 17:00:00,USA,PJM Interconnection,US-MIDA-PJM,293.63,357.09,47.52,13.1,pjm.com,false,
2023-04-22 18:00:00,USA,PJM Interconnection,US-MIDA-PJM,286.45,349.32,48.3,13.64,pjm.com,false,
2023-04-22 19:00:00,USA,PJM Interconnection,US-MIDA-PJM,289.6,352.3,48.22,13.21,pjm.com,false,
2023-04-22 20:00:00,USA,PJM Interconnection,US-MIDA-PJM,287.36,350.07,48.32,13.4,pjm.com,false,
2023-04-22 21:00:00,USA,PJM Interconnection,US-MIDA-PJM,293.29,357.09,47.22,12.62,pjm.com,false,
2023-04-22 22:00:00,USA,PJM Interconnection,US-MIDA-PJM,300.99,366.42,45.53,10.86,pjm.com,false,
2023-04-22 23:00:00,USA,PJM Interconnection,US-MIDA-PJM,306.0,372.34,44.57,10.07,pjm.com,false,
2023-04-23 00:00:00,USA,PJM Interconnection,US-MIDA-PJM,309.21,376.05,44.17,10.07,pjm.com,false,
2023-04-23 01:00:00,USA,PJM Interconnection,US-MIDA-PJM,316.67,384.54,43.01,8.7,pjm.com,false,
2023-04-23 02:00:00,USA,PJM Interconnection,US-MIDA-PJM,321.27,389.16,42.64,7.25,pjm.com,false,
2023-04-23 03:00:00,USA,PJM Interconnection,US-MIDA-PJM,316.85,383.57,43.7,7.14,pjm.com,false,
2023-04-23 04:00:00,USA,PJM Interconnection,US-MIDA-PJM,308.19,373.47,45.23,7.31,pjm.com,false,
2023-04-23 05:00:00,USA,PJM Interconnection,US-MIDA-PJM,303.99,369.5,45.3,6.97,pjm.com,false,
2023-04-23 06:00:00,USA,PJM Interconnection,US-MIDA-PJM,302.22,367.62,45.49,6.96,pjm.com,false,
2023-04-23 07:00:00,USA,PJM Interconnection,US-MIDA-PJM,303.39,368.75,45.53,6.87,pjm.com,false,
2023-04-23 08:00:00,USA,PJM Interconnection,US-MIDA-PJM,305.62,371.33,45.15,6.49,pjm.com,false,
2023-04-23 09:00:00,USA,PJM Interconnection,US-MIDA-PJM,314.29,381.17,43.87,5.23,pjm.com,false,
2023-04-23 10:00:00,USA,PJM Interconnection,US-MIDA-PJM,318.51,385.69,43.46,4.56,pjm.com,false,
2023-04-23 11:00:00,USA,PJM Interconnection,US-MIDA-PJM,317.02,384.36,43.52,5.44,pjm.com,false,
2023-04-23 12:00:00,USA,PJM Interconnection,US-MIDA-PJM,311.68,378.76,44.17,7.51,pjm.com,false,
2023-04-23 13:00:00,USA,PJM Interconnection,US-MIDA-PJM,308.83,375.68,44.61,9.09,pjm.com,false,
2023-04-23 14:00:00,USA,PJM Interconnection,US-MIDA-PJM,309.08,375.87,44.71,9.6,pjm.com,false,
2023-04-23 15:00:00,USA,PJM Interconnection,US-MIDA-PJM,303.61,369.57,45.65,10.12,pjm.com,false,
2023-04-23 16:00:00,USA,PJM Interconnection,US-MIDA-PJM,308.41,375.11,44.82,9.8,pjm.com,false,
2023-04-23 17:00:00,USA,PJM Interconnection,US-MIDA-PJM,307.1,373.37,45.18,10.16,pjm.com,false,
2023-04-23 18:00:00,USA,PJM Interconnection,US-MIDA-PJM,304.62,370.91,45.28,10.28,pjm.com,false,
2023-04-23 19:00:00,USA,PJM Interconnection,US-MIDA-PJM,304.12,370.44,45.25,10.39,pjm.com,false,
2023-04-23 20:00:00,USA,PJM Interconnection,US-MIDA-PJM,304.12,370.72,45.01,10.53,pjm.com,false,
2023-04-23 21:00:00,USA,PJM Interconnection,US-MIDA-PJM,307.99,375.37,44.21,10.11,pjm.com,false,
2023-04-23 22:00:00,USA,PJM Interconnection,US-MIDA-PJM,319.77,388.68,42.35,8.25,pjm.com,false,
2023-04-23 23:00:00,USA,PJM Interconnection,US-MIDA-PJM,329.4,399.71,40.77,6.98,pjm.com,false,
2023-04-24 00:00:00,USA,PJM Interconnection,US-MIDA-PJM,334.19,405.45,39.93,6.94,pjm.com,false,
2023-04-24 01:00:00,USA,PJM Interconnection,US-MIDA-PJM,340.13,411.91,39.23,6.08,pjm.com,false,
2023-04-24 02:00:00,USA,PJM Interconnection,US-MIDA-PJM,347.65,419.95,38.26,3.81,pjm.com,false,
2023-04-24 03:00:00,USA,PJM Interconnection,US-MIDA-PJM,353.16,425.48,37.81,2.21,pjm.com,false,
2023-04-24 04:00:00,USA,PJM Interconnection,US-MIDA-PJM,348.83,419.89,38.95,2.28,pjm.com,false,
2023-04-24 05:00:00,USA,PJM Interconnection,US-MIDA-PJM,346.95,416.96,39.84,2.31,pjm.com,false,
2023-04-24 06:00:00,USA,PJM Interconnection,US-MIDA-PJM,341.8,411.06,40.66,2.63,pjm.com,false,
2023-04-24 07:00:00,USA,PJM Interconnection,US-MIDA-PJM,337.87,407.0,40.95,2.65,pjm.com,false,
2023-04-24 08:00:00,USA,PJM Interconnection,US-MIDA-PJM,337.49,406.83,40.82,3.18,pjm.com,false,
2023-04-24 09:00:00,USA,PJM Interconnection,US-MIDA-PJM,332.74,402.21,41.08,4.92,pjm.com,false,
2023-04-24 10:00:00,USA,PJM Interconnection,US-MIDA-PJM,335.5,407.31,39.25,5.88,pjm.com,false,
2023-04-24 11:00:00,USA,PJM Interconnection,US-MIDA-PJM,339.85,413.5,37.7,6.34,pjm.com,false,
2023-04-24 12:00:00,USA,PJM Interconnection,US-MIDA-PJM,341.47,414.96,37.8,6.67,pjm.com,false,
2023-04-24 13:00:00,USA,PJM Interconnection,US-MIDA-PJM,337.59,409.93,38.94,7.33,pjm.com,false,
2023-04-24 14:00:00,USA,PJM Interconnection,US-MIDA-PJM,334.46,405.79,39.9,7.89,pjm.com,false,
2023-04-24 15:00:00,USA,PJM Interconnection,US-MIDA-PJM,333.13,403.99,40.34,8.14,pjm.com,false,
2023-04-24 16:00:00,USA,PJM Interconnection,US-MIDA-PJM,328.55,397.87,41.75,8.82,pjm.com,false,
2023-04-24 17:00:00,USA,PJM Interconnection,US-MIDA-PJM,326.26,395.44,41.99,9.11,pjm.com,false,
2023-04-24 18:00:00,USA,PJM Interconnection,US-MIDA-PJM,326.07,395.3,42.0,9.14,pjm.com,false,
2023-04-24 19:00:00,USA,PJM Interconnection,US-MIDA-PJM,327.68,396.88,41.93,8.78,pjm.com,false,
2023-04-24 20:00:00,USA,PJM Interconnection,US-MIDA-PJM,329.56,399.51,41.26,7.91,pjm.com,false,
2023-04-24 21:00:00,USA,PJM Interconnection,US-MIDA-PJM,330.56,400.97,40.86,7.37,pjm.com,false,
2023-04-24 22:00:00,USA,PJM Interconnection,US-MIDA-PJM,335.74,407.28,39.67,6.07,pjm.com,false,
2023-04-24 23:00:00,USA,PJM Interconnection,US-MIDA-PJM,338.25,410.4,39.08,5.69,pjm.com,false,
2023-04-25 00:00:00,USA,PJM Interconnection,US-MIDA-PJM,340.97,414.0,38.26,5.28,pjm.com,false,
2023-04-25 01:00:00,USA,PJM Interconnection,US-MIDA-PJM,343.49,416.58,38.05,4.95,pjm.com,false,
2023-04-25 02:00:00,USA,PJM Interconnection,US-MIDA-PJM,346.95,419.64,38.01,3.67,pjm.com,false,
2023-04-25 03:00:00,USA,PJM Interconnection,US-MIDA-PJM,348.39,420.41,38.32,2.48,pjm.com,false,
2023-04-25 04:00:00,USA,PJM Interconnection,US-MIDA-PJM,340.02,409.94,40.26,2.68,pjm.com,false,
2023-04-25 05:00:00,USA,PJM Interconnection,US-MIDA-PJM,332.87,401.79,41.35,2.61,pjm.com,false,
2023-04-25 06:00:00,USA,PJM Interconnection,US-MIDA-PJM,326.88,395.27,42.06,3.25,pjm.com,false,
2023-04-25 07:00:00,USA,PJM Interconnection,US-MIDA-PJM,332.91,401.46,41.65,3.29,pjm.com,false,
2023-04-25 08:00:00,USA,PJM Interconnection,US-MIDA-PJM,336.46,405.47,41.17,3.39,pjm.com,false,
2023-04-25 09:00:00,USA,PJM Interconnection,US-MIDA-PJM,335.8,405.38,40.88,4.73,pjm.com,false,
2023-04-25 10:00:00,USA,PJM Interconnection,US-MIDA-PJM,341.59,414.02,38.6,5.28,pjm.com,false,
2023-04-25 11:00:00,USA,PJM Interconnection,US-MIDA-PJM,342.31,415.44,38.34,6.37,pjm.com,false,
2023-04-25 12:00:00,USA,PJM Interconnection,US-MIDA-PJM,337.55,409.63,39.43,7.14,pjm.com,false,
2023-04-25 13:00:00,USA,PJM Interconnection,US-MIDA-PJM,333.26,404.18,40.41,7.68,pjm.com,false,
2023-04-25 14:00:00,USA,PJM Interconnection,US-MIDA-PJM,331.13,401.6,40.85,7.58,pjm.com,false,
2023-04-25 15:00:00,USA,PJM Interconnection,US-MIDA-PJM,330.16,400.01,41.36,7.95,pjm.com,false,
2023-04-25 16:00:00,USA,PJM Interconnection,US-MIDA-PJM,329.75,399.89,41.14,7.65,pjm.com,false,
2023-04-25 17:00:00,USA,PJM Interconnection,US-MIDA-PJM,330.69,400.66,41.2,7.5,pjm.com,false,
2023-04-25 18:00:00,USA,PJM Interconnection,US-MIDA-PJM,332.15,402.24,40.99,7.24,pjm.com,false,
2023-04-25 19:00:00,USA,PJM Interconnection,US-MIDA-PJM,331.75,401.46,41.29,7.12,pjm.com,false,
2023-04-25 20:00:00,USA,PJM Interconnection,US-MIDA-PJM,335.53,405.57,40.77,6.73,pjm.com,false,
2023-04-25 21:00:00,USA,PJM Interconnection,US-MIDA-PJM,336.7,407.11,40.39,6.4,pjm.com,false,
2023-04-25 22:00:00,USA,PJM Interconnection,US-MIDA-PJM,335.94,406.1,40.58,6.66,pjm.com,false,
2023-04-25 23:00:00,USA,PJM Interconnection,US-MIDA-PJM,332.28,401.73,41.3,7.52,pjm.com,false,
2023-04-26 00:00:00,USA,PJM Interconnection,US-MIDA-PJM,334.04,404.05,40.81,7.83,pjm.com,false,
2023-04-26 01:00:00,USA,PJM Interconnection,US-MIDA-PJM,339.84,410.05,40.29,7.25,pjm.com,false,
2023-04-26 02:00:00,USA,PJM Interconnection,US-MIDA-PJM,343.69,413.14,40.5,5.59,pjm.com,false,
2023-04-26 03:00:00,USA,PJM Interconnection,US-MIDA-PJM,347.89,417.71,40.05,4.32,pjm.com,false,
2023-04-26 04:00:00,USA,PJM Interconnection,US-MIDA-PJM,344.53,414.29,40.72,3.75,pjm.com,false,
2023-04-26 05:00:00,USA,PJM Interconnection,US-MIDA-PJM,338.13,407.17,41.39,3.64,pjm.com,false,
2023-04-26 06:00:00,USA,PJM Interconnection,US-MIDA-PJM,337.12,406.02,41.54,3.46,pjm.com,false,
2023-04-26 07:00:00,USA,PJM Interconnection,US-MIDA-PJM,337.03,405.75,41.7,3.43,pjm.com,false,
2023-04-26 08:00:00,USA,PJM Interconnection,US-MIDA-PJM,339.47,408.59,41.33,3.5,pjm.com,false,
2023-04-26 09:00:00,USA,PJM Interconnection,US-MIDA-PJM,342.82,413.38,40.13,3.66,pjm.com,false,
2023-04-26 10:00:00,USA,PJM Interconnection,US-MIDA-PJM,343.27,414.73,39.6,5.52,pjm.com,false,
2023-04-26 11:00:00,USA,PJM Interconnection,US-MIDA-PJM,343.91,416.42,38.87,6.78,pjm.com,false,
2023-04-26 12:00:00,USA,PJM Interconnection,US-MIDA-PJM,342.27,414.12,39.6,7.86,pjm.com,false,
2023-04-26 13:00:00,USA,PJM Interconnection,US-MIDA-PJM,345.82,416.89,40.02,7.55,pjm.com,false,
2023-04-26 14:00:00,USA,PJM Interconnection,US-MIDA-PJM,342.08,412.29,40.78,7.56,pjm.com,false,
2023-04-26 15:00:00,USA,PJM Interconnection,US-MIDA-PJM,341.73,411.79,41.04,7.46,pjm.com,false,
2023-04-26 16:00:00,USA,PJM Interconnection,US-MIDA-PJM,343.73,413.72,40.97,7.34,pjm.com,false,
2023-04-26 17:00:00,USA,PJM Interconnection,US-MIDA-PJM,344.84,414.95,40.79,7.17,pjm.com,false,
2023-04-26 18:00:00,USA,PJM Interconnection,US-MIDA-PJM,349.0,419.52,40.23,6.13,pjm.com,false,
2023-04-26 19:00:00,USA,PJM Interconnection,US-MIDA-PJM,350.82,421.69,39.83,5.4,pjm.com,false,
2023-04-26 20:00:00,USA,PJM Interconnection,US-MIDA-PJM,349.13,420.0,39.89,5.27,pjm.com,false,
2023-04-26 21:00:00,USA,PJM Interconnection,US-MIDA-PJM,350.3,422.18,39.05,4.96,pjm.com,false,
2023-04-26 22:00:00,USA,PJM Interconnection,US-MIDA-PJM,354.93,427.52,38.24,4.33,pjm.com,false,
2023-04-26 23:00:00,USA,PJM Interconnection,US-MIDA-PJM,355.45,428.14,38.13,4.34,pjm.com,false,
2023-04-27 00:00:00,USA,PJM Interconnection,US-MIDA-PJM,351.18,423.27,38.79,5.67,pjm.com,false,
2023-04-27 01:00:00,USA,PJM Interconnection,US-MIDA-PJM,345.13,416.06,39.91,6.57,pjm.com,false,
2023-04-27 02:00:00,USA,PJM Interconnection,US-MIDA-PJM,342.21,411.79,40.69,5.66,pjm.com,false,
2023-04-27 03:00:00,USA,PJM Interconnection,US-MIDA-PJM,340.06,408.8,41.32,4.84,pjm.com,false,
2023-04-27 04:00:00,USA,PJM Interconnection,US-MIDA-PJM,328.63,395.86,43.06,5.1,pjm.com,false,
2023-04-27 05:00:00,USA,PJM Interconnection,US-MIDA-PJM,323.41,389.59,44.17,5.2,pjm.com,false,
2023-04-27 06:00:00,USA,PJM Interconnection,US-MIDA-PJM,320.55,386.3,44.61,5.27,pjm.com,false,
2023-04-27 07:00:00,USA,PJM Interconnection,US-MIDA-PJM,322.86,389.13,44.13,5.07,pjm.com,false,
2023-04-27 08:00:00,USA,PJM Interconnection,US-MIDA-PJM,323.42,390.06,43.87,5.21,pjm.com,false,
2023-04-27 09:00:00,USA,PJM Interconnection,US-MIDA-PJM,323.78,391.26,43.25,5.79,pjm.com,false,
2023-04-27 10:00:00,USA,PJM Interconnection,US-MIDA-PJM,323.33,392.05,42.51,7.55,pjm.com,false,
2023-04-27 11:00:00,USA,PJM Interconnection,US-MIDA-PJM,329.99,399.73,41.4,8.3,pjm.com,false,
2023-04-27 12:00:00,USA,PJM Interconnection,US-MIDA-PJM,330.48,400.37,41.29,8.39,pjm.com,false,
2023-04-27 13:00:00,USA,PJM Interconnection,US-MIDA-PJM,337.36,407.83,40.6,7.32,pjm.com,false,
2023-04-27 14:00:00,USA,PJM Interconnection,US-MIDA-PJM,335.43,405.33,41.12,7.33,pjm.com,false,
2023-04-27 15:00:00,USA,PJM Interconnection,US-MIDA-PJM,337.04,406.85,41.21,7.13,pjm.com,false,
2023-04-27 16:00:00,USA,PJM Interconnection,US-MIDA-PJM,339.48,409.4,41.05,6.82,pjm.com,false,
2023-04-27 17:00:00,USA,PJM Interconnection,US-MIDA-PJM,334.71,403.98,41.73,6.61,pjm.com,false,
2023-04-27 18:00:00,USA,PJM Interconnection,US-MIDA-PJM,336.27,405.66,41.57,6.16,pjm.com,false,
2023-04-27 19:00:00,USA,PJM Interconnection,US-MIDA-PJM,336.35,405.88,41.49,6.02,pjm.com,false,
2023-04-27 20:00:00,USA,PJM Interconnection,US-MIDA-PJM,337.86,408.07,40.87,5.74,pjm.com,false,
2023-04-27 21:00:00,USA,PJM Interconnection,US-MIDA-PJM,338.79,409.44,40.37,5.55,pjm.com,false,
2023-04-27 22:00:00,USA,PJM Interconnection,US-MIDA-PJM,340.77,411.76,40.0,5.49,pjm.com,false,
2023-04-27 23:00:00,USA,PJM Interconnection,US-MIDA-PJM,336.58,407.11,40.56,6.4,pjm.com,false,
2023-04-28 00:00:00,USA,PJM Interconnection,US-MIDA-PJM,337.25,408.13,40.24,6.86,pjm.com,false,
2023-04-28 01:00:00,USA,PJM Interconnection,US-MIDA-PJM,340.54,411.03,40.24,6.6,pjm.com,false,
2023-04-28 02:00:00,USA,PJM Interconnection,US-MIDA-PJM,337.97,406.91,41.34,5.99,pjm.com,false,
2023-04-28 03:00:00,USA,PJM Interconnection,US-MIDA-PJM,329.44,397.53,42.43,5.92,pjm.com,false,
2023-04-28 04:00:00,USA,PJM Interconnection,US-MIDA-PJM,317.79,383.93,44.3,5.76,pjm.com,false,
2023-04-28 05:00:00,USA,PJM Interconnection,US-MIDA-PJM,308.84,374.3,45.18,5.82,pjm.com,false,
2023-04-28 06:00:00,USA,PJM Interconnection,US-MIDA-PJM,309.68,375.57,44.82,5.25,pjm.com,false,
2023-04-28 07:00:00,USA,PJM Interconnection,US-MIDA-PJM,310.49,376.07,45.03,5.18,pjm.com,false,
2023-04-28 08:00:00,USA,PJM Interconnection,US-MIDA-PJM,308.82,374.41,45.11,5.26,pjm.com,false,
2023-04-28 09:00:00,USA,PJM Interconnection,US-MIDA-PJM,316.2,383.01,43.88,5.28,pjm.com,false,
2023-04-28 10:00:00,USA,PJM Interconnection,US-MIDA-PJM,322.06,390.85,42.37,5.89,pjm.com,false,
2023-04-28 11:00:00,USA,PJM Interconnection,US-MIDA-PJM,326.23,395.9,41.56,7.02,pjm.com,false,
2023-04-28 12:00:00,USA,PJM Interconnection,US-MIDA-PJM,334.61,405.19,40.58,7.27,pjm.com,false,
2023-04-28 13:00:00,USA,PJM Interconnection,US-MIDA-PJM,335.88,406.48,40.56,7.22,pjm.com,false,
2023-04-28 14:00:00,USA,PJM Interconnection,US-MIDA-PJM,337.37,407.63,40.75,7.36,pjm.com,false,
2023-04-28 15:00:00,USA,PJM Interconnection,US-MIDA-PJM,332.93,402.29,41.62,7.94,pjm.com,false,
2023-04-28 16:00:00,USA,PJM Interconnection,US-MIDA-PJM,330.89,400.17,41.81,8.02,pjm.com,false,
2023-04-28 17:00:00,USA,PJM Interconnection,US-MIDA-PJM,326.35,395.0,42.55,8.61,pjm.com,false,
2023-04-28 18:00:00,USA,PJM Interconnection,US-MIDA-PJM,327.89,396.82,42.21,8.14,pjm.com,false,
2023-04-28 19:00:00,USA,PJM Interconnection,US-MIDA-PJM,328.51,397.33,42.17,7.58,pjm.com,false,
2023-04-28 20:00:00,USA,PJM Interconnection,US-MIDA-PJM,331.65,400.62,41.95,7.51,pjm.com,false,
2023-04-28 21:00:00,USA,PJM Interconnection,US-MIDA-PJM,328.5,397.38,42.12,7.45,pjm.com,false,
2023-04-28 22:00:00,USA,PJM Interconnection,US-MIDA-PJM,328.82,398.13,41.76,6.88,pjm.com,false,
2023-04-28 23:00:00,USA,PJM Interconnection,US-MIDA-PJM,330.85,400.75,41.25,6.21,pjm.com,false,
2023-04-29 00:00:00,USA,PJM Interconnection,US-MIDA-PJM,332.61,402.36,41.28,6.17,pjm.com,false,
2023-04-29 01:00:00,USA,PJM Interconnection,US-MIDA-PJM,330.26,399.37,41.79,5.72,pjm.com,false,
2023-04-29 02:00:00,USA,PJM Interconnection,US-MIDA-PJM,322.94,391.24,42.69,5.15,pjm.com,false,
2023-04-29 03:00:00,USA,PJM Interconnection,US-MIDA-PJM,314.8,382.2,43.71,4.98,pjm.com,false,
2023-04-29 04:00:00,USA,PJM Interconnection,US-MIDA-PJM,301.04,366.57,45.64,4.97,pjm.com,false,
2023-04-29 05:00:00,USA,PJM Interconnection,US-MIDA-PJM,287.9,352.76,46.78,5.13,pjm.com,false,
2023-04-29 06:00:00,USA,PJM Interconnection,US-MIDA-PJM,284.52,349.1,47.18,4.97,pjm.com,false,
2023-04-29 07:00:00,USA,PJM Interconnection,US-MIDA-PJM,282.56,346.99,47.39,4.73,pjm.com,false,
2023-04-29 08:00:00,USA,PJM Interconnection,US-MIDA-PJM,283.19,347.57,47.41,4.67,pjm.com,false,
2023-04-29 09:00:00,USA,PJM Interconnection,US-MIDA-PJM,285.29,350.38,46.82,4.36,pjm.com,false,
2023-04-29 10:00:00,USA,PJM Interconnection,US-MIDA-PJM,291.95,358.32,45.67,4.13,pjm.com,false,
2023-04-29 11:00:00,USA,PJM Interconnection,US-MIDA-PJM,289.04,355.27,46.04,5.34,pjm.com,false,
2023-04-29 12:00:00,USA,PJM Interconnection,US-MIDA-PJM,286.0,352.37,46.16,6.6,pjm.com,false,
2023-04-29 13:00:00,USA,PJM Interconnection,US-MIDA-PJM,289.16,356.35,45.53,7.21,pjm.com,false,
2023-04-29 14:00:00,USA,PJM Interconnection,US-MIDA-PJM,289.73,356.49,45.84,8.25,pjm.com,false,
2023-04-29 15:00:00,USA,PJM Interconnection,US-MIDA-PJM,280.13,345.01,47.76,10.13,pjm.com,false,
2023-04-29 16:00:00,USA,PJM Interconnection,US-MIDA-PJM,274.12,338.05,48.86,11.29,pjm.com,false,
2023-04-29 17:00:00,USA,PJM Interconnection,US-MIDA-PJM,270.89,334.31,49.38,11.51,pjm.com,false,
2023-04-29 18:00:00,USA,PJM Interconnection,US-MIDA-PJM,269.69,332.74,49.74,12.19,pjm.com,false,
2023-04-29 19:00:00,USA,PJM Interconnection,US-MIDA-PJM,266.27,328.66,50.38,12.56,pjm.com,false,
2023-04-29 20:00:00,USA,PJM Interconnection,US-MIDA-PJM,269.86,332.65,49.85,12.36,pjm.com,false,
2023-04-29 21:00:00,USA,PJM Interconnection,US-MIDA-PJM,280.42,344.56,48.25,11.25,pjm.com,false,
2023-04-29 22:00:00,USA,PJM Interconnection,US-MIDA-PJM,289.13,354.21,46.97,9.76,pjm.com,false,
2023-04-29 23:00:00,USA,PJM Interconnection,US-MIDA-PJM,288.32,353.45,46.91,9.12,pjm.com,false,
2023-04-30 00:00:00,USA,PJM Interconnection,US-MIDA-PJM,287.08,352.5,46.88,9.34,pjm.com,false,
2023-04-30 01:00:00,USA,PJM Interconnection,US-MIDA-PJM,289.59,355.14,46.7,8.59,pjm.com,false,
2023-04-30 02:00:00,USA,PJM Interconnection,US-MIDA-PJM,295.82,362.13,45.73,6.37,pjm.com,false,
2023-04-30 03:00:00,USA,PJM Interconnection,US-MIDA-PJM,294.07,359.34,46.28,5.16,pjm.com,false,
2023-04-30 04:00:00,USA,PJM Interconnection,US-MIDA-PJM,284.13,346.9,48.53,5.18,pjm.com,false,
2023-04-30 05:00:00,USA,PJM Interconnection,US-MIDA-PJM,274.81,336.79,49.58,5.79,pjm.com,false,
2023-04-30 06:00:00,USA,PJM Interconnection,US-MIDA-PJM,272.89,334.55,49.93,5.75,pjm.com,false,
2023-04-30 07:00:00,USA,PJM Interconnection,US-MIDA-PJM,268.02,327.67,51.66,7.0,pjm.com,false,
2023-04-30 08:00:00,USA,PJM Interconnection,US-MIDA-PJM,271.35,331.86,50.85,6.89,pjm.com,false,
2023-04-30 09:00:00,USA,PJM Interconnection,US-MIDA-PJM,277.67,339.46,49.57,6.45,pjm.com,false,
2023-04-30 10:00:00,USA,PJM Interconnection,US-MIDA-PJM,280.83,343.53,48.79,6.37,pjm.com,false,
2023-04-30 11:00:00,USA,PJM Interconnection,US-MIDA-PJM,280.39,343.55,48.5,6.63,pjm.com,false,
2023-04-30 12:00:00,USA,PJM Interconnection,US-MIDA-PJM,279.88,343.64,48.18,8.01,pjm.com,false,
2023-04-30 13:00:00,USA,PJM Interconnection,US-MIDA-PJM,277.95,341.85,48.26,9.16,pjm.com,false,
2023-04-30 14:00:00,USA,PJM Interconnection,US-MIDA-PJM,275.38,339.22,48.63,10.55,pjm.com,false,
2023-04-30 15:00:00,USA,PJM Interconnection,US-MIDA-PJM,279.11,343.17,48.28,11.16,pjm.com,false,
2023-04-30 16:00:00,USA,PJM Interconnection,US-MIDA-PJM,282.75,346.91,48.01,11.49,pjm.com,false,
2023-04-30 17:00:00,USA,PJM Interconnection,US-MIDA-PJM,280.63,344.31,48.54,12.31,pjm.com,false,
2023-04-30 18:00:00,USA,PJM Interconnection,US-MIDA-PJM,275.82,338.86,49.23,12.76,pjm.com,false,
2023-04-30 19:00:00,USA,PJM Interconnection,US-MIDA-PJM,280.59,343.99,48.72,12.65,pjm.com,false,
2023-04-30 20:00:00,USA,PJM Interconnection,US-MIDA-PJM,280.32,343.62,48.77,13.03,pjm.com,false,
2023-04-30 21:00:00,USA,PJM Interconnection,US-MIDA-PJM,280.29,343.23,49.01,14.0,pjm.com,false,
2023-04-30 22:00:00,USA,PJM Interconnection,US-MIDA-PJM,274.23,336.43,49.95,15.2,pjm.com,false,
2023-04-30 23:00:00,USA,PJM Interconnection,US-MIDA-PJM,273.3,336.08,49.57,15.06,pjm.com,false,
2023-05-01 00:00:00,USA,PJM Interconnection,US-MIDA-PJM,278.47,341.89,48.88,15.02,pjm.com,false,
2023-05-01 01:00:00,USA,PJM Interconnection,US-MIDA-PJM,280.21,343.34,48.93,14.82,pjm.com,false,
2023-05-01 02:00:00,USA,PJM Interconnection,US-MIDA-PJM,282.41,344.87,49.1,13.36,pjm.com,false,
2023-05-01 03:00:00,USA,PJM Interconnection,US-MIDA-PJM,278.83,340.14,49.86,12.47,pjm.com,false,
2023-05-01 04:00:00,USA,PJM Interconnection,US-MIDA-PJM,273.07,333.86,50.64,12.18,pjm.com,false,
2023-05-01 05:00:00,USA,PJM Interconnection,US-MIDA-PJM,266.59,326.93,51.22,12.78,pjm.com,false,
2023-05-01 06:00:00,USA,PJM Interconnection,US-MIDA-PJM,267.99,328.72,50.87,12.66,pjm.com,false,
2023-05-01 07:00:00,USA,PJM Interconnection,US-MIDA-PJM,270.79,331.55,50.71,12.27,pjm.com,false,
2023-05-01 08:00:00,USA,PJM Interconnection,US-MIDA-PJM,269.94,331.1,50.45,12.14,pjm.com,false,
2023-05-01 09:00:00,USA,PJM Interconnection,US-MIDA-PJM,272.34,334.75,49.44,12.13,pjm.com,false,
2023-05-01 10:00:00,USA,PJM Interconnection,US-MIDA-PJM,272.74,336.35,48.92,14.41,pjm.com,false,
2023-05-01 11:00:00,USA,PJM Interconnection,US-MIDA-PJM,277.5,341.79,48.21,15.21,pjm.com,false,
2023-05-01 12:00:00,USA,PJM Interconnection,US-MIDA-PJM,278.34,342.26,48.5,15.9,pjm.com,false,
2023-05-01 13:00:00,USA,PJM Interconnection,US-MIDA-PJM,279.34,342.69,48.9,16.24,pjm.com,false,
2023-05-01 14:00:00,USA,PJM Interconnection,US-MIDA-PJM,276.44,339.26,49.5,16.58,pjm.com,false,
2023-05-01 15:00:00,USA,PJM Interconnection,US-MIDA-PJM,276.46,339.72,49.23,16.59,pjm.com,false,
2023-05-01 16:00:00,USA,PJM Interconnection,US-MIDA-PJM,282.41,346.13,48.53,16.0,pjm.com,false,
2023-05-01 17:00:00,USA,PJM Interconnection,US-MIDA-PJM,279.88,343.14,48.95,16.02,pjm.com,false,
2023-05-01 18:00:00,USA,PJM Interconnection,US-MIDA-PJM,283.9,347.48,48.52,15.37,pjm.com,false,
2023-05-01 19:00:00,USA,PJM Interconnection,US-MIDA-PJM,284.97,349.21,47.93,14.61,pjm.com,false,
2023-05-01 20:00:00,USA,PJM Interconnection,US-MIDA-PJM,287.42,352.51,47.14,14.12,pjm.com,false,
2023-05-01 21:00:00,USA,PJM Interconnection,US-MIDA-PJM,282.54,347.45,47.56,14.92,pjm.com,false,
2023-05-01 22:00:00,USA,PJM Interconnection,US-MIDA-PJM,285.57,351.17,46.88,14.65,pjm.com,false,
2023-05-01 23:00:00,USA,PJM Interconnection,US-MIDA-PJM,290.95,357.43,46.0,13.86,pjm.com,false,
2023-05-02 00:00:00,USA,PJM Interconnection,US-MIDA-PJM,297.4,364.39,45.29,13.61,pjm.com,false,
2023-05-02 01:00:00,USA,PJM Interconnection,US-MIDA-PJM,299.23,366.34,45.07,12.95,pjm.com,false,
2023-05-02 02:00:00,USA,PJM Interconnection,US-MIDA-PJM,301.18,367.88,45.08,11.33,pjm.com,false,
2023-05-02 03:00:00,USA,PJM Interconnection,US-MIDA-PJM,299.32,364.8,45.82,10.72,pjm.com,false,
2023-05-02 04:00:00,USA,PJM Interconnection,US-MIDA-PJM,288.5,352.33,47.48,10.8,pjm.com,false,
2023-05-02 05:00:00,USA,PJM Interconnection,US-MIDA-PJM,280.05,343.38,48.31,10.77,pjm.com,false,
2023-05-02 06:00:00,USA,PJM Interconnection,US-MIDA-PJM,279.65,342.93,48.36,11.11,pjm.com,false,
2023-05-02 07:00:00,USA,PJM Interconnection,US-MIDA-PJM,277.73,340.48,48.88,11.2,pjm.com,false,
2023-05-02 08:00:00,USA,PJM Interconnection,US-MIDA-PJM,278.42,341.53,48.57,11.37,pjm.com,false,
2023-05-02 09:00:00,USA,PJM Interconnection,US-MIDA-PJM,286.37,351.24,46.87,10.85,pjm.com,false,
2023-05-02 10:00:00,USA,PJM Interconnection,US-MIDA-PJM,293.9,361.25,44.99,11.24,pjm.com,false,
2023-05-02 11:00:00,USA,PJM Interconnection,US-MIDA-PJM,298.52,366.76,44.22,11.98,pjm.com,false,
2023-05-02 12:00:00,USA,PJM Interconnection,US-MIDA-PJM,294.94,363.26,44.48,12.64,pjm.com,false,
2023-05-02 13:00:00,USA,PJM Interconnection,US-MIDA-PJM,290.11,357.19,45.71,13.54,pjm.com,false,
2023-05-02 14:00:00,USA,PJM Interconnection,US-MIDA-PJM,285.64,351.36,46.98,14.43,pjm.com,false,
2023-05-02 15:00:00,USA,PJM Interconnection,US-MIDA-PJM,281.77,346.51,47.91,15.04,pjm.com,false,
2023-05-02 16:00:00,USA,PJM Interconnection,US-MIDA-PJM,279.6,343.72,48.49,15.47,pjm.com,false,
2023-05-02 17:00:00,USA,PJM Interconnection,US-MIDA-PJM,285.55,350.36,47.61,14.89,pjm.com,false,
2023-05-02 18:00:00,USA,PJM Interconnection,US-MIDA-PJM,283.56,348.71,47.45,14.4,pjm.com,false,
2023-05-02 19:00:00,USA,PJM Interconnection,US-MIDA-PJM,283.94,349.32,47.24,14.22,pjm.com,false,
2023-05-02 20:00:00,USA,PJM Interconnection,US-MIDA-PJM,289.49,355.25,46.62,13.82,pjm.com,false,
2023-05-02 21:00:00,USA,PJM Interconnection,US-MIDA-PJM,298.84,366.37,44.76,12.47,pjm.com,false,
2023-05-02 22:00:00,USA,PJM Interconnection,US-MIDA-PJM,303.65,372.33,43.54,11.23,pjm.com,false,
2023-05-02 23:00:00,USA,PJM Interconnection,US-MIDA-PJM,300.17,368.79,43.84,11.48,pjm.com,false,
2023-05-03 00:00:00,USA,PJM Interconnection,US-MIDA-PJM,305.28,374.92,42.92,11.01,pjm.com,false,
2023-05-03 01:00:00,USA,PJM Interconnection,US-MIDA-PJM,305.32,374.59,43.14,10.63,pjm.com,false,
2023-05-03 02:00:00,USA,PJM Interconnection,US-MIDA-PJM,304.45,373.33,43.25,9.33,pjm.com,false,
2023-05-03 03:00:00,USA,PJM Interconnection,US-MIDA-PJM,300.61,367.41,44.73,9.02,pjm.com,false,
2023-05-03 04:00:00,USA,PJM Interconnection,US-MIDA-PJM,292.34,357.53,46.3,9.11,pjm.com,false,
2023-05-03 05:00:00,USA,PJM Interconnection,US-MIDA-PJM,286.07,350.6,47.11,9.2,pjm.com,false,
2023-05-03 06:00:00,USA,PJM Interconnection,US-MIDA-PJM,288.44,353.72,46.44,9.04,pjm.com,false,
2023-05-03 07:00:00,USA,PJM Interconnection,US-MIDA-PJM,289.69,354.97,46.38,8.79,pjm.com,false,
2023-05-03 08:00:00,USA,PJM Interconnection,US-MIDA-PJM,289.31,354.55,46.48,8.85,pjm.com,false,
2023-05-03 09:00:00,USA,PJM Interconnection,US-MIDA-PJM,297.11,364.7,44.73,8.27,pjm.com,false,
2023-05-03 10:00:00,USA,PJM Interconnection,US-MIDA-PJM,303.96,373.96,42.92,9.25,pjm.com,false,
2023-05-03 11:00:00,USA,PJM Interconnection,US-MIDA-PJM,307.53,378.03,42.47,10.05,pjm.com,false,
2023-05-03 12:00:00,USA,PJM Interconnection,US-MIDA-PJM,312.93,384.7,41.3,9.7,pjm.com,false,
2023-05-03 13:00:00,USA,PJM Interconnection,US-MIDA-PJM,310.2,381.26,41.91,9.76,pjm.com,false,
2023-05-03 14:00:00,USA,PJM Interconnection,US-MIDA-PJM,309.27,380.23,42.06,9.57,pjm.com,false,
2023-05-03 15:00:00,USA,PJM Interconnection,US-MIDA-PJM,306.43,376.35,42.91,10.04,pjm.com,false,
2023-05-03 16:00:00,USA,PJM Interconnection,US-MIDA-PJM,307.07,376.33,43.2,9.92,pjm.com,false,
2023-05-03 17:00:00,USA,PJM Interconnection,US-MIDA-PJM,309.87,379.04,43.04,9.51,pjm.com,false,
2023-05-03 18:00:00,USA,PJM Interconnection,US-MIDA-PJM,308.68,378.12,42.89,9.22,pjm.com,false,
2023-05-03 19:00:00,USA,PJM Interconnection,US-MIDA-PJM,312.64,382.53,42.38,8.88,pjm.com,false,
2023-05-03 20:00:00,USA,PJM Interconnection,US-MIDA-PJM,307.92,377.41,42.94,9.14,pjm.com,false,
2023-05-03 21:00:00,USA,PJM Interconnection,US-MIDA-PJM,310.26,380.29,42.47,9.12,pjm.com,false,
2023-05-03 22:00:00,USA,PJM Interconnection,US-MIDA-PJM,315.32,386.17,41.5,8.31,pjm.com,false,
2023-05-03 23:00:00,USA,PJM Interconnection,US-MIDA-PJM,316.4,387.52,41.25,8.15,pjm.com,false,
2023-05-04 00:00:00,USA,PJM Interconnection,US-MIDA-PJM,318.65,390.05,41.03,8.49,pjm.com,false,
2023-05-04 01:00:00,USA,PJM Interconnection,US-MIDA-PJM,321.92,393.49,40.63,7.63,pjm.com,false,
2023-05-04 02:00:00,USA,PJM Interconnection,US-MIDA-PJM,328.01,399.87,39.92,5.59,pjm.com,false,
2023-05-04 03:00:00,USA,PJM Interconnection,US-MIDA-PJM,324.49,395.32,40.75,4.91,pjm.com,false,
2023-05-04 04:00:00,USA,PJM Interconnection,US-MIDA-PJM,311.1,379.89,42.95,5.31,pjm.com,false,
2023-05-04 05:00:00,USA,PJM Interconnection,US-MIDA-PJM,306.96,375.88,43.13,4.92,pjm.com,false,
2023-05-04 06:00:00,USA,PJM Interconnection,US-MIDA-PJM,305.25,374.02,43.35,4.97,pjm.com,false,
2023-05-04 07:00:00,USA,PJM Interconnection,US-MIDA-PJM,306.58,375.73,43.01,4.83,pjm.com,false,
2023-05-04 08:00:00,USA,PJM Interconnection,US-MIDA-PJM,308.67,378.41,42.48,4.5,pjm.com,false,
2023-05-04 09:00:00,USA,PJM Interconnection,US-MIDA-PJM,311.06,381.95,41.74,5.17,pjm.com,false,
2023-05-04 10:00:00,USA,PJM Interconnection,US-MIDA-PJM,309.82,381.3,41.85,7.57,pjm.com,false,
2023-05-04 11:00:00,USA,PJM Interconnection,US-MIDA-PJM,317.13,390.39,40.28,7.45,pjm.com,false,
2023-05-04 12:00:00,USA,PJM Interconnection,US-MIDA-PJM,322.71,396.14,40.01,7.19,pjm.com,false,
2023-05-04 13:00:00,USA,PJM Interconnection,US-MIDA-PJM,318.49,391.11,40.98,7.44,pjm.com,false,
2023-05-04 14:00:00,USA,PJM Interconnection,US-MIDA-PJM,315.35,387.51,41.57,7.9,pjm.com,false,
2023-05-04 15:00:00,USA,PJM Interconnection,US-MIDA-PJM,309.95,381.17,42.48,8.51,pjm.com,false,
2023-05-04 16:00:00,USA,PJM Interconnection,US-MIDA-PJM,312.52,383.93,42.29,8.13,pjm.com,false,
2023-05-04 17:00:00,USA,PJM Interconnection,US-MIDA-PJM,314.36,386.11,41.87,7.79,pjm.com,false,
2023-05-04 18:00:00,USA,PJM Interconnection,US-MIDA-PJM,314.68,386.63,41.69,7.74,pjm.com,false,
2023-05-04 19:00:00,USA,PJM Interconnection,US-MIDA-PJM,313.87,385.72,41.59,7.53,pjm.com,false,
2023-05-04 20:00:00,USA,PJM Interconnection,US-MIDA-PJM,315.41,387.66,41.23,7.2,pjm.com,false,
2023-05-04 21:00:00,USA,PJM Interconnection,US-MIDA-PJM,314.53,386.89,41.02,7.02,pjm.com,false,
2023-05-04 22:00:00,USA,PJM Interconnection,US-MIDA-PJM,317.56,390.53,40.42,6.64,pjm.com,false,
2023-05-04 23:00:00,USA,PJM Interconnection,US-MIDA-PJM,317.26,390.24,40.23,6.35,pjm.com,false,
2023-05-05 00:00:00,USA,PJM Interconnection,US-MIDA-PJM,319.81,392.93,39.86,6.57,pjm.com,false,
2023-05-05 01:00:00,USA,PJM Interconnection,US-MIDA-PJM,320.73,393.58,39.9,6.32,pjm.com,false,
2023-05-05 02:00:00,USA,PJM Interconnection,US-MIDA-PJM,316.41,387.88,40.86,6.0,pjm.com,false,
2023-05-05 03:00:00,USA,PJM Interconnection,US-MIDA-PJM,311.26,381.57,41.82,5.79,pjm.com,false,
2023-05-05 04:00:00,USA,PJM Interconnection,US-MIDA-PJM,299.58,367.93,43.9,6.84,pjm.com,false,
2023-05-05 05:00:00,USA,PJM Interconnection,US-MIDA-PJM,289.72,357.24,45.06,7.65,pjm.com,false,
2023-05-05 06:00:00,USA,PJM Interconnection,US-MIDA-PJM,289.75,356.94,45.29,7.99,pjm.com,false,
2023-05-05 07:00:00,USA,PJM Interconnection,US-MIDA-PJM,289.4,356.37,45.46,7.88,pjm.com,false,
2023-05-05 08:00:00,USA,PJM Interconnection,US-MIDA-PJM,291.03,358.66,44.93,7.83,pjm.com,false,
2023-05-05 09:00:00,USA,PJM Interconnection,US-MIDA-PJM,295.23,363.74,44.03,7.87,pjm.com,false,
2023-05-05 10:00:00,USA,PJM Interconnection,US-MIDA-PJM,299.03,368.86,42.99,8.67,pjm.com,false,
2023-05-05 11:00:00,USA,PJM Interconnection,US-MIDA-PJM,301.24,371.72,42.52,9.29,pjm.com,false,
2023-05-05 12:00:00,USA,PJM Interconnection,US-MIDA-PJM,297.11,367.07,43.48,10.24,pjm.com,false,
2023-05-05 13:00:00,USA,PJM Interconnection,US-MIDA-PJM,296.51,366.95,43.54,10.0,pjm.com,false,
2023-05-05 14:00:00,USA,PJM Interconnection,US-MIDA-PJM,290.79,360.06,44.51,10.9,pjm.com,false,
2023-05-05 15:00:00,USA,PJM Interconnection,US-MIDA-PJM,286.36,354.47,45.58,12.18,pjm.com,false,
2023-05-05 16:00:00,USA,PJM Interconnection,US-MIDA-PJM,288.29,356.51,45.41,12.2,pjm.com,false,
2023-05-05 17:00:00,USA,PJM Interconnection,US-MIDA-PJM,287.37,355.36,45.55,12.08,pjm.com,false,
2023-05-05 18:00:00,USA,PJM Interconnection,US-MIDA-PJM,288.21,356.47,45.23,11.72,pjm.com,false,
2023-05-05 19:00:00,USA,PJM Interconnection,US-MIDA-PJM,288.61,356.85,45.31,11.61,pjm.com,false,
2023-05-05 20:00:00,USA,PJM Interconnection,US-MIDA-PJM,288.37,356.62,45.43,11.92,pjm.com,false,
2023-05-05 21:00:00,USA,PJM Interconnection,US-MIDA-PJM,291.02,359.65,44.88,11.53,pjm.com,false,
2023-05-05 22:00:00,USA,PJM Interconnection,US-MIDA-PJM,295.58,364.51,44.23,10.49,pjm.com,false,
2023-05-05 23:00:00,USA,PJM Interconnection,US-MIDA-PJM,301.1,370.64,43.23,9.23,pjm.com,false,
2023-05-06 00:00:00,USA,PJM Interconnection,US-MIDA-PJM,304.75,374.69,42.69,8.98,pjm.com,false,
2023-05-06 01:00:00,USA,PJM Interconnection,US-MIDA-PJM,306.36,376.08,42.62,8.73,pjm.com,false,
2023-05-06 02:00:00,USA,PJM Interconnection,US-MIDA-PJM,300.53,369.43,43.45,8.67,pjm.com,false,
2023-05-06 03:00:00,USA,PJM Interconnection,US-MIDA-PJM,292.14,359.3,45.15,8.71,pjm.com,false,
2023-05-06 04:00:00,USA,PJM Interconnection,US-MIDA-PJM,284.51,349.57,46.88,8.5,pjm.com,false,
2023-05-06 05:00:00,USA,PJM Interconnection,US-MIDA-PJM,283.81,348.52,47.15,8.01,pjm.com,false,
2023-05-06 06:00:00,USA,PJM Interconnection,US-MIDA-PJM,280.12,344.22,47.82,7.46,pjm.com,false,
2023-05-06 07:00:00,USA,PJM Interconnection,US-MIDA-PJM,278.78,343.1,47.73,7.11,pjm.com,false,
2023-05-06 08:00:00,USA,PJM Interconnection,US-MIDA-PJM,279.11,343.58,47.6,6.93,pjm.com,false,
2023-05-06 09:00:00,USA,PJM Interconnection,US-MIDA-PJM,281.09,345.46,47.57,7.24,pjm.com,false,
2023-05-06 10:00:00,USA,PJM Interconnection,US-MIDA-PJM,279.81,344.1,47.69,8.17,pjm.com,false,
2023-05-06 11:00:00,USA,PJM Interconnection,US-MIDA-PJM,277.92,341.82,48.17,9.52,pjm.com,false,
2023-05-06 12:00:00,USA,PJM Interconnection,US-MIDA-PJM,275.38,338.97,48.96,11.03,pjm.com,false,
2023-05-06 13:00:00,USA,PJM Interconnection,US-MIDA-PJM,268.34,330.82,50.36,12.53,pjm.com,false,
2023-05-06 14:00:00,USA,PJM Interconnection,US-MIDA-PJM,269.36,332.55,49.85,12.69,pjm.com,false,
2023-05-06 15:00:00,USA,PJM Interconnection,US-MIDA-PJM,271.52,334.93,49.57,12.25,pjm.com,false,
2023-05-06 16:00:00,USA,PJM Interconnection,US-MIDA-PJM,268.36,331.04,50.04,12.4,pjm.com,false,
2023-05-06 17:00:00,USA,PJM Interconnection,US-MIDA-PJM,264.99,326.99,50.7,13.21,pjm.com,false,
2023-05-06 18:00:00,USA,PJM Interconnection,US-MIDA-PJM,266.19,328.26,50.53,13.65,pjm.com,false,
2023-05-06 19:00:00,USA,PJM Interconnection,US-MIDA-PJM,269.03,331.27,50.44,14.13,pjm.com,false,
2023-05-06 20:00:00,USA,PJM Interconnection,US-MIDA-PJM,273.88,336.83,49.71,14.11,pjm.com,false,
2023-05-06 21:00:00,USA,PJM Interconnection,US-MIDA-PJM,278.76,341.99,49.23,14.56,pjm.com,false,
2023-05-06 22:00:00,USA,PJM Interconnection,US-MIDA-PJM,280.13,343.94,48.62,14.09,pjm.com,false,
2023-05-06 23:00:00,USA,PJM Interconnection,US-MIDA-PJM,290.26,355.12,47.25,12.57,pjm.com,false,
2023-05-07 00:00:00,USA,PJM Interconnection,US-MIDA-PJM,302.4,368.96,45.38,10.81,pjm.com,false,
2023-05-07 01:00:00,USA,PJM Interconnection,US-MIDA-PJM,310.67,378.13,44.25,9.33,pjm.com,false,
2023-05-07 02:00:00,USA,PJM Interconnection,US-MIDA-PJM,306.48,373.35,44.69,8.36,pjm.com,false,
2023-05-07 03:00:00,USA,PJM Interconnection,US-MIDA-PJM,298.63,364.28,45.78,7.75,pjm.com,false,
2023-05-07 04:00:00,USA,PJM Interconnection,US-MIDA-PJM,285.5,348.78,48.09,8.26,pjm.com,false,
2023-05-07 05:00:00,USA,PJM Interconnection,US-MIDA-PJM,274.47,335.87,50.06,9.13,pjm.com,false,
2023-05-07 06:00:00,USA,PJM Interconnection,US-MIDA-PJM,277.76,340.03,49.25,8.14,pjm.com,false,
2023-05-07 07:00:00,USA,PJM Interconnection,US-MIDA-PJM,275.1,337.14,49.59,7.86,pjm.com,false,
2023-05-07 08:00:00,USA,PJM Interconnection,US-MIDA-PJM,277.82,340.46,49.02,7.03,pjm.com,false,
2023-05-07 09:00:00,USA,PJM Interconnection,US-MIDA-PJM,277.14,339.29,49.4,7.69,pjm.com,false,
2023-05-07 10:00:00,USA,PJM Interconnection,US-MIDA-PJM,286.9,350.38,47.93,6.39,pjm.com,false,
2023-05-07 11:00:00,USA,PJM Interconnection,US-MIDA-PJM,281.82,344.53,48.86,7.39,pjm.com,false,
2023-05-07 12:00:00,USA,PJM Interconnection,US-MIDA-PJM,274.59,337.05,49.7,9.47,pjm.com,false,
2023-05-07 13:00:00,USA,PJM Interconnection,US-MIDA-PJM,273.35,336.04,49.81,10.35,pjm.com,false,
2023-05-07 14:00:00,USA,PJM Interconnection,US-MIDA-PJM,277.65,341.06,49.16,9.88,pjm.com,false,
2023-05-07 15:00:00,USA,PJM Interconnection,US-MIDA-PJM,282.06,346.55,48.24,9.54,pjm.com,false,
2023-05-07 16:00:00,USA,PJM Interconnection,US-MIDA-PJM,286.82,351.5,47.85,9.84,pjm.com,false,
2023-05-07 17:00:00,USA,PJM Interconnection,US-MIDA-PJM,289.23,354.01,47.68,10.57,pjm.com,false,
2023-05-07 18:00:00,USA,PJM Interconnection,US-MIDA-PJM,297.92,364.84,45.61,9.27,pjm.com,false,
2023-05-07 19:00:00,USA,PJM Interconnection,US-MIDA-PJM,311.92,381.18,43.05,7.73,pjm.com,false,
2023-05-07 20:00:00,USA,PJM Interconnection,US-MIDA-PJM,312.29,382.04,42.71,8.39,pjm.com,false,
2023-05-07 21:00:00,USA,PJM Interconnection,US-MIDA-PJM,320.48,391.58,41.15,7.5,pjm.com,false,
2023-05-07 22:00:00,USA,PJM Interconnection,US-MIDA-PJM,312.91,382.86,42.2,8.67,pjm.com,false,
2023-05-07 23:00:00,USA,PJM Interconnection,US-MIDA-PJM,298.96,367.12,44.22,10.81,pjm.com,false,
2023-05-08 00:00:00,USA,PJM Interconnection,US-MIDA-PJM,298.94,367.24,44.18,10.93,pjm.com,false,
2023-05-08 01:00:00,USA,PJM Interconnection,US-MIDA-PJM,309.28,378.27,43.09,9.13,pjm.com,false,
2023-05-08 02:00:00,USA,PJM Interconnection,US-MIDA-PJM,305.81,373.02,44.43,8.79,pjm.com,false,
2023-05-08 03:00:00,USA,PJM Interconnection,US-MIDA-PJM,301.49,367.49,45.51,7.92,pjm.com,false,
2023-05-08 04:00:00,USA,PJM Interconnection,US-MIDA-PJM,290.77,353.88,47.97,8.35,pjm.com,false,
2023-05-08 05:00:00,USA,PJM Interconnection,US-MIDA-PJM,278.08,339.23,50.04,9.41,pjm.com,false,
2023-05-08 06:00:00,USA,PJM Interconnection,US-MIDA-PJM,270.0,330.0,51.3,10.22,pjm.com,false,
2023-05-08 07:00:00,USA,PJM Interconnection,US-MIDA-PJM,270.97,331.84,50.65,9.36,pjm.com,false,
2023-05-08 08:00:00,USA,PJM Interconnection,US-MIDA-PJM,281.12,343.94,48.71,7.73,pjm.com,false,
2023-05-08 09:00:00,USA,PJM Interconnection,US-MIDA-PJM,284.59,348.47,47.8,7.37,pjm.com,false,
2023-05-08 10:00:00,USA,PJM Interconnection,US-MIDA-PJM,292.01,358.64,45.62,7.38,pjm.com,false,
2023-05-08 11:00:00,USA,PJM Interconnection,US-MIDA-PJM,303.72,373.13,43.11,6.97,pjm.com,false,
2023-05-08 12:00:00,USA,PJM Interconnection,US-MIDA-PJM,306.25,375.77,43.02,8.21,pjm.com,false,
2023-05-08 13:00:00,USA,PJM Interconnection,US-MIDA-PJM,300.98,369.32,44.23,9.77,pjm.com,false,
2023-05-08 14:00:00,USA,PJM Interconnection,US-MIDA-PJM,309.44,379.48,42.63,8.95,pjm.com,false,
2023-05-08 15:00:00,USA,PJM Interconnection,US-MIDA-PJM,311.42,381.77,42.47,9.24,pjm.com,false,
2023-05-08 16:00:00,USA,PJM Interconnection,US-MIDA-PJM,315.59,386.14,42.19,9.53,pjm.com,false,
2023-05-08 17:00:00,USA,PJM Interconnection,US-MIDA-PJM,318.15,389.3,41.57,9.54,pjm.com,false,
2023-05-08 18:00:00,USA,PJM Interconnection,US-MIDA-PJM,317.91,389.0,41.62,9.78,pjm.com,false,
2023-05-08 19:00:00,USA,PJM Interconnection,US-MIDA-PJM,317.5,388.61,41.62,10.37,pjm.com,false,
2023-05-08 20:00:00,USA,PJM Interconnection,US-MIDA-PJM,317.67,388.93,41.51,10.77,pjm.com,false,
2023-05-08 21:00:00,USA,PJM Interconnection,US-MIDA-PJM,319.43,391.02,41.17,10.99,pjm.com,false,
2023-05-08 22:00:00,USA,PJM Interconnection,US-MIDA-PJM,321.37,393.6,40.46,10.46,pjm.com,false,
2023-05-08 23:00:00,USA,PJM Interconnection,US-MIDA-PJM,326.03,398.56,39.86,9.15,pjm.com,false,
2023-05-09 00:00:00,USA,PJM Interconnection,US-MIDA-PJM,327.31,399.82,39.8,8.97,pjm.com,false,
2023-05-09 01:00:00,USA,PJM Interconnection,US-MIDA-PJM,330.09,402.26,39.85,8.29,pjm.com,false,
2023-05-09 02:00:00,USA,PJM Interconnection,US-MIDA-PJM,336.11,408.08,39.54,6.26,pjm.com,false,
2023-05-09 03:00:00,USA,PJM Interconnection,US-MIDA-PJM,338.36,409.63,39.77,4.17,pjm.com,false,
2023-05-09 04:00:00,USA,PJM Interconnection,US-MIDA-PJM,337.24,407.43,40.67,3.51,pjm.com,false,
2023-05-09 05:00:00,USA,PJM Interconnection,US-MIDA-PJM,321.68,390.01,42.9,4.14,pjm.com,false,
2023-05-09 06:00:00,USA,PJM Interconnection,US-MIDA-PJM,310.9,378.22,44.22,4.63,pjm.com,false,
2023-05-09 07:00:00,USA,PJM Interconnection,US-MIDA-PJM,307.2,374.17,44.82,5.04,pjm.com,false,
2023-05-09 08:00:00,USA,PJM Interconnection,US-MIDA-PJM,308.22,375.59,44.64,4.98,pjm.com,false,
2023-05-09 09:00:00,USA,PJM Interconnection,US-MIDA-PJM,315.15,384.32,42.95,4.35,pjm.com,false,
2023-05-09 10:00:00,USA,PJM Interconnection,US-MIDA-PJM,329.51,401.58,40.04,3.52,pjm.com,false,
2023-05-09 11:00:00,USA,PJM Interconnection,US-MIDA-PJM,330.04,403.28,39.21,4.13,pjm.com,false,
2023-05-09 12:00:00,USA,PJM Interconnection,US-MIDA-PJM,327.11,400.24,39.47,5.16,pjm.com,false,
2023-05-09 13:00:00,USA,PJM Interconnection,US-MIDA-PJM,323.86,396.28,40.31,6.19,pjm.com,false,
2023-05-09 14:00:00,USA,PJM Interconnection,US-MIDA-PJM,328.36,401.39,39.72,6.26,pjm.com,false,
2023-05-09 15:00:00,USA,PJM Interconnection,US-MIDA-PJM,327.72,400.5,40.0,6.71,pjm.com,false,
2023-05-09 16:00:00,USA,PJM Interconnection,US-MIDA-PJM,327.99,400.66,39.98,6.9,pjm.com,false,
2023-05-09 17:00:00,USA,PJM Interconnection,US-MIDA-PJM,329.33,401.91,39.93,7.0,pjm.com,false,
2023-05-09 18:00:00,USA,PJM Interconnection,US-MIDA-PJM,326.62,398.56,40.43,7.42,pjm.com,false,
2023-05-09 19:00:00,USA,PJM Interconnection,US-MIDA-PJM,324.57,396.41,40.6,7.55,pjm.com,false,
2023-05-09 20:00:00,USA,PJM Interconnection,US-MIDA-PJM,314.03,384.38,42.38,9.52,pjm.com,false,
2023-05-09 21:00:00,USA,PJM Interconnection,US-MIDA-PJM,314.48,385.48,41.88,9.57,pjm.com,false,
2023-05-09 22:00:00,USA,PJM Interconnection,US-MIDA-PJM,319.65,391.73,40.71,8.35,pjm.com,false,
2023-05-09 23:00:00,USA,PJM Interconnection,US-MIDA-PJM,327.44,400.69,39.31,6.79,pjm.com,false,
2023-05-10 00:00:00,USA,PJM Interconnection,US-MIDA-PJM,328.84,402.46,38.92,6.29,pjm.com,false,
2023-05-10 01:00:00,USA,PJM Interconnection,US-MIDA-PJM,331.77,405.66,38.47,5.57,pjm.com,false,
2023-05-10 02:00:00,USA,PJM Interconnection,US-MIDA-PJM,332.11,404.98,39.01,4.33,pjm.com,false,
2023-05-10 03:00:00,USA,PJM Interconnection,US-MIDA-PJM,323.79,394.85,40.79,4.53,pjm.com,false,
2023-05-10 04:00:00,USA,PJM Interconnection,US-MIDA-PJM,313.39,382.02,42.86,4.38,pjm.com,false,
2023-05-10 05:00:00,USA,PJM Interconnection,US-MIDA-PJM,306.81,374.08,44.11,4.42,pjm.com,false,
2023-05-10 06:00:00,USA,PJM Interconnection,US-MIDA-PJM,303.29,370.59,44.29,4.57,pjm.com,false,
2023-05-10 07:00:00,USA,PJM Interconnection,US-MIDA-PJM,301.03,367.61,44.96,4.68,pjm.com,false,
2023-05-10 08:00:00,USA,PJM Interconnection,US-MIDA-PJM,301.3,368.4,44.56,4.49,pjm.com,false,
2023-05-10 09:00:00,USA,PJM Interconnection,US-MIDA-PJM,301.5,369.35,44.0,4.44,pjm.com,false,
2023-05-10 10:00:00,USA,PJM Interconnection,US-MIDA-PJM,310.77,381.29,41.86,4.69,pjm.com,false,
2023-05-10 11:00:00,USA,PJM Interconnection,US-MIDA-PJM,308.75,379.96,41.63,6.21,pjm.com,false,
2023-05-10 12:00:00,USA,PJM Interconnection,US-MIDA-PJM,303.41,373.75,42.76,7.89,pjm.com,false,
2023-05-10 13:00:00,USA,PJM Interconnection,US-MIDA-PJM,305.15,375.75,42.59,8.09,pjm.com,false,
2023-05-10 14:00:00,USA,PJM Interconnection,US-MIDA-PJM,305.98,376.6,42.6,8.36,pjm.com,false,
2023-05-10 15:00:00,USA,PJM Interconnection,US-MIDA-PJM,303.16,373.32,43.17,8.95,pjm.com,false,
2023-05-10 16:00:00,USA,PJM Interconnection,US-MIDA-PJM,299.85,369.57,43.71,9.82,pjm.com,false,
2023-05-10 17:00:00,USA,PJM Interconnection,US-MIDA-PJM,303.56,374.2,43.02,9.62,pjm.com,false,
2023-05-10 18:00:00,USA,PJM Interconnection,US-MIDA-PJM,306.23,377.33,42.52,9.25,pjm.com,false,
2023-05-10 19:00:00,USA,PJM Interconnection,US-MIDA-PJM,307.86,378.72,42.34,9.13,pjm.com,false,
2023-05-10 20:00:00,USA,PJM Interconnection,US-MIDA-PJM,308.89,380.18,42.0,9.54,pjm.com,false,
2023-05-10 21:00:00,USA,PJM Interconnection,US-MIDA-PJM,309.4,381.17,41.58,9.57,pjm.com,false,
2023-05-10 22:00:00,USA,PJM Interconnection,US-MIDA-PJM,315.99,388.83,40.38,8.76,pjm.com,false,
2023-05-10 23:00:00,USA,PJM Interconnection,US-MIDA-PJM,324.97,398.78,38.98,6.87,pjm.com,false,
2023-05-11 00:00:00,USA,PJM Interconnection,US-MIDA-PJM,327.2,401.21,38.66,6.26,pjm.com,false,
2023-05-11 01:00:00,USA,PJM Interconnection,US-MIDA-PJM,330.12,404.17,38.37,5.44,pjm.com,false,
2023-05-11 02:00:00,USA,PJM Interconnection,US-MIDA-PJM,327.34,400.38,39.1,4.79,pjm.com,false,
2023-05-11 03:00:00,USA,PJM Interconnection,US-MIDA-PJM,320.07,391.33,40.76,4.82,pjm.com,false,
2023-05-11 04:00:00,USA,PJM Interconnection,US-MIDA-PJM,313.57,382.51,42.61,4.74,pjm.com,false,
2023-05-11 05:00:00,USA,PJM Interconnection,US-MIDA-PJM,306.68,374.14,44.0,5.02,pjm.com,false,
2023-05-11 06:00:00,USA,PJM Interconnection,US-MIDA-PJM,303.52,370.58,44.46,4.86,pjm.com,false,
2023-05-11 07:00:00,USA,PJM Interconnection,US-MIDA-PJM,300.15,366.88,44.89,4.79,pjm.com,false,
2023-05-11 08:00:00,USA,PJM Interconnection,US-MIDA-PJM,301.37,368.79,44.3,4.58,pjm.com,false,
2023-05-11 09:00:00,USA,PJM Interconnection,US-MIDA-PJM,306.27,374.97,43.11,4.57,pjm.com,false,
2023-05-11 10:00:00,USA,PJM Interconnection,US-MIDA-PJM,314.23,385.49,41.13,4.64,pjm.com,false,
2023-05-11 11:00:00,USA,PJM Interconnection,US-MIDA-PJM,311.31,382.94,41.05,5.85,pjm.com,false,
2023-05-11 12:00:00,USA,PJM Interconnection,US-MIDA-PJM,306.83,377.55,42.14,7.56,pjm.com,false,
2023-05-11 13:00:00,USA,PJM Interconnection,US-MIDA-PJM,310.01,381.06,42.01,7.64,pjm.com,false,
2023-05-11 14:00:00,USA,PJM Interconnection,US-MIDA-PJM,311.32,382.56,41.93,7.79,pjm.com,false,
2023-05-11 15:00:00,USA,PJM Interconnection,US-MIDA-PJM,310.7,381.72,42.11,8.41,pjm.com,false,
2023-05-11 16:00:00,USA,PJM Interconnection,US-MIDA-PJM,312.47,384.25,41.5,8.45,pjm.com,false,
2023-05-11 17:00:00,USA,PJM Interconnection,US-MIDA-PJM,312.15,383.82,41.69,9.61,pjm.com,false,
2023-05-11 18:00:00,USA,PJM Interconnection,US-MIDA-PJM,314.48,386.32,41.47,9.93,pjm.com,false,
2023-05-11 19:00:00,USA,PJM Interconnection,US-MIDA-PJM,316.84,389.23,40.91,9.85,pjm.com,false,
2023-05-11 20:00:00,USA,PJM Interconnection,US-MIDA-PJM,316.59,389.42,40.61,10.49,pjm.com,false,
2023-05-11 21:00:00,USA,PJM Interconnection,US-MIDA-PJM,318.23,391.76,39.99,10.38,pjm.com,false,
2023-05-11 22:00:00,USA,PJM Interconnection,US-MIDA-PJM,322.05,396.35,39.13,9.42,pjm.com,false,
2023-05-11 23:00:00,USA,PJM Interconnection,US-MIDA-PJM,330.23,405.65,37.72,7.74,pjm.com,false,
2023-05-12 00:00:00,USA,PJM Interconnection,US-MIDA-PJM,334.23,410.13,37.08,6.67,pjm.com,false,
2023-05-12 01:00:00,USA,PJM Interconnection,US-MIDA-PJM,339.68,416.2,36.22,5.32,pjm.com,false,
2023-05-12 02:00:00,USA,PJM Interconnection,US-MIDA-PJM,337.55,412.75,37.02,4.29,pjm.com,false,
2023-05-12 03:00:00,USA,PJM Interconnection,US-MIDA-PJM,329.02,401.77,39.25,4.26,pjm.com,false,
2023-05-12 04:00:00,USA,PJM Interconnection,US-MIDA-PJM,321.04,392.64,40.56,4.36,pjm.com,false,
2023-05-12 05:00:00,USA,PJM Interconnection,US-MIDA-PJM,319.92,391.46,40.6,4.3,pjm.com,false,
2023-05-12 06:00:00,USA,PJM Interconnection,US-MIDA-PJM,308.73,378.72,42.09,4.27,pjm.com,false,
2023-05-12 07:00:00,USA,PJM Interconnection,US-MIDA-PJM,307.27,377.38,42.05,4.17,pjm.com,false,
2023-05-12 08:00:00,USA,PJM Interconnection,US-MIDA-PJM,307.17,377.26,42.07,4.17,pjm.com,false,
2023-05-12 09:00:00,USA,PJM Interconnection,US-MIDA-PJM,310.81,381.65,41.37,3.67,pjm.com,false,
2023-05-12 10:00:00,USA,PJM Interconnection,US-MIDA-PJM,321.15,394.7,39.14,3.01,pjm.com,false,
2023-05-12 11:00:00,USA,PJM Interconnection,US-MIDA-PJM,319.96,393.95,38.93,4.29,pjm.com,false,
2023-05-12 12:00:00,USA,PJM Interconnection,US-MIDA-PJM,317.79,391.65,39.39,5.99,pjm.com,false,
2023-05-12 13:00:00,USA,PJM Interconnection,US-MIDA-PJM,317.78,391.84,39.52,6.81,pjm.com,false,
2023-05-12 14:00:00,USA,PJM Interconnection,US-MIDA-PJM,322.49,397.53,38.88,7.07,pjm.com,false,
2023-05-12 15:00:00,USA,PJM Interconnection,US-MIDA-PJM,322.61,397.91,39.08,8.11,pjm.com,false,
2023-05-12 16:00:00,USA,PJM Interconnection,US-MIDA-PJM,327.14,403.0,38.35,8.47,pjm.com,false,
2023-05-12 17:00:00,USA,PJM Interconnection,US-MIDA-PJM,325.72,401.95,38.04,8.83,pjm.com,false,
2023-05-12 18:00:00,USA,PJM Interconnection,US-MIDA-PJM,327.39,404.18,37.63,8.87,pjm.com,false,
2023-05-12 19:00:00,USA,PJM Interconnection,US-MIDA-PJM,327.35,404.1,37.63,9.0,pjm.com,false,
2023-05-12 20:00:00,USA,PJM Interconnection,US-MIDA-PJM,327.94,404.75,37.56,9.12,pjm.com,false,
2023-05-12 21:00:00,USA,PJM Interconnection,US-MIDA-PJM,329.23,406.38,37.25,8.74,pjm.com,false,
2023-05-12 22:00:00,USA,PJM Interconnection,US-MIDA-PJM,330.91,408.53,36.73,7.94,pjm.com,false,
2023-05-12 23:00:00,USA,PJM Interconnection,US-MIDA-PJM,334.56,412.69,35.95,6.47,pjm.com,false,
2023-05-13 00:00:00,USA,PJM Interconnection,US-MIDA-PJM,336.18,414.18,35.83,5.94,pjm.com,false,
2023-05-13 01:00:00,USA,PJM Interconnection,US-MIDA-PJM,340.4,418.38,35.4,4.8,pjm.com,false,
2023-05-13 02:00:00,USA,PJM Interconnection,US-MIDA-PJM,341.13,417.79,36.06,3.62,pjm.com,false,
2023-05-13 03:00:00,USA,PJM Interconnection,US-MIDA-PJM,341.14,416.34,37.17,3.22,pjm.com,false,
2023-05-13 04:00:00,USA,PJM Interconnection,US-MIDA-PJM,332.16,405.63,38.98,2.81,pjm.com,false,
2023-05-13 05:00:00,USA,PJM Interconnection,US-MIDA-PJM,320.07,392.33,40.56,2.4,pjm.com,false,
2023-05-13 06:00:00,USA,PJM Interconnection,US-MIDA-PJM,307.26,378.22,42.13,2.45,pjm.com,false,
2023-05-13 07:00:00,USA,PJM Interconnection,US-MIDA-PJM,306.95,377.91,42.0,2.06,pjm.com,false,
2023-05-13 08:00:00,USA,PJM Interconnection,US-MIDA-PJM,305.74,376.55,42.22,2.26,pjm.com,false,
2023-05-13 09:00:00,USA,PJM Interconnection,US-MIDA-PJM,305.09,375.78,42.29,2.35,pjm.com,false,
2023-05-13 10:00:00,USA,PJM Interconnection,US-MIDA-PJM,305.28,376.04,42.21,2.41,pjm.com,false,
2023-05-13 11:00:00,USA,PJM Interconnection,US-MIDA-PJM,305.86,376.99,42.01,3.18,pjm.com,false,
2023-05-13 12:00:00,USA,PJM Interconnection,US-MIDA-PJM,307.96,380.25,41.4,4.08,pjm.com,false,
2023-05-13 13:00:00,USA,PJM Interconnection,US-MIDA-PJM,312.28,385.91,40.23,4.56,pjm.com,false,
2023-05-13 14:00:00,USA,PJM Interconnection,US-MIDA-PJM,315.76,389.93,39.64,5.03,pjm.com,false,
2023-05-13 15:00:00,USA,PJM Interconnection,US-MIDA-PJM,316.97,391.36,39.5,5.41,pjm.com,false,
2023-05-13 16:00:00,USA,PJM Interconnection,US-MIDA-PJM,314.8,388.8,39.92,6.24,pjm.com,false,
2023-05-13 17:00:00,USA,PJM Interconnection,US-MIDA-PJM,314.43,388.41,39.95,6.86,pjm.com,false,
2023-05-13 18:00:00,USA,PJM Interconnection,US-MIDA-PJM,311.91,385.6,40.17,7.07,pjm.com,false,
2023-05-13 19:00:00,USA,PJM Interconnection,US-MIDA-PJM,308.81,382.0,40.74,7.69,pjm.com,false,
2023-05-13 20:00:00,USA,PJM Interconnection,US-MIDA-PJM,308.4,381.48,41.04,7.96,pjm.com,false,
2023-05-13 21:00:00,USA,PJM Interconnection,US-MIDA-PJM,305.62,378.36,41.42,8.58,pjm.com,false,
2023-05-13 22:00:00,USA,PJM Interconnection,US-MIDA-PJM,310.21,383.52,40.64,7.79,pjm.com,false,
2023-05-13 23:00:00,USA,PJM Interconnection,US-MIDA-PJM,313.51,387.05,40.12,6.95,pjm.com,false,
2023-05-14 00:00:00,USA,PJM Interconnection,US-MIDA-PJM,314.65,388.87,39.54,6.25,pjm.com,false,
2023-05-14 01:00:00,USA,PJM Interconnection,US-MIDA-PJM,316.81,391.36,39.01,5.43,pjm.com,false,
2023-05-14 02:00:00,USA,PJM Interconnection,US-MIDA-PJM,313.69,387.09,39.87,5.02,pjm.com,false,
2023-05-14 03:00:00,USA,PJM Interconnection,US-MIDA-PJM,307.4,378.71,41.53,5.16,pjm.com,false,
2023-05-14 04:00:00,USA,PJM Interconnection,US-MIDA-PJM,296.27,364.38,43.91,5.78,pjm.com,false,
2023-05-14 05:00:00,USA,PJM Interconnection,US-MIDA-PJM,289.63,356.2,45.42,5.79,pjm.com,false,
2023-05-14 06:00:00,USA,PJM Interconnection,US-MIDA-PJM,284.24,349.33,46.81,5.94,pjm.com,false,
2023-05-14 07:00:00,USA,PJM Interconnection,US-MIDA-PJM,278.88,342.81,47.94,6.36,pjm.com,false,
2023-05-14 08:00:00,USA,PJM Interconnection,US-MIDA-PJM,276.14,339.39,48.59,6.53,pjm.com,false,
2023-05-14 09:00:00,USA,PJM Interconnection,US-MIDA-PJM,275.45,338.59,48.71,6.61,pjm.com,false,
2023-05-14 10:00:00,USA,PJM Interconnection,US-MIDA-PJM,273.17,335.7,49.28,7.24,pjm.com,false,
2023-05-14 11:00:00,USA,PJM Interconnection,US-MIDA-PJM,268.89,330.88,49.96,8.52,pjm.com,false,
2023-05-14 12:00:00,USA,PJM Interconnection,US-MIDA-PJM,266.18,328.15,50.33,10.27,pjm.com,false,
2023-05-14 13:00:00,USA,PJM Interconnection,US-MIDA-PJM,269.58,332.71,49.48,10.87,pjm.com,false,
2023-05-14 14:00:00,USA,PJM Interconnection,US-MIDA-PJM,271.41,334.96,49.22,11.31,pjm.com,false,
2023-05-14 15:00:00,USA,PJM Interconnection,US-MIDA-PJM,271.56,335.15,49.36,12.08,pjm.com,false,
2023-05-14 16:00:00,USA,PJM Interconnection,US-MIDA-PJM,271.46,335.29,49.25,12.41,pjm.com,false,
2023-05-14 17:00:00,USA,PJM Interconnection,US-MIDA-PJM,274.22,338.9,48.55,12.46,pjm.com,false,
2023-05-14 18:00:00,USA,PJM Interconnection,US-MIDA-PJM,275.92,340.92,48.2,12.52,pjm.com,false,
2023-05-14 19:00:00,USA,PJM Interconnection,US-MIDA-PJM,275.6,340.49,48.26,13.08,pjm.com,false,
2023-05-14 20:00:00,USA,PJM Interconnection,US-MIDA-PJM,275.95,341.45,47.79,13.7,pjm.com,false,
2023-05-14 21:00:00,USA,PJM Interconnection,US-MIDA-PJM,281.87,348.55,46.52,13.14,pjm.com,false,
2023-05-14 22:00:00,USA,PJM Interconnection,US-MIDA-PJM,290.65,358.26,45.17,11.99,pjm.com,false,
2023-05-14 23:00:00,USA,PJM Interconnection,US-MIDA-PJM,295.68,363.75,44.44,11.04,pjm.com,false,
2023-05-15 00:00:00,USA,PJM Interconnection,US-MIDA-PJM,298.38,366.76,43.95,10.38,pjm.com,false,
2023-05-15 01:00:00,USA,PJM Interconnection,US-MIDA-PJM,301.02,369.76,43.49,9.52,pjm.com,false,
2023-05-15 02:00:00,USA,PJM Interconnection,US-MIDA-PJM,298.28,366.55,43.9,8.3,pjm.com,false,
2023-05-15 03:00:00,USA,PJM Interconnection,US-MIDA-PJM,292.24,359.4,44.92,7.76,pjm.com,false,
2023-05-15 04:00:00,USA,PJM Interconnection,US-MIDA-PJM,281.07,346.36,46.78,7.83,pjm.com,false,
2023-05-15 05:00:00,USA,PJM Interconnection,US-MIDA-PJM,279.03,344.18,47.01,7.13,pjm.com,false,
2023-05-15 06:00:00,USA,PJM Interconnection,US-MIDA-PJM,278.87,343.96,47.06,6.36,pjm.com,false,
2023-05-15 07:00:00,USA,PJM Interconnection,US-MIDA-PJM,277.03,341.66,47.5,5.93,pjm.com,false,
2023-05-15 08:00:00,USA,PJM Interconnection,US-MIDA-PJM,277.19,341.92,47.4,5.8,pjm.com,false,
2023-05-15 09:00:00,USA,PJM Interconnection,US-MIDA-PJM,282.09,348.03,46.3,5.46,pjm.com,false,
2023-05-15 10:00:00,USA,PJM Interconnection,US-MIDA-PJM,291.04,359.82,43.99,4.93,pjm.com,false,
2023-05-15 11:00:00,USA,PJM Interconnection,US-MIDA-PJM,301.03,371.69,42.18,5.01,pjm.com,false,
2023-05-15 12:00:00,USA,PJM Interconnection,US-MIDA-PJM,305.39,376.35,41.96,5.4,pjm.com,false,
2023-05-15 13:00:00,USA,PJM Interconnection,US-MIDA-PJM,308.86,380.84,41.16,5.09,pjm.com,false,
2023-05-15 14:00:00,USA,PJM Interconnection,US-MIDA-PJM,308.46,380.75,41.01,5.38,pjm.com,false,
2023-05-15 15:00:00,USA,PJM Interconnection,US-MIDA-PJM,308.24,380.9,40.94,5.76,pjm.com,false,
2023-05-15 16:00:00,USA,PJM Interconnection,US-MIDA-PJM,308.06,380.88,41.12,6.22,pjm.com,false,
2023-05-15 17:00:00,USA,PJM Interconnection,US-MIDA-PJM,311.69,385.47,40.26,6.23,pjm.com,false,
2023-05-15 18:00:00,USA,PJM Interconnection,US-MIDA-PJM,311.95,385.38,40.49,6.58,pjm.com,false,
2023-05-15 19:00:00,USA,PJM Interconnection,US-MIDA-PJM,313.29,387.21,40.38,7.26,pjm.com,false,
2023-05-15 20:00:00,USA,PJM Interconnection,US-MIDA-PJM,312.81,387.4,39.92,7.44,pjm.com,false,
2023-05-15 21:00:00,USA,PJM Interconnection,US-MIDA-PJM,316.36,391.98,38.88,6.92,pjm.com,false,
2023-05-15 22:00:00,USA,PJM Interconnection,US-MIDA-PJM,318.28,394.43,38.15,6.3,pjm.com,false,
2023-05-15 23:00:00,USA,PJM Interconnection,US-MIDA-PJM,319.95,396.31,37.81,5.63,pjm.com,false,
2023-05-16 00:00:00,USA,PJM Interconnection,US-MIDA-PJM,319.47,395.33,38.22,5.77,pjm.com,false,
2023-05-16 01:00:00,USA,PJM Interconnection,US-MIDA-PJM,323.09,398.67,38.1,5.06,pjm.com,false,
2023-05-16 02:00:00,USA,PJM Interconnection,US-MIDA-PJM,323.32,397.92,38.67,3.54,pjm.com,false,
2023-05-16 03:00:00,USA,PJM Interconnection,US-MIDA-PJM,321.76,394.66,39.91,2.41,pjm.com,false,
2023-05-16 04:00:00,USA,PJM Interconnection,US-MIDA-PJM,310.55,381.24,41.39,2.08,pjm.com,false,
2023-05-16 05:00:00,USA,PJM Interconnection,US-MIDA-PJM,300.58,370.18,42.61,2.14,pjm.com,false,
2023-05-16 06:00:00,USA,PJM Interconnection,US-MIDA-PJM,293.23,361.97,43.64,2.16,pjm.com,false,
2023-05-16 07:00:00,USA,PJM Interconnection,US-MIDA-PJM,289.02,357.0,44.44,2.28,pjm.com,false,
2023-05-16 08:00:00,USA,PJM Interconnection,US-MIDA-PJM,288.79,356.89,44.38,2.43,pjm.com,false,
2023-05-16 09:00:00,USA,PJM Interconnection,US-MIDA-PJM,294.84,364.02,43.32,2.35,pjm.com,false,
2023-05-16 10:00:00,USA,PJM Interconnection,US-MIDA-PJM,303.54,375.03,41.47,2.43,pjm.com,false,
2023-05-16 11:00:00,USA,PJM Interconnection,US-MIDA-PJM,309.85,382.72,40.09,2.79,pjm.com,false,
2023-05-16 12:00:00,USA,PJM Interconnection,US-MIDA-PJM,317.45,391.18,39.13,2.99,pjm.com,false,
2023-05-16 13:00:00,USA,PJM Interconnection,US-MIDA-PJM,319.82,393.84,38.9,3.37,pjm.com,false,
2023-05-16 14:00:00,USA,PJM Interconnection,US-MIDA-PJM,320.61,395.11,38.63,4.32,pjm.com,false,
2023-05-16 15:00:00,USA,PJM Interconnection,US-MIDA-PJM,313.15,386.34,40.07,6.41,pjm.com,false,
2023-05-16 16:00:00,USA,PJM Interconnection,US-MIDA-PJM,311.33,384.56,40.18,7.15,pjm.com,false,
2023-05-16 17:00:00,USA,PJM Interconnection,US-MIDA-PJM,309.1,382.25,40.41,7.79,pjm.com,false,
2023-05-16 18:00:00,USA,PJM Interconnection,US-MIDA-PJM,311.81,385.14,40.17,8.2,pjm.com,false,
2023-05-16 19:00:00,USA,PJM Interconnection,US-MIDA-PJM,312.56,385.55,40.34,8.5,pjm.com,false,
2023-05-16 20:00:00,USA,PJM Interconnection,US-MIDA-PJM,314.42,387.92,39.79,8.23,pjm.com,false,
2023-05-16 21:00:00,USA,PJM Interconnection,US-MIDA-PJM,313.99,387.46,39.83,8.58,pjm.com,false,
2023-05-16 22:00:00,USA,PJM Interconnection,US-MIDA-PJM,317.4,391.51,39.13,7.87,pjm.com,false,
2023-05-16 23:00:00,USA,PJM Interconnection,US-MIDA-PJM,320.14,394.34,38.85,7.15,pjm.com,false,
2023-05-17 00:00:00,USA,PJM Interconnection,US-MIDA-PJM,321.72,395.9,38.78,6.8,pjm.com,false,
2023-05-17 01:00:00,USA,PJM Interconnection,US-MIDA-PJM,323.16,397.44,38.49,5.87,pjm.com,false,
2023-05-17 02:00:00,USA,PJM Interconnection,US-MIDA-PJM,316.49,389.0,39.97,5.38,pjm.com,false,
2023-05-17 03:00:00,USA,PJM Interconnection,US-MIDA-PJM,307.82,377.04,42.59,5.78,pjm.com,false,
2023-05-17 04:00:00,USA,PJM Interconnection,US-MIDA-PJM,295.43,361.94,45.16,5.99,pjm.com,false,
2023-05-17 05:00:00,USA,PJM Interconnection,US-MIDA-PJM,291.22,356.97,45.95,6.05,pjm.com,false,
2023-05-17 06:00:00,USA,PJM Interconnection,US-MIDA-PJM,286.42,351.25,46.9,6.21,pjm.com,false,
2023-05-17 07:00:00,USA,PJM Interconnection,US-MIDA-PJM,283.93,348.46,47.27,5.94,pjm.com,false,
2023-05-17 08:00:00,USA,PJM Interconnection,US-MIDA-PJM,280.6,344.81,47.67,6.03,pjm.com,false,
2023-05-17 09:00:00,USA,PJM Interconnection,US-MIDA-PJM,281.3,346.54,46.86,6.16,pjm.com,false,
2023-05-17 10:00:00,USA,PJM Interconnection,US-MIDA-PJM,288.32,355.58,45.01,6.15,pjm.com,false,
2023-05-17 11:00:00,USA,PJM Interconnection,US-MIDA-PJM,299.83,368.15,43.73,6.76,pjm.com,false,
2023-05-17 12:00:00,USA,PJM Interconnection,US-MIDA-PJM,299.43,366.96,44.54,8.09,pjm.com,false,
2023-05-17 13:00:00,USA,PJM Interconnection,US-MIDA-PJM,296.67,364.03,44.94,9.23,pjm.com,false,
2023-05-17 14:00:00,USA,PJM Interconnection,US-MIDA-PJM,296.58,364.16,44.85,9.28,pjm.com,false,
2023-05-17 15:00:00,USA,PJM Interconnection,US-MIDA-PJM,299.62,367.94,44.24,8.88,pjm.com,false,
2023-05-17 16:00:00,USA,PJM Interconnection,US-MIDA-PJM,301.26,370.12,43.94,8.87,pjm.com,false,
2023-05-17 17:00:00,USA,PJM Interconnection,US-MIDA-PJM,303.02,372.39,43.58,8.61,pjm.com,false,
2023-05-17 18:00:00,USA,PJM Interconnection,US-MIDA-PJM,302.76,372.14,43.52,8.43,pjm.com,false,
2023-05-17 19:00:00,USA,PJM Interconnection,US-MIDA-PJM,299.19,368.19,44.0,9.13,pjm.com,false,
2023-05-17 20:00:00,USA,PJM Interconnection,US-MIDA-PJM,300.7,370.2,43.61,9.4,pjm.com,false,
2023-05-17 21:00:00,USA,PJM Interconnection,US-MIDA-PJM,300.36,370.09,43.42,9.35,pjm.com,false,
2023-05-17 22:00:00,USA,PJM Interconnection,US-MIDA-PJM,306.06,376.7,42.29,8.45,pjm.com,false,
2023-05-17 23:00:00,USA,PJM Interconnection,US-MIDA-PJM,311.16,381.86,41.82,7.29,pjm.com,false,
2023-05-18 00:00:00,USA,PJM Interconnection,US-MIDA-PJM,310.93,381.27,42.08,7.55,pjm.com,false,
2023-05-18 01:00:00,USA,PJM Interconnection,US-MIDA-PJM,310.19,380.23,42.31,7.85,pjm.com,false,
2023-05-18 02:00:00,USA,PJM Interconnection,US-MIDA-PJM,306.11,374.61,43.36,7.14,pjm.com,false,
2023-05-18 03:00:00,USA,PJM Interconnection,US-MIDA-PJM,300.52,367.77,44.38,6.2,pjm.com,false,
2023-05-18 04:00:00,USA,PJM Interconnection,US-MIDA-PJM,290.67,356.0,46.29,6.24,pjm.com,false,
2023-05-18 05:00:00,USA,PJM Interconnection,US-MIDA-PJM,284.62,348.63,47.59,6.58,pjm.com,false,
2023-05-18 06:00:00,USA,PJM Interconnection,US-MIDA-PJM,283.12,346.81,47.92,6.59,pjm.com,false,
2023-05-18 07:00:00,USA,PJM Interconnection,US-MIDA-PJM,278.64,341.97,48.43,6.53,pjm.com,false,
2023-05-18 08:00:00,USA,PJM Interconnection,US-MIDA-PJM,276.08,339.59,48.41,6.85,pjm.com,false,
2023-05-18 09:00:00,USA,PJM Interconnection,US-MIDA-PJM,280.41,345.31,47.18,6.9,pjm.com,false,
2023-05-18 10:00:00,USA,PJM Interconnection,US-MIDA-PJM,285.79,352.32,45.79,7.15,pjm.com,false,
2023-05-18 11:00:00,USA,PJM Interconnection,US-MIDA-PJM,295.66,362.91,45.03,7.96,pjm.com,false,
2023-05-18 12:00:00,USA,PJM Interconnection,US-MIDA-PJM,297.66,364.88,45.2,8.65,pjm.com,false,
2023-05-18 13:00:00,USA,PJM Interconnection,US-MIDA-PJM,299.14,366.88,44.86,8.61,pjm.com,false,
2023-05-18 14:00:00,USA,PJM Interconnection,US-MIDA-PJM,303.33,372.07,44.09,8.05,pjm.com,false,
2023-05-18 15:00:00,USA,PJM Interconnection,US-MIDA-PJM,301.72,370.72,43.83,7.78,pjm.com,false,
2023-05-18 16:00:00,USA,PJM Interconnection,US-MIDA-PJM,301.6,370.71,43.82,7.75,pjm.com,false,
2023-05-18 17:00:00,USA,PJM Interconnection,US-MIDA-PJM,303.63,372.89,43.61,7.82,pjm.com,false,
2023-05-18 18:00:00,USA,PJM Interconnection,US-MIDA-PJM,304.3,373.83,43.37,7.58,pjm.com,false,
2023-05-18 19:00:00,USA,PJM Interconnection,US-MIDA-PJM,306.09,376.18,42.83,7.39,pjm.com,false,
2023-05-18 20:00:00,USA,PJM Interconnection,US-MIDA-PJM,305.22,374.77,43.22,8.14,pjm.com,false,
2023-05-18 21:00:00,USA,PJM Interconnection,US-MIDA-PJM,307.72,377.75,42.71,8.08,pjm.com,false,
2023-05-18 22:00:00,USA,PJM Interconnection,US-MIDA-PJM,313.28,384.08,41.62,7.13,pjm.com,false,
2023-05-18 23:00:00,USA,PJM Interconnection,US-MIDA-PJM,317.31,388.83,40.78,6.18,pjm.com,false,
2023-05-19 00:00:00,USA,PJM Interconnection,US-MIDA-PJM,318.1,389.84,40.52,6.12,pjm.com,false,
2023-05-19 01:00:00,USA,PJM Interconnection,US-MIDA-PJM,315.34,386.51,40.97,6.49,pjm.com,false,
2023-05-19 02:00:00,USA,PJM Interconnection,US-MIDA-PJM,308.28,377.74,42.43,6.48,pjm.com,false,
2023-05-19 03:00:00,USA,PJM Interconnection,US-MIDA-PJM,296.14,363.36,44.56,7.07,pjm.com,false,
2023-05-19 04:00:00,USA,PJM Interconnection,US-MIDA-PJM,281.46,346.34,47.04,7.51,pjm.com,false,
2023-05-19 05:00:00,USA,PJM Interconnection,US-MIDA-PJM,276.34,339.58,48.54,7.74,pjm.com,false,
2023-05-19 06:00:00,USA,PJM Interconnection,US-MIDA-PJM,275.16,337.42,49.36,8.03,pjm.com,false,
2023-05-19 07:00:00,USA,PJM Interconnection,US-MIDA-PJM,271.82,333.24,50.13,8.61,pjm.com,false,
2023-05-19 08:00:00,USA,PJM Interconnection,US-MIDA-PJM,269.6,331.27,50.05,8.93,pjm.com,false,
2023-05-19 09:00:00,USA,PJM Interconnection,US-MIDA-PJM,274.44,337.16,49.07,8.67,pjm.com,false,
2023-05-19 10:00:00,USA,PJM Interconnection,US-MIDA-PJM,284.39,349.35,47.15,8.09,pjm.com,false,
2023-05-19 11:00:00,USA,PJM Interconnection,US-MIDA-PJM,294.82,362.17,44.95,7.66,pjm.com,false,
2023-05-19 12:00:00,USA,PJM Interconnection,US-MIDA-PJM,296.55,365.24,43.92,7.64,pjm.com,false,
2023-05-19 13:00:00,USA,PJM Interconnection,US-MIDA-PJM,294.9,363.76,43.96,8.2,pjm.com,false,
2023-05-19 14:00:00,USA,PJM Interconnection,US-MIDA-PJM,293.0,361.35,44.66,9.19,pjm.com,false,
2023-05-19 15:00:00,USA,PJM Interconnection,US-MIDA-PJM,293.33,361.38,44.87,9.93,pjm.com,false,
2023-05-19 16:00:00,USA,PJM Interconnection,US-MIDA-PJM,296.1,364.53,44.5,10.05,pjm.com,false,
2023-05-19 17:00:00,USA,PJM Interconnection,US-MIDA-PJM,292.12,359.85,45.24,11.23,pjm.com,false,
2023-05-19 18:00:00,USA,PJM Interconnection,US-MIDA-PJM,291.84,359.25,45.52,11.82,pjm.com,false,
2023-05-19 19:00:00,USA,PJM Interconnection,US-MIDA-PJM,291.72,358.87,45.73,12.12,pjm.com,false,
2023-05-19 20:00:00,USA,PJM Interconnection,US-MIDA-PJM,294.59,362.06,45.35,12.04,pjm.com,false,
2023-05-19 21:00:00,USA,PJM Interconnection,US-MIDA-PJM,295.52,363.06,45.22,12.16,pjm.com,false,
2023-05-19 22:00:00,USA,PJM Interconnection,US-MIDA-PJM,295.01,362.61,45.01,11.49,pjm.com,false,
2023-05-19 23:00:00,USA,PJM Interconnection,US-MIDA-PJM,298.15,366.21,44.45,10.42,pjm.com,false,
2023-05-20 00:00:00,USA,PJM Interconnection,US-MIDA-PJM,299.12,367.46,44.1,9.67,pjm.com,false,
2023-05-20 01:00:00,USA,PJM Interconnection,US-MIDA-PJM,302.57,371.58,43.35,8.53,pjm.com,false,
2023-05-20 02:00:00,USA,PJM Interconnection,US-MIDA-PJM,301.02,369.35,43.66,7.33,pjm.com,false,
2023-05-20 03:00:00,USA,PJM Interconnection,US-MIDA-PJM,294.49,362.01,44.44,6.49,pjm.com,false,
2023-05-20 04:00:00,USA,PJM Interconnection,US-MIDA-PJM,287.18,352.81,46.23,6.33,pjm.com,false,
2023-05-20 05:00:00,USA,PJM Interconnection,US-MIDA-PJM,279.8,344.36,47.41,6.2,pjm.com,false,
2023-05-20 06:00:00,USA,PJM Interconnection,US-MIDA-PJM,275.92,340.1,47.89,5.69,pjm.com,false,
2023-05-20 07:00:00,USA,PJM Interconnection,US-MIDA-PJM,274.91,338.61,48.31,5.21,pjm.com,false,
2023-05-20 08:00:00,USA,PJM Interconnection,US-MIDA-PJM,273.77,337.61,48.26,4.94,pjm.com,false,
2023-05-20 09:00:00,USA,PJM Interconnection,US-MIDA-PJM,274.18,338.3,48.05,4.98,pjm.com,false,
2023-05-20 10:00:00,USA,PJM Interconnection,US-MIDA-PJM,275.89,340.02,48.0,5.13,pjm.com,false,
2023-05-20 11:00:00,USA,PJM Interconnection,US-MIDA-PJM,277.29,342.48,47.23,5.57,pjm.com,false,
2023-05-20 12:00:00,USA,PJM Interconnection,US-MIDA-PJM,287.35,354.28,45.48,6.1,pjm.com,false,
2023-05-20 13:00:00,USA,PJM Interconnection,US-MIDA-PJM,290.37,357.23,45.44,7.14,pjm.com,false,
2023-05-20 14:00:00,USA,PJM Interconnection,US-MIDA-PJM,294.52,362.08,44.78,7.34,pjm.com,false,
2023-05-20 15:00:00,USA,PJM Interconnection,US-MIDA-PJM,288.39,355.44,45.55,8.54,pjm.com,false,
2023-05-20 16:00:00,USA,PJM Interconnection,US-MIDA-PJM,284.01,350.31,46.4,9.47,pjm.com,false,
2023-05-20 17:00:00,USA,PJM Interconnection,US-MIDA-PJM,283.3,349.65,46.57,9.56,pjm.com,false,
2023-05-20 18:00:00,USA,PJM Interconnection,US-MIDA-PJM,285.19,352.43,45.85,9.33,pjm.com,false,
2023-05-20 19:00:00,USA,PJM Interconnection,US-MIDA-PJM,287.26,354.84,45.46,9.44,pjm.com,false,
2023-05-20 20:00:00,USA,PJM Interconnection,US-MIDA-PJM,287.32,355.13,45.28,9.92,pjm.com,false,
2023-05-20 21:00:00,USA,PJM Interconnection,US-MIDA-PJM,287.15,355.12,45.27,10.09,pjm.com,false,
2023-05-20 22:00:00,USA,PJM Interconnection,US-MIDA-PJM,292.75,361.9,44.05,8.78,pjm.com,false,
2023-05-20 23:00:00,USA,PJM Interconnection,US-MIDA-PJM,300.97,371.31,42.6,7.02,pjm.com,false,
2023-05-21 00:00:00,USA,PJM Interconnection,US-MIDA-PJM,307.49,378.59,41.67,5.66,pjm.com,false,
2023-05-21 01:00:00,USA,PJM Interconnection,US-MIDA-PJM,310.43,381.91,41.12,4.63,pjm.com,false,
2023-05-21 02:00:00,USA,PJM Interconnection,US-MIDA-PJM,311.93,383.15,40.96,3.17,pjm.com,false,
2023-05-21 03:00:00,USA,PJM Interconnection,US-MIDA-PJM,307.37,377.3,42.0,3.16,pjm.com,false,
2023-05-21 04:00:00,USA,PJM Interconnection,US-MIDA-PJM,298.23,365.65,44.35,3.38,pjm.com,false,
2023-05-21 05:00:00,USA,PJM Interconnection,US-MIDA-PJM,289.52,355.22,46.09,3.5,pjm.com,false,
2023-05-21 06:00:00,USA,PJM Interconnection,US-MIDA-PJM,285.47,350.53,46.79,3.53,pjm.com,false,
2023-05-21 07:00:00,USA,PJM Interconnection,US-MIDA-PJM,281.77,345.91,47.63,3.53,pjm.com,false,
2023-05-21 08:00:00,USA,PJM Interconnection,US-MIDA-PJM,279.71,343.26,48.17,3.5,pjm.com,false,
2023-05-21 09:00:00,USA,PJM Interconnection,US-MIDA-PJM,278.39,341.95,48.23,3.45,pjm.com,false,
2023-05-21 10:00:00,USA,PJM Interconnection,US-MIDA-PJM,278.28,341.91,48.2,3.62,pjm.com,false,
2023-05-21 11:00:00,USA,PJM Interconnection,US-MIDA-PJM,277.55,341.22,48.3,4.33,pjm.com,false,
2023-05-21 12:00:00,USA,PJM Interconnection,US-MIDA-PJM,276.78,340.35,48.57,5.63,pjm.com,false,
2023-05-21 13:00:00,USA,PJM Interconnection,US-MIDA-PJM,276.75,340.49,48.54,6.25,pjm.com,false,
2023-05-21 14:00:00,USA,PJM Interconnection,US-MIDA-PJM,277.52,341.27,48.6,7.25,pjm.com,false,
2023-05-21 15:00:00,USA,PJM Interconnection,US-MIDA-PJM,278.03,342.43,48.14,7.5,pjm.com,false,
2023-05-21 16:00:00,USA,PJM Interconnection,US-MIDA-PJM,277.22,341.85,48.11,7.76,pjm.com,false,
2023-05-21 17:00:00,USA,PJM Interconnection,US-MIDA-PJM,278.44,344.11,47.42,7.96,pjm.com,false,
2023-05-21 18:00:00,USA,PJM Interconnection,US-MIDA-PJM,278.86,344.82,47.21,7.97,pjm.com,false,
2023-05-21 19:00:00,USA,PJM Interconnection,US-MIDA-PJM,280.64,347.6,46.38,8.17,pjm.com,false,
2023-05-21 20:00:00,USA,PJM Interconnection,US-MIDA-PJM,280.13,347.45,46.23,8.97,pjm.com,false,
2023-05-21 21:00:00,USA,PJM Interconnection,US-MIDA-PJM,288.09,356.77,44.84,8.92,pjm.com,false,
2023-05-21 22:00:00,USA,PJM Interconnection,US-MIDA-PJM,300.43,369.99,43.42,7.73,pjm.com,false,
2023-05-21 23:00:00,USA,PJM Interconnection,US-MIDA-PJM,310.03,380.72,42.01,6.31,pjm.com,false,
2023-05-22 00:00:00,USA,PJM Interconnection,US-MIDA-PJM,316.16,387.94,40.68,4.64,pjm.com,false,
2023-05-22 01:00:00,USA,PJM Interconnection,US-MIDA-PJM,315.32,387.15,40.63,4.15,pjm.com,false,
2023-05-22 02:00:00,USA,PJM Interconnection,US-MIDA-PJM,310.95,382.03,41.16,2.63,pjm.com,false,
2023-05-22 03:00:00,USA,PJM Interconnection,US-MIDA-PJM,302.04,371.73,42.52,1.86,pjm.com,false,
2023-05-22 04:00:00,USA,PJM Interconnection,US-MIDA-PJM,286.06,353.18,45.25,2.0,pjm.com,false,
2023-05-22 05:00:00,USA,PJM Interconnection,US-MIDA-PJM,280.48,346.92,46.02,1.94,pjm.com,false,
2023-05-22 06:00:00,USA,PJM Interconnection,US-MIDA-PJM,280.15,346.23,46.3,1.71,pjm.com,false,
2023-05-22 07:00:00,USA,PJM Interconnection,US-MIDA-PJM,281.23,347.47,46.14,1.52,pjm.com,false,
2023-05-22 08:00:00,USA,PJM Interconnection,US-MIDA-PJM,284.34,351.27,45.47,1.4,pjm.com,false,
2023-05-22 09:00:00,USA,PJM Interconnection,US-MIDA-PJM,290.68,358.81,44.31,1.53,pjm.com,false,
2023-05-22 10:00:00,USA,PJM Interconnection,US-MIDA-PJM,298.21,368.39,42.4,1.41,pjm.com,false,
2023-05-22 11:00:00,USA,PJM Interconnection,US-MIDA-PJM,298.85,369.92,41.83,2.93,pjm.com,false,
2023-05-22 12:00:00,USA,PJM Interconnection,US-MIDA-PJM,295.1,365.62,42.63,4.95,pjm.com,false,
2023-05-22 13:00:00,USA,PJM Interconnection,US-MIDA-PJM,293.31,364.42,42.41,5.87,pjm.com,false,
2023-05-22 14:00:00,USA,PJM Interconnection,US-MIDA-PJM,295.9,367.15,42.46,6.53,pjm.com,false,
2023-05-22 15:00:00,USA,PJM Interconnection,US-MIDA-PJM,297.79,369.13,42.28,6.67,pjm.com,false,
2023-05-22 16:00:00,USA,PJM Interconnection,US-MIDA-PJM,295.07,365.71,43.08,7.79,pjm.com,false,
2023-05-22 17:00:00,USA,PJM Interconnection,US-MIDA-PJM,296.35,367.88,42.34,7.93,pjm.com,false,
2023-05-22 18:00:00,USA,PJM Interconnection,US-MIDA-PJM,298.04,369.86,42.1,8.26,pjm.com,false,
2023-05-22 19:00:00,USA,PJM Interconnection,US-MIDA-PJM,301.11,373.43,41.58,8.52,pjm.com,false,
2023-05-22 20:00:00,USA,PJM Interconnection,US-MIDA-PJM,306.73,379.46,40.97,8.44,pjm.com,false,
2023-05-22 21:00:00,USA,PJM Interconnection,US-MIDA-PJM,312.94,386.5,39.98,7.94,pjm.com,false,
2023-05-22 22:00:00,USA,PJM Interconnection,US-MIDA-PJM,315.4,389.45,39.42,7.29,pjm.com,false,
2023-05-22 23:00:00,USA,PJM Interconnection,US-MIDA-PJM,321.61,396.35,38.49,5.91,pjm.com,false,
2023-05-23 00:00:00,USA,PJM Interconnection,US-MIDA-PJM,319.96,393.99,39.03,5.95,pjm.com,false,
2023-05-23 01:00:00,USA,PJM Interconnection,US-MIDA-PJM,316.17,389.39,39.7,6.07,pjm.com,false,
2023-05-23 02:00:00,USA,PJM Interconnection,US-MIDA-PJM,316.27,388.64,39.99,4.2,pjm.com,false,
2023-05-23 03:00:00,USA,PJM Interconnection,US-MIDA-PJM,305.84,376.26,41.7,3.79,pjm.com,false,
2023-05-23 04:00:00,USA,PJM Interconnection,US-MIDA-PJM,294.76,363.2,43.74,3.81,pjm.com,false,
2023-05-23 05:00:00,USA,PJM Interconnection,US-MIDA-PJM,287.79,355.33,44.76,3.55,pjm.com,false,
2023-05-23 06:00:00,USA,PJM Interconnection,US-MIDA-PJM,286.87,353.97,45.15,3.28,pjm.com,false,
2023-05-23 07:00:00,USA,PJM Interconnection,US-MIDA-PJM,286.15,353.16,45.27,2.98,pjm.com,false,
2023-05-23 08:00:00,USA,PJM Interconnection,US-MIDA-PJM,288.31,356.32,44.41,2.44,pjm.com,false,
2023-05-23 09:00:00,USA,PJM Interconnection,US-MIDA-PJM,293.54,362.97,43.13,2.05,pjm.com,false,
2023-05-23 10:00:00,USA,PJM Interconnection,US-MIDA-PJM,304.19,376.03,40.85,1.99,pjm.com,false,
2023-05-23 11:00:00,USA,PJM Interconnection,US-MIDA-PJM,306.56,379.29,40.15,2.89,pjm.com,false,
2023-05-23 12:00:00,USA,PJM Interconnection,US-MIDA-PJM,304.05,376.42,40.76,4.5,pjm.com,false,
2023-05-23 13:00:00,USA,PJM Interconnection,US-MIDA-PJM,303.14,375.48,41.1,5.42,pjm.com,false,
2023-05-23 14:00:00,USA,PJM Interconnection,US-MIDA-PJM,306.33,379.16,40.73,5.8,pjm.com,false,
2023-05-23 15:00:00,USA,PJM Interconnection,US-MIDA-PJM,306.95,379.73,40.71,6.29,pjm.com,false,
2023-05-23 16:00:00,USA,PJM Interconnection,US-MIDA-PJM,305.7,378.38,40.82,6.76,pjm.com,false,
2023-05-23 17:00:00,USA,PJM Interconnection,US-MIDA-PJM,305.01,377.85,40.79,7.58,pjm.com,false,
2023-05-23 18:00:00,USA,PJM Interconnection,US-MIDA-PJM,306.59,379.58,40.63,7.93,pjm.com,false,
2023-05-23 19:00:00,USA,PJM Interconnection,US-MIDA-PJM,306.93,379.95,40.71,8.38,pjm.com,false,
2023-05-23 20:00:00,USA,PJM Interconnection,US-MIDA-PJM,307.48,380.88,40.42,8.68,pjm.com,false,
2023-05-23 21:00:00,USA,PJM Interconnection,US-MIDA-PJM,307.33,380.52,40.56,8.73,pjm.com,false,
2023-05-23 22:00:00,USA,PJM Interconnection,US-MIDA-PJM,314.13,388.19,39.49,7.52,pjm.com,false,
2023-05-23 23:00:00,USA,PJM Interconnection,US-MIDA-PJM,318.27,393.07,38.63,6.29,pjm.com,false,
2023-05-24 00:00:00,USA,PJM Interconnection,US-MIDA-PJM,322.65,398.2,37.74,5.15,pjm.com,false,
2023-05-24 01:00:00,USA,PJM Interconnection,US-MIDA-PJM,324.1,399.55,37.61,4.41,pjm.com,false,
2023-05-24 02:00:00,USA,PJM Interconnection,US-MIDA-PJM,320.36,394.21,38.66,3.26,pjm.com,false,
2023-05-24 03:00:00,USA,PJM Interconnection,US-MIDA-PJM,312.97,384.8,40.29,2.38,pjm.com,false,
2023-05-24 04:00:00,USA,PJM Interconnection,US-MIDA-PJM,302.2,371.73,42.47,2.13,pjm.com,false,
2023-05-24 05:00:00,USA,PJM Interconnection,US-MIDA-PJM,294.22,362.7,43.66,1.98,pjm.com,false,
2023-05-24 06:00:00,USA,PJM Interconnection,US-MIDA-PJM,288.77,356.66,44.41,1.85,pjm.com,false,
2023-05-24 07:00:00,USA,PJM Interconnection,US-MIDA-PJM,285.53,353.02,44.89,1.66,pjm.com,false,
2023-05-24 08:00:00,USA,PJM Interconnection,US-MIDA-PJM,285.74,353.44,44.74,1.58,pjm.com,false,
2023-05-24 09:00:00,USA,PJM Interconnection,US-MIDA-PJM,292.29,361.73,43.11,1.37,pjm.com,false,
2023-05-24 10:00:00,USA,PJM Interconnection,US-MIDA-PJM,298.51,369.64,41.56,1.38,pjm.com,false,
2023-05-24 11:00:00,USA,PJM Interconnection,US-MIDA-PJM,298.85,370.46,41.29,2.44,pjm.com,false,
2023-05-24 12:00:00,USA,PJM Interconnection,US-MIDA-PJM,295.47,366.65,41.98,4.29,pjm.com,false,
2023-05-24 13:00:00,USA,PJM Interconnection,US-MIDA-PJM,289.44,359.74,43.2,6.09,pjm.com,false,
2023-05-24 14:00:00,USA,PJM Interconnection,US-MIDA-PJM,287.8,358.37,43.25,6.63,pjm.com,false,
2023-05-24 15:00:00,USA,PJM Interconnection,US-MIDA-PJM,283.2,352.94,44.24,7.88,pjm.com,false,
2023-05-24 16:00:00,USA,PJM Interconnection,US-MIDA-PJM,280.2,349.6,44.7,9.04,pjm.com,false,
2023-05-24 17:00:00,USA,PJM Interconnection,US-MIDA-PJM,282.13,351.79,44.44,9.72,pjm.com,false,
2023-05-24 18:00:00,USA,PJM Interconnection,US-MIDA-PJM,290.76,361.12,43.41,9.43,pjm.com,false,
2023-05-24 19:00:00,USA,PJM Interconnection,US-MIDA-PJM,291.69,361.96,43.37,10.04,pjm.com,false,
2023-05-24 20:00:00,USA,PJM Interconnection,US-MIDA-PJM,290.78,361.08,43.39,10.67,pjm.com,false,
2023-05-24 21:00:00,USA,PJM Interconnection,US-MIDA-PJM,290.53,360.4,43.61,11.21,pjm.com,false,
2023-05-24 22:00:00,USA,PJM Interconnection,US-MIDA-PJM,289.52,358.9,43.88,11.29,pjm.com,false,
2023-05-24 23:00:00,USA,PJM Interconnection,US-MIDA-PJM,290.89,360.35,43.64,10.4,pjm.com,false,
2023-05-25 00:00:00,USA,PJM Interconnection,US-MIDA-PJM,288.14,356.59,44.51,10.63,pjm.com,false,
2023-05-25 01:00:00,USA,PJM Interconnection,US-MIDA-PJM,289.94,358.85,44.06,9.81,pjm.com,false,
2023-05-25 02:00:00,USA,PJM Interconnection,US-MIDA-PJM,288.57,355.89,44.93,8.13,pjm.com,false,
2023-05-25 03:00:00,USA,PJM Interconnection,US-MIDA-PJM,281.99,346.45,47.29,8.0,pjm.com,false,
2023-05-25 04:00:00,USA,PJM Interconnection,US-MIDA-PJM,270.51,332.95,49.38,7.72,pjm.com,false,
2023-05-25 05:00:00,USA,PJM Interconnection,US-MIDA-PJM,259.09,319.14,51.76,8.14,pjm.com,false,
2023-05-25 06:00:00,USA,PJM Interconnection,US-MIDA-PJM,259.96,320.06,51.7,8.16,pjm.com,false,
2023-05-25 07:00:00,USA,PJM Interconnection,US-MIDA-PJM,256.86,315.64,52.87,8.46,pjm.com,false,
2023-05-25 08:00:00,USA,PJM Interconnection,US-MIDA-PJM,256.69,315.3,53.01,8.36,pjm.com,false,
2023-05-25 09:00:00,USA,PJM Interconnection,US-MIDA-PJM,261.43,321.55,51.65,7.96,pjm.com,false,
2023-05-25 10:00:00,USA,PJM Interconnection,US-MIDA-PJM,266.24,327.89,50.36,8.3,pjm.com,false,
2023-05-25 11:00:00,USA,PJM Interconnection,US-MIDA-PJM,269.48,332.71,49.15,8.88,pjm.com,false,
2023-05-25 12:00:00,USA,PJM Interconnection,US-MIDA-PJM,271.41,335.76,48.39,9.38,pjm.com,false,
2023-05-25 13:00:00,USA,PJM Interconnection,US-MIDA-PJM,272.63,337.29,48.13,9.2,pjm.com,false,
2023-05-25 14:00:00,USA,PJM Interconnection,US-MIDA-PJM,278.04,343.45,47.3,8.56,pjm.com,false,
2023-05-25 15:00:00,USA,PJM Interconnection,US-MIDA-PJM,283.24,349.86,46.14,8.0,pjm.com,false,
2023-05-25 16:00:00,USA,PJM Interconnection,US-MIDA-PJM,280.45,346.81,46.42,8.5,pjm.com,false,
2023-05-25 17:00:00,USA,PJM Interconnection,US-MIDA-PJM,275.75,341.73,46.96,9.34,pjm.com,false,
2023-05-25 18:00:00,USA,PJM Interconnection,US-MIDA-PJM,268.85,333.81,48.09,10.63,pjm.com,false,
2023-05-25 19:00:00,USA,PJM Interconnection,US-MIDA-PJM,265.77,330.28,48.61,11.46,pjm.com,false,
2023-05-25 20:00:00,USA,PJM Interconnection,US-MIDA-PJM,267.18,332.28,48.26,11.58,pjm.com,false,
2023-05-25 21:00:00,USA,PJM Interconnection,US-MIDA-PJM,269.95,335.66,47.66,11.31,pjm.com,false,
2023-05-25 22:00:00,USA,PJM Interconnection,US-MIDA-PJM,272.65,338.78,47.15,10.71,pjm.com,false,
2023-05-25 23:00:00,USA,PJM Interconnection,US-MIDA-PJM,276.17,342.89,46.49,10.07,pjm.com,false,
2023-05-26 00:00:00,USA,PJM Interconnection,US-MIDA-PJM,276.34,343.4,46.09,9.22,pjm.com,false,
2023-05-26 01:00:00,USA,PJM Interconnection,US-MIDA-PJM,279.8,347.38,45.52,8.6,pjm.com,false,
2023-05-26 02:00:00,USA,PJM Interconnection,US-MIDA-PJM,278.71,345.31,46.01,7.17,pjm.com,false,
2023-05-26 03:00:00,USA,PJM Interconnection,US-MIDA-PJM,272.93,337.35,47.76,6.63,pjm.com,false,
2023-05-26 04:00:00,USA,PJM Interconnection,US-MIDA-PJM,269.79,333.15,48.72,5.86,pjm.com,false,
2023-05-26 05:00:00,USA,PJM Interconnection,US-MIDA-PJM,268.22,331.19,49.1,5.19,pjm.com,false,
2023-05-26 06:00:00,USA,PJM Interconnection,US-MIDA-PJM,266.92,329.55,49.42,5.45,pjm.com,false,
2023-05-26 07:00:00,USA,PJM Interconnection,US-MIDA-PJM,265.89,328.09,49.8,5.52,pjm.com,false,
2023-05-26 08:00:00,USA,PJM Interconnection,US-MIDA-PJM,267.66,330.32,49.37,5.19,pjm.com,false,
2023-05-26 09:00:00,USA,PJM Interconnection,US-MIDA-PJM,274.17,338.24,48.0,4.97,pjm.com,false,
2023-05-26 10:00:00,USA,PJM Interconnection,US-MIDA-PJM,277.5,342.73,46.98,4.93,pjm.com,false,
2023-05-26 11:00:00,USA,PJM Interconnection,US-MIDA-PJM,278.93,345.56,45.97,5.74,pjm.com,false,
2023-05-26 12:00:00,USA,PJM Interconnection,US-MIDA-PJM,276.8,343.1,46.5,6.66,pjm.com,false,
2023-05-26 13:00:00,USA,PJM Interconnection,US-MIDA-PJM,274.59,340.05,47.4,8.07,pjm.com,false,
2023-05-26 14:00:00,USA,PJM Interconnection,US-MIDA-PJM,278.11,344.7,46.42,8.1,pjm.com,false,
2023-05-26 15:00:00,USA,PJM Interconnection,US-MIDA-PJM,274.75,340.16,47.5,8.83,pjm.com,false,
2023-05-26 16:00:00,USA,PJM Interconnection,US-MIDA-PJM,273.94,339.65,47.34,9.65,pjm.com,false,
2023-05-26 17:00:00,USA,PJM Interconnection,US-MIDA-PJM,276.8,343.71,46.27,9.69,pjm.com,false,
2023-05-26 18:00:00,USA,PJM Interconnection,US-MIDA-PJM,277.76,344.51,46.29,9.82,pjm.com,false,
2023-05-26 19:00:00,USA,PJM Interconnection,US-MIDA-PJM,279.15,345.9,46.19,9.95,pjm.com,false,
2023-05-26 20:00:00,USA,PJM Interconnection,US-MIDA-PJM,277.42,343.85,46.58,10.6,pjm.com,false,
2023-05-26 21:00:00,USA,PJM Interconnection,US-MIDA-PJM,277.62,344.38,46.39,10.96,pjm.com,false,
2023-05-26 22:00:00,USA,PJM Interconnection,US-MIDA-PJM,282.89,350.28,45.64,10.63,pjm.com,false,
2023-05-26 23:00:00,USA,PJM Interconnection,US-MIDA-PJM,288.42,356.51,44.69,9.17,pjm.com,false,
2023-05-27 00:00:00,USA,PJM Interconnection,US-MIDA-PJM,289.23,357.63,44.39,8.19,pjm.com,false,
2023-05-27 01:00:00,USA,PJM Interconnection,US-MIDA-PJM,292.3,361.3,43.79,6.87,pjm.com,false,
2023-05-27 02:00:00,USA,PJM Interconnection,US-MIDA-PJM,291.22,359.02,44.64,5.56,pjm.com,false,
2023-05-27 03:00:00,USA,PJM Interconnection,US-MIDA-PJM,281.18,345.81,47.24,5.75,pjm.com,false,
2023-05-27 04:00:00,USA,PJM Interconnection,US-MIDA-PJM,273.73,336.14,49.27,6.18,pjm.com,false,
2023-05-27 05:00:00,USA,PJM Interconnection,US-MIDA-PJM,269.81,331.31,50.15,6.41,pjm.com,false,
2023-05-27 06:00:00,USA,PJM Interconnection,US-MIDA-PJM,268.04,328.76,50.83,6.29,pjm.com,false,
2023-05-27 07:00:00,USA,PJM Interconnection,US-MIDA-PJM,265.45,325.39,51.55,6.2,pjm.com,false,
2023-05-27 08:00:00,USA,PJM Interconnection,US-MIDA-PJM,264.51,324.03,51.92,6.07,pjm.com,false,
2023-05-27 09:00:00,USA,PJM Interconnection,US-MIDA-PJM,268.75,329.61,50.71,5.44,pjm.com,false,
2023-05-27 10:00:00,USA,PJM Interconnection,US-MIDA-PJM,271.74,332.86,50.37,5.04,pjm.com,false,
2023-05-27 11:00:00,USA,PJM Interconnection,US-MIDA-PJM,273.11,334.74,50.02,5.21,pjm.com,false,
2023-05-27 12:00:00,USA,PJM Interconnection,US-MIDA-PJM,274.23,337.16,49.1,5.43,pjm.com,false,
2023-05-27 13:00:00,USA,PJM Interconnection,US-MIDA-PJM,275.22,338.49,48.91,5.73,pjm.com,false,
2023-05-27 14:00:00,USA,PJM Interconnection,US-MIDA-PJM,276.01,339.86,48.49,6.17,pjm.com,false,
2023-05-27 15:00:00,USA,PJM Interconnection,US-MIDA-PJM,273.83,337.31,48.89,7.01,pjm.com,false,
2023-05-27 16:00:00,USA,PJM Interconnection,US-MIDA-PJM,273.86,337.23,48.97,7.53,pjm.com,false,
2023-05-27 17:00:00,USA,PJM Interconnection,US-MIDA-PJM,274.31,337.84,48.87,7.89,pjm.com,false,
2023-05-27 18:00:00,USA,PJM Interconnection,US-MIDA-PJM,276.42,340.74,48.17,7.96,pjm.com,false,
2023-05-27 19:00:00,USA,PJM Interconnection,US-MIDA-PJM,279.52,344.83,47.33,7.77,pjm.com,false,
2023-05-27 20:00:00,USA,PJM Interconnection,US-MIDA-PJM,281.82,348.0,46.72,7.77,pjm.com,false,
2023-05-27 21:00:00,USA,PJM Interconnection,US-MIDA-PJM,280.49,346.8,46.77,8.6,pjm.com,false,
2023-05-27 22:00:00,USA,PJM Interconnection,US-MIDA-PJM,283.11,349.99,46.18,8.43,pjm.com,false,
2023-05-27 23:00:00,USA,PJM Interconnection,US-MIDA-PJM,283.51,350.01,46.32,7.86,pjm.com,false,
2023-05-28 00:00:00,USA,PJM Interconnection,US-MIDA-PJM,282.05,348.0,46.8,8.29,pjm.com,false,
2023-05-28 01:00:00,USA,PJM Interconnection,US-MIDA-PJM,287.75,355.13,45.34,6.66,pjm.com,false,
2023-05-28 02:00:00,USA,PJM Interconnection,US-MIDA-PJM,287.84,354.8,45.32,5.41,pjm.com,false,
2023-05-28 03:00:00,USA,PJM Interconnection,US-MIDA-PJM,284.34,349.41,46.75,4.71,pjm.com,false,
2023-05-28 04:00:00,USA,PJM Interconnection,US-MIDA-PJM,277.89,340.4,48.98,4.73,pjm.com,false,
2023-05-28 05:00:00,USA,PJM Interconnection,US-MIDA-PJM,273.98,335.28,50.09,4.69,pjm.com,false,
2023-05-28 06:00:00,USA,PJM Interconnection,US-MIDA-PJM,275.09,336.37,50.06,4.17,pjm.com,false,
2023-05-28 07:00:00,USA,PJM Interconnection,US-MIDA-PJM,272.94,333.39,50.8,3.95,pjm.com,false,
2023-05-28 08:00:00,USA,PJM Interconnection,US-MIDA-PJM,271.66,331.76,51.13,3.54,pjm.com,false,
2023-05-28 09:00:00,USA,PJM Interconnection,US-MIDA-PJM,273.87,334.67,50.52,3.01,pjm.com,false,
2023-05-28 10:00:00,USA,PJM Interconnection,US-MIDA-PJM,278.0,339.59,49.75,2.5,pjm.com,false,
2023-05-28 11:00:00,USA,PJM Interconnection,US-MIDA-PJM,278.56,340.15,49.76,2.53,pjm.com,false,
2023-05-28 12:00:00,USA,PJM Interconnection,US-MIDA-PJM,279.45,341.82,49.18,2.97,pjm.com,false,
2023-05-28 13:00:00,USA,PJM Interconnection,US-MIDA-PJM,284.29,348.74,47.42,3.28,pjm.com,false,
2023-05-28 14:00:00,USA,PJM Interconnection,US-MIDA-PJM,284.85,350.12,46.82,3.87,pjm.com,false,
2023-05-28 15:00:00,USA,PJM Interconnection,US-MIDA-PJM,284.37,350.14,46.51,4.64,pjm.com,false,
2023-05-28 16:00:00,USA,PJM Interconnection,US-MIDA-PJM,286.26,352.76,45.89,4.9,pjm.com,false,
2023-05-28 17:00:00,USA,PJM Interconnection,US-MIDA-PJM,285.78,352.69,45.63,5.6,pjm.com,false,
2023-05-28 18:00:00,USA,PJM Interconnection,US-MIDA-PJM,286.93,354.44,45.15,5.86,pjm.com,false,
2023-05-28 19:00:00,USA,PJM Interconnection,US-MIDA-PJM,291.01,359.56,44.21,5.54,pjm.com,false,
2023-05-28 20:00:00,USA,PJM Interconnection,US-MIDA-PJM,294.9,364.41,43.51,5.28,pjm.com,false,
2023-05-28 21:00:00,USA,PJM Interconnection,US-MIDA-PJM,292.91,362.46,43.5,5.56,pjm.com,false,
2023-05-28 22:00:00,USA,PJM Interconnection,US-MIDA-PJM,286.74,355.49,44.52,6.93,pjm.com,false,
2023-05-28 23:00:00,USA,PJM Interconnection,US-MIDA-PJM,287.44,356.32,44.33,6.68,pjm.com,false,
2023-05-29 00:00:00,USA,PJM Interconnection,US-MIDA-PJM,288.5,357.63,44.08,6.47,pjm.com,false,
2023-05-29 01:00:00,USA,PJM Interconnection,US-MIDA-PJM,290.62,360.08,43.59,5.83,pjm.com,false,
2023-05-29 02:00:00,USA,PJM Interconnection,US-MIDA-PJM,293.95,363.18,43.41,4.25,pjm.com,false,
2023-05-29 03:00:00,USA,PJM Interconnection,US-MIDA-PJM,293.57,361.35,44.27,3.03,pjm.com,false,
2023-05-29 04:00:00,USA,PJM Interconnection,US-MIDA-PJM,288.55,353.9,46.3,2.68,pjm.com,false,
2023-05-29 05:00:00,USA,PJM Interconnection,US-MIDA-PJM,288.44,353.14,46.8,2.25,pjm.com,false,
2023-05-29 06:00:00,USA,PJM Interconnection,US-MIDA-PJM,285.71,349.6,47.57,2.11,pjm.com,false,
2023-05-29 07:00:00,USA,PJM Interconnection,US-MIDA-PJM,283.57,346.7,48.28,1.95,pjm.com,false,
2023-05-29 08:00:00,USA,PJM Interconnection,US-MIDA-PJM,282.99,345.8,48.55,1.8,pjm.com,false,
2023-05-29 09:00:00,USA,PJM Interconnection,US-MIDA-PJM,284.77,348.02,48.13,1.83,pjm.com,false,
2023-05-29 10:00:00,USA,PJM Interconnection,US-MIDA-PJM,284.84,348.15,48.12,2.15,pjm.com,false,
2023-05-29 11:00:00,USA,PJM Interconnection,US-MIDA-PJM,283.04,346.1,48.44,2.81,pjm.com,false,
2023-05-29 12:00:00,USA,PJM Interconnection,US-MIDA-PJM,284.27,348.69,47.48,3.52,pjm.com,false,
2023-05-29 13:00:00,USA,PJM Interconnection,US-MIDA-PJM,288.2,354.39,46.03,4.15,pjm.com,false,
2023-05-29 14:00:00,USA,PJM Interconnection,US-MIDA-PJM,291.29,358.95,44.83,4.67,pjm.com,false,
2023-05-29 15:00:00,USA,PJM Interconnection,US-MIDA-PJM,296.62,366.34,43.07,4.65,pjm.com,false,
2023-05-29 16:00:00,USA,PJM Interconnection,US-MIDA-PJM,298.4,368.79,42.72,5.36,pjm.com,false,
2023-05-29 17:00:00,USA,PJM Interconnection,US-MIDA-PJM,302.06,373.14,42.03,5.65,pjm.com,false,
2023-05-29 18:00:00,USA,PJM Interconnection,US-MIDA-PJM,305.4,377.23,41.37,5.73,pjm.com,false,
2023-05-29 19:00:00,USA,PJM Interconnection,US-MIDA-PJM,305.87,377.94,41.28,6.15,pjm.com,false,
2023-05-29 20:00:00,USA,PJM Interconnection,US-MIDA-PJM,302.58,374.11,41.93,7.8,pjm.com,false,
2023-05-29 21:00:00,USA,PJM Interconnection,US-MIDA-PJM,308.0,380.07,41.2,7.72,pjm.com,false,
2023-05-29 22:00:00,USA,PJM Interconnection,US-MIDA-PJM,316.05,388.87,40.21,6.86,pjm.com,false,
2023-05-29 23:00:00,USA,PJM Interconnection,US-MIDA-PJM,319.85,392.94,39.74,6.08,pjm.com,false,
2023-05-30 00:00:00,USA,PJM Interconnection,US-MIDA-PJM,324.62,397.96,39.17,5.22,pjm.com,false,
2023-05-30 01:00:00,USA,PJM Interconnection,US-MIDA-PJM,330.54,404.54,38.25,3.97,pjm.com,false,
2023-05-30 02:00:00,USA,PJM Interconnection,US-MIDA-PJM,324.53,396.51,39.69,3.24,pjm.com,false,
2023-05-30 03:00:00,USA,PJM Interconnection,US-MIDA-PJM,309.11,378.5,42.27,3.8,pjm.com,false,
2023-05-30 04:00:00,USA,PJM Interconnection,US-MIDA-PJM,295.24,360.97,45.65,4.05,pjm.com,false,
2023-05-30 05:00:00,USA,PJM Interconnection,US-MIDA-PJM,293.12,358.25,46.23,3.67,pjm.com,false,
2023-05-30 06:00:00,USA,PJM Interconnection,US-MIDA-PJM,293.98,358.85,46.4,3.55,pjm.com,false,
2023-05-30 07:00:00,USA,PJM Interconnection,US-MIDA-PJM,292.04,355.66,47.45,3.54,pjm.com,false,
2023-05-30 08:00:00,USA,PJM Interconnection,US-MIDA-PJM,295.81,360.77,46.25,2.93,pjm.com,false,
2023-05-30 09:00:00,USA,PJM Interconnection,US-MIDA-PJM,300.47,366.84,44.97,2.67,pjm.com,false,
2023-05-30 10:00:00,USA,PJM Interconnection,US-MIDA-PJM,307.12,376.09,42.7,2.18,pjm.com,false,
2023-05-30 11:00:00,USA,PJM Interconnection,US-MIDA-PJM,311.82,383.09,40.81,2.21,pjm.com,false,
2023-05-30 12:00:00,USA,PJM Interconnection,US-MIDA-PJM,313.42,385.9,39.96,2.68,pjm.com,false,
2023-05-30 13:00:00,USA,PJM Interconnection,US-MIDA-PJM,314.13,387.2,39.76,3.34,pjm.com,false,
2023-05-30 14:00:00,USA,PJM Interconnection,US-MIDA-PJM,321.66,395.89,38.62,3.54,pjm.com,false,
2023-05-30 15:00:00,USA,PJM Interconnection,US-MIDA-PJM,322.89,397.13,38.55,3.96,pjm.com,false,
2023-05-30 16:00:00,USA,PJM Interconnection,US-MIDA-PJM,332.78,407.72,37.53,4.05,pjm.com,false,
2023-05-30 17:00:00,USA,PJM Interconnection,US-MIDA-PJM,341.11,416.45,36.76,4.23,pjm.com,false,
2023-05-30 18:00:00,USA,PJM Interconnection,US-MIDA-PJM,341.49,416.66,36.91,5.19,pjm.com,false,
2023-05-30 19:00:00,USA,PJM Interconnection,US-MIDA-PJM,338.63,413.44,37.44,6.37,pjm.com,false,
2023-05-30 20:00:00,USA,PJM Interconnection,US-MIDA-PJM,337.9,412.63,37.59,7.32,pjm.com,false,
2023-05-30 21:00:00,USA,PJM Interconnection,US-MIDA-PJM,341.19,415.85,37.45,7.49,pjm.com,false,
2023-05-30 22:00:00,USA,PJM Interconnection,US-MIDA-PJM,344.61,419.72,36.94,7.07,pjm.com,false,
2023-05-30 23:00:00,USA,PJM Interconnection,US-MIDA-PJM,346.71,422.44,36.28,6.11,pjm.com,false,
2023-05-31 00:00:00,USA,PJM Interconnection,US-MIDA-PJM,346.24,422.37,35.85,4.73,pjm.com,false,
2023-05-31 01:00:00,USA,PJM Interconnection,US-MIDA-PJM,350.77,427.42,35.1,3.23,pjm.com,false,
2023-05-31 02:00:00,USA,PJM Interconnection,US-MIDA-PJM,338.12,412.84,37.02,3.16,pjm.com,false,
2023-05-31 03:00:00,USA,PJM Interconnection,US-MIDA-PJM,325.09,398.45,38.52,3.06,pjm.com,false,
2023-05-31 04:00:00,USA,PJM Interconnection,US-MIDA-PJM,310.38,380.34,41.7,3.53,pjm.com,false,
2023-05-31 05:00:00,USA,PJM Interconnection,US-MIDA-PJM,301.48,369.43,43.62,3.79,pjm.com,false,
2023-05-31 06:00:00,USA,PJM Interconnection,US-MIDA-PJM,298.63,365.51,44.57,3.67,pjm.com,false,
2023-05-31 07:00:00,USA,PJM Interconnection,US-MIDA-PJM,298.77,365.19,44.92,3.43,pjm.com,false,
2023-05-31 08:00:00,USA,PJM Interconnection,US-MIDA-PJM,301.35,367.95,44.66,3.01,pjm.com,false,
2023-05-31 09:00:00,USA,PJM Interconnection,US-MIDA-PJM,306.18,374.67,43.03,2.54,pjm.com,false,
2023-05-31 10:00:00,USA,PJM Interconnection,US-MIDA-PJM,313.28,384.15,40.93,2.3,pjm.com,false,
2023-05-31 11:00:00,USA,PJM Interconnection,US-MIDA-PJM,314.67,386.39,40.28,2.74,pjm.com,false,
2023-05-31 12:00:00,USA,PJM Interconnection,US-MIDA-PJM,315.43,387.66,40.1,3.41,pjm.com,false,
2023-05-31 13:00:00,USA,PJM Interconnection,US-MIDA-PJM,321.53,394.4,39.51,3.97,pjm.com,false,
2023-05-31 14:00:00,USA,PJM Interconnection,US-MIDA-PJM,322.37,396.02,39.0,4.54,pjm.com,false,
2023-05-31 15:00:00,USA,PJM Interconnection,US-MIDA-PJM,325.85,399.79,38.56,5.05,pjm.com,false,
2023-05-31 16:00:00,USA,PJM Interconnection,US-MIDA-PJM,328.89,403.06,38.33,5.62,pjm.com,false,
2023-05-31 17:00:00,USA,PJM Interconnection,US-MIDA-PJM,332.28,406.88,38.0,6.21,pjm.com,false,
2023-05-31 18:00:00,USA,PJM Interconnection,US-MIDA-PJM,325.66,399.36,39.01,7.88,pjm.com,false,
2023-05-31 19:00:00,USA,PJM Interconnection,US-MIDA-PJM,326.33,400.48,38.67,8.27,pjm.com,false,
2023-05-31 20:00:00,USA,PJM Interconnection,US-MIDA-PJM,326.45,400.65,38.64,9.01,pjm.com,false,
2023-05-31 21:00:00,USA,PJM Interconnection,US-MIDA-PJM,327.23,401.66,38.42,9.15,pjm.com,false,
2023-05-31 22:00:00,USA,PJM Interconnection,US-MIDA-PJM,334.64,410.0,37.32,8.17,pjm.com,false,
2023-05-31 23:00:00,USA,PJM Interconnection,US-MIDA-PJM,339.78,415.98,36.28,6.59,pjm.com,false,
2023-06-01 00:00:00,USA,PJM Interconnection,US-MIDA-PJM,343.9,420.98,35.28,4.87,pjm.com,false,
2023-06-01 01:00:00,USA,PJM Interconnection,US-MIDA-PJM,346.43,423.67,34.84,3.54,pjm.com,false,
2023-06-01 02:00:00,USA,PJM Interconnection,US-MIDA-PJM,338.38,414.0,36.3,3.04,pjm.com,false,
2023-06-01 03:00:00,USA,PJM Interconnection,US-MIDA-PJM,323.32,396.51,38.76,3.3,pjm.com,false,
2023-06-01 04:00:00,USA,PJM Interconnection,US-MIDA-PJM,309.58,380.31,41.2,3.52,pjm.com,false,
2023-06-01 05:00:00,USA,PJM Interconnection,US-MIDA-PJM,304.41,374.32,42.08,3.05,pjm.com,false,
2023-06-01 06:00:00,USA,PJM Interconnection,US-MIDA-PJM,303.29,372.86,42.4,2.6,pjm.com,false,
2023-06-01 07:00:00,USA,PJM Interconnection,US-MIDA-PJM,302.78,371.84,42.81,2.21,pjm.com,false,
2023-06-01 08:00:00,USA,PJM Interconnection,US-MIDA-PJM,304.3,373.9,42.35,1.95,pjm.com,false,
2023-06-01 09:00:00,USA,PJM Interconnection,US-MIDA-PJM,308.2,379.19,41.12,1.59,pjm.com,false,
2023-06-01 10:00:00,USA,PJM Interconnection,US-MIDA-PJM,314.75,387.39,39.56,1.41,pjm.com,false,
2023-06-01 11:00:00,USA,PJM Interconnection,US-MIDA-PJM,316.87,390.28,39.01,2.29,pjm.com,false,
2023-06-01 12:00:00,USA,PJM Interconnection,US-MIDA-PJM,319.22,393.07,38.83,3.45,pjm.com,false,
2023-06-01 13:00:00,USA,PJM Interconnection,US-MIDA-PJM,326.14,401.13,37.81,3.78,pjm.com,false,
2023-06-01 14:00:00,USA,PJM Interconnection,US-MIDA-PJM,333.52,409.77,36.57,3.93,pjm.com,false,
2023-06-01 15:00:00,USA,PJM Interconnection,US-MIDA-PJM,339.27,415.9,35.94,4.34,pjm.com,false,
2023-06-01 16:00:00,USA,PJM Interconnection,US-MIDA-PJM,334.69,411.87,35.76,5.08,pjm.com,false,
2023-06-01 17:00:00,USA,PJM Interconnection,US-MIDA-PJM,331.56,408.63,36.08,6.68,pjm.com,false,
2023-06-01 18:00:00,USA,PJM Interconnection,US-MIDA-PJM,329.62,406.77,36.23,7.73,pjm.com,false,
2023-06-01 19:00:00,USA,PJM Interconnection,US-MIDA-PJM,334.94,412.9,35.35,7.83,pjm.com,false,
2023-06-01 20:00:00,USA,PJM Interconnection,US-MIDA-PJM,337.42,415.95,34.77,7.95,pjm.com,false,
2023-06-01 21:00:00,USA,PJM Interconnection,US-MIDA-PJM,342.43,421.43,34.22,7.86,pjm.com,false,
2023-06-01 22:00:00,USA,PJM Interconnection,US-MIDA-PJM,349.44,429.36,33.18,6.8,pjm.com,false,
2023-06-01 23:00:00,USA,PJM Interconnection,US-MIDA-PJM,355.98,436.58,32.25,5.22,pjm.com,false,
2023-06-02 00:00:00,USA,PJM Interconnection,US-MIDA-PJM,358.54,439.23,31.95,3.95,pjm.com,false,
2023-06-02 01:00:00,USA,PJM Interconnection,US-MIDA-PJM,358.91,439.22,32.11,3.1,pjm.com,false,
2023-06-02 02:00:00,USA,PJM Interconnection,US-MIDA-PJM,358.84,438.08,32.75,1.9,pjm.com,false,
2023-06-02 03:00:00,USA,PJM Interconnection,US-MIDA-PJM,350.08,427.41,34.38,1.43,pjm.com,false,
2023-06-02 04:00:00,USA,PJM Interconnection,US-MIDA-PJM,331.18,405.24,37.68,1.8,pjm.com,false,
2023-06-02 05:00:00,USA,PJM Interconnection,US-MIDA-PJM,315.63,386.57,40.73,2.09,pjm.com,false,
2023-06-02 06:00:00,USA,PJM Interconnection,US-MIDA-PJM,309.06,378.78,41.98,2.13,pjm.com,false,
2023-06-02 07:00:00,USA,PJM Interconnection,US-MIDA-PJM,306.36,375.18,42.81,2.14,pjm.com,false,
2023-06-02 08:00:00,USA,PJM Interconnection,US-MIDA-PJM,305.97,374.62,42.97,2.06,pjm.com,false,
2023-06-02 09:00:00,USA,PJM Interconnection,US-MIDA-PJM,309.98,379.94,41.79,1.68,pjm.com,false,
2023-06-02 10:00:00,USA,PJM Interconnection,US-MIDA-PJM,314.33,386.43,39.99,1.57,pjm.com,false,
2023-06-02 11:00:00,USA,PJM Interconnection,US-MIDA-PJM,313.89,386.62,39.67,2.64,pjm.com,false,
2023-06-02 12:00:00,USA,PJM Interconnection,US-MIDA-PJM,314.05,387.16,39.56,4.18,pjm.com,false,
2023-06-02 13:00:00,USA,PJM Interconnection,US-MIDA-PJM,319.19,393.78,38.37,4.79,pjm.com,false,
2023-06-02 14:00:00,USA,PJM Interconnection,US-MIDA-PJM,326.74,403.13,36.72,4.96,pjm.com,false,
2023-06-02 15:00:00,USA,PJM Interconnection,US-MIDA-PJM,338.26,416.32,35.06,5.0,pjm.com,false,
2023-06-02 16:00:00,USA,PJM Interconnection,US-MIDA-PJM,344.47,423.26,34.54,5.86,pjm.com,false,
2023-06-02 17:00:00,USA,PJM Interconnection,US-MIDA-PJM,345.4,424.49,34.43,6.93,pjm.com,false,
2023-06-02 18:00:00,USA,PJM Interconnection,US-MIDA-PJM,343.6,422.92,34.52,7.89,pjm.com,false,
2023-06-02 19:00:00,USA,PJM Interconnection,US-MIDA-PJM,345.11,424.69,34.57,8.51,pjm.com,false,
2023-06-02 20:00:00,USA,PJM Interconnection,US-MIDA-PJM,344.47,423.92,34.77,9.13,pjm.com,false,
2023-06-02 21:00:00,USA,PJM Interconnection,US-MIDA-PJM,347.67,427.53,34.36,8.93,pjm.com,false,
2023-06-02 22:00:00,USA,PJM Interconnection,US-MIDA-PJM,351.4,431.41,33.99,8.2,pjm.com,false,
2023-06-02 23:00:00,USA,PJM Interconnection,US-MIDA-PJM,355.64,435.56,33.62,6.87,pjm.com,false,
2023-06-03 00:00:00,USA,PJM Interconnection,US-MIDA-PJM,357.27,437.14,33.33,5.59,pjm.com,false,
2023-06-03 01:00:00,USA,PJM Interconnection,US-MIDA-PJM,351.27,430.41,33.77,4.72,pjm.com,false,
2023-06-03 02:00:00,USA,PJM Interconnection,US-MIDA-PJM,344.41,422.06,34.62,3.75,pjm.com,false,
2023-06-03 03:00:00,USA,PJM Interconnection,US-MIDA-PJM,332.52,408.19,36.39,3.81,pjm.com,false,
2023-06-03 04:00:00,USA,PJM Interconnection,US-MIDA-PJM,319.81,392.63,39.05,4.32,pjm.com,false,
2023-06-03 05:00:00,USA,PJM Interconnection,US-MIDA-PJM,308.56,378.92,41.47,4.78,pjm.com,false,
2023-06-03 06:00:00,USA,PJM Interconnection,US-MIDA-PJM,305.87,375.92,41.87,4.64,pjm.com,false,
2023-06-03 07:00:00,USA,PJM Interconnection,US-MIDA-PJM,303.55,372.29,42.98,4.26,pjm.com,false,
2023-06-03 08:00:00,USA,PJM Interconnection,US-MIDA-PJM,304.41,372.71,43.29,3.76,pjm.com,false,
2023-06-03 09:00:00,USA,PJM Interconnection,US-MIDA-PJM,304.9,373.09,43.36,3.45,pjm.com,false,
2023-06-03 10:00:00,USA,PJM Interconnection,US-MIDA-PJM,305.95,374.4,43.13,3.45,pjm.com,false,
2023-06-03 11:00:00,USA,PJM Interconnection,US-MIDA-PJM,303.83,372.46,43.2,4.5,pjm.com,false,
2023-06-03 12:00:00,USA,PJM Interconnection,US-MIDA-PJM,303.99,374.11,42.26,5.43,pjm.com,false,
2023-06-03 13:00:00,USA,PJM Interconnection,US-MIDA-PJM,312.35,384.32,40.59,5.54,pjm.com,false,
2023-06-03 14:00:00,USA,PJM Interconnection,US-MIDA-PJM,320.89,394.38,39.13,5.6,pjm.com,false,
2023-06-03 15:00:00,USA,PJM Interconnection,US-MIDA-PJM,327.4,402.25,37.85,5.85,pjm.com,false,
2023-06-03 16:00:00,USA,PJM Interconnection,US-MIDA-PJM,325.54,399.8,38.49,7.62,pjm.com,false,
2023-06-03 17:00:00,USA,PJM Interconnection,US-MIDA-PJM,323.79,397.44,39.06,8.85,pjm.com,false,
2023-06-03 18:00:00,USA,PJM Interconnection,US-MIDA-PJM,324.61,397.56,39.55,9.75,pjm.com,false,
2023-06-03 19:00:00,USA,PJM Interconnection,US-MIDA-PJM,326.22,398.54,39.95,10.3,pjm.com,false,
2023-06-03 20:00:00,USA,PJM Interconnection,US-MIDA-PJM,329.84,402.06,39.8,10.26,pjm.com,false,
2023-06-03 21:00:00,USA,PJM Interconnection,US-MIDA-PJM,331.04,403.32,39.67,9.95,pjm.com,false,
2023-06-03 22:00:00,USA,PJM Interconnection,US-MIDA-PJM,328.1,400.08,39.89,9.75,pjm.com,false,
2023-06-03 23:00:00,USA,PJM Interconnection,US-MIDA-PJM,329.09,401.24,39.61,8.81,pjm.com,false,
2023-06-04 00:00:00,USA,PJM Interconnection,US-MIDA-PJM,330.42,402.69,39.31,7.21,pjm.com,false,
2023-06-04 01:00:00,USA,PJM Interconnection,US-MIDA-PJM,322.59,394.65,39.78,6.59,pjm.com,false,
2023-06-04 02:00:00,USA,PJM Interconnection,US-MIDA-PJM,319.9,391.91,39.86,5.38,pjm.com,false,
2023-06-04 03:00:00,USA,PJM Interconnection,US-MIDA-PJM,312.08,382.31,41.44,4.95,pjm.com,false,
2023-06-04 04:00:00,USA,PJM Interconnection,US-MIDA-PJM,300.21,367.86,43.9,5.04,pjm.com,false,
2023-06-04 05:00:00,USA,PJM Interconnection,US-MIDA-PJM,292.56,358.81,45.34,4.9,pjm.com,false,
2023-06-04 06:00:00,USA,PJM Interconnection,US-MIDA-PJM,287.76,353.19,46.21,4.85,pjm.com,false,
2023-06-04 07:00:00,USA,PJM Interconnection,US-MIDA-PJM,283.63,347.57,47.53,5.02,pjm.com,false,
2023-06-04 08:00:00,USA,PJM Interconnection,US-MIDA-PJM,280.47,343.21,48.61,5.1,pjm.com,false,
2023-06-04 09:00:00,USA,PJM Interconnection,US-MIDA-PJM,281.1,344.03,48.43,4.84,pjm.com,false,
2023-06-04 10:00:00,USA,PJM Interconnection,US-MIDA-PJM,280.68,343.11,48.84,4.92,pjm.com,false,
2023-06-04 11:00:00,USA,PJM Interconnection,US-MIDA-PJM,282.21,345.18,48.43,5.11,pjm.com,false,
2023-06-04 12:00:00,USA,PJM Interconnection,US-MIDA-PJM,285.84,350.76,46.89,5.15,pjm.com,false,
2023-06-04 13:00:00,USA,PJM Interconnection,US-MIDA-PJM,290.02,356.5,45.63,5.32,pjm.com,false,
2023-06-04 14:00:00,USA,PJM Interconnection,US-MIDA-PJM,292.66,360.1,44.88,5.74,pjm.com,false,
2023-06-04 15:00:00,USA,PJM Interconnection,US-MIDA-PJM,288.04,354.48,45.93,6.95,pjm.com,false,
2023-06-04 16:00:00,USA,PJM Interconnection,US-MIDA-PJM,286.27,352.77,46.04,8.07,pjm.com,false,
2023-06-04 17:00:00,USA,PJM Interconnection,US-MIDA-PJM,289.71,357.04,45.26,8.6,pjm.com,false,
2023-06-04 18:00:00,USA,PJM Interconnection,US-MIDA-PJM,291.86,359.87,44.7,9.11,pjm.com,false,
2023-06-04 19:00:00,USA,PJM Interconnection,US-MIDA-PJM,290.32,358.52,44.72,10.11,pjm.com,false,
2023-06-04 20:00:00,USA,PJM Interconnection,US-MIDA-PJM,288.69,357.38,44.54,11.09,pjm.com,false,
2023-06-04 21:00:00,USA,PJM Interconnection,US-MIDA-PJM,294.51,363.88,43.72,11.05,pjm.com,false,
2023-06-04 22:00:00,USA,PJM Interconnection,US-MIDA-PJM,304.0,373.89,42.76,10.35,pjm.com,false,
2023-06-04 23:00:00,USA,PJM Interconnection,US-MIDA-PJM,307.2,377.73,42.03,9.09,pjm.com,false,
2023-06-05 00:00:00,USA,PJM Interconnection,US-MIDA-PJM,310.0,381.17,41.31,7.67,pjm.com,false,
2023-06-05 01:00:00,USA,PJM Interconnection,US-MIDA-PJM,311.3,383.12,40.62,6.36,pjm.com,false,
2023-06-05 02:00:00,USA,PJM Interconnection,US-MIDA-PJM,309.33,380.48,40.91,4.64,pjm.com,false,
2023-06-05 03:00:00,USA,PJM Interconnection,US-MIDA-PJM,301.49,369.85,43.35,4.69,pjm.com,false,
2023-06-05 04:00:00,USA,PJM Interconnection,US-MIDA-PJM,295.98,361.83,45.5,4.72,pjm.com,false,
2023-06-05 05:00:00,USA,PJM Interconnection,US-MIDA-PJM,292.16,356.55,46.78,4.67,pjm.com,false,
2023-06-05 06:00:00,USA,PJM Interconnection,US-MIDA-PJM,292.66,356.35,47.29,4.58,pjm.com,false,
2023-06-05 07:00:00,USA,PJM Interconnection,US-MIDA-PJM,292.87,355.94,47.76,4.32,pjm.com,false,
2023-06-05 08:00:00,USA,PJM Interconnection,US-MIDA-PJM,297.03,361.09,46.82,3.67,pjm.com,false,
2023-06-05 09:00:00,USA,PJM Interconnection,US-MIDA-PJM,301.07,367.47,44.9,3.08,pjm.com,false,
2023-06-05 10:00:00,USA,PJM Interconnection,US-MIDA-PJM,304.7,373.27,43.13,2.79,pjm.com,false,
2023-06-05 11:00:00,USA,PJM Interconnection,US-MIDA-PJM,305.03,374.46,42.61,4.1,pjm.com,false,
2023-06-05 12:00:00,USA,PJM Interconnection,US-MIDA-PJM,303.44,372.9,42.85,5.37,pjm.com,false,
2023-06-05 13:00:00,USA,PJM Interconnection,US-MIDA-PJM,305.27,375.47,42.3,5.59,pjm.com,false,
2023-06-05 14:00:00,USA,PJM Interconnection,US-MIDA-PJM,308.78,380.2,41.25,5.63,pjm.com,false,
2023-06-05 15:00:00,USA,PJM Interconnection,US-MIDA-PJM,310.84,382.9,40.8,5.87,pjm.com,false,
2023-06-05 16:00:00,USA,PJM Interconnection,US-MIDA-PJM,307.63,379.61,41.11,6.8,pjm.com,false,
2023-06-05 17:00:00,USA,PJM Interconnection,US-MIDA-PJM,308.29,380.57,40.91,7.9,pjm.com,false,
2023-06-05 18:00:00,USA,PJM Interconnection,US-MIDA-PJM,315.75,389.2,39.65,7.75,pjm.com,false,
2023-06-05 19:00:00,USA,PJM Interconnection,US-MIDA-PJM,319.46,393.27,39.23,7.99,pjm.com,false,
2023-06-05 20:00:00,USA,PJM Interconnection,US-MIDA-PJM,324.02,398.39,38.59,7.91,pjm.com,false,
2023-06-05 21:00:00,USA,PJM Interconnection,US-MIDA-PJM,325.23,400.02,38.18,7.68,pjm.com,false,
2023-06-05 22:00:00,USA,PJM Interconnection,US-MIDA-PJM,330.45,405.98,37.28,6.74,pjm.com,false,
2023-06-05 23:00:00,USA,PJM Interconnection,US-MIDA-PJM,335.35,411.48,36.46,5.39,pjm.com,false,
2023-06-06 00:00:00,USA,PJM Interconnection,US-MIDA-PJM,332.93,408.99,36.56,4.82,pjm.com,false,
2023-06-06 01:00:00,USA,PJM Interconnection,US-MIDA-PJM,330.28,405.81,37.03,4.38,pjm.com,false,
2023-06-06 02:00:00,USA,PJM Interconnection,US-MIDA-PJM,330.28,405.2,37.3,2.86,pjm.com,false,
2023-06-06 03:00:00,USA,PJM Interconnection,US-MIDA-PJM,324.39,397.4,38.8,1.82,pjm.com,false,
2023-06-06 04:00:00,USA,PJM Interconnection,US-MIDA-PJM,313.05,383.34,41.36,1.67,pjm.com,false,
2023-06-06 05:00:00,USA,PJM Interconnection,US-MIDA-PJM,305.97,376.06,41.89,1.42,pjm.com,false,
2023-06-06 06:00:00,USA,PJM Interconnection,US-MIDA-PJM,299.98,369.24,42.8,1.33,pjm.com,false,
2023-06-06 07:00:00,USA,PJM Interconnection,US-MIDA-PJM,296.08,363.91,44.07,1.39,pjm.com,false,
2023-06-06 08:00:00,USA,PJM Interconnection,US-MIDA-PJM,294.99,362.42,44.41,1.45,pjm.com,false,
2023-06-06 09:00:00,USA,PJM Interconnection,US-MIDA-PJM,299.24,367.76,43.4,1.4,pjm.com,false,
2023-06-06 10:00:00,USA,PJM Interconnection,US-MIDA-PJM,306.26,376.52,41.76,1.74,pjm.com,false,
2023-06-06 11:00:00,USA,PJM Interconnection,US-MIDA-PJM,308.11,379.12,41.2,2.91,pjm.com,false,
2023-06-06 12:00:00,USA,PJM Interconnection,US-MIDA-PJM,309.47,380.71,41.27,4.3,pjm.com,false,
2023-06-06 13:00:00,USA,PJM Interconnection,US-MIDA-PJM,310.64,382.2,41.17,5.17,pjm.com,false,
2023-06-06 14:00:00,USA,PJM Interconnection,US-MIDA-PJM,311.35,382.82,41.44,6.11,pjm.com,false,
2023-06-06 15:00:00,USA,PJM Interconnection,US-MIDA-PJM,312.39,383.93,41.34,7.1,pjm.com,false,
2023-06-06 16:00:00,USA,PJM Interconnection,US-MIDA-PJM,314.57,385.95,41.35,7.99,pjm.com,false,
2023-06-06 17:00:00,USA,PJM Interconnection,US-MIDA-PJM,314.26,385.26,41.59,9.12,pjm.com,false,
2023-06-06 18:00:00,USA,PJM Interconnection,US-MIDA-PJM,312.65,383.79,41.54,9.82,pjm.com,false,
2023-06-06 19:00:00,USA,PJM Interconnection,US-MIDA-PJM,310.45,381.44,41.78,10.47,pjm.com,false,
2023-06-06 20:00:00,USA,PJM Interconnection,US-MIDA-PJM,313.26,384.49,41.44,10.79,pjm.com,false,
2023-06-06 21:00:00,USA,PJM Interconnection,US-MIDA-PJM,320.69,392.48,40.67,10.41,pjm.com,false,
2023-06-06 22:00:00,USA,PJM Interconnection,US-MIDA-PJM,326.61,399.54,39.36,9.16,pjm.com,false,
2023-06-06 23:00:00,USA,PJM Interconnection,US-MIDA-PJM,333.55,407.63,38.05,7.14,pjm.com,false,
2023-06-07 00:00:00,USA,PJM Interconnection,US-MIDA-PJM,334.9,409.58,37.52,5.85,pjm.com,false,
2023-06-07 01:00:00,USA,PJM Interconnection,US-MIDA-PJM,336.24,411.34,37.07,4.72,pjm.com,false,
2023-06-07 02:00:00,USA,PJM Interconnection,US-MIDA-PJM,328.48,402.53,38.06,3.59,pjm.com,false,
2023-06-07 03:00:00,USA,PJM Interconnection,US-MIDA-PJM,322.33,394.42,39.61,2.61,pjm.com,false,
2023-06-07 04:00:00,USA,PJM Interconnection,US-MIDA-PJM,307.77,376.56,42.74,2.74,pjm.com,false,
2023-06-07 05:00:00,USA,PJM Interconnection,US-MIDA-PJM,300.71,368.9,43.56,2.55,pjm.com,false,
2023-06-07 06:00:00,USA,PJM Interconnection,US-MIDA-PJM,292.9,360.76,44.22,2.19,pjm.com,false,
2023-06-07 07:00:00,USA,PJM Interconnection,US-MIDA-PJM,292.18,359.5,44.7,1.77,pjm.com,false,
2023-06-07 08:00:00,USA,PJM Interconnection,US-MIDA-PJM,292.64,360.18,44.52,1.62,pjm.com,false,
2023-06-07 09:00:00,USA,PJM Interconnection,US-MIDA-PJM,294.62,362.94,43.81,1.6,pjm.com,false,
2023-06-07 10:00:00,USA,PJM Interconnection,US-MIDA-PJM,299.76,369.3,42.65,1.7,pjm.com,false,
2023-06-07 11:00:00,USA,PJM Interconnection,US-MIDA-PJM,304.07,374.81,41.58,2.23,pjm.com,false,
2023-06-07 12:00:00,USA,PJM Interconnection,US-MIDA-PJM,306.16,377.56,41.25,3.02,pjm.com,false,
2023-06-07 13:00:00,USA,PJM Interconnection,US-MIDA-PJM,304.0,375.04,41.76,4.05,pjm.com,false,
2023-06-07 14:00:00,USA,PJM Interconnection,US-MIDA-PJM,301.76,372.99,41.85,5.12,pjm.com,false,
2023-06-07 15:00:00,USA,PJM Interconnection,US-MIDA-PJM,301.39,372.55,41.99,5.83,pjm.com,false,
2023-06-07 16:00:00,USA,PJM Interconnection,US-MIDA-PJM,303.69,375.6,41.55,6.35,pjm.com,false,
2023-06-07 17:00:00,USA,PJM Interconnection,US-MIDA-PJM,302.62,375.18,41.34,7.0,pjm.com,false,
2023-06-07 18:00:00,USA,PJM Interconnection,US-MIDA-PJM,305.48,378.48,40.95,7.18,pjm.com,false,
2023-06-07 19:00:00,USA,PJM Interconnection,US-MIDA-PJM,308.19,381.77,40.57,7.38,pjm.com,false,
2023-06-07 20:00:00,USA,PJM Interconnection,US-MIDA-PJM,315.81,390.06,39.78,7.25,pjm.com,false,
2023-06-07 21:00:00,USA,PJM Interconnection,US-MIDA-PJM,324.67,399.75,38.67,6.51,pjm.com,false,
2023-06-07 22:00:00,USA,PJM Interconnection,US-MIDA-PJM,324.68,399.6,38.62,6.12,pjm.com,false,
2023-06-07 23:00:00,USA,PJM Interconnection,US-MIDA-PJM,318.97,393.54,39.05,5.83,pjm.com,false,
2023-06-08 00:00:00,USA,PJM Interconnection,US-MIDA-PJM,308.5,382.26,40.01,6.11,pjm.com,false,
2023-06-08 01:00:00,USA,PJM Interconnection,US-MIDA-PJM,308.54,382.53,39.72,5.0,pjm.com,false,
2023-06-08 02:00:00,USA,PJM Interconnection,US-MIDA-PJM,300.26,371.61,41.92,5.0,pjm.com,false,
2023-06-08 03:00:00,USA,PJM Interconnection,US-MIDA-PJM,296.62,366.45,43.25,4.39,pjm.com,false,
2023-06-08 04:00:00,USA,PJM Interconnection,US-MIDA-PJM,288.48,355.9,44.8,3.74,pjm.com,false,
2023-06-08 05:00:00,USA,PJM Interconnection,US-MIDA-PJM,286.34,353.17,45.35,3.3,pjm.com,false,
2023-06-08 06:00:00,USA,PJM Interconnection,US-MIDA-PJM,283.6,349.38,46.29,3.14,pjm.com,false,
2023-06-08 07:00:00,USA,PJM Interconnection,US-MIDA-PJM,283.52,349.03,46.5,2.98,pjm.com,false,
2023-06-08 08:00:00,USA,PJM Interconnection,US-MIDA-PJM,286.24,352.09,46.12,2.39,pjm.com,false,
2023-06-08 09:00:00,USA,PJM Interconnection,US-MIDA-PJM,293.2,360.8,44.47,1.69,pjm.com,false,
2023-06-08 10:00:00,USA,PJM Interconnection,US-MIDA-PJM,300.7,369.93,42.86,1.62,pjm.com,false,
2023-06-08 11:00:00,USA,PJM Interconnection,US-MIDA-PJM,306.29,377.15,41.53,2.33,pjm.com,false,
2023-06-08 12:00:00,USA,PJM Interconnection,US-MIDA-PJM,311.16,383.05,40.72,2.99,pjm.com,false,
2023-06-08 13:00:00,USA,PJM Interconnection,US-MIDA-PJM,308.43,379.72,41.4,3.86,pjm.com,false,
2023-06-08 14:00:00,USA,PJM Interconnection,US-MIDA-PJM,305.25,376.26,41.87,4.86,pjm.com,false,
2023-06-08 15:00:00,USA,PJM Interconnection,US-MIDA-PJM,302.63,373.82,41.9,5.51,pjm.com,false,
2023-06-08 16:00:00,USA,PJM Interconnection,US-MIDA-PJM,301.24,372.96,41.55,5.95,pjm.com,false,
2023-06-08 17:00:00,USA,PJM Interconnection,US-MIDA-PJM,305.07,377.85,40.78,5.99,pjm.com,false,
2023-06-08 18:00:00,USA,PJM Interconnection,US-MIDA-PJM,305.21,377.7,41.05,6.57,pjm.com,false,
2023-06-08 19:00:00,USA,PJM Interconnection,US-MIDA-PJM,301.42,373.31,41.77,7.75,pjm.com,false,
2023-06-08 20:00:00,USA,PJM Interconnection,US-MIDA-PJM,300.38,372.36,41.85,8.4,pjm.com,false,
2023-06-08 21:00:00,USA,PJM Interconnection,US-MIDA-PJM,301.39,373.72,41.48,8.3,pjm.com,false,
2023-06-08 22:00:00,USA,PJM Interconnection,US-MIDA-PJM,302.59,375.09,41.2,7.66,pjm.com,false,
2023-06-08 23:00:00,USA,PJM Interconnection,US-MIDA-PJM,303.33,376.09,40.87,6.76,pjm.com,false,
2023-06-09 00:00:00,USA,PJM Interconnection,US-MIDA-PJM,303.37,376.29,40.68,5.98,pjm.com,false,
2023-06-09 01:00:00,USA,PJM Interconnection,US-MIDA-PJM,300.33,372.58,41.04,5.56,pjm.com,false,
2023-06-09 02:00:00,USA,PJM Interconnection,US-MIDA-PJM,300.25,371.76,41.27,4.34,pjm.com,false,
2023-06-09 03:00:00,USA,PJM Interconnection,US-MIDA-PJM,296.64,366.47,42.55,3.68,pjm.com,false,
2023-06-09 04:00:00,USA,PJM Interconnection,US-MIDA-PJM,292.82,360.89,44.07,3.13,pjm.com,false,
2023-06-09 05:00:00,USA,PJM Interconnection,US-MIDA-PJM,292.53,360.43,44.22,2.48,pjm.com,false,
2023-06-09 06:00:00,USA,PJM Interconnection,US-MIDA-PJM,292.91,360.26,44.61,1.89,pjm.com,false,
2023-06-09 07:00:00,USA,PJM Interconnection,US-MIDA-PJM,294.21,361.07,44.93,1.43,pjm.com,false,
2023-06-09 08:00:00,USA,PJM Interconnection,US-MIDA-PJM,295.2,361.8,45.07,1.4,pjm.com,false,
2023-06-09 09:00:00,USA,PJM Interconnection,US-MIDA-PJM,296.89,364.33,44.38,1.51,pjm.com,false,
2023-06-09 10:00:00,USA,PJM Interconnection,US-MIDA-PJM,300.12,369.04,43.12,1.8,pjm.com,false,
2023-06-09 11:00:00,USA,PJM Interconnection,US-MIDA-PJM,299.02,368.52,42.89,3.47,pjm.com,false,
2023-06-09 12:00:00,USA,PJM Interconnection,US-MIDA-PJM,297.71,367.11,43.33,4.95,pjm.com,false,
2023-06-09 13:00:00,USA,PJM Interconnection,US-MIDA-PJM,295.95,365.22,43.74,5.94,pjm.com,false,
2023-06-09 14:00:00,USA,PJM Interconnection,US-MIDA-PJM,297.96,367.85,43.24,6.31,pjm.com,false,
2023-06-09 15:00:00,USA,PJM Interconnection,US-MIDA-PJM,299.8,370.33,42.75,6.39,pjm.com,false,
2023-06-09 16:00:00,USA,PJM Interconnection,US-MIDA-PJM,300.75,371.7,42.38,6.68,pjm.com,false,
2023-06-09 17:00:00,USA,PJM Interconnection,US-MIDA-PJM,301.24,372.29,42.18,6.9,pjm.com,false,
2023-06-09 18:00:00,USA,PJM Interconnection,US-MIDA-PJM,300.13,371.15,42.25,7.52,pjm.com,false,
2023-06-09 19:00:00,USA,PJM Interconnection,US-MIDA-PJM,303.59,375.22,41.71,7.6,pjm.com,false,
2023-06-09 20:00:00,USA,PJM Interconnection,US-MIDA-PJM,303.1,374.05,42.24,8.75,pjm.com,false,
2023-06-09 21:00:00,USA,PJM Interconnection,US-MIDA-PJM,308.09,379.58,41.62,8.54,pjm.com,false,
2023-06-09 22:00:00,USA,PJM Interconnection,US-MIDA-PJM,314.63,386.75,40.69,7.56,pjm.com,false,
2023-06-09 23:00:00,USA,PJM Interconnection,US-MIDA-PJM,319.59,392.81,39.53,6.0,pjm.com,false,
2023-06-10 00:00:00,USA,PJM Interconnection,US-MIDA-PJM,321.29,395.06,38.88,4.59,pjm.com,false,
2023-06-10 01:00:00,USA,PJM Interconnection,US-MIDA-PJM,320.51,394.72,38.45,3.24,pjm.com,false,
2023-06-10 02:00:00,USA,PJM Interconnection,US-MIDA-PJM,321.71,395.62,38.35,1.87,pjm.com,false,
2023-06-10 03:00:00,USA,PJM Interconnection,US-MIDA-PJM,315.08,386.96,40.1,1.36,pjm.com,false,
2023-06-10 04:00:00,USA,PJM Interconnection,US-MIDA-PJM,305.27,374.58,42.53,1.41,pjm.com,false,
2023-06-10 05:00:00,USA,PJM Interconnection,US-MIDA-PJM,298.53,365.8,44.4,1.69,pjm.com,false,
2023-06-10 06:00:00,USA,PJM Interconnection,US-MIDA-PJM,295.64,362.22,45.08,1.94,pjm.com,false,
2023-06-10 07:00:00,USA,PJM Interconnection,US-MIDA-PJM,291.73,357.42,45.94,2.05,pjm.com,false,
2023-06-10 08:00:00,USA,PJM Interconnection,US-MIDA-PJM,289.29,354.61,46.34,2.18,pjm.com,false,
2023-06-10 09:00:00,USA,PJM Interconnection,US-MIDA-PJM,290.4,355.88,46.15,2.17,pjm.com,false,
2023-06-10 10:00:00,USA,PJM Interconnection,US-MIDA-PJM,291.46,356.66,46.32,2.42,pjm.com,false,
2023-06-10 11:00:00,USA,PJM Interconnection,US-MIDA-PJM,286.71,350.79,47.58,4.28,pjm.com,false,
2023-06-10 12:00:00,USA,PJM Interconnection,US-MIDA-PJM,282.65,346.07,48.51,6.26,pjm.com,false,
2023-06-10 13:00:00,USA,PJM Interconnection,US-MIDA-PJM,287.19,351.9,47.4,6.87,pjm.com,false,
2023-06-10 14:00:00,USA,PJM Interconnection,US-MIDA-PJM,289.32,354.91,46.65,7.38,pjm.com,false,
2023-06-10 15:00:00,USA,PJM Interconnection,US-MIDA-PJM,291.83,358.96,45.33,7.7,pjm.com,false,
2023-06-10 16:00:00,USA,PJM Interconnection,US-MIDA-PJM,293.09,361.23,44.53,7.96,pjm.com,false,
2023-06-10 17:00:00,USA,PJM Interconnection,US-MIDA-PJM,297.29,366.85,43.3,7.75,pjm.com,false,
2023-06-10 18:00:00,USA,PJM Interconnection,US-MIDA-PJM,304.14,375.27,41.98,7.57,pjm.com,false,
2023-06-10 19:00:00,USA,PJM Interconnection,US-MIDA-PJM,301.96,373.2,42.11,8.63,pjm.com,false,
2023-06-10 20:00:00,USA,PJM Interconnection,US-MIDA-PJM,309.92,382.28,40.9,8.65,pjm.com,false,
2023-06-10 21:00:00,USA,PJM Interconnection,US-MIDA-PJM,316.59,389.52,40.12,8.5,pjm.com,false,
2023-06-10 22:00:00,USA,PJM Interconnection,US-MIDA-PJM,322.56,396.45,38.99,7.51,pjm.com,false,
2023-06-10 23:00:00,USA,PJM Interconnection,US-MIDA-PJM,327.72,402.4,37.94,5.69,pjm.com,false,
2023-06-11 00:00:00,USA,PJM Interconnection,US-MIDA-PJM,326.7,401.71,37.64,4.28,pjm.com,false,
2023-06-11 01:00:00,USA,PJM Interconnection,US-MIDA-PJM,324.49,399.51,37.64,3.56,pjm.com,false,
2023-06-11 02:00:00,USA,PJM Interconnection,US-MIDA-PJM,321.7,395.71,38.29,2.65,pjm.com,false,
2023-06-11 03:00:00,USA,PJM Interconnection,US-MIDA-PJM,316.82,388.78,39.92,2.14,pjm.com,false,
2023-06-11 04:00:00,USA,PJM Interconnection,US-MIDA-PJM,305.42,374.09,42.94,3.04,pjm.com,false,
2023-06-11 05:00:00,USA,PJM Interconnection,US-MIDA-PJM,297.56,364.02,44.99,3.52,pjm.com,false,
2023-06-11 06:00:00,USA,PJM Interconnection,US-MIDA-PJM,296.4,362.41,45.4,3.3,pjm.com,false,
2023-06-11 07:00:00,USA,PJM Interconnection,US-MIDA-PJM,295.01,360.3,46.01,3.3,pjm.com,false,
2023-06-11 08:00:00,USA,PJM Interconnection,US-MIDA-PJM,295.63,360.67,46.19,3.02,pjm.com,false,
2023-06-11 09:00:00,USA,PJM Interconnection,US-MIDA-PJM,294.8,359.67,46.35,3.04,pjm.com,false,
2023-06-11 10:00:00,USA,PJM Interconnection,US-MIDA-PJM,291.3,354.97,47.44,3.74,pjm.com,false,
2023-06-11 11:00:00,USA,PJM Interconnection,US-MIDA-PJM,283.15,345.03,49.33,5.78,pjm.com,false,
2023-06-11 12:00:00,USA,PJM Interconnection,US-MIDA-PJM,282.15,344.9,48.89,7.36,pjm.com,false,
2023-06-11 13:00:00,USA,PJM Interconnection,US-MIDA-PJM,282.3,345.8,48.39,8.15,pjm.com,false,
2023-06-11 14:00:00,USA,PJM Interconnection,US-MIDA-PJM,286.8,352.5,46.53,8.42,pjm.com,false,
2023-06-11 15:00:00,USA,PJM Interconnection,US-MIDA-PJM,290.71,358.08,45.13,8.3,pjm.com,false,
2023-06-11 16:00:00,USA,PJM Interconnection,US-MIDA-PJM,292.27,361.1,44.2,9.01,pjm.com,false,
2023-06-11 17:00:00,USA,PJM Interconnection,US-MIDA-PJM,295.15,364.48,43.72,9.71,pjm.com,false,
2023-06-11 18:00:00,USA,PJM Interconnection,US-MIDA-PJM,293.42,363.28,43.39,9.7,pjm.com,false,
2023-06-11 19:00:00,USA,PJM Interconnection,US-MIDA-PJM,292.76,363.31,42.92,9.53,pjm.com,false,
2023-06-11 20:00:00,USA,PJM Interconnection,US-MIDA-PJM,292.55,362.99,43.09,10.54,pjm.com,false,
2023-06-11 21:00:00,USA,PJM Interconnection,US-MIDA-PJM,293.1,363.15,43.28,11.35,pjm.com,false,
2023-06-11 22:00:00,USA,PJM Interconnection,US-MIDA-PJM,296.21,366.8,42.61,10.53,pjm.com,false,
2023-06-11 23:00:00,USA,PJM Interconnection,US-MIDA-PJM,296.07,366.77,42.46,10.17,pjm.com,false,
2023-06-12 00:00:00,USA,PJM Interconnection,US-MIDA-PJM,298.52,369.61,41.99,9.6,pjm.com,false,
2023-06-12 01:00:00,USA,PJM Interconnection,US-MIDA-PJM,298.97,370.31,41.74,8.86,pjm.com,false,
2023-06-12 02:00:00,USA,PJM Interconnection,US-MIDA-PJM,298.06,368.43,42.21,7.71,pjm.com,false,
2023-06-12 03:00:00,USA,PJM Interconnection,US-MIDA-PJM,294.5,363.23,43.48,6.92,pjm.com,false,
2023-06-12 04:00:00,USA,PJM Interconnection,US-MIDA-PJM,291.68,359.08,44.58,6.13,pjm.com,false,
2023-06-12 05:00:00,USA,PJM Interconnection,US-MIDA-PJM,290.74,357.91,44.83,5.52,pjm.com,false,
2023-06-12 06:00:00,USA,PJM Interconnection,US-MIDA-PJM,290.14,356.82,45.23,5.3,pjm.com,false,
2023-06-12 07:00:00,USA,PJM Interconnection,US-MIDA-PJM,290.36,356.66,45.52,5.0,pjm.com,false,
2023-06-12 08:00:00,USA,PJM Interconnection,US-MIDA-PJM,292.12,359.03,44.98,4.67,pjm.com,false,
2023-06-12 09:00:00,USA,PJM Interconnection,US-MIDA-PJM,299.71,368.63,43.09,4.04,pjm.com,false,
2023-06-12 10:00:00,USA,PJM Interconnection,US-MIDA-PJM,302.01,371.94,42.22,4.03,pjm.com,false,
2023-06-12 11:00:00,USA,PJM Interconnection,US-MIDA-PJM,307.01,378.52,40.82,4.19,pjm.com,false,
2023-06-12 12:00:00,USA,PJM Interconnection,US-MIDA-PJM,314.36,387.01,39.68,4.43,pjm.com,false,
2023-06-12 13:00:00,USA,PJM Interconnection,US-MIDA-PJM,311.82,384.67,39.72,5.13,pjm.com,false,
2023-06-12 14:00:00,USA,PJM Interconnection,US-MIDA-PJM,309.06,381.81,39.98,6.22,pjm.com,false,
2023-06-12 15:00:00,USA,PJM Interconnection,US-MIDA-PJM,306.78,379.06,40.57,7.53,pjm.com,false,
2023-06-12 16:00:00,USA,PJM Interconnection,US-MIDA-PJM,305.77,378.26,40.76,8.01,pjm.com,false,
2023-06-12 17:00:00,USA,PJM Interconnection,US-MIDA-PJM,306.97,379.71,40.48,8.09,pjm.com,false,
2023-06-12 18:00:00,USA,PJM Interconnection,US-MIDA-PJM,303.13,375.3,41.15,8.93,pjm.com,false,
2023-06-12 19:00:00,USA,PJM Interconnection,US-MIDA-PJM,301.32,373.33,41.35,9.33,pjm.com,false,
2023-06-12 20:00:00,USA,PJM Interconnection,US-MIDA-PJM,298.57,370.29,41.76,10.05,pjm.com,false,
2023-06-12 21:00:00,USA,PJM Interconnection,US-MIDA-PJM,297.11,368.83,41.74,9.98,pjm.com,false,
2023-06-12 22:00:00,USA,PJM Interconnection,US-MIDA-PJM,296.31,367.75,41.96,9.72,pjm.com,false,
2023-06-12 23:00:00,USA,PJM Interconnection,US-MIDA-PJM,297.09,368.77,41.73,9.01,pjm.com,false,
2023-06-13 00:00:00,USA,PJM Interconnection,US-MIDA-PJM,301.07,373.7,40.79,7.56,pjm.com,false,
2023-06-13 01:00:00,USA,PJM Interconnection,US-MIDA-PJM,305.65,379.11,39.85,6.06,pjm.com,false,
2023-06-13 02:00:00,USA,PJM Interconnection,US-MIDA-PJM,310.65,384.0,39.55,4.12,pjm.com,false,
2023-06-13 03:00:00,USA,PJM Interconnection,US-MIDA-PJM,304.71,375.77,41.26,3.93,pjm.com,false,
2023-06-13 04:00:00,USA,PJM Interconnection,US-MIDA-PJM,298.1,366.93,43.22,4.19,pjm.com,false,
2023-06-13 05:00:00,USA,PJM Interconnection,US-MIDA-PJM,292.9,359.81,44.9,4.89,pjm.com,false,
2023-06-13 06:00:00,USA,PJM Interconnection,US-MIDA-PJM,288.06,353.3,46.39,5.83,pjm.com,false,
2023-06-13 07:00:00,USA,PJM Interconnection,US-MIDA-PJM,287.44,352.1,46.86,5.85,pjm.com,false,
2023-06-13 08:00:00,USA,PJM Interconnection,US-MIDA-PJM,287.22,351.8,46.93,5.76,pjm.com,false,
2023-06-13 09:00:00,USA,PJM Interconnection,US-MIDA-PJM,288.98,354.08,46.43,6.15,pjm.com,false,
2023-06-13 10:00:00,USA,PJM Interconnection,US-MIDA-PJM,296.04,363.21,44.59,5.95,pjm.com,false,
2023-06-13 11:00:00,USA,PJM Interconnection,US-MIDA-PJM,300.03,368.48,43.56,6.31,pjm.com,false,
2023-06-13 12:00:00,USA,PJM Interconnection,US-MIDA-PJM,302.65,372.19,42.76,6.63,pjm.com,false,
2023-06-13 13:00:00,USA,PJM Interconnection,US-MIDA-PJM,302.94,372.53,42.76,7.52,pjm.com,false,
2023-06-13 14:00:00,USA,PJM Interconnection,US-MIDA-PJM,300.99,370.28,43.1,8.13,pjm.com,false,
2023-06-13 15:00:00,USA,PJM Interconnection,US-MIDA-PJM,301.31,371.1,42.7,8.29,pjm.com,false,
2023-06-13 16:00:00,USA,PJM Interconnection,US-MIDA-PJM,298.93,368.62,42.88,8.91,pjm.com,false,
2023-06-13 17:00:00,USA,PJM Interconnection,US-MIDA-PJM,298.55,368.56,42.68,9.42,pjm.com,false,
2023-06-13 18:00:00,USA,PJM Interconnection,US-MIDA-PJM,296.37,365.86,43.24,10.26,pjm.com,false,
2023-06-13 19:00:00,USA,PJM Interconnection,US-MIDA-PJM,295.86,365.24,43.58,11.08,pjm.com,false,
2023-06-13 20:00:00,USA,PJM Interconnection,US-MIDA-PJM,293.94,363.58,43.5,11.74,pjm.com,false,
2023-06-13 21:00:00,USA,PJM Interconnection,US-MIDA-PJM,295.23,365.45,43.04,11.72,pjm.com,false,
2023-06-13 22:00:00,USA,PJM Interconnection,US-MIDA-PJM,300.71,372.15,41.78,10.42,pjm.com,false,
2023-06-13 23:00:00,USA,PJM Interconnection,US-MIDA-PJM,308.57,381.52,40.2,8.38,pjm.com,false,
2023-06-14 00:00:00,USA,PJM Interconnection,US-MIDA-PJM,307.65,380.27,40.42,7.88,pjm.com,false,
2023-06-14 01:00:00,USA,PJM Interconnection,US-MIDA-PJM,297.23,368.0,42.06,8.93,pjm.com,false,
2023-06-14 02:00:00,USA,PJM Interconnection,US-MIDA-PJM,297.25,367.36,42.36,7.6,pjm.com,false,
2023-06-14 03:00:00,USA,PJM Interconnection,US-MIDA-PJM,299.57,369.13,42.56,5.74,pjm.com,false,
2023-06-14 04:00:00,USA,PJM Interconnection,US-MIDA-PJM,297.66,365.89,43.65,4.99,pjm.com,false,
2023-06-14 05:00:00,USA,PJM Interconnection,US-MIDA-PJM,297.28,365.05,44.0,4.73,pjm.com,false,
2023-06-14 06:00:00,USA,PJM Interconnection,US-MIDA-PJM,298.77,366.62,43.88,4.24,pjm.com,false,
2023-06-14 07:00:00,USA,PJM Interconnection,US-MIDA-PJM,299.96,367.87,43.78,3.77,pjm.com,false,
2023-06-14 08:00:00,USA,PJM Interconnection,US-MIDA-PJM,301.06,369.5,43.33,3.39,pjm.com,false,
2023-06-14 09:00:00,USA,PJM Interconnection,US-MIDA-PJM,305.44,375.21,42.12,2.98,pjm.com,false,
2023-06-14 10:00:00,USA,PJM Interconnection,US-MIDA-PJM,309.95,381.34,40.7,3.0,pjm.com,false,
2023-06-14 11:00:00,USA,PJM Interconnection,US-MIDA-PJM,309.77,382.21,40.05,4.01,pjm.com,false,
2023-06-14 12:00:00,USA,PJM Interconnection,US-MIDA-PJM,308.42,381.19,40.01,5.25,pjm.com,false,
2023-06-14 13:00:00,USA,PJM Interconnection,US-MIDA-PJM,309.76,382.68,39.94,5.87,pjm.com,false,
2023-06-14 14:00:00,USA,PJM Interconnection,US-MIDA-PJM,309.04,381.81,40.15,6.35,pjm.com,false,
2023-06-14 15:00:00,USA,PJM Interconnection,US-MIDA-PJM,308.33,380.99,40.3,6.84,pjm.com,false,
2023-06-14 16:00:00,USA,PJM Interconnection,US-MIDA-PJM,310.27,383.17,40.02,6.93,pjm.com,false,
2023-06-14 17:00:00,USA,PJM Interconnection,US-MIDA-PJM,318.9,393.36,38.42,6.1,pjm.com,false,
2023-06-14 18:00:00,USA,PJM Interconnection,US-MIDA-PJM,320.94,396.06,37.89,5.87,pjm.com,false,
2023-06-14 19:00:00,USA,PJM Interconnection,US-MIDA-PJM,316.52,390.44,39.18,7.07,pjm.com,false,
2023-06-14 20:00:00,USA,PJM Interconnection,US-MIDA-PJM,308.79,381.34,40.7,8.89,pjm.com,false,
2023-06-14 21:00:00,USA,PJM Interconnection,US-MIDA-PJM,307.58,380.17,40.85,9.55,pjm.com,false,
2023-06-14 22:00:00,USA,PJM Interconnection,US-MIDA-PJM,313.75,387.02,39.93,8.72,pjm.com,false,
2023-06-14 23:00:00,USA,PJM Interconnection,US-MIDA-PJM,322.69,396.71,38.81,7.34,pjm.com,false,
2023-06-15 00:00:00,USA,PJM Interconnection,US-MIDA-PJM,324.74,399.0,38.38,5.9,pjm.com,false,
2023-06-15 01:00:00,USA,PJM Interconnection,US-MIDA-PJM,327.85,402.47,37.85,4.58,pjm.com,false,
2023-06-15 02:00:00,USA,PJM Interconnection,US-MIDA-PJM,331.33,405.6,37.7,2.98,pjm.com,false,
2023-06-15 03:00:00,USA,PJM Interconnection,US-MIDA-PJM,324.37,397.16,38.95,2.25,pjm.com,false,
2023-06-15 04:00:00,USA,PJM Interconnection,US-MIDA-PJM,315.1,385.53,41.15,2.26,pjm.com,false,
2023-06-15 05:00:00,USA,PJM Interconnection,US-MIDA-PJM,307.38,376.09,42.84,2.49,pjm.com,false,
2023-06-15 06:00:00,USA,PJM Interconnection,US-MIDA-PJM,301.79,369.62,43.78,2.6,pjm.com,false,
2023-06-15 07:00:00,USA,PJM Interconnection,US-MIDA-PJM,295.95,362.73,44.86,2.78,pjm.com,false,
2023-06-15 08:00:00,USA,PJM Interconnection,US-MIDA-PJM,294.97,362.07,44.68,2.67,pjm.com,false,
2023-06-15 09:00:00,USA,PJM Interconnection,US-MIDA-PJM,299.89,367.82,43.8,2.62,pjm.com,false,
2023-06-15 10:00:00,USA,PJM Interconnection,US-MIDA-PJM,303.86,373.0,42.73,2.69,pjm.com,false,
2023-06-15 11:00:00,USA,PJM Interconnection,US-MIDA-PJM,302.94,372.65,42.44,4.07,pjm.com,false,
2023-06-15 12:00:00,USA,PJM Interconnection,US-MIDA-PJM,303.27,373.33,42.29,5.34,pjm.com,false,
2023-06-15 13:00:00,USA,PJM Interconnection,US-MIDA-PJM,306.04,376.82,41.72,5.48,pjm.com,false,
2023-06-15 14:00:00,USA,PJM Interconnection,US-MIDA-PJM,307.92,379.53,41.08,5.87,pjm.com,false,
2023-06-15 15:00:00,USA,PJM Interconnection,US-MIDA-PJM,308.06,380.09,40.8,6.13,pjm.com,false,
2023-06-15 16:00:00,USA,PJM Interconnection,US-MIDA-PJM,310.27,383.44,39.88,6.37,pjm.com,false,
2023-06-15 17:00:00,USA,PJM Interconnection,US-MIDA-PJM,309.48,383.17,39.69,7.14,pjm.com,false,
2023-06-15 18:00:00,USA,PJM Interconnection,US-MIDA-PJM,302.76,376.47,40.21,8.41,pjm.com,false,
2023-06-15 19:00:00,USA,PJM Interconnection,US-MIDA-PJM,301.17,374.66,40.67,9.58,pjm.com,false,
2023-06-15 20:00:00,USA,PJM Interconnection,US-MIDA-PJM,299.17,372.62,40.77,10.28,pjm.com,false,
2023-06-15 21:00:00,USA,PJM Interconnection,US-MIDA-PJM,301.0,374.63,40.6,10.37,pjm.com,false,
2023-06-15 22:00:00,USA,PJM Interconnection,US-MIDA-PJM,306.25,380.38,39.88,9.48,pjm.com,false,
2023-06-15 23:00:00,USA,PJM Interconnection,US-MIDA-PJM,305.66,380.17,39.67,8.46,pjm.com,false,
2023-06-16 00:00:00,USA,PJM Interconnection,US-MIDA-PJM,304.91,379.25,39.69,7.65,pjm.com,false,
2023-06-16 01:00:00,USA,PJM Interconnection,US-MIDA-PJM,307.71,382.32,39.16,6.6,pjm.com,false,
2023-06-16 02:00:00,USA,PJM Interconnection,US-MIDA-PJM,305.93,378.99,39.75,5.08,pjm.com,false,
2023-06-16 03:00:00,USA,PJM Interconnection,US-MIDA-PJM,299.56,370.71,41.37,4.89,pjm.com,false,
2023-06-16 04:00:00,USA,PJM Interconnection,US-MIDA-PJM,293.88,362.73,43.38,4.73,pjm.com,false,
2023-06-16 05:00:00,USA,PJM Interconnection,US-MIDA-PJM,292.99,361.91,43.4,3.75,pjm.com,false,
2023-06-16 06:00:00,USA,PJM Interconnection,US-MIDA-PJM,291.78,360.59,43.56,2.99,pjm.com,false,
2023-06-16 07:00:00,USA,PJM Interconnection,US-MIDA-PJM,290.92,358.87,44.27,2.9,pjm.com,false,
2023-06-16 08:00:00,USA,PJM Interconnection,US-MIDA-PJM,290.29,357.84,44.59,2.93,pjm.com,false,
2023-06-16 09:00:00,USA,PJM Interconnection,US-MIDA-PJM,293.39,362.06,43.59,2.73,pjm.com,false,
2023-06-16 10:00:00,USA,PJM Interconnection,US-MIDA-PJM,296.84,366.82,42.46,2.96,pjm.com,false,
2023-06-16 11:00:00,USA,PJM Interconnection,US-MIDA-PJM,298.19,369.36,41.58,3.7,pjm.com,false,
2023-06-16 12:00:00,USA,PJM Interconnection,US-MIDA-PJM,299.34,371.6,40.83,4.62,pjm.com,false,
2023-06-16 13:00:00,USA,PJM Interconnection,US-MIDA-PJM,298.66,371.74,40.32,5.01,pjm.com,false,
2023-06-16 14:00:00,USA,PJM Interconnection,US-MIDA-PJM,300.54,374.3,39.87,5.22,pjm.com,false,
2023-06-16 15:00:00,USA,PJM Interconnection,US-MIDA-PJM,293.56,366.59,40.73,6.43,pjm.com,false,
2023-06-16 16:00:00,USA,PJM Interconnection,US-MIDA-PJM,289.13,361.96,41.28,7.82,pjm.com,false,
2023-06-16 17:00:00,USA,PJM Interconnection,US-MIDA-PJM,287.85,360.65,41.57,8.64,pjm.com,false,
2023-06-16 18:00:00,USA,PJM Interconnection,US-MIDA-PJM,285.85,358.21,42.07,9.38,pjm.com,false,
2023-06-16 19:00:00,USA,PJM Interconnection,US-MIDA-PJM,288.44,361.08,41.78,8.93,pjm.com,false,
2023-06-16 20:00:00,USA,PJM Interconnection,US-MIDA-PJM,292.44,365.71,41.3,8.38,pjm.com,false,
2023-06-16 21:00:00,USA,PJM Interconnection,US-MIDA-PJM,293.4,366.75,41.18,8.28,pjm.com,false,
2023-06-16 22:00:00,USA,PJM Interconnection,US-MIDA-PJM,294.31,367.8,40.93,7.73,pjm.com,false,
2023-06-16 23:00:00,USA,PJM Interconnection,US-MIDA-PJM,293.66,366.82,41.02,7.28,pjm.com,false,
2023-06-17 00:00:00,USA,PJM Interconnection,US-MIDA-PJM,299.44,373.6,39.82,5.46,pjm.com,false,
2023-06-17 01:00:00,USA,PJM Interconnection,US-MIDA-PJM,307.05,382.09,38.43,3.64,pjm.com,false,
2023-06-17 02:00:00,USA,PJM Interconnection,US-MIDA-PJM,305.69,379.81,38.93,2.78,pjm.com,false,
2023-06-17 03:00:00,USA,PJM Interconnection,US-MIDA-PJM,300.9,372.77,40.86,2.69,pjm.com,false,
2023-06-17 04:00:00,USA,PJM Interconnection,US-MIDA-PJM,296.12,365.98,42.9,2.49,pjm.com,false,
2023-06-17 05:00:00,USA,PJM Interconnection,US-MIDA-PJM,286.12,353.89,44.66,2.6,pjm.com,false,
2023-06-17 06:00:00,USA,PJM Interconnection,US-MIDA-PJM,284.34,351.73,45.04,2.68,pjm.com,false,
2023-06-17 07:00:00,USA,PJM Interconnection,US-MIDA-PJM,280.63,346.68,46.24,2.87,pjm.com,false,
2023-06-17 08:00:00,USA,PJM Interconnection,US-MIDA-PJM,279.32,344.82,46.73,2.86,pjm.com,false,
2023-06-17 09:00:00,USA,PJM Interconnection,US-MIDA-PJM,280.06,345.94,46.41,2.45,pjm.com,false,
2023-06-17 10:00:00,USA,PJM Interconnection,US-MIDA-PJM,280.13,346.11,46.37,2.42,pjm.com,false,
2023-06-17 11:00:00,USA,PJM Interconnection,US-MIDA-PJM,277.26,343.06,46.79,3.8,pjm.com,false,
2023-06-17 12:00:00,USA,PJM Interconnection,US-MIDA-PJM,273.48,339.39,47.1,5.76,pjm.com,false,
2023-06-17 13:00:00,USA,PJM Interconnection,US-MIDA-PJM,274.63,341.66,46.3,6.84,pjm.com,false,
2023-06-17 14:00:00,USA,PJM Interconnection,US-MIDA-PJM,279.76,348.56,44.74,7.23,pjm.com,false,
2023-06-17 15:00:00,USA,PJM Interconnection,US-MIDA-PJM,280.38,349.97,44.12,7.56,pjm.com,false,
2023-06-17 16:00:00,USA,PJM Interconnection,US-MIDA-PJM,281.19,351.29,43.71,7.74,pjm.com,false,
2023-06-17 17:00:00,USA,PJM Interconnection,US-MIDA-PJM,282.46,353.16,43.24,7.78,pjm.com,false,
2023-06-17 18:00:00,USA,PJM Interconnection,US-MIDA-PJM,285.91,357.61,42.5,7.85,pjm.com,false,
2023-06-17 19:00:00,USA,PJM Interconnection,US-MIDA-PJM,282.45,353.5,43.29,9.07,pjm.com,false,
2023-06-17 20:00:00,USA,PJM Interconnection,US-MIDA-PJM,285.93,357.35,42.94,9.77,pjm.com,false,
2023-06-17 21:00:00,USA,PJM Interconnection,US-MIDA-PJM,282.38,353.09,43.72,10.96,pjm.com,false,
2023-06-17 22:00:00,USA,PJM Interconnection,US-MIDA-PJM,292.91,364.64,42.3,9.67,pjm.com,false,
2023-06-17 23:00:00,USA,PJM Interconnection,US-MIDA-PJM,303.7,376.44,40.83,7.63,pjm.com,false,
2023-06-18 00:00:00,USA,PJM Interconnection,US-MIDA-PJM,304.89,378.01,40.33,5.89,pjm.com,false,
2023-06-18 01:00:00,USA,PJM Interconnection,US-MIDA-PJM,310.44,384.56,39.16,3.96,pjm.com,false,
2023-06-18 02:00:00,USA,PJM Interconnection,US-MIDA-PJM,313.15,386.99,38.91,2.27,pjm.com,false,
2023-06-18 03:00:00,USA,PJM Interconnection,US-MIDA-PJM,302.69,374.16,41.04,2.25,pjm.com,false,
2023-06-18 04:00:00,USA,PJM Interconnection,US-MIDA-PJM,289.58,357.75,44.17,2.6,pjm.com,false,
2023-06-18 05:00:00,USA,PJM Interconnection,US-MIDA-PJM,284.82,351.15,45.78,2.91,pjm.com,false,
2023-06-18 06:00:00,USA,PJM Interconnection,US-MIDA-PJM,283.32,348.8,46.52,2.89,pjm.com,false,
2023-06-18 07:00:00,USA,PJM Interconnection,US-MIDA-PJM,280.86,345.11,47.59,2.96,pjm.com,false,
2023-06-18 08:00:00,USA,PJM Interconnection,US-MIDA-PJM,280.66,344.31,48.06,2.84,pjm.com,false,
2023-06-18 09:00:00,USA,PJM Interconnection,US-MIDA-PJM,281.64,345.28,48.02,2.61,pjm.com,false,
2023-06-18 10:00:00,USA,PJM Interconnection,US-MIDA-PJM,275.01,336.54,49.95,3.91,pjm.com,false,
2023-06-18 11:00:00,USA,PJM Interconnection,US-MIDA-PJM,267.11,327.05,51.68,6.23,pjm.com,false,
2023-06-18 12:00:00,USA,PJM Interconnection,US-MIDA-PJM,268.77,330.53,50.44,7.19,pjm.com,false,
2023-06-18 13:00:00,USA,PJM Interconnection,US-MIDA-PJM,271.28,334.43,49.4,7.33,pjm.com,false,
2023-06-18 14:00:00,USA,PJM Interconnection,US-MIDA-PJM,272.94,337.56,48.25,8.17,pjm.com,false,
2023-06-18 15:00:00,USA,PJM Interconnection,US-MIDA-PJM,274.9,340.75,47.19,8.73,pjm.com,false,
2023-06-18 16:00:00,USA,PJM Interconnection,US-MIDA-PJM,279.49,347.41,45.42,8.47,pjm.com,false,
2023-06-18 17:00:00,USA,PJM Interconnection,US-MIDA-PJM,283.26,352.85,44.03,8.52,pjm.com,false,
2023-06-18 18:00:00,USA,PJM Interconnection,US-MIDA-PJM,289.58,361.25,42.3,8.16,pjm.com,false,
2023-06-18 19:00:00,USA,PJM Interconnection,US-MIDA-PJM,290.24,362.59,41.94,9.07,pjm.com,false,
2023-06-18 20:00:00,USA,PJM Interconnection,US-MIDA-PJM,294.45,367.51,41.23,9.38,pjm.com,false,
2023-06-18 21:00:00,USA,PJM Interconnection,US-MIDA-PJM,299.38,372.54,40.89,9.66,pjm.com,false,
2023-06-18 22:00:00,USA,PJM Interconnection,US-MIDA-PJM,303.59,377.19,40.25,8.96,pjm.com,false,
2023-06-18 23:00:00,USA,PJM Interconnection,US-MIDA-PJM,312.92,387.39,39.13,7.17,pjm.com,false,
2023-06-19 00:00:00,USA,PJM Interconnection,US-MIDA-PJM,313.5,388.66,38.52,5.5,pjm.com,false,
2023-06-19 01:00:00,USA,PJM Interconnection,US-MIDA-PJM,317.51,393.32,37.58,3.89,pjm.com,false,
2023-06-19 02:00:00,USA,PJM Interconnection,US-MIDA-PJM,325.07,400.47,37.07,1.97,pjm.com,false,
2023-06-19 03:00:00,USA,PJM Interconnection,US-MIDA-PJM,315.15,388.32,39.18,2.2,pjm.com,false,
2023-06-19 04:00:00,USA,PJM Interconnection,US-MIDA-PJM,304.41,375.19,41.5,2.5,pjm.com,false,
2023-06-19 05:00:00,USA,PJM Interconnection,US-MIDA-PJM,298.51,367.93,42.77,2.57,pjm.com,false,
2023-06-19 06:00:00,USA,PJM Interconnection,US-MIDA-PJM,295.55,363.99,43.65,2.56,pjm.com,false,
2023-06-19 07:00:00,USA,PJM Interconnection,US-MIDA-PJM,293.59,360.67,44.77,2.76,pjm.com,false,
2023-06-19 08:00:00,USA,PJM Interconnection,US-MIDA-PJM,294.88,361.91,44.75,2.69,pjm.com,false,
2023-06-19 09:00:00,USA,PJM Interconnection,US-MIDA-PJM,297.48,365.67,43.81,2.67,pjm.com,false,
2023-06-19 10:00:00,USA,PJM Interconnection,US-MIDA-PJM,298.74,367.96,43.16,3.05,pjm.com,false,
2023-06-19 11:00:00,USA,PJM Interconnection,US-MIDA-PJM,298.49,368.51,42.64,3.89,pjm.com,false,
2023-06-19 12:00:00,USA,PJM Interconnection,US-MIDA-PJM,300.39,371.92,41.45,4.68,pjm.com,false,
2023-06-19 13:00:00,USA,PJM Interconnection,US-MIDA-PJM,306.1,379.5,39.95,4.95,pjm.com,false,
2023-06-19 14:00:00,USA,PJM Interconnection,US-MIDA-PJM,307.21,381.23,39.87,6.34,pjm.com,false,
2023-06-19 15:00:00,USA,PJM Interconnection,US-MIDA-PJM,306.9,381.19,39.75,7.5,pjm.com,false,
2023-06-19 16:00:00,USA,PJM Interconnection,US-MIDA-PJM,308.95,384.03,39.03,7.99,pjm.com,false,
2023-06-19 17:00:00,USA,PJM Interconnection,US-MIDA-PJM,318.02,394.36,37.58,7.66,pjm.com,false,
2023-06-19 18:00:00,USA,PJM Interconnection,US-MIDA-PJM,326.92,404.5,36.2,7.03,pjm.com,false,
2023-06-19 19:00:00,USA,PJM Interconnection,US-MIDA-PJM,332.93,410.91,35.5,6.91,pjm.com,false,
2023-06-19 20:00:00,USA,PJM Interconnection,US-MIDA-PJM,334.97,413.01,35.27,7.0,pjm.com,false,
2023-06-19 21:00:00,USA,PJM Interconnection,US-MIDA-PJM,340.11,418.35,34.81,6.72,pjm.com,false,
2023-06-19 22:00:00,USA,PJM Interconnection,US-MIDA-PJM,340.73,418.8,34.79,6.43,pjm.com,false,
2023-06-19 23:00:00,USA,PJM Interconnection,US-MIDA-PJM,341.6,420.03,34.3,5.58,pjm.com,false,
2023-06-20 00:00:00,USA,PJM Interconnection,US-MIDA-PJM,336.3,414.3,34.86,5.38,pjm.com,false,
2023-06-20 01:00:00,USA,PJM Interconnection,US-MIDA-PJM,328.91,405.96,35.88,5.59,pjm.com,false,
2023-06-20 02:00:00,USA,PJM Interconnection,US-MIDA-PJM,317.25,392.21,37.81,5.87,pjm.com,false,
2023-06-20 03:00:00,USA,PJM Interconnection,US-MIDA-PJM,310.2,383.05,39.61,5.64,pjm.com,false,
2023-06-20 04:00:00,USA,PJM Interconnection,US-MIDA-PJM,306.23,377.34,41.05,4.94,pjm.com,false,
2023-06-20 05:00:00,USA,PJM Interconnection,US-MIDA-PJM,303.33,373.43,41.94,4.97,pjm.com,false,
2023-06-20 06:00:00,USA,PJM Interconnection,US-MIDA-PJM,303.46,373.15,42.24,4.57,pjm.com,false,
2023-06-20 07:00:00,USA,PJM Interconnection,US-MIDA-PJM,300.38,368.7,43.42,4.62,pjm.com,false,
2023-06-20 08:00:00,USA,PJM Interconnection,US-MIDA-PJM,300.87,369.42,43.23,4.37,pjm.com,false,
2023-06-20 09:00:00,USA,PJM Interconnection,US-MIDA-PJM,303.84,373.51,42.31,4.07,pjm.com,false,
2023-06-20 10:00:00,USA,PJM Interconnection,US-MIDA-PJM,309.18,380.48,41.01,3.98,pjm.com,false,
2023-06-20 11:00:00,USA,PJM Interconnection,US-MIDA-PJM,314.84,387.29,39.9,4.25,pjm.com,false,
2023-06-20 12:00:00,USA,PJM Interconnection,US-MIDA-PJM,321.17,395.1,38.52,4.14,pjm.com,false,
2023-06-20 13:00:00,USA,PJM Interconnection,US-MIDA-PJM,325.32,400.37,37.54,4.24,pjm.com,false,
2023-06-20 14:00:00,USA,PJM Interconnection,US-MIDA-PJM,325.26,401.07,37.17,4.91,pjm.com,false,
2023-06-20 15:00:00,USA,PJM Interconnection,US-MIDA-PJM,319.72,394.55,38.28,6.78,pjm.com,false,
2023-06-20 16:00:00,USA,PJM Interconnection,US-MIDA-PJM,314.26,388.42,39.15,8.41,pjm.com,false,
2023-06-20 17:00:00,USA,PJM Interconnection,US-MIDA-PJM,314.39,389.13,38.97,9.17,pjm.com,false,
2023-06-20 18:00:00,USA,PJM Interconnection,US-MIDA-PJM,320.24,395.85,38.01,8.75,pjm.com,false,
2023-06-20 19:00:00,USA,PJM Interconnection,US-MIDA-PJM,318.82,394.44,37.97,8.96,pjm.com,false,
2023-06-20 20:00:00,USA,PJM Interconnection,US-MIDA-PJM,322.37,398.55,37.42,8.81,pjm.com,false,
2023-06-20 21:00:00,USA,PJM Interconnection,US-MIDA-PJM,327.08,403.37,37.08,8.63,pjm.com,false,
2023-06-20 22:00:00,USA,PJM Interconnection,US-MIDA-PJM,325.72,401.69,37.19,8.4,pjm.com,false,
2023-06-20 23:00:00,USA,PJM Interconnection,US-MIDA-PJM,322.54,398.74,37.1,7.8,pjm.com,false,
2023-06-21 00:00:00,USA,PJM Interconnection,US-MIDA-PJM,318.27,394.24,37.38,7.37,pjm.com,false,
2023-06-21 01:00:00,USA,PJM Interconnection,US-MIDA-PJM,319.45,394.86,37.58,6.89,pjm.com,false,
2023-06-21 02:00:00,USA,PJM Interconnection,US-MIDA-PJM,313.3,387.38,38.6,6.16,pjm.com,false,
2023-06-21 03:00:00,USA,PJM Interconnection,US-MIDA-PJM,309.51,382.33,39.58,5.13,pjm.com,false,
2023-06-21 04:00:00,USA,PJM Interconnection,US-MIDA-PJM,304.04,374.84,41.38,5.07,pjm.com,false,
2023-06-21 05:00:00,USA,PJM Interconnection,US-MIDA-PJM,299.54,369.1,42.54,5.05,pjm.com,false,
2023-06-21 06:00:00,USA,PJM Interconnection,US-MIDA-PJM,294.29,362.63,43.71,5.13,pjm.com,false,
2023-06-21 07:00:00,USA,PJM Interconnection,US-MIDA-PJM,294.02,361.8,44.15,4.73,pjm.com,false,
2023-06-21 08:00:00,USA,PJM Interconnection,US-MIDA-PJM,293.87,361.59,44.22,4.62,pjm.com,false,
2023-06-21 09:00:00,USA,PJM Interconnection,US-MIDA-PJM,295.94,364.61,43.48,4.56,pjm.com,false,
2023-06-21 10:00:00,USA,PJM Interconnection,US-MIDA-PJM,298.99,369.32,42.26,4.94,pjm.com,false,
2023-06-21 11:00:00,USA,PJM Interconnection,US-MIDA-PJM,303.65,375.88,40.65,4.96,pjm.com,false,
2023-06-21 12:00:00,USA,PJM Interconnection,US-MIDA-PJM,311.26,384.73,39.45,4.64,pjm.com,false,
2023-06-21 13:00:00,USA,PJM Interconnection,US-MIDA-PJM,316.09,389.99,38.93,4.89,pjm.com,false,
2023-06-21 14:00:00,USA,PJM Interconnection,US-MIDA-PJM,316.8,390.86,38.79,5.91,pjm.com,false,
2023-06-21 15:00:00,USA,PJM Interconnection,US-MIDA-PJM,314.94,388.96,38.84,7.14,pjm.com,false,
2023-06-21 16:00:00,USA,PJM Interconnection,US-MIDA-PJM,314.51,388.61,38.8,8.14,pjm.com,false,
2023-06-21 17:00:00,USA,PJM Interconnection,US-MIDA-PJM,310.85,384.9,39.07,9.17,pjm.com,false,
2023-06-21 18:00:00,USA,PJM Interconnection,US-MIDA-PJM,312.08,386.52,38.78,9.25,pjm.com,false,
2023-06-21 19:00:00,USA,PJM Interconnection,US-MIDA-PJM,314.37,389.04,38.51,9.06,pjm.com,false,
2023-06-21 20:00:00,USA,PJM Interconnection,US-MIDA-PJM,318.99,394.29,37.87,8.5,pjm.com,false,
2023-06-21 21:00:00,USA,PJM Interconnection,US-MIDA-PJM,323.2,398.78,37.42,8.24,pjm.com,false,
2023-06-21 22:00:00,USA,PJM Interconnection,US-MIDA-PJM,327.94,403.71,36.95,7.49,pjm.com,false,
2023-06-21 23:00:00,USA,PJM Interconnection,US-MIDA-PJM,322.11,396.94,37.83,6.86,pjm.com,false,
2023-06-22 00:00:00,USA,PJM Interconnection,US-MIDA-PJM,320.6,395.67,37.69,6.03,pjm.com,false,
2023-06-22 01:00:00,USA,PJM Interconnection,US-MIDA-PJM,318.1,393.02,37.76,5.35,pjm.com,false,
2023-06-22 02:00:00,USA,PJM Interconnection,US-MIDA-PJM,314.92,388.88,38.48,4.67,pjm.com,false,
2023-06-22 03:00:00,USA,PJM Interconnection,US-MIDA-PJM,309.54,381.38,40.29,4.59,pjm.com,false,
2023-06-22 04:00:00,USA,PJM Interconnection,US-MIDA-PJM,301.4,370.51,42.76,5.01,pjm.com,false,
2023-06-22 05:00:00,USA,PJM Interconnection,US-MIDA-PJM,293.64,360.7,44.69,5.04,pjm.com,false,
2023-06-22 06:00:00,USA,PJM Interconnection,US-MIDA-PJM,291.44,358.19,45.05,4.65,pjm.com,false,
2023-06-22 07:00:00,USA,PJM Interconnection,US-MIDA-PJM,291.23,357.45,45.47,4.25,pjm.com,false,
2023-06-22 08:00:00,USA,PJM Interconnection,US-MIDA-PJM,293.57,360.44,44.86,3.66,pjm.com,false,
2023-06-22 09:00:00,USA,PJM Interconnection,US-MIDA-PJM,298.16,366.38,43.64,2.94,pjm.com,false,
2023-06-22 10:00:00,USA,PJM Interconnection,US-MIDA-PJM,307.03,377.6,41.46,2.43,pjm.com,false,
2023-06-22 11:00:00,USA,PJM Interconnection,US-MIDA-PJM,308.95,380.69,40.54,2.6,pjm.com,false,
2023-06-22 12:00:00,USA,PJM Interconnection,US-MIDA-PJM,313.15,386.37,39.31,2.75,pjm.com,false,
2023-06-22 13:00:00,USA,PJM Interconnection,US-MIDA-PJM,313.52,387.15,39.01,3.12,pjm.com,false,
2023-06-22 14:00:00,USA,PJM Interconnection,US-MIDA-PJM,317.36,391.64,38.38,3.55,pjm.com,false,
2023-06-22 15:00:00,USA,PJM Interconnection,US-MIDA-PJM,316.31,390.49,38.59,4.38,pjm.com,false,
2023-06-22 16:00:00,USA,PJM Interconnection,US-MIDA-PJM,318.54,393.31,38.12,4.87,pjm.com,false,
2023-06-22 17:00:00,USA,PJM Interconnection,US-MIDA-PJM,324.9,400.01,37.51,5.26,pjm.com,false,
2023-06-22 18:00:00,USA,PJM Interconnection,US-MIDA-PJM,325.24,400.33,37.51,5.5,pjm.com,false,
2023-06-22 19:00:00,USA,PJM Interconnection,US-MIDA-PJM,318.78,393.05,38.51,6.32,pjm.com,false,
2023-06-22 20:00:00,USA,PJM Interconnection,US-MIDA-PJM,311.75,385.01,39.67,7.38,pjm.com,false,
2023-06-22 21:00:00,USA,PJM Interconnection,US-MIDA-PJM,308.12,381.16,40.08,7.88,pjm.com,false,
2023-06-22 22:00:00,USA,PJM Interconnection,US-MIDA-PJM,305.78,378.78,40.2,7.88,pjm.com,false,
2023-06-22 23:00:00,USA,PJM Interconnection,US-MIDA-PJM,308.15,381.66,39.62,7.09,pjm.com,false,
2023-06-23 00:00:00,USA,PJM Interconnection,US-MIDA-PJM,314.43,388.85,38.53,5.91,pjm.com,false,
2023-06-23 01:00:00,USA,PJM Interconnection,US-MIDA-PJM,325.03,400.4,37.13,4.15,pjm.com,false,
2023-06-23 02:00:00,USA,PJM Interconnection,US-MIDA-PJM,326.18,400.56,37.63,2.86,pjm.com,false,
2023-06-23 03:00:00,USA,PJM Interconnection,US-MIDA-PJM,319.62,392.21,39.27,2.54,pjm.com,false,
2023-06-23 04:00:00,USA,PJM Interconnection,US-MIDA-PJM,313.7,385.57,40.12,2.05,pjm.com,false,
2023-06-23 05:00:00,USA,PJM Interconnection,US-MIDA-PJM,307.84,378.91,41.02,1.76,pjm.com,false,
2023-06-23 06:00:00,USA,PJM Interconnection,US-MIDA-PJM,305.7,376.34,41.45,1.52,pjm.com,false,
2023-06-23 07:00:00,USA,PJM Interconnection,US-MIDA-PJM,303.35,373.35,42.05,1.62,pjm.com,false,
2023-06-23 08:00:00,USA,PJM Interconnection,US-MIDA-PJM,304.14,374.26,41.94,1.42,pjm.com,false,
2023-06-23 09:00:00,USA,PJM Interconnection,US-MIDA-PJM,306.52,377.69,41.04,1.16,pjm.com,false,
2023-06-23 10:00:00,USA,PJM Interconnection,US-MIDA-PJM,309.47,382.13,39.8,1.25,pjm.com,false,
2023-06-23 11:00:00,USA,PJM Interconnection,US-MIDA-PJM,314.92,389.17,38.38,1.56,pjm.com,false,
2023-06-23 12:00:00,USA,PJM Interconnection,US-MIDA-PJM,319.36,394.48,37.56,2.2,pjm.com,false,
2023-06-23 13:00:00,USA,PJM Interconnection,US-MIDA-PJM,321.28,397.06,37.05,2.35,pjm.com,false,
2023-06-23 14:00:00,USA,PJM Interconnection,US-MIDA-PJM,325.26,402.02,36.34,2.7,pjm.com,false,
2023-06-23 15:00:00,USA,PJM Interconnection,US-MIDA-PJM,322.92,399.62,36.65,3.71,pjm.com,false,
2023-06-23 16:00:00,USA,PJM Interconnection,US-MIDA-PJM,326.1,403.2,36.28,4.37,pjm.com,false,
2023-06-23 17:00:00,USA,PJM Interconnection,US-MIDA-PJM,321.37,397.7,37.18,5.59,pjm.com,false,
2023-06-23 18:00:00,USA,PJM Interconnection,US-MIDA-PJM,322.23,398.66,37.19,6.15,pjm.com,false,
2023-06-23 19:00:00,USA,PJM Interconnection,US-MIDA-PJM,323.58,399.88,37.34,6.65,pjm.com,false,
2023-06-23 20:00:00,USA,PJM Interconnection,US-MIDA-PJM,326.18,402.62,37.03,6.55,pjm.com,false,
2023-06-23 21:00:00,USA,PJM Interconnection,US-MIDA-PJM,328.2,404.79,36.92,6.62,pjm.com,false,
2023-06-23 22:00:00,USA,PJM Interconnection,US-MIDA-PJM,333.07,410.01,36.5,5.95,pjm.com,false,
2023-06-23 23:00:00,USA,PJM Interconnection,US-MIDA-PJM,333.55,411.18,35.99,4.84,pjm.com,false,
2023-06-24 00:00:00,USA,PJM Interconnection,US-MIDA-PJM,337.4,415.74,35.18,3.44,pjm.com,false,
2023-06-24 01:00:00,USA,PJM Interconnection,US-MIDA-PJM,339.84,418.56,34.6,2.04,pjm.com,false,
2023-06-24 02:00:00,USA,PJM Interconnection,US-MIDA-PJM,336.56,413.77,35.5,1.76,pjm.com,false,
2023-06-24 03:00:00,USA,PJM Interconnection,US-MIDA-PJM,332.75,408.6,36.6,1.21,pjm.com,false,
2023-06-24 04:00:00,USA,PJM Interconnection,US-MIDA-PJM,320.19,393.98,38.2,1.0,pjm.com,false,
2023-06-24 05:00:00,USA,PJM Interconnection,US-MIDA-PJM,310.6,382.83,39.87,0.98,pjm.com,false,
2023-06-24 06:00:00,USA,PJM Interconnection,US-MIDA-PJM,306.18,377.44,40.82,0.99,pjm.com,false,
2023-06-24 07:00:00,USA,PJM Interconnection,US-MIDA-PJM,302.82,373.22,41.65,1.04,pjm.com,false,
2023-06-24 08:00:00,USA,PJM Interconnection,US-MIDA-PJM,300.03,369.62,42.4,1.14,pjm.com,false,
2023-06-24 09:00:00,USA,PJM Interconnection,US-MIDA-PJM,300.39,370.23,42.2,1.19,pjm.com,false,
2023-06-24 10:00:00,USA,PJM Interconnection,US-MIDA-PJM,300.23,370.39,41.97,1.19,pjm.com,false,
2023-06-24 11:00:00,USA,PJM Interconnection,US-MIDA-PJM,298.89,369.14,42.05,1.93,pjm.com,false,
2023-06-24 12:00:00,USA,PJM Interconnection,US-MIDA-PJM,301.89,373.01,41.35,3.12,pjm.com,false,
2023-06-24 13:00:00,USA,PJM Interconnection,US-MIDA-PJM,303.29,375.93,40.22,3.59,pjm.com,false,
2023-06-24 14:00:00,USA,PJM Interconnection,US-MIDA-PJM,305.07,379.16,39.14,4.26,pjm.com,false,
2023-06-24 15:00:00,USA,PJM Interconnection,US-MIDA-PJM,306.68,381.28,38.8,5.3,pjm.com,false,
2023-06-24 16:00:00,USA,PJM Interconnection,US-MIDA-PJM,311.34,386.75,38.19,5.86,pjm.com,false,
2023-06-24 17:00:00,USA,PJM Interconnection,US-MIDA-PJM,308.29,383.49,38.67,7.57,pjm.com,false,
2023-06-24 18:00:00,USA,PJM Interconnection,US-MIDA-PJM,312.2,387.79,38.18,7.72,pjm.com,false,
2023-06-24 19:00:00,USA,PJM Interconnection,US-MIDA-PJM,318.02,394.08,37.51,7.77,pjm.com,false,
2023-06-24 20:00:00,USA,PJM Interconnection,US-MIDA-PJM,324.31,401.11,36.59,7.54,pjm.com,false,
2023-06-24 21:00:00,USA,PJM Interconnection,US-MIDA-PJM,330.23,407.42,35.98,7.47,pjm.com,false,
2023-06-24 22:00:00,USA,PJM Interconnection,US-MIDA-PJM,333.97,411.62,35.38,7.11,pjm.com,false,
2023-06-24 23:00:00,USA,PJM Interconnection,US-MIDA-PJM,337.74,416.05,34.57,6.02,pjm.com,false,
2023-06-25 00:00:00,USA,PJM Interconnection,US-MIDA-PJM,336.49,414.46,34.76,5.19,pjm.com,false,
2023-06-25 01:00:00,USA,PJM Interconnection,US-MIDA-PJM,327.99,405.57,35.3,4.75,pjm.com,false,
2023-06-25 02:00:00,USA,PJM Interconnection,US-MIDA-PJM,323.24,399.55,36.21,4.56,pjm.com,false,
2023-06-25 03:00:00,USA,PJM Interconnection,US-MIDA-PJM,319.2,393.4,37.91,4.81,pjm.com,false,
2023-06-25 04:00:00,USA,PJM Interconnection,US-MIDA-PJM,308.25,380.03,40.27,5.26,pjm.com,false,
2023-06-25 05:00:00,USA,PJM Interconnection,US-MIDA-PJM,299.81,369.63,42.17,5.45,pjm.com,false,
2023-06-25 06:00:00,USA,PJM Interconnection,US-MIDA-PJM,296.43,365.52,42.89,5.11,pjm.com,false,
2023-06-25 07:00:00,USA,PJM Interconnection,US-MIDA-PJM,293.07,361.23,43.77,4.79,pjm.com,false,
2023-06-25 08:00:00,USA,PJM Interconnection,US-MIDA-PJM,291.86,359.51,44.21,4.24,pjm.com,false,
2023-06-25 09:00:00,USA,PJM Interconnection,US-MIDA-PJM,290.52,357.7,44.63,4.11,pjm.com,false,
2023-06-25 10:00:00,USA,PJM Interconnection,US-MIDA-PJM,291.25,358.5,44.55,3.88,pjm.com,false,
2023-06-25 11:00:00,USA,PJM Interconnection,US-MIDA-PJM,285.14,351.49,45.66,6.0,pjm.com,false,
2023-06-25 12:00:00,USA,PJM Interconnection,US-MIDA-PJM,287.64,356.13,44.12,6.87,pjm.com,false,
2023-06-25 13:00:00,USA,PJM Interconnection,US-MIDA-PJM,292.38,363.21,42.18,7.32,pjm.com,false,
2023-06-25 14:00:00,USA,PJM Interconnection,US-MIDA-PJM,292.78,364.5,41.56,8.67,pjm.com,false,
2023-06-25 15:00:00,USA,PJM Interconnection,US-MIDA-PJM,296.58,369.03,41.03,9.89,pjm.com,false,
2023-06-25 16:00:00,USA,PJM Interconnection,US-MIDA-PJM,295.29,367.66,41.19,11.38,pjm.com,false,
2023-06-25 17:00:00,USA,PJM Interconnection,US-MIDA-PJM,296.46,369.11,40.95,12.26,pjm.com,false,
2023-06-25 18:00:00,USA,PJM Interconnection,US-MIDA-PJM,294.74,367.58,40.89,12.46,pjm.com,false,
2023-06-25 19:00:00,USA,PJM Interconnection,US-MIDA-PJM,300.2,373.71,40.14,12.1,pjm.com,false,
2023-06-25 20:00:00,USA,PJM Interconnection,US-MIDA-PJM,308.74,382.74,39.34,11.75,pjm.com,false,
2023-06-25 21:00:00,USA,PJM Interconnection,US-MIDA-PJM,313.33,387.36,39.1,11.64,pjm.com,false,
2023-06-25 22:00:00,USA,PJM Interconnection,US-MIDA-PJM,319.58,394.48,38.03,10.51,pjm.com,false,
2023-06-25 23:00:00,USA,PJM Interconnection,US-MIDA-PJM,324.49,399.75,37.39,9.34,pjm.com,false,
2023-06-26 00:00:00,USA,PJM Interconnection,US-MIDA-PJM,320.11,394.93,37.9,8.8,pjm.com,false,
2023-06-26 01:00:00,USA,PJM Interconnection,US-MIDA-PJM,314.45,389.27,38.16,8.09,pjm.com,false,
2023-06-26 02:00:00,USA,PJM Interconnection,US-MIDA-PJM,318.54,393.58,37.59,6.12,pjm.com,false,
2023-06-26 03:00:00,USA,PJM Interconnection,US-MIDA-PJM,318.48,391.9,38.63,5.53,pjm.com,false,
2023-06-26 04:00:00,USA,PJM Interconnection,US-MIDA-PJM,308.41,379.36,40.88,5.8,pjm.com,false,
2023-06-26 05:00:00,USA,PJM Interconnection,US-MIDA-PJM,301.79,371.22,42.37,6.15,pjm.com,false,
2023-06-26 06:00:00,USA,PJM Interconnection,US-MIDA-PJM,297.07,365.07,43.68,6.35,pjm.com,false,
2023-06-26 07:00:00,USA,PJM Interconnection,US-MIDA-PJM,293.26,359.89,44.9,6.58,pjm.com,false,
2023-06-26 08:00:00,USA,PJM Interconnection,US-MIDA-PJM,293.53,360.47,44.66,6.41,pjm.com,false,
2023-06-26 09:00:00,USA,PJM Interconnection,US-MIDA-PJM,295.3,363.09,43.95,6.38,pjm.com,false,
2023-06-26 10:00:00,USA,PJM Interconnection,US-MIDA-PJM,301.03,371.03,42.03,5.88,pjm.com,false,
2023-06-26 11:00:00,USA,PJM Interconnection,US-MIDA-PJM,302.22,373.68,40.96,6.4,pjm.com,false,
2023-06-26 12:00:00,USA,PJM Interconnection,US-MIDA-PJM,308.8,381.6,39.7,7.03,pjm.com,false,
2023-06-26 13:00:00,USA,PJM Interconnection,US-MIDA-PJM,309.78,383.08,39.38,7.73,pjm.com,false,
2023-06-26 14:00:00,USA,PJM Interconnection,US-MIDA-PJM,309.42,383.16,39.38,8.91,pjm.com,false,
2023-06-26 15:00:00,USA,PJM Interconnection,US-MIDA-PJM,305.07,378.58,39.9,10.68,pjm.com,false,
2023-06-26 16:00:00,USA,PJM Interconnection,US-MIDA-PJM,308.02,382.21,39.26,10.99,pjm.com,false,
2023-06-26 17:00:00,USA,PJM Interconnection,US-MIDA-PJM,313.33,388.32,38.47,10.82,pjm.com,false,
2023-06-26 18:00:00,USA,PJM Interconnection,US-MIDA-PJM,312.45,387.28,38.55,11.25,pjm.com,false,
2023-06-26 19:00:00,USA,PJM Interconnection,US-MIDA-PJM,311.77,386.25,38.75,11.73,pjm.com,false,
2023-06-26 20:00:00,USA,PJM Interconnection,US-MIDA-PJM,311.97,386.25,38.99,12.02,pjm.com,false,
2023-06-26 21:00:00,USA,PJM Interconnection,US-MIDA-PJM,318.64,393.2,38.42,11.52,pjm.com,false,
2023-06-26 22:00:00,USA,PJM Interconnection,US-MIDA-PJM,322.08,397.0,37.93,10.74,pjm.com,false,
2023-06-26 23:00:00,USA,PJM Interconnection,US-MIDA-PJM,326.16,401.89,36.99,9.09,pjm.com,false,
2023-06-27 00:00:00,USA,PJM Interconnection,US-MIDA-PJM,327.33,403.34,36.62,7.69,pjm.com,false,
2023-06-27 01:00:00,USA,PJM Interconnection,US-MIDA-PJM,331.41,408.3,35.75,5.97,pjm.com,false,
2023-06-27 02:00:00,USA,PJM Interconnection,US-MIDA-PJM,332.01,407.68,36.33,4.89,pjm.com,false,
2023-06-27 03:00:00,USA,PJM Interconnection,US-MIDA-PJM,325.2,398.63,38.24,5.0,pjm.com,false,
2023-06-27 04:00:00,USA,PJM Interconnection,US-MIDA-PJM,316.8,388.68,39.85,5.09,pjm.com,false,
2023-06-27 05:00:00,USA,PJM Interconnection,US-MIDA-PJM,309.83,380.66,41.02,5.18,pjm.com,false,
2023-06-27 06:00:00,USA,PJM Interconnection,US-MIDA-PJM,308.79,379.19,41.41,4.86,pjm.com,false,
2023-06-27 07:00:00,USA,PJM Interconnection,US-MIDA-PJM,312.44,382.57,41.47,4.14,pjm.com,false,
2023-06-27 08:00:00,USA,PJM Interconnection,US-MIDA-PJM,313.51,383.58,41.47,3.83,pjm.com,false,
2023-06-27 09:00:00,USA,PJM Interconnection,US-MIDA-PJM,317.83,388.83,40.56,3.59,pjm.com,false,
2023-06-27 10:00:00,USA,PJM Interconnection,US-MIDA-PJM,323.74,396.23,39.16,3.42,pjm.com,false,
2023-06-27 11:00:00,USA,PJM Interconnection,US-MIDA-PJM,325.28,398.81,38.38,3.89,pjm.com,false,
2023-06-27 12:00:00,USA,PJM Interconnection,US-MIDA-PJM,324.55,398.74,38.02,4.72,pjm.com,false,
2023-06-27 13:00:00,USA,PJM Interconnection,US-MIDA-PJM,323.13,397.1,38.31,5.44,pjm.com,false,
2023-06-27 14:00:00,USA,PJM Interconnection,US-MIDA-PJM,321.97,396.29,38.2,6.07,pjm.com,false,
2023-06-27 15:00:00,USA,PJM Interconnection,US-MIDA-PJM,326.3,401.84,37.14,6.0,pjm.com,false,
2023-06-27 16:00:00,USA,PJM Interconnection,US-MIDA-PJM,328.22,404.07,37.08,6.9,pjm.com,false,
2023-06-27 17:00:00,USA,PJM Interconnection,US-MIDA-PJM,328.89,404.7,37.12,7.61,pjm.com,false,
2023-06-27 18:00:00,USA,PJM Interconnection,US-MIDA-PJM,334.48,410.87,36.41,7.34,pjm.com,false,
2023-06-27 19:00:00,USA,PJM Interconnection,US-MIDA-PJM,336.0,412.37,36.33,7.31,pjm.com,false,
2023-06-27 20:00:00,USA,PJM Interconnection,US-MIDA-PJM,333.56,410.06,36.32,7.36,pjm.com,false,
2023-06-27 21:00:00,USA,PJM Interconnection,US-MIDA-PJM,333.34,409.8,36.35,7.52,pjm.com,false,
2023-06-27 22:00:00,USA,PJM Interconnection,US-MIDA-PJM,334.85,411.42,36.18,7.23,pjm.com,false,
2023-06-27 23:00:00,USA,PJM Interconnection,US-MIDA-PJM,343.94,420.82,35.4,5.85,pjm.com,false,
2023-06-28 00:00:00,USA,PJM Interconnection,US-MIDA-PJM,343.04,419.15,36.04,5.79,pjm.com,false,
2023-06-28 01:00:00,USA,PJM Interconnection,US-MIDA-PJM,345.21,421.4,35.68,4.75,pjm.com,false,
2023-06-28 02:00:00,USA,PJM Interconnection,US-MIDA-PJM,351.05,427.1,35.15,2.54,pjm.com,false,
2023-06-28 03:00:00,USA,PJM Interconnection,US-MIDA-PJM,342.83,417.21,36.71,2.16,pjm.com,false,
2023-06-28 04:00:00,USA,PJM Interconnection,US-MIDA-PJM,328.1,400.49,38.97,2.37,pjm.com,false,
2023-06-28 05:00:00,USA,PJM Interconnection,US-MIDA-PJM,320.15,390.71,40.77,2.54,pjm.com,false,
2023-06-28 06:00:00,USA,PJM Interconnection,US-MIDA-PJM,317.48,387.59,41.25,2.27,pjm.com,false,
2023-06-28 07:00:00,USA,PJM Interconnection,US-MIDA-PJM,313.14,382.31,42.18,2.39,pjm.com,false,
2023-06-28 08:00:00,USA,PJM Interconnection,US-MIDA-PJM,311.13,379.71,42.73,2.79,pjm.com,false,
2023-06-28 09:00:00,USA,PJM Interconnection,US-MIDA-PJM,312.95,382.7,41.77,2.83,pjm.com,false,
2023-06-28 10:00:00,USA,PJM Interconnection,US-MIDA-PJM,316.9,388.19,40.45,2.89,pjm.com,false,
2023-06-28 11:00:00,USA,PJM Interconnection,US-MIDA-PJM,320.4,392.41,39.84,3.74,pjm.com,false,
2023-06-28 12:00:00,USA,PJM Interconnection,US-MIDA-PJM,322.86,395.18,39.58,4.99,pjm.com,false,
2023-06-28 13:00:00,USA,PJM Interconnection,US-MIDA-PJM,329.58,403.11,38.41,5.18,pjm.com,false,
2023-06-28 14:00:00,USA,PJM Interconnection,US-MIDA-PJM,330.52,403.74,38.66,6.16,pjm.com,false,
2023-06-28 15:00:00,USA,PJM Interconnection,US-MIDA-PJM,331.46,405.57,37.99,6.63,pjm.com,false,
2023-06-28 16:00:00,USA,PJM Interconnection,US-MIDA-PJM,336.78,412.34,36.67,6.32,pjm.com,false,
2023-06-28 17:00:00,USA,PJM Interconnection,US-MIDA-PJM,337.49,413.37,36.62,7.1,pjm.com,false,
2023-06-28 18:00:00,USA,PJM Interconnection,US-MIDA-PJM,341.55,418.23,35.85,7.28,pjm.com,false,
2023-06-28 19:00:00,USA,PJM Interconnection,US-MIDA-PJM,340.79,417.04,36.17,8.06,pjm.com,false,
2023-06-28 20:00:00,USA,PJM Interconnection,US-MIDA-PJM,339.7,415.8,36.36,8.57,pjm.com,false,
2023-06-28 21:00:00,USA,PJM Interconnection,US-MIDA-PJM,347.39,424.09,35.55,8.28,pjm.com,false,
2023-06-28 22:00:00,USA,PJM Interconnection,US-MIDA-PJM,351.85,428.47,35.31,7.85,pjm.com,false,
2023-06-28 23:00:00,USA,PJM Interconnection,US-MIDA-PJM,360.83,438.14,34.2,6.3,pjm.com,false,
2023-06-29 00:00:00,USA,PJM Interconnection,US-MIDA-PJM,371.69,449.59,33.03,4.3,pjm.com,false,
2023-06-29 01:00:00,USA,PJM Interconnection,US-MIDA-PJM,369.61,447.04,33.37,3.63,pjm.com,false,
2023-06-29 02:00:00,USA,PJM Interconnection,US-MIDA-PJM,360.19,435.75,35.02,3.7,pjm.com,false,
2023-06-29 03:00:00,USA,PJM Interconnection,US-MIDA-PJM,347.41,421.04,37.05,4.18,pjm.com,false,
2023-06-29 04:00:00,USA,PJM Interconnection,US-MIDA-PJM,339.33,410.19,39.57,4.5,pjm.com,false,
2023-06-29 05:00:00,USA,PJM Interconnection,US-MIDA-PJM,332.14,400.91,41.5,4.91,pjm.com,false,
2023-06-29 06:00:00,USA,PJM Interconnection,US-MIDA-PJM,326.78,394.75,42.37,5.16,pjm.com,false,
2023-06-29 07:00:00,USA,PJM Interconnection,US-MIDA-PJM,325.01,392.54,42.79,4.98,pjm.com,false,
2023-06-29 08:00:00,USA,PJM Interconnection,US-MIDA-PJM,325.09,392.27,43.04,4.87,pjm.com,false,
2023-06-29 09:00:00,USA,PJM Interconnection,US-MIDA-PJM,327.39,395.65,42.12,4.87,pjm.com,false,
2023-06-29 10:00:00,USA,PJM Interconnection,US-MIDA-PJM,331.24,401.37,40.55,4.69,pjm.com,false,
2023-06-29 11:00:00,USA,PJM Interconnection,US-MIDA-PJM,333.61,405.17,39.46,5.09,pjm.com,false,
2023-06-29 12:00:00,USA,PJM Interconnection,US-MIDA-PJM,333.26,405.33,39.25,6.0,pjm.com,false,
2023-06-29 13:00:00,USA,PJM Interconnection,US-MIDA-PJM,337.07,410.46,38.16,6.33,pjm.com,false,
2023-06-29 14:00:00,USA,PJM Interconnection,US-MIDA-PJM,342.84,417.91,36.67,6.27,pjm.com,false,
2023-06-29 15:00:00,USA,PJM Interconnection,US-MIDA-PJM,344.0,419.95,36.02,6.97,pjm.com,false,
2023-06-29 16:00:00,USA,PJM Interconnection,US-MIDA-PJM,351.59,428.99,34.68,6.68,pjm.com,false,
2023-06-29 17:00:00,USA,PJM Interconnection,US-MIDA-PJM,355.78,433.23,34.45,7.49,pjm.com,false,
2023-06-29 18:00:00,USA,PJM Interconnection,US-MIDA-PJM,352.92,429.87,34.98,8.54,pjm.com,false,
2023-06-29 19:00:00,USA,PJM Interconnection,US-MIDA-PJM,353.42,430.45,34.93,9.0,pjm.com,false,
2023-06-29 20:00:00,USA,PJM Interconnection,US-MIDA-PJM,355.68,432.76,34.85,9.37,pjm.com,false,
2023-06-29 21:00:00,USA,PJM Interconnection,US-MIDA-PJM,358.81,436.17,34.46,9.14,pjm.com,false,
2023-06-29 22:00:00,USA,PJM Interconnection,US-MIDA-PJM,363.68,441.33,33.91,8.27,pjm.com,false,
2023-06-29 23:00:00,USA,PJM Interconnection,US-MIDA-PJM,366.14,443.89,33.62,7.4,pjm.com,false,
2023-06-30 00:00:00,USA,PJM Interconnection,US-MIDA-PJM,366.96,444.88,33.4,6.21,pjm.com,false,
2023-06-30 01:00:00,USA,PJM Interconnection,US-MIDA-PJM,376.78,455.5,32.16,4.26,pjm.com,false,
2023-06-30 02:00:00,USA,PJM Interconnection,US-MIDA-PJM,379.19,456.94,32.46,2.87,pjm.com,false,
2023-06-30 03:00:00,USA,PJM Interconnection,US-MIDA-PJM,371.8,447.88,34.0,2.75,pjm.com,false,
2023-06-30 04:00:00,USA,PJM Interconnection,US-MIDA-PJM,358.98,433.21,36.02,2.71,pjm.com,false,
2023-06-30 05:00:00,USA,PJM Interconnection,US-MIDA-PJM,349.27,422.73,37.09,2.33,pjm.com,false,
2023-06-30 06:00:00,USA,PJM Interconnection,US-MIDA-PJM,341.88,415.53,37.33,2.03,pjm.com,false,
2023-06-30 07:00:00,USA,PJM Interconnection,US-MIDA-PJM,339.53,412.52,37.97,1.89,pjm.com,false,
2023-06-30 08:00:00,USA,PJM Interconnection,US-MIDA-PJM,338.35,411.1,38.22,1.76,pjm.com,false,
2023-06-30 09:00:00,USA,PJM Interconnection,US-MIDA-PJM,340.59,413.82,37.75,1.75,pjm.com,false,
2023-06-30 10:00:00,USA,PJM Interconnection,US-MIDA-PJM,344.01,418.29,36.8,1.88,pjm.com,false,
2023-06-30 11:00:00,USA,PJM Interconnection,US-MIDA-PJM,346.14,421.17,36.2,2.5,pjm.com,false,
2023-06-30 12:00:00,USA,PJM Interconnection,US-MIDA-PJM,348.94,424.51,35.77,3.29,pjm.com,false,
2023-06-30 13:00:00,USA,PJM Interconnection,US-MIDA-PJM,356.43,432.96,34.75,4.0,pjm.com,false,
2023-06-30 14:00:00,USA,PJM Interconnection,US-MIDA-PJM,360.95,438.57,33.82,4.62,pjm.com,false,
2023-06-30 15:00:00,USA,PJM Interconnection,US-MIDA-PJM,369.2,448.02,32.66,4.76,pjm.com,false,
2023-06-30 16:00:00,USA,PJM Interconnection,US-MIDA-PJM,372.88,452.04,32.23,5.56,pjm.com,false,
2023-06-30 17:00:00,USA,PJM Interconnection,US-MIDA-PJM,362.56,440.24,33.96,8.09,pjm.com,false,
2023-06-30 18:00:00,USA,PJM Interconnection,US-MIDA-PJM,369.68,447.98,33.18,7.89,pjm.com,false,
2023-06-30 19:00:00,USA,PJM Interconnection,US-MIDA-PJM,375.08,453.77,32.6,7.49,pjm.com,false,
2023-06-30 20:00:00,USA,PJM Interconnection,US-MIDA-PJM,377.57,456.32,32.44,7.41,pjm.com,false,
2023-06-30 21:00:00,USA,PJM Interconnection,US-MIDA-PJM,382.34,461.33,31.97,6.99,pjm.com,false,
2023-06-30 22:00:00,USA,PJM Interconnection,US-MIDA-PJM,386.35,465.85,31.35,6.09,pjm.com,false,
2023-06-30 23:00:00,USA,PJM Interconnection,US-MIDA-PJM,390.82,470.75,30.73,4.95,pjm.com,false,
2023-07-01 00:00:00,USA,PJM Interconnection,US-MIDA-PJM,395.1,474.98,30.42,3.84,pjm.com,false,
2023-07-01 01:00:00,USA,PJM Interconnection,US-MIDA-PJM,399.65,479.74,29.98,2.64,pjm.com,false,
2023-07-01 02:00:00,USA,PJM Interconnection,US-MIDA-PJM,398.81,478.18,30.26,1.25,pjm.com,false,
2023-07-01 03:00:00,USA,PJM Interconnection,US-MIDA-PJM,389.45,467.42,31.7,0.99,pjm.com,false,
2023-07-01 04:00:00,USA,PJM Interconnection,US-MIDA-PJM,375.16,451.36,33.73,0.97,pjm.com,false,
2023-07-01 05:00:00,USA,PJM Interconnection,US-MIDA-PJM,360.0,435.07,35.36,1.06,pjm.com,false,
2023-07-01 06:00:00,USA,PJM Interconnection,US-MIDA-PJM,354.54,429.48,35.73,0.98,pjm.com,false,
2023-07-01 07:00:00,USA,PJM Interconnection,US-MIDA-PJM,349.13,423.38,36.54,0.88,pjm.com,false,
2023-07-01 08:00:00,USA,PJM Interconnection,US-MIDA-PJM,344.59,417.72,37.61,1.02,pjm.com,false,
2023-07-01 09:00:00,USA,PJM Interconnection,US-MIDA-PJM,339.81,411.98,38.58,1.7,pjm.com,false,
2023-07-01 10:00:00,USA,PJM Interconnection,US-MIDA-PJM,333.86,404.67,39.9,2.64,pjm.com,false,
2023-07-01 11:00:00,USA,PJM Interconnection,US-MIDA-PJM,331.21,402.1,40.05,3.3,pjm.com,false,
2023-07-01 12:00:00,USA,PJM Interconnection,US-MIDA-PJM,332.61,405.26,38.76,3.77,pjm.com,false,
2023-07-01 13:00:00,USA,PJM Interconnection,US-MIDA-PJM,336.65,410.43,37.78,4.24,pjm.com,false,
2023-07-01 14:00:00,USA,PJM Interconnection,US-MIDA-PJM,340.72,415.3,37.0,4.83,pjm.com,false,
2023-07-01 15:00:00,USA,PJM Interconnection,US-MIDA-PJM,346.23,421.79,36.06,5.35,pjm.com,false,
2023-07-01 16:00:00,USA,PJM Interconnection,US-MIDA-PJM,353.4,430.46,34.83,5.37,pjm.com,false,
2023-07-01 17:00:00,USA,PJM Interconnection,US-MIDA-PJM,352.66,429.63,35.09,6.56,pjm.com,false,
2023-07-01 18:00:00,USA,PJM Interconnection,US-MIDA-PJM,355.29,431.84,35.3,7.4,pjm.com,false,
2023-07-01 19:00:00,USA,PJM Interconnection,US-MIDA-PJM,362.67,439.07,35.06,7.71,pjm.com,false,
2023-07-01 20:00:00,USA,PJM Interconnection,US-MIDA-PJM,366.85,443.49,34.67,7.69,pjm.com,false,
2023-07-01 21:00:00,USA,PJM Interconnection,US-MIDA-PJM,375.18,452.89,33.35,6.52,pjm.com,false,
2023-07-01 22:00:00,USA,PJM Interconnection,US-MIDA-PJM,369.05,446.63,33.71,6.26,pjm.com,false,
2023-07-01 23:00:00,USA,PJM Interconnection,US-MIDA-PJM,371.8,449.43,33.44,5.25,pjm.com,false,
2023-07-02 00:00:00,USA,PJM Interconnection,US-MIDA-PJM,365.76,443.04,33.9,4.68,pjm.com,false,
2023-07-02 01:00:00,USA,PJM Interconnection,US-MIDA-PJM,368.23,446.28,33.14,3.56,pjm.com,false,
2023-07-02 02:00:00,USA,PJM Interconnection,US-MIDA-PJM,362.9,440.17,33.69,2.83,pjm.com,false,
2023-07-02 03:00:00,USA,PJM Interconnection,US-MIDA-PJM,357.27,433.14,34.87,2.85,pjm.com,false,
2023-07-02 04:00:00,USA,PJM Interconnection,US-MIDA-PJM,350.4,424.84,36.23,2.11,pjm.com,false,
2023-07-02 05:00:00,USA,PJM Interconnection,US-MIDA-PJM,346.13,420.13,36.78,1.85,pjm.com,false,
2023-07-02 06:00:00,USA,PJM Interconnection,US-MIDA-PJM,342.61,415.52,37.78,1.92,pjm.com,false,
2023-07-02 07:00:00,USA,PJM Interconnection,US-MIDA-PJM,340.33,412.36,38.56,1.53,pjm.com,false,
2023-07-02 08:00:00,USA,PJM Interconnection,US-MIDA-PJM,337.16,408.61,39.16,1.73,pjm.com,false,
2023-07-02 09:00:00,USA,PJM Interconnection,US-MIDA-PJM,335.94,407.12,39.44,1.8,pjm.com,false,
2023-07-02 10:00:00,USA,PJM Interconnection,US-MIDA-PJM,334.0,404.5,40.11,2.06,pjm.com,false,
2023-07-02 11:00:00,USA,PJM Interconnection,US-MIDA-PJM,328.92,398.3,41.33,3.36,pjm.com,false,
2023-07-02 12:00:00,USA,PJM Interconnection,US-MIDA-PJM,326.15,396.32,40.99,4.77,pjm.com,false,
2023-07-02 13:00:00,USA,PJM Interconnection,US-MIDA-PJM,329.13,401.26,39.39,4.96,pjm.com,false,
2023-07-02 14:00:00,USA,PJM Interconnection,US-MIDA-PJM,331.03,404.44,38.39,5.7,pjm.com,false,
2023-07-02 15:00:00,USA,PJM Interconnection,US-MIDA-PJM,334.9,409.05,37.78,6.62,pjm.com,false,
2023-07-02 16:00:00,USA,PJM Interconnection,US-MIDA-PJM,342.0,417.84,36.35,6.65,pjm.com,false,
2023-07-02 17:00:00,USA,PJM Interconnection,US-MIDA-PJM,348.24,424.38,35.85,7.17,pjm.com,false,
2023-07-02 18:00:00,USA,PJM Interconnection,US-MIDA-PJM,351.28,427.79,35.41,7.53,pjm.com,false,
2023-07-02 19:00:00,USA,PJM Interconnection,US-MIDA-PJM,351.54,427.54,35.83,8.58,pjm.com,false,
2023-07-02 20:00:00,USA,PJM Interconnection,US-MIDA-PJM,359.45,435.73,35.24,8.46,pjm.com,false,
2023-07-02 21:00:00,USA,PJM Interconnection,US-MIDA-PJM,365.3,442.13,34.6,8.04,pjm.com,false,
2023-07-02 22:00:00,USA,PJM Interconnection,US-MIDA-PJM,370.0,447.3,34.01,7.52,pjm.com,false,
2023-07-02 23:00:00,USA,PJM Interconnection,US-MIDA-PJM,376.64,454.88,32.86,5.78,pjm.com,false,
2023-07-03 00:00:00,USA,PJM Interconnection,US-MIDA-PJM,371.94,450.55,32.73,4.67,pjm.com,false,
2023-07-03 01:00:00,USA,PJM Interconnection,US-MIDA-PJM,365.43,443.89,33.05,4.09,pjm.com,false,
2023-07-03 02:00:00,USA,PJM Interconnection,US-MIDA-PJM,366.98,445.07,32.93,2.68,pjm.com,false,
2023-07-03 03:00:00,USA,PJM Interconnection,US-MIDA-PJM,361.71,438.01,34.36,2.41,pjm.com,false,
2023-07-03 04:00:00,USA,PJM Interconnection,US-MIDA-PJM,349.38,423.63,36.5,2.59,pjm.com,false,
2023-07-03 05:00:00,USA,PJM Interconnection,US-MIDA-PJM,342.91,416.7,37.17,2.58,pjm.com,false,
2023-07-03 06:00:00,USA,PJM Interconnection,US-MIDA-PJM,339.45,412.53,37.88,2.54,pjm.com,false,
2023-07-03 07:00:00,USA,PJM Interconnection,US-MIDA-PJM,337.2,409.55,38.56,2.58,pjm.com,false,
2023-07-03 08:00:00,USA,PJM Interconnection,US-MIDA-PJM,335.45,407.73,38.7,2.34,pjm.com,false,
2023-07-03 09:00:00,USA,PJM Interconnection,US-MIDA-PJM,336.35,408.79,38.55,2.33,pjm.com,false,
2023-07-03 10:00:00,USA,PJM Interconnection,US-MIDA-PJM,338.65,411.79,37.94,2.36,pjm.com,false,
2023-07-03 11:00:00,USA,PJM Interconnection,US-MIDA-PJM,337.78,411.86,37.39,2.94,pjm.com,false,
2023-07-03 12:00:00,USA,PJM Interconnection,US-MIDA-PJM,342.72,418.14,36.18,3.07,pjm.com,false,
2023-07-03 13:00:00,USA,PJM Interconnection,US-MIDA-PJM,349.57,426.31,34.87,3.38,pjm.com,false,
2023-07-03 14:00:00,USA,PJM Interconnection,US-MIDA-PJM,353.22,430.82,34.18,4.03,pjm.com,false,
2023-07-03 15:00:00,USA,PJM Interconnection,US-MIDA-PJM,354.41,432.94,33.76,4.88,pjm.com,false,
2023-07-03 16:00:00,USA,PJM Interconnection,US-MIDA-PJM,352.12,430.75,33.91,6.34,pjm.com,false,
2023-07-03 17:00:00,USA,PJM Interconnection,US-MIDA-PJM,351.44,430.11,33.98,7.27,pjm.com,false,
2023-07-03 18:00:00,USA,PJM Interconnection,US-MIDA-PJM,360.91,440.57,32.93,6.97,pjm.com,false,
2023-07-03 19:00:00,USA,PJM Interconnection,US-MIDA-PJM,363.48,443.19,32.86,7.32,pjm.com,false,
2023-07-03 20:00:00,USA,PJM Interconnection,US-MIDA-PJM,369.85,449.96,32.26,7.14,pjm.com,false,
2023-07-03 21:00:00,USA,PJM Interconnection,US-MIDA-PJM,372.85,453.28,31.9,6.98,pjm.com,false,
2023-07-03 22:00:00,USA,PJM Interconnection,US-MIDA-PJM,374.81,455.43,31.64,6.51,pjm.com,false,
2023-07-03 23:00:00,USA,PJM Interconnection,US-MIDA-PJM,384.04,465.22,30.67,4.94,pjm.com,false,
2023-07-04 00:00:00,USA,PJM Interconnection,US-MIDA-PJM,389.64,471.29,29.81,3.0,pjm.com,false,
2023-07-04 01:00:00,USA,PJM Interconnection,US-MIDA-PJM,383.81,464.94,30.07,2.06,pjm.com,false,
2023-07-04 02:00:00,USA,PJM Interconnection,US-MIDA-PJM,384.01,464.27,30.43,1.17,pjm.com,false,
2023-07-04 03:00:00,USA,PJM Interconnection,US-MIDA-PJM,378.52,456.92,31.93,1.08,pjm.com,false,
2023-07-04 04:00:00,USA,PJM Interconnection,US-MIDA-PJM,361.7,437.8,34.51,1.42,pjm.com,false,
2023-07-04 05:00:00,USA,PJM Interconnection,US-MIDA-PJM,346.75,421.07,36.62,1.68,pjm.com,false,
2023-07-04 06:00:00,USA,PJM Interconnection,US-MIDA-PJM,341.67,415.73,37.08,1.53,pjm.com,false,
2023-07-04 07:00:00,USA,PJM Interconnection,US-MIDA-PJM,338.1,411.18,38.02,1.52,pjm.com,false,
2023-07-04 08:00:00,USA,PJM Interconnection,US-MIDA-PJM,336.15,408.39,38.75,1.54,pjm.com,false,
2023-07-04 09:00:00,USA,PJM Interconnection,US-MIDA-PJM,335.39,407.46,38.91,1.61,pjm.com,false,
2023-07-04 10:00:00,USA,PJM Interconnection,US-MIDA-PJM,334.37,406.06,39.26,1.81,pjm.com,false,
2023-07-04 11:00:00,USA,PJM Interconnection,US-MIDA-PJM,330.56,402.02,39.72,3.04,pjm.com,false,
2023-07-04 12:00:00,USA,PJM Interconnection,US-MIDA-PJM,328.46,400.84,39.27,4.57,pjm.com,false,
2023-07-04 13:00:00,USA,PJM Interconnection,US-MIDA-PJM,331.76,405.95,37.86,5.2,pjm.com,false,
2023-07-04 14:00:00,USA,PJM Interconnection,US-MIDA-PJM,341.53,417.51,36.14,5.31,pjm.com,false,
2023-07-04 15:00:00,USA,PJM Interconnection,US-MIDA-PJM,352.19,429.68,34.52,5.49,pjm.com,false,
2023-07-04 16:00:00,USA,PJM Interconnection,US-MIDA-PJM,362.47,441.13,33.21,5.57,pjm.com,false,
2023-07-04 17:00:00,USA,PJM Interconnection,US-MIDA-PJM,367.36,446.49,32.63,5.84,pjm.com,false,
2023-07-04 18:00:00,USA,PJM Interconnection,US-MIDA-PJM,362.5,440.93,33.51,7.17,pjm.com,false,
2023-07-04 19:00:00,USA,PJM Interconnection,US-MIDA-PJM,361.71,440.13,33.72,7.89,pjm.com,false,
2023-07-04 20:00:00,USA,PJM Interconnection,US-MIDA-PJM,366.38,445.12,33.34,7.83,pjm.com,false,
2023-07-04 21:00:00,USA,PJM Interconnection,US-MIDA-PJM,375.81,455.35,32.24,7.06,pjm.com,false,
2023-07-04 22:00:00,USA,PJM Interconnection,US-MIDA-PJM,378.74,458.47,31.89,6.49,pjm.com,false,
2023-07-04 23:00:00,USA,PJM Interconnection,US-MIDA-PJM,384.42,464.66,31.19,5.3,pjm.com,false,
2023-07-05 00:00:00,USA,PJM Interconnection,US-MIDA-PJM,389.24,470.14,30.26,3.4,pjm.com,false,
2023-07-05 01:00:00,USA,PJM Interconnection,US-MIDA-PJM,392.25,473.28,29.69,1.86,pjm.com,false,
2023-07-05 02:00:00,USA,PJM Interconnection,US-MIDA-PJM,389.19,468.68,30.74,1.81,pjm.com,false,
2023-07-05 03:00:00,USA,PJM Interconnection,US-MIDA-PJM,388.68,466.49,31.84,1.8,pjm.com,false,
2023-07-05 04:00:00,USA,PJM Interconnection,US-MIDA-PJM,374.45,449.99,34.27,2.07,pjm.com,false,
2023-07-05 05:00:00,USA,PJM Interconnection,US-MIDA-PJM,354.66,428.29,36.74,2.73,pjm.com,false,
2023-07-05 06:00:00,USA,PJM Interconnection,US-MIDA-PJM,344.57,417.56,37.76,2.91,pjm.com,false,
2023-07-05 07:00:00,USA,PJM Interconnection,US-MIDA-PJM,340.61,412.51,38.8,2.78,pjm.com,false,
2023-07-05 08:00:00,USA,PJM Interconnection,US-MIDA-PJM,340.05,412.15,38.68,2.46,pjm.com,false,
2023-07-05 09:00:00,USA,PJM Interconnection,US-MIDA-PJM,341.52,414.44,38.0,2.41,pjm.com,false,
2023-07-05 10:00:00,USA,PJM Interconnection,US-MIDA-PJM,344.85,419.02,36.91,2.34,pjm.com,false,
2023-07-05 11:00:00,USA,PJM Interconnection,US-MIDA-PJM,347.67,423.06,35.91,3.09,pjm.com,false,
2023-07-05 12:00:00,USA,PJM Interconnection,US-MIDA-PJM,360.0,436.34,34.71,3.91,pjm.com,false,
2023-07-05 13:00:00,USA,PJM Interconnection,US-MIDA-PJM,371.14,449.29,33.03,4.12,pjm.com,false,
2023-07-05 14:00:00,USA,PJM Interconnection,US-MIDA-PJM,380.59,460.13,31.68,4.46,pjm.com,false,
2023-07-05 15:00:00,USA,PJM Interconnection,US-MIDA-PJM,385.88,466.45,30.93,5.25,pjm.com,false,
2023-07-05 16:00:00,USA,PJM Interconnection,US-MIDA-PJM,391.32,472.76,30.28,5.99,pjm.com,false,
2023-07-05 17:00:00,USA,PJM Interconnection,US-MIDA-PJM,391.11,472.82,30.39,6.86,pjm.com,false,
2023-07-05 18:00:00,USA,PJM Interconnection,US-MIDA-PJM,392.43,474.14,30.37,7.14,pjm.com,false,
2023-07-05 19:00:00,USA,PJM Interconnection,US-MIDA-PJM,386.9,468.1,31.03,7.85,pjm.com,false,
2023-07-05 20:00:00,USA,PJM Interconnection,US-MIDA-PJM,385.32,466.68,31.01,7.77,pjm.com,false,
2023-07-05 21:00:00,USA,PJM Interconnection,US-MIDA-PJM,386.32,467.9,30.78,7.63,pjm.com,false,
2023-07-05 22:00:00,USA,PJM Interconnection,US-MIDA-PJM,391.6,473.58,30.26,7.06,pjm.com,false,
2023-07-05 23:00:00,USA,PJM Interconnection,US-MIDA-PJM,394.03,476.24,29.95,6.25,pjm.com,false,
2023-07-06 00:00:00,USA,PJM Interconnection,US-MIDA-PJM,402.69,486.01,28.49,3.85,pjm.com,false,
2023-07-06 01:00:00,USA,PJM Interconnection,US-MIDA-PJM,407.75,491.51,27.64,2.35,pjm.com,false,
2023-07-06 02:00:00,USA,PJM Interconnection,US-MIDA-PJM,405.87,488.58,28.04,1.22,pjm.com,false,
2023-07-06 03:00:00,USA,PJM Interconnection,US-MIDA-PJM,399.09,479.55,29.64,1.2,pjm.com,false,
2023-07-06 04:00:00,USA,PJM Interconnection,US-MIDA-PJM,387.16,465.47,31.59,1.08,pjm.com,false,
2023-07-06 05:00:00,USA,PJM Interconnection,US-MIDA-PJM,371.56,448.56,33.34,1.33,pjm.com,false,
2023-07-06 06:00:00,USA,PJM Interconnection,US-MIDA-PJM,359.79,435.97,34.58,1.23,pjm.com,false,
2023-07-06 07:00:00,USA,PJM Interconnection,US-MIDA-PJM,353.21,428.59,35.52,1.19,pjm.com,false,
2023-07-06 08:00:00,USA,PJM Interconnection,US-MIDA-PJM,350.73,425.94,35.78,1.2,pjm.com,false,
2023-07-06 09:00:00,USA,PJM Interconnection,US-MIDA-PJM,351.01,426.65,35.46,1.33,pjm.com,false,
2023-07-06 10:00:00,USA,PJM Interconnection,US-MIDA-PJM,353.7,430.25,34.63,1.53,pjm.com,false,
2023-07-06 11:00:00,USA,PJM Interconnection,US-MIDA-PJM,361.08,438.25,33.85,2.32,pjm.com,false,
2023-07-06 12:00:00,USA,PJM Interconnection,US-MIDA-PJM,367.21,444.92,33.23,3.23,pjm.com,false,
2023-07-06 13:00:00,USA,PJM Interconnection,US-MIDA-PJM,373.61,452.7,31.93,3.49,pjm.com,false,
2023-07-06 14:00:00,USA,PJM Interconnection,US-MIDA-PJM,382.93,463.87,30.46,3.63,pjm.com,false,
2023-07-06 15:00:00,USA,PJM Interconnection,US-MIDA-PJM,386.95,468.92,29.83,4.31,pjm.com,false,
2023-07-06 16:00:00,USA,PJM Interconnection,US-MIDA-PJM,381.8,463.28,30.73,6.02,pjm.com,false,
2023-07-06 17:00:00,USA,PJM Interconnection,US-MIDA-PJM,379.15,460.24,31.31,7.19,pjm.com,false,
2023-07-06 18:00:00,USA,PJM Interconnection,US-MIDA-PJM,381.84,463.13,31.18,7.57,pjm.com,false,
2023-07-06 19:00:00,USA,PJM Interconnection,US-MIDA-PJM,383.57,465.05,31.04,7.56,pjm.com,false,
2023-07-06 20:00:00,USA,PJM Interconnection,US-MIDA-PJM,384.11,465.56,31.04,7.68,pjm.com,false,
2023-07-06 21:00:00,USA,PJM Interconnection,US-MIDA-PJM,382.41,463.53,31.37,8.06,pjm.com,false,
2023-07-06 22:00:00,USA,PJM Interconnection,US-MIDA-PJM,387.85,469.24,30.83,7.25,pjm.com,false,
2023-07-06 23:00:00,USA,PJM Interconnection,US-MIDA-PJM,394.55,476.58,29.94,5.68,pjm.com,false,
2023-07-07 00:00:00,USA,PJM Interconnection,US-MIDA-PJM,399.67,482.03,29.01,3.87,pjm.com,false,
2023-07-07 01:00:00,USA,PJM Interconnection,US-MIDA-PJM,403.64,486.02,28.31,2.37,pjm.com,false,
2023-07-07 02:00:00,USA,PJM Interconnection,US-MIDA-PJM,401.27,481.78,29.38,1.94,pjm.com,false,
2023-07-07 03:00:00,USA,PJM Interconnection,US-MIDA-PJM,393.48,471.86,31.16,1.96,pjm.com,false,
2023-07-07 04:00:00,USA,PJM Interconnection,US-MIDA-PJM,373.77,450.42,33.45,2.21,pjm.com,false,
2023-07-07 05:00:00,USA,PJM Interconnection,US-MIDA-PJM,357.22,432.94,35.02,2.34,pjm.com,false,
2023-07-07 06:00:00,USA,PJM Interconnection,US-MIDA-PJM,347.54,422.45,36.14,2.36,pjm.com,false,
2023-07-07 07:00:00,USA,PJM Interconnection,US-MIDA-PJM,341.89,416.33,36.78,2.23,pjm.com,false,
2023-07-07 08:00:00,USA,PJM Interconnection,US-MIDA-PJM,342.02,416.33,36.89,1.96,pjm.com,false,
2023-07-07 09:00:00,USA,PJM Interconnection,US-MIDA-PJM,343.51,418.23,36.52,1.85,pjm.com,false,
2023-07-07 10:00:00,USA,PJM Interconnection,US-MIDA-PJM,351.07,426.71,35.44,1.86,pjm.com,false,
2023-07-07 11:00:00,USA,PJM Interconnection,US-MIDA-PJM,355.07,431.06,35.06,2.79,pjm.com,false,
2023-07-07 12:00:00,USA,PJM Interconnection,US-MIDA-PJM,355.77,432.32,34.83,3.84,pjm.com,false,
2023-07-07 13:00:00,USA,PJM Interconnection,US-MIDA-PJM,365.87,443.78,33.54,4.2,pjm.com,false,
2023-07-07 14:00:00,USA,PJM Interconnection,US-MIDA-PJM,371.13,450.3,32.5,4.34,pjm.com,false,
2023-07-07 15:00:00,USA,PJM Interconnection,US-MIDA-PJM,376.91,457.04,31.5,4.68,pjm.com,false,
2023-07-07 16:00:00,USA,PJM Interconnection,US-MIDA-PJM,378.14,458.68,31.16,5.31,pjm.com,false,
2023-07-07 17:00:00,USA,PJM Interconnection,US-MIDA-PJM,378.38,459.15,31.1,6.25,pjm.com,false,
2023-07-07 18:00:00,USA,PJM Interconnection,US-MIDA-PJM,376.81,457.48,31.29,6.84,pjm.com,false,
2023-07-07 19:00:00,USA,PJM Interconnection,US-MIDA-PJM,378.35,459.19,31.11,6.99,pjm.com,false,
2023-07-07 20:00:00,USA,PJM Interconnection,US-MIDA-PJM,382.24,463.23,30.8,6.95,pjm.com,false,
2023-07-07 21:00:00,USA,PJM Interconnection,US-MIDA-PJM,383.73,464.63,30.76,6.86,pjm.com,false,
2023-07-07 22:00:00,USA,PJM Interconnection,US-MIDA-PJM,387.68,468.92,30.21,5.85,pjm.com,false,
2023-07-07 23:00:00,USA,PJM Interconnection,US-MIDA-PJM,386.1,467.16,30.3,4.92,pjm.com,false,
2023-07-08 00:00:00,USA,PJM Interconnection,US-MIDA-PJM,390.44,472.12,29.4,3.12,pjm.com,false,
2023-07-08 01:00:00,USA,PJM Interconnection,US-MIDA-PJM,394.23,476.32,28.77,1.57,pjm.com,false,
2023-07-08 02:00:00,USA,PJM Interconnection,US-MIDA-PJM,394.53,475.63,29.22,0.96,pjm.com,false,
2023-07-08 03:00:00,USA,PJM Interconnection,US-MIDA-PJM,390.97,470.22,30.69,1.1,pjm.com,false,
2023-07-08 04:00:00,USA,PJM Interconnection,US-MIDA-PJM,373.9,451.18,33.03,1.17,pjm.com,false,
2023-07-08 05:00:00,USA,PJM Interconnection,US-MIDA-PJM,354.1,430.18,34.94,1.35,pjm.com,false,
2023-07-08 06:00:00,USA,PJM Interconnection,US-MIDA-PJM,341.88,416.67,36.51,1.74,pjm.com,false,
2023-07-08 07:00:00,USA,PJM Interconnection,US-MIDA-PJM,332.49,406.3,37.74,1.95,pjm.com,false,
2023-07-08 08:00:00,USA,PJM Interconnection,US-MIDA-PJM,328.4,401.76,38.29,1.91,pjm.com,false,
2023-07-08 09:00:00,USA,PJM Interconnection,US-MIDA-PJM,328.3,401.59,38.35,1.7,pjm.com,false,
2023-07-08 10:00:00,USA,PJM Interconnection,US-MIDA-PJM,328.34,401.85,38.19,1.68,pjm.com,false,
2023-07-08 11:00:00,USA,PJM Interconnection,US-MIDA-PJM,325.69,398.9,38.64,2.9,pjm.com,false,
2023-07-08 12:00:00,USA,PJM Interconnection,US-MIDA-PJM,322.6,396.53,38.38,4.41,pjm.com,false,
2023-07-08 13:00:00,USA,PJM Interconnection,US-MIDA-PJM,326.73,402.06,37.18,4.78,pjm.com,false,
2023-07-08 14:00:00,USA,PJM Interconnection,US-MIDA-PJM,336.99,414.08,35.41,4.47,pjm.com,false,
2023-07-08 15:00:00,USA,PJM Interconnection,US-MIDA-PJM,342.64,420.1,35.08,5.34,pjm.com,false,
2023-07-08 16:00:00,USA,PJM Interconnection,US-MIDA-PJM,346.67,424.0,35.05,6.23,pjm.com,false,
2023-07-08 17:00:00,USA,PJM Interconnection,US-MIDA-PJM,350.99,428.5,34.79,6.69,pjm.com,false,
2023-07-08 18:00:00,USA,PJM Interconnection,US-MIDA-PJM,352.65,430.29,34.65,6.85,pjm.com,false,
2023-07-08 19:00:00,USA,PJM Interconnection,US-MIDA-PJM,360.99,439.61,33.48,5.98,pjm.com,false,
2023-07-08 20:00:00,USA,PJM Interconnection,US-MIDA-PJM,364.04,442.46,33.39,5.81,pjm.com,false,
2023-07-08 21:00:00,USA,PJM Interconnection,US-MIDA-PJM,363.57,441.93,33.45,5.74,pjm.com,false,
2023-07-08 22:00:00,USA,PJM Interconnection,US-MIDA-PJM,363.91,442.33,33.29,5.3,pjm.com,false,
2023-07-08 23:00:00,USA,PJM Interconnection,US-MIDA-PJM,361.6,439.72,33.65,5.19,pjm.com,false,
2023-07-09 00:00:00,USA,PJM Interconnection,US-MIDA-PJM,364.96,443.91,32.71,3.53,pjm.com,false,
2023-07-09 01:00:00,USA,PJM Interconnection,US-MIDA-PJM,364.57,443.57,32.64,2.73,pjm.com,false,
2023-07-09 02:00:00,USA,PJM Interconnection,US-MIDA-PJM,364.62,443.42,32.46,1.42,pjm.com,false,
2023-07-09 03:00:00,USA,PJM Interconnection,US-MIDA-PJM,357.66,435.09,33.73,1.15,pjm.com,false,
2023-07-09 04:00:00,USA,PJM Interconnection,US-MIDA-PJM,347.06,423.13,35.32,1.19,pjm.com,false,
2023-07-09 05:00:00,USA,PJM Interconnection,US-MIDA-PJM,339.95,414.81,36.57,1.15,pjm.com,false,
2023-07-09 06:00:00,USA,PJM Interconnection,US-MIDA-PJM,333.87,407.3,37.95,1.18,pjm.com,false,
2023-07-09 07:00:00,USA,PJM Interconnection,US-MIDA-PJM,330.67,403.53,38.53,1.23,pjm.com,false,
2023-07-09 08:00:00,USA,PJM Interconnection,US-MIDA-PJM,327.6,399.72,39.24,1.26,pjm.com,false,
2023-07-09 09:00:00,USA,PJM Interconnection,US-MIDA-PJM,327.1,399.05,39.41,1.33,pjm.com,false,
2023-07-09 10:00:00,USA,PJM Interconnection,US-MIDA-PJM,326.05,397.59,39.76,1.35,pjm.com,false,
2023-07-09 11:00:00,USA,PJM Interconnection,US-MIDA-PJM,325.6,397.37,39.69,1.96,pjm.com,false,
2023-07-09 12:00:00,USA,PJM Interconnection,US-MIDA-PJM,324.62,397.28,39.18,3.12,pjm.com,false,
2023-07-09 13:00:00,USA,PJM Interconnection,US-MIDA-PJM,328.08,401.91,38.2,3.62,pjm.com,false,
2023-07-09 14:00:00,USA,PJM Interconnection,US-MIDA-PJM,330.57,405.24,37.47,4.15,pjm.com,false,
2023-07-09 15:00:00,USA,PJM Interconnection,US-MIDA-PJM,337.47,412.89,36.65,4.58,pjm.com,false,
2023-07-09 16:00:00,USA,PJM Interconnection,US-MIDA-PJM,347.86,424.47,35.39,4.39,pjm.com,false,
2023-07-09 17:00:00,USA,PJM Interconnection,US-MIDA-PJM,354.3,431.04,34.96,4.55,pjm.com,false,
2023-07-09 18:00:00,USA,PJM Interconnection,US-MIDA-PJM,363.18,440.34,34.2,4.33,pjm.com,false,
2023-07-09 19:00:00,USA,PJM Interconnection,US-MIDA-PJM,360.67,437.6,34.52,4.84,pjm.com,false,
2023-07-09 20:00:00,USA,PJM Interconnection,US-MIDA-PJM,352.13,428.43,35.48,6.18,pjm.com,false,
2023-07-09 21:00:00,USA,PJM Interconnection,US-MIDA-PJM,347.96,424.07,35.87,6.77,pjm.com,false,
2023-07-09 22:00:00,USA,PJM Interconnection,US-MIDA-PJM,351.51,427.82,35.59,6.64,pjm.com,false,
2023-07-09 23:00:00,USA,PJM Interconnection,US-MIDA-PJM,355.42,431.89,35.16,5.73,pjm.com,false,
2023-07-10 00:00:00,USA,PJM Interconnection,US-MIDA-PJM,365.38,442.87,33.67,3.35,pjm.com,false,
2023-07-10 01:00:00,USA,PJM Interconnection,US-MIDA-PJM,371.61,449.71,32.74,1.74,pjm.com,false,
2023-07-10 02:00:00,USA,PJM Interconnection,US-MIDA-PJM,365.48,442.8,33.49,1.49,pjm.com,false,
2023-07-10 03:00:00,USA,PJM Interconnection,US-MIDA-PJM,354.22,429.69,35.36,1.72,pjm.com,false,
2023-07-10 04:00:00,USA,PJM Interconnection,US-MIDA-PJM,342.52,416.47,37.11,1.69,pjm.com,false,
2023-07-10 05:00:00,USA,PJM Interconnection,US-MIDA-PJM,335.65,408.99,37.9,1.51,pjm.com,false,
2023-07-10 06:00:00,USA,PJM Interconnection,US-MIDA-PJM,330.32,402.39,39.13,1.68,pjm.com,false,
2023-07-10 07:00:00,USA,PJM Interconnection,US-MIDA-PJM,330.9,402.0,39.85,1.79,pjm.com,false,
2023-07-10 08:00:00,USA,PJM Interconnection,US-MIDA-PJM,331.54,402.55,39.89,1.83,pjm.com,false,
2023-07-10 09:00:00,USA,PJM Interconnection,US-MIDA-PJM,332.23,404.18,39.16,1.96,pjm.com,false,
2023-07-10 10:00:00,USA,PJM Interconnection,US-MIDA-PJM,333.94,406.96,38.29,1.9,pjm.com,false,
2023-07-10 11:00:00,USA,PJM Interconnection,US-MIDA-PJM,335.67,410.14,37.17,2.57,pjm.com,false,
2023-07-10 12:00:00,USA,PJM Interconnection,US-MIDA-PJM,338.99,414.63,36.21,3.34,pjm.com,false,
2023-07-10 13:00:00,USA,PJM Interconnection,US-MIDA-PJM,341.67,417.84,35.73,4.0,pjm.com,false,
2023-07-10 14:00:00,USA,PJM Interconnection,US-MIDA-PJM,348.57,425.47,34.97,4.42,pjm.com,false,
2023-07-10 15:00:00,USA,PJM Interconnection,US-MIDA-PJM,354.06,431.63,34.41,5.02,pjm.com,false,
2023-07-10 16:00:00,USA,PJM Interconnection,US-MIDA-PJM,359.9,438.24,33.54,5.2,pjm.com,false,
2023-07-10 17:00:00,USA,PJM Interconnection,US-MIDA-PJM,366.28,445.47,32.58,5.23,pjm.com,false,
2023-07-10 18:00:00,USA,PJM Interconnection,US-MIDA-PJM,366.7,445.35,33.06,6.43,pjm.com,false,
2023-07-10 19:00:00,USA,PJM Interconnection,US-MIDA-PJM,367.66,446.25,33.12,7.17,pjm.com,false,
2023-07-10 20:00:00,USA,PJM Interconnection,US-MIDA-PJM,368.74,447.44,33.01,7.57,pjm.com,false,
2023-07-10 21:00:00,USA,PJM Interconnection,US-MIDA-PJM,369.45,448.34,32.9,7.88,pjm.com,false,
2023-07-10 22:00:00,USA,PJM Interconnection,US-MIDA-PJM,370.17,449.06,32.85,7.92,pjm.com,false,
2023-07-10 23:00:00,USA,PJM Interconnection,US-MIDA-PJM,373.17,452.56,32.21,6.77,pjm.com,false,
2023-07-11 00:00:00,USA,PJM Interconnection,US-MIDA-PJM,375.99,455.92,31.53,5.13,pjm.com,false,
2023-07-11 01:00:00,USA,PJM Interconnection,US-MIDA-PJM,380.15,460.11,31.16,3.67,pjm.com,false,
2023-07-11 02:00:00,USA,PJM Interconnection,US-MIDA-PJM,376.89,455.65,32.03,2.74,pjm.com,false,
2023-07-11 03:00:00,USA,PJM Interconnection,US-MIDA-PJM,360.58,436.63,34.7,3.45,pjm.com,false,
2023-07-11 04:00:00,USA,PJM Interconnection,US-MIDA-PJM,343.98,416.79,37.88,4.33,pjm.com,false,
2023-07-11 05:00:00,USA,PJM Interconnection,US-MIDA-PJM,333.07,404.17,39.71,4.75,pjm.com,false,
2023-07-11 06:00:00,USA,PJM Interconnection,US-MIDA-PJM,328.32,398.29,40.77,4.88,pjm.com,false,
2023-07-11 07:00:00,USA,PJM Interconnection,US-MIDA-PJM,324.61,392.46,42.54,5.45,pjm.com,false,
2023-07-11 08:00:00,USA,PJM Interconnection,US-MIDA-PJM,325.28,392.65,42.84,5.44,pjm.com,false,
2023-07-11 09:00:00,USA,PJM Interconnection,US-MIDA-PJM,326.69,394.48,42.45,5.53,pjm.com,false,
2023-07-11 10:00:00,USA,PJM Interconnection,US-MIDA-PJM,330.62,400.12,41.02,5.4,pjm.com,false,
2023-07-11 11:00:00,USA,PJM Interconnection,US-MIDA-PJM,331.51,402.37,40.11,5.98,pjm.com,false,
2023-07-11 12:00:00,USA,PJM Interconnection,US-MIDA-PJM,331.95,404.16,39.28,6.72,pjm.com,false,
2023-07-11 13:00:00,USA,PJM Interconnection,US-MIDA-PJM,339.28,413.74,37.3,6.32,pjm.com,false,
2023-07-11 14:00:00,USA,PJM Interconnection,US-MIDA-PJM,347.08,423.81,35.29,6.02,pjm.com,false,
2023-07-11 15:00:00,USA,PJM Interconnection,US-MIDA-PJM,351.82,429.71,34.38,6.47,pjm.com,false,
2023-07-11 16:00:00,USA,PJM Interconnection,US-MIDA-PJM,354.55,432.91,33.94,7.21,pjm.com,false,
2023-07-11 17:00:00,USA,PJM Interconnection,US-MIDA-PJM,355.44,434.09,33.68,7.9,pjm.com,false,
2023-07-11 18:00:00,USA,PJM Interconnection,US-MIDA-PJM,356.62,435.37,33.58,8.29,pjm.com,false,
2023-07-11 19:00:00,USA,PJM Interconnection,US-MIDA-PJM,360.78,439.68,33.34,8.6,pjm.com,false,
2023-07-11 20:00:00,USA,PJM Interconnection,US-MIDA-PJM,362.74,441.89,33.07,8.77,pjm.com,false,
2023-07-11 21:00:00,USA,PJM Interconnection,US-MIDA-PJM,364.82,444.17,32.83,8.76,pjm.com,false,
2023-07-11 22:00:00,USA,PJM Interconnection,US-MIDA-PJM,370.18,450.22,32.01,7.94,pjm.com,false,
2023-07-11 23:00:00,USA,PJM Interconnection,US-MIDA-PJM,375.76,456.52,31.08,6.4,pjm.com,false,
2023-07-12 00:00:00,USA,PJM Interconnection,US-MIDA-PJM,379.97,461.38,30.19,4.41,pjm.com,false,
2023-07-12 01:00:00,USA,PJM Interconnection,US-MIDA-PJM,384.17,466.17,29.32,2.35,pjm.com,false,
2023-07-12 02:00:00,USA,PJM Interconnection,US-MIDA-PJM,381.14,461.33,30.58,2.08,pjm.com,false,
2023-07-12 03:00:00,USA,PJM Interconnection,US-MIDA-PJM,371.69,449.47,32.7,2.12,pjm.com,false,
2023-07-12 04:00:00,USA,PJM Interconnection,US-MIDA-PJM,358.75,435.22,34.55,2.28,pjm.com,false,
2023-07-12 05:00:00,USA,PJM Interconnection,US-MIDA-PJM,344.45,419.24,36.56,2.68,pjm.com,false,
2023-07-12 06:00:00,USA,PJM Interconnection,US-MIDA-PJM,336.66,410.34,37.79,2.98,pjm.com,false,
2023-07-12 07:00:00,USA,PJM Interconnection,US-MIDA-PJM,331.03,403.63,38.89,3.19,pjm.com,false,
2023-07-12 08:00:00,USA,PJM Interconnection,US-MIDA-PJM,327.2,399.17,39.57,3.39,pjm.com,false,
2023-07-12 09:00:00,USA,PJM Interconnection,US-MIDA-PJM,325.87,398.1,39.47,3.65,pjm.com,false,
2023-07-12 10:00:00,USA,PJM Interconnection,US-MIDA-PJM,328.09,401.41,38.54,3.78,pjm.com,false,
2023-07-12 11:00:00,USA,PJM Interconnection,US-MIDA-PJM,328.53,402.53,38.11,4.97,pjm.com,false,
2023-07-12 12:00:00,USA,PJM Interconnection,US-MIDA-PJM,330.54,405.65,37.33,5.67,pjm.com,false,
2023-07-12 13:00:00,USA,PJM Interconnection,US-MIDA-PJM,336.44,412.79,36.25,5.7,pjm.com,false,
2023-07-12 14:00:00,USA,PJM Interconnection,US-MIDA-PJM,342.67,420.7,34.91,5.94,pjm.com,false,
2023-07-12 15:00:00,USA,PJM Interconnection,US-MIDA-PJM,349.29,428.92,33.77,6.66,pjm.com,false,
2023-07-12 16:00:00,USA,PJM Interconnection,US-MIDA-PJM,352.52,432.38,33.36,7.54,pjm.com,false,
2023-07-12 17:00:00,USA,PJM Interconnection,US-MIDA-PJM,357.33,437.2,33.09,8.19,pjm.com,false,
2023-07-12 18:00:00,USA,PJM Interconnection,US-MIDA-PJM,356.78,436.32,33.33,8.99,pjm.com,false,
2023-07-12 19:00:00,USA,PJM Interconnection,US-MIDA-PJM,354.33,433.5,33.73,9.72,pjm.com,false,
2023-07-12 20:00:00,USA,PJM Interconnection,US-MIDA-PJM,360.59,440.11,33.2,9.62,pjm.com,false,
2023-07-12 21:00:00,USA,PJM Interconnection,US-MIDA-PJM,366.05,445.76,32.89,9.48,pjm.com,false,
2023-07-12 22:00:00,USA,PJM Interconnection,US-MIDA-PJM,371.48,451.93,32.14,8.73,pjm.com,false,
2023-07-12 23:00:00,USA,PJM Interconnection,US-MIDA-PJM,378.81,459.8,31.22,7.36,pjm.com,false,
2023-07-13 00:00:00,USA,PJM Interconnection,US-MIDA-PJM,375.04,455.4,31.84,7.09,pjm.com,false,
2023-07-13 01:00:00,USA,PJM Interconnection,US-MIDA-PJM,372.05,452.03,32.11,6.35,pjm.com,false,
2023-07-13 02:00:00,USA,PJM Interconnection,US-MIDA-PJM,372.97,452.32,32.32,5.2,pjm.com,false,
2023-07-13 03:00:00,USA,PJM Interconnection,US-MIDA-PJM,367.95,445.69,33.25,4.19,pjm.com,false,
2023-07-13 04:00:00,USA,PJM Interconnection,US-MIDA-PJM,356.62,433.15,34.62,3.74,pjm.com,false,
2023-07-13 05:00:00,USA,PJM Interconnection,US-MIDA-PJM,347.48,423.59,35.41,3.53,pjm.com,false,
2023-07-13 06:00:00,USA,PJM Interconnection,US-MIDA-PJM,342.15,417.31,36.41,3.44,pjm.com,false,
2023-07-13 07:00:00,USA,PJM Interconnection,US-MIDA-PJM,337.62,412.29,37.01,3.22,pjm.com,false,
2023-07-13 08:00:00,USA,PJM Interconnection,US-MIDA-PJM,337.77,412.67,36.85,2.76,pjm.com,false,
2023-07-13 09:00:00,USA,PJM Interconnection,US-MIDA-PJM,340.98,416.97,35.88,2.24,pjm.com,false,
2023-07-13 10:00:00,USA,PJM Interconnection,US-MIDA-PJM,348.27,425.55,34.54,2.01,pjm.com,false,
2023-07-13 11:00:00,USA,PJM Interconnection,US-MIDA-PJM,354.07,431.47,34.24,2.99,pjm.com,false,
2023-07-13 12:00:00,USA,PJM Interconnection,US-MIDA-PJM,357.99,435.54,34.08,4.25,pjm.com,false,
2023-07-13 13:00:00,USA,PJM Interconnection,US-MIDA-PJM,361.41,440.18,33.33,4.71,pjm.com,false,
2023-07-13 14:00:00,USA,PJM Interconnection,US-MIDA-PJM,367.19,447.44,32.14,4.86,pjm.com,false,
2023-07-13 15:00:00,USA,PJM Interconnection,US-MIDA-PJM,375.95,456.97,31.28,5.18,pjm.com,false,
2023-07-13 16:00:00,USA,PJM Interconnection,US-MIDA-PJM,379.98,461.3,31.16,6.06,pjm.com,false,
2023-07-13 17:00:00,USA,PJM Interconnection,US-MIDA-PJM,380.27,462.07,31.13,6.97,pjm.com,false,
2023-07-13 18:00:00,USA,PJM Interconnection,US-MIDA-PJM,383.52,466.16,30.5,6.95,pjm.com,false,
2023-07-13 19:00:00,USA,PJM Interconnection,US-MIDA-PJM,382.48,465.3,30.34,7.03,pjm.com,false,
2023-07-13 20:00:00,USA,PJM Interconnection,US-MIDA-PJM,387.62,471.15,29.67,6.6,pjm.com,false,
2023-07-13 21:00:00,USA,PJM Interconnection,US-MIDA-PJM,394.25,478.92,28.93,6.09,pjm.com,false,
2023-07-13 22:00:00,USA,PJM Interconnection,US-MIDA-PJM,396.68,481.93,28.6,5.61,pjm.com,false,
2023-07-13 23:00:00,USA,PJM Interconnection,US-MIDA-PJM,399.08,484.69,28.02,4.68,pjm.com,false,
2023-07-14 00:00:00,USA,PJM Interconnection,US-MIDA-PJM,401.45,486.56,28.07,3.96,pjm.com,false,
2023-07-14 01:00:00,USA,PJM Interconnection,US-MIDA-PJM,405.86,491.07,27.53,2.73,pjm.com,false,
2023-07-14 02:00:00,USA,PJM Interconnection,US-MIDA-PJM,407.33,491.78,27.54,1.41,pjm.com,false,
2023-07-14 03:00:00,USA,PJM Interconnection,US-MIDA-PJM,401.56,482.93,29.29,1.51,pjm.com,false,
2023-07-14 04:00:00,USA,PJM Interconnection,US-MIDA-PJM,392.37,470.89,31.17,1.63,pjm.com,false,
2023-07-14 05:00:00,USA,PJM Interconnection,US-MIDA-PJM,375.66,452.66,33.13,2.27,pjm.com,false,
2023-07-14 06:00:00,USA,PJM Interconnection,US-MIDA-PJM,362.75,438.92,34.43,2.44,pjm.com,false,
2023-07-14 07:00:00,USA,PJM Interconnection,US-MIDA-PJM,353.65,429.11,35.45,2.47,pjm.com,false,
2023-07-14 08:00:00,USA,PJM Interconnection,US-MIDA-PJM,348.43,423.5,36.03,2.42,pjm.com,false,
2023-07-14 09:00:00,USA,PJM Interconnection,US-MIDA-PJM,348.92,425.01,35.26,2.12,pjm.com,false,
2023-07-14 10:00:00,USA,PJM Interconnection,US-MIDA-PJM,354.48,431.6,34.19,1.82,pjm.com,false,
2023-07-14 11:00:00,USA,PJM Interconnection,US-MIDA-PJM,363.3,441.27,33.14,2.05,pjm.com,false,
2023-07-14 12:00:00,USA,PJM Interconnection,US-MIDA-PJM,371.45,450.38,32.06,2.48,pjm.com,false,
2023-07-14 13:00:00,USA,PJM Interconnection,US-MIDA-PJM,376.01,456.49,30.9,2.66,pjm.com,false,
2023-07-14 14:00:00,USA,PJM Interconnection,US-MIDA-PJM,374.96,456.79,30.21,3.23,pjm.com,false,
2023-07-14 15:00:00,USA,PJM Interconnection,US-MIDA-PJM,373.98,455.86,30.31,4.33,pjm.com,false,
2023-07-14 16:00:00,USA,PJM Interconnection,US-MIDA-PJM,376.36,458.29,30.24,5.51,pjm.com,false,
2023-07-14 17:00:00,USA,PJM Interconnection,US-MIDA-PJM,377.12,459.49,29.94,6.24,pjm.com,false,
2023-07-14 18:00:00,USA,PJM Interconnection,US-MIDA-PJM,379.46,462.46,29.73,6.46,pjm.com,false,
2023-07-14 19:00:00,USA,PJM Interconnection,US-MIDA-PJM,378.86,461.78,29.88,6.97,pjm.com,false,
2023-07-14 20:00:00,USA,PJM Interconnection,US-MIDA-PJM,378.38,461.22,29.97,7.3,pjm.com,false,
2023-07-14 21:00:00,USA,PJM Interconnection,US-MIDA-PJM,380.61,463.47,29.77,7.0,pjm.com,false,
2023-07-14 22:00:00,USA,PJM Interconnection,US-MIDA-PJM,378.85,461.11,30.11,6.91,pjm.com,false,
2023-07-14 23:00:00,USA,PJM Interconnection,US-MIDA-PJM,384.86,467.73,29.27,5.52,pjm.com,false,
2023-07-15 00:00:00,USA,PJM Interconnection,US-MIDA-PJM,390.04,473.32,28.43,3.93,pjm.com,false,
2023-07-15 01:00:00,USA,PJM Interconnection,US-MIDA-PJM,392.63,476.22,27.89,2.52,pjm.com,false,
2023-07-15 02:00:00,USA,PJM Interconnection,US-MIDA-PJM,384.09,465.59,29.53,2.57,pjm.com,false,
2023-07-15 03:00:00,USA,PJM Interconnection,US-MIDA-PJM,380.54,460.0,31.01,2.29,pjm.com,false,
2023-07-15 04:00:00,USA,PJM Interconnection,US-MIDA-PJM,369.78,447.13,33.15,2.58,pjm.com,false,
2023-07-15 05:00:00,USA,PJM Interconnection,US-MIDA-PJM,351.13,426.18,35.83,3.56,pjm.com,false,
2023-07-15 06:00:00,USA,PJM Interconnection,US-MIDA-PJM,340.38,414.32,37.22,3.98,pjm.com,false,
2023-07-15 07:00:00,USA,PJM Interconnection,US-MIDA-PJM,335.33,409.1,37.63,3.35,pjm.com,false,
2023-07-15 08:00:00,USA,PJM Interconnection,US-MIDA-PJM,337.53,411.81,37.16,2.16,pjm.com,false,
2023-07-15 09:00:00,USA,PJM Interconnection,US-MIDA-PJM,340.17,414.96,36.67,1.32,pjm.com,false,
2023-07-15 10:00:00,USA,PJM Interconnection,US-MIDA-PJM,340.12,414.98,36.61,1.08,pjm.com,false,
2023-07-15 11:00:00,USA,PJM Interconnection,US-MIDA-PJM,339.12,414.38,36.42,1.73,pjm.com,false,
2023-07-15 12:00:00,USA,PJM Interconnection,US-MIDA-PJM,340.36,416.54,35.75,2.89,pjm.com,false,
2023-07-15 13:00:00,USA,PJM Interconnection,US-MIDA-PJM,350.02,427.33,34.47,3.5,pjm.com,false,
2023-07-15 14:00:00,USA,PJM Interconnection,US-MIDA-PJM,355.89,433.97,33.67,3.85,pjm.com,false,
2023-07-15 15:00:00,USA,PJM Interconnection,US-MIDA-PJM,361.85,441.12,32.71,4.29,pjm.com,false,
2023-07-15 16:00:00,USA,PJM Interconnection,US-MIDA-PJM,367.26,447.1,32.14,5.12,pjm.com,false,
2023-07-15 17:00:00,USA,PJM Interconnection,US-MIDA-PJM,367.1,446.78,32.33,5.94,pjm.com,false,
2023-07-15 18:00:00,USA,PJM Interconnection,US-MIDA-PJM,367.35,446.97,32.43,6.48,pjm.com,false,
2023-07-15 19:00:00,USA,PJM Interconnection,US-MIDA-PJM,364.76,443.96,32.95,7.18,pjm.com,false,
2023-07-15 20:00:00,USA,PJM Interconnection,US-MIDA-PJM,363.78,442.95,33.04,7.38,pjm.com,false,
2023-07-15 21:00:00,USA,PJM Interconnection,US-MIDA-PJM,359.52,438.64,33.32,7.57,pjm.com,false,
2023-07-15 22:00:00,USA,PJM Interconnection,US-MIDA-PJM,361.75,441.16,32.96,6.95,pjm.com,false,
2023-07-15 23:00:00,USA,PJM Interconnection,US-MIDA-PJM,362.77,441.91,33.03,6.44,pjm.com,false,
2023-07-16 00:00:00,USA,PJM Interconnection,US-MIDA-PJM,364.51,443.84,32.62,5.53,pjm.com,false,
2023-07-16 01:00:00,USA,PJM Interconnection,US-MIDA-PJM,367.71,447.5,31.91,3.94,pjm.com,false,
2023-07-16 02:00:00,USA,PJM Interconnection,US-MIDA-PJM,366.85,446.14,32.01,2.59,pjm.com,false,
2023-07-16 03:00:00,USA,PJM Interconnection,US-MIDA-PJM,359.86,437.59,33.41,2.67,pjm.com,false,
2023-07-16 04:00:00,USA,PJM Interconnection,US-MIDA-PJM,353.71,430.09,34.73,2.58,pjm.com,false,
2023-07-16 05:00:00,USA,PJM Interconnection,US-MIDA-PJM,345.38,420.44,36.15,2.75,pjm.com,false,
2023-07-16 06:00:00,USA,PJM Interconnection,US-MIDA-PJM,344.18,418.92,36.45,2.45,pjm.com,false,
2023-07-16 07:00:00,USA,PJM Interconnection,US-MIDA-PJM,340.54,414.5,37.23,2.32,pjm.com,false,
2023-07-16 08:00:00,USA,PJM Interconnection,US-MIDA-PJM,336.9,409.47,38.45,2.76,pjm.com,false,
2023-07-16 09:00:00,USA,PJM Interconnection,US-MIDA-PJM,335.95,408.33,38.65,2.69,pjm.com,false,
2023-07-16 10:00:00,USA,PJM Interconnection,US-MIDA-PJM,336.63,409.11,38.57,2.47,pjm.com,false,
2023-07-16 11:00:00,USA,PJM Interconnection,US-MIDA-PJM,337.15,410.13,38.2,2.5,pjm.com,false,
2023-07-16 12:00:00,USA,PJM Interconnection,US-MIDA-PJM,337.68,411.9,37.34,2.7,pjm.com,false,
2023-07-16 13:00:00,USA,PJM Interconnection,US-MIDA-PJM,338.67,413.88,36.6,3.12,pjm.com,false,
2023-07-16 14:00:00,USA,PJM Interconnection,US-MIDA-PJM,344.53,421.27,35.4,3.38,pjm.com,false,
2023-07-16 15:00:00,USA,PJM Interconnection,US-MIDA-PJM,347.06,424.36,35.09,4.1,pjm.com,false,
2023-07-16 16:00:00,USA,PJM Interconnection,US-MIDA-PJM,348.53,426.47,34.52,4.53,pjm.com,false,
2023-07-16 17:00:00,USA,PJM Interconnection,US-MIDA-PJM,352.37,430.52,34.18,5.24,pjm.com,false,
2023-07-16 18:00:00,USA,PJM Interconnection,US-MIDA-PJM,349.42,426.69,35.02,6.8,pjm.com,false,
2023-07-16 19:00:00,USA,PJM Interconnection,US-MIDA-PJM,340.25,416.1,36.72,9.05,pjm.com,false,
2023-07-16 20:00:00,USA,PJM Interconnection,US-MIDA-PJM,345.16,421.06,36.5,9.44,pjm.com,false,
2023-07-16 21:00:00,USA,PJM Interconnection,US-MIDA-PJM,349.42,425.79,35.79,9.15,pjm.com,false,
2023-07-16 22:00:00,USA,PJM Interconnection,US-MIDA-PJM,357.98,435.1,34.71,8.15,pjm.com,false,
2023-07-16 23:00:00,USA,PJM Interconnection,US-MIDA-PJM,365.72,443.64,33.59,6.62,pjm.com,false,
2023-07-17 00:00:00,USA,PJM Interconnection,US-MIDA-PJM,365.68,444.17,33.06,5.41,pjm.com,false,
2023-07-17 01:00:00,USA,PJM Interconnection,US-MIDA-PJM,361.27,440.07,32.99,4.53,pjm.com,false,
2023-07-17 02:00:00,USA,PJM Interconnection,US-MIDA-PJM,361.24,439.81,32.84,3.04,pjm.com,false,
2023-07-17 03:00:00,USA,PJM Interconnection,US-MIDA-PJM,352.8,428.59,35.22,3.66,pjm.com,false,
2023-07-17 04:00:00,USA,PJM Interconnection,US-MIDA-PJM,341.91,415.05,37.75,4.3,pjm.com,false,
2023-07-17 05:00:00,USA,PJM Interconnection,US-MIDA-PJM,334.2,405.81,39.3,4.52,pjm.com,false,
2023-07-17 06:00:00,USA,PJM Interconnection,US-MIDA-PJM,331.74,402.51,40.05,4.75,pjm.com,false,
2023-07-17 07:00:00,USA,PJM Interconnection,US-MIDA-PJM,332.96,403.04,40.49,4.46,pjm.com,false,
2023-07-17 08:00:00,USA,PJM Interconnection,US-MIDA-PJM,335.74,405.93,40.27,4.05,pjm.com,false,
2023-07-17 09:00:00,USA,PJM Interconnection,US-MIDA-PJM,338.75,409.84,39.47,3.75,pjm.com,false,
2023-07-17 10:00:00,USA,PJM Interconnection,US-MIDA-PJM,343.02,416.16,37.71,3.0,pjm.com,false,
2023-07-17 11:00:00,USA,PJM Interconnection,US-MIDA-PJM,347.25,422.15,36.24,2.99,pjm.com,false,
2023-07-17 12:00:00,USA,PJM Interconnection,US-MIDA-PJM,350.85,426.9,35.31,3.62,pjm.com,false,
2023-07-17 13:00:00,USA,PJM Interconnection,US-MIDA-PJM,357.52,434.98,34.03,3.87,pjm.com,false,
2023-07-17 14:00:00,USA,PJM Interconnection,US-MIDA-PJM,360.34,438.89,33.24,4.32,pjm.com,false,
2023-07-17 15:00:00,USA,PJM Interconnection,US-MIDA-PJM,366.76,446.61,32.34,4.91,pjm.com,false,
2023-07-17 16:00:00,USA,PJM Interconnection,US-MIDA-PJM,374.09,454.27,31.88,5.45,pjm.com,false,
2023-07-17 17:00:00,USA,PJM Interconnection,US-MIDA-PJM,374.36,454.32,32.16,6.69,pjm.com,false,
2023-07-17 18:00:00,USA,PJM Interconnection,US-MIDA-PJM,377.02,456.79,32.35,7.58,pjm.com,false,
2023-07-17 19:00:00,USA,PJM Interconnection,US-MIDA-PJM,377.01,456.82,32.39,8.08,pjm.com,false,
2023-07-17 20:00:00,USA,PJM Interconnection,US-MIDA-PJM,376.17,456.02,32.32,8.16,pjm.com,false,
2023-07-17 21:00:00,USA,PJM Interconnection,US-MIDA-PJM,381.55,461.71,31.77,7.66,pjm.com,false,
2023-07-17 22:00:00,USA,PJM Interconnection,US-MIDA-PJM,386.72,467.7,31.07,6.82,pjm.com,false,
2023-07-17 23:00:00,USA,PJM Interconnection,US-MIDA-PJM,390.25,471.79,30.42,5.69,pjm.com,false,
2023-07-18 00:00:00,USA,PJM Interconnection,US-MIDA-PJM,393.87,475.8,29.6,3.91,pjm.com,false,
2023-07-18 01:00:00,USA,PJM Interconnection,US-MIDA-PJM,390.57,472.41,29.56,2.66,pjm.com,false,
2023-07-18 02:00:00,USA,PJM Interconnection,US-MIDA-PJM,385.23,466.28,30.13,1.43,pjm.com,false,
2023-07-18 03:00:00,USA,PJM Interconnection,US-MIDA-PJM,374.72,453.97,31.72,1.48,pjm.com,false,
2023-07-18 04:00:00,USA,PJM Interconnection,US-MIDA-PJM,364.72,441.91,33.58,1.63,pjm.com,false,
2023-07-18 05:00:00,USA,PJM Interconnection,US-MIDA-PJM,359.1,434.81,34.97,1.81,pjm.com,false,
2023-07-18 06:00:00,USA,PJM Interconnection,US-MIDA-PJM,356.43,431.16,35.83,1.99,pjm.com,false,
2023-07-18 07:00:00,USA,PJM Interconnection,US-MIDA-PJM,353.66,426.69,37.25,2.23,pjm.com,false,
2023-07-18 08:00:00,USA,PJM Interconnection,US-MIDA-PJM,354.58,427.78,37.09,1.81,pjm.com,false,
2023-07-18 09:00:00,USA,PJM Interconnection,US-MIDA-PJM,355.22,429.02,36.63,1.61,pjm.com,false,
2023-07-18 10:00:00,USA,PJM Interconnection,US-MIDA-PJM,356.93,431.96,35.64,1.57,pjm.com,false,
2023-07-18 11:00:00,USA,PJM Interconnection,US-MIDA-PJM,357.15,432.71,35.3,2.3,pjm.com,false,
2023-07-18 12:00:00,USA,PJM Interconnection,US-MIDA-PJM,354.35,429.96,35.55,3.63,pjm.com,false,
2023-07-18 13:00:00,USA,PJM Interconnection,US-MIDA-PJM,356.68,433.51,34.66,4.45,pjm.com,false,
2023-07-18 14:00:00,USA,PJM Interconnection,US-MIDA-PJM,362.76,441.18,33.28,4.6,pjm.com,false,
2023-07-18 15:00:00,USA,PJM Interconnection,US-MIDA-PJM,369.92,449.57,32.59,4.93,pjm.com,false,
2023-07-18 16:00:00,USA,PJM Interconnection,US-MIDA-PJM,373.93,453.91,31.89,4.99,pjm.com,false,
2023-07-18 17:00:00,USA,PJM Interconnection,US-MIDA-PJM,373.25,452.99,32.14,6.07,pjm.com,false,
2023-07-18 18:00:00,USA,PJM Interconnection,US-MIDA-PJM,373.21,452.68,32.56,7.34,pjm.com,false,
2023-07-18 19:00:00,USA,PJM Interconnection,US-MIDA-PJM,379.56,459.75,31.84,7.31,pjm.com,false,
2023-07-18 20:00:00,USA,PJM Interconnection,US-MIDA-PJM,379.5,459.51,31.96,7.88,pjm.com,false,
2023-07-18 21:00:00,USA,PJM Interconnection,US-MIDA-PJM,385.05,465.61,31.37,7.48,pjm.com,false,
2023-07-18 22:00:00,USA,PJM Interconnection,US-MIDA-PJM,393.81,475.14,30.4,6.37,pjm.com,false,
2023-07-18 23:00:00,USA,PJM Interconnection,US-MIDA-PJM,396.59,478.25,29.75,5.11,pjm.com,false,
2023-07-19 00:00:00,USA,PJM Interconnection,US-MIDA-PJM,398.98,480.86,29.15,3.61,pjm.com,false,
2023-07-19 01:00:00,USA,PJM Interconnection,US-MIDA-PJM,396.59,478.57,28.96,2.42,pjm.com,false,
2023-07-19 02:00:00,USA,PJM Interconnection,US-MIDA-PJM,388.92,469.57,29.82,1.53,pjm.com,false,
2023-07-19 03:00:00,USA,PJM Interconnection,US-MIDA-PJM,380.51,459.25,31.58,1.67,pjm.com,false,
2023-07-19 04:00:00,USA,PJM Interconnection,US-MIDA-PJM,371.57,448.82,33.13,1.56,pjm.com,false,
2023-07-19 05:00:00,USA,PJM Interconnection,US-MIDA-PJM,364.69,441.02,34.16,1.4,pjm.com,false,
2023-07-19 06:00:00,USA,PJM Interconnection,US-MIDA-PJM,362.04,437.58,34.89,1.39,pjm.com,false,
2023-07-19 07:00:00,USA,PJM Interconnection,US-MIDA-PJM,360.2,435.13,35.45,1.42,pjm.com,false,
2023-07-19 08:00:00,USA,PJM Interconnection,US-MIDA-PJM,359.42,434.17,35.64,1.38,pjm.com,false,
2023-07-19 09:00:00,USA,PJM Interconnection,US-MIDA-PJM,360.77,436.14,35.11,1.33,pjm.com,false,
2023-07-19 10:00:00,USA,PJM Interconnection,US-MIDA-PJM,362.87,439.06,34.4,1.54,pjm.com,false,
2023-07-19 11:00:00,USA,PJM Interconnection,US-MIDA-PJM,361.97,438.63,34.13,2.05,pjm.com,false,
2023-07-19 12:00:00,USA,PJM Interconnection,US-MIDA-PJM,363.74,440.91,33.74,2.42,pjm.com,false,
2023-07-19 13:00:00,USA,PJM Interconnection,US-MIDA-PJM,372.26,450.52,32.59,2.56,pjm.com,false,
2023-07-19 14:00:00,USA,PJM Interconnection,US-MIDA-PJM,377.15,456.1,31.92,2.98,pjm.com,false,
2023-07-19 15:00:00,USA,PJM Interconnection,US-MIDA-PJM,378.82,458.34,31.62,3.59,pjm.com,false,
2023-07-19 16:00:00,USA,PJM Interconnection,US-MIDA-PJM,383.77,463.6,31.15,4.04,pjm.com,false,
2023-07-19 17:00:00,USA,PJM Interconnection,US-MIDA-PJM,385.39,465.56,30.84,4.56,pjm.com,false,
2023-07-19 18:00:00,USA,PJM Interconnection,US-MIDA-PJM,381.56,461.46,31.37,5.91,pjm.com,false,
2023-07-19 19:00:00,USA,PJM Interconnection,US-MIDA-PJM,378.57,458.29,31.76,6.84,pjm.com,false,
2023-07-19 20:00:00,USA,PJM Interconnection,US-MIDA-PJM,378.24,458.23,31.57,7.17,pjm.com,false,
2023-07-19 21:00:00,USA,PJM Interconnection,US-MIDA-PJM,384.56,465.09,30.82,6.91,pjm.com,false,
2023-07-19 22:00:00,USA,PJM Interconnection,US-MIDA-PJM,390.79,471.78,30.1,6.25,pjm.com,false,
2023-07-19 23:00:00,USA,PJM Interconnection,US-MIDA-PJM,396.25,477.45,29.55,5.07,pjm.com,false,
2023-07-20 00:00:00,USA,PJM Interconnection,US-MIDA-PJM,398.33,479.73,29.19,3.97,pjm.com,false,
2023-07-20 01:00:00,USA,PJM Interconnection,US-MIDA-PJM,400.85,482.34,28.88,2.76,pjm.com,false,
2023-07-20 02:00:00,USA,PJM Interconnection,US-MIDA-PJM,401.66,482.3,29.15,1.36,pjm.com,false,
2023-07-20 03:00:00,USA,PJM Interconnection,US-MIDA-PJM,400.76,479.79,30.3,1.05,pjm.com,false,
2023-07-20 04:00:00,USA,PJM Interconnection,US-MIDA-PJM,386.95,464.03,32.45,1.21,pjm.com,false,
2023-07-20 05:00:00,USA,PJM Interconnection,US-MIDA-PJM,373.25,449.34,33.88,1.27,pjm.com,false,
2023-07-20 06:00:00,USA,PJM Interconnection,US-MIDA-PJM,365.17,440.7,34.72,1.48,pjm.com,false,
2023-07-20 07:00:00,USA,PJM Interconnection,US-MIDA-PJM,360.86,435.16,35.88,1.73,pjm.com,false,
2023-07-20 08:00:00,USA,PJM Interconnection,US-MIDA-PJM,358.23,432.0,36.42,1.98,pjm.com,false,
2023-07-20 09:00:00,USA,PJM Interconnection,US-MIDA-PJM,359.33,433.35,36.18,2.05,pjm.com,false,
2023-07-20 10:00:00,USA,PJM Interconnection,US-MIDA-PJM,361.99,437.34,35.07,2.14,pjm.com,false,
2023-07-20 11:00:00,USA,PJM Interconnection,US-MIDA-PJM,364.97,440.79,34.64,3.1,pjm.com,false,
2023-07-20 12:00:00,USA,PJM Interconnection,US-MIDA-PJM,367.74,444.09,34.28,4.2,pjm.com,false,
2023-07-20 13:00:00,USA,PJM Interconnection,US-MIDA-PJM,375.16,452.49,33.32,4.77,pjm.com,false,
2023-07-20 14:00:00,USA,PJM Interconnection,US-MIDA-PJM,378.6,457.48,32.19,4.83,pjm.com,false,
2023-07-20 15:00:00,USA,PJM Interconnection,US-MIDA-PJM,383.18,462.76,31.45,5.56,pjm.com,false,
2023-07-20 16:00:00,USA,PJM Interconnection,US-MIDA-PJM,385.49,465.27,31.19,6.24,pjm.com,false,
2023-07-20 17:00:00,USA,PJM Interconnection,US-MIDA-PJM,380.03,458.79,32.43,8.44,pjm.com,false,
2023-07-20 18:00:00,USA,PJM Interconnection,US-MIDA-PJM,379.7,458.56,32.36,8.95,pjm.com,false,
2023-07-20 19:00:00,USA,PJM Interconnection,US-MIDA-PJM,377.8,456.18,32.83,9.65,pjm.com,false,
2023-07-20 20:00:00,USA,PJM Interconnection,US-MIDA-PJM,376.54,454.94,32.79,9.79,pjm.com,false,
2023-07-20 21:00:00,USA,PJM Interconnection,US-MIDA-PJM,377.24,455.58,32.76,9.81,pjm.com,false,
2023-07-20 22:00:00,USA,PJM Interconnection,US-MIDA-PJM,379.27,457.6,32.65,9.4,pjm.com,false,
2023-07-20 23:00:00,USA,PJM Interconnection,US-MIDA-PJM,382.71,461.3,32.26,8.4,pjm.com,false,
2023-07-21 00:00:00,USA,PJM Interconnection,US-MIDA-PJM,385.78,465.09,31.41,6.64,pjm.com,false,
2023-07-21 01:00:00,USA,PJM Interconnection,US-MIDA-PJM,392.3,472.57,30.12,4.11,pjm.com,false,
2023-07-21 02:00:00,USA,PJM Interconnection,US-MIDA-PJM,382.86,461.38,31.68,3.96,pjm.com,false,
2023-07-21 03:00:00,USA,PJM Interconnection,US-MIDA-PJM,374.57,451.18,33.42,4.12,pjm.com,false,
2023-07-21 04:00:00,USA,PJM Interconnection,US-MIDA-PJM,362.21,437.24,35.21,4.13,pjm.com,false,
2023-07-21 05:00:00,USA,PJM Interconnection,US-MIDA-PJM,350.24,424.07,36.73,4.24,pjm.com,false,
2023-07-21 06:00:00,USA,PJM Interconnection,US-MIDA-PJM,349.0,422.75,36.85,3.92,pjm.com,false,
2023-07-21 07:00:00,USA,PJM Interconnection,US-MIDA-PJM,347.38,420.16,37.68,3.73,pjm.com,false,
2023-07-21 08:00:00,USA,PJM Interconnection,US-MIDA-PJM,347.25,419.72,37.94,3.38,pjm.com,false,
2023-07-21 09:00:00,USA,PJM Interconnection,US-MIDA-PJM,348.79,422.0,37.33,2.98,pjm.com,false,
2023-07-21 10:00:00,USA,PJM Interconnection,US-MIDA-PJM,348.96,422.8,36.85,3.05,pjm.com,false,
2023-07-21 11:00:00,USA,PJM Interconnection,US-MIDA-PJM,347.83,422.07,36.71,3.55,pjm.com,false,
2023-07-21 12:00:00,USA,PJM Interconnection,US-MIDA-PJM,347.78,422.58,36.45,4.61,pjm.com,false,
2023-07-21 13:00:00,USA,PJM Interconnection,US-MIDA-PJM,354.46,430.21,35.45,5.03,pjm.com,false,
2023-07-21 14:00:00,USA,PJM Interconnection,US-MIDA-PJM,358.76,435.31,34.73,5.41,pjm.com,false,
2023-07-21 15:00:00,USA,PJM Interconnection,US-MIDA-PJM,362.72,440.35,33.9,5.72,pjm.com,false,
2023-07-21 16:00:00,USA,PJM Interconnection,US-MIDA-PJM,369.12,447.24,33.23,6.02,pjm.com,false,
2023-07-21 17:00:00,USA,PJM Interconnection,US-MIDA-PJM,367.93,445.66,33.67,7.34,pjm.com,false,
2023-07-21 18:00:00,USA,PJM Interconnection,US-MIDA-PJM,369.28,446.87,33.77,8.03,pjm.com,false,
2023-07-21 19:00:00,USA,PJM Interconnection,US-MIDA-PJM,368.51,445.81,34.05,8.61,pjm.com,false,
2023-07-21 20:00:00,USA,PJM Interconnection,US-MIDA-PJM,372.06,449.4,33.85,8.68,pjm.com,false,
2023-07-21 21:00:00,USA,PJM Interconnection,US-MIDA-PJM,377.27,455.42,32.98,8.02,pjm.com,false,
2023-07-21 22:00:00,USA,PJM Interconnection,US-MIDA-PJM,382.1,461.02,32.11,7.01,pjm.com,false,
2023-07-21 23:00:00,USA,PJM Interconnection,US-MIDA-PJM,385.61,464.92,31.54,5.77,pjm.com,false,
2023-07-22 00:00:00,USA,PJM Interconnection,US-MIDA-PJM,388.2,467.71,31.11,4.29,pjm.com,false,
2023-07-22 01:00:00,USA,PJM Interconnection,US-MIDA-PJM,395.5,475.01,30.57,2.74,pjm.com,false,
2023-07-22 02:00:00,USA,PJM Interconnection,US-MIDA-PJM,397.31,475.93,30.89,1.52,pjm.com,false,
2023-07-22 03:00:00,USA,PJM Interconnection,US-MIDA-PJM,385.49,462.74,32.5,1.5,pjm.com,false,
2023-07-22 04:00:00,USA,PJM Interconnection,US-MIDA-PJM,377.25,452.74,34.27,1.41,pjm.com,false,
2023-07-22 05:00:00,USA,PJM Interconnection,US-MIDA-PJM,368.01,442.07,35.7,1.26,pjm.com,false,
2023-07-22 06:00:00,USA,PJM Interconnection,US-MIDA-PJM,360.01,433.33,36.68,1.25,pjm.com,false,
2023-07-22 07:00:00,USA,PJM Interconnection,US-MIDA-PJM,354.54,426.88,37.69,1.14,pjm.com,false,
2023-07-22 08:00:00,USA,PJM Interconnection,US-MIDA-PJM,350.53,422.14,38.45,1.09,pjm.com,false,
2023-07-22 09:00:00,USA,PJM Interconnection,US-MIDA-PJM,347.47,418.75,38.87,1.1,pjm.com,false,
2023-07-22 10:00:00,USA,PJM Interconnection,US-MIDA-PJM,343.66,414.86,39.13,1.22,pjm.com,false,
2023-07-22 11:00:00,USA,PJM Interconnection,US-MIDA-PJM,340.92,412.1,39.37,2.16,pjm.com,false,
2023-07-22 12:00:00,USA,PJM Interconnection,US-MIDA-PJM,342.79,414.74,38.81,3.32,pjm.com,false,
2023-07-22 13:00:00,USA,PJM Interconnection,US-MIDA-PJM,348.46,421.85,37.48,3.64,pjm.com,false,
2023-07-22 14:00:00,USA,PJM Interconnection,US-MIDA-PJM,347.95,421.89,37.14,4.27,pjm.com,false,
2023-07-22 15:00:00,USA,PJM Interconnection,US-MIDA-PJM,347.07,422.21,36.34,4.57,pjm.com,false,
2023-07-22 16:00:00,USA,PJM Interconnection,US-MIDA-PJM,351.88,428.21,35.31,4.87,pjm.com,false,
2023-07-22 17:00:00,USA,PJM Interconnection,US-MIDA-PJM,354.54,430.99,35.24,5.77,pjm.com,false,
2023-07-22 18:00:00,USA,PJM Interconnection,US-MIDA-PJM,349.52,425.46,36.06,7.45,pjm.com,false,
2023-07-22 19:00:00,USA,PJM Interconnection,US-MIDA-PJM,347.11,422.81,36.4,8.44,pjm.com,false,
2023-07-22 20:00:00,USA,PJM Interconnection,US-MIDA-PJM,353.28,429.42,35.78,8.42,pjm.com,false,
2023-07-22 21:00:00,USA,PJM Interconnection,US-MIDA-PJM,362.74,439.05,35.13,8.07,pjm.com,false,
2023-07-22 22:00:00,USA,PJM Interconnection,US-MIDA-PJM,365.31,442.01,34.72,7.29,pjm.com,false,
2023-07-22 23:00:00,USA,PJM Interconnection,US-MIDA-PJM,366.95,444.11,34.17,6.14,pjm.com,false,
2023-07-23 00:00:00,USA,PJM Interconnection,US-MIDA-PJM,371.06,448.62,33.35,4.08,pjm.com,false,
2023-07-23 01:00:00,USA,PJM Interconnection,US-MIDA-PJM,379.26,456.75,32.85,2.5,pjm.com,false,
2023-07-23 02:00:00,USA,PJM Interconnection,US-MIDA-PJM,380.0,457.25,32.79,1.12,pjm.com,false,
2023-07-23 03:00:00,USA,PJM Interconnection,US-MIDA-PJM,369.76,445.67,34.21,1.15,pjm.com,false,
2023-07-23 04:00:00,USA,PJM Interconnection,US-MIDA-PJM,355.2,428.2,37.15,1.42,pjm.com,false,
2023-07-23 05:00:00,USA,PJM Interconnection,US-MIDA-PJM,343.24,414.41,39.13,1.94,pjm.com,false,
2023-07-23 06:00:00,USA,PJM Interconnection,US-MIDA-PJM,338.3,408.17,40.38,2.0,pjm.com,false,
2023-07-23 07:00:00,USA,PJM Interconnection,US-MIDA-PJM,337.44,405.95,41.45,1.96,pjm.com,false,
2023-07-23 08:00:00,USA,PJM Interconnection,US-MIDA-PJM,338.01,405.8,41.96,1.74,pjm.com,false,
2023-07-23 09:00:00,USA,PJM Interconnection,US-MIDA-PJM,336.97,404.1,42.5,1.98,pjm.com,false,
2023-07-23 10:00:00,USA,PJM Interconnection,US-MIDA-PJM,336.23,402.68,43.06,2.05,pjm.com,false,
2023-07-23 11:00:00,USA,PJM Interconnection,US-MIDA-PJM,332.64,399.23,43.27,3.21,pjm.com,false,
2023-07-23 12:00:00,USA,PJM Interconnection,US-MIDA-PJM,328.79,396.55,42.89,5.07,pjm.com,false,
2023-07-23 13:00:00,USA,PJM Interconnection,US-MIDA-PJM,330.55,400.07,41.75,5.72,pjm.com,false,
2023-07-23 14:00:00,USA,PJM Interconnection,US-MIDA-PJM,334.72,406.46,40.05,6.05,pjm.com,false,
2023-07-23 15:00:00,USA,PJM Interconnection,US-MIDA-PJM,339.55,413.51,38.2,6.28,pjm.com,false,
2023-07-23 16:00:00,USA,PJM Interconnection,US-MIDA-PJM,349.96,426.04,36.08,5.91,pjm.com,false,
2023-07-23 17:00:00,USA,PJM Interconnection,US-MIDA-PJM,357.96,435.35,34.66,5.62,pjm.com,false,
2023-07-23 18:00:00,USA,PJM Interconnection,US-MIDA-PJM,357.4,434.52,35.0,6.83,pjm.com,false,
2023-07-23 19:00:00,USA,PJM Interconnection,US-MIDA-PJM,354.53,431.32,35.53,8.15,pjm.com,false,
2023-07-23 20:00:00,USA,PJM Interconnection,US-MIDA-PJM,364.5,441.93,34.46,7.96,pjm.com,false,
2023-07-23 21:00:00,USA,PJM Interconnection,US-MIDA-PJM,368.74,446.52,34.0,8.03,pjm.com,false,
2023-07-23 22:00:00,USA,PJM Interconnection,US-MIDA-PJM,375.01,453.43,33.07,7.06,pjm.com,false,
2023-07-23 23:00:00,USA,PJM Interconnection,US-MIDA-PJM,381.03,460.15,32.16,5.68,pjm.com,false,
2023-07-24 00:00:00,USA,PJM Interconnection,US-MIDA-PJM,381.96,461.48,31.71,4.08,pjm.com,false,
2023-07-24 01:00:00,USA,PJM Interconnection,US-MIDA-PJM,387.07,467.15,30.9,2.34,pjm.com,false,
2023-07-24 02:00:00,USA,PJM Interconnection,US-MIDA-PJM,388.51,467.68,31.31,1.38,pjm.com,false,
2023-07-24 03:00:00,USA,PJM Interconnection,US-MIDA-PJM,381.14,458.95,32.65,1.13,pjm.com,false,
2023-07-24 04:00:00,USA,PJM Interconnection,US-MIDA-PJM,369.76,445.42,34.4,1.13,pjm.com,false,
2023-07-24 05:00:00,USA,PJM Interconnection,US-MIDA-PJM,363.06,437.53,35.64,1.18,pjm.com,false,
2023-07-24 06:00:00,USA,PJM Interconnection,US-MIDA-PJM,360.2,434.19,36.13,1.09,pjm.com,false,
2023-07-24 07:00:00,USA,PJM Interconnection,US-MIDA-PJM,357.77,430.85,36.94,1.1,pjm.com,false,
2023-07-24 08:00:00,USA,PJM Interconnection,US-MIDA-PJM,357.88,430.97,36.93,0.88,pjm.com,false,
2023-07-24 09:00:00,USA,PJM Interconnection,US-MIDA-PJM,360.21,434.44,35.97,0.75,pjm.com,false,
2023-07-24 10:00:00,USA,PJM Interconnection,US-MIDA-PJM,361.92,437.33,35.0,0.84,pjm.com,false,
2023-07-24 11:00:00,USA,PJM Interconnection,US-MIDA-PJM,364.04,440.11,34.43,1.16,pjm.com,false,
2023-07-24 12:00:00,USA,PJM Interconnection,US-MIDA-PJM,366.12,443.2,33.71,1.95,pjm.com,false,
2023-07-24 13:00:00,USA,PJM Interconnection,US-MIDA-PJM,367.87,445.74,33.22,2.72,pjm.com,false,
2023-07-24 14:00:00,USA,PJM Interconnection,US-MIDA-PJM,367.42,446.33,32.64,3.39,pjm.com,false,
2023-07-24 15:00:00,USA,PJM Interconnection,US-MIDA-PJM,367.3,446.97,32.18,4.45,pjm.com,false,
2023-07-24 16:00:00,USA,PJM Interconnection,US-MIDA-PJM,372.18,452.34,31.62,5.17,pjm.com,false,
2023-07-24 17:00:00,USA,PJM Interconnection,US-MIDA-PJM,376.73,457.16,31.27,6.03,pjm.com,false,
2023-07-24 18:00:00,USA,PJM Interconnection,US-MIDA-PJM,380.41,460.93,31.03,6.65,pjm.com,false,
2023-07-24 19:00:00,USA,PJM Interconnection,US-MIDA-PJM,383.55,464.65,30.43,6.65,pjm.com,false,
2023-07-24 20:00:00,USA,PJM Interconnection,US-MIDA-PJM,386.38,467.85,30.03,6.62,pjm.com,false,
2023-07-24 21:00:00,USA,PJM Interconnection,US-MIDA-PJM,390.42,472.35,29.55,6.36,pjm.com,false,
2023-07-24 22:00:00,USA,PJM Interconnection,US-MIDA-PJM,394.32,476.39,29.21,5.74,pjm.com,false,
2023-07-24 23:00:00,USA,PJM Interconnection,US-MIDA-PJM,396.99,479.65,28.54,4.43,pjm.com,false,
2023-07-25 00:00:00,USA,PJM Interconnection,US-MIDA-PJM,401.03,484.07,27.86,2.85,pjm.com,false,
2023-07-25 01:00:00,USA,PJM Interconnection,US-MIDA-PJM,400.22,483.25,27.79,1.94,pjm.com,false,
2023-07-25 02:00:00,USA,PJM Interconnection,US-MIDA-PJM,398.1,479.96,28.54,0.89,pjm.com,false,
2023-07-25 03:00:00,USA,PJM Interconnection,US-MIDA-PJM,393.18,472.86,30.29,0.78,pjm.com,false,
2023-07-25 04:00:00,USA,PJM Interconnection,US-MIDA-PJM,384.28,462.16,32.07,0.74,pjm.com,false,
2023-07-25 05:00:00,USA,PJM Interconnection,US-MIDA-PJM,372.87,449.11,33.88,0.88,pjm.com,false,
2023-07-25 06:00:00,USA,PJM Interconnection,US-MIDA-PJM,369.77,444.94,34.84,0.93,pjm.com,false,
2023-07-25 07:00:00,USA,PJM Interconnection,US-MIDA-PJM,368.43,442.06,36.06,1.09,pjm.com,false,
2023-07-25 08:00:00,USA,PJM Interconnection,US-MIDA-PJM,368.71,441.95,36.34,1.07,pjm.com,false,
2023-07-25 09:00:00,USA,PJM Interconnection,US-MIDA-PJM,369.23,443.16,35.82,0.98,pjm.com,false,
2023-07-25 10:00:00,USA,PJM Interconnection,US-MIDA-PJM,370.43,445.6,34.88,1.15,pjm.com,false,
2023-07-25 11:00:00,USA,PJM Interconnection,US-MIDA-PJM,370.82,446.54,34.6,2.13,pjm.com,false,
2023-07-25 12:00:00,USA,PJM Interconnection,US-MIDA-PJM,369.59,446.13,34.25,3.44,pjm.com,false,
2023-07-25 13:00:00,USA,PJM Interconnection,US-MIDA-PJM,370.72,448.66,33.26,4.06,pjm.com,false,
2023-07-25 14:00:00,USA,PJM Interconnection,US-MIDA-PJM,374.29,453.75,32.04,4.32,pjm.com,false,
2023-07-25 15:00:00,USA,PJM Interconnection,US-MIDA-PJM,378.54,459.39,31.0,4.47,pjm.com,false,
2023-07-25 16:00:00,USA,PJM Interconnection,US-MIDA-PJM,380.77,462.11,30.55,5.1,pjm.com,false,
2023-07-25 17:00:00,USA,PJM Interconnection,US-MIDA-PJM,380.17,461.14,30.97,6.45,pjm.com,false,
2023-07-25 18:00:00,USA,PJM Interconnection,US-MIDA-PJM,383.42,464.78,30.51,6.6,pjm.com,false,
2023-07-25 19:00:00,USA,PJM Interconnection,US-MIDA-PJM,385.92,466.88,30.82,6.88,pjm.com,false,
2023-07-25 20:00:00,USA,PJM Interconnection,US-MIDA-PJM,388.06,468.34,31.22,7.33,pjm.com,false,
2023-07-25 21:00:00,USA,PJM Interconnection,US-MIDA-PJM,393.01,473.06,31.07,7.24,pjm.com,false,
2023-07-25 22:00:00,USA,PJM Interconnection,US-MIDA-PJM,398.17,478.38,30.58,6.61,pjm.com,false,
2023-07-25 23:00:00,USA,PJM Interconnection,US-MIDA-PJM,405.88,486.92,29.39,4.97,pjm.com,false,
2023-07-26 00:00:00,USA,PJM Interconnection,US-MIDA-PJM,406.01,487.15,29.11,3.76,pjm.com,false,
2023-07-26 01:00:00,USA,PJM Interconnection,US-MIDA-PJM,405.05,486.41,28.84,2.5,pjm.com,false,
2023-07-26 02:00:00,USA,PJM Interconnection,US-MIDA-PJM,400.22,480.05,29.99,2.1,pjm.com,false,
2023-07-26 03:00:00,USA,PJM Interconnection,US-MIDA-PJM,389.02,466.13,32.34,3.0,pjm.com,false,
2023-07-26 04:00:00,USA,PJM Interconnection,US-MIDA-PJM,377.09,451.7,35.02,3.68,pjm.com,false,
2023-07-26 05:00:00,USA,PJM Interconnection,US-MIDA-PJM,365.78,439.03,36.64,3.8,pjm.com,false,
2023-07-26 06:00:00,USA,PJM Interconnection,US-MIDA-PJM,363.1,436.12,36.95,3.49,pjm.com,false,
2023-07-26 07:00:00,USA,PJM Interconnection,US-MIDA-PJM,361.6,433.5,37.87,3.42,pjm.com,false,
2023-07-26 08:00:00,USA,PJM Interconnection,US-MIDA-PJM,361.35,432.96,38.09,3.41,pjm.com,false,
2023-07-26 09:00:00,USA,PJM Interconnection,US-MIDA-PJM,361.06,433.18,37.74,3.52,pjm.com,false,
2023-07-26 10:00:00,USA,PJM Interconnection,US-MIDA-PJM,359.93,432.67,37.32,4.14,pjm.com,false,
2023-07-26 11:00:00,USA,PJM Interconnection,US-MIDA-PJM,356.87,429.72,37.46,5.29,pjm.com,false,
2023-07-26 12:00:00,USA,PJM Interconnection,US-MIDA-PJM,354.3,428.0,37.09,6.49,pjm.com,false,
2023-07-26 13:00:00,USA,PJM Interconnection,US-MIDA-PJM,358.58,433.82,35.82,6.92,pjm.com,false,
2023-07-26 14:00:00,USA,PJM Interconnection,US-MIDA-PJM,365.26,442.17,34.33,7.16,pjm.com,false,
2023-07-26 15:00:00,USA,PJM Interconnection,US-MIDA-PJM,371.69,449.8,33.29,7.31,pjm.com,false,
2023-07-26 16:00:00,USA,PJM Interconnection,US-MIDA-PJM,376.7,454.76,32.96,8.22,pjm.com,false,
2023-07-26 17:00:00,USA,PJM Interconnection,US-MIDA-PJM,376.47,454.45,33.14,9.44,pjm.com,false,
2023-07-26 18:00:00,USA,PJM Interconnection,US-MIDA-PJM,376.1,454.59,32.89,9.84,pjm.com,false,
2023-07-26 19:00:00,USA,PJM Interconnection,US-MIDA-PJM,382.54,461.7,32.0,9.46,pjm.com,false,
2023-07-26 20:00:00,USA,PJM Interconnection,US-MIDA-PJM,389.7,469.31,31.29,9.06,pjm.com,false,
2023-07-26 21:00:00,USA,PJM Interconnection,US-MIDA-PJM,391.7,471.35,31.18,9.02,pjm.com,false,
2023-07-26 22:00:00,USA,PJM Interconnection,US-MIDA-PJM,396.89,477.05,30.52,8.2,pjm.com,false,
2023-07-26 23:00:00,USA,PJM Interconnection,US-MIDA-PJM,403.67,484.87,29.33,6.72,pjm.com,false,
2023-07-27 00:00:00,USA,PJM Interconnection,US-MIDA-PJM,402.66,483.78,29.36,5.98,pjm.com,false,
2023-07-27 01:00:00,USA,PJM Interconnection,US-MIDA-PJM,400.08,481.21,29.42,5.16,pjm.com,false,
2023-07-27 02:00:00,USA,PJM Interconnection,US-MIDA-PJM,399.61,480.26,29.55,3.72,pjm.com,false,
2023-07-27 03:00:00,USA,PJM Interconnection,US-MIDA-PJM,399.13,479.22,29.79,2.76,pjm.com,false,
2023-07-27 04:00:00,USA,PJM Interconnection,US-MIDA-PJM,400.49,479.03,31.0,2.64,pjm.com,false,
2023-07-27 05:00:00,USA,PJM Interconnection,US-MIDA-PJM,391.86,469.34,32.27,2.69,pjm.com,false,
2023-07-27 06:00:00,USA,PJM Interconnection,US-MIDA-PJM,383.17,460.01,33.22,2.65,pjm.com,false,
2023-07-27 07:00:00,USA,PJM Interconnection,US-MIDA-PJM,380.22,456.68,33.68,2.41,pjm.com,false,
2023-07-27 08:00:00,USA,PJM Interconnection,US-MIDA-PJM,378.55,455.05,33.74,2.23,pjm.com,false,
2023-07-27 09:00:00,USA,PJM Interconnection,US-MIDA-PJM,381.87,458.93,33.17,2.12,pjm.com,false,
2023-07-27 10:00:00,USA,PJM Interconnection,US-MIDA-PJM,390.22,468.36,31.92,2.02,pjm.com,false,
2023-07-27 11:00:00,USA,PJM Interconnection,US-MIDA-PJM,393.84,472.36,31.67,2.75,pjm.com,false,
2023-07-27 12:00:00,USA,PJM Interconnection,US-MIDA-PJM,390.2,468.7,31.99,4.07,pjm.com,false,
2023-07-27 13:00:00,USA,PJM Interconnection,US-MIDA-PJM,391.68,471.36,31.26,4.48,pjm.com,false,
2023-07-27 14:00:00,USA,PJM Interconnection,US-MIDA-PJM,399.76,481.52,29.53,4.49,pjm.com,false,
2023-07-27 15:00:00,USA,PJM Interconnection,US-MIDA-PJM,402.93,485.72,28.8,4.81,pjm.com,false,
2023-07-27 16:00:00,USA,PJM Interconnection,US-MIDA-PJM,405.35,488.13,28.92,5.98,pjm.com,false,
2023-07-27 17:00:00,USA,PJM Interconnection,US-MIDA-PJM,406.7,489.52,28.9,6.71,pjm.com,false,
2023-07-27 18:00:00,USA,PJM Interconnection,US-MIDA-PJM,409.7,492.93,28.52,6.8,pjm.com,false,
2023-07-27 19:00:00,USA,PJM Interconnection,US-MIDA-PJM,410.4,493.63,28.52,7.05,pjm.com,false,
2023-07-27 20:00:00,USA,PJM Interconnection,US-MIDA-PJM,412.95,496.54,28.14,6.89,pjm.com,false,
2023-07-27 21:00:00,USA,PJM Interconnection,US-MIDA-PJM,415.48,499.56,27.74,6.59,pjm.com,false,
2023-07-27 22:00:00,USA,PJM Interconnection,US-MIDA-PJM,421.87,506.77,26.76,5.61,pjm.com,false,
2023-07-27 23:00:00,USA,PJM Interconnection,US-MIDA-PJM,426.14,511.91,25.82,4.36,pjm.com,false,
2023-07-28 00:00:00,USA,PJM Interconnection,US-MIDA-PJM,425.53,511.19,25.82,3.65,pjm.com,false,
2023-07-28 01:00:00,USA,PJM Interconnection,US-MIDA-PJM,423.84,509.79,25.54,2.61,pjm.com,false,
2023-07-28 02:00:00,USA,PJM Interconnection,US-MIDA-PJM,419.11,504.2,26.02,1.82,pjm.com,false,
2023-07-28 03:00:00,USA,PJM Interconnection,US-MIDA-PJM,411.31,494.59,27.4,1.95,pjm.com,false,
2023-07-28 04:00:00,USA,PJM Interconnection,US-MIDA-PJM,408.72,489.8,29.03,1.95,pjm.com,false,
2023-07-28 05:00:00,USA,PJM Interconnection,US-MIDA-PJM,398.7,477.66,31.11,2.06,pjm.com,false,
2023-07-28 06:00:00,USA,PJM Interconnection,US-MIDA-PJM,385.05,462.89,32.73,2.27,pjm.com,false,
2023-07-28 07:00:00,USA,PJM Interconnection,US-MIDA-PJM,377.36,453.78,34.27,2.86,pjm.com,false,
2023-07-28 08:00:00,USA,PJM Interconnection,US-MIDA-PJM,375.22,451.13,34.84,3.08,pjm.com,false,
2023-07-28 09:00:00,USA,PJM Interconnection,US-MIDA-PJM,372.27,447.84,35.35,3.84,pjm.com,false,
2023-07-28 10:00:00,USA,PJM Interconnection,US-MIDA-PJM,374.78,451.33,34.6,3.83,pjm.com,false,
2023-07-28 11:00:00,USA,PJM Interconnection,US-MIDA-PJM,375.96,453.07,34.37,4.5,pjm.com,false,
2023-07-28 12:00:00,USA,PJM Interconnection,US-MIDA-PJM,376.84,454.83,33.45,5.15,pjm.com,false,
2023-07-28 13:00:00,USA,PJM Interconnection,US-MIDA-PJM,382.24,461.01,32.37,5.34,pjm.com,false,
2023-07-28 14:00:00,USA,PJM Interconnection,US-MIDA-PJM,384.58,464.5,31.43,5.98,pjm.com,false,
2023-07-28 15:00:00,USA,PJM Interconnection,US-MIDA-PJM,387.61,468.31,30.76,6.57,pjm.com,false,
2023-07-28 16:00:00,USA,PJM Interconnection,US-MIDA-PJM,390.26,471.29,30.51,7.13,pjm.com,false,
2023-07-28 17:00:00,USA,PJM Interconnection,US-MIDA-PJM,390.14,471.31,30.57,7.66,pjm.com,false,
2023-07-28 18:00:00,USA,PJM Interconnection,US-MIDA-PJM,392.87,474.24,30.31,7.86,pjm.com,false,
2023-07-28 19:00:00,USA,PJM Interconnection,US-MIDA-PJM,395.45,476.8,30.24,8.13,pjm.com,false,
2023-07-28 20:00:00,USA,PJM Interconnection,US-MIDA-PJM,397.95,479.54,30.07,8.13,pjm.com,false,
2023-07-28 21:00:00,USA,PJM Interconnection,US-MIDA-PJM,403.42,485.41,29.48,7.68,pjm.com,false,
2023-07-28 22:00:00,USA,PJM Interconnection,US-MIDA-PJM,405.98,488.63,28.87,6.81,pjm.com,false,
2023-07-28 23:00:00,USA,PJM Interconnection,US-MIDA-PJM,409.64,492.91,27.99,5.32,pjm.com,false,
2023-07-29 00:00:00,USA,PJM Interconnection,US-MIDA-PJM,400.7,483.54,28.58,4.96,pjm.com,false,
2023-07-29 01:00:00,USA,PJM Interconnection,US-MIDA-PJM,394.31,476.38,29.22,4.74,pjm.com,false,
2023-07-29 02:00:00,USA,PJM Interconnection,US-MIDA-PJM,391.46,472.46,29.92,3.88,pjm.com,false,
2023-07-29 03:00:00,USA,PJM Interconnection,US-MIDA-PJM,380.87,459.27,32.22,4.82,pjm.com,false,
2023-07-29 04:00:00,USA,PJM Interconnection,US-MIDA-PJM,374.1,450.33,34.09,5.14,pjm.com,false,
2023-07-29 05:00:00,USA,PJM Interconnection,US-MIDA-PJM,367.92,442.69,35.45,5.16,pjm.com,false,
2023-07-29 06:00:00,USA,PJM Interconnection,US-MIDA-PJM,368.55,443.42,35.38,3.95,pjm.com,false,
2023-07-29 07:00:00,USA,PJM Interconnection,US-MIDA-PJM,367.23,441.43,35.97,3.67,pjm.com,false,
2023-07-29 08:00:00,USA,PJM Interconnection,US-MIDA-PJM,367.42,441.83,35.79,2.89,pjm.com,false,
2023-07-29 09:00:00,USA,PJM Interconnection,US-MIDA-PJM,367.4,441.86,35.73,2.4,pjm.com,false,
2023-07-29 10:00:00,USA,PJM Interconnection,US-MIDA-PJM,363.28,437.04,36.47,2.8,pjm.com,false,
2023-07-29 11:00:00,USA,PJM Interconnection,US-MIDA-PJM,360.32,433.54,37.09,3.49,pjm.com,false,
2023-07-29 12:00:00,USA,PJM Interconnection,US-MIDA-PJM,360.02,434.22,36.48,4.36,pjm.com,false,
2023-07-29 13:00:00,USA,PJM Interconnection,US-MIDA-PJM,358.52,433.4,36.14,5.53,pjm.com,false,
2023-07-29 14:00:00,USA,PJM Interconnection,US-MIDA-PJM,362.03,439.04,34.5,5.63,pjm.com,false,
2023-07-29 15:00:00,USA,PJM Interconnection,US-MIDA-PJM,367.17,445.69,33.34,5.74,pjm.com,false,
2023-07-29 16:00:00,USA,PJM Interconnection,US-MIDA-PJM,367.87,446.0,33.7,7.13,pjm.com,false,
2023-07-29 17:00:00,USA,PJM Interconnection,US-MIDA-PJM,363.59,441.03,34.53,8.99,pjm.com,false,
2023-07-29 18:00:00,USA,PJM Interconnection,US-MIDA-PJM,368.65,446.46,34.0,9.15,pjm.com,false,
2023-07-29 19:00:00,USA,PJM Interconnection,US-MIDA-PJM,371.92,450.13,33.58,9.13,pjm.com,false,
2023-07-29 20:00:00,USA,PJM Interconnection,US-MIDA-PJM,375.12,453.6,33.29,9.03,pjm.com,false,
2023-07-29 21:00:00,USA,PJM Interconnection,US-MIDA-PJM,375.14,453.98,33.2,8.73,pjm.com,false,
2023-07-29 22:00:00,USA,PJM Interconnection,US-MIDA-PJM,377.02,456.58,32.62,7.76,pjm.com,false,
2023-07-29 23:00:00,USA,PJM Interconnection,US-MIDA-PJM,380.15,460.33,31.98,6.29,pjm.com,false,
2023-07-30 00:00:00,USA,PJM Interconnection,US-MIDA-PJM,384.57,465.23,31.14,4.29,pjm.com,false,
2023-07-30 01:00:00,USA,PJM Interconnection,US-MIDA-PJM,384.62,465.22,30.85,3.09,pjm.com,false,
2023-07-30 02:00:00,USA,PJM Interconnection,US-MIDA-PJM,382.23,461.67,31.36,2.1,pjm.com,false,
2023-07-30 03:00:00,USA,PJM Interconnection,US-MIDA-PJM,374.95,452.73,32.59,1.78,pjm.com,false,
2023-07-30 04:00:00,USA,PJM Interconnection,US-MIDA-PJM,369.12,445.39,33.97,1.44,pjm.com,false,
2023-07-30 05:00:00,USA,PJM Interconnection,US-MIDA-PJM,364.44,439.5,35.14,1.37,pjm.com,false,
2023-07-30 06:00:00,USA,PJM Interconnection,US-MIDA-PJM,362.0,436.23,35.9,1.29,pjm.com,false,
2023-07-30 07:00:00,USA,PJM Interconnection,US-MIDA-PJM,358.35,431.44,36.96,1.15,pjm.com,false,
2023-07-30 08:00:00,USA,PJM Interconnection,US-MIDA-PJM,355.47,427.63,37.8,1.08,pjm.com,false,
2023-07-30 09:00:00,USA,PJM Interconnection,US-MIDA-PJM,353.35,424.09,39.0,1.29,pjm.com,false,
2023-07-30 10:00:00,USA,PJM Interconnection,US-MIDA-PJM,352.87,423.41,39.17,1.33,pjm.com,false,
2023-07-30 11:00:00,USA,PJM Interconnection,US-MIDA-PJM,348.68,418.44,40.07,2.45,pjm.com,false,
2023-07-30 12:00:00,USA,PJM Interconnection,US-MIDA-PJM,340.26,409.37,41.22,4.88,pjm.com,false,
2023-07-30 13:00:00,USA,PJM Interconnection,US-MIDA-PJM,339.31,409.62,40.45,5.78,pjm.com,false,
2023-07-30 14:00:00,USA,PJM Interconnection,US-MIDA-PJM,341.22,413.09,39.24,5.86,pjm.com,false,
2023-07-30 15:00:00,USA,PJM Interconnection,US-MIDA-PJM,344.06,416.99,38.4,6.44,pjm.com,false,
2023-07-30 16:00:00,USA,PJM Interconnection,US-MIDA-PJM,352.13,425.97,37.47,6.66,pjm.com,false,
2023-07-30 17:00:00,USA,PJM Interconnection,US-MIDA-PJM,358.85,433.35,36.61,6.65,pjm.com,false,
2023-07-30 18:00:00,USA,PJM Interconnection,US-MIDA-PJM,355.92,430.07,37.13,8.21,pjm.com,false,
2023-07-30 19:00:00,USA,PJM Interconnection,US-MIDA-PJM,358.64,433.21,36.72,8.6,pjm.com,false,
2023-07-30 20:00:00,USA,PJM Interconnection,US-MIDA-PJM,363.98,438.83,36.27,8.97,pjm.com,false,
2023-07-30 21:00:00,USA,PJM Interconnection,US-MIDA-PJM,369.51,444.73,35.63,8.82,pjm.com,false,
2023-07-30 22:00:00,USA,PJM Interconnection,US-MIDA-PJM,380.94,457.2,34.15,7.51,pjm.com,false,
2023-07-30 23:00:00,USA,PJM Interconnection,US-MIDA-PJM,382.91,459.83,33.44,6.06,pjm.com,false,
2023-07-31 00:00:00,USA,PJM Interconnection,US-MIDA-PJM,385.9,463.55,32.61,4.24,pjm.com,false,
2023-07-31 01:00:00,USA,PJM Interconnection,US-MIDA-PJM,387.01,464.93,32.24,3.0,pjm.com,false,
2023-07-31 02:00:00,USA,PJM Interconnection,US-MIDA-PJM,383.81,460.9,32.7,1.9,pjm.com,false,
2023-07-31 03:00:00,USA,PJM Interconnection,US-MIDA-PJM,375.85,451.46,34.13,1.64,pjm.com,false,
2023-07-31 04:00:00,USA,PJM Interconnection,US-MIDA-PJM,367.35,441.41,35.71,1.35,pjm.com,false,
2023-07-31 05:00:00,USA,PJM Interconnection,US-MIDA-PJM,359.27,432.39,36.83,1.28,pjm.com,false,
2023-07-31 06:00:00,USA,PJM Interconnection,US-MIDA-PJM,355.91,428.17,37.66,1.24,pjm.com,false,
2023-07-31 07:00:00,USA,PJM Interconnection,US-MIDA-PJM,354.25,425.47,38.52,1.28,pjm.com,false,
2023-07-31 08:00:00,USA,PJM Interconnection,US-MIDA-PJM,354.11,425.34,38.52,1.17,pjm.com,false,
2023-07-31 09:00:00,USA,PJM Interconnection,US-MIDA-PJM,355.81,428.18,37.6,1.06,pjm.com,false,
2023-07-31 10:00:00,USA,PJM Interconnection,US-MIDA-PJM,359.58,433.04,36.6,1.23,pjm.com,false,
2023-07-31 11:00:00,USA,PJM Interconnection,US-MIDA-PJM,359.05,433.07,36.27,2.12,pjm.com,false,
2023-07-31 12:00:00,USA,PJM Interconnection,US-MIDA-PJM,355.19,429.17,36.67,3.75,pjm.com,false,
2023-07-31 13:00:00,USA,PJM Interconnection,US-MIDA-PJM,356.34,430.85,36.32,4.77,pjm.com,false,
2023-07-31 14:00:00,USA,PJM Interconnection,US-MIDA-PJM,366.04,441.9,34.92,4.93,pjm.com,false,
2023-07-31 15:00:00,USA,PJM Interconnection,US-MIDA-PJM,372.6,449.2,34.09,5.24,pjm.com,false,
2023-07-31 16:00:00,USA,PJM Interconnection,US-MIDA-PJM,376.73,454.66,33.12,5.42,pjm.com,false,
2023-07-31 17:00:00,USA,PJM Interconnection,US-MIDA-PJM,378.05,456.6,32.64,5.88,pjm.com,false,
2023-07-31 18:00:00,USA,PJM Interconnection,US-MIDA-PJM,370.23,447.97,33.71,7.39,pjm.com,false,
2023-07-31 19:00:00,USA,PJM Interconnection,US-MIDA-PJM,370.66,448.52,33.6,7.71,pjm.com,false,
2023-07-31 20:00:00,USA,PJM Interconnection,US-MIDA-PJM,376.08,454.42,32.9,7.39,pjm.com,false,
2023-07-31 21:00:00,USA,PJM Interconnection,US-MIDA-PJM,382.58,461.4,32.14,6.88,pjm.com,false,
2023-07-31 22:00:00,USA,PJM Interconnection,US-MIDA-PJM,389.15,468.26,31.51,6.19,pjm.com,false,
2023-07-31 23:00:00,USA,PJM Interconnection,US-MIDA-PJM,391.77,471.07,31.12,5.06,pjm.com,false,
2023-08-01 00:00:00,USA,PJM Interconnection,US-MIDA-PJM,394.85,474.4,30.69,3.72,pjm.com,false,
2023-08-01 01:00:00,USA,PJM Interconnection,US-MIDA-PJM,400.6,480.44,30.01,2.0,pjm.com,false,
2023-08-01 02:00:00,USA,PJM Interconnection,US-MIDA-PJM,396.45,474.96,30.96,1.1,pjm.com,false,
2023-08-01 03:00:00,USA,PJM Interconnection,US-MIDA-PJM,380.67,457.66,32.84,1.13,pjm.com,false,
2023-08-01 04:00:00,USA,PJM Interconnection,US-MIDA-PJM,366.99,441.48,35.42,1.39,pjm.com,false,
2023-08-01 05:00:00,USA,PJM Interconnection,US-MIDA-PJM,359.96,432.84,36.99,1.38,pjm.com,false,
2023-08-01 06:00:00,USA,PJM Interconnection,US-MIDA-PJM,357.73,429.96,37.59,1.36,pjm.com,false,
2023-08-01 07:00:00,USA,PJM Interconnection,US-MIDA-PJM,356.88,427.99,38.48,1.36,pjm.com,false,
2023-08-01 08:00:00,USA,PJM Interconnection,US-MIDA-PJM,357.58,428.27,38.75,1.32,pjm.com,false,
2023-08-01 09:00:00,USA,PJM Interconnection,US-MIDA-PJM,357.49,428.82,38.29,1.34,pjm.com,false,
2023-08-01 10:00:00,USA,PJM Interconnection,US-MIDA-PJM,362.15,434.6,37.2,1.26,pjm.com,false,
2023-08-01 11:00:00,USA,PJM Interconnection,US-MIDA-PJM,360.82,433.28,37.35,2.38,pjm.com,false,
2023-08-01 12:00:00,USA,PJM Interconnection,US-MIDA-PJM,356.35,428.57,37.92,4.28,pjm.com,false,
2023-08-01 13:00:00,USA,PJM Interconnection,US-MIDA-PJM,354.5,427.25,37.73,5.05,pjm.com,false,
2023-08-01 14:00:00,USA,PJM Interconnection,US-MIDA-PJM,356.18,430.44,36.63,5.24,pjm.com,false,
2023-08-01 15:00:00,USA,PJM Interconnection,US-MIDA-PJM,359.03,434.21,35.85,5.61,pjm.com,false,
2023-08-01 16:00:00,USA,PJM Interconnection,US-MIDA-PJM,364.2,440.61,34.81,5.69,pjm.com,false,
2023-08-01 17:00:00,USA,PJM Interconnection,US-MIDA-PJM,362.39,438.62,35.2,7.06,pjm.com,false,
2023-08-01 18:00:00,USA,PJM Interconnection,US-MIDA-PJM,364.43,441.2,34.79,7.64,pjm.com,false,
2023-08-01 19:00:00,USA,PJM Interconnection,US-MIDA-PJM,369.35,446.33,34.35,7.72,pjm.com,false,
2023-08-01 20:00:00,USA,PJM Interconnection,US-MIDA-PJM,369.73,446.85,34.24,7.99,pjm.com,false,
2023-08-01 21:00:00,USA,PJM Interconnection,US-MIDA-PJM,377.26,455.14,33.19,7.27,pjm.com,false,
2023-08-01 22:00:00,USA,PJM Interconnection,US-MIDA-PJM,381.7,460.02,32.55,6.43,pjm.com,false,
2023-08-01 23:00:00,USA,PJM Interconnection,US-MIDA-PJM,389.39,468.08,31.74,4.98,pjm.com,false,
2023-08-02 00:00:00,USA,PJM Interconnection,US-MIDA-PJM,392.55,471.52,31.23,3.52,pjm.com,false,
2023-08-02 01:00:00,USA,PJM Interconnection,US-MIDA-PJM,398.88,477.81,30.76,2.06,pjm.com,false,
2023-08-02 02:00:00,USA,PJM Interconnection,US-MIDA-PJM,393.49,470.54,32.2,1.62,pjm.com,false,
2023-08-02 03:00:00,USA,PJM Interconnection,US-MIDA-PJM,376.5,451.66,34.38,1.85,pjm.com,false,
2023-08-02 04:00:00,USA,PJM Interconnection,US-MIDA-PJM,363.68,436.36,36.9,2.06,pjm.com,false,
2023-08-02 05:00:00,USA,PJM Interconnection,US-MIDA-PJM,355.5,425.99,38.96,2.39,pjm.com,false,
2023-08-02 06:00:00,USA,PJM Interconnection,US-MIDA-PJM,352.63,422.71,39.4,2.59,pjm.com,false,
2023-08-02 07:00:00,USA,PJM Interconnection,US-MIDA-PJM,349.94,419.0,40.3,2.8,pjm.com,false,
2023-08-02 08:00:00,USA,PJM Interconnection,US-MIDA-PJM,349.69,417.9,40.97,2.9,pjm.com,false,
2023-08-02 09:00:00,USA,PJM Interconnection,US-MIDA-PJM,350.93,419.63,40.52,3.08,pjm.com,false,
2023-08-02 10:00:00,USA,PJM Interconnection,US-MIDA-PJM,353.06,422.94,39.53,3.47,pjm.com,false,
2023-08-02 11:00:00,USA,PJM Interconnection,US-MIDA-PJM,353.83,424.37,39.05,4.15,pjm.com,false,
2023-08-02 12:00:00,USA,PJM Interconnection,US-MIDA-PJM,353.28,424.55,38.67,5.17,pjm.com,false,
2023-08-02 13:00:00,USA,PJM Interconnection,US-MIDA-PJM,356.35,428.6,37.92,5.47,pjm.com,false,
2023-08-02 14:00:00,USA,PJM Interconnection,US-MIDA-PJM,361.56,435.14,36.81,5.37,pjm.com,false,
2023-08-02 15:00:00,USA,PJM Interconnection,US-MIDA-PJM,363.85,438.23,36.25,5.9,pjm.com,false,
2023-08-02 16:00:00,USA,PJM Interconnection,US-MIDA-PJM,365.66,441.51,35.12,5.83,pjm.com,false,
2023-08-02 17:00:00,USA,PJM Interconnection,US-MIDA-PJM,371.88,448.72,34.31,6.21,pjm.com,false,
2023-08-02 18:00:00,USA,PJM Interconnection,US-MIDA-PJM,372.26,448.93,34.44,7.3,pjm.com,false,
2023-08-02 19:00:00,USA,PJM Interconnection,US-MIDA-PJM,374.02,450.7,34.33,7.63,pjm.com,false,
2023-08-02 20:00:00,USA,PJM Interconnection,US-MIDA-PJM,374.44,451.32,34.2,7.98,pjm.com,false,
2023-08-02 21:00:00,USA,PJM Interconnection,US-MIDA-PJM,381.77,459.43,33.12,7.37,pjm.com,false,
2023-08-02 22:00:00,USA,PJM Interconnection,US-MIDA-PJM,387.25,465.44,32.31,6.41,pjm.com,false,
2023-08-02 23:00:00,USA,PJM Interconnection,US-MIDA-PJM,391.73,470.31,31.66,5.01,pjm.com,false,
2023-08-03 00:00:00,USA,PJM Interconnection,US-MIDA-PJM,391.5,470.35,31.4,3.9,pjm.com,false,
2023-08-03 01:00:00,USA,PJM Interconnection,US-MIDA-PJM,395.29,474.71,30.64,2.27,pjm.com,false,
2023-08-03 02:00:00,USA,PJM Interconnection,US-MIDA-PJM,397.45,475.61,31.13,1.18,pjm.com,false,
2023-08-03 03:00:00,USA,PJM Interconnection,US-MIDA-PJM,382.44,458.97,33.07,1.1,pjm.com,false,
2023-08-03 04:00:00,USA,PJM Interconnection,US-MIDA-PJM,366.01,440.71,35.31,1.25,pjm.com,false,
2023-08-03 05:00:00,USA,PJM Interconnection,US-MIDA-PJM,357.81,430.9,36.91,1.32,pjm.com,false,
2023-08-03 06:00:00,USA,PJM Interconnection,US-MIDA-PJM,358.01,430.9,37.05,1.19,pjm.com,false,
2023-08-03 07:00:00,USA,PJM Interconnection,US-MIDA-PJM,354.93,427.11,37.73,1.11,pjm.com,false,
2023-08-03 08:00:00,USA,PJM Interconnection,US-MIDA-PJM,354.83,427.33,37.5,0.93,pjm.com,false,
2023-08-03 09:00:00,USA,PJM Interconnection,US-MIDA-PJM,357.15,430.47,36.77,0.85,pjm.com,false,
2023-08-03 10:00:00,USA,PJM Interconnection,US-MIDA-PJM,362.46,436.64,35.87,0.88,pjm.com,false,
2023-08-03 11:00:00,USA,PJM Interconnection,US-MIDA-PJM,361.51,436.15,35.6,1.32,pjm.com,false,
2023-08-03 12:00:00,USA,PJM Interconnection,US-MIDA-PJM,359.6,434.97,35.26,2.39,pjm.com,false,
2023-08-03 13:00:00,USA,PJM Interconnection,US-MIDA-PJM,358.57,434.68,34.89,3.24,pjm.com,false,
2023-08-03 14:00:00,USA,PJM Interconnection,US-MIDA-PJM,360.87,438.06,34.16,3.83,pjm.com,false,
2023-08-03 15:00:00,USA,PJM Interconnection,US-MIDA-PJM,363.9,442.42,33.07,3.93,pjm.com,false,
2023-08-03 16:00:00,USA,PJM Interconnection,US-MIDA-PJM,371.83,451.6,31.92,3.89,pjm.com,false,
2023-08-03 17:00:00,USA,PJM Interconnection,US-MIDA-PJM,371.14,451.25,31.91,4.77,pjm.com,false,
2023-08-03 18:00:00,USA,PJM Interconnection,US-MIDA-PJM,371.2,451.27,32.03,5.68,pjm.com,false,
2023-08-03 19:00:00,USA,PJM Interconnection,US-MIDA-PJM,372.35,452.18,31.98,5.9,pjm.com,false,
2023-08-03 20:00:00,USA,PJM Interconnection,US-MIDA-PJM,373.83,453.9,31.72,5.8,pjm.com,false,
2023-08-03 21:00:00,USA,PJM Interconnection,US-MIDA-PJM,376.13,456.54,31.3,5.56,pjm.com,false,
2023-08-03 22:00:00,USA,PJM Interconnection,US-MIDA-PJM,379.42,459.97,30.98,5.05,pjm.com,false,
2023-08-03 23:00:00,USA,PJM Interconnection,US-MIDA-PJM,381.71,462.17,30.83,4.44,pjm.com,false,
2023-08-04 00:00:00,USA,PJM Interconnection,US-MIDA-PJM,384.06,464.98,30.3,3.28,pjm.com,false,
2023-08-04 01:00:00,USA,PJM Interconnection,US-MIDA-PJM,385.79,467.09,29.85,2.21,pjm.com,false,
2023-08-04 02:00:00,USA,PJM Interconnection,US-MIDA-PJM,385.2,465.7,30.35,1.0,pjm.com,false,
2023-08-04 03:00:00,USA,PJM Interconnection,US-MIDA-PJM,380.53,459.32,31.7,0.81,pjm.com,false,
2023-08-04 04:00:00,USA,PJM Interconnection,US-MIDA-PJM,370.45,446.97,33.73,0.8,pjm.com,false,
2023-08-04 05:00:00,USA,PJM Interconnection,US-MIDA-PJM,360.07,435.38,35.16,0.87,pjm.com,false,
2023-08-04 06:00:00,USA,PJM Interconnection,US-MIDA-PJM,358.53,433.78,35.3,0.82,pjm.com,false,
2023-08-04 07:00:00,USA,PJM Interconnection,US-MIDA-PJM,357.09,431.57,36.0,0.79,pjm.com,false,
2023-08-04 08:00:00,USA,PJM Interconnection,US-MIDA-PJM,356.99,431.15,36.28,0.83,pjm.com,false,
2023-08-04 09:00:00,USA,PJM Interconnection,US-MIDA-PJM,357.49,431.99,35.88,0.85,pjm.com,false,
2023-08-04 10:00:00,USA,PJM Interconnection,US-MIDA-PJM,361.97,437.67,34.76,0.72,pjm.com,false,
2023-08-04 11:00:00,USA,PJM Interconnection,US-MIDA-PJM,363.35,439.92,34.05,0.99,pjm.com,false,
2023-08-04 12:00:00,USA,PJM Interconnection,US-MIDA-PJM,364.1,441.57,33.4,1.46,pjm.com,false,
2023-08-04 13:00:00,USA,PJM Interconnection,US-MIDA-PJM,367.57,445.75,32.78,1.98,pjm.com,false,
2023-08-04 14:00:00,USA,PJM Interconnection,US-MIDA-PJM,374.01,453.2,31.81,2.36,pjm.com,false,
2023-08-04 15:00:00,USA,PJM Interconnection,US-MIDA-PJM,377.76,458.09,30.98,2.8,pjm.com,false,
2023-08-04 16:00:00,USA,PJM Interconnection,US-MIDA-PJM,378.35,458.82,31.07,3.8,pjm.com,false,
2023-08-04 17:00:00,USA,PJM Interconnection,US-MIDA-PJM,374.74,455.09,31.45,4.85,pjm.com,false,
2023-08-04 18:00:00,USA,PJM Interconnection,US-MIDA-PJM,373.71,453.55,31.9,5.87,pjm.com,false,
2023-08-04 19:00:00,USA,PJM Interconnection,US-MIDA-PJM,373.26,452.73,32.16,6.51,pjm.com,false,
2023-08-04 20:00:00,USA,PJM Interconnection,US-MIDA-PJM,373.53,453.08,32.1,6.76,pjm.com,false,
2023-08-04 21:00:00,USA,PJM Interconnection,US-MIDA-PJM,374.53,453.95,32.13,6.9,pjm.com,false,
2023-08-04 22:00:00,USA,PJM Interconnection,US-MIDA-PJM,376.69,456.21,31.85,6.43,pjm.com,false,
2023-08-04 23:00:00,USA,PJM Interconnection,US-MIDA-PJM,376.79,456.68,31.46,5.33,pjm.com,false,
2023-08-05 00:00:00,USA,PJM Interconnection,US-MIDA-PJM,375.62,455.76,31.21,4.25,pjm.com,false,
2023-08-05 01:00:00,USA,PJM Interconnection,US-MIDA-PJM,376.79,457.24,30.75,3.1,pjm.com,false,
2023-08-05 02:00:00,USA,PJM Interconnection,US-MIDA-PJM,372.23,450.86,32.15,2.91,pjm.com,false,
2023-08-05 03:00:00,USA,PJM Interconnection,US-MIDA-PJM,369.49,446.08,33.66,2.7,pjm.com,false,
2023-08-05 04:00:00,USA,PJM Interconnection,US-MIDA-PJM,360.48,435.0,35.66,2.84,pjm.com,false,
2023-08-05 05:00:00,USA,PJM Interconnection,US-MIDA-PJM,344.17,417.47,37.43,3.1,pjm.com,false,
2023-08-05 06:00:00,USA,PJM Interconnection,US-MIDA-PJM,338.82,411.21,38.39,3.14,pjm.com,false,
2023-08-05 07:00:00,USA,PJM Interconnection,US-MIDA-PJM,331.83,403.06,39.61,3.45,pjm.com,false,
2023-08-05 08:00:00,USA,PJM Interconnection,US-MIDA-PJM,328.59,399.14,40.29,3.71,pjm.com,false,
2023-08-05 09:00:00,USA,PJM Interconnection,US-MIDA-PJM,326.08,396.12,40.8,3.85,pjm.com,false,
2023-08-05 10:00:00,USA,PJM Interconnection,US-MIDA-PJM,325.85,395.93,40.79,3.85,pjm.com,false,
2023-08-05 11:00:00,USA,PJM Interconnection,US-MIDA-PJM,322.9,392.61,41.26,4.64,pjm.com,false,
2023-08-05 12:00:00,USA,PJM Interconnection,US-MIDA-PJM,320.17,390.51,41.09,5.95,pjm.com,false,
2023-08-05 13:00:00,USA,PJM Interconnection,US-MIDA-PJM,320.6,392.15,40.3,6.86,pjm.com,false,
2023-08-05 14:00:00,USA,PJM Interconnection,US-MIDA-PJM,327.3,400.71,38.67,7.0,pjm.com,false,
2023-08-05 15:00:00,USA,PJM Interconnection,US-MIDA-PJM,329.16,403.63,37.85,7.45,pjm.com,false,
2023-08-05 16:00:00,USA,PJM Interconnection,US-MIDA-PJM,333.86,409.38,37.02,7.73,pjm.com,false,
2023-08-05 17:00:00,USA,PJM Interconnection,US-MIDA-PJM,331.95,407.3,37.36,9.11,pjm.com,false,
2023-08-05 18:00:00,USA,PJM Interconnection,US-MIDA-PJM,330.95,406.01,37.64,10.08,pjm.com,false,
2023-08-05 19:00:00,USA,PJM Interconnection,US-MIDA-PJM,328.79,403.39,38.13,10.96,pjm.com,false,
2023-08-05 20:00:00,USA,PJM Interconnection,US-MIDA-PJM,331.06,406.07,37.76,11.02,pjm.com,false,
2023-08-05 21:00:00,USA,PJM Interconnection,US-MIDA-PJM,338.58,414.25,36.87,10.35,pjm.com,false,
2023-08-05 22:00:00,USA,PJM Interconnection,US-MIDA-PJM,342.03,417.96,36.44,9.66,pjm.com,false,
2023-08-05 23:00:00,USA,PJM Interconnection,US-MIDA-PJM,347.15,423.85,35.5,8.11,pjm.com,false,
2023-08-06 00:00:00,USA,PJM Interconnection,US-MIDA-PJM,352.5,429.83,34.72,6.42,pjm.com,false,
2023-08-06 01:00:00,USA,PJM Interconnection,US-MIDA-PJM,356.33,434.35,33.89,4.48,pjm.com,false,
2023-08-06 02:00:00,USA,PJM Interconnection,US-MIDA-PJM,350.9,427.54,34.85,3.9,pjm.com,false,
2023-08-06 03:00:00,USA,PJM Interconnection,US-MIDA-PJM,345.25,420.25,36.27,3.95,pjm.com,false,
2023-08-06 04:00:00,USA,PJM Interconnection,US-MIDA-PJM,340.27,413.75,37.48,3.87,pjm.com,false,
2023-08-06 05:00:00,USA,PJM Interconnection,US-MIDA-PJM,335.53,407.89,38.57,3.57,pjm.com,false,
2023-08-06 06:00:00,USA,PJM Interconnection,US-MIDA-PJM,332.74,403.97,39.56,3.42,pjm.com,false,
2023-08-06 07:00:00,USA,PJM Interconnection,US-MIDA-PJM,331.57,401.66,40.47,3.01,pjm.com,false,
2023-08-06 08:00:00,USA,PJM Interconnection,US-MIDA-PJM,331.93,401.59,40.79,2.65,pjm.com,false,
2023-08-06 09:00:00,USA,PJM Interconnection,US-MIDA-PJM,332.44,401.89,40.92,2.41,pjm.com,false,
2023-08-06 10:00:00,USA,PJM Interconnection,US-MIDA-PJM,332.21,401.63,40.96,2.41,pjm.com,false,
2023-08-06 11:00:00,USA,PJM Interconnection,US-MIDA-PJM,330.28,399.8,41.04,2.89,pjm.com,false,
2023-08-06 12:00:00,USA,PJM Interconnection,US-MIDA-PJM,327.18,397.39,40.83,4.14,pjm.com,false,
2023-08-06 13:00:00,USA,PJM Interconnection,US-MIDA-PJM,327.75,399.76,39.56,5.12,pjm.com,false,
2023-08-06 14:00:00,USA,PJM Interconnection,US-MIDA-PJM,333.51,407.58,37.8,5.36,pjm.com,false,
2023-08-06 15:00:00,USA,PJM Interconnection,US-MIDA-PJM,335.4,409.85,37.52,6.34,pjm.com,false,
2023-08-06 16:00:00,USA,PJM Interconnection,US-MIDA-PJM,339.17,415.26,36.29,6.8,pjm.com,false,
2023-08-06 17:00:00,USA,PJM Interconnection,US-MIDA-PJM,346.84,423.81,35.27,6.9,pjm.com,false,
2023-08-06 18:00:00,USA,PJM Interconnection,US-MIDA-PJM,350.98,427.81,35.25,7.61,pjm.com,false,
2023-08-06 19:00:00,USA,PJM Interconnection,US-MIDA-PJM,354.52,431.38,35.07,8.02,pjm.com,false,
2023-08-06 20:00:00,USA,PJM Interconnection,US-MIDA-PJM,357.71,435.21,34.44,7.81,pjm.com,false,
2023-08-06 21:00:00,USA,PJM Interconnection,US-MIDA-PJM,361.53,439.86,33.57,7.01,pjm.com,false,
2023-08-06 22:00:00,USA,PJM Interconnection,US-MIDA-PJM,367.15,446.35,32.53,5.83,pjm.com,false,
2023-08-06 23:00:00,USA,PJM Interconnection,US-MIDA-PJM,366.94,446.4,32.22,4.94,pjm.com,false,
2023-08-07 00:00:00,USA,PJM Interconnection,US-MIDA-PJM,367.92,447.7,31.86,3.84,pjm.com,false,
2023-08-07 01:00:00,USA,PJM Interconnection,US-MIDA-PJM,365.88,445.33,32.13,3.25,pjm.com,false,
2023-08-07 02:00:00,USA,PJM Interconnection,US-MIDA-PJM,366.71,445.71,32.11,1.96,pjm.com,false,
2023-08-07 03:00:00,USA,PJM Interconnection,US-MIDA-PJM,363.91,441.1,33.51,1.78,pjm.com,false,
2023-08-07 04:00:00,USA,PJM Interconnection,US-MIDA-PJM,356.83,432.5,35.02,1.93,pjm.com,false,
2023-08-07 05:00:00,USA,PJM Interconnection,US-MIDA-PJM,350.93,425.95,35.81,1.88,pjm.com,false,
2023-08-07 06:00:00,USA,PJM Interconnection,US-MIDA-PJM,346.4,420.72,36.58,1.72,pjm.com,false,
2023-08-07 07:00:00,USA,PJM Interconnection,US-MIDA-PJM,343.06,417.21,36.88,1.57,pjm.com,false,
2023-08-07 08:00:00,USA,PJM Interconnection,US-MIDA-PJM,341.71,415.72,37.07,1.57,pjm.com,false,
2023-08-07 09:00:00,USA,PJM Interconnection,US-MIDA-PJM,345.11,419.69,36.47,1.62,pjm.com,false,
2023-08-07 10:00:00,USA,PJM Interconnection,US-MIDA-PJM,353.14,428.7,35.33,1.57,pjm.com,false,
2023-08-07 11:00:00,USA,PJM Interconnection,US-MIDA-PJM,353.11,428.9,35.19,2.41,pjm.com,false,
2023-08-07 12:00:00,USA,PJM Interconnection,US-MIDA-PJM,351.27,427.56,35.13,3.35,pjm.com,false,
2023-08-07 13:00:00,USA,PJM Interconnection,US-MIDA-PJM,348.92,425.68,35.03,4.31,pjm.com,false,
2023-08-07 14:00:00,USA,PJM Interconnection,US-MIDA-PJM,348.57,425.84,34.81,5.21,pjm.com,false,
2023-08-07 15:00:00,USA,PJM Interconnection,US-MIDA-PJM,354.5,432.91,33.98,5.75,pjm.com,false,
2023-08-07 16:00:00,USA,PJM Interconnection,US-MIDA-PJM,355.77,434.33,34.0,6.74,pjm.com,false,
2023-08-07 17:00:00,USA,PJM Interconnection,US-MIDA-PJM,361.06,439.86,33.6,7.25,pjm.com,false,
2023-08-07 18:00:00,USA,PJM Interconnection,US-MIDA-PJM,361.65,440.16,33.82,8.0,pjm.com,false,
2023-08-07 19:00:00,USA,PJM Interconnection,US-MIDA-PJM,355.73,433.51,34.58,9.01,pjm.com,false,
2023-08-07 20:00:00,USA,PJM Interconnection,US-MIDA-PJM,356.13,433.59,34.77,9.44,pjm.com,false,
2023-08-07 21:00:00,USA,PJM Interconnection,US-MIDA-PJM,354.1,431.89,34.6,9.0,pjm.com,false,
2023-08-07 22:00:00,USA,PJM Interconnection,US-MIDA-PJM,357.62,436.45,33.52,7.24,pjm.com,false,
2023-08-07 23:00:00,USA,PJM Interconnection,US-MIDA-PJM,364.07,443.72,32.49,5.32,pjm.com,false,
2023-08-08 00:00:00,USA,PJM Interconnection,US-MIDA-PJM,365.18,444.77,32.41,4.31,pjm.com,false,
2023-08-08 01:00:00,USA,PJM Interconnection,US-MIDA-PJM,367.97,447.34,32.31,3.23,pjm.com,false,
2023-08-08 02:00:00,USA,PJM Interconnection,US-MIDA-PJM,368.76,446.94,32.87,2.23,pjm.com,false,
2023-08-08 03:00:00,USA,PJM Interconnection,US-MIDA-PJM,362.5,439.34,34.11,2.08,pjm.com,false,
2023-08-08 04:00:00,USA,PJM Interconnection,US-MIDA-PJM,346.5,420.55,36.77,2.46,pjm.com,false,
2023-08-08 05:00:00,USA,PJM Interconnection,US-MIDA-PJM,336.89,410.03,37.97,2.64,pjm.com,false,
2023-08-08 06:00:00,USA,PJM Interconnection,US-MIDA-PJM,334.9,407.57,38.41,2.8,pjm.com,false,
2023-08-08 07:00:00,USA,PJM Interconnection,US-MIDA-PJM,331.94,402.98,39.79,3.3,pjm.com,false,
2023-08-08 08:00:00,USA,PJM Interconnection,US-MIDA-PJM,332.03,402.98,39.88,3.34,pjm.com,false,
2023-08-08 09:00:00,USA,PJM Interconnection,US-MIDA-PJM,334.7,406.81,38.93,3.04,pjm.com,false,
2023-08-08 10:00:00,USA,PJM Interconnection,US-MIDA-PJM,343.47,417.66,36.98,2.82,pjm.com,false,
2023-08-08 11:00:00,USA,PJM Interconnection,US-MIDA-PJM,341.9,416.65,36.73,3.43,pjm.com,false,
2023-08-08 12:00:00,USA,PJM Interconnection,US-MIDA-PJM,338.26,413.02,37.02,4.92,pjm.com,false,
2023-08-08 13:00:00,USA,PJM Interconnection,US-MIDA-PJM,338.41,413.25,37.01,5.81,pjm.com,false,
2023-08-08 14:00:00,USA,PJM Interconnection,US-MIDA-PJM,344.94,420.68,36.08,6.0,pjm.com,false,
2023-08-08 15:00:00,USA,PJM Interconnection,US-MIDA-PJM,352.17,428.5,35.42,6.21,pjm.com,false,
2023-08-08 16:00:00,USA,PJM Interconnection,US-MIDA-PJM,354.36,430.91,35.15,6.72,pjm.com,false,
2023-08-08 17:00:00,USA,PJM Interconnection,US-MIDA-PJM,351.46,427.62,35.75,8.14,pjm.com,false,
2023-08-08 18:00:00,USA,PJM Interconnection,US-MIDA-PJM,351.27,427.54,35.95,8.97,pjm.com,false,
2023-08-08 19:00:00,USA,PJM Interconnection,US-MIDA-PJM,355.48,432.13,35.45,8.78,pjm.com,false,
2023-08-08 20:00:00,USA,PJM Interconnection,US-MIDA-PJM,355.68,432.21,35.56,9.24,pjm.com,false,
2023-08-08 21:00:00,USA,PJM Interconnection,US-MIDA-PJM,359.95,436.56,35.18,9.1,pjm.com,false,
2023-08-08 22:00:00,USA,PJM Interconnection,US-MIDA-PJM,370.88,448.4,33.78,7.59,pjm.com,false,
2023-08-08 23:00:00,USA,PJM Interconnection,US-MIDA-PJM,377.51,456.03,32.57,5.79,pjm.com,false,
2023-08-09 00:00:00,USA,PJM Interconnection,US-MIDA-PJM,376.52,454.99,32.62,5.06,pjm.com,false,
2023-08-09 01:00:00,USA,PJM Interconnection,US-MIDA-PJM,382.73,461.53,31.93,3.62,pjm.com,false,
2023-08-09 02:00:00,USA,PJM Interconnection,US-MIDA-PJM,378.91,456.72,32.48,2.39,pjm.com,false,
2023-08-09 03:00:00,USA,PJM Interconnection,US-MIDA-PJM,360.01,436.53,34.25,2.47,pjm.com,false,
2023-08-09 04:00:00,USA,PJM Interconnection,US-MIDA-PJM,344.51,419.49,36.2,2.68,pjm.com,false,
2023-08-09 05:00:00,USA,PJM Interconnection,US-MIDA-PJM,338.54,412.37,37.35,2.82,pjm.com,false,
2023-08-09 06:00:00,USA,PJM Interconnection,US-MIDA-PJM,336.05,408.94,38.22,2.87,pjm.com,false,
2023-08-09 07:00:00,USA,PJM Interconnection,US-MIDA-PJM,334.03,406.27,38.83,2.72,pjm.com,false,
2023-08-09 08:00:00,USA,PJM Interconnection,US-MIDA-PJM,334.5,406.71,38.84,2.38,pjm.com,false,
2023-08-09 09:00:00,USA,PJM Interconnection,US-MIDA-PJM,337.58,410.94,37.84,2.11,pjm.com,false,
2023-08-09 10:00:00,USA,PJM Interconnection,US-MIDA-PJM,346.45,421.26,36.3,1.84,pjm.com,false,
2023-08-09 11:00:00,USA,PJM Interconnection,US-MIDA-PJM,344.82,419.71,36.35,2.69,pjm.com,false,
2023-08-09 12:00:00,USA,PJM Interconnection,US-MIDA-PJM,341.01,416.0,36.64,4.43,pjm.com,false,
2023-08-09 13:00:00,USA,PJM Interconnection,US-MIDA-PJM,342.86,418.44,36.24,5.47,pjm.com,false,
2023-08-09 14:00:00,USA,PJM Interconnection,US-MIDA-PJM,350.65,427.09,35.36,5.54,pjm.com,false,
2023-08-09 15:00:00,USA,PJM Interconnection,US-MIDA-PJM,353.91,430.42,35.33,6.58,pjm.com,false,
2023-08-09 16:00:00,USA,PJM Interconnection,US-MIDA-PJM,356.91,434.43,34.66,7.08,pjm.com,false,
2023-08-09 17:00:00,USA,PJM Interconnection,US-MIDA-PJM,355.47,433.28,34.69,8.03,pjm.com,false,
2023-08-09 18:00:00,USA,PJM Interconnection,US-MIDA-PJM,356.92,435.23,34.34,8.35,pjm.com,false,
2023-08-09 19:00:00,USA,PJM Interconnection,US-MIDA-PJM,360.2,438.73,33.97,8.39,pjm.com,false,
2023-08-09 20:00:00,USA,PJM Interconnection,US-MIDA-PJM,362.59,441.22,33.78,8.35,pjm.com,false,
2023-08-09 21:00:00,USA,PJM Interconnection,US-MIDA-PJM,368.97,448.18,32.94,7.62,pjm.com,false,
2023-08-09 22:00:00,USA,PJM Interconnection,US-MIDA-PJM,372.73,452.61,32.14,6.43,pjm.com,false,
2023-08-09 23:00:00,USA,PJM Interconnection,US-MIDA-PJM,377.43,457.98,31.33,5.01,pjm.com,false,
2023-08-10 00:00:00,USA,PJM Interconnection,US-MIDA-PJM,374.32,454.62,31.65,4.67,pjm.com,false,
2023-08-10 01:00:00,USA,PJM Interconnection,US-MIDA-PJM,378.55,459.05,31.19,3.34,pjm.com,false,
2023-08-10 02:00:00,USA,PJM Interconnection,US-MIDA-PJM,384.72,464.51,31.06,1.44,pjm.com,false,
2023-08-10 03:00:00,USA,PJM Interconnection,US-MIDA-PJM,378.82,456.83,32.64,1.35,pjm.com,false,
2023-08-10 04:00:00,USA,PJM Interconnection,US-MIDA-PJM,361.88,438.77,34.4,1.4,pjm.com,false,
2023-08-10 05:00:00,USA,PJM Interconnection,US-MIDA-PJM,359.26,436.72,34.1,1.26,pjm.com,false,
2023-08-10 06:00:00,USA,PJM Interconnection,US-MIDA-PJM,353.39,429.92,34.92,1.4,pjm.com,false,
2023-08-10 07:00:00,USA,PJM Interconnection,US-MIDA-PJM,350.15,425.93,35.47,1.44,pjm.com,false,
2023-08-10 08:00:00,USA,PJM Interconnection,US-MIDA-PJM,349.83,425.46,35.48,1.34,pjm.com,false,
2023-08-10 09:00:00,USA,PJM Interconnection,US-MIDA-PJM,353.76,429.99,34.83,1.26,pjm.com,false,
2023-08-10 10:00:00,USA,PJM Interconnection,US-MIDA-PJM,364.04,441.54,33.35,1.17,pjm.com,false,
2023-08-10 11:00:00,USA,PJM Interconnection,US-MIDA-PJM,368.71,446.95,32.57,1.34,pjm.com,false,
2023-08-10 12:00:00,USA,PJM Interconnection,US-MIDA-PJM,373.14,452.3,31.85,1.68,pjm.com,false,
2023-08-10 13:00:00,USA,PJM Interconnection,US-MIDA-PJM,375.51,454.97,31.58,2.16,pjm.com,false,
2023-08-10 14:00:00,USA,PJM Interconnection,US-MIDA-PJM,376.06,456.07,31.32,2.64,pjm.com,false,
2023-08-10 15:00:00,USA,PJM Interconnection,US-MIDA-PJM,379.11,459.55,30.95,3.17,pjm.com,false,
2023-08-10 16:00:00,USA,PJM Interconnection,US-MIDA-PJM,376.57,457.26,30.85,3.69,pjm.com,false,
2023-08-10 17:00:00,USA,PJM Interconnection,US-MIDA-PJM,372.05,452.22,31.5,4.86,pjm.com,false,
2023-08-10 18:00:00,USA,PJM Interconnection,US-MIDA-PJM,367.15,446.46,32.49,6.29,pjm.com,false,
2023-08-10 19:00:00,USA,PJM Interconnection,US-MIDA-PJM,366.71,445.6,32.88,7.08,pjm.com,false,
2023-08-10 20:00:00,USA,PJM Interconnection,US-MIDA-PJM,362.52,440.53,33.79,8.16,pjm.com,false,
2023-08-10 21:00:00,USA,PJM Interconnection,US-MIDA-PJM,361.4,439.12,34.09,8.65,pjm.com,false,
2023-08-10 22:00:00,USA,PJM Interconnection,US-MIDA-PJM,362.68,440.51,33.91,8.51,pjm.com,false,
2023-08-10 23:00:00,USA,PJM Interconnection,US-MIDA-PJM,372.45,451.3,32.54,6.68,pjm.com,false,
2023-08-11 00:00:00,USA,PJM Interconnection,US-MIDA-PJM,380.04,459.85,31.31,4.85,pjm.com,false,
2023-08-11 01:00:00,USA,PJM Interconnection,US-MIDA-PJM,387.72,468.04,30.36,3.06,pjm.com,false,
2023-08-11 02:00:00,USA,PJM Interconnection,US-MIDA-PJM,383.08,461.82,31.57,2.99,pjm.com,false,
2023-08-11 03:00:00,USA,PJM Interconnection,US-MIDA-PJM,370.47,446.92,33.77,3.63,pjm.com,false,
2023-08-11 04:00:00,USA,PJM Interconnection,US-MIDA-PJM,350.68,425.51,36.01,3.8,pjm.com,false,
2023-08-11 05:00:00,USA,PJM Interconnection,US-MIDA-PJM,337.5,411.59,37.23,3.71,pjm.com,false,
2023-08-11 06:00:00,USA,PJM Interconnection,US-MIDA-PJM,336.75,410.4,37.59,3.39,pjm.com,false,
2023-08-11 07:00:00,USA,PJM Interconnection,US-MIDA-PJM,332.54,404.84,38.83,3.65,pjm.com,false,
2023-08-11 08:00:00,USA,PJM Interconnection,US-MIDA-PJM,332.15,404.37,38.91,3.98,pjm.com,false,
2023-08-11 09:00:00,USA,PJM Interconnection,US-MIDA-PJM,335.03,408.22,38.05,4.37,pjm.com,false,
2023-08-11 10:00:00,USA,PJM Interconnection,US-MIDA-PJM,341.86,416.82,36.39,3.88,pjm.com,false,
2023-08-11 11:00:00,USA,PJM Interconnection,US-MIDA-PJM,339.11,414.66,36.16,4.45,pjm.com,false,
2023-08-11 12:00:00,USA,PJM Interconnection,US-MIDA-PJM,335.08,410.52,36.76,6.4,pjm.com,false,
2023-08-11 13:00:00,USA,PJM Interconnection,US-MIDA-PJM,336.13,411.89,36.62,7.35,pjm.com,false,
2023-08-11 14:00:00,USA,PJM Interconnection,US-MIDA-PJM,341.7,418.6,35.61,7.45,pjm.com,false,
2023-08-11 15:00:00,USA,PJM Interconnection,US-MIDA-PJM,346.03,423.21,35.26,8.06,pjm.com,false,
2023-08-11 16:00:00,USA,PJM Interconnection,US-MIDA-PJM,346.98,424.38,35.03,8.87,pjm.com,false,
2023-08-11 17:00:00,USA,PJM Interconnection,US-MIDA-PJM,347.08,424.66,34.96,9.67,pjm.com,false,
2023-08-11 18:00:00,USA,PJM Interconnection,US-MIDA-PJM,348.71,426.22,34.92,10.45,pjm.com,false,
2023-08-11 19:00:00,USA,PJM Interconnection,US-MIDA-PJM,351.14,428.71,34.74,10.74,pjm.com,false,
2023-08-11 20:00:00,USA,PJM Interconnection,US-MIDA-PJM,355.74,433.63,34.25,10.62,pjm.com,false,
2023-08-11 21:00:00,USA,PJM Interconnection,US-MIDA-PJM,363.88,442.69,33.12,9.69,pjm.com,false,
2023-08-11 22:00:00,USA,PJM Interconnection,US-MIDA-PJM,370.16,449.6,32.28,8.6,pjm.com,false,
2023-08-11 23:00:00,USA,PJM Interconnection,US-MIDA-PJM,377.64,458.01,31.12,6.66,pjm.com,false,
2023-08-12 00:00:00,USA,PJM Interconnection,US-MIDA-PJM,383.21,464.59,29.94,4.58,pjm.com,false,
2023-08-12 01:00:00,USA,PJM Interconnection,US-MIDA-PJM,384.63,466.25,29.56,3.31,pjm.com,false,
2023-08-12 02:00:00,USA,PJM Interconnection,US-MIDA-PJM,383.4,463.53,30.5,2.88,pjm.com,false,
2023-08-12 03:00:00,USA,PJM Interconnection,US-MIDA-PJM,377.44,455.81,32.03,2.99,pjm.com,false,
2023-08-12 04:00:00,USA,PJM Interconnection,US-MIDA-PJM,366.87,443.76,33.64,2.68,pjm.com,false,
2023-08-12 05:00:00,USA,PJM Interconnection,US-MIDA-PJM,353.03,428.97,35.05,2.85,pjm.com,false,
2023-08-12 06:00:00,USA,PJM Interconnection,US-MIDA-PJM,344.28,419.6,35.98,2.99,pjm.com,false,
2023-08-12 07:00:00,USA,PJM Interconnection,US-MIDA-PJM,338.88,413.55,36.73,3.03,pjm.com,false,
2023-08-12 08:00:00,USA,PJM Interconnection,US-MIDA-PJM,335.5,409.61,37.33,3.06,pjm.com,false,
2023-08-12 09:00:00,USA,PJM Interconnection,US-MIDA-PJM,333.08,406.76,37.78,3.44,pjm.com,false,
2023-08-12 10:00:00,USA,PJM Interconnection,US-MIDA-PJM,333.87,407.66,37.66,3.51,pjm.com,false,
2023-08-12 11:00:00,USA,PJM Interconnection,US-MIDA-PJM,328.46,401.73,38.37,5.01,pjm.com,false,
2023-08-12 12:00:00,USA,PJM Interconnection,US-MIDA-PJM,326.71,400.54,38.22,6.53,pjm.com,false,
2023-08-12 13:00:00,USA,PJM Interconnection,US-MIDA-PJM,334.69,410.48,36.5,6.34,pjm.com,false,
2023-08-12 14:00:00,USA,PJM Interconnection,US-MIDA-PJM,337.57,414.55,35.65,6.99,pjm.com,false,
2023-08-12 15:00:00,USA,PJM Interconnection,US-MIDA-PJM,343.05,420.86,34.84,7.58,pjm.com,false,
2023-08-12 16:00:00,USA,PJM Interconnection,US-MIDA-PJM,348.65,427.33,33.96,8.03,pjm.com,false,
2023-08-12 17:00:00,USA,PJM Interconnection,US-MIDA-PJM,353.81,432.89,33.47,8.6,pjm.com,false,
2023-08-12 18:00:00,USA,PJM Interconnection,US-MIDA-PJM,353.33,432.34,33.61,9.23,pjm.com,false,
2023-08-12 19:00:00,USA,PJM Interconnection,US-MIDA-PJM,353.31,431.99,33.89,9.92,pjm.com,false,
2023-08-12 20:00:00,USA,PJM Interconnection,US-MIDA-PJM,358.69,437.85,33.23,9.56,pjm.com,false,
2023-08-12 21:00:00,USA,PJM Interconnection,US-MIDA-PJM,367.85,447.99,32.02,8.57,pjm.com,false,
2023-08-12 22:00:00,USA,PJM Interconnection,US-MIDA-PJM,371.51,451.81,31.65,8.12,pjm.com,false,
2023-08-12 23:00:00,USA,PJM Interconnection,US-MIDA-PJM,374.7,455.66,30.88,6.54,pjm.com,false,
2023-08-13 00:00:00,USA,PJM Interconnection,US-MIDA-PJM,378.1,459.38,30.34,5.3,pjm.com,false,
2023-08-13 01:00:00,USA,PJM Interconnection,US-MIDA-PJM,378.88,460.4,29.97,4.1,pjm.com,false,
2023-08-13 02:00:00,USA,PJM Interconnection,US-MIDA-PJM,383.28,464.57,29.8,2.64,pjm.com,false,
2023-08-13 03:00:00,USA,PJM Interconnection,US-MIDA-PJM,376.43,456.11,31.16,2.41,pjm.com,false,
2023-08-13 04:00:00,USA,PJM Interconnection,US-MIDA-PJM,360.71,438.53,33.29,2.61,pjm.com,false,
2023-08-13 05:00:00,USA,PJM Interconnection,US-MIDA-PJM,345.31,421.82,35.05,3.31,pjm.com,false,
2023-08-13 06:00:00,USA,PJM Interconnection,US-MIDA-PJM,337.66,413.29,36.1,3.37,pjm.com,false,
2023-08-13 07:00:00,USA,PJM Interconnection,US-MIDA-PJM,333.3,408.38,36.73,3.28,pjm.com,false,
2023-08-13 08:00:00,USA,PJM Interconnection,US-MIDA-PJM,331.73,406.28,37.21,2.98,pjm.com,false,
2023-08-13 09:00:00,USA,PJM Interconnection,US-MIDA-PJM,329.56,403.98,37.43,3.01,pjm.com,false,
2023-08-13 10:00:00,USA,PJM Interconnection,US-MIDA-PJM,328.44,402.4,37.83,3.08,pjm.com,false,
2023-08-13 11:00:00,USA,PJM Interconnection,US-MIDA-PJM,325.81,399.52,38.22,3.74,pjm.com,false,
2023-08-13 12:00:00,USA,PJM Interconnection,US-MIDA-PJM,323.41,397.49,38.26,5.45,pjm.com,false,
2023-08-13 13:00:00,USA,PJM Interconnection,US-MIDA-PJM,330.92,406.73,36.69,6.11,pjm.com,false,
2023-08-13 14:00:00,USA,PJM Interconnection,US-MIDA-PJM,337.81,414.63,35.7,6.26,pjm.com,false,
2023-08-13 15:00:00,USA,PJM Interconnection,US-MIDA-PJM,345.7,423.96,34.36,6.36,pjm.com,false,
2023-08-13 16:00:00,USA,PJM Interconnection,US-MIDA-PJM,350.54,430.0,33.27,6.72,pjm.com,false,
2023-08-13 17:00:00,USA,PJM Interconnection,US-MIDA-PJM,352.08,431.75,33.08,7.43,pjm.com,false,
2023-08-13 18:00:00,USA,PJM Interconnection,US-MIDA-PJM,353.09,432.67,33.15,8.19,pjm.com,false,
2023-08-13 19:00:00,USA,PJM Interconnection,US-MIDA-PJM,355.47,435.18,32.97,8.45,pjm.com,false,
2023-08-13 20:00:00,USA,PJM Interconnection,US-MIDA-PJM,362.27,442.47,32.33,8.32,pjm.com,false,
2023-08-13 21:00:00,USA,PJM Interconnection,US-MIDA-PJM,371.67,452.98,31.09,7.38,pjm.com,false,
2023-08-13 22:00:00,USA,PJM Interconnection,US-MIDA-PJM,377.62,459.61,30.23,6.33,pjm.com,false,
2023-08-13 23:00:00,USA,PJM Interconnection,US-MIDA-PJM,385.14,467.93,29.14,4.65,pjm.com,false,
2023-08-14 00:00:00,USA,PJM Interconnection,US-MIDA-PJM,385.67,468.46,29.0,3.55,pjm.com,false,
2023-08-14 01:00:00,USA,PJM Interconnection,US-MIDA-PJM,384.3,466.71,29.23,3.03,pjm.com,false,
2023-08-14 02:00:00,USA,PJM Interconnection,US-MIDA-PJM,380.56,461.43,30.42,2.39,pjm.com,false,
2023-08-14 03:00:00,USA,PJM Interconnection,US-MIDA-PJM,372.33,451.59,31.75,2.2,pjm.com,false,
2023-08-14 04:00:00,USA,PJM Interconnection,US-MIDA-PJM,365.31,443.14,33.05,2.26,pjm.com,false,
2023-08-14 05:00:00,USA,PJM Interconnection,US-MIDA-PJM,357.68,434.57,34.13,2.5,pjm.com,false,
2023-08-14 06:00:00,USA,PJM Interconnection,US-MIDA-PJM,350.56,426.76,35.04,2.4,pjm.com,false,
2023-08-14 07:00:00,USA,PJM Interconnection,US-MIDA-PJM,344.2,419.72,35.87,2.54,pjm.com,false,
2023-08-14 08:00:00,USA,PJM Interconnection,US-MIDA-PJM,343.25,418.76,35.94,2.38,pjm.com,false,
2023-08-14 09:00:00,USA,PJM Interconnection,US-MIDA-PJM,346.93,423.39,35.04,2.14,pjm.com,false,
2023-08-14 10:00:00,USA,PJM Interconnection,US-MIDA-PJM,357.13,434.88,33.54,1.87,pjm.com,false,
2023-08-14 11:00:00,USA,PJM Interconnection,US-MIDA-PJM,363.71,442.58,32.4,2.12,pjm.com,false,
2023-08-14 12:00:00,USA,PJM Interconnection,US-MIDA-PJM,364.38,443.65,32.37,3.22,pjm.com,false,
2023-08-14 13:00:00,USA,PJM Interconnection,US-MIDA-PJM,368.58,448.38,31.86,3.78,pjm.com,false,
2023-08-14 14:00:00,USA,PJM Interconnection,US-MIDA-PJM,374.7,455.51,30.85,3.69,pjm.com,false,
2023-08-14 15:00:00,USA,PJM Interconnection,US-MIDA-PJM,378.91,460.23,30.33,4.06,pjm.com,false,
2023-08-14 16:00:00,USA,PJM Interconnection,US-MIDA-PJM,372.71,452.85,31.8,6.48,pjm.com,false,
2023-08-14 17:00:00,USA,PJM Interconnection,US-MIDA-PJM,373.62,453.69,31.83,7.24,pjm.com,false,
2023-08-14 18:00:00,USA,PJM Interconnection,US-MIDA-PJM,376.6,457.03,31.37,7.35,pjm.com,false,
2023-08-14 19:00:00,USA,PJM Interconnection,US-MIDA-PJM,376.12,456.3,31.58,7.77,pjm.com,false,
2023-08-14 20:00:00,USA,PJM Interconnection,US-MIDA-PJM,376.5,456.54,31.64,7.9,pjm.com,false,
2023-08-14 21:00:00,USA,PJM Interconnection,US-MIDA-PJM,373.52,453.28,32.06,8.23,pjm.com,false,
2023-08-14 22:00:00,USA,PJM Interconnection,US-MIDA-PJM,372.76,452.71,31.94,7.77,pjm.com,false,
2023-08-14 23:00:00,USA,PJM Interconnection,US-MIDA-PJM,373.59,453.89,31.57,6.82,pjm.com,false,
2023-08-15 00:00:00,USA,PJM Interconnection,US-MIDA-PJM,378.57,459.19,30.93,5.39,pjm.com,false,
2023-08-15 01:00:00,USA,PJM Interconnection,US-MIDA-PJM,381.54,461.82,30.76,4.08,pjm.com,false,
2023-08-15 02:00:00,USA,PJM Interconnection,US-MIDA-PJM,377.21,455.4,32.27,4.05,pjm.com,false,
2023-08-15 03:00:00,USA,PJM Interconnection,US-MIDA-PJM,369.67,446.46,33.6,3.84,pjm.com,false,
2023-08-15 04:00:00,USA,PJM Interconnection,US-MIDA-PJM,353.17,428.49,35.53,4.5,pjm.com,false,
2023-08-15 05:00:00,USA,PJM Interconnection,US-MIDA-PJM,343.17,417.72,36.64,4.5,pjm.com,false,
2023-08-15 06:00:00,USA,PJM Interconnection,US-MIDA-PJM,337.77,411.68,37.41,4.75,pjm.com,false,
2023-08-15 07:00:00,USA,PJM Interconnection,US-MIDA-PJM,334.42,407.21,38.41,5.07,pjm.com,false,
2023-08-15 08:00:00,USA,PJM Interconnection,US-MIDA-PJM,333.06,405.51,38.74,5.17,pjm.com,false,
2023-08-15 09:00:00,USA,PJM Interconnection,US-MIDA-PJM,333.39,406.48,38.27,5.2,pjm.com,false,
2023-08-15 10:00:00,USA,PJM Interconnection,US-MIDA-PJM,343.49,418.54,36.28,4.63,pjm.com,false,
2023-08-15 11:00:00,USA,PJM Interconnection,US-MIDA-PJM,350.29,426.31,35.23,4.88,pjm.com,false,
2023-08-15 12:00:00,USA,PJM Interconnection,US-MIDA-PJM,350.83,426.98,35.25,6.21,pjm.com,false,
2023-08-15 13:00:00,USA,PJM Interconnection,US-MIDA-PJM,353.88,430.58,34.97,6.85,pjm.com,false,
2023-08-15 14:00:00,USA,PJM Interconnection,US-MIDA-PJM,355.75,433.14,34.46,7.08,pjm.com,false,
2023-08-15 15:00:00,USA,PJM Interconnection,US-MIDA-PJM,355.84,433.41,34.34,7.65,pjm.com,false,
2023-08-15 16:00:00,USA,PJM Interconnection,US-MIDA-PJM,355.36,432.62,34.71,8.87,pjm.com,false,
2023-08-15 17:00:00,USA,PJM Interconnection,US-MIDA-PJM,358.65,436.12,34.45,9.14,pjm.com,false,
2023-08-15 18:00:00,USA,PJM Interconnection,US-MIDA-PJM,363.04,441.12,33.99,8.98,pjm.com,false,
2023-08-15 19:00:00,USA,PJM Interconnection,US-MIDA-PJM,360.31,438.76,33.94,8.98,pjm.com,false,
2023-08-15 20:00:00,USA,PJM Interconnection,US-MIDA-PJM,366.07,445.37,33.04,8.18,pjm.com,false,
2023-08-15 21:00:00,USA,PJM Interconnection,US-MIDA-PJM,368.38,448.07,32.66,7.61,pjm.com,false,
2023-08-15 22:00:00,USA,PJM Interconnection,US-MIDA-PJM,368.29,448.41,32.29,6.73,pjm.com,false,
2023-08-15 23:00:00,USA,PJM Interconnection,US-MIDA-PJM,372.82,453.52,31.53,5.29,pjm.com,false,
2023-08-16 00:00:00,USA,PJM Interconnection,US-MIDA-PJM,376.46,457.35,30.87,4.07,pjm.com,false,
2023-08-16 01:00:00,USA,PJM Interconnection,US-MIDA-PJM,382.28,463.31,30.23,2.62,pjm.com,false,
2023-08-16 02:00:00,USA,PJM Interconnection,US-MIDA-PJM,379.03,458.13,31.55,2.33,pjm.com,false,
2023-08-16 03:00:00,USA,PJM Interconnection,US-MIDA-PJM,372.43,449.9,33.03,2.17,pjm.com,false,
2023-08-16 04:00:00,USA,PJM Interconnection,US-MIDA-PJM,360.3,436.43,34.62,2.03,pjm.com,false,
2023-08-16 05:00:00,USA,PJM Interconnection,US-MIDA-PJM,351.4,426.94,35.49,1.87,pjm.com,false,
2023-08-16 06:00:00,USA,PJM Interconnection,US-MIDA-PJM,348.27,422.82,36.4,1.68,pjm.com,false,
2023-08-16 07:00:00,USA,PJM Interconnection,US-MIDA-PJM,348.44,421.92,37.21,1.49,pjm.com,false,
2023-08-16 08:00:00,USA,PJM Interconnection,US-MIDA-PJM,347.45,420.26,37.77,1.5,pjm.com,false,
2023-08-16 09:00:00,USA,PJM Interconnection,US-MIDA-PJM,348.19,421.74,37.21,1.6,pjm.com,false,
2023-08-16 10:00:00,USA,PJM Interconnection,US-MIDA-PJM,350.95,425.95,36.0,1.7,pjm.com,false,
2023-08-16 11:00:00,USA,PJM Interconnection,US-MIDA-PJM,350.93,426.29,35.75,2.25,pjm.com,false,
2023-08-16 12:00:00,USA,PJM Interconnection,US-MIDA-PJM,346.77,422.02,36.23,3.79,pjm.com,false,
2023-08-16 13:00:00,USA,PJM Interconnection,US-MIDA-PJM,347.17,422.4,36.31,4.79,pjm.com,false,
2023-08-16 14:00:00,USA,PJM Interconnection,US-MIDA-PJM,352.42,428.12,35.8,4.91,pjm.com,false,
2023-08-16 15:00:00,USA,PJM Interconnection,US-MIDA-PJM,358.35,434.68,35.25,5.27,pjm.com,false,
2023-08-16 16:00:00,USA,PJM Interconnection,US-MIDA-PJM,360.02,437.39,34.53,5.74,pjm.com,false,
2023-08-16 17:00:00,USA,PJM Interconnection,US-MIDA-PJM,358.8,436.56,34.45,6.83,pjm.com,false,
2023-08-16 18:00:00,USA,PJM Interconnection,US-MIDA-PJM,357.55,435.5,34.35,7.31,pjm.com,false,
2023-08-16 19:00:00,USA,PJM Interconnection,US-MIDA-PJM,356.9,435.04,34.19,7.72,pjm.com,false,
2023-08-16 20:00:00,USA,PJM Interconnection,US-MIDA-PJM,355.35,433.44,34.44,8.18,pjm.com,false,
2023-08-16 21:00:00,USA,PJM Interconnection,US-MIDA-PJM,356.22,434.4,34.36,8.3,pjm.com,false,
2023-08-16 22:00:00,USA,PJM Interconnection,US-MIDA-PJM,360.33,439.0,33.71,7.5,pjm.com,false,
2023-08-16 23:00:00,USA,PJM Interconnection,US-MIDA-PJM,364.62,443.77,33.0,6.28,pjm.com,false,
2023-08-17 00:00:00,USA,PJM Interconnection,US-MIDA-PJM,367.7,447.0,32.57,5.01,pjm.com,false,
2023-08-17 01:00:00,USA,PJM Interconnection,US-MIDA-PJM,367.34,446.12,32.67,4.07,pjm.com,false,
2023-08-17 02:00:00,USA,PJM Interconnection,US-MIDA-PJM,360.56,437.09,34.36,4.09,pjm.com,false,
2023-08-17 03:00:00,USA,PJM Interconnection,US-MIDA-PJM,344.77,418.74,36.97,5.1,pjm.com,false,
2023-08-17 04:00:00,USA,PJM Interconnection,US-MIDA-PJM,333.57,405.1,39.39,5.87,pjm.com,false,
2023-08-17 05:00:00,USA,PJM Interconnection,US-MIDA-PJM,328.13,397.68,41.14,6.36,pjm.com,false,
2023-08-17 06:00:00,USA,PJM Interconnection,US-MIDA-PJM,325.18,393.64,42.07,6.72,pjm.com,false,
2023-08-17 07:00:00,USA,PJM Interconnection,US-MIDA-PJM,322.96,390.04,43.23,7.06,pjm.com,false,
2023-08-17 08:00:00,USA,PJM Interconnection,US-MIDA-PJM,321.01,387.16,44.04,7.48,pjm.com,false,
2023-08-17 09:00:00,USA,PJM Interconnection,US-MIDA-PJM,320.12,387.02,43.5,7.79,pjm.com,false,
2023-08-17 10:00:00,USA,PJM Interconnection,US-MIDA-PJM,323.17,392.09,41.84,7.69,pjm.com,false,
2023-08-17 11:00:00,USA,PJM Interconnection,US-MIDA-PJM,324.45,394.26,41.14,8.0,pjm.com,false,
2023-08-17 12:00:00,USA,PJM Interconnection,US-MIDA-PJM,325.57,396.26,40.5,8.53,pjm.com,false,
2023-08-17 13:00:00,USA,PJM Interconnection,US-MIDA-PJM,332.74,404.73,39.28,8.48,pjm.com,false,
2023-08-17 14:00:00,USA,PJM Interconnection,US-MIDA-PJM,339.1,412.46,38.06,8.48,pjm.com,false,
2023-08-17 15:00:00,USA,PJM Interconnection,US-MIDA-PJM,341.88,416.54,37.05,8.68,pjm.com,false,
2023-08-17 16:00:00,USA,PJM Interconnection,US-MIDA-PJM,346.0,421.76,36.19,8.82,pjm.com,false,
2023-08-17 17:00:00,USA,PJM Interconnection,US-MIDA-PJM,344.99,420.83,36.3,9.85,pjm.com,false,
2023-08-17 18:00:00,USA,PJM Interconnection,US-MIDA-PJM,347.28,423.19,36.16,10.26,pjm.com,false,
2023-08-17 19:00:00,USA,PJM Interconnection,US-MIDA-PJM,351.53,427.56,35.86,10.42,pjm.com,false,
2023-08-17 20:00:00,USA,PJM Interconnection,US-MIDA-PJM,350.39,426.5,35.85,10.56,pjm.com,false,
2023-08-17 21:00:00,USA,PJM Interconnection,US-MIDA-PJM,351.77,428.19,35.51,10.18,pjm.com,false,
2023-08-17 22:00:00,USA,PJM Interconnection,US-MIDA-PJM,353.27,430.06,35.11,9.39,pjm.com,false,
2023-08-17 23:00:00,USA,PJM Interconnection,US-MIDA-PJM,362.86,441.05,33.48,7.2,pjm.com,false,
2023-08-18 00:00:00,USA,PJM Interconnection,US-MIDA-PJM,369.59,448.33,32.62,5.69,pjm.com,false,
2023-08-18 01:00:00,USA,PJM Interconnection,US-MIDA-PJM,373.38,452.23,32.18,4.45,pjm.com,false,
2023-08-18 02:00:00,USA,PJM Interconnection,US-MIDA-PJM,369.02,446.16,33.47,4.19,pjm.com,false,
2023-08-18 03:00:00,USA,PJM Interconnection,US-MIDA-PJM,363.2,438.55,35.0,4.16,pjm.com,false,
2023-08-18 04:00:00,USA,PJM Interconnection,US-MIDA-PJM,355.7,429.27,36.71,4.03,pjm.com,false,
2023-08-18 05:00:00,USA,PJM Interconnection,US-MIDA-PJM,351.43,424.04,37.62,3.69,pjm.com,false,
2023-08-18 06:00:00,USA,PJM Interconnection,US-MIDA-PJM,348.58,421.04,37.9,3.38,pjm.com,false,
2023-08-18 07:00:00,USA,PJM Interconnection,US-MIDA-PJM,347.77,419.84,38.25,2.92,pjm.com,false,
2023-08-18 08:00:00,USA,PJM Interconnection,US-MIDA-PJM,348.82,421.18,37.98,2.54,pjm.com,false,
2023-08-18 09:00:00,USA,PJM Interconnection,US-MIDA-PJM,349.78,422.76,37.49,2.34,pjm.com,false,
2023-08-18 10:00:00,USA,PJM Interconnection,US-MIDA-PJM,353.12,427.33,36.39,2.27,pjm.com,false,
2023-08-18 11:00:00,USA,PJM Interconnection,US-MIDA-PJM,350.45,424.68,36.57,3.11,pjm.com,false,
2023-08-18 12:00:00,USA,PJM Interconnection,US-MIDA-PJM,342.68,415.83,37.92,5.26,pjm.com,false,
2023-08-18 13:00:00,USA,PJM Interconnection,US-MIDA-PJM,340.17,412.85,38.51,6.42,pjm.com,false,
2023-08-18 14:00:00,USA,PJM Interconnection,US-MIDA-PJM,343.61,417.13,37.81,6.7,pjm.com,false,
2023-08-18 15:00:00,USA,PJM Interconnection,US-MIDA-PJM,343.41,417.33,37.57,7.27,pjm.com,false,
2023-08-18 16:00:00,USA,PJM Interconnection,US-MIDA-PJM,350.33,425.14,36.52,7.16,pjm.com,false,
2023-08-18 17:00:00,USA,PJM Interconnection,US-MIDA-PJM,350.04,424.89,36.62,8.08,pjm.com,false,
2023-08-18 18:00:00,USA,PJM Interconnection,US-MIDA-PJM,347.19,422.08,36.95,8.87,pjm.com,false,
2023-08-18 19:00:00,USA,PJM Interconnection,US-MIDA-PJM,344.44,419.03,37.42,9.54,pjm.com,false,
2023-08-18 20:00:00,USA,PJM Interconnection,US-MIDA-PJM,345.41,420.18,37.24,9.7,pjm.com,false,
2023-08-18 21:00:00,USA,PJM Interconnection,US-MIDA-PJM,348.42,423.7,36.67,9.25,pjm.com,false,
2023-08-18 22:00:00,USA,PJM Interconnection,US-MIDA-PJM,351.07,426.92,36.0,7.93,pjm.com,false,
2023-08-18 23:00:00,USA,PJM Interconnection,US-MIDA-PJM,358.66,434.97,35.07,5.77,pjm.com,false,
2023-08-19 00:00:00,USA,PJM Interconnection,US-MIDA-PJM,360.62,437.02,34.66,4.29,pjm.com,false,
2023-08-19 01:00:00,USA,PJM Interconnection,US-MIDA-PJM,360.63,436.98,34.62,3.93,pjm.com,false,
2023-08-19 02:00:00,USA,PJM Interconnection,US-MIDA-PJM,360.54,436.87,34.63,3.93,pjm.com,false,
2023-08-19 03:00:00,USA,PJM Interconnection,US-MIDA-PJM,360.66,436.99,34.63,3.93,pjm.com,false,
2023-08-19 04:00:00,USA,PJM Interconnection,US-MIDA-PJM,357.23,431.91,36.14,3.83,pjm.com,false,
2023-08-19 05:00:00,USA,PJM Interconnection,US-MIDA-PJM,339.68,406.78,42.36,3.78,pjm.com,false,
2023-08-19 06:00:00,USA,PJM Interconnection,US-MIDA-PJM,336.18,401.9,43.52,4.44,pjm.com,false,
2023-08-19 07:00:00,USA,PJM Interconnection,US-MIDA-PJM,334.07,398.4,44.67,4.56,pjm.com,false,
2023-08-19 08:00:00,USA,PJM Interconnection,US-MIDA-PJM,331.59,395.01,45.47,4.9,pjm.com,false,
2023-08-19 09:00:00,USA,PJM Interconnection,US-MIDA-PJM,331.51,394.56,45.77,5.06,pjm.com,false,
2023-08-19 10:00:00,USA,PJM Interconnection,US-MIDA-PJM,333.05,396.36,45.51,5.01,pjm.com,false,
2023-08-19 11:00:00,USA,PJM Interconnection,US-MIDA-PJM,330.94,394.27,45.66,6.1,pjm.com,false,
2023-08-19 12:00:00,USA,PJM Interconnection,US-MIDA-PJM,323.9,386.7,46.63,8.41,pjm.com,false,
2023-08-19 13:00:00,USA,PJM Interconnection,US-MIDA-PJM,320.99,383.93,46.87,9.57,pjm.com,false,
2023-08-19 14:00:00,USA,PJM Interconnection,US-MIDA-PJM,325.8,390.88,45.14,9.37,pjm.com,false,
2023-08-19 15:00:00,USA,PJM Interconnection,US-MIDA-PJM,326.49,392.78,44.24,9.85,pjm.com,false,
2023-08-19 16:00:00,USA,PJM Interconnection,US-MIDA-PJM,327.11,394.79,43.18,10.04,pjm.com,false,
2023-08-19 17:00:00,USA,PJM Interconnection,US-MIDA-PJM,330.36,400.02,41.7,9.55,pjm.com,false,
2023-08-19 18:00:00,USA,PJM Interconnection,US-MIDA-PJM,329.08,399.2,41.51,10.41,pjm.com,false,
2023-08-19 19:00:00,USA,PJM Interconnection,US-MIDA-PJM,329.11,399.41,41.48,11.51,pjm.com,false,
2023-08-19 20:00:00,USA,PJM Interconnection,US-MIDA-PJM,335.99,407.41,40.25,11.47,pjm.com,false,
2023-08-19 21:00:00,USA,PJM Interconnection,US-MIDA-PJM,342.7,415.21,39.06,10.95,pjm.com,false,
2023-08-19 22:00:00,USA,PJM Interconnection,US-MIDA-PJM,353.41,426.86,37.7,9.78,pjm.com,false,
2023-08-19 23:00:00,USA,PJM Interconnection,US-MIDA-PJM,360.24,434.17,36.83,8.07,pjm.com,false,
2023-08-20 00:00:00,USA,PJM Interconnection,US-MIDA-PJM,358.49,432.64,36.66,6.77,pjm.com,false,
2023-08-20 01:00:00,USA,PJM Interconnection,US-MIDA-PJM,361.38,435.97,36.01,5.2,pjm.com,false,
2023-08-20 02:00:00,USA,PJM Interconnection,US-MIDA-PJM,352.65,425.79,37.23,4.87,pjm.com,false,
2023-08-20 03:00:00,USA,PJM Interconnection,US-MIDA-PJM,350.1,421.93,38.28,4.34,pjm.com,false,
2023-08-20 04:00:00,USA,PJM Interconnection,US-MIDA-PJM,345.08,414.3,40.47,4.25,pjm.com,false,
2023-08-20 05:00:00,USA,PJM Interconnection,US-MIDA-PJM,343.81,411.18,41.91,4.31,pjm.com,false,
2023-08-20 06:00:00,USA,PJM Interconnection,US-MIDA-PJM,342.68,408.91,42.81,4.94,pjm.com,false,
2023-08-20 07:00:00,USA,PJM Interconnection,US-MIDA-PJM,342.35,407.27,43.8,5.24,pjm.com,false,
2023-08-20 08:00:00,USA,PJM Interconnection,US-MIDA-PJM,342.51,406.29,44.65,5.32,pjm.com,false,
2023-08-20 09:00:00,USA,PJM Interconnection,US-MIDA-PJM,344.34,408.1,44.59,4.83,pjm.com,false,
2023-08-20 10:00:00,USA,PJM Interconnection,US-MIDA-PJM,346.62,410.9,44.09,4.28,pjm.com,false,
2023-08-20 11:00:00,USA,PJM Interconnection,US-MIDA-PJM,346.37,410.75,44.09,4.58,pjm.com,false,
2023-08-20 12:00:00,USA,PJM Interconnection,US-MIDA-PJM,342.7,407.39,44.23,6.0,pjm.com,false,
2023-08-20 13:00:00,USA,PJM Interconnection,US-MIDA-PJM,346.22,413.04,42.61,6.34,pjm.com,false,
2023-08-20 14:00:00,USA,PJM Interconnection,US-MIDA-PJM,351.54,421.58,40.0,6.12,pjm.com,false,
2023-08-20 15:00:00,USA,PJM Interconnection,US-MIDA-PJM,356.9,428.73,38.42,6.31,pjm.com,false,
2023-08-20 16:00:00,USA,PJM Interconnection,US-MIDA-PJM,362.86,437.26,36.24,6.12,pjm.com,false,
2023-08-20 17:00:00,USA,PJM Interconnection,US-MIDA-PJM,370.12,446.67,34.42,5.85,pjm.com,false,
2023-08-20 18:00:00,USA,PJM Interconnection,US-MIDA-PJM,373.12,450.01,34.09,6.84,pjm.com,false,
2023-08-20 19:00:00,USA,PJM Interconnection,US-MIDA-PJM,376.16,453.23,33.88,7.96,pjm.com,false,
2023-08-20 20:00:00,USA,PJM Interconnection,US-MIDA-PJM,383.59,461.55,32.79,7.82,pjm.com,false,
2023-08-20 21:00:00,USA,PJM Interconnection,US-MIDA-PJM,391.86,470.38,31.89,7.5,pjm.com,false,
2023-08-20 22:00:00,USA,PJM Interconnection,US-MIDA-PJM,401.08,480.22,30.85,6.48,pjm.com,false,
2023-08-20 23:00:00,USA,PJM Interconnection,US-MIDA-PJM,412.03,491.82,29.67,4.77,pjm.com,false,
2023-08-21 00:00:00,USA,PJM Interconnection,US-MIDA-PJM,416.18,496.23,29.16,3.56,pjm.com,false,
2023-08-21 01:00:00,USA,PJM Interconnection,US-MIDA-PJM,417.08,497.21,28.95,2.42,pjm.com,false,
2023-08-21 02:00:00,USA,PJM Interconnection,US-MIDA-PJM,409.54,487.92,30.39,2.08,pjm.com,false,
2023-08-21 03:00:00,USA,PJM Interconnection,US-MIDA-PJM,397.34,474.26,32.05,2.14,pjm.com,false,
2023-08-21 04:00:00,USA,PJM Interconnection,US-MIDA-PJM,378.83,454.32,34.05,2.45,pjm.com,false,
2023-08-21 05:00:00,USA,PJM Interconnection,US-MIDA-PJM,366.0,439.79,35.97,3.02,pjm.com,false,
2023-08-21 06:00:00,USA,PJM Interconnection,US-MIDA-PJM,363.59,436.79,36.53,3.14,pjm.com,false,
2023-08-21 07:00:00,USA,PJM Interconnection,US-MIDA-PJM,362.46,434.91,37.17,2.85,pjm.com,false,
2023-08-21 08:00:00,USA,PJM Interconnection,US-MIDA-PJM,361.28,433.72,37.25,2.9,pjm.com,false,
2023-08-21 09:00:00,USA,PJM Interconnection,US-MIDA-PJM,362.47,435.93,36.44,2.85,pjm.com,false,
2023-08-21 10:00:00,USA,PJM Interconnection,US-MIDA-PJM,367.33,442.66,34.81,2.58,pjm.com,false,
2023-08-21 11:00:00,USA,PJM Interconnection,US-MIDA-PJM,366.55,442.24,34.64,2.88,pjm.com,false,
2023-08-21 12:00:00,USA,PJM Interconnection,US-MIDA-PJM,366.11,442.31,34.59,4.0,pjm.com,false,
2023-08-21 13:00:00,USA,PJM Interconnection,US-MIDA-PJM,373.48,450.59,33.69,4.46,pjm.com,false,
2023-08-21 14:00:00,USA,PJM Interconnection,US-MIDA-PJM,383.11,462.4,31.93,4.15,pjm.com,false,
2023-08-21 15:00:00,USA,PJM Interconnection,US-MIDA-PJM,386.05,466.45,30.97,4.73,pjm.com,false,
2023-08-21 16:00:00,USA,PJM Interconnection,US-MIDA-PJM,388.17,469.2,30.55,5.64,pjm.com,false,
2023-08-21 17:00:00,USA,PJM Interconnection,US-MIDA-PJM,389.89,470.9,30.52,6.88,pjm.com,false,
2023-08-21 18:00:00,USA,PJM Interconnection,US-MIDA-PJM,395.42,477.07,30.0,7.02,pjm.com,false,
2023-08-21 19:00:00,USA,PJM Interconnection,US-MIDA-PJM,397.86,479.83,29.84,7.16,pjm.com,false,
2023-08-21 20:00:00,USA,PJM Interconnection,US-MIDA-PJM,401.05,483.24,29.46,6.99,pjm.com,false,
2023-08-21 21:00:00,USA,PJM Interconnection,US-MIDA-PJM,403.76,486.22,29.02,6.62,pjm.com,false,
2023-08-21 22:00:00,USA,PJM Interconnection,US-MIDA-PJM,410.02,492.89,28.27,5.73,pjm.com,false,
2023-08-21 23:00:00,USA,PJM Interconnection,US-MIDA-PJM,411.84,494.62,28.14,5.04,pjm.com,false,
2023-08-22 00:00:00,USA,PJM Interconnection,US-MIDA-PJM,407.49,489.86,28.55,4.65,pjm.com,false,
2023-08-22 01:00:00,USA,PJM Interconnection,US-MIDA-PJM,403.68,485.79,28.73,3.56,pjm.com,false,
2023-08-22 02:00:00,USA,PJM Interconnection,US-MIDA-PJM,400.95,482.18,29.24,2.54,pjm.com,false,
2023-08-22 03:00:00,USA,PJM Interconnection,US-MIDA-PJM,390.68,469.78,30.97,2.71,pjm.com,false,
2023-08-22 04:00:00,USA,PJM Interconnection,US-MIDA-PJM,382.53,459.66,32.63,2.66,pjm.com,false,
2023-08-22 05:00:00,USA,PJM Interconnection,US-MIDA-PJM,374.79,450.7,33.93,2.43,pjm.com,false,
2023-08-22 06:00:00,USA,PJM Interconnection,US-MIDA-PJM,368.5,444.0,34.55,2.47,pjm.com,false,
2023-08-22 07:00:00,USA,PJM Interconnection,US-MIDA-PJM,365.44,440.35,35.17,2.54,pjm.com,false,
2023-08-22 08:00:00,USA,PJM Interconnection,US-MIDA-PJM,364.52,439.2,35.4,2.44,pjm.com,false,
2023-08-22 09:00:00,USA,PJM Interconnection,US-MIDA-PJM,365.25,440.52,34.92,2.3,pjm.com,false,
2023-08-22 10:00:00,USA,PJM Interconnection,US-MIDA-PJM,372.83,449.29,33.66,2.15,pjm.com,false,
2023-08-22 11:00:00,USA,PJM Interconnection,US-MIDA-PJM,376.12,452.73,33.42,2.68,pjm.com,false,
2023-08-22 12:00:00,USA,PJM Interconnection,US-MIDA-PJM,381.23,457.85,33.25,3.45,pjm.com,false,
2023-08-22 13:00:00,USA,PJM Interconnection,US-MIDA-PJM,380.8,457.14,33.62,4.5,pjm.com,false,
2023-08-22 14:00:00,USA,PJM Interconnection,US-MIDA-PJM,380.17,456.75,33.64,5.0,pjm.com,false,
2023-08-22 15:00:00,USA,PJM Interconnection,US-MIDA-PJM,383.05,460.69,32.94,5.34,pjm.com,false,
2023-08-22 16:00:00,USA,PJM Interconnection,US-MIDA-PJM,386.58,464.35,32.72,6.03,pjm.com,false,
2023-08-22 17:00:00,USA,PJM Interconnection,US-MIDA-PJM,391.45,469.33,32.37,6.63,pjm.com,false,
2023-08-22 18:00:00,USA,PJM Interconnection,US-MIDA-PJM,393.22,471.34,32.12,7.05,pjm.com,false,
2023-08-22 19:00:00,USA,PJM Interconnection,US-MIDA-PJM,394.03,472.33,31.95,7.5,pjm.com,false,
2023-08-22 20:00:00,USA,PJM Interconnection,US-MIDA-PJM,395.48,473.77,31.88,7.84,pjm.com,false,
2023-08-22 21:00:00,USA,PJM Interconnection,US-MIDA-PJM,403.11,482.08,30.95,7.09,pjm.com,false,
2023-08-22 22:00:00,USA,PJM Interconnection,US-MIDA-PJM,409.49,489.22,29.94,5.73,pjm.com,false,
2023-08-22 23:00:00,USA,PJM Interconnection,US-MIDA-PJM,413.43,493.44,29.45,4.59,pjm.com,false,
2023-08-23 00:00:00,USA,PJM Interconnection,US-MIDA-PJM,420.12,500.72,28.52,2.87,pjm.com,false,
2023-08-23 01:00:00,USA,PJM Interconnection,US-MIDA-PJM,416.62,496.88,28.7,1.83,pjm.com,false,
2023-08-23 02:00:00,USA,PJM Interconnection,US-MIDA-PJM,401.26,479.85,30.58,1.78,pjm.com,false,
2023-08-23 03:00:00,USA,PJM Interconnection,US-MIDA-PJM,389.12,465.67,32.71,2.27,pjm.com,false,
2023-08-23 04:00:00,USA,PJM Interconnection,US-MIDA-PJM,373.43,447.73,35.19,2.85,pjm.com,false,
2023-08-23 05:00:00,USA,PJM Interconnection,US-MIDA-PJM,361.73,434.39,37.02,3.32,pjm.com,false,
2023-08-23 06:00:00,USA,PJM Interconnection,US-MIDA-PJM,357.72,429.84,37.63,3.49,pjm.com,false,
2023-08-23 07:00:00,USA,PJM Interconnection,US-MIDA-PJM,354.69,425.55,38.72,3.89,pjm.com,false,
2023-08-23 08:00:00,USA,PJM Interconnection,US-MIDA-PJM,352.35,422.99,39.01,4.06,pjm.com,false,
2023-08-23 09:00:00,USA,PJM Interconnection,US-MIDA-PJM,353.38,424.82,38.38,4.03,pjm.com,false,
2023-08-23 10:00:00,USA,PJM Interconnection,US-MIDA-PJM,357.7,431.16,36.68,3.62,pjm.com,false,
2023-08-23 11:00:00,USA,PJM Interconnection,US-MIDA-PJM,359.13,433.36,36.13,4.16,pjm.com,false,
2023-08-23 12:00:00,USA,PJM Interconnection,US-MIDA-PJM,351.67,425.43,37.05,6.05,pjm.com,false,
2023-08-23 13:00:00,USA,PJM Interconnection,US-MIDA-PJM,354.0,428.12,36.81,6.68,pjm.com,false,
2023-08-23 14:00:00,USA,PJM Interconnection,US-MIDA-PJM,362.61,438.07,35.43,6.48,pjm.com,false,
2023-08-23 15:00:00,USA,PJM Interconnection,US-MIDA-PJM,366.5,442.89,34.63,6.85,pjm.com,false,
2023-08-23 16:00:00,USA,PJM Interconnection,US-MIDA-PJM,371.92,448.63,34.26,7.53,pjm.com,false,
2023-08-23 17:00:00,USA,PJM Interconnection,US-MIDA-PJM,372.58,449.44,34.18,8.38,pjm.com,false,
2023-08-23 18:00:00,USA,PJM Interconnection,US-MIDA-PJM,375.92,453.33,33.6,8.6,pjm.com,false,
2023-08-23 19:00:00,USA,PJM Interconnection,US-MIDA-PJM,380.16,457.78,33.17,8.69,pjm.com,false,
2023-08-23 20:00:00,USA,PJM Interconnection,US-MIDA-PJM,382.97,461.32,32.44,8.29,pjm.com,false,
2023-08-23 21:00:00,USA,PJM Interconnection,US-MIDA-PJM,387.62,466.26,31.97,8.12,pjm.com,false,
2023-08-23 22:00:00,USA,PJM Interconnection,US-MIDA-PJM,392.82,471.68,31.44,7.47,pjm.com,false,
2023-08-23 23:00:00,USA,PJM Interconnection,US-MIDA-PJM,399.94,479.65,30.35,6.07,pjm.com,false,
2023-08-24 00:00:00,USA,PJM Interconnection,US-MIDA-PJM,407.87,488.17,29.36,4.6,pjm.com,false,
2023-08-24 01:00:00,USA,PJM Interconnection,US-MIDA-PJM,406.69,486.31,29.76,3.96,pjm.com,false,
2023-08-24 02:00:00,USA,PJM Interconnection,US-MIDA-PJM,392.42,469.75,32.02,4.86,pjm.com,false,
2023-08-24 03:00:00,USA,PJM Interconnection,US-MIDA-PJM,384.05,459.3,33.9,5.42,pjm.com,false,
2023-08-24 04:00:00,USA,PJM Interconnection,US-MIDA-PJM,371.89,445.25,35.91,5.26,pjm.com,false,
2023-08-24 05:00:00,USA,PJM Interconnection,US-MIDA-PJM,357.04,429.75,37.16,5.23,pjm.com,false,
2023-08-24 06:00:00,USA,PJM Interconnection,US-MIDA-PJM,353.44,426.25,37.28,5.03,pjm.com,false,
2023-08-24 07:00:00,USA,PJM Interconnection,US-MIDA-PJM,353.32,426.11,37.32,4.96,pjm.com,false,
2023-08-24 08:00:00,USA,PJM Interconnection,US-MIDA-PJM,352.48,425.21,37.39,4.97,pjm.com,false,
2023-08-24 09:00:00,USA,PJM Interconnection,US-MIDA-PJM,352.45,425.17,37.4,4.96,pjm.com,false,
2023-08-24 10:00:00,USA,PJM Interconnection,US-MIDA-PJM,365.55,439.45,35.85,4.26,pjm.com,false,
2023-08-24 11:00:00,USA,PJM Interconnection,US-MIDA-PJM,374.51,449.1,34.94,4.26,pjm.com,false,
2023-08-24 12:00:00,USA,PJM Interconnection,US-MIDA-PJM,372.68,447.86,34.68,4.9,pjm.com,false,
2023-08-24 13:00:00,USA,PJM Interconnection,US-MIDA-PJM,377.9,454.3,33.51,4.47,pjm.com,false,
2023-08-24 14:00:00,USA,PJM Interconnection,US-MIDA-PJM,378.28,455.51,33.0,4.86,pjm.com,false,
2023-08-24 15:00:00,USA,PJM Interconnection,US-MIDA-PJM,375.01,452.75,33.11,6.05,pjm.com,false,
2023-08-24 16:00:00,USA,PJM Interconnection,US-MIDA-PJM,376.12,454.08,32.92,6.61,pjm.com,false,
2023-08-24 17:00:00,USA,PJM Interconnection,US-MIDA-PJM,376.43,454.05,33.25,7.72,pjm.com,false,
2023-08-24 18:00:00,USA,PJM Interconnection,US-MIDA-PJM,379.84,457.41,33.2,8.35,pjm.com,false,
2023-08-24 19:00:00,USA,PJM Interconnection,US-MIDA-PJM,379.97,457.43,33.22,8.95,pjm.com,false,
2023-08-24 20:00:00,USA,PJM Interconnection,US-MIDA-PJM,383.28,460.58,33.15,9.41,pjm.com,false,
2023-08-24 21:00:00,USA,PJM Interconnection,US-MIDA-PJM,388.84,466.58,32.51,9.1,pjm.com,false,
2023-08-24 22:00:00,USA,PJM Interconnection,US-MIDA-PJM,395.82,474.19,31.61,8.06,pjm.com,false,
2023-08-24 23:00:00,USA,PJM Interconnection,US-MIDA-PJM,403.23,482.63,30.36,6.52,pjm.com,false,
2023-08-25 00:00:00,USA,PJM Interconnection,US-MIDA-PJM,405.89,485.43,30.03,5.72,pjm.com,false,
2023-08-25 01:00:00,USA,PJM Interconnection,US-MIDA-PJM,406.75,486.19,29.87,4.62,pjm.com,false,
2023-08-25 02:00:00,USA,PJM Interconnection,US-MIDA-PJM,392.81,470.95,31.38,4.68,pjm.com,false,
2023-08-25 03:00:00,USA,PJM Interconnection,US-MIDA-PJM,388.68,465.31,32.64,4.68,pjm.com,false,
2023-08-25 04:00:00,USA,PJM Interconnection,US-MIDA-PJM,377.85,452.39,34.76,4.79,pjm.com,false,
2023-08-25 05:00:00,USA,PJM Interconnection,US-MIDA-PJM,361.91,435.63,36.18,4.94,pjm.com,false,
2023-08-25 06:00:00,USA,PJM Interconnection,US-MIDA-PJM,358.76,433.05,35.93,4.46,pjm.com,false,
2023-08-25 07:00:00,USA,PJM Interconnection,US-MIDA-PJM,360.23,435.01,35.52,3.46,pjm.com,false,
2023-08-25 08:00:00,USA,PJM Interconnection,US-MIDA-PJM,361.21,436.28,35.27,2.78,pjm.com,false,
2023-08-25 09:00:00,USA,PJM Interconnection,US-MIDA-PJM,365.7,441.69,34.34,2.32,pjm.com,false,
2023-08-25 10:00:00,USA,PJM Interconnection,US-MIDA-PJM,373.6,450.43,33.3,2.22,pjm.com,false,
2023-08-25 11:00:00,USA,PJM Interconnection,US-MIDA-PJM,374.79,452.03,32.97,2.49,pjm.com,false,
2023-08-25 12:00:00,USA,PJM Interconnection,US-MIDA-PJM,378.78,456.6,32.4,3.04,pjm.com,false,
2023-08-25 13:00:00,USA,PJM Interconnection,US-MIDA-PJM,379.62,457.58,32.42,3.93,pjm.com,false,
2023-08-25 14:00:00,USA,PJM Interconnection,US-MIDA-PJM,379.35,458.52,32.09,4.52,pjm.com,false,
2023-08-25 15:00:00,USA,PJM Interconnection,US-MIDA-PJM,380.92,460.56,31.77,5.21,pjm.com,false,
2023-08-25 16:00:00,USA,PJM Interconnection,US-MIDA-PJM,378.02,457.41,32.39,6.65,pjm.com,false,
2023-08-25 17:00:00,USA,PJM Interconnection,US-MIDA-PJM,378.95,458.21,32.54,7.97,pjm.com,false,
2023-08-25 18:00:00,USA,PJM Interconnection,US-MIDA-PJM,388.39,468.29,31.54,7.66,pjm.com,false,
2023-08-25 19:00:00,USA,PJM Interconnection,US-MIDA-PJM,390.25,470.39,31.19,7.69,pjm.com,false,
2023-08-25 20:00:00,USA,PJM Interconnection,US-MIDA-PJM,395.0,475.15,30.88,7.66,pjm.com,false,
2023-08-25 21:00:00,USA,PJM Interconnection,US-MIDA-PJM,399.67,480.54,30.04,6.92,pjm.com,false,
2023-08-25 22:00:00,USA,PJM Interconnection,US-MIDA-PJM,405.07,486.91,28.96,5.51,pjm.com,false,
2023-08-25 23:00:00,USA,PJM Interconnection,US-MIDA-PJM,408.88,490.97,28.51,4.42,pjm.com,false,
2023-08-26 00:00:00,USA,PJM Interconnection,US-MIDA-PJM,412.15,494.13,28.34,3.32,pjm.com,false,
2023-08-26 01:00:00,USA,PJM Interconnection,US-MIDA-PJM,415.77,497.75,27.96,1.95,pjm.com,false,
2023-08-26 02:00:00,USA,PJM Interconnection,US-MIDA-PJM,408.59,489.31,29.19,1.57,pjm.com,false,
2023-08-26 03:00:00,USA,PJM Interconnection,US-MIDA-PJM,400.95,479.87,30.74,1.57,pjm.com,false,
2023-08-26 04:00:00,USA,PJM Interconnection,US-MIDA-PJM,389.75,466.5,32.57,1.55,pjm.com,false,
2023-08-26 05:00:00,USA,PJM Interconnection,US-MIDA-PJM,377.37,453.0,34.06,1.24,pjm.com,false,
2023-08-26 06:00:00,USA,PJM Interconnection,US-MIDA-PJM,369.51,445.18,34.45,1.23,pjm.com,false,
2023-08-26 07:00:00,USA,PJM Interconnection,US-MIDA-PJM,361.54,436.62,35.31,1.2,pjm.com,false,
2023-08-26 08:00:00,USA,PJM Interconnection,US-MIDA-PJM,359.09,433.67,35.83,1.16,pjm.com,false,
2023-08-26 09:00:00,USA,PJM Interconnection,US-MIDA-PJM,355.78,430.4,35.96,1.12,pjm.com,false,
2023-08-26 10:00:00,USA,PJM Interconnection,US-MIDA-PJM,356.01,431.31,35.45,1.0,pjm.com,false,
2023-08-26 11:00:00,USA,PJM Interconnection,US-MIDA-PJM,353.85,429.18,35.56,1.55,pjm.com,false,
2023-08-26 12:00:00,USA,PJM Interconnection,US-MIDA-PJM,353.97,429.78,35.3,2.9,pjm.com,false,
2023-08-26 13:00:00,USA,PJM Interconnection,US-MIDA-PJM,363.82,440.09,34.54,3.78,pjm.com,false,
2023-08-26 14:00:00,USA,PJM Interconnection,US-MIDA-PJM,365.57,442.48,34.07,4.45,pjm.com,false,
2023-08-26 15:00:00,USA,PJM Interconnection,US-MIDA-PJM,365.07,442.48,34.01,5.41,pjm.com,false,
2023-08-26 16:00:00,USA,PJM Interconnection,US-MIDA-PJM,367.2,444.72,33.88,6.36,pjm.com,false,
2023-08-26 17:00:00,USA,PJM Interconnection,US-MIDA-PJM,362.9,440.04,34.49,7.98,pjm.com,false,
2023-08-26 18:00:00,USA,PJM Interconnection,US-MIDA-PJM,360.75,437.54,34.93,8.91,pjm.com,false,
2023-08-26 19:00:00,USA,PJM Interconnection,US-MIDA-PJM,366.36,443.2,34.63,9.1,pjm.com,false,
2023-08-26 20:00:00,USA,PJM Interconnection,US-MIDA-PJM,368.05,444.75,34.64,9.48,pjm.com,false,
2023-08-26 21:00:00,USA,PJM Interconnection,US-MIDA-PJM,368.95,445.64,34.6,9.58,pjm.com,false,
2023-08-26 22:00:00,USA,PJM Interconnection,US-MIDA-PJM,373.12,450.28,33.88,8.58,pjm.com,false,
2023-08-26 23:00:00,USA,PJM Interconnection,US-MIDA-PJM,377.56,455.32,33.04,6.76,pjm.com,false,
2023-08-27 00:00:00,USA,PJM Interconnection,US-MIDA-PJM,377.56,455.33,32.91,5.64,pjm.com,false,
2023-08-27 01:00:00,USA,PJM Interconnection,US-MIDA-PJM,379.77,458.04,32.15,3.65,pjm.com,false,
2023-08-27 02:00:00,USA,PJM Interconnection,US-MIDA-PJM,369.28,446.01,33.66,3.42,pjm.com,false,
2023-08-27 03:00:00,USA,PJM Interconnection,US-MIDA-PJM,363.48,438.6,35.13,3.55,pjm.com,false,
2023-08-27 04:00:00,USA,PJM Interconnection,US-MIDA-PJM,353.91,427.23,36.96,3.66,pjm.com,false,
2023-08-27 05:00:00,USA,PJM Interconnection,US-MIDA-PJM,346.09,418.39,38.16,3.52,pjm.com,false,
2023-08-27 06:00:00,USA,PJM Interconnection,US-MIDA-PJM,339.56,410.87,39.23,3.48,pjm.com,false,
2023-08-27 07:00:00,USA,PJM Interconnection,US-MIDA-PJM,334.89,405.62,39.93,3.13,pjm.com,false,
2023-08-27 08:00:00,USA,PJM Interconnection,US-MIDA-PJM,329.05,399.48,40.45,3.14,pjm.com,false,
2023-08-27 09:00:00,USA,PJM Interconnection,US-MIDA-PJM,328.47,398.82,40.55,2.75,pjm.com,false,
2023-08-27 10:00:00,USA,PJM Interconnection,US-MIDA-PJM,329.47,400.51,39.99,2.44,pjm.com,false,
2023-08-27 11:00:00,USA,PJM Interconnection,US-MIDA-PJM,328.63,399.71,40.01,2.68,pjm.com,false,
2023-08-27 12:00:00,USA,PJM Interconnection,US-MIDA-PJM,330.67,403.08,39.01,3.24,pjm.com,false,
2023-08-27 13:00:00,USA,PJM Interconnection,US-MIDA-PJM,339.38,412.72,37.91,3.55,pjm.com,false,
2023-08-27 14:00:00,USA,PJM Interconnection,US-MIDA-PJM,345.64,419.47,37.27,3.61,pjm.com,false,
2023-08-27 15:00:00,USA,PJM Interconnection,US-MIDA-PJM,344.03,418.36,37.09,4.58,pjm.com,false,
2023-08-27 16:00:00,USA,PJM Interconnection,US-MIDA-PJM,347.01,422.38,36.24,5.24,pjm.com,false,
2023-08-27 17:00:00,USA,PJM Interconnection,US-MIDA-PJM,346.64,422.26,36.37,6.53,pjm.com,false,
2023-08-27 18:00:00,USA,PJM Interconnection,US-MIDA-PJM,348.73,424.19,36.46,7.48,pjm.com,false,
2023-08-27 19:00:00,USA,PJM Interconnection,US-MIDA-PJM,351.39,426.9,36.31,8.03,pjm.com,false,
2023-08-27 20:00:00,USA,PJM Interconnection,US-MIDA-PJM,355.01,431.33,35.52,8.03,pjm.com,false,
2023-08-27 21:00:00,USA,PJM Interconnection,US-MIDA-PJM,357.84,434.51,35.1,7.91,pjm.com,false,
2023-08-27 22:00:00,USA,PJM Interconnection,US-MIDA-PJM,362.42,439.42,34.53,7.24,pjm.com,false,
2023-08-27 23:00:00,USA,PJM Interconnection,US-MIDA-PJM,368.07,445.76,33.57,5.79,pjm.com,false,
2023-08-28 00:00:00,USA,PJM Interconnection,US-MIDA-PJM,369.14,447.16,33.17,4.81,pjm.com,false,
2023-08-28 01:00:00,USA,PJM Interconnection,US-MIDA-PJM,370.45,448.17,33.03,3.45,pjm.com,false,
2023-08-28 02:00:00,USA,PJM Interconnection,US-MIDA-PJM,361.18,436.61,35.04,3.98,pjm.com,false,
2023-08-28 03:00:00,USA,PJM Interconnection,US-MIDA-PJM,349.56,423.2,36.96,4.13,pjm.com,false,
2023-08-28 04:00:00,USA,PJM Interconnection,US-MIDA-PJM,337.65,410.62,38.1,3.73,pjm.com,false,
2023-08-28 05:00:00,USA,PJM Interconnection,US-MIDA-PJM,329.98,402.46,38.86,3.36,pjm.com,false,
2023-08-28 06:00:00,USA,PJM Interconnection,US-MIDA-PJM,329.77,401.85,39.19,2.89,pjm.com,false,
2023-08-28 07:00:00,USA,PJM Interconnection,US-MIDA-PJM,331.62,403.57,39.21,2.37,pjm.com,false,
2023-08-28 08:00:00,USA,PJM Interconnection,US-MIDA-PJM,333.31,405.45,38.99,2.12,pjm.com,false,
2023-08-28 09:00:00,USA,PJM Interconnection,US-MIDA-PJM,338.23,411.5,37.91,1.83,pjm.com,false,
2023-08-28 10:00:00,USA,PJM Interconnection,US-MIDA-PJM,350.42,425.52,35.9,1.65,pjm.com,false,
2023-08-28 11:00:00,USA,PJM Interconnection,US-MIDA-PJM,355.85,431.73,35.03,1.72,pjm.com,false,
2023-08-28 12:00:00,USA,PJM Interconnection,US-MIDA-PJM,355.24,431.56,34.82,2.47,pjm.com,false,
2023-08-28 13:00:00,USA,PJM Interconnection,US-MIDA-PJM,354.83,431.17,34.93,3.13,pjm.com,false,
2023-08-28 14:00:00,USA,PJM Interconnection,US-MIDA-PJM,357.9,435.33,34.05,3.42,pjm.com,false,
2023-08-28 15:00:00,USA,PJM Interconnection,US-MIDA-PJM,359.49,437.4,33.81,4.06,pjm.com,false,
2023-08-28 16:00:00,USA,PJM Interconnection,US-MIDA-PJM,362.37,440.55,33.5,4.42,pjm.com,false,
2023-08-28 17:00:00,USA,PJM Interconnection,US-MIDA-PJM,357.05,434.78,34.25,5.97,pjm.com,false,
2023-08-28 18:00:00,USA,PJM Interconnection,US-MIDA-PJM,358.26,436.16,34.14,6.42,pjm.com,false,
2023-08-28 19:00:00,USA,PJM Interconnection,US-MIDA-PJM,356.81,434.62,34.33,6.92,pjm.com,false,
2023-08-28 20:00:00,USA,PJM Interconnection,US-MIDA-PJM,359.34,437.2,34.17,7.09,pjm.com,false,
2023-08-28 21:00:00,USA,PJM Interconnection,US-MIDA-PJM,362.91,441.19,33.76,6.93,pjm.com,false,
2023-08-28 22:00:00,USA,PJM Interconnection,US-MIDA-PJM,368.92,447.73,33.02,6.25,pjm.com,false,
2023-08-28 23:00:00,USA,PJM Interconnection,US-MIDA-PJM,368.49,447.47,32.86,5.65,pjm.com,false,
2023-08-29 00:00:00,USA,PJM Interconnection,US-MIDA-PJM,377.97,457.47,31.89,4.27,pjm.com,false,
2023-08-29 01:00:00,USA,PJM Interconnection,US-MIDA-PJM,383.15,463.05,31.06,2.27,pjm.com,false,
2023-08-29 02:00:00,USA,PJM Interconnection,US-MIDA-PJM,376.08,454.6,32.07,1.29,pjm.com,false,
2023-08-29 03:00:00,USA,PJM Interconnection,US-MIDA-PJM,368.69,445.73,33.43,1.24,pjm.com,false,
2023-08-29 04:00:00,USA,PJM Interconnection,US-MIDA-PJM,357.74,433.12,35.25,1.31,pjm.com,false,
2023-08-29 05:00:00,USA,PJM Interconnection,US-MIDA-PJM,346.68,420.89,36.71,1.44,pjm.com,false,
2023-08-29 06:00:00,USA,PJM Interconnection,US-MIDA-PJM,341.26,414.7,37.55,1.49,pjm.com,false,
2023-08-29 07:00:00,USA,PJM Interconnection,US-MIDA-PJM,337.61,409.97,38.57,1.5,pjm.com,false,
2023-08-29 08:00:00,USA,PJM Interconnection,US-MIDA-PJM,337.56,409.93,38.59,1.53,pjm.com,false,
2023-08-29 09:00:00,USA,PJM Interconnection,US-MIDA-PJM,338.03,411.03,38.1,1.76,pjm.com,false,
2023-08-29 10:00:00,USA,PJM Interconnection,US-MIDA-PJM,344.15,418.72,36.61,2.08,pjm.com,false,
2023-08-29 11:00:00,USA,PJM Interconnection,US-MIDA-PJM,350.27,425.39,35.88,2.39,pjm.com,false,
2023-08-29 12:00:00,USA,PJM Interconnection,US-MIDA-PJM,349.72,424.44,36.29,3.43,pjm.com,false,
2023-08-29 13:00:00,USA,PJM Interconnection,US-MIDA-PJM,352.03,427.33,35.91,3.94,pjm.com,false,
2023-08-29 14:00:00,USA,PJM Interconnection,US-MIDA-PJM,356.89,433.47,34.94,3.86,pjm.com,false,
2023-08-29 15:00:00,USA,PJM Interconnection,US-MIDA-PJM,358.64,435.53,34.75,4.59,pjm.com,false,
2023-08-29 16:00:00,USA,PJM Interconnection,US-MIDA-PJM,357.05,434.03,34.9,5.68,pjm.com,false,
2023-08-29 17:00:00,USA,PJM Interconnection,US-MIDA-PJM,354.07,430.62,35.41,7.06,pjm.com,false,
2023-08-29 18:00:00,USA,PJM Interconnection,US-MIDA-PJM,355.78,432.37,35.49,7.95,pjm.com,false,
2023-08-29 19:00:00,USA,PJM Interconnection,US-MIDA-PJM,359.94,436.93,34.98,8.02,pjm.com,false,
2023-08-29 20:00:00,USA,PJM Interconnection,US-MIDA-PJM,364.86,441.89,34.54,8.12,pjm.com,false,
2023-08-29 21:00:00,USA,PJM Interconnection,US-MIDA-PJM,366.25,443.4,34.38,8.16,pjm.com,false,
2023-08-29 22:00:00,USA,PJM Interconnection,US-MIDA-PJM,370.66,448.22,33.67,7.25,pjm.com,false,
2023-08-29 23:00:00,USA,PJM Interconnection,US-MIDA-PJM,370.47,448.32,33.35,6.37,pjm.com,false,
2023-08-30 00:00:00,USA,PJM Interconnection,US-MIDA-PJM,372.73,450.97,32.85,5.29,pjm.com,false,
2023-08-30 01:00:00,USA,PJM Interconnection,US-MIDA-PJM,370.03,447.79,33.0,4.25,pjm.com,false,
2023-08-30 02:00:00,USA,PJM Interconnection,US-MIDA-PJM,363.74,440.26,34.13,3.41,pjm.com,false,
2023-08-30 03:00:00,USA,PJM Interconnection,US-MIDA-PJM,358.03,434.12,34.71,2.9,pjm.com,false,
2023-08-30 04:00:00,USA,PJM Interconnection,US-MIDA-PJM,353.62,428.32,35.96,2.81,pjm.com,false,
2023-08-30 05:00:00,USA,PJM Interconnection,US-MIDA-PJM,347.88,421.09,37.37,3.22,pjm.com,false,
2023-08-30 06:00:00,USA,PJM Interconnection,US-MIDA-PJM,339.82,412.22,38.41,3.32,pjm.com,false,
2023-08-30 07:00:00,USA,PJM Interconnection,US-MIDA-PJM,335.76,407.79,38.9,3.32,pjm.com,false,
2023-08-30 08:00:00,USA,PJM Interconnection,US-MIDA-PJM,334.9,407.03,38.88,3.19,pjm.com,false,
2023-08-30 09:00:00,USA,PJM Interconnection,US-MIDA-PJM,336.18,408.77,38.47,3.21,pjm.com,false,
2023-08-30 10:00:00,USA,PJM Interconnection,US-MIDA-PJM,345.31,419.3,36.96,3.26,pjm.com,false,
2023-08-30 11:00:00,USA,PJM Interconnection,US-MIDA-PJM,348.49,422.9,36.5,3.63,pjm.com,false,
2023-08-30 12:00:00,USA,PJM Interconnection,US-MIDA-PJM,343.44,417.54,37.14,4.71,pjm.com,false,
2023-08-30 13:00:00,USA,PJM Interconnection,US-MIDA-PJM,343.11,417.96,37.0,5.51,pjm.com,false,
2023-08-30 14:00:00,USA,PJM Interconnection,US-MIDA-PJM,342.66,417.16,37.16,6.48,pjm.com,false,
2023-08-30 15:00:00,USA,PJM Interconnection,US-MIDA-PJM,345.05,419.68,37.04,7.11,pjm.com,false,
2023-08-30 16:00:00,USA,PJM Interconnection,US-MIDA-PJM,344.93,419.98,36.91,7.62,pjm.com,false,
2023-08-30 17:00:00,USA,PJM Interconnection,US-MIDA-PJM,342.94,418.11,36.98,8.62,pjm.com,false,
2023-08-30 18:00:00,USA,PJM Interconnection,US-MIDA-PJM,343.62,419.05,36.76,9.06,pjm.com,false,
2023-08-30 19:00:00,USA,PJM Interconnection,US-MIDA-PJM,348.69,424.73,36.01,8.61,pjm.com,false,
2023-08-30 20:00:00,USA,PJM Interconnection,US-MIDA-PJM,352.11,428.6,35.45,8.24,pjm.com,false,
2023-08-30 21:00:00,USA,PJM Interconnection,US-MIDA-PJM,352.87,429.42,35.34,8.02,pjm.com,false,
2023-08-30 22:00:00,USA,PJM Interconnection,US-MIDA-PJM,356.81,433.86,34.63,7.0,pjm.com,false,
2023-08-30 23:00:00,USA,PJM Interconnection,US-MIDA-PJM,360.97,438.65,33.8,5.25,pjm.com,false,
2023-08-31 00:00:00,USA,PJM Interconnection,US-MIDA-PJM,362.48,440.4,33.46,4.32,pjm.com,false,
2023-08-31 01:00:00,USA,PJM Interconnection,US-MIDA-PJM,356.41,433.02,34.53,4.08,pjm.com,false,
2023-08-31 02:00:00,USA,PJM Interconnection,US-MIDA-PJM,351.35,426.14,36.01,3.69,pjm.com,false,
2023-08-31 03:00:00,USA,PJM Interconnection,US-MIDA-PJM,348.13,421.14,37.49,3.57,pjm.com,false,
2023-08-31 04:00:00,USA,PJM Interconnection,US-MIDA-PJM,343.01,414.16,39.16,3.53,pjm.com,false,
2023-08-31 05:00:00,USA,PJM Interconnection,US-MIDA-PJM,336.59,406.33,40.55,3.71,pjm.com,false,
2023-08-31 06:00:00,USA,PJM Interconnection,US-MIDA-PJM,334.43,403.5,41.16,3.6,pjm.com,false,
2023-08-31 07:00:00,USA,PJM Interconnection,US-MIDA-PJM,334.6,403.12,41.57,3.33,pjm.com,false,
2023-08-31 08:00:00,USA,PJM Interconnection,US-MIDA-PJM,336.62,405.59,41.14,2.79,pjm.com,false,
2023-08-31 09:00:00,USA,PJM Interconnection,US-MIDA-PJM,338.7,409.06,40.01,2.45,pjm.com,false,
2023-08-31 10:00:00,USA,PJM Interconnection,US-MIDA-PJM,343.29,415.29,38.56,2.22,pjm.com,false,
2023-08-31 11:00:00,USA,PJM Interconnection,US-MIDA-PJM,345.87,418.83,37.72,2.17,pjm.com,false,
2023-08-31 12:00:00,USA,PJM Interconnection,US-MIDA-PJM,346.23,419.2,37.79,3.08,pjm.com,false,
2023-08-31 13:00:00,USA,PJM Interconnection,US-MIDA-PJM,347.84,420.15,38.32,3.98,pjm.com,false,
2023-08-31 14:00:00,USA,PJM Interconnection,US-MIDA-PJM,348.73,421.14,38.24,4.52,pjm.com,false,
2023-08-31 15:00:00,USA,PJM Interconnection,US-MIDA-PJM,347.1,419.57,38.4,5.3,pjm.com,false,
2023-08-31 16:00:00,USA,PJM Interconnection,US-MIDA-PJM,345.55,418.24,38.4,5.94,pjm.com,false,
2023-08-31 17:00:00,USA,PJM Interconnection,US-MIDA-PJM,347.35,420.45,38.05,6.35,pjm.com,false,
2023-08-31 18:00:00,USA,PJM Interconnection,US-MIDA-PJM,349.56,423.04,37.63,6.92,pjm.com,false,
2023-08-31 19:00:00,USA,PJM Interconnection,US-MIDA-PJM,345.12,417.82,38.51,8.55,pjm.com,false,
2023-08-31 20:00:00,USA,PJM Interconnection,US-MIDA-PJM,345.27,418.08,38.44,9.43,pjm.com,false,
2023-08-31 21:00:00,USA,PJM Interconnection,US-MIDA-PJM,349.64,423.0,37.77,9.13,pjm.com,false,
2023-08-31 22:00:00,USA,PJM Interconnection,US-MIDA-PJM,358.31,432.65,36.47,7.8,pjm.com,false,
2023-08-31 23:00:00,USA,PJM Interconnection,US-MIDA-PJM,366.9,441.96,35.33,5.78,pjm.com,false,
2023-09-01 00:00:00,USA,PJM Interconnection,US-MIDA-PJM,365.37,440.88,34.96,4.67,pjm.com,false,
2023-09-01 01:00:00,USA,PJM Interconnection,US-MIDA-PJM,362.75,438.14,35.04,3.48,pjm.com,false,
2023-09-01 02:00:00,USA,PJM Interconnection,US-MIDA-PJM,354.31,427.76,36.81,3.33,pjm.com,false,
2023-09-01 03:00:00,USA,PJM Interconnection,US-MIDA-PJM,344.06,414.53,39.56,4.17,pjm.com,false,
2023-09-01 04:00:00,USA,PJM Interconnection,US-MIDA-PJM,333.75,400.73,42.69,5.13,pjm.com,false,
2023-09-01 05:00:00,USA,PJM Interconnection,US-MIDA-PJM,328.07,393.88,43.84,5.69,pjm.com,false,
2023-09-01 06:00:00,USA,PJM Interconnection,US-MIDA-PJM,328.43,394.45,43.68,5.38,pjm.com,false,
2023-09-01 07:00:00,USA,PJM Interconnection,US-MIDA-PJM,328.61,393.45,44.58,5.21,pjm.com,false,
2023-09-01 08:00:00,USA,PJM Interconnection,US-MIDA-PJM,332.36,397.93,43.86,4.33,pjm.com,false,
2023-09-01 09:00:00,USA,PJM Interconnection,US-MIDA-PJM,335.13,402.22,42.58,3.79,pjm.com,false,
2023-09-01 10:00:00,USA,PJM Interconnection,US-MIDA-PJM,339.0,407.86,41.08,3.28,pjm.com,false,
2023-09-01 11:00:00,USA,PJM Interconnection,US-MIDA-PJM,337.93,407.67,40.54,3.82,pjm.com,false,
2023-09-01 12:00:00,USA,PJM Interconnection,US-MIDA-PJM,330.88,399.81,41.75,6.16,pjm.com,false,
2023-09-01 13:00:00,USA,PJM Interconnection,US-MIDA-PJM,329.89,399.5,41.5,6.75,pjm.com,false,
2023-09-01 14:00:00,USA,PJM Interconnection,US-MIDA-PJM,333.7,404.44,40.49,6.46,pjm.com,false,
2023-09-01 15:00:00,USA,PJM Interconnection,US-MIDA-PJM,335.13,406.5,40.02,6.94,pjm.com,false,
2023-09-01 16:00:00,USA,PJM Interconnection,US-MIDA-PJM,338.62,410.48,39.49,7.29,pjm.com,false,
2023-09-01 17:00:00,USA,PJM Interconnection,US-MIDA-PJM,346.25,418.71,38.64,7.28,pjm.com,false,
2023-09-01 18:00:00,USA,PJM Interconnection,US-MIDA-PJM,354.76,427.43,38.08,7.65,pjm.com,false,
2023-09-01 19:00:00,USA,PJM Interconnection,US-MIDA-PJM,359.66,432.18,37.99,8.43,pjm.com,false,
2023-09-01 20:00:00,USA,PJM Interconnection,US-MIDA-PJM,359.69,432.33,37.96,9.38,pjm.com,false,
2023-09-01 21:00:00,USA,PJM Interconnection,US-MIDA-PJM,363.2,436.77,37.06,9.15,pjm.com,false,
2023-09-01 22:00:00,USA,PJM Interconnection,US-MIDA-PJM,367.77,442.12,36.1,7.87,pjm.com,false,
2023-09-01 23:00:00,USA,PJM Interconnection,US-MIDA-PJM,372.25,447.26,35.18,5.91,pjm.com,false,
2023-09-02 00:00:00,USA,PJM Interconnection,US-MIDA-PJM,374.1,448.92,35.11,4.66,pjm.com,false,
2023-09-02 01:00:00,USA,PJM Interconnection,US-MIDA-PJM,374.48,449.64,34.64,2.84,pjm.com,false,
2023-09-02 02:00:00,USA,PJM Interconnection,US-MIDA-PJM,364.36,438.19,36.02,2.41,pjm.com,false,
2023-09-02 03:00:00,USA,PJM Interconnection,US-MIDA-PJM,349.42,420.65,38.73,3.14,pjm.com,false,
2023-09-02 04:00:00,USA,PJM Interconnection,US-MIDA-PJM,339.13,407.03,41.7,3.89,pjm.com,false,
2023-09-02 05:00:00,USA,PJM Interconnection,US-MIDA-PJM,332.14,397.89,43.7,4.18,pjm.com,false,
2023-09-02 06:00:00,USA,PJM Interconnection,US-MIDA-PJM,332.32,398.38,43.46,4.42,pjm.com,false,
2023-09-02 07:00:00,USA,PJM Interconnection,US-MIDA-PJM,331.87,397.11,44.08,4.32,pjm.com,false,
2023-09-02 08:00:00,USA,PJM Interconnection,US-MIDA-PJM,330.57,394.73,44.96,4.3,pjm.com,false,
2023-09-02 09:00:00,USA,PJM Interconnection,US-MIDA-PJM,331.22,395.35,44.96,4.11,pjm.com,false,
2023-09-02 10:00:00,USA,PJM Interconnection,US-MIDA-PJM,332.53,397.44,44.31,3.86,pjm.com,false,
2023-09-02 11:00:00,USA,PJM Interconnection,US-MIDA-PJM,331.86,396.72,44.45,4.33,pjm.com,false,
2023-09-02 12:00:00,USA,PJM Interconnection,US-MIDA-PJM,324.95,388.89,45.76,6.4,pjm.com,false,
2023-09-02 13:00:00,USA,PJM Interconnection,US-MIDA-PJM,323.82,389.16,45.0,7.4,pjm.com,false,
2023-09-02 14:00:00,USA,PJM Interconnection,US-MIDA-PJM,329.11,396.88,43.0,7.22,pjm.com,false,
2023-09-02 15:00:00,USA,PJM Interconnection,US-MIDA-PJM,327.53,396.01,42.6,8.23,pjm.com,false,
2023-09-02 16:00:00,USA,PJM Interconnection,US-MIDA-PJM,335.82,406.64,40.4,8.16,pjm.com,false,
2023-09-02 17:00:00,USA,PJM Interconnection,US-MIDA-PJM,347.65,419.79,38.79,7.95,pjm.com,false,
2023-09-02 18:00:00,USA,PJM Interconnection,US-MIDA-PJM,347.28,419.4,38.9,9.13,pjm.com,false,
2023-09-02 19:00:00,USA,PJM Interconnection,US-MIDA-PJM,347.22,419.28,39.0,10.51,pjm.com,false,
2023-09-02 20:00:00,USA,PJM Interconnection,US-MIDA-PJM,352.64,424.94,38.52,10.98,pjm.com,false,
2023-09-02 21:00:00,USA,PJM Interconnection,US-MIDA-PJM,362.75,435.59,37.54,10.49,pjm.com,false,
2023-09-02 22:00:00,USA,PJM Interconnection,US-MIDA-PJM,379.02,453.81,35.03,7.78,pjm.com,false,
2023-09-02 23:00:00,USA,PJM Interconnection,US-MIDA-PJM,384.15,459.46,34.23,6.0,pjm.com,false,
2023-09-03 00:00:00,USA,PJM Interconnection,US-MIDA-PJM,383.03,458.57,34.03,4.84,pjm.com,false,
2023-09-03 01:00:00,USA,PJM Interconnection,US-MIDA-PJM,382.74,458.31,33.88,3.53,pjm.com,false,
2023-09-03 02:00:00,USA,PJM Interconnection,US-MIDA-PJM,376.12,450.3,35.17,3.55,pjm.com,false,
2023-09-03 03:00:00,USA,PJM Interconnection,US-MIDA-PJM,363.88,435.78,37.47,4.35,pjm.com,false,
2023-09-03 04:00:00,USA,PJM Interconnection,US-MIDA-PJM,353.33,421.89,40.47,5.61,pjm.com,false,
2023-09-03 05:00:00,USA,PJM Interconnection,US-MIDA-PJM,344.57,410.17,43.13,7.11,pjm.com,false,
2023-09-03 06:00:00,USA,PJM Interconnection,US-MIDA-PJM,339.27,402.95,44.82,7.82,pjm.com,false,
2023-09-03 07:00:00,USA,PJM Interconnection,US-MIDA-PJM,335.59,398.06,45.91,7.73,pjm.com,false,
2023-09-03 08:00:00,USA,PJM Interconnection,US-MIDA-PJM,335.01,396.8,46.45,7.29,pjm.com,false,
2023-09-03 09:00:00,USA,PJM Interconnection,US-MIDA-PJM,336.19,398.02,46.38,7.01,pjm.com,false,
2023-09-03 10:00:00,USA,PJM Interconnection,US-MIDA-PJM,339.07,401.48,45.81,6.31,pjm.com,false,
2023-09-03 11:00:00,USA,PJM Interconnection,US-MIDA-PJM,338.34,400.89,45.79,6.43,pjm.com,false,
2023-09-03 12:00:00,USA,PJM Interconnection,US-MIDA-PJM,329.18,391.43,46.74,8.81,pjm.com,false,
2023-09-03 13:00:00,USA,PJM Interconnection,US-MIDA-PJM,332.23,397.74,44.35,9.25,pjm.com,false,
2023-09-03 14:00:00,USA,PJM Interconnection,US-MIDA-PJM,338.19,406.93,41.7,8.94,pjm.com,false,
2023-09-03 15:00:00,USA,PJM Interconnection,US-MIDA-PJM,345.39,417.16,39.05,8.63,pjm.com,false,
2023-09-03 16:00:00,USA,PJM Interconnection,US-MIDA-PJM,354.06,427.53,37.34,8.69,pjm.com,false,
2023-09-03 17:00:00,USA,PJM Interconnection,US-MIDA-PJM,360.24,434.89,36.16,8.99,pjm.com,false,
2023-09-03 18:00:00,USA,PJM Interconnection,US-MIDA-PJM,359.87,434.53,36.26,10.17,pjm.com,false,
2023-09-03 19:00:00,USA,PJM Interconnection,US-MIDA-PJM,363.21,438.89,35.32,10.05,pjm.com,false,
2023-09-03 20:00:00,USA,PJM Interconnection,US-MIDA-PJM,368.05,444.25,34.67,10.04,pjm.com,false,
2023-09-03 21:00:00,USA,PJM Interconnection,US-MIDA-PJM,372.51,449.06,34.15,9.76,pjm.com,false,
2023-09-03 22:00:00,USA,PJM Interconnection,US-MIDA-PJM,381.44,459.07,32.77,8.11,pjm.com,false,
2023-09-03 23:00:00,USA,PJM Interconnection,US-MIDA-PJM,393.26,471.72,31.37,5.9,pjm.com,false,
2023-09-04 00:00:00,USA,PJM Interconnection,US-MIDA-PJM,392.68,470.68,31.66,5.25,pjm.com,false,
2023-09-04 01:00:00,USA,PJM Interconnection,US-MIDA-PJM,388.81,466.24,32.15,4.53,pjm.com,false,
2023-09-04 02:00:00,USA,PJM Interconnection,US-MIDA-PJM,378.26,453.87,33.96,5.01,pjm.com,false,
2023-09-04 03:00:00,USA,PJM Interconnection,US-MIDA-PJM,372.16,445.5,35.94,5.46,pjm.com,false,
2023-09-04 04:00:00,USA,PJM Interconnection,US-MIDA-PJM,370.35,441.76,37.45,5.41,pjm.com,false,
2023-09-04 05:00:00,USA,PJM Interconnection,US-MIDA-PJM,369.77,439.06,39.07,5.67,pjm.com,false,
2023-09-04 06:00:00,USA,PJM Interconnection,US-MIDA-PJM,368.06,436.49,39.81,5.36,pjm.com,false,
2023-09-04 07:00:00,USA,PJM Interconnection,US-MIDA-PJM,364.51,431.84,40.84,5.02,pjm.com,false,
2023-09-04 08:00:00,USA,PJM Interconnection,US-MIDA-PJM,362.15,428.84,41.44,4.77,pjm.com,false,
2023-09-04 09:00:00,USA,PJM Interconnection,US-MIDA-PJM,362.34,429.07,41.4,4.49,pjm.com,false,
2023-09-04 10:00:00,USA,PJM Interconnection,US-MIDA-PJM,365.57,433.38,40.44,3.82,pjm.com,false,
2023-09-04 11:00:00,USA,PJM Interconnection,US-MIDA-PJM,366.28,434.08,40.47,3.83,pjm.com,false,
2023-09-04 12:00:00,USA,PJM Interconnection,US-MIDA-PJM,362.49,430.96,40.42,5.54,pjm.com,false,
2023-09-04 13:00:00,USA,PJM Interconnection,US-MIDA-PJM,361.68,432.86,38.63,6.13,pjm.com,false,
2023-09-04 14:00:00,USA,PJM Interconnection,US-MIDA-PJM,369.58,444.64,35.42,5.68,pjm.com,false,
2023-09-04 15:00:00,USA,PJM Interconnection,US-MIDA-PJM,380.4,457.42,33.48,5.81,pjm.com,false,
2023-09-04 16:00:00,USA,PJM Interconnection,US-MIDA-PJM,391.2,469.77,32.05,5.96,pjm.com,false,
2023-09-04 17:00:00,USA,PJM Interconnection,US-MIDA-PJM,397.66,476.33,31.33,6.4,pjm.com,false,
2023-09-04 18:00:00,USA,PJM Interconnection,US-MIDA-PJM,394.43,472.99,31.65,7.61,pjm.com,false,
2023-09-04 19:00:00,USA,PJM Interconnection,US-MIDA-PJM,394.88,473.36,31.73,8.23,pjm.com,false,
2023-09-04 20:00:00,USA,PJM Interconnection,US-MIDA-PJM,394.29,473.16,31.53,8.49,pjm.com,false,
2023-09-04 21:00:00,USA,PJM Interconnection,US-MIDA-PJM,400.08,479.5,30.84,8.12,pjm.com,false,
2023-09-04 22:00:00,USA,PJM Interconnection,US-MIDA-PJM,409.7,490.05,29.56,6.68,pjm.com,false,
2023-09-04 23:00:00,USA,PJM Interconnection,US-MIDA-PJM,415.12,495.81,28.92,5.27,pjm.com,false,
2023-09-05 00:00:00,USA,PJM Interconnection,US-MIDA-PJM,413.12,493.27,29.34,5.0,pjm.com,false,
2023-09-05 01:00:00,USA,PJM Interconnection,US-MIDA-PJM,404.48,483.55,30.46,4.76,pjm.com,false,
2023-09-05 02:00:00,USA,PJM Interconnection,US-MIDA-PJM,395.72,473.95,31.29,3.96,pjm.com,false,
2023-09-05 03:00:00,USA,PJM Interconnection,US-MIDA-PJM,389.54,465.91,32.95,4.26,pjm.com,false,
2023-09-05 04:00:00,USA,PJM Interconnection,US-MIDA-PJM,376.06,450.31,35.23,4.76,pjm.com,false,
2023-09-05 05:00:00,USA,PJM Interconnection,US-MIDA-PJM,369.0,442.3,36.29,4.64,pjm.com,false,
2023-09-05 06:00:00,USA,PJM Interconnection,US-MIDA-PJM,367.85,440.19,37.08,4.42,pjm.com,false,
2023-09-05 07:00:00,USA,PJM Interconnection,US-MIDA-PJM,366.78,437.74,38.18,4.57,pjm.com,false,
2023-09-05 08:00:00,USA,PJM Interconnection,US-MIDA-PJM,369.27,440.59,37.8,3.95,pjm.com,false,
2023-09-05 09:00:00,USA,PJM Interconnection,US-MIDA-PJM,372.44,445.25,36.54,3.18,pjm.com,false,
2023-09-05 10:00:00,USA,PJM Interconnection,US-MIDA-PJM,378.47,454.02,34.19,2.58,pjm.com,false,
2023-09-05 11:00:00,USA,PJM Interconnection,US-MIDA-PJM,377.14,453.05,34.01,3.23,pjm.com,false,
2023-09-05 12:00:00,USA,PJM Interconnection,US-MIDA-PJM,373.24,448.93,34.52,5.03,pjm.com,false,
2023-09-05 13:00:00,USA,PJM Interconnection,US-MIDA-PJM,377.12,453.54,33.97,6.1,pjm.com,false,
2023-09-05 14:00:00,USA,PJM Interconnection,US-MIDA-PJM,381.55,459.31,32.84,6.34,pjm.com,false,
2023-09-05 15:00:00,USA,PJM Interconnection,US-MIDA-PJM,387.26,466.11,31.73,6.5,pjm.com,false,
2023-09-05 16:00:00,USA,PJM Interconnection,US-MIDA-PJM,388.94,467.98,31.63,7.61,pjm.com,false,
2023-09-05 17:00:00,USA,PJM Interconnection,US-MIDA-PJM,388.24,467.05,32.0,9.07,pjm.com,false,
2023-09-05 18:00:00,USA,PJM Interconnection,US-MIDA-PJM,390.36,469.71,31.61,9.27,pjm.com,false,
2023-09-05 19:00:00,USA,PJM Interconnection,US-MIDA-PJM,394.37,474.31,31.0,9.11,pjm.com,false,
2023-09-05 20:00:00,USA,PJM Interconnection,US-MIDA-PJM,395.22,475.4,30.8,9.21,pjm.com,false,
2023-09-05 21:00:00,USA,PJM Interconnection,US-MIDA-PJM,399.25,479.93,30.18,8.71,pjm.com,false,
2023-09-05 22:00:00,USA,PJM Interconnection,US-MIDA-PJM,408.45,489.92,29.04,7.4,pjm.com,false,
2023-09-05 23:00:00,USA,PJM Interconnection,US-MIDA-PJM,411.86,493.44,28.54,6.38,pjm.com,false,
2023-09-06 00:00:00,USA,PJM Interconnection,US-MIDA-PJM,410.27,491.57,28.62,5.85,pjm.com,false,
2023-09-06 01:00:00,USA,PJM Interconnection,US-MIDA-PJM,410.06,490.71,29.02,5.01,pjm.com,false,
2023-09-06 02:00:00,USA,PJM Interconnection,US-MIDA-PJM,412.37,492.04,29.49,3.68,pjm.com,false,
2023-09-06 03:00:00,USA,PJM Interconnection,US-MIDA-PJM,409.89,487.86,30.82,3.56,pjm.com,false,
2023-09-06 04:00:00,USA,PJM Interconnection,US-MIDA-PJM,395.97,471.73,33.16,4.26,pjm.com,false,
2023-09-06 05:00:00,USA,PJM Interconnection,US-MIDA-PJM,384.69,459.51,34.44,4.23,pjm.com,false,
2023-09-06 06:00:00,USA,PJM Interconnection,US-MIDA-PJM,377.71,452.14,35.11,3.83,pjm.com,false,
2023-09-06 07:00:00,USA,PJM Interconnection,US-MIDA-PJM,375.81,449.87,35.51,3.38,pjm.com,false,
2023-09-06 08:00:00,USA,PJM Interconnection,US-MIDA-PJM,373.33,447.18,35.8,3.27,pjm.com,false,
2023-09-06 09:00:00,USA,PJM Interconnection,US-MIDA-PJM,373.16,447.48,35.44,3.58,pjm.com,false,
2023-09-06 10:00:00,USA,PJM Interconnection,US-MIDA-PJM,380.07,455.52,34.22,3.84,pjm.com,false,
2023-09-06 11:00:00,USA,PJM Interconnection,US-MIDA-PJM,389.01,465.42,33.05,3.8,pjm.com,false,
2023-09-06 12:00:00,USA,PJM Interconnection,US-MIDA-PJM,391.41,468.36,32.67,4.38,pjm.com,false,
2023-09-06 13:00:00,USA,PJM Interconnection,US-MIDA-PJM,392.0,469.39,32.43,5.4,pjm.com,false,
2023-09-06 14:00:00,USA,PJM Interconnection,US-MIDA-PJM,391.4,469.46,32.04,6.29,pjm.com,false,
2023-09-06 15:00:00,USA,PJM Interconnection,US-MIDA-PJM,390.67,469.66,31.63,7.0,pjm.com,false,
2023-09-06 16:00:00,USA,PJM Interconnection,US-MIDA-PJM,389.58,469.34,31.56,7.95,pjm.com,false,
2023-09-06 17:00:00,USA,PJM Interconnection,US-MIDA-PJM,389.04,469.08,31.8,9.02,pjm.com,false,
2023-09-06 18:00:00,USA,PJM Interconnection,US-MIDA-PJM,390.98,471.44,31.52,9.21,pjm.com,false,
2023-09-06 19:00:00,USA,PJM Interconnection,US-MIDA-PJM,391.27,472.0,31.41,9.33,pjm.com,false,
2023-09-06 20:00:00,USA,PJM Interconnection,US-MIDA-PJM,396.31,477.61,30.84,9.03,pjm.com,false,
2023-09-06 21:00:00,USA,PJM Interconnection,US-MIDA-PJM,402.97,484.92,30.0,8.29,pjm.com,false,
2023-09-06 22:00:00,USA,PJM Interconnection,US-MIDA-PJM,408.27,491.1,29.14,7.22,pjm.com,false,
2023-09-06 23:00:00,USA,PJM Interconnection,US-MIDA-PJM,414.31,497.54,28.47,5.98,pjm.com,false,
2023-09-07 00:00:00,USA,PJM Interconnection,US-MIDA-PJM,418.57,501.7,28.14,4.9,pjm.com,false,
2023-09-07 01:00:00,USA,PJM Interconnection,US-MIDA-PJM,418.99,501.22,28.2,3.6,pjm.com,false,
2023-09-07 02:00:00,USA,PJM Interconnection,US-MIDA-PJM,417.8,498.68,28.89,2.63,pjm.com,false,
2023-09-07 03:00:00,USA,PJM Interconnection,US-MIDA-PJM,409.51,488.15,30.72,2.78,pjm.com,false,
2023-09-07 04:00:00,USA,PJM Interconnection,US-MIDA-PJM,394.45,470.84,32.88,3.18,pjm.com,false,
2023-09-07 05:00:00,USA,PJM Interconnection,US-MIDA-PJM,380.93,456.8,33.86,3.1,pjm.com,false,
2023-09-07 06:00:00,USA,PJM Interconnection,US-MIDA-PJM,373.65,449.09,34.58,2.78,pjm.com,false,
2023-09-07 07:00:00,USA,PJM Interconnection,US-MIDA-PJM,369.78,444.86,35.06,2.46,pjm.com,false,
2023-09-07 08:00:00,USA,PJM Interconnection,US-MIDA-PJM,365.43,440.68,35.18,2.26,pjm.com,false,
2023-09-07 09:00:00,USA,PJM Interconnection,US-MIDA-PJM,368.02,444.05,34.45,2.18,pjm.com,false,
2023-09-07 10:00:00,USA,PJM Interconnection,US-MIDA-PJM,378.15,455.27,33.08,2.16,pjm.com,false,
2023-09-07 11:00:00,USA,PJM Interconnection,US-MIDA-PJM,384.82,462.7,32.19,2.22,pjm.com,false,
2023-09-07 12:00:00,USA,PJM Interconnection,US-MIDA-PJM,380.48,458.35,32.56,3.31,pjm.com,false,
2023-09-07 13:00:00,USA,PJM Interconnection,US-MIDA-PJM,379.12,457.36,32.7,4.4,pjm.com,false,
2023-09-07 14:00:00,USA,PJM Interconnection,US-MIDA-PJM,380.73,460.2,31.82,4.58,pjm.com,false,
2023-09-07 15:00:00,USA,PJM Interconnection,US-MIDA-PJM,383.32,463.8,31.06,4.88,pjm.com,false,
2023-09-07 16:00:00,USA,PJM Interconnection,US-MIDA-PJM,377.74,457.66,31.96,6.82,pjm.com,false,
2023-09-07 17:00:00,USA,PJM Interconnection,US-MIDA-PJM,384.88,465.98,30.9,6.63,pjm.com,false,
2023-09-07 18:00:00,USA,PJM Interconnection,US-MIDA-PJM,386.39,468.0,30.71,6.8,pjm.com,false,
2023-09-07 19:00:00,USA,PJM Interconnection,US-MIDA-PJM,386.49,468.25,30.82,6.99,pjm.com,false,
2023-09-07 20:00:00,USA,PJM Interconnection,US-MIDA-PJM,388.6,470.3,30.74,6.89,pjm.com,false,
2023-09-07 21:00:00,USA,PJM Interconnection,US-MIDA-PJM,390.99,473.25,30.14,6.12,pjm.com,false,
2023-09-07 22:00:00,USA,PJM Interconnection,US-MIDA-PJM,392.77,475.62,29.4,4.77,pjm.com,false,
2023-09-07 23:00:00,USA,PJM Interconnection,US-MIDA-PJM,391.62,474.09,29.44,3.87,pjm.com,false,
2023-09-08 00:00:00,USA,PJM Interconnection,US-MIDA-PJM,386.0,467.72,29.92,3.66,pjm.com,false,
2023-09-08 01:00:00,USA,PJM Interconnection,US-MIDA-PJM,383.64,464.61,30.24,2.64,pjm.com,false,
2023-09-08 02:00:00,USA,PJM Interconnection,US-MIDA-PJM,382.53,462.54,30.69,1.42,pjm.com,false,
2023-09-08 03:00:00,USA,PJM Interconnection,US-MIDA-PJM,379.84,458.75,31.67,1.03,pjm.com,false,
2023-09-08 04:00:00,USA,PJM Interconnection,US-MIDA-PJM,371.55,449.03,33.03,0.83,pjm.com,false,
2023-09-08 05:00:00,USA,PJM Interconnection,US-MIDA-PJM,359.44,436.31,34.13,0.74,pjm.com,false,
2023-09-08 06:00:00,USA,PJM Interconnection,US-MIDA-PJM,352.96,428.77,35.26,1.05,pjm.com,false,
2023-09-08 07:00:00,USA,PJM Interconnection,US-MIDA-PJM,350.59,425.58,35.98,1.05,pjm.com,false,
2023-09-08 08:00:00,USA,PJM Interconnection,US-MIDA-PJM,350.7,425.62,36.04,0.91,pjm.com,false,
2023-09-08 09:00:00,USA,PJM Interconnection,US-MIDA-PJM,351.69,427.66,35.22,0.89,pjm.com,false,
2023-09-08 10:00:00,USA,PJM Interconnection,US-MIDA-PJM,358.31,435.99,33.61,0.74,pjm.com,false,
2023-09-08 11:00:00,USA,PJM Interconnection,US-MIDA-PJM,363.16,441.33,33.01,0.9,pjm.com,false,
2023-09-08 12:00:00,USA,PJM Interconnection,US-MIDA-PJM,359.93,437.6,33.68,2.27,pjm.com,false,
2023-09-08 13:00:00,USA,PJM Interconnection,US-MIDA-PJM,356.7,434.0,34.27,3.47,pjm.com,false,
2023-09-08 14:00:00,USA,PJM Interconnection,US-MIDA-PJM,357.49,435.51,34.0,4.12,pjm.com,false,
2023-09-08 15:00:00,USA,PJM Interconnection,US-MIDA-PJM,356.42,434.74,33.98,5.29,pjm.com,false,
2023-09-08 16:00:00,USA,PJM Interconnection,US-MIDA-PJM,352.73,430.6,34.74,7.34,pjm.com,false,
2023-09-08 17:00:00,USA,PJM Interconnection,US-MIDA-PJM,362.75,441.84,33.51,7.15,pjm.com,false,
2023-09-08 18:00:00,USA,PJM Interconnection,US-MIDA-PJM,363.28,442.96,33.34,7.57,pjm.com,false,
2023-09-08 19:00:00,USA,PJM Interconnection,US-MIDA-PJM,362.31,442.18,33.26,7.49,pjm.com,false,
2023-09-08 20:00:00,USA,PJM Interconnection,US-MIDA-PJM,360.44,440.03,33.39,7.49,pjm.com,false,
2023-09-08 21:00:00,USA,PJM Interconnection,US-MIDA-PJM,359.64,438.77,33.62,7.26,pjm.com,false,
2023-09-08 22:00:00,USA,PJM Interconnection,US-MIDA-PJM,363.51,442.85,33.05,5.91,pjm.com,false,
2023-09-08 23:00:00,USA,PJM Interconnection,US-MIDA-PJM,364.42,443.92,32.79,4.71,pjm.com,false,
2023-09-09 00:00:00,USA,PJM Interconnection,US-MIDA-PJM,366.3,446.6,31.85,2.97,pjm.com,false,
2023-09-09 01:00:00,USA,PJM Interconnection,US-MIDA-PJM,367.48,447.5,31.74,1.54,pjm.com,false,
2023-09-09 02:00:00,USA,PJM Interconnection,US-MIDA-PJM,364.23,442.34,33.1,1.06,pjm.com,false,
2023-09-09 03:00:00,USA,PJM Interconnection,US-MIDA-PJM,358.46,435.35,34.15,1.1,pjm.com,false,
2023-09-09 04:00:00,USA,PJM Interconnection,US-MIDA-PJM,347.79,423.79,35.39,1.11,pjm.com,false,
2023-09-09 05:00:00,USA,PJM Interconnection,US-MIDA-PJM,334.23,409.69,36.52,1.07,pjm.com,false,
2023-09-09 06:00:00,USA,PJM Interconnection,US-MIDA-PJM,327.6,402.51,37.27,1.23,pjm.com,false,
2023-09-09 07:00:00,USA,PJM Interconnection,US-MIDA-PJM,323.69,398.06,37.89,1.29,pjm.com,false,
2023-09-09 08:00:00,USA,PJM Interconnection,US-MIDA-PJM,321.08,394.66,38.61,1.35,pjm.com,false,
2023-09-09 09:00:00,USA,PJM Interconnection,US-MIDA-PJM,319.61,393.2,38.67,1.42,pjm.com,false,
2023-09-09 10:00:00,USA,PJM Interconnection,US-MIDA-PJM,319.03,392.85,38.53,1.53,pjm.com,false,
2023-09-09 11:00:00,USA,PJM Interconnection,US-MIDA-PJM,319.1,393.25,38.31,1.66,pjm.com,false,
2023-09-09 12:00:00,USA,PJM Interconnection,US-MIDA-PJM,317.59,392.11,38.19,2.71,pjm.com,false,
2023-09-09 13:00:00,USA,PJM Interconnection,US-MIDA-PJM,323.29,398.86,37.21,3.11,pjm.com,false,
2023-09-09 14:00:00,USA,PJM Interconnection,US-MIDA-PJM,329.1,405.23,36.6,3.7,pjm.com,false,
2023-09-09 15:00:00,USA,PJM Interconnection,US-MIDA-PJM,329.67,406.16,36.34,4.24,pjm.com,false,
2023-09-09 16:00:00,USA,PJM Interconnection,US-MIDA-PJM,336.66,414.08,35.28,4.41,pjm.com,false,
2023-09-09 17:00:00,USA,PJM Interconnection,US-MIDA-PJM,337.93,415.38,35.24,5.32,pjm.com,false,
2023-09-09 18:00:00,USA,PJM Interconnection,US-MIDA-PJM,336.87,414.28,35.36,5.93,pjm.com,false,
2023-09-09 19:00:00,USA,PJM Interconnection,US-MIDA-PJM,338.27,415.79,35.14,5.55,pjm.com,false,
2023-09-09 20:00:00,USA,PJM Interconnection,US-MIDA-PJM,334.75,412.12,35.4,5.25,pjm.com,false,
2023-09-09 21:00:00,USA,PJM Interconnection,US-MIDA-PJM,331.65,408.89,35.61,5.11,pjm.com,false,
2023-09-09 22:00:00,USA,PJM Interconnection,US-MIDA-PJM,330.99,408.08,35.74,4.86,pjm.com,false,
2023-09-09 23:00:00,USA,PJM Interconnection,US-MIDA-PJM,330.11,407.36,35.66,4.46,pjm.com,false,
2023-09-10 00:00:00,USA,PJM Interconnection,US-MIDA-PJM,332.06,409.88,35.06,3.73,pjm.com,false,
2023-09-10 01:00:00,USA,PJM Interconnection,US-MIDA-PJM,335.89,414.28,34.31,2.09,pjm.com,false,
2023-09-10 02:00:00,USA,PJM Interconnection,US-MIDA-PJM,336.31,414.15,34.6,1.46,pjm.com,false,
2023-09-10 03:00:00,USA,PJM Interconnection,US-MIDA-PJM,334.26,411.15,35.41,1.49,pjm.com,false,
2023-09-10 04:00:00,USA,PJM Interconnection,US-MIDA-PJM,328.22,403.44,36.97,1.37,pjm.com,false,
2023-09-10 05:00:00,USA,PJM Interconnection,US-MIDA-PJM,319.81,393.64,38.46,1.24,pjm.com,false,
2023-09-10 06:00:00,USA,PJM Interconnection,US-MIDA-PJM,316.31,389.42,39.19,1.11,pjm.com,false,
2023-09-10 07:00:00,USA,PJM Interconnection,US-MIDA-PJM,317.26,389.92,39.49,0.87,pjm.com,false,
2023-09-10 08:00:00,USA,PJM Interconnection,US-MIDA-PJM,318.33,390.9,39.53,0.71,pjm.com,false,
2023-09-10 09:00:00,USA,PJM Interconnection,US-MIDA-PJM,319.44,392.21,39.33,0.63,pjm.com,false,
2023-09-10 10:00:00,USA,PJM Interconnection,US-MIDA-PJM,320.7,393.98,38.9,0.59,pjm.com,false,
2023-09-10 11:00:00,USA,PJM Interconnection,US-MIDA-PJM,319.92,393.19,38.98,0.91,pjm.com,false,
2023-09-10 12:00:00,USA,PJM Interconnection,US-MIDA-PJM,317.91,391.65,38.81,1.98,pjm.com,false,
2023-09-10 13:00:00,USA,PJM Interconnection,US-MIDA-PJM,319.85,394.97,37.74,2.68,pjm.com,false,
2023-09-10 14:00:00,USA,PJM Interconnection,US-MIDA-PJM,327.67,404.14,36.37,2.75,pjm.com,false,
2023-09-10 15:00:00,USA,PJM Interconnection,US-MIDA-PJM,325.56,401.56,36.95,4.16,pjm.com,false,
2023-09-10 16:00:00,USA,PJM Interconnection,US-MIDA-PJM,325.64,401.97,36.75,4.95,pjm.com,false,
2023-09-10 17:00:00,USA,PJM Interconnection,US-MIDA-PJM,330.7,407.6,36.04,5.29,pjm.com,false,
2023-09-10 18:00:00,USA,PJM Interconnection,US-MIDA-PJM,328.5,405.21,36.38,6.49,pjm.com,false,
2023-09-10 19:00:00,USA,PJM Interconnection,US-MIDA-PJM,330.98,408.14,35.96,7.01,pjm.com,false,
2023-09-10 20:00:00,USA,PJM Interconnection,US-MIDA-PJM,337.87,416.12,34.73,6.64,pjm.com,false,
2023-09-10 21:00:00,USA,PJM Interconnection,US-MIDA-PJM,348.04,427.23,33.41,5.65,pjm.com,false,
2023-09-10 22:00:00,USA,PJM Interconnection,US-MIDA-PJM,356.2,435.7,32.67,4.79,pjm.com,false,
2023-09-10 23:00:00,USA,PJM Interconnection,US-MIDA-PJM,362.41,442.29,31.97,3.63,pjm.com,false,
2023-09-11 00:00:00,USA,PJM Interconnection,US-MIDA-PJM,360.38,439.95,32.3,3.56,pjm.com,false,
2023-09-11 01:00:00,USA,PJM Interconnection,US-MIDA-PJM,362.0,441.88,31.85,1.77,pjm.com,false,
2023-09-11 02:00:00,USA,PJM Interconnection,US-MIDA-PJM,358.85,438.18,32.35,0.74,pjm.com,false,
2023-09-11 03:00:00,USA,PJM Interconnection,US-MIDA-PJM,349.62,427.6,33.84,0.78,pjm.com,false,
2023-09-11 04:00:00,USA,PJM Interconnection,US-MIDA-PJM,336.01,412.41,35.73,0.99,pjm.com,false,
2023-09-11 05:00:00,USA,PJM Interconnection,US-MIDA-PJM,322.49,397.28,37.6,1.44,pjm.com,false,
2023-09-11 06:00:00,USA,PJM Interconnection,US-MIDA-PJM,316.31,390.61,38.27,1.51,pjm.com,false,
2023-09-11 07:00:00,USA,PJM Interconnection,US-MIDA-PJM,314.12,387.71,38.94,1.87,pjm.com,false,
2023-09-11 08:00:00,USA,PJM Interconnection,US-MIDA-PJM,313.39,386.81,39.12,2.16,pjm.com,false,
2023-09-11 09:00:00,USA,PJM Interconnection,US-MIDA-PJM,316.2,390.56,38.26,2.17,pjm.com,false,
2023-09-11 10:00:00,USA,PJM Interconnection,US-MIDA-PJM,328.84,405.08,36.18,1.79,pjm.com,false,
2023-09-11 11:00:00,USA,PJM Interconnection,US-MIDA-PJM,335.32,412.66,35.03,1.75,pjm.com,false,
2023-09-11 12:00:00,USA,PJM Interconnection,US-MIDA-PJM,331.19,408.22,35.62,3.04,pjm.com,false,
2023-09-11 13:00:00,USA,PJM Interconnection,US-MIDA-PJM,328.12,405.16,35.91,4.26,pjm.com,false,
2023-09-11 14:00:00,USA,PJM Interconnection,US-MIDA-PJM,335.68,413.64,35.02,4.25,pjm.com,false,
2023-09-11 15:00:00,USA,PJM Interconnection,US-MIDA-PJM,337.08,415.64,34.52,4.75,pjm.com,false,
2023-09-11 16:00:00,USA,PJM Interconnection,US-MIDA-PJM,336.02,414.83,34.43,5.82,pjm.com,false,
2023-09-11 17:00:00,USA,PJM Interconnection,US-MIDA-PJM,338.35,417.53,34.06,6.46,pjm.com,false,
2023-09-11 18:00:00,USA,PJM Interconnection,US-MIDA-PJM,340.95,420.33,33.79,6.82,pjm.com,false,
2023-09-11 19:00:00,USA,PJM Interconnection,US-MIDA-PJM,339.19,418.35,34.09,7.66,pjm.com,false,
2023-09-11 20:00:00,USA,PJM Interconnection,US-MIDA-PJM,340.42,419.99,33.66,7.62,pjm.com,false,
2023-09-11 21:00:00,USA,PJM Interconnection,US-MIDA-PJM,346.09,426.11,32.96,6.94,pjm.com,false,
2023-09-11 22:00:00,USA,PJM Interconnection,US-MIDA-PJM,355.1,436.16,31.99,5.26,pjm.com,false,
2023-09-11 23:00:00,USA,PJM Interconnection,US-MIDA-PJM,355.44,436.6,32.12,4.51,pjm.com,false,
2023-09-12 00:00:00,USA,PJM Interconnection,US-MIDA-PJM,353.05,434.22,31.78,3.7,pjm.com,false,
2023-09-12 01:00:00,USA,PJM Interconnection,US-MIDA-PJM,349.6,430.56,31.7,2.26,pjm.com,false,
2023-09-12 02:00:00,USA,PJM Interconnection,US-MIDA-PJM,346.32,425.91,32.77,1.32,pjm.com,false,
2023-09-12 03:00:00,USA,PJM Interconnection,US-MIDA-PJM,336.43,414.1,34.71,1.27,pjm.com,false,
2023-09-12 04:00:00,USA,PJM Interconnection,US-MIDA-PJM,327.26,403.55,36.22,1.31,pjm.com,false,
2023-09-12 05:00:00,USA,PJM Interconnection,US-MIDA-PJM,322.8,398.03,37.27,1.2,pjm.com,false,
2023-09-12 06:00:00,USA,PJM Interconnection,US-MIDA-PJM,317.94,392.04,38.38,1.31,pjm.com,false,
2023-09-12 07:00:00,USA,PJM Interconnection,US-MIDA-PJM,315.03,388.35,39.11,1.37,pjm.com,false,
2023-09-12 08:00:00,USA,PJM Interconnection,US-MIDA-PJM,313.21,386.28,39.38,1.37,pjm.com,false,
2023-09-12 09:00:00,USA,PJM Interconnection,US-MIDA-PJM,316.12,390.36,38.36,1.38,pjm.com,false,
2023-09-12 10:00:00,USA,PJM Interconnection,US-MIDA-PJM,325.26,401.03,36.71,1.49,pjm.com,false,
2023-09-12 11:00:00,USA,PJM Interconnection,US-MIDA-PJM,328.57,404.81,36.2,2.05,pjm.com,false,
2023-09-12 12:00:00,USA,PJM Interconnection,US-MIDA-PJM,325.93,401.71,36.87,3.64,pjm.com,false,
2023-09-12 13:00:00,USA,PJM Interconnection,US-MIDA-PJM,326.79,402.75,36.82,4.32,pjm.com,false,
2023-09-12 14:00:00,USA,PJM Interconnection,US-MIDA-PJM,323.74,399.51,37.43,5.8,pjm.com,false,
2023-09-12 15:00:00,USA,PJM Interconnection,US-MIDA-PJM,319.53,395.43,37.54,7.01,pjm.com,false,
2023-09-12 16:00:00,USA,PJM Interconnection,US-MIDA-PJM,322.58,399.28,36.75,7.32,pjm.com,false,
2023-09-12 17:00:00,USA,PJM Interconnection,US-MIDA-PJM,329.09,406.08,36.28,7.44,pjm.com,false,
2023-09-12 18:00:00,USA,PJM Interconnection,US-MIDA-PJM,334.77,412.3,35.68,7.24,pjm.com,false,
2023-09-12 19:00:00,USA,PJM Interconnection,US-MIDA-PJM,337.48,415.24,35.38,7.28,pjm.com,false,
2023-09-12 20:00:00,USA,PJM Interconnection,US-MIDA-PJM,336.87,414.45,35.49,7.74,pjm.com,false,
2023-09-12 21:00:00,USA,PJM Interconnection,US-MIDA-PJM,339.71,417.84,34.91,7.33,pjm.com,false,
2023-09-12 22:00:00,USA,PJM Interconnection,US-MIDA-PJM,345.95,425.25,33.75,5.71,pjm.com,false,
2023-09-12 23:00:00,USA,PJM Interconnection,US-MIDA-PJM,344.6,423.77,33.92,5.15,pjm.com,false,
2023-09-13 00:00:00,USA,PJM Interconnection,US-MIDA-PJM,344.19,423.51,33.53,4.42,pjm.com,false,
2023-09-13 01:00:00,USA,PJM Interconnection,US-MIDA-PJM,348.04,427.29,33.13,2.89,pjm.com,false,
2023-09-13 02:00:00,USA,PJM Interconnection,US-MIDA-PJM,342.49,420.29,34.36,1.97,pjm.com,false,
2023-09-13 03:00:00,USA,PJM Interconnection,US-MIDA-PJM,332.24,408.63,35.91,2.06,pjm.com,false,
2023-09-13 04:00:00,USA,PJM Interconnection,US-MIDA-PJM,328.2,403.83,36.96,1.83,pjm.com,false,
2023-09-13 05:00:00,USA,PJM Interconnection,US-MIDA-PJM,319.22,394.08,37.74,1.8,pjm.com,false,
2023-09-13 06:00:00,USA,PJM Interconnection,US-MIDA-PJM,315.91,390.92,37.84,1.41,pjm.com,false,
2023-09-13 07:00:00,USA,PJM Interconnection,US-MIDA-PJM,312.1,386.34,38.67,1.35,pjm.com,false,
2023-09-13 08:00:00,USA,PJM Interconnection,US-MIDA-PJM,311.51,385.8,38.76,1.52,pjm.com,false,
2023-09-13 09:00:00,USA,PJM Interconnection,US-MIDA-PJM,319.05,393.79,38.03,1.46,pjm.com,false,
2023-09-13 10:00:00,USA,PJM Interconnection,US-MIDA-PJM,330.33,406.74,36.15,1.47,pjm.com,false,
2023-09-13 11:00:00,USA,PJM Interconnection,US-MIDA-PJM,336.7,414.06,35.08,1.44,pjm.com,false,
2023-09-13 12:00:00,USA,PJM Interconnection,US-MIDA-PJM,333.41,410.37,35.69,2.59,pjm.com,false,
2023-09-13 13:00:00,USA,PJM Interconnection,US-MIDA-PJM,329.94,406.48,36.44,3.77,pjm.com,false,
2023-09-13 14:00:00,USA,PJM Interconnection,US-MIDA-PJM,329.3,406.16,36.55,4.34,pjm.com,false,
2023-09-13 15:00:00,USA,PJM Interconnection,US-MIDA-PJM,324.49,401.17,36.85,5.42,pjm.com,false,
2023-09-13 16:00:00,USA,PJM Interconnection,US-MIDA-PJM,325.85,402.83,36.66,6.17,pjm.com,false,
2023-09-13 17:00:00,USA,PJM Interconnection,US-MIDA-PJM,321.87,398.07,37.54,7.55,pjm.com,false,
2023-09-13 18:00:00,USA,PJM Interconnection,US-MIDA-PJM,322.16,398.23,37.51,8.08,pjm.com,false,
2023-09-13 19:00:00,USA,PJM Interconnection,US-MIDA-PJM,324.3,400.3,37.39,8.17,pjm.com,false,
2023-09-13 20:00:00,USA,PJM Interconnection,US-MIDA-PJM,327.75,404.3,36.76,7.76,pjm.com,false,
2023-09-13 21:00:00,USA,PJM Interconnection,US-MIDA-PJM,332.52,409.81,35.96,7.12,pjm.com,false,
2023-09-13 22:00:00,USA,PJM Interconnection,US-MIDA-PJM,339.85,418.04,34.82,5.89,pjm.com,false,
2023-09-13 23:00:00,USA,PJM Interconnection,US-MIDA-PJM,345.38,424.46,33.72,4.13,pjm.com,false,
2023-09-14 00:00:00,USA,PJM Interconnection,US-MIDA-PJM,350.56,429.95,33.12,2.89,pjm.com,false,
2023-09-14 01:00:00,USA,PJM Interconnection,US-MIDA-PJM,349.36,427.75,33.83,2.27,pjm.com,false,
2023-09-14 02:00:00,USA,PJM Interconnection,US-MIDA-PJM,340.22,416.88,35.45,2.11,pjm.com,false,
2023-09-14 03:00:00,USA,PJM Interconnection,US-MIDA-PJM,325.29,400.7,37.14,2.18,pjm.com,false,
2023-09-14 04:00:00,USA,PJM Interconnection,US-MIDA-PJM,313.19,386.38,39.22,2.16,pjm.com,false,
2023-09-14 05:00:00,USA,PJM Interconnection,US-MIDA-PJM,305.02,376.42,41.02,2.14,pjm.com,false,
2023-09-14 06:00:00,USA,PJM Interconnection,US-MIDA-PJM,301.33,372.1,41.7,1.85,pjm.com,false,
2023-09-14 07:00:00,USA,PJM Interconnection,US-MIDA-PJM,298.69,368.75,42.36,1.83,pjm.com,false,
2023-09-14 08:00:00,USA,PJM Interconnection,US-MIDA-PJM,299.17,369.27,42.32,1.69,pjm.com,false,
2023-09-14 09:00:00,USA,PJM Interconnection,US-MIDA-PJM,307.06,378.53,40.88,1.41,pjm.com,false,
2023-09-14 10:00:00,USA,PJM Interconnection,US-MIDA-PJM,316.93,390.6,38.72,1.41,pjm.com,false,
2023-09-14 11:00:00,USA,PJM Interconnection,US-MIDA-PJM,323.85,398.51,37.67,1.64,pjm.com,false,
2023-09-14 12:00:00,USA,PJM Interconnection,US-MIDA-PJM,314.16,387.9,39.02,3.78,pjm.com,false,
2023-09-14 13:00:00,USA,PJM Interconnection,US-MIDA-PJM,306.79,380.05,40.03,5.44,pjm.com,false,
2023-09-14 14:00:00,USA,PJM Interconnection,US-MIDA-PJM,309.64,383.09,39.84,5.87,pjm.com,false,
2023-09-14 15:00:00,USA,PJM Interconnection,US-MIDA-PJM,308.12,381.23,40.19,6.57,pjm.com,false,
2023-09-14 16:00:00,USA,PJM Interconnection,US-MIDA-PJM,314.1,387.44,39.69,6.72,pjm.com,false,
2023-09-14 17:00:00,USA,PJM Interconnection,US-MIDA-PJM,314.41,387.74,39.73,7.39,pjm.com,false,
2023-09-14 18:00:00,USA,PJM Interconnection,US-MIDA-PJM,315.25,388.73,39.56,7.88,pjm.com,false,
2023-09-14 19:00:00,USA,PJM Interconnection,US-MIDA-PJM,317.09,390.83,39.29,8.02,pjm.com,false,
2023-09-14 20:00:00,USA,PJM Interconnection,US-MIDA-PJM,318.01,392.17,38.91,8.2,pjm.com,false,
2023-09-14 21:00:00,USA,PJM Interconnection,US-MIDA-PJM,322.85,398.08,37.79,7.37,pjm.com,false,
2023-09-14 22:00:00,USA,PJM Interconnection,US-MIDA-PJM,328.16,403.87,37.04,6.28,pjm.com,false,
2023-09-14 23:00:00,USA,PJM Interconnection,US-MIDA-PJM,330.45,406.78,36.33,4.89,pjm.com,false,
2023-09-15 00:00:00,USA,PJM Interconnection,US-MIDA-PJM,330.07,406.3,36.36,4.45,pjm.com,false,
2023-09-15 01:00:00,USA,PJM Interconnection,US-MIDA-PJM,330.18,405.49,36.94,3.61,pjm.com,false,
2023-09-15 02:00:00,USA,PJM Interconnection,US-MIDA-PJM,324.53,398.46,38.14,2.73,pjm.com,false,
2023-09-15 03:00:00,USA,PJM Interconnection,US-MIDA-PJM,308.01,380.29,40.17,2.86,pjm.com,false,
2023-09-15 04:00:00,USA,PJM Interconnection,US-MIDA-PJM,296.87,367.49,41.98,2.92,pjm.com,false,
2023-09-15 05:00:00,USA,PJM Interconnection,US-MIDA-PJM,295.08,365.26,42.4,2.85,pjm.com,false,
2023-09-15 06:00:00,USA,PJM Interconnection,US-MIDA-PJM,291.8,361.2,43.15,2.8,pjm.com,false,
2023-09-15 07:00:00,USA,PJM Interconnection,US-MIDA-PJM,287.42,355.94,44.03,3.04,pjm.com,false,
2023-09-15 08:00:00,USA,PJM Interconnection,US-MIDA-PJM,286.86,355.38,44.05,2.99,pjm.com,false,
2023-09-15 09:00:00,USA,PJM Interconnection,US-MIDA-PJM,292.19,362.26,42.62,2.66,pjm.com,false,
2023-09-15 10:00:00,USA,PJM Interconnection,US-MIDA-PJM,300.9,372.75,40.84,2.62,pjm.com,false,
2023-09-15 11:00:00,USA,PJM Interconnection,US-MIDA-PJM,308.09,380.91,39.77,3.01,pjm.com,false,
2023-09-15 12:00:00,USA,PJM Interconnection,US-MIDA-PJM,300.84,372.27,41.42,5.14,pjm.com,false,
2023-09-15 13:00:00,USA,PJM Interconnection,US-MIDA-PJM,296.23,366.91,42.42,6.44,pjm.com,false,
2023-09-15 14:00:00,USA,PJM Interconnection,US-MIDA-PJM,295.84,366.91,42.23,6.71,pjm.com,false,
2023-09-15 15:00:00,USA,PJM Interconnection,US-MIDA-PJM,294.4,365.49,42.35,7.2,pjm.com,false,
2023-09-15 16:00:00,USA,PJM Interconnection,US-MIDA-PJM,295.75,367.11,42.14,7.47,pjm.com,false,
2023-09-15 17:00:00,USA,PJM Interconnection,US-MIDA-PJM,299.97,372.05,41.42,7.63,pjm.com,false,
2023-09-15 18:00:00,USA,PJM Interconnection,US-MIDA-PJM,298.8,370.5,41.84,8.73,pjm.com,false,
2023-09-15 19:00:00,USA,PJM Interconnection,US-MIDA-PJM,299.89,371.63,41.79,9.3,pjm.com,false,
2023-09-15 20:00:00,USA,PJM Interconnection,US-MIDA-PJM,300.43,372.46,41.54,9.64,pjm.com,false,
2023-09-15 21:00:00,USA,PJM Interconnection,US-MIDA-PJM,308.76,382.23,39.96,8.87,pjm.com,false,
2023-09-15 22:00:00,USA,PJM Interconnection,US-MIDA-PJM,322.17,397.03,38.01,6.76,pjm.com,false,
2023-09-15 23:00:00,USA,PJM Interconnection,US-MIDA-PJM,328.54,404.04,37.03,5.13,pjm.com,false,
2023-09-16 00:00:00,USA,PJM Interconnection,US-MIDA-PJM,328.82,404.67,36.68,4.09,pjm.com,false,
2023-09-16 01:00:00,USA,PJM Interconnection,US-MIDA-PJM,325.92,401.05,37.25,3.29,pjm.com,false,
2023-09-16 02:00:00,USA,PJM Interconnection,US-MIDA-PJM,321.32,395.79,37.86,2.77,pjm.com,false,
2023-09-16 03:00:00,USA,PJM Interconnection,US-MIDA-PJM,318.75,392.15,38.75,2.09,pjm.com,false,
2023-09-16 04:00:00,USA,PJM Interconnection,US-MIDA-PJM,309.31,380.81,41.23,2.3,pjm.com,false,
2023-09-16 05:00:00,USA,PJM Interconnection,US-MIDA-PJM,299.27,369.23,42.56,2.79,pjm.com,false,
2023-09-16 06:00:00,USA,PJM Interconnection,US-MIDA-PJM,297.06,366.59,42.97,2.7,pjm.com,false,
2023-09-16 07:00:00,USA,PJM Interconnection,US-MIDA-PJM,294.35,363.56,43.31,2.5,pjm.com,false,
2023-09-16 08:00:00,USA,PJM Interconnection,US-MIDA-PJM,293.78,362.99,43.21,2.42,pjm.com,false,
2023-09-16 09:00:00,USA,PJM Interconnection,US-MIDA-PJM,293.48,362.61,43.28,2.49,pjm.com,false,
2023-09-16 10:00:00,USA,PJM Interconnection,US-MIDA-PJM,296.29,366.41,42.41,2.47,pjm.com,false,
2023-09-16 11:00:00,USA,PJM Interconnection,US-MIDA-PJM,299.18,369.71,41.99,2.77,pjm.com,false,
2023-09-16 12:00:00,USA,PJM Interconnection,US-MIDA-PJM,289.46,358.58,43.78,5.7,pjm.com,false,
2023-09-16 13:00:00,USA,PJM Interconnection,US-MIDA-PJM,285.25,353.74,44.71,7.51,pjm.com,false,
2023-09-16 14:00:00,USA,PJM Interconnection,US-MIDA-PJM,287.94,357.78,43.64,7.48,pjm.com,false,
2023-09-16 15:00:00,USA,PJM Interconnection,US-MIDA-PJM,287.1,357.03,43.68,8.1,pjm.com,false,
2023-09-16 16:00:00,USA,PJM Interconnection,US-MIDA-PJM,291.4,362.03,42.93,8.13,pjm.com,false,
2023-09-16 17:00:00,USA,PJM Interconnection,US-MIDA-PJM,294.42,365.22,42.65,8.0,pjm.com,false,
2023-09-16 18:00:00,USA,PJM Interconnection,US-MIDA-PJM,294.87,365.74,42.62,8.66,pjm.com,false,
2023-09-16 19:00:00,USA,PJM Interconnection,US-MIDA-PJM,292.54,363.18,42.95,9.46,pjm.com,false,
2023-09-16 20:00:00,USA,PJM Interconnection,US-MIDA-PJM,297.7,369.11,42.05,9.18,pjm.com,false,
2023-09-16 21:00:00,USA,PJM Interconnection,US-MIDA-PJM,300.75,372.24,41.81,9.04,pjm.com,false,
2023-09-16 22:00:00,USA,PJM Interconnection,US-MIDA-PJM,312.32,385.58,39.67,6.72,pjm.com,false,
2023-09-16 23:00:00,USA,PJM Interconnection,US-MIDA-PJM,315.79,389.71,38.87,5.3,pjm.com,false,
2023-09-17 00:00:00,USA,PJM Interconnection,US-MIDA-PJM,314.1,388.03,38.9,4.86,pjm.com,false,
2023-09-17 01:00:00,USA,PJM Interconnection,US-MIDA-PJM,314.75,388.5,38.88,3.66,pjm.com,false,
2023-09-17 02:00:00,USA,PJM Interconnection,US-MIDA-PJM,312.39,386.07,38.97,2.29,pjm.com,false,
2023-09-17 03:00:00,USA,PJM Interconnection,US-MIDA-PJM,309.45,382.75,39.35,1.52,pjm.com,false,
2023-09-17 04:00:00,USA,PJM Interconnection,US-MIDA-PJM,301.55,373.26,40.94,1.73,pjm.com,false,
2023-09-17 05:00:00,USA,PJM Interconnection,US-MIDA-PJM,296.16,366.8,42.01,1.99,pjm.com,false,
2023-09-17 06:00:00,USA,PJM Interconnection,US-MIDA-PJM,296.85,367.64,41.86,1.59,pjm.com,false,
2023-09-17 07:00:00,USA,PJM Interconnection,US-MIDA-PJM,295.84,365.71,42.61,1.42,pjm.com,false,
2023-09-17 08:00:00,USA,PJM Interconnection,US-MIDA-PJM,294.33,363.8,42.98,1.42,pjm.com,false,
2023-09-17 09:00:00,USA,PJM Interconnection,US-MIDA-PJM,293.04,362.36,43.17,1.67,pjm.com,false,
2023-09-17 10:00:00,USA,PJM Interconnection,US-MIDA-PJM,292.91,362.32,43.1,1.86,pjm.com,false,
2023-09-17 11:00:00,USA,PJM Interconnection,US-MIDA-PJM,293.52,363.12,42.96,2.04,pjm.com,false,
2023-09-17 12:00:00,USA,PJM Interconnection,US-MIDA-PJM,288.59,357.23,44.11,3.84,pjm.com,false,
2023-09-17 13:00:00,USA,PJM Interconnection,US-MIDA-PJM,288.76,357.99,43.78,5.01,pjm.com,false,
2023-09-17 14:00:00,USA,PJM Interconnection,US-MIDA-PJM,287.42,357.05,43.57,5.55,pjm.com,false,
2023-09-17 15:00:00,USA,PJM Interconnection,US-MIDA-PJM,285.69,355.35,43.66,6.48,pjm.com,false,
2023-09-17 16:00:00,USA,PJM Interconnection,US-MIDA-PJM,289.64,360.24,42.74,6.73,pjm.com,false,
2023-09-17 17:00:00,USA,PJM Interconnection,US-MIDA-PJM,294.36,365.41,42.12,6.71,pjm.com,false,
2023-09-17 18:00:00,USA,PJM Interconnection,US-MIDA-PJM,299.55,370.8,41.67,6.91,pjm.com,false,
2023-09-17 19:00:00,USA,PJM Interconnection,US-MIDA-PJM,299.8,370.84,41.83,7.39,pjm.com,false,
2023-09-17 20:00:00,USA,PJM Interconnection,US-MIDA-PJM,299.52,370.97,41.52,7.17,pjm.com,false,
2023-09-17 21:00:00,USA,PJM Interconnection,US-MIDA-PJM,301.6,373.34,41.19,7.31,pjm.com,false,
2023-09-17 22:00:00,USA,PJM Interconnection,US-MIDA-PJM,303.91,376.15,40.66,6.92,pjm.com,false,
2023-09-17 23:00:00,USA,PJM Interconnection,US-MIDA-PJM,311.2,384.66,39.36,5.87,pjm.com,false,
2023-09-18 00:00:00,USA,PJM Interconnection,US-MIDA-PJM,317.0,390.94,38.62,5.32,pjm.com,false,
2023-09-18 01:00:00,USA,PJM Interconnection,US-MIDA-PJM,316.43,390.51,38.46,3.87,pjm.com,false,
2023-09-18 02:00:00,USA,PJM Interconnection,US-MIDA-PJM,318.79,392.97,38.1,1.91,pjm.com,false,
2023-09-18 03:00:00,USA,PJM Interconnection,US-MIDA-PJM,308.99,381.85,39.59,1.99,pjm.com,false,
2023-09-18 04:00:00,USA,PJM Interconnection,US-MIDA-PJM,304.0,375.6,40.8,1.68,pjm.com,false,
2023-09-18 05:00:00,USA,PJM Interconnection,US-MIDA-PJM,299.21,369.9,41.74,1.48,pjm.com,false,
2023-09-18 06:00:00,USA,PJM Interconnection,US-MIDA-PJM,295.89,366.02,42.33,1.6,pjm.com,false,
2023-09-18 07:00:00,USA,PJM Interconnection,US-MIDA-PJM,292.73,362.28,42.92,1.75,pjm.com,false,
2023-09-18 08:00:00,USA,PJM Interconnection,US-MIDA-PJM,293.46,363.55,42.49,1.85,pjm.com,false,
2023-09-18 09:00:00,USA,PJM Interconnection,US-MIDA-PJM,295.35,366.61,41.52,1.87,pjm.com,false,
2023-09-18 10:00:00,USA,PJM Interconnection,US-MIDA-PJM,309.14,383.33,38.62,1.41,pjm.com,false,
2023-09-18 11:00:00,USA,PJM Interconnection,US-MIDA-PJM,319.25,394.53,37.32,1.66,pjm.com,false,
2023-09-18 12:00:00,USA,PJM Interconnection,US-MIDA-PJM,318.17,393.4,37.49,2.49,pjm.com,false,
2023-09-18 13:00:00,USA,PJM Interconnection,US-MIDA-PJM,317.29,392.17,37.88,3.33,pjm.com,false,
2023-09-18 14:00:00,USA,PJM Interconnection,US-MIDA-PJM,314.45,388.91,38.49,4.33,pjm.com,false,
2023-09-18 15:00:00,USA,PJM Interconnection,US-MIDA-PJM,309.58,383.4,39.34,5.76,pjm.com,false,
2023-09-18 16:00:00,USA,PJM Interconnection,US-MIDA-PJM,307.62,381.24,39.62,6.43,pjm.com,false,
2023-09-18 17:00:00,USA,PJM Interconnection,US-MIDA-PJM,306.15,379.61,39.86,7.05,pjm.com,false,
2023-09-18 18:00:00,USA,PJM Interconnection,US-MIDA-PJM,306.36,379.88,39.83,7.54,pjm.com,false,
2023-09-18 19:00:00,USA,PJM Interconnection,US-MIDA-PJM,302.7,375.42,40.69,8.56,pjm.com,false,
2023-09-18 20:00:00,USA,PJM Interconnection,US-MIDA-PJM,302.54,375.4,40.63,8.74,pjm.com,false,
2023-09-18 21:00:00,USA,PJM Interconnection,US-MIDA-PJM,304.27,377.57,40.19,8.73,pjm.com,false,
2023-09-18 22:00:00,USA,PJM Interconnection,US-MIDA-PJM,316.88,391.46,38.43,6.88,pjm.com,false,
2023-09-18 23:00:00,USA,PJM Interconnection,US-MIDA-PJM,323.56,398.98,37.33,5.56,pjm.com,false,
2023-09-19 00:00:00,USA,PJM Interconnection,US-MIDA-PJM,325.71,401.27,37.05,4.88,pjm.com,false,
2023-09-19 01:00:00,USA,PJM Interconnection,US-MIDA-PJM,326.0,401.47,36.92,3.12,pjm.com,false,
2023-09-19 02:00:00,USA,PJM Interconnection,US-MIDA-PJM,320.56,394.38,38.32,2.57,pjm.com,false,
2023-09-19 03:00:00,USA,PJM Interconnection,US-MIDA-PJM,312.03,383.87,40.21,2.91,pjm.com,false,
2023-09-19 04:00:00,USA,PJM Interconnection,US-MIDA-PJM,297.96,367.36,42.75,3.43,pjm.com,false,
2023-09-19 05:00:00,USA,PJM Interconnection,US-MIDA-PJM,290.14,358.31,44.1,4.26,pjm.com,false,
2023-09-19 06:00:00,USA,PJM Interconnection,US-MIDA-PJM,287.26,354.63,44.85,4.51,pjm.com,false,
2023-09-19 07:00:00,USA,PJM Interconnection,US-MIDA-PJM,287.63,354.74,45.04,4.31,pjm.com,false,
2023-09-19 08:00:00,USA,PJM Interconnection,US-MIDA-PJM,286.43,352.82,45.65,4.44,pjm.com,false,
2023-09-19 09:00:00,USA,PJM Interconnection,US-MIDA-PJM,289.0,356.58,44.61,4.48,pjm.com,false,
2023-09-19 10:00:00,USA,PJM Interconnection,US-MIDA-PJM,297.8,367.67,42.42,4.17,pjm.com,false,
2023-09-19 11:00:00,USA,PJM Interconnection,US-MIDA-PJM,305.58,376.68,41.12,4.55,pjm.com,false,
2023-09-19 12:00:00,USA,PJM Interconnection,US-MIDA-PJM,294.84,364.21,43.19,7.39,pjm.com,false,
2023-09-19 13:00:00,USA,PJM Interconnection,US-MIDA-PJM,294.41,363.44,43.63,8.67,pjm.com,false,
2023-09-19 14:00:00,USA,PJM Interconnection,US-MIDA-PJM,296.69,365.93,43.42,8.55,pjm.com,false,
2023-09-19 15:00:00,USA,PJM Interconnection,US-MIDA-PJM,294.15,363.44,43.66,9.36,pjm.com,false,
2023-09-19 16:00:00,USA,PJM Interconnection,US-MIDA-PJM,295.76,365.7,42.99,9.44,pjm.com,false,
2023-09-19 17:00:00,USA,PJM Interconnection,US-MIDA-PJM,300.88,371.26,42.39,9.29,pjm.com,false,
2023-09-19 18:00:00,USA,PJM Interconnection,US-MIDA-PJM,297.51,367.48,42.98,10.29,pjm.com,false,
2023-09-19 19:00:00,USA,PJM Interconnection,US-MIDA-PJM,293.85,363.42,43.51,11.1,pjm.com,false,
2023-09-19 20:00:00,USA,PJM Interconnection,US-MIDA-PJM,292.49,362.22,43.44,11.52,pjm.com,false,
2023-09-19 21:00:00,USA,PJM Interconnection,US-MIDA-PJM,296.78,367.34,42.52,11.11,pjm.com,false,
2023-09-19 22:00:00,USA,PJM Interconnection,US-MIDA-PJM,309.37,381.83,40.28,8.78,pjm.com,false,
2023-09-19 23:00:00,USA,PJM Interconnection,US-MIDA-PJM,314.36,387.46,39.45,7.66,pjm.com,false,
2023-09-20 00:00:00,USA,PJM Interconnection,US-MIDA-PJM,312.93,385.72,39.68,7.63,pjm.com,false,
2023-09-20 01:00:00,USA,PJM Interconnection,US-MIDA-PJM,315.03,387.41,39.66,6.19,pjm.com,false,
2023-09-20 02:00:00,USA,PJM Interconnection,US-MIDA-PJM,310.0,380.83,41.02,5.66,pjm.com,false,
2023-09-20 03:00:00,USA,PJM Interconnection,US-MIDA-PJM,302.27,371.62,42.54,5.82,pjm.com,false,
2023-09-20 04:00:00,USA,PJM Interconnection,US-MIDA-PJM,294.51,362.48,43.97,5.82,pjm.com,false,
2023-09-20 05:00:00,USA,PJM Interconnection,US-MIDA-PJM,290.3,357.48,44.77,5.6,pjm.com,false,
2023-09-20 06:00:00,USA,PJM Interconnection,US-MIDA-PJM,290.86,358.34,44.5,5.36,pjm.com,false,
2023-09-20 07:00:00,USA,PJM Interconnection,US-MIDA-PJM,291.37,358.67,44.62,5.24,pjm.com,false,
2023-09-20 08:00:00,USA,PJM Interconnection,US-MIDA-PJM,291.38,358.84,44.48,5.12,pjm.com,false,
2023-09-20 09:00:00,USA,PJM Interconnection,US-MIDA-PJM,293.34,361.66,43.74,4.71,pjm.com,false,
2023-09-20 10:00:00,USA,PJM Interconnection,US-MIDA-PJM,303.49,374.66,41.13,4.17,pjm.com,false,
2023-09-20 11:00:00,USA,PJM Interconnection,US-MIDA-PJM,314.21,386.94,39.45,4.06,pjm.com,false,
2023-09-20 12:00:00,USA,PJM Interconnection,US-MIDA-PJM,312.14,384.32,40.15,5.15,pjm.com,false,
2023-09-20 13:00:00,USA,PJM Interconnection,US-MIDA-PJM,311.24,383.23,40.52,5.99,pjm.com,false,
2023-09-20 14:00:00,USA,PJM Interconnection,US-MIDA-PJM,316.85,388.92,40.26,6.04,pjm.com,false,
2023-09-20 15:00:00,USA,PJM Interconnection,US-MIDA-PJM,317.68,389.95,40.15,6.75,pjm.com,false,
2023-09-20 16:00:00,USA,PJM Interconnection,US-MIDA-PJM,319.27,392.17,39.61,6.9,pjm.com,false,
2023-09-20 17:00:00,USA,PJM Interconnection,US-MIDA-PJM,323.75,397.68,38.62,6.78,pjm.com,false,
2023-09-20 18:00:00,USA,PJM Interconnection,US-MIDA-PJM,318.82,392.26,39.32,7.9,pjm.com,false,
2023-09-20 19:00:00,USA,PJM Interconnection,US-MIDA-PJM,318.36,391.94,39.29,8.45,pjm.com,false,
2023-09-20 20:00:00,USA,PJM Interconnection,US-MIDA-PJM,320.21,394.11,38.97,8.68,pjm.com,false,
2023-09-20 21:00:00,USA,PJM Interconnection,US-MIDA-PJM,326.44,401.25,37.92,8.17,pjm.com,false,
2023-09-20 22:00:00,USA,PJM Interconnection,US-MIDA-PJM,339.08,415.21,36.08,6.17,pjm.com,false,
2023-09-20 23:00:00,USA,PJM Interconnection,US-MIDA-PJM,341.55,417.89,35.73,5.54,pjm.com,false,
2023-09-21 00:00:00,USA,PJM Interconnection,US-MIDA-PJM,343.25,419.98,35.27,4.67,pjm.com,false,
2023-09-21 01:00:00,USA,PJM Interconnection,US-MIDA-PJM,340.63,417.26,35.28,3.07,pjm.com,false,
2023-09-21 02:00:00,USA,PJM Interconnection,US-MIDA-PJM,333.54,409.03,36.37,2.39,pjm.com,false,
2023-09-21 03:00:00,USA,PJM Interconnection,US-MIDA-PJM,327.05,401.08,37.77,2.25,pjm.com,false,
2023-09-21 04:00:00,USA,PJM Interconnection,US-MIDA-PJM,314.85,386.92,39.95,2.42,pjm.com,false,
2023-09-21 05:00:00,USA,PJM Interconnection,US-MIDA-PJM,305.39,376.11,41.37,2.59,pjm.com,false,
2023-09-21 06:00:00,USA,PJM Interconnection,US-MIDA-PJM,300.49,370.26,42.33,2.55,pjm.com,false,
2023-09-21 07:00:00,USA,PJM Interconnection,US-MIDA-PJM,296.55,366.13,42.68,2.43,pjm.com,false,
2023-09-21 08:00:00,USA,PJM Interconnection,US-MIDA-PJM,296.05,365.51,42.8,2.49,pjm.com,false,
2023-09-21 09:00:00,USA,PJM Interconnection,US-MIDA-PJM,297.9,367.92,42.29,2.59,pjm.com,false,
2023-09-21 10:00:00,USA,PJM Interconnection,US-MIDA-PJM,309.35,381.14,40.41,2.51,pjm.com,false,
2023-09-21 11:00:00,USA,PJM Interconnection,US-MIDA-PJM,317.62,390.62,39.15,2.73,pjm.com,false,
2023-09-21 12:00:00,USA,PJM Interconnection,US-MIDA-PJM,316.76,389.79,39.29,3.89,pjm.com,false,
2023-09-21 13:00:00,USA,PJM Interconnection,US-MIDA-PJM,314.99,387.35,40.03,5.11,pjm.com,false,
2023-09-21 14:00:00,USA,PJM Interconnection,US-MIDA-PJM,315.7,387.95,40.18,5.54,pjm.com,false,
2023-09-21 15:00:00,USA,PJM Interconnection,US-MIDA-PJM,314.56,386.78,40.34,6.46,pjm.com,false,
2023-09-21 16:00:00,USA,PJM Interconnection,US-MIDA-PJM,314.06,386.69,40.1,7.24,pjm.com,false,
2023-09-21 17:00:00,USA,PJM Interconnection,US-MIDA-PJM,313.41,385.98,40.27,8.43,pjm.com,false,
2023-09-21 18:00:00,USA,PJM Interconnection,US-MIDA-PJM,316.13,388.66,40.2,8.97,pjm.com,false,
2023-09-21 19:00:00,USA,PJM Interconnection,US-MIDA-PJM,321.7,395.27,39.12,8.45,pjm.com,false,
2023-09-21 20:00:00,USA,PJM Interconnection,US-MIDA-PJM,326.64,400.78,38.45,8.42,pjm.com,false,
2023-09-21 21:00:00,USA,PJM Interconnection,US-MIDA-PJM,329.81,404.5,37.83,7.91,pjm.com,false,
2023-09-21 22:00:00,USA,PJM Interconnection,US-MIDA-PJM,335.74,411.23,36.8,6.38,pjm.com,false,
2023-09-21 23:00:00,USA,PJM Interconnection,US-MIDA-PJM,336.26,412.13,36.41,5.67,pjm.com,false,
2023-09-22 00:00:00,USA,PJM Interconnection,US-MIDA-PJM,339.44,415.6,35.95,5.05,pjm.com,false,
2023-09-22 01:00:00,USA,PJM Interconnection,US-MIDA-PJM,343.57,419.7,35.57,3.35,pjm.com,false,
2023-09-22 02:00:00,USA,PJM Interconnection,US-MIDA-PJM,337.81,412.01,37.19,3.03,pjm.com,false,
2023-09-22 03:00:00,USA,PJM Interconnection,US-MIDA-PJM,328.07,400.55,38.89,3.17,pjm.com,false,
2023-09-22 04:00:00,USA,PJM Interconnection,US-MIDA-PJM,315.66,386.7,40.56,3.31,pjm.com,false,
2023-09-22 05:00:00,USA,PJM Interconnection,US-MIDA-PJM,304.96,375.17,41.74,3.49,pjm.com,false,
2023-09-22 06:00:00,USA,PJM Interconnection,US-MIDA-PJM,297.88,367.8,42.33,3.79,pjm.com,false,
2023-09-22 07:00:00,USA,PJM Interconnection,US-MIDA-PJM,293.27,362.32,43.22,4.06,pjm.com,false,
2023-09-22 08:00:00,USA,PJM Interconnection,US-MIDA-PJM,292.06,360.95,43.4,4.31,pjm.com,false,
2023-09-22 09:00:00,USA,PJM Interconnection,US-MIDA-PJM,293.34,363.0,42.76,4.43,pjm.com,false,
2023-09-22 10:00:00,USA,PJM Interconnection,US-MIDA-PJM,304.22,375.79,40.82,4.43,pjm.com,false,
2023-09-22 11:00:00,USA,PJM Interconnection,US-MIDA-PJM,312.43,384.99,39.67,4.62,pjm.com,false,
2023-09-22 12:00:00,USA,PJM Interconnection,US-MIDA-PJM,311.39,383.98,39.8,5.23,pjm.com,false,
2023-09-22 13:00:00,USA,PJM Interconnection,US-MIDA-PJM,313.58,385.96,39.97,5.59,pjm.com,false,
2023-09-22 14:00:00,USA,PJM Interconnection,US-MIDA-PJM,313.54,386.67,39.52,5.75,pjm.com,false,
2023-09-22 15:00:00,USA,PJM Interconnection,US-MIDA-PJM,311.14,383.81,40.04,6.81,pjm.com,false,
2023-09-22 16:00:00,USA,PJM Interconnection,US-MIDA-PJM,307.67,379.7,40.83,8.26,pjm.com,false,
2023-09-22 17:00:00,USA,PJM Interconnection,US-MIDA-PJM,317.02,390.22,39.5,7.77,pjm.com,false,
2023-09-22 18:00:00,USA,PJM Interconnection,US-MIDA-PJM,320.42,394.33,38.8,7.34,pjm.com,false,
2023-09-22 19:00:00,USA,PJM Interconnection,US-MIDA-PJM,320.34,394.58,38.7,7.3,pjm.com,false,
2023-09-22 20:00:00,USA,PJM Interconnection,US-MIDA-PJM,321.02,395.39,38.61,7.34,pjm.com,false,
2023-09-22 21:00:00,USA,PJM Interconnection,US-MIDA-PJM,323.3,397.39,38.64,7.14,pjm.com,false,
2023-09-22 22:00:00,USA,PJM Interconnection,US-MIDA-PJM,322.32,396.37,38.66,6.76,pjm.com,false,
2023-09-22 23:00:00,USA,PJM Interconnection,US-MIDA-PJM,323.36,397.8,38.21,5.87,pjm.com,false,
2023-09-23 00:00:00,USA,PJM Interconnection,US-MIDA-PJM,320.03,393.51,38.83,5.62,pjm.com,false,
2023-09-23 01:00:00,USA,PJM Interconnection,US-MIDA-PJM,311.21,383.23,40.2,5.68,pjm.com,false,
2023-09-23 02:00:00,USA,PJM Interconnection,US-MIDA-PJM,302.85,373.48,41.59,5.74,pjm.com,false,
2023-09-23 03:00:00,USA,PJM Interconnection,US-MIDA-PJM,296.49,366.16,42.57,5.68,pjm.com,false,
2023-09-23 04:00:00,USA,PJM Interconnection,US-MIDA-PJM,285.22,352.9,44.63,5.85,pjm.com,false,
2023-09-23 05:00:00,USA,PJM Interconnection,US-MIDA-PJM,280.38,346.62,45.97,5.78,pjm.com,false,
2023-09-23 06:00:00,USA,PJM Interconnection,US-MIDA-PJM,276.58,341.38,47.24,5.85,pjm.com,false,
2023-09-23 07:00:00,USA,PJM Interconnection,US-MIDA-PJM,274.58,339.05,47.61,5.88,pjm.com,false,
2023-09-23 08:00:00,USA,PJM Interconnection,US-MIDA-PJM,273.79,338.65,47.36,5.49,pjm.com,false,
2023-09-23 09:00:00,USA,PJM Interconnection,US-MIDA-PJM,274.86,340.04,47.07,4.98,pjm.com,false,
2023-09-23 10:00:00,USA,PJM Interconnection,US-MIDA-PJM,277.1,343.32,46.18,4.6,pjm.com,false,
2023-09-23 11:00:00,USA,PJM Interconnection,US-MIDA-PJM,277.89,344.95,45.5,4.67,pjm.com,false,
2023-09-23 12:00:00,USA,PJM Interconnection,US-MIDA-PJM,278.23,345.83,45.15,5.22,pjm.com,false,
2023-09-23 13:00:00,USA,PJM Interconnection,US-MIDA-PJM,289.6,359.15,43.21,5.0,pjm.com,false,
2023-09-23 14:00:00,USA,PJM Interconnection,US-MIDA-PJM,299.83,371.11,41.53,4.51,pjm.com,false,
2023-09-23 15:00:00,USA,PJM Interconnection,US-MIDA-PJM,301.26,372.63,41.46,5.47,pjm.com,false,
2023-09-23 16:00:00,USA,PJM Interconnection,US-MIDA-PJM,301.9,373.17,41.52,6.22,pjm.com,false,
2023-09-23 17:00:00,USA,PJM Interconnection,US-MIDA-PJM,300.3,371.17,41.95,6.94,pjm.com,false,
2023-09-23 18:00:00,USA,PJM Interconnection,US-MIDA-PJM,294.46,364.35,43.02,7.88,pjm.com,false,
2023-09-23 19:00:00,USA,PJM Interconnection,US-MIDA-PJM,292.45,361.98,43.5,8.67,pjm.com,false,
2023-09-23 20:00:00,USA,PJM Interconnection,US-MIDA-PJM,293.51,363.47,43.35,8.66,pjm.com,false,
2023-09-23 21:00:00,USA,PJM Interconnection,US-MIDA-PJM,296.09,366.25,43.15,8.77,pjm.com,false,
2023-09-23 22:00:00,USA,PJM Interconnection,US-MIDA-PJM,300.49,370.82,42.73,8.32,pjm.com,false,
2023-09-23 23:00:00,USA,PJM Interconnection,US-MIDA-PJM,304.7,374.95,42.47,7.91,pjm.com,false,
2023-09-24 00:00:00,USA,PJM Interconnection,US-MIDA-PJM,295.35,364.43,43.67,8.6,pjm.com,false,
2023-09-24 01:00:00,USA,PJM Interconnection,US-MIDA-PJM,288.1,355.88,44.68,8.94,pjm.com,false,
2023-09-24 02:00:00,USA,PJM Interconnection,US-MIDA-PJM,280.54,347.43,45.49,8.4,pjm.com,false,
2023-09-24 03:00:00,USA,PJM Interconnection,US-MIDA-PJM,275.17,341.16,46.42,8.38,pjm.com,false,
2023-09-24 04:00:00,USA,PJM Interconnection,US-MIDA-PJM,267.39,331.79,47.99,7.86,pjm.com,false,
2023-09-24 05:00:00,USA,PJM Interconnection,US-MIDA-PJM,262.82,325.6,49.44,8.13,pjm.com,false,
2023-09-24 06:00:00,USA,PJM Interconnection,US-MIDA-PJM,263.11,325.97,49.35,8.29,pjm.com,false,
2023-09-24 07:00:00,USA,PJM Interconnection,US-MIDA-PJM,266.26,329.7,48.76,7.35,pjm.com,false,
2023-09-24 08:00:00,USA,PJM Interconnection,US-MIDA-PJM,269.58,333.91,47.95,6.16,pjm.com,false,
2023-09-24 09:00:00,USA,PJM Interconnection,US-MIDA-PJM,272.39,337.47,47.27,5.45,pjm.com,false,
2023-09-24 10:00:00,USA,PJM Interconnection,US-MIDA-PJM,273.23,338.51,47.11,5.27,pjm.com,false,
2023-09-24 11:00:00,USA,PJM Interconnection,US-MIDA-PJM,276.68,342.45,46.61,5.34,pjm.com,false,
2023-09-24 12:00:00,USA,PJM Interconnection,US-MIDA-PJM,272.23,337.13,47.62,7.04,pjm.com,false,
2023-09-24 13:00:00,USA,PJM Interconnection,US-MIDA-PJM,272.51,338.67,46.86,7.47,pjm.com,false,
2023-09-24 14:00:00,USA,PJM Interconnection,US-MIDA-PJM,281.07,349.4,44.89,6.82,pjm.com,false,
2023-09-24 15:00:00,USA,PJM Interconnection,US-MIDA-PJM,286.09,355.53,43.8,6.44,pjm.com,false,
2023-09-24 16:00:00,USA,PJM Interconnection,US-MIDA-PJM,297.71,368.28,42.35,6.11,pjm.com,false,
2023-09-24 17:00:00,USA,PJM Interconnection,US-MIDA-PJM,300.63,371.87,41.7,6.06,pjm.com,false,
2023-09-24 18:00:00,USA,PJM Interconnection,US-MIDA-PJM,300.7,372.02,41.62,6.02,pjm.com,false,
2023-09-24 19:00:00,USA,PJM Interconnection,US-MIDA-PJM,302.82,374.75,41.06,5.71,pjm.com,false,
2023-09-24 20:00:00,USA,PJM Interconnection,US-MIDA-PJM,301.41,373.31,41.43,6.36,pjm.com,false,
2023-09-24 21:00:00,USA,PJM Interconnection,US-MIDA-PJM,301.23,373.04,41.59,7.01,pjm.com,false,
2023-09-24 22:00:00,USA,PJM Interconnection,US-MIDA-PJM,305.27,377.23,41.22,6.71,pjm.com,false,
2023-09-24 23:00:00,USA,PJM Interconnection,US-MIDA-PJM,307.14,379.34,40.94,6.85,pjm.com,false,
2023-09-25 00:00:00,USA,PJM Interconnection,US-MIDA-PJM,304.89,376.86,41.11,7.11,pjm.com,false,
2023-09-25 01:00:00,USA,PJM Interconnection,US-MIDA-PJM,302.95,374.3,41.38,6.34,pjm.com,false,
2023-09-25 02:00:00,USA,PJM Interconnection,US-MIDA-PJM,303.9,375.58,40.81,4.58,pjm.com,false,
2023-09-25 03:00:00,USA,PJM Interconnection,US-MIDA-PJM,307.48,379.18,40.55,3.3,pjm.com,false,
2023-09-25 04:00:00,USA,PJM Interconnection,US-MIDA-PJM,304.93,375.96,41.17,2.61,pjm.com,false,
2023-09-25 05:00:00,USA,PJM Interconnection,US-MIDA-PJM,295.29,366.4,41.61,2.34,pjm.com,false,
2023-09-25 06:00:00,USA,PJM Interconnection,US-MIDA-PJM,292.92,363.7,41.99,2.62,pjm.com,false,
2023-09-25 07:00:00,USA,PJM Interconnection,US-MIDA-PJM,293.78,364.65,41.89,2.1,pjm.com,false,
2023-09-25 08:00:00,USA,PJM Interconnection,US-MIDA-PJM,294.2,365.16,41.8,2.04,pjm.com,false,
2023-09-25 09:00:00,USA,PJM Interconnection,US-MIDA-PJM,302.45,373.57,41.29,2.4,pjm.com,false,
2023-09-25 10:00:00,USA,PJM Interconnection,US-MIDA-PJM,311.76,384.5,39.69,2.93,pjm.com,false,
2023-09-25 11:00:00,USA,PJM Interconnection,US-MIDA-PJM,316.55,390.27,38.77,3.53,pjm.com,false,
2023-09-25 12:00:00,USA,PJM Interconnection,US-MIDA-PJM,317.67,391.54,38.68,4.36,pjm.com,false,
2023-09-25 13:00:00,USA,PJM Interconnection,US-MIDA-PJM,324.34,399.25,37.62,3.87,pjm.com,false,
2023-09-25 14:00:00,USA,PJM Interconnection,US-MIDA-PJM,329.27,405.04,36.84,3.77,pjm.com,false,
2023-09-25 15:00:00,USA,PJM Interconnection,US-MIDA-PJM,328.16,404.11,36.81,4.37,pjm.com,false,
2023-09-25 16:00:00,USA,PJM Interconnection,US-MIDA-PJM,324.22,400.0,37.21,5.34,pjm.com,false,
2023-09-25 17:00:00,USA,PJM Interconnection,US-MIDA-PJM,320.79,396.22,37.7,6.08,pjm.com,false,
2023-09-25 18:00:00,USA,PJM Interconnection,US-MIDA-PJM,325.24,401.26,37.0,5.67,pjm.com,false,
2023-09-25 19:00:00,USA,PJM Interconnection,US-MIDA-PJM,328.23,404.92,36.34,5.35,pjm.com,false,
2023-09-25 20:00:00,USA,PJM Interconnection,US-MIDA-PJM,329.7,406.7,36.23,5.22,pjm.com,false,
2023-09-25 21:00:00,USA,PJM Interconnection,US-MIDA-PJM,329.8,406.76,36.27,5.39,pjm.com,false,
2023-09-25 22:00:00,USA,PJM Interconnection,US-MIDA-PJM,331.61,408.72,36.02,5.2,pjm.com,false,
2023-09-25 23:00:00,USA,PJM Interconnection,US-MIDA-PJM,333.36,410.67,35.74,4.88,pjm.com,false,
2023-09-26 00:00:00,USA,PJM Interconnection,US-MIDA-PJM,334.57,411.55,35.87,4.44,pjm.com,false,
2023-09-26 01:00:00,USA,PJM Interconnection,US-MIDA-PJM,331.5,406.95,36.82,4.03,pjm.com,false,
2023-09-26 02:00:00,USA,PJM Interconnection,US-MIDA-PJM,326.24,399.81,38.27,3.96,pjm.com,false,
2023-09-26 03:00:00,USA,PJM Interconnection,US-MIDA-PJM,321.19,393.21,39.6,4.02,pjm.com,false,
2023-09-26 04:00:00,USA,PJM Interconnection,US-MIDA-PJM,305.13,374.96,42.03,4.52,pjm.com,false,
2023-09-26 05:00:00,USA,PJM Interconnection,US-MIDA-PJM,289.3,358.38,43.41,4.75,pjm.com,false,
2023-09-26 06:00:00,USA,PJM Interconnection,US-MIDA-PJM,285.53,355.0,43.31,4.53,pjm.com,false,
2023-09-26 07:00:00,USA,PJM Interconnection,US-MIDA-PJM,284.03,353.51,43.39,4.09,pjm.com,false,
2023-09-26 08:00:00,USA,PJM Interconnection,US-MIDA-PJM,285.22,355.01,43.11,3.64,pjm.com,false,
2023-09-26 09:00:00,USA,PJM Interconnection,US-MIDA-PJM,291.45,361.79,42.4,3.46,pjm.com,false,
2023-09-26 10:00:00,USA,PJM Interconnection,US-MIDA-PJM,304.63,376.67,40.47,3.5,pjm.com,false,
2023-09-26 11:00:00,USA,PJM Interconnection,US-MIDA-PJM,312.52,386.26,38.8,3.57,pjm.com,false,
2023-09-26 12:00:00,USA,PJM Interconnection,US-MIDA-PJM,316.23,390.37,38.38,3.75,pjm.com,false,
2023-09-26 13:00:00,USA,PJM Interconnection,US-MIDA-PJM,320.66,395.29,37.89,3.8,pjm.com,false,
2023-09-26 14:00:00,USA,PJM Interconnection,US-MIDA-PJM,323.24,398.64,37.3,3.71,pjm.com,false,
2023-09-26 15:00:00,USA,PJM Interconnection,US-MIDA-PJM,322.81,398.53,37.14,4.14,pjm.com,false,
2023-09-26 16:00:00,USA,PJM Interconnection,US-MIDA-PJM,320.47,396.14,37.36,4.93,pjm.com,false,
2023-09-26 17:00:00,USA,PJM Interconnection,US-MIDA-PJM,316.7,391.84,38.01,5.81,pjm.com,false,
2023-09-26 18:00:00,USA,PJM Interconnection,US-MIDA-PJM,319.87,395.31,37.63,5.68,pjm.com,false,
2023-09-26 19:00:00,USA,PJM Interconnection,US-MIDA-PJM,324.55,400.63,36.91,5.3,pjm.com,false,
2023-09-26 20:00:00,USA,PJM Interconnection,US-MIDA-PJM,325.95,402.29,36.84,5.57,pjm.com,false,
2023-09-26 21:00:00,USA,PJM Interconnection,US-MIDA-PJM,322.64,398.51,37.39,6.12,pjm.com,false,
2023-09-26 22:00:00,USA,PJM Interconnection,US-MIDA-PJM,323.47,399.45,37.21,5.95,pjm.com,false,
2023-09-26 23:00:00,USA,PJM Interconnection,US-MIDA-PJM,324.36,400.71,36.87,5.6,pjm.com,false,
2023-09-27 00:00:00,USA,PJM Interconnection,US-MIDA-PJM,326.17,402.56,36.67,4.79,pjm.com,false,
2023-09-27 01:00:00,USA,PJM Interconnection,US-MIDA-PJM,322.6,397.72,37.52,4.38,pjm.com,false,
2023-09-27 02:00:00,USA,PJM Interconnection,US-MIDA-PJM,314.42,387.2,39.43,4.4,pjm.com,false,
2023-09-27 03:00:00,USA,PJM Interconnection,US-MIDA-PJM,307.26,378.33,41.05,4.73,pjm.com,false,
2023-09-27 04:00:00,USA,PJM Interconnection,US-MIDA-PJM,297.46,367.06,42.85,4.74,pjm.com,false,
2023-09-27 05:00:00,USA,PJM Interconnection,US-MIDA-PJM,289.19,358.45,43.31,4.27,pjm.com,false,
2023-09-27 06:00:00,USA,PJM Interconnection,US-MIDA-PJM,287.47,356.98,43.21,3.93,pjm.com,false,
2023-09-27 07:00:00,USA,PJM Interconnection,US-MIDA-PJM,281.46,350.33,44.0,4.12,pjm.com,false,
2023-09-27 08:00:00,USA,PJM Interconnection,US-MIDA-PJM,282.2,351.22,43.86,3.72,pjm.com,false,
2023-09-27 09:00:00,USA,PJM Interconnection,US-MIDA-PJM,287.81,357.51,43.09,3.47,pjm.com,false,
2023-09-27 10:00:00,USA,PJM Interconnection,US-MIDA-PJM,296.41,367.38,41.71,3.71,pjm.com,false,
2023-09-27 11:00:00,USA,PJM Interconnection,US-MIDA-PJM,308.38,380.91,39.93,3.29,pjm.com,false,
2023-09-27 12:00:00,USA,PJM Interconnection,US-MIDA-PJM,315.36,388.67,39.1,3.16,pjm.com,false,
2023-09-27 13:00:00,USA,PJM Interconnection,US-MIDA-PJM,315.27,388.03,39.53,3.67,pjm.com,false,
2023-09-27 14:00:00,USA,PJM Interconnection,US-MIDA-PJM,313.85,386.97,39.49,3.88,pjm.com,false,
2023-09-27 15:00:00,USA,PJM Interconnection,US-MIDA-PJM,311.08,384.2,39.82,4.5,pjm.com,false,
2023-09-27 16:00:00,USA,PJM Interconnection,US-MIDA-PJM,309.69,382.74,40.02,5.16,pjm.com,false,
2023-09-27 17:00:00,USA,PJM Interconnection,US-MIDA-PJM,312.33,385.5,39.81,5.34,pjm.com,false,
2023-09-27 18:00:00,USA,PJM Interconnection,US-MIDA-PJM,314.12,387.71,39.4,5.07,pjm.com,false,
2023-09-27 19:00:00,USA,PJM Interconnection,US-MIDA-PJM,315.22,389.23,39.05,4.93,pjm.com,false,
2023-09-27 20:00:00,USA,PJM Interconnection,US-MIDA-PJM,311.91,385.45,39.74,6.03,pjm.com,false,
2023-09-27 21:00:00,USA,PJM Interconnection,US-MIDA-PJM,311.98,385.83,39.38,6.04,pjm.com,false,
2023-09-27 22:00:00,USA,PJM Interconnection,US-MIDA-PJM,312.14,386.17,39.14,5.84,pjm.com,false,
2023-09-27 23:00:00,USA,PJM Interconnection,US-MIDA-PJM,314.37,389.01,38.53,5.54,pjm.com,false,
2023-09-28 00:00:00,USA,PJM Interconnection,US-MIDA-PJM,318.6,393.63,37.94,4.97,pjm.com,false,
2023-09-28 01:00:00,USA,PJM Interconnection,US-MIDA-PJM,315.94,389.83,38.73,4.21,pjm.com,false,
2023-09-28 02:00:00,USA,PJM Interconnection,US-MIDA-PJM,310.26,382.94,39.77,3.66,pjm.com,false,
2023-09-28 03:00:00,USA,PJM Interconnection,US-MIDA-PJM,307.33,378.73,40.84,3.55,pjm.com,false,
2023-09-28 04:00:00,USA,PJM Interconnection,US-MIDA-PJM,298.27,368.08,42.46,3.19,pjm.com,false,
2023-09-28 05:00:00,USA,PJM Interconnection,US-MIDA-PJM,289.23,358.09,43.61,2.96,pjm.com,false,
2023-09-28 06:00:00,USA,PJM Interconnection,US-MIDA-PJM,287.27,356.93,43.12,2.55,pjm.com,false,
2023-09-28 07:00:00,USA,PJM Interconnection,US-MIDA-PJM,284.17,353.37,43.64,2.53,pjm.com,false,
2023-09-28 08:00:00,USA,PJM Interconnection,US-MIDA-PJM,284.56,353.58,43.76,2.39,pjm.com,false,
2023-09-28 09:00:00,USA,PJM Interconnection,US-MIDA-PJM,289.24,358.76,43.19,2.63,pjm.com,false,
2023-09-28 10:00:00,USA,PJM Interconnection,US-MIDA-PJM,299.94,371.18,41.38,2.91,pjm.com,false,
2023-09-28 11:00:00,USA,PJM Interconnection,US-MIDA-PJM,310.65,383.87,39.45,2.79,pjm.com,false,
2023-09-28 12:00:00,USA,PJM Interconnection,US-MIDA-PJM,314.47,388.16,39.24,3.38,pjm.com,false,
2023-09-28 13:00:00,USA,PJM Interconnection,US-MIDA-PJM,312.29,385.68,39.67,4.14,pjm.com,false,
2023-09-28 14:00:00,USA,PJM Interconnection,US-MIDA-PJM,311.04,384.94,39.47,4.36,pjm.com,false,
2023-09-28 15:00:00,USA,PJM Interconnection,US-MIDA-PJM,313.56,388.05,39.0,4.45,pjm.com,false,
2023-09-28 16:00:00,USA,PJM Interconnection,US-MIDA-PJM,317.66,392.42,38.6,4.46,pjm.com,false,
2023-09-28 17:00:00,USA,PJM Interconnection,US-MIDA-PJM,318.8,393.58,38.35,4.43,pjm.com,false,
2023-09-28 18:00:00,USA,PJM Interconnection,US-MIDA-PJM,320.81,395.75,38.06,4.19,pjm.com,false,
2023-09-28 19:00:00,USA,PJM Interconnection,US-MIDA-PJM,322.25,397.25,37.96,4.15,pjm.com,false,
2023-09-28 20:00:00,USA,PJM Interconnection,US-MIDA-PJM,319.21,393.31,38.85,5.21,pjm.com,false,
2023-09-28 21:00:00,USA,PJM Interconnection,US-MIDA-PJM,315.26,388.62,39.62,6.16,pjm.com,false,
2023-09-28 22:00:00,USA,PJM Interconnection,US-MIDA-PJM,316.33,389.91,39.34,5.97,pjm.com,false,
2023-09-28 23:00:00,USA,PJM Interconnection,US-MIDA-PJM,319.32,393.44,38.75,5.58,pjm.com,false,
2023-09-29 00:00:00,USA,PJM Interconnection,US-MIDA-PJM,320.22,394.15,38.78,5.48,pjm.com,false,
2023-09-29 01:00:00,USA,PJM Interconnection,US-MIDA-PJM,320.75,394.02,39.02,4.25,pjm.com,false,
2023-09-29 02:00:00,USA,PJM Interconnection,US-MIDA-PJM,321.26,393.86,39.28,3.0,pjm.com,false,
2023-09-29 03:00:00,USA,PJM Interconnection,US-MIDA-PJM,319.96,391.75,39.88,2.47,pjm.com,false,
2023-09-29 04:00:00,USA,PJM Interconnection,US-MIDA-PJM,310.62,381.18,41.3,2.36,pjm.com,false,
2023-09-29 05:00:00,USA,PJM Interconnection,US-MIDA-PJM,302.5,372.35,42.22,2.28,pjm.com,false,
2023-09-29 06:00:00,USA,PJM Interconnection,US-MIDA-PJM,297.84,367.7,42.45,2.18,pjm.com,false,
2023-09-29 07:00:00,USA,PJM Interconnection,US-MIDA-PJM,294.02,363.79,42.76,2.01,pjm.com,false,
2023-09-29 08:00:00,USA,PJM Interconnection,US-MIDA-PJM,293.66,363.96,42.39,1.66,pjm.com,false,
2023-09-29 09:00:00,USA,PJM Interconnection,US-MIDA-PJM,299.54,370.64,41.52,1.76,pjm.com,false,
2023-09-29 10:00:00,USA,PJM Interconnection,US-MIDA-PJM,312.48,384.64,40.09,2.17,pjm.com,false,
2023-09-29 11:00:00,USA,PJM Interconnection,US-MIDA-PJM,320.19,393.1,39.19,2.14,pjm.com,false,
2023-09-29 12:00:00,USA,PJM Interconnection,US-MIDA-PJM,322.89,396.61,38.51,2.45,pjm.com,false,
2023-09-29 13:00:00,USA,PJM Interconnection,US-MIDA-PJM,326.39,400.55,38.07,2.86,pjm.com,false,
2023-09-29 14:00:00,USA,PJM Interconnection,US-MIDA-PJM,324.18,398.97,37.94,2.87,pjm.com,false,
2023-09-29 15:00:00,USA,PJM Interconnection,US-MIDA-PJM,322.54,397.48,38.07,3.51,pjm.com,false,
2023-09-29 16:00:00,USA,PJM Interconnection,US-MIDA-PJM,322.55,397.58,38.01,4.07,pjm.com,false,
2023-09-29 17:00:00,USA,PJM Interconnection,US-MIDA-PJM,322.6,397.71,38.03,5.03,pjm.com,false,
2023-09-29 18:00:00,USA,PJM Interconnection,US-MIDA-PJM,321.12,396.15,38.2,5.54,pjm.com,false,
2023-09-29 19:00:00,USA,PJM Interconnection,US-MIDA-PJM,323.02,398.05,38.15,5.38,pjm.com,false,
2023-09-29 20:00:00,USA,PJM Interconnection,US-MIDA-PJM,323.53,398.61,38.32,5.7,pjm.com,false,
2023-09-29 21:00:00,USA,PJM Interconnection,US-MIDA-PJM,322.37,397.07,38.67,6.02,pjm.com,false,
2023-09-29 22:00:00,USA,PJM Interconnection,US-MIDA-PJM,323.1,398.05,38.37,5.19,pjm.com,false,
2023-09-29 23:00:00,USA,PJM Interconnection,US-MIDA-PJM,325.01,400.15,38.07,4.73,pjm.com,false,
2023-09-30 00:00:00,USA,PJM Interconnection,US-MIDA-PJM,326.1,401.06,38.05,4.12,pjm.com,false,
2023-09-30 01:00:00,USA,PJM Interconnection,US-MIDA-PJM,318.53,391.72,39.46,4.18,pjm.com,false,
2023-09-30 02:00:00,USA,PJM Interconnection,US-MIDA-PJM,314.21,386.21,40.28,3.62,pjm.com,false,
2023-09-30 03:00:00,USA,PJM Interconnection,US-MIDA-PJM,313.04,384.39,40.81,3.24,pjm.com,false,
2023-09-30 04:00:00,USA,PJM Interconnection,US-MIDA-PJM,305.79,375.67,42.28,3.27,pjm.com,false,
2023-09-30 05:00:00,USA,PJM Interconnection,US-MIDA-PJM,299.47,368.04,43.57,3.42,pjm.com,false,
2023-09-30 06:00:00,USA,PJM Interconnection,US-MIDA-PJM,298.79,367.31,43.64,3.33,pjm.com,false,
2023-09-30 07:00:00,USA,PJM Interconnection,US-MIDA-PJM,295.91,363.94,44.17,3.3,pjm.com,false,
2023-09-30 08:00:00,USA,PJM Interconnection,US-MIDA-PJM,292.9,361.25,44.1,3.15,pjm.com,false,
2023-09-30 09:00:00,USA,PJM Interconnection,US-MIDA-PJM,292.38,360.52,44.29,3.04,pjm.com,false,
2023-09-30 10:00:00,USA,PJM Interconnection,US-MIDA-PJM,301.06,369.91,43.31,2.84,pjm.com,false,
2023-09-30 11:00:00,USA,PJM Interconnection,US-MIDA-PJM,308.7,378.58,42.14,2.79,pjm.com,false,
2023-09-30 12:00:00,USA,PJM Interconnection,US-MIDA-PJM,309.97,380.09,41.97,3.38,pjm.com,false,
2023-09-30 13:00:00,USA,PJM Interconnection,US-MIDA-PJM,311.43,381.99,41.76,4.21,pjm.com,false,
2023-09-30 14:00:00,USA,PJM Interconnection,US-MIDA-PJM,311.96,382.99,41.52,4.51,pjm.com,false,
2023-09-30 15:00:00,USA,PJM Interconnection,US-MIDA-PJM,316.88,388.79,40.64,4.65,pjm.com,false,
2023-09-30 16:00:00,USA,PJM Interconnection,US-MIDA-PJM,320.37,392.64,40.19,4.94,pjm.com,false,
2023-09-30 17:00:00,USA,PJM Interconnection,US-MIDA-PJM,326.59,399.71,39.18,4.71,pjm.com,false,
2023-09-30 18:00:00,USA,PJM Interconnection,US-MIDA-PJM,325.49,398.58,39.41,5.67,pjm.com,false,
2023-09-30 19:00:00,USA,PJM Interconnection,US-MIDA-PJM,324.54,397.75,39.41,6.4,pjm.com,false,
2023-09-30 20:00:00,USA,PJM Interconnection,US-MIDA-PJM,327.26,400.72,39.1,6.73,pjm.com,false,
2023-09-30 21:00:00,USA,PJM Interconnection,US-MIDA-PJM,327.9,401.36,39.08,7.06,pjm.com,false,
2023-09-30 22:00:00,USA,PJM Interconnection,US-MIDA-PJM,333.94,407.89,38.25,5.98,pjm.com,false,
2023-09-30 23:00:00,USA,PJM Interconnection,US-MIDA-PJM,337.49,412.02,37.53,5.12,pjm.com,false,
2023-10-01 00:00:00,USA,PJM Interconnection,US-MIDA-PJM,333.05,407.06,38.03,4.92,pjm.com,false,
2023-10-01 01:00:00,USA,PJM Interconnection,US-MIDA-PJM,323.09,395.49,39.64,4.9,pjm.com,false,
2023-10-01 02:00:00,USA,PJM Interconnection,US-MIDA-PJM,318.75,390.36,40.18,4.04,pjm.com,false,
2023-10-01 03:00:00,USA,PJM Interconnection,US-MIDA-PJM,317.14,388.3,40.52,3.36,pjm.com,false,
2023-10-01 04:00:00,USA,PJM Interconnection,US-MIDA-PJM,308.92,378.05,42.42,3.18,pjm.com,false,
2023-10-01 05:00:00,USA,PJM Interconnection,US-MIDA-PJM,303.22,371.37,43.44,3.14,pjm.com,false,
2023-10-01 06:00:00,USA,PJM Interconnection,US-MIDA-PJM,295.71,363.53,44.08,2.85,pjm.com,false,
2023-10-01 07:00:00,USA,PJM Interconnection,US-MIDA-PJM,293.91,361.0,44.73,2.48,pjm.com,false,
2023-10-01 08:00:00,USA,PJM Interconnection,US-MIDA-PJM,293.18,359.98,45.0,2.16,pjm.com,false,
2023-10-01 09:00:00,USA,PJM Interconnection,US-MIDA-PJM,294.23,361.37,44.7,1.77,pjm.com,false,
2023-10-01 10:00:00,USA,PJM Interconnection,US-MIDA-PJM,294.34,361.85,44.43,1.85,pjm.com,false,
2023-10-01 11:00:00,USA,PJM Interconnection,US-MIDA-PJM,294.31,362.1,44.24,2.15,pjm.com,false,
2023-10-01 12:00:00,USA,PJM Interconnection,US-MIDA-PJM,289.2,356.0,45.45,4.39,pjm.com,false,
2023-10-01 13:00:00,USA,PJM Interconnection,US-MIDA-PJM,285.72,352.3,46.04,6.57,pjm.com,false,
2023-10-01 14:00:00,USA,PJM Interconnection,US-MIDA-PJM,291.4,358.73,45.32,6.88,pjm.com,false,
2023-10-01 15:00:00,USA,PJM Interconnection,US-MIDA-PJM,297.78,366.33,44.08,6.8,pjm.com,false,
2023-10-01 16:00:00,USA,PJM Interconnection,US-MIDA-PJM,307.51,377.57,42.45,6.74,pjm.com,false,
2023-10-01 17:00:00,USA,PJM Interconnection,US-MIDA-PJM,317.85,389.46,40.78,6.49,pjm.com,false,
2023-10-01 18:00:00,USA,PJM Interconnection,US-MIDA-PJM,322.97,395.17,40.08,6.83,pjm.com,false,
2023-10-01 19:00:00,USA,PJM Interconnection,US-MIDA-PJM,323.31,396.2,39.62,7.53,pjm.com,false,
2023-10-01 20:00:00,USA,PJM Interconnection,US-MIDA-PJM,326.47,400.61,38.53,7.67,pjm.com,false,
2023-10-01 21:00:00,USA,PJM Interconnection,US-MIDA-PJM,333.89,409.54,36.95,6.8,pjm.com,false,
2023-10-01 22:00:00,USA,PJM Interconnection,US-MIDA-PJM,342.14,419.1,35.39,5.1,pjm.com,false,
2023-10-01 23:00:00,USA,PJM Interconnection,US-MIDA-PJM,343.42,420.82,34.94,4.65,pjm.com,false,
2023-10-02 00:00:00,USA,PJM Interconnection,US-MIDA-PJM,346.13,423.15,35.04,4.13,pjm.com,false,
2023-10-02 01:00:00,USA,PJM Interconnection,US-MIDA-PJM,345.95,421.68,35.88,2.81,pjm.com,false,
2023-10-02 02:00:00,USA,PJM Interconnection,US-MIDA-PJM,344.23,418.57,36.89,2.01,pjm.com,false,
2023-10-02 03:00:00,USA,PJM Interconnection,US-MIDA-PJM,336.99,409.51,38.57,2.25,pjm.com,false,
2023-10-02 04:00:00,USA,PJM Interconnection,US-MIDA-PJM,321.77,392.43,40.72,2.33,pjm.com,false,
2023-10-02 05:00:00,USA,PJM Interconnection,US-MIDA-PJM,307.62,377.86,41.77,2.08,pjm.com,false,
2023-10-02 06:00:00,USA,PJM Interconnection,US-MIDA-PJM,304.06,374.07,42.11,1.79,pjm.com,false,
2023-10-02 07:00:00,USA,PJM Interconnection,US-MIDA-PJM,304.11,373.64,42.45,1.61,pjm.com,false,
2023-10-02 08:00:00,USA,PJM Interconnection,US-MIDA-PJM,305.55,375.1,42.37,1.55,pjm.com,false,
2023-10-02 09:00:00,USA,PJM Interconnection,US-MIDA-PJM,310.9,381.49,41.39,1.75,pjm.com,false,
2023-10-02 10:00:00,USA,PJM Interconnection,US-MIDA-PJM,323.99,396.32,39.49,1.97,pjm.com,false,
2023-10-02 11:00:00,USA,PJM Interconnection,US-MIDA-PJM,333.64,407.07,38.15,1.97,pjm.com,false,
2023-10-02 12:00:00,USA,PJM Interconnection,US-MIDA-PJM,327.24,400.44,38.8,3.4,pjm.com,false,
2023-10-02 13:00:00,USA,PJM Interconnection,US-MIDA-PJM,321.32,394.1,39.66,5.18,pjm.com,false,
2023-10-02 14:00:00,USA,PJM Interconnection,US-MIDA-PJM,325.68,399.47,38.91,5.72,pjm.com,false,
2023-10-02 15:00:00,USA,PJM Interconnection,US-MIDA-PJM,331.55,406.48,37.81,5.79,pjm.com,false,
2023-10-02 16:00:00,USA,PJM Interconnection,US-MIDA-PJM,337.96,413.72,36.88,6.0,pjm.com,false,
2023-10-02 17:00:00,USA,PJM Interconnection,US-MIDA-PJM,341.48,417.39,36.63,6.78,pjm.com,false,
2023-10-02 18:00:00,USA,PJM Interconnection,US-MIDA-PJM,345.27,421.91,35.9,6.99,pjm.com,false,
2023-10-02 19:00:00,USA,PJM Interconnection,US-MIDA-PJM,344.54,421.4,35.82,7.57,pjm.com,false,
2023-10-02 20:00:00,USA,PJM Interconnection,US-MIDA-PJM,348.37,426.15,35.08,7.35,pjm.com,false,
2023-10-02 21:00:00,USA,PJM Interconnection,US-MIDA-PJM,355.37,434.25,34.08,6.31,pjm.com,false,
2023-10-02 22:00:00,USA,PJM Interconnection,US-MIDA-PJM,363.28,443.5,32.44,4.49,pjm.com,false,
2023-10-02 23:00:00,USA,PJM Interconnection,US-MIDA-PJM,368.84,449.43,31.79,3.68,pjm.com,false,
2023-10-03 00:00:00,USA,PJM Interconnection,US-MIDA-PJM,366.82,446.62,32.23,3.37,pjm.com,false,
2023-10-03 01:00:00,USA,PJM Interconnection,US-MIDA-PJM,363.97,442.65,33.01,2.45,pjm.com,false,
2023-10-03 02:00:00,USA,PJM Interconnection,US-MIDA-PJM,358.81,435.27,34.79,2.23,pjm.com,false,
2023-10-03 03:00:00,USA,PJM Interconnection,US-MIDA-PJM,344.76,418.84,37.2,2.59,pjm.com,false,
2023-10-03 04:00:00,USA,PJM Interconnection,US-MIDA-PJM,327.48,398.97,39.74,3.03,pjm.com,false,
2023-10-03 05:00:00,USA,PJM Interconnection,US-MIDA-PJM,315.94,386.49,41.02,3.09,pjm.com,false,
2023-10-03 06:00:00,USA,PJM Interconnection,US-MIDA-PJM,310.16,380.43,41.55,2.91,pjm.com,false,
2023-10-03 07:00:00,USA,PJM Interconnection,US-MIDA-PJM,309.42,379.39,41.82,2.46,pjm.com,false,
2023-10-03 08:00:00,USA,PJM Interconnection,US-MIDA-PJM,309.5,379.43,41.91,2.14,pjm.com,false,
2023-10-03 09:00:00,USA,PJM Interconnection,US-MIDA-PJM,312.74,383.62,41.1,1.95,pjm.com,false,
2023-10-03 10:00:00,USA,PJM Interconnection,US-MIDA-PJM,326.02,398.65,39.2,2.21,pjm.com,false,
2023-10-03 11:00:00,USA,PJM Interconnection,US-MIDA-PJM,338.62,412.58,37.63,2.06,pjm.com,false,
2023-10-03 12:00:00,USA,PJM Interconnection,US-MIDA-PJM,337.06,410.61,38.15,3.52,pjm.com,false,
2023-10-03 13:00:00,USA,PJM Interconnection,US-MIDA-PJM,326.92,399.16,39.87,5.71,pjm.com,false,
2023-10-03 14:00:00,USA,PJM Interconnection,US-MIDA-PJM,328.92,402.36,38.99,5.76,pjm.com,false,
2023-10-03 15:00:00,USA,PJM Interconnection,US-MIDA-PJM,332.72,407.12,38.06,5.9,pjm.com,false,
2023-10-03 16:00:00,USA,PJM Interconnection,US-MIDA-PJM,332.69,406.95,38.2,7.3,pjm.com,false,
2023-10-03 17:00:00,USA,PJM Interconnection,US-MIDA-PJM,336.32,411.11,37.6,7.87,pjm.com,false,
2023-10-03 18:00:00,USA,PJM Interconnection,US-MIDA-PJM,342.35,417.95,36.65,7.66,pjm.com,false,
2023-10-03 19:00:00,USA,PJM Interconnection,US-MIDA-PJM,345.05,420.63,36.57,8.1,pjm.com,false,
2023-10-03 20:00:00,USA,PJM Interconnection,US-MIDA-PJM,345.93,421.71,36.37,8.31,pjm.com,false,
2023-10-03 21:00:00,USA,PJM Interconnection,US-MIDA-PJM,354.55,432.07,34.72,7.21,pjm.com,false,
2023-10-03 22:00:00,USA,PJM Interconnection,US-MIDA-PJM,369.2,448.66,32.83,5.07,pjm.com,false,
2023-10-03 23:00:00,USA,PJM Interconnection,US-MIDA-PJM,371.08,450.36,32.73,4.37,pjm.com,false,
2023-10-04 00:00:00,USA,PJM Interconnection,US-MIDA-PJM,365.61,443.62,33.67,4.56,pjm.com,false,
2023-10-04 01:00:00,USA,PJM Interconnection,US-MIDA-PJM,354.88,429.82,36.16,5.09,pjm.com,false,
2023-10-04 02:00:00,USA,PJM Interconnection,US-MIDA-PJM,348.25,421.39,37.71,4.75,pjm.com,false,
2023-10-04 03:00:00,USA,PJM Interconnection,US-MIDA-PJM,334.77,405.74,39.93,5.18,pjm.com,false,
2023-10-04 04:00:00,USA,PJM Interconnection,US-MIDA-PJM,319.7,388.59,42.24,5.3,pjm.com,false,
2023-10-04 05:00:00,USA,PJM Interconnection,US-MIDA-PJM,308.48,376.81,43.23,5.06,pjm.com,false,
2023-10-04 06:00:00,USA,PJM Interconnection,US-MIDA-PJM,306.64,374.41,43.76,4.92,pjm.com,false,
2023-10-04 07:00:00,USA,PJM Interconnection,US-MIDA-PJM,304.76,371.52,44.6,4.93,pjm.com,false,
2023-10-04 08:00:00,USA,PJM Interconnection,US-MIDA-PJM,302.77,368.96,45.11,4.97,pjm.com,false,
2023-10-04 09:00:00,USA,PJM Interconnection,US-MIDA-PJM,302.7,369.6,44.59,5.34,pjm.com,false,
2023-10-04 10:00:00,USA,PJM Interconnection,US-MIDA-PJM,312.49,382.03,42.17,5.37,pjm.com,false,
2023-10-04 11:00:00,USA,PJM Interconnection,US-MIDA-PJM,324.2,395.43,40.3,4.93,pjm.com,false,
2023-10-04 12:00:00,USA,PJM Interconnection,US-MIDA-PJM,322.49,393.01,41.05,6.2,pjm.com,false,
2023-10-04 13:00:00,USA,PJM Interconnection,US-MIDA-PJM,316.36,386.62,41.77,7.73,pjm.com,false,
2023-10-04 14:00:00,USA,PJM Interconnection,US-MIDA-PJM,319.62,391.41,40.57,7.81,pjm.com,false,
2023-10-04 15:00:00,USA,PJM Interconnection,US-MIDA-PJM,318.26,390.24,40.5,8.78,pjm.com,false,
2023-10-04 16:00:00,USA,PJM Interconnection,US-MIDA-PJM,316.61,388.53,40.68,10.17,pjm.com,false,
2023-10-04 17:00:00,USA,PJM Interconnection,US-MIDA-PJM,320.05,392.52,40.14,10.53,pjm.com,false,
2023-10-04 18:00:00,USA,PJM Interconnection,US-MIDA-PJM,323.62,397.0,39.3,10.47,pjm.com,false,
2023-10-04 19:00:00,USA,PJM Interconnection,US-MIDA-PJM,327.34,401.04,38.87,10.49,pjm.com,false,
2023-10-04 20:00:00,USA,PJM Interconnection,US-MIDA-PJM,331.61,405.72,38.41,10.21,pjm.com,false,
2023-10-04 21:00:00,USA,PJM Interconnection,US-MIDA-PJM,336.48,411.55,37.51,9.14,pjm.com,false,
2023-10-04 22:00:00,USA,PJM Interconnection,US-MIDA-PJM,343.54,419.99,35.99,7.2,pjm.com,false,
2023-10-04 23:00:00,USA,PJM Interconnection,US-MIDA-PJM,346.38,423.55,35.27,6.3,pjm.com,false,
2023-10-05 00:00:00,USA,PJM Interconnection,US-MIDA-PJM,345.79,421.94,36.03,6.22,pjm.com,false,
2023-10-05 01:00:00,USA,PJM Interconnection,US-MIDA-PJM,344.95,420.19,36.57,5.36,pjm.com,false,
2023-10-05 02:00:00,USA,PJM Interconnection,US-MIDA-PJM,334.77,408.02,38.35,4.67,pjm.com,false,
2023-10-05 03:00:00,USA,PJM Interconnection,US-MIDA-PJM,324.42,395.72,40.18,4.83,pjm.com,false,
2023-10-05 04:00:00,USA,PJM Interconnection,US-MIDA-PJM,314.11,383.49,42.07,5.1,pjm.com,false,
2023-10-05 05:00:00,USA,PJM Interconnection,US-MIDA-PJM,305.49,374.45,42.83,4.47,pjm.com,false,
2023-10-05 06:00:00,USA,PJM Interconnection,US-MIDA-PJM,299.95,368.73,43.26,3.93,pjm.com,false,
2023-10-05 07:00:00,USA,PJM Interconnection,US-MIDA-PJM,295.52,364.13,43.63,3.54,pjm.com,false,
2023-10-05 08:00:00,USA,PJM Interconnection,US-MIDA-PJM,293.45,361.86,43.88,3.71,pjm.com,false,
2023-10-05 09:00:00,USA,PJM Interconnection,US-MIDA-PJM,298.57,367.85,42.98,3.68,pjm.com,false,
2023-10-05 10:00:00,USA,PJM Interconnection,US-MIDA-PJM,315.65,387.38,40.35,3.12,pjm.com,false,
2023-10-05 11:00:00,USA,PJM Interconnection,US-MIDA-PJM,327.05,399.94,38.9,3.05,pjm.com,false,
2023-10-05 12:00:00,USA,PJM Interconnection,US-MIDA-PJM,327.67,400.34,39.16,4.29,pjm.com,false,
2023-10-05 13:00:00,USA,PJM Interconnection,US-MIDA-PJM,317.21,389.33,40.33,5.68,pjm.com,false,
2023-10-05 14:00:00,USA,PJM Interconnection,US-MIDA-PJM,315.25,387.56,40.52,6.57,pjm.com,false,
2023-10-05 15:00:00,USA,PJM Interconnection,US-MIDA-PJM,315.37,387.96,40.24,6.7,pjm.com,false,
2023-10-05 16:00:00,USA,PJM Interconnection,US-MIDA-PJM,321.47,394.58,39.51,6.82,pjm.com,false,
2023-10-05 17:00:00,USA,PJM Interconnection,US-MIDA-PJM,316.58,389.07,40.21,8.01,pjm.com,false,
2023-10-05 18:00:00,USA,PJM Interconnection,US-MIDA-PJM,317.25,390.28,39.81,8.04,pjm.com,false,
2023-10-05 19:00:00,USA,PJM Interconnection,US-MIDA-PJM,322.59,396.47,38.96,7.68,pjm.com,false,
2023-10-05 20:00:00,USA,PJM Interconnection,US-MIDA-PJM,322.37,396.04,39.19,8.1,pjm.com,false,
2023-10-05 21:00:00,USA,PJM Interconnection,US-MIDA-PJM,326.05,399.95,38.73,7.57,pjm.com,false,
2023-10-05 22:00:00,USA,PJM Interconnection,US-MIDA-PJM,332.58,407.51,37.53,6.31,pjm.com,false,
2023-10-05 23:00:00,USA,PJM Interconnection,US-MIDA-PJM,335.09,410.25,37.2,5.96,pjm.com,false,
2023-10-06 00:00:00,USA,PJM Interconnection,US-MIDA-PJM,336.58,411.22,37.39,5.55,pjm.com,false,
2023-10-06 01:00:00,USA,PJM Interconnection,US-MIDA-PJM,332.67,405.81,38.56,5.36,pjm.com,false,
2023-10-06 02:00:00,USA,PJM Interconnection,US-MIDA-PJM,323.19,394.3,40.37,5.63,pjm.com,false,
2023-10-06 03:00:00,USA,PJM Interconnection,US-MIDA-PJM,312.15,381.08,42.56,5.94,pjm.com,false,
2023-10-06 04:00:00,USA,PJM Interconnection,US-MIDA-PJM,298.38,365.85,44.37,5.51,pjm.com,false,
2023-10-06 05:00:00,USA,PJM Interconnection,US-MIDA-PJM,289.73,357.04,44.95,5.01,pjm.com,false,
2023-10-06 06:00:00,USA,PJM Interconnection,US-MIDA-PJM,281.63,348.04,46.02,5.15,pjm.com,false,
2023-10-06 07:00:00,USA,PJM Interconnection,US-MIDA-PJM,278.01,343.35,47.01,5.43,pjm.com,false,
2023-10-06 08:00:00,USA,PJM Interconnection,US-MIDA-PJM,279.99,346.17,46.29,5.15,pjm.com,false,
2023-10-06 09:00:00,USA,PJM Interconnection,US-MIDA-PJM,286.44,353.96,44.96,4.63,pjm.com,false,
2023-10-06 10:00:00,USA,PJM Interconnection,US-MIDA-PJM,287.68,355.72,44.63,6.13,pjm.com,false,
2023-10-06 11:00:00,USA,PJM Interconnection,US-MIDA-PJM,298.34,368.3,42.73,6.15,pjm.com,false,
2023-10-06 12:00:00,USA,PJM Interconnection,US-MIDA-PJM,312.62,384.07,40.97,5.4,pjm.com,false,
2023-10-06 13:00:00,USA,PJM Interconnection,US-MIDA-PJM,313.09,384.71,40.96,5.82,pjm.com,false,
2023-10-06 14:00:00,USA,PJM Interconnection,US-MIDA-PJM,315.43,388.19,40.23,5.56,pjm.com,false,
2023-10-06 15:00:00,USA,PJM Interconnection,US-MIDA-PJM,315.64,388.73,39.99,6.07,pjm.com,false,
2023-10-06 16:00:00,USA,PJM Interconnection,US-MIDA-PJM,313.25,385.8,40.53,7.55,pjm.com,false,
2023-10-06 17:00:00,USA,PJM Interconnection,US-MIDA-PJM,308.75,380.44,41.43,8.82,pjm.com,false,
2023-10-06 18:00:00,USA,PJM Interconnection,US-MIDA-PJM,306.96,377.89,42.1,9.7,pjm.com,false,
2023-10-06 19:00:00,USA,PJM Interconnection,US-MIDA-PJM,302.99,373.11,43.12,10.67,pjm.com,false,
2023-10-06 20:00:00,USA,PJM Interconnection,US-MIDA-PJM,300.25,370.41,43.44,11.07,pjm.com,false,
2023-10-06 21:00:00,USA,PJM Interconnection,US-MIDA-PJM,301.4,371.91,42.99,10.53,pjm.com,false,
2023-10-06 22:00:00,USA,PJM Interconnection,US-MIDA-PJM,303.01,373.9,42.46,9.66,pjm.com,false,
2023-10-06 23:00:00,USA,PJM Interconnection,US-MIDA-PJM,303.33,374.46,42.29,9.35,pjm.com,false,
2023-10-07 00:00:00,USA,PJM Interconnection,US-MIDA-PJM,301.38,372.55,42.29,8.75,pjm.com,false,
2023-10-07 01:00:00,USA,PJM Interconnection,US-MIDA-PJM,299.24,369.73,42.82,8.07,pjm.com,false,
2023-10-07 02:00:00,USA,PJM Interconnection,US-MIDA-PJM,291.45,359.88,44.58,7.81,pjm.com,false,
2023-10-07 03:00:00,USA,PJM Interconnection,US-MIDA-PJM,285.21,352.27,46.02,7.69,pjm.com,false,
2023-10-07 04:00:00,USA,PJM Interconnection,US-MIDA-PJM,270.39,334.68,48.16,8.06,pjm.com,false,
2023-10-07 05:00:00,USA,PJM Interconnection,US-MIDA-PJM,261.62,324.82,49.39,8.3,pjm.com,false,
2023-10-07 06:00:00,USA,PJM Interconnection,US-MIDA-PJM,258.41,320.86,50.12,8.61,pjm.com,false,
2023-10-07 07:00:00,USA,PJM Interconnection,US-MIDA-PJM,253.8,315.36,51.01,8.91,pjm.com,false,
2023-10-07 08:00:00,USA,PJM Interconnection,US-MIDA-PJM,250.89,312.46,51.15,8.95,pjm.com,false,
2023-10-07 09:00:00,USA,PJM Interconnection,US-MIDA-PJM,250.74,312.46,51.04,8.91,pjm.com,false,
2023-10-07 10:00:00,USA,PJM Interconnection,US-MIDA-PJM,257.6,321.01,49.42,8.08,pjm.com,false,
2023-10-07 11:00:00,USA,PJM Interconnection,US-MIDA-PJM,263.94,329.04,47.83,7.12,pjm.com,false,
2023-10-07 12:00:00,USA,PJM Interconnection,US-MIDA-PJM,269.23,335.89,46.48,7.48,pjm.com,false,
2023-10-07 13:00:00,USA,PJM Interconnection,US-MIDA-PJM,274.57,342.71,45.34,7.5,pjm.com,false,
2023-10-07 14:00:00,USA,PJM Interconnection,US-MIDA-PJM,271.91,339.99,45.72,8.41,pjm.com,false,
2023-10-07 15:00:00,USA,PJM Interconnection,US-MIDA-PJM,268.79,336.43,46.31,9.19,pjm.com,false,
2023-10-07 16:00:00,USA,PJM Interconnection,US-MIDA-PJM,264.85,331.37,47.36,10.08,pjm.com,false,
2023-10-07 17:00:00,USA,PJM Interconnection,US-MIDA-PJM,261.38,326.93,48.2,10.8,pjm.com,false,
2023-10-07 18:00:00,USA,PJM Interconnection,US-MIDA-PJM,257.19,321.47,49.31,11.64,pjm.com,false,
2023-10-07 19:00:00,USA,PJM Interconnection,US-MIDA-PJM,253.31,316.59,50.26,12.36,pjm.com,false,
2023-10-07 20:00:00,USA,PJM Interconnection,US-MIDA-PJM,249.95,312.98,50.61,12.68,pjm.com,false,
2023-10-07 21:00:00,USA,PJM Interconnection,US-MIDA-PJM,255.05,319.32,49.32,11.43,pjm.com,false,
2023-10-07 22:00:00,USA,PJM Interconnection,US-MIDA-PJM,263.6,329.55,47.54,9.87,pjm.com,false,
2023-10-07 23:00:00,USA,PJM Interconnection,US-MIDA-PJM,270.52,338.12,46.0,8.96,pjm.com,false,
2023-10-08 00:00:00,USA,PJM Interconnection,US-MIDA-PJM,278.13,346.98,44.64,7.47,pjm.com,false,
2023-10-08 01:00:00,USA,PJM Interconnection,US-MIDA-PJM,278.4,347.02,44.62,6.67,pjm.com,false,
2023-10-08 02:00:00,USA,PJM Interconnection,US-MIDA-PJM,276.9,344.91,45.02,6.04,pjm.com,false,
2023-10-08 03:00:00,USA,PJM Interconnection,US-MIDA-PJM,274.03,340.73,46.11,5.8,pjm.com,false,
2023-10-08 04:00:00,USA,PJM Interconnection,US-MIDA-PJM,267.25,331.78,48.12,5.87,pjm.com,false,
2023-10-08 05:00:00,USA,PJM Interconnection,US-MIDA-PJM,264.89,328.37,49.04,5.64,pjm.com,false,
2023-10-08 06:00:00,USA,PJM Interconnection,US-MIDA-PJM,262.49,325.62,49.47,5.72,pjm.com,false,
2023-10-08 07:00:00,USA,PJM Interconnection,US-MIDA-PJM,261.0,324.35,49.38,5.24,pjm.com,false,
2023-10-08 08:00:00,USA,PJM Interconnection,US-MIDA-PJM,260.17,323.45,49.47,5.06,pjm.com,false,
2023-10-08 09:00:00,USA,PJM Interconnection,US-MIDA-PJM,261.81,325.6,49.02,4.91,pjm.com,false,
2023-10-08 10:00:00,USA,PJM Interconnection,US-MIDA-PJM,264.27,328.37,48.68,5.08,pjm.com,false,
2023-10-08 11:00:00,USA,PJM Interconnection,US-MIDA-PJM,270.37,336.18,47.1,4.64,pjm.com,false,
2023-10-08 12:00:00,USA,PJM Interconnection,US-MIDA-PJM,267.03,332.88,47.4,6.14,pjm.com,false,
2023-10-08 13:00:00,USA,PJM Interconnection,US-MIDA-PJM,261.8,326.75,48.55,8.16,pjm.com,false,
2023-10-08 14:00:00,USA,PJM Interconnection,US-MIDA-PJM,261.97,327.12,48.55,8.91,pjm.com,false,
2023-10-08 15:00:00,USA,PJM Interconnection,US-MIDA-PJM,260.76,325.85,48.64,9.53,pjm.com,false,
2023-10-08 16:00:00,USA,PJM Interconnection,US-MIDA-PJM,260.34,325.41,48.65,9.69,pjm.com,false,
2023-10-08 17:00:00,USA,PJM Interconnection,US-MIDA-PJM,264.05,329.98,47.8,9.16,pjm.com,false,
2023-10-08 18:00:00,USA,PJM Interconnection,US-MIDA-PJM,265.31,331.46,47.52,8.71,pjm.com,false,
2023-10-08 19:00:00,USA,PJM Interconnection,US-MIDA-PJM,265.18,331.09,47.72,8.52,pjm.com,false,
2023-10-08 20:00:00,USA,PJM Interconnection,US-MIDA-PJM,269.33,336.05,46.87,7.92,pjm.com,false,
2023-10-08 21:00:00,USA,PJM Interconnection,US-MIDA-PJM,274.63,343.1,45.22,7.02,pjm.com,false,
2023-10-08 22:00:00,USA,PJM Interconnection,US-MIDA-PJM,281.83,352.06,43.43,6.1,pjm.com,false,
2023-10-08 23:00:00,USA,PJM Interconnection,US-MIDA-PJM,288.42,360.02,42.12,5.63,pjm.com,false,
2023-10-09 00:00:00,USA,PJM Interconnection,US-MIDA-PJM,291.18,362.72,41.99,4.99,pjm.com,false,
2023-10-09 01:00:00,USA,PJM Interconnection,US-MIDA-PJM,289.36,359.85,42.8,4.41,pjm.com,false,
2023-10-09 02:00:00,USA,PJM Interconnection,US-MIDA-PJM,287.83,357.07,43.58,3.46,pjm.com,false,
2023-10-09 03:00:00,USA,PJM Interconnection,US-MIDA-PJM,282.27,349.94,45.08,3.77,pjm.com,false,
2023-10-09 04:00:00,USA,PJM Interconnection,US-MIDA-PJM,276.29,342.43,46.56,4.2,pjm.com,false,
2023-10-09 05:00:00,USA,PJM Interconnection,US-MIDA-PJM,276.29,342.18,46.76,3.96,pjm.com,false,
2023-10-09 06:00:00,USA,PJM Interconnection,US-MIDA-PJM,277.44,343.39,46.64,3.71,pjm.com,false,
2023-10-09 07:00:00,USA,PJM Interconnection,US-MIDA-PJM,277.1,343.24,46.51,3.39,pjm.com,false,
2023-10-09 08:00:00,USA,PJM Interconnection,US-MIDA-PJM,283.41,350.67,45.34,3.05,pjm.com,false,
2023-10-09 09:00:00,USA,PJM Interconnection,US-MIDA-PJM,288.31,356.85,44.14,3.11,pjm.com,false,
2023-10-09 10:00:00,USA,PJM Interconnection,US-MIDA-PJM,288.65,358.51,43.24,4.7,pjm.com,false,
2023-10-09 11:00:00,USA,PJM Interconnection,US-MIDA-PJM,295.33,367.41,41.29,5.33,pjm.com,false,
2023-10-09 12:00:00,USA,PJM Interconnection,US-MIDA-PJM,297.46,369.48,41.33,6.23,pjm.com,false,
2023-10-09 13:00:00,USA,PJM Interconnection,US-MIDA-PJM,292.87,363.82,42.53,7.15,pjm.com,false,
2023-10-09 14:00:00,USA,PJM Interconnection,US-MIDA-PJM,294.39,365.58,42.41,7.12,pjm.com,false,
2023-10-09 15:00:00,USA,PJM Interconnection,US-MIDA-PJM,290.88,361.52,42.97,7.56,pjm.com,false,
2023-10-09 16:00:00,USA,PJM Interconnection,US-MIDA-PJM,288.45,358.22,43.72,8.18,pjm.com,false,
2023-10-09 17:00:00,USA,PJM Interconnection,US-MIDA-PJM,286.49,355.6,44.32,8.72,pjm.com,false,
2023-10-09 18:00:00,USA,PJM Interconnection,US-MIDA-PJM,287.33,356.04,44.47,8.95,pjm.com,false,
2023-10-09 19:00:00,USA,PJM Interconnection,US-MIDA-PJM,284.17,352.53,44.85,9.14,pjm.com,false,
2023-10-09 20:00:00,USA,PJM Interconnection,US-MIDA-PJM,285.66,354.74,44.16,8.6,pjm.com,false,
2023-10-09 21:00:00,USA,PJM Interconnection,US-MIDA-PJM,290.1,359.76,43.49,8.32,pjm.com,false,
2023-10-09 22:00:00,USA,PJM Interconnection,US-MIDA-PJM,297.16,368.22,42.11,7.88,pjm.com,false,
2023-10-09 23:00:00,USA,PJM Interconnection,US-MIDA-PJM,309.15,381.85,40.28,6.62,pjm.com,false,
2023-10-10 00:00:00,USA,PJM Interconnection,US-MIDA-PJM,313.77,386.7,39.84,5.9,pjm.com,false,
2023-10-10 01:00:00,USA,PJM Interconnection,US-MIDA-PJM,314.17,386.53,40.12,4.9,pjm.com,false,
2023-10-10 02:00:00,USA,PJM Interconnection,US-MIDA-PJM,310.62,381.72,41.05,4.17,pjm.com,false,
2023-10-10 03:00:00,USA,PJM Interconnection,US-MIDA-PJM,308.0,378.27,41.72,3.62,pjm.com,false,
2023-10-10 04:00:00,USA,PJM Interconnection,US-MIDA-PJM,294.79,363.23,43.79,4.13,pjm.com,false,
2023-10-10 05:00:00,USA,PJM Interconnection,US-MIDA-PJM,288.6,356.67,44.36,4.25,pjm.com,false,
2023-10-10 06:00:00,USA,PJM Interconnection,US-MIDA-PJM,286.54,354.41,44.64,4.04,pjm.com,false,
2023-10-10 07:00:00,USA,PJM Interconnection,US-MIDA-PJM,287.16,355.53,44.23,3.9,pjm.com,false,
2023-10-10 08:00:00,USA,PJM Interconnection,US-MIDA-PJM,287.79,356.36,44.04,3.76,pjm.com,false,
2023-10-10 09:00:00,USA,PJM Interconnection,US-MIDA-PJM,290.21,359.93,43.05,3.76,pjm.com,false,
2023-10-10 10:00:00,USA,PJM Interconnection,US-MIDA-PJM,285.98,356.01,43.25,6.28,pjm.com,false,
2023-10-10 11:00:00,USA,PJM Interconnection,US-MIDA-PJM,293.23,364.59,41.99,6.74,pjm.com,false,
2023-10-10 12:00:00,USA,PJM Interconnection,US-MIDA-PJM,294.97,366.36,41.99,7.62,pjm.com,false,
2023-10-10 13:00:00,USA,PJM Interconnection,US-MIDA-PJM,291.8,362.7,42.7,7.93,pjm.com,false,
2023-10-10 14:00:00,USA,PJM Interconnection,US-MIDA-PJM,291.74,362.86,42.68,7.94,pjm.com,false,
2023-10-10 15:00:00,USA,PJM Interconnection,US-MIDA-PJM,285.46,354.88,44.23,9.59,pjm.com,false,
2023-10-10 16:00:00,USA,PJM Interconnection,US-MIDA-PJM,277.12,344.6,46.05,11.48,pjm.com,false,
2023-10-10 17:00:00,USA,PJM Interconnection,US-MIDA-PJM,280.93,349.5,45.21,10.67,pjm.com,false,
2023-10-10 18:00:00,USA,PJM Interconnection,US-MIDA-PJM,283.32,352.13,44.89,10.12,pjm.com,false,
2023-10-10 19:00:00,USA,PJM Interconnection,US-MIDA-PJM,284.34,353.45,44.48,9.52,pjm.com,false,
2023-10-10 20:00:00,USA,PJM Interconnection,US-MIDA-PJM,283.44,352.54,44.55,9.68,pjm.com,false,
2023-10-10 21:00:00,USA,PJM Interconnection,US-MIDA-PJM,287.81,357.88,43.52,8.93,pjm.com,false,
2023-10-10 22:00:00,USA,PJM Interconnection,US-MIDA-PJM,299.05,371.01,41.39,6.82,pjm.com,false,
2023-10-10 23:00:00,USA,PJM Interconnection,US-MIDA-PJM,307.93,381.46,39.77,5.66,pjm.com,false,
2023-10-11 00:00:00,USA,PJM Interconnection,US-MIDA-PJM,314.97,388.77,39.18,4.92,pjm.com,false,
2023-10-11 01:00:00,USA,PJM Interconnection,US-MIDA-PJM,316.97,390.38,39.26,4.01,pjm.com,false,
2023-10-11 02:00:00,USA,PJM Interconnection,US-MIDA-PJM,313.05,385.01,40.38,3.47,pjm.com,false,
2023-10-11 03:00:00,USA,PJM Interconnection,US-MIDA-PJM,310.79,381.71,41.16,2.56,pjm.com,false,
2023-10-11 04:00:00,USA,PJM Interconnection,US-MIDA-PJM,302.1,372.01,42.33,2.57,pjm.com,false,
2023-10-11 05:00:00,USA,PJM Interconnection,US-MIDA-PJM,300.95,370.32,42.77,2.45,pjm.com,false,
2023-10-11 06:00:00,USA,PJM Interconnection,US-MIDA-PJM,295.25,364.34,43.28,2.42,pjm.com,false,
2023-10-11 07:00:00,USA,PJM Interconnection,US-MIDA-PJM,292.32,361.4,43.43,2.43,pjm.com,false,
2023-10-11 08:00:00,USA,PJM Interconnection,US-MIDA-PJM,294.34,363.42,43.35,2.35,pjm.com,false,
2023-10-11 09:00:00,USA,PJM Interconnection,US-MIDA-PJM,293.85,363.39,43.07,2.95,pjm.com,false,
2023-10-11 10:00:00,USA,PJM Interconnection,US-MIDA-PJM,295.53,365.76,42.63,5.23,pjm.com,false,
2023-10-11 11:00:00,USA,PJM Interconnection,US-MIDA-PJM,303.44,375.11,41.16,5.71,pjm.com,false,
2023-10-11 12:00:00,USA,PJM Interconnection,US-MIDA-PJM,303.31,375.1,41.17,6.38,pjm.com,false,
2023-10-11 13:00:00,USA,PJM Interconnection,US-MIDA-PJM,301.52,372.84,41.85,6.99,pjm.com,false,
2023-10-11 14:00:00,USA,PJM Interconnection,US-MIDA-PJM,302.06,373.32,41.96,6.79,pjm.com,false,
2023-10-11 15:00:00,USA,PJM Interconnection,US-MIDA-PJM,299.68,370.83,42.14,6.95,pjm.com,false,
2023-10-11 16:00:00,USA,PJM Interconnection,US-MIDA-PJM,299.02,369.76,42.5,7.24,pjm.com,false,
2023-10-11 17:00:00,USA,PJM Interconnection,US-MIDA-PJM,297.44,367.7,42.98,7.47,pjm.com,false,
2023-10-11 18:00:00,USA,PJM Interconnection,US-MIDA-PJM,298.84,369.51,42.48,6.93,pjm.com,false,
2023-10-11 19:00:00,USA,PJM Interconnection,US-MIDA-PJM,304.9,375.83,41.86,6.15,pjm.com,false,
2023-10-11 20:00:00,USA,PJM Interconnection,US-MIDA-PJM,304.35,375.52,41.65,5.85,pjm.com,false,
2023-10-11 21:00:00,USA,PJM Interconnection,US-MIDA-PJM,299.75,371.32,41.65,6.34,pjm.com,false,
2023-10-11 22:00:00,USA,PJM Interconnection,US-MIDA-PJM,310.06,383.12,39.98,5.03,pjm.com,false,
2023-10-11 23:00:00,USA,PJM Interconnection,US-MIDA-PJM,314.21,387.0,39.86,5.16,pjm.com,false,
2023-10-12 00:00:00,USA,PJM Interconnection,US-MIDA-PJM,309.57,381.41,40.79,5.78,pjm.com,false,
2023-10-12 01:00:00,USA,PJM Interconnection,US-MIDA-PJM,307.51,378.7,41.31,5.6,pjm.com,false,
2023-10-12 02:00:00,USA,PJM Interconnection,US-MIDA-PJM,299.54,368.44,43.26,5.71,pjm.com,false,
2023-10-12 03:00:00,USA,PJM Interconnection,US-MIDA-PJM,294.35,362.02,44.4,5.56,pjm.com,false,
2023-10-12 04:00:00,USA,PJM Interconnection,US-MIDA-PJM,289.5,356.3,45.26,5.77,pjm.com,false,
2023-10-12 05:00:00,USA,PJM Interconnection,US-MIDA-PJM,285.31,351.93,45.63,5.14,pjm.com,false,
2023-10-12 06:00:00,USA,PJM Interconnection,US-MIDA-PJM,281.3,347.42,46.2,5.13,pjm.com,false,
2023-10-12 07:00:00,USA,PJM Interconnection,US-MIDA-PJM,278.69,344.45,46.6,5.32,pjm.com,false,
2023-10-12 08:00:00,USA,PJM Interconnection,US-MIDA-PJM,287.02,354.57,44.85,3.85,pjm.com,false,
2023-10-12 09:00:00,USA,PJM Interconnection,US-MIDA-PJM,288.82,357.06,44.28,4.01,pjm.com,false,
2023-10-12 10:00:00,USA,PJM Interconnection,US-MIDA-PJM,293.6,363.63,42.87,4.85,pjm.com,false,
2023-10-12 11:00:00,USA,PJM Interconnection,US-MIDA-PJM,302.2,374.12,41.11,5.42,pjm.com,false,
2023-10-12 12:00:00,USA,PJM Interconnection,US-MIDA-PJM,314.93,388.33,39.39,4.8,pjm.com,false,
2023-10-12 13:00:00,USA,PJM Interconnection,US-MIDA-PJM,316.16,389.53,39.63,4.79,pjm.com,false,
2023-10-12 14:00:00,USA,PJM Interconnection,US-MIDA-PJM,312.36,385.22,40.41,5.43,pjm.com,false,
2023-10-12 15:00:00,USA,PJM Interconnection,US-MIDA-PJM,311.14,383.7,40.79,5.79,pjm.com,false,
2023-10-12 16:00:00,USA,PJM Interconnection,US-MIDA-PJM,307.58,379.79,41.25,6.21,pjm.com,false,
2023-10-12 17:00:00,USA,PJM Interconnection,US-MIDA-PJM,305.36,377.65,41.31,6.53,pjm.com,false,
2023-10-12 18:00:00,USA,PJM Interconnection,US-MIDA-PJM,299.07,370.7,42.12,7.41,pjm.com,false,
2023-10-12 19:00:00,USA,PJM Interconnection,US-MIDA-PJM,293.76,364.71,42.92,8.29,pjm.com,false,
2023-10-12 20:00:00,USA,PJM Interconnection,US-MIDA-PJM,286.15,356.16,44.08,9.91,pjm.com,false,
2023-10-12 21:00:00,USA,PJM Interconnection,US-MIDA-PJM,289.23,359.64,43.5,9.59,pjm.com,false,
2023-10-12 22:00:00,USA,PJM Interconnection,US-MIDA-PJM,298.34,370.04,41.88,8.01,pjm.com,false,
2023-10-12 23:00:00,USA,PJM Interconnection,US-MIDA-PJM,302.37,374.5,41.34,7.94,pjm.com,false,
2023-10-13 00:00:00,USA,PJM Interconnection,US-MIDA-PJM,300.88,372.38,41.81,8.09,pjm.com,false,
2023-10-13 01:00:00,USA,PJM Interconnection,US-MIDA-PJM,300.8,371.63,42.22,7.38,pjm.com,false,
2023-10-13 02:00:00,USA,PJM Interconnection,US-MIDA-PJM,295.68,364.35,43.93,7.26,pjm.com,false,
2023-10-13 03:00:00,USA,PJM Interconnection,US-MIDA-PJM,287.3,353.82,45.6,7.27,pjm.com,false,
2023-10-13 04:00:00,USA,PJM Interconnection,US-MIDA-PJM,276.59,341.61,47.19,7.66,pjm.com,false,
2023-10-13 05:00:00,USA,PJM Interconnection,US-MIDA-PJM,269.76,334.14,48.01,7.83,pjm.com,false,
2023-10-13 06:00:00,USA,PJM Interconnection,US-MIDA-PJM,266.96,330.97,48.45,7.82,pjm.com,false,
2023-10-13 07:00:00,USA,PJM Interconnection,US-MIDA-PJM,265.25,329.49,48.35,7.46,pjm.com,false,
2023-10-13 08:00:00,USA,PJM Interconnection,US-MIDA-PJM,263.87,327.75,48.7,7.76,pjm.com,false,
2023-10-13 09:00:00,USA,PJM Interconnection,US-MIDA-PJM,269.24,334.03,47.86,8.03,pjm.com,false,
2023-10-13 10:00:00,USA,PJM Interconnection,US-MIDA-PJM,272.87,339.56,46.32,8.49,pjm.com,false,
2023-10-13 11:00:00,USA,PJM Interconnection,US-MIDA-PJM,279.72,348.1,44.78,9.07,pjm.com,false,
2023-10-13 12:00:00,USA,PJM Interconnection,US-MIDA-PJM,281.54,350.5,44.3,9.3,pjm.com,false,
2023-10-13 13:00:00,USA,PJM Interconnection,US-MIDA-PJM,278.55,346.9,45.1,10.57,pjm.com,false,
2023-10-13 14:00:00,USA,PJM Interconnection,US-MIDA-PJM,279.9,348.71,44.98,10.9,pjm.com,false,
2023-10-13 15:00:00,USA,PJM Interconnection,US-MIDA-PJM,279.48,348.16,45.11,10.76,pjm.com,false,
2023-10-13 16:00:00,USA,PJM Interconnection,US-MIDA-PJM,280.05,348.67,45.1,10.92,pjm.com,false,
2023-10-13 17:00:00,USA,PJM Interconnection,US-MIDA-PJM,283.06,351.84,44.88,10.57,pjm.com,false,
2023-10-13 18:00:00,USA,PJM Interconnection,US-MIDA-PJM,290.35,360.11,43.89,9.65,pjm.com,false,
2023-10-13 19:00:00,USA,PJM Interconnection,US-MIDA-PJM,294.92,365.08,43.38,9.02,pjm.com,false,
2023-10-13 20:00:00,USA,PJM Interconnection,US-MIDA-PJM,284.37,353.42,44.79,10.47,pjm.com,false,
2023-10-13 21:00:00,USA,PJM Interconnection,US-MIDA-PJM,288.45,358.85,43.47,9.55,pjm.com,false,
2023-10-13 22:00:00,USA,PJM Interconnection,US-MIDA-PJM,294.11,365.33,42.4,8.21,pjm.com,false,
2023-10-13 23:00:00,USA,PJM Interconnection,US-MIDA-PJM,299.43,371.02,41.84,7.88,pjm.com,false,
2023-10-14 00:00:00,USA,PJM Interconnection,US-MIDA-PJM,302.38,373.97,41.57,7.08,pjm.com,false,
2023-10-14 01:00:00,USA,PJM Interconnection,US-MIDA-PJM,302.07,372.65,42.27,6.85,pjm.com,false,
2023-10-14 02:00:00,USA,PJM Interconnection,US-MIDA-PJM,299.04,368.41,43.14,6.18,pjm.com,false,
2023-10-14 03:00:00,USA,PJM Interconnection,US-MIDA-PJM,293.68,361.44,44.3,5.93,pjm.com,false,
2023-10-14 04:00:00,USA,PJM Interconnection,US-MIDA-PJM,289.92,356.68,45.21,5.26,pjm.com,false,
2023-10-14 05:00:00,USA,PJM Interconnection,US-MIDA-PJM,280.79,345.92,46.89,5.2,pjm.com,false,
2023-10-14 06:00:00,USA,PJM Interconnection,US-MIDA-PJM,273.36,338.55,47.24,5.16,pjm.com,false,
2023-10-14 07:00:00,USA,PJM Interconnection,US-MIDA-PJM,274.16,339.76,46.9,5.01,pjm.com,false,
2023-10-14 08:00:00,USA,PJM Interconnection,US-MIDA-PJM,275.24,340.72,46.94,4.76,pjm.com,false,
2023-10-14 09:00:00,USA,PJM Interconnection,US-MIDA-PJM,273.86,339.26,47.16,4.75,pjm.com,false,
2023-10-14 10:00:00,USA,PJM Interconnection,US-MIDA-PJM,272.11,337.21,47.54,5.83,pjm.com,false,
2023-10-14 11:00:00,USA,PJM Interconnection,US-MIDA-PJM,271.47,336.99,47.34,6.43,pjm.com,false,
2023-10-14 12:00:00,USA,PJM Interconnection,US-MIDA-PJM,278.26,345.38,45.81,6.67,pjm.com,false,
2023-10-14 13:00:00,USA,PJM Interconnection,US-MIDA-PJM,282.0,350.01,44.99,7.22,pjm.com,false,
2023-10-14 14:00:00,USA,PJM Interconnection,US-MIDA-PJM,285.67,354.68,44.14,7.01,pjm.com,false,
2023-10-14 15:00:00,USA,PJM Interconnection,US-MIDA-PJM,285.53,354.98,44.04,7.9,pjm.com,false,
2023-10-14 16:00:00,USA,PJM Interconnection,US-MIDA-PJM,287.69,357.26,43.82,8.35,pjm.com,false,
2023-10-14 17:00:00,USA,PJM Interconnection,US-MIDA-PJM,288.37,357.97,43.68,8.44,pjm.com,false,
2023-10-14 18:00:00,USA,PJM Interconnection,US-MIDA-PJM,284.43,353.13,44.39,8.78,pjm.com,false,
2023-10-14 19:00:00,USA,PJM Interconnection,US-MIDA-PJM,281.59,349.49,45.1,8.74,pjm.com,false,
2023-10-14 20:00:00,USA,PJM Interconnection,US-MIDA-PJM,279.0,346.73,45.38,9.48,pjm.com,false,
2023-10-14 21:00:00,USA,PJM Interconnection,US-MIDA-PJM,275.84,343.07,45.97,10.32,pjm.com,false,
2023-10-14 22:00:00,USA,PJM Interconnection,US-MIDA-PJM,277.71,345.56,45.48,10.43,pjm.com,false,
2023-10-14 23:00:00,USA,PJM Interconnection,US-MIDA-PJM,285.94,354.48,44.6,9.83,pjm.com,false,
2023-10-15 00:00:00,USA,PJM Interconnection,US-MIDA-PJM,289.6,358.84,43.81,8.41,pjm.com,false,
2023-10-15 01:00:00,USA,PJM Interconnection,US-MIDA-PJM,291.0,360.63,43.4,7.21,pjm.com,false,
2023-10-15 02:00:00,USA,PJM Interconnection,US-MIDA-PJM,287.68,356.66,43.95,6.82,pjm.com,false,
2023-10-15 03:00:00,USA,PJM Interconnection,US-MIDA-PJM,280.91,347.65,45.89,7.08,pjm.com,false,
2023-10-15 04:00:00,USA,PJM Interconnection,US-MIDA-PJM,273.65,338.91,47.07,6.69,pjm.com,false,
2023-10-15 05:00:00,USA,PJM Interconnection,US-MIDA-PJM,267.48,331.56,48.15,6.77,pjm.com,false,
2023-10-15 06:00:00,USA,PJM Interconnection,US-MIDA-PJM,264.49,328.2,48.59,6.46,pjm.com,false,
2023-10-15 07:00:00,USA,PJM Interconnection,US-MIDA-PJM,262.09,325.85,48.67,6.47,pjm.com,false,
2023-10-15 08:00:00,USA,PJM Interconnection,US-MIDA-PJM,260.98,324.45,48.95,6.62,pjm.com,false,
2023-10-15 09:00:00,USA,PJM Interconnection,US-MIDA-PJM,259.04,322.29,49.22,6.75,pjm.com,false,
2023-10-15 10:00:00,USA,PJM Interconnection,US-MIDA-PJM,258.44,321.73,49.26,7.17,pjm.com,false,
2023-10-15 11:00:00,USA,PJM Interconnection,US-MIDA-PJM,266.89,331.57,47.79,6.84,pjm.com,false,
2023-10-15 12:00:00,USA,PJM Interconnection,US-MIDA-PJM,269.47,334.38,47.68,7.33,pjm.com,false,
2023-10-15 13:00:00,USA,PJM Interconnection,US-MIDA-PJM,264.8,328.9,48.74,8.82,pjm.com,false,
2023-10-15 14:00:00,USA,PJM Interconnection,US-MIDA-PJM,266.34,330.57,48.64,9.75,pjm.com,false,
2023-10-15 15:00:00,USA,PJM Interconnection,US-MIDA-PJM,265.1,329.32,48.68,10.46,pjm.com,false,
2023-10-15 16:00:00,USA,PJM Interconnection,US-MIDA-PJM,266.79,332.04,47.79,10.36,pjm.com,false,
2023-10-15 17:00:00,USA,PJM Interconnection,US-MIDA-PJM,268.38,334.13,47.3,10.17,pjm.com,false,
2023-10-15 18:00:00,USA,PJM Interconnection,US-MIDA-PJM,268.19,333.44,47.69,10.29,pjm.com,false,
2023-10-15 19:00:00,USA,PJM Interconnection,US-MIDA-PJM,269.35,334.82,47.49,10.25,pjm.com,false,
2023-10-15 20:00:00,USA,PJM Interconnection,US-MIDA-PJM,265.31,330.24,48.17,10.64,pjm.com,false,
2023-10-15 21:00:00,USA,PJM Interconnection,US-MIDA-PJM,271.96,339.1,46.18,9.77,pjm.com,false,
2023-10-15 22:00:00,USA,PJM Interconnection,US-MIDA-PJM,280.54,349.39,44.6,8.87,pjm.com,false,
2023-10-15 23:00:00,USA,PJM Interconnection,US-MIDA-PJM,295.83,366.9,42.35,7.76,pjm.com,false,
2023-10-16 00:00:00,USA,PJM Interconnection,US-MIDA-PJM,294.77,365.69,42.59,7.78,pjm.com,false,
2023-10-16 01:00:00,USA,PJM Interconnection,US-MIDA-PJM,292.76,362.77,43.28,7.51,pjm.com,false,
2023-10-16 02:00:00,USA,PJM Interconnection,US-MIDA-PJM,286.77,355.49,44.4,7.22,pjm.com,false,
2023-10-16 03:00:00,USA,PJM Interconnection,US-MIDA-PJM,282.24,350.01,45.2,6.77,pjm.com,false,
2023-10-16 04:00:00,USA,PJM Interconnection,US-MIDA-PJM,279.62,346.31,45.84,6.44,pjm.com,false,
2023-10-16 05:00:00,USA,PJM Interconnection,US-MIDA-PJM,273.42,338.77,47.12,6.36,pjm.com,false,
2023-10-16 06:00:00,USA,PJM Interconnection,US-MIDA-PJM,271.15,336.83,47.01,5.96,pjm.com,false,
2023-10-16 07:00:00,USA,PJM Interconnection,US-MIDA-PJM,270.33,336.04,47.04,5.63,pjm.com,false,
2023-10-16 08:00:00,USA,PJM Interconnection,US-MIDA-PJM,273.59,339.72,46.61,5.74,pjm.com,false,
2023-10-16 09:00:00,USA,PJM Interconnection,US-MIDA-PJM,276.92,344.57,45.42,6.05,pjm.com,false,
2023-10-16 10:00:00,USA,PJM Interconnection,US-MIDA-PJM,279.6,349.43,43.76,7.21,pjm.com,false,
2023-10-16 11:00:00,USA,PJM Interconnection,US-MIDA-PJM,288.68,361.29,41.25,7.47,pjm.com,false,
2023-10-16 12:00:00,USA,PJM Interconnection,US-MIDA-PJM,297.45,370.69,40.55,7.26,pjm.com,false,
2023-10-16 13:00:00,USA,PJM Interconnection,US-MIDA-PJM,296.29,369.01,41.16,7.61,pjm.com,false,
2023-10-16 14:00:00,USA,PJM Interconnection,US-MIDA-PJM,297.63,370.8,40.95,7.34,pjm.com,false,
2023-10-16 15:00:00,USA,PJM Interconnection,US-MIDA-PJM,300.62,374.49,40.46,7.08,pjm.com,false,
2023-10-16 16:00:00,USA,PJM Interconnection,US-MIDA-PJM,303.62,377.95,39.89,6.65,pjm.com,false,
2023-10-16 17:00:00,USA,PJM Interconnection,US-MIDA-PJM,303.3,377.93,39.46,6.08,pjm.com,false,
2023-10-16 18:00:00,USA,PJM Interconnection,US-MIDA-PJM,300.22,374.81,39.6,5.96,pjm.com,false,
2023-10-16 19:00:00,USA,PJM Interconnection,US-MIDA-PJM,299.97,374.62,39.57,5.56,pjm.com,false,
2023-10-16 20:00:00,USA,PJM Interconnection,US-MIDA-PJM,299.19,373.86,39.59,5.59,pjm.com,false,
2023-10-16 21:00:00,USA,PJM Interconnection,US-MIDA-PJM,299.17,374.05,39.42,5.56,pjm.com,false,
2023-10-16 22:00:00,USA,PJM Interconnection,US-MIDA-PJM,302.7,378.11,38.83,5.53,pjm.com,false,
2023-10-16 23:00:00,USA,PJM Interconnection,US-MIDA-PJM,308.79,385.44,37.64,5.24,pjm.com,false,
2023-10-17 00:00:00,USA,PJM Interconnection,US-MIDA-PJM,312.52,389.38,37.26,4.4,pjm.com,false,
2023-10-17 01:00:00,USA,PJM Interconnection,US-MIDA-PJM,316.36,393.31,36.87,3.06,pjm.com,false,
2023-10-17 02:00:00,USA,PJM Interconnection,US-MIDA-PJM,314.1,389.47,38.04,2.14,pjm.com,false,
2023-10-17 03:00:00,USA,PJM Interconnection,US-MIDA-PJM,310.43,384.34,39.03,1.77,pjm.com,false,
2023-10-17 04:00:00,USA,PJM Interconnection,US-MIDA-PJM,308.44,380.43,40.45,1.72,pjm.com,false,
2023-10-17 05:00:00,USA,PJM Interconnection,US-MIDA-PJM,301.41,372.12,41.77,1.65,pjm.com,false,
2023-10-17 06:00:00,USA,PJM Interconnection,US-MIDA-PJM,300.27,371.09,41.76,1.48,pjm.com,false,
2023-10-17 07:00:00,USA,PJM Interconnection,US-MIDA-PJM,299.12,369.65,42.03,1.38,pjm.com,false,
2023-10-17 08:00:00,USA,PJM Interconnection,US-MIDA-PJM,301.36,372.71,41.37,1.31,pjm.com,false,
2023-10-17 09:00:00,USA,PJM Interconnection,US-MIDA-PJM,299.54,372.22,40.51,1.47,pjm.com,false,
2023-10-17 10:00:00,USA,PJM Interconnection,US-MIDA-PJM,297.62,371.87,39.55,2.98,pjm.com,false,
2023-10-17 11:00:00,USA,PJM Interconnection,US-MIDA-PJM,302.62,377.66,38.9,4.26,pjm.com,false,
2023-10-17 12:00:00,USA,PJM Interconnection,US-MIDA-PJM,304.46,378.84,39.41,5.35,pjm.com,false,
2023-10-17 13:00:00,USA,PJM Interconnection,US-MIDA-PJM,301.45,375.17,40.15,5.94,pjm.com,false,
2023-10-17 14:00:00,USA,PJM Interconnection,US-MIDA-PJM,298.76,372.3,40.45,5.79,pjm.com,false,
2023-10-17 15:00:00,USA,PJM Interconnection,US-MIDA-PJM,298.99,372.82,40.24,5.6,pjm.com,false,
2023-10-17 16:00:00,USA,PJM Interconnection,US-MIDA-PJM,301.02,375.09,40.07,5.56,pjm.com,false,
2023-10-17 17:00:00,USA,PJM Interconnection,US-MIDA-PJM,302.79,376.96,39.77,5.01,pjm.com,false,
2023-10-17 18:00:00,USA,PJM Interconnection,US-MIDA-PJM,303.06,377.13,39.71,4.35,pjm.com,false,
2023-10-17 19:00:00,USA,PJM Interconnection,US-MIDA-PJM,305.04,379.33,39.4,3.74,pjm.com,false,
2023-10-17 20:00:00,USA,PJM Interconnection,US-MIDA-PJM,304.41,378.51,39.6,3.69,pjm.com,false,
2023-10-17 21:00:00,USA,PJM Interconnection,US-MIDA-PJM,301.55,375.28,40.09,4.44,pjm.com,false,
2023-10-17 22:00:00,USA,PJM Interconnection,US-MIDA-PJM,307.31,382.44,38.75,3.99,pjm.com,false,
2023-10-17 23:00:00,USA,PJM Interconnection,US-MIDA-PJM,311.77,387.33,38.29,4.43,pjm.com,false,
2023-10-18 00:00:00,USA,PJM Interconnection,US-MIDA-PJM,316.01,391.72,37.94,3.87,pjm.com,false,
2023-10-18 01:00:00,USA,PJM Interconnection,US-MIDA-PJM,316.02,390.88,38.46,3.14,pjm.com,false,
2023-10-18 02:00:00,USA,PJM Interconnection,US-MIDA-PJM,309.6,382.51,40.05,3.03,pjm.com,false,
2023-10-18 03:00:00,USA,PJM Interconnection,US-MIDA-PJM,297.9,368.58,42.16,3.89,pjm.com,false,
2023-10-18 04:00:00,USA,PJM Interconnection,US-MIDA-PJM,286.61,355.18,44.16,4.65,pjm.com,false,
2023-10-18 05:00:00,USA,PJM Interconnection,US-MIDA-PJM,278.45,345.21,45.9,5.24,pjm.com,false,
2023-10-18 06:00:00,USA,PJM Interconnection,US-MIDA-PJM,270.89,336.77,46.94,5.94,pjm.com,false,
2023-10-18 07:00:00,USA,PJM Interconnection,US-MIDA-PJM,269.8,336.0,46.76,6.03,pjm.com,false,
2023-10-18 08:00:00,USA,PJM Interconnection,US-MIDA-PJM,271.17,337.61,46.51,6.01,pjm.com,false,
2023-10-18 09:00:00,USA,PJM Interconnection,US-MIDA-PJM,273.37,340.47,46.03,6.73,pjm.com,false,
2023-10-18 10:00:00,USA,PJM Interconnection,US-MIDA-PJM,280.28,349.39,44.35,7.92,pjm.com,false,
2023-10-18 11:00:00,USA,PJM Interconnection,US-MIDA-PJM,287.67,358.36,42.86,8.57,pjm.com,false,
2023-10-18 12:00:00,USA,PJM Interconnection,US-MIDA-PJM,290.78,361.75,42.73,9.01,pjm.com,false,
2023-10-18 13:00:00,USA,PJM Interconnection,US-MIDA-PJM,290.46,360.57,43.45,9.17,pjm.com,false,
2023-10-18 14:00:00,USA,PJM Interconnection,US-MIDA-PJM,285.55,354.33,44.74,9.62,pjm.com,false,
2023-10-18 15:00:00,USA,PJM Interconnection,US-MIDA-PJM,283.59,352.06,45.04,9.75,pjm.com,false,
2023-10-18 16:00:00,USA,PJM Interconnection,US-MIDA-PJM,283.37,351.57,45.19,10.25,pjm.com,false,
2023-10-18 17:00:00,USA,PJM Interconnection,US-MIDA-PJM,280.55,348.1,45.64,10.91,pjm.com,false,
2023-10-18 18:00:00,USA,PJM Interconnection,US-MIDA-PJM,278.96,346.11,45.96,11.24,pjm.com,false,
2023-10-18 19:00:00,USA,PJM Interconnection,US-MIDA-PJM,281.36,348.98,45.45,10.85,pjm.com,false,
2023-10-18 20:00:00,USA,PJM Interconnection,US-MIDA-PJM,281.73,349.26,45.57,10.54,pjm.com,false,
2023-10-18 21:00:00,USA,PJM Interconnection,US-MIDA-PJM,283.56,351.72,45.15,10.3,pjm.com,false,
2023-10-18 22:00:00,USA,PJM Interconnection,US-MIDA-PJM,289.97,359.67,43.66,9.04,pjm.com,false,
2023-10-18 23:00:00,USA,PJM Interconnection,US-MIDA-PJM,291.2,361.26,43.34,9.05,pjm.com,false,
2023-10-19 00:00:00,USA,PJM Interconnection,US-MIDA-PJM,292.99,363.41,42.92,9.05,pjm.com,false,
2023-10-19 01:00:00,USA,PJM Interconnection,US-MIDA-PJM,296.72,367.36,42.47,7.84,pjm.com,false,
2023-10-19 02:00:00,USA,PJM Interconnection,US-MIDA-PJM,295.96,365.49,43.26,7.09,pjm.com,false,
2023-10-19 03:00:00,USA,PJM Interconnection,US-MIDA-PJM,288.41,355.92,45.05,7.59,pjm.com,false,
2023-10-19 04:00:00,USA,PJM Interconnection,US-MIDA-PJM,280.88,347.02,46.19,7.58,pjm.com,false,
2023-10-19 05:00:00,USA,PJM Interconnection,US-MIDA-PJM,275.7,340.95,47.1,7.88,pjm.com,false,
2023-10-19 06:00:00,USA,PJM Interconnection,US-MIDA-PJM,274.72,339.76,47.32,7.7,pjm.com,false,
2023-10-19 07:00:00,USA,PJM Interconnection,US-MIDA-PJM,276.33,341.89,46.86,7.15,pjm.com,false,
2023-10-19 08:00:00,USA,PJM Interconnection,US-MIDA-PJM,282.54,349.02,45.86,6.49,pjm.com,false,
2023-10-19 09:00:00,USA,PJM Interconnection,US-MIDA-PJM,288.94,357.26,44.25,5.87,pjm.com,false,
2023-10-19 10:00:00,USA,PJM Interconnection,US-MIDA-PJM,295.7,366.61,42.17,6.46,pjm.com,false,
2023-10-19 11:00:00,USA,PJM Interconnection,US-MIDA-PJM,305.6,377.98,40.76,6.84,pjm.com,false,
2023-10-19 12:00:00,USA,PJM Interconnection,US-MIDA-PJM,310.61,383.19,40.43,7.01,pjm.com,false,
2023-10-19 13:00:00,USA,PJM Interconnection,US-MIDA-PJM,306.01,377.3,41.75,7.86,pjm.com,false,
2023-10-19 14:00:00,USA,PJM Interconnection,US-MIDA-PJM,303.64,374.15,42.4,7.98,pjm.com,false,
2023-10-19 15:00:00,USA,PJM Interconnection,US-MIDA-PJM,303.9,374.12,42.58,7.93,pjm.com,false,
2023-10-19 16:00:00,USA,PJM Interconnection,US-MIDA-PJM,303.1,372.81,42.97,8.26,pjm.com,false,
2023-10-19 17:00:00,USA,PJM Interconnection,US-MIDA-PJM,301.0,370.52,43.17,8.26,pjm.com,false,
2023-10-19 18:00:00,USA,PJM Interconnection,US-MIDA-PJM,301.03,370.88,42.85,8.19,pjm.com,false,
2023-10-19 19:00:00,USA,PJM Interconnection,US-MIDA-PJM,301.61,371.43,42.78,8.4,pjm.com,false,
2023-10-19 20:00:00,USA,PJM Interconnection,US-MIDA-PJM,299.99,369.54,43.15,8.6,pjm.com,false,
2023-10-19 21:00:00,USA,PJM Interconnection,US-MIDA-PJM,297.99,367.63,43.25,8.91,pjm.com,false,
2023-10-19 22:00:00,USA,PJM Interconnection,US-MIDA-PJM,301.58,372.18,42.42,8.6,pjm.com,false,
2023-10-19 23:00:00,USA,PJM Interconnection,US-MIDA-PJM,306.95,378.41,41.56,8.45,pjm.com,false,
2023-10-20 00:00:00,USA,PJM Interconnection,US-MIDA-PJM,307.23,378.56,41.51,8.05,pjm.com,false,
2023-10-20 01:00:00,USA,PJM Interconnection,US-MIDA-PJM,307.36,378.2,41.82,7.68,pjm.com,false,
2023-10-20 02:00:00,USA,PJM Interconnection,US-MIDA-PJM,305.12,375.06,42.47,6.68,pjm.com,false,
2023-10-20 03:00:00,USA,PJM Interconnection,US-MIDA-PJM,299.02,367.61,43.49,6.16,pjm.com,false,
2023-10-20 04:00:00,USA,PJM Interconnection,US-MIDA-PJM,289.59,356.59,45.07,6.45,pjm.com,false,
2023-10-20 05:00:00,USA,PJM Interconnection,US-MIDA-PJM,284.09,350.18,46.03,6.5,pjm.com,false,
2023-10-20 06:00:00,USA,PJM Interconnection,US-MIDA-PJM,280.06,345.63,46.64,6.51,pjm.com,false,
2023-10-20 07:00:00,USA,PJM Interconnection,US-MIDA-PJM,277.47,343.14,46.7,6.53,pjm.com,false,
2023-10-20 08:00:00,USA,PJM Interconnection,US-MIDA-PJM,276.59,341.92,47.0,6.64,pjm.com,false,
2023-10-20 09:00:00,USA,PJM Interconnection,US-MIDA-PJM,285.04,351.52,45.71,6.4,pjm.com,false,
2023-10-20 10:00:00,USA,PJM Interconnection,US-MIDA-PJM,291.97,360.44,44.06,6.81,pjm.com,false,
2023-10-20 11:00:00,USA,PJM Interconnection,US-MIDA-PJM,296.11,366.32,42.66,7.57,pjm.com,false,
2023-10-20 12:00:00,USA,PJM Interconnection,US-MIDA-PJM,301.54,372.11,42.15,7.97,pjm.com,false,
2023-10-20 13:00:00,USA,PJM Interconnection,US-MIDA-PJM,305.74,376.76,41.81,8.29,pjm.com,false,
2023-10-20 14:00:00,USA,PJM Interconnection,US-MIDA-PJM,301.84,372.57,42.35,8.87,pjm.com,false,
2023-10-20 15:00:00,USA,PJM Interconnection,US-MIDA-PJM,300.23,370.82,42.47,9.01,pjm.com,false,
2023-10-20 16:00:00,USA,PJM Interconnection,US-MIDA-PJM,300.58,371.06,42.48,9.47,pjm.com,false,
2023-10-20 17:00:00,USA,PJM Interconnection,US-MIDA-PJM,295.78,365.05,43.61,10.23,pjm.com,false,
2023-10-20 18:00:00,USA,PJM Interconnection,US-MIDA-PJM,292.39,360.93,44.29,10.64,pjm.com,false,
2023-10-20 19:00:00,USA,PJM Interconnection,US-MIDA-PJM,292.31,360.6,44.34,10.4,pjm.com,false,
2023-10-20 20:00:00,USA,PJM Interconnection,US-MIDA-PJM,292.33,360.79,44.21,10.49,pjm.com,false,
2023-10-20 21:00:00,USA,PJM Interconnection,US-MIDA-PJM,296.12,365.38,43.42,9.85,pjm.com,false,
2023-10-20 22:00:00,USA,PJM Interconnection,US-MIDA-PJM,303.34,374.43,41.75,8.19,pjm.com,false,
2023-10-20 23:00:00,USA,PJM Interconnection,US-MIDA-PJM,309.32,381.68,40.52,7.09,pjm.com,false,
2023-10-21 00:00:00,USA,PJM Interconnection,US-MIDA-PJM,311.97,385.08,39.77,5.78,pjm.com,false,
2023-10-21 01:00:00,USA,PJM Interconnection,US-MIDA-PJM,313.67,386.36,39.95,4.78,pjm.com,false,
2023-10-21 02:00:00,USA,PJM Interconnection,US-MIDA-PJM,316.04,388.04,40.26,3.69,pjm.com,false,
2023-10-21 03:00:00,USA,PJM Interconnection,US-MIDA-PJM,313.03,383.24,41.54,3.53,pjm.com,false,
2023-10-21 04:00:00,USA,PJM Interconnection,US-MIDA-PJM,304.82,372.72,43.5,3.63,pjm.com,false,
2023-10-21 05:00:00,USA,PJM Interconnection,US-MIDA-PJM,296.54,362.37,45.34,4.1,pjm.com,false,
2023-10-21 06:00:00,USA,PJM Interconnection,US-MIDA-PJM,294.74,360.13,45.76,4.1,pjm.com,false,
2023-10-21 07:00:00,USA,PJM Interconnection,US-MIDA-PJM,291.16,355.99,46.36,4.23,pjm.com,false,
2023-10-21 08:00:00,USA,PJM Interconnection,US-MIDA-PJM,287.61,352.12,46.78,4.69,pjm.com,false,
2023-10-21 09:00:00,USA,PJM Interconnection,US-MIDA-PJM,287.03,351.34,46.97,5.16,pjm.com,false,
2023-10-21 10:00:00,USA,PJM Interconnection,US-MIDA-PJM,287.25,351.46,47.07,6.36,pjm.com,false,
2023-10-21 11:00:00,USA,PJM Interconnection,US-MIDA-PJM,282.26,345.69,47.94,8.08,pjm.com,false,
2023-10-21 12:00:00,USA,PJM Interconnection,US-MIDA-PJM,280.95,344.28,48.31,10.08,pjm.com,false,
2023-10-21 13:00:00,USA,PJM Interconnection,US-MIDA-PJM,271.4,332.85,50.4,12.4,pjm.com,false,
2023-10-21 14:00:00,USA,PJM Interconnection,US-MIDA-PJM,268.35,330.33,50.16,12.62,pjm.com,false,
2023-10-21 15:00:00,USA,PJM Interconnection,US-MIDA-PJM,270.15,332.43,49.79,12.9,pjm.com,false,
2023-10-21 16:00:00,USA,PJM Interconnection,US-MIDA-PJM,266.64,328.68,50.11,13.55,pjm.com,false,
2023-10-21 17:00:00,USA,PJM Interconnection,US-MIDA-PJM,261.46,322.87,50.78,13.96,pjm.com,false,
2023-10-21 18:00:00,USA,PJM Interconnection,US-MIDA-PJM,259.24,320.1,51.31,14.15,pjm.com,false,
2023-10-21 19:00:00,USA,PJM Interconnection,US-MIDA-PJM,252.34,312.24,52.42,14.99,pjm.com,false,
2023-10-21 20:00:00,USA,PJM Interconnection,US-MIDA-PJM,250.94,311.39,52.08,15.08,pjm.com,false,
2023-10-21 21:00:00,USA,PJM Interconnection,US-MIDA-PJM,260.39,323.02,49.93,13.59,pjm.com,false,
2023-10-21 22:00:00,USA,PJM Interconnection,US-MIDA-PJM,270.82,334.64,48.38,12.55,pjm.com,false,
2023-10-21 23:00:00,USA,PJM Interconnection,US-MIDA-PJM,275.82,340.51,47.47,12.39,pjm.com,false,
2023-10-22 00:00:00,USA,PJM Interconnection,US-MIDA-PJM,278.93,344.25,46.74,11.17,pjm.com,false,
2023-10-22 01:00:00,USA,PJM Interconnection,US-MIDA-PJM,278.38,343.54,46.83,10.59,pjm.com,false,
2023-10-22 02:00:00,USA,PJM Interconnection,US-MIDA-PJM,275.45,339.56,47.73,10.37,pjm.com,false,
2023-10-22 03:00:00,USA,PJM Interconnection,US-MIDA-PJM,276.72,340.24,48.07,10.07,pjm.com,false,
2023-10-22 04:00:00,USA,PJM Interconnection,US-MIDA-PJM,274.41,337.32,48.63,9.26,pjm.com,false,
2023-10-22 05:00:00,USA,PJM Interconnection,US-MIDA-PJM,276.33,339.8,48.13,7.93,pjm.com,false,
2023-10-22 06:00:00,USA,PJM Interconnection,US-MIDA-PJM,274.94,338.24,48.33,7.07,pjm.com,false,
2023-10-22 07:00:00,USA,PJM Interconnection,US-MIDA-PJM,277.01,340.83,47.84,6.32,pjm.com,false,
2023-10-22 08:00:00,USA,PJM Interconnection,US-MIDA-PJM,280.98,345.36,47.23,5.59,pjm.com,false,
2023-10-22 09:00:00,USA,PJM Interconnection,US-MIDA-PJM,284.41,348.75,47.12,5.59,pjm.com,false,
2023-10-22 10:00:00,USA,PJM Interconnection,US-MIDA-PJM,288.41,353.22,46.65,5.75,pjm.com,false,
2023-10-22 11:00:00,USA,PJM Interconnection,US-MIDA-PJM,292.06,357.79,45.81,6.06,pjm.com,false,
2023-10-22 12:00:00,USA,PJM Interconnection,US-MIDA-PJM,293.57,359.56,45.7,7.1,pjm.com,false,
2023-10-22 13:00:00,USA,PJM Interconnection,US-MIDA-PJM,289.57,354.95,46.59,8.81,pjm.com,false,
2023-10-22 14:00:00,USA,PJM Interconnection,US-MIDA-PJM,285.87,350.55,47.34,9.41,pjm.com,false,
2023-10-22 15:00:00,USA,PJM Interconnection,US-MIDA-PJM,287.57,353.16,46.54,8.82,pjm.com,false,
2023-10-22 16:00:00,USA,PJM Interconnection,US-MIDA-PJM,288.3,354.26,46.29,8.74,pjm.com,false,
2023-10-22 17:00:00,USA,PJM Interconnection,US-MIDA-PJM,285.84,351.32,46.8,8.99,pjm.com,false,
2023-10-22 18:00:00,USA,PJM Interconnection,US-MIDA-PJM,285.83,350.98,47.07,9.24,pjm.com,false,
2023-10-22 19:00:00,USA,PJM Interconnection,US-MIDA-PJM,286.2,351.36,47.11,9.41,pjm.com,false,
2023-10-22 20:00:00,USA,PJM Interconnection,US-MIDA-PJM,287.23,353.57,46.15,9.05,pjm.com,false,
2023-10-22 21:00:00,USA,PJM Interconnection,US-MIDA-PJM,298.59,368.04,43.15,7.28,pjm.com,false,
2023-10-22 22:00:00,USA,PJM Interconnection,US-MIDA-PJM,309.63,381.47,40.71,5.79,pjm.com,false,
2023-10-22 23:00:00,USA,PJM Interconnection,US-MIDA-PJM,316.65,389.76,39.41,5.69,pjm.com,false,
2023-10-23 00:00:00,USA,PJM Interconnection,US-MIDA-PJM,316.22,389.42,39.32,5.55,pjm.com,false,
2023-10-23 01:00:00,USA,PJM Interconnection,US-MIDA-PJM,315.15,387.67,39.8,5.17,pjm.com,false,
2023-10-23 02:00:00,USA,PJM Interconnection,US-MIDA-PJM,311.28,382.66,40.67,4.71,pjm.com,false,
2023-10-23 03:00:00,USA,PJM Interconnection,US-MIDA-PJM,304.98,374.23,42.48,4.7,pjm.com,false,
2023-10-23 04:00:00,USA,PJM Interconnection,US-MIDA-PJM,300.36,368.15,43.79,5.46,pjm.com,false,
2023-10-23 05:00:00,USA,PJM Interconnection,US-MIDA-PJM,295.2,361.34,45.29,5.97,pjm.com,false,
2023-10-23 06:00:00,USA,PJM Interconnection,US-MIDA-PJM,291.52,357.28,45.75,6.33,pjm.com,false,
2023-10-23 07:00:00,USA,PJM Interconnection,US-MIDA-PJM,293.98,360.45,45.11,6.35,pjm.com,false,
2023-10-23 08:00:00,USA,PJM Interconnection,US-MIDA-PJM,298.38,365.3,44.56,6.39,pjm.com,false,
2023-10-23 09:00:00,USA,PJM Interconnection,US-MIDA-PJM,297.91,365.44,44.21,7.26,pjm.com,false,
2023-10-23 10:00:00,USA,PJM Interconnection,US-MIDA-PJM,301.24,370.7,42.75,8.68,pjm.com,false,
2023-10-23 11:00:00,USA,PJM Interconnection,US-MIDA-PJM,308.35,379.33,41.39,9.31,pjm.com,false,
2023-10-23 12:00:00,USA,PJM Interconnection,US-MIDA-PJM,308.76,379.03,42.0,10.68,pjm.com,false,
2023-10-23 13:00:00,USA,PJM Interconnection,US-MIDA-PJM,300.52,369.16,43.74,11.81,pjm.com,false,
2023-10-23 14:00:00,USA,PJM Interconnection,US-MIDA-PJM,302.48,371.06,43.83,11.23,pjm.com,false,
2023-10-23 15:00:00,USA,PJM Interconnection,US-MIDA-PJM,302.36,370.54,44.1,10.95,pjm.com,false,
2023-10-23 16:00:00,USA,PJM Interconnection,US-MIDA-PJM,299.52,366.91,44.76,11.32,pjm.com,false,
2023-10-23 17:00:00,USA,PJM Interconnection,US-MIDA-PJM,297.22,364.31,45.06,11.57,pjm.com,false,
2023-10-23 18:00:00,USA,PJM Interconnection,US-MIDA-PJM,296.82,363.96,45.04,11.66,pjm.com,false,
2023-10-23 19:00:00,USA,PJM Interconnection,US-MIDA-PJM,297.44,364.47,45.09,11.65,pjm.com,false,
2023-10-23 20:00:00,USA,PJM Interconnection,US-MIDA-PJM,299.61,367.55,44.27,11.17,pjm.com,false,
2023-10-23 21:00:00,USA,PJM Interconnection,US-MIDA-PJM,309.22,379.56,41.97,9.46,pjm.com,false,
2023-10-23 22:00:00,USA,PJM Interconnection,US-MIDA-PJM,317.34,389.62,40.22,8.07,pjm.com,false,
2023-10-23 23:00:00,USA,PJM Interconnection,US-MIDA-PJM,318.36,390.98,40.04,8.59,pjm.com,false,
2023-10-24 00:00:00,USA,PJM Interconnection,US-MIDA-PJM,316.89,388.32,41.03,8.99,pjm.com,false,
2023-10-24 01:00:00,USA,PJM Interconnection,US-MIDA-PJM,314.79,384.73,41.92,8.83,pjm.com,false,
2023-10-24 02:00:00,USA,PJM Interconnection,US-MIDA-PJM,311.59,380.14,42.8,8.51,pjm.com,false,
2023-10-24 03:00:00,USA,PJM Interconnection,US-MIDA-PJM,301.63,368.2,44.64,8.99,pjm.com,false,
2023-10-24 04:00:00,USA,PJM Interconnection,US-MIDA-PJM,295.37,360.63,45.91,9.49,pjm.com,false,
2023-10-24 05:00:00,USA,PJM Interconnection,US-MIDA-PJM,294.74,359.39,46.41,9.57,pjm.com,false,
2023-10-24 06:00:00,USA,PJM Interconnection,US-MIDA-PJM,291.55,355.34,47.2,9.69,pjm.com,false,
2023-10-24 07:00:00,USA,PJM Interconnection,US-MIDA-PJM,289.34,352.95,47.43,9.88,pjm.com,false,
2023-10-24 08:00:00,USA,PJM Interconnection,US-MIDA-PJM,285.92,350.28,47.08,9.71,pjm.com,false,
2023-10-24 09:00:00,USA,PJM Interconnection,US-MIDA-PJM,293.14,359.31,45.46,9.52,pjm.com,false,
2023-10-24 10:00:00,USA,PJM Interconnection,US-MIDA-PJM,298.76,366.38,44.25,10.51,pjm.com,false,
2023-10-24 11:00:00,USA,PJM Interconnection,US-MIDA-PJM,306.22,374.98,43.16,11.43,pjm.com,false,
2023-10-24 12:00:00,USA,PJM Interconnection,US-MIDA-PJM,305.93,374.63,43.36,12.12,pjm.com,false,
2023-10-24 13:00:00,USA,PJM Interconnection,US-MIDA-PJM,299.36,366.2,45.23,13.03,pjm.com,false,
2023-10-24 14:00:00,USA,PJM Interconnection,US-MIDA-PJM,300.48,367.58,44.92,11.92,pjm.com,false,
2023-10-24 15:00:00,USA,PJM Interconnection,US-MIDA-PJM,303.24,370.56,44.6,11.17,pjm.com,false,
2023-10-24 16:00:00,USA,PJM Interconnection,US-MIDA-PJM,305.71,372.98,44.5,10.98,pjm.com,false,
2023-10-24 17:00:00,USA,PJM Interconnection,US-MIDA-PJM,306.68,373.66,44.67,11.37,pjm.com,false,
2023-10-24 18:00:00,USA,PJM Interconnection,US-MIDA-PJM,302.14,368.39,45.52,12.05,pjm.com,false,
2023-10-24 19:00:00,USA,PJM Interconnection,US-MIDA-PJM,297.77,363.71,45.86,12.65,pjm.com,false,
2023-10-24 20:00:00,USA,PJM Interconnection,US-MIDA-PJM,304.83,372.37,44.42,11.77,pjm.com,false,
2023-10-24 21:00:00,USA,PJM Interconnection,US-MIDA-PJM,310.2,379.48,42.95,10.7,pjm.com,false,
2023-10-24 22:00:00,USA,PJM Interconnection,US-MIDA-PJM,315.08,385.44,41.84,9.72,pjm.com,false,
2023-10-24 23:00:00,USA,PJM Interconnection,US-MIDA-PJM,317.98,388.73,41.4,9.79,pjm.com,false,
2023-10-25 00:00:00,USA,PJM Interconnection,US-MIDA-PJM,319.03,389.67,41.35,9.29,pjm.com,false,
2023-10-25 01:00:00,USA,PJM Interconnection,US-MIDA-PJM,319.22,388.6,42.0,8.86,pjm.com,false,
2023-10-25 02:00:00,USA,PJM Interconnection,US-MIDA-PJM,310.44,377.9,43.58,9.0,pjm.com,false,
2023-10-25 03:00:00,USA,PJM Interconnection,US-MIDA-PJM,301.34,367.23,45.16,9.02,pjm.com,false,
2023-10-25 04:00:00,USA,PJM Interconnection,US-MIDA-PJM,295.48,360.51,46.07,8.79,pjm.com,false,
2023-10-25 05:00:00,USA,PJM Interconnection,US-MIDA-PJM,290.15,355.05,46.43,8.7,pjm.com,false,
2023-10-25 06:00:00,USA,PJM Interconnection,US-MIDA-PJM,291.17,356.4,46.14,7.89,pjm.com,false,
2023-10-25 07:00:00,USA,PJM Interconnection,US-MIDA-PJM,291.79,357.17,46.0,7.47,pjm.com,false,
2023-10-25 08:00:00,USA,PJM Interconnection,US-MIDA-PJM,298.38,364.6,45.06,6.75,pjm.com,false,
2023-10-25 09:00:00,USA,PJM Interconnection,US-MIDA-PJM,304.39,371.05,44.48,6.95,pjm.com,false,
2023-10-25 10:00:00,USA,PJM Interconnection,US-MIDA-PJM,307.46,376.07,43.02,7.74,pjm.com,false,
2023-10-25 11:00:00,USA,PJM Interconnection,US-MIDA-PJM,314.25,383.77,42.11,8.93,pjm.com,false,
2023-10-25 12:00:00,USA,PJM Interconnection,US-MIDA-PJM,314.79,384.29,42.14,9.53,pjm.com,false,
2023-10-25 13:00:00,USA,PJM Interconnection,US-MIDA-PJM,309.45,378.0,43.24,10.39,pjm.com,false,
2023-10-25 14:00:00,USA,PJM Interconnection,US-MIDA-PJM,307.42,375.29,43.95,11.07,pjm.com,false,
2023-10-25 15:00:00,USA,PJM Interconnection,US-MIDA-PJM,305.82,373.45,44.44,11.36,pjm.com,false,
2023-10-25 16:00:00,USA,PJM Interconnection,US-MIDA-PJM,303.69,371.61,44.32,11.5,pjm.com,false,
2023-10-25 17:00:00,USA,PJM Interconnection,US-MIDA-PJM,309.05,377.15,43.98,11.35,pjm.com,false,
2023-10-25 18:00:00,USA,PJM Interconnection,US-MIDA-PJM,313.31,381.92,43.4,10.55,pjm.com,false,
2023-10-25 19:00:00,USA,PJM Interconnection,US-MIDA-PJM,317.11,386.55,42.57,9.72,pjm.com,false,
2023-10-25 20:00:00,USA,PJM Interconnection,US-MIDA-PJM,320.08,390.13,41.89,9.11,pjm.com,false,
2023-10-25 21:00:00,USA,PJM Interconnection,US-MIDA-PJM,322.24,393.03,41.11,8.42,pjm.com,false,
2023-10-25 22:00:00,USA,PJM Interconnection,US-MIDA-PJM,325.63,397.42,40.14,7.85,pjm.com,false,
2023-10-25 23:00:00,USA,PJM Interconnection,US-MIDA-PJM,327.22,399.47,39.74,7.9,pjm.com,false,
2023-10-26 00:00:00,USA,PJM Interconnection,US-MIDA-PJM,328.16,399.79,40.06,7.35,pjm.com,false,
2023-10-26 01:00:00,USA,PJM Interconnection,US-MIDA-PJM,331.38,402.77,39.96,6.26,pjm.com,false,
2023-10-26 02:00:00,USA,PJM Interconnection,US-MIDA-PJM,324.24,393.15,41.87,6.26,pjm.com,false,
2023-10-26 03:00:00,USA,PJM Interconnection,US-MIDA-PJM,310.31,376.72,44.26,6.91,pjm.com,false,
2023-10-26 04:00:00,USA,PJM Interconnection,US-MIDA-PJM,298.63,363.64,45.9,7.17,pjm.com,false,
2023-10-26 05:00:00,USA,PJM Interconnection,US-MIDA-PJM,292.93,357.45,46.58,6.96,pjm.com,false,
2023-10-26 06:00:00,USA,PJM Interconnection,US-MIDA-PJM,289.27,353.1,47.28,7.35,pjm.com,false,
2023-10-26 07:00:00,USA,PJM Interconnection,US-MIDA-PJM,281.47,344.55,48.23,7.82,pjm.com,false,
2023-10-26 08:00:00,USA,PJM Interconnection,US-MIDA-PJM,275.91,338.51,48.86,8.72,pjm.com,false,
2023-10-26 09:00:00,USA,PJM Interconnection,US-MIDA-PJM,282.67,346.33,47.72,8.85,pjm.com,false,
2023-10-26 10:00:00,USA,PJM Interconnection,US-MIDA-PJM,290.71,356.2,46.04,9.5,pjm.com,false,
2023-10-26 11:00:00,USA,PJM Interconnection,US-MIDA-PJM,300.58,368.7,43.8,9.41,pjm.com,false,
2023-10-26 12:00:00,USA,PJM Interconnection,US-MIDA-PJM,302.57,370.9,43.63,10.1,pjm.com,false,
2023-10-26 13:00:00,USA,PJM Interconnection,US-MIDA-PJM,298.0,364.88,45.24,11.63,pjm.com,false,
2023-10-26 14:00:00,USA,PJM Interconnection,US-MIDA-PJM,298.25,365.0,45.77,12.1,pjm.com,false,
2023-10-26 15:00:00,USA,PJM Interconnection,US-MIDA-PJM,297.57,363.88,46.08,12.39,pjm.com,false,
2023-10-26 16:00:00,USA,PJM Interconnection,US-MIDA-PJM,298.01,364.82,45.65,12.44,pjm.com,false,
2023-10-26 17:00:00,USA,PJM Interconnection,US-MIDA-PJM,296.34,363.42,45.51,12.31,pjm.com,false,
2023-10-26 18:00:00,USA,PJM Interconnection,US-MIDA-PJM,298.4,366.12,44.94,11.94,pjm.com,false,
2023-10-26 19:00:00,USA,PJM Interconnection,US-MIDA-PJM,306.84,376.16,43.32,10.62,pjm.com,false,
2023-10-26 20:00:00,USA,PJM Interconnection,US-MIDA-PJM,314.02,384.38,42.27,9.7,pjm.com,false,
2023-10-26 21:00:00,USA,PJM Interconnection,US-MIDA-PJM,319.86,391.32,41.12,8.37,pjm.com,false,
2023-10-26 22:00:00,USA,PJM Interconnection,US-MIDA-PJM,320.5,392.17,40.83,7.92,pjm.com,false,
2023-10-26 23:00:00,USA,PJM Interconnection,US-MIDA-PJM,320.36,392.24,40.63,8.16,pjm.com,false,
2023-10-27 00:00:00,USA,PJM Interconnection,US-MIDA-PJM,317.99,389.05,41.34,8.24,pjm.com,false,
2023-10-27 01:00:00,USA,PJM Interconnection,US-MIDA-PJM,322.05,392.93,41.07,7.03,pjm.com,false,
2023-10-27 02:00:00,USA,PJM Interconnection,US-MIDA-PJM,311.56,380.18,42.99,7.09,pjm.com,false,
2023-10-27 03:00:00,USA,PJM Interconnection,US-MIDA-PJM,298.75,364.89,45.25,7.83,pjm.com,false,
2023-10-27 04:00:00,USA,PJM Interconnection,US-MIDA-PJM,285.9,348.89,48.03,8.58,pjm.com,false,
2023-10-27 05:00:00,USA,PJM Interconnection,US-MIDA-PJM,277.18,338.95,49.37,8.68,pjm.com,false,
2023-10-27 06:00:00,USA,PJM Interconnection,US-MIDA-PJM,270.86,331.98,50.19,8.96,pjm.com,false,
2023-10-27 07:00:00,USA,PJM Interconnection,US-MIDA-PJM,269.13,329.81,50.61,8.99,pjm.com,false,
2023-10-27 08:00:00,USA,PJM Interconnection,US-MIDA-PJM,272.56,334.09,49.81,8.4,pjm.com,false,
2023-10-27 09:00:00,USA,PJM Interconnection,US-MIDA-PJM,283.18,345.67,48.66,8.2,pjm.com,false,
2023-10-27 10:00:00,USA,PJM Interconnection,US-MIDA-PJM,294.42,359.08,46.81,8.72,pjm.com,false,
2023-10-27 11:00:00,USA,PJM Interconnection,US-MIDA-PJM,302.72,369.64,44.85,8.98,pjm.com,false,
2023-10-27 12:00:00,USA,PJM Interconnection,US-MIDA-PJM,307.31,374.66,44.14,9.38,pjm.com,false,
2023-10-27 13:00:00,USA,PJM Interconnection,US-MIDA-PJM,305.11,372.06,44.57,9.92,pjm.com,false,
2023-10-27 14:00:00,USA,PJM Interconnection,US-MIDA-PJM,308.59,376.81,43.59,9.59,pjm.com,false,
2023-10-27 15:00:00,USA,PJM Interconnection,US-MIDA-PJM,310.91,379.26,43.44,9.7,pjm.com,false,
2023-10-27 16:00:00,USA,PJM Interconnection,US-MIDA-PJM,312.48,381.44,42.9,9.45,pjm.com,false,
2023-10-27 17:00:00,USA,PJM Interconnection,US-MIDA-PJM,313.2,382.47,42.58,9.36,pjm.com,false,
2023-10-27 18:00:00,USA,PJM Interconnection,US-MIDA-PJM,315.49,384.81,42.36,9.01,pjm.com,false,
2023-10-27 19:00:00,USA,PJM Interconnection,US-MIDA-PJM,313.26,382.1,42.86,9.36,pjm.com,false,
2023-10-27 20:00:00,USA,PJM Interconnection,US-MIDA-PJM,316.28,385.75,42.26,9.13,pjm.com,false,
2023-10-27 21:00:00,USA,PJM Interconnection,US-MIDA-PJM,324.21,394.56,41.19,7.9,pjm.com,false,
2023-10-27 22:00:00,USA,PJM Interconnection,US-MIDA-PJM,324.5,395.04,40.93,7.45,pjm.com,false,
2023-10-27 23:00:00,USA,PJM Interconnection,US-MIDA-PJM,322.0,391.91,41.51,7.6,pjm.com,false,
2023-10-28 00:00:00,USA,PJM Interconnection,US-MIDA-PJM,315.53,383.54,43.28,8.63,pjm.com,false,
2023-10-28 01:00:00,USA,PJM Interconnection,US-MIDA-PJM,307.51,373.51,45.1,9.71,pjm.com,false,
2023-10-28 02:00:00,USA,PJM Interconnection,US-MIDA-PJM,306.05,371.09,45.69,8.81,pjm.com,false,
2023-10-28 03:00:00,USA,PJM Interconnection,US-MIDA-PJM,302.96,366.4,46.89,8.46,pjm.com,false,
2023-10-28 04:00:00,USA,PJM Interconnection,US-MIDA-PJM,294.08,355.72,48.61,8.7,pjm.com,false,
2023-10-28 05:00:00,USA,PJM Interconnection,US-MIDA-PJM,291.23,352.11,49.32,8.67,pjm.com,false,
2023-10-28 06:00:00,USA,PJM Interconnection,US-MIDA-PJM,287.88,348.16,49.94,8.45,pjm.com,false,
2023-10-28 07:00:00,USA,PJM Interconnection,US-MIDA-PJM,291.41,352.69,49.04,7.1,pjm.com,false,
2023-10-28 08:00:00,USA,PJM Interconnection,US-MIDA-PJM,292.65,354.21,48.78,6.53,pjm.com,false,
2023-10-28 09:00:00,USA,PJM Interconnection,US-MIDA-PJM,292.52,354.21,48.69,6.39,pjm.com,false,
2023-10-28 10:00:00,USA,PJM Interconnection,US-MIDA-PJM,300.12,363.15,47.32,5.63,pjm.com,false,
2023-10-28 11:00:00,USA,PJM Interconnection,US-MIDA-PJM,307.95,372.53,45.83,4.95,pjm.com,false,
2023-10-28 12:00:00,USA,PJM Interconnection,US-MIDA-PJM,309.75,374.78,45.56,5.74,pjm.com,false,
2023-10-28 13:00:00,USA,PJM Interconnection,US-MIDA-PJM,307.45,372.36,46.08,7.2,pjm.com,false,
2023-10-28 14:00:00,USA,PJM Interconnection,US-MIDA-PJM,305.36,370.49,46.13,8.04,pjm.com,false,
2023-10-28 15:00:00,USA,PJM Interconnection,US-MIDA-PJM,308.76,374.48,45.53,8.05,pjm.com,false,
2023-10-28 16:00:00,USA,PJM Interconnection,US-MIDA-PJM,314.8,381.1,44.82,7.48,pjm.com,false,
2023-10-28 17:00:00,USA,PJM Interconnection,US-MIDA-PJM,317.97,384.79,44.28,7.37,pjm.com,false,
2023-10-28 18:00:00,USA,PJM Interconnection,US-MIDA-PJM,318.85,385.85,44.19,7.64,pjm.com,false,
2023-10-28 19:00:00,USA,PJM Interconnection,US-MIDA-PJM,315.34,382.54,44.27,8.15,pjm.com,false,
2023-10-28 20:00:00,USA,PJM Interconnection,US-MIDA-PJM,319.99,387.92,43.44,7.72,pjm.com,false,
2023-10-28 21:00:00,USA,PJM Interconnection,US-MIDA-PJM,329.81,399.15,41.74,5.96,pjm.com,false,
2023-10-28 22:00:00,USA,PJM Interconnection,US-MIDA-PJM,335.92,406.72,40.29,4.92,pjm.com,false,
2023-10-28 23:00:00,USA,PJM Interconnection,US-MIDA-PJM,335.71,406.21,40.63,5.14,pjm.com,false,
2023-10-29 00:00:00,USA,PJM Interconnection,US-MIDA-PJM,329.26,398.82,41.49,4.98,pjm.com,false,
2023-10-29 01:00:00,USA,PJM Interconnection,US-MIDA-PJM,330.62,399.35,41.89,4.55,pjm.com,false,
2023-10-29 02:00:00,USA,PJM Interconnection,US-MIDA-PJM,331.83,399.01,42.88,4.16,pjm.com,false,
2023-10-29 03:00:00,USA,PJM Interconnection,US-MIDA-PJM,330.95,397.44,43.29,3.42,pjm.com,false,
2023-10-29 04:00:00,USA,PJM Interconnection,US-MIDA-PJM,322.87,387.71,44.82,3.19,pjm.com,false,
2023-10-29 05:00:00,USA,PJM Interconnection,US-MIDA-PJM,316.06,379.65,46.12,3.22,pjm.com,false,
2023-10-29 06:00:00,USA,PJM Interconnection,US-MIDA-PJM,313.7,377.05,46.42,3.25,pjm.com,false,
2023-10-29 07:00:00,USA,PJM Interconnection,US-MIDA-PJM,300.47,362.38,48.18,4.05,pjm.com,false,
2023-10-29 08:00:00,USA,PJM Interconnection,US-MIDA-PJM,294.94,356.68,48.58,4.09,pjm.com,false,
2023-10-29 09:00:00,USA,PJM Interconnection,US-MIDA-PJM,294.94,356.6,48.63,4.35,pjm.com,false,
2023-10-29 10:00:00,USA,PJM Interconnection,US-MIDA-PJM,297.67,359.39,48.47,4.59,pjm.com,false,
2023-10-29 11:00:00,USA,PJM Interconnection,US-MIDA-PJM,298.89,360.99,48.14,4.81,pjm.com,false,
2023-10-29 12:00:00,USA,PJM Interconnection,US-MIDA-PJM,305.04,368.11,47.2,5.39,pjm.com,false,
2023-10-29 13:00:00,USA,PJM Interconnection,US-MIDA-PJM,305.43,368.96,47.08,6.59,pjm.com,false,
2023-10-29 14:00:00,USA,PJM Interconnection,US-MIDA-PJM,304.66,368.17,47.22,7.51,pjm.com,false,
2023-10-29 15:00:00,USA,PJM Interconnection,US-MIDA-PJM,305.97,370.39,46.51,7.51,pjm.com,false,
2023-10-29 16:00:00,USA,PJM Interconnection,US-MIDA-PJM,318.2,383.58,45.16,7.3,pjm.com,false,
2023-10-29 17:00:00,USA,PJM Interconnection,US-MIDA-PJM,323.61,389.44,44.52,7.24,pjm.com,false,
2023-10-29 18:00:00,USA,PJM Interconnection,US-MIDA-PJM,324.18,390.33,44.26,7.41,pjm.com,false,
2023-10-29 19:00:00,USA,PJM Interconnection,US-MIDA-PJM,323.35,389.43,44.41,7.59,pjm.com,false,
2023-10-29 20:00:00,USA,PJM Interconnection,US-MIDA-PJM,324.11,390.14,44.41,7.52,pjm.com,false,
2023-10-29 21:00:00,USA,PJM Interconnection,US-MIDA-PJM,328.68,395.68,43.35,7.16,pjm.com,false,
2023-10-29 22:00:00,USA,PJM Interconnection,US-MIDA-PJM,333.71,401.59,42.48,6.99,pjm.com,false,
2023-10-29 23:00:00,USA,PJM Interconnection,US-MIDA-PJM,336.17,404.49,42.06,6.96,pjm.com,false,
2023-10-30 00:00:00,USA,PJM Interconnection,US-MIDA-PJM,334.35,401.93,42.68,6.79,pjm.com,false,
2023-10-30 01:00:00,USA,PJM Interconnection,US-MIDA-PJM,333.21,400.1,43.22,6.41,pjm.com,false,
2023-10-30 02:00:00,USA,PJM Interconnection,US-MIDA-PJM,333.24,399.25,43.68,5.46,pjm.com,false,
2023-10-30 03:00:00,USA,PJM Interconnection,US-MIDA-PJM,329.26,393.88,44.78,5.13,pjm.com,false,
2023-10-30 04:00:00,USA,PJM Interconnection,US-MIDA-PJM,312.54,374.65,47.36,6.54,pjm.com,false,
2023-10-30 05:00:00,USA,PJM Interconnection,US-MIDA-PJM,300.4,361.3,48.86,7.17,pjm.com,false,
2023-10-30 06:00:00,USA,PJM Interconnection,US-MIDA-PJM,295.85,356.01,49.63,7.45,pjm.com,false,
2023-10-30 07:00:00,USA,PJM Interconnection,US-MIDA-PJM,294.95,354.68,49.99,7.47,pjm.com,false,
2023-10-30 08:00:00,USA,PJM Interconnection,US-MIDA-PJM,299.62,360.55,48.89,7.03,pjm.com,false,
2023-10-30 09:00:00,USA,PJM Interconnection,US-MIDA-PJM,307.96,370.47,47.39,6.82,pjm.com,false,
2023-10-30 10:00:00,USA,PJM Interconnection,US-MIDA-PJM,315.41,380.5,45.25,6.95,pjm.com,false,
2023-10-30 11:00:00,USA,PJM Interconnection,US-MIDA-PJM,317.84,384.62,44.01,7.9,pjm.com,false,
2023-10-30 12:00:00,USA,PJM Interconnection,US-MIDA-PJM,328.22,395.98,42.63,7.7,pjm.com,false,
2023-10-30 13:00:00,USA,PJM Interconnection,US-MIDA-PJM,330.31,397.42,43.05,8.1,pjm.com,false,
2023-10-30 14:00:00,USA,PJM Interconnection,US-MIDA-PJM,331.31,398.85,42.73,8.42,pjm.com,false,
2023-10-30 15:00:00,USA,PJM Interconnection,US-MIDA-PJM,334.99,402.42,42.61,8.71,pjm.com,false,
2023-10-30 16:00:00,USA,PJM Interconnection,US-MIDA-PJM,336.34,403.34,42.92,8.99,pjm.com,false,
2023-10-30 17:00:00,USA,PJM Interconnection,US-MIDA-PJM,334.26,401.1,43.19,9.46,pjm.com,false,
2023-10-30 18:00:00,USA,PJM Interconnection,US-MIDA-PJM,331.39,398.32,43.26,9.52,pjm.com,false,
2023-10-30 19:00:00,USA,PJM Interconnection,US-MIDA-PJM,325.95,392.89,43.52,9.52,pjm.com,false,
2023-10-30 20:00:00,USA,PJM Interconnection,US-MIDA-PJM,323.37,390.62,43.42,9.36,pjm.com,false,
2023-10-30 21:00:00,USA,PJM Interconnection,US-MIDA-PJM,329.28,398.17,41.91,8.0,pjm.com,false,
2023-10-30 22:00:00,USA,PJM Interconnection,US-MIDA-PJM,338.58,409.47,39.9,6.41,pjm.com,false,
2023-10-30 23:00:00,USA,PJM Interconnection,US-MIDA-PJM,342.62,413.84,39.45,6.03,pjm.com,false,
2023-10-31 00:00:00,USA,PJM Interconnection,US-MIDA-PJM,343.14,413.98,39.72,5.55,pjm.com,false,
2023-10-31 01:00:00,USA,PJM Interconnection,US-MIDA-PJM,339.21,409.54,40.24,4.86,pjm.com,false,
2023-10-31 02:00:00,USA,PJM Interconnection,US-MIDA-PJM,336.21,405.27,41.2,4.3,pjm.com,false,
2023-10-31 03:00:00,USA,PJM Interconnection,US-MIDA-PJM,332.6,400.22,42.26,4.11,pjm.com,false,
2023-10-31 04:00:00,USA,PJM Interconnection,US-MIDA-PJM,325.33,391.58,43.58,4.32,pjm.com,false,
2023-10-31 05:00:00,USA,PJM Interconnection,US-MIDA-PJM,327.06,393.53,43.33,4.02,pjm.com,false,
2023-10-31 06:00:00,USA,PJM Interconnection,US-MIDA-PJM,329.96,396.56,43.07,3.46,pjm.com,false,
2023-10-31 07:00:00,USA,PJM Interconnection,US-MIDA-PJM,330.84,397.65,42.86,3.26,pjm.com,false,
2023-10-31 08:00:00,USA,PJM Interconnection,US-MIDA-PJM,334.84,401.86,42.57,3.44,pjm.com,false,
2023-10-31 09:00:00,USA,PJM Interconnection,US-MIDA-PJM,337.68,405.89,41.67,3.95,pjm.com,false,
2023-10-31 10:00:00,USA,PJM Interconnection,US-MIDA-PJM,336.22,405.42,41.12,5.52,pjm.com,false,
2023-10-31 11:00:00,USA,PJM Interconnection,US-MIDA-PJM,341.61,412.35,39.76,6.21,pjm.com,false,
2023-10-31 12:00:00,USA,PJM Interconnection,US-MIDA-PJM,350.58,421.69,38.95,6.44,pjm.com,false,
2023-10-31 13:00:00,USA,PJM Interconnection,US-MIDA-PJM,348.65,419.43,39.39,6.47,pjm.com,false,
2023-10-31 14:00:00,USA,PJM Interconnection,US-MIDA-PJM,346.21,416.34,40.03,6.64,pjm.com,false,
2023-10-31 15:00:00,USA,PJM Interconnection,US-MIDA-PJM,334.37,402.18,42.29,8.28,pjm.com,false,
2023-10-31 16:00:00,USA,PJM Interconnection,US-MIDA-PJM,329.9,397.34,42.68,8.9,pjm.com,false,
2023-10-31 17:00:00,USA,PJM Interconnection,US-MIDA-PJM,330.73,398.52,42.38,8.79,pjm.com,false,
2023-10-31 18:00:00,USA,PJM Interconnection,US-MIDA-PJM,329.58,397.55,42.28,8.76,pjm.com,false,
2023-10-31 19:00:00,USA,PJM Interconnection,US-MIDA-PJM,328.03,396.12,42.24,8.89,pjm.com,false,
2023-10-31 20:00:00,USA,PJM Interconnection,US-MIDA-PJM,327.15,395.01,42.48,9.03,pjm.com,false,
2023-10-31 21:00:00,USA,PJM Interconnection,US-MIDA-PJM,323.3,390.21,43.44,10.16,pjm.com,false,
2023-10-31 22:00:00,USA,PJM Interconnection,US-MIDA-PJM,322.91,389.93,43.41,10.38,pjm.com,false,
2023-10-31 23:00:00,USA,PJM Interconnection,US-MIDA-PJM,322.33,389.85,43.09,10.28,pjm.com,false,
2023-11-01 00:00:00,USA,PJM Interconnection,US-MIDA-PJM,326.96,395.37,42.17,9.81,pjm.com,false,
2023-11-01 01:00:00,USA,PJM Interconnection,US-MIDA-PJM,330.51,398.92,41.93,9.04,pjm.com,false,
2023-11-01 02:00:00,USA,PJM Interconnection,US-MIDA-PJM,330.26,398.18,42.16,8.15,pjm.com,false,
2023-11-01 03:00:00,USA,PJM Interconnection,US-MIDA-PJM,331.45,398.82,42.44,7.37,pjm.com,false,
2023-11-01 04:00:00,USA,PJM Interconnection,US-MIDA-PJM,329.51,395.93,43.22,6.79,pjm.com,false,
2023-11-01 05:00:00,USA,PJM Interconnection,US-MIDA-PJM,330.32,396.43,43.41,6.63,pjm.com,false,
2023-11-01 06:00:00,USA,PJM Interconnection,US-MIDA-PJM,329.91,395.99,43.46,6.43,pjm.com,false,
2023-11-01 07:00:00,USA,PJM Interconnection,US-MIDA-PJM,332.22,398.44,43.24,5.96,pjm.com,false,
2023-11-01 08:00:00,USA,PJM Interconnection,US-MIDA-PJM,339.41,406.91,41.95,4.99,pjm.com,false,
2023-11-01 09:00:00,USA,PJM Interconnection,US-MIDA-PJM,345.46,414.29,40.77,4.4,pjm.com,false,
2023-11-01 10:00:00,USA,PJM Interconnection,US-MIDA-PJM,346.28,416.94,39.51,5.07,pjm.com,false,
2023-11-01 11:00:00,USA,PJM Interconnection,US-MIDA-PJM,356.14,429.39,37.44,4.97,pjm.com,false,
2023-11-01 12:00:00,USA,PJM Interconnection,US-MIDA-PJM,359.24,432.72,37.15,5.33,pjm.com,false,
2023-11-01 13:00:00,USA,PJM Interconnection,US-MIDA-PJM,352.45,424.52,38.42,6.52,pjm.com,false,
2023-11-01 14:00:00,USA,PJM Interconnection,US-MIDA-PJM,349.27,420.45,39.32,6.9,pjm.com,false,
2023-11-01 15:00:00,USA,PJM Interconnection,US-MIDA-PJM,346.72,417.03,40.07,6.95,pjm.com,false,
2023-11-01 16:00:00,USA,PJM Interconnection,US-MIDA-PJM,341.13,410.8,40.83,7.29,pjm.com,false,
2023-11-01 17:00:00,USA,PJM Interconnection,US-MIDA-PJM,337.12,406.11,41.56,7.76,pjm.com,false,
2023-11-01 18:00:00,USA,PJM Interconnection,US-MIDA-PJM,332.83,401.15,42.29,8.37,pjm.com,false,
2023-11-01 19:00:00,USA,PJM Interconnection,US-MIDA-PJM,328.91,397.04,42.64,8.37,pjm.com,false,
2023-11-01 20:00:00,USA,PJM Interconnection,US-MIDA-PJM,329.69,398.87,41.75,7.88,pjm.com,false,
2023-11-01 21:00:00,USA,PJM Interconnection,US-MIDA-PJM,336.91,407.71,40.04,6.49,pjm.com,false,
2023-11-01 22:00:00,USA,PJM Interconnection,US-MIDA-PJM,349.26,422.14,37.81,5.72,pjm.com,false,
2023-11-01 23:00:00,USA,PJM Interconnection,US-MIDA-PJM,357.15,430.72,36.88,5.64,pjm.com,false,
2023-11-02 00:00:00,USA,PJM Interconnection,US-MIDA-PJM,349.17,421.83,37.93,6.47,pjm.com,false,
2023-11-02 01:00:00,USA,PJM Interconnection,US-MIDA-PJM,348.25,420.95,37.89,6.23,pjm.com,false,
2023-11-02 02:00:00,USA,PJM Interconnection,US-MIDA-PJM,349.87,421.67,38.35,5.74,pjm.com,false,
2023-11-02 03:00:00,USA,PJM Interconnection,US-MIDA-PJM,351.85,422.22,39.24,5.61,pjm.com,false,
2023-11-02 04:00:00,USA,PJM Interconnection,US-MIDA-PJM,345.3,414.2,40.63,5.79,pjm.com,false,
2023-11-02 05:00:00,USA,PJM Interconnection,US-MIDA-PJM,344.61,413.52,40.65,5.67,pjm.com,false,
2023-11-02 06:00:00,USA,PJM Interconnection,US-MIDA-PJM,344.73,413.66,40.5,5.69,pjm.com,false,
2023-11-02 07:00:00,USA,PJM Interconnection,US-MIDA-PJM,342.53,411.18,40.85,6.2,pjm.com,false,
2023-11-02 08:00:00,USA,PJM Interconnection,US-MIDA-PJM,339.78,407.91,41.43,7.06,pjm.com,false,
2023-11-02 09:00:00,USA,PJM Interconnection,US-MIDA-PJM,337.44,406.85,40.75,7.65,pjm.com,false,
2023-11-02 10:00:00,USA,PJM Interconnection,US-MIDA-PJM,338.23,409.23,39.63,8.34,pjm.com,false,
2023-11-02 11:00:00,USA,PJM Interconnection,US-MIDA-PJM,344.93,417.89,37.91,8.41,pjm.com,false,
2023-11-02 12:00:00,USA,PJM Interconnection,US-MIDA-PJM,344.99,418.48,37.75,8.85,pjm.com,false,
2023-11-02 13:00:00,USA,PJM Interconnection,US-MIDA-PJM,335.5,407.24,39.64,9.93,pjm.com,false,
2023-11-02 14:00:00,USA,PJM Interconnection,US-MIDA-PJM,330.81,401.87,40.38,9.53,pjm.com,false,
2023-11-02 15:00:00,USA,PJM Interconnection,US-MIDA-PJM,327.16,397.25,41.19,9.32,pjm.com,false,
2023-11-02 16:00:00,USA,PJM Interconnection,US-MIDA-PJM,323.75,393.25,41.79,9.25,pjm.com,false,
2023-11-02 17:00:00,USA,PJM Interconnection,US-MIDA-PJM,320.47,389.02,42.67,9.6,pjm.com,false,
2023-11-02 18:00:00,USA,PJM Interconnection,US-MIDA-PJM,310.79,377.81,44.32,10.63,pjm.com,false,
2023-11-02 19:00:00,USA,PJM Interconnection,US-MIDA-PJM,303.64,370.15,45.05,11.4,pjm.com,false,
2023-11-02 20:00:00,USA,PJM Interconnection,US-MIDA-PJM,305.21,372.16,44.56,11.12,pjm.com,false,
2023-11-02 21:00:00,USA,PJM Interconnection,US-MIDA-PJM,317.3,386.74,41.97,9.02,pjm.com,false,
2023-11-02 22:00:00,USA,PJM Interconnection,US-MIDA-PJM,332.72,403.91,39.95,8.02,pjm.com,false,
2023-11-02 23:00:00,USA,PJM Interconnection,US-MIDA-PJM,338.14,409.2,39.82,8.63,pjm.com,false,
2023-11-03 00:00:00,USA,PJM Interconnection,US-MIDA-PJM,340.16,410.36,40.31,9.27,pjm.com,false,
2023-11-03 01:00:00,USA,PJM Interconnection,US-MIDA-PJM,336.93,406.51,40.77,8.94,pjm.com,false,
2023-11-03 02:00:00,USA,PJM Interconnection,US-MIDA-PJM,332.38,400.87,41.58,8.76,pjm.com,false,
2023-11-03 03:00:00,USA,PJM Interconnection,US-MIDA-PJM,324.23,390.92,43.24,9.31,pjm.com,false,
2023-11-03 04:00:00,USA,PJM Interconnection,US-MIDA-PJM,316.7,381.9,44.73,9.48,pjm.com,false,
2023-11-03 05:00:00,USA,PJM Interconnection,US-MIDA-PJM,312.41,377.32,45.17,9.71,pjm.com,false,
2023-11-03 06:00:00,USA,PJM Interconnection,US-MIDA-PJM,312.69,377.6,45.15,9.76,pjm.com,false,
2023-11-03 07:00:00,USA,PJM Interconnection,US-MIDA-PJM,312.69,377.56,45.2,9.76,pjm.com,false,
2023-11-03 08:00:00,USA,PJM Interconnection,US-MIDA-PJM,310.27,375.33,45.2,9.84,pjm.com,false,
2023-11-03 09:00:00,USA,PJM Interconnection,US-MIDA-PJM,310.25,376.84,44.2,10.18,pjm.com,false,
2023-11-03 10:00:00,USA,PJM Interconnection,US-MIDA-PJM,311.86,379.81,43.23,11.07,pjm.com,false,
2023-11-03 11:00:00,USA,PJM Interconnection,US-MIDA-PJM,322.2,392.34,41.12,10.67,pjm.com,false,
2023-11-03 12:00:00,USA,PJM Interconnection,US-MIDA-PJM,328.84,399.33,40.57,10.94,pjm.com,false,
2023-11-03 13:00:00,USA,PJM Interconnection,US-MIDA-PJM,317.74,386.12,42.89,12.31,pjm.com,false,
2023-11-03 14:00:00,USA,PJM Interconnection,US-MIDA-PJM,310.29,376.81,44.7,13.04,pjm.com,false,
2023-11-03 15:00:00,USA,PJM Interconnection,US-MIDA-PJM,309.62,375.44,45.22,12.96,pjm.com,false,
2023-11-03 16:00:00,USA,PJM Interconnection,US-MIDA-PJM,304.89,369.31,46.51,13.21,pjm.com,false,
2023-11-03 17:00:00,USA,PJM Interconnection,US-MIDA-PJM,300.32,364.46,46.95,13.19,pjm.com,false,
2023-11-03 18:00:00,USA,PJM Interconnection,US-MIDA-PJM,295.91,359.41,47.65,13.47,pjm.com,false,
2023-11-03 19:00:00,USA,PJM Interconnection,US-MIDA-PJM,294.04,357.16,48.01,13.55,pjm.com,false,
2023-11-03 20:00:00,USA,PJM Interconnection,US-MIDA-PJM,300.77,365.63,46.28,12.0,pjm.com,false,
2023-11-03 21:00:00,USA,PJM Interconnection,US-MIDA-PJM,312.5,379.84,43.67,9.58,pjm.com,false,
2023-11-03 22:00:00,USA,PJM Interconnection,US-MIDA-PJM,317.67,385.93,42.73,8.97,pjm.com,false,
2023-11-03 23:00:00,USA,PJM Interconnection,US-MIDA-PJM,319.11,387.65,42.47,9.14,pjm.com,false,
2023-11-04 00:00:00,USA,PJM Interconnection,US-MIDA-PJM,320.38,389.37,42.05,8.44,pjm.com,false,
2023-11-04 01:00:00,USA,PJM Interconnection,US-MIDA-PJM,320.65,389.98,41.69,7.6,pjm.com,false,
2023-11-04 02:00:00,USA,PJM Interconnection,US-MIDA-PJM,317.77,386.64,42.06,7.17,pjm.com,false,
2023-11-04 03:00:00,USA,PJM Interconnection,US-MIDA-PJM,317.51,386.08,42.23,6.62,pjm.com,false,
2023-11-04 04:00:00,USA,PJM Interconnection,US-MIDA-PJM,312.37,379.54,43.51,6.29,pjm.com,false,
2023-11-04 05:00:00,USA,PJM Interconnection,US-MIDA-PJM,308.75,375.98,43.65,5.72,pjm.com,false,
2023-11-04 06:00:00,USA,PJM Interconnection,US-MIDA-PJM,312.78,380.62,43.0,5.04,pjm.com,false,
2023-11-04 07:00:00,USA,PJM Interconnection,US-MIDA-PJM,316.97,384.96,42.68,4.61,pjm.com,false,
2023-11-04 08:00:00,USA,PJM Interconnection,US-MIDA-PJM,320.24,388.64,42.2,4.0,pjm.com,false,
2023-11-04 09:00:00,USA,PJM Interconnection,US-MIDA-PJM,323.32,392.56,41.46,3.73,pjm.com,false,
2023-11-04 10:00:00,USA,PJM Interconnection,US-MIDA-PJM,321.72,390.81,41.77,4.45,pjm.com,false,
2023-11-04 11:00:00,USA,PJM Interconnection,US-MIDA-PJM,319.98,389.65,41.42,5.39,pjm.com,false,
2023-11-04 12:00:00,USA,PJM Interconnection,US-MIDA-PJM,323.34,393.72,40.8,5.96,pjm.com,false,
2023-11-04 13:00:00,USA,PJM Interconnection,US-MIDA-PJM,315.94,385.56,41.97,7.3,pjm.com,false,
2023-11-04 14:00:00,USA,PJM Interconnection,US-MIDA-PJM,314.83,384.39,42.18,7.26,pjm.com,false,
2023-11-04 15:00:00,USA,PJM Interconnection,US-MIDA-PJM,316.83,386.59,41.91,6.41,pjm.com,false,
2023-11-04 16:00:00,USA,PJM Interconnection,US-MIDA-PJM,312.5,381.37,42.82,6.4,pjm.com,false,
2023-11-04 17:00:00,USA,PJM Interconnection,US-MIDA-PJM,306.98,375.35,43.43,6.65,pjm.com,false,
2023-11-04 18:00:00,USA,PJM Interconnection,US-MIDA-PJM,306.98,375.48,43.3,6.62,pjm.com,false,
2023-11-04 19:00:00,USA,PJM Interconnection,US-MIDA-PJM,305.53,373.9,43.44,6.48,pjm.com,false,
2023-11-04 20:00:00,USA,PJM Interconnection,US-MIDA-PJM,307.48,376.6,42.7,5.63,pjm.com,false,
2023-11-04 21:00:00,USA,PJM Interconnection,US-MIDA-PJM,313.83,384.09,41.41,4.45,pjm.com,false,
2023-11-04 22:00:00,USA,PJM Interconnection,US-MIDA-PJM,322.24,393.88,39.89,3.66,pjm.com,false,
2023-11-04 23:00:00,USA,PJM Interconnection,US-MIDA-PJM,325.54,397.89,39.17,3.67,pjm.com,false,
2023-11-05 00:00:00,USA,PJM Interconnection,US-MIDA-PJM,320.35,391.35,40.47,4.07,pjm.com,false,
2023-11-05 01:00:00,USA,PJM Interconnection,US-MIDA-PJM,319.3,389.5,41.09,4.03,pjm.com,false,
2023-11-05 02:00:00,USA,PJM Interconnection,US-MIDA-PJM,318.79,388.23,41.54,3.43,pjm.com,false,
2023-11-05 03:00:00,USA,PJM Interconnection,US-MIDA-PJM,316.85,385.92,41.92,3.1,pjm.com,false,
2023-11-05 04:00:00,USA,PJM Interconnection,US-MIDA-PJM,310.28,377.92,43.31,2.78,pjm.com,false,
2023-11-05 05:00:00,USA,PJM Interconnection,US-MIDA-PJM,302.92,368.97,44.85,2.98,pjm.com,false,
2023-11-05 06:00:00,USA,PJM Interconnection,US-MIDA-PJM,297.97,364.05,45.09,2.88,pjm.com,false,
2023-11-05 07:00:00,USA,PJM Interconnection,US-MIDA-PJM,299.26,365.77,44.72,2.56,pjm.com,false,
2023-11-05 08:00:00,USA,PJM Interconnection,US-MIDA-PJM,302.61,369.59,44.2,2.42,pjm.com,false,
2023-11-05 09:00:00,USA,PJM Interconnection,US-MIDA-PJM,306.33,373.8,43.65,2.43,pjm.com,false,
2023-11-05 10:00:00,USA,PJM Interconnection,US-MIDA-PJM,314.27,382.55,42.67,2.36,pjm.com,false,
2023-11-05 11:00:00,USA,PJM Interconnection,US-MIDA-PJM,318.25,387.06,42.06,2.4,pjm.com,false,
2023-11-05 12:00:00,USA,PJM Interconnection,US-MIDA-PJM,318.61,387.72,41.9,3.16,pjm.com,false,
2023-11-05 13:00:00,USA,PJM Interconnection,US-MIDA-PJM,309.72,377.87,43.3,5.18,pjm.com,false,
2023-11-05 14:00:00,USA,PJM Interconnection,US-MIDA-PJM,305.04,372.41,44.24,6.25,pjm.com,false,
2023-11-05 15:00:00,USA,PJM Interconnection,US-MIDA-PJM,302.32,368.67,45.26,6.94,pjm.com,false,
2023-11-05 16:00:00,USA,PJM Interconnection,US-MIDA-PJM,300.24,365.82,45.92,7.25,pjm.com,false,
2023-11-05 17:00:00,USA,PJM Interconnection,US-MIDA-PJM,293.11,358.22,46.64,7.87,pjm.com,false,
2023-11-05 18:00:00,USA,PJM Interconnection,US-MIDA-PJM,286.47,351.43,47.09,8.28,pjm.com,false,
2023-11-05 19:00:00,USA,PJM Interconnection,US-MIDA-PJM,286.34,351.71,46.76,8.47,pjm.com,false,
2023-11-05 20:00:00,USA,PJM Interconnection,US-MIDA-PJM,292.59,359.47,45.2,7.35,pjm.com,false,
2023-11-05 21:00:00,USA,PJM Interconnection,US-MIDA-PJM,306.59,375.98,42.44,5.28,pjm.com,false,
2023-11-05 22:00:00,USA,PJM Interconnection,US-MIDA-PJM,310.77,381.26,41.45,5.66,pjm.com,false,
2023-11-05 23:00:00,USA,PJM Interconnection,US-MIDA-PJM,309.11,378.81,42.14,6.58,pjm.com,false,
2023-11-06 00:00:00,USA,PJM Interconnection,US-MIDA-PJM,301.68,369.53,43.88,7.89,pjm.com,false,
2023-11-06 01:00:00,USA,PJM Interconnection,US-MIDA-PJM,297.54,364.14,44.96,8.59,pjm.com,false,
2023-11-06 02:00:00,USA,PJM Interconnection,US-MIDA-PJM,294.45,360.16,45.72,8.57,pjm.com,false,
2023-11-06 03:00:00,USA,PJM Interconnection,US-MIDA-PJM,290.65,355.18,46.63,8.23,pjm.com,false,
2023-11-06 04:00:00,USA,PJM Interconnection,US-MIDA-PJM,288.2,351.4,47.7,8.44,pjm.com,false,
2023-11-06 05:00:00,USA,PJM Interconnection,US-MIDA-PJM,284.56,346.67,48.67,8.86,pjm.com,false,
2023-11-06 06:00:00,USA,PJM Interconnection,US-MIDA-PJM,277.64,339.39,49.27,9.27,pjm.com,false,
2023-11-06 07:00:00,USA,PJM Interconnection,US-MIDA-PJM,272.77,334.23,49.75,9.62,pjm.com,false,
2023-11-06 08:00:00,USA,PJM Interconnection,US-MIDA-PJM,272.25,334.3,49.35,9.87,pjm.com,false,
2023-11-06 09:00:00,USA,PJM Interconnection,US-MIDA-PJM,274.77,337.39,48.79,9.68,pjm.com,false,
2023-11-06 10:00:00,USA,PJM Interconnection,US-MIDA-PJM,278.02,341.58,48.05,10.25,pjm.com,false,
2023-11-06 11:00:00,USA,PJM Interconnection,US-MIDA-PJM,284.51,349.58,46.73,11.5,pjm.com,false,
2023-11-06 12:00:00,USA,PJM Interconnection,US-MIDA-PJM,291.45,357.58,45.65,11.99,pjm.com,false,
2023-11-06 13:00:00,USA,PJM Interconnection,US-MIDA-PJM,285.76,350.37,47.3,13.66,pjm.com,false,
2023-11-06 14:00:00,USA,PJM Interconnection,US-MIDA-PJM,284.35,348.37,47.82,14.05,pjm.com,false,
2023-11-06 15:00:00,USA,PJM Interconnection,US-MIDA-PJM,287.03,351.33,47.42,13.35,pjm.com,false,
2023-11-06 16:00:00,USA,PJM Interconnection,US-MIDA-PJM,287.37,351.45,47.52,13.24,pjm.com,false,
2023-11-06 17:00:00,USA,PJM Interconnection,US-MIDA-PJM,285.3,349.24,47.77,13.19,pjm.com,false,
2023-11-06 18:00:00,USA,PJM Interconnection,US-MIDA-PJM,286.61,350.99,47.31,13.05,pjm.com,false,
2023-11-06 19:00:00,USA,PJM Interconnection,US-MIDA-PJM,291.65,357.08,46.24,12.17,pjm.com,false,
2023-11-06 20:00:00,USA,PJM Interconnection,US-MIDA-PJM,298.25,365.28,44.66,10.55,pjm.com,false,
2023-11-06 21:00:00,USA,PJM Interconnection,US-MIDA-PJM,303.4,371.99,43.18,9.35,pjm.com,false,
2023-11-06 22:00:00,USA,PJM Interconnection,US-MIDA-PJM,307.09,376.81,42.18,9.23,pjm.com,false,
2023-11-06 23:00:00,USA,PJM Interconnection,US-MIDA-PJM,310.58,380.34,41.96,9.54,pjm.com,false,
2023-11-07 00:00:00,USA,PJM Interconnection,US-MIDA-PJM,309.31,378.07,42.72,10.04,pjm.com,false,
2023-11-07 01:00:00,USA,PJM Interconnection,US-MIDA-PJM,307.12,375.13,43.24,9.55,pjm.com,false,
2023-11-07 02:00:00,USA,PJM Interconnection,US-MIDA-PJM,305.33,372.56,43.87,8.96,pjm.com,false,
2023-11-07 03:00:00,USA,PJM Interconnection,US-MIDA-PJM,296.47,362.14,45.39,8.58,pjm.com,false,
2023-11-07 04:00:00,USA,PJM Interconnection,US-MIDA-PJM,286.77,351.15,46.82,8.38,pjm.com,false,
2023-11-07 05:00:00,USA,PJM Interconnection,US-MIDA-PJM,286.1,350.9,46.52,7.7,pjm.com,false,
2023-11-07 06:00:00,USA,PJM Interconnection,US-MIDA-PJM,284.41,349.64,46.26,6.88,pjm.com,false,
2023-11-07 07:00:00,USA,PJM Interconnection,US-MIDA-PJM,280.93,345.88,46.67,6.41,pjm.com,false,
2023-11-07 08:00:00,USA,PJM Interconnection,US-MIDA-PJM,280.1,345.14,46.66,6.19,pjm.com,false,
2023-11-07 09:00:00,USA,PJM Interconnection,US-MIDA-PJM,285.82,351.62,45.81,5.68,pjm.com,false,
2023-11-07 10:00:00,USA,PJM Interconnection,US-MIDA-PJM,293.06,359.92,44.7,5.5,pjm.com,false,
2023-11-07 11:00:00,USA,PJM Interconnection,US-MIDA-PJM,300.47,368.98,43.23,6.51,pjm.com,false,
2023-11-07 12:00:00,USA,PJM Interconnection,US-MIDA-PJM,307.25,377.24,41.87,6.86,pjm.com,false,
2023-11-07 13:00:00,USA,PJM Interconnection,US-MIDA-PJM,307.94,377.92,41.96,7.17,pjm.com,false,
2023-11-07 14:00:00,USA,PJM Interconnection,US-MIDA-PJM,312.28,382.96,41.25,6.6,pjm.com,false,
2023-11-07 15:00:00,USA,PJM Interconnection,US-MIDA-PJM,314.59,385.13,41.26,6.59,pjm.com,false,
2023-11-07 16:00:00,USA,PJM Interconnection,US-MIDA-PJM,314.16,384.43,41.56,6.98,pjm.com,false,
2023-11-07 17:00:00,USA,PJM Interconnection,US-MIDA-PJM,308.89,378.12,42.72,7.82,pjm.com,false,
2023-11-07 18:00:00,USA,PJM Interconnection,US-MIDA-PJM,309.53,378.91,42.58,7.94,pjm.com,false,
2023-11-07 19:00:00,USA,PJM Interconnection,US-MIDA-PJM,311.7,381.66,41.96,7.19,pjm.com,false,
2023-11-07 20:00:00,USA,PJM Interconnection,US-MIDA-PJM,315.65,386.32,41.1,6.3,pjm.com,false,
2023-11-07 21:00:00,USA,PJM Interconnection,US-MIDA-PJM,319.55,390.87,40.39,6.45,pjm.com,false,
2023-11-07 22:00:00,USA,PJM Interconnection,US-MIDA-PJM,322.12,394.53,39.37,6.8,pjm.com,false,
2023-11-07 23:00:00,USA,PJM Interconnection,US-MIDA-PJM,313.86,385.14,40.64,8.78,pjm.com,false,
2023-11-08 00:00:00,USA,PJM Interconnection,US-MIDA-PJM,301.79,370.85,42.87,10.45,pjm.com,false,
2023-11-08 01:00:00,USA,PJM Interconnection,US-MIDA-PJM,300.02,368.49,43.36,10.39,pjm.com,false,
2023-11-08 02:00:00,USA,PJM Interconnection,US-MIDA-PJM,302.15,370.23,43.5,9.4,pjm.com,false,
2023-11-08 03:00:00,USA,PJM Interconnection,US-MIDA-PJM,298.03,364.51,44.77,8.72,pjm.com,false,
2023-11-08 04:00:00,USA,PJM Interconnection,US-MIDA-PJM,286.82,351.45,46.66,9.24,pjm.com,false,
2023-11-08 05:00:00,USA,PJM Interconnection,US-MIDA-PJM,276.56,339.42,48.44,9.72,pjm.com,false,
2023-11-08 06:00:00,USA,PJM Interconnection,US-MIDA-PJM,267.68,329.14,49.93,9.98,pjm.com,false,
2023-11-08 07:00:00,USA,PJM Interconnection,US-MIDA-PJM,263.85,325.12,50.27,10.14,pjm.com,false,
2023-11-08 08:00:00,USA,PJM Interconnection,US-MIDA-PJM,264.88,326.48,49.99,10.06,pjm.com,false,
2023-11-08 09:00:00,USA,PJM Interconnection,US-MIDA-PJM,267.48,330.02,49.15,9.77,pjm.com,false,
2023-11-08 10:00:00,USA,PJM Interconnection,US-MIDA-PJM,274.31,338.61,47.53,9.71,pjm.com,false,
2023-11-08 11:00:00,USA,PJM Interconnection,US-MIDA-PJM,279.25,345.63,45.89,10.42,pjm.com,false,
2023-11-08 12:00:00,USA,PJM Interconnection,US-MIDA-PJM,291.6,360.22,43.66,9.76,pjm.com,false,
2023-11-08 13:00:00,USA,PJM Interconnection,US-MIDA-PJM,291.47,359.93,43.96,10.38,pjm.com,false,
2023-11-08 14:00:00,USA,PJM Interconnection,US-MIDA-PJM,292.46,361.01,43.95,9.99,pjm.com,false,
2023-11-08 15:00:00,USA,PJM Interconnection,US-MIDA-PJM,300.82,370.6,42.6,8.81,pjm.com,false,
2023-11-08 16:00:00,USA,PJM Interconnection,US-MIDA-PJM,304.27,374.14,42.34,8.43,pjm.com,false,
2023-11-08 17:00:00,USA,PJM Interconnection,US-MIDA-PJM,306.45,376.47,42.11,8.21,pjm.com,false,
2023-11-08 18:00:00,USA,PJM Interconnection,US-MIDA-PJM,304.97,374.85,42.29,8.41,pjm.com,false,
2023-11-08 19:00:00,USA,PJM Interconnection,US-MIDA-PJM,300.68,370.12,42.84,9.12,pjm.com,false,
2023-11-08 20:00:00,USA,PJM Interconnection,US-MIDA-PJM,299.47,369.02,42.75,9.26,pjm.com,false,
2023-11-08 21:00:00,USA,PJM Interconnection,US-MIDA-PJM,307.13,378.54,40.81,7.66,pjm.com,false,
2023-11-08 22:00:00,USA,PJM Interconnection,US-MIDA-PJM,310.7,383.05,39.92,7.61,pjm.com,false,
2023-11-08 23:00:00,USA,PJM Interconnection,US-MIDA-PJM,308.84,381.2,39.95,8.09,pjm.com,false,
2023-11-09 00:00:00,USA,PJM Interconnection,US-MIDA-PJM,301.34,372.34,41.35,9.22,pjm.com,false,
2023-11-09 01:00:00,USA,PJM Interconnection,US-MIDA-PJM,298.31,368.18,42.26,9.66,pjm.com,false,
2023-11-09 02:00:00,USA,PJM Interconnection,US-MIDA-PJM,296.07,364.66,43.25,9.49,pjm.com,false,
2023-11-09 03:00:00,USA,PJM Interconnection,US-MIDA-PJM,289.8,356.37,45.02,9.81,pjm.com,false,
2023-11-09 04:00:00,USA,PJM Interconnection,US-MIDA-PJM,289.9,355.25,45.91,9.45,pjm.com,false,
2023-11-09 05:00:00,USA,PJM Interconnection,US-MIDA-PJM,279.89,343.36,47.82,9.33,pjm.com,false,
2023-11-09 06:00:00,USA,PJM Interconnection,US-MIDA-PJM,270.8,333.08,49.16,9.95,pjm.com,false,
2023-11-09 07:00:00,USA,PJM Interconnection,US-MIDA-PJM,266.65,328.72,49.54,10.19,pjm.com,false,
2023-11-09 08:00:00,USA,PJM Interconnection,US-MIDA-PJM,261.89,323.27,50.3,10.64,pjm.com,false,
2023-11-09 09:00:00,USA,PJM Interconnection,US-MIDA-PJM,267.36,330.22,48.94,9.76,pjm.com,false,
2023-11-09 10:00:00,USA,PJM Interconnection,US-MIDA-PJM,275.9,340.59,47.14,8.8,pjm.com,false,
2023-11-09 11:00:00,USA,PJM Interconnection,US-MIDA-PJM,284.14,351.16,45.12,9.03,pjm.com,false,
2023-11-09 12:00:00,USA,PJM Interconnection,US-MIDA-PJM,293.55,361.9,43.72,9.25,pjm.com,false,
2023-11-09 13:00:00,USA,PJM Interconnection,US-MIDA-PJM,298.5,367.58,43.06,9.37,pjm.com,false,
2023-11-09 14:00:00,USA,PJM Interconnection,US-MIDA-PJM,305.06,375.37,41.86,8.29,pjm.com,false,
2023-11-09 15:00:00,USA,PJM Interconnection,US-MIDA-PJM,305.78,376.3,41.69,7.66,pjm.com,false,
2023-11-09 16:00:00,USA,PJM Interconnection,US-MIDA-PJM,307.12,377.39,41.88,8.0,pjm.com,false,
2023-11-09 17:00:00,USA,PJM Interconnection,US-MIDA-PJM,302.8,371.98,42.89,8.91,pjm.com,false,
2023-11-09 18:00:00,USA,PJM Interconnection,US-MIDA-PJM,297.24,365.44,43.9,10.11,pjm.com,false,
2023-11-09 19:00:00,USA,PJM Interconnection,US-MIDA-PJM,296.28,364.02,44.3,10.44,pjm.com,false,
2023-11-09 20:00:00,USA,PJM Interconnection,US-MIDA-PJM,296.89,364.79,44.09,10.11,pjm.com,false,
2023-11-09 21:00:00,USA,PJM Interconnection,US-MIDA-PJM,302.12,371.66,42.53,8.22,pjm.com,false,
2023-11-09 22:00:00,USA,PJM Interconnection,US-MIDA-PJM,314.53,387.17,39.57,6.17,pjm.com,false,
2023-11-09 23:00:00,USA,PJM Interconnection,US-MIDA-PJM,317.82,391.06,38.94,6.0,pjm.com,false,
2023-11-10 00:00:00,USA,PJM Interconnection,US-MIDA-PJM,316.07,388.57,39.56,6.38,pjm.com,false,
2023-11-10 01:00:00,USA,PJM Interconnection,US-MIDA-PJM,314.88,386.37,40.33,6.67,pjm.com,false,
2023-11-10 02:00:00,USA,PJM Interconnection,US-MIDA-PJM,310.37,379.98,41.93,7.07,pjm.com,false,
2023-11-10 03:00:00,USA,PJM Interconnection,US-MIDA-PJM,302.32,369.72,43.87,7.3,pjm.com,false,
2023-11-10 04:00:00,USA,PJM Interconnection,US-MIDA-PJM,295.44,361.68,45.07,7.48,pjm.com,false,
2023-11-10 05:00:00,USA,PJM Interconnection,US-MIDA-PJM,291.08,356.39,45.98,7.1,pjm.com,false,
2023-11-10 06:00:00,USA,PJM Interconnection,US-MIDA-PJM,293.04,360.03,44.68,6.31,pjm.com,false,
2023-11-10 07:00:00,USA,PJM Interconnection,US-MIDA-PJM,294.05,361.23,44.46,5.94,pjm.com,false,
2023-11-10 08:00:00,USA,PJM Interconnection,US-MIDA-PJM,292.55,359.52,44.7,5.92,pjm.com,false,
2023-11-10 09:00:00,USA,PJM Interconnection,US-MIDA-PJM,297.6,365.75,43.58,5.2,pjm.com,false,
2023-11-10 10:00:00,USA,PJM Interconnection,US-MIDA-PJM,302.24,371.25,42.69,5.24,pjm.com,false,
2023-11-10 11:00:00,USA,PJM Interconnection,US-MIDA-PJM,311.02,381.61,41.14,5.44,pjm.com,false,
2023-11-10 12:00:00,USA,PJM Interconnection,US-MIDA-PJM,320.05,392.41,39.4,5.36,pjm.com,false,
2023-11-10 13:00:00,USA,PJM Interconnection,US-MIDA-PJM,322.79,395.71,38.91,5.99,pjm.com,false,
2023-11-10 14:00:00,USA,PJM Interconnection,US-MIDA-PJM,329.08,402.87,38.03,5.47,pjm.com,false,
2023-11-10 15:00:00,USA,PJM Interconnection,US-MIDA-PJM,330.79,404.41,38.11,5.4,pjm.com,false,
2023-11-10 16:00:00,USA,PJM Interconnection,US-MIDA-PJM,330.54,403.86,38.4,5.76,pjm.com,false,
2023-11-10 17:00:00,USA,PJM Interconnection,US-MIDA-PJM,326.2,398.56,39.32,6.44,pjm.com,false,
2023-11-10 18:00:00,USA,PJM Interconnection,US-MIDA-PJM,325.56,397.31,39.8,7.04,pjm.com,false,
2023-11-10 19:00:00,USA,PJM Interconnection,US-MIDA-PJM,323.98,395.35,40.15,7.23,pjm.com,false,
2023-11-10 20:00:00,USA,PJM Interconnection,US-MIDA-PJM,321.44,392.32,40.63,7.35,pjm.com,false,
2023-11-10 21:00:00,USA,PJM Interconnection,US-MIDA-PJM,322.61,393.73,40.42,7.19,pjm.com,false,
2023-11-10 22:00:00,USA,PJM Interconnection,US-MIDA-PJM,325.31,397.35,39.69,7.26,pjm.com,false,
2023-11-10 23:00:00,USA,PJM Interconnection,US-MIDA-PJM,329.41,402.29,38.81,6.76,pjm.com,false,
2023-11-11 00:00:00,USA,PJM Interconnection,US-MIDA-PJM,330.99,404.46,38.23,5.89,pjm.com,false,
2023-11-11 01:00:00,USA,PJM Interconnection,US-MIDA-PJM,330.7,404.3,38.09,5.39,pjm.com,false,
2023-11-11 02:00:00,USA,PJM Interconnection,US-MIDA-PJM,333.39,407.24,37.73,4.36,pjm.com,false,
2023-11-11 03:00:00,USA,PJM Interconnection,US-MIDA-PJM,335.66,409.74,37.27,3.18,pjm.com,false,
2023-11-11 04:00:00,USA,PJM Interconnection,US-MIDA-PJM,332.49,405.37,38.3,3.23,pjm.com,false,
2023-11-11 05:00:00,USA,PJM Interconnection,US-MIDA-PJM,325.38,396.55,39.91,3.29,pjm.com,false,
2023-11-11 06:00:00,USA,PJM Interconnection,US-MIDA-PJM,318.35,389.01,40.67,3.38,pjm.com,false,
2023-11-11 07:00:00,USA,PJM Interconnection,US-MIDA-PJM,315.56,386.36,40.72,3.18,pjm.com,false,
2023-11-11 08:00:00,USA,PJM Interconnection,US-MIDA-PJM,314.47,385.78,40.4,2.73,pjm.com,false,
2023-11-11 09:00:00,USA,PJM Interconnection,US-MIDA-PJM,313.72,385.72,39.93,2.48,pjm.com,false,
2023-11-11 10:00:00,USA,PJM Interconnection,US-MIDA-PJM,314.92,387.63,39.34,2.18,pjm.com,false,
2023-11-11 11:00:00,USA,PJM Interconnection,US-MIDA-PJM,318.04,391.5,38.64,1.95,pjm.com,false,
2023-11-11 12:00:00,USA,PJM Interconnection,US-MIDA-PJM,318.09,391.44,38.88,2.88,pjm.com,false,
2023-11-11 13:00:00,USA,PJM Interconnection,US-MIDA-PJM,316.19,388.83,39.7,4.17,pjm.com,false,
2023-11-11 14:00:00,USA,PJM Interconnection,US-MIDA-PJM,315.84,388.17,39.91,4.26,pjm.com,false,
2023-11-11 15:00:00,USA,PJM Interconnection,US-MIDA-PJM,312.58,384.16,40.75,4.59,pjm.com,false,
2023-11-11 16:00:00,USA,PJM Interconnection,US-MIDA-PJM,307.77,378.98,41.25,4.68,pjm.com,false,
2023-11-11 17:00:00,USA,PJM Interconnection,US-MIDA-PJM,301.53,371.76,42.31,5.22,pjm.com,false,
2023-11-11 18:00:00,USA,PJM Interconnection,US-MIDA-PJM,296.42,366.13,42.96,5.7,pjm.com,false,
2023-11-11 19:00:00,USA,PJM Interconnection,US-MIDA-PJM,299.35,369.38,42.55,5.35,pjm.com,false,
2023-11-11 20:00:00,USA,PJM Interconnection,US-MIDA-PJM,303.63,374.49,41.63,4.47,pjm.com,false,
2023-11-11 21:00:00,USA,PJM Interconnection,US-MIDA-PJM,310.27,382.91,39.86,3.56,pjm.com,false,
2023-11-11 22:00:00,USA,PJM Interconnection,US-MIDA-PJM,311.36,384.75,39.28,4.14,pjm.com,false,
2023-11-11 23:00:00,USA,PJM Interconnection,US-MIDA-PJM,312.96,386.73,38.94,4.62,pjm.com,false,
2023-11-12 00:00:00,USA,PJM Interconnection,US-MIDA-PJM,311.84,385.23,39.24,4.69,pjm.com,false,
2023-11-12 01:00:00,USA,PJM Interconnection,US-MIDA-PJM,312.76,385.94,39.29,4.45,pjm.com,false,
2023-11-12 02:00:00,USA,PJM Interconnection,US-MIDA-PJM,313.4,386.05,39.58,4.1,pjm.com,false,
2023-11-12 03:00:00,USA,PJM Interconnection,US-MIDA-PJM,310.02,381.6,40.42,4.02,pjm.com,false,
2023-11-12 04:00:00,USA,PJM Interconnection,US-MIDA-PJM,305.64,376.22,41.37,4.62,pjm.com,false,
2023-11-12 05:00:00,USA,PJM Interconnection,US-MIDA-PJM,302.09,370.87,42.86,5.13,pjm.com,false,
2023-11-12 06:00:00,USA,PJM Interconnection,US-MIDA-PJM,299.57,367.56,43.58,5.58,pjm.com,false,
2023-11-12 07:00:00,USA,PJM Interconnection,US-MIDA-PJM,294.71,361.58,44.65,6.25,pjm.com,false,
2023-11-12 08:00:00,USA,PJM Interconnection,US-MIDA-PJM,292.1,358.81,44.89,6.59,pjm.com,false,
2023-11-12 09:00:00,USA,PJM Interconnection,US-MIDA-PJM,293.87,360.75,44.7,6.42,pjm.com,false,
2023-11-12 10:00:00,USA,PJM Interconnection,US-MIDA-PJM,296.82,364.67,43.83,6.11,pjm.com,false,
2023-11-12 11:00:00,USA,PJM Interconnection,US-MIDA-PJM,299.54,367.93,43.31,6.12,pjm.com,false,
2023-11-12 12:00:00,USA,PJM Interconnection,US-MIDA-PJM,296.24,364.15,43.93,7.44,pjm.com,false,
2023-11-12 13:00:00,USA,PJM Interconnection,US-MIDA-PJM,293.9,361.53,44.43,8.82,pjm.com,false,
2023-11-12 14:00:00,USA,PJM Interconnection,US-MIDA-PJM,290.65,358.05,44.94,9.02,pjm.com,false,
2023-11-12 15:00:00,USA,PJM Interconnection,US-MIDA-PJM,289.22,356.47,45.2,9.64,pjm.com,false,
2023-11-12 16:00:00,USA,PJM Interconnection,US-MIDA-PJM,287.35,354.52,45.37,9.45,pjm.com,false,
2023-11-12 17:00:00,USA,PJM Interconnection,US-MIDA-PJM,286.82,354.22,45.19,8.78,pjm.com,false,
2023-11-12 18:00:00,USA,PJM Interconnection,US-MIDA-PJM,284.02,350.7,45.89,8.8,pjm.com,false,
2023-11-12 19:00:00,USA,PJM Interconnection,US-MIDA-PJM,282.5,349.22,45.93,8.86,pjm.com,false,
2023-11-12 20:00:00,USA,PJM Interconnection,US-MIDA-PJM,286.9,354.85,44.69,7.76,pjm.com,false,
2023-11-12 21:00:00,USA,PJM Interconnection,US-MIDA-PJM,295.37,365.54,42.44,6.45,pjm.com,false,
2023-11-12 22:00:00,USA,PJM Interconnection,US-MIDA-PJM,302.08,373.83,40.95,6.82,pjm.com,false,
2023-11-12 23:00:00,USA,PJM Interconnection,US-MIDA-PJM,307.33,379.51,40.34,7.43,pjm.com,false,
2023-11-13 00:00:00,USA,PJM Interconnection,US-MIDA-PJM,304.13,375.42,41.13,8.23,pjm.com,false,
2023-11-13 01:00:00,USA,PJM Interconnection,US-MIDA-PJM,302.71,373.3,41.66,8.41,pjm.com,false,
2023-11-13 02:00:00,USA,PJM Interconnection,US-MIDA-PJM,303.16,373.17,42.01,7.92,pjm.com,false,
2023-11-13 03:00:00,USA,PJM Interconnection,US-MIDA-PJM,300.48,369.36,42.87,7.66,pjm.com,false,
2023-11-13 04:00:00,USA,PJM Interconnection,US-MIDA-PJM,299.92,367.53,43.84,7.73,pjm.com,false,
2023-11-13 05:00:00,USA,PJM Interconnection,US-MIDA-PJM,298.94,365.53,44.61,7.5,pjm.com,false,
2023-11-13 06:00:00,USA,PJM Interconnection,US-MIDA-PJM,295.65,361.79,45.12,8.11,pjm.com,false,
2023-11-13 07:00:00,USA,PJM Interconnection,US-MIDA-PJM,297.26,363.42,45.03,8.35,pjm.com,false,
2023-11-13 08:00:00,USA,PJM Interconnection,US-MIDA-PJM,298.82,365.6,44.52,7.91,pjm.com,false,
2023-11-13 09:00:00,USA,PJM Interconnection,US-MIDA-PJM,301.87,369.48,43.83,7.81,pjm.com,false,
2023-11-13 10:00:00,USA,PJM Interconnection,US-MIDA-PJM,307.75,377.82,41.87,7.57,pjm.com,false,
2023-11-13 11:00:00,USA,PJM Interconnection,US-MIDA-PJM,312.05,385.24,39.47,7.83,pjm.com,false,
2023-11-13 12:00:00,USA,PJM Interconnection,US-MIDA-PJM,318.47,393.35,38.31,8.09,pjm.com,false,
2023-11-13 13:00:00,USA,PJM Interconnection,US-MIDA-PJM,316.46,390.81,39.47,8.93,pjm.com,false,
2023-11-13 14:00:00,USA,PJM Interconnection,US-MIDA-PJM,311.63,384.39,40.54,8.67,pjm.com,false,
2023-11-13 15:00:00,USA,PJM Interconnection,US-MIDA-PJM,314.24,386.95,40.12,7.1,pjm.com,false,
2023-11-13 16:00:00,USA,PJM Interconnection,US-MIDA-PJM,314.44,386.77,40.18,6.82,pjm.com,false,
2023-11-13 17:00:00,USA,PJM Interconnection,US-MIDA-PJM,303.99,374.31,42.18,8.55,pjm.com,false,
2023-11-13 18:00:00,USA,PJM Interconnection,US-MIDA-PJM,292.29,360.82,44.09,10.28,pjm.com,false,
2023-11-13 19:00:00,USA,PJM Interconnection,US-MIDA-PJM,289.81,358.53,44.06,10.4,pjm.com,false,
2023-11-13 20:00:00,USA,PJM Interconnection,US-MIDA-PJM,292.67,362.1,43.26,9.47,pjm.com,false,
2023-11-13 21:00:00,USA,PJM Interconnection,US-MIDA-PJM,301.14,372.29,41.43,7.8,pjm.com,false,
2023-11-13 22:00:00,USA,PJM Interconnection,US-MIDA-PJM,308.48,381.26,39.91,7.32,pjm.com,false,
2023-11-13 23:00:00,USA,PJM Interconnection,US-MIDA-PJM,314.95,388.9,38.68,6.66,pjm.com,false,
2023-11-14 00:00:00,USA,PJM Interconnection,US-MIDA-PJM,315.18,389.13,38.64,6.18,pjm.com,false,
2023-11-14 01:00:00,USA,PJM Interconnection,US-MIDA-PJM,316.93,390.65,38.72,5.88,pjm.com,false,
2023-11-14 02:00:00,USA,PJM Interconnection,US-MIDA-PJM,318.1,391.5,38.88,5.35,pjm.com,false,
2023-11-14 03:00:00,USA,PJM Interconnection,US-MIDA-PJM,318.19,390.71,39.37,4.5,pjm.com,false,
2023-11-14 04:00:00,USA,PJM Interconnection,US-MIDA-PJM,317.29,388.91,40.05,4.34,pjm.com,false,
2023-11-14 05:00:00,USA,PJM Interconnection,US-MIDA-PJM,319.75,390.64,40.42,3.56,pjm.com,false,
2023-11-14 06:00:00,USA,PJM Interconnection,US-MIDA-PJM,318.67,389.22,40.72,3.29,pjm.com,false,
2023-11-14 07:00:00,USA,PJM Interconnection,US-MIDA-PJM,321.18,392.22,40.23,2.94,pjm.com,false,
2023-11-14 08:00:00,USA,PJM Interconnection,US-MIDA-PJM,319.98,390.79,40.45,3.06,pjm.com,false,
2023-11-14 09:00:00,USA,PJM Interconnection,US-MIDA-PJM,322.2,393.84,39.77,2.79,pjm.com,false,
2023-11-14 10:00:00,USA,PJM Interconnection,US-MIDA-PJM,325.22,398.06,38.89,3.09,pjm.com,false,
2023-11-14 11:00:00,USA,PJM Interconnection,US-MIDA-PJM,322.93,396.81,38.41,5.06,pjm.com,false,
2023-11-14 12:00:00,USA,PJM Interconnection,US-MIDA-PJM,321.62,395.92,38.28,6.69,pjm.com,false,
2023-11-14 13:00:00,USA,PJM Interconnection,US-MIDA-PJM,309.03,380.6,41.14,8.97,pjm.com,false,
2023-11-14 14:00:00,USA,PJM Interconnection,US-MIDA-PJM,301.41,371.09,42.88,9.91,pjm.com,false,
2023-11-14 15:00:00,USA,PJM Interconnection,US-MIDA-PJM,305.97,376.15,42.29,8.6,pjm.com,false,
2023-11-14 16:00:00,USA,PJM Interconnection,US-MIDA-PJM,304.99,374.39,42.86,8.78,pjm.com,false,
2023-11-14 17:00:00,USA,PJM Interconnection,US-MIDA-PJM,302.07,370.42,43.77,9.17,pjm.com,false,
2023-11-14 18:00:00,USA,PJM Interconnection,US-MIDA-PJM,303.63,372.73,43.13,8.45,pjm.com,false,
2023-11-14 19:00:00,USA,PJM Interconnection,US-MIDA-PJM,306.83,377.03,42.13,7.45,pjm.com,false,
2023-11-14 20:00:00,USA,PJM Interconnection,US-MIDA-PJM,310.24,381.13,41.31,6.24,pjm.com,false,
2023-11-14 21:00:00,USA,PJM Interconnection,US-MIDA-PJM,313.62,385.38,40.36,4.96,pjm.com,false,
2023-11-14 22:00:00,USA,PJM Interconnection,US-MIDA-PJM,312.39,384.67,40.1,5.96,pjm.com,false,
2023-11-14 23:00:00,USA,PJM Interconnection,US-MIDA-PJM,312.41,384.82,40.01,6.87,pjm.com,false,
2023-11-15 00:00:00,USA,PJM Interconnection,US-MIDA-PJM,313.29,385.01,40.41,7.23,pjm.com,false,
2023-11-15 01:00:00,USA,PJM Interconnection,US-MIDA-PJM,311.62,382.92,40.79,7.7,pjm.com,false,
2023-11-15 02:00:00,USA,PJM Interconnection,US-MIDA-PJM,309.32,379.44,41.69,7.88,pjm.com,false,
2023-11-15 03:00:00,USA,PJM Interconnection,US-MIDA-PJM,306.06,374.77,42.73,7.67,pjm.com,false,
2023-11-15 04:00:00,USA,PJM Interconnection,US-MIDA-PJM,300.23,367.47,44.06,7.95,pjm.com,false,
2023-11-15 05:00:00,USA,PJM Interconnection,US-MIDA-PJM,300.49,367.79,43.99,7.49,pjm.com,false,
2023-11-15 06:00:00,USA,PJM Interconnection,US-MIDA-PJM,298.5,364.8,44.84,7.82,pjm.com,false,
2023-11-15 07:00:00,USA,PJM Interconnection,US-MIDA-PJM,296.19,361.58,45.66,8.31,pjm.com,false,
2023-11-15 08:00:00,USA,PJM Interconnection,US-MIDA-PJM,296.13,361.62,45.58,8.48,pjm.com,false,
2023-11-15 09:00:00,USA,PJM Interconnection,US-MIDA-PJM,298.96,365.41,44.74,8.23,pjm.com,false,
2023-11-15 10:00:00,USA,PJM Interconnection,US-MIDA-PJM,300.57,368.48,43.7,8.43,pjm.com,false,
2023-11-15 11:00:00,USA,PJM Interconnection,US-MIDA-PJM,300.84,370.56,42.47,9.62,pjm.com,false,
2023-11-15 12:00:00,USA,PJM Interconnection,US-MIDA-PJM,305.47,376.44,41.37,10.04,pjm.com,false,
2023-11-15 13:00:00,USA,PJM Interconnection,US-MIDA-PJM,302.77,373.34,41.9,10.61,pjm.com,false,
2023-11-15 14:00:00,USA,PJM Interconnection,US-MIDA-PJM,308.35,379.76,41.09,9.27,pjm.com,false,
2023-11-15 15:00:00,USA,PJM Interconnection,US-MIDA-PJM,318.08,390.49,39.85,7.04,pjm.com,false,
2023-11-15 16:00:00,USA,PJM Interconnection,US-MIDA-PJM,321.18,393.62,39.64,6.31,pjm.com,false,
2023-11-15 17:00:00,USA,PJM Interconnection,US-MIDA-PJM,323.44,395.9,39.47,5.7,pjm.com,false,
2023-11-15 18:00:00,USA,PJM Interconnection,US-MIDA-PJM,322.76,394.74,39.81,5.54,pjm.com,false,
2023-11-15 19:00:00,USA,PJM Interconnection,US-MIDA-PJM,321.87,393.94,39.75,5.31,pjm.com,false,
2023-11-15 20:00:00,USA,PJM Interconnection,US-MIDA-PJM,323.53,395.88,39.39,4.59,pjm.com,false,
2023-11-15 21:00:00,USA,PJM Interconnection,US-MIDA-PJM,325.81,398.73,38.82,4.23,pjm.com,false,
2023-11-15 22:00:00,USA,PJM Interconnection,US-MIDA-PJM,325.93,399.57,38.34,5.01,pjm.com,false,
2023-11-15 23:00:00,USA,PJM Interconnection,US-MIDA-PJM,328.98,403.43,37.53,4.85,pjm.com,false,
2023-11-16 00:00:00,USA,PJM Interconnection,US-MIDA-PJM,328.23,402.17,37.89,4.86,pjm.com,false,
2023-11-16 01:00:00,USA,PJM Interconnection,US-MIDA-PJM,324.4,397.35,38.78,5.33,pjm.com,false,
2023-11-16 02:00:00,USA,PJM Interconnection,US-MIDA-PJM,321.68,393.83,39.49,5.45,pjm.com,false,
2023-11-16 03:00:00,USA,PJM Interconnection,US-MIDA-PJM,316.17,386.76,40.77,5.54,pjm.com,false,
2023-11-16 04:00:00,USA,PJM Interconnection,US-MIDA-PJM,309.08,377.34,42.84,6.18,pjm.com,false,
2023-11-16 05:00:00,USA,PJM Interconnection,US-MIDA-PJM,298.34,364.79,44.71,7.01,pjm.com,false,
2023-11-16 06:00:00,USA,PJM Interconnection,US-MIDA-PJM,292.85,358.54,45.56,6.95,pjm.com,false,
2023-11-16 07:00:00,USA,PJM Interconnection,US-MIDA-PJM,294.13,360.47,45.03,6.54,pjm.com,false,
2023-11-16 08:00:00,USA,PJM Interconnection,US-MIDA-PJM,298.39,365.33,44.37,6.5,pjm.com,false,
2023-11-16 09:00:00,USA,PJM Interconnection,US-MIDA-PJM,303.35,371.22,43.46,6.35,pjm.com,false,
2023-11-16 10:00:00,USA,PJM Interconnection,US-MIDA-PJM,310.19,379.93,41.86,6.35,pjm.com,false,
2023-11-16 11:00:00,USA,PJM Interconnection,US-MIDA-PJM,314.11,385.34,40.72,7.96,pjm.com,false,
2023-11-16 12:00:00,USA,PJM Interconnection,US-MIDA-PJM,315.39,387.19,40.3,8.72,pjm.com,false,
2023-11-16 13:00:00,USA,PJM Interconnection,US-MIDA-PJM,309.08,379.53,41.75,9.78,pjm.com,false,
2023-11-16 14:00:00,USA,PJM Interconnection,US-MIDA-PJM,304.09,372.93,43.33,10.09,pjm.com,false,
2023-11-16 15:00:00,USA,PJM Interconnection,US-MIDA-PJM,309.65,378.73,42.84,8.76,pjm.com,false,
2023-11-16 16:00:00,USA,PJM Interconnection,US-MIDA-PJM,303.73,371.55,44.04,9.46,pjm.com,false,
2023-11-16 17:00:00,USA,PJM Interconnection,US-MIDA-PJM,296.77,362.9,45.9,11.0,pjm.com,false,
2023-11-16 18:00:00,USA,PJM Interconnection,US-MIDA-PJM,292.73,358.08,46.77,11.88,pjm.com,false,
2023-11-16 19:00:00,USA,PJM Interconnection,US-MIDA-PJM,288.62,353.47,47.4,12.38,pjm.com,false,
2023-11-16 20:00:00,USA,PJM Interconnection,US-MIDA-PJM,292.07,358.27,46.35,11.41,pjm.com,false,
2023-11-16 21:00:00,USA,PJM Interconnection,US-MIDA-PJM,302.78,371.75,43.72,9.3,pjm.com,false,
2023-11-16 22:00:00,USA,PJM Interconnection,US-MIDA-PJM,306.37,376.55,42.55,9.38,pjm.com,false,
2023-11-16 23:00:00,USA,PJM Interconnection,US-MIDA-PJM,306.39,376.08,42.87,9.88,pjm.com,false,
2023-11-17 00:00:00,USA,PJM Interconnection,US-MIDA-PJM,304.76,374.0,43.26,10.02,pjm.com,false,
2023-11-17 01:00:00,USA,PJM Interconnection,US-MIDA-PJM,301.17,369.73,43.96,10.08,pjm.com,false,
2023-11-17 02:00:00,USA,PJM Interconnection,US-MIDA-PJM,297.94,365.85,44.55,9.79,pjm.com,false,
2023-11-17 03:00:00,USA,PJM Interconnection,US-MIDA-PJM,293.75,360.58,45.44,9.45,pjm.com,false,
2023-11-17 04:00:00,USA,PJM Interconnection,US-MIDA-PJM,284.65,349.69,47.15,9.86,pjm.com,false,
2023-11-17 05:00:00,USA,PJM Interconnection,US-MIDA-PJM,277.71,341.52,47.73,9.64,pjm.com,false,
2023-11-17 06:00:00,USA,PJM Interconnection,US-MIDA-PJM,274.34,337.73,48.21,9.87,pjm.com,false,
2023-11-17 07:00:00,USA,PJM Interconnection,US-MIDA-PJM,271.37,334.44,48.61,9.74,pjm.com,false,
2023-11-17 08:00:00,USA,PJM Interconnection,US-MIDA-PJM,273.53,337.32,47.97,8.88,pjm.com,false,
2023-11-17 09:00:00,USA,PJM Interconnection,US-MIDA-PJM,278.76,343.7,46.89,8.01,pjm.com,false,
2023-11-17 10:00:00,USA,PJM Interconnection,US-MIDA-PJM,283.43,349.21,46.05,7.78,pjm.com,false,
2023-11-17 11:00:00,USA,PJM Interconnection,US-MIDA-PJM,287.6,354.48,45.16,9.04,pjm.com,false,
2023-11-17 12:00:00,USA,PJM Interconnection,US-MIDA-PJM,292.94,360.87,44.22,9.82,pjm.com,false,
2023-11-17 13:00:00,USA,PJM Interconnection,US-MIDA-PJM,289.96,357.49,44.73,10.69,pjm.com,false,
2023-11-17 14:00:00,USA,PJM Interconnection,US-MIDA-PJM,291.39,359.63,44.13,9.63,pjm.com,false,
2023-11-17 15:00:00,USA,PJM Interconnection,US-MIDA-PJM,293.7,362.47,43.58,8.84,pjm.com,false,
2023-11-17 16:00:00,USA,PJM Interconnection,US-MIDA-PJM,294.26,363.32,43.34,8.12,pjm.com,false,
2023-11-17 17:00:00,USA,PJM Interconnection,US-MIDA-PJM,294.73,363.88,43.24,7.66,pjm.com,false,
2023-11-17 18:00:00,USA,PJM Interconnection,US-MIDA-PJM,296.76,366.02,42.98,7.15,pjm.com,false,
2023-11-17 19:00:00,USA,PJM Interconnection,US-MIDA-PJM,298.93,368.77,42.38,6.56,pjm.com,false,
2023-11-17 20:00:00,USA,PJM Interconnection,US-MIDA-PJM,302.41,373.2,41.42,5.52,pjm.com,false,
2023-11-17 21:00:00,USA,PJM Interconnection,US-MIDA-PJM,301.75,372.64,41.4,5.81,pjm.com,false,
2023-11-17 22:00:00,USA,PJM Interconnection,US-MIDA-PJM,300.61,371.36,41.7,6.82,pjm.com,false,
2023-11-17 23:00:00,USA,PJM Interconnection,US-MIDA-PJM,302.42,373.56,41.35,6.94,pjm.com,false,
2023-11-18 00:00:00,USA,PJM Interconnection,US-MIDA-PJM,302.64,373.78,41.29,6.1,pjm.com,false,
2023-11-18 01:00:00,USA,PJM Interconnection,US-MIDA-PJM,306.35,378.07,40.67,4.98,pjm.com,false,
2023-11-18 02:00:00,USA,PJM Interconnection,US-MIDA-PJM,308.34,379.77,40.74,3.92,pjm.com,false,
2023-11-18 03:00:00,USA,PJM Interconnection,US-MIDA-PJM,305.59,376.52,41.21,3.11,pjm.com,false,
2023-11-18 04:00:00,USA,PJM Interconnection,US-MIDA-PJM,300.63,370.47,42.29,2.87,pjm.com,false,
2023-11-18 05:00:00,USA,PJM Interconnection,US-MIDA-PJM,297.93,367.48,42.66,2.38,pjm.com,false,
2023-11-18 06:00:00,USA,PJM Interconnection,US-MIDA-PJM,292.17,361.06,43.47,2.37,pjm.com,false,
2023-11-18 07:00:00,USA,PJM Interconnection,US-MIDA-PJM,290.02,358.66,43.76,2.22,pjm.com,false,
2023-11-18 08:00:00,USA,PJM Interconnection,US-MIDA-PJM,289.25,357.59,44.04,2.43,pjm.com,false,
2023-11-18 09:00:00,USA,PJM Interconnection,US-MIDA-PJM,287.79,355.97,44.24,2.65,pjm.com,false,
2023-11-18 10:00:00,USA,PJM Interconnection,US-MIDA-PJM,289.24,357.89,43.81,2.82,pjm.com,false,
2023-11-18 11:00:00,USA,PJM Interconnection,US-MIDA-PJM,291.06,359.84,43.63,3.04,pjm.com,false,
2023-11-18 12:00:00,USA,PJM Interconnection,US-MIDA-PJM,294.39,363.42,43.31,3.53,pjm.com,false,
2023-11-18 13:00:00,USA,PJM Interconnection,US-MIDA-PJM,289.63,358.03,44.22,5.42,pjm.com,false,
2023-11-18 14:00:00,USA,PJM Interconnection,US-MIDA-PJM,282.96,349.95,45.82,7.19,pjm.com,false,
2023-11-18 15:00:00,USA,PJM Interconnection,US-MIDA-PJM,282.84,349.99,45.74,7.21,pjm.com,false,
2023-11-18 16:00:00,USA,PJM Interconnection,US-MIDA-PJM,280.81,347.43,46.15,7.48,pjm.com,false,
2023-11-18 17:00:00,USA,PJM Interconnection,US-MIDA-PJM,278.66,344.44,46.78,7.68,pjm.com,false,
2023-11-18 18:00:00,USA,PJM Interconnection,US-MIDA-PJM,275.11,340.11,47.56,8.09,pjm.com,false,
2023-11-18 19:00:00,USA,PJM Interconnection,US-MIDA-PJM,273.23,337.85,47.93,8.37,pjm.com,false,
2023-11-18 20:00:00,USA,PJM Interconnection,US-MIDA-PJM,276.71,342.11,47.04,7.53,pjm.com,false,
2023-11-18 21:00:00,USA,PJM Interconnection,US-MIDA-PJM,289.5,357.64,44.15,5.29,pjm.com,false,
2023-11-18 22:00:00,USA,PJM Interconnection,US-MIDA-PJM,294.44,363.74,43.09,5.49,pjm.com,false,
2023-11-18 23:00:00,USA,PJM Interconnection,US-MIDA-PJM,299.31,369.47,42.22,5.49,pjm.com,false,
2023-11-19 00:00:00,USA,PJM Interconnection,US-MIDA-PJM,298.73,368.76,42.31,5.61,pjm.com,false,
2023-11-19 01:00:00,USA,PJM Interconnection,US-MIDA-PJM,298.33,367.83,42.62,5.48,pjm.com,false,
2023-11-19 02:00:00,USA,PJM Interconnection,US-MIDA-PJM,298.55,367.72,42.8,5.33,pjm.com,false,
2023-11-19 03:00:00,USA,PJM Interconnection,US-MIDA-PJM,299.74,368.59,42.94,5.39,pjm.com,false,
2023-11-19 04:00:00,USA,PJM Interconnection,US-MIDA-PJM,297.77,365.56,43.8,5.94,pjm.com,false,
2023-11-19 05:00:00,USA,PJM Interconnection,US-MIDA-PJM,293.12,359.52,45.06,6.53,pjm.com,false,
2023-11-19 06:00:00,USA,PJM Interconnection,US-MIDA-PJM,293.37,359.16,45.51,5.99,pjm.com,false,
2023-11-19 07:00:00,USA,PJM Interconnection,US-MIDA-PJM,295.63,361.88,45.05,5.17,pjm.com,false,
2023-11-19 08:00:00,USA,PJM Interconnection,US-MIDA-PJM,297.45,364.17,44.61,4.65,pjm.com,false,
2023-11-19 09:00:00,USA,PJM Interconnection,US-MIDA-PJM,301.23,368.62,43.93,4.09,pjm.com,false,
2023-11-19 10:00:00,USA,PJM Interconnection,US-MIDA-PJM,305.69,374.08,42.98,3.82,pjm.com,false,
2023-11-19 11:00:00,USA,PJM Interconnection,US-MIDA-PJM,308.32,377.39,42.37,3.79,pjm.com,false,
2023-11-19 12:00:00,USA,PJM Interconnection,US-MIDA-PJM,312.57,382.45,41.62,4.12,pjm.com,false,
2023-11-19 13:00:00,USA,PJM Interconnection,US-MIDA-PJM,305.63,373.89,43.48,6.15,pjm.com,false,
2023-11-19 14:00:00,USA,PJM Interconnection,US-MIDA-PJM,296.73,362.86,45.74,7.6,pjm.com,false,
2023-11-19 15:00:00,USA,PJM Interconnection,US-MIDA-PJM,293.89,359.16,46.47,7.63,pjm.com,false,
2023-11-19 16:00:00,USA,PJM Interconnection,US-MIDA-PJM,292.38,357.37,46.71,7.34,pjm.com,false,
2023-11-19 17:00:00,USA,PJM Interconnection,US-MIDA-PJM,290.6,355.83,46.62,7.16,pjm.com,false,
2023-11-19 18:00:00,USA,PJM Interconnection,US-MIDA-PJM,288.91,354.04,46.78,7.13,pjm.com,false,
2023-11-19 19:00:00,USA,PJM Interconnection,US-MIDA-PJM,290.03,355.43,46.51,6.92,pjm.com,false,
2023-11-19 20:00:00,USA,PJM Interconnection,US-MIDA-PJM,296.97,363.89,44.91,5.45,pjm.com,false,
2023-11-19 21:00:00,USA,PJM Interconnection,US-MIDA-PJM,304.37,373.66,42.59,3.86,pjm.com,false,
2023-11-19 22:00:00,USA,PJM Interconnection,US-MIDA-PJM,308.36,378.51,41.79,5.02,pjm.com,false,
2023-11-19 23:00:00,USA,PJM Interconnection,US-MIDA-PJM,311.14,381.09,41.75,5.77,pjm.com,false,
2023-11-20 00:00:00,USA,PJM Interconnection,US-MIDA-PJM,306.17,374.2,43.37,6.89,pjm.com,false,
2023-11-20 01:00:00,USA,PJM Interconnection,US-MIDA-PJM,306.43,374.17,43.53,6.97,pjm.com,false,
2023-11-20 02:00:00,USA,PJM Interconnection,US-MIDA-PJM,306.49,374.18,43.48,6.15,pjm.com,false,
2023-11-20 03:00:00,USA,PJM Interconnection,US-MIDA-PJM,305.62,372.65,44.02,5.82,pjm.com,false,
2023-11-20 04:00:00,USA,PJM Interconnection,US-MIDA-PJM,300.84,366.96,44.9,5.91,pjm.com,false,
2023-11-20 05:00:00,USA,PJM Interconnection,US-MIDA-PJM,297.79,363.54,45.33,6.25,pjm.com,false,
2023-11-20 06:00:00,USA,PJM Interconnection,US-MIDA-PJM,293.61,358.8,45.96,6.82,pjm.com,false,
2023-11-20 07:00:00,USA,PJM Interconnection,US-MIDA-PJM,291.71,356.74,46.17,6.84,pjm.com,false,
2023-11-20 08:00:00,USA,PJM Interconnection,US-MIDA-PJM,291.38,356.51,46.12,6.53,pjm.com,false,
2023-11-20 09:00:00,USA,PJM Interconnection,US-MIDA-PJM,293.53,359.7,45.25,6.47,pjm.com,false,
2023-11-20 10:00:00,USA,PJM Interconnection,US-MIDA-PJM,301.74,369.11,43.99,7.01,pjm.com,false,
2023-11-20 11:00:00,USA,PJM Interconnection,US-MIDA-PJM,299.85,367.39,44.12,9.24,pjm.com,false,
2023-11-20 12:00:00,USA,PJM Interconnection,US-MIDA-PJM,301.45,369.07,44.07,10.72,pjm.com,false,
2023-11-20 13:00:00,USA,PJM Interconnection,US-MIDA-PJM,298.02,364.69,45.04,11.65,pjm.com,false,
2023-11-20 14:00:00,USA,PJM Interconnection,US-MIDA-PJM,296.88,363.0,45.51,11.67,pjm.com,false,
2023-11-20 15:00:00,USA,PJM Interconnection,US-MIDA-PJM,300.9,367.85,44.62,10.76,pjm.com,false,
2023-11-20 16:00:00,USA,PJM Interconnection,US-MIDA-PJM,298.64,365.02,45.13,10.65,pjm.com,false,
2023-11-20 17:00:00,USA,PJM Interconnection,US-MIDA-PJM,296.82,362.99,45.34,10.59,pjm.com,false,
2023-11-20 18:00:00,USA,PJM Interconnection,US-MIDA-PJM,297.68,363.96,45.18,10.26,pjm.com,false,
2023-11-20 19:00:00,USA,PJM Interconnection,US-MIDA-PJM,301.12,367.94,44.52,9.64,pjm.com,false,
2023-11-20 20:00:00,USA,PJM Interconnection,US-MIDA-PJM,304.0,371.09,44.07,8.8,pjm.com,false,
2023-11-20 21:00:00,USA,PJM Interconnection,US-MIDA-PJM,307.94,376.08,43.05,8.45,pjm.com,false,
2023-11-20 22:00:00,USA,PJM Interconnection,US-MIDA-PJM,302.12,369.52,44.07,10.53,pjm.com,false,
2023-11-20 23:00:00,USA,PJM Interconnection,US-MIDA-PJM,303.64,371.27,43.85,10.99,pjm.com,false,
2023-11-21 00:00:00,USA,PJM Interconnection,US-MIDA-PJM,303.95,371.81,43.68,10.61,pjm.com,false,
2023-11-21 01:00:00,USA,PJM Interconnection,US-MIDA-PJM,303.89,371.65,43.7,10.06,pjm.com,false,
2023-11-21 02:00:00,USA,PJM Interconnection,US-MIDA-PJM,305.39,373.03,43.58,8.8,pjm.com,false,
2023-11-21 03:00:00,USA,PJM Interconnection,US-MIDA-PJM,302.8,369.47,44.35,8.13,pjm.com,false,
2023-11-21 04:00:00,USA,PJM Interconnection,US-MIDA-PJM,299.01,365.11,44.93,7.69,pjm.com,false,
2023-11-21 05:00:00,USA,PJM Interconnection,US-MIDA-PJM,295.33,360.89,45.53,7.59,pjm.com,false,
2023-11-21 06:00:00,USA,PJM Interconnection,US-MIDA-PJM,302.02,368.35,44.61,6.42,pjm.com,false,
2023-11-21 07:00:00,USA,PJM Interconnection,US-MIDA-PJM,301.13,367.02,45.0,6.56,pjm.com,false,
2023-11-21 08:00:00,USA,PJM Interconnection,US-MIDA-PJM,301.53,367.22,45.14,6.29,pjm.com,false,
2023-11-21 09:00:00,USA,PJM Interconnection,US-MIDA-PJM,300.64,366.37,45.15,6.3,pjm.com,false,
2023-11-21 10:00:00,USA,PJM Interconnection,US-MIDA-PJM,306.92,374.15,43.74,5.89,pjm.com,false,
2023-11-21 11:00:00,USA,PJM Interconnection,US-MIDA-PJM,310.31,378.5,42.96,7.05,pjm.com,false,
2023-11-21 12:00:00,USA,PJM Interconnection,US-MIDA-PJM,307.29,375.44,43.34,9.04,pjm.com,false,
2023-11-21 13:00:00,USA,PJM Interconnection,US-MIDA-PJM,311.12,379.88,42.71,9.2,pjm.com,false,
2023-11-21 14:00:00,USA,PJM Interconnection,US-MIDA-PJM,314.65,383.38,42.48,9.21,pjm.com,false,
2023-11-21 15:00:00,USA,PJM Interconnection,US-MIDA-PJM,314.42,382.9,42.67,9.48,pjm.com,false,
2023-11-21 16:00:00,USA,PJM Interconnection,US-MIDA-PJM,316.41,385.23,42.28,9.42,pjm.com,false,
2023-11-21 17:00:00,USA,PJM Interconnection,US-MIDA-PJM,317.46,386.61,41.96,8.95,pjm.com,false,
2023-11-21 18:00:00,USA,PJM Interconnection,US-MIDA-PJM,319.07,388.67,41.54,8.6,pjm.com,false,
2023-11-21 19:00:00,USA,PJM Interconnection,US-MIDA-PJM,321.95,392.01,41.05,7.87,pjm.com,false,
2023-11-21 20:00:00,USA,PJM Interconnection,US-MIDA-PJM,321.06,391.12,41.04,7.68,pjm.com,false,
2023-11-21 21:00:00,USA,PJM Interconnection,US-MIDA-PJM,318.18,388.36,41.18,8.05,pjm.com,false,
2023-11-21 22:00:00,USA,PJM Interconnection,US-MIDA-PJM,316.31,386.9,41.11,8.72,pjm.com,false,
2023-11-21 23:00:00,USA,PJM Interconnection,US-MIDA-PJM,321.52,393.1,40.09,7.61,pjm.com,false,
2023-11-22 00:00:00,USA,PJM Interconnection,US-MIDA-PJM,322.01,392.99,40.39,7.12,pjm.com,false,
2023-11-22 01:00:00,USA,PJM Interconnection,US-MIDA-PJM,321.77,391.94,40.95,7.01,pjm.com,false,
2023-11-22 02:00:00,USA,PJM Interconnection,US-MIDA-PJM,318.15,387.2,41.87,6.87,pjm.com,false,
2023-11-22 03:00:00,USA,PJM Interconnection,US-MIDA-PJM,318.49,386.71,42.42,6.0,pjm.com,false,
2023-11-22 04:00:00,USA,PJM Interconnection,US-MIDA-PJM,313.57,380.52,43.61,5.7,pjm.com,false,
2023-11-22 05:00:00,USA,PJM Interconnection,US-MIDA-PJM,303.98,369.64,45.03,6.29,pjm.com,false,
2023-11-22 06:00:00,USA,PJM Interconnection,US-MIDA-PJM,299.1,364.28,45.63,6.38,pjm.com,false,
2023-11-22 07:00:00,USA,PJM Interconnection,US-MIDA-PJM,298.38,363.69,45.6,5.8,pjm.com,false,
2023-11-22 08:00:00,USA,PJM Interconnection,US-MIDA-PJM,302.23,368.29,44.84,5.03,pjm.com,false,
2023-11-22 09:00:00,USA,PJM Interconnection,US-MIDA-PJM,306.97,373.88,43.99,4.76,pjm.com,false,
2023-11-22 10:00:00,USA,PJM Interconnection,US-MIDA-PJM,315.46,383.53,42.69,4.25,pjm.com,false,
2023-11-22 11:00:00,USA,PJM Interconnection,US-MIDA-PJM,320.31,389.81,41.44,4.41,pjm.com,false,
2023-11-22 12:00:00,USA,PJM Interconnection,US-MIDA-PJM,321.56,391.62,41.05,5.54,pjm.com,false,
2023-11-22 13:00:00,USA,PJM Interconnection,US-MIDA-PJM,324.59,394.9,40.8,6.22,pjm.com,false,
2023-11-22 14:00:00,USA,PJM Interconnection,US-MIDA-PJM,327.14,397.81,40.46,6.0,pjm.com,false,
2023-11-22 15:00:00,USA,PJM Interconnection,US-MIDA-PJM,329.58,401.15,39.65,5.09,pjm.com,false,
2023-11-22 16:00:00,USA,PJM Interconnection,US-MIDA-PJM,331.6,403.75,39.15,4.69,pjm.com,false,
2023-11-22 17:00:00,USA,PJM Interconnection,US-MIDA-PJM,330.43,401.9,39.72,4.59,pjm.com,false,
2023-11-22 18:00:00,USA,PJM Interconnection,US-MIDA-PJM,325.48,396.33,40.34,5.05,pjm.com,false,
2023-11-22 19:00:00,USA,PJM Interconnection,US-MIDA-PJM,321.34,391.65,40.96,5.37,pjm.com,false,
2023-11-22 20:00:00,USA,PJM Interconnection,US-MIDA-PJM,320.39,390.69,40.98,5.36,pjm.com,false,
2023-11-22 21:00:00,USA,PJM Interconnection,US-MIDA-PJM,319.53,389.95,40.96,5.75,pjm.com,false,
2023-11-22 22:00:00,USA,PJM Interconnection,US-MIDA-PJM,317.79,388.68,40.74,6.5,pjm.com,false,
2023-11-22 23:00:00,USA,PJM Interconnection,US-MIDA-PJM,316.4,386.88,41.08,7.42,pjm.com,false,
2023-11-23 00:00:00,USA,PJM Interconnection,US-MIDA-PJM,313.9,383.42,41.8,7.64,pjm.com,false,
2023-11-23 01:00:00,USA,PJM Interconnection,US-MIDA-PJM,311.77,380.13,42.73,7.99,pjm.com,false,
2023-11-23 02:00:00,USA,PJM Interconnection,US-MIDA-PJM,307.05,373.75,44.17,8.77,pjm.com,false,
2023-11-23 03:00:00,USA,PJM Interconnection,US-MIDA-PJM,300.59,365.43,45.86,8.9,pjm.com,false,
2023-11-23 04:00:00,USA,PJM Interconnection,US-MIDA-PJM,295.18,358.67,47.15,8.94,pjm.com,false,
2023-11-23 05:00:00,USA,PJM Interconnection,US-MIDA-PJM,291.64,354.1,48.09,8.89,pjm.com,false,
2023-11-23 06:00:00,USA,PJM Interconnection,US-MIDA-PJM,288.44,350.27,48.72,9.15,pjm.com,false,
2023-11-23 07:00:00,USA,PJM Interconnection,US-MIDA-PJM,285.05,345.9,49.61,9.51,pjm.com,false,
2023-11-23 08:00:00,USA,PJM Interconnection,US-MIDA-PJM,280.35,340.26,50.55,9.96,pjm.com,false,
2023-11-23 09:00:00,USA,PJM Interconnection,US-MIDA-PJM,281.7,342.11,50.14,9.76,pjm.com,false,
2023-11-23 10:00:00,USA,PJM Interconnection,US-MIDA-PJM,284.72,345.87,49.45,9.46,pjm.com,false,
2023-11-23 11:00:00,USA,PJM Interconnection,US-MIDA-PJM,289.69,351.78,48.52,8.99,pjm.com,false,
2023-11-23 12:00:00,USA,PJM Interconnection,US-MIDA-PJM,292.38,355.0,48.05,9.07,pjm.com,false,
2023-11-23 13:00:00,USA,PJM Interconnection,US-MIDA-PJM,287.81,349.91,48.88,10.42,pjm.com,false,
2023-11-23 14:00:00,USA,PJM Interconnection,US-MIDA-PJM,284.77,346.36,49.62,11.36,pjm.com,false,
2023-11-23 15:00:00,USA,PJM Interconnection,US-MIDA-PJM,291.07,354.5,47.92,10.2,pjm.com,false,
2023-11-23 16:00:00,USA,PJM Interconnection,US-MIDA-PJM,298.44,363.27,46.45,8.98,pjm.com,false,
2023-11-23 17:00:00,USA,PJM Interconnection,US-MIDA-PJM,300.39,365.25,46.34,8.25,pjm.com,false,
2023-11-23 18:00:00,USA,PJM Interconnection,US-MIDA-PJM,295.86,359.34,47.63,8.11,pjm.com,false,
2023-11-23 19:00:00,USA,PJM Interconnection,US-MIDA-PJM,291.01,353.36,48.73,8.13,pjm.com,false,
2023-11-23 20:00:00,USA,PJM Interconnection,US-MIDA-PJM,292.5,354.91,48.5,7.18,pjm.com,false,
2023-11-23 21:00:00,USA,PJM Interconnection,US-MIDA-PJM,298.34,362.29,46.9,5.54,pjm.com,false,
2023-11-23 22:00:00,USA,PJM Interconnection,US-MIDA-PJM,297.99,362.26,46.7,6.47,pjm.com,false,
2023-11-23 23:00:00,USA,PJM Interconnection,US-MIDA-PJM,293.7,357.19,47.52,7.68,pjm.com,false,
2023-11-24 00:00:00,USA,PJM Interconnection,US-MIDA-PJM,290.36,353.32,48.1,8.08,pjm.com,false,
2023-11-24 01:00:00,USA,PJM Interconnection,US-MIDA-PJM,292.64,356.44,47.29,7.71,pjm.com,false,
2023-11-24 02:00:00,USA,PJM Interconnection,US-MIDA-PJM,294.25,358.43,46.86,7.62,pjm.com,false,
2023-11-24 03:00:00,USA,PJM Interconnection,US-MIDA-PJM,294.37,358.15,47.14,7.56,pjm.com,false,
2023-11-24 04:00:00,USA,PJM Interconnection,US-MIDA-PJM,292.44,355.72,47.61,7.63,pjm.com,false,
2023-11-24 05:00:00,USA,PJM Interconnection,US-MIDA-PJM,287.97,351.07,47.98,7.01,pjm.com,false,
2023-11-24 06:00:00,USA,PJM Interconnection,US-MIDA-PJM,286.5,349.22,48.35,6.57,pjm.com,false,
2023-11-24 07:00:00,USA,PJM Interconnection,US-MIDA-PJM,285.45,347.88,48.61,6.6,pjm.com,false,
2023-11-24 08:00:00,USA,PJM Interconnection,US-MIDA-PJM,284.51,346.42,49.06,6.6,pjm.com,false,
2023-11-24 09:00:00,USA,PJM Interconnection,US-MIDA-PJM,284.93,347.05,48.89,6.82,pjm.com,false,
2023-11-24 10:00:00,USA,PJM Interconnection,US-MIDA-PJM,291.26,354.69,47.6,6.75,pjm.com,false,
2023-11-24 11:00:00,USA,PJM Interconnection,US-MIDA-PJM,294.44,359.33,46.37,6.89,pjm.com,false,
2023-11-24 12:00:00,USA,PJM Interconnection,US-MIDA-PJM,297.09,363.05,45.49,6.97,pjm.com,false,
2023-11-24 13:00:00,USA,PJM Interconnection,US-MIDA-PJM,296.35,362.26,45.7,7.91,pjm.com,false,
2023-11-24 14:00:00,USA,PJM Interconnection,US-MIDA-PJM,290.9,355.43,47.13,8.96,pjm.com,false,
2023-11-24 15:00:00,USA,PJM Interconnection,US-MIDA-PJM,288.18,352.17,47.67,9.38,pjm.com,false,
2023-11-24 16:00:00,USA,PJM Interconnection,US-MIDA-PJM,286.59,350.03,48.16,9.3,pjm.com,false,
2023-11-24 17:00:00,USA,PJM Interconnection,US-MIDA-PJM,286.83,350.18,48.2,8.85,pjm.com,false,
2023-11-24 18:00:00,USA,PJM Interconnection,US-MIDA-PJM,291.74,356.26,47.01,7.77,pjm.com,false,
2023-11-24 19:00:00,USA,PJM Interconnection,US-MIDA-PJM,294.88,360.09,46.29,7.05,pjm.com,false,
2023-11-24 20:00:00,USA,PJM Interconnection,US-MIDA-PJM,299.43,365.9,45.04,6.32,pjm.com,false,
2023-11-24 21:00:00,USA,PJM Interconnection,US-MIDA-PJM,306.99,375.35,43.19,5.61,pjm.com,false,
2023-11-24 22:00:00,USA,PJM Interconnection,US-MIDA-PJM,310.66,379.25,42.98,7.2,pjm.com,false,
2023-11-24 23:00:00,USA,PJM Interconnection,US-MIDA-PJM,316.54,385.73,42.22,7.0,pjm.com,false,
2023-11-25 00:00:00,USA,PJM Interconnection,US-MIDA-PJM,319.04,388.59,41.77,6.43,pjm.com,false,
2023-11-25 01:00:00,USA,PJM Interconnection,US-MIDA-PJM,322.37,392.3,41.26,5.63,pjm.com,false,
2023-11-25 02:00:00,USA,PJM Interconnection,US-MIDA-PJM,323.2,393.79,40.63,4.37,pjm.com,false,
2023-11-25 03:00:00,USA,PJM Interconnection,US-MIDA-PJM,325.07,396.24,40.07,3.64,pjm.com,false,
2023-11-25 04:00:00,USA,PJM Interconnection,US-MIDA-PJM,323.01,393.3,40.83,3.39,pjm.com,false,
2023-11-25 05:00:00,USA,PJM Interconnection,US-MIDA-PJM,317.38,386.64,41.88,3.44,pjm.com,false,
2023-11-25 06:00:00,USA,PJM Interconnection,US-MIDA-PJM,316.04,385.01,42.17,3.22,pjm.com,false,
2023-11-25 07:00:00,USA,PJM Interconnection,US-MIDA-PJM,314.81,383.52,42.43,3.16,pjm.com,false,
2023-11-25 08:00:00,USA,PJM Interconnection,US-MIDA-PJM,315.8,384.89,42.1,2.95,pjm.com,false,
2023-11-25 09:00:00,USA,PJM Interconnection,US-MIDA-PJM,318.81,388.66,41.38,2.75,pjm.com,false,
2023-11-25 10:00:00,USA,PJM Interconnection,US-MIDA-PJM,324.01,394.79,40.42,2.56,pjm.com,false,
2023-11-25 11:00:00,USA,PJM Interconnection,US-MIDA-PJM,325.62,396.76,40.1,2.93,pjm.com,false,
2023-11-25 12:00:00,USA,PJM Interconnection,US-MIDA-PJM,323.44,394.26,40.57,4.13,pjm.com,false,
2023-11-25 13:00:00,USA,PJM Interconnection,US-MIDA-PJM,323.28,394.02,40.74,4.85,pjm.com,false,
2023-11-25 14:00:00,USA,PJM Interconnection,US-MIDA-PJM,316.13,385.4,42.36,6.26,pjm.com,false,
2023-11-25 15:00:00,USA,PJM Interconnection,US-MIDA-PJM,314.95,384.14,42.51,6.34,pjm.com,false,
2023-11-25 16:00:00,USA,PJM Interconnection,US-MIDA-PJM,315.59,384.93,42.36,5.8,pjm.com,false,
2023-11-25 17:00:00,USA,PJM Interconnection,US-MIDA-PJM,313.1,381.8,42.99,5.6,pjm.com,false,
2023-11-25 18:00:00,USA,PJM Interconnection,US-MIDA-PJM,311.15,379.49,43.37,5.55,pjm.com,false,
2023-11-25 19:00:00,USA,PJM Interconnection,US-MIDA-PJM,314.44,383.51,42.62,5.06,pjm.com,false,
2023-11-25 20:00:00,USA,PJM Interconnection,US-MIDA-PJM,320.82,391.11,41.23,3.52,pjm.com,false,
2023-11-25 21:00:00,USA,PJM Interconnection,US-MIDA-PJM,329.62,401.39,39.56,2.77,pjm.com,false,
2023-11-25 22:00:00,USA,PJM Interconnection,US-MIDA-PJM,329.98,401.7,39.68,4.46,pjm.com,false,
2023-11-25 23:00:00,USA,PJM Interconnection,US-MIDA-PJM,326.76,398.17,40.12,5.55,pjm.com,false,
2023-11-26 00:00:00,USA,PJM Interconnection,US-MIDA-PJM,328.34,399.54,40.18,5.94,pjm.com,false,
2023-11-26 01:00:00,USA,PJM Interconnection,US-MIDA-PJM,331.5,402.61,40.07,5.89,pjm.com,false,
2023-11-26 02:00:00,USA,PJM Interconnection,US-MIDA-PJM,336.69,408.43,39.23,4.7,pjm.com,false,
2023-11-26 03:00:00,USA,PJM Interconnection,US-MIDA-PJM,341.73,414.0,38.44,3.06,pjm.com,false,
2023-11-26 04:00:00,USA,PJM Interconnection,US-MIDA-PJM,336.15,407.45,39.43,3.04,pjm.com,false,
2023-11-26 05:00:00,USA,PJM Interconnection,US-MIDA-PJM,330.19,400.89,40.2,2.86,pjm.com,false,
2023-11-26 06:00:00,USA,PJM Interconnection,US-MIDA-PJM,326.49,396.69,40.77,2.69,pjm.com,false,
2023-11-26 07:00:00,USA,PJM Interconnection,US-MIDA-PJM,323.21,393.11,41.17,2.58,pjm.com,false,
2023-11-26 08:00:00,USA,PJM Interconnection,US-MIDA-PJM,323.78,393.85,41.02,2.31,pjm.com,false,
2023-11-26 09:00:00,USA,PJM Interconnection,US-MIDA-PJM,322.4,392.22,41.29,2.48,pjm.com,false,
2023-11-26 10:00:00,USA,PJM Interconnection,US-MIDA-PJM,321.9,391.9,41.16,2.78,pjm.com,false,
2023-11-26 11:00:00,USA,PJM Interconnection,US-MIDA-PJM,325.22,395.88,40.51,2.73,pjm.com,false,
2023-11-26 12:00:00,USA,PJM Interconnection,US-MIDA-PJM,332.69,403.85,39.76,2.91,pjm.com,false,
2023-11-26 13:00:00,USA,PJM Interconnection,US-MIDA-PJM,332.11,403.01,40.05,3.57,pjm.com,false,
2023-11-26 14:00:00,USA,PJM Interconnection,US-MIDA-PJM,332.73,403.58,40.1,3.76,pjm.com,false,
2023-11-26 15:00:00,USA,PJM Interconnection,US-MIDA-PJM,328.82,398.79,40.98,4.35,pjm.com,false,
2023-11-26 16:00:00,USA,PJM Interconnection,US-MIDA-PJM,328.87,398.47,41.25,4.47,pjm.com,false,
2023-11-26 17:00:00,USA,PJM Interconnection,US-MIDA-PJM,328.03,397.69,41.22,4.61,pjm.com,false,
2023-11-26 18:00:00,USA,PJM Interconnection,US-MIDA-PJM,326.92,396.14,41.55,5.27,pjm.com,false,
2023-11-26 19:00:00,USA,PJM Interconnection,US-MIDA-PJM,321.15,389.43,42.5,6.48,pjm.com,false,
2023-11-26 20:00:00,USA,PJM Interconnection,US-MIDA-PJM,316.76,383.79,43.61,7.51,pjm.com,false,
2023-11-26 21:00:00,USA,PJM Interconnection,US-MIDA-PJM,312.9,379.3,44.28,8.53,pjm.com,false,
2023-11-26 22:00:00,USA,PJM Interconnection,US-MIDA-PJM,312.03,378.46,44.37,10.3,pjm.com,false,
2023-11-26 23:00:00,USA,PJM Interconnection,US-MIDA-PJM,318.17,385.35,43.48,9.82,pjm.com,false,
2023-11-27 00:00:00,USA,PJM Interconnection,US-MIDA-PJM,317.8,384.55,43.76,9.66,pjm.com,false,
2023-11-27 01:00:00,USA,PJM Interconnection,US-MIDA-PJM,315.24,381.36,44.35,9.71,pjm.com,false,
2023-11-27 02:00:00,USA,PJM Interconnection,US-MIDA-PJM,316.97,382.96,44.3,8.99,pjm.com,false,
2023-11-27 03:00:00,USA,PJM Interconnection,US-MIDA-PJM,313.17,378.13,45.27,8.97,pjm.com,false,
2023-11-27 04:00:00,USA,PJM Interconnection,US-MIDA-PJM,301.72,364.36,47.56,9.73,pjm.com,false,
2023-11-27 05:00:00,USA,PJM Interconnection,US-MIDA-PJM,295.21,357.28,48.33,9.79,pjm.com,false,
2023-11-27 06:00:00,USA,PJM Interconnection,US-MIDA-PJM,293.26,355.17,48.54,9.86,pjm.com,false,
2023-11-27 07:00:00,USA,PJM Interconnection,US-MIDA-PJM,292.85,354.53,48.73,9.95,pjm.com,false,
2023-11-27 08:00:00,USA,PJM Interconnection,US-MIDA-PJM,294.25,356.5,48.23,9.62,pjm.com,false,
2023-11-27 09:00:00,USA,PJM Interconnection,US-MIDA-PJM,296.73,359.6,47.66,9.44,pjm.com,false,
2023-11-27 10:00:00,USA,PJM Interconnection,US-MIDA-PJM,307.48,372.16,45.78,8.69,pjm.com,false,
2023-11-27 11:00:00,USA,PJM Interconnection,US-MIDA-PJM,314.24,380.67,44.26,9.43,pjm.com,false,
2023-11-27 12:00:00,USA,PJM Interconnection,US-MIDA-PJM,322.7,390.02,43.22,10.3,pjm.com,false,
2023-11-27 13:00:00,USA,PJM Interconnection,US-MIDA-PJM,319.96,386.4,44.06,11.26,pjm.com,false,
2023-11-27 14:00:00,USA,PJM Interconnection,US-MIDA-PJM,317.36,383.21,44.69,11.7,pjm.com,false,
2023-11-27 15:00:00,USA,PJM Interconnection,US-MIDA-PJM,316.37,382.27,44.73,11.7,pjm.com,false,
2023-11-27 16:00:00,USA,PJM Interconnection,US-MIDA-PJM,317.2,383.54,44.29,11.48,pjm.com,false,
2023-11-27 17:00:00,USA,PJM Interconnection,US-MIDA-PJM,315.08,381.44,44.35,11.42,pjm.com,false,
2023-11-27 18:00:00,USA,PJM Interconnection,US-MIDA-PJM,312.5,378.82,44.52,11.51,pjm.com,false,
2023-11-27 19:00:00,USA,PJM Interconnection,US-MIDA-PJM,311.61,377.58,44.81,11.65,pjm.com,false,
2023-11-27 20:00:00,USA,PJM Interconnection,US-MIDA-PJM,314.73,381.31,44.12,11.07,pjm.com,false,
2023-11-27 21:00:00,USA,PJM Interconnection,US-MIDA-PJM,319.21,387.13,42.82,10.26,pjm.com,false,
2023-11-27 22:00:00,USA,PJM Interconnection,US-MIDA-PJM,323.78,392.77,41.89,10.99,pjm.com,false,
2023-11-27 23:00:00,USA,PJM Interconnection,US-MIDA-PJM,328.66,398.09,41.32,11.18,pjm.com,false,
2023-11-28 00:00:00,USA,PJM Interconnection,US-MIDA-PJM,329.41,399.08,41.1,10.94,pjm.com,false,
2023-11-28 01:00:00,USA,PJM Interconnection,US-MIDA-PJM,326.7,396.03,41.46,10.94,pjm.com,false,
2023-11-28 02:00:00,USA,PJM Interconnection,US-MIDA-PJM,329.23,398.56,41.27,10.02,pjm.com,false,
2023-11-28 03:00:00,USA,PJM Interconnection,US-MIDA-PJM,335.44,404.83,40.85,8.55,pjm.com,false,
2023-11-28 04:00:00,USA,PJM Interconnection,US-MIDA-PJM,333.47,401.82,41.71,8.13,pjm.com,false,
2023-11-28 05:00:00,USA,PJM Interconnection,US-MIDA-PJM,329.04,396.62,42.51,8.11,pjm.com,false,
2023-11-28 06:00:00,USA,PJM Interconnection,US-MIDA-PJM,329.05,396.62,42.48,7.92,pjm.com,false,
2023-11-28 07:00:00,USA,PJM Interconnection,US-MIDA-PJM,331.68,399.6,42.09,7.4,pjm.com,false,
2023-11-28 08:00:00,USA,PJM Interconnection,US-MIDA-PJM,334.07,402.05,41.94,7.17,pjm.com,false,
2023-11-28 09:00:00,USA,PJM Interconnection,US-MIDA-PJM,334.18,402.76,41.51,6.99,pjm.com,false,
2023-11-28 10:00:00,USA,PJM Interconnection,US-MIDA-PJM,333.58,403.08,40.94,6.96,pjm.com,false,
2023-11-28 11:00:00,USA,PJM Interconnection,US-MIDA-PJM,332.86,404.06,39.9,7.95,pjm.com,false,
2023-11-28 12:00:00,USA,PJM Interconnection,US-MIDA-PJM,338.22,410.09,39.21,8.76,pjm.com,false,
2023-11-28 13:00:00,USA,PJM Interconnection,US-MIDA-PJM,342.12,414.37,38.75,8.46,pjm.com,false,
2023-11-28 14:00:00,USA,PJM Interconnection,US-MIDA-PJM,343.79,416.03,38.69,8.06,pjm.com,false,
2023-11-28 15:00:00,USA,PJM Interconnection,US-MIDA-PJM,345.34,417.48,38.7,7.42,pjm.com,false,
2023-11-28 16:00:00,USA,PJM Interconnection,US-MIDA-PJM,343.76,416.12,38.47,6.95,pjm.com,false,
2023-11-28 17:00:00,USA,PJM Interconnection,US-MIDA-PJM,346.38,419.08,38.0,6.55,pjm.com,false,
2023-11-28 18:00:00,USA,PJM Interconnection,US-MIDA-PJM,346.81,419.55,37.94,6.55,pjm.com,false,
2023-11-28 19:00:00,USA,PJM Interconnection,US-MIDA-PJM,346.36,419.15,37.95,6.48,pjm.com,false,
2023-11-28 20:00:00,USA,PJM Interconnection,US-MIDA-PJM,349.89,423.17,37.31,6.0,pjm.com,false,
2023-11-28 21:00:00,USA,PJM Interconnection,US-MIDA-PJM,354.86,429.33,36.18,5.56,pjm.com,false,
2023-11-28 22:00:00,USA,PJM Interconnection,US-MIDA-PJM,354.45,430.07,35.44,6.41,pjm.com,false,
2023-11-28 23:00:00,USA,PJM Interconnection,US-MIDA-PJM,354.4,430.25,35.31,6.73,pjm.com,false,
2023-11-29 00:00:00,USA,PJM Interconnection,US-MIDA-PJM,353.12,428.66,35.6,7.04,pjm.com,false,
2023-11-29 01:00:00,USA,PJM Interconnection,US-MIDA-PJM,353.31,428.57,35.79,7.07,pjm.com,false,
2023-11-29 02:00:00,USA,PJM Interconnection,US-MIDA-PJM,355.09,429.63,36.15,6.72,pjm.com,false,
2023-11-29 03:00:00,USA,PJM Interconnection,US-MIDA-PJM,352.66,425.94,37.06,6.65,pjm.com,false,
2023-11-29 04:00:00,USA,PJM Interconnection,US-MIDA-PJM,349.09,421.14,38.03,6.53,pjm.com,false,
2023-11-29 05:00:00,USA,PJM Interconnection,US-MIDA-PJM,349.0,420.09,38.81,6.72,pjm.com,false,
2023-11-29 06:00:00,USA,PJM Interconnection,US-MIDA-PJM,345.68,416.1,39.39,7.07,pjm.com,false,
2023-11-29 07:00:00,USA,PJM Interconnection,US-MIDA-PJM,346.59,416.84,39.47,7.02,pjm.com,false,
2023-11-29 08:00:00,USA,PJM Interconnection,US-MIDA-PJM,346.3,416.37,39.61,7.24,pjm.com,false,
2023-11-29 09:00:00,USA,PJM Interconnection,US-MIDA-PJM,345.01,415.38,39.59,7.66,pjm.com,false,
2023-11-29 10:00:00,USA,PJM Interconnection,US-MIDA-PJM,339.27,410.08,39.75,8.87,pjm.com,false,
2023-11-29 11:00:00,USA,PJM Interconnection,US-MIDA-PJM,340.1,412.54,38.66,9.38,pjm.com,false,
2023-11-29 12:00:00,USA,PJM Interconnection,US-MIDA-PJM,343.07,416.78,38.09,10.03,pjm.com,false,
2023-11-29 13:00:00,USA,PJM Interconnection,US-MIDA-PJM,344.5,417.83,38.56,10.12,pjm.com,false,
2023-11-29 14:00:00,USA,PJM Interconnection,US-MIDA-PJM,343.57,416.7,38.66,9.5,pjm.com,false,
2023-11-29 15:00:00,USA,PJM Interconnection,US-MIDA-PJM,340.58,413.02,39.02,8.89,pjm.com,false,
2023-11-29 16:00:00,USA,PJM Interconnection,US-MIDA-PJM,339.27,411.28,39.15,8.37,pjm.com,false,
2023-11-29 17:00:00,USA,PJM Interconnection,US-MIDA-PJM,340.94,413.11,38.97,7.85,pjm.com,false,
2023-11-29 18:00:00,USA,PJM Interconnection,US-MIDA-PJM,340.46,412.44,39.16,7.71,pjm.com,false,
2023-11-29 19:00:00,USA,PJM Interconnection,US-MIDA-PJM,338.78,410.88,39.1,7.56,pjm.com,false,
2023-11-29 20:00:00,USA,PJM Interconnection,US-MIDA-PJM,338.47,411.4,38.38,6.66,pjm.com,false,
2023-11-29 21:00:00,USA,PJM Interconnection,US-MIDA-PJM,344.51,418.98,36.83,5.49,pjm.com,false,
2023-11-29 22:00:00,USA,PJM Interconnection,US-MIDA-PJM,346.04,420.88,36.53,6.58,pjm.com,false,
2023-11-29 23:00:00,USA,PJM Interconnection,US-MIDA-PJM,344.57,419.09,36.82,7.36,pjm.com,false,
2023-11-30 00:00:00,USA,PJM Interconnection,US-MIDA-PJM,341.48,415.55,37.32,7.79,pjm.com,false,
2023-11-30 01:00:00,USA,PJM Interconnection,US-MIDA-PJM,344.13,418.03,37.28,7.47,pjm.com,false,
2023-11-30 02:00:00,USA,PJM Interconnection,US-MIDA-PJM,343.87,417.4,37.5,6.93,pjm.com,false,
2023-11-30 03:00:00,USA,PJM Interconnection,US-MIDA-PJM,341.42,413.69,38.49,6.8,pjm.com,false,
2023-11-30 04:00:00,USA,PJM Interconnection,US-MIDA-PJM,334.2,404.95,39.91,7.17,pjm.com,false,
2023-11-30 05:00:00,USA,PJM Interconnection,US-MIDA-PJM,328.58,397.42,41.61,7.85,pjm.com,false,
2023-11-30 06:00:00,USA,PJM Interconnection,US-MIDA-PJM,322.19,389.99,42.71,8.55,pjm.com,false,
2023-11-30 07:00:00,USA,PJM Interconnection,US-MIDA-PJM,320.06,387.42,43.15,8.82,pjm.com,false,
2023-11-30 08:00:00,USA,PJM Interconnection,US-MIDA-PJM,321.08,388.58,43.0,8.8,pjm.com,false,
2023-11-30 09:00:00,USA,PJM Interconnection,US-MIDA-PJM,318.51,385.92,43.22,9.1,pjm.com,false,
2023-11-30 10:00:00,USA,PJM Interconnection,US-MIDA-PJM,322.0,390.48,42.32,9.38,pjm.com,false,
2023-11-30 11:00:00,USA,PJM Interconnection,US-MIDA-PJM,322.51,391.98,41.73,10.78,pjm.com,false,
2023-11-30 12:00:00,USA,PJM Interconnection,US-MIDA-PJM,323.34,393.37,41.4,11.6,pjm.com,false,
2023-11-30 13:00:00,USA,PJM Interconnection,US-MIDA-PJM,326.41,396.17,41.37,11.46,pjm.com,false,
2023-11-30 14:00:00,USA,PJM Interconnection,US-MIDA-PJM,315.57,383.26,43.6,12.35,pjm.com,false,
2023-11-30 15:00:00,USA,PJM Interconnection,US-MIDA-PJM,309.52,376.53,44.43,12.11,pjm.com,false,
2023-11-30 16:00:00,USA,PJM Interconnection,US-MIDA-PJM,312.56,379.57,44.21,11.2,pjm.com,false,
2023-11-30 17:00:00,USA,PJM Interconnection,US-MIDA-PJM,307.94,374.65,44.63,11.0,pjm.com,false,
2023-11-30 18:00:00,USA,PJM Interconnection,US-MIDA-PJM,306.15,372.72,44.83,11.04,pjm.com,false,
2023-11-30 19:00:00,USA,PJM Interconnection,US-MIDA-PJM,303.26,369.67,45.08,11.07,pjm.com,false,
2023-11-30 20:00:00,USA,PJM Interconnection,US-MIDA-PJM,310.29,378.06,43.57,9.53,pjm.com,false,
2023-11-30 21:00:00,USA,PJM Interconnection,US-MIDA-PJM,316.05,385.06,42.25,8.29,pjm.com,false,
2023-11-30 22:00:00,USA,PJM Interconnection,US-MIDA-PJM,319.3,388.97,41.68,8.97,pjm.com,false,
2023-11-30 23:00:00,USA,PJM Interconnection,US-MIDA-PJM,321.1,391.05,41.38,9.06,pjm.com,false,
2023-12-01 00:00:00,USA,PJM Interconnection,US-MIDA-PJM,326.26,397.03,40.41,7.97,pjm.com,false,
2023-12-01 01:00:00,USA,PJM Interconnection,US-MIDA-PJM,331.76,402.96,39.76,6.99,pjm.com,false,
2023-12-01 02:00:00,USA,PJM Interconnection,US-MIDA-PJM,329.32,400.44,39.92,6.38,pjm.com,false,
2023-12-01 03:00:00,USA,PJM Interconnection,US-MIDA-PJM,328.33,399.16,40.17,5.63,pjm.com,false,
2023-12-01 04:00:00,USA,PJM Interconnection,US-MIDA-PJM,322.28,392.15,41.2,5.56,pjm.com,false,
2023-12-01 05:00:00,USA,PJM Interconnection,US-MIDA-PJM,319.41,388.81,41.69,5.03,pjm.com,false,
2023-12-01 06:00:00,USA,PJM Interconnection,US-MIDA-PJM,322.31,391.95,41.38,4.47,pjm.com,false,
2023-12-01 07:00:00,USA,PJM Interconnection,US-MIDA-PJM,323.91,393.92,41.04,3.89,pjm.com,false,
2023-12-01 08:00:00,USA,PJM Interconnection,US-MIDA-PJM,321.75,391.45,41.38,4.29,pjm.com,false,
2023-12-01 09:00:00,USA,PJM Interconnection,US-MIDA-PJM,320.16,389.71,41.57,5.03,pjm.com,false,
2023-12-01 10:00:00,USA,PJM Interconnection,US-MIDA-PJM,322.23,392.3,41.1,5.45,pjm.com,false,
2023-12-01 11:00:00,USA,PJM Interconnection,US-MIDA-PJM,331.19,402.55,39.81,5.9,pjm.com,false,
2023-12-01 12:00:00,USA,PJM Interconnection,US-MIDA-PJM,336.6,408.61,39.18,6.77,pjm.com,false,
2023-12-01 13:00:00,USA,PJM Interconnection,US-MIDA-PJM,334.38,406.26,39.42,7.42,pjm.com,false,
2023-12-01 14:00:00,USA,PJM Interconnection,US-MIDA-PJM,334.19,406.16,39.32,7.08,pjm.com,false,
2023-12-01 15:00:00,USA,PJM Interconnection,US-MIDA-PJM,341.11,414.07,38.19,5.94,pjm.com,false,
2023-12-01 16:00:00,USA,PJM Interconnection,US-MIDA-PJM,341.11,414.37,37.88,5.16,pjm.com,false,
2023-12-01 17:00:00,USA,PJM Interconnection,US-MIDA-PJM,345.67,419.65,37.15,4.34,pjm.com,false,
2023-12-01 18:00:00,USA,PJM Interconnection,US-MIDA-PJM,347.28,421.24,36.99,3.78,pjm.com,false,
2023-12-01 19:00:00,USA,PJM Interconnection,US-MIDA-PJM,347.26,421.51,36.72,3.34,pjm.com,false,
2023-12-01 20:00:00,USA,PJM Interconnection,US-MIDA-PJM,347.6,422.14,36.49,2.75,pjm.com,false,
2023-12-01 21:00:00,USA,PJM Interconnection,US-MIDA-PJM,344.9,419.3,36.8,3.64,pjm.com,false,
2023-12-01 22:00:00,USA,PJM Interconnection,US-MIDA-PJM,338.82,412.32,37.92,5.24,pjm.com,false,
2023-12-01 23:00:00,USA,PJM Interconnection,US-MIDA-PJM,341.31,415.14,37.51,4.72,pjm.com,false,
2023-12-02 00:00:00,USA,PJM Interconnection,US-MIDA-PJM,342.43,416.22,37.37,4.19,pjm.com,false,
2023-12-02 01:00:00,USA,PJM Interconnection,US-MIDA-PJM,343.02,416.21,37.73,3.73,pjm.com,false,
2023-12-02 02:00:00,USA,PJM Interconnection,US-MIDA-PJM,340.75,413.22,38.35,3.53,pjm.com,false,
2023-12-02 03:00:00,USA,PJM Interconnection,US-MIDA-PJM,338.91,410.57,39.04,3.28,pjm.com,false,
2023-12-02 04:00:00,USA,PJM Interconnection,US-MIDA-PJM,327.92,397.95,40.83,3.59,pjm.com,false,
2023-12-02 05:00:00,USA,PJM Interconnection,US-MIDA-PJM,319.57,388.01,42.43,3.92,pjm.com,false,
2023-12-02 06:00:00,USA,PJM Interconnection,US-MIDA-PJM,314.54,382.18,43.24,4.15,pjm.com,false,
2023-12-02 07:00:00,USA,PJM Interconnection,US-MIDA-PJM,313.65,381.13,43.41,4.09,pjm.com,false,
2023-12-02 08:00:00,USA,PJM Interconnection,US-MIDA-PJM,313.88,380.93,43.72,4.06,pjm.com,false,
2023-12-02 09:00:00,USA,PJM Interconnection,US-MIDA-PJM,312.68,379.75,43.78,3.91,pjm.com,false,
2023-12-02 10:00:00,USA,PJM Interconnection,US-MIDA-PJM,315.28,382.88,43.27,3.83,pjm.com,false,
2023-12-02 11:00:00,USA,PJM Interconnection,US-MIDA-PJM,318.17,386.02,42.94,3.77,pjm.com,false,
2023-12-02 12:00:00,USA,PJM Interconnection,US-MIDA-PJM,322.74,391.78,41.84,3.58,pjm.com,false,
2023-12-02 13:00:00,USA,PJM Interconnection,US-MIDA-PJM,326.22,395.85,41.29,3.83,pjm.com,false,
2023-12-02 14:00:00,USA,PJM Interconnection,US-MIDA-PJM,323.29,392.81,41.64,4.65,pjm.com,false,
2023-12-02 15:00:00,USA,PJM Interconnection,US-MIDA-PJM,329.23,399.9,40.43,3.75,pjm.com,false,
2023-12-02 16:00:00,USA,PJM Interconnection,US-MIDA-PJM,331.72,402.83,39.96,3.47,pjm.com,false,
2023-12-02 17:00:00,USA,PJM Interconnection,US-MIDA-PJM,331.85,403.07,39.91,3.17,pjm.com,false,
2023-12-02 18:00:00,USA,PJM Interconnection,US-MIDA-PJM,330.21,401.56,40.04,2.8,pjm.com,false,
2023-12-02 19:00:00,USA,PJM Interconnection,US-MIDA-PJM,329.33,400.63,40.06,2.31,pjm.com,false,
2023-12-02 20:00:00,USA,PJM Interconnection,US-MIDA-PJM,330.78,402.46,39.5,1.85,pjm.com,false,
2023-12-02 21:00:00,USA,PJM Interconnection,US-MIDA-PJM,331.71,403.76,39.21,2.22,pjm.com,false,
2023-12-02 22:00:00,USA,PJM Interconnection,US-MIDA-PJM,329.45,401.08,39.79,4.17,pjm.com,false,
2023-12-02 23:00:00,USA,PJM Interconnection,US-MIDA-PJM,332.82,404.7,39.39,3.93,pjm.com,false,
2023-12-03 00:00:00,USA,PJM Interconnection,US-MIDA-PJM,331.89,403.95,39.24,3.52,pjm.com,false,
2023-12-03 01:00:00,USA,PJM Interconnection,US-MIDA-PJM,332.47,404.38,39.28,2.95,pjm.com,false,
2023-12-03 02:00:00,USA,PJM Interconnection,US-MIDA-PJM,330.0,401.79,39.43,2.3,pjm.com,false,
2023-12-03 03:00:00,USA,PJM Interconnection,US-MIDA-PJM,324.67,395.49,40.38,2.08,pjm.com,false,
2023-12-03 04:00:00,USA,PJM Interconnection,US-MIDA-PJM,318.86,387.9,42.0,2.65,pjm.com,false,
2023-12-03 05:00:00,USA,PJM Interconnection,US-MIDA-PJM,314.17,382.25,42.95,2.43,pjm.com,false,
2023-12-03 06:00:00,USA,PJM Interconnection,US-MIDA-PJM,313.49,381.29,43.19,1.98,pjm.com,false,
2023-12-03 07:00:00,USA,PJM Interconnection,US-MIDA-PJM,310.05,377.5,43.65,2.01,pjm.com,false,
2023-12-03 08:00:00,USA,PJM Interconnection,US-MIDA-PJM,307.92,374.99,44.03,2.33,pjm.com,false,
2023-12-03 09:00:00,USA,PJM Interconnection,US-MIDA-PJM,307.58,374.64,44.07,2.39,pjm.com,false,
2023-12-03 10:00:00,USA,PJM Interconnection,US-MIDA-PJM,308.92,376.33,43.75,2.16,pjm.com,false,
2023-12-03 11:00:00,USA,PJM Interconnection,US-MIDA-PJM,310.22,377.85,43.5,2.25,pjm.com,false,
2023-12-03 12:00:00,USA,PJM Interconnection,US-MIDA-PJM,309.54,377.03,43.67,2.72,pjm.com,false,
2023-12-03 13:00:00,USA,PJM Interconnection,US-MIDA-PJM,313.84,382.25,42.78,3.37,pjm.com,false,
2023-12-03 14:00:00,USA,PJM Interconnection,US-MIDA-PJM,315.45,383.79,42.77,4.5,pjm.com,false,
2023-12-03 15:00:00,USA,PJM Interconnection,US-MIDA-PJM,312.61,380.32,43.38,5.68,pjm.com,false,
2023-12-03 16:00:00,USA,PJM Interconnection,US-MIDA-PJM,308.26,374.73,44.56,7.38,pjm.com,false,
2023-12-03 17:00:00,USA,PJM Interconnection,US-MIDA-PJM,304.77,370.91,44.96,8.14,pjm.com,false,
2023-12-03 18:00:00,USA,PJM Interconnection,US-MIDA-PJM,298.89,364.53,45.6,8.81,pjm.com,false,
2023-12-03 19:00:00,USA,PJM Interconnection,US-MIDA-PJM,294.0,359.24,46.14,9.23,pjm.com,false,
2023-12-03 20:00:00,USA,PJM Interconnection,US-MIDA-PJM,296.76,362.9,45.34,8.4,pjm.com,false,
2023-12-03 21:00:00,USA,PJM Interconnection,US-MIDA-PJM,298.72,365.61,44.77,8.85,pjm.com,false,
2023-12-03 22:00:00,USA,PJM Interconnection,US-MIDA-PJM,305.02,372.56,44.05,9.39,pjm.com,false,
2023-12-03 23:00:00,USA,PJM Interconnection,US-MIDA-PJM,315.12,383.84,42.61,8.18,pjm.com,false,
2023-12-04 00:00:00,USA,PJM Interconnection,US-MIDA-PJM,316.76,385.62,42.41,7.84,pjm.com,false,
2023-12-04 01:00:00,USA,PJM Interconnection,US-MIDA-PJM,321.02,390.66,41.53,6.61,pjm.com,false,
2023-12-04 02:00:00,USA,PJM Interconnection,US-MIDA-PJM,319.66,388.96,41.76,5.41,pjm.com,false,
2023-12-04 03:00:00,USA,PJM Interconnection,US-MIDA-PJM,318.74,387.87,41.89,4.53,pjm.com,false,
2023-12-04 04:00:00,USA,PJM Interconnection,US-MIDA-PJM,313.04,381.57,42.64,4.19,pjm.com,false,
2023-12-04 05:00:00,USA,PJM Interconnection,US-MIDA-PJM,308.32,376.1,43.45,4.12,pjm.com,false,
2023-12-04 06:00:00,USA,PJM Interconnection,US-MIDA-PJM,310.54,378.36,43.3,3.82,pjm.com,false,
2023-12-04 07:00:00,USA,PJM Interconnection,US-MIDA-PJM,310.77,378.5,43.36,3.82,pjm.com,false,
2023-12-04 08:00:00,USA,PJM Interconnection,US-MIDA-PJM,312.77,380.51,43.26,3.53,pjm.com,false,
2023-12-04 09:00:00,USA,PJM Interconnection,US-MIDA-PJM,316.3,384.47,42.76,3.51,pjm.com,false,
2023-12-04 10:00:00,USA,PJM Interconnection,US-MIDA-PJM,325.05,394.28,41.52,3.49,pjm.com,false,
2023-12-04 11:00:00,USA,PJM Interconnection,US-MIDA-PJM,332.73,403.68,39.92,4.32,pjm.com,false,
2023-12-04 12:00:00,USA,PJM Interconnection,US-MIDA-PJM,340.42,412.56,38.71,5.03,pjm.com,false,
2023-12-04 13:00:00,USA,PJM Interconnection,US-MIDA-PJM,347.9,420.84,37.8,4.47,pjm.com,false,
2023-12-04 14:00:00,USA,PJM Interconnection,US-MIDA-PJM,349.34,422.39,37.8,4.33,pjm.com,false,
2023-12-04 15:00:00,USA,PJM Interconnection,US-MIDA-PJM,346.25,418.98,38.29,4.37,pjm.com,false,
2023-12-04 16:00:00,USA,PJM Interconnection,US-MIDA-PJM,349.63,422.96,37.66,3.79,pjm.com,false,
2023-12-04 17:00:00,USA,PJM Interconnection,US-MIDA-PJM,348.01,420.93,38.01,3.81,pjm.com,false,
2023-12-04 18:00:00,USA,PJM Interconnection,US-MIDA-PJM,343.6,416.27,38.31,3.95,pjm.com,false,
2023-12-04 19:00:00,USA,PJM Interconnection,US-MIDA-PJM,339.37,411.82,38.59,4.08,pjm.com,false,
2023-12-04 20:00:00,USA,PJM Interconnection,US-MIDA-PJM,338.69,411.39,38.37,3.88,pjm.com,false,
2023-12-04 21:00:00,USA,PJM Interconnection,US-MIDA-PJM,343.3,417.07,37.3,3.57,pjm.com,false,
2023-12-04 22:00:00,USA,PJM Interconnection,US-MIDA-PJM,340.01,413.68,37.7,5.5,pjm.com,false,
2023-12-04 23:00:00,USA,PJM Interconnection,US-MIDA-PJM,339.28,412.6,38.04,6.19,pjm.com,false,
2023-12-05 00:00:00,USA,PJM Interconnection,US-MIDA-PJM,341.38,414.7,37.88,5.83,pjm.com,false,
2023-12-05 01:00:00,USA,PJM Interconnection,US-MIDA-PJM,348.69,422.62,36.97,4.65,pjm.com,false,
2023-12-05 02:00:00,USA,PJM Interconnection,US-MIDA-PJM,355.06,429.35,36.25,3.16,pjm.com,false,
2023-12-05 03:00:00,USA,PJM Interconnection,US-MIDA-PJM,348.92,421.82,37.57,2.88,pjm.com,false,
2023-12-05 04:00:00,USA,PJM Interconnection,US-MIDA-PJM,342.39,414.4,38.58,3.06,pjm.com,false,
2023-12-05 05:00:00,USA,PJM Interconnection,US-MIDA-PJM,336.38,407.31,39.7,3.24,pjm.com,false,
2023-12-05 06:00:00,USA,PJM Interconnection,US-MIDA-PJM,331.41,402.02,40.19,3.29,pjm.com,false,
2023-12-05 07:00:00,USA,PJM Interconnection,US-MIDA-PJM,328.05,398.35,40.61,3.38,pjm.com,false,
2023-12-05 08:00:00,USA,PJM Interconnection,US-MIDA-PJM,328.22,398.55,40.59,3.48,pjm.com,false,
2023-12-05 09:00:00,USA,PJM Interconnection,US-MIDA-PJM,331.74,402.54,40.05,3.35,pjm.com,false,
2023-12-05 10:00:00,USA,PJM Interconnection,US-MIDA-PJM,332.99,404.39,39.56,3.54,pjm.com,false,
2023-12-05 11:00:00,USA,PJM Interconnection,US-MIDA-PJM,334.14,406.32,39.07,5.17,pjm.com,false,
2023-12-05 12:00:00,USA,PJM Interconnection,US-MIDA-PJM,344.47,417.91,37.72,5.63,pjm.com,false,
2023-12-05 13:00:00,USA,PJM Interconnection,US-MIDA-PJM,342.89,416.36,37.82,5.8,pjm.com,false,
2023-12-05 14:00:00,USA,PJM Interconnection,US-MIDA-PJM,339.75,412.98,38.17,5.5,pjm.com,false,
2023-12-05 15:00:00,USA,PJM Interconnection,US-MIDA-PJM,340.83,414.67,37.61,4.82,pjm.com,false,
2023-12-05 16:00:00,USA,PJM Interconnection,US-MIDA-PJM,338.55,412.16,37.92,5.02,pjm.com,false,
2023-12-05 17:00:00,USA,PJM Interconnection,US-MIDA-PJM,334.16,407.07,38.65,5.17,pjm.com,false,
2023-12-05 18:00:00,USA,PJM Interconnection,US-MIDA-PJM,332.65,405.14,39.04,5.51,pjm.com,false,
2023-12-05 19:00:00,USA,PJM Interconnection,US-MIDA-PJM,336.16,409.12,38.46,5.24,pjm.com,false,
2023-12-05 20:00:00,USA,PJM Interconnection,US-MIDA-PJM,339.31,412.8,37.79,4.75,pjm.com,false,
2023-12-05 21:00:00,USA,PJM Interconnection,US-MIDA-PJM,341.54,415.53,37.28,4.64,pjm.com,false,
2023-12-05 22:00:00,USA,PJM Interconnection,US-MIDA-PJM,339.94,413.65,37.64,6.35,pjm.com,false,
2023-12-05 23:00:00,USA,PJM Interconnection,US-MIDA-PJM,342.08,415.71,37.59,6.71,pjm.com,false,
2023-12-06 00:00:00,USA,PJM Interconnection,US-MIDA-PJM,344.09,417.99,37.19,6.01,pjm.com,false,
2023-12-06 01:00:00,USA,PJM Interconnection,US-MIDA-PJM,344.24,417.92,37.3,5.68,pjm.com,false,
2023-12-06 02:00:00,USA,PJM Interconnection,US-MIDA-PJM,345.32,418.97,37.22,4.94,pjm.com,false,
2023-12-06 03:00:00,USA,PJM Interconnection,US-MIDA-PJM,343.41,416.84,37.48,3.78,pjm.com,false,
2023-12-06 04:00:00,USA,PJM Interconnection,US-MIDA-PJM,337.58,410.51,38.15,3.01,pjm.com,false,
2023-12-06 05:00:00,USA,PJM Interconnection,US-MIDA-PJM,325.71,396.23,40.55,3.87,pjm.com,false,
2023-12-06 06:00:00,USA,PJM Interconnection,US-MIDA-PJM,321.86,391.8,41.17,4.13,pjm.com,false,
2023-12-06 07:00:00,USA,PJM Interconnection,US-MIDA-PJM,324.1,394.14,40.98,3.82,pjm.com,false,
2023-12-06 08:00:00,USA,PJM Interconnection,US-MIDA-PJM,327.93,398.47,40.43,3.09,pjm.com,false,
2023-12-06 09:00:00,USA,PJM Interconnection,US-MIDA-PJM,331.04,402.13,39.87,3.02,pjm.com,false,
2023-12-06 10:00:00,USA,PJM Interconnection,US-MIDA-PJM,334.36,406.21,39.14,3.06,pjm.com,false,
2023-12-06 11:00:00,USA,PJM Interconnection,US-MIDA-PJM,331.19,403.22,39.29,5.13,pjm.com,false,
2023-12-06 12:00:00,USA,PJM Interconnection,US-MIDA-PJM,330.96,403.97,38.69,6.46,pjm.com,false,
2023-12-06 13:00:00,USA,PJM Interconnection,US-MIDA-PJM,339.91,413.71,37.67,5.7,pjm.com,false,
2023-12-06 14:00:00,USA,PJM Interconnection,US-MIDA-PJM,342.2,416.2,37.39,4.83,pjm.com,false,
2023-12-06 15:00:00,USA,PJM Interconnection,US-MIDA-PJM,338.97,412.42,38.02,5.35,pjm.com,false,
2023-12-06 16:00:00,USA,PJM Interconnection,US-MIDA-PJM,335.58,408.22,38.77,5.87,pjm.com,false,
2023-12-06 17:00:00,USA,PJM Interconnection,US-MIDA-PJM,334.1,406.44,38.97,5.79,pjm.com,false,
2023-12-06 18:00:00,USA,PJM Interconnection,US-MIDA-PJM,331.36,403.41,39.31,6.05,pjm.com,false,
2023-12-06 19:00:00,USA,PJM Interconnection,US-MIDA-PJM,325.71,397.19,40.02,6.56,pjm.com,false,
2023-12-06 20:00:00,USA,PJM Interconnection,US-MIDA-PJM,324.72,396.61,39.71,6.27,pjm.com,false,
2023-12-06 21:00:00,USA,PJM Interconnection,US-MIDA-PJM,326.18,398.51,39.54,6.8,pjm.com,false,
2023-12-06 22:00:00,USA,PJM Interconnection,US-MIDA-PJM,330.58,404.01,38.63,7.48,pjm.com,false,
2023-12-06 23:00:00,USA,PJM Interconnection,US-MIDA-PJM,327.72,400.7,38.9,8.31,pjm.com,false,
2023-12-07 00:00:00,USA,PJM Interconnection,US-MIDA-PJM,324.15,396.28,39.64,9.02,pjm.com,false,
2023-12-07 01:00:00,USA,PJM Interconnection,US-MIDA-PJM,322.77,394.39,40.09,9.26,pjm.com,false,
2023-12-07 02:00:00,USA,PJM Interconnection,US-MIDA-PJM,319.85,390.75,40.75,9.55,pjm.com,false,
2023-12-07 03:00:00,USA,PJM Interconnection,US-MIDA-PJM,315.89,385.58,41.8,9.41,pjm.com,false,
2023-12-07 04:00:00,USA,PJM Interconnection,US-MIDA-PJM,313.55,382.33,42.5,8.74,pjm.com,false,
2023-12-07 05:00:00,USA,PJM Interconnection,US-MIDA-PJM,308.05,375.98,43.39,8.85,pjm.com,false,
2023-12-07 06:00:00,USA,PJM Interconnection,US-MIDA-PJM,302.28,369.35,44.32,9.57,pjm.com,false,
2023-12-07 07:00:00,USA,PJM Interconnection,US-MIDA-PJM,300.03,366.67,44.76,9.53,pjm.com,false,
2023-12-07 08:00:00,USA,PJM Interconnection,US-MIDA-PJM,298.73,364.88,45.21,10.02,pjm.com,false,
2023-12-07 09:00:00,USA,PJM Interconnection,US-MIDA-PJM,297.08,362.97,45.53,10.52,pjm.com,false,
2023-12-07 10:00:00,USA,PJM Interconnection,US-MIDA-PJM,303.16,370.82,43.99,10.26,pjm.com,false,
2023-12-07 11:00:00,USA,PJM Interconnection,US-MIDA-PJM,306.24,375.57,42.72,10.84,pjm.com,false,
2023-12-07 12:00:00,USA,PJM Interconnection,US-MIDA-PJM,315.13,385.97,41.16,10.62,pjm.com,false,
2023-12-07 13:00:00,USA,PJM Interconnection,US-MIDA-PJM,321.52,392.88,40.49,10.08,pjm.com,false,
2023-12-07 14:00:00,USA,PJM Interconnection,US-MIDA-PJM,320.41,391.24,40.96,10.1,pjm.com,false,
2023-12-07 15:00:00,USA,PJM Interconnection,US-MIDA-PJM,318.68,389.16,41.3,9.66,pjm.com,false,
2023-12-07 16:00:00,USA,PJM Interconnection,US-MIDA-PJM,316.38,386.77,41.54,9.23,pjm.com,false,
2023-12-07 17:00:00,USA,PJM Interconnection,US-MIDA-PJM,315.9,386.2,41.56,8.72,pjm.com,false,
2023-12-07 18:00:00,USA,PJM Interconnection,US-MIDA-PJM,316.06,386.45,41.5,8.5,pjm.com,false,
2023-12-07 19:00:00,USA,PJM Interconnection,US-MIDA-PJM,315.71,385.87,41.7,8.47,pjm.com,false,
2023-12-07 20:00:00,USA,PJM Interconnection,US-MIDA-PJM,314.86,384.9,41.77,8.03,pjm.com,false,
2023-12-07 21:00:00,USA,PJM Interconnection,US-MIDA-PJM,321.37,392.81,40.26,6.92,pjm.com,false,
2023-12-07 22:00:00,USA,PJM Interconnection,US-MIDA-PJM,322.07,393.43,40.34,8.28,pjm.com,false,
2023-12-07 23:00:00,USA,PJM Interconnection,US-MIDA-PJM,323.58,394.69,40.46,8.87,pjm.com,false,
2023-12-08 00:00:00,USA,PJM Interconnection,US-MIDA-PJM,320.98,391.59,40.91,9.08,pjm.com,false,
2023-12-08 01:00:00,USA,PJM Interconnection,US-MIDA-PJM,317.15,387.28,41.43,9.34,pjm.com,false,
2023-12-08 02:00:00,USA,PJM Interconnection,US-MIDA-PJM,313.02,382.16,42.34,9.61,pjm.com,false,
2023-12-08 03:00:00,USA,PJM Interconnection,US-MIDA-PJM,306.76,374.4,43.66,9.5,pjm.com,false,
2023-12-08 04:00:00,USA,PJM Interconnection,US-MIDA-PJM,299.96,366.35,44.95,9.67,pjm.com,false,
2023-12-08 05:00:00,USA,PJM Interconnection,US-MIDA-PJM,298.59,364.33,45.5,9.68,pjm.com,false,
2023-12-08 06:00:00,USA,PJM Interconnection,US-MIDA-PJM,298.86,364.56,45.49,9.59,pjm.com,false,
2023-12-08 07:00:00,USA,PJM Interconnection,US-MIDA-PJM,299.53,365.62,45.15,9.26,pjm.com,false,
2023-12-08 08:00:00,USA,PJM Interconnection,US-MIDA-PJM,299.14,365.19,45.18,9.17,pjm.com,false,
2023-12-08 09:00:00,USA,PJM Interconnection,US-MIDA-PJM,300.13,366.49,44.94,8.94,pjm.com,false,
2023-12-08 10:00:00,USA,PJM Interconnection,US-MIDA-PJM,301.02,367.55,44.82,9.69,pjm.com,false,
2023-12-08 11:00:00,USA,PJM Interconnection,US-MIDA-PJM,301.12,368.07,44.7,11.35,pjm.com,false,
2023-12-08 12:00:00,USA,PJM Interconnection,US-MIDA-PJM,307.21,374.78,44.12,11.86,pjm.com,false,
2023-12-08 13:00:00,USA,PJM Interconnection,US-MIDA-PJM,310.25,377.87,44.01,11.8,pjm.com,false,
2023-12-08 14:00:00,USA,PJM Interconnection,US-MIDA-PJM,305.86,372.34,45.07,11.97,pjm.com,false,
2023-12-08 15:00:00,USA,PJM Interconnection,US-MIDA-PJM,300.64,366.39,45.82,11.87,pjm.com,false,
2023-12-08 16:00:00,USA,PJM Interconnection,US-MIDA-PJM,297.52,363.31,45.89,11.64,pjm.com,false,
2023-12-08 17:00:00,USA,PJM Interconnection,US-MIDA-PJM,295.5,361.17,46.06,11.59,pjm.com,false,
2023-12-08 18:00:00,USA,PJM Interconnection,US-MIDA-PJM,297.72,363.7,45.68,11.13,pjm.com,false,
2023-12-08 19:00:00,USA,PJM Interconnection,US-MIDA-PJM,298.76,364.73,45.62,10.75,pjm.com,false,
2023-12-08 20:00:00,USA,PJM Interconnection,US-MIDA-PJM,300.69,367.06,45.1,9.55,pjm.com,false,
2023-12-08 21:00:00,USA,PJM Interconnection,US-MIDA-PJM,307.89,375.4,43.77,8.36,pjm.com,false,
2023-12-08 22:00:00,USA,PJM Interconnection,US-MIDA-PJM,306.59,374.11,43.95,9.84,pjm.com,false,
2023-12-08 23:00:00,USA,PJM Interconnection,US-MIDA-PJM,311.8,380.16,43.02,9.29,pjm.com,false,
2023-12-09 00:00:00,USA,PJM Interconnection,US-MIDA-PJM,312.77,381.04,42.96,9.01,pjm.com,false,
2023-12-09 01:00:00,USA,PJM Interconnection,US-MIDA-PJM,305.63,372.54,44.34,9.68,pjm.com,false,
2023-12-09 02:00:00,USA,PJM Interconnection,US-MIDA-PJM,302.47,369.09,44.65,9.27,pjm.com,false,
2023-12-09 03:00:00,USA,PJM Interconnection,US-MIDA-PJM,298.24,364.05,45.45,9.14,pjm.com,false,
2023-12-09 04:00:00,USA,PJM Interconnection,US-MIDA-PJM,294.84,359.97,46.12,8.97,pjm.com,false,
2023-12-09 05:00:00,USA,PJM Interconnection,US-MIDA-PJM,290.09,353.97,47.29,9.23,pjm.com,false,
2023-12-09 06:00:00,USA,PJM Interconnection,US-MIDA-PJM,286.59,349.83,47.94,9.43,pjm.com,false,
2023-12-09 07:00:00,USA,PJM Interconnection,US-MIDA-PJM,284.79,347.78,48.23,9.47,pjm.com,false,
2023-12-09 08:00:00,USA,PJM Interconnection,US-MIDA-PJM,287.74,351.09,47.81,8.7,pjm.com,false,
2023-12-09 09:00:00,USA,PJM Interconnection,US-MIDA-PJM,286.55,349.38,48.27,9.05,pjm.com,false,
2023-12-09 10:00:00,USA,PJM Interconnection,US-MIDA-PJM,287.39,350.19,48.24,9.16,pjm.com,false,
2023-12-09 11:00:00,USA,PJM Interconnection,US-MIDA-PJM,289.35,352.63,47.77,9.77,pjm.com,false,
2023-12-09 12:00:00,USA,PJM Interconnection,US-MIDA-PJM,293.14,357.21,46.99,10.21,pjm.com,false,
2023-12-09 13:00:00,USA,PJM Interconnection,US-MIDA-PJM,293.34,357.23,47.26,11.08,pjm.com,false,
2023-12-09 14:00:00,USA,PJM Interconnection,US-MIDA-PJM,289.98,353.62,47.76,11.4,pjm.com,false,
2023-12-09 15:00:00,USA,PJM Interconnection,US-MIDA-PJM,286.37,349.58,48.35,11.18,pjm.com,false,
2023-12-09 16:00:00,USA,PJM Interconnection,US-MIDA-PJM,284.15,347.01,48.72,11.2,pjm.com,false,
2023-12-09 17:00:00,USA,PJM Interconnection,US-MIDA-PJM,284.05,346.95,48.67,11.09,pjm.com,false,
2023-12-09 18:00:00,USA,PJM Interconnection,US-MIDA-PJM,284.24,347.05,48.7,10.97,pjm.com,false,
2023-12-09 19:00:00,USA,PJM Interconnection,US-MIDA-PJM,289.06,352.67,47.78,10.1,pjm.com,false,
2023-12-09 20:00:00,USA,PJM Interconnection,US-MIDA-PJM,292.52,356.74,47.07,8.85,pjm.com,false,
2023-12-09 21:00:00,USA,PJM Interconnection,US-MIDA-PJM,293.55,358.25,46.61,8.79,pjm.com,false,
2023-12-09 22:00:00,USA,PJM Interconnection,US-MIDA-PJM,294.59,359.46,46.56,10.23,pjm.com,false,
2023-12-09 23:00:00,USA,PJM Interconnection,US-MIDA-PJM,295.66,360.58,46.44,10.59,pjm.com,false,
2023-12-10 00:00:00,USA,PJM Interconnection,US-MIDA-PJM,296.07,361.01,46.34,10.4,pjm.com,false,
2023-12-10 01:00:00,USA,PJM Interconnection,US-MIDA-PJM,295.68,360.15,46.65,10.18,pjm.com,false,
2023-12-10 02:00:00,USA,PJM Interconnection,US-MIDA-PJM,294.52,358.76,46.8,9.74,pjm.com,false,
2023-12-10 03:00:00,USA,PJM Interconnection,US-MIDA-PJM,290.06,354.1,47.15,9.37,pjm.com,false,
2023-12-10 04:00:00,USA,PJM Interconnection,US-MIDA-PJM,284.1,346.97,48.33,9.93,pjm.com,false,
2023-12-10 05:00:00,USA,PJM Interconnection,US-MIDA-PJM,277.35,338.53,49.92,10.31,pjm.com,false,
2023-12-10 06:00:00,USA,PJM Interconnection,US-MIDA-PJM,274.09,334.51,50.66,10.12,pjm.com,false,
2023-12-10 07:00:00,USA,PJM Interconnection,US-MIDA-PJM,273.25,333.35,50.94,9.84,pjm.com,false,
2023-12-10 08:00:00,USA,PJM Interconnection,US-MIDA-PJM,271.71,331.28,51.41,9.74,pjm.com,false,
2023-12-10 09:00:00,USA,PJM Interconnection,US-MIDA-PJM,273.31,333.23,51.06,9.24,pjm.com,false,
2023-12-10 10:00:00,USA,PJM Interconnection,US-MIDA-PJM,275.18,335.7,50.52,8.95,pjm.com,false,
2023-12-10 11:00:00,USA,PJM Interconnection,US-MIDA-PJM,279.16,341.0,49.36,8.36,pjm.com,false,
2023-12-10 12:00:00,USA,PJM Interconnection,US-MIDA-PJM,287.15,350.73,47.66,7.59,pjm.com,false,
2023-12-10 13:00:00,USA,PJM Interconnection,US-MIDA-PJM,298.74,363.88,45.91,7.06,pjm.com,false,
2023-12-10 14:00:00,USA,PJM Interconnection,US-MIDA-PJM,310.21,376.72,44.35,6.54,pjm.com,false,
2023-12-10 15:00:00,USA,PJM Interconnection,US-MIDA-PJM,315.54,382.67,43.65,6.41,pjm.com,false,
2023-12-10 16:00:00,USA,PJM Interconnection,US-MIDA-PJM,318.23,385.56,43.4,6.43,pjm.com,false,
2023-12-10 17:00:00,USA,PJM Interconnection,US-MIDA-PJM,323.59,391.57,42.64,5.89,pjm.com,false,
2023-12-10 18:00:00,USA,PJM Interconnection,US-MIDA-PJM,321.71,389.47,42.91,5.97,pjm.com,false,
2023-12-10 19:00:00,USA,PJM Interconnection,US-MIDA-PJM,323.28,391.59,42.41,5.7,pjm.com,false,
2023-12-10 20:00:00,USA,PJM Interconnection,US-MIDA-PJM,323.33,391.5,42.49,5.71,pjm.com,false,
2023-12-10 21:00:00,USA,PJM Interconnection,US-MIDA-PJM,323.96,392.8,41.99,6.07,pjm.com,false,
2023-12-10 22:00:00,USA,PJM Interconnection,US-MIDA-PJM,324.48,394.07,41.53,7.1,pjm.com,false,
2023-12-10 23:00:00,USA,PJM Interconnection,US-MIDA-PJM,327.32,397.28,41.16,7.38,pjm.com,false,
2023-12-11 00:00:00,USA,PJM Interconnection,US-MIDA-PJM,330.32,400.31,40.93,7.08,pjm.com,false,
2023-12-11 01:00:00,USA,PJM Interconnection,US-MIDA-PJM,335.21,405.48,40.38,6.25,pjm.com,false,
2023-12-11 02:00:00,USA,PJM Interconnection,US-MIDA-PJM,337.44,407.4,40.41,5.22,pjm.com,false,
2023-12-11 03:00:00,USA,PJM Interconnection,US-MIDA-PJM,340.48,410.25,40.34,4.06,pjm.com,false,
2023-12-11 04:00:00,USA,PJM Interconnection,US-MIDA-PJM,338.67,407.63,41.01,3.58,pjm.com,false,
2023-12-11 05:00:00,USA,PJM Interconnection,US-MIDA-PJM,335.96,404.22,41.69,3.48,pjm.com,false,
2023-12-11 06:00:00,USA,PJM Interconnection,US-MIDA-PJM,338.03,406.11,41.71,3.33,pjm.com,false,
2023-12-11 07:00:00,USA,PJM Interconnection,US-MIDA-PJM,336.96,404.98,41.81,3.25,pjm.com,false,
2023-12-11 08:00:00,USA,PJM Interconnection,US-MIDA-PJM,340.87,409.76,40.95,2.82,pjm.com,false,
2023-12-11 09:00:00,USA,PJM Interconnection,US-MIDA-PJM,346.68,416.17,40.21,2.64,pjm.com,false,
2023-12-11 10:00:00,USA,PJM Interconnection,US-MIDA-PJM,349.01,419.93,39.07,3.07,pjm.com,false,
2023-12-11 11:00:00,USA,PJM Interconnection,US-MIDA-PJM,344.79,416.79,38.66,5.23,pjm.com,false,
2023-12-11 12:00:00,USA,PJM Interconnection,US-MIDA-PJM,347.66,421.62,37.16,5.86,pjm.com,false,
2023-12-11 13:00:00,USA,PJM Interconnection,US-MIDA-PJM,347.33,421.23,37.25,6.34,pjm.com,false,
2023-12-11 14:00:00,USA,PJM Interconnection,US-MIDA-PJM,345.82,419.15,37.73,6.31,pjm.com,false,
2023-12-11 15:00:00,USA,PJM Interconnection,US-MIDA-PJM,347.71,420.53,38.01,5.98,pjm.com,false,
2023-12-11 16:00:00,USA,PJM Interconnection,US-MIDA-PJM,349.57,422.21,38.09,5.93,pjm.com,false,
2023-12-11 17:00:00,USA,PJM Interconnection,US-MIDA-PJM,349.12,421.58,38.19,5.79,pjm.com,false,
2023-12-11 18:00:00,USA,PJM Interconnection,US-MIDA-PJM,347.92,420.42,38.23,5.7,pjm.com,false,
2023-12-11 19:00:00,USA,PJM Interconnection,US-MIDA-PJM,347.12,419.64,38.27,5.56,pjm.com,false,
2023-12-11 20:00:00,USA,PJM Interconnection,US-MIDA-PJM,347.55,420.47,37.92,5.05,pjm.com,false,
2023-12-11 21:00:00,USA,PJM Interconnection,US-MIDA-PJM,349.73,423.43,37.2,4.79,pjm.com,false,
2023-12-11 22:00:00,USA,PJM Interconnection,US-MIDA-PJM,346.89,420.97,37.16,6.28,pjm.com,false,
2023-12-11 23:00:00,USA,PJM Interconnection,US-MIDA-PJM,345.36,419.62,37.1,7.12,pjm.com,false,
2023-12-12 00:00:00,USA,PJM Interconnection,US-MIDA-PJM,341.93,415.26,37.96,7.97,pjm.com,false,
2023-12-12 01:00:00,USA,PJM Interconnection,US-MIDA-PJM,340.85,413.49,38.51,8.58,pjm.com,false,
2023-12-12 02:00:00,USA,PJM Interconnection,US-MIDA-PJM,340.63,412.5,39.01,8.71,pjm.com,false,
2023-12-12 03:00:00,USA,PJM Interconnection,US-MIDA-PJM,339.02,409.73,39.8,8.32,pjm.com,false,
2023-12-12 04:00:00,USA,PJM Interconnection,US-MIDA-PJM,338.65,408.29,40.56,8.06,pjm.com,false,
2023-12-12 05:00:00,USA,PJM Interconnection,US-MIDA-PJM,331.33,399.38,42.1,8.56,pjm.com,false,
2023-12-12 06:00:00,USA,PJM Interconnection,US-MIDA-PJM,327.5,394.99,42.68,8.68,pjm.com,false,
2023-12-12 07:00:00,USA,PJM Interconnection,US-MIDA-PJM,326.91,393.96,43.07,8.54,pjm.com,false,
2023-12-12 08:00:00,USA,PJM Interconnection,US-MIDA-PJM,324.99,392.15,43.13,8.47,pjm.com,false,
2023-12-12 09:00:00,USA,PJM Interconnection,US-MIDA-PJM,324.99,392.43,43.0,9.13,pjm.com,false,
2023-12-12 10:00:00,USA,PJM Interconnection,US-MIDA-PJM,331.04,400.02,41.63,9.04,pjm.com,false,
2023-12-12 11:00:00,USA,PJM Interconnection,US-MIDA-PJM,336.31,407.05,40.22,9.55,pjm.com,false,
2023-12-12 12:00:00,USA,PJM Interconnection,US-MIDA-PJM,341.78,413.75,39.07,9.78,pjm.com,false,
2023-12-12 13:00:00,USA,PJM Interconnection,US-MIDA-PJM,340.9,412.09,39.75,10.24,pjm.com,false,
2023-12-12 14:00:00,USA,PJM Interconnection,US-MIDA-PJM,332.6,401.72,41.73,10.83,pjm.com,false,
2023-12-12 15:00:00,USA,PJM Interconnection,US-MIDA-PJM,337.02,406.18,41.71,9.75,pjm.com,false,
2023-12-12 16:00:00,USA,PJM Interconnection,US-MIDA-PJM,334.38,402.95,42.26,9.38,pjm.com,false,
2023-12-12 17:00:00,USA,PJM Interconnection,US-MIDA-PJM,330.16,398.44,42.65,9.47,pjm.com,false,
2023-12-12 18:00:00,USA,PJM Interconnection,US-MIDA-PJM,325.17,392.53,43.61,9.88,pjm.com,false,
2023-12-12 19:00:00,USA,PJM Interconnection,US-MIDA-PJM,323.55,391.02,43.58,9.82,pjm.com,false,
2023-12-12 20:00:00,USA,PJM Interconnection,US-MIDA-PJM,329.66,398.68,42.0,8.5,pjm.com,false,
2023-12-12 21:00:00,USA,PJM Interconnection,US-MIDA-PJM,341.15,412.35,39.72,6.49,pjm.com,false,
2023-12-12 22:00:00,USA,PJM Interconnection,US-MIDA-PJM,345.47,417.88,38.69,6.83,pjm.com,false,
2023-12-12 23:00:00,USA,PJM Interconnection,US-MIDA-PJM,350.17,423.42,37.81,6.72,pjm.com,false,
2023-12-13 00:00:00,USA,PJM Interconnection,US-MIDA-PJM,348.65,421.58,37.94,6.84,pjm.com,false,
2023-12-13 01:00:00,USA,PJM Interconnection,US-MIDA-PJM,350.78,423.78,37.75,6.49,pjm.com,false,
2023-12-13 02:00:00,USA,PJM Interconnection,US-MIDA-PJM,352.09,425.0,37.68,5.79,pjm.com,false,
2023-12-13 03:00:00,USA,PJM Interconnection,US-MIDA-PJM,350.82,423.16,38.05,5.06,pjm.com,false,
2023-12-13 04:00:00,USA,PJM Interconnection,US-MIDA-PJM,353.33,425.03,38.35,4.98,pjm.com,false,
2023-12-13 05:00:00,USA,PJM Interconnection,US-MIDA-PJM,351.19,422.15,39.01,4.88,pjm.com,false,
2023-12-13 06:00:00,USA,PJM Interconnection,US-MIDA-PJM,350.8,421.7,39.09,4.6,pjm.com,false,
2023-12-13 07:00:00,USA,PJM Interconnection,US-MIDA-PJM,350.68,421.93,38.85,4.2,pjm.com,false,
2023-12-13 08:00:00,USA,PJM Interconnection,US-MIDA-PJM,348.45,419.74,38.94,4.03,pjm.com,false,
2023-12-13 09:00:00,USA,PJM Interconnection,US-MIDA-PJM,350.77,422.79,38.27,3.67,pjm.com,false,
2023-12-13 10:00:00,USA,PJM Interconnection,US-MIDA-PJM,358.9,432.23,36.92,3.57,pjm.com,false,
2023-12-13 11:00:00,USA,PJM Interconnection,US-MIDA-PJM,358.02,432.07,36.65,4.9,pjm.com,false,
2023-12-13 12:00:00,USA,PJM Interconnection,US-MIDA-PJM,364.53,439.66,35.7,5.34,pjm.com,false,
2023-12-13 13:00:00,USA,PJM Interconnection,US-MIDA-PJM,369.08,444.36,35.36,4.94,pjm.com,false,
2023-12-13 14:00:00,USA,PJM Interconnection,US-MIDA-PJM,365.83,439.6,36.65,5.34,pjm.com,false,
2023-12-13 15:00:00,USA,PJM Interconnection,US-MIDA-PJM,358.39,430.9,38.01,5.71,pjm.com,false,
2023-12-13 16:00:00,USA,PJM Interconnection,US-MIDA-PJM,355.41,427.55,38.4,5.83,pjm.com,false,
2023-12-13 17:00:00,USA,PJM Interconnection,US-MIDA-PJM,351.08,422.59,39.01,5.92,pjm.com,false,
2023-12-13 18:00:00,USA,PJM Interconnection,US-MIDA-PJM,349.6,420.92,39.16,5.92,pjm.com,false,
2023-12-13 19:00:00,USA,PJM Interconnection,US-MIDA-PJM,346.86,417.95,39.47,6.01,pjm.com,false,
2023-12-13 20:00:00,USA,PJM Interconnection,US-MIDA-PJM,347.85,419.54,38.88,5.28,pjm.com,false,
2023-12-13 21:00:00,USA,PJM Interconnection,US-MIDA-PJM,354.6,427.92,37.23,4.16,pjm.com,false,
2023-12-13 22:00:00,USA,PJM Interconnection,US-MIDA-PJM,357.76,431.99,36.46,4.9,pjm.com,false,
2023-12-13 23:00:00,USA,PJM Interconnection,US-MIDA-PJM,362.97,437.53,36.02,5.23,pjm.com,false,
2023-12-14 00:00:00,USA,PJM Interconnection,US-MIDA-PJM,365.08,439.55,35.96,5.37,pjm.com,false,
2023-12-14 01:00:00,USA,PJM Interconnection,US-MIDA-PJM,365.1,439.3,36.09,5.33,pjm.com,false,
2023-12-14 02:00:00,USA,PJM Interconnection,US-MIDA-PJM,361.66,435.57,36.44,5.13,pjm.com,false,
2023-12-14 03:00:00,USA,PJM Interconnection,US-MIDA-PJM,360.01,433.44,36.79,4.68,pjm.com,false,
2023-12-14 04:00:00,USA,PJM Interconnection,US-MIDA-PJM,356.97,429.93,37.27,4.18,pjm.com,false,
2023-12-14 05:00:00,USA,PJM Interconnection,US-MIDA-PJM,349.28,421.55,38.17,3.92,pjm.com,false,
2023-12-14 06:00:00,USA,PJM Interconnection,US-MIDA-PJM,344.41,416.54,38.5,4.07,pjm.com,false,
2023-12-14 07:00:00,USA,PJM Interconnection,US-MIDA-PJM,342.66,415.02,38.44,3.81,pjm.com,false,
2023-12-14 08:00:00,USA,PJM Interconnection,US-MIDA-PJM,342.87,415.35,38.37,3.75,pjm.com,false,
2023-12-14 09:00:00,USA,PJM Interconnection,US-MIDA-PJM,341.88,414.16,38.67,4.48,pjm.com,false,
2023-12-14 10:00:00,USA,PJM Interconnection,US-MIDA-PJM,346.56,419.77,37.79,4.8,pjm.com,false,
2023-12-14 11:00:00,USA,PJM Interconnection,US-MIDA-PJM,352.15,426.62,36.72,5.56,pjm.com,false,
2023-12-14 12:00:00,USA,PJM Interconnection,US-MIDA-PJM,357.84,433.12,35.93,6.29,pjm.com,false,
2023-12-14 13:00:00,USA,PJM Interconnection,US-MIDA-PJM,358.79,433.4,36.4,7.04,pjm.com,false,
2023-12-14 14:00:00,USA,PJM Interconnection,US-MIDA-PJM,348.92,422.36,37.7,7.06,pjm.com,false,
2023-12-14 15:00:00,USA,PJM Interconnection,US-MIDA-PJM,341.35,413.79,38.82,6.99,pjm.com,false,
2023-12-14 16:00:00,USA,PJM Interconnection,US-MIDA-PJM,338.66,410.68,39.28,6.56,pjm.com,false,
2023-12-14 17:00:00,USA,PJM Interconnection,US-MIDA-PJM,335.18,406.91,39.66,6.59,pjm.com,false,
2023-12-14 18:00:00,USA,PJM Interconnection,US-MIDA-PJM,330.35,401.23,40.56,6.87,pjm.com,false,
2023-12-14 19:00:00,USA,PJM Interconnection,US-MIDA-PJM,327.53,398.01,41.01,6.95,pjm.com,false,
2023-12-14 20:00:00,USA,PJM Interconnection,US-MIDA-PJM,328.38,399.15,40.67,6.2,pjm.com,false,
2023-12-14 21:00:00,USA,PJM Interconnection,US-MIDA-PJM,336.31,408.84,38.97,5.36,pjm.com,false,
2023-12-14 22:00:00,USA,PJM Interconnection,US-MIDA-PJM,348.45,421.98,37.63,5.78,pjm.com,false,
2023-12-14 23:00:00,USA,PJM Interconnection,US-MIDA-PJM,353.29,426.67,37.48,6.28,pjm.com,false,
2023-12-15 00:00:00,USA,PJM Interconnection,US-MIDA-PJM,353.29,426.43,37.58,6.32,pjm.com,false,
2023-12-15 01:00:00,USA,PJM Interconnection,US-MIDA-PJM,357.19,431.24,36.65,6.22,pjm.com,false,
2023-12-15 02:00:00,USA,PJM Interconnection,US-MIDA-PJM,347.45,420.56,37.81,6.73,pjm.com,false,
2023-12-15 03:00:00,USA,PJM Interconnection,US-MIDA-PJM,341.48,413.09,39.11,6.84,pjm.com,false,
2023-12-15 04:00:00,USA,PJM Interconnection,US-MIDA-PJM,332.53,402.72,40.58,7.29,pjm.com,false,
2023-12-15 05:00:00,USA,PJM Interconnection,US-MIDA-PJM,325.64,395.28,41.34,7.55,pjm.com,false,
2023-12-15 06:00:00,USA,PJM Interconnection,US-MIDA-PJM,321.52,390.18,42.27,8.09,pjm.com,false,
2023-12-15 07:00:00,USA,PJM Interconnection,US-MIDA-PJM,318.29,386.52,42.72,8.36,pjm.com,false,
2023-12-15 08:00:00,USA,PJM Interconnection,US-MIDA-PJM,318.27,386.78,42.57,8.28,pjm.com,false,
2023-12-15 09:00:00,USA,PJM Interconnection,US-MIDA-PJM,322.37,391.36,42.04,8.21,pjm.com,false,
2023-12-15 10:00:00,USA,PJM Interconnection,US-MIDA-PJM,328.8,398.65,41.09,8.32,pjm.com,false,
2023-12-15 11:00:00,USA,PJM Interconnection,US-MIDA-PJM,334.22,404.89,40.34,9.31,pjm.com,false,
2023-12-15 12:00:00,USA,PJM Interconnection,US-MIDA-PJM,343.13,415.06,39.12,9.57,pjm.com,false,
2023-12-15 13:00:00,USA,PJM Interconnection,US-MIDA-PJM,344.66,416.39,39.35,10.03,pjm.com,false,
2023-12-15 14:00:00,USA,PJM Interconnection,US-MIDA-PJM,334.98,404.91,41.17,10.64,pjm.com,false,
2023-12-15 15:00:00,USA,PJM Interconnection,US-MIDA-PJM,328.77,398.13,41.86,10.09,pjm.com,false,
2023-12-15 16:00:00,USA,PJM Interconnection,US-MIDA-PJM,330.99,400.82,41.39,9.01,pjm.com,false,
2023-12-15 17:00:00,USA,PJM Interconnection,US-MIDA-PJM,333.14,403.68,40.75,8.1,pjm.com,false,
2023-12-15 18:00:00,USA,PJM Interconnection,US-MIDA-PJM,338.35,409.82,39.81,7.25,pjm.com,false,
2023-12-15 19:00:00,USA,PJM Interconnection,US-MIDA-PJM,339.81,411.66,39.45,6.61,pjm.com,false,
2023-12-15 20:00:00,USA,PJM Interconnection,US-MIDA-PJM,342.74,415.33,38.66,5.47,pjm.com,false,
2023-12-15 21:00:00,USA,PJM Interconnection,US-MIDA-PJM,352.28,427.02,36.49,3.93,pjm.com,false,
2023-12-15 22:00:00,USA,PJM Interconnection,US-MIDA-PJM,350.33,424.92,36.81,5.38,pjm.com,false,
2023-12-15 23:00:00,USA,PJM Interconnection,US-MIDA-PJM,354.32,428.66,36.71,5.69,pjm.com,false,
2023-12-16 00:00:00,USA,PJM Interconnection,US-MIDA-PJM,349.67,422.83,37.65,6.42,pjm.com,false,
2023-12-16 01:00:00,USA,PJM Interconnection,US-MIDA-PJM,344.98,417.18,38.44,7.17,pjm.com,false,
2023-12-16 02:00:00,USA,PJM Interconnection,US-MIDA-PJM,341.17,412.58,39.2,7.38,pjm.com,false,
2023-12-16 03:00:00,USA,PJM Interconnection,US-MIDA-PJM,338.19,409.44,39.41,6.86,pjm.com,false,
2023-12-16 04:00:00,USA,PJM Interconnection,US-MIDA-PJM,329.55,399.83,40.57,6.97,pjm.com,false,
2023-12-16 05:00:00,USA,PJM Interconnection,US-MIDA-PJM,321.46,390.82,41.66,7.44,pjm.com,false,
2023-12-16 06:00:00,USA,PJM Interconnection,US-MIDA-PJM,319.92,388.82,42.09,7.45,pjm.com,false,
2023-12-16 07:00:00,USA,PJM Interconnection,US-MIDA-PJM,319.71,388.59,42.11,7.57,pjm.com,false,
2023-12-16 08:00:00,USA,PJM Interconnection,US-MIDA-PJM,321.2,390.37,41.82,7.35,pjm.com,false,
2023-12-16 09:00:00,USA,PJM Interconnection,US-MIDA-PJM,326.09,395.87,41.16,6.86,pjm.com,false,
2023-12-16 10:00:00,USA,PJM Interconnection,US-MIDA-PJM,331.62,402.14,40.37,6.46,pjm.com,false,
2023-12-16 11:00:00,USA,PJM Interconnection,US-MIDA-PJM,331.95,402.57,40.32,6.95,pjm.com,false,
2023-12-16 12:00:00,USA,PJM Interconnection,US-MIDA-PJM,332.81,403.24,40.47,7.8,pjm.com,false,
2023-12-16 13:00:00,USA,PJM Interconnection,US-MIDA-PJM,336.98,407.51,40.25,8.45,pjm.com,false,
2023-12-16 14:00:00,USA,PJM Interconnection,US-MIDA-PJM,323.57,391.98,42.42,10.0,pjm.com,false,
2023-12-16 15:00:00,USA,PJM Interconnection,US-MIDA-PJM,312.31,379.95,43.56,10.37,pjm.com,false,
2023-12-16 16:00:00,USA,PJM Interconnection,US-MIDA-PJM,309.79,377.37,43.71,10.02,pjm.com,false,
2023-12-16 17:00:00,USA,PJM Interconnection,US-MIDA-PJM,307.51,374.52,44.22,10.03,pjm.com,false,
2023-12-16 18:00:00,USA,PJM Interconnection,US-MIDA-PJM,304.6,371.32,44.56,10.08,pjm.com,false,
2023-12-16 19:00:00,USA,PJM Interconnection,US-MIDA-PJM,306.65,373.82,44.05,9.33,pjm.com,false,
2023-12-16 20:00:00,USA,PJM Interconnection,US-MIDA-PJM,314.68,383.37,42.43,7.59,pjm.com,false,
2023-12-16 21:00:00,USA,PJM Interconnection,US-MIDA-PJM,321.33,390.89,41.47,7.24,pjm.com,false,
2023-12-16 22:00:00,USA,PJM Interconnection,US-MIDA-PJM,332.82,403.54,40.06,7.15,pjm.com,false,
2023-12-16 23:00:00,USA,PJM Interconnection,US-MIDA-PJM,331.83,402.09,40.43,7.68,pjm.com,false,
2023-12-17 00:00:00,USA,PJM Interconnection,US-MIDA-PJM,326.21,395.62,41.29,8.14,pjm.com,false,
2023-12-17 01:00:00,USA,PJM Interconnection,US-MIDA-PJM,325.79,395.17,41.34,8.0,pjm.com,false,
2023-12-17 02:00:00,USA,PJM Interconnection,US-MIDA-PJM,323.57,392.79,41.55,7.57,pjm.com,false,
2023-12-17 03:00:00,USA,PJM Interconnection,US-MIDA-PJM,323.76,392.87,41.57,6.87,pjm.com,false,
2023-12-17 04:00:00,USA,PJM Interconnection,US-MIDA-PJM,323.55,392.39,41.77,6.24,pjm.com,false,
2023-12-17 05:00:00,USA,PJM Interconnection,US-MIDA-PJM,319.69,387.7,42.6,5.78,pjm.com,false,
2023-12-17 06:00:00,USA,PJM Interconnection,US-MIDA-PJM,315.75,382.74,43.56,5.95,pjm.com,false,
2023-12-17 07:00:00,USA,PJM Interconnection,US-MIDA-PJM,312.11,378.16,44.38,6.34,pjm.com,false,
2023-12-17 08:00:00,USA,PJM Interconnection,US-MIDA-PJM,311.35,376.93,44.76,6.39,pjm.com,false,
2023-12-17 09:00:00,USA,PJM Interconnection,US-MIDA-PJM,311.3,376.48,45.07,6.3,pjm.com,false,
2023-12-17 10:00:00,USA,PJM Interconnection,US-MIDA-PJM,311.54,376.94,44.9,6.42,pjm.com,false,
2023-12-17 11:00:00,USA,PJM Interconnection,US-MIDA-PJM,310.59,376.45,44.65,6.74,pjm.com,false,
2023-12-17 12:00:00,USA,PJM Interconnection,US-MIDA-PJM,310.95,377.31,44.27,6.77,pjm.com,false,
2023-12-17 13:00:00,USA,PJM Interconnection,US-MIDA-PJM,317.29,385.33,42.72,6.38,pjm.com,false,
2023-12-17 14:00:00,USA,PJM Interconnection,US-MIDA-PJM,325.66,394.94,41.35,6.19,pjm.com,false,
2023-12-17 15:00:00,USA,PJM Interconnection,US-MIDA-PJM,325.49,394.68,41.42,6.52,pjm.com,false,
2023-12-17 16:00:00,USA,PJM Interconnection,US-MIDA-PJM,326.64,395.99,41.24,6.35,pjm.com,false,
2023-12-17 17:00:00,USA,PJM Interconnection,US-MIDA-PJM,327.58,397.03,41.13,6.5,pjm.com,false,
2023-12-17 18:00:00,USA,PJM Interconnection,US-MIDA-PJM,325.48,394.77,41.44,6.68,pjm.com,false,
2023-12-17 19:00:00,USA,PJM Interconnection,US-MIDA-PJM,325.86,395.22,41.33,6.22,pjm.com,false,
2023-12-17 20:00:00,USA,PJM Interconnection,US-MIDA-PJM,323.74,392.81,41.65,6.29,pjm.com,false,
2023-12-17 21:00:00,USA,PJM Interconnection,US-MIDA-PJM,324.04,393.71,41.28,6.3,pjm.com,false,
2023-12-17 22:00:00,USA,PJM Interconnection,US-MIDA-PJM,325.67,395.46,41.21,7.39,pjm.com,false,
2023-12-17 23:00:00,USA,PJM Interconnection,US-MIDA-PJM,329.59,399.45,40.91,7.21,pjm.com,false,
2023-12-18 00:00:00,USA,PJM Interconnection,US-MIDA-PJM,324.33,393.62,41.56,7.73,pjm.com,false,
2023-12-18 01:00:00,USA,PJM Interconnection,US-MIDA-PJM,319.33,388.0,42.22,7.88,pjm.com,false,
2023-12-18 02:00:00,USA,PJM Interconnection,US-MIDA-PJM,317.43,385.78,42.49,7.17,pjm.com,false,
2023-12-18 03:00:00,USA,PJM Interconnection,US-MIDA-PJM,309.12,375.51,44.29,7.67,pjm.com,false,
2023-12-18 04:00:00,USA,PJM Interconnection,US-MIDA-PJM,302.72,367.74,45.62,8.03,pjm.com,false,
2023-12-18 05:00:00,USA,PJM Interconnection,US-MIDA-PJM,295.66,358.18,47.84,8.84,pjm.com,false,
2023-12-18 06:00:00,USA,PJM Interconnection,US-MIDA-PJM,287.77,347.81,50.05,10.33,pjm.com,false,
2023-12-18 07:00:00,USA,PJM Interconnection,US-MIDA-PJM,284.47,343.64,50.87,10.88,pjm.com,false,
2023-12-18 08:00:00,USA,PJM Interconnection,US-MIDA-PJM,283.21,341.97,51.24,11.13,pjm.com,false,
2023-12-18 09:00:00,USA,PJM Interconnection,US-MIDA-PJM,280.77,338.81,51.88,11.85,pjm.com,false,
2023-12-18 10:00:00,USA,PJM Interconnection,US-MIDA-PJM,283.87,343.32,50.69,11.93,pjm.com,false,
2023-12-18 11:00:00,USA,PJM Interconnection,US-MIDA-PJM,291.53,353.82,48.24,12.18,pjm.com,false,
2023-12-18 12:00:00,USA,PJM Interconnection,US-MIDA-PJM,305.21,370.1,45.63,11.86,pjm.com,false,
2023-12-18 13:00:00,USA,PJM Interconnection,US-MIDA-PJM,309.42,374.69,45.3,12.38,pjm.com,false,
2023-12-18 14:00:00,USA,PJM Interconnection,US-MIDA-PJM,304.68,368.91,46.5,13.52,pjm.com,false,
2023-12-18 15:00:00,USA,PJM Interconnection,US-MIDA-PJM,303.46,367.85,46.44,13.63,pjm.com,false,
2023-12-18 16:00:00,USA,PJM Interconnection,US-MIDA-PJM,301.1,365.16,46.72,14.03,pjm.com,false,
2023-12-18 17:00:00,USA,PJM Interconnection,US-MIDA-PJM,298.93,362.83,46.93,14.15,pjm.com,false,
2023-12-18 18:00:00,USA,PJM Interconnection,US-MIDA-PJM,296.4,360.06,47.28,14.4,pjm.com,false,
2023-12-18 19:00:00,USA,PJM Interconnection,US-MIDA-PJM,297.93,362.13,46.77,14.12,pjm.com,false,
2023-12-18 20:00:00,USA,PJM Interconnection,US-MIDA-PJM,304.58,370.34,45.18,13.15,pjm.com,false,
2023-12-18 21:00:00,USA,PJM Interconnection,US-MIDA-PJM,315.22,382.87,43.16,11.9,pjm.com,false,
2023-12-18 22:00:00,USA,PJM Interconnection,US-MIDA-PJM,323.46,392.28,41.94,12.01,pjm.com,false,
2023-12-18 23:00:00,USA,PJM Interconnection,US-MIDA-PJM,332.28,401.87,40.95,11.59,pjm.com,false,
2023-12-19 00:00:00,USA,PJM Interconnection,US-MIDA-PJM,338.13,408.32,40.24,10.94,pjm.com,false,
2023-12-19 01:00:00,USA,PJM Interconnection,US-MIDA-PJM,342.22,413.01,39.57,9.89,pjm.com,false,
2023-12-19 02:00:00,USA,PJM Interconnection,US-MIDA-PJM,348.49,419.75,38.85,8.58,pjm.com,false,
2023-12-19 03:00:00,USA,PJM Interconnection,US-MIDA-PJM,355.78,427.45,38.11,6.9,pjm.com,false,
2023-12-19 04:00:00,USA,PJM Interconnection,US-MIDA-PJM,350.69,421.56,38.97,6.54,pjm.com,false,
2023-12-19 05:00:00,USA,PJM Interconnection,US-MIDA-PJM,342.66,412.81,39.95,6.26,pjm.com,false,
2023-12-19 06:00:00,USA,PJM Interconnection,US-MIDA-PJM,340.93,411.14,40.01,5.83,pjm.com,false,
2023-12-19 07:00:00,USA,PJM Interconnection,US-MIDA-PJM,341.32,411.7,39.89,5.36,pjm.com,false,
2023-12-19 08:00:00,USA,PJM Interconnection,US-MIDA-PJM,344.2,415.3,39.2,4.85,pjm.com,false,
2023-12-19 09:00:00,USA,PJM Interconnection,US-MIDA-PJM,348.33,419.98,38.57,4.54,pjm.com,false,
2023-12-19 10:00:00,USA,PJM Interconnection,US-MIDA-PJM,351.01,423.61,37.75,4.47,pjm.com,false,
2023-12-19 11:00:00,USA,PJM Interconnection,US-MIDA-PJM,352.68,426.84,36.6,5.36,pjm.com,false,
2023-12-19 12:00:00,USA,PJM Interconnection,US-MIDA-PJM,358.69,433.47,35.87,6.21,pjm.com,false,
2023-12-19 13:00:00,USA,PJM Interconnection,US-MIDA-PJM,356.09,430.0,36.75,7.52,pjm.com,false,
2023-12-19 14:00:00,USA,PJM Interconnection,US-MIDA-PJM,349.74,422.79,37.79,7.82,pjm.com,false,
2023-12-19 15:00:00,USA,PJM Interconnection,US-MIDA-PJM,349.67,422.42,38.08,7.97,pjm.com,false,
2023-12-19 16:00:00,USA,PJM Interconnection,US-MIDA-PJM,350.78,423.23,38.22,7.92,pjm.com,false,
2023-12-19 17:00:00,USA,PJM Interconnection,US-MIDA-PJM,346.4,418.39,38.78,8.07,pjm.com,false,
2023-12-19 18:00:00,USA,PJM Interconnection,US-MIDA-PJM,344.87,416.67,39.0,8.3,pjm.com,false,
2023-12-19 19:00:00,USA,PJM Interconnection,US-MIDA-PJM,342.36,413.11,39.91,8.88,pjm.com,false,
2023-12-19 20:00:00,USA,PJM Interconnection,US-MIDA-PJM,340.92,412.08,39.62,8.36,pjm.com,false,
2023-12-19 21:00:00,USA,PJM Interconnection,US-MIDA-PJM,346.05,418.66,38.18,7.44,pjm.com,false,
2023-12-19 22:00:00,USA,PJM Interconnection,US-MIDA-PJM,343.61,416.69,37.98,8.74,pjm.com,false,
2023-12-19 23:00:00,USA,PJM Interconnection,US-MIDA-PJM,343.49,416.87,37.74,9.34,pjm.com,false,
2023-12-20 00:00:00,USA,PJM Interconnection,US-MIDA-PJM,340.7,413.39,38.38,9.86,pjm.com,false,
2023-12-20 01:00:00,USA,PJM Interconnection,US-MIDA-PJM,337.59,409.88,38.83,10.3,pjm.com,false,
2023-12-20 02:00:00,USA,PJM Interconnection,US-MIDA-PJM,337.51,409.2,39.22,10.0,pjm.com,false,
2023-12-20 03:00:00,USA,PJM Interconnection,US-MIDA-PJM,339.99,411.3,39.25,8.95,pjm.com,false,
2023-12-20 04:00:00,USA,PJM Interconnection,US-MIDA-PJM,339.74,410.04,40.01,8.77,pjm.com,false,
2023-12-20 05:00:00,USA,PJM Interconnection,US-MIDA-PJM,327.46,396.69,41.5,9.49,pjm.com,false,
2023-12-20 06:00:00,USA,PJM Interconnection,US-MIDA-PJM,323.81,392.77,41.86,9.43,pjm.com,false,
2023-12-20 07:00:00,USA,PJM Interconnection,US-MIDA-PJM,323.34,392.32,41.86,9.21,pjm.com,false,
2023-12-20 08:00:00,USA,PJM Interconnection,US-MIDA-PJM,326.85,396.31,41.33,8.84,pjm.com,false,
2023-12-20 09:00:00,USA,PJM Interconnection,US-MIDA-PJM,330.91,401.07,40.66,8.77,pjm.com,false,
2023-12-20 10:00:00,USA,PJM Interconnection,US-MIDA-PJM,334.68,406.26,39.48,8.73,pjm.com,false,
2023-12-20 11:00:00,USA,PJM Interconnection,US-MIDA-PJM,336.8,410.16,38.12,8.92,pjm.com,false,
2023-12-20 12:00:00,USA,PJM Interconnection,US-MIDA-PJM,343.18,418.36,36.54,8.82,pjm.com,false,
2023-12-20 13:00:00,USA,PJM Interconnection,US-MIDA-PJM,348.35,424.14,36.24,8.66,pjm.com,false,
2023-12-20 14:00:00,USA,PJM Interconnection,US-MIDA-PJM,347.24,421.54,37.39,8.73,pjm.com,false,
2023-12-20 15:00:00,USA,PJM Interconnection,US-MIDA-PJM,347.83,420.99,37.93,8.17,pjm.com,false,
2023-12-20 16:00:00,USA,PJM Interconnection,US-MIDA-PJM,345.69,418.44,38.31,7.72,pjm.com,false,
2023-12-20 17:00:00,USA,PJM Interconnection,US-MIDA-PJM,343.46,416.45,38.32,7.1,pjm.com,false,
2023-12-20 18:00:00,USA,PJM Interconnection,US-MIDA-PJM,343.92,416.82,38.38,6.63,pjm.com,false,
2023-12-20 19:00:00,USA,PJM Interconnection,US-MIDA-PJM,341.7,414.69,38.53,6.35,pjm.com,false,
2023-12-20 20:00:00,USA,PJM Interconnection,US-MIDA-PJM,341.91,415.5,37.92,5.61,pjm.com,false,
2023-12-20 21:00:00,USA,PJM Interconnection,US-MIDA-PJM,349.64,424.72,36.19,4.43,pjm.com,false,
2023-12-20 22:00:00,USA,PJM Interconnection,US-MIDA-PJM,350.99,426.64,35.72,5.33,pjm.com,false,
2023-12-20 23:00:00,USA,PJM Interconnection,US-MIDA-PJM,352.57,428.33,35.53,5.79,pjm.com,false,
2023-12-21 00:00:00,USA,PJM Interconnection,US-MIDA-PJM,353.1,428.72,35.57,5.54,pjm.com,false,
2023-12-21 01:00:00,USA,PJM Interconnection,US-MIDA-PJM,356.19,431.94,35.24,5.12,pjm.com,false,
2023-12-21 02:00:00,USA,PJM Interconnection,US-MIDA-PJM,358.85,434.62,35.07,4.45,pjm.com,false,
2023-12-21 03:00:00,USA,PJM Interconnection,US-MIDA-PJM,359.83,435.07,35.35,3.7,pjm.com,false,
2023-12-21 04:00:00,USA,PJM Interconnection,US-MIDA-PJM,357.52,431.58,36.35,3.72,pjm.com,false,
2023-12-21 05:00:00,USA,PJM Interconnection,US-MIDA-PJM,353.98,427.26,37.13,3.7,pjm.com,false,
2023-12-21 06:00:00,USA,PJM Interconnection,US-MIDA-PJM,349.9,422.75,37.67,3.73,pjm.com,false,
2023-12-21 07:00:00,USA,PJM Interconnection,US-MIDA-PJM,348.12,420.9,37.82,3.7,pjm.com,false,
2023-12-21 08:00:00,USA,PJM Interconnection,US-MIDA-PJM,350.04,423.03,37.59,3.7,pjm.com,false,
2023-12-21 09:00:00,USA,PJM Interconnection,US-MIDA-PJM,350.27,423.41,37.48,3.71,pjm.com,false,
2023-12-21 10:00:00,USA,PJM Interconnection,US-MIDA-PJM,350.81,424.92,36.76,3.87,pjm.com,false,
2023-12-21 11:00:00,USA,PJM Interconnection,US-MIDA-PJM,346.73,421.29,36.78,5.39,pjm.com,false,
2023-12-21 12:00:00,USA,PJM Interconnection,US-MIDA-PJM,349.78,425.3,35.98,6.35,pjm.com,false,
2023-12-21 13:00:00,USA,PJM Interconnection,US-MIDA-PJM,354.46,430.18,35.63,6.38,pjm.com,false,
2023-12-21 14:00:00,USA,PJM Interconnection,US-MIDA-PJM,354.8,430.19,35.83,5.8,pjm.com,false,
2023-12-21 15:00:00,USA,PJM Interconnection,US-MIDA-PJM,353.88,428.55,36.4,5.49,pjm.com,false,
2023-12-21 16:00:00,USA,PJM Interconnection,US-MIDA-PJM,351.57,425.52,37.06,5.29,pjm.com,false,
2023-12-21 17:00:00,USA,PJM Interconnection,US-MIDA-PJM,347.64,421.57,37.37,5.1,pjm.com,false,
2023-12-21 18:00:00,USA,PJM Interconnection,US-MIDA-PJM,350.19,424.21,37.12,4.94,pjm.com,false,
2023-12-21 19:00:00,USA,PJM Interconnection,US-MIDA-PJM,353.06,427.29,36.74,4.59,pjm.com,false,
2023-12-21 20:00:00,USA,PJM Interconnection,US-MIDA-PJM,353.13,427.47,36.55,3.97,pjm.com,false,
2023-12-21 21:00:00,USA,PJM Interconnection,US-MIDA-PJM,352.34,426.74,36.48,4.16,pjm.com,false,
2023-12-21 22:00:00,USA,PJM Interconnection,US-MIDA-PJM,347.76,422.41,36.59,5.53,pjm.com,false,
2023-12-21 23:00:00,USA,PJM Interconnection,US-MIDA-PJM,349.48,424.81,35.91,5.26,pjm.com,false,
2023-12-22 00:00:00,USA,PJM Interconnection,US-MIDA-PJM,348.38,423.63,36.0,5.18,pjm.com,false,
2023-12-22 01:00:00,USA,PJM Interconnection,US-MIDA-PJM,346.3,421.6,36.06,5.14,pjm.com,false,
2023-12-22 02:00:00,USA,PJM Interconnection,US-MIDA-PJM,347.06,421.98,36.25,4.66,pjm.com,false,
2023-12-22 03:00:00,USA,PJM Interconnection,US-MIDA-PJM,346.05,420.49,36.63,4.22,pjm.com,false,
2023-12-22 04:00:00,USA,PJM Interconnection,US-MIDA-PJM,341.21,414.68,37.62,4.18,pjm.com,false,
2023-12-22 05:00:00,USA,PJM Interconnection,US-MIDA-PJM,338.46,411.22,38.3,3.73,pjm.com,false,
2023-12-22 06:00:00,USA,PJM Interconnection,US-MIDA-PJM,336.49,408.63,38.88,3.63,pjm.com,false,
2023-12-22 07:00:00,USA,PJM Interconnection,US-MIDA-PJM,334.62,406.61,39.1,3.4,pjm.com,false,
2023-12-22 08:00:00,USA,PJM Interconnection,US-MIDA-PJM,334.1,406.29,38.98,3.42,pjm.com,false,
2023-12-22 09:00:00,USA,PJM Interconnection,US-MIDA-PJM,336.56,409.11,38.58,3.38,pjm.com,false,
2023-12-22 10:00:00,USA,PJM Interconnection,US-MIDA-PJM,338.62,411.48,38.28,3.72,pjm.com,false,
2023-12-22 11:00:00,USA,PJM Interconnection,US-MIDA-PJM,331.84,404.5,38.94,5.89,pjm.com,false,
2023-12-22 12:00:00,USA,PJM Interconnection,US-MIDA-PJM,333.47,406.75,38.47,6.97,pjm.com,false,
2023-12-22 13:00:00,USA,PJM Interconnection,US-MIDA-PJM,339.55,413.31,37.8,6.75,pjm.com,false,
2023-12-22 14:00:00,USA,PJM Interconnection,US-MIDA-PJM,345.8,419.82,37.24,6.17,pjm.com,false,
2023-12-22 15:00:00,USA,PJM Interconnection,US-MIDA-PJM,348.9,422.86,37.12,5.45,pjm.com,false,
2023-12-22 16:00:00,USA,PJM Interconnection,US-MIDA-PJM,345.44,419.21,37.53,5.11,pjm.com,false,
2023-12-22 17:00:00,USA,PJM Interconnection,US-MIDA-PJM,340.61,413.99,38.18,5.08,pjm.com,false,
2023-12-22 18:00:00,USA,PJM Interconnection,US-MIDA-PJM,337.82,411.08,38.44,4.98,pjm.com,false,
2023-12-22 19:00:00,USA,PJM Interconnection,US-MIDA-PJM,334.35,407.08,38.85,4.92,pjm.com,false,
2023-12-22 20:00:00,USA,PJM Interconnection,US-MIDA-PJM,334.76,407.37,38.77,4.73,pjm.com,false,
2023-12-22 21:00:00,USA,PJM Interconnection,US-MIDA-PJM,338.39,411.54,38.1,4.6,pjm.com,false,
2023-12-22 22:00:00,USA,PJM Interconnection,US-MIDA-PJM,338.3,411.65,38.0,5.93,pjm.com,false,
2023-12-22 23:00:00,USA,PJM Interconnection,US-MIDA-PJM,336.73,409.75,38.26,6.04,pjm.com,false,
2023-12-23 00:00:00,USA,PJM Interconnection,US-MIDA-PJM,333.86,406.32,38.79,6.12,pjm.com,false,
2023-12-23 01:00:00,USA,PJM Interconnection,US-MIDA-PJM,330.9,403.09,39.15,6.29,pjm.com,false,
2023-12-23 02:00:00,USA,PJM Interconnection,US-MIDA-PJM,327.63,399.51,39.54,6.33,pjm.com,false,
2023-12-23 03:00:00,USA,PJM Interconnection,US-MIDA-PJM,325.64,397.1,39.89,5.61,pjm.com,false,
2023-12-23 04:00:00,USA,PJM Interconnection,US-MIDA-PJM,324.02,394.73,40.54,5.53,pjm.com,false,
2023-12-23 05:00:00,USA,PJM Interconnection,US-MIDA-PJM,320.74,390.54,41.61,5.61,pjm.com,false,
2023-12-23 06:00:00,USA,PJM Interconnection,US-MIDA-PJM,316.27,385.6,41.98,5.41,pjm.com,false,
2023-12-23 07:00:00,USA,PJM Interconnection,US-MIDA-PJM,314.33,383.23,42.41,5.38,pjm.com,false,
2023-12-23 08:00:00,USA,PJM Interconnection,US-MIDA-PJM,316.37,385.5,42.14,5.11,pjm.com,false,
2023-12-23 09:00:00,USA,PJM Interconnection,US-MIDA-PJM,317.56,386.64,42.12,4.92,pjm.com,false,
2023-12-23 10:00:00,USA,PJM Interconnection,US-MIDA-PJM,319.22,388.82,41.65,4.62,pjm.com,false,
2023-12-23 11:00:00,USA,PJM Interconnection,US-MIDA-PJM,323.69,394.08,40.83,4.43,pjm.com,false,
2023-12-23 12:00:00,USA,PJM Interconnection,US-MIDA-PJM,325.14,395.86,40.59,5.2,pjm.com,false,
2023-12-23 13:00:00,USA,PJM Interconnection,US-MIDA-PJM,323.36,393.9,40.97,6.53,pjm.com,false,
2023-12-23 14:00:00,USA,PJM Interconnection,US-MIDA-PJM,326.24,397.07,40.64,6.51,pjm.com,false,
2023-12-23 15:00:00,USA,PJM Interconnection,US-MIDA-PJM,326.63,397.57,40.5,6.0,pjm.com,false,
2023-12-23 16:00:00,USA,PJM Interconnection,US-MIDA-PJM,321.23,391.81,41.09,6.32,pjm.com,false,
2023-12-23 17:00:00,USA,PJM Interconnection,US-MIDA-PJM,319.65,390.23,41.18,6.0,pjm.com,false,
2023-12-23 18:00:00,USA,PJM Interconnection,US-MIDA-PJM,320.56,391.43,40.89,5.44,pjm.com,false,
2023-12-23 19:00:00,USA,PJM Interconnection,US-MIDA-PJM,323.08,394.39,40.4,4.74,pjm.com,false,
2023-12-23 20:00:00,USA,PJM Interconnection,US-MIDA-PJM,324.94,396.61,39.99,4.26,pjm.com,false,
2023-12-23 21:00:00,USA,PJM Interconnection,US-MIDA-PJM,324.48,396.27,39.91,4.45,pjm.com,false,
2023-12-23 22:00:00,USA,PJM Interconnection,US-MIDA-PJM,324.44,396.44,39.82,5.68,pjm.com,false,
2023-12-23 23:00:00,USA,PJM Interconnection,US-MIDA-PJM,327.21,399.42,39.48,5.4,pjm.com,false,
2023-12-24 00:00:00,USA,PJM Interconnection,US-MIDA-PJM,330.63,403.06,39.06,4.62,pjm.com,false,
2023-12-24 01:00:00,USA,PJM Interconnection,US-MIDA-PJM,330.24,402.43,39.24,4.59,pjm.com,false,
2023-12-24 02:00:00,USA,PJM Interconnection,US-MIDA-PJM,328.87,400.89,39.4,4.02,pjm.com,false,
2023-12-24 03:00:00,USA,PJM Interconnection,US-MIDA-PJM,327.08,398.68,39.77,3.75,pjm.com,false,
2023-12-24 04:00:00,USA,PJM Interconnection,US-MIDA-PJM,324.64,395.47,40.47,3.89,pjm.com,false,
2023-12-24 05:00:00,USA,PJM Interconnection,US-MIDA-PJM,318.48,388.14,41.67,3.8,pjm.com,false,
2023-12-24 06:00:00,USA,PJM Interconnection,US-MIDA-PJM,313.13,381.9,42.62,3.76,pjm.com,false,
2023-12-24 07:00:00,USA,PJM Interconnection,US-MIDA-PJM,312.97,381.9,42.51,3.68,pjm.com,false,
2023-12-24 08:00:00,USA,PJM Interconnection,US-MIDA-PJM,312.64,381.47,42.61,3.57,pjm.com,false,
2023-12-24 09:00:00,USA,PJM Interconnection,US-MIDA-PJM,311.32,379.6,43.09,3.73,pjm.com,false,
2023-12-24 10:00:00,USA,PJM Interconnection,US-MIDA-PJM,310.62,378.97,43.08,4.11,pjm.com,false,
2023-12-24 11:00:00,USA,PJM Interconnection,US-MIDA-PJM,311.35,380.43,42.5,4.27,pjm.com,false,
2023-12-24 12:00:00,USA,PJM Interconnection,US-MIDA-PJM,310.7,380.14,42.28,4.65,pjm.com,false,
2023-12-24 13:00:00,USA,PJM Interconnection,US-MIDA-PJM,307.96,377.38,42.52,5.75,pjm.com,false,
2023-12-24 14:00:00,USA,PJM Interconnection,US-MIDA-PJM,305.09,374.02,43.16,7.06,pjm.com,false,
2023-12-24 15:00:00,USA,PJM Interconnection,US-MIDA-PJM,303.98,372.57,43.49,7.39,pjm.com,false,
2023-12-24 16:00:00,USA,PJM Interconnection,US-MIDA-PJM,301.68,369.77,44.01,7.82,pjm.com,false,
2023-12-24 17:00:00,USA,PJM Interconnection,US-MIDA-PJM,298.94,366.33,44.68,8.24,pjm.com,false,
2023-12-24 18:00:00,USA,PJM Interconnection,US-MIDA-PJM,298.26,365.81,44.58,8.01,pjm.com,false,
2023-12-24 19:00:00,USA,PJM Interconnection,US-MIDA-PJM,294.19,361.04,45.33,7.75,pjm.com,false,
2023-12-24 20:00:00,USA,PJM Interconnection,US-MIDA-PJM,292.82,359.57,45.41,7.66,pjm.com,false,
2023-12-24 21:00:00,USA,PJM Interconnection,US-MIDA-PJM,293.97,361.21,44.87,7.43,pjm.com,false,
2023-12-24 22:00:00,USA,PJM Interconnection,US-MIDA-PJM,290.12,356.89,45.5,9.55,pjm.com,false,
2023-12-24 23:00:00,USA,PJM Interconnection,US-MIDA-PJM,285.19,350.94,46.46,10.28,pjm.com,false,
2023-12-25 00:00:00,USA,PJM Interconnection,US-MIDA-PJM,280.38,344.88,47.59,10.91,pjm.com,false,
2023-12-25 01:00:00,USA,PJM Interconnection,US-MIDA-PJM,279.52,343.85,47.72,10.98,pjm.com,false,
2023-12-25 02:00:00,USA,PJM Interconnection,US-MIDA-PJM,285.25,350.86,46.35,9.56,pjm.com,false,
2023-12-25 03:00:00,USA,PJM Interconnection,US-MIDA-PJM,285.03,350.19,46.66,9.21,pjm.com,false,
2023-12-25 04:00:00,USA,PJM Interconnection,US-MIDA-PJM,283.34,347.66,47.38,9.34,pjm.com,false,
2023-12-25 05:00:00,USA,PJM Interconnection,US-MIDA-PJM,282.86,346.62,47.78,9.18,pjm.com,false,
2023-12-25 06:00:00,USA,PJM Interconnection,US-MIDA-PJM,281.72,345.02,48.16,9.0,pjm.com,false,
2023-12-25 07:00:00,USA,PJM Interconnection,US-MIDA-PJM,281.54,344.33,48.56,8.75,pjm.com,false,
2023-12-25 08:00:00,USA,PJM Interconnection,US-MIDA-PJM,280.36,342.62,49.02,9.14,pjm.com,false,
2023-12-25 09:00:00,USA,PJM Interconnection,US-MIDA-PJM,282.15,345.02,48.48,8.62,pjm.com,false,
2023-12-25 10:00:00,USA,PJM Interconnection,US-MIDA-PJM,281.85,344.76,48.47,8.86,pjm.com,false,
2023-12-25 11:00:00,USA,PJM Interconnection,US-MIDA-PJM,281.64,344.96,48.18,9.27,pjm.com,false,
2023-12-25 12:00:00,USA,PJM Interconnection,US-MIDA-PJM,281.97,345.94,47.71,9.84,pjm.com,false,
2023-12-25 13:00:00,USA,PJM Interconnection,US-MIDA-PJM,280.59,344.56,47.83,10.7,pjm.com,false,
2023-12-25 14:00:00,USA,PJM Interconnection,US-MIDA-PJM,276.29,339.2,48.97,12.23,pjm.com,false,
2023-12-25 15:00:00,USA,PJM Interconnection,US-MIDA-PJM,274.15,336.47,49.6,12.99,pjm.com,false,
2023-12-25 16:00:00,USA,PJM Interconnection,US-MIDA-PJM,272.35,334.15,50.1,13.29,pjm.com,false,
2023-12-25 17:00:00,USA,PJM Interconnection,US-MIDA-PJM,271.08,332.37,50.54,13.38,pjm.com,false,
2023-12-25 18:00:00,USA,PJM Interconnection,US-MIDA-PJM,271.23,332.47,50.52,13.2,pjm.com,false,
2023-12-25 19:00:00,USA,PJM Interconnection,US-MIDA-PJM,270.52,331.33,50.77,12.88,pjm.com,false,
2023-12-25 20:00:00,USA,PJM Interconnection,US-MIDA-PJM,271.21,332.37,50.39,12.48,pjm.com,false,
2023-12-25 21:00:00,USA,PJM Interconnection,US-MIDA-PJM,270.31,331.94,50.1,12.47,pjm.com,false,
2023-12-25 22:00:00,USA,PJM Interconnection,US-MIDA-PJM,268.35,330.05,50.24,13.55,pjm.com,false,
2023-12-25 23:00:00,USA,PJM Interconnection,US-MIDA-PJM,267.48,328.59,50.74,13.92,pjm.com,false,
2023-12-26 00:00:00,USA,PJM Interconnection,US-MIDA-PJM,269.53,330.9,50.37,13.46,pjm.com,false,
2023-12-26 01:00:00,USA,PJM Interconnection,US-MIDA-PJM,272.4,334.42,49.7,13.01,pjm.com,false,
2023-12-26 02:00:00,USA,PJM Interconnection,US-MIDA-PJM,274.76,336.99,49.37,12.36,pjm.com,false,
2023-12-26 03:00:00,USA,PJM Interconnection,US-MIDA-PJM,276.59,338.88,49.18,11.55,pjm.com,false,
2023-12-26 04:00:00,USA,PJM Interconnection,US-MIDA-PJM,275.89,337.51,49.7,10.9,pjm.com,false,
2023-12-26 05:00:00,USA,PJM Interconnection,US-MIDA-PJM,276.82,338.0,49.98,9.86,pjm.com,false,
2023-12-26 06:00:00,USA,PJM Interconnection,US-MIDA-PJM,278.25,339.34,50.0,9.07,pjm.com,false,
2023-12-26 07:00:00,USA,PJM Interconnection,US-MIDA-PJM,280.99,342.39,49.63,7.77,pjm.com,false,
2023-12-26 08:00:00,USA,PJM Interconnection,US-MIDA-PJM,284.83,347.18,48.75,6.81,pjm.com,false,
2023-12-26 09:00:00,USA,PJM Interconnection,US-MIDA-PJM,287.93,351.1,47.99,6.19,pjm.com,false,
2023-12-26 10:00:00,USA,PJM Interconnection,US-MIDA-PJM,291.98,356.49,46.8,5.5,pjm.com,false,
2023-12-26 11:00:00,USA,PJM Interconnection,US-MIDA-PJM,297.52,364.64,44.59,5.02,pjm.com,false,
2023-12-26 12:00:00,USA,PJM Interconnection,US-MIDA-PJM,300.93,369.8,43.12,5.07,pjm.com,false,
2023-12-26 13:00:00,USA,PJM Interconnection,US-MIDA-PJM,305.69,376.0,41.81,5.13,pjm.com,false,
2023-12-26 14:00:00,USA,PJM Interconnection,US-MIDA-PJM,309.63,380.93,40.9,5.13,pjm.com,false,
2023-12-26 15:00:00,USA,PJM Interconnection,US-MIDA-PJM,311.08,382.67,40.64,5.16,pjm.com,false,
2023-12-26 16:00:00,USA,PJM Interconnection,US-MIDA-PJM,310.33,381.56,40.98,5.91,pjm.com,false,
2023-12-26 17:00:00,USA,PJM Interconnection,US-MIDA-PJM,305.58,375.81,42.01,6.88,pjm.com,false,
2023-12-26 18:00:00,USA,PJM Interconnection,US-MIDA-PJM,303.91,373.94,42.23,7.25,pjm.com,false,
2023-12-26 19:00:00,USA,PJM Interconnection,US-MIDA-PJM,308.7,379.35,41.46,6.4,pjm.com,false,
2023-12-26 20:00:00,USA,PJM Interconnection,US-MIDA-PJM,309.56,380.06,41.51,6.08,pjm.com,false,
2023-12-26 21:00:00,USA,PJM Interconnection,US-MIDA-PJM,310.09,380.79,41.4,6.46,pjm.com,false,
2023-12-26 22:00:00,USA,PJM Interconnection,US-MIDA-PJM,311.61,382.63,41.2,7.42,pjm.com,false,
2023-12-26 23:00:00,USA,PJM Interconnection,US-MIDA-PJM,316.44,387.89,40.65,7.07,pjm.com,false,
2023-12-27 00:00:00,USA,PJM Interconnection,US-MIDA-PJM,316.57,387.75,40.77,6.83,pjm.com,false,
2023-12-27 01:00:00,USA,PJM Interconnection,US-MIDA-PJM,315.4,386.33,40.96,6.37,pjm.com,false,
2023-12-27 02:00:00,USA,PJM Interconnection,US-MIDA-PJM,317.42,388.77,40.45,5.21,pjm.com,false,
2023-12-27 03:00:00,USA,PJM Interconnection,US-MIDA-PJM,317.49,388.49,40.64,4.62,pjm.com,false,
2023-12-27 04:00:00,USA,PJM Interconnection,US-MIDA-PJM,317.48,388.12,40.89,4.48,pjm.com,false,
2023-12-27 05:00:00,USA,PJM Interconnection,US-MIDA-PJM,316.18,385.83,41.68,4.46,pjm.com,false,
2023-12-27 06:00:00,USA,PJM Interconnection,US-MIDA-PJM,314.6,383.79,42.11,4.46,pjm.com,false,
2023-12-27 07:00:00,USA,PJM Interconnection,US-MIDA-PJM,313.14,381.88,42.53,4.49,pjm.com,false,
2023-12-27 08:00:00,USA,PJM Interconnection,US-MIDA-PJM,312.46,380.94,42.76,4.65,pjm.com,false,
2023-12-27 09:00:00,USA,PJM Interconnection,US-MIDA-PJM,312.54,381.53,42.37,4.83,pjm.com,false,
2023-12-27 10:00:00,USA,PJM Interconnection,US-MIDA-PJM,310.46,379.56,42.41,5.23,pjm.com,false,
2023-12-27 11:00:00,USA,PJM Interconnection,US-MIDA-PJM,306.84,376.14,42.5,6.65,pjm.com,false,
2023-12-27 12:00:00,USA,PJM Interconnection,US-MIDA-PJM,308.31,378.69,41.62,7.27,pjm.com,false,
2023-12-27 13:00:00,USA,PJM Interconnection,US-MIDA-PJM,310.51,381.25,41.26,7.82,pjm.com,false,
2023-12-27 14:00:00,USA,PJM Interconnection,US-MIDA-PJM,310.86,381.89,41.08,8.04,pjm.com,false,
2023-12-27 15:00:00,USA,PJM Interconnection,US-MIDA-PJM,315.19,386.68,40.55,7.74,pjm.com,false,
2023-12-27 16:00:00,USA,PJM Interconnection,US-MIDA-PJM,320.14,391.93,40.08,7.19,pjm.com,false,
2023-12-27 17:00:00,USA,PJM Interconnection,US-MIDA-PJM,321.97,393.77,39.97,6.91,pjm.com,false,
2023-12-27 18:00:00,USA,PJM Interconnection,US-MIDA-PJM,322.07,393.46,40.23,6.86,pjm.com,false,
2023-12-27 19:00:00,USA,PJM Interconnection,US-MIDA-PJM,320.83,391.91,40.52,6.67,pjm.com,false,
2023-12-27 20:00:00,USA,PJM Interconnection,US-MIDA-PJM,316.8,387.46,41.04,6.97,pjm.com,false,
2023-12-27 21:00:00,USA,PJM Interconnection,US-MIDA-PJM,314.17,384.78,41.28,7.79,pjm.com,false,
2023-12-27 22:00:00,USA,PJM Interconnection,US-MIDA-PJM,310.54,380.65,41.94,9.5,pjm.com,false,
2023-12-27 23:00:00,USA,PJM Interconnection,US-MIDA-PJM,312.93,383.28,41.62,9.55,pjm.com,false,
2023-12-28 00:00:00,USA,PJM Interconnection,US-MIDA-PJM,314.28,384.85,41.34,8.61,pjm.com,false,
2023-12-28 01:00:00,USA,PJM Interconnection,US-MIDA-PJM,315.47,386.35,40.97,7.71,pjm.com,false,
2023-12-28 02:00:00,USA,PJM Interconnection,US-MIDA-PJM,316.13,387.07,40.82,6.7,pjm.com,false,
2023-12-28 03:00:00,USA,PJM Interconnection,US-MIDA-PJM,317.76,388.89,40.53,5.58,pjm.com,false,
2023-12-28 04:00:00,USA,PJM Interconnection,US-MIDA-PJM,317.12,387.46,41.13,5.4,pjm.com,false,
2023-12-28 05:00:00,USA,PJM Interconnection,US-MIDA-PJM,317.88,387.49,41.62,5.07,pjm.com,false,
2023-12-28 06:00:00,USA,PJM Interconnection,US-MIDA-PJM,317.21,386.5,41.88,5.08,pjm.com,false,
2023-12-28 07:00:00,USA,PJM Interconnection,US-MIDA-PJM,315.04,383.16,42.86,5.5,pjm.com,false,
2023-12-28 08:00:00,USA,PJM Interconnection,US-MIDA-PJM,315.93,383.86,42.95,5.53,pjm.com,false,
2023-12-28 09:00:00,USA,PJM Interconnection,US-MIDA-PJM,319.95,388.78,42.08,5.19,pjm.com,false,
2023-12-28 10:00:00,USA,PJM Interconnection,US-MIDA-PJM,322.24,391.86,41.41,4.69,pjm.com,false,
2023-12-28 11:00:00,USA,PJM Interconnection,US-MIDA-PJM,321.74,391.97,41.05,5.27,pjm.com,false,
2023-12-28 12:00:00,USA,PJM Interconnection,US-MIDA-PJM,322.62,393.64,40.5,6.02,pjm.com,false,
2023-12-28 13:00:00,USA,PJM Interconnection,US-MIDA-PJM,322.96,394.29,40.26,6.47,pjm.com,false,
2023-12-28 14:00:00,USA,PJM Interconnection,US-MIDA-PJM,322.21,393.63,40.26,6.83,pjm.com,false,
2023-12-28 15:00:00,USA,PJM Interconnection,US-MIDA-PJM,327.91,399.48,39.87,6.68,pjm.com,false,
2023-12-28 16:00:00,USA,PJM Interconnection,US-MIDA-PJM,329.26,400.95,39.66,6.27,pjm.com,false,
2023-12-28 17:00:00,USA,PJM Interconnection,US-MIDA-PJM,323.71,394.39,40.7,6.78,pjm.com,false,
2023-12-28 18:00:00,USA,PJM Interconnection,US-MIDA-PJM,320.8,391.08,41.13,7.0,pjm.com,false,
2023-12-28 19:00:00,USA,PJM Interconnection,US-MIDA-PJM,319.12,389.08,41.44,7.22,pjm.com,false,
2023-12-28 20:00:00,USA,PJM Interconnection,US-MIDA-PJM,318.04,387.88,41.58,7.2,pjm.com,false,
2023-12-28 21:00:00,USA,PJM Interconnection,US-MIDA-PJM,315.19,384.81,41.95,7.99,pjm.com,false,
2023-12-28 22:00:00,USA,PJM Interconnection,US-MIDA-PJM,315.35,384.9,42.11,9.57,pjm.com,false,
2023-12-28 23:00:00,USA,PJM Interconnection,US-MIDA-PJM,318.14,387.76,41.86,9.4,pjm.com,false,
2023-12-29 00:00:00,USA,PJM Interconnection,US-MIDA-PJM,321.96,391.8,41.43,8.7,pjm.com,false,
2023-12-29 01:00:00,USA,PJM Interconnection,US-MIDA-PJM,324.05,393.99,41.19,8.02,pjm.com,false,
2023-12-29 02:00:00,USA,PJM Interconnection,US-MIDA-PJM,323.62,393.79,40.96,7.05,pjm.com,false,
2023-12-29 03:00:00,USA,PJM Interconnection,US-MIDA-PJM,325.35,395.67,40.7,5.93,pjm.com,false,
2023-12-29 04:00:00,USA,PJM Interconnection,US-MIDA-PJM,321.79,391.73,41.17,5.58,pjm.com,false,
2023-12-29 05:00:00,USA,PJM Interconnection,US-MIDA-PJM,319.89,389.12,41.79,5.51,pjm.com,false,
2023-12-29 06:00:00,USA,PJM Interconnection,US-MIDA-PJM,315.01,383.26,42.77,5.61,pjm.com,false,
2023-12-29 07:00:00,USA,PJM Interconnection,US-MIDA-PJM,312.65,380.33,43.32,5.48,pjm.com,false,
2023-12-29 08:00:00,USA,PJM Interconnection,US-MIDA-PJM,312.98,380.69,43.28,5.25,pjm.com,false,
2023-12-29 09:00:00,USA,PJM Interconnection,US-MIDA-PJM,315.6,383.66,42.9,5.16,pjm.com,false,
2023-12-29 10:00:00,USA,PJM Interconnection,US-MIDA-PJM,316.1,384.48,42.64,5.32,pjm.com,false,
2023-12-29 11:00:00,USA,PJM Interconnection,US-MIDA-PJM,316.48,385.52,42.17,5.63,pjm.com,false,
2023-12-29 12:00:00,USA,PJM Interconnection,US-MIDA-PJM,315.27,384.17,42.51,7.41,pjm.com,false,
2023-12-29 13:00:00,USA,PJM Interconnection,US-MIDA-PJM,318.86,387.9,42.3,7.87,pjm.com,false,
2023-12-29 14:00:00,USA,PJM Interconnection,US-MIDA-PJM,320.72,389.94,42.11,7.62,pjm.com,false,
2023-12-29 15:00:00,USA,PJM Interconnection,US-MIDA-PJM,322.62,392.19,41.74,6.79,pjm.com,false,
2023-12-29 16:00:00,USA,PJM Interconnection,US-MIDA-PJM,319.33,388.34,42.38,7.17,pjm.com,false,
2023-12-29 17:00:00,USA,PJM Interconnection,US-MIDA-PJM,320.17,389.13,42.35,7.27,pjm.com,false,
2023-12-29 18:00:00,USA,PJM Interconnection,US-MIDA-PJM,320.06,389.07,42.29,7.14,pjm.com,false,
2023-12-29 19:00:00,USA,PJM Interconnection,US-MIDA-PJM,325.96,395.79,41.3,6.22,pjm.com,false,
2023-12-29 20:00:00,USA,PJM Interconnection,US-MIDA-PJM,332.38,402.59,40.6,5.53,pjm.com,false,
2023-12-29 21:00:00,USA,PJM Interconnection,US-MIDA-PJM,333.73,404.16,40.4,6.06,pjm.com,false,
2023-12-29 22:00:00,USA,PJM Interconnection,US-MIDA-PJM,330.95,401.53,40.55,7.52,pjm.com,false,
2023-12-29 23:00:00,USA,PJM Interconnection,US-MIDA-PJM,329.05,399.36,40.86,8.02,pjm.com,false,
2023-12-30 00:00:00,USA,PJM Interconnection,US-MIDA-PJM,332.25,402.48,40.65,7.41,pjm.com,false,
2023-12-30 01:00:00,USA,PJM Interconnection,US-MIDA-PJM,335.49,405.73,40.41,6.57,pjm.com,false,
2023-12-30 02:00:00,USA,PJM Interconnection,US-MIDA-PJM,333.53,403.54,40.63,6.07,pjm.com,false,
2023-12-30 03:00:00,USA,PJM Interconnection,US-MIDA-PJM,329.56,399.4,40.89,5.45,pjm.com,false,
2023-12-30 04:00:00,USA,PJM Interconnection,US-MIDA-PJM,327.62,397.17,41.2,5.08,pjm.com,false,
2023-12-30 05:00:00,USA,PJM Interconnection,US-MIDA-PJM,321.98,390.93,41.95,5.05,pjm.com,false,
2023-12-30 06:00:00,USA,PJM Interconnection,US-MIDA-PJM,319.88,388.78,42.1,4.68,pjm.com,false,
2023-12-30 07:00:00,USA,PJM Interconnection,US-MIDA-PJM,322.35,391.67,41.67,4.23,pjm.com,false,
2023-12-30 08:00:00,USA,PJM Interconnection,US-MIDA-PJM,322.91,392.24,41.64,4.1,pjm.com,false,
2023-12-30 09:00:00,USA,PJM Interconnection,US-MIDA-PJM,324.49,393.94,41.49,3.92,pjm.com,false,
2023-12-30 10:00:00,USA,PJM Interconnection,US-MIDA-PJM,326.8,396.75,40.98,3.75,pjm.com,false,
2023-12-30 11:00:00,USA,PJM Interconnection,US-MIDA-PJM,325.95,396.13,40.87,3.92,pjm.com,false,
2023-12-30 12:00:00,USA,PJM Interconnection,US-MIDA-PJM,329.88,400.3,40.49,4.43,pjm.com,false,
2023-12-30 13:00:00,USA,PJM Interconnection,US-MIDA-PJM,329.19,399.28,40.87,5.54,pjm.com,false,
2023-12-30 14:00:00,USA,PJM Interconnection,US-MIDA-PJM,321.79,391.11,41.97,6.9,pjm.com,false,
2023-12-30 15:00:00,USA,PJM Interconnection,US-MIDA-PJM,322.99,392.56,41.7,6.79,pjm.com,false,
2023-12-30 16:00:00,USA,PJM Interconnection,US-MIDA-PJM,320.98,390.2,42.07,7.3,pjm.com,false,
2023-12-30 17:00:00,USA,PJM Interconnection,US-MIDA-PJM,318.28,386.89,42.66,7.78,pjm.com,false,
2023-12-30 18:00:00,USA,PJM Interconnection,US-MIDA-PJM,316.1,384.48,42.9,7.71,pjm.com,false,
2023-12-30 19:00:00,USA,PJM Interconnection,US-MIDA-PJM,312.89,381.04,43.23,7.63,pjm.com,false,
2023-12-30 20:00:00,USA,PJM Interconnection,US-MIDA-PJM,309.71,377.33,43.78,7.85,pjm.com,false,
2023-12-30 21:00:00,USA,PJM Interconnection,US-MIDA-PJM,313.83,382.2,42.99,7.65,pjm.com,false,
2023-12-30 22:00:00,USA,PJM Interconnection,US-MIDA-PJM,318.3,387.13,42.47,8.69,pjm.com,false,
2023-12-30 23:00:00,USA,PJM Interconnection,US-MIDA-PJM,327.15,396.36,41.67,8.41,pjm.com,false,
2023-12-31 00:00:00,USA,PJM Interconnection,US-MIDA-PJM,328.68,397.75,41.61,8.07,pjm.com,false,
2023-12-31 01:00:00,USA,PJM Interconnection,US-MIDA-PJM,324.58,393.52,41.91,8.05,pjm.com,false,
2023-12-31 02:00:00,USA,PJM Interconnection,US-MIDA-PJM,327.44,396.97,41.28,7.1,pjm.com,false,
2023-12-31 03:00:00,USA,PJM Interconnection,US-MIDA-PJM,326.84,396.34,41.27,6.27,pjm.com,false,
2023-12-31 04:00:00,USA,PJM Interconnection,US-MIDA-PJM,323.24,392.47,41.67,6.07,pjm.com,false,
2023-12-31 05:00:00,USA,PJM Interconnection,US-MIDA-PJM,320.26,388.85,42.31,6.02,pjm.com,false,
2023-12-31 06:00:00,USA,PJM Interconnection,US-MIDA-PJM,316.28,384.47,42.81,5.61,pjm.com,false,
2023-12-31 07:00:00,USA,PJM Interconnection,US-MIDA-PJM,316.19,384.58,42.67,5.34,pjm.com,false,
2023-12-31 08:00:00,USA,PJM Interconnection,US-MIDA-PJM,310.4,377.97,43.57,5.91,pjm.com,false,
2023-12-31 09:00:00,USA,PJM Interconnection,US-MIDA-PJM,308.63,375.91,43.88,6.23,pjm.com,false,
2023-12-31 10:00:00,USA,PJM Interconnection,US-MIDA-PJM,311.63,379.39,43.38,6.1,pjm.com,false,
2023-12-31 11:00:00,USA,PJM Interconnection,US-MIDA-PJM,315.0,383.12,42.94,6.23,pjm.com,false,
2023-12-31 12:00:00,USA,PJM Interconnection,US-MIDA-PJM,319.45,388.13,42.3,6.36,pjm.com,false,
2023-12-31 13:00:00,USA,PJM Interconnection,US-MIDA-PJM,318.3,386.4,42.9,7.49,pjm.com,false,
2023-12-31 14:00:00,USA,PJM Interconnection,US-MIDA-PJM,313.96,381.27,43.9,8.68,pjm.com,false,
2023-12-31 15:00:00,USA,PJM Interconnection,US-MIDA-PJM,313.61,380.84,44.0,8.38,pjm.com,false,
2023-12-31 16:00:00,USA,PJM Interconnection,US-MIDA-PJM,313.83,381.02,44.03,8.59,pjm.com,false,
2023-12-31 17:00:00,USA,PJM Interconnection,US-MIDA-PJM,314.31,381.45,44.04,8.79,pjm.com,false,
2023-12-31 18:00:00,USA,PJM Interconnection,US-MIDA-PJM,311.33,378.02,44.52,9.04,pjm.com,false,
2023-12-31 19:00:00,USA,PJM Interconnection,US-MIDA-PJM,307.37,373.68,44.99,9.32,pjm.com,false,
2023-12-31 20:00:00,USA,PJM Interconnection,US-MIDA-PJM,305.13,371.49,45.01,9.36,pjm.com,false,
2023-12-31 21:00:00,USA,PJM Interconnection,US-MIDA-PJM,307.74,375.16,44.01,8.82,pjm.com,false,
2023-12-31 22:00:00,USA,PJM Interconnection,US-MIDA-PJM,313.6,381.83,43.16,9.39,pjm.com,false,
2023-12-31 23:00:00,USA,PJM Interconnection,US-MIDA-PJM,321.89,390.78,42.22,9.14,pjm.com,false,
