timestamp,hour_of_year,total_machines,machines_per_tier
2024-01-01T00:00:00,1,20,"{'tier_0': 2, 'tier_1': 4, 'tier_2': 6, 'tier_3': 4, 'tier_4': 4}"
2024-01-01T01:00:00,2,20,"{'tier_0': 3, 'tier_1': 4, 'tier_2': 6, 'tier_3': 4, 'tier_4': 3}"
2024-01-01T02:00:00,3,20,"{'tier_0': 2, 'tier_1': 4, 'tier_2': 6, 'tier_3': 4, 'tier_4': 4}"
2024-01-01T03:00:00,4,18,"{'tier_0': 3, 'tier_1': 3, 'tier_2': 5, 'tier_3': 4, 'tier_4': 3}"
2024-01-01T04:00:00,5,20,"{'tier_0': 2, 'tier_1': 4, 'tier_2': 6, 'tier_3': 4, 'tier_4': 4}"
2024-01-01T05:00:00,6,21,"{'tier_0': 2, 'tier_1': 5, 'tier_2': 6, 'tier_3': 4, 'tier_4': 4}"
2024-01-01T06:00:00,7,20,"{'tier_0': 2, 'tier_1': 5, 'tier_2': 6, 'tier_3': 4, 'tier_4': 3}"
2024-01-01T07:00:00,8,20,"{'tier_0': 3, 'tier_1': 3, 'tier_2': 6, 'tier_3': 4, 'tier_4': 4}"
2024-01-01T08:00:00,9,20,"{'tier_0': 3, 'tier_1': 3, 'tier_2': 6, 'tier_3': 4, 'tier_4': 4}"
2024-01-01T09:00:00,10,21,"{'tier_0': 2, 'tier_1': 5, 'tier_2': 6, 'tier_3': 4, 'tier_4': 4}"
2024-01-01T10:00:00,11,20,"{'tier_0': 2, 'tier_1': 5, 'tier_2': 6, 'tier_3': 4, 'tier_4': 3}"
2024-01-01T11:00:00,12,19,"{'tier_0': 2, 'tier_1': 4, 'tier_2': 5, 'tier_3': 4, 'tier_4': 4}"
2024-01-01T12:00:00,13,21,"{'tier_0': 2, 'tier_1': 5, 'tier_2': 6, 'tier_3': 5, 'tier_4': 3}"
2024-01-01T13:00:00,14,19,"{'tier_0': 2, 'tier_1': 4, 'tier_2': 6, 'tier_3': 4, 'tier_4': 3}"
2024-01-01T14:00:00,15,20,"{'tier_0': 2, 'tier_1': 4, 'tier_2': 6, 'tier_3': 4, 'tier_4': 4}"
2024-01-01T15:00:00,16,21,"{'tier_0': 3, 'tier_1': 4, 'tier_2': 6, 'tier_3': 4, 'tier_4': 4}"
2024-01-01T16:00:00,17,20,"{'tier_0': 2, 'tier_1': 4, 'tier_2': 5, 'tier_3': 5, 'tier_4': 4}"
2024-01-01T17:00:00,18,19,"{'tier_0': 2, 'tier_1': 4, 'tier_2': 5, 'tier_3': 4, 'tier_4': 4}"
2024-01-01T18:00:00,19,20,"{'tier_0': 2, 'tier_1': 4, 'tier_2': 6, 'tier_3': 4, 'tier_4': 4}"
2024-01-01T19:00:00,20,20,"{'tier_0': 2, 'tier_1': 5, 'tier_2': 6, 'tier_3': 4, 'tier_4': 3}"
2024-01-01T20:00:00,21,21,"{'tier_0': 2, 'tier_1': 5, 'tier_2': 6, 'tier_3': 4, 'tier_4': 4}"
2024-01-01T21:00:00,22,20,"{'tier_0': 3, 'tier_1': 4, 'tier_2': 6, 'tier_3': 4, 'tier_4': 3}"
2024-01-01T22:00:00,23,21,"{'tier_0': 2, 'tier_1': 5, 'tier_2': 6, 'tier_3': 4, 'tier_4': 4}"
2024-01-01T23:00:00,24,18,"{'tier_0': 2, 'tier_1': 4, 'tier_2': 5, 'tier_3': 4, 'tier_4': 3}"
2024-01-02T00:00:00,25,20,"{'tier_0': 2, 'tier_1': 4, 'tier_2': 6, 'tier_3': 4, 'tier_4': 4}"
2024-01-02T01:00:00,26,20,"{'tier_0': 2, 'tier_1': 4, 'tier_2': 6, 'tier_3': 4, 'tier_4': 4}"
2024-01-02T02:00:00,27,20,"{'tier_0': 2, 'tier_1': 5, 'tier_2': 6, 'tier_3': 4, 'tier_4': 3}"
2024-01-02T03:00:00,28,20,"{'tier_0': 2, 'tier_1': 5, 'tier_2': 6, 'tier_3': 4, 'tier_4': 3}"
2024-01-02T04:00:00,29,20,"{'tier_0': 2, 'tier_1': 4, 'tier_2': 5, 'tier_3': 5, 'tier_4': 4}"
2024-01-02T05:00:00,30,20,"{'tier_0': 3, 'tier_1': 3, 'tier_2': 6, 'tier_3': 4, 'tier_4': 4}"
2024-01-02T06:00:00,31,20,"{'tier_0': 2, 'tier_1': 4, 'tier_2': 6, 'tier_3': 4, 'tier_4': 4}"
2024-01-02T07:00:00,32,20,"{'tier_0': 2, 'tier_1': 5, 'tier_2': 6, 'tier_3': 4, 'tier_4': 3}"
2024-01-02T08:00:00,33,20,"{'tier_0': 2, 'tier_1': 4, 'tier_2': 6, 'tier_3': 4, 'tier_4': 4}"
2024-01-02T09:00:00,34,20,"{'tier_0': 2, 'tier_1': 5, 'tier_2': 6, 'tier_3': 4, 'tier_4': 3}"
2024-01-02T10:00:00,35,20,"{'tier_0': 2, 'tier_1': 5, 'tier_2': 6, 'tier_3': 4, 'tier_4': 3}"
2024-01-02T11:00:00,36,20,"{'tier_0': 2, 'tier_1': 4, 'tier_2': 6, 'tier_3': 4, 'tier_4': 4}"
2024-01-02T12:00:00,37,20,"{'tier_0': 3, 'tier_1': 4, 'tier_2': 6, 'tier_3': 4, 'tier_4': 3}"
2024-01-02T13:00:00,38,19,"{'tier_0': 3, 'tier_1': 3, 'tier_2': 5, 'tier_3': 4, 'tier_4': 4}"
2024-01-02T14:00:00,39,20,"{'tier_0': 2, 'tier_1': 5, 'tier_2': 6, 'tier_3': 4, 'tier_4': 3}"
2024-01-02T15:00:00,40,20,"{'tier_0': 2, 'tier_1': 4, 'tier_2': 6, 'tier_3': 4, 'tier_4': 4}"
2024-01-02T16:00:00,41,20,"{'tier_0': 2, 'tier_1': 4, 'tier_2': 6, 'tier_3': 4, 'tier_4': 4}"
2024-01-02T17:00:00,42,20,"{'tier_0': 2, 'tier_1': 4, 'tier_2': 6, 'tier_3': 4, 'tier_4': 4}"
2024-01-02T18:00:00,43,20,"{'tier_0': 2, 'tier_1': 4, 'tier_2': 6, 'tier_3': 4, 'tier_4': 4}"
2024-01-02T19:00:00,44,21,"{'tier_0': 3, 'tier_1': 4, 'tier_2': 6, 'tier_3': 4, 'tier_4': 4}"
2024-01-02T20:00:00,45,20,"{'tier_0': 2, 'tier_1': 4, 'tier_2': 6, 'tier_3': 4, 'tier_4': 4}"
2024-01-02T21:00:00,46,20,"{'tier_0': 2, 'tier_1': 4, 'tier_2': 6, 'tier_3': 4, 'tier_4': 4}"
2024-01-02T22:00:00,47,20,"{'tier_0': 2, 'tier_1': 4, 'tier_2': 6, 'tier_3': 4, 'tier_4': 4}"
2024-01-02T23:00:00,48,20,"{'tier_0': 2, 'tier_1': 4, 'tier_2': 6, 'tier_3': 4, 'tier_4': 4}"
2024-01-03T00:00:00,49,20,"{'tier_0': 3, 'tier_1': 4, 'tier_2': 6, 'tier_3': 4, 'tier_4': 3}"
2024-01-03T01:00:00,50,20,"{'tier_0': 2, 'tier_1': 4, 'tier_2': 6, 'tier_3': 4, 'tier_4': 4}"
2024-01-03T02:00:00,51,20,"{'tier_0': 2, 'tier_1': 4, 'tier_2': 6, 'tier_3': 4, 'tier_4': 4}"
2024-01-03T03:00:00,52,19,"{'tier_0': 2, 'tier_1': 4, 'tier_2': 6, 'tier_3': 4, 'tier_4': 3}"
2024-01-03T04:00:00,53,20,"{'tier_0': 2, 'tier_1': 4, 'tier_2': 6, 'tier_3': 4, 'tier_4': 4}"
2024-01-03T05:00:00,54,21,"{'tier_0': 2, 'tier_1': 5, 'tier_2': 6, 'tier_3': 4, 'tier_4': 4}"
2024-01-03T06:00:00,55,19,"{'tier_0': 2, 'tier_1': 4, 'tier_2': 5, 'tier_3': 4, 'tier_4': 4}"
2024-01-03T07:00:00,56,20,"{'tier_0': 2, 'tier_1': 4, 'tier_2': 6, 'tier_3': 4, 'tier_4': 4}"
2024-01-03T08:00:00,57,20,"{'tier_0': 2, 'tier_1': 5, 'tier_2': 6, 'tier_3': 4, 'tier_4': 3}"
2024-01-03T09:00:00,58,20,"{'tier_0': 2, 'tier_1': 4, 'tier_2': 6, 'tier_3': 4, 'tier_4': 4}"
2024-01-03T10:00:00,59,20,"{'tier_0': 2, 'tier_1': 5, 'tier_2': 6, 'tier_3': 4, 'tier_4': 3}"
2024-01-03T11:00:00,60,20,"{'tier_0': 3, 'tier_1': 4, 'tier_2': 6, 'tier_3': 4, 'tier_4': 3}"
2024-01-03T12:00:00,61,20,"{'tier_0': 2, 'tier_1': 4, 'tier_2': 6, 'tier_3': 4, 'tier_4': 4}"
2024-01-03T13:00:00,62,20,"{'tier_0': 2, 'tier_1': 4, 'tier_2': 6, 'tier_3': 4, 'tier_4': 4}"
2024-01-03T14:00:00,63,20,"{'tier_0': 2, 'tier_1': 5, 'tier_2': 6, 'tier_3': 4, 'tier_4': 3}"
2024-01-03T15:00:00,64,20,"{'tier_0': 2, 'tier_1': 5, 'tier_2': 6, 'tier_3': 4, 'tier_4': 3}"
2024-01-03T16:00:00,65,20,"{'tier_0': 2, 'tier_1': 5, 'tier_2': 6, 'tier_3': 4, 'tier_4': 3}"
2024-01-03T17:00:00,66,19,"{'tier_0': 3, 'tier_1': 3, 'tier_2': 5, 'tier_3': 4, 'tier_4': 4}"
2024-01-03T18:00:00,67,20,"{'tier_0': 2, 'tier_1': 5, 'tier_2': 6, 'tier_3': 4, 'tier_4': 3}"
2024-01-03T19:00:00,68,21,"{'tier_0': 2, 'tier_1': 5, 'tier_2': 6, 'tier_3': 4, 'tier_4': 4}"
2024-01-03T20:00:00,69,20,"{'tier_0': 2, 'tier_1': 5, 'tier_2': 6, 'tier_3': 4, 'tier_4': 3}"
2024-01-03T21:00:00,70,21,"{'tier_0': 2, 'tier_1': 5, 'tier_2': 6, 'tier_3': 4, 'tier_4': 4}"
2024-01-03T22:00:00,71,21,"{'tier_0': 2, 'tier_1': 5, 'tier_2': 6, 'tier_3': 4, 'tier_4': 4}"
2024-01-03T23:00:00,72,18,"{'tier_0': 2, 'tier_1': 4, 'tier_2': 5, 'tier_3': 4, 'tier_4': 3}"
2024-01-04T00:00:00,73,20,"{'tier_0': 2, 'tier_1': 5, 'tier_2': 6, 'tier_3': 4, 'tier_4': 3}"
2024-01-04T01:00:00,74,19,"{'tier_0': 2, 'tier_1': 4, 'tier_2': 5, 'tier_3': 4, 'tier_4': 4}"
2024-01-04T02:00:00,75,20,"{'tier_0': 2, 'tier_1': 4, 'tier_2': 5, 'tier_3': 5, 'tier_4': 4}"
2024-01-04T03:00:00,76,21,"{'tier_0': 2, 'tier_1': 5, 'tier_2': 6, 'tier_3': 4, 'tier_4': 4}"
2024-01-04T04:00:00,77,21,"{'tier_0': 2, 'tier_1': 5, 'tier_2': 6, 'tier_3': 4, 'tier_4': 4}"
2024-01-04T05:00:00,78,20,"{'tier_0': 2, 'tier_1': 5, 'tier_2': 6, 'tier_3': 4, 'tier_4': 3}"
2024-01-04T06:00:00,79,21,"{'tier_0': 2, 'tier_1': 5, 'tier_2': 6, 'tier_3': 4, 'tier_4': 4}"
2024-01-04T07:00:00,80,21,"{'tier_0': 3, 'tier_1': 4, 'tier_2': 6, 'tier_3': 4, 'tier_4': 4}"
2024-01-04T08:00:00,81,19,"{'tier_0': 3, 'tier_1': 3, 'tier_2': 5, 'tier_3': 4, 'tier_4': 4}"
2024-01-04T09:00:00,82,21,"{'tier_0': 2, 'tier_1': 5, 'tier_2': 6, 'tier_3': 4, 'tier_4': 4}"
2024-01-04T10:00:00,83,20,"{'tier_0': 2, 'tier_1': 4, 'tier_2': 6, 'tier_3': 4, 'tier_4': 4}"
2024-01-04T11:00:00,84,18,"{'tier_0': 2, 'tier_1': 4, 'tier_2': 5, 'tier_3': 4, 'tier_4': 3}"
2024-01-04T12:00:00,85,20,"{'tier_0': 3, 'tier_1': 4, 'tier_2': 6, 'tier_3': 4, 'tier_4': 3}"
2024-01-04T13:00:00,86,20,"{'tier_0': 2, 'tier_1': 5, 'tier_2': 6, 'tier_3': 4, 'tier_4': 3}"
2024-01-04T14:00:00,87,20,"{'tier_0': 2, 'tier_1': 5, 'tier_2': 6, 'tier_3': 4, 'tier_4': 3}"
2024-01-04T15:00:00,88,20,"{'tier_0': 2, 'tier_1': 5, 'tier_2': 6, 'tier_3': 4, 'tier_4': 3}"
2024-01-04T16:00:00,89,18,"{'tier_0': 2, 'tier_1': 4, 'tier_2': 5, 'tier_3': 4, 'tier_4': 3}"
2024-01-04T17:00:00,90,20,"{'tier_0': 2, 'tier_1': 5, 'tier_2': 6, 'tier_3': 4, 'tier_4': 3}"
2024-01-04T18:00:00,91,20,"{'tier_0': 2, 'tier_1': 5, 'tier_2': 6, 'tier_3': 4, 'tier_4': 3}"
2024-01-04T19:00:00,92,19,"{'tier_0': 2, 'tier_1': 4, 'tier_2': 6, 'tier_3': 4, 'tier_4': 3}"
2024-01-04T20:00:00,93,20,"{'tier_0': 2, 'tier_1': 5, 'tier_2': 6, 'tier_3': 4, 'tier_4': 3}"
2024-01-04T21:00:00,94,20,"{'tier_0': 2, 'tier_1': 5, 'tier_2': 6, 'tier_3': 4, 'tier_4': 3}"
2024-01-04T22:00:00,95,18,"{'tier_0': 2, 'tier_1': 4, 'tier_2': 5, 'tier_3': 4, 'tier_4': 3}"
2024-01-04T23:00:00,96,19,"{'tier_0': 2, 'tier_1': 4, 'tier_2': 5, 'tier_3': 4, 'tier_4': 4}"
2024-01-05T00:00:00,97,21,"{'tier_0': 2, 'tier_1': 5, 'tier_2': 6, 'tier_3': 4, 'tier_4': 4}"
2024-01-05T01:00:00,98,19,"{'tier_0': 1, 'tier_1': 5, 'tier_2': 5, 'tier_3': 4, 'tier_4': 4}"
2024-01-05T02:00:00,99,21,"{'tier_0': 3, 'tier_1': 4, 'tier_2': 6, 'tier_3': 4, 'tier_4': 4}"
2024-01-05T03:00:00,100,20,"{'tier_0': 2, 'tier_1': 4, 'tier_2': 6, 'tier_3': 4, 'tier_4': 4}"
2024-01-05T04:00:00,101,20,"{'tier_0': 2, 'tier_1': 4, 'tier_2': 6, 'tier_3': 4, 'tier_4': 4}"
2024-01-05T05:00:00,102,21,"{'tier_0': 4, 'tier_1': 3, 'tier_2': 6, 'tier_3': 4, 'tier_4': 4}"
2024-01-05T06:00:00,103,20,"{'tier_0': 2, 'tier_1': 5, 'tier_2': 6, 'tier_3': 4, 'tier_4': 3}"
2024-01-05T07:00:00,104,20,"{'tier_0': 2, 'tier_1': 4, 'tier_2': 6, 'tier_3': 4, 'tier_4': 4}"
2024-01-05T08:00:00,105,19,"{'tier_0': 2, 'tier_1': 4, 'tier_2': 6, 'tier_3': 4, 'tier_4': 3}"
2024-01-05T09:00:00,106,21,"{'tier_0': 2, 'tier_1': 5, 'tier_2': 6, 'tier_3': 4, 'tier_4': 4}"
2024-01-05T10:00:00,107,19,"{'tier_0': 2, 'tier_1': 4, 'tier_2': 5, 'tier_3': 4, 'tier_4': 4}"
2024-01-05T11:00:00,108,20,"{'tier_0': 2, 'tier_1': 4, 'tier_2': 6, 'tier_3': 4, 'tier_4': 4}"
2024-01-05T12:00:00,109,20,"{'tier_0': 2, 'tier_1': 4, 'tier_2': 6, 'tier_3': 4, 'tier_4': 4}"
2024-01-05T13:00:00,110,20,"{'tier_0': 2, 'tier_1': 5, 'tier_2': 6, 'tier_3': 4, 'tier_4': 3}"
2024-01-05T14:00:00,111,20,"{'tier_0': 2, 'tier_1': 4, 'tier_2': 5, 'tier_3': 5, 'tier_4': 4}"
2024-01-05T15:00:00,112,20,"{'tier_0': 2, 'tier_1': 5, 'tier_2': 6, 'tier_3': 4, 'tier_4': 3}"
2024-01-05T16:00:00,113,18,"{'tier_0': 2, 'tier_1': 4, 'tier_2': 5, 'tier_3': 4, 'tier_4': 3}"
2024-01-05T17:00:00,114,20,"{'tier_0': 3, 'tier_1': 4, 'tier_2': 6, 'tier_3': 4, 'tier_4': 3}"
2024-01-05T18:00:00,115,21,"{'tier_0': 4, 'tier_1': 3, 'tier_2': 6, 'tier_3': 4, 'tier_4': 4}"
2024-01-05T19:00:00,116,18,"{'tier_0': 2, 'tier_1': 4, 'tier_2': 5, 'tier_3': 4, 'tier_4': 3}"
2024-01-05T20:00:00,117,21,"{'tier_0': 2, 'tier_1': 5, 'tier_2': 6, 'tier_3': 4, 'tier_4': 4}"
2024-01-05T21:00:00,118,20,"{'tier_0': 2, 'tier_1': 5, 'tier_2': 6, 'tier_3': 4, 'tier_4': 3}"
2024-01-05T22:00:00,119,21,"{'tier_0': 2, 'tier_1': 5, 'tier_2': 6, 'tier_3': 4, 'tier_4': 4}"
2024-01-05T23:00:00,120,20,"{'tier_0': 2, 'tier_1': 5, 'tier_2': 6, 'tier_3': 4, 'tier_4': 3}"
2024-01-06T00:00:00,121,20,"{'tier_0': 2, 'tier_1': 4, 'tier_2': 6, 'tier_3': 4, 'tier_4': 4}"
2024-01-06T01:00:00,122,20,"{'tier_0': 3, 'tier_1': 3, 'tier_2': 6, 'tier_3': 4, 'tier_4': 4}"
2024-01-06T02:00:00,123,21,"{'tier_0': 2, 'tier_1': 5, 'tier_2': 6, 'tier_3': 4, 'tier_4': 4}"
2024-01-06T03:00:00,124,20,"{'tier_0': 2, 'tier_1': 5, 'tier_2': 6, 'tier_3': 4, 'tier_4': 3}"
2024-01-06T04:00:00,125,18,"{'tier_0': 2, 'tier_1': 4, 'tier_2': 5, 'tier_3': 4, 'tier_4': 3}"
2024-01-06T05:00:00,126,19,"{'tier_0': 2, 'tier_1': 4, 'tier_2': 5, 'tier_3': 4, 'tier_4': 4}"
2024-01-06T06:00:00,127,19,"{'tier_0': 2, 'tier_1': 4, 'tier_2': 6, 'tier_3': 4, 'tier_4': 3}"
2024-01-06T07:00:00,128,20,"{'tier_0': 2, 'tier_1': 4, 'tier_2': 6, 'tier_3': 4, 'tier_4': 4}"
2024-01-06T08:00:00,129,20,"{'tier_0': 2, 'tier_1': 5, 'tier_2': 6, 'tier_3': 4, 'tier_4': 3}"
2024-01-06T09:00:00,130,20,"{'tier_0': 2, 'tier_1': 4, 'tier_2': 6, 'tier_3': 4, 'tier_4': 4}"
2024-01-06T10:00:00,131,20,"{'tier_0': 2, 'tier_1': 4, 'tier_2': 6, 'tier_3': 4, 'tier_4': 4}"
2024-01-06T11:00:00,132,20,"{'tier_0': 2, 'tier_1': 4, 'tier_2': 6, 'tier_3': 4, 'tier_4': 4}"
2024-01-06T12:00:00,133,20,"{'tier_0': 2, 'tier_1': 4, 'tier_2': 6, 'tier_3': 4, 'tier_4': 4}"
2024-01-06T13:00:00,134,21,"{'tier_0': 3, 'tier_1': 4, 'tier_2': 6, 'tier_3': 4, 'tier_4': 4}"
2024-01-06T14:00:00,135,20,"{'tier_0': 2, 'tier_1': 5, 'tier_2': 6, 'tier_3': 4, 'tier_4': 3}"
2024-01-06T15:00:00,136,20,"{'tier_0': 2, 'tier_1': 4, 'tier_2': 6, 'tier_3': 4, 'tier_4': 4}"
2024-01-06T16:00:00,137,20,"{'tier_0': 2, 'tier_1': 5, 'tier_2': 6, 'tier_3': 4, 'tier_4': 3}"
2024-01-06T17:00:00,138,20,"{'tier_0': 2, 'tier_1': 4, 'tier_2': 5, 'tier_3': 5, 'tier_4': 4}"
2024-01-06T18:00:00,139,20,"{'tier_0': 2, 'tier_1': 5, 'tier_2': 6, 'tier_3': 4, 'tier_4': 3}"
2024-01-06T19:00:00,140,20,"{'tier_0': 2, 'tier_1': 4, 'tier_2': 5, 'tier_3': 5, 'tier_4': 4}"
2024-01-06T20:00:00,141,21,"{'tier_0': 2, 'tier_1': 5, 'tier_2': 6, 'tier_3': 4, 'tier_4': 4}"
2024-01-06T21:00:00,142,20,"{'tier_0': 2, 'tier_1': 4, 'tier_2': 6, 'tier_3': 4, 'tier_4': 4}"
2024-01-06T22:00:00,143,18,"{'tier_0': 2, 'tier_1': 4, 'tier_2': 5, 'tier_3': 4, 'tier_4': 3}"
2024-01-06T23:00:00,144,20,"{'tier_0': 2, 'tier_1': 4, 'tier_2': 6, 'tier_3': 4, 'tier_4': 4}"
2024-01-07T00:00:00,145,19,"{'tier_0': 2, 'tier_1': 4, 'tier_2': 6, 'tier_3': 4, 'tier_4': 3}"
2024-01-07T01:00:00,146,20,"{'tier_0': 2, 'tier_1': 4, 'tier_2': 6, 'tier_3': 4, 'tier_4': 4}"
2024-01-07T02:00:00,147,20,"{'tier_0': 2, 'tier_1': 5, 'tier_2': 6, 'tier_3': 4, 'tier_4': 3}"
2024-01-07T03:00:00,148,19,"{'tier_0': 2, 'tier_1': 4, 'tier_2': 6, 'tier_3': 4, 'tier_4': 3}"
2024-01-07T04:00:00,149,21,"{'tier_0': 2, 'tier_1': 5, 'tier_2': 6, 'tier_3': 5, 'tier_4': 3}"
2024-01-07T05:00:00,150,19,"{'tier_0': 2, 'tier_1': 4, 'tier_2': 5, 'tier_3': 4, 'tier_4': 4}"
2024-01-07T06:00:00,151,20,"{'tier_0': 2, 'tier_1': 4, 'tier_2': 6, 'tier_3': 4, 'tier_4': 4}"
2024-01-07T07:00:00,152,20,"{'tier_0': 2, 'tier_1': 4, 'tier_2': 6, 'tier_3': 4, 'tier_4': 4}"
2024-01-07T08:00:00,153,20,"{'tier_0': 3, 'tier_1': 4, 'tier_2': 6, 'tier_3': 4, 'tier_4': 3}"
2024-01-07T09:00:00,154,21,"{'tier_0': 2, 'tier_1': 5, 'tier_2': 6, 'tier_3': 4, 'tier_4': 4}"
2024-01-07T10:00:00,155,20,"{'tier_0': 3, 'tier_1': 3, 'tier_2': 6, 'tier_3': 4, 'tier_4': 4}"
2024-01-07T11:00:00,156,20,"{'tier_0': 2, 'tier_1': 5, 'tier_2': 6, 'tier_3': 4, 'tier_4': 3}"
2024-01-07T12:00:00,157,20,"{'tier_0': 2, 'tier_1': 5, 'tier_2': 6, 'tier_3': 4, 'tier_4': 3}"
2024-01-07T13:00:00,158,19,"{'tier_0': 2, 'tier_1': 4, 'tier_2': 6, 'tier_3': 4, 'tier_4': 3}"
2024-01-07T14:00:00,159,19,"{'tier_0': 2, 'tier_1': 4, 'tier_2': 6, 'tier_3': 4, 'tier_4': 3}"
2024-01-07T15:00:00,160,20,"{'tier_0': 2, 'tier_1': 4, 'tier_2': 6, 'tier_3': 4, 'tier_4': 4}"
2024-01-07T16:00:00,161,19,"{'tier_0': 2, 'tier_1': 4, 'tier_2': 5, 'tier_3': 4, 'tier_4': 4}"
2024-01-07T17:00:00,162,20,"{'tier_0': 2, 'tier_1': 4, 'tier_2': 5, 'tier_3': 5, 'tier_4': 4}"
2024-01-07T18:00:00,163,20,"{'tier_0': 2, 'tier_1': 4, 'tier_2': 6, 'tier_3': 4, 'tier_4': 4}"
2024-01-07T19:00:00,164,18,"{'tier_0': 2, 'tier_1': 4, 'tier_2': 5, 'tier_3': 4, 'tier_4': 3}"
2024-01-07T20:00:00,165,19,"{'tier_0': 1, 'tier_1': 5, 'tier_2': 5, 'tier_3': 4, 'tier_4': 4}"
2024-01-07T21:00:00,166,20,"{'tier_0': 3, 'tier_1': 4, 'tier_2': 6, 'tier_3': 4, 'tier_4': 3}"
2024-01-07T22:00:00,167,20,"{'tier_0': 2, 'tier_1': 4, 'tier_2': 6, 'tier_3': 4, 'tier_4': 4}"
2024-01-07T23:00:00,168,20,"{'tier_0': 2, 'tier_1': 5, 'tier_2': 6, 'tier_3': 4, 'tier_4': 3}"
2024-01-08T00:00:00,169,20,"{'tier_0': 2, 'tier_1': 4, 'tier_2': 6, 'tier_3': 4, 'tier_4': 4}"
2024-01-08T01:00:00,170,19,"{'tier_0': 2, 'tier_1': 4, 'tier_2': 6, 'tier_3': 4, 'tier_4': 3}"
2024-01-08T02:00:00,171,21,"{'tier_0': 2, 'tier_1': 5, 'tier_2': 6, 'tier_3': 4, 'tier_4': 4}"
2024-01-08T03:00:00,172,20,"{'tier_0': 2, 'tier_1': 4, 'tier_2': 6, 'tier_3': 4, 'tier_4': 4}"
2024-01-08T04:00:00,173,18,"{'tier_0': 2, 'tier_1': 4, 'tier_2': 5, 'tier_3': 4, 'tier_4': 3}"
2024-01-08T05:00:00,174,20,"{'tier_0': 2, 'tier_1': 5, 'tier_2': 6, 'tier_3': 4, 'tier_4': 3}"
2024-01-08T06:00:00,175,19,"{'tier_0': 2, 'tier_1': 4, 'tier_2': 5, 'tier_3': 4, 'tier_4': 4}"
2024-01-08T07:00:00,176,19,"{'tier_0': 2, 'tier_1': 4, 'tier_2': 5, 'tier_3': 4, 'tier_4': 4}"
2024-01-08T08:00:00,177,20,"{'tier_0': 3, 'tier_1': 4, 'tier_2': 6, 'tier_3': 4, 'tier_4': 3}"
2024-01-08T09:00:00,178,20,"{'tier_0': 3, 'tier_1': 3, 'tier_2': 6, 'tier_3': 4, 'tier_4': 4}"
2024-01-08T10:00:00,179,20,"{'tier_0': 2, 'tier_1': 5, 'tier_2': 6, 'tier_3': 4, 'tier_4': 3}"
2024-01-08T11:00:00,180,20,"{'tier_0': 2, 'tier_1': 5, 'tier_2': 6, 'tier_3': 4, 'tier_4': 3}"
2024-01-08T12:00:00,181,21,"{'tier_0': 2, 'tier_1': 5, 'tier_2': 6, 'tier_3': 4, 'tier_4': 4}"
2024-01-08T13:00:00,182,21,"{'tier_0': 2, 'tier_1': 5, 'tier_2': 6, 'tier_3': 4, 'tier_4': 4}"
2024-01-08T14:00:00,183,19,"{'tier_0': 2, 'tier_1': 4, 'tier_2': 6, 'tier_3': 4, 'tier_4': 3}"
2024-01-08T15:00:00,184,21,"{'tier_0': 2, 'tier_1': 5, 'tier_2': 6, 'tier_3': 4, 'tier_4': 4}"
2024-01-08T16:00:00,185,21,"{'tier_0': 2, 'tier_1': 5, 'tier_2': 6, 'tier_3': 4, 'tier_4': 4}"
2024-01-08T17:00:00,186,20,"{'tier_0': 2, 'tier_1': 4, 'tier_2': 6, 'tier_3': 4, 'tier_4': 4}"
2024-01-08T18:00:00,187,20,"{'tier_0': 2, 'tier_1': 5, 'tier_2': 6, 'tier_3': 4, 'tier_4': 3}"
2024-01-08T19:00:00,188,19,"{'tier_0': 2, 'tier_1': 4, 'tier_2': 5, 'tier_3': 4, 'tier_4': 4}"
2024-01-08T20:00:00,189,18,"{'tier_0': 2, 'tier_1': 4, 'tier_2': 5, 'tier_3': 4, 'tier_4': 3}"
2024-01-08T21:00:00,190,20,"{'tier_0': 2, 'tier_1': 5, 'tier_2': 6, 'tier_3': 4, 'tier_4': 3}"
2024-01-08T22:00:00,191,20,"{'tier_0': 3, 'tier_1': 3, 'tier_2': 6, 'tier_3': 4, 'tier_4': 4}"
2024-01-08T23:00:00,192,19,"{'tier_0': 2, 'tier_1': 4, 'tier_2': 5, 'tier_3': 4, 'tier_4': 4}"
2024-01-09T00:00:00,193,20,"{'tier_0': 2, 'tier_1': 5, 'tier_2': 6, 'tier_3': 4, 'tier_4': 3}"
2024-01-09T01:00:00,194,21,"{'tier_0': 2, 'tier_1': 4, 'tier_2': 6, 'tier_3': 5, 'tier_4': 4}"
2024-01-09T02:00:00,195,20,"{'tier_0': 3, 'tier_1': 4, 'tier_2': 6, 'tier_3': 4, 'tier_4': 3}"
2024-01-09T03:00:00,196,19,"{'tier_0': 3, 'tier_1': 3, 'tier_2': 5, 'tier_3': 4, 'tier_4': 4}"
2024-01-09T04:00:00,197,19,"{'tier_0': 2, 'tier_1': 4, 'tier_2': 5, 'tier_3': 4, 'tier_4': 4}"
2024-01-09T05:00:00,198,20,"{'tier_0': 3, 'tier_1': 4, 'tier_2': 6, 'tier_3': 4, 'tier_4': 3}"
2024-01-09T06:00:00,199,18,"{'tier_0': 2, 'tier_1': 4, 'tier_2': 5, 'tier_3': 4, 'tier_4': 3}"
2024-01-09T07:00:00,200,18,"{'tier_0': 2, 'tier_1': 4, 'tier_2': 5, 'tier_3': 4, 'tier_4': 3}"
2024-01-09T08:00:00,201,21,"{'tier_0': 2, 'tier_1': 4, 'tier_2': 6, 'tier_3': 4, 'tier_4': 5}"
2024-01-09T09:00:00,202,21,"{'tier_0': 3, 'tier_1': 4, 'tier_2': 6, 'tier_3': 4, 'tier_4': 4}"
2024-01-09T10:00:00,203,21,"{'tier_0': 3, 'tier_1': 4, 'tier_2': 6, 'tier_3': 4, 'tier_4': 4}"
2024-01-09T11:00:00,204,20,"{'tier_0': 2, 'tier_1': 4, 'tier_2': 6, 'tier_3': 4, 'tier_4': 4}"
2024-01-09T12:00:00,205,19,"{'tier_0': 3, 'tier_1': 3, 'tier_2': 5, 'tier_3': 4, 'tier_4': 4}"
2024-01-09T13:00:00,206,20,"{'tier_0': 2, 'tier_1': 5, 'tier_2': 6, 'tier_3': 4, 'tier_4': 3}"
2024-01-09T14:00:00,207,21,"{'tier_0': 2, 'tier_1': 5, 'tier_2': 6, 'tier_3': 4, 'tier_4': 4}"
2024-01-09T15:00:00,208,19,"{'tier_0': 2, 'tier_1': 4, 'tier_2': 5, 'tier_3': 4, 'tier_4': 4}"
2024-01-09T16:00:00,209,21,"{'tier_0': 2, 'tier_1': 5, 'tier_2': 6, 'tier_3': 4, 'tier_4': 4}"
2024-01-09T17:00:00,210,20,"{'tier_0': 2, 'tier_1': 4, 'tier_2': 6, 'tier_3': 4, 'tier_4': 4}"
2024-01-09T18:00:00,211,20,"{'tier_0': 3, 'tier_1': 4, 'tier_2': 6, 'tier_3': 4, 'tier_4': 3}"
2024-01-09T19:00:00,212,20,"{'tier_0': 2, 'tier_1': 5, 'tier_2': 6, 'tier_3': 4, 'tier_4': 3}"
2024-01-09T20:00:00,213,20,"{'tier_0': 2, 'tier_1': 4, 'tier_2': 6, 'tier_3': 4, 'tier_4': 4}"
2024-01-09T21:00:00,214,21,"{'tier_0': 2, 'tier_1': 5, 'tier_2': 6, 'tier_3': 4, 'tier_4': 4}"
2024-01-09T22:00:00,215,20,"{'tier_0': 2, 'tier_1': 4, 'tier_2': 6, 'tier_3': 4, 'tier_4': 4}"
2024-01-09T23:00:00,216,20,"{'tier_0': 2, 'tier_1': 4, 'tier_2': 6, 'tier_3': 4, 'tier_4': 4}"
2024-01-10T00:00:00,217,20,"{'tier_0': 3, 'tier_1': 4, 'tier_2': 6, 'tier_3': 4, 'tier_4': 3}"
2024-01-10T01:00:00,218,21,"{'tier_0': 2, 'tier_1': 5, 'tier_2': 6, 'tier_3': 4, 'tier_4': 4}"
2024-01-10T02:00:00,219,21,"{'tier_0': 2, 'tier_1': 4, 'tier_2': 6, 'tier_3': 5, 'tier_4': 4}"
2024-01-10T03:00:00,220,21,"{'tier_0': 2, 'tier_1': 5, 'tier_2': 6, 'tier_3': 4, 'tier_4': 4}"
2024-01-10T04:00:00,221,20,"{'tier_0': 2, 'tier_1': 5, 'tier_2': 6, 'tier_3': 4, 'tier_4': 3}"
2024-01-10T05:00:00,222,19,"{'tier_0': 2, 'tier_1': 4, 'tier_2': 5, 'tier_3': 4, 'tier_4': 4}"
2024-01-10T06:00:00,223,19,"{'tier_0': 1, 'tier_1': 5, 'tier_2': 5, 'tier_3': 4, 'tier_4': 4}"
2024-01-10T07:00:00,224,21,"{'tier_0': 3, 'tier_1': 3, 'tier_2': 6, 'tier_3': 4, 'tier_4': 5}"
2024-01-10T08:00:00,225,19,"{'tier_0': 2, 'tier_1': 4, 'tier_2': 6, 'tier_3': 4, 'tier_4': 3}"
2024-01-10T09:00:00,226,20,"{'tier_0': 2, 'tier_1': 5, 'tier_2': 6, 'tier_3': 4, 'tier_4': 3}"
2024-01-10T10:00:00,227,19,"{'tier_0': 1, 'tier_1': 5, 'tier_2': 5, 'tier_3': 4, 'tier_4': 4}"
2024-01-10T11:00:00,228,21,"{'tier_0': 2, 'tier_1': 5, 'tier_2': 6, 'tier_3': 4, 'tier_4': 4}"
2024-01-10T12:00:00,229,21,"{'tier_0': 2, 'tier_1': 5, 'tier_2': 6, 'tier_3': 5, 'tier_4': 3}"
2024-01-10T13:00:00,230,19,"{'tier_0': 2, 'tier_1': 4, 'tier_2': 5, 'tier_3': 4, 'tier_4': 4}"
2024-01-10T14:00:00,231,20,"{'tier_0': 3, 'tier_1': 4, 'tier_2': 6, 'tier_3': 4, 'tier_4': 3}"
2024-01-10T15:00:00,232,20,"{'tier_0': 2, 'tier_1': 4, 'tier_2': 6, 'tier_3': 4, 'tier_4': 4}"
2024-01-10T16:00:00,233,20,"{'tier_0': 3, 'tier_1': 4, 'tier_2': 6, 'tier_3': 4, 'tier_4': 3}"
2024-01-10T17:00:00,234,20,"{'tier_0': 2, 'tier_1': 5, 'tier_2': 6, 'tier_3': 4, 'tier_4': 3}"
2024-01-10T18:00:00,235,20,"{'tier_0': 2, 'tier_1': 5, 'tier_2': 6, 'tier_3': 4, 'tier_4': 3}"
2024-01-10T19:00:00,236,19,"{'tier_0': 2, 'tier_1': 4, 'tier_2': 5, 'tier_3': 4, 'tier_4': 4}"
2024-01-10T20:00:00,237,21,"{'tier_0': 2, 'tier_1': 5, 'tier_2': 6, 'tier_3': 4, 'tier_4': 4}"
2024-01-10T21:00:00,238,21,"{'tier_0': 2, 'tier_1': 5, 'tier_2': 6, 'tier_3': 4, 'tier_4': 4}"
2024-01-10T22:00:00,239,20,"{'tier_0': 3, 'tier_1': 4, 'tier_2': 6, 'tier_3': 4, 'tier_4': 3}"
2024-01-10T23:00:00,240,20,"{'tier_0': 2, 'tier_1': 5, 'tier_2': 6, 'tier_3': 4, 'tier_4': 3}"
2024-01-11T00:00:00,241,18,"{'tier_0': 2, 'tier_1': 4, 'tier_2': 5, 'tier_3': 4, 'tier_4': 3}"
2024-01-11T01:00:00,242,20,"{'tier_0': 2, 'tier_1': 5, 'tier_2': 6, 'tier_3': 4, 'tier_4': 3}"
2024-01-11T02:00:00,243,20,"{'tier_0': 2, 'tier_1': 5, 'tier_2': 6, 'tier_3': 4, 'tier_4': 3}"
2024-01-11T03:00:00,244,20,"{'tier_0': 2, 'tier_1': 4, 'tier_2': 6, 'tier_3': 4, 'tier_4': 4}"
2024-01-11T04:00:00,245,20,"{'tier_0': 2, 'tier_1': 5, 'tier_2': 6, 'tier_3': 4, 'tier_4': 3}"
2024-01-11T05:00:00,246,20,"{'tier_0': 2, 'tier_1': 4, 'tier_2': 6, 'tier_3': 4, 'tier_4': 4}"
2024-01-11T06:00:00,247,20,"{'tier_0': 2, 'tier_1': 5, 'tier_2': 6, 'tier_3': 4, 'tier_4': 3}"
2024-01-11T07:00:00,248,21,"{'tier_0': 2, 'tier_1': 5, 'tier_2': 6, 'tier_3': 4, 'tier_4': 4}"
2024-01-11T08:00:00,249,20,"{'tier_0': 2, 'tier_1': 4, 'tier_2': 5, 'tier_3': 5, 'tier_4': 4}"
2024-01-11T09:00:00,250,21,"{'tier_0': 2, 'tier_1': 4, 'tier_2': 6, 'tier_3': 5, 'tier_4': 4}"
2024-01-11T10:00:00,251,20,"{'tier_0': 2, 'tier_1': 4, 'tier_2': 6, 'tier_3': 4, 'tier_4': 4}"
2024-01-11T11:00:00,252,21,"{'tier_0': 4, 'tier_1': 3, 'tier_2': 6, 'tier_3': 4, 'tier_4': 4}"
2024-01-11T12:00:00,253,21,"{'tier_0': 2, 'tier_1': 4, 'tier_2': 6, 'tier_3': 4, 'tier_4': 5}"
2024-01-11T13:00:00,254,20,"{'tier_0': 2, 'tier_1': 5, 'tier_2': 6, 'tier_3': 4, 'tier_4': 3}"
2024-01-11T14:00:00,255,20,"{'tier_0': 2, 'tier_1': 4, 'tier_2': 6, 'tier_3': 4, 'tier_4': 4}"
2024-01-11T15:00:00,256,19,"{'tier_0': 1, 'tier_1': 5, 'tier_2': 5, 'tier_3': 4, 'tier_4': 4}"
2024-01-11T16:00:00,257,20,"{'tier_0': 3, 'tier_1': 4, 'tier_2': 6, 'tier_3': 4, 'tier_4': 3}"
2024-01-11T17:00:00,258,18,"{'tier_0': 2, 'tier_1': 4, 'tier_2': 5, 'tier_3': 4, 'tier_4': 3}"
2024-01-11T18:00:00,259,18,"{'tier_0': 3, 'tier_1': 3, 'tier_2': 5, 'tier_3': 4, 'tier_4': 3}"
2024-01-11T19:00:00,260,20,"{'tier_0': 4, 'tier_1': 3, 'tier_2': 6, 'tier_3': 4, 'tier_4': 3}"
2024-01-11T20:00:00,261,20,"{'tier_0': 4, 'tier_1': 3, 'tier_2': 6, 'tier_3': 4, 'tier_4': 3}"
2024-01-11T21:00:00,262,20,"{'tier_0': 2, 'tier_1': 4, 'tier_2': 6, 'tier_3': 4, 'tier_4': 4}"
2024-01-11T22:00:00,263,21,"{'tier_0': 2, 'tier_1': 4, 'tier_2': 6, 'tier_3': 4, 'tier_4': 5}"
2024-01-11T23:00:00,264,21,"{'tier_0': 2, 'tier_1': 5, 'tier_2': 6, 'tier_3': 4, 'tier_4': 4}"
2024-01-12T00:00:00,265,20,"{'tier_0': 2, 'tier_1': 4, 'tier_2': 6, 'tier_3': 4, 'tier_4': 4}"
2024-01-12T01:00:00,266,20,"{'tier_0': 2, 'tier_1': 4, 'tier_2': 6, 'tier_3': 4, 'tier_4': 4}"
2024-01-12T02:00:00,267,21,"{'tier_0': 3, 'tier_1': 3, 'tier_2': 6, 'tier_3': 4, 'tier_4': 5}"
2024-01-12T03:00:00,268,20,"{'tier_0': 2, 'tier_1': 4, 'tier_2': 6, 'tier_3': 4, 'tier_4': 4}"
2024-01-12T04:00:00,269,19,"{'tier_0': 2, 'tier_1': 4, 'tier_2': 5, 'tier_3': 4, 'tier_4': 4}"
2024-01-12T05:00:00,270,19,"{'tier_0': 2, 'tier_1': 4, 'tier_2': 6, 'tier_3': 4, 'tier_4': 3}"
2024-01-12T06:00:00,271,21,"{'tier_0': 2, 'tier_1': 5, 'tier_2': 6, 'tier_3': 4, 'tier_4': 4}"
2024-01-12T07:00:00,272,20,"{'tier_0': 2, 'tier_1': 5, 'tier_2': 6, 'tier_3': 4, 'tier_4': 3}"
2024-01-12T08:00:00,273,20,"{'tier_0': 3, 'tier_1': 4, 'tier_2': 6, 'tier_3': 4, 'tier_4': 3}"
2024-01-12T09:00:00,274,20,"{'tier_0': 2, 'tier_1': 5, 'tier_2': 6, 'tier_3': 4, 'tier_4': 3}"
2024-01-12T10:00:00,275,21,"{'tier_0': 2, 'tier_1': 5, 'tier_2': 6, 'tier_3': 4, 'tier_4': 4}"
2024-01-12T11:00:00,276,20,"{'tier_0': 3, 'tier_1': 4, 'tier_2': 6, 'tier_3': 4, 'tier_4': 3}"
2024-01-12T12:00:00,277,20,"{'tier_0': 2, 'tier_1': 4, 'tier_2': 6, 'tier_3': 4, 'tier_4': 4}"
2024-01-12T13:00:00,278,20,"{'tier_0': 2, 'tier_1': 5, 'tier_2': 6, 'tier_3': 4, 'tier_4': 3}"
2024-01-12T14:00:00,279,21,"{'tier_0': 2, 'tier_1': 5, 'tier_2': 6, 'tier_3': 4, 'tier_4': 4}"
2024-01-12T15:00:00,280,20,"{'tier_0': 2, 'tier_1': 5, 'tier_2': 6, 'tier_3': 4, 'tier_4': 3}"
2024-01-12T16:00:00,281,19,"{'tier_0': 2, 'tier_1': 4, 'tier_2': 5, 'tier_3': 4, 'tier_4': 4}"
2024-01-12T17:00:00,282,21,"{'tier_0': 2, 'tier_1': 5, 'tier_2': 6, 'tier_3': 4, 'tier_4': 4}"
2024-01-12T18:00:00,283,19,"{'tier_0': 3, 'tier_1': 3, 'tier_2': 5, 'tier_3': 4, 'tier_4': 4}"
2024-01-12T19:00:00,284,20,"{'tier_0': 2, 'tier_1': 4, 'tier_2': 7, 'tier_3': 4, 'tier_4': 3}"
2024-01-12T20:00:00,285,21,"{'tier_0': 3, 'tier_1': 3, 'tier_2': 6, 'tier_3': 4, 'tier_4': 5}"
2024-01-12T21:00:00,286,20,"{'tier_0': 2, 'tier_1': 4, 'tier_2': 6, 'tier_3': 4, 'tier_4': 4}"
2024-01-12T22:00:00,287,19,"{'tier_0': 1, 'tier_1': 5, 'tier_2': 6, 'tier_3': 4, 'tier_4': 3}"
2024-01-12T23:00:00,288,20,"{'tier_0': 2, 'tier_1': 4, 'tier_2': 5, 'tier_3': 5, 'tier_4': 4}"
2024-01-13T00:00:00,289,20,"{'tier_0': 3, 'tier_1': 4, 'tier_2': 6, 'tier_3': 4, 'tier_4': 3}"
2024-01-13T01:00:00,290,20,"{'tier_0': 3, 'tier_1': 4, 'tier_2': 6, 'tier_3': 4, 'tier_4': 3}"
2024-01-13T02:00:00,291,19,"{'tier_0': 3, 'tier_1': 3, 'tier_2': 5, 'tier_3': 4, 'tier_4': 4}"
2024-01-13T03:00:00,292,20,"{'tier_0': 2, 'tier_1': 4, 'tier_2': 6, 'tier_3': 4, 'tier_4': 4}"
2024-01-13T04:00:00,293,20,"{'tier_0': 2, 'tier_1': 5, 'tier_2': 6, 'tier_3': 4, 'tier_4': 3}"
2024-01-13T05:00:00,294,20,"{'tier_0': 2, 'tier_1': 5, 'tier_2': 6, 'tier_3': 4, 'tier_4': 3}"
2024-01-13T06:00:00,295,19,"{'tier_0': 2, 'tier_1': 4, 'tier_2': 5, 'tier_3': 4, 'tier_4': 4}"
2024-01-13T07:00:00,296,20,"{'tier_0': 3, 'tier_1': 4, 'tier_2': 6, 'tier_3': 4, 'tier_4': 3}"
2024-01-13T08:00:00,297,20,"{'tier_0': 2, 'tier_1': 5, 'tier_2': 6, 'tier_3': 4, 'tier_4': 3}"
2024-01-13T09:00:00,298,20,"{'tier_0': 2, 'tier_1': 4, 'tier_2': 6, 'tier_3': 4, 'tier_4': 4}"
2024-01-13T10:00:00,299,20,"{'tier_0': 2, 'tier_1': 5, 'tier_2': 6, 'tier_3': 4, 'tier_4': 3}"
2024-01-13T11:00:00,300,20,"{'tier_0': 2, 'tier_1': 4, 'tier_2': 6, 'tier_3': 4, 'tier_4': 4}"
2024-01-13T12:00:00,301,20,"{'tier_0': 2, 'tier_1': 5, 'tier_2': 6, 'tier_3': 4, 'tier_4': 3}"
2024-01-13T13:00:00,302,20,"{'tier_0': 2, 'tier_1': 5, 'tier_2': 6, 'tier_3': 4, 'tier_4': 3}"
2024-01-13T14:00:00,303,20,"{'tier_0': 2, 'tier_1': 5, 'tier_2': 6, 'tier_3': 4, 'tier_4': 3}"
2024-01-13T15:00:00,304,20,"{'tier_0': 3, 'tier_1': 4, 'tier_2': 6, 'tier_3': 4, 'tier_4': 3}"
2024-01-13T16:00:00,305,20,"{'tier_0': 2, 'tier_1': 4, 'tier_2': 6, 'tier_3': 4, 'tier_4': 4}"
2024-01-13T17:00:00,306,21,"{'tier_0': 2, 'tier_1': 5, 'tier_2': 6, 'tier_3': 4, 'tier_4': 4}"
2024-01-13T18:00:00,307,20,"{'tier_0': 2, 'tier_1': 4, 'tier_2': 7, 'tier_3': 4, 'tier_4': 3}"
2024-01-13T19:00:00,308,20,"{'tier_0': 3, 'tier_1': 3, 'tier_2': 6, 'tier_3': 4, 'tier_4': 4}"
2024-01-13T20:00:00,309,18,"{'tier_0': 2, 'tier_1': 4, 'tier_2': 5, 'tier_3': 4, 'tier_4': 3}"
2024-01-13T21:00:00,310,20,"{'tier_0': 2, 'tier_1': 4, 'tier_2': 6, 'tier_3': 4, 'tier_4': 4}"
2024-01-13T22:00:00,311,21,"{'tier_0': 3, 'tier_1': 4, 'tier_2': 6, 'tier_3': 4, 'tier_4': 4}"
2024-01-13T23:00:00,312,20,"{'tier_0': 2, 'tier_1': 4, 'tier_2': 5, 'tier_3': 5, 'tier_4': 4}"
2024-01-14T00:00:00,313,20,"{'tier_0': 2, 'tier_1': 5, 'tier_2': 6, 'tier_3': 4, 'tier_4': 3}"
2024-01-14T01:00:00,314,20,"{'tier_0': 2, 'tier_1': 5, 'tier_2': 6, 'tier_3': 4, 'tier_4': 3}"
2024-01-14T02:00:00,315,20,"{'tier_0': 3, 'tier_1': 4, 'tier_2': 6, 'tier_3': 4, 'tier_4': 3}"
2024-01-14T03:00:00,316,20,"{'tier_0': 2, 'tier_1': 5, 'tier_2': 6, 'tier_3': 4, 'tier_4': 3}"
2024-01-14T04:00:00,317,20,"{'tier_0': 2, 'tier_1': 5, 'tier_2': 6, 'tier_3': 4, 'tier_4': 3}"
2024-01-14T05:00:00,318,18,"{'tier_0': 2, 'tier_1': 4, 'tier_2': 5, 'tier_3': 4, 'tier_4': 3}"
2024-01-14T06:00:00,319,20,"{'tier_0': 2, 'tier_1': 4, 'tier_2': 5, 'tier_3': 5, 'tier_4': 4}"
2024-01-14T07:00:00,320,20,"{'tier_0': 2, 'tier_1': 4, 'tier_2': 6, 'tier_3': 4, 'tier_4': 4}"
2024-01-14T08:00:00,321,20,"{'tier_0': 2, 'tier_1': 4, 'tier_2': 6, 'tier_3': 4, 'tier_4': 4}"
2024-01-14T09:00:00,322,20,"{'tier_0': 2, 'tier_1': 4, 'tier_2': 6, 'tier_3': 4, 'tier_4': 4}"
2024-01-14T10:00:00,323,21,"{'tier_0': 2, 'tier_1': 5, 'tier_2': 6, 'tier_3': 4, 'tier_4': 4}"
2024-01-14T11:00:00,324,19,"{'tier_0': 2, 'tier_1': 4, 'tier_2': 5, 'tier_3': 4, 'tier_4': 4}"
2024-01-14T12:00:00,325,19,"{'tier_0': 2, 'tier_1': 4, 'tier_2': 5, 'tier_3': 4, 'tier_4': 4}"
2024-01-14T13:00:00,326,20,"{'tier_0': 2, 'tier_1': 4, 'tier_2': 6, 'tier_3': 4, 'tier_4': 4}"
2024-01-14T14:00:00,327,20,"{'tier_0': 2, 'tier_1': 4, 'tier_2': 6, 'tier_3': 4, 'tier_4': 4}"
2024-01-14T15:00:00,328,20,"{'tier_0': 2, 'tier_1': 4, 'tier_2': 6, 'tier_3': 4, 'tier_4': 4}"
2024-01-14T16:00:00,329,20,"{'tier_0': 2, 'tier_1': 4, 'tier_2': 6, 'tier_3': 4, 'tier_4': 4}"
2024-01-14T17:00:00,330,20,"{'tier_0': 2, 'tier_1': 5, 'tier_2': 6, 'tier_3': 4, 'tier_4': 3}"
2024-01-14T18:00:00,331,20,"{'tier_0': 2, 'tier_1': 5, 'tier_2': 6, 'tier_3': 4, 'tier_4': 3}"
2024-01-14T19:00:00,332,20,"{'tier_0': 2, 'tier_1': 5, 'tier_2': 6, 'tier_3': 4, 'tier_4': 3}"
2024-01-14T20:00:00,333,19,"{'tier_0': 3, 'tier_1': 3, 'tier_2': 5, 'tier_3': 4, 'tier_4': 4}"
2024-01-14T21:00:00,334,18,"{'tier_0': 2, 'tier_1': 4, 'tier_2': 5, 'tier_3': 4, 'tier_4': 3}"
2024-01-14T22:00:00,335,20,"{'tier_0': 2, 'tier_1': 5, 'tier_2': 6, 'tier_3': 4, 'tier_4': 3}"
2024-01-14T23:00:00,336,20,"{'tier_0': 2, 'tier_1': 4, 'tier_2': 6, 'tier_3': 4, 'tier_4': 4}"
2024-01-15T00:00:00,337,20,"{'tier_0': 2, 'tier_1': 5, 'tier_2': 6, 'tier_3': 4, 'tier_4': 3}"
2024-01-15T01:00:00,338,20,"{'tier_0': 2, 'tier_1': 5, 'tier_2': 6, 'tier_3': 4, 'tier_4': 3}"
2024-01-15T02:00:00,339,21,"{'tier_0': 2, 'tier_1': 4, 'tier_2': 6, 'tier_3': 5, 'tier_4': 4}"
2024-01-15T03:00:00,340,20,"{'tier_0': 2, 'tier_1': 4, 'tier_2': 5, 'tier_3': 5, 'tier_4': 4}"
2024-01-15T04:00:00,341,20,"{'tier_0': 2, 'tier_1': 5, 'tier_2': 6, 'tier_3': 4, 'tier_4': 3}"
2024-01-15T05:00:00,342,20,"{'tier_0': 3, 'tier_1': 4, 'tier_2': 6, 'tier_3': 4, 'tier_4': 3}"
2024-01-15T06:00:00,343,21,"{'tier_0': 2, 'tier_1': 5, 'tier_2': 6, 'tier_3': 4, 'tier_4': 4}"
2024-01-15T07:00:00,344,19,"{'tier_0': 2, 'tier_1': 4, 'tier_2': 5, 'tier_3': 4, 'tier_4': 4}"
2024-01-15T08:00:00,345,21,"{'tier_0': 4, 'tier_1': 3, 'tier_2': 6, 'tier_3': 4, 'tier_4': 4}"
2024-01-15T09:00:00,346,20,"{'tier_0': 2, 'tier_1': 4, 'tier_2': 6, 'tier_3': 4, 'tier_4': 4}"
2024-01-15T10:00:00,347,20,"{'tier_0': 2, 'tier_1': 4, 'tier_2': 6, 'tier_3': 4, 'tier_4': 4}"
2024-01-15T11:00:00,348,18,"{'tier_0': 2, 'tier_1': 4, 'tier_2': 5, 'tier_3': 4, 'tier_4': 3}"
2024-01-15T12:00:00,349,20,"{'tier_0': 2, 'tier_1': 4, 'tier_2': 6, 'tier_3': 4, 'tier_4': 4}"
2024-01-15T13:00:00,350,21,"{'tier_0': 2, 'tier_1': 4, 'tier_2': 6, 'tier_3': 5, 'tier_4': 4}"
2024-01-15T14:00:00,351,20,"{'tier_0': 2, 'tier_1': 4, 'tier_2': 6, 'tier_3': 4, 'tier_4': 4}"
2024-01-15T15:00:00,352,20,"{'tier_0': 2, 'tier_1': 5, 'tier_2': 6, 'tier_3': 4, 'tier_4': 3}"
2024-01-15T16:00:00,353,18,"{'tier_0': 2, 'tier_1': 4, 'tier_2': 5, 'tier_3': 4, 'tier_4': 3}"
2024-01-15T17:00:00,354,20,"{'tier_0': 2, 'tier_1': 4, 'tier_2': 6, 'tier_3': 4, 'tier_4': 4}"
2024-01-15T18:00:00,355,21,"{'tier_0': 3, 'tier_1': 4, 'tier_2': 6, 'tier_3': 4, 'tier_4': 4}"
2024-01-15T19:00:00,356,20,"{'tier_0': 2, 'tier_1': 4, 'tier_2': 6, 'tier_3': 4, 'tier_4': 4}"
2024-01-15T20:00:00,357,20,"{'tier_0': 2, 'tier_1': 5, 'tier_2': 6, 'tier_3': 4, 'tier_4': 3}"
2024-01-15T21:00:00,358,19,"{'tier_0': 3, 'tier_1': 3, 'tier_2': 5, 'tier_3': 4, 'tier_4': 4}"
2024-01-15T22:00:00,359,19,"{'tier_0': 2, 'tier_1': 4, 'tier_2': 6, 'tier_3': 4, 'tier_4': 3}"
2024-01-15T23:00:00,360,20,"{'tier_0': 2, 'tier_1': 4, 'tier_2': 6, 'tier_3': 4, 'tier_4': 4}"
2024-01-16T00:00:00,361,20,"{'tier_0': 2, 'tier_1': 5, 'tier_2': 6, 'tier_3': 4, 'tier_4': 3}"
2024-01-16T01:00:00,362,20,"{'tier_0': 2, 'tier_1': 5, 'tier_2': 6, 'tier_3': 4, 'tier_4': 3}"
2024-01-16T02:00:00,363,20,"{'tier_0': 2, 'tier_1': 4, 'tier_2': 6, 'tier_3': 4, 'tier_4': 4}"
2024-01-16T03:00:00,364,20,"{'tier_0': 3, 'tier_1': 4, 'tier_2': 6, 'tier_3': 4, 'tier_4': 3}"
2024-01-16T04:00:00,365,19,"{'tier_0': 2, 'tier_1': 4, 'tier_2': 5, 'tier_3': 4, 'tier_4': 4}"
2024-01-16T05:00:00,366,20,"{'tier_0': 2, 'tier_1': 4, 'tier_2': 6, 'tier_3': 4, 'tier_4': 4}"
2024-01-16T06:00:00,367,20,"{'tier_0': 2, 'tier_1': 4, 'tier_2': 6, 'tier_3': 4, 'tier_4': 4}"
2024-01-16T07:00:00,368,20,"{'tier_0': 2, 'tier_1': 4, 'tier_2': 6, 'tier_3': 4, 'tier_4': 4}"
2024-01-16T08:00:00,369,20,"{'tier_0': 2, 'tier_1': 4, 'tier_2': 6, 'tier_3': 4, 'tier_4': 4}"
2024-01-16T09:00:00,370,20,"{'tier_0': 3, 'tier_1': 3, 'tier_2': 6, 'tier_3': 4, 'tier_4': 4}"
2024-01-16T10:00:00,371,18,"{'tier_0': 3, 'tier_1': 3, 'tier_2': 5, 'tier_3': 4, 'tier_4': 3}"
2024-01-16T11:00:00,372,20,"{'tier_0': 3, 'tier_1': 4, 'tier_2': 6, 'tier_3': 4, 'tier_4': 3}"
2024-01-16T12:00:00,373,20,"{'tier_0': 2, 'tier_1': 5, 'tier_2': 6, 'tier_3': 4, 'tier_4': 3}"
2024-01-16T13:00:00,374,20,"{'tier_0': 2, 'tier_1': 5, 'tier_2': 6, 'tier_3': 4, 'tier_4': 3}"
2024-01-16T14:00:00,375,20,"{'tier_0': 3, 'tier_1': 4, 'tier_2': 6, 'tier_3': 4, 'tier_4': 3}"
2024-01-16T15:00:00,376,21,"{'tier_0': 2, 'tier_1': 5, 'tier_2': 6, 'tier_3': 4, 'tier_4': 4}"
2024-01-16T16:00:00,377,20,"{'tier_0': 3, 'tier_1': 3, 'tier_2': 6, 'tier_3': 4, 'tier_4': 4}"
2024-01-16T17:00:00,378,20,"{'tier_0': 2, 'tier_1': 4, 'tier_2': 6, 'tier_3': 4, 'tier_4': 4}"
2024-01-16T18:00:00,379,18,"{'tier_0': 2, 'tier_1': 4, 'tier_2': 5, 'tier_3': 4, 'tier_4': 3}"
2024-01-16T19:00:00,380,20,"{'tier_0': 2, 'tier_1': 4, 'tier_2': 6, 'tier_3': 4, 'tier_4': 4}"
2024-01-16T20:00:00,381,20,"{'tier_0': 2, 'tier_1': 4, 'tier_2': 6, 'tier_3': 4, 'tier_4': 4}"
2024-01-16T21:00:00,382,20,"{'tier_0': 3, 'tier_1': 4, 'tier_2': 6, 'tier_3': 4, 'tier_4': 3}"
2024-01-16T22:00:00,383,20,"{'tier_0': 3, 'tier_1': 4, 'tier_2': 6, 'tier_3': 4, 'tier_4': 3}"
2024-01-16T23:00:00,384,20,"{'tier_0': 2, 'tier_1': 5, 'tier_2': 6, 'tier_3': 4, 'tier_4': 3}"
2024-01-17T00:00:00,385,21,"{'tier_0': 4, 'tier_1': 3, 'tier_2': 6, 'tier_3': 4, 'tier_4': 4}"
2024-01-17T01:00:00,386,20,"{'tier_0': 2, 'tier_1': 4, 'tier_2': 5, 'tier_3': 5, 'tier_4': 4}"
2024-01-17T02:00:00,387,20,"{'tier_0': 2, 'tier_1': 5, 'tier_2': 6, 'tier_3': 4, 'tier_4': 3}"
2024-01-17T03:00:00,388,20,"{'tier_0': 2, 'tier_1': 4, 'tier_2': 6, 'tier_3': 4, 'tier_4': 4}"
2024-01-17T04:00:00,389,21,"{'tier_0': 2, 'tier_1': 5, 'tier_2': 6, 'tier_3': 4, 'tier_4': 4}"
2024-01-17T05:00:00,390,20,"{'tier_0': 2, 'tier_1': 5, 'tier_2': 6, 'tier_3': 4, 'tier_4': 3}"
2024-01-17T06:00:00,391,20,"{'tier_0': 2, 'tier_1': 4, 'tier_2': 6, 'tier_3': 4, 'tier_4': 4}"
2024-01-17T07:00:00,392,21,"{'tier_0': 3, 'tier_1': 4, 'tier_2': 6, 'tier_3': 4, 'tier_4': 4}"
2024-01-17T08:00:00,393,18,"{'tier_0': 2, 'tier_1': 4, 'tier_2': 5, 'tier_3': 4, 'tier_4': 3}"
2024-01-17T09:00:00,394,19,"{'tier_0': 2, 'tier_1': 4, 'tier_2': 6, 'tier_3': 4, 'tier_4': 3}"
2024-01-17T10:00:00,395,19,"{'tier_0': 1, 'tier_1': 5, 'tier_2': 5, 'tier_3': 4, 'tier_4': 4}"
2024-01-17T11:00:00,396,20,"{'tier_0': 2, 'tier_1': 5, 'tier_2': 6, 'tier_3': 4, 'tier_4': 3}"
2024-01-17T12:00:00,397,21,"{'tier_0': 2, 'tier_1': 5, 'tier_2': 6, 'tier_3': 4, 'tier_4': 4}"
2024-01-17T13:00:00,398,20,"{'tier_0': 2, 'tier_1': 4, 'tier_2': 6, 'tier_3': 4, 'tier_4': 4}"
2024-01-17T14:00:00,399,20,"{'tier_0': 2, 'tier_1': 5, 'tier_2': 6, 'tier_3': 4, 'tier_4': 3}"
2024-01-17T15:00:00,400,20,"{'tier_0': 2, 'tier_1': 5, 'tier_2': 6, 'tier_3': 4, 'tier_4': 3}"
2024-01-17T16:00:00,401,19,"{'tier_0': 2, 'tier_1': 4, 'tier_2': 6, 'tier_3': 4, 'tier_4': 3}"
2024-01-17T17:00:00,402,20,"{'tier_0': 2, 'tier_1': 4, 'tier_2': 6, 'tier_3': 4, 'tier_4': 4}"
2024-01-17T18:00:00,403,20,"{'tier_0': 2, 'tier_1': 5, 'tier_2': 6, 'tier_3': 4, 'tier_4': 3}"
2024-01-17T19:00:00,404,20,"{'tier_0': 2, 'tier_1': 4, 'tier_2': 6, 'tier_3': 4, 'tier_4': 4}"
2024-01-17T20:00:00,405,20,"{'tier_0': 2, 'tier_1': 5, 'tier_2': 6, 'tier_3': 4, 'tier_4': 3}"
2024-01-17T21:00:00,406,20,"{'tier_0': 2, 'tier_1': 5, 'tier_2': 6, 'tier_3': 4, 'tier_4': 3}"
2024-01-17T22:00:00,407,20,"{'tier_0': 2, 'tier_1': 5, 'tier_2': 6, 'tier_3': 4, 'tier_4': 3}"
2024-01-17T23:00:00,408,20,"{'tier_0': 2, 'tier_1': 4, 'tier_2': 6, 'tier_3': 4, 'tier_4': 4}"
2024-01-18T00:00:00,409,19,"{'tier_0': 3, 'tier_1': 3, 'tier_2': 5, 'tier_3': 4, 'tier_4': 4}"
2024-01-18T01:00:00,410,20,"{'tier_0': 2, 'tier_1': 5, 'tier_2': 6, 'tier_3': 4, 'tier_4': 3}"
2024-01-18T02:00:00,411,19,"{'tier_0': 3, 'tier_1': 3, 'tier_2': 5, 'tier_3': 4, 'tier_4': 4}"
2024-01-18T03:00:00,412,20,"{'tier_0': 3, 'tier_1': 4, 'tier_2': 6, 'tier_3': 4, 'tier_4': 3}"
2024-01-18T04:00:00,413,20,"{'tier_0': 2, 'tier_1': 5, 'tier_2': 6, 'tier_3': 4, 'tier_4': 3}"
2024-01-18T05:00:00,414,19,"{'tier_0': 3, 'tier_1': 3, 'tier_2': 5, 'tier_3': 4, 'tier_4': 4}"
2024-01-18T06:00:00,415,18,"{'tier_0': 2, 'tier_1': 4, 'tier_2': 5, 'tier_3': 4, 'tier_4': 3}"
2024-01-18T07:00:00,416,19,"{'tier_0': 2, 'tier_1': 4, 'tier_2': 6, 'tier_3': 4, 'tier_4': 3}"
2024-01-18T08:00:00,417,20,"{'tier_0': 2, 'tier_1': 5, 'tier_2': 6, 'tier_3': 4, 'tier_4': 3}"
2024-01-18T09:00:00,418,21,"{'tier_0': 3, 'tier_1': 4, 'tier_2': 6, 'tier_3': 4, 'tier_4': 4}"
2024-01-18T10:00:00,419,19,"{'tier_0': 2, 'tier_1': 4, 'tier_2': 5, 'tier_3': 4, 'tier_4': 4}"
2024-01-18T11:00:00,420,20,"{'tier_0': 2, 'tier_1': 5, 'tier_2': 6, 'tier_3': 4, 'tier_4': 3}"
2024-01-18T12:00:00,421,21,"{'tier_0': 3, 'tier_1': 4, 'tier_2': 6, 'tier_3': 4, 'tier_4': 4}"
2024-01-18T13:00:00,422,20,"{'tier_0': 2, 'tier_1': 5, 'tier_2': 6, 'tier_3': 4, 'tier_4': 3}"
2024-01-18T14:00:00,423,19,"{'tier_0': 2, 'tier_1': 4, 'tier_2': 5, 'tier_3': 4, 'tier_4': 4}"
2024-01-18T15:00:00,424,19,"{'tier_0': 2, 'tier_1': 4, 'tier_2': 5, 'tier_3': 4, 'tier_4': 4}"
2024-01-18T16:00:00,425,21,"{'tier_0': 2, 'tier_1': 5, 'tier_2': 6, 'tier_3': 4, 'tier_4': 4}"
2024-01-18T17:00:00,426,20,"{'tier_0': 2, 'tier_1': 5, 'tier_2': 6, 'tier_3': 4, 'tier_4': 3}"
2024-01-18T18:00:00,427,20,"{'tier_0': 2, 'tier_1': 4, 'tier_2': 6, 'tier_3': 4, 'tier_4': 4}"
2024-01-18T19:00:00,428,18,"{'tier_0': 2, 'tier_1': 4, 'tier_2': 5, 'tier_3': 4, 'tier_4': 3}"
2024-01-18T20:00:00,429,18,"{'tier_0': 2, 'tier_1': 4, 'tier_2': 5, 'tier_3': 4, 'tier_4': 3}"
2024-01-18T21:00:00,430,20,"{'tier_0': 2, 'tier_1': 5, 'tier_2': 6, 'tier_3': 4, 'tier_4': 3}"
2024-01-18T22:00:00,431,20,"{'tier_0': 2, 'tier_1': 4, 'tier_2': 6, 'tier_3': 4, 'tier_4': 4}"
2024-01-18T23:00:00,432,20,"{'tier_0': 2, 'tier_1': 4, 'tier_2': 6, 'tier_3': 4, 'tier_4': 4}"
2024-01-19T00:00:00,433,20,"{'tier_0': 2, 'tier_1': 5, 'tier_2': 6, 'tier_3': 4, 'tier_4': 3}"
2024-01-19T01:00:00,434,20,"{'tier_0': 2, 'tier_1': 5, 'tier_2': 6, 'tier_3': 4, 'tier_4': 3}"
2024-01-19T02:00:00,435,20,"{'tier_0': 2, 'tier_1': 4, 'tier_2': 6, 'tier_3': 4, 'tier_4': 4}"
2024-01-19T03:00:00,436,18,"{'tier_0': 2, 'tier_1': 4, 'tier_2': 5, 'tier_3': 4, 'tier_4': 3}"
2024-01-19T04:00:00,437,21,"{'tier_0': 2, 'tier_1': 4, 'tier_2': 6, 'tier_3': 5, 'tier_4': 4}"
2024-01-19T05:00:00,438,19,"{'tier_0': 2, 'tier_1': 4, 'tier_2': 5, 'tier_3': 4, 'tier_4': 4}"
2024-01-19T06:00:00,439,20,"{'tier_0': 2, 'tier_1': 4, 'tier_2': 6, 'tier_3': 4, 'tier_4': 4}"
2024-01-19T07:00:00,440,21,"{'tier_0': 2, 'tier_1': 4, 'tier_2': 6, 'tier_3': 5, 'tier_4': 4}"
2024-01-19T08:00:00,441,20,"{'tier_0': 2, 'tier_1': 5, 'tier_2': 6, 'tier_3': 4, 'tier_4': 3}"
2024-01-19T09:00:00,442,20,"{'tier_0': 2, 'tier_1': 4, 'tier_2': 6, 'tier_3': 4, 'tier_4': 4}"
2024-01-19T10:00:00,443,20,"{'tier_0': 3, 'tier_1': 3, 'tier_2': 6, 'tier_3': 4, 'tier_4': 4}"
2024-01-19T11:00:00,444,19,"{'tier_0': 2, 'tier_1': 4, 'tier_2': 6, 'tier_3': 4, 'tier_4': 3}"
2024-01-19T12:00:00,445,20,"{'tier_0': 2, 'tier_1': 5, 'tier_2': 6, 'tier_3': 4, 'tier_4': 3}"
2024-01-19T13:00:00,446,20,"{'tier_0': 2, 'tier_1': 4, 'tier_2': 6, 'tier_3': 4, 'tier_4': 4}"
2024-01-19T14:00:00,447,18,"{'tier_0': 2, 'tier_1': 4, 'tier_2': 5, 'tier_3': 4, 'tier_4': 3}"
2024-01-19T15:00:00,448,20,"{'tier_0': 2, 'tier_1': 5, 'tier_2': 6, 'tier_3': 4, 'tier_4': 3}"
2024-01-19T16:00:00,449,20,"{'tier_0': 3, 'tier_1': 4, 'tier_2': 6, 'tier_3': 4, 'tier_4': 3}"
2024-01-19T17:00:00,450,20,"{'tier_0': 3, 'tier_1': 4, 'tier_2': 6, 'tier_3': 4, 'tier_4': 3}"
2024-01-19T18:00:00,451,20,"{'tier_0': 2, 'tier_1': 5, 'tier_2': 6, 'tier_3': 4, 'tier_4': 3}"
2024-01-19T19:00:00,452,20,"{'tier_0': 2, 'tier_1': 4, 'tier_2': 6, 'tier_3': 4, 'tier_4': 4}"
2024-01-19T20:00:00,453,20,"{'tier_0': 2, 'tier_1': 5, 'tier_2': 6, 'tier_3': 4, 'tier_4': 3}"
2024-01-19T21:00:00,454,20,"{'tier_0': 3, 'tier_1': 3, 'tier_2': 6, 'tier_3': 4, 'tier_4': 4}"
2024-01-19T22:00:00,455,20,"{'tier_0': 2, 'tier_1': 5, 'tier_2': 6, 'tier_3': 4, 'tier_4': 3}"
2024-01-19T23:00:00,456,20,"{'tier_0': 2, 'tier_1': 4, 'tier_2': 6, 'tier_3': 4, 'tier_4': 4}"
2024-01-20T00:00:00,457,20,"{'tier_0': 2, 'tier_1': 5, 'tier_2': 6, 'tier_3': 4, 'tier_4': 3}"
2024-01-20T01:00:00,458,20,"{'tier_0': 2, 'tier_1': 5, 'tier_2': 6, 'tier_3': 4, 'tier_4': 3}"
2024-01-20T02:00:00,459,20,"{'tier_0': 2, 'tier_1': 5, 'tier_2': 6, 'tier_3': 4, 'tier_4': 3}"
2024-01-20T03:00:00,460,20,"{'tier_0': 2, 'tier_1': 4, 'tier_2': 6, 'tier_3': 4, 'tier_4': 4}"
2024-01-20T04:00:00,461,20,"{'tier_0': 2, 'tier_1': 4, 'tier_2': 6, 'tier_3': 4, 'tier_4': 4}"
2024-01-20T05:00:00,462,21,"{'tier_0': 2, 'tier_1': 4, 'tier_2': 6, 'tier_3': 4, 'tier_4': 5}"
2024-01-20T06:00:00,463,21,"{'tier_0': 2, 'tier_1': 5, 'tier_2': 6, 'tier_3': 4, 'tier_4': 4}"
2024-01-20T07:00:00,464,20,"{'tier_0': 2, 'tier_1': 5, 'tier_2': 6, 'tier_3': 4, 'tier_4': 3}"
2024-01-20T08:00:00,465,20,"{'tier_0': 2, 'tier_1': 4, 'tier_2': 6, 'tier_3': 4, 'tier_4': 4}"
2024-01-20T09:00:00,466,21,"{'tier_0': 2, 'tier_1': 5, 'tier_2': 6, 'tier_3': 4, 'tier_4': 4}"
2024-01-20T10:00:00,467,20,"{'tier_0': 2, 'tier_1': 4, 'tier_2': 6, 'tier_3': 4, 'tier_4': 4}"
2024-01-20T11:00:00,468,20,"{'tier_0': 2, 'tier_1': 5, 'tier_2': 6, 'tier_3': 4, 'tier_4': 3}"
2024-01-20T12:00:00,469,20,"{'tier_0': 2, 'tier_1': 4, 'tier_2': 6, 'tier_3': 4, 'tier_4': 4}"
2024-01-20T13:00:00,470,20,"{'tier_0': 2, 'tier_1': 4, 'tier_2': 6, 'tier_3': 4, 'tier_4': 4}"
2024-01-20T14:00:00,471,20,"{'tier_0': 2, 'tier_1': 5, 'tier_2': 6, 'tier_3': 4, 'tier_4': 3}"
2024-01-20T15:00:00,472,20,"{'tier_0': 2, 'tier_1': 5, 'tier_2': 6, 'tier_3': 4, 'tier_4': 3}"
2024-01-20T16:00:00,473,20,"{'tier_0': 2, 'tier_1': 5, 'tier_2': 6, 'tier_3': 4, 'tier_4': 3}"
2024-01-20T17:00:00,474,20,"{'tier_0': 2, 'tier_1': 4, 'tier_2': 6, 'tier_3': 4, 'tier_4': 4}"
2024-01-20T18:00:00,475,20,"{'tier_0': 2, 'tier_1': 4, 'tier_2': 6, 'tier_3': 4, 'tier_4': 4}"
2024-01-20T19:00:00,476,21,"{'tier_0': 4, 'tier_1': 3, 'tier_2': 6, 'tier_3': 4, 'tier_4': 4}"
2024-01-20T20:00:00,477,19,"{'tier_0': 2, 'tier_1': 4, 'tier_2': 5, 'tier_3': 4, 'tier_4': 4}"
2024-01-20T21:00:00,478,20,"{'tier_0': 2, 'tier_1': 4, 'tier_2': 6, 'tier_3': 4, 'tier_4': 4}"
2024-01-20T22:00:00,479,20,"{'tier_0': 2, 'tier_1': 4, 'tier_2': 5, 'tier_3': 5, 'tier_4': 4}"
2024-01-20T23:00:00,480,20,"{'tier_0': 2, 'tier_1': 4, 'tier_2': 6, 'tier_3': 4, 'tier_4': 4}"
2024-01-21T00:00:00,481,18,"{'tier_0': 2, 'tier_1': 4, 'tier_2': 5, 'tier_3': 4, 'tier_4': 3}"
2024-01-21T01:00:00,482,20,"{'tier_0': 2, 'tier_1': 4, 'tier_2': 6, 'tier_3': 4, 'tier_4': 4}"
2024-01-21T02:00:00,483,20,"{'tier_0': 2, 'tier_1': 5, 'tier_2': 6, 'tier_3': 4, 'tier_4': 3}"
2024-01-21T03:00:00,484,20,"{'tier_0': 2, 'tier_1': 4, 'tier_2': 6, 'tier_3': 4, 'tier_4': 4}"
2024-01-21T04:00:00,485,21,"{'tier_0': 2, 'tier_1': 4, 'tier_2': 6, 'tier_3': 5, 'tier_4': 4}"
2024-01-21T05:00:00,486,19,"{'tier_0': 2, 'tier_1': 4, 'tier_2': 6, 'tier_3': 4, 'tier_4': 3}"
2024-01-21T06:00:00,487,21,"{'tier_0': 3, 'tier_1': 4, 'tier_2': 6, 'tier_3': 4, 'tier_4': 4}"
2024-01-21T07:00:00,488,20,"{'tier_0': 3, 'tier_1': 3, 'tier_2': 6, 'tier_3': 4, 'tier_4': 4}"
2024-01-21T08:00:00,489,20,"{'tier_0': 2, 'tier_1': 4, 'tier_2': 6, 'tier_3': 4, 'tier_4': 4}"
2024-01-21T09:00:00,490,19,"{'tier_0': 2, 'tier_1': 4, 'tier_2': 6, 'tier_3': 4, 'tier_4': 3}"
2024-01-21T10:00:00,491,19,"{'tier_0': 2, 'tier_1': 4, 'tier_2': 6, 'tier_3': 4, 'tier_4': 3}"
2024-01-21T11:00:00,492,20,"{'tier_0': 2, 'tier_1': 5, 'tier_2': 6, 'tier_3': 4, 'tier_4': 3}"
2024-01-21T12:00:00,493,20,"{'tier_0': 2, 'tier_1': 5, 'tier_2': 6, 'tier_3': 4, 'tier_4': 3}"
2024-01-21T13:00:00,494,21,"{'tier_0': 2, 'tier_1': 4, 'tier_2': 6, 'tier_3': 5, 'tier_4': 4}"
2024-01-21T14:00:00,495,20,"{'tier_0': 2, 'tier_1': 5, 'tier_2': 6, 'tier_3': 4, 'tier_4': 3}"
2024-01-21T15:00:00,496,19,"{'tier_0': 2, 'tier_1': 4, 'tier_2': 6, 'tier_3': 4, 'tier_4': 3}"
2024-01-21T16:00:00,497,20,"{'tier_0': 2, 'tier_1': 5, 'tier_2': 6, 'tier_3': 4, 'tier_4': 3}"
2024-01-21T17:00:00,498,19,"{'tier_0': 2, 'tier_1': 4, 'tier_2': 6, 'tier_3': 4, 'tier_4': 3}"
2024-01-21T18:00:00,499,20,"{'tier_0': 2, 'tier_1': 4, 'tier_2': 6, 'tier_3': 4, 'tier_4': 4}"
2024-01-21T19:00:00,500,20,"{'tier_0': 2, 'tier_1': 4, 'tier_2': 6, 'tier_3': 4, 'tier_4': 4}"
2024-01-21T20:00:00,501,21,"{'tier_0': 2, 'tier_1': 5, 'tier_2': 6, 'tier_3': 4, 'tier_4': 4}"
2024-01-21T21:00:00,502,19,"{'tier_0': 2, 'tier_1': 4, 'tier_2': 5, 'tier_3': 4, 'tier_4': 4}"
2024-01-21T22:00:00,503,21,"{'tier_0': 2, 'tier_1': 5, 'tier_2': 6, 'tier_3': 4, 'tier_4': 4}"
2024-01-21T23:00:00,504,19,"{'tier_0': 2, 'tier_1': 4, 'tier_2': 6, 'tier_3': 4, 'tier_4': 3}"
2024-01-22T00:00:00,505,20,"{'tier_0': 2, 'tier_1': 5, 'tier_2': 6, 'tier_3': 4, 'tier_4': 3}"
2024-01-22T01:00:00,506,20,"{'tier_0': 2, 'tier_1': 4, 'tier_2': 6, 'tier_3': 4, 'tier_4': 4}"
2024-01-22T02:00:00,507,20,"{'tier_0': 2, 'tier_1': 4, 'tier_2': 6, 'tier_3': 4, 'tier_4': 4}"
2024-01-22T03:00:00,508,18,"{'tier_0': 2, 'tier_1': 4, 'tier_2': 5, 'tier_3': 4, 'tier_4': 3}"
2024-01-22T04:00:00,509,18,"{'tier_0': 2, 'tier_1': 4, 'tier_2': 5, 'tier_3': 4, 'tier_4': 3}"
2024-01-22T05:00:00,510,20,"{'tier_0': 2, 'tier_1': 5, 'tier_2': 6, 'tier_3': 4, 'tier_4': 3}"
2024-01-22T06:00:00,511,20,"{'tier_0': 3, 'tier_1': 3, 'tier_2': 6, 'tier_3': 4, 'tier_4': 4}"
2024-01-22T07:00:00,512,20,"{'tier_0': 3, 'tier_1': 3, 'tier_2': 6, 'tier_3': 4, 'tier_4': 4}"
2024-01-22T08:00:00,513,20,"{'tier_0': 2, 'tier_1': 5, 'tier_2': 6, 'tier_3': 4, 'tier_4': 3}"
2024-01-22T09:00:00,514,19,"{'tier_0': 2, 'tier_1': 4, 'tier_2': 6, 'tier_3': 4, 'tier_4': 3}"
2024-01-22T10:00:00,515,20,"{'tier_0': 2, 'tier_1': 4, 'tier_2': 6, 'tier_3': 4, 'tier_4': 4}"
2024-01-22T11:00:00,516,20,"{'tier_0': 2, 'tier_1': 4, 'tier_2': 6, 'tier_3': 4, 'tier_4': 4}"
2024-01-22T12:00:00,517,21,"{'tier_0': 2, 'tier_1': 5, 'tier_2': 6, 'tier_3': 5, 'tier_4': 3}"
2024-01-22T13:00:00,518,20,"{'tier_0': 3, 'tier_1': 4, 'tier_2': 6, 'tier_3': 4, 'tier_4': 3}"
2024-01-22T14:00:00,519,20,"{'tier_0': 2, 'tier_1': 5, 'tier_2': 6, 'tier_3': 4, 'tier_4': 3}"
2024-01-22T15:00:00,520,21,"{'tier_0': 2, 'tier_1': 5, 'tier_2': 6, 'tier_3': 4, 'tier_4': 4}"
2024-01-22T16:00:00,521,19,"{'tier_0': 2, 'tier_1': 4, 'tier_2': 6, 'tier_3': 4, 'tier_4': 3}"
2024-01-22T17:00:00,522,20,"{'tier_0': 2, 'tier_1': 4, 'tier_2': 6, 'tier_3': 4, 'tier_4': 4}"
2024-01-22T18:00:00,523,21,"{'tier_0': 2, 'tier_1': 5, 'tier_2': 6, 'tier_3': 5, 'tier_4': 3}"
2024-01-22T19:00:00,524,21,"{'tier_0': 3, 'tier_1': 4, 'tier_2': 6, 'tier_3': 4, 'tier_4': 4}"
2024-01-22T20:00:00,525,20,"{'tier_0': 2, 'tier_1': 4, 'tier_2': 6, 'tier_3': 4, 'tier_4': 4}"
2024-01-22T21:00:00,526,20,"{'tier_0': 2, 'tier_1': 4, 'tier_2': 6, 'tier_3': 4, 'tier_4': 4}"
2024-01-22T22:00:00,527,20,"{'tier_0': 2, 'tier_1': 4, 'tier_2': 6, 'tier_3': 4, 'tier_4': 4}"
2024-01-22T23:00:00,528,20,"{'tier_0': 2, 'tier_1': 4, 'tier_2': 6, 'tier_3': 4, 'tier_4': 4}"
2024-01-23T00:00:00,529,20,"{'tier_0': 3, 'tier_1': 3, 'tier_2': 6, 'tier_3': 4, 'tier_4': 4}"
2024-01-23T01:00:00,530,20,"{'tier_0': 2, 'tier_1': 4, 'tier_2': 6, 'tier_3': 4, 'tier_4': 4}"
2024-01-23T02:00:00,531,21,"{'tier_0': 2, 'tier_1': 4, 'tier_2': 6, 'tier_3': 4, 'tier_4': 5}"
2024-01-23T03:00:00,532,19,"{'tier_0': 2, 'tier_1': 4, 'tier_2': 5, 'tier_3': 4, 'tier_4': 4}"
2024-01-23T04:00:00,533,20,"{'tier_0': 2, 'tier_1': 4, 'tier_2': 6, 'tier_3': 4, 'tier_4': 4}"
2024-01-23T05:00:00,534,21,"{'tier_0': 3, 'tier_1': 4, 'tier_2': 6, 'tier_3': 4, 'tier_4': 4}"
2024-01-23T06:00:00,535,19,"{'tier_0': 2, 'tier_1': 4, 'tier_2': 5, 'tier_3': 4, 'tier_4': 4}"
2024-01-23T07:00:00,536,21,"{'tier_0': 2, 'tier_1': 5, 'tier_2': 6, 'tier_3': 4, 'tier_4': 4}"
2024-01-23T08:00:00,537,21,"{'tier_0': 2, 'tier_1': 5, 'tier_2': 6, 'tier_3': 4, 'tier_4': 4}"
2024-01-23T09:00:00,538,20,"{'tier_0': 2, 'tier_1': 5, 'tier_2': 6, 'tier_3': 4, 'tier_4': 3}"
2024-01-23T10:00:00,539,20,"{'tier_0': 3, 'tier_1': 4, 'tier_2': 6, 'tier_3': 4, 'tier_4': 3}"
2024-01-23T11:00:00,540,21,"{'tier_0': 3, 'tier_1': 4, 'tier_2': 6, 'tier_3': 4, 'tier_4': 4}"
2024-01-23T12:00:00,541,20,"{'tier_0': 3, 'tier_1': 4, 'tier_2': 6, 'tier_3': 4, 'tier_4': 3}"
2024-01-23T13:00:00,542,21,"{'tier_0': 2, 'tier_1': 4, 'tier_2': 6, 'tier_3': 5, 'tier_4': 4}"
2024-01-23T14:00:00,543,20,"{'tier_0': 2, 'tier_1': 5, 'tier_2': 6, 'tier_3': 4, 'tier_4': 3}"
2024-01-23T15:00:00,544,20,"{'tier_0': 2, 'tier_1': 4, 'tier_2': 6, 'tier_3': 4, 'tier_4': 4}"
2024-01-23T16:00:00,545,18,"{'tier_0': 2, 'tier_1': 4, 'tier_2': 5, 'tier_3': 4, 'tier_4': 3}"
2024-01-23T17:00:00,546,19,"{'tier_0': 2, 'tier_1': 4, 'tier_2': 6, 'tier_3': 4, 'tier_4': 3}"
2024-01-23T18:00:00,547,18,"{'tier_0': 2, 'tier_1': 4, 'tier_2': 5, 'tier_3': 4, 'tier_4': 3}"
2024-01-23T19:00:00,548,20,"{'tier_0': 2, 'tier_1': 5, 'tier_2': 6, 'tier_3': 4, 'tier_4': 3}"
2024-01-23T20:00:00,549,19,"{'tier_0': 2, 'tier_1': 4, 'tier_2': 5, 'tier_3': 4, 'tier_4': 4}"
2024-01-23T21:00:00,550,18,"{'tier_0': 2, 'tier_1': 4, 'tier_2': 5, 'tier_3': 4, 'tier_4': 3}"
2024-01-23T22:00:00,551,19,"{'tier_0': 2, 'tier_1': 4, 'tier_2': 5, 'tier_3': 4, 'tier_4': 4}"
2024-01-23T23:00:00,552,20,"{'tier_0': 2, 'tier_1': 4, 'tier_2': 6, 'tier_3': 4, 'tier_4': 4}"
2024-01-24T00:00:00,553,20,"{'tier_0': 3, 'tier_1': 3, 'tier_2': 6, 'tier_3': 4, 'tier_4': 4}"
2024-01-24T01:00:00,554,20,"{'tier_0': 2, 'tier_1': 5, 'tier_2': 6, 'tier_3': 4, 'tier_4': 3}"
2024-01-24T02:00:00,555,21,"{'tier_0': 2, 'tier_1': 5, 'tier_2': 6, 'tier_3': 4, 'tier_4': 4}"
2024-01-24T03:00:00,556,21,"{'tier_0': 2, 'tier_1': 5, 'tier_2': 6, 'tier_3': 4, 'tier_4': 4}"
2024-01-24T04:00:00,557,21,"{'tier_0': 2, 'tier_1': 5, 'tier_2': 6, 'tier_3': 4, 'tier_4': 4}"
2024-01-24T05:00:00,558,20,"{'tier_0': 2, 'tier_1': 4, 'tier_2': 6, 'tier_3': 4, 'tier_4': 4}"
2024-01-24T06:00:00,559,21,"{'tier_0': 3, 'tier_1': 4, 'tier_2': 6, 'tier_3': 4, 'tier_4': 4}"
2024-01-24T07:00:00,560,20,"{'tier_0': 2, 'tier_1': 4, 'tier_2': 6, 'tier_3': 4, 'tier_4': 4}"
2024-01-24T08:00:00,561,20,"{'tier_0': 2, 'tier_1': 4, 'tier_2': 6, 'tier_3': 4, 'tier_4': 4}"
2024-01-24T09:00:00,562,20,"{'tier_0': 2, 'tier_1': 4, 'tier_2': 6, 'tier_3': 4, 'tier_4': 4}"
2024-01-24T10:00:00,563,20,"{'tier_0': 3, 'tier_1': 4, 'tier_2': 6, 'tier_3': 4, 'tier_4': 3}"
2024-01-24T11:00:00,564,21,"{'tier_0': 4, 'tier_1': 3, 'tier_2': 6, 'tier_3': 4, 'tier_4': 4}"
2024-01-24T12:00:00,565,21,"{'tier_0': 2, 'tier_1': 5, 'tier_2': 6, 'tier_3': 4, 'tier_4': 4}"
2024-01-24T13:00:00,566,20,"{'tier_0': 2, 'tier_1': 4, 'tier_2': 6, 'tier_3': 4, 'tier_4': 4}"
2024-01-24T14:00:00,567,21,"{'tier_0': 3, 'tier_1': 4, 'tier_2': 6, 'tier_3': 4, 'tier_4': 4}"
2024-01-24T15:00:00,568,21,"{'tier_0': 2, 'tier_1': 5, 'tier_2': 6, 'tier_3': 5, 'tier_4': 3}"
2024-01-24T16:00:00,569,21,"{'tier_0': 2, 'tier_1': 5, 'tier_2': 6, 'tier_3': 4, 'tier_4': 4}"
2024-01-24T17:00:00,570,19,"{'tier_0': 2, 'tier_1': 4, 'tier_2': 6, 'tier_3': 4, 'tier_4': 3}"
2024-01-24T18:00:00,571,20,"{'tier_0': 2, 'tier_1': 5, 'tier_2': 6, 'tier_3': 4, 'tier_4': 3}"
2024-01-24T19:00:00,572,20,"{'tier_0': 3, 'tier_1': 4, 'tier_2': 6, 'tier_3': 4, 'tier_4': 3}"
2024-01-24T20:00:00,573,20,"{'tier_0': 3, 'tier_1': 4, 'tier_2': 6, 'tier_3': 4, 'tier_4': 3}"
2024-01-24T21:00:00,574,18,"{'tier_0': 2, 'tier_1': 4, 'tier_2': 5, 'tier_3': 4, 'tier_4': 3}"
2024-01-24T22:00:00,575,20,"{'tier_0': 2, 'tier_1': 5, 'tier_2': 6, 'tier_3': 4, 'tier_4': 3}"
2024-01-24T23:00:00,576,20,"{'tier_0': 2, 'tier_1': 5, 'tier_2': 6, 'tier_3': 4, 'tier_4': 3}"
2024-01-25T00:00:00,577,19,"{'tier_0': 1, 'tier_1': 5, 'tier_2': 5, 'tier_3': 4, 'tier_4': 4}"
2024-01-25T01:00:00,578,20,"{'tier_0': 2, 'tier_1': 4, 'tier_2': 6, 'tier_3': 4, 'tier_4': 4}"
2024-01-25T02:00:00,579,21,"{'tier_0': 2, 'tier_1': 5, 'tier_2': 6, 'tier_3': 4, 'tier_4': 4}"
2024-01-25T03:00:00,580,19,"{'tier_0': 2, 'tier_1': 4, 'tier_2': 5, 'tier_3': 4, 'tier_4': 4}"
2024-01-25T04:00:00,581,19,"{'tier_0': 3, 'tier_1': 3, 'tier_2': 5, 'tier_3': 4, 'tier_4': 4}"
2024-01-25T05:00:00,582,20,"{'tier_0': 2, 'tier_1': 5, 'tier_2': 6, 'tier_3': 4, 'tier_4': 3}"
2024-01-25T06:00:00,583,20,"{'tier_0': 2, 'tier_1': 4, 'tier_2': 6, 'tier_3': 4, 'tier_4': 4}"
2024-01-25T07:00:00,584,21,"{'tier_0': 2, 'tier_1': 5, 'tier_2': 6, 'tier_3': 4, 'tier_4': 4}"
2024-01-25T08:00:00,585,20,"{'tier_0': 2, 'tier_1': 5, 'tier_2': 6, 'tier_3': 4, 'tier_4': 3}"
2024-01-25T09:00:00,586,20,"{'tier_0': 3, 'tier_1': 3, 'tier_2': 6, 'tier_3': 4, 'tier_4': 4}"
2024-01-25T10:00:00,587,20,"{'tier_0': 2, 'tier_1': 4, 'tier_2': 6, 'tier_3': 4, 'tier_4': 4}"
2024-01-25T11:00:00,588,20,"{'tier_0': 2, 'tier_1': 4, 'tier_2': 5, 'tier_3': 5, 'tier_4': 4}"
2024-01-25T12:00:00,589,20,"{'tier_0': 2, 'tier_1': 5, 'tier_2': 6, 'tier_3': 4, 'tier_4': 3}"
2024-01-25T13:00:00,590,18,"{'tier_0': 2, 'tier_1': 4, 'tier_2': 5, 'tier_3': 4, 'tier_4': 3}"
2024-01-25T14:00:00,591,20,"{'tier_0': 2, 'tier_1': 5, 'tier_2': 6, 'tier_3': 4, 'tier_4': 3}"
2024-01-25T15:00:00,592,20,"{'tier_0': 2, 'tier_1': 4, 'tier_2': 6, 'tier_3': 4, 'tier_4': 4}"
2024-01-25T16:00:00,593,20,"{'tier_0': 2, 'tier_1': 5, 'tier_2': 6, 'tier_3': 4, 'tier_4': 3}"
2024-01-25T17:00:00,594,20,"{'tier_0': 2, 'tier_1': 4, 'tier_2': 6, 'tier_3': 4, 'tier_4': 4}"
2024-01-25T18:00:00,595,18,"{'tier_0': 2, 'tier_1': 4, 'tier_2': 5, 'tier_3': 4, 'tier_4': 3}"
2024-01-25T19:00:00,596,20,"{'tier_0': 2, 'tier_1': 4, 'tier_2': 6, 'tier_3': 4, 'tier_4': 4}"
2024-01-25T20:00:00,597,20,"{'tier_0': 2, 'tier_1': 5, 'tier_2': 6, 'tier_3': 4, 'tier_4': 3}"
2024-01-25T21:00:00,598,19,"{'tier_0': 2, 'tier_1': 4, 'tier_2': 6, 'tier_3': 4, 'tier_4': 3}"
2024-01-25T22:00:00,599,20,"{'tier_0': 2, 'tier_1': 4, 'tier_2': 6, 'tier_3': 4, 'tier_4': 4}"
2024-01-25T23:00:00,600,20,"{'tier_0': 2, 'tier_1': 5, 'tier_2': 6, 'tier_3': 4, 'tier_4': 3}"
2024-01-26T00:00:00,601,20,"{'tier_0': 2, 'tier_1': 4, 'tier_2': 6, 'tier_3': 4, 'tier_4': 4}"
2024-01-26T01:00:00,602,20,"{'tier_0': 2, 'tier_1': 4, 'tier_2': 6, 'tier_3': 4, 'tier_4': 4}"
2024-01-26T02:00:00,603,19,"{'tier_0': 2, 'tier_1': 4, 'tier_2': 5, 'tier_3': 4, 'tier_4': 4}"
2024-01-26T03:00:00,604,20,"{'tier_0': 2, 'tier_1': 5, 'tier_2': 6, 'tier_3': 4, 'tier_4': 3}"
2024-01-26T04:00:00,605,20,"{'tier_0': 2, 'tier_1': 4, 'tier_2': 6, 'tier_3': 4, 'tier_4': 4}"
2024-01-26T05:00:00,606,20,"{'tier_0': 3, 'tier_1': 3, 'tier_2': 6, 'tier_3': 4, 'tier_4': 4}"
2024-01-26T06:00:00,607,20,"{'tier_0': 2, 'tier_1': 4, 'tier_2': 6, 'tier_3': 4, 'tier_4': 4}"
2024-01-26T07:00:00,608,19,"{'tier_0': 2, 'tier_1': 4, 'tier_2': 6, 'tier_3': 4, 'tier_4': 3}"
2024-01-26T08:00:00,609,19,"{'tier_0': 2, 'tier_1': 4, 'tier_2': 5, 'tier_3': 4, 'tier_4': 4}"
2024-01-26T09:00:00,610,20,"{'tier_0': 3, 'tier_1': 4, 'tier_2': 6, 'tier_3': 4, 'tier_4': 3}"
2024-01-26T10:00:00,611,20,"{'tier_0': 3, 'tier_1': 4, 'tier_2': 6, 'tier_3': 4, 'tier_4': 3}"
2024-01-26T11:00:00,612,20,"{'tier_0': 2, 'tier_1': 5, 'tier_2': 6, 'tier_3': 4, 'tier_4': 3}"
2024-01-26T12:00:00,613,21,"{'tier_0': 2, 'tier_1': 5, 'tier_2': 6, 'tier_3': 4, 'tier_4': 4}"
2024-01-26T13:00:00,614,20,"{'tier_0': 2, 'tier_1': 4, 'tier_2': 6, 'tier_3': 4, 'tier_4': 4}"
2024-01-26T14:00:00,615,20,"{'tier_0': 2, 'tier_1': 5, 'tier_2': 6, 'tier_3': 4, 'tier_4': 3}"
2024-01-26T15:00:00,616,21,"{'tier_0': 2, 'tier_1': 5, 'tier_2': 6, 'tier_3': 4, 'tier_4': 4}"
2024-01-26T16:00:00,617,20,"{'tier_0': 2, 'tier_1': 4, 'tier_2': 6, 'tier_3': 4, 'tier_4': 4}"
2024-01-26T17:00:00,618,19,"{'tier_0': 2, 'tier_1': 4, 'tier_2': 6, 'tier_3': 4, 'tier_4': 3}"
2024-01-26T18:00:00,619,20,"{'tier_0': 2, 'tier_1': 4, 'tier_2': 6, 'tier_3': 4, 'tier_4': 4}"
2024-01-26T19:00:00,620,19,"{'tier_0': 2, 'tier_1': 4, 'tier_2': 5, 'tier_3': 4, 'tier_4': 4}"
2024-01-26T20:00:00,621,21,"{'tier_0': 2, 'tier_1': 5, 'tier_2': 6, 'tier_3': 4, 'tier_4': 4}"
2024-01-26T21:00:00,622,20,"{'tier_0': 2, 'tier_1': 4, 'tier_2': 6, 'tier_3': 4, 'tier_4': 4}"
2024-01-26T22:00:00,623,20,"{'tier_0': 2, 'tier_1': 4, 'tier_2': 6, 'tier_3': 4, 'tier_4': 4}"
2024-01-26T23:00:00,624,19,"{'tier_0': 2, 'tier_1': 4, 'tier_2': 6, 'tier_3': 4, 'tier_4': 3}"
2024-01-27T00:00:00,625,19,"{'tier_0': 2, 'tier_1': 4, 'tier_2': 6, 'tier_3': 4, 'tier_4': 3}"
2024-01-27T01:00:00,626,20,"{'tier_0': 2, 'tier_1': 5, 'tier_2': 6, 'tier_3': 4, 'tier_4': 3}"
2024-01-27T02:00:00,627,20,"{'tier_0': 2, 'tier_1': 5, 'tier_2': 6, 'tier_3': 4, 'tier_4': 3}"
2024-01-27T03:00:00,628,20,"{'tier_0': 3, 'tier_1': 4, 'tier_2': 6, 'tier_3': 4, 'tier_4': 3}"
2024-01-27T04:00:00,629,20,"{'tier_0': 2, 'tier_1': 5, 'tier_2': 6, 'tier_3': 4, 'tier_4': 3}"
2024-01-27T05:00:00,630,20,"{'tier_0': 2, 'tier_1': 5, 'tier_2': 6, 'tier_3': 4, 'tier_4': 3}"
2024-01-27T06:00:00,631,20,"{'tier_0': 3, 'tier_1': 4, 'tier_2': 6, 'tier_3': 4, 'tier_4': 3}"
2024-01-27T07:00:00,632,21,"{'tier_0': 2, 'tier_1': 5, 'tier_2': 6, 'tier_3': 4, 'tier_4': 4}"
2024-01-27T08:00:00,633,20,"{'tier_0': 3, 'tier_1': 4, 'tier_2': 6, 'tier_3': 4, 'tier_4': 3}"
2024-01-27T09:00:00,634,20,"{'tier_0': 2, 'tier_1': 4, 'tier_2': 6, 'tier_3': 4, 'tier_4': 4}"
2024-01-27T10:00:00,635,20,"{'tier_0': 2, 'tier_1': 4, 'tier_2': 6, 'tier_3': 4, 'tier_4': 4}"
2024-01-27T11:00:00,636,20,"{'tier_0': 3, 'tier_1': 4, 'tier_2': 6, 'tier_3': 4, 'tier_4': 3}"
2024-01-27T12:00:00,637,19,"{'tier_0': 2, 'tier_1': 4, 'tier_2': 5, 'tier_3': 4, 'tier_4': 4}"
2024-01-27T13:00:00,638,19,"{'tier_0': 2, 'tier_1': 4, 'tier_2': 6, 'tier_3': 4, 'tier_4': 3}"
2024-01-27T14:00:00,639,20,"{'tier_0': 2, 'tier_1': 5, 'tier_2': 6, 'tier_3': 4, 'tier_4': 3}"
2024-01-27T15:00:00,640,20,"{'tier_0': 2, 'tier_1': 4, 'tier_2': 6, 'tier_3': 4, 'tier_4': 4}"
2024-01-27T16:00:00,641,20,"{'tier_0': 2, 'tier_1': 5, 'tier_2': 6, 'tier_3': 4, 'tier_4': 3}"
2024-01-27T17:00:00,642,20,"{'tier_0': 3, 'tier_1': 3, 'tier_2': 6, 'tier_3': 4, 'tier_4': 4}"
2024-01-27T18:00:00,643,20,"{'tier_0': 3, 'tier_1': 4, 'tier_2': 6, 'tier_3': 4, 'tier_4': 3}"
2024-01-27T19:00:00,644,20,"{'tier_0': 2, 'tier_1': 5, 'tier_2': 6, 'tier_3': 4, 'tier_4': 3}"
2024-01-27T20:00:00,645,20,"{'tier_0': 2, 'tier_1': 5, 'tier_2': 6, 'tier_3': 4, 'tier_4': 3}"
2024-01-27T21:00:00,646,20,"{'tier_0': 2, 'tier_1': 5, 'tier_2': 6, 'tier_3': 4, 'tier_4': 3}"
2024-01-27T22:00:00,647,20,"{'tier_0': 2, 'tier_1': 4, 'tier_2': 6, 'tier_3': 4, 'tier_4': 4}"
2024-01-27T23:00:00,648,20,"{'tier_0': 2, 'tier_1': 5, 'tier_2': 6, 'tier_3': 4, 'tier_4': 3}"
2024-01-28T00:00:00,649,21,"{'tier_0': 2, 'tier_1': 5, 'tier_2': 6, 'tier_3': 4, 'tier_4': 4}"
2024-01-28T01:00:00,650,20,"{'tier_0': 2, 'tier_1': 5, 'tier_2': 6, 'tier_3': 4, 'tier_4': 3}"
2024-01-28T02:00:00,651,19,"{'tier_0': 2, 'tier_1': 4, 'tier_2': 5, 'tier_3': 4, 'tier_4': 4}"
2024-01-28T03:00:00,652,20,"{'tier_0': 2, 'tier_1': 5, 'tier_2': 6, 'tier_3': 4, 'tier_4': 3}"
2024-01-28T04:00:00,653,20,"{'tier_0': 2, 'tier_1': 4, 'tier_2': 6, 'tier_3': 4, 'tier_4': 4}"
2024-01-28T05:00:00,654,20,"{'tier_0': 2, 'tier_1': 5, 'tier_2': 6, 'tier_3': 4, 'tier_4': 3}"
2024-01-28T06:00:00,655,21,"{'tier_0': 4, 'tier_1': 3, 'tier_2': 6, 'tier_3': 4, 'tier_4': 4}"
2024-01-28T07:00:00,656,19,"{'tier_0': 1, 'tier_1': 5, 'tier_2': 5, 'tier_3': 4, 'tier_4': 4}"
2024-01-28T08:00:00,657,21,"{'tier_0': 3, 'tier_1': 4, 'tier_2': 6, 'tier_3': 4, 'tier_4': 4}"
2024-01-28T09:00:00,658,20,"{'tier_0': 3, 'tier_1': 4, 'tier_2': 6, 'tier_3': 4, 'tier_4': 3}"
2024-01-28T10:00:00,659,20,"{'tier_0': 2, 'tier_1': 4, 'tier_2': 6, 'tier_3': 4, 'tier_4': 4}"
2024-01-28T11:00:00,660,21,"{'tier_0': 3, 'tier_1': 4, 'tier_2': 6, 'tier_3': 4, 'tier_4': 4}"
2024-01-28T12:00:00,661,20,"{'tier_0': 2, 'tier_1': 5, 'tier_2': 6, 'tier_3': 4, 'tier_4': 3}"
2024-01-28T13:00:00,662,20,"{'tier_0': 2, 'tier_1': 5, 'tier_2': 6, 'tier_3': 4, 'tier_4': 3}"
2024-01-28T14:00:00,663,21,"{'tier_0': 4, 'tier_1': 3, 'tier_2': 6, 'tier_3': 4, 'tier_4': 4}"
2024-01-28T15:00:00,664,20,"{'tier_0': 2, 'tier_1': 5, 'tier_2': 6, 'tier_3': 4, 'tier_4': 3}"
2024-01-28T16:00:00,665,20,"{'tier_0': 3, 'tier_1': 4, 'tier_2': 6, 'tier_3': 4, 'tier_4': 3}"
2024-01-28T17:00:00,666,21,"{'tier_0': 2, 'tier_1': 5, 'tier_2': 6, 'tier_3': 4, 'tier_4': 4}"
2024-01-28T18:00:00,667,19,"{'tier_0': 2, 'tier_1': 4, 'tier_2': 5, 'tier_3': 4, 'tier_4': 4}"
2024-01-28T19:00:00,668,20,"{'tier_0': 2, 'tier_1': 4, 'tier_2': 6, 'tier_3': 4, 'tier_4': 4}"
2024-01-28T20:00:00,669,20,"{'tier_0': 2, 'tier_1': 5, 'tier_2': 6, 'tier_3': 4, 'tier_4': 3}"
2024-01-28T21:00:00,670,19,"{'tier_0': 2, 'tier_1': 4, 'tier_2': 6, 'tier_3': 4, 'tier_4': 3}"
2024-01-28T22:00:00,671,21,"{'tier_0': 3, 'tier_1': 4, 'tier_2': 6, 'tier_3': 4, 'tier_4': 4}"
2024-01-28T23:00:00,672,20,"{'tier_0': 2, 'tier_1': 4, 'tier_2': 6, 'tier_3': 4, 'tier_4': 4}"
2024-01-29T00:00:00,673,20,"{'tier_0': 2, 'tier_1': 5, 'tier_2': 6, 'tier_3': 4, 'tier_4': 3}"
2024-01-29T01:00:00,674,20,"{'tier_0': 2, 'tier_1': 4, 'tier_2': 6, 'tier_3': 4, 'tier_4': 4}"
2024-01-29T02:00:00,675,21,"{'tier_0': 3, 'tier_1': 4, 'tier_2': 6, 'tier_3': 4, 'tier_4': 4}"
2024-01-29T03:00:00,676,21,"{'tier_0': 2, 'tier_1': 5, 'tier_2': 6, 'tier_3': 4, 'tier_4': 4}"
2024-01-29T04:00:00,677,20,"{'tier_0': 2, 'tier_1': 4, 'tier_2': 6, 'tier_3': 4, 'tier_4': 4}"
2024-01-29T05:00:00,678,20,"{'tier_0': 2, 'tier_1': 4, 'tier_2': 6, 'tier_3': 4, 'tier_4': 4}"
2024-01-29T06:00:00,679,20,"{'tier_0': 3, 'tier_1': 3, 'tier_2': 6, 'tier_3': 4, 'tier_4': 4}"
2024-01-29T07:00:00,680,20,"{'tier_0': 2, 'tier_1': 4, 'tier_2': 6, 'tier_3': 4, 'tier_4': 4}"
2024-01-29T08:00:00,681,20,"{'tier_0': 2, 'tier_1': 5, 'tier_2': 6, 'tier_3': 4, 'tier_4': 3}"
2024-01-29T09:00:00,682,21,"{'tier_0': 2, 'tier_1': 5, 'tier_2': 6, 'tier_3': 4, 'tier_4': 4}"
2024-01-29T10:00:00,683,20,"{'tier_0': 2, 'tier_1': 4, 'tier_2': 6, 'tier_3': 4, 'tier_4': 4}"
2024-01-29T11:00:00,684,18,"{'tier_0': 2, 'tier_1': 4, 'tier_2': 5, 'tier_3': 4, 'tier_4': 3}"
2024-01-29T12:00:00,685,20,"{'tier_0': 3, 'tier_1': 3, 'tier_2': 6, 'tier_3': 4, 'tier_4': 4}"
2024-01-29T13:00:00,686,20,"{'tier_0': 2, 'tier_1': 5, 'tier_2': 6, 'tier_3': 4, 'tier_4': 3}"
2024-01-29T14:00:00,687,20,"{'tier_0': 2, 'tier_1': 5, 'tier_2': 6, 'tier_3': 4, 'tier_4': 3}"
2024-01-29T15:00:00,688,20,"{'tier_0': 2, 'tier_1': 5, 'tier_2': 6, 'tier_3': 4, 'tier_4': 3}"
2024-01-29T16:00:00,689,20,"{'tier_0': 2, 'tier_1': 4, 'tier_2': 6, 'tier_3': 4, 'tier_4': 4}"
2024-01-29T17:00:00,690,21,"{'tier_0': 2, 'tier_1': 5, 'tier_2': 6, 'tier_3': 4, 'tier_4': 4}"
2024-01-29T18:00:00,691,20,"{'tier_0': 3, 'tier_1': 4, 'tier_2': 6, 'tier_3': 4, 'tier_4': 3}"
2024-01-29T19:00:00,692,20,"{'tier_0': 2, 'tier_1': 5, 'tier_2': 6, 'tier_3': 4, 'tier_4': 3}"
2024-01-29T20:00:00,693,20,"{'tier_0': 3, 'tier_1': 4, 'tier_2': 6, 'tier_3': 4, 'tier_4': 3}"
2024-01-29T21:00:00,694,19,"{'tier_0': 2, 'tier_1': 4, 'tier_2': 6, 'tier_3': 4, 'tier_4': 3}"
2024-01-29T22:00:00,695,20,"{'tier_0': 2, 'tier_1': 5, 'tier_2': 6, 'tier_3': 4, 'tier_4': 3}"
2024-01-29T23:00:00,696,20,"{'tier_0': 2, 'tier_1': 5, 'tier_2': 6, 'tier_3': 4, 'tier_4': 3}"
2024-01-30T00:00:00,697,21,"{'tier_0': 3, 'tier_1': 4, 'tier_2': 6, 'tier_3': 4, 'tier_4': 4}"
2024-01-30T01:00:00,698,21,"{'tier_0': 2, 'tier_1': 5, 'tier_2': 6, 'tier_3': 4, 'tier_4': 4}"
2024-01-30T02:00:00,699,21,"{'tier_0': 2, 'tier_1': 5, 'tier_2': 6, 'tier_3': 4, 'tier_4': 4}"
2024-01-30T03:00:00,700,20,"{'tier_0': 2, 'tier_1': 4, 'tier_2': 6, 'tier_3': 4, 'tier_4': 4}"
2024-01-30T04:00:00,701,20,"{'tier_0': 2, 'tier_1': 5, 'tier_2': 6, 'tier_3': 4, 'tier_4': 3}"
2024-01-30T05:00:00,702,20,"{'tier_0': 2, 'tier_1': 4, 'tier_2': 5, 'tier_3': 5, 'tier_4': 4}"
2024-01-30T06:00:00,703,20,"{'tier_0': 3, 'tier_1': 4, 'tier_2': 6, 'tier_3': 4, 'tier_4': 3}"
2024-01-30T07:00:00,704,20,"{'tier_0': 2, 'tier_1': 5, 'tier_2': 6, 'tier_3': 4, 'tier_4': 3}"
2024-01-30T08:00:00,705,20,"{'tier_0': 2, 'tier_1': 5, 'tier_2': 6, 'tier_3': 4, 'tier_4': 3}"
2024-01-30T09:00:00,706,20,"{'tier_0': 2, 'tier_1': 5, 'tier_2': 6, 'tier_3': 4, 'tier_4': 3}"
2024-01-30T10:00:00,707,21,"{'tier_0': 3, 'tier_1': 4, 'tier_2': 6, 'tier_3': 4, 'tier_4': 4}"
2024-01-30T11:00:00,708,21,"{'tier_0': 2, 'tier_1': 5, 'tier_2': 6, 'tier_3': 4, 'tier_4': 4}"
2024-01-30T12:00:00,709,20,"{'tier_0': 3, 'tier_1': 4, 'tier_2': 6, 'tier_3': 4, 'tier_4': 3}"
2024-01-30T13:00:00,710,21,"{'tier_0': 2, 'tier_1': 4, 'tier_2': 6, 'tier_3': 5, 'tier_4': 4}"
2024-01-30T14:00:00,711,20,"{'tier_0': 2, 'tier_1': 5, 'tier_2': 6, 'tier_3': 4, 'tier_4': 3}"
2024-01-30T15:00:00,712,19,"{'tier_0': 2, 'tier_1': 4, 'tier_2': 5, 'tier_3': 4, 'tier_4': 4}"
2024-01-30T16:00:00,713,19,"{'tier_0': 3, 'tier_1': 3, 'tier_2': 5, 'tier_3': 4, 'tier_4': 4}"
2024-01-30T17:00:00,714,20,"{'tier_0': 2, 'tier_1': 5, 'tier_2': 6, 'tier_3': 4, 'tier_4': 3}"
2024-01-30T18:00:00,715,20,"{'tier_0': 2, 'tier_1': 5, 'tier_2': 6, 'tier_3': 4, 'tier_4': 3}"
2024-01-30T19:00:00,716,21,"{'tier_0': 3, 'tier_1': 4, 'tier_2': 6, 'tier_3': 4, 'tier_4': 4}"
2024-01-30T20:00:00,717,21,"{'tier_0': 2, 'tier_1': 5, 'tier_2': 6, 'tier_3': 5, 'tier_4': 3}"
2024-01-30T21:00:00,718,20,"{'tier_0': 2, 'tier_1': 5, 'tier_2': 6, 'tier_3': 4, 'tier_4': 3}"
2024-01-30T22:00:00,719,20,"{'tier_0': 2, 'tier_1': 4, 'tier_2': 6, 'tier_3': 4, 'tier_4': 4}"
2024-01-30T23:00:00,720,20,"{'tier_0': 2, 'tier_1': 5, 'tier_2': 6, 'tier_3': 4, 'tier_4': 3}"
2024-01-31T00:00:00,721,20,"{'tier_0': 2, 'tier_1': 5, 'tier_2': 6, 'tier_3': 4, 'tier_4': 3}"
2024-01-31T01:00:00,722,19,"{'tier_0': 2, 'tier_1': 4, 'tier_2': 6, 'tier_3': 4, 'tier_4': 3}"
2024-01-31T02:00:00,723,19,"{'tier_0': 2, 'tier_1': 4, 'tier_2': 6, 'tier_3': 4, 'tier_4': 3}"
2024-01-31T03:00:00,724,21,"{'tier_0': 3, 'tier_1': 4, 'tier_2': 6, 'tier_3': 4, 'tier_4': 4}"
2024-01-31T04:00:00,725,18,"{'tier_0': 2, 'tier_1': 4, 'tier_2': 5, 'tier_3': 4, 'tier_4': 3}"
2024-01-31T05:00:00,726,20,"{'tier_0': 2, 'tier_1': 5, 'tier_2': 6, 'tier_3': 4, 'tier_4': 3}"
2024-01-31T06:00:00,727,20,"{'tier_0': 2, 'tier_1': 4, 'tier_2': 7, 'tier_3': 4, 'tier_4': 3}"
2024-01-31T07:00:00,728,20,"{'tier_0': 2, 'tier_1': 5, 'tier_2': 6, 'tier_3': 4, 'tier_4': 3}"
2024-01-31T08:00:00,729,20,"{'tier_0': 3, 'tier_1': 4, 'tier_2': 6, 'tier_3': 4, 'tier_4': 3}"
2024-01-31T09:00:00,730,20,"{'tier_0': 3, 'tier_1': 4, 'tier_2': 6, 'tier_3': 4, 'tier_4': 3}"
2024-01-31T10:00:00,731,18,"{'tier_0': 2, 'tier_1': 4, 'tier_2': 5, 'tier_3': 4, 'tier_4': 3}"
2024-01-31T11:00:00,732,21,"{'tier_0': 2, 'tier_1': 5, 'tier_2': 6, 'tier_3': 4, 'tier_4': 4}"
2024-01-31T12:00:00,733,19,"{'tier_0': 2, 'tier_1': 4, 'tier_2': 6, 'tier_3': 4, 'tier_4': 3}"
2024-01-31T13:00:00,734,21,"{'tier_0': 2, 'tier_1': 4, 'tier_2': 6, 'tier_3': 5, 'tier_4': 4}"
2024-01-31T14:00:00,735,18,"{'tier_0': 2, 'tier_1': 4, 'tier_2': 5, 'tier_3': 4, 'tier_4': 3}"
2024-01-31T15:00:00,736,21,"{'tier_0': 2, 'tier_1': 5, 'tier_2': 6, 'tier_3': 4, 'tier_4': 4}"
2024-01-31T16:00:00,737,21,"{'tier_0': 2, 'tier_1': 5, 'tier_2': 6, 'tier_3': 4, 'tier_4': 4}"
2024-01-31T17:00:00,738,20,"{'tier_0': 2, 'tier_1': 4, 'tier_2': 6, 'tier_3': 4, 'tier_4': 4}"
2024-01-31T18:00:00,739,21,"{'tier_0': 3, 'tier_1': 4, 'tier_2': 6, 'tier_3': 4, 'tier_4': 4}"
2024-01-31T19:00:00,740,20,"{'tier_0': 2, 'tier_1': 4, 'tier_2': 6, 'tier_3': 4, 'tier_4': 4}"
2024-01-31T20:00:00,741,20,"{'tier_0': 2, 'tier_1': 5, 'tier_2': 6, 'tier_3': 4, 'tier_4': 3}"
2024-01-31T21:00:00,742,20,"{'tier_0': 2, 'tier_1': 4, 'tier_2': 6, 'tier_3': 4, 'tier_4': 4}"
2024-01-31T22:00:00,743,20,"{'tier_0': 3, 'tier_1': 4, 'tier_2': 6, 'tier_3': 4, 'tier_4': 3}"
2024-01-31T23:00:00,744,20,"{'tier_0': 2, 'tier_1': 5, 'tier_2': 6, 'tier_3': 4, 'tier_4': 3}"
2024-02-01T00:00:00,745,18,"{'tier_0': 2, 'tier_1': 4, 'tier_2': 5, 'tier_3': 4, 'tier_4': 3}"
2024-02-01T01:00:00,746,21,"{'tier_0': 2, 'tier_1': 5, 'tier_2': 6, 'tier_3': 4, 'tier_4': 4}"
2024-02-01T02:00:00,747,18,"{'tier_0': 2, 'tier_1': 4, 'tier_2': 5, 'tier_3': 4, 'tier_4': 3}"
2024-02-01T03:00:00,748,21,"{'tier_0': 3, 'tier_1': 4, 'tier_2': 6, 'tier_3': 4, 'tier_4': 4}"
2024-02-01T04:00:00,749,21,"{'tier_0': 2, 'tier_1': 5, 'tier_2': 6, 'tier_3': 5, 'tier_4': 3}"
2024-02-01T05:00:00,750,20,"{'tier_0': 2, 'tier_1': 4, 'tier_2': 6, 'tier_3': 4, 'tier_4': 4}"
2024-02-01T06:00:00,751,18,"{'tier_0': 2, 'tier_1': 4, 'tier_2': 5, 'tier_3': 4, 'tier_4': 3}"
2024-02-01T07:00:00,752,21,"{'tier_0': 2, 'tier_1': 5, 'tier_2': 6, 'tier_3': 4, 'tier_4': 4}"
2024-02-01T08:00:00,753,20,"{'tier_0': 2, 'tier_1': 4, 'tier_2': 6, 'tier_3': 4, 'tier_4': 4}"
2024-02-01T09:00:00,754,21,"{'tier_0': 3, 'tier_1': 4, 'tier_2': 6, 'tier_3': 4, 'tier_4': 4}"
2024-02-01T10:00:00,755,20,"{'tier_0': 2, 'tier_1': 4, 'tier_2': 6, 'tier_3': 4, 'tier_4': 4}"
2024-02-01T11:00:00,756,20,"{'tier_0': 2, 'tier_1': 5, 'tier_2': 6, 'tier_3': 4, 'tier_4': 3}"
2024-02-01T12:00:00,757,19,"{'tier_0': 2, 'tier_1': 4, 'tier_2': 6, 'tier_3': 4, 'tier_4': 3}"
2024-02-01T13:00:00,758,19,"{'tier_0': 3, 'tier_1': 3, 'tier_2': 5, 'tier_3': 4, 'tier_4': 4}"
2024-02-01T14:00:00,759,20,"{'tier_0': 2, 'tier_1': 5, 'tier_2': 6, 'tier_3': 4, 'tier_4': 3}"
2024-02-01T15:00:00,760,21,"{'tier_0': 2, 'tier_1': 4, 'tier_2': 6, 'tier_3': 4, 'tier_4': 5}"
2024-02-01T16:00:00,761,19,"{'tier_0': 3, 'tier_1': 3, 'tier_2': 5, 'tier_3': 4, 'tier_4': 4}"
2024-02-01T17:00:00,762,20,"{'tier_0': 2, 'tier_1': 4, 'tier_2': 6, 'tier_3': 4, 'tier_4': 4}"
2024-02-01T18:00:00,763,20,"{'tier_0': 2, 'tier_1': 4, 'tier_2': 6, 'tier_3': 4, 'tier_4': 4}"
2024-02-01T19:00:00,764,20,"{'tier_0': 2, 'tier_1': 5, 'tier_2': 6, 'tier_3': 4, 'tier_4': 3}"
2024-02-01T20:00:00,765,20,"{'tier_0': 3, 'tier_1': 4, 'tier_2': 6, 'tier_3': 4, 'tier_4': 3}"
2024-02-01T21:00:00,766,20,"{'tier_0': 2, 'tier_1': 4, 'tier_2': 6, 'tier_3': 4, 'tier_4': 4}"
2024-02-01T22:00:00,767,20,"{'tier_0': 2, 'tier_1': 5, 'tier_2': 6, 'tier_3': 4, 'tier_4': 3}"
2024-02-01T23:00:00,768,20,"{'tier_0': 2, 'tier_1': 5, 'tier_2': 6, 'tier_3': 4, 'tier_4': 3}"
2024-02-02T00:00:00,769,21,"{'tier_0': 2, 'tier_1': 5, 'tier_2': 6, 'tier_3': 4, 'tier_4': 4}"
2024-02-02T01:00:00,770,20,"{'tier_0': 2, 'tier_1': 5, 'tier_2': 6, 'tier_3': 4, 'tier_4': 3}"
2024-02-02T02:00:00,771,20,"{'tier_0': 3, 'tier_1': 4, 'tier_2': 6, 'tier_3': 4, 'tier_4': 3}"
2024-02-02T03:00:00,772,21,"{'tier_0': 2, 'tier_1': 5, 'tier_2': 6, 'tier_3': 4, 'tier_4': 4}"
2024-02-02T04:00:00,773,20,"{'tier_0': 2, 'tier_1': 4, 'tier_2': 6, 'tier_3': 4, 'tier_4': 4}"
2024-02-02T05:00:00,774,21,"{'tier_0': 2, 'tier_1': 5, 'tier_2': 6, 'tier_3': 4, 'tier_4': 4}"
2024-02-02T06:00:00,775,21,"{'tier_0': 2, 'tier_1': 5, 'tier_2': 6, 'tier_3': 4, 'tier_4': 4}"
2024-02-02T07:00:00,776,20,"{'tier_0': 3, 'tier_1': 4, 'tier_2': 6, 'tier_3': 4, 'tier_4': 3}"
2024-02-02T08:00:00,777,20,"{'tier_0': 2, 'tier_1': 5, 'tier_2': 6, 'tier_3': 4, 'tier_4': 3}"
2024-02-02T09:00:00,778,20,"{'tier_0': 2, 'tier_1': 4, 'tier_2': 6, 'tier_3': 4, 'tier_4': 4}"
2024-02-02T10:00:00,779,20,"{'tier_0': 2, 'tier_1': 5, 'tier_2': 6, 'tier_3': 4, 'tier_4': 3}"
2024-02-02T11:00:00,780,18,"{'tier_0': 2, 'tier_1': 4, 'tier_2': 5, 'tier_3': 4, 'tier_4': 3}"
2024-02-02T12:00:00,781,20,"{'tier_0': 2, 'tier_1': 4, 'tier_2': 6, 'tier_3': 4, 'tier_4': 4}"
2024-02-02T13:00:00,782,20,"{'tier_0': 3, 'tier_1': 4, 'tier_2': 6, 'tier_3': 4, 'tier_4': 3}"
2024-02-02T14:00:00,783,21,"{'tier_0': 2, 'tier_1': 5, 'tier_2': 6, 'tier_3': 4, 'tier_4': 4}"
2024-02-02T15:00:00,784,20,"{'tier_0': 2, 'tier_1': 4, 'tier_2': 6, 'tier_3': 4, 'tier_4': 4}"
2024-02-02T16:00:00,785,21,"{'tier_0': 2, 'tier_1': 5, 'tier_2': 6, 'tier_3': 4, 'tier_4': 4}"
2024-02-02T17:00:00,786,19,"{'tier_0': 2, 'tier_1': 4, 'tier_2': 5, 'tier_3': 4, 'tier_4': 4}"
2024-02-02T18:00:00,787,19,"{'tier_0': 2, 'tier_1': 4, 'tier_2': 5, 'tier_3': 4, 'tier_4': 4}"
2024-02-02T19:00:00,788,21,"{'tier_0': 2, 'tier_1': 5, 'tier_2': 6, 'tier_3': 4, 'tier_4': 4}"
2024-02-02T20:00:00,789,19,"{'tier_0': 2, 'tier_1': 4, 'tier_2': 6, 'tier_3': 4, 'tier_4': 3}"
2024-02-02T21:00:00,790,19,"{'tier_0': 2, 'tier_1': 4, 'tier_2': 5, 'tier_3': 4, 'tier_4': 4}"
2024-02-02T22:00:00,791,20,"{'tier_0': 3, 'tier_1': 4, 'tier_2': 6, 'tier_3': 4, 'tier_4': 3}"
2024-02-02T23:00:00,792,20,"{'tier_0': 2, 'tier_1': 5, 'tier_2': 6, 'tier_3': 4, 'tier_4': 3}"
2024-02-03T00:00:00,793,20,"{'tier_0': 2, 'tier_1': 5, 'tier_2': 6, 'tier_3': 4, 'tier_4': 3}"
2024-02-03T01:00:00,794,21,"{'tier_0': 2, 'tier_1': 4, 'tier_2': 6, 'tier_3': 5, 'tier_4': 4}"
2024-02-03T02:00:00,795,18,"{'tier_0': 2, 'tier_1': 4, 'tier_2': 5, 'tier_3': 4, 'tier_4': 3}"
2024-02-03T03:00:00,796,19,"{'tier_0': 2, 'tier_1': 4, 'tier_2': 5, 'tier_3': 4, 'tier_4': 4}"
2024-02-03T04:00:00,797,18,"{'tier_0': 2, 'tier_1': 4, 'tier_2': 5, 'tier_3': 4, 'tier_4': 3}"
2024-02-03T05:00:00,798,20,"{'tier_0': 2, 'tier_1': 4, 'tier_2': 6, 'tier_3': 4, 'tier_4': 4}"
2024-02-03T06:00:00,799,20,"{'tier_0': 2, 'tier_1': 4, 'tier_2': 6, 'tier_3': 4, 'tier_4': 4}"
2024-02-03T07:00:00,800,20,"{'tier_0': 3, 'tier_1': 4, 'tier_2': 6, 'tier_3': 4, 'tier_4': 3}"
2024-02-03T08:00:00,801,19,"{'tier_0': 2, 'tier_1': 4, 'tier_2': 6, 'tier_3': 4, 'tier_4': 3}"
2024-02-03T09:00:00,802,19,"{'tier_0': 2, 'tier_1': 4, 'tier_2': 6, 'tier_3': 4, 'tier_4': 3}"
2024-02-03T10:00:00,803,21,"{'tier_0': 3, 'tier_1': 4, 'tier_2': 6, 'tier_3': 4, 'tier_4': 4}"
2024-02-03T11:00:00,804,20,"{'tier_0': 2, 'tier_1': 5, 'tier_2': 6, 'tier_3': 4, 'tier_4': 3}"
2024-02-03T12:00:00,805,20,"{'tier_0': 3, 'tier_1': 4, 'tier_2': 6, 'tier_3': 4, 'tier_4': 3}"
2024-02-03T13:00:00,806,20,"{'tier_0': 2, 'tier_1': 5, 'tier_2': 6, 'tier_3': 4, 'tier_4': 3}"
2024-02-03T14:00:00,807,20,"{'tier_0': 2, 'tier_1': 5, 'tier_2': 6, 'tier_3': 4, 'tier_4': 3}"
2024-02-03T15:00:00,808,20,"{'tier_0': 2, 'tier_1': 5, 'tier_2': 6, 'tier_3': 4, 'tier_4': 3}"
2024-02-03T16:00:00,809,18,"{'tier_0': 2, 'tier_1': 4, 'tier_2': 5, 'tier_3': 4, 'tier_4': 3}"
2024-02-03T17:00:00,810,21,"{'tier_0': 2, 'tier_1': 4, 'tier_2': 6, 'tier_3': 5, 'tier_4': 4}"
2024-02-03T18:00:00,811,21,"{'tier_0': 2, 'tier_1': 5, 'tier_2': 6, 'tier_3': 4, 'tier_4': 4}"
2024-02-03T19:00:00,812,20,"{'tier_0': 2, 'tier_1': 5, 'tier_2': 6, 'tier_3': 4, 'tier_4': 3}"
2024-02-03T20:00:00,813,20,"{'tier_0': 2, 'tier_1': 5, 'tier_2': 6, 'tier_3': 4, 'tier_4': 3}"
2024-02-03T21:00:00,814,20,"{'tier_0': 3, 'tier_1': 3, 'tier_2': 6, 'tier_3': 4, 'tier_4': 4}"
2024-02-03T22:00:00,815,19,"{'tier_0': 3, 'tier_1': 3, 'tier_2': 5, 'tier_3': 4, 'tier_4': 4}"
2024-02-03T23:00:00,816,20,"{'tier_0': 2, 'tier_1': 5, 'tier_2': 6, 'tier_3': 4, 'tier_4': 3}"
2024-02-04T00:00:00,817,19,"{'tier_0': 2, 'tier_1': 4, 'tier_2': 5, 'tier_3': 4, 'tier_4': 4}"
2024-02-04T01:00:00,818,20,"{'tier_0': 2, 'tier_1': 5, 'tier_2': 6, 'tier_3': 4, 'tier_4': 3}"
2024-02-04T02:00:00,819,21,"{'tier_0': 2, 'tier_1': 5, 'tier_2': 6, 'tier_3': 4, 'tier_4': 4}"
2024-02-04T03:00:00,820,20,"{'tier_0': 2, 'tier_1': 5, 'tier_2': 6, 'tier_3': 4, 'tier_4': 3}"
2024-02-04T04:00:00,821,20,"{'tier_0': 2, 'tier_1': 5, 'tier_2': 6, 'tier_3': 4, 'tier_4': 3}"
2024-02-04T05:00:00,822,18,"{'tier_0': 2, 'tier_1': 4, 'tier_2': 5, 'tier_3': 4, 'tier_4': 3}"
2024-02-04T06:00:00,823,18,"{'tier_0': 2, 'tier_1': 4, 'tier_2': 5, 'tier_3': 4, 'tier_4': 3}"
2024-02-04T07:00:00,824,19,"{'tier_0': 2, 'tier_1': 4, 'tier_2': 5, 'tier_3': 4, 'tier_4': 4}"
2024-02-04T08:00:00,825,20,"{'tier_0': 2, 'tier_1': 5, 'tier_2': 6, 'tier_3': 4, 'tier_4': 3}"
2024-02-04T09:00:00,826,20,"{'tier_0': 2, 'tier_1': 5, 'tier_2': 6, 'tier_3': 4, 'tier_4': 3}"
2024-02-04T10:00:00,827,20,"{'tier_0': 2, 'tier_1': 4, 'tier_2': 6, 'tier_3': 4, 'tier_4': 4}"
2024-02-04T11:00:00,828,20,"{'tier_0': 2, 'tier_1': 5, 'tier_2': 6, 'tier_3': 4, 'tier_4': 3}"
2024-02-04T12:00:00,829,20,"{'tier_0': 3, 'tier_1': 4, 'tier_2': 6, 'tier_3': 4, 'tier_4': 3}"
2024-02-04T13:00:00,830,21,"{'tier_0': 2, 'tier_1': 5, 'tier_2': 6, 'tier_3': 4, 'tier_4': 4}"
2024-02-04T14:00:00,831,20,"{'tier_0': 2, 'tier_1': 4, 'tier_2': 6, 'tier_3': 4, 'tier_4': 4}"
2024-02-04T15:00:00,832,20,"{'tier_0': 2, 'tier_1': 5, 'tier_2': 6, 'tier_3': 4, 'tier_4': 3}"
2024-02-04T16:00:00,833,20,"{'tier_0': 2, 'tier_1': 5, 'tier_2': 6, 'tier_3': 4, 'tier_4': 3}"
2024-02-04T17:00:00,834,20,"{'tier_0': 2, 'tier_1': 5, 'tier_2': 6, 'tier_3': 4, 'tier_4': 3}"
2024-02-04T18:00:00,835,20,"{'tier_0': 2, 'tier_1': 4, 'tier_2': 6, 'tier_3': 4, 'tier_4': 4}"
2024-02-04T19:00:00,836,20,"{'tier_0': 2, 'tier_1': 5, 'tier_2': 6, 'tier_3': 4, 'tier_4': 3}"
2024-02-04T20:00:00,837,21,"{'tier_0': 2, 'tier_1': 4, 'tier_2': 6, 'tier_3': 4, 'tier_4': 5}"
2024-02-04T21:00:00,838,21,"{'tier_0': 2, 'tier_1': 4, 'tier_2': 6, 'tier_3': 5, 'tier_4': 4}"
2024-02-04T22:00:00,839,20,"{'tier_0': 2, 'tier_1': 4, 'tier_2': 6, 'tier_3': 4, 'tier_4': 4}"
2024-02-04T23:00:00,840,20,"{'tier_0': 2, 'tier_1': 5, 'tier_2': 6, 'tier_3': 4, 'tier_4': 3}"
2024-02-05T00:00:00,841,19,"{'tier_0': 2, 'tier_1': 4, 'tier_2': 6, 'tier_3': 4, 'tier_4': 3}"
2024-02-05T01:00:00,842,19,"{'tier_0': 2, 'tier_1': 4, 'tier_2': 6, 'tier_3': 4, 'tier_4': 3}"
2024-02-05T02:00:00,843,20,"{'tier_0': 2, 'tier_1': 5, 'tier_2': 6, 'tier_3': 4, 'tier_4': 3}"
2024-02-05T03:00:00,844,21,"{'tier_0': 2, 'tier_1': 4, 'tier_2': 6, 'tier_3': 5, 'tier_4': 4}"
2024-02-05T04:00:00,845,20,"{'tier_0': 2, 'tier_1': 5, 'tier_2': 6, 'tier_3': 4, 'tier_4': 3}"
2024-02-05T05:00:00,846,20,"{'tier_0': 2, 'tier_1': 5, 'tier_2': 6, 'tier_3': 4, 'tier_4': 3}"
2024-02-05T06:00:00,847,18,"{'tier_0': 2, 'tier_1': 4, 'tier_2': 5, 'tier_3': 4, 'tier_4': 3}"
2024-02-05T07:00:00,848,20,"{'tier_0': 2, 'tier_1': 5, 'tier_2': 6, 'tier_3': 4, 'tier_4': 3}"
2024-02-05T08:00:00,849,20,"{'tier_0': 3, 'tier_1': 4, 'tier_2': 6, 'tier_3': 4, 'tier_4': 3}"
2024-02-05T09:00:00,850,19,"{'tier_0': 2, 'tier_1': 4, 'tier_2': 5, 'tier_3': 4, 'tier_4': 4}"
2024-02-05T10:00:00,851,21,"{'tier_0': 3, 'tier_1': 4, 'tier_2': 6, 'tier_3': 4, 'tier_4': 4}"
2024-02-05T11:00:00,852,20,"{'tier_0': 2, 'tier_1': 4, 'tier_2': 6, 'tier_3': 4, 'tier_4': 4}"
2024-02-05T12:00:00,853,20,"{'tier_0': 2, 'tier_1': 4, 'tier_2': 6, 'tier_3': 4, 'tier_4': 4}"
2024-02-05T13:00:00,854,20,"{'tier_0': 2, 'tier_1': 4, 'tier_2': 6, 'tier_3': 4, 'tier_4': 4}"
2024-02-05T14:00:00,855,20,"{'tier_0': 2, 'tier_1': 5, 'tier_2': 6, 'tier_3': 4, 'tier_4': 3}"
2024-02-05T15:00:00,856,19,"{'tier_0': 1, 'tier_1': 5, 'tier_2': 6, 'tier_3': 4, 'tier_4': 3}"
2024-02-05T16:00:00,857,20,"{'tier_0': 2, 'tier_1': 5, 'tier_2': 6, 'tier_3': 4, 'tier_4': 3}"
2024-02-05T17:00:00,858,20,"{'tier_0': 2, 'tier_1': 5, 'tier_2': 6, 'tier_3': 4, 'tier_4': 3}"
2024-02-05T18:00:00,859,20,"{'tier_0': 3, 'tier_1': 4, 'tier_2': 6, 'tier_3': 4, 'tier_4': 3}"
2024-02-05T19:00:00,860,19,"{'tier_0': 2, 'tier_1': 4, 'tier_2': 6, 'tier_3': 4, 'tier_4': 3}"
2024-02-05T20:00:00,861,19,"{'tier_0': 2, 'tier_1': 4, 'tier_2': 5, 'tier_3': 4, 'tier_4': 4}"
2024-02-05T21:00:00,862,20,"{'tier_0': 3, 'tier_1': 4, 'tier_2': 6, 'tier_3': 4, 'tier_4': 3}"
2024-02-05T22:00:00,863,20,"{'tier_0': 4, 'tier_1': 3, 'tier_2': 6, 'tier_3': 4, 'tier_4': 3}"
2024-02-05T23:00:00,864,18,"{'tier_0': 2, 'tier_1': 4, 'tier_2': 5, 'tier_3': 4, 'tier_4': 3}"
2024-02-06T00:00:00,865,20,"{'tier_0': 3, 'tier_1': 4, 'tier_2': 6, 'tier_3': 4, 'tier_4': 3}"
2024-02-06T01:00:00,866,18,"{'tier_0': 2, 'tier_1': 4, 'tier_2': 5, 'tier_3': 4, 'tier_4': 3}"
2024-02-06T02:00:00,867,20,"{'tier_0': 3, 'tier_1': 3, 'tier_2': 6, 'tier_3': 4, 'tier_4': 4}"
2024-02-06T03:00:00,868,20,"{'tier_0': 3, 'tier_1': 4, 'tier_2': 6, 'tier_3': 4, 'tier_4': 3}"
2024-02-06T04:00:00,869,20,"{'tier_0': 2, 'tier_1': 5, 'tier_2': 6, 'tier_3': 4, 'tier_4': 3}"
2024-02-06T05:00:00,870,20,"{'tier_0': 2, 'tier_1': 4, 'tier_2': 6, 'tier_3': 4, 'tier_4': 4}"
2024-02-06T06:00:00,871,20,"{'tier_0': 2, 'tier_1': 5, 'tier_2': 6, 'tier_3': 4, 'tier_4': 3}"
2024-02-06T07:00:00,872,20,"{'tier_0': 2, 'tier_1': 4, 'tier_2': 6, 'tier_3': 4, 'tier_4': 4}"
2024-02-06T08:00:00,873,21,"{'tier_0': 2, 'tier_1': 5, 'tier_2': 6, 'tier_3': 4, 'tier_4': 4}"
2024-02-06T09:00:00,874,20,"{'tier_0': 2, 'tier_1': 5, 'tier_2': 6, 'tier_3': 4, 'tier_4': 3}"
2024-02-06T10:00:00,875,20,"{'tier_0': 2, 'tier_1': 5, 'tier_2': 6, 'tier_3': 4, 'tier_4': 3}"
2024-02-06T11:00:00,876,20,"{'tier_0': 2, 'tier_1': 4, 'tier_2': 6, 'tier_3': 4, 'tier_4': 4}"
2024-02-06T12:00:00,877,20,"{'tier_0': 3, 'tier_1': 4, 'tier_2': 6, 'tier_3': 4, 'tier_4': 3}"
2024-02-06T13:00:00,878,20,"{'tier_0': 2, 'tier_1': 4, 'tier_2': 6, 'tier_3': 4, 'tier_4': 4}"
2024-02-06T14:00:00,879,20,"{'tier_0': 2, 'tier_1': 5, 'tier_2': 6, 'tier_3': 4, 'tier_4': 3}"
2024-02-06T15:00:00,880,21,"{'tier_0': 2, 'tier_1': 5, 'tier_2': 6, 'tier_3': 4, 'tier_4': 4}"
2024-02-06T16:00:00,881,20,"{'tier_0': 2, 'tier_1': 4, 'tier_2': 6, 'tier_3': 4, 'tier_4': 4}"
2024-02-06T17:00:00,882,20,"{'tier_0': 2, 'tier_1': 4, 'tier_2': 6, 'tier_3': 4, 'tier_4': 4}"
2024-02-06T18:00:00,883,20,"{'tier_0': 2, 'tier_1': 5, 'tier_2': 6, 'tier_3': 4, 'tier_4': 3}"
2024-02-06T19:00:00,884,21,"{'tier_0': 3, 'tier_1': 4, 'tier_2': 6, 'tier_3': 4, 'tier_4': 4}"
2024-02-06T20:00:00,885,21,"{'tier_0': 2, 'tier_1': 5, 'tier_2': 6, 'tier_3': 4, 'tier_4': 4}"
2024-02-06T21:00:00,886,20,"{'tier_0': 2, 'tier_1': 4, 'tier_2': 6, 'tier_3': 4, 'tier_4': 4}"
2024-02-06T22:00:00,887,20,"{'tier_0': 2, 'tier_1': 5, 'tier_2': 6, 'tier_3': 4, 'tier_4': 3}"
2024-02-06T23:00:00,888,20,"{'tier_0': 2, 'tier_1': 4, 'tier_2': 6, 'tier_3': 4, 'tier_4': 4}"
2024-02-07T00:00:00,889,20,"{'tier_0': 2, 'tier_1': 4, 'tier_2': 6, 'tier_3': 4, 'tier_4': 4}"
2024-02-07T01:00:00,890,18,"{'tier_0': 2, 'tier_1': 4, 'tier_2': 5, 'tier_3': 4, 'tier_4': 3}"
2024-02-07T02:00:00,891,20,"{'tier_0': 2, 'tier_1': 4, 'tier_2': 6, 'tier_3': 4, 'tier_4': 4}"
2024-02-07T03:00:00,892,21,"{'tier_0': 2, 'tier_1': 5, 'tier_2': 6, 'tier_3': 4, 'tier_4': 4}"
2024-02-07T04:00:00,893,21,"{'tier_0': 2, 'tier_1': 5, 'tier_2': 6, 'tier_3': 4, 'tier_4': 4}"
2024-02-07T05:00:00,894,20,"{'tier_0': 2, 'tier_1': 4, 'tier_2': 6, 'tier_3': 4, 'tier_4': 4}"
2024-02-07T06:00:00,895,20,"{'tier_0': 2, 'tier_1': 5, 'tier_2': 6, 'tier_3': 4, 'tier_4': 3}"
2024-02-07T07:00:00,896,20,"{'tier_0': 2, 'tier_1': 4, 'tier_2': 6, 'tier_3': 4, 'tier_4': 4}"
2024-02-07T08:00:00,897,20,"{'tier_0': 3, 'tier_1': 4, 'tier_2': 6, 'tier_3': 4, 'tier_4': 3}"
2024-02-07T09:00:00,898,19,"{'tier_0': 2, 'tier_1': 4, 'tier_2': 5, 'tier_3': 4, 'tier_4': 4}"
2024-02-07T10:00:00,899,19,"{'tier_0': 2, 'tier_1': 4, 'tier_2': 5, 'tier_3': 4, 'tier_4': 4}"
2024-02-07T11:00:00,900,20,"{'tier_0': 2, 'tier_1': 5, 'tier_2': 6, 'tier_3': 4, 'tier_4': 3}"
2024-02-07T12:00:00,901,20,"{'tier_0': 2, 'tier_1': 4, 'tier_2': 6, 'tier_3': 4, 'tier_4': 4}"
2024-02-07T13:00:00,902,21,"{'tier_0': 2, 'tier_1': 4, 'tier_2': 6, 'tier_3': 4, 'tier_4': 5}"
2024-02-07T14:00:00,903,20,"{'tier_0': 2, 'tier_1': 5, 'tier_2': 6, 'tier_3': 4, 'tier_4': 3}"
2024-02-07T15:00:00,904,21,"{'tier_0': 2, 'tier_1': 5, 'tier_2': 6, 'tier_3': 4, 'tier_4': 4}"
2024-02-07T16:00:00,905,20,"{'tier_0': 2, 'tier_1': 5, 'tier_2': 6, 'tier_3': 4, 'tier_4': 3}"
2024-02-07T17:00:00,906,20,"{'tier_0': 2, 'tier_1': 4, 'tier_2': 6, 'tier_3': 4, 'tier_4': 4}"
2024-02-07T18:00:00,907,18,"{'tier_0': 3, 'tier_1': 3, 'tier_2': 5, 'tier_3': 4, 'tier_4': 3}"
2024-02-07T19:00:00,908,20,"{'tier_0': 2, 'tier_1': 4, 'tier_2': 6, 'tier_3': 4, 'tier_4': 4}"
2024-02-07T20:00:00,909,20,"{'tier_0': 2, 'tier_1': 5, 'tier_2': 6, 'tier_3': 4, 'tier_4': 3}"
2024-02-07T21:00:00,910,20,"{'tier_0': 3, 'tier_1': 3, 'tier_2': 6, 'tier_3': 4, 'tier_4': 4}"
2024-02-07T22:00:00,911,20,"{'tier_0': 2, 'tier_1': 4, 'tier_2': 6, 'tier_3': 4, 'tier_4': 4}"
2024-02-07T23:00:00,912,20,"{'tier_0': 3, 'tier_1': 3, 'tier_2': 6, 'tier_3': 4, 'tier_4': 4}"
2024-02-08T00:00:00,913,20,"{'tier_0': 2, 'tier_1': 5, 'tier_2': 6, 'tier_3': 4, 'tier_4': 3}"
2024-02-08T01:00:00,914,21,"{'tier_0': 3, 'tier_1': 4, 'tier_2': 6, 'tier_3': 4, 'tier_4': 4}"
2024-02-08T02:00:00,915,21,"{'tier_0': 2, 'tier_1': 4, 'tier_2': 6, 'tier_3': 5, 'tier_4': 4}"
2024-02-08T03:00:00,916,19,"{'tier_0': 2, 'tier_1': 4, 'tier_2': 5, 'tier_3': 4, 'tier_4': 4}"
2024-02-08T04:00:00,917,19,"{'tier_0': 3, 'tier_1': 3, 'tier_2': 5, 'tier_3': 4, 'tier_4': 4}"
2024-02-08T05:00:00,918,21,"{'tier_0': 2, 'tier_1': 4, 'tier_2': 6, 'tier_3': 5, 'tier_4': 4}"
2024-02-08T06:00:00,919,20,"{'tier_0': 2, 'tier_1': 4, 'tier_2': 6, 'tier_3': 4, 'tier_4': 4}"
2024-02-08T07:00:00,920,21,"{'tier_0': 2, 'tier_1': 4, 'tier_2': 6, 'tier_3': 4, 'tier_4': 5}"
2024-02-08T08:00:00,921,20,"{'tier_0': 2, 'tier_1': 4, 'tier_2': 6, 'tier_3': 4, 'tier_4': 4}"
2024-02-08T09:00:00,922,20,"{'tier_0': 3, 'tier_1': 4, 'tier_2': 6, 'tier_3': 4, 'tier_4': 3}"
2024-02-08T10:00:00,923,20,"{'tier_0': 2, 'tier_1': 4, 'tier_2': 6, 'tier_3': 4, 'tier_4': 4}"
2024-02-08T11:00:00,924,21,"{'tier_0': 3, 'tier_1': 4, 'tier_2': 6, 'tier_3': 4, 'tier_4': 4}"
2024-02-08T12:00:00,925,21,"{'tier_0': 3, 'tier_1': 3, 'tier_2': 6, 'tier_3': 4, 'tier_4': 5}"
2024-02-08T13:00:00,926,20,"{'tier_0': 2, 'tier_1': 5, 'tier_2': 6, 'tier_3': 4, 'tier_4': 3}"
2024-02-08T14:00:00,927,20,"{'tier_0': 2, 'tier_1': 4, 'tier_2': 6, 'tier_3': 4, 'tier_4': 4}"
2024-02-08T15:00:00,928,21,"{'tier_0': 2, 'tier_1': 5, 'tier_2': 6, 'tier_3': 4, 'tier_4': 4}"
2024-02-08T16:00:00,929,20,"{'tier_0': 3, 'tier_1': 3, 'tier_2': 6, 'tier_3': 4, 'tier_4': 4}"
2024-02-08T17:00:00,930,19,"{'tier_0': 3, 'tier_1': 3, 'tier_2': 5, 'tier_3': 4, 'tier_4': 4}"
2024-02-08T18:00:00,931,21,"{'tier_0': 3, 'tier_1': 4, 'tier_2': 6, 'tier_3': 4, 'tier_4': 4}"
2024-02-08T19:00:00,932,20,"{'tier_0': 2, 'tier_1': 4, 'tier_2': 5, 'tier_3': 5, 'tier_4': 4}"
2024-02-08T20:00:00,933,20,"{'tier_0': 2, 'tier_1': 4, 'tier_2': 6, 'tier_3': 4, 'tier_4': 4}"
2024-02-08T21:00:00,934,19,"{'tier_0': 2, 'tier_1': 4, 'tier_2': 6, 'tier_3': 4, 'tier_4': 3}"
2024-02-08T22:00:00,935,20,"{'tier_0': 2, 'tier_1': 4, 'tier_2': 6, 'tier_3': 4, 'tier_4': 4}"
2024-02-08T23:00:00,936,21,"{'tier_0': 2, 'tier_1': 5, 'tier_2': 6, 'tier_3': 4, 'tier_4': 4}"
2024-02-09T00:00:00,937,20,"{'tier_0': 2, 'tier_1': 4, 'tier_2': 6, 'tier_3': 4, 'tier_4': 4}"
2024-02-09T01:00:00,938,20,"{'tier_0': 2, 'tier_1': 4, 'tier_2': 6, 'tier_3': 4, 'tier_4': 4}"
2024-02-09T02:00:00,939,20,"{'tier_0': 2, 'tier_1': 4, 'tier_2': 6, 'tier_3': 4, 'tier_4': 4}"
2024-02-09T03:00:00,940,20,"{'tier_0': 3, 'tier_1': 4, 'tier_2': 6, 'tier_3': 4, 'tier_4': 3}"
2024-02-09T04:00:00,941,20,"{'tier_0': 2, 'tier_1': 5, 'tier_2': 6, 'tier_3': 4, 'tier_4': 3}"
2024-02-09T05:00:00,942,20,"{'tier_0': 2, 'tier_1': 4, 'tier_2': 6, 'tier_3': 4, 'tier_4': 4}"
2024-02-09T06:00:00,943,21,"{'tier_0': 3, 'tier_1': 4, 'tier_2': 6, 'tier_3': 4, 'tier_4': 4}"
2024-02-09T07:00:00,944,20,"{'tier_0': 2, 'tier_1': 5, 'tier_2': 6, 'tier_3': 4, 'tier_4': 3}"
2024-02-09T08:00:00,945,21,"{'tier_0': 3, 'tier_1': 4, 'tier_2': 6, 'tier_3': 4, 'tier_4': 4}"
2024-02-09T09:00:00,946,19,"{'tier_0': 2, 'tier_1': 4, 'tier_2': 6, 'tier_3': 4, 'tier_4': 3}"
2024-02-09T10:00:00,947,20,"{'tier_0': 3, 'tier_1': 4, 'tier_2': 6, 'tier_3': 4, 'tier_4': 3}"
2024-02-09T11:00:00,948,19,"{'tier_0': 2, 'tier_1': 4, 'tier_2': 6, 'tier_3': 4, 'tier_4': 3}"
2024-02-09T12:00:00,949,20,"{'tier_0': 3, 'tier_1': 4, 'tier_2': 6, 'tier_3': 4, 'tier_4': 3}"
2024-02-09T13:00:00,950,20,"{'tier_0': 3, 'tier_1': 3, 'tier_2': 6, 'tier_3': 4, 'tier_4': 4}"
2024-02-09T14:00:00,951,20,"{'tier_0': 2, 'tier_1': 4, 'tier_2': 6, 'tier_3': 4, 'tier_4': 4}"
2024-02-09T15:00:00,952,20,"{'tier_0': 3, 'tier_1': 3, 'tier_2': 6, 'tier_3': 4, 'tier_4': 4}"
2024-02-09T16:00:00,953,20,"{'tier_0': 2, 'tier_1': 5, 'tier_2': 6, 'tier_3': 4, 'tier_4': 3}"
2024-02-09T17:00:00,954,20,"{'tier_0': 2, 'tier_1': 4, 'tier_2': 6, 'tier_3': 4, 'tier_4': 4}"
2024-02-09T18:00:00,955,20,"{'tier_0': 2, 'tier_1': 4, 'tier_2': 6, 'tier_3': 4, 'tier_4': 4}"
2024-02-09T19:00:00,956,20,"{'tier_0': 2, 'tier_1': 5, 'tier_2': 6, 'tier_3': 4, 'tier_4': 3}"
2024-02-09T20:00:00,957,21,"{'tier_0': 2, 'tier_1': 5, 'tier_2': 6, 'tier_3': 4, 'tier_4': 4}"
2024-02-09T21:00:00,958,21,"{'tier_0': 2, 'tier_1': 5, 'tier_2': 6, 'tier_3': 4, 'tier_4': 4}"
2024-02-09T22:00:00,959,20,"{'tier_0': 3, 'tier_1': 4, 'tier_2': 6, 'tier_3': 4, 'tier_4': 3}"
2024-02-09T23:00:00,960,20,"{'tier_0': 2, 'tier_1': 4, 'tier_2': 6, 'tier_3': 4, 'tier_4': 4}"
2024-02-10T00:00:00,961,20,"{'tier_0': 2, 'tier_1': 5, 'tier_2': 6, 'tier_3': 4, 'tier_4': 3}"
2024-02-10T01:00:00,962,20,"{'tier_0': 2, 'tier_1': 5, 'tier_2': 6, 'tier_3': 4, 'tier_4': 3}"
2024-02-10T02:00:00,963,20,"{'tier_0': 2, 'tier_1': 5, 'tier_2': 6, 'tier_3': 4, 'tier_4': 3}"
2024-02-10T03:00:00,964,20,"{'tier_0': 3, 'tier_1': 3, 'tier_2': 6, 'tier_3': 4, 'tier_4': 4}"
2024-02-10T04:00:00,965,20,"{'tier_0': 3, 'tier_1': 4, 'tier_2': 6, 'tier_3': 4, 'tier_4': 3}"
2024-02-10T05:00:00,966,20,"{'tier_0': 2, 'tier_1': 5, 'tier_2': 6, 'tier_3': 4, 'tier_4': 3}"
2024-02-10T06:00:00,967,20,"{'tier_0': 2, 'tier_1': 5, 'tier_2': 6, 'tier_3': 4, 'tier_4': 3}"
2024-02-10T07:00:00,968,20,"{'tier_0': 2, 'tier_1': 4, 'tier_2': 6, 'tier_3': 4, 'tier_4': 4}"
2024-02-10T08:00:00,969,21,"{'tier_0': 2, 'tier_1': 5, 'tier_2': 6, 'tier_3': 4, 'tier_4': 4}"
2024-02-10T09:00:00,970,21,"{'tier_0': 2, 'tier_1': 4, 'tier_2': 6, 'tier_3': 5, 'tier_4': 4}"
2024-02-10T10:00:00,971,19,"{'tier_0': 2, 'tier_1': 4, 'tier_2': 5, 'tier_3': 4, 'tier_4': 4}"
2024-02-10T11:00:00,972,19,"{'tier_0': 2, 'tier_1': 4, 'tier_2': 6, 'tier_3': 4, 'tier_4': 3}"
2024-02-10T12:00:00,973,20,"{'tier_0': 2, 'tier_1': 5, 'tier_2': 6, 'tier_3': 4, 'tier_4': 3}"
2024-02-10T13:00:00,974,18,"{'tier_0': 2, 'tier_1': 4, 'tier_2': 5, 'tier_3': 4, 'tier_4': 3}"
2024-02-10T14:00:00,975,20,"{'tier_0': 2, 'tier_1': 4, 'tier_2': 6, 'tier_3': 4, 'tier_4': 4}"
2024-02-10T15:00:00,976,21,"{'tier_0': 2, 'tier_1': 5, 'tier_2': 6, 'tier_3': 4, 'tier_4': 4}"
2024-02-10T16:00:00,977,20,"{'tier_0': 2, 'tier_1': 5, 'tier_2': 6, 'tier_3': 4, 'tier_4': 3}"
2024-02-10T17:00:00,978,20,"{'tier_0': 2, 'tier_1': 5, 'tier_2': 6, 'tier_3': 4, 'tier_4': 3}"
2024-02-10T18:00:00,979,18,"{'tier_0': 2, 'tier_1': 4, 'tier_2': 5, 'tier_3': 4, 'tier_4': 3}"
2024-02-10T19:00:00,980,20,"{'tier_0': 2, 'tier_1': 5, 'tier_2': 6, 'tier_3': 4, 'tier_4': 3}"
2024-02-10T20:00:00,981,20,"{'tier_0': 3, 'tier_1': 4, 'tier_2': 6, 'tier_3': 4, 'tier_4': 3}"
2024-02-10T21:00:00,982,20,"{'tier_0': 2, 'tier_1': 4, 'tier_2': 6, 'tier_3': 4, 'tier_4': 4}"
2024-02-10T22:00:00,983,20,"{'tier_0': 2, 'tier_1': 4, 'tier_2': 6, 'tier_3': 4, 'tier_4': 4}"
2024-02-10T23:00:00,984,20,"{'tier_0': 2, 'tier_1': 5, 'tier_2': 6, 'tier_3': 4, 'tier_4': 3}"
2024-02-11T00:00:00,985,19,"{'tier_0': 2, 'tier_1': 4, 'tier_2': 6, 'tier_3': 4, 'tier_4': 3}"
2024-02-11T01:00:00,986,19,"{'tier_0': 2, 'tier_1': 4, 'tier_2': 5, 'tier_3': 4, 'tier_4': 4}"
2024-02-11T02:00:00,987,20,"{'tier_0': 2, 'tier_1': 5, 'tier_2': 6, 'tier_3': 4, 'tier_4': 3}"
2024-02-11T03:00:00,988,19,"{'tier_0': 2, 'tier_1': 4, 'tier_2': 5, 'tier_3': 4, 'tier_4': 4}"
2024-02-11T04:00:00,989,20,"{'tier_0': 2, 'tier_1': 4, 'tier_2': 6, 'tier_3': 4, 'tier_4': 4}"
2024-02-11T05:00:00,990,20,"{'tier_0': 2, 'tier_1': 5, 'tier_2': 6, 'tier_3': 4, 'tier_4': 3}"
2024-02-11T06:00:00,991,20,"{'tier_0': 2, 'tier_1': 4, 'tier_2': 6, 'tier_3': 4, 'tier_4': 4}"
2024-02-11T07:00:00,992,20,"{'tier_0': 3, 'tier_1': 3, 'tier_2': 6, 'tier_3': 4, 'tier_4': 4}"
2024-02-11T08:00:00,993,18,"{'tier_0': 2, 'tier_1': 4, 'tier_2': 5, 'tier_3': 4, 'tier_4': 3}"
2024-02-11T09:00:00,994,21,"{'tier_0': 2, 'tier_1': 4, 'tier_2': 6, 'tier_3': 5, 'tier_4': 4}"
2024-02-11T10:00:00,995,20,"{'tier_0': 2, 'tier_1': 5, 'tier_2': 6, 'tier_3': 4, 'tier_4': 3}"
2024-02-11T11:00:00,996,20,"{'tier_0': 2, 'tier_1': 5, 'tier_2': 6, 'tier_3': 4, 'tier_4': 3}"
2024-02-11T12:00:00,997,19,"{'tier_0': 2, 'tier_1': 4, 'tier_2': 6, 'tier_3': 4, 'tier_4': 3}"
2024-02-11T13:00:00,998,19,"{'tier_0': 2, 'tier_1': 4, 'tier_2': 5, 'tier_3': 4, 'tier_4': 4}"
2024-02-11T14:00:00,999,21,"{'tier_0': 2, 'tier_1': 4, 'tier_2': 6, 'tier_3': 5, 'tier_4': 4}"
2024-02-11T15:00:00,1000,21,"{'tier_0': 3, 'tier_1': 4, 'tier_2': 6, 'tier_3': 4, 'tier_4': 4}"
2024-02-11T16:00:00,1001,20,"{'tier_0': 2, 'tier_1': 4, 'tier_2': 6, 'tier_3': 4, 'tier_4': 4}"
2024-02-11T17:00:00,1002,18,"{'tier_0': 2, 'tier_1': 4, 'tier_2': 5, 'tier_3': 4, 'tier_4': 3}"
2024-02-11T18:00:00,1003,20,"{'tier_0': 3, 'tier_1': 4, 'tier_2': 6, 'tier_3': 4, 'tier_4': 3}"
2024-02-11T19:00:00,1004,20,"{'tier_0': 2, 'tier_1': 5, 'tier_2': 6, 'tier_3': 4, 'tier_4': 3}"
2024-02-11T20:00:00,1005,21,"{'tier_0': 2, 'tier_1': 4, 'tier_2': 6, 'tier_3': 5, 'tier_4': 4}"
2024-02-11T21:00:00,1006,21,"{'tier_0': 2, 'tier_1': 5, 'tier_2': 6, 'tier_3': 4, 'tier_4': 4}"
2024-02-11T22:00:00,1007,20,"{'tier_0': 2, 'tier_1': 4, 'tier_2': 6, 'tier_3': 4, 'tier_4': 4}"
2024-02-11T23:00:00,1008,19,"{'tier_0': 2, 'tier_1': 4, 'tier_2': 5, 'tier_3': 4, 'tier_4': 4}"
2024-02-12T00:00:00,1009,21,"{'tier_0': 2, 'tier_1': 5, 'tier_2': 6, 'tier_3': 4, 'tier_4': 4}"
2024-02-12T01:00:00,1010,21,"{'tier_0': 3, 'tier_1': 4, 'tier_2': 6, 'tier_3': 4, 'tier_4': 4}"
2024-02-12T02:00:00,1011,19,"{'tier_0': 3, 'tier_1': 3, 'tier_2': 5, 'tier_3': 4, 'tier_4': 4}"
2024-02-12T03:00:00,1012,19,"{'tier_0': 2, 'tier_1': 4, 'tier_2': 6, 'tier_3': 4, 'tier_4': 3}"
2024-02-12T04:00:00,1013,20,"{'tier_0': 2, 'tier_1': 5, 'tier_2': 6, 'tier_3': 4, 'tier_4': 3}"
2024-02-12T05:00:00,1014,20,"{'tier_0': 2, 'tier_1': 4, 'tier_2': 6, 'tier_3': 4, 'tier_4': 4}"
2024-02-12T06:00:00,1015,21,"{'tier_0': 4, 'tier_1': 3, 'tier_2': 6, 'tier_3': 4, 'tier_4': 4}"
2024-02-12T07:00:00,1016,20,"{'tier_0': 2, 'tier_1': 4, 'tier_2': 6, 'tier_3': 4, 'tier_4': 4}"
2024-02-12T08:00:00,1017,20,"{'tier_0': 2, 'tier_1': 4, 'tier_2': 6, 'tier_3': 4, 'tier_4': 4}"
2024-02-12T09:00:00,1018,21,"{'tier_0': 2, 'tier_1': 5, 'tier_2': 6, 'tier_3': 4, 'tier_4': 4}"
2024-02-12T10:00:00,1019,20,"{'tier_0': 2, 'tier_1': 4, 'tier_2': 6, 'tier_3': 4, 'tier_4': 4}"
2024-02-12T11:00:00,1020,20,"{'tier_0': 2, 'tier_1': 5, 'tier_2': 6, 'tier_3': 4, 'tier_4': 3}"
2024-02-12T12:00:00,1021,20,"{'tier_0': 2, 'tier_1': 4, 'tier_2': 6, 'tier_3': 4, 'tier_4': 4}"
2024-02-12T13:00:00,1022,21,"{'tier_0': 4, 'tier_1': 3, 'tier_2': 6, 'tier_3': 4, 'tier_4': 4}"
2024-02-12T14:00:00,1023,21,"{'tier_0': 2, 'tier_1': 5, 'tier_2': 6, 'tier_3': 4, 'tier_4': 4}"
2024-02-12T15:00:00,1024,20,"{'tier_0': 2, 'tier_1': 4, 'tier_2': 6, 'tier_3': 4, 'tier_4': 4}"
2024-02-12T16:00:00,1025,20,"{'tier_0': 2, 'tier_1': 5, 'tier_2': 6, 'tier_3': 4, 'tier_4': 3}"
2024-02-12T17:00:00,1026,18,"{'tier_0': 2, 'tier_1': 4, 'tier_2': 5, 'tier_3': 4, 'tier_4': 3}"
2024-02-12T18:00:00,1027,21,"{'tier_0': 3, 'tier_1': 4, 'tier_2': 6, 'tier_3': 4, 'tier_4': 4}"
2024-02-12T19:00:00,1028,20,"{'tier_0': 2, 'tier_1': 4, 'tier_2': 6, 'tier_3': 4, 'tier_4': 4}"
2024-02-12T20:00:00,1029,20,"{'tier_0': 2, 'tier_1': 5, 'tier_2': 6, 'tier_3': 4, 'tier_4': 3}"
2024-02-12T21:00:00,1030,21,"{'tier_0': 2, 'tier_1': 4, 'tier_2': 6, 'tier_3': 5, 'tier_4': 4}"
2024-02-12T22:00:00,1031,21,"{'tier_0': 3, 'tier_1': 4, 'tier_2': 6, 'tier_3': 4, 'tier_4': 4}"
2024-02-12T23:00:00,1032,19,"{'tier_0': 2, 'tier_1': 4, 'tier_2': 5, 'tier_3': 4, 'tier_4': 4}"
2024-02-13T00:00:00,1033,20,"{'tier_0': 2, 'tier_1': 4, 'tier_2': 6, 'tier_3': 4, 'tier_4': 4}"
2024-02-13T01:00:00,1034,20,"{'tier_0': 2, 'tier_1': 5, 'tier_2': 6, 'tier_3': 4, 'tier_4': 3}"
2024-02-13T02:00:00,1035,21,"{'tier_0': 2, 'tier_1': 5, 'tier_2': 6, 'tier_3': 5, 'tier_4': 3}"
2024-02-13T03:00:00,1036,21,"{'tier_0': 2, 'tier_1': 4, 'tier_2': 6, 'tier_3': 5, 'tier_4': 4}"
2024-02-13T04:00:00,1037,19,"{'tier_0': 2, 'tier_1': 4, 'tier_2': 5, 'tier_3': 4, 'tier_4': 4}"
2024-02-13T05:00:00,1038,20,"{'tier_0': 2, 'tier_1': 5, 'tier_2': 6, 'tier_3': 4, 'tier_4': 3}"
2024-02-13T06:00:00,1039,21,"{'tier_0': 3, 'tier_1': 4, 'tier_2': 6, 'tier_3': 4, 'tier_4': 4}"
2024-02-13T07:00:00,1040,20,"{'tier_0': 2, 'tier_1': 4, 'tier_2': 6, 'tier_3': 4, 'tier_4': 4}"
2024-02-13T08:00:00,1041,21,"{'tier_0': 2, 'tier_1': 5, 'tier_2': 6, 'tier_3': 4, 'tier_4': 4}"
2024-02-13T09:00:00,1042,20,"{'tier_0': 2, 'tier_1': 4, 'tier_2': 6, 'tier_3': 4, 'tier_4': 4}"
2024-02-13T10:00:00,1043,20,"{'tier_0': 2, 'tier_1': 4, 'tier_2': 6, 'tier_3': 4, 'tier_4': 4}"
2024-02-13T11:00:00,1044,19,"{'tier_0': 2, 'tier_1': 4, 'tier_2': 5, 'tier_3': 4, 'tier_4': 4}"
2024-02-13T12:00:00,1045,19,"{'tier_0': 2, 'tier_1': 4, 'tier_2': 5, 'tier_3': 4, 'tier_4': 4}"
2024-02-13T13:00:00,1046,20,"{'tier_0': 2, 'tier_1': 4, 'tier_2': 6, 'tier_3': 4, 'tier_4': 4}"
2024-02-13T14:00:00,1047,20,"{'tier_0': 2, 'tier_1': 4, 'tier_2': 6, 'tier_3': 4, 'tier_4': 4}"
2024-02-13T15:00:00,1048,20,"{'tier_0': 2, 'tier_1': 5, 'tier_2': 6, 'tier_3': 4, 'tier_4': 3}"
2024-02-13T16:00:00,1049,21,"{'tier_0': 2, 'tier_1': 5, 'tier_2': 6, 'tier_3': 4, 'tier_4': 4}"
2024-02-13T17:00:00,1050,21,"{'tier_0': 2, 'tier_1': 5, 'tier_2': 6, 'tier_3': 4, 'tier_4': 4}"
2024-02-13T18:00:00,1051,21,"{'tier_0': 2, 'tier_1': 5, 'tier_2': 6, 'tier_3': 4, 'tier_4': 4}"
2024-02-13T19:00:00,1052,21,"{'tier_0': 2, 'tier_1': 5, 'tier_2': 6, 'tier_3': 5, 'tier_4': 3}"
2024-02-13T20:00:00,1053,20,"{'tier_0': 3, 'tier_1': 4, 'tier_2': 6, 'tier_3': 4, 'tier_4': 3}"
2024-02-13T21:00:00,1054,21,"{'tier_0': 2, 'tier_1': 5, 'tier_2': 6, 'tier_3': 5, 'tier_4': 3}"
2024-02-13T22:00:00,1055,20,"{'tier_0': 2, 'tier_1': 5, 'tier_2': 6, 'tier_3': 4, 'tier_4': 3}"
2024-02-13T23:00:00,1056,19,"{'tier_0': 2, 'tier_1': 4, 'tier_2': 5, 'tier_3': 4, 'tier_4': 4}"
2024-02-14T00:00:00,1057,21,"{'tier_0': 2, 'tier_1': 4, 'tier_2': 6, 'tier_3': 4, 'tier_4': 5}"
2024-02-14T01:00:00,1058,21,"{'tier_0': 3, 'tier_1': 4, 'tier_2': 6, 'tier_3': 4, 'tier_4': 4}"
2024-02-14T02:00:00,1059,20,"{'tier_0': 2, 'tier_1': 5, 'tier_2': 6, 'tier_3': 4, 'tier_4': 3}"
2024-02-14T03:00:00,1060,21,"{'tier_0': 3, 'tier_1': 4, 'tier_2': 6, 'tier_3': 4, 'tier_4': 4}"
2024-02-14T04:00:00,1061,20,"{'tier_0': 2, 'tier_1': 5, 'tier_2': 6, 'tier_3': 4, 'tier_4': 3}"
2024-02-14T05:00:00,1062,21,"{'tier_0': 3, 'tier_1': 4, 'tier_2': 6, 'tier_3': 4, 'tier_4': 4}"
2024-02-14T06:00:00,1063,20,"{'tier_0': 2, 'tier_1': 5, 'tier_2': 6, 'tier_3': 4, 'tier_4': 3}"
2024-02-14T07:00:00,1064,20,"{'tier_0': 2, 'tier_1': 4, 'tier_2': 6, 'tier_3': 4, 'tier_4': 4}"
2024-02-14T08:00:00,1065,21,"{'tier_0': 2, 'tier_1': 5, 'tier_2': 6, 'tier_3': 4, 'tier_4': 4}"
2024-02-14T09:00:00,1066,20,"{'tier_0': 3, 'tier_1': 4, 'tier_2': 6, 'tier_3': 4, 'tier_4': 3}"
2024-02-14T10:00:00,1067,18,"{'tier_0': 2, 'tier_1': 4, 'tier_2': 5, 'tier_3': 4, 'tier_4': 3}"
2024-02-14T11:00:00,1068,20,"{'tier_0': 2, 'tier_1': 5, 'tier_2': 6, 'tier_3': 4, 'tier_4': 3}"
2024-02-14T12:00:00,1069,20,"{'tier_0': 2, 'tier_1': 4, 'tier_2': 6, 'tier_3': 4, 'tier_4': 4}"
2024-02-14T13:00:00,1070,20,"{'tier_0': 3, 'tier_1': 4, 'tier_2': 6, 'tier_3': 4, 'tier_4': 3}"
2024-02-14T14:00:00,1071,20,"{'tier_0': 2, 'tier_1': 4, 'tier_2': 6, 'tier_3': 4, 'tier_4': 4}"
2024-02-14T15:00:00,1072,21,"{'tier_0': 2, 'tier_1': 5, 'tier_2': 6, 'tier_3': 5, 'tier_4': 3}"
2024-02-14T16:00:00,1073,20,"{'tier_0': 2, 'tier_1': 5, 'tier_2': 6, 'tier_3': 4, 'tier_4': 3}"
2024-02-14T17:00:00,1074,20,"{'tier_0': 2, 'tier_1': 5, 'tier_2': 6, 'tier_3': 4, 'tier_4': 3}"
2024-02-14T18:00:00,1075,20,"{'tier_0': 2, 'tier_1': 4, 'tier_2': 6, 'tier_3': 4, 'tier_4': 4}"
2024-02-14T19:00:00,1076,18,"{'tier_0': 2, 'tier_1': 4, 'tier_2': 5, 'tier_3': 4, 'tier_4': 3}"
2024-02-14T20:00:00,1077,20,"{'tier_0': 2, 'tier_1': 5, 'tier_2': 6, 'tier_3': 4, 'tier_4': 3}"
2024-02-14T21:00:00,1078,18,"{'tier_0': 2, 'tier_1': 4, 'tier_2': 5, 'tier_3': 4, 'tier_4': 3}"
2024-02-14T22:00:00,1079,20,"{'tier_0': 2, 'tier_1': 4, 'tier_2': 6, 'tier_3': 4, 'tier_4': 4}"
2024-02-14T23:00:00,1080,20,"{'tier_0': 3, 'tier_1': 4, 'tier_2': 6, 'tier_3': 4, 'tier_4': 3}"
2024-02-15T00:00:00,1081,20,"{'tier_0': 2, 'tier_1': 4, 'tier_2': 6, 'tier_3': 4, 'tier_4': 4}"
2024-02-15T01:00:00,1082,19,"{'tier_0': 2, 'tier_1': 4, 'tier_2': 6, 'tier_3': 4, 'tier_4': 3}"
2024-02-15T02:00:00,1083,20,"{'tier_0': 2, 'tier_1': 4, 'tier_2': 6, 'tier_3': 4, 'tier_4': 4}"
2024-02-15T03:00:00,1084,21,"{'tier_0': 3, 'tier_1': 4, 'tier_2': 6, 'tier_3': 4, 'tier_4': 4}"
2024-02-15T04:00:00,1085,20,"{'tier_0': 2, 'tier_1': 4, 'tier_2': 6, 'tier_3': 4, 'tier_4': 4}"
2024-02-15T05:00:00,1086,20,"{'tier_0': 2, 'tier_1': 5, 'tier_2': 6, 'tier_3': 4, 'tier_4': 3}"
2024-02-15T06:00:00,1087,20,"{'tier_0': 2, 'tier_1': 5, 'tier_2': 6, 'tier_3': 4, 'tier_4': 3}"
2024-02-15T07:00:00,1088,18,"{'tier_0': 2, 'tier_1': 4, 'tier_2': 5, 'tier_3': 4, 'tier_4': 3}"
2024-02-15T08:00:00,1089,20,"{'tier_0': 2, 'tier_1': 4, 'tier_2': 6, 'tier_3': 4, 'tier_4': 4}"
2024-02-15T09:00:00,1090,20,"{'tier_0': 2, 'tier_1': 5, 'tier_2': 6, 'tier_3': 4, 'tier_4': 3}"
2024-02-15T10:00:00,1091,18,"{'tier_0': 2, 'tier_1': 4, 'tier_2': 5, 'tier_3': 4, 'tier_4': 3}"
2024-02-15T11:00:00,1092,18,"{'tier_0': 2, 'tier_1': 4, 'tier_2': 5, 'tier_3': 4, 'tier_4': 3}"
2024-02-15T12:00:00,1093,21,"{'tier_0': 3, 'tier_1': 4, 'tier_2': 6, 'tier_3': 4, 'tier_4': 4}"
2024-02-15T13:00:00,1094,20,"{'tier_0': 2, 'tier_1': 4, 'tier_2': 6, 'tier_3': 4, 'tier_4': 4}"
2024-02-15T14:00:00,1095,19,"{'tier_0': 2, 'tier_1': 4, 'tier_2': 6, 'tier_3': 4, 'tier_4': 3}"
2024-02-15T15:00:00,1096,18,"{'tier_0': 2, 'tier_1': 4, 'tier_2': 5, 'tier_3': 4, 'tier_4': 3}"
2024-02-15T16:00:00,1097,20,"{'tier_0': 2, 'tier_1': 5, 'tier_2': 6, 'tier_3': 4, 'tier_4': 3}"
2024-02-15T17:00:00,1098,19,"{'tier_0': 2, 'tier_1': 4, 'tier_2': 5, 'tier_3': 4, 'tier_4': 4}"
2024-02-15T18:00:00,1099,20,"{'tier_0': 2, 'tier_1': 5, 'tier_2': 6, 'tier_3': 4, 'tier_4': 3}"
2024-02-15T19:00:00,1100,20,"{'tier_0': 2, 'tier_1': 5, 'tier_2': 6, 'tier_3': 4, 'tier_4': 3}"
2024-02-15T20:00:00,1101,20,"{'tier_0': 3, 'tier_1': 3, 'tier_2': 6, 'tier_3': 4, 'tier_4': 4}"
2024-02-15T21:00:00,1102,20,"{'tier_0': 2, 'tier_1': 4, 'tier_2': 6, 'tier_3': 4, 'tier_4': 4}"
2024-02-15T22:00:00,1103,21,"{'tier_0': 2, 'tier_1': 5, 'tier_2': 6, 'tier_3': 4, 'tier_4': 4}"
2024-02-15T23:00:00,1104,19,"{'tier_0': 2, 'tier_1': 4, 'tier_2': 5, 'tier_3': 4, 'tier_4': 4}"
2024-02-16T00:00:00,1105,20,"{'tier_0': 3, 'tier_1': 4, 'tier_2': 6, 'tier_3': 4, 'tier_4': 3}"
2024-02-16T01:00:00,1106,21,"{'tier_0': 2, 'tier_1': 5, 'tier_2': 6, 'tier_3': 4, 'tier_4': 4}"
2024-02-16T02:00:00,1107,20,"{'tier_0': 2, 'tier_1': 5, 'tier_2': 6, 'tier_3': 4, 'tier_4': 3}"
2024-02-16T03:00:00,1108,20,"{'tier_0': 2, 'tier_1': 5, 'tier_2': 6, 'tier_3': 4, 'tier_4': 3}"
2024-02-16T04:00:00,1109,21,"{'tier_0': 2, 'tier_1': 5, 'tier_2': 6, 'tier_3': 4, 'tier_4': 4}"
2024-02-16T05:00:00,1110,18,"{'tier_0': 2, 'tier_1': 4, 'tier_2': 5, 'tier_3': 4, 'tier_4': 3}"
2024-02-16T06:00:00,1111,20,"{'tier_0': 3, 'tier_1': 4, 'tier_2': 6, 'tier_3': 4, 'tier_4': 3}"
2024-02-16T07:00:00,1112,18,"{'tier_0': 2, 'tier_1': 4, 'tier_2': 5, 'tier_3': 4, 'tier_4': 3}"
2024-02-16T08:00:00,1113,19,"{'tier_0': 2, 'tier_1': 4, 'tier_2': 5, 'tier_3': 4, 'tier_4': 4}"
2024-02-16T09:00:00,1114,20,"{'tier_0': 2, 'tier_1': 5, 'tier_2': 6, 'tier_3': 4, 'tier_4': 3}"
2024-02-16T10:00:00,1115,20,"{'tier_0': 2, 'tier_1': 4, 'tier_2': 6, 'tier_3': 4, 'tier_4': 4}"
2024-02-16T11:00:00,1116,20,"{'tier_0': 2, 'tier_1': 5, 'tier_2': 6, 'tier_3': 4, 'tier_4': 3}"
2024-02-16T12:00:00,1117,20,"{'tier_0': 3, 'tier_1': 3, 'tier_2': 6, 'tier_3': 4, 'tier_4': 4}"
2024-02-16T13:00:00,1118,20,"{'tier_0': 2, 'tier_1': 5, 'tier_2': 6, 'tier_3': 4, 'tier_4': 3}"
2024-02-16T14:00:00,1119,20,"{'tier_0': 2, 'tier_1': 5, 'tier_2': 6, 'tier_3': 4, 'tier_4': 3}"
2024-02-16T15:00:00,1120,20,"{'tier_0': 2, 'tier_1': 4, 'tier_2': 6, 'tier_3': 4, 'tier_4': 4}"
2024-02-16T16:00:00,1121,21,"{'tier_0': 3, 'tier_1': 4, 'tier_2': 6, 'tier_3': 4, 'tier_4': 4}"
2024-02-16T17:00:00,1122,20,"{'tier_0': 2, 'tier_1': 5, 'tier_2': 6, 'tier_3': 4, 'tier_4': 3}"
2024-02-16T18:00:00,1123,18,"{'tier_0': 2, 'tier_1': 4, 'tier_2': 5, 'tier_3': 4, 'tier_4': 3}"
2024-02-16T19:00:00,1124,19,"{'tier_0': 3, 'tier_1': 3, 'tier_2': 5, 'tier_3': 4, 'tier_4': 4}"
2024-02-16T20:00:00,1125,20,"{'tier_0': 2, 'tier_1': 5, 'tier_2': 6, 'tier_3': 4, 'tier_4': 3}"
2024-02-16T21:00:00,1126,20,"{'tier_0': 2, 'tier_1': 4, 'tier_2': 6, 'tier_3': 4, 'tier_4': 4}"
2024-02-16T22:00:00,1127,21,"{'tier_0': 3, 'tier_1': 4, 'tier_2': 6, 'tier_3': 4, 'tier_4': 4}"
2024-02-16T23:00:00,1128,20,"{'tier_0': 2, 'tier_1': 4, 'tier_2': 6, 'tier_3': 4, 'tier_4': 4}"
2024-02-17T00:00:00,1129,21,"{'tier_0': 2, 'tier_1': 4, 'tier_2': 6, 'tier_3': 5, 'tier_4': 4}"
2024-02-17T01:00:00,1130,20,"{'tier_0': 2, 'tier_1': 4, 'tier_2': 6, 'tier_3': 4, 'tier_4': 4}"
2024-02-17T02:00:00,1131,21,"{'tier_0': 4, 'tier_1': 3, 'tier_2': 6, 'tier_3': 4, 'tier_4': 4}"
2024-02-17T03:00:00,1132,21,"{'tier_0': 2, 'tier_1': 5, 'tier_2': 6, 'tier_3': 5, 'tier_4': 3}"
2024-02-17T04:00:00,1133,20,"{'tier_0': 3, 'tier_1': 3, 'tier_2': 6, 'tier_3': 4, 'tier_4': 4}"
2024-02-17T05:00:00,1134,20,"{'tier_0': 2, 'tier_1': 5, 'tier_2': 6, 'tier_3': 4, 'tier_4': 3}"
2024-02-17T06:00:00,1135,21,"{'tier_0': 2, 'tier_1': 4, 'tier_2': 6, 'tier_3': 5, 'tier_4': 4}"
2024-02-17T07:00:00,1136,20,"{'tier_0': 3, 'tier_1': 4, 'tier_2': 6, 'tier_3': 4, 'tier_4': 3}"
2024-02-17T08:00:00,1137,19,"{'tier_0': 2, 'tier_1': 4, 'tier_2': 6, 'tier_3': 4, 'tier_4': 3}"
2024-02-17T09:00:00,1138,20,"{'tier_0': 3, 'tier_1': 3, 'tier_2': 6, 'tier_3': 4, 'tier_4': 4}"
2024-02-17T10:00:00,1139,20,"{'tier_0': 3, 'tier_1': 3, 'tier_2': 6, 'tier_3': 4, 'tier_4': 4}"
2024-02-17T11:00:00,1140,18,"{'tier_0': 2, 'tier_1': 4, 'tier_2': 5, 'tier_3': 4, 'tier_4': 3}"
2024-02-17T12:00:00,1141,20,"{'tier_0': 2, 'tier_1': 4, 'tier_2': 6, 'tier_3': 4, 'tier_4': 4}"
2024-02-17T13:00:00,1142,21,"{'tier_0': 2, 'tier_1': 4, 'tier_2': 6, 'tier_3': 4, 'tier_4': 5}"
2024-02-17T14:00:00,1143,19,"{'tier_0': 2, 'tier_1': 4, 'tier_2': 5, 'tier_3': 4, 'tier_4': 4}"
2024-02-17T15:00:00,1144,20,"{'tier_0': 2, 'tier_1': 4, 'tier_2': 6, 'tier_3': 4, 'tier_4': 4}"
2024-02-17T16:00:00,1145,20,"{'tier_0': 2, 'tier_1': 5, 'tier_2': 6, 'tier_3': 4, 'tier_4': 3}"
2024-02-17T17:00:00,1146,20,"{'tier_0': 3, 'tier_1': 4, 'tier_2': 6, 'tier_3': 4, 'tier_4': 3}"
2024-02-17T18:00:00,1147,21,"{'tier_0': 2, 'tier_1': 5, 'tier_2': 6, 'tier_3': 5, 'tier_4': 3}"
2024-02-17T19:00:00,1148,20,"{'tier_0': 2, 'tier_1': 5, 'tier_2': 6, 'tier_3': 4, 'tier_4': 3}"
2024-02-17T20:00:00,1149,19,"{'tier_0': 2, 'tier_1': 4, 'tier_2': 5, 'tier_3': 4, 'tier_4': 4}"
2024-02-17T21:00:00,1150,20,"{'tier_0': 2, 'tier_1': 4, 'tier_2': 6, 'tier_3': 4, 'tier_4': 4}"
2024-02-17T22:00:00,1151,21,"{'tier_0': 2, 'tier_1': 5, 'tier_2': 6, 'tier_3': 5, 'tier_4': 3}"
2024-02-17T23:00:00,1152,20,"{'tier_0': 2, 'tier_1': 4, 'tier_2': 6, 'tier_3': 4, 'tier_4': 4}"
2024-02-18T00:00:00,1153,20,"{'tier_0': 2, 'tier_1': 5, 'tier_2': 6, 'tier_3': 4, 'tier_4': 3}"
2024-02-18T01:00:00,1154,20,"{'tier_0': 2, 'tier_1': 5, 'tier_2': 6, 'tier_3': 4, 'tier_4': 3}"
2024-02-18T02:00:00,1155,20,"{'tier_0': 2, 'tier_1': 4, 'tier_2': 6, 'tier_3': 4, 'tier_4': 4}"
2024-02-18T03:00:00,1156,20,"{'tier_0': 2, 'tier_1': 5, 'tier_2': 6, 'tier_3': 4, 'tier_4': 3}"
2024-02-18T04:00:00,1157,20,"{'tier_0': 3, 'tier_1': 3, 'tier_2': 6, 'tier_3': 4, 'tier_4': 4}"
2024-02-18T05:00:00,1158,21,"{'tier_0': 4, 'tier_1': 3, 'tier_2': 6, 'tier_3': 4, 'tier_4': 4}"
2024-02-18T06:00:00,1159,20,"{'tier_0': 2, 'tier_1': 4, 'tier_2': 6, 'tier_3': 4, 'tier_4': 4}"
2024-02-18T07:00:00,1160,20,"{'tier_0': 2, 'tier_1': 5, 'tier_2': 6, 'tier_3': 4, 'tier_4': 3}"
2024-02-18T08:00:00,1161,20,"{'tier_0': 2, 'tier_1': 5, 'tier_2': 6, 'tier_3': 4, 'tier_4': 3}"
2024-02-18T09:00:00,1162,19,"{'tier_0': 3, 'tier_1': 3, 'tier_2': 5, 'tier_3': 4, 'tier_4': 4}"
2024-02-18T10:00:00,1163,20,"{'tier_0': 2, 'tier_1': 4, 'tier_2': 6, 'tier_3': 4, 'tier_4': 4}"
2024-02-18T11:00:00,1164,18,"{'tier_0': 2, 'tier_1': 4, 'tier_2': 5, 'tier_3': 4, 'tier_4': 3}"
2024-02-18T12:00:00,1165,20,"{'tier_0': 2, 'tier_1': 4, 'tier_2': 6, 'tier_3': 4, 'tier_4': 4}"
2024-02-18T13:00:00,1166,21,"{'tier_0': 4, 'tier_1': 3, 'tier_2': 6, 'tier_3': 4, 'tier_4': 4}"
2024-02-18T14:00:00,1167,20,"{'tier_0': 2, 'tier_1': 5, 'tier_2': 6, 'tier_3': 4, 'tier_4': 3}"
2024-02-18T15:00:00,1168,19,"{'tier_0': 2, 'tier_1': 4, 'tier_2': 6, 'tier_3': 4, 'tier_4': 3}"
2024-02-18T16:00:00,1169,20,"{'tier_0': 2, 'tier_1': 5, 'tier_2': 6, 'tier_3': 4, 'tier_4': 3}"
2024-02-18T17:00:00,1170,19,"{'tier_0': 1, 'tier_1': 5, 'tier_2': 5, 'tier_3': 4, 'tier_4': 4}"
2024-02-18T18:00:00,1171,20,"{'tier_0': 2, 'tier_1': 5, 'tier_2': 6, 'tier_3': 4, 'tier_4': 3}"
2024-02-18T19:00:00,1172,21,"{'tier_0': 2, 'tier_1': 5, 'tier_2': 6, 'tier_3': 5, 'tier_4': 3}"
2024-02-18T20:00:00,1173,20,"{'tier_0': 2, 'tier_1': 4, 'tier_2': 6, 'tier_3': 4, 'tier_4': 4}"
2024-02-18T21:00:00,1174,21,"{'tier_0': 2, 'tier_1': 4, 'tier_2': 6, 'tier_3': 5, 'tier_4': 4}"
2024-02-18T22:00:00,1175,21,"{'tier_0': 2, 'tier_1': 4, 'tier_2': 6, 'tier_3': 4, 'tier_4': 5}"
2024-02-18T23:00:00,1176,20,"{'tier_0': 2, 'tier_1': 5, 'tier_2': 6, 'tier_3': 4, 'tier_4': 3}"
2024-02-19T00:00:00,1177,20,"{'tier_0': 2, 'tier_1': 5, 'tier_2': 6, 'tier_3': 4, 'tier_4': 3}"
2024-02-19T01:00:00,1178,21,"{'tier_0': 2, 'tier_1': 5, 'tier_2': 6, 'tier_3': 4, 'tier_4': 4}"
2024-02-19T02:00:00,1179,20,"{'tier_0': 2, 'tier_1': 4, 'tier_2': 6, 'tier_3': 4, 'tier_4': 4}"
2024-02-19T03:00:00,1180,20,"{'tier_0': 2, 'tier_1': 5, 'tier_2': 6, 'tier_3': 4, 'tier_4': 3}"
2024-02-19T04:00:00,1181,20,"{'tier_0': 2, 'tier_1': 5, 'tier_2': 6, 'tier_3': 4, 'tier_4': 3}"
2024-02-19T05:00:00,1182,20,"{'tier_0': 2, 'tier_1': 5, 'tier_2': 6, 'tier_3': 4, 'tier_4': 3}"
2024-02-19T06:00:00,1183,20,"{'tier_0': 2, 'tier_1': 5, 'tier_2': 6, 'tier_3': 4, 'tier_4': 3}"
2024-02-19T07:00:00,1184,20,"{'tier_0': 2, 'tier_1': 5, 'tier_2': 6, 'tier_3': 4, 'tier_4': 3}"
2024-02-19T08:00:00,1185,20,"{'tier_0': 3, 'tier_1': 4, 'tier_2': 6, 'tier_3': 4, 'tier_4': 3}"
2024-02-19T09:00:00,1186,19,"{'tier_0': 1, 'tier_1': 5, 'tier_2': 5, 'tier_3': 4, 'tier_4': 4}"
2024-02-19T10:00:00,1187,19,"{'tier_0': 2, 'tier_1': 4, 'tier_2': 5, 'tier_3': 4, 'tier_4': 4}"
2024-02-19T11:00:00,1188,20,"{'tier_0': 2, 'tier_1': 5, 'tier_2': 6, 'tier_3': 4, 'tier_4': 3}"
2024-02-19T12:00:00,1189,20,"{'tier_0': 2, 'tier_1': 5, 'tier_2': 6, 'tier_3': 4, 'tier_4': 3}"
2024-02-19T13:00:00,1190,18,"{'tier_0': 2, 'tier_1': 4, 'tier_2': 5, 'tier_3': 4, 'tier_4': 3}"
2024-02-19T14:00:00,1191,20,"{'tier_0': 2, 'tier_1': 4, 'tier_2': 6, 'tier_3': 4, 'tier_4': 4}"
2024-02-19T15:00:00,1192,21,"{'tier_0': 2, 'tier_1': 4, 'tier_2': 6, 'tier_3': 4, 'tier_4': 5}"
2024-02-19T16:00:00,1193,20,"{'tier_0': 3, 'tier_1': 4, 'tier_2': 6, 'tier_3': 4, 'tier_4': 3}"
2024-02-19T17:00:00,1194,21,"{'tier_0': 2, 'tier_1': 5, 'tier_2': 6, 'tier_3': 5, 'tier_4': 3}"
2024-02-19T18:00:00,1195,20,"{'tier_0': 2, 'tier_1': 5, 'tier_2': 6, 'tier_3': 4, 'tier_4': 3}"
2024-02-19T19:00:00,1196,20,"{'tier_0': 3, 'tier_1': 3, 'tier_2': 6, 'tier_3': 4, 'tier_4': 4}"
2024-02-19T20:00:00,1197,21,"{'tier_0': 2, 'tier_1': 5, 'tier_2': 6, 'tier_3': 4, 'tier_4': 4}"
2024-02-19T21:00:00,1198,20,"{'tier_0': 2, 'tier_1': 4, 'tier_2': 6, 'tier_3': 4, 'tier_4': 4}"
2024-02-19T22:00:00,1199,19,"{'tier_0': 3, 'tier_1': 3, 'tier_2': 5, 'tier_3': 4, 'tier_4': 4}"
2024-02-19T23:00:00,1200,20,"{'tier_0': 2, 'tier_1': 4, 'tier_2': 6, 'tier_3': 4, 'tier_4': 4}"
2024-02-20T00:00:00,1201,20,"{'tier_0': 2, 'tier_1': 4, 'tier_2': 6, 'tier_3': 4, 'tier_4': 4}"
2024-02-20T01:00:00,1202,19,"{'tier_0': 2, 'tier_1': 4, 'tier_2': 5, 'tier_3': 5, 'tier_4': 3}"
2024-02-20T02:00:00,1203,20,"{'tier_0': 3, 'tier_1': 3, 'tier_2': 6, 'tier_3': 4, 'tier_4': 4}"
2024-02-20T03:00:00,1204,20,"{'tier_0': 2, 'tier_1': 4, 'tier_2': 5, 'tier_3': 5, 'tier_4': 4}"
2024-02-20T04:00:00,1205,21,"{'tier_0': 2, 'tier_1': 5, 'tier_2': 6, 'tier_3': 4, 'tier_4': 4}"
2024-02-20T05:00:00,1206,20,"{'tier_0': 2, 'tier_1': 4, 'tier_2': 6, 'tier_3': 4, 'tier_4': 4}"
2024-02-20T06:00:00,1207,20,"{'tier_0': 2, 'tier_1': 5, 'tier_2': 6, 'tier_3': 4, 'tier_4': 3}"
2024-02-20T07:00:00,1208,19,"{'tier_0': 3, 'tier_1': 3, 'tier_2': 5, 'tier_3': 4, 'tier_4': 4}"
2024-02-20T08:00:00,1209,21,"{'tier_0': 2, 'tier_1': 5, 'tier_2': 6, 'tier_3': 4, 'tier_4': 4}"
2024-02-20T09:00:00,1210,20,"{'tier_0': 2, 'tier_1': 5, 'tier_2': 6, 'tier_3': 4, 'tier_4': 3}"
2024-02-20T10:00:00,1211,19,"{'tier_0': 2, 'tier_1': 4, 'tier_2': 6, 'tier_3': 4, 'tier_4': 3}"
2024-02-20T11:00:00,1212,20,"{'tier_0': 2, 'tier_1': 4, 'tier_2': 6, 'tier_3': 4, 'tier_4': 4}"
2024-02-20T12:00:00,1213,21,"{'tier_0': 2, 'tier_1': 5, 'tier_2': 6, 'tier_3': 4, 'tier_4': 4}"
2024-02-20T13:00:00,1214,20,"{'tier_0': 2, 'tier_1': 4, 'tier_2': 6, 'tier_3': 4, 'tier_4': 4}"
2024-02-20T14:00:00,1215,21,"{'tier_0': 2, 'tier_1': 5, 'tier_2': 6, 'tier_3': 5, 'tier_4': 3}"
2024-02-20T15:00:00,1216,20,"{'tier_0': 2, 'tier_1': 5, 'tier_2': 6, 'tier_3': 4, 'tier_4': 3}"
2024-02-20T16:00:00,1217,20,"{'tier_0': 3, 'tier_1': 4, 'tier_2': 6, 'tier_3': 4, 'tier_4': 3}"
2024-02-20T17:00:00,1218,19,"{'tier_0': 2, 'tier_1': 4, 'tier_2': 6, 'tier_3': 4, 'tier_4': 3}"
2024-02-20T18:00:00,1219,21,"{'tier_0': 2, 'tier_1': 5, 'tier_2': 6, 'tier_3': 4, 'tier_4': 4}"
2024-02-20T19:00:00,1220,20,"{'tier_0': 2, 'tier_1': 5, 'tier_2': 6, 'tier_3': 4, 'tier_4': 3}"
2024-02-20T20:00:00,1221,20,"{'tier_0': 2, 'tier_1': 5, 'tier_2': 6, 'tier_3': 4, 'tier_4': 3}"
2024-02-20T21:00:00,1222,21,"{'tier_0': 2, 'tier_1': 5, 'tier_2': 6, 'tier_3': 4, 'tier_4': 4}"
2024-02-20T22:00:00,1223,20,"{'tier_0': 3, 'tier_1': 4, 'tier_2': 6, 'tier_3': 4, 'tier_4': 3}"
2024-02-20T23:00:00,1224,21,"{'tier_0': 2, 'tier_1': 5, 'tier_2': 6, 'tier_3': 4, 'tier_4': 4}"
2024-02-21T00:00:00,1225,20,"{'tier_0': 3, 'tier_1': 3, 'tier_2': 6, 'tier_3': 4, 'tier_4': 4}"
2024-02-21T01:00:00,1226,20,"{'tier_0': 2, 'tier_1': 4, 'tier_2': 6, 'tier_3': 4, 'tier_4': 4}"
2024-02-21T02:00:00,1227,20,"{'tier_0': 2, 'tier_1': 4, 'tier_2': 6, 'tier_3': 4, 'tier_4': 4}"
2024-02-21T03:00:00,1228,20,"{'tier_0': 2, 'tier_1': 4, 'tier_2': 6, 'tier_3': 4, 'tier_4': 4}"
2024-02-21T04:00:00,1229,19,"{'tier_0': 2, 'tier_1': 4, 'tier_2': 5, 'tier_3': 4, 'tier_4': 4}"
2024-02-21T05:00:00,1230,20,"{'tier_0': 2, 'tier_1': 4, 'tier_2': 6, 'tier_3': 4, 'tier_4': 4}"
2024-02-21T06:00:00,1231,20,"{'tier_0': 2, 'tier_1': 5, 'tier_2': 6, 'tier_3': 4, 'tier_4': 3}"
2024-02-21T07:00:00,1232,20,"{'tier_0': 2, 'tier_1': 5, 'tier_2': 6, 'tier_3': 4, 'tier_4': 3}"
2024-02-21T08:00:00,1233,21,"{'tier_0': 2, 'tier_1': 5, 'tier_2': 6, 'tier_3': 4, 'tier_4': 4}"
2024-02-21T09:00:00,1234,20,"{'tier_0': 2, 'tier_1': 5, 'tier_2': 6, 'tier_3': 4, 'tier_4': 3}"
2024-02-21T10:00:00,1235,20,"{'tier_0': 2, 'tier_1': 5, 'tier_2': 6, 'tier_3': 4, 'tier_4': 3}"
2024-02-21T11:00:00,1236,21,"{'tier_0': 2, 'tier_1': 5, 'tier_2': 6, 'tier_3': 4, 'tier_4': 4}"
2024-02-21T12:00:00,1237,21,"{'tier_0': 2, 'tier_1': 4, 'tier_2': 6, 'tier_3': 5, 'tier_4': 4}"
2024-02-21T13:00:00,1238,20,"{'tier_0': 2, 'tier_1': 4, 'tier_2': 6, 'tier_3': 4, 'tier_4': 4}"
2024-02-21T14:00:00,1239,20,"{'tier_0': 2, 'tier_1': 4, 'tier_2': 6, 'tier_3': 4, 'tier_4': 4}"
2024-02-21T15:00:00,1240,21,"{'tier_0': 2, 'tier_1': 5, 'tier_2': 6, 'tier_3': 4, 'tier_4': 4}"
2024-02-21T16:00:00,1241,19,"{'tier_0': 1, 'tier_1': 5, 'tier_2': 5, 'tier_3': 4, 'tier_4': 4}"
2024-02-21T17:00:00,1242,20,"{'tier_0': 2, 'tier_1': 5, 'tier_2': 6, 'tier_3': 4, 'tier_4': 3}"
2024-02-21T18:00:00,1243,19,"{'tier_0': 2, 'tier_1': 4, 'tier_2': 6, 'tier_3': 4, 'tier_4': 3}"
2024-02-21T19:00:00,1244,21,"{'tier_0': 2, 'tier_1': 5, 'tier_2': 6, 'tier_3': 4, 'tier_4': 4}"
2024-02-21T20:00:00,1245,20,"{'tier_0': 3, 'tier_1': 3, 'tier_2': 6, 'tier_3': 4, 'tier_4': 4}"
2024-02-21T21:00:00,1246,20,"{'tier_0': 2, 'tier_1': 5, 'tier_2': 6, 'tier_3': 4, 'tier_4': 3}"
2024-02-21T22:00:00,1247,20,"{'tier_0': 2, 'tier_1': 4, 'tier_2': 6, 'tier_3': 4, 'tier_4': 4}"
2024-02-21T23:00:00,1248,21,"{'tier_0': 3, 'tier_1': 4, 'tier_2': 6, 'tier_3': 4, 'tier_4': 4}"
2024-02-22T00:00:00,1249,20,"{'tier_0': 3, 'tier_1': 3, 'tier_2': 6, 'tier_3': 4, 'tier_4': 4}"
2024-02-22T01:00:00,1250,20,"{'tier_0': 2, 'tier_1': 4, 'tier_2': 6, 'tier_3': 4, 'tier_4': 4}"
2024-02-22T02:00:00,1251,20,"{'tier_0': 2, 'tier_1': 5, 'tier_2': 6, 'tier_3': 4, 'tier_4': 3}"
2024-02-22T03:00:00,1252,19,"{'tier_0': 2, 'tier_1': 4, 'tier_2': 6, 'tier_3': 4, 'tier_4': 3}"
2024-02-22T04:00:00,1253,20,"{'tier_0': 2, 'tier_1': 4, 'tier_2': 6, 'tier_3': 4, 'tier_4': 4}"
2024-02-22T05:00:00,1254,19,"{'tier_0': 2, 'tier_1': 4, 'tier_2': 5, 'tier_3': 4, 'tier_4': 4}"
2024-02-22T06:00:00,1255,19,"{'tier_0': 2, 'tier_1': 4, 'tier_2': 6, 'tier_3': 4, 'tier_4': 3}"
2024-02-22T07:00:00,1256,20,"{'tier_0': 2, 'tier_1': 4, 'tier_2': 6, 'tier_3': 4, 'tier_4': 4}"
2024-02-22T08:00:00,1257,20,"{'tier_0': 3, 'tier_1': 4, 'tier_2': 6, 'tier_3': 4, 'tier_4': 3}"
2024-02-22T09:00:00,1258,20,"{'tier_0': 3, 'tier_1': 3, 'tier_2': 6, 'tier_3': 4, 'tier_4': 4}"
2024-02-22T10:00:00,1259,19,"{'tier_0': 3, 'tier_1': 3, 'tier_2': 5, 'tier_3': 4, 'tier_4': 4}"
2024-02-22T11:00:00,1260,20,"{'tier_0': 2, 'tier_1': 4, 'tier_2': 6, 'tier_3': 4, 'tier_4': 4}"
2024-02-22T12:00:00,1261,18,"{'tier_0': 2, 'tier_1': 4, 'tier_2': 5, 'tier_3': 4, 'tier_4': 3}"
2024-02-22T13:00:00,1262,20,"{'tier_0': 2, 'tier_1': 5, 'tier_2': 6, 'tier_3': 4, 'tier_4': 3}"
2024-02-22T14:00:00,1263,20,"{'tier_0': 2, 'tier_1': 4, 'tier_2': 6, 'tier_3': 4, 'tier_4': 4}"
2024-02-22T15:00:00,1264,19,"{'tier_0': 2, 'tier_1': 4, 'tier_2': 5, 'tier_3': 4, 'tier_4': 4}"
2024-02-22T16:00:00,1265,21,"{'tier_0': 2, 'tier_1': 5, 'tier_2': 6, 'tier_3': 5, 'tier_4': 3}"
2024-02-22T17:00:00,1266,20,"{'tier_0': 2, 'tier_1': 4, 'tier_2': 6, 'tier_3': 4, 'tier_4': 4}"
2024-02-22T18:00:00,1267,20,"{'tier_0': 2, 'tier_1': 4, 'tier_2': 6, 'tier_3': 4, 'tier_4': 4}"
2024-02-22T19:00:00,1268,20,"{'tier_0': 2, 'tier_1': 4, 'tier_2': 5, 'tier_3': 5, 'tier_4': 4}"
2024-02-22T20:00:00,1269,20,"{'tier_0': 2, 'tier_1': 5, 'tier_2': 6, 'tier_3': 4, 'tier_4': 3}"
2024-02-22T21:00:00,1270,20,"{'tier_0': 2, 'tier_1': 4, 'tier_2': 6, 'tier_3': 4, 'tier_4': 4}"
2024-02-22T22:00:00,1271,21,"{'tier_0': 2, 'tier_1': 4, 'tier_2': 6, 'tier_3': 5, 'tier_4': 4}"
2024-02-22T23:00:00,1272,21,"{'tier_0': 2, 'tier_1': 5, 'tier_2': 6, 'tier_3': 4, 'tier_4': 4}"
2024-02-23T00:00:00,1273,20,"{'tier_0': 2, 'tier_1': 4, 'tier_2': 6, 'tier_3': 4, 'tier_4': 4}"
2024-02-23T01:00:00,1274,20,"{'tier_0': 2, 'tier_1': 5, 'tier_2': 6, 'tier_3': 4, 'tier_4': 3}"
2024-02-23T02:00:00,1275,19,"{'tier_0': 1, 'tier_1': 5, 'tier_2': 5, 'tier_3': 4, 'tier_4': 4}"
2024-02-23T03:00:00,1276,20,"{'tier_0': 2, 'tier_1': 4, 'tier_2': 6, 'tier_3': 4, 'tier_4': 4}"
2024-02-23T04:00:00,1277,20,"{'tier_0': 2, 'tier_1': 4, 'tier_2': 6, 'tier_3': 4, 'tier_4': 4}"
2024-02-23T05:00:00,1278,20,"{'tier_0': 3, 'tier_1': 3, 'tier_2': 6, 'tier_3': 4, 'tier_4': 4}"
2024-02-23T06:00:00,1279,20,"{'tier_0': 3, 'tier_1': 4, 'tier_2': 6, 'tier_3': 4, 'tier_4': 3}"
2024-02-23T07:00:00,1280,21,"{'tier_0': 2, 'tier_1': 4, 'tier_2': 6, 'tier_3': 5, 'tier_4': 4}"
2024-02-23T08:00:00,1281,20,"{'tier_0': 3, 'tier_1': 3, 'tier_2': 6, 'tier_3': 4, 'tier_4': 4}"
2024-02-23T09:00:00,1282,20,"{'tier_0': 2, 'tier_1': 5, 'tier_2': 6, 'tier_3': 4, 'tier_4': 3}"
2024-02-23T10:00:00,1283,20,"{'tier_0': 2, 'tier_1': 4, 'tier_2': 6, 'tier_3': 4, 'tier_4': 4}"
2024-02-23T11:00:00,1284,20,"{'tier_0': 3, 'tier_1': 3, 'tier_2': 6, 'tier_3': 4, 'tier_4': 4}"
2024-02-23T12:00:00,1285,21,"{'tier_0': 3, 'tier_1': 4, 'tier_2': 6, 'tier_3': 4, 'tier_4': 4}"
2024-02-23T13:00:00,1286,20,"{'tier_0': 2, 'tier_1': 5, 'tier_2': 6, 'tier_3': 4, 'tier_4': 3}"
2024-02-23T14:00:00,1287,20,"{'tier_0': 2, 'tier_1': 4, 'tier_2': 6, 'tier_3': 4, 'tier_4': 4}"
2024-02-23T15:00:00,1288,18,"{'tier_0': 2, 'tier_1': 4, 'tier_2': 5, 'tier_3': 4, 'tier_4': 3}"
2024-02-23T16:00:00,1289,20,"{'tier_0': 2, 'tier_1': 5, 'tier_2': 6, 'tier_3': 4, 'tier_4': 3}"
2024-02-23T17:00:00,1290,19,"{'tier_0': 3, 'tier_1': 3, 'tier_2': 5, 'tier_3': 4, 'tier_4': 4}"
2024-02-23T18:00:00,1291,19,"{'tier_0': 2, 'tier_1': 4, 'tier_2': 5, 'tier_3': 4, 'tier_4': 4}"
2024-02-23T19:00:00,1292,18,"{'tier_0': 2, 'tier_1': 4, 'tier_2': 5, 'tier_3': 4, 'tier_4': 3}"
2024-02-23T20:00:00,1293,19,"{'tier_0': 2, 'tier_1': 4, 'tier_2': 5, 'tier_3': 4, 'tier_4': 4}"
2024-02-23T21:00:00,1294,20,"{'tier_0': 2, 'tier_1': 5, 'tier_2': 6, 'tier_3': 4, 'tier_4': 3}"
2024-02-23T22:00:00,1295,19,"{'tier_0': 3, 'tier_1': 3, 'tier_2': 5, 'tier_3': 4, 'tier_4': 4}"
2024-02-23T23:00:00,1296,20,"{'tier_0': 2, 'tier_1': 4, 'tier_2': 6, 'tier_3': 4, 'tier_4': 4}"
2024-02-24T00:00:00,1297,20,"{'tier_0': 2, 'tier_1': 4, 'tier_2': 6, 'tier_3': 4, 'tier_4': 4}"
2024-02-24T01:00:00,1298,20,"{'tier_0': 2, 'tier_1': 4, 'tier_2': 6, 'tier_3': 4, 'tier_4': 4}"
2024-02-24T02:00:00,1299,20,"{'tier_0': 2, 'tier_1': 5, 'tier_2': 6, 'tier_3': 4, 'tier_4': 3}"
2024-02-24T03:00:00,1300,21,"{'tier_0': 2, 'tier_1': 5, 'tier_2': 6, 'tier_3': 4, 'tier_4': 4}"
2024-02-24T04:00:00,1301,20,"{'tier_0': 3, 'tier_1': 4, 'tier_2': 6, 'tier_3': 4, 'tier_4': 3}"
2024-02-24T05:00:00,1302,19,"{'tier_0': 2, 'tier_1': 4, 'tier_2': 5, 'tier_3': 4, 'tier_4': 4}"
2024-02-24T06:00:00,1303,20,"{'tier_0': 3, 'tier_1': 3, 'tier_2': 6, 'tier_3': 4, 'tier_4': 4}"
2024-02-24T07:00:00,1304,20,"{'tier_0': 2, 'tier_1': 5, 'tier_2': 6, 'tier_3': 4, 'tier_4': 3}"
2024-02-24T08:00:00,1305,20,"{'tier_0': 2, 'tier_1': 5, 'tier_2': 6, 'tier_3': 4, 'tier_4': 3}"
2024-02-24T09:00:00,1306,19,"{'tier_0': 2, 'tier_1': 4, 'tier_2': 6, 'tier_3': 4, 'tier_4': 3}"
2024-02-24T10:00:00,1307,18,"{'tier_0': 2, 'tier_1': 4, 'tier_2': 5, 'tier_3': 4, 'tier_4': 3}"
2024-02-24T11:00:00,1308,21,"{'tier_0': 2, 'tier_1': 5, 'tier_2': 6, 'tier_3': 4, 'tier_4': 4}"
2024-02-24T12:00:00,1309,20,"{'tier_0': 2, 'tier_1': 5, 'tier_2': 6, 'tier_3': 4, 'tier_4': 3}"
2024-02-24T13:00:00,1310,21,"{'tier_0': 2, 'tier_1': 5, 'tier_2': 6, 'tier_3': 4, 'tier_4': 4}"
2024-02-24T14:00:00,1311,18,"{'tier_0': 2, 'tier_1': 4, 'tier_2': 5, 'tier_3': 4, 'tier_4': 3}"
2024-02-24T15:00:00,1312,20,"{'tier_0': 3, 'tier_1': 3, 'tier_2': 6, 'tier_3': 4, 'tier_4': 4}"
2024-02-24T16:00:00,1313,19,"{'tier_0': 2, 'tier_1': 4, 'tier_2': 5, 'tier_3': 4, 'tier_4': 4}"
2024-02-24T17:00:00,1314,20,"{'tier_0': 2, 'tier_1': 4, 'tier_2': 6, 'tier_3': 4, 'tier_4': 4}"
2024-02-24T18:00:00,1315,20,"{'tier_0': 2, 'tier_1': 5, 'tier_2': 6, 'tier_3': 4, 'tier_4': 3}"
2024-02-24T19:00:00,1316,20,"{'tier_0': 2, 'tier_1': 4, 'tier_2': 6, 'tier_3': 4, 'tier_4': 4}"
2024-02-24T20:00:00,1317,21,"{'tier_0': 3, 'tier_1': 4, 'tier_2': 6, 'tier_3': 4, 'tier_4': 4}"
2024-02-24T21:00:00,1318,20,"{'tier_0': 2, 'tier_1': 4, 'tier_2': 5, 'tier_3': 5, 'tier_4': 4}"
2024-02-24T22:00:00,1319,19,"{'tier_0': 2, 'tier_1': 4, 'tier_2': 5, 'tier_3': 5, 'tier_4': 3}"
2024-02-24T23:00:00,1320,21,"{'tier_0': 2, 'tier_1': 5, 'tier_2': 6, 'tier_3': 4, 'tier_4': 4}"
2024-02-25T00:00:00,1321,20,"{'tier_0': 2, 'tier_1': 4, 'tier_2': 6, 'tier_3': 4, 'tier_4': 4}"
2024-02-25T01:00:00,1322,21,"{'tier_0': 2, 'tier_1': 5, 'tier_2': 6, 'tier_3': 4, 'tier_4': 4}"
2024-02-25T02:00:00,1323,21,"{'tier_0': 2, 'tier_1': 5, 'tier_2': 6, 'tier_3': 4, 'tier_4': 4}"
2024-02-25T03:00:00,1324,20,"{'tier_0': 2, 'tier_1': 4, 'tier_2': 6, 'tier_3': 4, 'tier_4': 4}"
2024-02-25T04:00:00,1325,20,"{'tier_0': 2, 'tier_1': 4, 'tier_2': 6, 'tier_3': 4, 'tier_4': 4}"
2024-02-25T05:00:00,1326,20,"{'tier_0': 2, 'tier_1': 5, 'tier_2': 6, 'tier_3': 4, 'tier_4': 3}"
2024-02-25T06:00:00,1327,20,"{'tier_0': 3, 'tier_1': 4, 'tier_2': 6, 'tier_3': 4, 'tier_4': 3}"
2024-02-25T07:00:00,1328,20,"{'tier_0': 2, 'tier_1': 4, 'tier_2': 6, 'tier_3': 4, 'tier_4': 4}"
2024-02-25T08:00:00,1329,20,"{'tier_0': 2, 'tier_1': 5, 'tier_2': 6, 'tier_3': 4, 'tier_4': 3}"
2024-02-25T09:00:00,1330,18,"{'tier_0': 2, 'tier_1': 4, 'tier_2': 5, 'tier_3': 4, 'tier_4': 3}"
2024-02-25T10:00:00,1331,20,"{'tier_0': 2, 'tier_1': 5, 'tier_2': 6, 'tier_3': 4, 'tier_4': 3}"
2024-02-25T11:00:00,1332,20,"{'tier_0': 2, 'tier_1': 4, 'tier_2': 6, 'tier_3': 4, 'tier_4': 4}"
2024-02-25T12:00:00,1333,19,"{'tier_0': 2, 'tier_1': 4, 'tier_2': 6, 'tier_3': 4, 'tier_4': 3}"
2024-02-25T13:00:00,1334,19,"{'tier_0': 2, 'tier_1': 4, 'tier_2': 5, 'tier_3': 4, 'tier_4': 4}"
2024-02-25T14:00:00,1335,20,"{'tier_0': 2, 'tier_1': 4, 'tier_2': 6, 'tier_3': 4, 'tier_4': 4}"
2024-02-25T15:00:00,1336,20,"{'tier_0': 2, 'tier_1': 5, 'tier_2': 6, 'tier_3': 4, 'tier_4': 3}"
2024-02-25T16:00:00,1337,20,"{'tier_0': 2, 'tier_1': 4, 'tier_2': 6, 'tier_3': 4, 'tier_4': 4}"
2024-02-25T17:00:00,1338,19,"{'tier_0': 2, 'tier_1': 4, 'tier_2': 6, 'tier_3': 4, 'tier_4': 3}"
2024-02-25T18:00:00,1339,21,"{'tier_0': 2, 'tier_1': 5, 'tier_2': 6, 'tier_3': 4, 'tier_4': 4}"
2024-02-25T19:00:00,1340,19,"{'tier_0': 1, 'tier_1': 5, 'tier_2': 5, 'tier_3': 4, 'tier_4': 4}"
2024-02-25T20:00:00,1341,20,"{'tier_0': 2, 'tier_1': 4, 'tier_2': 6, 'tier_3': 4, 'tier_4': 4}"
2024-02-25T21:00:00,1342,21,"{'tier_0': 2, 'tier_1': 5, 'tier_2': 6, 'tier_3': 4, 'tier_4': 4}"
2024-02-25T22:00:00,1343,18,"{'tier_0': 2, 'tier_1': 4, 'tier_2': 5, 'tier_3': 4, 'tier_4': 3}"
2024-02-25T23:00:00,1344,21,"{'tier_0': 2, 'tier_1': 4, 'tier_2': 6, 'tier_3': 4, 'tier_4': 5}"
2024-02-26T00:00:00,1345,20,"{'tier_0': 2, 'tier_1': 4, 'tier_2': 6, 'tier_3': 4, 'tier_4': 4}"
2024-02-26T01:00:00,1346,18,"{'tier_0': 2, 'tier_1': 4, 'tier_2': 5, 'tier_3': 4, 'tier_4': 3}"
2024-02-26T02:00:00,1347,21,"{'tier_0': 2, 'tier_1': 5, 'tier_2': 6, 'tier_3': 4, 'tier_4': 4}"
2024-02-26T03:00:00,1348,20,"{'tier_0': 3, 'tier_1': 4, 'tier_2': 6, 'tier_3': 4, 'tier_4': 3}"
2024-02-26T04:00:00,1349,21,"{'tier_0': 2, 'tier_1': 5, 'tier_2': 6, 'tier_3': 4, 'tier_4': 4}"
2024-02-26T05:00:00,1350,21,"{'tier_0': 2, 'tier_1': 4, 'tier_2': 6, 'tier_3': 4, 'tier_4': 5}"
2024-02-26T06:00:00,1351,20,"{'tier_0': 2, 'tier_1': 4, 'tier_2': 6, 'tier_3': 4, 'tier_4': 4}"
2024-02-26T07:00:00,1352,20,"{'tier_0': 2, 'tier_1': 4, 'tier_2': 6, 'tier_3': 4, 'tier_4': 4}"
2024-02-26T08:00:00,1353,19,"{'tier_0': 1, 'tier_1': 5, 'tier_2': 6, 'tier_3': 4, 'tier_4': 3}"
2024-02-26T09:00:00,1354,20,"{'tier_0': 2, 'tier_1': 4, 'tier_2': 6, 'tier_3': 4, 'tier_4': 4}"
2024-02-26T10:00:00,1355,19,"{'tier_0': 2, 'tier_1': 4, 'tier_2': 6, 'tier_3': 4, 'tier_4': 3}"
2024-02-26T11:00:00,1356,20,"{'tier_0': 2, 'tier_1': 4, 'tier_2': 6, 'tier_3': 4, 'tier_4': 4}"
2024-02-26T12:00:00,1357,19,"{'tier_0': 2, 'tier_1': 4, 'tier_2': 6, 'tier_3': 4, 'tier_4': 3}"
2024-02-26T13:00:00,1358,19,"{'tier_0': 3, 'tier_1': 3, 'tier_2': 5, 'tier_3': 4, 'tier_4': 4}"
2024-02-26T14:00:00,1359,20,"{'tier_0': 3, 'tier_1': 4, 'tier_2': 6, 'tier_3': 4, 'tier_4': 3}"
2024-02-26T15:00:00,1360,19,"{'tier_0': 2, 'tier_1': 4, 'tier_2': 5, 'tier_3': 4, 'tier_4': 4}"
2024-02-26T16:00:00,1361,20,"{'tier_0': 2, 'tier_1': 4, 'tier_2': 6, 'tier_3': 4, 'tier_4': 4}"
2024-02-26T17:00:00,1362,19,"{'tier_0': 2, 'tier_1': 4, 'tier_2': 5, 'tier_3': 4, 'tier_4': 4}"
2024-02-26T18:00:00,1363,20,"{'tier_0': 2, 'tier_1': 5, 'tier_2': 6, 'tier_3': 4, 'tier_4': 3}"
2024-02-26T19:00:00,1364,20,"{'tier_0': 2, 'tier_1': 4, 'tier_2': 6, 'tier_3': 4, 'tier_4': 4}"
2024-02-26T20:00:00,1365,19,"{'tier_0': 2, 'tier_1': 4, 'tier_2': 6, 'tier_3': 4, 'tier_4': 3}"
2024-02-26T21:00:00,1366,19,"{'tier_0': 3, 'tier_1': 3, 'tier_2': 5, 'tier_3': 4, 'tier_4': 4}"
2024-02-26T22:00:00,1367,20,"{'tier_0': 2, 'tier_1': 5, 'tier_2': 6, 'tier_3': 4, 'tier_4': 3}"
2024-02-26T23:00:00,1368,20,"{'tier_0': 2, 'tier_1': 4, 'tier_2': 6, 'tier_3': 4, 'tier_4': 4}"
2024-02-27T00:00:00,1369,19,"{'tier_0': 2, 'tier_1': 4, 'tier_2': 5, 'tier_3': 4, 'tier_4': 4}"
2024-02-27T01:00:00,1370,20,"{'tier_0': 2, 'tier_1': 4, 'tier_2': 6, 'tier_3': 4, 'tier_4': 4}"
2024-02-27T02:00:00,1371,20,"{'tier_0': 2, 'tier_1': 5, 'tier_2': 6, 'tier_3': 4, 'tier_4': 3}"
2024-02-27T03:00:00,1372,19,"{'tier_0': 2, 'tier_1': 4, 'tier_2': 5, 'tier_3': 4, 'tier_4': 4}"
2024-02-27T04:00:00,1373,20,"{'tier_0': 2, 'tier_1': 4, 'tier_2': 6, 'tier_3': 4, 'tier_4': 4}"
2024-02-27T05:00:00,1374,20,"{'tier_0': 2, 'tier_1': 5, 'tier_2': 6, 'tier_3': 4, 'tier_4': 3}"
2024-02-27T06:00:00,1375,21,"{'tier_0': 3, 'tier_1': 4, 'tier_2': 6, 'tier_3': 4, 'tier_4': 4}"
2024-02-27T07:00:00,1376,20,"{'tier_0': 2, 'tier_1': 4, 'tier_2': 6, 'tier_3': 4, 'tier_4': 4}"
2024-02-27T08:00:00,1377,20,"{'tier_0': 2, 'tier_1': 4, 'tier_2': 6, 'tier_3': 4, 'tier_4': 4}"
2024-02-27T09:00:00,1378,20,"{'tier_0': 3, 'tier_1': 4, 'tier_2': 6, 'tier_3': 4, 'tier_4': 3}"
2024-02-27T10:00:00,1379,19,"{'tier_0': 2, 'tier_1': 4, 'tier_2': 5, 'tier_3': 4, 'tier_4': 4}"
2024-02-27T11:00:00,1380,20,"{'tier_0': 2, 'tier_1': 4, 'tier_2': 6, 'tier_3': 4, 'tier_4': 4}"
2024-02-27T12:00:00,1381,20,"{'tier_0': 2, 'tier_1': 5, 'tier_2': 6, 'tier_3': 4, 'tier_4': 3}"
2024-02-27T13:00:00,1382,20,"{'tier_0': 2, 'tier_1': 4, 'tier_2': 6, 'tier_3': 4, 'tier_4': 4}"
2024-02-27T14:00:00,1383,20,"{'tier_0': 2, 'tier_1': 5, 'tier_2': 6, 'tier_3': 4, 'tier_4': 3}"
2024-02-27T15:00:00,1384,20,"{'tier_0': 3, 'tier_1': 4, 'tier_2': 6, 'tier_3': 4, 'tier_4': 3}"
2024-02-27T16:00:00,1385,21,"{'tier_0': 2, 'tier_1': 5, 'tier_2': 6, 'tier_3': 4, 'tier_4': 4}"
2024-02-27T17:00:00,1386,20,"{'tier_0': 2, 'tier_1': 4, 'tier_2': 6, 'tier_3': 4, 'tier_4': 4}"
2024-02-27T18:00:00,1387,20,"{'tier_0': 2, 'tier_1': 4, 'tier_2': 6, 'tier_3': 4, 'tier_4': 4}"
2024-02-27T19:00:00,1388,18,"{'tier_0': 3, 'tier_1': 3, 'tier_2': 5, 'tier_3': 4, 'tier_4': 3}"
2024-02-27T20:00:00,1389,20,"{'tier_0': 2, 'tier_1': 4, 'tier_2': 6, 'tier_3': 4, 'tier_4': 4}"
2024-02-27T21:00:00,1390,20,"{'tier_0': 2, 'tier_1': 4, 'tier_2': 6, 'tier_3': 4, 'tier_4': 4}"
2024-02-27T22:00:00,1391,21,"{'tier_0': 3, 'tier_1': 4, 'tier_2': 6, 'tier_3': 4, 'tier_4': 4}"
2024-02-27T23:00:00,1392,20,"{'tier_0': 3, 'tier_1': 4, 'tier_2': 6, 'tier_3': 4, 'tier_4': 3}"
2024-02-28T00:00:00,1393,20,"{'tier_0': 2, 'tier_1': 5, 'tier_2': 6, 'tier_3': 4, 'tier_4': 3}"
2024-02-28T01:00:00,1394,20,"{'tier_0': 2, 'tier_1': 4, 'tier_2': 6, 'tier_3': 4, 'tier_4': 4}"
2024-02-28T02:00:00,1395,20,"{'tier_0': 3, 'tier_1': 4, 'tier_2': 6, 'tier_3': 4, 'tier_4': 3}"
2024-02-28T03:00:00,1396,20,"{'tier_0': 2, 'tier_1': 5, 'tier_2': 6, 'tier_3': 4, 'tier_4': 3}"
2024-02-28T04:00:00,1397,20,"{'tier_0': 2, 'tier_1': 5, 'tier_2': 6, 'tier_3': 4, 'tier_4': 3}"
2024-02-28T05:00:00,1398,21,"{'tier_0': 2, 'tier_1': 5, 'tier_2': 6, 'tier_3': 4, 'tier_4': 4}"
2024-02-28T06:00:00,1399,21,"{'tier_0': 3, 'tier_1': 4, 'tier_2': 6, 'tier_3': 4, 'tier_4': 4}"
2024-02-28T07:00:00,1400,21,"{'tier_0': 3, 'tier_1': 3, 'tier_2': 6, 'tier_3': 4, 'tier_4': 5}"
2024-02-28T08:00:00,1401,20,"{'tier_0': 2, 'tier_1': 5, 'tier_2': 6, 'tier_3': 4, 'tier_4': 3}"
2024-02-28T09:00:00,1402,20,"{'tier_0': 2, 'tier_1': 4, 'tier_2': 6, 'tier_3': 4, 'tier_4': 4}"
2024-02-28T10:00:00,1403,20,"{'tier_0': 3, 'tier_1': 4, 'tier_2': 6, 'tier_3': 4, 'tier_4': 3}"
2024-02-28T11:00:00,1404,21,"{'tier_0': 2, 'tier_1': 5, 'tier_2': 6, 'tier_3': 4, 'tier_4': 4}"
2024-02-28T12:00:00,1405,20,"{'tier_0': 2, 'tier_1': 5, 'tier_2': 6, 'tier_3': 4, 'tier_4': 3}"
2024-02-28T13:00:00,1406,20,"{'tier_0': 2, 'tier_1': 5, 'tier_2': 6, 'tier_3': 4, 'tier_4': 3}"
2024-02-28T14:00:00,1407,20,"{'tier_0': 3, 'tier_1': 4, 'tier_2': 6, 'tier_3': 4, 'tier_4': 3}"
2024-02-28T15:00:00,1408,19,"{'tier_0': 2, 'tier_1': 4, 'tier_2': 5, 'tier_3': 4, 'tier_4': 4}"
2024-02-28T16:00:00,1409,20,"{'tier_0': 2, 'tier_1': 5, 'tier_2': 6, 'tier_3': 4, 'tier_4': 3}"
2024-02-28T17:00:00,1410,20,"{'tier_0': 2, 'tier_1': 4, 'tier_2': 6, 'tier_3': 4, 'tier_4': 4}"
2024-02-28T18:00:00,1411,20,"{'tier_0': 2, 'tier_1': 4, 'tier_2': 6, 'tier_3': 4, 'tier_4': 4}"
2024-02-28T19:00:00,1412,20,"{'tier_0': 2, 'tier_1': 4, 'tier_2': 6, 'tier_3': 4, 'tier_4': 4}"
2024-02-28T20:00:00,1413,20,"{'tier_0': 2, 'tier_1': 4, 'tier_2': 6, 'tier_3': 4, 'tier_4': 4}"
2024-02-28T21:00:00,1414,21,"{'tier_0': 2, 'tier_1': 5, 'tier_2': 6, 'tier_3': 4, 'tier_4': 4}"
2024-02-28T22:00:00,1415,20,"{'tier_0': 2, 'tier_1': 5, 'tier_2': 6, 'tier_3': 4, 'tier_4': 3}"
2024-02-28T23:00:00,1416,20,"{'tier_0': 2, 'tier_1': 5, 'tier_2': 6, 'tier_3': 4, 'tier_4': 3}"
2024-02-29T00:00:00,1417,18,"{'tier_0': 2, 'tier_1': 4, 'tier_2': 5, 'tier_3': 4, 'tier_4': 3}"
2024-02-29T01:00:00,1418,21,"{'tier_0': 2, 'tier_1': 5, 'tier_2': 6, 'tier_3': 4, 'tier_4': 4}"
2024-02-29T02:00:00,1419,21,"{'tier_0': 2, 'tier_1': 5, 'tier_2': 6, 'tier_3': 5, 'tier_4': 3}"
2024-02-29T03:00:00,1420,20,"{'tier_0': 2, 'tier_1': 5, 'tier_2': 6, 'tier_3': 4, 'tier_4': 3}"
2024-02-29T04:00:00,1421,18,"{'tier_0': 2, 'tier_1': 4, 'tier_2': 5, 'tier_3': 4, 'tier_4': 3}"
2024-02-29T05:00:00,1422,20,"{'tier_0': 2, 'tier_1': 5, 'tier_2': 6, 'tier_3': 4, 'tier_4': 3}"
2024-02-29T06:00:00,1423,19,"{'tier_0': 2, 'tier_1': 4, 'tier_2': 5, 'tier_3': 4, 'tier_4': 4}"
2024-02-29T07:00:00,1424,21,"{'tier_0': 2, 'tier_1': 5, 'tier_2': 6, 'tier_3': 4, 'tier_4': 4}"
2024-02-29T08:00:00,1425,20,"{'tier_0': 2, 'tier_1': 5, 'tier_2': 6, 'tier_3': 4, 'tier_4': 3}"
2024-02-29T09:00:00,1426,20,"{'tier_0': 2, 'tier_1': 5, 'tier_2': 6, 'tier_3': 4, 'tier_4': 3}"
2024-02-29T10:00:00,1427,19,"{'tier_0': 2, 'tier_1': 4, 'tier_2': 5, 'tier_3': 4, 'tier_4': 4}"
2024-02-29T11:00:00,1428,20,"{'tier_0': 3, 'tier_1': 4, 'tier_2': 6, 'tier_3': 4, 'tier_4': 3}"
2024-02-29T12:00:00,1429,20,"{'tier_0': 3, 'tier_1': 3, 'tier_2': 6, 'tier_3': 4, 'tier_4': 4}"
2024-02-29T13:00:00,1430,21,"{'tier_0': 3, 'tier_1': 4, 'tier_2': 6, 'tier_3': 4, 'tier_4': 4}"
2024-02-29T14:00:00,1431,20,"{'tier_0': 3, 'tier_1': 4, 'tier_2': 6, 'tier_3': 4, 'tier_4': 3}"
2024-02-29T15:00:00,1432,20,"{'tier_0': 2, 'tier_1': 5, 'tier_2': 6, 'tier_3': 4, 'tier_4': 3}"
2024-02-29T16:00:00,1433,21,"{'tier_0': 2, 'tier_1': 5, 'tier_2': 6, 'tier_3': 4, 'tier_4': 4}"
2024-02-29T17:00:00,1434,20,"{'tier_0': 2, 'tier_1': 5, 'tier_2': 6, 'tier_3': 4, 'tier_4': 3}"
2024-02-29T18:00:00,1435,21,"{'tier_0': 2, 'tier_1': 5, 'tier_2': 6, 'tier_3': 4, 'tier_4': 4}"
2024-02-29T19:00:00,1436,20,"{'tier_0': 2, 'tier_1': 4, 'tier_2': 6, 'tier_3': 4, 'tier_4': 4}"
2024-02-29T20:00:00,1437,20,"{'tier_0': 2, 'tier_1': 4, 'tier_2': 6, 'tier_3': 4, 'tier_4': 4}"
2024-02-29T21:00:00,1438,20,"{'tier_0': 2, 'tier_1': 5, 'tier_2': 6, 'tier_3': 4, 'tier_4': 3}"
2024-02-29T22:00:00,1439,20,"{'tier_0': 2, 'tier_1': 5, 'tier_2': 6, 'tier_3': 4, 'tier_4': 3}"
2024-02-29T23:00:00,1440,20,"{'tier_0': 2, 'tier_1': 5, 'tier_2': 6, 'tier_3': 4, 'tier_4': 3}"
2024-03-01T00:00:00,1441,21,"{'tier_0': 2, 'tier_1': 4, 'tier_2': 6, 'tier_3': 5, 'tier_4': 4}"
2024-03-01T01:00:00,1442,20,"{'tier_0': 2, 'tier_1': 5, 'tier_2': 6, 'tier_3': 4, 'tier_4': 3}"
2024-03-01T02:00:00,1443,19,"{'tier_0': 2, 'tier_1': 4, 'tier_2': 5, 'tier_3': 4, 'tier_4': 4}"
2024-03-01T03:00:00,1444,21,"{'tier_0': 2, 'tier_1': 5, 'tier_2': 6, 'tier_3': 4, 'tier_4': 4}"
2024-03-01T04:00:00,1445,20,"{'tier_0': 2, 'tier_1': 4, 'tier_2': 6, 'tier_3': 4, 'tier_4': 4}"
2024-03-01T05:00:00,1446,20,"{'tier_0': 2, 'tier_1': 5, 'tier_2': 6, 'tier_3': 4, 'tier_4': 3}"
2024-03-01T06:00:00,1447,19,"{'tier_0': 2, 'tier_1': 4, 'tier_2': 5, 'tier_3': 4, 'tier_4': 4}"
2024-03-01T07:00:00,1448,20,"{'tier_0': 2, 'tier_1': 5, 'tier_2': 6, 'tier_3': 4, 'tier_4': 3}"
2024-03-01T08:00:00,1449,20,"{'tier_0': 2, 'tier_1': 5, 'tier_2': 6, 'tier_3': 4, 'tier_4': 3}"
2024-03-01T09:00:00,1450,20,"{'tier_0': 2, 'tier_1': 4, 'tier_2': 6, 'tier_3': 4, 'tier_4': 4}"
2024-03-01T10:00:00,1451,18,"{'tier_0': 2, 'tier_1': 4, 'tier_2': 5, 'tier_3': 4, 'tier_4': 3}"
2024-03-01T11:00:00,1452,20,"{'tier_0': 3, 'tier_1': 4, 'tier_2': 6, 'tier_3': 4, 'tier_4': 3}"
2024-03-01T12:00:00,1453,20,"{'tier_0': 2, 'tier_1': 5, 'tier_2': 6, 'tier_3': 4, 'tier_4': 3}"
2024-03-01T13:00:00,1454,20,"{'tier_0': 3, 'tier_1': 4, 'tier_2': 6, 'tier_3': 4, 'tier_4': 3}"
2024-03-01T14:00:00,1455,20,"{'tier_0': 2, 'tier_1': 4, 'tier_2': 6, 'tier_3': 4, 'tier_4': 4}"
2024-03-01T15:00:00,1456,21,"{'tier_0': 3, 'tier_1': 4, 'tier_2': 6, 'tier_3': 4, 'tier_4': 4}"
2024-03-01T16:00:00,1457,20,"{'tier_0': 2, 'tier_1': 4, 'tier_2': 6, 'tier_3': 4, 'tier_4': 4}"
2024-03-01T17:00:00,1458,20,"{'tier_0': 3, 'tier_1': 4, 'tier_2': 6, 'tier_3': 4, 'tier_4': 3}"
2024-03-01T18:00:00,1459,19,"{'tier_0': 2, 'tier_1': 4, 'tier_2': 5, 'tier_3': 4, 'tier_4': 4}"
2024-03-01T19:00:00,1460,21,"{'tier_0': 3, 'tier_1': 4, 'tier_2': 6, 'tier_3': 4, 'tier_4': 4}"
2024-03-01T20:00:00,1461,20,"{'tier_0': 3, 'tier_1': 3, 'tier_2': 6, 'tier_3': 4, 'tier_4': 4}"
2024-03-01T21:00:00,1462,20,"{'tier_0': 2, 'tier_1': 5, 'tier_2': 6, 'tier_3': 4, 'tier_4': 3}"
2024-03-01T22:00:00,1463,20,"{'tier_0': 2, 'tier_1': 4, 'tier_2': 6, 'tier_3': 4, 'tier_4': 4}"
2024-03-01T23:00:00,1464,20,"{'tier_0': 3, 'tier_1': 4, 'tier_2': 6, 'tier_3': 4, 'tier_4': 3}"
2024-03-02T00:00:00,1465,20,"{'tier_0': 2, 'tier_1': 4, 'tier_2': 6, 'tier_3': 4, 'tier_4': 4}"
2024-03-02T01:00:00,1466,20,"{'tier_0': 2, 'tier_1': 5, 'tier_2': 6, 'tier_3': 4, 'tier_4': 3}"
2024-03-02T02:00:00,1467,20,"{'tier_0': 3, 'tier_1': 4, 'tier_2': 6, 'tier_3': 4, 'tier_4': 3}"
2024-03-02T03:00:00,1468,20,"{'tier_0': 2, 'tier_1': 4, 'tier_2': 6, 'tier_3': 4, 'tier_4': 4}"
2024-03-02T04:00:00,1469,19,"{'tier_0': 1, 'tier_1': 5, 'tier_2': 5, 'tier_3': 4, 'tier_4': 4}"
2024-03-02T05:00:00,1470,21,"{'tier_0': 2, 'tier_1': 5, 'tier_2': 6, 'tier_3': 5, 'tier_4': 3}"
2024-03-02T06:00:00,1471,20,"{'tier_0': 2, 'tier_1': 5, 'tier_2': 6, 'tier_3': 4, 'tier_4': 3}"
2024-03-02T07:00:00,1472,20,"{'tier_0': 2, 'tier_1': 5, 'tier_2': 6, 'tier_3': 4, 'tier_4': 3}"
2024-03-02T08:00:00,1473,20,"{'tier_0': 2, 'tier_1': 4, 'tier_2': 6, 'tier_3': 4, 'tier_4': 4}"
2024-03-02T09:00:00,1474,20,"{'tier_0': 3, 'tier_1': 4, 'tier_2': 6, 'tier_3': 4, 'tier_4': 3}"
2024-03-02T10:00:00,1475,20,"{'tier_0': 2, 'tier_1': 5, 'tier_2': 6, 'tier_3': 4, 'tier_4': 3}"
2024-03-02T11:00:00,1476,20,"{'tier_0': 2, 'tier_1': 5, 'tier_2': 6, 'tier_3': 4, 'tier_4': 3}"
2024-03-02T12:00:00,1477,21,"{'tier_0': 3, 'tier_1': 4, 'tier_2': 6, 'tier_3': 4, 'tier_4': 4}"
2024-03-02T13:00:00,1478,20,"{'tier_0': 2, 'tier_1': 5, 'tier_2': 6, 'tier_3': 4, 'tier_4': 3}"
2024-03-02T14:00:00,1479,21,"{'tier_0': 3, 'tier_1': 4, 'tier_2': 6, 'tier_3': 4, 'tier_4': 4}"
2024-03-02T15:00:00,1480,20,"{'tier_0': 3, 'tier_1': 4, 'tier_2': 6, 'tier_3': 4, 'tier_4': 3}"
2024-03-02T16:00:00,1481,20,"{'tier_0': 2, 'tier_1': 4, 'tier_2': 6, 'tier_3': 4, 'tier_4': 4}"
2024-03-02T17:00:00,1482,20,"{'tier_0': 2, 'tier_1': 4, 'tier_2': 6, 'tier_3': 4, 'tier_4': 4}"
2024-03-02T18:00:00,1483,21,"{'tier_0': 2, 'tier_1': 5, 'tier_2': 6, 'tier_3': 4, 'tier_4': 4}"
2024-03-02T19:00:00,1484,21,"{'tier_0': 2, 'tier_1': 4, 'tier_2': 6, 'tier_3': 5, 'tier_4': 4}"
2024-03-02T20:00:00,1485,20,"{'tier_0': 2, 'tier_1': 5, 'tier_2': 6, 'tier_3': 4, 'tier_4': 3}"
2024-03-02T21:00:00,1486,20,"{'tier_0': 2, 'tier_1': 5, 'tier_2': 6, 'tier_3': 4, 'tier_4': 3}"
2024-03-02T22:00:00,1487,20,"{'tier_0': 2, 'tier_1': 4, 'tier_2': 6, 'tier_3': 4, 'tier_4': 4}"
2024-03-02T23:00:00,1488,20,"{'tier_0': 2, 'tier_1': 4, 'tier_2': 6, 'tier_3': 4, 'tier_4': 4}"
2024-03-03T00:00:00,1489,19,"{'tier_0': 2, 'tier_1': 4, 'tier_2': 6, 'tier_3': 4, 'tier_4': 3}"
2024-03-03T01:00:00,1490,20,"{'tier_0': 2, 'tier_1': 4, 'tier_2': 6, 'tier_3': 4, 'tier_4': 4}"
2024-03-03T02:00:00,1491,20,"{'tier_0': 3, 'tier_1': 4, 'tier_2': 6, 'tier_3': 4, 'tier_4': 3}"
2024-03-03T03:00:00,1492,20,"{'tier_0': 2, 'tier_1': 4, 'tier_2': 5, 'tier_3': 5, 'tier_4': 4}"
2024-03-03T04:00:00,1493,20,"{'tier_0': 2, 'tier_1': 5, 'tier_2': 6, 'tier_3': 4, 'tier_4': 3}"
2024-03-03T05:00:00,1494,20,"{'tier_0': 2, 'tier_1': 4, 'tier_2': 6, 'tier_3': 4, 'tier_4': 4}"
2024-03-03T06:00:00,1495,21,"{'tier_0': 2, 'tier_1': 4, 'tier_2': 6, 'tier_3': 4, 'tier_4': 5}"
2024-03-03T07:00:00,1496,20,"{'tier_0': 2, 'tier_1': 5, 'tier_2': 6, 'tier_3': 4, 'tier_4': 3}"
2024-03-03T08:00:00,1497,18,"{'tier_0': 2, 'tier_1': 4, 'tier_2': 5, 'tier_3': 4, 'tier_4': 3}"
2024-03-03T09:00:00,1498,20,"{'tier_0': 2, 'tier_1': 5, 'tier_2': 6, 'tier_3': 4, 'tier_4': 3}"
2024-03-03T10:00:00,1499,20,"{'tier_0': 3, 'tier_1': 4, 'tier_2': 6, 'tier_3': 4, 'tier_4': 3}"
2024-03-03T11:00:00,1500,19,"{'tier_0': 2, 'tier_1': 4, 'tier_2': 6, 'tier_3': 4, 'tier_4': 3}"
2024-03-03T12:00:00,1501,21,"{'tier_0': 3, 'tier_1': 3, 'tier_2': 6, 'tier_3': 4, 'tier_4': 5}"
2024-03-03T13:00:00,1502,20,"{'tier_0': 2, 'tier_1': 5, 'tier_2': 6, 'tier_3': 4, 'tier_4': 3}"
2024-03-03T14:00:00,1503,19,"{'tier_0': 1, 'tier_1': 5, 'tier_2': 5, 'tier_3': 4, 'tier_4': 4}"
2024-03-03T15:00:00,1504,21,"{'tier_0': 3, 'tier_1': 3, 'tier_2': 6, 'tier_3': 4, 'tier_4': 5}"
2024-03-03T16:00:00,1505,20,"{'tier_0': 2, 'tier_1': 4, 'tier_2': 6, 'tier_3': 4, 'tier_4': 4}"
2024-03-03T17:00:00,1506,20,"{'tier_0': 2, 'tier_1': 4, 'tier_2': 6, 'tier_3': 4, 'tier_4': 4}"
2024-03-03T18:00:00,1507,18,"{'tier_0': 2, 'tier_1': 4, 'tier_2': 5, 'tier_3': 4, 'tier_4': 3}"
2024-03-03T19:00:00,1508,21,"{'tier_0': 2, 'tier_1': 5, 'tier_2': 6, 'tier_3': 4, 'tier_4': 4}"
2024-03-03T20:00:00,1509,19,"{'tier_0': 2, 'tier_1': 4, 'tier_2': 6, 'tier_3': 4, 'tier_4': 3}"
2024-03-03T21:00:00,1510,18,"{'tier_0': 2, 'tier_1': 4, 'tier_2': 5, 'tier_3': 4, 'tier_4': 3}"
2024-03-03T22:00:00,1511,20,"{'tier_0': 3, 'tier_1': 4, 'tier_2': 6, 'tier_3': 4, 'tier_4': 3}"
2024-03-03T23:00:00,1512,20,"{'tier_0': 2, 'tier_1': 4, 'tier_2': 6, 'tier_3': 4, 'tier_4': 4}"
2024-03-04T00:00:00,1513,20,"{'tier_0': 2, 'tier_1': 5, 'tier_2': 6, 'tier_3': 4, 'tier_4': 3}"
2024-03-04T01:00:00,1514,21,"{'tier_0': 2, 'tier_1': 5, 'tier_2': 6, 'tier_3': 4, 'tier_4': 4}"
2024-03-04T02:00:00,1515,20,"{'tier_0': 2, 'tier_1': 5, 'tier_2': 6, 'tier_3': 4, 'tier_4': 3}"
2024-03-04T03:00:00,1516,20,"{'tier_0': 3, 'tier_1': 4, 'tier_2': 6, 'tier_3': 4, 'tier_4': 3}"
2024-03-04T04:00:00,1517,20,"{'tier_0': 2, 'tier_1': 4, 'tier_2': 6, 'tier_3': 4, 'tier_4': 4}"
2024-03-04T05:00:00,1518,20,"{'tier_0': 2, 'tier_1': 4, 'tier_2': 6, 'tier_3': 4, 'tier_4': 4}"
2024-03-04T06:00:00,1519,20,"{'tier_0': 2, 'tier_1': 5, 'tier_2': 6, 'tier_3': 4, 'tier_4': 3}"
2024-03-04T07:00:00,1520,20,"{'tier_0': 2, 'tier_1': 4, 'tier_2': 6, 'tier_3': 4, 'tier_4': 4}"
2024-03-04T08:00:00,1521,20,"{'tier_0': 3, 'tier_1': 4, 'tier_2': 6, 'tier_3': 4, 'tier_4': 3}"
2024-03-04T09:00:00,1522,21,"{'tier_0': 3, 'tier_1': 4, 'tier_2': 6, 'tier_3': 4, 'tier_4': 4}"
2024-03-04T10:00:00,1523,20,"{'tier_0': 2, 'tier_1': 5, 'tier_2': 6, 'tier_3': 4, 'tier_4': 3}"
2024-03-04T11:00:00,1524,21,"{'tier_0': 2, 'tier_1': 5, 'tier_2': 6, 'tier_3': 4, 'tier_4': 4}"
2024-03-04T12:00:00,1525,19,"{'tier_0': 2, 'tier_1': 4, 'tier_2': 5, 'tier_3': 4, 'tier_4': 4}"
2024-03-04T13:00:00,1526,20,"{'tier_0': 2, 'tier_1': 4, 'tier_2': 6, 'tier_3': 4, 'tier_4': 4}"
2024-03-04T14:00:00,1527,21,"{'tier_0': 2, 'tier_1': 4, 'tier_2': 6, 'tier_3': 5, 'tier_4': 4}"
2024-03-04T15:00:00,1528,20,"{'tier_0': 2, 'tier_1': 5, 'tier_2': 6, 'tier_3': 4, 'tier_4': 3}"
2024-03-04T16:00:00,1529,20,"{'tier_0': 2, 'tier_1': 5, 'tier_2': 6, 'tier_3': 4, 'tier_4': 3}"
2024-03-04T17:00:00,1530,20,"{'tier_0': 2, 'tier_1': 4, 'tier_2': 6, 'tier_3': 4, 'tier_4': 4}"
2024-03-04T18:00:00,1531,21,"{'tier_0': 2, 'tier_1': 5, 'tier_2': 6, 'tier_3': 4, 'tier_4': 4}"
2024-03-04T19:00:00,1532,20,"{'tier_0': 2, 'tier_1': 5, 'tier_2': 6, 'tier_3': 4, 'tier_4': 3}"
2024-03-04T20:00:00,1533,21,"{'tier_0': 2, 'tier_1': 5, 'tier_2': 6, 'tier_3': 4, 'tier_4': 4}"
2024-03-04T21:00:00,1534,21,"{'tier_0': 2, 'tier_1': 5, 'tier_2': 6, 'tier_3': 4, 'tier_4': 4}"
2024-03-04T22:00:00,1535,20,"{'tier_0': 3, 'tier_1': 3, 'tier_2': 6, 'tier_3': 4, 'tier_4': 4}"
2024-03-04T23:00:00,1536,20,"{'tier_0': 2, 'tier_1': 5, 'tier_2': 6, 'tier_3': 4, 'tier_4': 3}"
2024-03-05T00:00:00,1537,20,"{'tier_0': 2, 'tier_1': 4, 'tier_2': 6, 'tier_3': 4, 'tier_4': 4}"
2024-03-05T01:00:00,1538,20,"{'tier_0': 2, 'tier_1': 5, 'tier_2': 6, 'tier_3': 4, 'tier_4': 3}"
2024-03-05T02:00:00,1539,20,"{'tier_0': 2, 'tier_1': 5, 'tier_2': 6, 'tier_3': 4, 'tier_4': 3}"
2024-03-05T03:00:00,1540,21,"{'tier_0': 3, 'tier_1': 4, 'tier_2': 6, 'tier_3': 4, 'tier_4': 4}"
2024-03-05T04:00:00,1541,19,"{'tier_0': 2, 'tier_1': 4, 'tier_2': 6, 'tier_3': 4, 'tier_4': 3}"
2024-03-05T05:00:00,1542,20,"{'tier_0': 2, 'tier_1': 4, 'tier_2': 6, 'tier_3': 4, 'tier_4': 4}"
2024-03-05T06:00:00,1543,20,"{'tier_0': 2, 'tier_1': 5, 'tier_2': 6, 'tier_3': 4, 'tier_4': 3}"
2024-03-05T07:00:00,1544,20,"{'tier_0': 2, 'tier_1': 5, 'tier_2': 6, 'tier_3': 4, 'tier_4': 3}"
2024-03-05T08:00:00,1545,20,"{'tier_0': 2, 'tier_1': 5, 'tier_2': 6, 'tier_3': 4, 'tier_4': 3}"
2024-03-05T09:00:00,1546,19,"{'tier_0': 2, 'tier_1': 4, 'tier_2': 5, 'tier_3': 4, 'tier_4': 4}"
2024-03-05T10:00:00,1547,20,"{'tier_0': 2, 'tier_1': 5, 'tier_2': 6, 'tier_3': 4, 'tier_4': 3}"
2024-03-05T11:00:00,1548,20,"{'tier_0': 2, 'tier_1': 5, 'tier_2': 6, 'tier_3': 4, 'tier_4': 3}"
2024-03-05T12:00:00,1549,20,"{'tier_0': 3, 'tier_1': 4, 'tier_2': 6, 'tier_3': 4, 'tier_4': 3}"
2024-03-05T13:00:00,1550,20,"{'tier_0': 2, 'tier_1': 5, 'tier_2': 6, 'tier_3': 4, 'tier_4': 3}"
2024-03-05T14:00:00,1551,19,"{'tier_0': 2, 'tier_1': 4, 'tier_2': 5, 'tier_3': 4, 'tier_4': 4}"
2024-03-05T15:00:00,1552,20,"{'tier_0': 2, 'tier_1': 4, 'tier_2': 6, 'tier_3': 4, 'tier_4': 4}"
2024-03-05T16:00:00,1553,20,"{'tier_0': 2, 'tier_1': 5, 'tier_2': 6, 'tier_3': 4, 'tier_4': 3}"
2024-03-05T17:00:00,1554,20,"{'tier_0': 2, 'tier_1': 4, 'tier_2': 6, 'tier_3': 4, 'tier_4': 4}"
2024-03-05T18:00:00,1555,20,"{'tier_0': 3, 'tier_1': 4, 'tier_2': 6, 'tier_3': 4, 'tier_4': 3}"
2024-03-05T19:00:00,1556,20,"{'tier_0': 2, 'tier_1': 5, 'tier_2': 6, 'tier_3': 4, 'tier_4': 3}"
2024-03-05T20:00:00,1557,20,"{'tier_0': 2, 'tier_1': 4, 'tier_2': 6, 'tier_3': 4, 'tier_4': 4}"
2024-03-05T21:00:00,1558,20,"{'tier_0': 2, 'tier_1': 5, 'tier_2': 6, 'tier_3': 4, 'tier_4': 3}"
2024-03-05T22:00:00,1559,19,"{'tier_0': 2, 'tier_1': 4, 'tier_2': 6, 'tier_3': 4, 'tier_4': 3}"
2024-03-05T23:00:00,1560,21,"{'tier_0': 2, 'tier_1': 5, 'tier_2': 6, 'tier_3': 5, 'tier_4': 3}"
2024-03-06T00:00:00,1561,20,"{'tier_0': 2, 'tier_1': 4, 'tier_2': 6, 'tier_3': 4, 'tier_4': 4}"
2024-03-06T01:00:00,1562,18,"{'tier_0': 3, 'tier_1': 3, 'tier_2': 5, 'tier_3': 4, 'tier_4': 3}"
2024-03-06T02:00:00,1563,20,"{'tier_0': 2, 'tier_1': 5, 'tier_2': 6, 'tier_3': 4, 'tier_4': 3}"
2024-03-06T03:00:00,1564,20,"{'tier_0': 2, 'tier_1': 5, 'tier_2': 6, 'tier_3': 4, 'tier_4': 3}"
2024-03-06T04:00:00,1565,20,"{'tier_0': 2, 'tier_1': 4, 'tier_2': 6, 'tier_3': 4, 'tier_4': 4}"
2024-03-06T05:00:00,1566,20,"{'tier_0': 2, 'tier_1': 4, 'tier_2': 6, 'tier_3': 4, 'tier_4': 4}"
2024-03-06T06:00:00,1567,19,"{'tier_0': 2, 'tier_1': 4, 'tier_2': 5, 'tier_3': 4, 'tier_4': 4}"
2024-03-06T07:00:00,1568,21,"{'tier_0': 2, 'tier_1': 4, 'tier_2': 6, 'tier_3': 5, 'tier_4': 4}"
2024-03-06T08:00:00,1569,20,"{'tier_0': 2, 'tier_1': 5, 'tier_2': 6, 'tier_3': 4, 'tier_4': 3}"
2024-03-06T09:00:00,1570,21,"{'tier_0': 3, 'tier_1': 4, 'tier_2': 6, 'tier_3': 4, 'tier_4': 4}"
2024-03-06T10:00:00,1571,21,"{'tier_0': 2, 'tier_1': 4, 'tier_2': 6, 'tier_3': 5, 'tier_4': 4}"
2024-03-06T11:00:00,1572,19,"{'tier_0': 2, 'tier_1': 4, 'tier_2': 5, 'tier_3': 4, 'tier_4': 4}"
2024-03-06T12:00:00,1573,20,"{'tier_0': 2, 'tier_1': 4, 'tier_2': 6, 'tier_3': 4, 'tier_4': 4}"
2024-03-06T13:00:00,1574,21,"{'tier_0': 3, 'tier_1': 4, 'tier_2': 6, 'tier_3': 4, 'tier_4': 4}"
2024-03-06T14:00:00,1575,18,"{'tier_0': 2, 'tier_1': 4, 'tier_2': 5, 'tier_3': 4, 'tier_4': 3}"
2024-03-06T15:00:00,1576,19,"{'tier_0': 2, 'tier_1': 4, 'tier_2': 5, 'tier_3': 4, 'tier_4': 4}"
2024-03-06T16:00:00,1577,20,"{'tier_0': 2, 'tier_1': 4, 'tier_2': 6, 'tier_3': 4, 'tier_4': 4}"
2024-03-06T17:00:00,1578,20,"{'tier_0': 2, 'tier_1': 5, 'tier_2': 6, 'tier_3': 4, 'tier_4': 3}"
2024-03-06T18:00:00,1579,20,"{'tier_0': 2, 'tier_1': 5, 'tier_2': 6, 'tier_3': 4, 'tier_4': 3}"
2024-03-06T19:00:00,1580,21,"{'tier_0': 2, 'tier_1': 5, 'tier_2': 6, 'tier_3': 4, 'tier_4': 4}"
2024-03-06T20:00:00,1581,20,"{'tier_0': 2, 'tier_1': 4, 'tier_2': 6, 'tier_3': 4, 'tier_4': 4}"
2024-03-06T21:00:00,1582,21,"{'tier_0': 2, 'tier_1': 5, 'tier_2': 6, 'tier_3': 5, 'tier_4': 3}"
2024-03-06T22:00:00,1583,18,"{'tier_0': 2, 'tier_1': 4, 'tier_2': 5, 'tier_3': 4, 'tier_4': 3}"
2024-03-06T23:00:00,1584,21,"{'tier_0': 2, 'tier_1': 5, 'tier_2': 6, 'tier_3': 4, 'tier_4': 4}"
2024-03-07T00:00:00,1585,20,"{'tier_0': 2, 'tier_1': 4, 'tier_2': 6, 'tier_3': 4, 'tier_4': 4}"
2024-03-07T01:00:00,1586,20,"{'tier_0': 2, 'tier_1': 4, 'tier_2': 6, 'tier_3': 4, 'tier_4': 4}"
2024-03-07T02:00:00,1587,20,"{'tier_0': 3, 'tier_1': 4, 'tier_2': 6, 'tier_3': 4, 'tier_4': 3}"
2024-03-07T03:00:00,1588,19,"{'tier_0': 2, 'tier_1': 4, 'tier_2': 6, 'tier_3': 4, 'tier_4': 3}"
2024-03-07T04:00:00,1589,21,"{'tier_0': 2, 'tier_1': 5, 'tier_2': 6, 'tier_3': 4, 'tier_4': 4}"
2024-03-07T05:00:00,1590,21,"{'tier_0': 2, 'tier_1': 4, 'tier_2': 6, 'tier_3': 4, 'tier_4': 5}"
2024-03-07T06:00:00,1591,20,"{'tier_0': 2, 'tier_1': 4, 'tier_2': 6, 'tier_3': 4, 'tier_4': 4}"
2024-03-07T07:00:00,1592,20,"{'tier_0': 2, 'tier_1': 4, 'tier_2': 6, 'tier_3': 4, 'tier_4': 4}"
2024-03-07T08:00:00,1593,18,"{'tier_0': 2, 'tier_1': 4, 'tier_2': 5, 'tier_3': 4, 'tier_4': 3}"
2024-03-07T09:00:00,1594,20,"{'tier_0': 2, 'tier_1': 4, 'tier_2': 6, 'tier_3': 4, 'tier_4': 4}"
2024-03-07T10:00:00,1595,20,"{'tier_0': 2, 'tier_1': 5, 'tier_2': 6, 'tier_3': 4, 'tier_4': 3}"
2024-03-07T11:00:00,1596,20,"{'tier_0': 2, 'tier_1': 4, 'tier_2': 6, 'tier_3': 4, 'tier_4': 4}"
2024-03-07T12:00:00,1597,20,"{'tier_0': 2, 'tier_1': 5, 'tier_2': 6, 'tier_3': 4, 'tier_4': 3}"
2024-03-07T13:00:00,1598,20,"{'tier_0': 2, 'tier_1': 4, 'tier_2': 6, 'tier_3': 4, 'tier_4': 4}"
2024-03-07T14:00:00,1599,20,"{'tier_0': 2, 'tier_1': 4, 'tier_2': 6, 'tier_3': 4, 'tier_4': 4}"
2024-03-07T15:00:00,1600,20,"{'tier_0': 2, 'tier_1': 4, 'tier_2': 6, 'tier_3': 4, 'tier_4': 4}"
2024-03-07T16:00:00,1601,20,"{'tier_0': 2, 'tier_1': 4, 'tier_2': 6, 'tier_3': 4, 'tier_4': 4}"
2024-03-07T17:00:00,1602,20,"{'tier_0': 2, 'tier_1': 4, 'tier_2': 6, 'tier_3': 4, 'tier_4': 4}"
2024-03-07T18:00:00,1603,19,"{'tier_0': 2, 'tier_1': 4, 'tier_2': 5, 'tier_3': 4, 'tier_4': 4}"
2024-03-07T19:00:00,1604,20,"{'tier_0': 3, 'tier_1': 4, 'tier_2': 6, 'tier_3': 4, 'tier_4': 3}"
2024-03-07T20:00:00,1605,21,"{'tier_0': 3, 'tier_1': 3, 'tier_2': 6, 'tier_3': 4, 'tier_4': 5}"
2024-03-07T21:00:00,1606,18,"{'tier_0': 2, 'tier_1': 4, 'tier_2': 5, 'tier_3': 4, 'tier_4': 3}"
2024-03-07T22:00:00,1607,20,"{'tier_0': 2, 'tier_1': 5, 'tier_2': 6, 'tier_3': 4, 'tier_4': 3}"
2024-03-07T23:00:00,1608,20,"{'tier_0': 2, 'tier_1': 4, 'tier_2': 6, 'tier_3': 4, 'tier_4': 4}"
2024-03-08T00:00:00,1609,19,"{'tier_0': 2, 'tier_1': 4, 'tier_2': 5, 'tier_3': 4, 'tier_4': 4}"
2024-03-08T01:00:00,1610,21,"{'tier_0': 2, 'tier_1': 4, 'tier_2': 6, 'tier_3': 5, 'tier_4': 4}"
2024-03-08T02:00:00,1611,20,"{'tier_0': 3, 'tier_1': 4, 'tier_2': 6, 'tier_3': 4, 'tier_4': 3}"
2024-03-08T03:00:00,1612,21,"{'tier_0': 2, 'tier_1': 5, 'tier_2': 6, 'tier_3': 4, 'tier_4': 4}"
2024-03-08T04:00:00,1613,20,"{'tier_0': 2, 'tier_1': 4, 'tier_2': 6, 'tier_3': 4, 'tier_4': 4}"
2024-03-08T05:00:00,1614,20,"{'tier_0': 2, 'tier_1': 5, 'tier_2': 6, 'tier_3': 4, 'tier_4': 3}"
2024-03-08T06:00:00,1615,20,"{'tier_0': 2, 'tier_1': 5, 'tier_2': 6, 'tier_3': 4, 'tier_4': 3}"
2024-03-08T07:00:00,1616,20,"{'tier_0': 2, 'tier_1': 5, 'tier_2': 6, 'tier_3': 4, 'tier_4': 3}"
2024-03-08T08:00:00,1617,20,"{'tier_0': 2, 'tier_1': 4, 'tier_2': 6, 'tier_3': 4, 'tier_4': 4}"
2024-03-08T09:00:00,1618,20,"{'tier_0': 3, 'tier_1': 4, 'tier_2': 6, 'tier_3': 4, 'tier_4': 3}"
2024-03-08T10:00:00,1619,20,"{'tier_0': 2, 'tier_1': 4, 'tier_2': 6, 'tier_3': 4, 'tier_4': 4}"
2024-03-08T11:00:00,1620,20,"{'tier_0': 2, 'tier_1': 5, 'tier_2': 6, 'tier_3': 4, 'tier_4': 3}"
2024-03-08T12:00:00,1621,20,"{'tier_0': 2, 'tier_1': 5, 'tier_2': 6, 'tier_3': 4, 'tier_4': 3}"
2024-03-08T13:00:00,1622,21,"{'tier_0': 3, 'tier_1': 3, 'tier_2': 6, 'tier_3': 4, 'tier_4': 5}"
2024-03-08T14:00:00,1623,20,"{'tier_0': 2, 'tier_1': 5, 'tier_2': 6, 'tier_3': 4, 'tier_4': 3}"
2024-03-08T15:00:00,1624,21,"{'tier_0': 2, 'tier_1': 5, 'tier_2': 6, 'tier_3': 4, 'tier_4': 4}"
2024-03-08T16:00:00,1625,19,"{'tier_0': 2, 'tier_1': 4, 'tier_2': 5, 'tier_3': 4, 'tier_4': 4}"
2024-03-08T17:00:00,1626,19,"{'tier_0': 3, 'tier_1': 3, 'tier_2': 5, 'tier_3': 4, 'tier_4': 4}"
2024-03-08T18:00:00,1627,21,"{'tier_0': 4, 'tier_1': 3, 'tier_2': 6, 'tier_3': 4, 'tier_4': 4}"
2024-03-08T19:00:00,1628,18,"{'tier_0': 2, 'tier_1': 4, 'tier_2': 5, 'tier_3': 4, 'tier_4': 3}"
2024-03-08T20:00:00,1629,18,"{'tier_0': 2, 'tier_1': 4, 'tier_2': 5, 'tier_3': 4, 'tier_4': 3}"
2024-03-08T21:00:00,1630,20,"{'tier_0': 2, 'tier_1': 4, 'tier_2': 6, 'tier_3': 4, 'tier_4': 4}"
2024-03-08T22:00:00,1631,20,"{'tier_0': 3, 'tier_1': 3, 'tier_2': 6, 'tier_3': 4, 'tier_4': 4}"
2024-03-08T23:00:00,1632,20,"{'tier_0': 2, 'tier_1': 5, 'tier_2': 6, 'tier_3': 4, 'tier_4': 3}"
2024-03-09T00:00:00,1633,20,"{'tier_0': 3, 'tier_1': 4, 'tier_2': 6, 'tier_3': 4, 'tier_4': 3}"
2024-03-09T01:00:00,1634,20,"{'tier_0': 2, 'tier_1': 4, 'tier_2': 6, 'tier_3': 4, 'tier_4': 4}"
2024-03-09T02:00:00,1635,20,"{'tier_0': 3, 'tier_1': 4, 'tier_2': 6, 'tier_3': 4, 'tier_4': 3}"
2024-03-09T03:00:00,1636,19,"{'tier_0': 2, 'tier_1': 4, 'tier_2': 5, 'tier_3': 4, 'tier_4': 4}"
2024-03-09T04:00:00,1637,21,"{'tier_0': 2, 'tier_1': 5, 'tier_2': 6, 'tier_3': 4, 'tier_4': 4}"
2024-03-09T05:00:00,1638,20,"{'tier_0': 2, 'tier_1': 5, 'tier_2': 6, 'tier_3': 4, 'tier_4': 3}"
2024-03-09T06:00:00,1639,20,"{'tier_0': 3, 'tier_1': 3, 'tier_2': 6, 'tier_3': 4, 'tier_4': 4}"
2024-03-09T07:00:00,1640,20,"{'tier_0': 2, 'tier_1': 5, 'tier_2': 6, 'tier_3': 4, 'tier_4': 3}"
2024-03-09T08:00:00,1641,20,"{'tier_0': 3, 'tier_1': 4, 'tier_2': 6, 'tier_3': 4, 'tier_4': 3}"
2024-03-09T09:00:00,1642,21,"{'tier_0': 3, 'tier_1': 3, 'tier_2': 6, 'tier_3': 4, 'tier_4': 5}"
2024-03-09T10:00:00,1643,19,"{'tier_0': 2, 'tier_1': 4, 'tier_2': 5, 'tier_3': 4, 'tier_4': 4}"
2024-03-09T11:00:00,1644,20,"{'tier_0': 2, 'tier_1': 5, 'tier_2': 6, 'tier_3': 4, 'tier_4': 3}"
2024-03-09T12:00:00,1645,20,"{'tier_0': 3, 'tier_1': 3, 'tier_2': 6, 'tier_3': 4, 'tier_4': 4}"
2024-03-09T13:00:00,1646,20,"{'tier_0': 2, 'tier_1': 4, 'tier_2': 6, 'tier_3': 4, 'tier_4': 4}"
2024-03-09T14:00:00,1647,21,"{'tier_0': 3, 'tier_1': 4, 'tier_2': 6, 'tier_3': 4, 'tier_4': 4}"
2024-03-09T15:00:00,1648,20,"{'tier_0': 2, 'tier_1': 4, 'tier_2': 6, 'tier_3': 4, 'tier_4': 4}"
2024-03-09T16:00:00,1649,20,"{'tier_0': 2, 'tier_1': 5, 'tier_2': 6, 'tier_3': 4, 'tier_4': 3}"
2024-03-09T17:00:00,1650,20,"{'tier_0': 2, 'tier_1': 5, 'tier_2': 6, 'tier_3': 4, 'tier_4': 3}"
2024-03-09T18:00:00,1651,19,"{'tier_0': 2, 'tier_1': 4, 'tier_2': 6, 'tier_3': 4, 'tier_4': 3}"
2024-03-09T19:00:00,1652,20,"{'tier_0': 2, 'tier_1': 4, 'tier_2': 6, 'tier_3': 4, 'tier_4': 4}"
2024-03-09T20:00:00,1653,20,"{'tier_0': 2, 'tier_1': 4, 'tier_2': 6, 'tier_3': 4, 'tier_4': 4}"
2024-03-09T21:00:00,1654,20,"{'tier_0': 2, 'tier_1': 4, 'tier_2': 6, 'tier_3': 4, 'tier_4': 4}"
2024-03-09T22:00:00,1655,20,"{'tier_0': 2, 'tier_1': 4, 'tier_2': 6, 'tier_3': 4, 'tier_4': 4}"
2024-03-09T23:00:00,1656,20,"{'tier_0': 2, 'tier_1': 5, 'tier_2': 6, 'tier_3': 4, 'tier_4': 3}"
2024-03-10T00:00:00,1657,20,"{'tier_0': 3, 'tier_1': 4, 'tier_2': 6, 'tier_3': 4, 'tier_4': 3}"
2024-03-10T01:00:00,1658,21,"{'tier_0': 2, 'tier_1': 5, 'tier_2': 6, 'tier_3': 4, 'tier_4': 4}"
2024-03-10T02:00:00,1659,20,"{'tier_0': 3, 'tier_1': 3, 'tier_2': 6, 'tier_3': 4, 'tier_4': 4}"
2024-03-10T03:00:00,1660,20,"{'tier_0': 2, 'tier_1': 4, 'tier_2': 6, 'tier_3': 4, 'tier_4': 4}"
2024-03-10T04:00:00,1661,20,"{'tier_0': 2, 'tier_1': 5, 'tier_2': 6, 'tier_3': 4, 'tier_4': 3}"
2024-03-10T05:00:00,1662,18,"{'tier_0': 2, 'tier_1': 4, 'tier_2': 5, 'tier_3': 4, 'tier_4': 3}"
2024-03-10T06:00:00,1663,21,"{'tier_0': 2, 'tier_1': 4, 'tier_2': 6, 'tier_3': 5, 'tier_4': 4}"
2024-03-10T07:00:00,1664,21,"{'tier_0': 2, 'tier_1': 4, 'tier_2': 6, 'tier_3': 4, 'tier_4': 5}"
2024-03-10T08:00:00,1665,20,"{'tier_0': 2, 'tier_1': 4, 'tier_2': 6, 'tier_3': 4, 'tier_4': 4}"
2024-03-10T09:00:00,1666,20,"{'tier_0': 2, 'tier_1': 4, 'tier_2': 6, 'tier_3': 4, 'tier_4': 4}"
2024-03-10T10:00:00,1667,21,"{'tier_0': 2, 'tier_1': 5, 'tier_2': 6, 'tier_3': 4, 'tier_4': 4}"
2024-03-10T11:00:00,1668,20,"{'tier_0': 2, 'tier_1': 5, 'tier_2': 6, 'tier_3': 4, 'tier_4': 3}"
2024-03-10T12:00:00,1669,19,"{'tier_0': 2, 'tier_1': 4, 'tier_2': 6, 'tier_3': 4, 'tier_4': 3}"
2024-03-10T13:00:00,1670,20,"{'tier_0': 2, 'tier_1': 5, 'tier_2': 6, 'tier_3': 4, 'tier_4': 3}"
2024-03-10T14:00:00,1671,20,"{'tier_0': 2, 'tier_1': 5, 'tier_2': 6, 'tier_3': 4, 'tier_4': 3}"
2024-03-10T15:00:00,1672,20,"{'tier_0': 2, 'tier_1': 5, 'tier_2': 6, 'tier_3': 4, 'tier_4': 3}"
2024-03-10T16:00:00,1673,21,"{'tier_0': 2, 'tier_1': 5, 'tier_2': 6, 'tier_3': 4, 'tier_4': 4}"
2024-03-10T17:00:00,1674,21,"{'tier_0': 2, 'tier_1': 5, 'tier_2': 6, 'tier_3': 4, 'tier_4': 4}"
2024-03-10T18:00:00,1675,20,"{'tier_0': 2, 'tier_1': 5, 'tier_2': 6, 'tier_3': 4, 'tier_4': 3}"
2024-03-10T19:00:00,1676,21,"{'tier_0': 2, 'tier_1': 5, 'tier_2': 6, 'tier_3': 4, 'tier_4': 4}"
2024-03-10T20:00:00,1677,21,"{'tier_0': 2, 'tier_1': 4, 'tier_2': 6, 'tier_3': 5, 'tier_4': 4}"
2024-03-10T21:00:00,1678,20,"{'tier_0': 2, 'tier_1': 4, 'tier_2': 6, 'tier_3': 4, 'tier_4': 4}"
2024-03-10T22:00:00,1679,21,"{'tier_0': 2, 'tier_1': 5, 'tier_2': 6, 'tier_3': 4, 'tier_4': 4}"
2024-03-10T23:00:00,1680,21,"{'tier_0': 3, 'tier_1': 4, 'tier_2': 6, 'tier_3': 4, 'tier_4': 4}"
2024-03-11T00:00:00,1681,20,"{'tier_0': 2, 'tier_1': 5, 'tier_2': 6, 'tier_3': 4, 'tier_4': 3}"
2024-03-11T01:00:00,1682,21,"{'tier_0': 2, 'tier_1': 5, 'tier_2': 6, 'tier_3': 5, 'tier_4': 3}"
2024-03-11T02:00:00,1683,21,"{'tier_0': 2, 'tier_1': 5, 'tier_2': 6, 'tier_3': 4, 'tier_4': 4}"
2024-03-11T03:00:00,1684,20,"{'tier_0': 2, 'tier_1': 5, 'tier_2': 6, 'tier_3': 4, 'tier_4': 3}"
2024-03-11T04:00:00,1685,21,"{'tier_0': 2, 'tier_1': 5, 'tier_2': 6, 'tier_3': 4, 'tier_4': 4}"
2024-03-11T05:00:00,1686,20,"{'tier_0': 2, 'tier_1': 5, 'tier_2': 6, 'tier_3': 4, 'tier_4': 3}"
2024-03-11T06:00:00,1687,20,"{'tier_0': 2, 'tier_1': 4, 'tier_2': 6, 'tier_3': 4, 'tier_4': 4}"
2024-03-11T07:00:00,1688,20,"{'tier_0': 3, 'tier_1': 4, 'tier_2': 6, 'tier_3': 4, 'tier_4': 3}"
2024-03-11T08:00:00,1689,21,"{'tier_0': 2, 'tier_1': 5, 'tier_2': 6, 'tier_3': 4, 'tier_4': 4}"
2024-03-11T09:00:00,1690,20,"{'tier_0': 3, 'tier_1': 3, 'tier_2': 6, 'tier_3': 4, 'tier_4': 4}"
2024-03-11T10:00:00,1691,19,"{'tier_0': 2, 'tier_1': 4, 'tier_2': 5, 'tier_3': 4, 'tier_4': 4}"
2024-03-11T11:00:00,1692,19,"{'tier_0': 2, 'tier_1': 4, 'tier_2': 5, 'tier_3': 4, 'tier_4': 4}"
2024-03-11T12:00:00,1693,20,"{'tier_0': 2, 'tier_1': 4, 'tier_2': 6, 'tier_3': 4, 'tier_4': 4}"
2024-03-11T13:00:00,1694,19,"{'tier_0': 2, 'tier_1': 4, 'tier_2': 5, 'tier_3': 4, 'tier_4': 4}"
2024-03-11T14:00:00,1695,20,"{'tier_0': 2, 'tier_1': 4, 'tier_2': 6, 'tier_3': 4, 'tier_4': 4}"
2024-03-11T15:00:00,1696,19,"{'tier_0': 2, 'tier_1': 4, 'tier_2': 5, 'tier_3': 4, 'tier_4': 4}"
2024-03-11T16:00:00,1697,20,"{'tier_0': 2, 'tier_1': 4, 'tier_2': 6, 'tier_3': 4, 'tier_4': 4}"
2024-03-11T17:00:00,1698,19,"{'tier_0': 2, 'tier_1': 4, 'tier_2': 6, 'tier_3': 4, 'tier_4': 3}"
2024-03-11T18:00:00,1699,21,"{'tier_0': 2, 'tier_1': 4, 'tier_2': 6, 'tier_3': 5, 'tier_4': 4}"
2024-03-11T19:00:00,1700,21,"{'tier_0': 2, 'tier_1': 5, 'tier_2': 6, 'tier_3': 5, 'tier_4': 3}"
2024-03-11T20:00:00,1701,20,"{'tier_0': 2, 'tier_1': 4, 'tier_2': 6, 'tier_3': 4, 'tier_4': 4}"
2024-03-11T21:00:00,1702,20,"{'tier_0': 2, 'tier_1': 4, 'tier_2': 6, 'tier_3': 4, 'tier_4': 4}"
2024-03-11T22:00:00,1703,20,"{'tier_0': 2, 'tier_1': 4, 'tier_2': 6, 'tier_3': 4, 'tier_4': 4}"
2024-03-11T23:00:00,1704,20,"{'tier_0': 2, 'tier_1': 5, 'tier_2': 6, 'tier_3': 4, 'tier_4': 3}"
2024-03-12T00:00:00,1705,19,"{'tier_0': 2, 'tier_1': 4, 'tier_2': 5, 'tier_3': 4, 'tier_4': 4}"
2024-03-12T01:00:00,1706,19,"{'tier_0': 1, 'tier_1': 5, 'tier_2': 5, 'tier_3': 4, 'tier_4': 4}"
2024-03-12T02:00:00,1707,20,"{'tier_0': 2, 'tier_1': 5, 'tier_2': 6, 'tier_3': 4, 'tier_4': 3}"
2024-03-12T03:00:00,1708,20,"{'tier_0': 2, 'tier_1': 5, 'tier_2': 6, 'tier_3': 4, 'tier_4': 3}"
2024-03-12T04:00:00,1709,20,"{'tier_0': 2, 'tier_1': 4, 'tier_2': 6, 'tier_3': 4, 'tier_4': 4}"
2024-03-12T05:00:00,1710,21,"{'tier_0': 2, 'tier_1': 5, 'tier_2': 6, 'tier_3': 4, 'tier_4': 4}"
2024-03-12T06:00:00,1711,20,"{'tier_0': 2, 'tier_1': 4, 'tier_2': 6, 'tier_3': 4, 'tier_4': 4}"
2024-03-12T07:00:00,1712,20,"{'tier_0': 2, 'tier_1': 4, 'tier_2': 6, 'tier_3': 4, 'tier_4': 4}"
2024-03-12T08:00:00,1713,20,"{'tier_0': 2, 'tier_1': 4, 'tier_2': 6, 'tier_3': 4, 'tier_4': 4}"
2024-03-12T09:00:00,1714,20,"{'tier_0': 2, 'tier_1': 4, 'tier_2': 6, 'tier_3': 4, 'tier_4': 4}"
2024-03-12T10:00:00,1715,20,"{'tier_0': 2, 'tier_1': 4, 'tier_2': 6, 'tier_3': 4, 'tier_4': 4}"
2024-03-12T11:00:00,1716,20,"{'tier_0': 2, 'tier_1': 5, 'tier_2': 6, 'tier_3': 4, 'tier_4': 3}"
2024-03-12T12:00:00,1717,21,"{'tier_0': 4, 'tier_1': 3, 'tier_2': 6, 'tier_3': 4, 'tier_4': 4}"
2024-03-12T13:00:00,1718,19,"{'tier_0': 2, 'tier_1': 4, 'tier_2': 5, 'tier_3': 4, 'tier_4': 4}"
2024-03-12T14:00:00,1719,20,"{'tier_0': 2, 'tier_1': 5, 'tier_2': 6, 'tier_3': 4, 'tier_4': 3}"
2024-03-12T15:00:00,1720,20,"{'tier_0': 2, 'tier_1': 4, 'tier_2': 6, 'tier_3': 4, 'tier_4': 4}"
2024-03-12T16:00:00,1721,20,"{'tier_0': 2, 'tier_1': 4, 'tier_2': 6, 'tier_3': 4, 'tier_4': 4}"
2024-03-12T17:00:00,1722,18,"{'tier_0': 2, 'tier_1': 4, 'tier_2': 5, 'tier_3': 4, 'tier_4': 3}"
2024-03-12T18:00:00,1723,21,"{'tier_0': 3, 'tier_1': 4, 'tier_2': 6, 'tier_3': 4, 'tier_4': 4}"
2024-03-12T19:00:00,1724,20,"{'tier_0': 2, 'tier_1': 4, 'tier_2': 6, 'tier_3': 4, 'tier_4': 4}"
2024-03-12T20:00:00,1725,20,"{'tier_0': 2, 'tier_1': 4, 'tier_2': 6, 'tier_3': 4, 'tier_4': 4}"
2024-03-12T21:00:00,1726,20,"{'tier_0': 2, 'tier_1': 4, 'tier_2': 6, 'tier_3': 4, 'tier_4': 4}"
2024-03-12T22:00:00,1727,20,"{'tier_0': 2, 'tier_1': 5, 'tier_2': 6, 'tier_3': 4, 'tier_4': 3}"
2024-03-12T23:00:00,1728,19,"{'tier_0': 2, 'tier_1': 4, 'tier_2': 6, 'tier_3': 4, 'tier_4': 3}"
2024-03-13T00:00:00,1729,21,"{'tier_0': 2, 'tier_1': 4, 'tier_2': 6, 'tier_3': 4, 'tier_4': 5}"
2024-03-13T01:00:00,1730,20,"{'tier_0': 2, 'tier_1': 4, 'tier_2': 6, 'tier_3': 4, 'tier_4': 4}"
2024-03-13T02:00:00,1731,20,"{'tier_0': 2, 'tier_1': 5, 'tier_2': 6, 'tier_3': 4, 'tier_4': 3}"
2024-03-13T03:00:00,1732,20,"{'tier_0': 2, 'tier_1': 4, 'tier_2': 6, 'tier_3': 4, 'tier_4': 4}"
2024-03-13T04:00:00,1733,20,"{'tier_0': 2, 'tier_1': 5, 'tier_2': 6, 'tier_3': 4, 'tier_4': 3}"
2024-03-13T05:00:00,1734,19,"{'tier_0': 2, 'tier_1': 4, 'tier_2': 5, 'tier_3': 4, 'tier_4': 4}"
2024-03-13T06:00:00,1735,20,"{'tier_0': 2, 'tier_1': 5, 'tier_2': 6, 'tier_3': 4, 'tier_4': 3}"
2024-03-13T07:00:00,1736,20,"{'tier_0': 2, 'tier_1': 4, 'tier_2': 6, 'tier_3': 4, 'tier_4': 4}"
2024-03-13T08:00:00,1737,20,"{'tier_0': 2, 'tier_1': 5, 'tier_2': 6, 'tier_3': 4, 'tier_4': 3}"
2024-03-13T09:00:00,1738,20,"{'tier_0': 2, 'tier_1': 5, 'tier_2': 6, 'tier_3': 4, 'tier_4': 3}"
2024-03-13T10:00:00,1739,21,"{'tier_0': 2, 'tier_1': 5, 'tier_2': 6, 'tier_3': 4, 'tier_4': 4}"
2024-03-13T11:00:00,1740,19,"{'tier_0': 2, 'tier_1': 4, 'tier_2': 5, 'tier_3': 4, 'tier_4': 4}"
2024-03-13T12:00:00,1741,20,"{'tier_0': 2, 'tier_1': 5, 'tier_2': 6, 'tier_3': 4, 'tier_4': 3}"
2024-03-13T13:00:00,1742,21,"{'tier_0': 3, 'tier_1': 4, 'tier_2': 6, 'tier_3': 4, 'tier_4': 4}"
2024-03-13T14:00:00,1743,20,"{'tier_0': 2, 'tier_1': 5, 'tier_2': 6, 'tier_3': 4, 'tier_4': 3}"
2024-03-13T15:00:00,1744,20,"{'tier_0': 4, 'tier_1': 3, 'tier_2': 6, 'tier_3': 4, 'tier_4': 3}"
2024-03-13T16:00:00,1745,21,"{'tier_0': 2, 'tier_1': 5, 'tier_2': 6, 'tier_3': 4, 'tier_4': 4}"
2024-03-13T17:00:00,1746,20,"{'tier_0': 2, 'tier_1': 5, 'tier_2': 6, 'tier_3': 4, 'tier_4': 3}"
2024-03-13T18:00:00,1747,20,"{'tier_0': 2, 'tier_1': 4, 'tier_2': 5, 'tier_3': 5, 'tier_4': 4}"
2024-03-13T19:00:00,1748,21,"{'tier_0': 2, 'tier_1': 5, 'tier_2': 6, 'tier_3': 5, 'tier_4': 3}"
2024-03-13T20:00:00,1749,20,"{'tier_0': 3, 'tier_1': 4, 'tier_2': 6, 'tier_3': 4, 'tier_4': 3}"
2024-03-13T21:00:00,1750,20,"{'tier_0': 2, 'tier_1': 4, 'tier_2': 6, 'tier_3': 4, 'tier_4': 4}"
2024-03-13T22:00:00,1751,20,"{'tier_0': 2, 'tier_1': 5, 'tier_2': 6, 'tier_3': 4, 'tier_4': 3}"
2024-03-13T23:00:00,1752,20,"{'tier_0': 2, 'tier_1': 4, 'tier_2': 6, 'tier_3': 4, 'tier_4': 4}"
2024-03-14T00:00:00,1753,20,"{'tier_0': 3, 'tier_1': 3, 'tier_2': 6, 'tier_3': 4, 'tier_4': 4}"
2024-03-14T01:00:00,1754,21,"{'tier_0': 2, 'tier_1': 5, 'tier_2': 6, 'tier_3': 4, 'tier_4': 4}"
2024-03-14T02:00:00,1755,18,"{'tier_0': 2, 'tier_1': 4, 'tier_2': 5, 'tier_3': 4, 'tier_4': 3}"
2024-03-14T03:00:00,1756,20,"{'tier_0': 2, 'tier_1': 5, 'tier_2': 6, 'tier_3': 4, 'tier_4': 3}"
2024-03-14T04:00:00,1757,18,"{'tier_0': 2, 'tier_1': 4, 'tier_2': 5, 'tier_3': 4, 'tier_4': 3}"
2024-03-14T05:00:00,1758,18,"{'tier_0': 3, 'tier_1': 3, 'tier_2': 5, 'tier_3': 4, 'tier_4': 3}"
2024-03-14T06:00:00,1759,20,"{'tier_0': 2, 'tier_1': 4, 'tier_2': 5, 'tier_3': 5, 'tier_4': 4}"
2024-03-14T07:00:00,1760,20,"{'tier_0': 2, 'tier_1': 5, 'tier_2': 6, 'tier_3': 4, 'tier_4': 3}"
2024-03-14T08:00:00,1761,19,"{'tier_0': 2, 'tier_1': 4, 'tier_2': 6, 'tier_3': 4, 'tier_4': 3}"
2024-03-14T09:00:00,1762,20,"{'tier_0': 3, 'tier_1': 4, 'tier_2': 6, 'tier_3': 4, 'tier_4': 3}"
2024-03-14T10:00:00,1763,19,"{'tier_0': 2, 'tier_1': 4, 'tier_2': 5, 'tier_3': 5, 'tier_4': 3}"
2024-03-14T11:00:00,1764,21,"{'tier_0': 3, 'tier_1': 4, 'tier_2': 6, 'tier_3': 4, 'tier_4': 4}"
2024-03-14T12:00:00,1765,19,"{'tier_0': 2, 'tier_1': 4, 'tier_2': 6, 'tier_3': 4, 'tier_4': 3}"
2024-03-14T13:00:00,1766,21,"{'tier_0': 2, 'tier_1': 4, 'tier_2': 6, 'tier_3': 5, 'tier_4': 4}"
2024-03-14T14:00:00,1767,19,"{'tier_0': 2, 'tier_1': 4, 'tier_2': 6, 'tier_3': 4, 'tier_4': 3}"
2024-03-14T15:00:00,1768,21,"{'tier_0': 3, 'tier_1': 4, 'tier_2': 6, 'tier_3': 4, 'tier_4': 4}"
2024-03-14T16:00:00,1769,20,"{'tier_0': 3, 'tier_1': 3, 'tier_2': 6, 'tier_3': 4, 'tier_4': 4}"
2024-03-14T17:00:00,1770,18,"{'tier_0': 2, 'tier_1': 4, 'tier_2': 5, 'tier_3': 4, 'tier_4': 3}"
2024-03-14T18:00:00,1771,20,"{'tier_0': 3, 'tier_1': 4, 'tier_2': 6, 'tier_3': 4, 'tier_4': 3}"
2024-03-14T19:00:00,1772,21,"{'tier_0': 2, 'tier_1': 4, 'tier_2': 6, 'tier_3': 4, 'tier_4': 5}"
2024-03-14T20:00:00,1773,20,"{'tier_0': 2, 'tier_1': 5, 'tier_2': 6, 'tier_3': 4, 'tier_4': 3}"
2024-03-14T21:00:00,1774,20,"{'tier_0': 2, 'tier_1': 5, 'tier_2': 6, 'tier_3': 4, 'tier_4': 3}"
2024-03-14T22:00:00,1775,19,"{'tier_0': 1, 'tier_1': 5, 'tier_2': 5, 'tier_3': 4, 'tier_4': 4}"
2024-03-14T23:00:00,1776,18,"{'tier_0': 2, 'tier_1': 4, 'tier_2': 5, 'tier_3': 4, 'tier_4': 3}"
2024-03-15T00:00:00,1777,18,"{'tier_0': 2, 'tier_1': 4, 'tier_2': 5, 'tier_3': 4, 'tier_4': 3}"
2024-03-15T01:00:00,1778,20,"{'tier_0': 2, 'tier_1': 4, 'tier_2': 6, 'tier_3': 4, 'tier_4': 4}"
2024-03-15T02:00:00,1779,21,"{'tier_0': 2, 'tier_1': 5, 'tier_2': 6, 'tier_3': 4, 'tier_4': 4}"
2024-03-15T03:00:00,1780,18,"{'tier_0': 2, 'tier_1': 4, 'tier_2': 5, 'tier_3': 4, 'tier_4': 3}"
2024-03-15T04:00:00,1781,20,"{'tier_0': 2, 'tier_1': 5, 'tier_2': 6, 'tier_3': 4, 'tier_4': 3}"
2024-03-15T05:00:00,1782,20,"{'tier_0': 2, 'tier_1': 5, 'tier_2': 6, 'tier_3': 4, 'tier_4': 3}"
2024-03-15T06:00:00,1783,21,"{'tier_0': 2, 'tier_1': 5, 'tier_2': 6, 'tier_3': 4, 'tier_4': 4}"
2024-03-15T07:00:00,1784,20,"{'tier_0': 2, 'tier_1': 4, 'tier_2': 6, 'tier_3': 4, 'tier_4': 4}"
2024-03-15T08:00:00,1785,20,"{'tier_0': 2, 'tier_1': 5, 'tier_2': 6, 'tier_3': 4, 'tier_4': 3}"
2024-03-15T09:00:00,1786,21,"{'tier_0': 2, 'tier_1': 5, 'tier_2': 6, 'tier_3': 4, 'tier_4': 4}"
2024-03-15T10:00:00,1787,19,"{'tier_0': 2, 'tier_1': 4, 'tier_2': 6, 'tier_3': 4, 'tier_4': 3}"
2024-03-15T11:00:00,1788,20,"{'tier_0': 3, 'tier_1': 4, 'tier_2': 6, 'tier_3': 4, 'tier_4': 3}"
2024-03-15T12:00:00,1789,20,"{'tier_0': 2, 'tier_1': 4, 'tier_2': 6, 'tier_3': 4, 'tier_4': 4}"
2024-03-15T13:00:00,1790,18,"{'tier_0': 2, 'tier_1': 4, 'tier_2': 5, 'tier_3': 4, 'tier_4': 3}"
2024-03-15T14:00:00,1791,19,"{'tier_0': 2, 'tier_1': 4, 'tier_2': 6, 'tier_3': 4, 'tier_4': 3}"
2024-03-15T15:00:00,1792,19,"{'tier_0': 2, 'tier_1': 4, 'tier_2': 5, 'tier_3': 4, 'tier_4': 4}"
2024-03-15T16:00:00,1793,20,"{'tier_0': 2, 'tier_1': 4, 'tier_2': 5, 'tier_3': 5, 'tier_4': 4}"
2024-03-15T17:00:00,1794,21,"{'tier_0': 2, 'tier_1': 5, 'tier_2': 6, 'tier_3': 4, 'tier_4': 4}"
2024-03-15T18:00:00,1795,19,"{'tier_0': 2, 'tier_1': 4, 'tier_2': 5, 'tier_3': 5, 'tier_4': 3}"
2024-03-15T19:00:00,1796,21,"{'tier_0': 2, 'tier_1': 4, 'tier_2': 6, 'tier_3': 5, 'tier_4': 4}"
2024-03-15T20:00:00,1797,20,"{'tier_0': 3, 'tier_1': 3, 'tier_2': 6, 'tier_3': 4, 'tier_4': 4}"
2024-03-15T21:00:00,1798,20,"{'tier_0': 2, 'tier_1': 4, 'tier_2': 6, 'tier_3': 4, 'tier_4': 4}"
2024-03-15T22:00:00,1799,20,"{'tier_0': 2, 'tier_1': 4, 'tier_2': 6, 'tier_3': 4, 'tier_4': 4}"
2024-03-15T23:00:00,1800,20,"{'tier_0': 2, 'tier_1': 5, 'tier_2': 6, 'tier_3': 4, 'tier_4': 3}"
2024-03-16T00:00:00,1801,20,"{'tier_0': 3, 'tier_1': 3, 'tier_2': 6, 'tier_3': 4, 'tier_4': 4}"
2024-03-16T01:00:00,1802,20,"{'tier_0': 2, 'tier_1': 4, 'tier_2': 6, 'tier_3': 4, 'tier_4': 4}"
2024-03-16T02:00:00,1803,20,"{'tier_0': 2, 'tier_1': 4, 'tier_2': 6, 'tier_3': 4, 'tier_4': 4}"
2024-03-16T03:00:00,1804,18,"{'tier_0': 2, 'tier_1': 4, 'tier_2': 5, 'tier_3': 4, 'tier_4': 3}"
2024-03-16T04:00:00,1805,20,"{'tier_0': 2, 'tier_1': 4, 'tier_2': 5, 'tier_3': 5, 'tier_4': 4}"
2024-03-16T05:00:00,1806,19,"{'tier_0': 2, 'tier_1': 4, 'tier_2': 6, 'tier_3': 4, 'tier_4': 3}"
2024-03-16T06:00:00,1807,20,"{'tier_0': 2, 'tier_1': 5, 'tier_2': 6, 'tier_3': 4, 'tier_4': 3}"
2024-03-16T07:00:00,1808,20,"{'tier_0': 2, 'tier_1': 4, 'tier_2': 6, 'tier_3': 4, 'tier_4': 4}"
2024-03-16T08:00:00,1809,20,"{'tier_0': 2, 'tier_1': 5, 'tier_2': 6, 'tier_3': 4, 'tier_4': 3}"
2024-03-16T09:00:00,1810,20,"{'tier_0': 2, 'tier_1': 5, 'tier_2': 6, 'tier_3': 4, 'tier_4': 3}"
2024-03-16T10:00:00,1811,20,"{'tier_0': 3, 'tier_1': 3, 'tier_2': 6, 'tier_3': 4, 'tier_4': 4}"
2024-03-16T11:00:00,1812,21,"{'tier_0': 2, 'tier_1': 5, 'tier_2': 6, 'tier_3': 4, 'tier_4': 4}"
2024-03-16T12:00:00,1813,18,"{'tier_0': 2, 'tier_1': 4, 'tier_2': 5, 'tier_3': 4, 'tier_4': 3}"
2024-03-16T13:00:00,1814,20,"{'tier_0': 2, 'tier_1': 5, 'tier_2': 6, 'tier_3': 4, 'tier_4': 3}"
2024-03-16T14:00:00,1815,20,"{'tier_0': 2, 'tier_1': 5, 'tier_2': 6, 'tier_3': 4, 'tier_4': 3}"
2024-03-16T15:00:00,1816,20,"{'tier_0': 2, 'tier_1': 4, 'tier_2': 6, 'tier_3': 4, 'tier_4': 4}"
2024-03-16T16:00:00,1817,21,"{'tier_0': 2, 'tier_1': 4, 'tier_2': 6, 'tier_3': 5, 'tier_4': 4}"
2024-03-16T17:00:00,1818,20,"{'tier_0': 2, 'tier_1': 5, 'tier_2': 6, 'tier_3': 4, 'tier_4': 3}"
2024-03-16T18:00:00,1819,19,"{'tier_0': 2, 'tier_1': 4, 'tier_2': 6, 'tier_3': 4, 'tier_4': 3}"
2024-03-16T19:00:00,1820,20,"{'tier_0': 2, 'tier_1': 4, 'tier_2': 6, 'tier_3': 4, 'tier_4': 4}"
2024-03-16T20:00:00,1821,19,"{'tier_0': 2, 'tier_1': 4, 'tier_2': 5, 'tier_3': 4, 'tier_4': 4}"
2024-03-16T21:00:00,1822,21,"{'tier_0': 3, 'tier_1': 3, 'tier_2': 6, 'tier_3': 4, 'tier_4': 5}"
2024-03-16T22:00:00,1823,20,"{'tier_0': 2, 'tier_1': 4, 'tier_2': 6, 'tier_3': 4, 'tier_4': 4}"
2024-03-16T23:00:00,1824,20,"{'tier_0': 2, 'tier_1': 5, 'tier_2': 6, 'tier_3': 4, 'tier_4': 3}"
2024-03-17T00:00:00,1825,21,"{'tier_0': 3, 'tier_1': 4, 'tier_2': 6, 'tier_3': 4, 'tier_4': 4}"
2024-03-17T01:00:00,1826,20,"{'tier_0': 3, 'tier_1': 4, 'tier_2': 6, 'tier_3': 4, 'tier_4': 3}"
2024-03-17T02:00:00,1827,20,"{'tier_0': 2, 'tier_1': 5, 'tier_2': 6, 'tier_3': 4, 'tier_4': 3}"
2024-03-17T03:00:00,1828,21,"{'tier_0': 2, 'tier_1': 5, 'tier_2': 6, 'tier_3': 4, 'tier_4': 4}"
2024-03-17T04:00:00,1829,21,"{'tier_0': 2, 'tier_1': 5, 'tier_2': 6, 'tier_3': 4, 'tier_4': 4}"
2024-03-17T05:00:00,1830,20,"{'tier_0': 2, 'tier_1': 4, 'tier_2': 6, 'tier_3': 4, 'tier_4': 4}"
2024-03-17T06:00:00,1831,20,"{'tier_0': 3, 'tier_1': 4, 'tier_2': 6, 'tier_3': 4, 'tier_4': 3}"
2024-03-17T07:00:00,1832,20,"{'tier_0': 2, 'tier_1': 4, 'tier_2': 6, 'tier_3': 4, 'tier_4': 4}"
2024-03-17T08:00:00,1833,18,"{'tier_0': 2, 'tier_1': 4, 'tier_2': 5, 'tier_3': 4, 'tier_4': 3}"
2024-03-17T09:00:00,1834,20,"{'tier_0': 2, 'tier_1': 5, 'tier_2': 6, 'tier_3': 4, 'tier_4': 3}"
2024-03-17T10:00:00,1835,18,"{'tier_0': 2, 'tier_1': 4, 'tier_2': 5, 'tier_3': 4, 'tier_4': 3}"
2024-03-17T11:00:00,1836,21,"{'tier_0': 2, 'tier_1': 5, 'tier_2': 6, 'tier_3': 4, 'tier_4': 4}"
2024-03-17T12:00:00,1837,21,"{'tier_0': 2, 'tier_1': 5, 'tier_2': 6, 'tier_3': 4, 'tier_4': 4}"
2024-03-17T13:00:00,1838,20,"{'tier_0': 2, 'tier_1': 5, 'tier_2': 6, 'tier_3': 4, 'tier_4': 3}"
2024-03-17T14:00:00,1839,20,"{'tier_0': 2, 'tier_1': 5, 'tier_2': 6, 'tier_3': 4, 'tier_4': 3}"
2024-03-17T15:00:00,1840,20,"{'tier_0': 2, 'tier_1': 4, 'tier_2': 6, 'tier_3': 4, 'tier_4': 4}"
2024-03-17T16:00:00,1841,21,"{'tier_0': 2, 'tier_1': 5, 'tier_2': 6, 'tier_3': 4, 'tier_4': 4}"
2024-03-17T17:00:00,1842,20,"{'tier_0': 2, 'tier_1': 5, 'tier_2': 6, 'tier_3': 4, 'tier_4': 3}"
2024-03-17T18:00:00,1843,20,"{'tier_0': 2, 'tier_1': 5, 'tier_2': 6, 'tier_3': 4, 'tier_4': 3}"
2024-03-17T19:00:00,1844,20,"{'tier_0': 3, 'tier_1': 4, 'tier_2': 6, 'tier_3': 4, 'tier_4': 3}"
2024-03-17T20:00:00,1845,20,"{'tier_0': 3, 'tier_1': 4, 'tier_2': 6, 'tier_3': 4, 'tier_4': 3}"
2024-03-17T21:00:00,1846,19,"{'tier_0': 2, 'tier_1': 4, 'tier_2': 5, 'tier_3': 4, 'tier_4': 4}"
2024-03-17T22:00:00,1847,20,"{'tier_0': 2, 'tier_1': 4, 'tier_2': 6, 'tier_3': 4, 'tier_4': 4}"
2024-03-17T23:00:00,1848,20,"{'tier_0': 3, 'tier_1': 4, 'tier_2': 6, 'tier_3': 4, 'tier_4': 3}"
2024-03-18T00:00:00,1849,20,"{'tier_0': 2, 'tier_1': 5, 'tier_2': 6, 'tier_3': 4, 'tier_4': 3}"
2024-03-18T01:00:00,1850,18,"{'tier_0': 2, 'tier_1': 4, 'tier_2': 5, 'tier_3': 4, 'tier_4': 3}"
2024-03-18T02:00:00,1851,20,"{'tier_0': 2, 'tier_1': 5, 'tier_2': 6, 'tier_3': 4, 'tier_4': 3}"
2024-03-18T03:00:00,1852,21,"{'tier_0': 2, 'tier_1': 5, 'tier_2': 6, 'tier_3': 4, 'tier_4': 4}"
2024-03-18T04:00:00,1853,19,"{'tier_0': 2, 'tier_1': 4, 'tier_2': 6, 'tier_3': 4, 'tier_4': 3}"
2024-03-18T05:00:00,1854,20,"{'tier_0': 3, 'tier_1': 3, 'tier_2': 6, 'tier_3': 4, 'tier_4': 4}"
2024-03-18T06:00:00,1855,20,"{'tier_0': 2, 'tier_1': 5, 'tier_2': 6, 'tier_3': 4, 'tier_4': 3}"
2024-03-18T07:00:00,1856,21,"{'tier_0': 2, 'tier_1': 4, 'tier_2': 6, 'tier_3': 5, 'tier_4': 4}"
2024-03-18T08:00:00,1857,18,"{'tier_0': 2, 'tier_1': 4, 'tier_2': 5, 'tier_3': 4, 'tier_4': 3}"
2024-03-18T09:00:00,1858,21,"{'tier_0': 3, 'tier_1': 4, 'tier_2': 6, 'tier_3': 4, 'tier_4': 4}"
2024-03-18T10:00:00,1859,20,"{'tier_0': 2, 'tier_1': 4, 'tier_2': 6, 'tier_3': 4, 'tier_4': 4}"
2024-03-18T11:00:00,1860,20,"{'tier_0': 2, 'tier_1': 5, 'tier_2': 6, 'tier_3': 4, 'tier_4': 3}"
2024-03-18T12:00:00,1861,20,"{'tier_0': 2, 'tier_1': 5, 'tier_2': 6, 'tier_3': 4, 'tier_4': 3}"
2024-03-18T13:00:00,1862,20,"{'tier_0': 2, 'tier_1': 5, 'tier_2': 6, 'tier_3': 4, 'tier_4': 3}"
2024-03-18T14:00:00,1863,20,"{'tier_0': 2, 'tier_1': 5, 'tier_2': 6, 'tier_3': 4, 'tier_4': 3}"
2024-03-18T15:00:00,1864,19,"{'tier_0': 2, 'tier_1': 4, 'tier_2': 6, 'tier_3': 4, 'tier_4': 3}"
2024-03-18T16:00:00,1865,21,"{'tier_0': 2, 'tier_1': 4, 'tier_2': 6, 'tier_3': 5, 'tier_4': 4}"
2024-03-18T17:00:00,1866,19,"{'tier_0': 3, 'tier_1': 3, 'tier_2': 5, 'tier_3': 4, 'tier_4': 4}"
2024-03-18T18:00:00,1867,20,"{'tier_0': 2, 'tier_1': 4, 'tier_2': 6, 'tier_3': 4, 'tier_4': 4}"
2024-03-18T19:00:00,1868,20,"{'tier_0': 2, 'tier_1': 5, 'tier_2': 6, 'tier_3': 4, 'tier_4': 3}"
2024-03-18T20:00:00,1869,19,"{'tier_0': 2, 'tier_1': 4, 'tier_2': 6, 'tier_3': 4, 'tier_4': 3}"
2024-03-18T21:00:00,1870,20,"{'tier_0': 2, 'tier_1': 4, 'tier_2': 6, 'tier_3': 4, 'tier_4': 4}"
2024-03-18T22:00:00,1871,18,"{'tier_0': 2, 'tier_1': 4, 'tier_2': 5, 'tier_3': 4, 'tier_4': 3}"
2024-03-18T23:00:00,1872,20,"{'tier_0': 2, 'tier_1': 4, 'tier_2': 6, 'tier_3': 4, 'tier_4': 4}"
2024-03-19T00:00:00,1873,21,"{'tier_0': 2, 'tier_1': 5, 'tier_2': 6, 'tier_3': 4, 'tier_4': 4}"
2024-03-19T01:00:00,1874,20,"{'tier_0': 2, 'tier_1': 4, 'tier_2': 6, 'tier_3': 4, 'tier_4': 4}"
2024-03-19T02:00:00,1875,21,"{'tier_0': 2, 'tier_1': 5, 'tier_2': 6, 'tier_3': 4, 'tier_4': 4}"
2024-03-19T03:00:00,1876,19,"{'tier_0': 2, 'tier_1': 4, 'tier_2': 5, 'tier_3': 4, 'tier_4': 4}"
2024-03-19T04:00:00,1877,21,"{'tier_0': 2, 'tier_1': 5, 'tier_2': 6, 'tier_3': 4, 'tier_4': 4}"
2024-03-19T05:00:00,1878,20,"{'tier_0': 2, 'tier_1': 5, 'tier_2': 6, 'tier_3': 4, 'tier_4': 3}"
2024-03-19T06:00:00,1879,20,"{'tier_0': 2, 'tier_1': 5, 'tier_2': 6, 'tier_3': 4, 'tier_4': 3}"
2024-03-19T07:00:00,1880,20,"{'tier_0': 2, 'tier_1': 5, 'tier_2': 6, 'tier_3': 4, 'tier_4': 3}"
2024-03-19T08:00:00,1881,20,"{'tier_0': 2, 'tier_1': 5, 'tier_2': 6, 'tier_3': 4, 'tier_4': 3}"
2024-03-19T09:00:00,1882,20,"{'tier_0': 2, 'tier_1': 5, 'tier_2': 6, 'tier_3': 4, 'tier_4': 3}"
2024-03-19T10:00:00,1883,20,"{'tier_0': 2, 'tier_1': 4, 'tier_2': 6, 'tier_3': 4, 'tier_4': 4}"
2024-03-19T11:00:00,1884,21,"{'tier_0': 2, 'tier_1': 5, 'tier_2': 6, 'tier_3': 4, 'tier_4': 4}"
2024-03-19T12:00:00,1885,21,"{'tier_0': 2, 'tier_1': 5, 'tier_2': 6, 'tier_3': 4, 'tier_4': 4}"
2024-03-19T13:00:00,1886,19,"{'tier_0': 2, 'tier_1': 4, 'tier_2': 6, 'tier_3': 4, 'tier_4': 3}"
2024-03-19T14:00:00,1887,21,"{'tier_0': 2, 'tier_1': 4, 'tier_2': 6, 'tier_3': 4, 'tier_4': 5}"
2024-03-19T15:00:00,1888,20,"{'tier_0': 2, 'tier_1': 5, 'tier_2': 6, 'tier_3': 4, 'tier_4': 3}"
2024-03-19T16:00:00,1889,21,"{'tier_0': 2, 'tier_1': 5, 'tier_2': 6, 'tier_3': 4, 'tier_4': 4}"
2024-03-19T17:00:00,1890,20,"{'tier_0': 2, 'tier_1': 4, 'tier_2': 6, 'tier_3': 4, 'tier_4': 4}"
2024-03-19T18:00:00,1891,20,"{'tier_0': 2, 'tier_1': 4, 'tier_2': 6, 'tier_3': 4, 'tier_4': 4}"
2024-03-19T19:00:00,1892,20,"{'tier_0': 2, 'tier_1': 4, 'tier_2': 6, 'tier_3': 4, 'tier_4': 4}"
2024-03-19T20:00:00,1893,20,"{'tier_0': 2, 'tier_1': 4, 'tier_2': 6, 'tier_3': 4, 'tier_4': 4}"
2024-03-19T21:00:00,1894,20,"{'tier_0': 2, 'tier_1': 5, 'tier_2': 6, 'tier_3': 4, 'tier_4': 3}"
2024-03-19T22:00:00,1895,20,"{'tier_0': 3, 'tier_1': 3, 'tier_2': 6, 'tier_3': 4, 'tier_4': 4}"
2024-03-19T23:00:00,1896,19,"{'tier_0': 2, 'tier_1': 4, 'tier_2': 5, 'tier_3': 4, 'tier_4': 4}"
2024-03-20T00:00:00,1897,19,"{'tier_0': 2, 'tier_1': 4, 'tier_2': 5, 'tier_3': 4, 'tier_4': 4}"
2024-03-20T01:00:00,1898,20,"{'tier_0': 3, 'tier_1': 3, 'tier_2': 6, 'tier_3': 4, 'tier_4': 4}"
2024-03-20T02:00:00,1899,20,"{'tier_0': 2, 'tier_1': 4, 'tier_2': 6, 'tier_3': 4, 'tier_4': 4}"
2024-03-20T03:00:00,1900,21,"{'tier_0': 2, 'tier_1': 4, 'tier_2': 6, 'tier_3': 4, 'tier_4': 5}"
2024-03-20T04:00:00,1901,20,"{'tier_0': 2, 'tier_1': 4, 'tier_2': 5, 'tier_3': 5, 'tier_4': 4}"
2024-03-20T05:00:00,1902,19,"{'tier_0': 2, 'tier_1': 4, 'tier_2': 5, 'tier_3': 4, 'tier_4': 4}"
2024-03-20T06:00:00,1903,19,"{'tier_0': 2, 'tier_1': 4, 'tier_2': 6, 'tier_3': 4, 'tier_4': 3}"
2024-03-20T07:00:00,1904,20,"{'tier_0': 2, 'tier_1': 4, 'tier_2': 6, 'tier_3': 4, 'tier_4': 4}"
2024-03-20T08:00:00,1905,21,"{'tier_0': 2, 'tier_1': 5, 'tier_2': 6, 'tier_3': 4, 'tier_4': 4}"
2024-03-20T09:00:00,1906,19,"{'tier_0': 3, 'tier_1': 3, 'tier_2': 5, 'tier_3': 4, 'tier_4': 4}"
2024-03-20T10:00:00,1907,20,"{'tier_0': 2, 'tier_1': 4, 'tier_2': 6, 'tier_3': 4, 'tier_4': 4}"
2024-03-20T11:00:00,1908,18,"{'tier_0': 2, 'tier_1': 4, 'tier_2': 5, 'tier_3': 4, 'tier_4': 3}"
2024-03-20T12:00:00,1909,20,"{'tier_0': 2, 'tier_1': 4, 'tier_2': 6, 'tier_3': 4, 'tier_4': 4}"
2024-03-20T13:00:00,1910,18,"{'tier_0': 2, 'tier_1': 4, 'tier_2': 5, 'tier_3': 4, 'tier_4': 3}"
2024-03-20T14:00:00,1911,19,"{'tier_0': 2, 'tier_1': 4, 'tier_2': 5, 'tier_3': 4, 'tier_4': 4}"
2024-03-20T15:00:00,1912,21,"{'tier_0': 2, 'tier_1': 5, 'tier_2': 6, 'tier_3': 4, 'tier_4': 4}"
2024-03-20T16:00:00,1913,19,"{'tier_0': 3, 'tier_1': 3, 'tier_2': 5, 'tier_3': 4, 'tier_4': 4}"
2024-03-20T17:00:00,1914,20,"{'tier_0': 2, 'tier_1': 5, 'tier_2': 6, 'tier_3': 4, 'tier_4': 3}"
2024-03-20T18:00:00,1915,21,"{'tier_0': 2, 'tier_1': 5, 'tier_2': 6, 'tier_3': 4, 'tier_4': 4}"
2024-03-20T19:00:00,1916,20,"{'tier_0': 2, 'tier_1': 4, 'tier_2': 6, 'tier_3': 4, 'tier_4': 4}"
2024-03-20T20:00:00,1917,20,"{'tier_0': 2, 'tier_1': 4, 'tier_2': 6, 'tier_3': 4, 'tier_4': 4}"
2024-03-20T21:00:00,1918,20,"{'tier_0': 2, 'tier_1': 5, 'tier_2': 6, 'tier_3': 4, 'tier_4': 3}"
2024-03-20T22:00:00,1919,20,"{'tier_0': 2, 'tier_1': 4, 'tier_2': 6, 'tier_3': 4, 'tier_4': 4}"
2024-03-20T23:00:00,1920,20,"{'tier_0': 2, 'tier_1': 5, 'tier_2': 6, 'tier_3': 4, 'tier_4': 3}"
2024-03-21T00:00:00,1921,20,"{'tier_0': 2, 'tier_1': 4, 'tier_2': 6, 'tier_3': 4, 'tier_4': 4}"
2024-03-21T01:00:00,1922,20,"{'tier_0': 2, 'tier_1': 5, 'tier_2': 6, 'tier_3': 4, 'tier_4': 3}"
2024-03-21T02:00:00,1923,20,"{'tier_0': 2, 'tier_1': 4, 'tier_2': 6, 'tier_3': 4, 'tier_4': 4}"
2024-03-21T03:00:00,1924,21,"{'tier_0': 2, 'tier_1': 4, 'tier_2': 6, 'tier_3': 4, 'tier_4': 5}"
2024-03-21T04:00:00,1925,20,"{'tier_0': 2, 'tier_1': 5, 'tier_2': 6, 'tier_3': 4, 'tier_4': 3}"
2024-03-21T05:00:00,1926,20,"{'tier_0': 2, 'tier_1': 5, 'tier_2': 6, 'tier_3': 4, 'tier_4': 3}"
2024-03-21T06:00:00,1927,20,"{'tier_0': 2, 'tier_1': 4, 'tier_2': 6, 'tier_3': 4, 'tier_4': 4}"
2024-03-21T07:00:00,1928,20,"{'tier_0': 2, 'tier_1': 5, 'tier_2': 6, 'tier_3': 4, 'tier_4': 3}"
2024-03-21T08:00:00,1929,20,"{'tier_0': 2, 'tier_1': 4, 'tier_2': 6, 'tier_3': 4, 'tier_4': 4}"
2024-03-21T09:00:00,1930,19,"{'tier_0': 2, 'tier_1': 4, 'tier_2': 6, 'tier_3': 4, 'tier_4': 3}"
2024-03-21T10:00:00,1931,20,"{'tier_0': 2, 'tier_1': 5, 'tier_2': 6, 'tier_3': 4, 'tier_4': 3}"
2024-03-21T11:00:00,1932,20,"{'tier_0': 2, 'tier_1': 4, 'tier_2': 6, 'tier_3': 4, 'tier_4': 4}"
2024-03-21T12:00:00,1933,20,"{'tier_0': 2, 'tier_1': 5, 'tier_2': 6, 'tier_3': 4, 'tier_4': 3}"
2024-03-21T13:00:00,1934,19,"{'tier_0': 2, 'tier_1': 4, 'tier_2': 5, 'tier_3': 4, 'tier_4': 4}"
2024-03-21T14:00:00,1935,20,"{'tier_0': 3, 'tier_1': 4, 'tier_2': 6, 'tier_3': 4, 'tier_4': 3}"
2024-03-21T15:00:00,1936,20,"{'tier_0': 2, 'tier_1': 5, 'tier_2': 6, 'tier_3': 4, 'tier_4': 3}"
2024-03-21T16:00:00,1937,19,"{'tier_0': 2, 'tier_1': 4, 'tier_2': 5, 'tier_3': 4, 'tier_4': 4}"
2024-03-21T17:00:00,1938,18,"{'tier_0': 2, 'tier_1': 4, 'tier_2': 5, 'tier_3': 4, 'tier_4': 3}"
2024-03-21T18:00:00,1939,21,"{'tier_0': 2, 'tier_1': 4, 'tier_2': 6, 'tier_3': 4, 'tier_4': 5}"
2024-03-21T19:00:00,1940,20,"{'tier_0': 2, 'tier_1': 5, 'tier_2': 6, 'tier_3': 4, 'tier_4': 3}"
2024-03-21T20:00:00,1941,19,"{'tier_0': 2, 'tier_1': 4, 'tier_2': 5, 'tier_3': 4, 'tier_4': 4}"
2024-03-21T21:00:00,1942,19,"{'tier_0': 2, 'tier_1': 4, 'tier_2': 6, 'tier_3': 4, 'tier_4': 3}"
2024-03-21T22:00:00,1943,20,"{'tier_0': 2, 'tier_1': 4, 'tier_2': 6, 'tier_3': 4, 'tier_4': 4}"
2024-03-21T23:00:00,1944,20,"{'tier_0': 2, 'tier_1': 4, 'tier_2': 6, 'tier_3': 4, 'tier_4': 4}"
2024-03-22T00:00:00,1945,19,"{'tier_0': 2, 'tier_1': 4, 'tier_2': 5, 'tier_3': 4, 'tier_4': 4}"
2024-03-22T01:00:00,1946,20,"{'tier_0': 2, 'tier_1': 4, 'tier_2': 6, 'tier_3': 4, 'tier_4': 4}"
2024-03-22T02:00:00,1947,21,"{'tier_0': 2, 'tier_1': 5, 'tier_2': 6, 'tier_3': 4, 'tier_4': 4}"
2024-03-22T03:00:00,1948,20,"{'tier_0': 3, 'tier_1': 4, 'tier_2': 6, 'tier_3': 4, 'tier_4': 3}"
2024-03-22T04:00:00,1949,20,"{'tier_0': 2, 'tier_1': 4, 'tier_2': 6, 'tier_3': 4, 'tier_4': 4}"
2024-03-22T05:00:00,1950,18,"{'tier_0': 2, 'tier_1': 4, 'tier_2': 5, 'tier_3': 4, 'tier_4': 3}"
2024-03-22T06:00:00,1951,19,"{'tier_0': 2, 'tier_1': 4, 'tier_2': 6, 'tier_3': 4, 'tier_4': 3}"
2024-03-22T07:00:00,1952,20,"{'tier_0': 2, 'tier_1': 5, 'tier_2': 6, 'tier_3': 4, 'tier_4': 3}"
2024-03-22T08:00:00,1953,20,"{'tier_0': 2, 'tier_1': 5, 'tier_2': 6, 'tier_3': 4, 'tier_4': 3}"
2024-03-22T09:00:00,1954,19,"{'tier_0': 1, 'tier_1': 5, 'tier_2': 5, 'tier_3': 4, 'tier_4': 4}"
2024-03-22T10:00:00,1955,21,"{'tier_0': 4, 'tier_1': 3, 'tier_2': 6, 'tier_3': 4, 'tier_4': 4}"
2024-03-22T11:00:00,1956,21,"{'tier_0': 2, 'tier_1': 4, 'tier_2': 6, 'tier_3': 5, 'tier_4': 4}"
2024-03-22T12:00:00,1957,20,"{'tier_0': 2, 'tier_1': 5, 'tier_2': 6, 'tier_3': 4, 'tier_4': 3}"
2024-03-22T13:00:00,1958,20,"{'tier_0': 2, 'tier_1': 4, 'tier_2': 6, 'tier_3': 4, 'tier_4': 4}"
2024-03-22T14:00:00,1959,20,"{'tier_0': 2, 'tier_1': 5, 'tier_2': 6, 'tier_3': 4, 'tier_4': 3}"
2024-03-22T15:00:00,1960,20,"{'tier_0': 2, 'tier_1': 4, 'tier_2': 6, 'tier_3': 4, 'tier_4': 4}"
2024-03-22T16:00:00,1961,20,"{'tier_0': 3, 'tier_1': 4, 'tier_2': 6, 'tier_3': 4, 'tier_4': 3}"
2024-03-22T17:00:00,1962,20,"{'tier_0': 2, 'tier_1': 4, 'tier_2': 6, 'tier_3': 4, 'tier_4': 4}"
2024-03-22T18:00:00,1963,20,"{'tier_0': 2, 'tier_1': 5, 'tier_2': 6, 'tier_3': 4, 'tier_4': 3}"
2024-03-22T19:00:00,1964,20,"{'tier_0': 2, 'tier_1': 5, 'tier_2': 6, 'tier_3': 4, 'tier_4': 3}"
2024-03-22T20:00:00,1965,18,"{'tier_0': 2, 'tier_1': 4, 'tier_2': 5, 'tier_3': 4, 'tier_4': 3}"
2024-03-22T21:00:00,1966,20,"{'tier_0': 2, 'tier_1': 5, 'tier_2': 6, 'tier_3': 4, 'tier_4': 3}"
2024-03-22T22:00:00,1967,18,"{'tier_0': 2, 'tier_1': 4, 'tier_2': 5, 'tier_3': 4, 'tier_4': 3}"
2024-03-22T23:00:00,1968,20,"{'tier_0': 2, 'tier_1': 5, 'tier_2': 6, 'tier_3': 4, 'tier_4': 3}"
2024-03-23T00:00:00,1969,21,"{'tier_0': 2, 'tier_1': 5, 'tier_2': 6, 'tier_3': 4, 'tier_4': 4}"
2024-03-23T01:00:00,1970,21,"{'tier_0': 4, 'tier_1': 3, 'tier_2': 6, 'tier_3': 4, 'tier_4': 4}"
2024-03-23T02:00:00,1971,20,"{'tier_0': 2, 'tier_1': 5, 'tier_2': 6, 'tier_3': 4, 'tier_4': 3}"
2024-03-23T03:00:00,1972,20,"{'tier_0': 2, 'tier_1': 4, 'tier_2': 6, 'tier_3': 4, 'tier_4': 4}"
2024-03-23T04:00:00,1973,21,"{'tier_0': 2, 'tier_1': 5, 'tier_2': 6, 'tier_3': 4, 'tier_4': 4}"
2024-03-23T05:00:00,1974,20,"{'tier_0': 3, 'tier_1': 3, 'tier_2': 6, 'tier_3': 4, 'tier_4': 4}"
2024-03-23T06:00:00,1975,20,"{'tier_0': 2, 'tier_1': 5, 'tier_2': 6, 'tier_3': 4, 'tier_4': 3}"
2024-03-23T07:00:00,1976,21,"{'tier_0': 2, 'tier_1': 5, 'tier_2': 6, 'tier_3': 4, 'tier_4': 4}"
2024-03-23T08:00:00,1977,21,"{'tier_0': 2, 'tier_1': 5, 'tier_2': 6, 'tier_3': 4, 'tier_4': 4}"
2024-03-23T09:00:00,1978,21,"{'tier_0': 2, 'tier_1': 4, 'tier_2': 6, 'tier_3': 4, 'tier_4': 5}"
2024-03-23T10:00:00,1979,20,"{'tier_0': 2, 'tier_1': 4, 'tier_2': 6, 'tier_3': 4, 'tier_4': 4}"
2024-03-23T11:00:00,1980,19,"{'tier_0': 2, 'tier_1': 4, 'tier_2': 5, 'tier_3': 4, 'tier_4': 4}"
2024-03-23T12:00:00,1981,20,"{'tier_0': 2, 'tier_1': 4, 'tier_2': 6, 'tier_3': 4, 'tier_4': 4}"
2024-03-23T13:00:00,1982,20,"{'tier_0': 2, 'tier_1': 4, 'tier_2': 6, 'tier_3': 4, 'tier_4': 4}"
2024-03-23T14:00:00,1983,20,"{'tier_0': 2, 'tier_1': 4, 'tier_2': 6, 'tier_3': 4, 'tier_4': 4}"
2024-03-23T15:00:00,1984,20,"{'tier_0': 3, 'tier_1': 4, 'tier_2': 6, 'tier_3': 4, 'tier_4': 3}"
2024-03-23T16:00:00,1985,20,"{'tier_0': 2, 'tier_1': 4, 'tier_2': 6, 'tier_3': 4, 'tier_4': 4}"
2024-03-23T17:00:00,1986,20,"{'tier_0': 3, 'tier_1': 4, 'tier_2': 6, 'tier_3': 4, 'tier_4': 3}"
2024-03-23T18:00:00,1987,19,"{'tier_0': 2, 'tier_1': 4, 'tier_2': 5, 'tier_3': 4, 'tier_4': 4}"
2024-03-23T19:00:00,1988,18,"{'tier_0': 2, 'tier_1': 4, 'tier_2': 5, 'tier_3': 4, 'tier_4': 3}"
2024-03-23T20:00:00,1989,20,"{'tier_0': 2, 'tier_1': 5, 'tier_2': 6, 'tier_3': 4, 'tier_4': 3}"
2024-03-23T21:00:00,1990,20,"{'tier_0': 2, 'tier_1': 5, 'tier_2': 6, 'tier_3': 4, 'tier_4': 3}"
2024-03-23T22:00:00,1991,20,"{'tier_0': 2, 'tier_1': 4, 'tier_2': 6, 'tier_3': 4, 'tier_4': 4}"
2024-03-23T23:00:00,1992,20,"{'tier_0': 2, 'tier_1': 4, 'tier_2': 6, 'tier_3': 4, 'tier_4': 4}"
2024-03-24T00:00:00,1993,20,"{'tier_0': 2, 'tier_1': 5, 'tier_2': 6, 'tier_3': 4, 'tier_4': 3}"
2024-03-24T01:00:00,1994,18,"{'tier_0': 2, 'tier_1': 4, 'tier_2': 5, 'tier_3': 4, 'tier_4': 3}"
2024-03-24T02:00:00,1995,20,"{'tier_0': 2, 'tier_1': 5, 'tier_2': 6, 'tier_3': 4, 'tier_4': 3}"
2024-03-24T03:00:00,1996,20,"{'tier_0': 2, 'tier_1': 4, 'tier_2': 6, 'tier_3': 4, 'tier_4': 4}"
2024-03-24T04:00:00,1997,20,"{'tier_0': 2, 'tier_1': 5, 'tier_2': 6, 'tier_3': 4, 'tier_4': 3}"
2024-03-24T05:00:00,1998,20,"{'tier_0': 2, 'tier_1': 5, 'tier_2': 6, 'tier_3': 4, 'tier_4': 3}"
2024-03-24T06:00:00,1999,20,"{'tier_0': 3, 'tier_1': 3, 'tier_2': 6, 'tier_3': 4, 'tier_4': 4}"
2024-03-24T07:00:00,2000,20,"{'tier_0': 2, 'tier_1': 5, 'tier_2': 6, 'tier_3': 4, 'tier_4': 3}"
2024-03-24T08:00:00,2001,21,"{'tier_0': 2, 'tier_1': 5, 'tier_2': 6, 'tier_3': 5, 'tier_4': 3}"
2024-03-24T09:00:00,2002,20,"{'tier_0': 2, 'tier_1': 5, 'tier_2': 6, 'tier_3': 4, 'tier_4': 3}"
2024-03-24T10:00:00,2003,20,"{'tier_0': 2, 'tier_1': 5, 'tier_2': 6, 'tier_3': 4, 'tier_4': 3}"
2024-03-24T11:00:00,2004,20,"{'tier_0': 2, 'tier_1': 5, 'tier_2': 6, 'tier_3': 4, 'tier_4': 3}"
2024-03-24T12:00:00,2005,19,"{'tier_0': 2, 'tier_1': 4, 'tier_2': 6, 'tier_3': 4, 'tier_4': 3}"
2024-03-24T13:00:00,2006,20,"{'tier_0': 2, 'tier_1': 4, 'tier_2': 6, 'tier_3': 4, 'tier_4': 4}"
2024-03-24T14:00:00,2007,21,"{'tier_0': 3, 'tier_1': 4, 'tier_2': 6, 'tier_3': 4, 'tier_4': 4}"
2024-03-24T15:00:00,2008,21,"{'tier_0': 2, 'tier_1': 5, 'tier_2': 6, 'tier_3': 4, 'tier_4': 4}"
2024-03-24T16:00:00,2009,19,"{'tier_0': 2, 'tier_1': 4, 'tier_2': 5, 'tier_3': 4, 'tier_4': 4}"
2024-03-24T17:00:00,2010,20,"{'tier_0': 2, 'tier_1': 4, 'tier_2': 6, 'tier_3': 4, 'tier_4': 4}"
2024-03-24T18:00:00,2011,19,"{'tier_0': 2, 'tier_1': 4, 'tier_2': 6, 'tier_3': 4, 'tier_4': 3}"
2024-03-24T19:00:00,2012,20,"{'tier_0': 2, 'tier_1': 5, 'tier_2': 6, 'tier_3': 4, 'tier_4': 3}"
2024-03-24T20:00:00,2013,20,"{'tier_0': 2, 'tier_1': 5, 'tier_2': 6, 'tier_3': 4, 'tier_4': 3}"
2024-03-24T21:00:00,2014,21,"{'tier_0': 3, 'tier_1': 4, 'tier_2': 6, 'tier_3': 4, 'tier_4': 4}"
2024-03-24T22:00:00,2015,20,"{'tier_0': 2, 'tier_1': 4, 'tier_2': 6, 'tier_3': 4, 'tier_4': 4}"
2024-03-24T23:00:00,2016,21,"{'tier_0': 2, 'tier_1': 5, 'tier_2': 6, 'tier_3': 4, 'tier_4': 4}"
2024-03-25T00:00:00,2017,21,"{'tier_0': 2, 'tier_1': 5, 'tier_2': 6, 'tier_3': 4, 'tier_4': 4}"
2024-03-25T01:00:00,2018,20,"{'tier_0': 3, 'tier_1': 4, 'tier_2': 6, 'tier_3': 4, 'tier_4': 3}"
2024-03-25T02:00:00,2019,20,"{'tier_0': 2, 'tier_1': 4, 'tier_2': 6, 'tier_3': 4, 'tier_4': 4}"
2024-03-25T03:00:00,2020,20,"{'tier_0': 2, 'tier_1': 4, 'tier_2': 6, 'tier_3': 4, 'tier_4': 4}"
2024-03-25T04:00:00,2021,20,"{'tier_0': 2, 'tier_1': 4, 'tier_2': 6, 'tier_3': 4, 'tier_4': 4}"
2024-03-25T05:00:00,2022,20,"{'tier_0': 2, 'tier_1': 5, 'tier_2': 6, 'tier_3': 4, 'tier_4': 3}"
2024-03-25T06:00:00,2023,20,"{'tier_0': 2, 'tier_1': 4, 'tier_2': 6, 'tier_3': 4, 'tier_4': 4}"
2024-03-25T07:00:00,2024,18,"{'tier_0': 2, 'tier_1': 4, 'tier_2': 5, 'tier_3': 4, 'tier_4': 3}"
2024-03-25T08:00:00,2025,19,"{'tier_0': 2, 'tier_1': 4, 'tier_2': 5, 'tier_3': 4, 'tier_4': 4}"
2024-03-25T09:00:00,2026,21,"{'tier_0': 2, 'tier_1': 4, 'tier_2': 6, 'tier_3': 5, 'tier_4': 4}"
2024-03-25T10:00:00,2027,20,"{'tier_0': 2, 'tier_1': 4, 'tier_2': 6, 'tier_3': 4, 'tier_4': 4}"
2024-03-25T11:00:00,2028,20,"{'tier_0': 2, 'tier_1': 5, 'tier_2': 6, 'tier_3': 4, 'tier_4': 3}"
2024-03-25T12:00:00,2029,20,"{'tier_0': 2, 'tier_1': 5, 'tier_2': 6, 'tier_3': 4, 'tier_4': 3}"
2024-03-25T13:00:00,2030,20,"{'tier_0': 2, 'tier_1': 4, 'tier_2': 6, 'tier_3': 4, 'tier_4': 4}"
2024-03-25T14:00:00,2031,20,"{'tier_0': 2, 'tier_1': 4, 'tier_2': 6, 'tier_3': 4, 'tier_4': 4}"
2024-03-25T15:00:00,2032,21,"{'tier_0': 2, 'tier_1': 5, 'tier_2': 6, 'tier_3': 4, 'tier_4': 4}"
2024-03-25T16:00:00,2033,21,"{'tier_0': 3, 'tier_1': 4, 'tier_2': 6, 'tier_3': 4, 'tier_4': 4}"
2024-03-25T17:00:00,2034,20,"{'tier_0': 3, 'tier_1': 3, 'tier_2': 6, 'tier_3': 4, 'tier_4': 4}"
2024-03-25T18:00:00,2035,20,"{'tier_0': 2, 'tier_1': 4, 'tier_2': 6, 'tier_3': 4, 'tier_4': 4}"
2024-03-25T19:00:00,2036,20,"{'tier_0': 2, 'tier_1': 5, 'tier_2': 6, 'tier_3': 4, 'tier_4': 3}"
2024-03-25T20:00:00,2037,20,"{'tier_0': 3, 'tier_1': 4, 'tier_2': 6, 'tier_3': 4, 'tier_4': 3}"
2024-03-25T21:00:00,2038,20,"{'tier_0': 3, 'tier_1': 4, 'tier_2': 6, 'tier_3': 4, 'tier_4': 3}"
2024-03-25T22:00:00,2039,20,"{'tier_0': 2, 'tier_1': 4, 'tier_2': 6, 'tier_3': 4, 'tier_4': 4}"
2024-03-25T23:00:00,2040,20,"{'tier_0': 2, 'tier_1': 5, 'tier_2': 6, 'tier_3': 4, 'tier_4': 3}"
2024-03-26T00:00:00,2041,20,"{'tier_0': 2, 'tier_1': 4, 'tier_2': 6, 'tier_3': 4, 'tier_4': 4}"
2024-03-26T01:00:00,2042,21,"{'tier_0': 2, 'tier_1': 5, 'tier_2': 6, 'tier_3': 4, 'tier_4': 4}"
2024-03-26T02:00:00,2043,20,"{'tier_0': 2, 'tier_1': 4, 'tier_2': 6, 'tier_3': 4, 'tier_4': 4}"
2024-03-26T03:00:00,2044,20,"{'tier_0': 2, 'tier_1': 5, 'tier_2': 6, 'tier_3': 4, 'tier_4': 3}"
2024-03-26T04:00:00,2045,20,"{'tier_0': 2, 'tier_1': 5, 'tier_2': 6, 'tier_3': 4, 'tier_4': 3}"
2024-03-26T05:00:00,2046,20,"{'tier_0': 2, 'tier_1': 4, 'tier_2': 6, 'tier_3': 4, 'tier_4': 4}"
2024-03-26T06:00:00,2047,20,"{'tier_0': 2, 'tier_1': 4, 'tier_2': 6, 'tier_3': 4, 'tier_4': 4}"
2024-03-26T07:00:00,2048,20,"{'tier_0': 2, 'tier_1': 5, 'tier_2': 6, 'tier_3': 4, 'tier_4': 3}"
2024-03-26T08:00:00,2049,18,"{'tier_0': 2, 'tier_1': 4, 'tier_2': 5, 'tier_3': 4, 'tier_4': 3}"
2024-03-26T09:00:00,2050,21,"{'tier_0': 2, 'tier_1': 5, 'tier_2': 6, 'tier_3': 4, 'tier_4': 4}"
2024-03-26T10:00:00,2051,20,"{'tier_0': 3, 'tier_1': 4, 'tier_2': 6, 'tier_3': 4, 'tier_4': 3}"
2024-03-26T11:00:00,2052,20,"{'tier_0': 2, 'tier_1': 4, 'tier_2': 6, 'tier_3': 4, 'tier_4': 4}"
2024-03-26T12:00:00,2053,19,"{'tier_0': 2, 'tier_1': 4, 'tier_2': 6, 'tier_3': 4, 'tier_4': 3}"
2024-03-26T13:00:00,2054,18,"{'tier_0': 2, 'tier_1': 4, 'tier_2': 5, 'tier_3': 4, 'tier_4': 3}"
2024-03-26T14:00:00,2055,20,"{'tier_0': 2, 'tier_1': 5, 'tier_2': 6, 'tier_3': 4, 'tier_4': 3}"
2024-03-26T15:00:00,2056,20,"{'tier_0': 2, 'tier_1': 5, 'tier_2': 6, 'tier_3': 4, 'tier_4': 3}"
2024-03-26T16:00:00,2057,20,"{'tier_0': 2, 'tier_1': 4, 'tier_2': 6, 'tier_3': 4, 'tier_4': 4}"
2024-03-26T17:00:00,2058,20,"{'tier_0': 2, 'tier_1': 4, 'tier_2': 5, 'tier_3': 5, 'tier_4': 4}"
2024-03-26T18:00:00,2059,20,"{'tier_0': 2, 'tier_1': 5, 'tier_2': 6, 'tier_3': 4, 'tier_4': 3}"
2024-03-26T19:00:00,2060,20,"{'tier_0': 2, 'tier_1': 4, 'tier_2': 6, 'tier_3': 4, 'tier_4': 4}"
2024-03-26T20:00:00,2061,20,"{'tier_0': 2, 'tier_1': 4, 'tier_2': 6, 'tier_3': 4, 'tier_4': 4}"
2024-03-26T21:00:00,2062,20,"{'tier_0': 2, 'tier_1': 4, 'tier_2': 6, 'tier_3': 4, 'tier_4': 4}"
2024-03-26T22:00:00,2063,20,"{'tier_0': 2, 'tier_1': 5, 'tier_2': 6, 'tier_3': 4, 'tier_4': 3}"
2024-03-26T23:00:00,2064,19,"{'tier_0': 2, 'tier_1': 4, 'tier_2': 6, 'tier_3': 4, 'tier_4': 3}"
2024-03-27T00:00:00,2065,20,"{'tier_0': 2, 'tier_1': 4, 'tier_2': 6, 'tier_3': 4, 'tier_4': 4}"
2024-03-27T01:00:00,2066,20,"{'tier_0': 2, 'tier_1': 5, 'tier_2': 6, 'tier_3': 4, 'tier_4': 3}"
2024-03-27T02:00:00,2067,20,"{'tier_0': 3, 'tier_1': 4, 'tier_2': 6, 'tier_3': 4, 'tier_4': 3}"
2024-03-27T03:00:00,2068,20,"{'tier_0': 2, 'tier_1': 4, 'tier_2': 6, 'tier_3': 4, 'tier_4': 4}"
2024-03-27T04:00:00,2069,21,"{'tier_0': 2, 'tier_1': 5, 'tier_2': 6, 'tier_3': 4, 'tier_4': 4}"
2024-03-27T05:00:00,2070,20,"{'tier_0': 3, 'tier_1': 4, 'tier_2': 6, 'tier_3': 4, 'tier_4': 3}"
2024-03-27T06:00:00,2071,20,"{'tier_0': 2, 'tier_1': 5, 'tier_2': 6, 'tier_3': 4, 'tier_4': 3}"
2024-03-27T07:00:00,2072,19,"{'tier_0': 2, 'tier_1': 4, 'tier_2': 5, 'tier_3': 4, 'tier_4': 4}"
2024-03-27T08:00:00,2073,19,"{'tier_0': 2, 'tier_1': 4, 'tier_2': 6, 'tier_3': 4, 'tier_4': 3}"
2024-03-27T09:00:00,2074,20,"{'tier_0': 2, 'tier_1': 4, 'tier_2': 6, 'tier_3': 4, 'tier_4': 4}"
2024-03-27T10:00:00,2075,20,"{'tier_0': 2, 'tier_1': 5, 'tier_2': 6, 'tier_3': 4, 'tier_4': 3}"
2024-03-27T11:00:00,2076,20,"{'tier_0': 2, 'tier_1': 5, 'tier_2': 6, 'tier_3': 4, 'tier_4': 3}"
2024-03-27T12:00:00,2077,18,"{'tier_0': 2, 'tier_1': 4, 'tier_2': 5, 'tier_3': 4, 'tier_4': 3}"
2024-03-27T13:00:00,2078,20,"{'tier_0': 2, 'tier_1': 4, 'tier_2': 6, 'tier_3': 4, 'tier_4': 4}"
2024-03-27T14:00:00,2079,20,"{'tier_0': 2, 'tier_1': 5, 'tier_2': 6, 'tier_3': 4, 'tier_4': 3}"
2024-03-27T15:00:00,2080,20,"{'tier_0': 2, 'tier_1': 4, 'tier_2': 6, 'tier_3': 4, 'tier_4': 4}"
2024-03-27T16:00:00,2081,20,"{'tier_0': 3, 'tier_1': 4, 'tier_2': 6, 'tier_3': 4, 'tier_4': 3}"
2024-03-27T17:00:00,2082,20,"{'tier_0': 2, 'tier_1': 4, 'tier_2': 6, 'tier_3': 4, 'tier_4': 4}"
2024-03-27T18:00:00,2083,20,"{'tier_0': 2, 'tier_1': 5, 'tier_2': 6, 'tier_3': 4, 'tier_4': 3}"
2024-03-27T19:00:00,2084,18,"{'tier_0': 2, 'tier_1': 4, 'tier_2': 5, 'tier_3': 4, 'tier_4': 3}"
2024-03-27T20:00:00,2085,20,"{'tier_0': 2, 'tier_1': 4, 'tier_2': 6, 'tier_3': 4, 'tier_4': 4}"
2024-03-27T21:00:00,2086,18,"{'tier_0': 2, 'tier_1': 4, 'tier_2': 5, 'tier_3': 4, 'tier_4': 3}"
2024-03-27T22:00:00,2087,20,"{'tier_0': 2, 'tier_1': 5, 'tier_2': 6, 'tier_3': 4, 'tier_4': 3}"
2024-03-27T23:00:00,2088,18,"{'tier_0': 2, 'tier_1': 4, 'tier_2': 5, 'tier_3': 4, 'tier_4': 3}"
2024-03-28T00:00:00,2089,18,"{'tier_0': 3, 'tier_1': 3, 'tier_2': 5, 'tier_3': 4, 'tier_4': 3}"
2024-03-28T01:00:00,2090,20,"{'tier_0': 2, 'tier_1': 4, 'tier_2': 6, 'tier_3': 4, 'tier_4': 4}"
2024-03-28T02:00:00,2091,19,"{'tier_0': 2, 'tier_1': 4, 'tier_2': 5, 'tier_3': 4, 'tier_4': 4}"
2024-03-28T03:00:00,2092,20,"{'tier_0': 2, 'tier_1': 4, 'tier_2': 6, 'tier_3': 4, 'tier_4': 4}"
2024-03-28T04:00:00,2093,21,"{'tier_0': 2, 'tier_1': 5, 'tier_2': 6, 'tier_3': 4, 'tier_4': 4}"
2024-03-28T05:00:00,2094,20,"{'tier_0': 3, 'tier_1': 4, 'tier_2': 6, 'tier_3': 4, 'tier_4': 3}"
2024-03-28T06:00:00,2095,20,"{'tier_0': 2, 'tier_1': 5, 'tier_2': 6, 'tier_3': 4, 'tier_4': 3}"
2024-03-28T07:00:00,2096,21,"{'tier_0': 2, 'tier_1': 5, 'tier_2': 6, 'tier_3': 4, 'tier_4': 4}"
2024-03-28T08:00:00,2097,20,"{'tier_0': 2, 'tier_1': 4, 'tier_2': 6, 'tier_3': 4, 'tier_4': 4}"
2024-03-28T09:00:00,2098,20,"{'tier_0': 2, 'tier_1': 5, 'tier_2': 6, 'tier_3': 4, 'tier_4': 3}"
2024-03-28T10:00:00,2099,20,"{'tier_0': 3, 'tier_1': 3, 'tier_2': 6, 'tier_3': 4, 'tier_4': 4}"
2024-03-28T11:00:00,2100,21,"{'tier_0': 2, 'tier_1': 5, 'tier_2': 6, 'tier_3': 4, 'tier_4': 4}"
2024-03-28T12:00:00,2101,21,"{'tier_0': 3, 'tier_1': 4, 'tier_2': 6, 'tier_3': 4, 'tier_4': 4}"
2024-03-28T13:00:00,2102,20,"{'tier_0': 2, 'tier_1': 5, 'tier_2': 6, 'tier_3': 4, 'tier_4': 3}"
2024-03-28T14:00:00,2103,18,"{'tier_0': 2, 'tier_1': 4, 'tier_2': 5, 'tier_3': 4, 'tier_4': 3}"
2024-03-28T15:00:00,2104,21,"{'tier_0': 2, 'tier_1': 5, 'tier_2': 6, 'tier_3': 4, 'tier_4': 4}"
2024-03-28T16:00:00,2105,20,"{'tier_0': 2, 'tier_1': 4, 'tier_2': 6, 'tier_3': 4, 'tier_4': 4}"
2024-03-28T17:00:00,2106,19,"{'tier_0': 2, 'tier_1': 4, 'tier_2': 6, 'tier_3': 4, 'tier_4': 3}"
2024-03-28T18:00:00,2107,20,"{'tier_0': 2, 'tier_1': 5, 'tier_2': 6, 'tier_3': 4, 'tier_4': 3}"
2024-03-28T19:00:00,2108,20,"{'tier_0': 3, 'tier_1': 4, 'tier_2': 6, 'tier_3': 4, 'tier_4': 3}"
2024-03-28T20:00:00,2109,20,"{'tier_0': 2, 'tier_1': 4, 'tier_2': 6, 'tier_3': 4, 'tier_4': 4}"
2024-03-28T21:00:00,2110,21,"{'tier_0': 2, 'tier_1': 4, 'tier_2': 6, 'tier_3': 5, 'tier_4': 4}"
2024-03-28T22:00:00,2111,18,"{'tier_0': 2, 'tier_1': 4, 'tier_2': 5, 'tier_3': 4, 'tier_4': 3}"
2024-03-28T23:00:00,2112,20,"{'tier_0': 3, 'tier_1': 4, 'tier_2': 6, 'tier_3': 4, 'tier_4': 3}"
2024-03-29T00:00:00,2113,20,"{'tier_0': 2, 'tier_1': 5, 'tier_2': 6, 'tier_3': 4, 'tier_4': 3}"
2024-03-29T01:00:00,2114,20,"{'tier_0': 2, 'tier_1': 4, 'tier_2': 6, 'tier_3': 4, 'tier_4': 4}"
2024-03-29T02:00:00,2115,19,"{'tier_0': 2, 'tier_1': 4, 'tier_2': 5, 'tier_3': 4, 'tier_4': 4}"
2024-03-29T03:00:00,2116,21,"{'tier_0': 2, 'tier_1': 5, 'tier_2': 6, 'tier_3': 4, 'tier_4': 4}"
2024-03-29T04:00:00,2117,21,"{'tier_0': 2, 'tier_1': 4, 'tier_2': 6, 'tier_3': 5, 'tier_4': 4}"
2024-03-29T05:00:00,2118,20,"{'tier_0': 2, 'tier_1': 4, 'tier_2': 6, 'tier_3': 4, 'tier_4': 4}"
2024-03-29T06:00:00,2119,19,"{'tier_0': 2, 'tier_1': 4, 'tier_2': 5, 'tier_3': 4, 'tier_4': 4}"
2024-03-29T07:00:00,2120,20,"{'tier_0': 2, 'tier_1': 4, 'tier_2': 6, 'tier_3': 4, 'tier_4': 4}"
2024-03-29T08:00:00,2121,20,"{'tier_0': 2, 'tier_1': 4, 'tier_2': 6, 'tier_3': 4, 'tier_4': 4}"
2024-03-29T09:00:00,2122,20,"{'tier_0': 2, 'tier_1': 4, 'tier_2': 6, 'tier_3': 4, 'tier_4': 4}"
2024-03-29T10:00:00,2123,19,"{'tier_0': 2, 'tier_1': 4, 'tier_2': 5, 'tier_3': 4, 'tier_4': 4}"
2024-03-29T11:00:00,2124,21,"{'tier_0': 3, 'tier_1': 4, 'tier_2': 6, 'tier_3': 4, 'tier_4': 4}"
2024-03-29T12:00:00,2125,20,"{'tier_0': 2, 'tier_1': 5, 'tier_2': 6, 'tier_3': 4, 'tier_4': 3}"
2024-03-29T13:00:00,2126,20,"{'tier_0': 2, 'tier_1': 5, 'tier_2': 6, 'tier_3': 4, 'tier_4': 3}"
2024-03-29T14:00:00,2127,21,"{'tier_0': 2, 'tier_1': 4, 'tier_2': 6, 'tier_3': 4, 'tier_4': 5}"
2024-03-29T15:00:00,2128,19,"{'tier_0': 1, 'tier_1': 5, 'tier_2': 5, 'tier_3': 4, 'tier_4': 4}"
2024-03-29T16:00:00,2129,21,"{'tier_0': 2, 'tier_1': 4, 'tier_2': 6, 'tier_3': 5, 'tier_4': 4}"
2024-03-29T17:00:00,2130,20,"{'tier_0': 4, 'tier_1': 3, 'tier_2': 6, 'tier_3': 4, 'tier_4': 3}"
2024-03-29T18:00:00,2131,20,"{'tier_0': 2, 'tier_1': 5, 'tier_2': 6, 'tier_3': 4, 'tier_4': 3}"
2024-03-29T19:00:00,2132,20,"{'tier_0': 3, 'tier_1': 4, 'tier_2': 6, 'tier_3': 4, 'tier_4': 3}"
2024-03-29T20:00:00,2133,20,"{'tier_0': 2, 'tier_1': 4, 'tier_2': 6, 'tier_3': 4, 'tier_4': 4}"
2024-03-29T21:00:00,2134,21,"{'tier_0': 3, 'tier_1': 4, 'tier_2': 6, 'tier_3': 4, 'tier_4': 4}"
2024-03-29T22:00:00,2135,20,"{'tier_0': 2, 'tier_1': 5, 'tier_2': 6, 'tier_3': 4, 'tier_4': 3}"
2024-03-29T23:00:00,2136,20,"{'tier_0': 2, 'tier_1': 4, 'tier_2': 6, 'tier_3': 4, 'tier_4': 4}"
2024-03-30T00:00:00,2137,20,"{'tier_0': 2, 'tier_1': 5, 'tier_2': 6, 'tier_3': 4, 'tier_4': 3}"
2024-03-30T01:00:00,2138,20,"{'tier_0': 2, 'tier_1': 5, 'tier_2': 6, 'tier_3': 4, 'tier_4': 3}"
2024-03-30T02:00:00,2139,20,"{'tier_0': 2, 'tier_1': 4, 'tier_2': 6, 'tier_3': 4, 'tier_4': 4}"
2024-03-30T03:00:00,2140,21,"{'tier_0': 2, 'tier_1': 5, 'tier_2': 6, 'tier_3': 4, 'tier_4': 4}"
2024-03-30T04:00:00,2141,21,"{'tier_0': 3, 'tier_1': 4, 'tier_2': 6, 'tier_3': 4, 'tier_4': 4}"
2024-03-30T05:00:00,2142,20,"{'tier_0': 2, 'tier_1': 5, 'tier_2': 6, 'tier_3': 4, 'tier_4': 3}"
2024-03-30T06:00:00,2143,20,"{'tier_0': 3, 'tier_1': 3, 'tier_2': 6, 'tier_3': 4, 'tier_4': 4}"
2024-03-30T07:00:00,2144,20,"{'tier_0': 2, 'tier_1': 5, 'tier_2': 6, 'tier_3': 4, 'tier_4': 3}"
2024-03-30T08:00:00,2145,20,"{'tier_0': 2, 'tier_1': 5, 'tier_2': 6, 'tier_3': 4, 'tier_4': 3}"
2024-03-30T09:00:00,2146,20,"{'tier_0': 3, 'tier_1': 3, 'tier_2': 6, 'tier_3': 4, 'tier_4': 4}"
2024-03-30T10:00:00,2147,20,"{'tier_0': 2, 'tier_1': 5, 'tier_2': 6, 'tier_3': 4, 'tier_4': 3}"
2024-03-30T11:00:00,2148,21,"{'tier_0': 2, 'tier_1': 5, 'tier_2': 6, 'tier_3': 4, 'tier_4': 4}"
2024-03-30T12:00:00,2149,18,"{'tier_0': 2, 'tier_1': 4, 'tier_2': 5, 'tier_3': 4, 'tier_4': 3}"
2024-03-30T13:00:00,2150,20,"{'tier_0': 2, 'tier_1': 4, 'tier_2': 6, 'tier_3': 4, 'tier_4': 4}"
2024-03-30T14:00:00,2151,20,"{'tier_0': 2, 'tier_1': 5, 'tier_2': 6, 'tier_3': 4, 'tier_4': 3}"
2024-03-30T15:00:00,2152,20,"{'tier_0': 3, 'tier_1': 3, 'tier_2': 6, 'tier_3': 4, 'tier_4': 4}"
2024-03-30T16:00:00,2153,19,"{'tier_0': 3, 'tier_1': 3, 'tier_2': 5, 'tier_3': 4, 'tier_4': 4}"
2024-03-30T17:00:00,2154,20,"{'tier_0': 2, 'tier_1': 4, 'tier_2': 6, 'tier_3': 4, 'tier_4': 4}"
2024-03-30T18:00:00,2155,20,"{'tier_0': 3, 'tier_1': 4, 'tier_2': 6, 'tier_3': 4, 'tier_4': 3}"
2024-03-30T19:00:00,2156,19,"{'tier_0': 2, 'tier_1': 4, 'tier_2': 6, 'tier_3': 4, 'tier_4': 3}"
2024-03-30T20:00:00,2157,20,"{'tier_0': 2, 'tier_1': 5, 'tier_2': 6, 'tier_3': 4, 'tier_4': 3}"
2024-03-30T21:00:00,2158,20,"{'tier_0': 2, 'tier_1': 4, 'tier_2': 6, 'tier_3': 4, 'tier_4': 4}"
2024-03-30T22:00:00,2159,20,"{'tier_0': 2, 'tier_1': 4, 'tier_2': 6, 'tier_3': 4, 'tier_4': 4}"
2024-03-30T23:00:00,2160,20,"{'tier_0': 2, 'tier_1': 5, 'tier_2': 6, 'tier_3': 4, 'tier_4': 3}"
2024-03-31T00:00:00,2161,19,"{'tier_0': 3, 'tier_1': 3, 'tier_2': 5, 'tier_3': 4, 'tier_4': 4}"
2024-03-31T01:00:00,2162,20,"{'tier_0': 2, 'tier_1': 5, 'tier_2': 6, 'tier_3': 4, 'tier_4': 3}"
2024-03-31T02:00:00,2163,21,"{'tier_0': 2, 'tier_1': 4, 'tier_2': 6, 'tier_3': 5, 'tier_4': 4}"
2024-03-31T03:00:00,2164,21,"{'tier_0': 2, 'tier_1': 4, 'tier_2': 6, 'tier_3': 4, 'tier_4': 5}"
2024-03-31T04:00:00,2165,20,"{'tier_0': 2, 'tier_1': 4, 'tier_2': 6, 'tier_3': 4, 'tier_4': 4}"
2024-03-31T05:00:00,2166,20,"{'tier_0': 2, 'tier_1': 5, 'tier_2': 6, 'tier_3': 4, 'tier_4': 3}"
2024-03-31T06:00:00,2167,19,"{'tier_0': 2, 'tier_1': 4, 'tier_2': 5, 'tier_3': 4, 'tier_4': 4}"
2024-03-31T07:00:00,2168,20,"{'tier_0': 2, 'tier_1': 5, 'tier_2': 6, 'tier_3': 4, 'tier_4': 3}"
2024-03-31T08:00:00,2169,20,"{'tier_0': 2, 'tier_1': 5, 'tier_2': 6, 'tier_3': 4, 'tier_4': 3}"
2024-03-31T09:00:00,2170,20,"{'tier_0': 2, 'tier_1': 5, 'tier_2': 6, 'tier_3': 4, 'tier_4': 3}"
2024-03-31T10:00:00,2171,21,"{'tier_0': 2, 'tier_1': 5, 'tier_2': 6, 'tier_3': 4, 'tier_4': 4}"
2024-03-31T11:00:00,2172,21,"{'tier_0': 2, 'tier_1': 5, 'tier_2': 6, 'tier_3': 4, 'tier_4': 4}"
2024-03-31T12:00:00,2173,18,"{'tier_0': 2, 'tier_1': 4, 'tier_2': 5, 'tier_3': 4, 'tier_4': 3}"
2024-03-31T13:00:00,2174,19,"{'tier_0': 3, 'tier_1': 3, 'tier_2': 5, 'tier_3': 4, 'tier_4': 4}"
2024-03-31T14:00:00,2175,21,"{'tier_0': 2, 'tier_1': 5, 'tier_2': 6, 'tier_3': 4, 'tier_4': 4}"
2024-03-31T15:00:00,2176,19,"{'tier_0': 2, 'tier_1': 4, 'tier_2': 5, 'tier_3': 4, 'tier_4': 4}"
2024-03-31T16:00:00,2177,20,"{'tier_0': 3, 'tier_1': 4, 'tier_2': 6, 'tier_3': 4, 'tier_4': 3}"
2024-03-31T17:00:00,2178,19,"{'tier_0': 2, 'tier_1': 4, 'tier_2': 5, 'tier_3': 4, 'tier_4': 4}"
2024-03-31T18:00:00,2179,21,"{'tier_0': 2, 'tier_1': 5, 'tier_2': 6, 'tier_3': 4, 'tier_4': 4}"
2024-03-31T19:00:00,2180,20,"{'tier_0': 2, 'tier_1': 5, 'tier_2': 6, 'tier_3': 4, 'tier_4': 3}"
2024-03-31T20:00:00,2181,20,"{'tier_0': 2, 'tier_1': 5, 'tier_2': 6, 'tier_3': 4, 'tier_4': 3}"
2024-03-31T21:00:00,2182,20,"{'tier_0': 2, 'tier_1': 5, 'tier_2': 6, 'tier_3': 4, 'tier_4': 3}"
2024-03-31T22:00:00,2183,20,"{'tier_0': 2, 'tier_1': 4, 'tier_2': 6, 'tier_3': 4, 'tier_4': 4}"
2024-03-31T23:00:00,2184,18,"{'tier_0': 2, 'tier_1': 4, 'tier_2': 5, 'tier_3': 4, 'tier_4': 3}"
2024-04-01T00:00:00,2185,20,"{'tier_0': 3, 'tier_1': 4, 'tier_2': 6, 'tier_3': 4, 'tier_4': 3}"
2024-04-01T01:00:00,2186,20,"{'tier_0': 2, 'tier_1': 5, 'tier_2': 6, 'tier_3': 4, 'tier_4': 3}"
2024-04-01T02:00:00,2187,19,"{'tier_0': 2, 'tier_1': 4, 'tier_2': 5, 'tier_3': 4, 'tier_4': 4}"
2024-04-01T03:00:00,2188,20,"{'tier_0': 2, 'tier_1': 5, 'tier_2': 6, 'tier_3': 4, 'tier_4': 3}"
2024-04-01T04:00:00,2189,20,"{'tier_0': 2, 'tier_1': 4, 'tier_2': 6, 'tier_3': 4, 'tier_4': 4}"
2024-04-01T05:00:00,2190,20,"{'tier_0': 2, 'tier_1': 4, 'tier_2': 6, 'tier_3': 4, 'tier_4': 4}"
2024-04-01T06:00:00,2191,20,"{'tier_0': 2, 'tier_1': 5, 'tier_2': 6, 'tier_3': 4, 'tier_4': 3}"
2024-04-01T07:00:00,2192,20,"{'tier_0': 2, 'tier_1': 4, 'tier_2': 6, 'tier_3': 4, 'tier_4': 4}"
2024-04-01T08:00:00,2193,20,"{'tier_0': 2, 'tier_1': 5, 'tier_2': 6, 'tier_3': 4, 'tier_4': 3}"
2024-04-01T09:00:00,2194,20,"{'tier_0': 2, 'tier_1': 5, 'tier_2': 6, 'tier_3': 4, 'tier_4': 3}"
2024-04-01T10:00:00,2195,20,"{'tier_0': 2, 'tier_1': 4, 'tier_2': 6, 'tier_3': 4, 'tier_4': 4}"
2024-04-01T11:00:00,2196,20,"{'tier_0': 2, 'tier_1': 4, 'tier_2': 6, 'tier_3': 4, 'tier_4': 4}"
2024-04-01T12:00:00,2197,20,"{'tier_0': 2, 'tier_1': 5, 'tier_2': 6, 'tier_3': 4, 'tier_4': 3}"
2024-04-01T13:00:00,2198,20,"{'tier_0': 2, 'tier_1': 5, 'tier_2': 6, 'tier_3': 4, 'tier_4': 3}"
2024-04-01T14:00:00,2199,20,"{'tier_0': 2, 'tier_1': 4, 'tier_2': 6, 'tier_3': 4, 'tier_4': 4}"
2024-04-01T15:00:00,2200,20,"{'tier_0': 2, 'tier_1': 4, 'tier_2': 6, 'tier_3': 4, 'tier_4': 4}"
2024-04-01T16:00:00,2201,20,"{'tier_0': 2, 'tier_1': 4, 'tier_2': 6, 'tier_3': 4, 'tier_4': 4}"
2024-04-01T17:00:00,2202,20,"{'tier_0': 2, 'tier_1': 4, 'tier_2': 6, 'tier_3': 4, 'tier_4': 4}"
2024-04-01T18:00:00,2203,20,"{'tier_0': 2, 'tier_1': 5, 'tier_2': 6, 'tier_3': 4, 'tier_4': 3}"
2024-04-01T19:00:00,2204,19,"{'tier_0': 2, 'tier_1': 4, 'tier_2': 5, 'tier_3': 4, 'tier_4': 4}"
2024-04-01T20:00:00,2205,20,"{'tier_0': 2, 'tier_1': 4, 'tier_2': 6, 'tier_3': 4, 'tier_4': 4}"
2024-04-01T21:00:00,2206,21,"{'tier_0': 2, 'tier_1': 4, 'tier_2': 6, 'tier_3': 5, 'tier_4': 4}"
2024-04-01T22:00:00,2207,20,"{'tier_0': 3, 'tier_1': 4, 'tier_2': 6, 'tier_3': 4, 'tier_4': 3}"
2024-04-01T23:00:00,2208,20,"{'tier_0': 2, 'tier_1': 5, 'tier_2': 6, 'tier_3': 4, 'tier_4': 3}"
2024-04-02T00:00:00,2209,19,"{'tier_0': 2, 'tier_1': 4, 'tier_2': 6, 'tier_3': 4, 'tier_4': 3}"
2024-04-02T01:00:00,2210,20,"{'tier_0': 2, 'tier_1': 4, 'tier_2': 6, 'tier_3': 4, 'tier_4': 4}"
2024-04-02T02:00:00,2211,20,"{'tier_0': 2, 'tier_1': 5, 'tier_2': 6, 'tier_3': 4, 'tier_4': 3}"
2024-04-02T03:00:00,2212,20,"{'tier_0': 2, 'tier_1': 5, 'tier_2': 6, 'tier_3': 4, 'tier_4': 3}"
2024-04-02T04:00:00,2213,21,"{'tier_0': 2, 'tier_1': 5, 'tier_2': 6, 'tier_3': 5, 'tier_4': 3}"
2024-04-02T05:00:00,2214,18,"{'tier_0': 2, 'tier_1': 4, 'tier_2': 5, 'tier_3': 4, 'tier_4': 3}"
2024-04-02T06:00:00,2215,20,"{'tier_0': 2, 'tier_1': 5, 'tier_2': 6, 'tier_3': 4, 'tier_4': 3}"
2024-04-02T07:00:00,2216,20,"{'tier_0': 3, 'tier_1': 4, 'tier_2': 6, 'tier_3': 4, 'tier_4': 3}"
2024-04-02T08:00:00,2217,20,"{'tier_0': 3, 'tier_1': 4, 'tier_2': 6, 'tier_3': 4, 'tier_4': 3}"
2024-04-02T09:00:00,2218,20,"{'tier_0': 2, 'tier_1': 4, 'tier_2': 6, 'tier_3': 4, 'tier_4': 4}"
2024-04-02T10:00:00,2219,20,"{'tier_0': 3, 'tier_1': 4, 'tier_2': 6, 'tier_3': 4, 'tier_4': 3}"
2024-04-02T11:00:00,2220,19,"{'tier_0': 1, 'tier_1': 5, 'tier_2': 5, 'tier_3': 4, 'tier_4': 4}"
2024-04-02T12:00:00,2221,21,"{'tier_0': 2, 'tier_1': 5, 'tier_2': 6, 'tier_3': 4, 'tier_4': 4}"
2024-04-02T13:00:00,2222,18,"{'tier_0': 2, 'tier_1': 4, 'tier_2': 5, 'tier_3': 4, 'tier_4': 3}"
2024-04-02T14:00:00,2223,18,"{'tier_0': 2, 'tier_1': 4, 'tier_2': 5, 'tier_3': 4, 'tier_4': 3}"
2024-04-02T15:00:00,2224,21,"{'tier_0': 2, 'tier_1': 5, 'tier_2': 6, 'tier_3': 4, 'tier_4': 4}"
2024-04-02T16:00:00,2225,20,"{'tier_0': 2, 'tier_1': 5, 'tier_2': 6, 'tier_3': 4, 'tier_4': 3}"
2024-04-02T17:00:00,2226,21,"{'tier_0': 3, 'tier_1': 4, 'tier_2': 6, 'tier_3': 4, 'tier_4': 4}"
2024-04-02T18:00:00,2227,18,"{'tier_0': 2, 'tier_1': 4, 'tier_2': 5, 'tier_3': 4, 'tier_4': 3}"
2024-04-02T19:00:00,2228,19,"{'tier_0': 2, 'tier_1': 4, 'tier_2': 5, 'tier_3': 4, 'tier_4': 4}"
2024-04-02T20:00:00,2229,19,"{'tier_0': 2, 'tier_1': 4, 'tier_2': 6, 'tier_3': 4, 'tier_4': 3}"
2024-04-02T21:00:00,2230,19,"{'tier_0': 1, 'tier_1': 5, 'tier_2': 5, 'tier_3': 4, 'tier_4': 4}"
2024-04-02T22:00:00,2231,18,"{'tier_0': 2, 'tier_1': 4, 'tier_2': 5, 'tier_3': 4, 'tier_4': 3}"
2024-04-02T23:00:00,2232,20,"{'tier_0': 2, 'tier_1': 4, 'tier_2': 6, 'tier_3': 4, 'tier_4': 4}"
2024-04-03T00:00:00,2233,21,"{'tier_0': 2, 'tier_1': 5, 'tier_2': 6, 'tier_3': 4, 'tier_4': 4}"
2024-04-03T01:00:00,2234,20,"{'tier_0': 2, 'tier_1': 4, 'tier_2': 6, 'tier_3': 4, 'tier_4': 4}"
2024-04-03T02:00:00,2235,20,"{'tier_0': 2, 'tier_1': 4, 'tier_2': 6, 'tier_3': 4, 'tier_4': 4}"
2024-04-03T03:00:00,2236,20,"{'tier_0': 2, 'tier_1': 4, 'tier_2': 6, 'tier_3': 4, 'tier_4': 4}"
2024-04-03T04:00:00,2237,19,"{'tier_0': 2, 'tier_1': 4, 'tier_2': 5, 'tier_3': 4, 'tier_4': 4}"
2024-04-03T05:00:00,2238,20,"{'tier_0': 2, 'tier_1': 5, 'tier_2': 6, 'tier_3': 4, 'tier_4': 3}"
2024-04-03T06:00:00,2239,18,"{'tier_0': 2, 'tier_1': 4, 'tier_2': 5, 'tier_3': 4, 'tier_4': 3}"
2024-04-03T07:00:00,2240,19,"{'tier_0': 2, 'tier_1': 4, 'tier_2': 6, 'tier_3': 4, 'tier_4': 3}"
2024-04-03T08:00:00,2241,18,"{'tier_0': 2, 'tier_1': 4, 'tier_2': 5, 'tier_3': 4, 'tier_4': 3}"
2024-04-03T09:00:00,2242,20,"{'tier_0': 2, 'tier_1': 5, 'tier_2': 6, 'tier_3': 4, 'tier_4': 3}"
2024-04-03T10:00:00,2243,20,"{'tier_0': 2, 'tier_1': 5, 'tier_2': 6, 'tier_3': 4, 'tier_4': 3}"
2024-04-03T11:00:00,2244,20,"{'tier_0': 2, 'tier_1': 5, 'tier_2': 6, 'tier_3': 4, 'tier_4': 3}"
2024-04-03T12:00:00,2245,19,"{'tier_0': 2, 'tier_1': 4, 'tier_2': 5, 'tier_3': 5, 'tier_4': 3}"
2024-04-03T13:00:00,2246,21,"{'tier_0': 3, 'tier_1': 4, 'tier_2': 6, 'tier_3': 4, 'tier_4': 4}"
2024-04-03T14:00:00,2247,20,"{'tier_0': 3, 'tier_1': 4, 'tier_2': 6, 'tier_3': 4, 'tier_4': 3}"
2024-04-03T15:00:00,2248,20,"{'tier_0': 2, 'tier_1': 4, 'tier_2': 6, 'tier_3': 4, 'tier_4': 4}"
2024-04-03T16:00:00,2249,21,"{'tier_0': 2, 'tier_1': 4, 'tier_2': 6, 'tier_3': 5, 'tier_4': 4}"
2024-04-03T17:00:00,2250,20,"{'tier_0': 3, 'tier_1': 4, 'tier_2': 6, 'tier_3': 4, 'tier_4': 3}"
2024-04-03T18:00:00,2251,20,"{'tier_0': 2, 'tier_1': 5, 'tier_2': 6, 'tier_3': 4, 'tier_4': 3}"
2024-04-03T19:00:00,2252,19,"{'tier_0': 2, 'tier_1': 4, 'tier_2': 5, 'tier_3': 4, 'tier_4': 4}"
2024-04-03T20:00:00,2253,18,"{'tier_0': 2, 'tier_1': 4, 'tier_2': 5, 'tier_3': 4, 'tier_4': 3}"
2024-04-03T21:00:00,2254,20,"{'tier_0': 2, 'tier_1': 4, 'tier_2': 6, 'tier_3': 4, 'tier_4': 4}"
2024-04-03T22:00:00,2255,21,"{'tier_0': 3, 'tier_1': 4, 'tier_2': 6, 'tier_3': 4, 'tier_4': 4}"
2024-04-03T23:00:00,2256,20,"{'tier_0': 2, 'tier_1': 5, 'tier_2': 6, 'tier_3': 4, 'tier_4': 3}"
2024-04-04T00:00:00,2257,19,"{'tier_0': 2, 'tier_1': 4, 'tier_2': 6, 'tier_3': 4, 'tier_4': 3}"
2024-04-04T01:00:00,2258,21,"{'tier_0': 2, 'tier_1': 5, 'tier_2': 6, 'tier_3': 4, 'tier_4': 4}"
2024-04-04T02:00:00,2259,20,"{'tier_0': 3, 'tier_1': 3, 'tier_2': 6, 'tier_3': 4, 'tier_4': 4}"
2024-04-04T03:00:00,2260,20,"{'tier_0': 2, 'tier_1': 5, 'tier_2': 6, 'tier_3': 4, 'tier_4': 3}"
2024-04-04T04:00:00,2261,18,"{'tier_0': 2, 'tier_1': 4, 'tier_2': 5, 'tier_3': 4, 'tier_4': 3}"
2024-04-04T05:00:00,2262,20,"{'tier_0': 2, 'tier_1': 5, 'tier_2': 6, 'tier_3': 4, 'tier_4': 3}"
2024-04-04T06:00:00,2263,20,"{'tier_0': 2, 'tier_1': 4, 'tier_2': 6, 'tier_3': 4, 'tier_4': 4}"
2024-04-04T07:00:00,2264,20,"{'tier_0': 2, 'tier_1': 5, 'tier_2': 6, 'tier_3': 4, 'tier_4': 3}"
2024-04-04T08:00:00,2265,20,"{'tier_0': 2, 'tier_1': 4, 'tier_2': 6, 'tier_3': 4, 'tier_4': 4}"
2024-04-04T09:00:00,2266,20,"{'tier_0': 2, 'tier_1': 5, 'tier_2': 6, 'tier_3': 4, 'tier_4': 3}"
2024-04-04T10:00:00,2267,20,"{'tier_0': 2, 'tier_1': 4, 'tier_2': 6, 'tier_3': 4, 'tier_4': 4}"
2024-04-04T11:00:00,2268,20,"{'tier_0': 3, 'tier_1': 3, 'tier_2': 6, 'tier_3': 4, 'tier_4': 4}"
2024-04-04T12:00:00,2269,20,"{'tier_0': 2, 'tier_1': 5, 'tier_2': 6, 'tier_3': 4, 'tier_4': 3}"
2024-04-04T13:00:00,2270,20,"{'tier_0': 2, 'tier_1': 4, 'tier_2': 6, 'tier_3': 4, 'tier_4': 4}"
2024-04-04T14:00:00,2271,20,"{'tier_0': 2, 'tier_1': 4, 'tier_2': 6, 'tier_3': 4, 'tier_4': 4}"
2024-04-04T15:00:00,2272,20,"{'tier_0': 2, 'tier_1': 4, 'tier_2': 6, 'tier_3': 4, 'tier_4': 4}"
2024-04-04T16:00:00,2273,20,"{'tier_0': 2, 'tier_1': 4, 'tier_2': 6, 'tier_3': 4, 'tier_4': 4}"
2024-04-04T17:00:00,2274,20,"{'tier_0': 2, 'tier_1': 4, 'tier_2': 6, 'tier_3': 4, 'tier_4': 4}"
2024-04-04T18:00:00,2275,20,"{'tier_0': 2, 'tier_1': 5, 'tier_2': 6, 'tier_3': 4, 'tier_4': 3}"
2024-04-04T19:00:00,2276,20,"{'tier_0': 2, 'tier_1': 4, 'tier_2': 6, 'tier_3': 4, 'tier_4': 4}"
2024-04-04T20:00:00,2277,20,"{'tier_0': 2, 'tier_1': 4, 'tier_2': 6, 'tier_3': 4, 'tier_4': 4}"
2024-04-04T21:00:00,2278,21,"{'tier_0': 2, 'tier_1': 5, 'tier_2': 6, 'tier_3': 4, 'tier_4': 4}"
2024-04-04T22:00:00,2279,20,"{'tier_0': 2, 'tier_1': 4, 'tier_2': 6, 'tier_3': 4, 'tier_4': 4}"
2024-04-04T23:00:00,2280,20,"{'tier_0': 3, 'tier_1': 4, 'tier_2': 6, 'tier_3': 4, 'tier_4': 3}"
2024-04-05T00:00:00,2281,20,"{'tier_0': 3, 'tier_1': 3, 'tier_2': 6, 'tier_3': 4, 'tier_4': 4}"
2024-04-05T01:00:00,2282,21,"{'tier_0': 3, 'tier_1': 4, 'tier_2': 6, 'tier_3': 4, 'tier_4': 4}"
2024-04-05T02:00:00,2283,21,"{'tier_0': 2, 'tier_1': 5, 'tier_2': 6, 'tier_3': 4, 'tier_4': 4}"
2024-04-05T03:00:00,2284,21,"{'tier_0': 2, 'tier_1': 5, 'tier_2': 6, 'tier_3': 5, 'tier_4': 3}"
2024-04-05T04:00:00,2285,20,"{'tier_0': 2, 'tier_1': 4, 'tier_2': 5, 'tier_3': 5, 'tier_4': 4}"
2024-04-05T05:00:00,2286,20,"{'tier_0': 3, 'tier_1': 4, 'tier_2': 6, 'tier_3': 4, 'tier_4': 3}"
2024-04-05T06:00:00,2287,20,"{'tier_0': 2, 'tier_1': 4, 'tier_2': 6, 'tier_3': 4, 'tier_4': 4}"
2024-04-05T07:00:00,2288,20,"{'tier_0': 2, 'tier_1': 5, 'tier_2': 6, 'tier_3': 4, 'tier_4': 3}"
2024-04-05T08:00:00,2289,20,"{'tier_0': 2, 'tier_1': 4, 'tier_2': 6, 'tier_3': 4, 'tier_4': 4}"
2024-04-05T09:00:00,2290,20,"{'tier_0': 2, 'tier_1': 5, 'tier_2': 6, 'tier_3': 4, 'tier_4': 3}"
2024-04-05T10:00:00,2291,20,"{'tier_0': 3, 'tier_1': 3, 'tier_2': 6, 'tier_3': 4, 'tier_4': 4}"
2024-04-05T11:00:00,2292,20,"{'tier_0': 2, 'tier_1': 4, 'tier_2': 6, 'tier_3': 4, 'tier_4': 4}"
2024-04-05T12:00:00,2293,20,"{'tier_0': 2, 'tier_1': 5, 'tier_2': 6, 'tier_3': 4, 'tier_4': 3}"
2024-04-05T13:00:00,2294,20,"{'tier_0': 2, 'tier_1': 4, 'tier_2': 6, 'tier_3': 4, 'tier_4': 4}"
2024-04-05T14:00:00,2295,20,"{'tier_0': 2, 'tier_1': 4, 'tier_2': 5, 'tier_3': 5, 'tier_4': 4}"
2024-04-05T15:00:00,2296,20,"{'tier_0': 2, 'tier_1': 5, 'tier_2': 6, 'tier_3': 4, 'tier_4': 3}"
2024-04-05T16:00:00,2297,19,"{'tier_0': 2, 'tier_1': 4, 'tier_2': 5, 'tier_3': 4, 'tier_4': 4}"
2024-04-05T17:00:00,2298,20,"{'tier_0': 2, 'tier_1': 5, 'tier_2': 6, 'tier_3': 4, 'tier_4': 3}"
2024-04-05T18:00:00,2299,20,"{'tier_0': 2, 'tier_1': 4, 'tier_2': 6, 'tier_3': 4, 'tier_4': 4}"
2024-04-05T19:00:00,2300,20,"{'tier_0': 2, 'tier_1': 4, 'tier_2': 6, 'tier_3': 4, 'tier_4': 4}"
2024-04-05T20:00:00,2301,20,"{'tier_0': 2, 'tier_1': 5, 'tier_2': 6, 'tier_3': 4, 'tier_4': 3}"
2024-04-05T21:00:00,2302,20,"{'tier_0': 2, 'tier_1': 4, 'tier_2': 6, 'tier_3': 4, 'tier_4': 4}"
2024-04-05T22:00:00,2303,20,"{'tier_0': 3, 'tier_1': 4, 'tier_2': 6, 'tier_3': 4, 'tier_4': 3}"
2024-04-05T23:00:00,2304,20,"{'tier_0': 2, 'tier_1': 5, 'tier_2': 6, 'tier_3': 4, 'tier_4': 3}"
2024-04-06T00:00:00,2305,20,"{'tier_0': 2, 'tier_1': 4, 'tier_2': 6, 'tier_3': 4, 'tier_4': 4}"
2024-04-06T01:00:00,2306,20,"{'tier_0': 2, 'tier_1': 4, 'tier_2': 6, 'tier_3': 4, 'tier_4': 4}"
2024-04-06T02:00:00,2307,21,"{'tier_0': 2, 'tier_1': 5, 'tier_2': 6, 'tier_3': 4, 'tier_4': 4}"
2024-04-06T03:00:00,2308,20,"{'tier_0': 2, 'tier_1': 4, 'tier_2': 6, 'tier_3': 4, 'tier_4': 4}"
2024-04-06T04:00:00,2309,18,"{'tier_0': 3, 'tier_1': 3, 'tier_2': 5, 'tier_3': 4, 'tier_4': 3}"
2024-04-06T05:00:00,2310,19,"{'tier_0': 1, 'tier_1': 5, 'tier_2': 5, 'tier_3': 4, 'tier_4': 4}"
2024-04-06T06:00:00,2311,19,"{'tier_0': 2, 'tier_1': 4, 'tier_2': 6, 'tier_3': 4, 'tier_4': 3}"
2024-04-06T07:00:00,2312,20,"{'tier_0': 3, 'tier_1': 3, 'tier_2': 6, 'tier_3': 4, 'tier_4': 4}"
2024-04-06T08:00:00,2313,20,"{'tier_0': 2, 'tier_1': 4, 'tier_2': 6, 'tier_3': 4, 'tier_4': 4}"
2024-04-06T09:00:00,2314,20,"{'tier_0': 3, 'tier_1': 4, 'tier_2': 6, 'tier_3': 4, 'tier_4': 3}"
2024-04-06T10:00:00,2315,20,"{'tier_0': 3, 'tier_1': 4, 'tier_2': 6, 'tier_3': 4, 'tier_4': 3}"
2024-04-06T11:00:00,2316,20,"{'tier_0': 2, 'tier_1': 4, 'tier_2': 6, 'tier_3': 4, 'tier_4': 4}"
2024-04-06T12:00:00,2317,19,"{'tier_0': 2, 'tier_1': 4, 'tier_2': 5, 'tier_3': 4, 'tier_4': 4}"
2024-04-06T13:00:00,2318,18,"{'tier_0': 2, 'tier_1': 4, 'tier_2': 5, 'tier_3': 4, 'tier_4': 3}"
2024-04-06T14:00:00,2319,20,"{'tier_0': 2, 'tier_1': 4, 'tier_2': 6, 'tier_3': 4, 'tier_4': 4}"
2024-04-06T15:00:00,2320,20,"{'tier_0': 2, 'tier_1': 5, 'tier_2': 6, 'tier_3': 4, 'tier_4': 3}"
2024-04-06T16:00:00,2321,20,"{'tier_0': 2, 'tier_1': 5, 'tier_2': 6, 'tier_3': 4, 'tier_4': 3}"
2024-04-06T17:00:00,2322,20,"{'tier_0': 2, 'tier_1': 5, 'tier_2': 6, 'tier_3': 4, 'tier_4': 3}"
2024-04-06T18:00:00,2323,20,"{'tier_0': 2, 'tier_1': 4, 'tier_2': 6, 'tier_3': 4, 'tier_4': 4}"
2024-04-06T19:00:00,2324,20,"{'tier_0': 3, 'tier_1': 4, 'tier_2': 6, 'tier_3': 4, 'tier_4': 3}"
2024-04-06T20:00:00,2325,18,"{'tier_0': 2, 'tier_1': 4, 'tier_2': 5, 'tier_3': 4, 'tier_4': 3}"
2024-04-06T21:00:00,2326,19,"{'tier_0': 2, 'tier_1': 4, 'tier_2': 5, 'tier_3': 4, 'tier_4': 4}"
2024-04-06T22:00:00,2327,20,"{'tier_0': 3, 'tier_1': 4, 'tier_2': 6, 'tier_3': 4, 'tier_4': 3}"
2024-04-06T23:00:00,2328,21,"{'tier_0': 2, 'tier_1': 5, 'tier_2': 6, 'tier_3': 4, 'tier_4': 4}"
2024-04-07T00:00:00,2329,18,"{'tier_0': 2, 'tier_1': 4, 'tier_2': 5, 'tier_3': 4, 'tier_4': 3}"
2024-04-07T01:00:00,2330,20,"{'tier_0': 2, 'tier_1': 4, 'tier_2': 6, 'tier_3': 4, 'tier_4': 4}"
2024-04-07T02:00:00,2331,20,"{'tier_0': 2, 'tier_1': 5, 'tier_2': 6, 'tier_3': 4, 'tier_4': 3}"
2024-04-07T03:00:00,2332,20,"{'tier_0': 2, 'tier_1': 5, 'tier_2': 6, 'tier_3': 4, 'tier_4': 3}"
2024-04-07T04:00:00,2333,20,"{'tier_0': 2, 'tier_1': 4, 'tier_2': 5, 'tier_3': 5, 'tier_4': 4}"
2024-04-07T05:00:00,2334,19,"{'tier_0': 2, 'tier_1': 4, 'tier_2': 6, 'tier_3': 4, 'tier_4': 3}"
2024-04-07T06:00:00,2335,20,"{'tier_0': 2, 'tier_1': 4, 'tier_2': 6, 'tier_3': 4, 'tier_4': 4}"
2024-04-07T07:00:00,2336,19,"{'tier_0': 2, 'tier_1': 4, 'tier_2': 5, 'tier_3': 4, 'tier_4': 4}"
2024-04-07T08:00:00,2337,20,"{'tier_0': 2, 'tier_1': 4, 'tier_2': 6, 'tier_3': 4, 'tier_4': 4}"
2024-04-07T09:00:00,2338,20,"{'tier_0': 2, 'tier_1': 4, 'tier_2': 6, 'tier_3': 4, 'tier_4': 4}"
2024-04-07T10:00:00,2339,20,"{'tier_0': 2, 'tier_1': 5, 'tier_2': 6, 'tier_3': 4, 'tier_4': 3}"
2024-04-07T11:00:00,2340,20,"{'tier_0': 3, 'tier_1': 4, 'tier_2': 6, 'tier_3': 4, 'tier_4': 3}"
2024-04-07T12:00:00,2341,20,"{'tier_0': 2, 'tier_1': 5, 'tier_2': 6, 'tier_3': 4, 'tier_4': 3}"
2024-04-07T13:00:00,2342,20,"{'tier_0': 2, 'tier_1': 5, 'tier_2': 6, 'tier_3': 4, 'tier_4': 3}"
2024-04-07T14:00:00,2343,21,"{'tier_0': 2, 'tier_1': 5, 'tier_2': 6, 'tier_3': 4, 'tier_4': 4}"
2024-04-07T15:00:00,2344,18,"{'tier_0': 2, 'tier_1': 4, 'tier_2': 5, 'tier_3': 4, 'tier_4': 3}"
2024-04-07T16:00:00,2345,20,"{'tier_0': 2, 'tier_1': 4, 'tier_2': 6, 'tier_3': 4, 'tier_4': 4}"
2024-04-07T17:00:00,2346,20,"{'tier_0': 3, 'tier_1': 3, 'tier_2': 6, 'tier_3': 4, 'tier_4': 4}"
2024-04-07T18:00:00,2347,20,"{'tier_0': 3, 'tier_1': 4, 'tier_2': 6, 'tier_3': 4, 'tier_4': 3}"
2024-04-07T19:00:00,2348,20,"{'tier_0': 2, 'tier_1': 4, 'tier_2': 6, 'tier_3': 4, 'tier_4': 4}"
2024-04-07T20:00:00,2349,20,"{'tier_0': 2, 'tier_1': 4, 'tier_2': 6, 'tier_3': 4, 'tier_4': 4}"
2024-04-07T21:00:00,2350,20,"{'tier_0': 2, 'tier_1': 5, 'tier_2': 6, 'tier_3': 4, 'tier_4': 3}"
2024-04-07T22:00:00,2351,19,"{'tier_0': 2, 'tier_1': 4, 'tier_2': 6, 'tier_3': 4, 'tier_4': 3}"
2024-04-07T23:00:00,2352,20,"{'tier_0': 2, 'tier_1': 4, 'tier_2': 6, 'tier_3': 4, 'tier_4': 4}"
2024-04-08T00:00:00,2353,18,"{'tier_0': 2, 'tier_1': 4, 'tier_2': 5, 'tier_3': 4, 'tier_4': 3}"
2024-04-08T01:00:00,2354,20,"{'tier_0': 2, 'tier_1': 4, 'tier_2': 6, 'tier_3': 4, 'tier_4': 4}"
2024-04-08T02:00:00,2355,21,"{'tier_0': 3, 'tier_1': 4, 'tier_2': 6, 'tier_3': 4, 'tier_4': 4}"
2024-04-08T03:00:00,2356,18,"{'tier_0': 2, 'tier_1': 4, 'tier_2': 5, 'tier_3': 4, 'tier_4': 3}"
2024-04-08T04:00:00,2357,21,"{'tier_0': 3, 'tier_1': 4, 'tier_2': 6, 'tier_3': 4, 'tier_4': 4}"
2024-04-08T05:00:00,2358,19,"{'tier_0': 2, 'tier_1': 4, 'tier_2': 6, 'tier_3': 4, 'tier_4': 3}"
2024-04-08T06:00:00,2359,19,"{'tier_0': 2, 'tier_1': 4, 'tier_2': 6, 'tier_3': 4, 'tier_4': 3}"
2024-04-08T07:00:00,2360,20,"{'tier_0': 2, 'tier_1': 4, 'tier_2': 6, 'tier_3': 4, 'tier_4': 4}"
2024-04-08T08:00:00,2361,21,"{'tier_0': 2, 'tier_1': 5, 'tier_2': 6, 'tier_3': 4, 'tier_4': 4}"
2024-04-08T09:00:00,2362,20,"{'tier_0': 3, 'tier_1': 3, 'tier_2': 6, 'tier_3': 4, 'tier_4': 4}"
2024-04-08T10:00:00,2363,19,"{'tier_0': 2, 'tier_1': 4, 'tier_2': 5, 'tier_3': 4, 'tier_4': 4}"
2024-04-08T11:00:00,2364,20,"{'tier_0': 2, 'tier_1': 5, 'tier_2': 6, 'tier_3': 4, 'tier_4': 3}"
2024-04-08T12:00:00,2365,20,"{'tier_0': 3, 'tier_1': 4, 'tier_2': 6, 'tier_3': 4, 'tier_4': 3}"
2024-04-08T13:00:00,2366,20,"{'tier_0': 2, 'tier_1': 4, 'tier_2': 6, 'tier_3': 4, 'tier_4': 4}"
2024-04-08T14:00:00,2367,21,"{'tier_0': 2, 'tier_1': 4, 'tier_2': 6, 'tier_3': 5, 'tier_4': 4}"
2024-04-08T15:00:00,2368,20,"{'tier_0': 2, 'tier_1': 4, 'tier_2': 6, 'tier_3': 4, 'tier_4': 4}"
2024-04-08T16:00:00,2369,20,"{'tier_0': 2, 'tier_1': 4, 'tier_2': 6, 'tier_3': 4, 'tier_4': 4}"
2024-04-08T17:00:00,2370,21,"{'tier_0': 2, 'tier_1': 5, 'tier_2': 6, 'tier_3': 4, 'tier_4': 4}"
2024-04-08T18:00:00,2371,20,"{'tier_0': 2, 'tier_1': 5, 'tier_2': 6, 'tier_3': 4, 'tier_4': 3}"
2024-04-08T19:00:00,2372,19,"{'tier_0': 2, 'tier_1': 4, 'tier_2': 5, 'tier_3': 4, 'tier_4': 4}"
2024-04-08T20:00:00,2373,20,"{'tier_0': 2, 'tier_1': 4, 'tier_2': 6, 'tier_3': 4, 'tier_4': 4}"
2024-04-08T21:00:00,2374,19,"{'tier_0': 2, 'tier_1': 4, 'tier_2': 5, 'tier_3': 4, 'tier_4': 4}"
2024-04-08T22:00:00,2375,20,"{'tier_0': 2, 'tier_1': 4, 'tier_2': 6, 'tier_3': 4, 'tier_4': 4}"
2024-04-08T23:00:00,2376,20,"{'tier_0': 2, 'tier_1': 5, 'tier_2': 6, 'tier_3': 4, 'tier_4': 3}"
2024-04-09T00:00:00,2377,21,"{'tier_0': 2, 'tier_1': 5, 'tier_2': 6, 'tier_3': 4, 'tier_4': 4}"
2024-04-09T01:00:00,2378,21,"{'tier_0': 2, 'tier_1': 5, 'tier_2': 6, 'tier_3': 4, 'tier_4': 4}"
2024-04-09T02:00:00,2379,20,"{'tier_0': 2, 'tier_1': 4, 'tier_2': 6, 'tier_3': 4, 'tier_4': 4}"
2024-04-09T03:00:00,2380,19,"{'tier_0': 2, 'tier_1': 4, 'tier_2': 6, 'tier_3': 4, 'tier_4': 3}"
2024-04-09T04:00:00,2381,21,"{'tier_0': 2, 'tier_1': 4, 'tier_2': 6, 'tier_3': 5, 'tier_4': 4}"
2024-04-09T05:00:00,2382,20,"{'tier_0': 2, 'tier_1': 5, 'tier_2': 6, 'tier_3': 4, 'tier_4': 3}"
2024-04-09T06:00:00,2383,19,"{'tier_0': 2, 'tier_1': 4, 'tier_2': 6, 'tier_3': 4, 'tier_4': 3}"
2024-04-09T07:00:00,2384,21,"{'tier_0': 2, 'tier_1': 4, 'tier_2': 6, 'tier_3': 5, 'tier_4': 4}"
2024-04-09T08:00:00,2385,21,"{'tier_0': 2, 'tier_1': 4, 'tier_2': 6, 'tier_3': 4, 'tier_4': 5}"
2024-04-09T09:00:00,2386,21,"{'tier_0': 3, 'tier_1': 4, 'tier_2': 6, 'tier_3': 4, 'tier_4': 4}"
2024-04-09T10:00:00,2387,21,"{'tier_0': 3, 'tier_1': 4, 'tier_2': 6, 'tier_3': 4, 'tier_4': 4}"
2024-04-09T11:00:00,2388,20,"{'tier_0': 2, 'tier_1': 5, 'tier_2': 6, 'tier_3': 4, 'tier_4': 3}"
2024-04-09T12:00:00,2389,19,"{'tier_0': 2, 'tier_1': 4, 'tier_2': 6, 'tier_3': 4, 'tier_4': 3}"
2024-04-09T13:00:00,2390,20,"{'tier_0': 2, 'tier_1': 4, 'tier_2': 6, 'tier_3': 4, 'tier_4': 4}"
2024-04-09T14:00:00,2391,20,"{'tier_0': 2, 'tier_1': 5, 'tier_2': 6, 'tier_3': 4, 'tier_4': 3}"
2024-04-09T15:00:00,2392,20,"{'tier_0': 3, 'tier_1': 4, 'tier_2': 6, 'tier_3': 4, 'tier_4': 3}"
2024-04-09T16:00:00,2393,21,"{'tier_0': 3, 'tier_1': 4, 'tier_2': 6, 'tier_3': 4, 'tier_4': 4}"
2024-04-09T17:00:00,2394,20,"{'tier_0': 2, 'tier_1': 4, 'tier_2': 6, 'tier_3': 4, 'tier_4': 4}"
2024-04-09T18:00:00,2395,19,"{'tier_0': 2, 'tier_1': 4, 'tier_2': 5, 'tier_3': 4, 'tier_4': 4}"
2024-04-09T19:00:00,2396,20,"{'tier_0': 2, 'tier_1': 4, 'tier_2': 6, 'tier_3': 4, 'tier_4': 4}"
2024-04-09T20:00:00,2397,20,"{'tier_0': 2, 'tier_1': 5, 'tier_2': 6, 'tier_3': 4, 'tier_4': 3}"
2024-04-09T21:00:00,2398,19,"{'tier_0': 2, 'tier_1': 4, 'tier_2': 6, 'tier_3': 4, 'tier_4': 3}"
2024-04-09T22:00:00,2399,19,"{'tier_0': 1, 'tier_1': 5, 'tier_2': 5, 'tier_3': 4, 'tier_4': 4}"
2024-04-09T23:00:00,2400,20,"{'tier_0': 2, 'tier_1': 5, 'tier_2': 6, 'tier_3': 4, 'tier_4': 3}"
2024-04-10T00:00:00,2401,20,"{'tier_0': 2, 'tier_1': 5, 'tier_2': 6, 'tier_3': 4, 'tier_4': 3}"
2024-04-10T01:00:00,2402,21,"{'tier_0': 2, 'tier_1': 5, 'tier_2': 6, 'tier_3': 4, 'tier_4': 4}"
2024-04-10T02:00:00,2403,20,"{'tier_0': 2, 'tier_1': 4, 'tier_2': 6, 'tier_3': 4, 'tier_4': 4}"
2024-04-10T03:00:00,2404,20,"{'tier_0': 2, 'tier_1': 5, 'tier_2': 6, 'tier_3': 4, 'tier_4': 3}"
2024-04-10T04:00:00,2405,19,"{'tier_0': 2, 'tier_1': 4, 'tier_2': 5, 'tier_3': 5, 'tier_4': 3}"
2024-04-10T05:00:00,2406,20,"{'tier_0': 2, 'tier_1': 4, 'tier_2': 6, 'tier_3': 4, 'tier_4': 4}"
2024-04-10T06:00:00,2407,20,"{'tier_0': 2, 'tier_1': 5, 'tier_2': 6, 'tier_3': 4, 'tier_4': 3}"
2024-04-10T07:00:00,2408,19,"{'tier_0': 2, 'tier_1': 4, 'tier_2': 5, 'tier_3': 4, 'tier_4': 4}"
2024-04-10T08:00:00,2409,21,"{'tier_0': 2, 'tier_1': 5, 'tier_2': 6, 'tier_3': 5, 'tier_4': 3}"
2024-04-10T09:00:00,2410,18,"{'tier_0': 3, 'tier_1': 3, 'tier_2': 5, 'tier_3': 4, 'tier_4': 3}"
2024-04-10T10:00:00,2411,21,"{'tier_0': 2, 'tier_1': 4, 'tier_2': 6, 'tier_3': 4, 'tier_4': 5}"
2024-04-10T11:00:00,2412,20,"{'tier_0': 2, 'tier_1': 4, 'tier_2': 6, 'tier_3': 4, 'tier_4': 4}"
2024-04-10T12:00:00,2413,18,"{'tier_0': 3, 'tier_1': 3, 'tier_2': 5, 'tier_3': 4, 'tier_4': 3}"
2024-04-10T13:00:00,2414,19,"{'tier_0': 2, 'tier_1': 4, 'tier_2': 5, 'tier_3': 4, 'tier_4': 4}"
2024-04-10T14:00:00,2415,20,"{'tier_0': 3, 'tier_1': 4, 'tier_2': 6, 'tier_3': 4, 'tier_4': 3}"
2024-04-10T15:00:00,2416,20,"{'tier_0': 2, 'tier_1': 5, 'tier_2': 6, 'tier_3': 4, 'tier_4': 3}"
2024-04-10T16:00:00,2417,20,"{'tier_0': 2, 'tier_1': 5, 'tier_2': 6, 'tier_3': 4, 'tier_4': 3}"
2024-04-10T17:00:00,2418,20,"{'tier_0': 2, 'tier_1': 5, 'tier_2': 6, 'tier_3': 4, 'tier_4': 3}"
2024-04-10T18:00:00,2419,19,"{'tier_0': 2, 'tier_1': 4, 'tier_2': 5, 'tier_3': 4, 'tier_4': 4}"
2024-04-10T19:00:00,2420,20,"{'tier_0': 2, 'tier_1': 5, 'tier_2': 6, 'tier_3': 4, 'tier_4': 3}"
2024-04-10T20:00:00,2421,20,"{'tier_0': 2, 'tier_1': 5, 'tier_2': 6, 'tier_3': 4, 'tier_4': 3}"
2024-04-10T21:00:00,2422,20,"{'tier_0': 2, 'tier_1': 4, 'tier_2': 6, 'tier_3': 4, 'tier_4': 4}"
2024-04-10T22:00:00,2423,20,"{'tier_0': 3, 'tier_1': 4, 'tier_2': 6, 'tier_3': 4, 'tier_4': 3}"
2024-04-10T23:00:00,2424,20,"{'tier_0': 2, 'tier_1': 4, 'tier_2': 5, 'tier_3': 5, 'tier_4': 4}"
2024-04-11T00:00:00,2425,20,"{'tier_0': 2, 'tier_1': 4, 'tier_2': 6, 'tier_3': 4, 'tier_4': 4}"
2024-04-11T01:00:00,2426,20,"{'tier_0': 2, 'tier_1': 4, 'tier_2': 6, 'tier_3': 4, 'tier_4': 4}"
2024-04-11T02:00:00,2427,20,"{'tier_0': 2, 'tier_1': 4, 'tier_2': 6, 'tier_3': 4, 'tier_4': 4}"
2024-04-11T03:00:00,2428,18,"{'tier_0': 2, 'tier_1': 4, 'tier_2': 5, 'tier_3': 4, 'tier_4': 3}"
2024-04-11T04:00:00,2429,20,"{'tier_0': 3, 'tier_1': 4, 'tier_2': 6, 'tier_3': 4, 'tier_4': 3}"
2024-04-11T05:00:00,2430,20,"{'tier_0': 2, 'tier_1': 5, 'tier_2': 6, 'tier_3': 4, 'tier_4': 3}"
2024-04-11T06:00:00,2431,21,"{'tier_0': 3, 'tier_1': 4, 'tier_2': 6, 'tier_3': 4, 'tier_4': 4}"
2024-04-11T07:00:00,2432,21,"{'tier_0': 2, 'tier_1': 4, 'tier_2': 6, 'tier_3': 5, 'tier_4': 4}"
2024-04-11T08:00:00,2433,20,"{'tier_0': 2, 'tier_1': 4, 'tier_2': 6, 'tier_3': 4, 'tier_4': 4}"
2024-04-11T09:00:00,2434,20,"{'tier_0': 2, 'tier_1': 5, 'tier_2': 6, 'tier_3': 4, 'tier_4': 3}"
2024-04-11T10:00:00,2435,20,"{'tier_0': 2, 'tier_1': 4, 'tier_2': 5, 'tier_3': 5, 'tier_4': 4}"
2024-04-11T11:00:00,2436,20,"{'tier_0': 3, 'tier_1': 4, 'tier_2': 6, 'tier_3': 4, 'tier_4': 3}"
2024-04-11T12:00:00,2437,20,"{'tier_0': 2, 'tier_1': 5, 'tier_2': 6, 'tier_3': 4, 'tier_4': 3}"
2024-04-11T13:00:00,2438,19,"{'tier_0': 2, 'tier_1': 4, 'tier_2': 5, 'tier_3': 4, 'tier_4': 4}"
2024-04-11T14:00:00,2439,20,"{'tier_0': 3, 'tier_1': 3, 'tier_2': 6, 'tier_3': 4, 'tier_4': 4}"
2024-04-11T15:00:00,2440,20,"{'tier_0': 2, 'tier_1': 4, 'tier_2': 6, 'tier_3': 4, 'tier_4': 4}"
2024-04-11T16:00:00,2441,20,"{'tier_0': 2, 'tier_1': 4, 'tier_2': 6, 'tier_3': 4, 'tier_4': 4}"
2024-04-11T17:00:00,2442,18,"{'tier_0': 2, 'tier_1': 4, 'tier_2': 5, 'tier_3': 4, 'tier_4': 3}"
2024-04-11T18:00:00,2443,21,"{'tier_0': 2, 'tier_1': 5, 'tier_2': 6, 'tier_3': 4, 'tier_4': 4}"
2024-04-11T19:00:00,2444,20,"{'tier_0': 2, 'tier_1': 5, 'tier_2': 6, 'tier_3': 4, 'tier_4': 3}"
2024-04-11T20:00:00,2445,21,"{'tier_0': 2, 'tier_1': 4, 'tier_2': 6, 'tier_3': 5, 'tier_4': 4}"
2024-04-11T21:00:00,2446,20,"{'tier_0': 2, 'tier_1': 5, 'tier_2': 6, 'tier_3': 4, 'tier_4': 3}"
2024-04-11T22:00:00,2447,20,"{'tier_0': 2, 'tier_1': 4, 'tier_2': 6, 'tier_3': 4, 'tier_4': 4}"
2024-04-11T23:00:00,2448,20,"{'tier_0': 2, 'tier_1': 4, 'tier_2': 6, 'tier_3': 4, 'tier_4': 4}"
2024-04-12T00:00:00,2449,18,"{'tier_0': 2, 'tier_1': 4, 'tier_2': 5, 'tier_3': 4, 'tier_4': 3}"
2024-04-12T01:00:00,2450,20,"{'tier_0': 2, 'tier_1': 4, 'tier_2': 6, 'tier_3': 4, 'tier_4': 4}"
2024-04-12T02:00:00,2451,20,"{'tier_0': 2, 'tier_1': 4, 'tier_2': 6, 'tier_3': 4, 'tier_4': 4}"
2024-04-12T03:00:00,2452,20,"{'tier_0': 2, 'tier_1': 4, 'tier_2': 6, 'tier_3': 4, 'tier_4': 4}"
2024-04-12T04:00:00,2453,20,"{'tier_0': 3, 'tier_1': 4, 'tier_2': 6, 'tier_3': 4, 'tier_4': 3}"
2024-04-12T05:00:00,2454,20,"{'tier_0': 2, 'tier_1': 5, 'tier_2': 6, 'tier_3': 4, 'tier_4': 3}"
2024-04-12T06:00:00,2455,20,"{'tier_0': 2, 'tier_1': 5, 'tier_2': 6, 'tier_3': 4, 'tier_4': 3}"
2024-04-12T07:00:00,2456,20,"{'tier_0': 2, 'tier_1': 5, 'tier_2': 6, 'tier_3': 4, 'tier_4': 3}"
2024-04-12T08:00:00,2457,20,"{'tier_0': 2, 'tier_1': 4, 'tier_2': 6, 'tier_3': 4, 'tier_4': 4}"
2024-04-12T09:00:00,2458,20,"{'tier_0': 2, 'tier_1': 5, 'tier_2': 6, 'tier_3': 4, 'tier_4': 3}"
2024-04-12T10:00:00,2459,19,"{'tier_0': 2, 'tier_1': 4, 'tier_2': 5, 'tier_3': 4, 'tier_4': 4}"
2024-04-12T11:00:00,2460,20,"{'tier_0': 3, 'tier_1': 3, 'tier_2': 6, 'tier_3': 4, 'tier_4': 4}"
2024-04-12T12:00:00,2461,20,"{'tier_0': 2, 'tier_1': 5, 'tier_2': 6, 'tier_3': 4, 'tier_4': 3}"
2024-04-12T13:00:00,2462,20,"{'tier_0': 2, 'tier_1': 4, 'tier_2': 6, 'tier_3': 4, 'tier_4': 4}"
2024-04-12T14:00:00,2463,21,"{'tier_0': 3, 'tier_1': 4, 'tier_2': 6, 'tier_3': 4, 'tier_4': 4}"
2024-04-12T15:00:00,2464,20,"{'tier_0': 2, 'tier_1': 5, 'tier_2': 6, 'tier_3': 4, 'tier_4': 3}"
2024-04-12T16:00:00,2465,20,"{'tier_0': 2, 'tier_1': 5, 'tier_2': 6, 'tier_3': 4, 'tier_4': 3}"
2024-04-12T17:00:00,2466,20,"{'tier_0': 2, 'tier_1': 4, 'tier_2': 6, 'tier_3': 4, 'tier_4': 4}"
2024-04-12T18:00:00,2467,20,"{'tier_0': 2, 'tier_1': 5, 'tier_2': 6, 'tier_3': 4, 'tier_4': 3}"
2024-04-12T19:00:00,2468,20,"{'tier_0': 2, 'tier_1': 4, 'tier_2': 6, 'tier_3': 4, 'tier_4': 4}"
2024-04-12T20:00:00,2469,20,"{'tier_0': 2, 'tier_1': 5, 'tier_2': 6, 'tier_3': 4, 'tier_4': 3}"
2024-04-12T21:00:00,2470,20,"{'tier_0': 3, 'tier_1': 4, 'tier_2': 6, 'tier_3': 4, 'tier_4': 3}"
2024-04-12T22:00:00,2471,20,"{'tier_0': 2, 'tier_1': 4, 'tier_2': 6, 'tier_3': 4, 'tier_4': 4}"
2024-04-12T23:00:00,2472,20,"{'tier_0': 2, 'tier_1': 5, 'tier_2': 6, 'tier_3': 4, 'tier_4': 3}"
2024-04-13T00:00:00,2473,20,"{'tier_0': 2, 'tier_1': 5, 'tier_2': 6, 'tier_3': 4, 'tier_4': 3}"
2024-04-13T01:00:00,2474,20,"{'tier_0': 2, 'tier_1': 5, 'tier_2': 6, 'tier_3': 4, 'tier_4': 3}"
2024-04-13T02:00:00,2475,19,"{'tier_0': 2, 'tier_1': 4, 'tier_2': 5, 'tier_3': 4, 'tier_4': 4}"
2024-04-13T03:00:00,2476,20,"{'tier_0': 2, 'tier_1': 4, 'tier_2': 6, 'tier_3': 4, 'tier_4': 4}"
2024-04-13T04:00:00,2477,20,"{'tier_0': 2, 'tier_1': 4, 'tier_2': 6, 'tier_3': 4, 'tier_4': 4}"
2024-04-13T05:00:00,2478,20,"{'tier_0': 2, 'tier_1': 4, 'tier_2': 6, 'tier_3': 4, 'tier_4': 4}"
2024-04-13T06:00:00,2479,21,"{'tier_0': 2, 'tier_1': 5, 'tier_2': 6, 'tier_3': 4, 'tier_4': 4}"
2024-04-13T07:00:00,2480,20,"{'tier_0': 2, 'tier_1': 4, 'tier_2': 6, 'tier_3': 4, 'tier_4': 4}"
2024-04-13T08:00:00,2481,18,"{'tier_0': 2, 'tier_1': 4, 'tier_2': 5, 'tier_3': 4, 'tier_4': 3}"
2024-04-13T09:00:00,2482,20,"{'tier_0': 2, 'tier_1': 5, 'tier_2': 6, 'tier_3': 4, 'tier_4': 3}"
2024-04-13T10:00:00,2483,20,"{'tier_0': 2, 'tier_1': 5, 'tier_2': 6, 'tier_3': 4, 'tier_4': 3}"
2024-04-13T11:00:00,2484,19,"{'tier_0': 2, 'tier_1': 4, 'tier_2': 6, 'tier_3': 4, 'tier_4': 3}"
2024-04-13T12:00:00,2485,21,"{'tier_0': 2, 'tier_1': 4, 'tier_2': 6, 'tier_3': 4, 'tier_4': 5}"
2024-04-13T13:00:00,2486,20,"{'tier_0': 2, 'tier_1': 4, 'tier_2': 6, 'tier_3': 4, 'tier_4': 4}"
2024-04-13T14:00:00,2487,19,"{'tier_0': 2, 'tier_1': 4, 'tier_2': 5, 'tier_3': 4, 'tier_4': 4}"
2024-04-13T15:00:00,2488,20,"{'tier_0': 2, 'tier_1': 4, 'tier_2': 6, 'tier_3': 4, 'tier_4': 4}"
2024-04-13T16:00:00,2489,20,"{'tier_0': 2, 'tier_1': 5, 'tier_2': 6, 'tier_3': 4, 'tier_4': 3}"
2024-04-13T17:00:00,2490,20,"{'tier_0': 2, 'tier_1': 4, 'tier_2': 6, 'tier_3': 4, 'tier_4': 4}"
2024-04-13T18:00:00,2491,21,"{'tier_0': 2, 'tier_1': 4, 'tier_2': 6, 'tier_3': 5, 'tier_4': 4}"
2024-04-13T19:00:00,2492,20,"{'tier_0': 2, 'tier_1': 4, 'tier_2': 6, 'tier_3': 4, 'tier_4': 4}"
2024-04-13T20:00:00,2493,20,"{'tier_0': 3, 'tier_1': 4, 'tier_2': 6, 'tier_3': 4, 'tier_4': 3}"
2024-04-13T21:00:00,2494,21,"{'tier_0': 2, 'tier_1': 4, 'tier_2': 6, 'tier_3': 5, 'tier_4': 4}"
2024-04-13T22:00:00,2495,20,"{'tier_0': 2, 'tier_1': 4, 'tier_2': 6, 'tier_3': 4, 'tier_4': 4}"
2024-04-13T23:00:00,2496,21,"{'tier_0': 2, 'tier_1': 5, 'tier_2': 6, 'tier_3': 4, 'tier_4': 4}"
2024-04-14T00:00:00,2497,21,"{'tier_0': 3, 'tier_1': 4, 'tier_2': 6, 'tier_3': 4, 'tier_4': 4}"
2024-04-14T01:00:00,2498,20,"{'tier_0': 2, 'tier_1': 4, 'tier_2': 6, 'tier_3': 4, 'tier_4': 4}"
2024-04-14T02:00:00,2499,20,"{'tier_0': 3, 'tier_1': 4, 'tier_2': 6, 'tier_3': 4, 'tier_4': 3}"
2024-04-14T03:00:00,2500,22,"{'tier_0': 2, 'tier_1': 5, 'tier_2': 7, 'tier_3': 4, 'tier_4': 4}"
2024-04-14T04:00:00,2501,20,"{'tier_0': 2, 'tier_1': 5, 'tier_2': 6, 'tier_3': 4, 'tier_4': 3}"
2024-04-14T05:00:00,2502,20,"{'tier_0': 2, 'tier_1': 4, 'tier_2': 6, 'tier_3': 4, 'tier_4': 4}"
2024-04-14T06:00:00,2503,20,"{'tier_0': 2, 'tier_1': 4, 'tier_2': 6, 'tier_3': 4, 'tier_4': 4}"
2024-04-14T07:00:00,2504,20,"{'tier_0': 2, 'tier_1': 4, 'tier_2': 5, 'tier_3': 5, 'tier_4': 4}"
2024-04-14T08:00:00,2505,20,"{'tier_0': 2, 'tier_1': 4, 'tier_2': 6, 'tier_3': 4, 'tier_4': 4}"
2024-04-14T09:00:00,2506,20,"{'tier_0': 2, 'tier_1': 4, 'tier_2': 6, 'tier_3': 4, 'tier_4': 4}"
2024-04-14T10:00:00,2507,20,"{'tier_0': 2, 'tier_1': 5, 'tier_2': 6, 'tier_3': 4, 'tier_4': 3}"
2024-04-14T11:00:00,2508,20,"{'tier_0': 2, 'tier_1': 5, 'tier_2': 6, 'tier_3': 4, 'tier_4': 3}"
2024-04-14T12:00:00,2509,20,"{'tier_0': 2, 'tier_1': 4, 'tier_2': 6, 'tier_3': 4, 'tier_4': 4}"
2024-04-14T13:00:00,2510,20,"{'tier_0': 3, 'tier_1': 3, 'tier_2': 6, 'tier_3': 4, 'tier_4': 4}"
2024-04-14T14:00:00,2511,21,"{'tier_0': 2, 'tier_1': 5, 'tier_2': 6, 'tier_3': 4, 'tier_4': 4}"
2024-04-14T15:00:00,2512,20,"{'tier_0': 2, 'tier_1': 4, 'tier_2': 6, 'tier_3': 4, 'tier_4': 4}"
2024-04-14T16:00:00,2513,20,"{'tier_0': 3, 'tier_1': 4, 'tier_2': 6, 'tier_3': 4, 'tier_4': 3}"
2024-04-14T17:00:00,2514,20,"{'tier_0': 2, 'tier_1': 5, 'tier_2': 6, 'tier_3': 4, 'tier_4': 3}"
2024-04-14T18:00:00,2515,20,"{'tier_0': 2, 'tier_1': 4, 'tier_2': 6, 'tier_3': 4, 'tier_4': 4}"
2024-04-14T19:00:00,2516,20,"{'tier_0': 2, 'tier_1': 5, 'tier_2': 6, 'tier_3': 4, 'tier_4': 3}"
2024-04-14T20:00:00,2517,20,"{'tier_0': 3, 'tier_1': 4, 'tier_2': 6, 'tier_3': 4, 'tier_4': 3}"
2024-04-14T21:00:00,2518,21,"{'tier_0': 3, 'tier_1': 4, 'tier_2': 6, 'tier_3': 4, 'tier_4': 4}"
2024-04-14T22:00:00,2519,21,"{'tier_0': 2, 'tier_1': 5, 'tier_2': 6, 'tier_3': 4, 'tier_4': 4}"
2024-04-14T23:00:00,2520,20,"{'tier_0': 2, 'tier_1': 5, 'tier_2': 6, 'tier_3': 4, 'tier_4': 3}"
2024-04-15T00:00:00,2521,21,"{'tier_0': 2, 'tier_1': 4, 'tier_2': 6, 'tier_3': 5, 'tier_4': 4}"
2024-04-15T01:00:00,2522,21,"{'tier_0': 2, 'tier_1': 5, 'tier_2': 6, 'tier_3': 4, 'tier_4': 4}"
2024-04-15T02:00:00,2523,20,"{'tier_0': 2, 'tier_1': 4, 'tier_2': 6, 'tier_3': 4, 'tier_4': 4}"
2024-04-15T03:00:00,2524,20,"{'tier_0': 2, 'tier_1': 4, 'tier_2': 6, 'tier_3': 4, 'tier_4': 4}"
2024-04-15T04:00:00,2525,20,"{'tier_0': 2, 'tier_1': 4, 'tier_2': 6, 'tier_3': 4, 'tier_4': 4}"
2024-04-15T05:00:00,2526,20,"{'tier_0': 2, 'tier_1': 4, 'tier_2': 6, 'tier_3': 4, 'tier_4': 4}"
2024-04-15T06:00:00,2527,21,"{'tier_0': 3, 'tier_1': 4, 'tier_2': 6, 'tier_3': 4, 'tier_4': 4}"
2024-04-15T07:00:00,2528,20,"{'tier_0': 2, 'tier_1': 4, 'tier_2': 6, 'tier_3': 4, 'tier_4': 4}"
2024-04-15T08:00:00,2529,21,"{'tier_0': 3, 'tier_1': 4, 'tier_2': 6, 'tier_3': 4, 'tier_4': 4}"
2024-04-15T09:00:00,2530,21,"{'tier_0': 3, 'tier_1': 4, 'tier_2': 6, 'tier_3': 4, 'tier_4': 4}"
2024-04-15T10:00:00,2531,20,"{'tier_0': 2, 'tier_1': 4, 'tier_2': 6, 'tier_3': 4, 'tier_4': 4}"
2024-04-15T11:00:00,2532,20,"{'tier_0': 2, 'tier_1': 5, 'tier_2': 6, 'tier_3': 4, 'tier_4': 3}"
2024-04-15T12:00:00,2533,19,"{'tier_0': 2, 'tier_1': 4, 'tier_2': 5, 'tier_3': 4, 'tier_4': 4}"
2024-04-15T13:00:00,2534,20,"{'tier_0': 2, 'tier_1': 5, 'tier_2': 6, 'tier_3': 4, 'tier_4': 3}"
2024-04-15T14:00:00,2535,20,"{'tier_0': 2, 'tier_1': 4, 'tier_2': 5, 'tier_3': 5, 'tier_4': 4}"
2024-04-15T15:00:00,2536,18,"{'tier_0': 2, 'tier_1': 4, 'tier_2': 5, 'tier_3': 4, 'tier_4': 3}"
2024-04-15T16:00:00,2537,20,"{'tier_0': 3, 'tier_1': 4, 'tier_2': 6, 'tier_3': 4, 'tier_4': 3}"
2024-04-15T17:00:00,2538,20,"{'tier_0': 2, 'tier_1': 5, 'tier_2': 6, 'tier_3': 4, 'tier_4': 3}"
2024-04-15T18:00:00,2539,20,"{'tier_0': 2, 'tier_1': 5, 'tier_2': 6, 'tier_3': 4, 'tier_4': 3}"
2024-04-15T19:00:00,2540,20,"{'tier_0': 2, 'tier_1': 5, 'tier_2': 6, 'tier_3': 4, 'tier_4': 3}"
2024-04-15T20:00:00,2541,20,"{'tier_0': 2, 'tier_1': 4, 'tier_2': 6, 'tier_3': 4, 'tier_4': 4}"
2024-04-15T21:00:00,2542,19,"{'tier_0': 2, 'tier_1': 4, 'tier_2': 6, 'tier_3': 4, 'tier_4': 3}"
2024-04-15T22:00:00,2543,18,"{'tier_0': 2, 'tier_1': 4, 'tier_2': 5, 'tier_3': 4, 'tier_4': 3}"
2024-04-15T23:00:00,2544,20,"{'tier_0': 3, 'tier_1': 4, 'tier_2': 6, 'tier_3': 4, 'tier_4': 3}"
2024-04-16T00:00:00,2545,20,"{'tier_0': 2, 'tier_1': 5, 'tier_2': 6, 'tier_3': 4, 'tier_4': 3}"
2024-04-16T01:00:00,2546,21,"{'tier_0': 2, 'tier_1': 5, 'tier_2': 6, 'tier_3': 4, 'tier_4': 4}"
2024-04-16T02:00:00,2547,18,"{'tier_0': 2, 'tier_1': 4, 'tier_2': 5, 'tier_3': 4, 'tier_4': 3}"
2024-04-16T03:00:00,2548,20,"{'tier_0': 2, 'tier_1': 4, 'tier_2': 6, 'tier_3': 4, 'tier_4': 4}"
2024-04-16T04:00:00,2549,20,"{'tier_0': 2, 'tier_1': 4, 'tier_2': 6, 'tier_3': 4, 'tier_4': 4}"
2024-04-16T05:00:00,2550,20,"{'tier_0': 2, 'tier_1': 5, 'tier_2': 6, 'tier_3': 4, 'tier_4': 3}"
2024-04-16T06:00:00,2551,20,"{'tier_0': 2, 'tier_1': 4, 'tier_2': 5, 'tier_3': 5, 'tier_4': 4}"
2024-04-16T07:00:00,2552,20,"{'tier_0': 2, 'tier_1': 4, 'tier_2': 6, 'tier_3': 4, 'tier_4': 4}"
2024-04-16T08:00:00,2553,20,"{'tier_0': 2, 'tier_1': 5, 'tier_2': 6, 'tier_3': 4, 'tier_4': 3}"
2024-04-16T09:00:00,2554,20,"{'tier_0': 3, 'tier_1': 4, 'tier_2': 6, 'tier_3': 4, 'tier_4': 3}"
2024-04-16T10:00:00,2555,20,"{'tier_0': 2, 'tier_1': 4, 'tier_2': 6, 'tier_3': 4, 'tier_4': 4}"
2024-04-16T11:00:00,2556,21,"{'tier_0': 2, 'tier_1': 5, 'tier_2': 6, 'tier_3': 4, 'tier_4': 4}"
2024-04-16T12:00:00,2557,20,"{'tier_0': 2, 'tier_1': 4, 'tier_2': 6, 'tier_3': 4, 'tier_4': 4}"
2024-04-16T13:00:00,2558,20,"{'tier_0': 3, 'tier_1': 3, 'tier_2': 6, 'tier_3': 4, 'tier_4': 4}"
2024-04-16T14:00:00,2559,21,"{'tier_0': 2, 'tier_1': 5, 'tier_2': 6, 'tier_3': 4, 'tier_4': 4}"
2024-04-16T15:00:00,2560,20,"{'tier_0': 2, 'tier_1': 5, 'tier_2': 6, 'tier_3': 4, 'tier_4': 3}"
2024-04-16T16:00:00,2561,20,"{'tier_0': 3, 'tier_1': 3, 'tier_2': 6, 'tier_3': 4, 'tier_4': 4}"
2024-04-16T17:00:00,2562,20,"{'tier_0': 2, 'tier_1': 4, 'tier_2': 6, 'tier_3': 4, 'tier_4': 4}"
2024-04-16T18:00:00,2563,20,"{'tier_0': 2, 'tier_1': 5, 'tier_2': 6, 'tier_3': 4, 'tier_4': 3}"
2024-04-16T19:00:00,2564,20,"{'tier_0': 2, 'tier_1': 4, 'tier_2': 6, 'tier_3': 4, 'tier_4': 4}"
2024-04-16T20:00:00,2565,19,"{'tier_0': 2, 'tier_1': 4, 'tier_2': 5, 'tier_3': 4, 'tier_4': 4}"
2024-04-16T21:00:00,2566,21,"{'tier_0': 2, 'tier_1': 5, 'tier_2': 6, 'tier_3': 4, 'tier_4': 4}"
2024-04-16T22:00:00,2567,19,"{'tier_0': 2, 'tier_1': 4, 'tier_2': 6, 'tier_3': 4, 'tier_4': 3}"
2024-04-16T23:00:00,2568,20,"{'tier_0': 3, 'tier_1': 3, 'tier_2': 6, 'tier_3': 4, 'tier_4': 4}"
2024-04-17T00:00:00,2569,19,"{'tier_0': 3, 'tier_1': 3, 'tier_2': 5, 'tier_3': 4, 'tier_4': 4}"
2024-04-17T01:00:00,2570,20,"{'tier_0': 3, 'tier_1': 3, 'tier_2': 6, 'tier_3': 4, 'tier_4': 4}"
2024-04-17T02:00:00,2571,20,"{'tier_0': 3, 'tier_1': 4, 'tier_2': 6, 'tier_3': 4, 'tier_4': 3}"
2024-04-17T03:00:00,2572,20,"{'tier_0': 2, 'tier_1': 5, 'tier_2': 6, 'tier_3': 4, 'tier_4': 3}"
2024-04-17T04:00:00,2573,20,"{'tier_0': 2, 'tier_1': 4, 'tier_2': 6, 'tier_3': 4, 'tier_4': 4}"
2024-04-17T05:00:00,2574,20,"{'tier_0': 2, 'tier_1': 5, 'tier_2': 6, 'tier_3': 4, 'tier_4': 3}"
2024-04-17T06:00:00,2575,20,"{'tier_0': 2, 'tier_1': 4, 'tier_2': 6, 'tier_3': 4, 'tier_4': 4}"
2024-04-17T07:00:00,2576,20,"{'tier_0': 2, 'tier_1': 4, 'tier_2': 6, 'tier_3': 4, 'tier_4': 4}"
2024-04-17T08:00:00,2577,20,"{'tier_0': 2, 'tier_1': 5, 'tier_2': 6, 'tier_3': 4, 'tier_4': 3}"
2024-04-17T09:00:00,2578,20,"{'tier_0': 3, 'tier_1': 4, 'tier_2': 6, 'tier_3': 4, 'tier_4': 3}"
2024-04-17T10:00:00,2579,21,"{'tier_0': 3, 'tier_1': 4, 'tier_2': 6, 'tier_3': 4, 'tier_4': 4}"
2024-04-17T11:00:00,2580,19,"{'tier_0': 2, 'tier_1': 4, 'tier_2': 6, 'tier_3': 4, 'tier_4': 3}"
2024-04-17T12:00:00,2581,20,"{'tier_0': 3, 'tier_1': 4, 'tier_2': 6, 'tier_3': 4, 'tier_4': 3}"
2024-04-17T13:00:00,2582,20,"{'tier_0': 2, 'tier_1': 4, 'tier_2': 6, 'tier_3': 4, 'tier_4': 4}"
2024-04-17T14:00:00,2583,21,"{'tier_0': 2, 'tier_1': 4, 'tier_2': 6, 'tier_3': 5, 'tier_4': 4}"
2024-04-17T15:00:00,2584,19,"{'tier_0': 2, 'tier_1': 4, 'tier_2': 5, 'tier_3': 4, 'tier_4': 4}"
2024-04-17T16:00:00,2585,20,"{'tier_0': 3, 'tier_1': 3, 'tier_2': 6, 'tier_3': 4, 'tier_4': 4}"
2024-04-17T17:00:00,2586,19,"{'tier_0': 2, 'tier_1': 4, 'tier_2': 6, 'tier_3': 4, 'tier_4': 3}"
2024-04-17T18:00:00,2587,19,"{'tier_0': 2, 'tier_1': 4, 'tier_2': 6, 'tier_3': 4, 'tier_4': 3}"
2024-04-17T19:00:00,2588,20,"{'tier_0': 2, 'tier_1': 5, 'tier_2': 6, 'tier_3': 4, 'tier_4': 3}"
2024-04-17T20:00:00,2589,21,"{'tier_0': 3, 'tier_1': 4, 'tier_2': 6, 'tier_3': 4, 'tier_4': 4}"
2024-04-17T21:00:00,2590,20,"{'tier_0': 2, 'tier_1': 4, 'tier_2': 6, 'tier_3': 4, 'tier_4': 4}"
2024-04-17T22:00:00,2591,20,"{'tier_0': 2, 'tier_1': 5, 'tier_2': 6, 'tier_3': 4, 'tier_4': 3}"
2024-04-17T23:00:00,2592,20,"{'tier_0': 2, 'tier_1': 5, 'tier_2': 6, 'tier_3': 4, 'tier_4': 3}"
2024-04-18T00:00:00,2593,19,"{'tier_0': 2, 'tier_1': 4, 'tier_2': 5, 'tier_3': 4, 'tier_4': 4}"
2024-04-18T01:00:00,2594,19,"{'tier_0': 2, 'tier_1': 4, 'tier_2': 6, 'tier_3': 4, 'tier_4': 3}"
2024-04-18T02:00:00,2595,19,"{'tier_0': 2, 'tier_1': 4, 'tier_2': 5, 'tier_3': 4, 'tier_4': 4}"
2024-04-18T03:00:00,2596,20,"{'tier_0': 2, 'tier_1': 5, 'tier_2': 6, 'tier_3': 4, 'tier_4': 3}"
2024-04-18T04:00:00,2597,20,"{'tier_0': 2, 'tier_1': 5, 'tier_2': 6, 'tier_3': 4, 'tier_4': 3}"
2024-04-18T05:00:00,2598,19,"{'tier_0': 2, 'tier_1': 4, 'tier_2': 5, 'tier_3': 5, 'tier_4': 3}"
2024-04-18T06:00:00,2599,19,"{'tier_0': 2, 'tier_1': 4, 'tier_2': 6, 'tier_3': 4, 'tier_4': 3}"
2024-04-18T07:00:00,2600,20,"{'tier_0': 2, 'tier_1': 4, 'tier_2': 6, 'tier_3': 4, 'tier_4': 4}"
2024-04-18T08:00:00,2601,20,"{'tier_0': 2, 'tier_1': 4, 'tier_2': 6, 'tier_3': 4, 'tier_4': 4}"
2024-04-18T09:00:00,2602,18,"{'tier_0': 2, 'tier_1': 4, 'tier_2': 5, 'tier_3': 4, 'tier_4': 3}"
2024-04-18T10:00:00,2603,20,"{'tier_0': 2, 'tier_1': 4, 'tier_2': 5, 'tier_3': 5, 'tier_4': 4}"
2024-04-18T11:00:00,2604,20,"{'tier_0': 2, 'tier_1': 5, 'tier_2': 6, 'tier_3': 4, 'tier_4': 3}"
2024-04-18T12:00:00,2605,19,"{'tier_0': 2, 'tier_1': 4, 'tier_2': 5, 'tier_3': 4, 'tier_4': 4}"
2024-04-18T13:00:00,2606,20,"{'tier_0': 2, 'tier_1': 5, 'tier_2': 6, 'tier_3': 4, 'tier_4': 3}"
2024-04-18T14:00:00,2607,20,"{'tier_0': 2, 'tier_1': 4, 'tier_2': 6, 'tier_3': 4, 'tier_4': 4}"
2024-04-18T15:00:00,2608,20,"{'tier_0': 2, 'tier_1': 4, 'tier_2': 6, 'tier_3': 4, 'tier_4': 4}"
2024-04-18T16:00:00,2609,21,"{'tier_0': 2, 'tier_1': 5, 'tier_2': 6, 'tier_3': 4, 'tier_4': 4}"
2024-04-18T17:00:00,2610,20,"{'tier_0': 2, 'tier_1': 5, 'tier_2': 6, 'tier_3': 4, 'tier_4': 3}"
2024-04-18T18:00:00,2611,20,"{'tier_0': 2, 'tier_1': 4, 'tier_2': 6, 'tier_3': 4, 'tier_4': 4}"
2024-04-18T19:00:00,2612,21,"{'tier_0': 2, 'tier_1': 5, 'tier_2': 6, 'tier_3': 4, 'tier_4': 4}"
2024-04-18T20:00:00,2613,21,"{'tier_0': 2, 'tier_1': 4, 'tier_2': 6, 'tier_3': 5, 'tier_4': 4}"
2024-04-18T21:00:00,2614,20,"{'tier_0': 2, 'tier_1': 5, 'tier_2': 6, 'tier_3': 4, 'tier_4': 3}"
2024-04-18T22:00:00,2615,19,"{'tier_0': 2, 'tier_1': 4, 'tier_2': 6, 'tier_3': 4, 'tier_4': 3}"
2024-04-18T23:00:00,2616,20,"{'tier_0': 3, 'tier_1': 3, 'tier_2': 6, 'tier_3': 4, 'tier_4': 4}"
2024-04-19T00:00:00,2617,20,"{'tier_0': 2, 'tier_1': 4, 'tier_2': 6, 'tier_3': 4, 'tier_4': 4}"
2024-04-19T01:00:00,2618,19,"{'tier_0': 2, 'tier_1': 4, 'tier_2': 5, 'tier_3': 4, 'tier_4': 4}"
2024-04-19T02:00:00,2619,18,"{'tier_0': 2, 'tier_1': 4, 'tier_2': 5, 'tier_3': 4, 'tier_4': 3}"
2024-04-19T03:00:00,2620,18,"{'tier_0': 2, 'tier_1': 4, 'tier_2': 5, 'tier_3': 4, 'tier_4': 3}"
2024-04-19T04:00:00,2621,20,"{'tier_0': 2, 'tier_1': 4, 'tier_2': 6, 'tier_3': 4, 'tier_4': 4}"
2024-04-19T05:00:00,2622,19,"{'tier_0': 2, 'tier_1': 4, 'tier_2': 6, 'tier_3': 4, 'tier_4': 3}"
2024-04-19T06:00:00,2623,21,"{'tier_0': 4, 'tier_1': 3, 'tier_2': 6, 'tier_3': 4, 'tier_4': 4}"
2024-04-19T07:00:00,2624,20,"{'tier_0': 2, 'tier_1': 5, 'tier_2': 6, 'tier_3': 4, 'tier_4': 3}"
2024-04-19T08:00:00,2625,19,"{'tier_0': 2, 'tier_1': 4, 'tier_2': 6, 'tier_3': 4, 'tier_4': 3}"
2024-04-19T09:00:00,2626,20,"{'tier_0': 2, 'tier_1': 5, 'tier_2': 6, 'tier_3': 4, 'tier_4': 3}"
2024-04-19T10:00:00,2627,20,"{'tier_0': 2, 'tier_1': 5, 'tier_2': 6, 'tier_3': 4, 'tier_4': 3}"
2024-04-19T11:00:00,2628,19,"{'tier_0': 2, 'tier_1': 4, 'tier_2': 6, 'tier_3': 4, 'tier_4': 3}"
2024-04-19T12:00:00,2629,20,"{'tier_0': 2, 'tier_1': 4, 'tier_2': 6, 'tier_3': 4, 'tier_4': 4}"
2024-04-19T13:00:00,2630,20,"{'tier_0': 2, 'tier_1': 5, 'tier_2': 6, 'tier_3': 4, 'tier_4': 3}"
2024-04-19T14:00:00,2631,20,"{'tier_0': 2, 'tier_1': 4, 'tier_2': 5, 'tier_3': 5, 'tier_4': 4}"
2024-04-19T15:00:00,2632,20,"{'tier_0': 2, 'tier_1': 4, 'tier_2': 6, 'tier_3': 4, 'tier_4': 4}"
2024-04-19T16:00:00,2633,20,"{'tier_0': 2, 'tier_1': 4, 'tier_2': 6, 'tier_3': 4, 'tier_4': 4}"
2024-04-19T17:00:00,2634,20,"{'tier_0': 2, 'tier_1': 4, 'tier_2': 6, 'tier_3': 4, 'tier_4': 4}"
2024-04-19T18:00:00,2635,20,"{'tier_0': 3, 'tier_1': 3, 'tier_2': 6, 'tier_3': 4, 'tier_4': 4}"
2024-04-19T19:00:00,2636,21,"{'tier_0': 3, 'tier_1': 4, 'tier_2': 6, 'tier_3': 4, 'tier_4': 4}"
2024-04-19T20:00:00,2637,20,"{'tier_0': 2, 'tier_1': 4, 'tier_2': 6, 'tier_3': 4, 'tier_4': 4}"
2024-04-19T21:00:00,2638,20,"{'tier_0': 3, 'tier_1': 3, 'tier_2': 6, 'tier_3': 4, 'tier_4': 4}"
2024-04-19T22:00:00,2639,20,"{'tier_0': 3, 'tier_1': 4, 'tier_2': 6, 'tier_3': 4, 'tier_4': 3}"
2024-04-19T23:00:00,2640,19,"{'tier_0': 2, 'tier_1': 4, 'tier_2': 6, 'tier_3': 4, 'tier_4': 3}"
2024-04-20T00:00:00,2641,19,"{'tier_0': 2, 'tier_1': 4, 'tier_2': 6, 'tier_3': 4, 'tier_4': 3}"
2024-04-20T01:00:00,2642,20,"{'tier_0': 2, 'tier_1': 5, 'tier_2': 6, 'tier_3': 4, 'tier_4': 3}"
2024-04-20T02:00:00,2643,18,"{'tier_0': 2, 'tier_1': 4, 'tier_2': 5, 'tier_3': 4, 'tier_4': 3}"
2024-04-20T03:00:00,2644,20,"{'tier_0': 2, 'tier_1': 5, 'tier_2': 6, 'tier_3': 4, 'tier_4': 3}"
2024-04-20T04:00:00,2645,20,"{'tier_0': 2, 'tier_1': 5, 'tier_2': 6, 'tier_3': 4, 'tier_4': 3}"
2024-04-20T05:00:00,2646,20,"{'tier_0': 3, 'tier_1': 3, 'tier_2': 6, 'tier_3': 4, 'tier_4': 4}"
2024-04-20T06:00:00,2647,20,"{'tier_0': 2, 'tier_1': 4, 'tier_2': 6, 'tier_3': 4, 'tier_4': 4}"
2024-04-20T07:00:00,2648,20,"{'tier_0': 2, 'tier_1': 5, 'tier_2': 6, 'tier_3': 4, 'tier_4': 3}"
2024-04-20T08:00:00,2649,21,"{'tier_0': 2, 'tier_1': 4, 'tier_2': 6, 'tier_3': 5, 'tier_4': 4}"
2024-04-20T09:00:00,2650,20,"{'tier_0': 2, 'tier_1': 4, 'tier_2': 5, 'tier_3': 5, 'tier_4': 4}"
2024-04-20T10:00:00,2651,20,"{'tier_0': 2, 'tier_1': 5, 'tier_2': 6, 'tier_3': 4, 'tier_4': 3}"
2024-04-20T11:00:00,2652,21,"{'tier_0': 2, 'tier_1': 5, 'tier_2': 6, 'tier_3': 4, 'tier_4': 4}"
2024-04-20T12:00:00,2653,20,"{'tier_0': 2, 'tier_1': 5, 'tier_2': 6, 'tier_3': 4, 'tier_4': 3}"
2024-04-20T13:00:00,2654,20,"{'tier_0': 2, 'tier_1': 4, 'tier_2': 6, 'tier_3': 4, 'tier_4': 4}"
2024-04-20T14:00:00,2655,20,"{'tier_0': 2, 'tier_1': 5, 'tier_2': 6, 'tier_3': 4, 'tier_4': 3}"
2024-04-20T15:00:00,2656,20,"{'tier_0': 2, 'tier_1': 5, 'tier_2': 6, 'tier_3': 4, 'tier_4': 3}"
2024-04-20T16:00:00,2657,20,"{'tier_0': 2, 'tier_1': 5, 'tier_2': 6, 'tier_3': 4, 'tier_4': 3}"
2024-04-20T17:00:00,2658,21,"{'tier_0': 2, 'tier_1': 4, 'tier_2': 6, 'tier_3': 5, 'tier_4': 4}"
2024-04-20T18:00:00,2659,19,"{'tier_0': 1, 'tier_1': 5, 'tier_2': 5, 'tier_3': 4, 'tier_4': 4}"
2024-04-20T19:00:00,2660,20,"{'tier_0': 2, 'tier_1': 5, 'tier_2': 6, 'tier_3': 4, 'tier_4': 3}"
2024-04-20T20:00:00,2661,21,"{'tier_0': 2, 'tier_1': 5, 'tier_2': 6, 'tier_3': 4, 'tier_4': 4}"
2024-04-20T21:00:00,2662,19,"{'tier_0': 1, 'tier_1': 5, 'tier_2': 5, 'tier_3': 4, 'tier_4': 4}"
2024-04-20T22:00:00,2663,20,"{'tier_0': 2, 'tier_1': 4, 'tier_2': 6, 'tier_3': 4, 'tier_4': 4}"
2024-04-20T23:00:00,2664,20,"{'tier_0': 2, 'tier_1': 4, 'tier_2': 6, 'tier_3': 4, 'tier_4': 4}"
2024-04-21T00:00:00,2665,19,"{'tier_0': 2, 'tier_1': 4, 'tier_2': 6, 'tier_3': 4, 'tier_4': 3}"
2024-04-21T01:00:00,2666,18,"{'tier_0': 2, 'tier_1': 4, 'tier_2': 5, 'tier_3': 4, 'tier_4': 3}"
2024-04-21T02:00:00,2667,20,"{'tier_0': 2, 'tier_1': 5, 'tier_2': 6, 'tier_3': 4, 'tier_4': 3}"
2024-04-21T03:00:00,2668,20,"{'tier_0': 2, 'tier_1': 4, 'tier_2': 6, 'tier_3': 4, 'tier_4': 4}"
2024-04-21T04:00:00,2669,20,"{'tier_0': 2, 'tier_1': 4, 'tier_2': 6, 'tier_3': 4, 'tier_4': 4}"
2024-04-21T05:00:00,2670,21,"{'tier_0': 2, 'tier_1': 4, 'tier_2': 6, 'tier_3': 5, 'tier_4': 4}"
2024-04-21T06:00:00,2671,19,"{'tier_0': 3, 'tier_1': 3, 'tier_2': 5, 'tier_3': 4, 'tier_4': 4}"
2024-04-21T07:00:00,2672,20,"{'tier_0': 2, 'tier_1': 5, 'tier_2': 6, 'tier_3': 4, 'tier_4': 3}"
2024-04-21T08:00:00,2673,20,"{'tier_0': 2, 'tier_1': 4, 'tier_2': 6, 'tier_3': 4, 'tier_4': 4}"
2024-04-21T09:00:00,2674,20,"{'tier_0': 2, 'tier_1': 5, 'tier_2': 6, 'tier_3': 4, 'tier_4': 3}"
2024-04-21T10:00:00,2675,20,"{'tier_0': 2, 'tier_1': 4, 'tier_2': 6, 'tier_3': 4, 'tier_4': 4}"
2024-04-21T11:00:00,2676,20,"{'tier_0': 2, 'tier_1': 5, 'tier_2': 6, 'tier_3': 4, 'tier_4': 3}"
2024-04-21T12:00:00,2677,19,"{'tier_0': 2, 'tier_1': 4, 'tier_2': 6, 'tier_3': 4, 'tier_4': 3}"
2024-04-21T13:00:00,2678,20,"{'tier_0': 2, 'tier_1': 4, 'tier_2': 6, 'tier_3': 4, 'tier_4': 4}"
2024-04-21T14:00:00,2679,20,"{'tier_0': 3, 'tier_1': 3, 'tier_2': 6, 'tier_3': 4, 'tier_4': 4}"
2024-04-21T15:00:00,2680,20,"{'tier_0': 2, 'tier_1': 5, 'tier_2': 6, 'tier_3': 4, 'tier_4': 3}"
2024-04-21T16:00:00,2681,20,"{'tier_0': 2, 'tier_1': 5, 'tier_2': 6, 'tier_3': 4, 'tier_4': 3}"
2024-04-21T17:00:00,2682,20,"{'tier_0': 2, 'tier_1': 4, 'tier_2': 6, 'tier_3': 4, 'tier_4': 4}"
2024-04-21T18:00:00,2683,21,"{'tier_0': 2, 'tier_1': 5, 'tier_2': 6, 'tier_3': 5, 'tier_4': 3}"
2024-04-21T19:00:00,2684,21,"{'tier_0': 3, 'tier_1': 4, 'tier_2': 6, 'tier_3': 4, 'tier_4': 4}"
2024-04-21T20:00:00,2685,20,"{'tier_0': 2, 'tier_1': 4, 'tier_2': 6, 'tier_3': 4, 'tier_4': 4}"
2024-04-21T21:00:00,2686,20,"{'tier_0': 2, 'tier_1': 5, 'tier_2': 6, 'tier_3': 4, 'tier_4': 3}"
2024-04-21T22:00:00,2687,20,"{'tier_0': 2, 'tier_1': 5, 'tier_2': 6, 'tier_3': 4, 'tier_4': 3}"
2024-04-21T23:00:00,2688,21,"{'tier_0': 2, 'tier_1': 5, 'tier_2': 6, 'tier_3': 4, 'tier_4': 4}"
2024-04-22T00:00:00,2689,20,"{'tier_0': 2, 'tier_1': 5, 'tier_2': 6, 'tier_3': 4, 'tier_4': 3}"
2024-04-22T01:00:00,2690,21,"{'tier_0': 2, 'tier_1': 4, 'tier_2': 6, 'tier_3': 5, 'tier_4': 4}"
2024-04-22T02:00:00,2691,19,"{'tier_0': 2, 'tier_1': 4, 'tier_2': 6, 'tier_3': 4, 'tier_4': 3}"
2024-04-22T03:00:00,2692,19,"{'tier_0': 2, 'tier_1': 4, 'tier_2': 5, 'tier_3': 4, 'tier_4': 4}"
2024-04-22T04:00:00,2693,20,"{'tier_0': 2, 'tier_1': 5, 'tier_2': 6, 'tier_3': 4, 'tier_4': 3}"
2024-04-22T05:00:00,2694,20,"{'tier_0': 2, 'tier_1': 4, 'tier_2': 6, 'tier_3': 4, 'tier_4': 4}"
2024-04-22T06:00:00,2695,20,"{'tier_0': 2, 'tier_1': 5, 'tier_2': 6, 'tier_3': 4, 'tier_4': 3}"
2024-04-22T07:00:00,2696,20,"{'tier_0': 2, 'tier_1': 4, 'tier_2': 6, 'tier_3': 4, 'tier_4': 4}"
2024-04-22T08:00:00,2697,20,"{'tier_0': 2, 'tier_1': 4, 'tier_2': 6, 'tier_3': 4, 'tier_4': 4}"
2024-04-22T09:00:00,2698,19,"{'tier_0': 1, 'tier_1': 5, 'tier_2': 5, 'tier_3': 4, 'tier_4': 4}"
2024-04-22T10:00:00,2699,20,"{'tier_0': 3, 'tier_1': 4, 'tier_2': 6, 'tier_3': 4, 'tier_4': 3}"
2024-04-22T11:00:00,2700,20,"{'tier_0': 4, 'tier_1': 3, 'tier_2': 6, 'tier_3': 4, 'tier_4': 3}"
2024-04-22T12:00:00,2701,19,"{'tier_0': 2, 'tier_1': 4, 'tier_2': 5, 'tier_3': 5, 'tier_4': 3}"
2024-04-22T13:00:00,2702,21,"{'tier_0': 2, 'tier_1': 4, 'tier_2': 6, 'tier_3': 5, 'tier_4': 4}"
2024-04-22T14:00:00,2703,20,"{'tier_0': 2, 'tier_1': 5, 'tier_2': 6, 'tier_3': 4, 'tier_4': 3}"
2024-04-22T15:00:00,2704,20,"{'tier_0': 2, 'tier_1': 5, 'tier_2': 6, 'tier_3': 4, 'tier_4': 3}"
2024-04-22T16:00:00,2705,20,"{'tier_0': 2, 'tier_1': 5, 'tier_2': 6, 'tier_3': 4, 'tier_4': 3}"
2024-04-22T17:00:00,2706,20,"{'tier_0': 2, 'tier_1': 5, 'tier_2': 6, 'tier_3': 4, 'tier_4': 3}"
2024-04-22T18:00:00,2707,21,"{'tier_0': 3, 'tier_1': 4, 'tier_2': 6, 'tier_3': 4, 'tier_4': 4}"
2024-04-22T19:00:00,2708,19,"{'tier_0': 2, 'tier_1': 4, 'tier_2': 5, 'tier_3': 4, 'tier_4': 4}"
2024-04-22T20:00:00,2709,21,"{'tier_0': 3, 'tier_1': 4, 'tier_2': 6, 'tier_3': 4, 'tier_4': 4}"
2024-04-22T21:00:00,2710,20,"{'tier_0': 2, 'tier_1': 4, 'tier_2': 6, 'tier_3': 4, 'tier_4': 4}"
2024-04-22T22:00:00,2711,20,"{'tier_0': 2, 'tier_1': 4, 'tier_2': 6, 'tier_3': 4, 'tier_4': 4}"
2024-04-22T23:00:00,2712,18,"{'tier_0': 2, 'tier_1': 4, 'tier_2': 5, 'tier_3': 4, 'tier_4': 3}"
2024-04-23T00:00:00,2713,19,"{'tier_0': 2, 'tier_1': 4, 'tier_2': 5, 'tier_3': 5, 'tier_4': 3}"
2024-04-23T01:00:00,2714,18,"{'tier_0': 2, 'tier_1': 4, 'tier_2': 5, 'tier_3': 4, 'tier_4': 3}"
2024-04-23T02:00:00,2715,20,"{'tier_0': 2, 'tier_1': 4, 'tier_2': 6, 'tier_3': 4, 'tier_4': 4}"
2024-04-23T03:00:00,2716,20,"{'tier_0': 2, 'tier_1': 4, 'tier_2': 6, 'tier_3': 4, 'tier_4': 4}"
2024-04-23T04:00:00,2717,21,"{'tier_0': 2, 'tier_1': 5, 'tier_2': 6, 'tier_3': 5, 'tier_4': 3}"
2024-04-23T05:00:00,2718,20,"{'tier_0': 2, 'tier_1': 5, 'tier_2': 6, 'tier_3': 4, 'tier_4': 3}"
2024-04-23T06:00:00,2719,21,"{'tier_0': 2, 'tier_1': 5, 'tier_2': 6, 'tier_3': 4, 'tier_4': 4}"
2024-04-23T07:00:00,2720,21,"{'tier_0': 2, 'tier_1': 5, 'tier_2': 6, 'tier_3': 4, 'tier_4': 4}"
2024-04-23T08:00:00,2721,19,"{'tier_0': 2, 'tier_1': 4, 'tier_2': 5, 'tier_3': 4, 'tier_4': 4}"
2024-04-23T09:00:00,2722,20,"{'tier_0': 2, 'tier_1': 4, 'tier_2': 5, 'tier_3': 5, 'tier_4': 4}"
2024-04-23T10:00:00,2723,21,"{'tier_0': 2, 'tier_1': 5, 'tier_2': 6, 'tier_3': 4, 'tier_4': 4}"
2024-04-23T11:00:00,2724,18,"{'tier_0': 2, 'tier_1': 4, 'tier_2': 5, 'tier_3': 4, 'tier_4': 3}"
2024-04-23T12:00:00,2725,20,"{'tier_0': 2, 'tier_1': 5, 'tier_2': 6, 'tier_3': 4, 'tier_4': 3}"
2024-04-23T13:00:00,2726,20,"{'tier_0': 2, 'tier_1': 5, 'tier_2': 6, 'tier_3': 4, 'tier_4': 3}"
2024-04-23T14:00:00,2727,20,"{'tier_0': 2, 'tier_1': 4, 'tier_2': 6, 'tier_3': 4, 'tier_4': 4}"
2024-04-23T15:00:00,2728,19,"{'tier_0': 2, 'tier_1': 4, 'tier_2': 6, 'tier_3': 4, 'tier_4': 3}"
2024-04-23T16:00:00,2729,19,"{'tier_0': 2, 'tier_1': 4, 'tier_2': 5, 'tier_3': 4, 'tier_4': 4}"
2024-04-23T17:00:00,2730,19,"{'tier_0': 2, 'tier_1': 4, 'tier_2': 5, 'tier_3': 4, 'tier_4': 4}"
2024-04-23T18:00:00,2731,20,"{'tier_0': 2, 'tier_1': 5, 'tier_2': 6, 'tier_3': 4, 'tier_4': 3}"
2024-04-23T19:00:00,2732,20,"{'tier_0': 2, 'tier_1': 5, 'tier_2': 6, 'tier_3': 4, 'tier_4': 3}"
2024-04-23T20:00:00,2733,20,"{'tier_0': 2, 'tier_1': 5, 'tier_2': 6, 'tier_3': 4, 'tier_4': 3}"
2024-04-23T21:00:00,2734,19,"{'tier_0': 1, 'tier_1': 5, 'tier_2': 5, 'tier_3': 4, 'tier_4': 4}"
2024-04-23T22:00:00,2735,19,"{'tier_0': 2, 'tier_1': 4, 'tier_2': 5, 'tier_3': 4, 'tier_4': 4}"
2024-04-23T23:00:00,2736,20,"{'tier_0': 2, 'tier_1': 5, 'tier_2': 6, 'tier_3': 4, 'tier_4': 3}"
2024-04-24T00:00:00,2737,20,"{'tier_0': 2, 'tier_1': 5, 'tier_2': 6, 'tier_3': 4, 'tier_4': 3}"
2024-04-24T01:00:00,2738,20,"{'tier_0': 2, 'tier_1': 5, 'tier_2': 6, 'tier_3': 4, 'tier_4': 3}"
2024-04-24T02:00:00,2739,19,"{'tier_0': 2, 'tier_1': 4, 'tier_2': 6, 'tier_3': 4, 'tier_4': 3}"
2024-04-24T03:00:00,2740,20,"{'tier_0': 2, 'tier_1': 4, 'tier_2': 6, 'tier_3': 4, 'tier_4': 4}"
2024-04-24T04:00:00,2741,21,"{'tier_0': 2, 'tier_1': 5, 'tier_2': 6, 'tier_3': 4, 'tier_4': 4}"
2024-04-24T05:00:00,2742,20,"{'tier_0': 2, 'tier_1': 5, 'tier_2': 6, 'tier_3': 4, 'tier_4': 3}"
2024-04-24T06:00:00,2743,21,"{'tier_0': 4, 'tier_1': 3, 'tier_2': 6, 'tier_3': 4, 'tier_4': 4}"
2024-04-24T07:00:00,2744,18,"{'tier_0': 2, 'tier_1': 4, 'tier_2': 5, 'tier_3': 4, 'tier_4': 3}"
2024-04-24T08:00:00,2745,20,"{'tier_0': 2, 'tier_1': 5, 'tier_2': 6, 'tier_3': 4, 'tier_4': 3}"
2024-04-24T09:00:00,2746,20,"{'tier_0': 3, 'tier_1': 4, 'tier_2': 6, 'tier_3': 4, 'tier_4': 3}"
2024-04-24T10:00:00,2747,20,"{'tier_0': 3, 'tier_1': 3, 'tier_2': 6, 'tier_3': 4, 'tier_4': 4}"
2024-04-24T11:00:00,2748,20,"{'tier_0': 2, 'tier_1': 5, 'tier_2': 6, 'tier_3': 4, 'tier_4': 3}"
2024-04-24T12:00:00,2749,20,"{'tier_0': 2, 'tier_1': 5, 'tier_2': 6, 'tier_3': 4, 'tier_4': 3}"
2024-04-24T13:00:00,2750,21,"{'tier_0': 2, 'tier_1': 5, 'tier_2': 6, 'tier_3': 4, 'tier_4': 4}"
2024-04-24T14:00:00,2751,20,"{'tier_0': 2, 'tier_1': 5, 'tier_2': 6, 'tier_3': 4, 'tier_4': 3}"
2024-04-24T15:00:00,2752,20,"{'tier_0': 2, 'tier_1': 5, 'tier_2': 6, 'tier_3': 4, 'tier_4': 3}"
2024-04-24T16:00:00,2753,20,"{'tier_0': 2, 'tier_1': 4, 'tier_2': 6, 'tier_3': 4, 'tier_4': 4}"
2024-04-24T17:00:00,2754,21,"{'tier_0': 2, 'tier_1': 5, 'tier_2': 6, 'tier_3': 4, 'tier_4': 4}"
2024-04-24T18:00:00,2755,20,"{'tier_0': 2, 'tier_1': 4, 'tier_2': 6, 'tier_3': 4, 'tier_4': 4}"
2024-04-24T19:00:00,2756,21,"{'tier_0': 3, 'tier_1': 4, 'tier_2': 6, 'tier_3': 4, 'tier_4': 4}"
2024-04-24T20:00:00,2757,20,"{'tier_0': 2, 'tier_1': 4, 'tier_2': 6, 'tier_3': 4, 'tier_4': 4}"
2024-04-24T21:00:00,2758,19,"{'tier_0': 2, 'tier_1': 4, 'tier_2': 5, 'tier_3': 4, 'tier_4': 4}"
2024-04-24T22:00:00,2759,18,"{'tier_0': 2, 'tier_1': 4, 'tier_2': 5, 'tier_3': 4, 'tier_4': 3}"
2024-04-24T23:00:00,2760,21,"{'tier_0': 2, 'tier_1': 5, 'tier_2': 6, 'tier_3': 4, 'tier_4': 4}"
2024-04-25T00:00:00,2761,20,"{'tier_0': 2, 'tier_1': 4, 'tier_2': 6, 'tier_3': 4, 'tier_4': 4}"
2024-04-25T01:00:00,2762,20,"{'tier_0': 2, 'tier_1': 5, 'tier_2': 6, 'tier_3': 4, 'tier_4': 3}"
2024-04-25T02:00:00,2763,20,"{'tier_0': 2, 'tier_1': 4, 'tier_2': 6, 'tier_3': 4, 'tier_4': 4}"
2024-04-25T03:00:00,2764,20,"{'tier_0': 2, 'tier_1': 4, 'tier_2': 6, 'tier_3': 4, 'tier_4': 4}"
2024-04-25T04:00:00,2765,20,"{'tier_0': 2, 'tier_1': 5, 'tier_2': 6, 'tier_3': 4, 'tier_4': 3}"
2024-04-25T05:00:00,2766,20,"{'tier_0': 3, 'tier_1': 4, 'tier_2': 6, 'tier_3': 4, 'tier_4': 3}"
2024-04-25T06:00:00,2767,20,"{'tier_0': 2, 'tier_1': 4, 'tier_2': 6, 'tier_3': 4, 'tier_4': 4}"
2024-04-25T07:00:00,2768,20,"{'tier_0': 2, 'tier_1': 4, 'tier_2': 6, 'tier_3': 4, 'tier_4': 4}"
2024-04-25T08:00:00,2769,21,"{'tier_0': 2, 'tier_1': 5, 'tier_2': 6, 'tier_3': 4, 'tier_4': 4}"
2024-04-25T09:00:00,2770,20,"{'tier_0': 2, 'tier_1': 4, 'tier_2': 6, 'tier_3': 4, 'tier_4': 4}"
2024-04-25T10:00:00,2771,20,"{'tier_0': 2, 'tier_1': 5, 'tier_2': 6, 'tier_3': 4, 'tier_4': 3}"
2024-04-25T11:00:00,2772,20,"{'tier_0': 2, 'tier_1': 4, 'tier_2': 6, 'tier_3': 4, 'tier_4': 4}"
2024-04-25T12:00:00,2773,20,"{'tier_0': 2, 'tier_1': 4, 'tier_2': 6, 'tier_3': 4, 'tier_4': 4}"
2024-04-25T13:00:00,2774,20,"{'tier_0': 2, 'tier_1': 4, 'tier_2': 6, 'tier_3': 4, 'tier_4': 4}"
2024-04-25T14:00:00,2775,20,"{'tier_0': 2, 'tier_1': 5, 'tier_2': 6, 'tier_3': 4, 'tier_4': 3}"
2024-04-25T15:00:00,2776,20,"{'tier_0': 3, 'tier_1': 3, 'tier_2': 6, 'tier_3': 4, 'tier_4': 4}"
2024-04-25T16:00:00,2777,20,"{'tier_0': 2, 'tier_1': 4, 'tier_2': 6, 'tier_3': 4, 'tier_4': 4}"
2024-04-25T17:00:00,2778,20,"{'tier_0': 2, 'tier_1': 5, 'tier_2': 6, 'tier_3': 4, 'tier_4': 3}"
2024-04-25T18:00:00,2779,20,"{'tier_0': 3, 'tier_1': 3, 'tier_2': 6, 'tier_3': 4, 'tier_4': 4}"
2024-04-25T19:00:00,2780,21,"{'tier_0': 2, 'tier_1': 4, 'tier_2': 6, 'tier_3': 5, 'tier_4': 4}"
2024-04-25T20:00:00,2781,20,"{'tier_0': 3, 'tier_1': 4, 'tier_2': 6, 'tier_3': 4, 'tier_4': 3}"
2024-04-25T21:00:00,2782,20,"{'tier_0': 3, 'tier_1': 4, 'tier_2': 6, 'tier_3': 4, 'tier_4': 3}"
2024-04-25T22:00:00,2783,20,"{'tier_0': 2, 'tier_1': 4, 'tier_2': 6, 'tier_3': 4, 'tier_4': 4}"
2024-04-25T23:00:00,2784,21,"{'tier_0': 2, 'tier_1': 5, 'tier_2': 6, 'tier_3': 4, 'tier_4': 4}"
2024-04-26T00:00:00,2785,20,"{'tier_0': 2, 'tier_1': 4, 'tier_2': 6, 'tier_3': 4, 'tier_4': 4}"
2024-04-26T01:00:00,2786,20,"{'tier_0': 2, 'tier_1': 5, 'tier_2': 6, 'tier_3': 4, 'tier_4': 3}"
2024-04-26T02:00:00,2787,21,"{'tier_0': 3, 'tier_1': 4, 'tier_2': 6, 'tier_3': 4, 'tier_4': 4}"
2024-04-26T03:00:00,2788,21,"{'tier_0': 2, 'tier_1': 5, 'tier_2': 6, 'tier_3': 4, 'tier_4': 4}"
2024-04-26T04:00:00,2789,19,"{'tier_0': 2, 'tier_1': 4, 'tier_2': 6, 'tier_3': 4, 'tier_4': 3}"
2024-04-26T05:00:00,2790,20,"{'tier_0': 2, 'tier_1': 5, 'tier_2': 6, 'tier_3': 4, 'tier_4': 3}"
2024-04-26T06:00:00,2791,20,"{'tier_0': 2, 'tier_1': 4, 'tier_2': 6, 'tier_3': 4, 'tier_4': 4}"
2024-04-26T07:00:00,2792,20,"{'tier_0': 2, 'tier_1': 5, 'tier_2': 6, 'tier_3': 4, 'tier_4': 3}"
2024-04-26T08:00:00,2793,20,"{'tier_0': 3, 'tier_1': 4, 'tier_2': 6, 'tier_3': 4, 'tier_4': 3}"
2024-04-26T09:00:00,2794,21,"{'tier_0': 3, 'tier_1': 4, 'tier_2': 6, 'tier_3': 4, 'tier_4': 4}"
2024-04-26T10:00:00,2795,20,"{'tier_0': 2, 'tier_1': 4, 'tier_2': 6, 'tier_3': 4, 'tier_4': 4}"
2024-04-26T11:00:00,2796,20,"{'tier_0': 3, 'tier_1': 3, 'tier_2': 6, 'tier_3': 4, 'tier_4': 4}"
2024-04-26T12:00:00,2797,20,"{'tier_0': 2, 'tier_1': 4, 'tier_2': 6, 'tier_3': 4, 'tier_4': 4}"
2024-04-26T13:00:00,2798,19,"{'tier_0': 2, 'tier_1': 4, 'tier_2': 5, 'tier_3': 4, 'tier_4': 4}"
2024-04-26T14:00:00,2799,20,"{'tier_0': 2, 'tier_1': 5, 'tier_2': 6, 'tier_3': 4, 'tier_4': 3}"
2024-04-26T15:00:00,2800,20,"{'tier_0': 2, 'tier_1': 5, 'tier_2': 6, 'tier_3': 4, 'tier_4': 3}"
2024-04-26T16:00:00,2801,21,"{'tier_0': 4, 'tier_1': 3, 'tier_2': 6, 'tier_3': 4, 'tier_4': 4}"
2024-04-26T17:00:00,2802,20,"{'tier_0': 2, 'tier_1': 5, 'tier_2': 6, 'tier_3': 4, 'tier_4': 3}"
2024-04-26T18:00:00,2803,19,"{'tier_0': 2, 'tier_1': 4, 'tier_2': 5, 'tier_3': 4, 'tier_4': 4}"
2024-04-26T19:00:00,2804,20,"{'tier_0': 2, 'tier_1': 5, 'tier_2': 6, 'tier_3': 4, 'tier_4': 3}"
2024-04-26T20:00:00,2805,21,"{'tier_0': 3, 'tier_1': 4, 'tier_2': 6, 'tier_3': 4, 'tier_4': 4}"
2024-04-26T21:00:00,2806,20,"{'tier_0': 2, 'tier_1': 4, 'tier_2': 6, 'tier_3': 4, 'tier_4': 4}"
2024-04-26T22:00:00,2807,20,"{'tier_0': 2, 'tier_1': 4, 'tier_2': 6, 'tier_3': 4, 'tier_4': 4}"
2024-04-26T23:00:00,2808,20,"{'tier_0': 2, 'tier_1': 5, 'tier_2': 6, 'tier_3': 4, 'tier_4': 3}"
2024-04-27T00:00:00,2809,21,"{'tier_0': 3, 'tier_1': 4, 'tier_2': 6, 'tier_3': 4, 'tier_4': 4}"
2024-04-27T01:00:00,2810,20,"{'tier_0': 2, 'tier_1': 4, 'tier_2': 6, 'tier_3': 4, 'tier_4': 4}"
2024-04-27T02:00:00,2811,19,"{'tier_0': 2, 'tier_1': 4, 'tier_2': 5, 'tier_3': 4, 'tier_4': 4}"
2024-04-27T03:00:00,2812,20,"{'tier_0': 2, 'tier_1': 5, 'tier_2': 6, 'tier_3': 4, 'tier_4': 3}"
2024-04-27T04:00:00,2813,20,"{'tier_0': 2, 'tier_1': 4, 'tier_2': 6, 'tier_3': 4, 'tier_4': 4}"
2024-04-27T05:00:00,2814,18,"{'tier_0': 2, 'tier_1': 4, 'tier_2': 5, 'tier_3': 4, 'tier_4': 3}"
2024-04-27T06:00:00,2815,20,"{'tier_0': 2, 'tier_1': 5, 'tier_2': 6, 'tier_3': 4, 'tier_4': 3}"
2024-04-27T07:00:00,2816,20,"{'tier_0': 2, 'tier_1': 4, 'tier_2': 6, 'tier_3': 4, 'tier_4': 4}"
2024-04-27T08:00:00,2817,20,"{'tier_0': 3, 'tier_1': 4, 'tier_2': 6, 'tier_3': 4, 'tier_4': 3}"
2024-04-27T09:00:00,2818,20,"{'tier_0': 2, 'tier_1': 5, 'tier_2': 6, 'tier_3': 4, 'tier_4': 3}"
2024-04-27T10:00:00,2819,20,"{'tier_0': 2, 'tier_1': 4, 'tier_2': 6, 'tier_3': 4, 'tier_4': 4}"
2024-04-27T11:00:00,2820,19,"{'tier_0': 1, 'tier_1': 5, 'tier_2': 6, 'tier_3': 4, 'tier_4': 3}"
2024-04-27T12:00:00,2821,20,"{'tier_0': 3, 'tier_1': 4, 'tier_2': 6, 'tier_3': 4, 'tier_4': 3}"
2024-04-27T13:00:00,2822,21,"{'tier_0': 3, 'tier_1': 4, 'tier_2': 6, 'tier_3': 4, 'tier_4': 4}"
2024-04-27T14:00:00,2823,20,"{'tier_0': 2, 'tier_1': 5, 'tier_2': 6, 'tier_3': 4, 'tier_4': 3}"
2024-04-27T15:00:00,2824,20,"{'tier_0': 2, 'tier_1': 5, 'tier_2': 6, 'tier_3': 4, 'tier_4': 3}"
2024-04-27T16:00:00,2825,20,"{'tier_0': 2, 'tier_1': 4, 'tier_2': 6, 'tier_3': 4, 'tier_4': 4}"
2024-04-27T17:00:00,2826,18,"{'tier_0': 2, 'tier_1': 4, 'tier_2': 5, 'tier_3': 4, 'tier_4': 3}"
2024-04-27T18:00:00,2827,20,"{'tier_0': 2, 'tier_1': 5, 'tier_2': 6, 'tier_3': 4, 'tier_4': 3}"
2024-04-27T19:00:00,2828,20,"{'tier_0': 2, 'tier_1': 5, 'tier_2': 6, 'tier_3': 4, 'tier_4': 3}"
2024-04-27T20:00:00,2829,20,"{'tier_0': 2, 'tier_1': 4, 'tier_2': 6, 'tier_3': 4, 'tier_4': 4}"
2024-04-27T21:00:00,2830,21,"{'tier_0': 3, 'tier_1': 4, 'tier_2': 6, 'tier_3': 4, 'tier_4': 4}"
2024-04-27T22:00:00,2831,20,"{'tier_0': 2, 'tier_1': 4, 'tier_2': 6, 'tier_3': 4, 'tier_4': 4}"
2024-04-27T23:00:00,2832,20,"{'tier_0': 2, 'tier_1': 4, 'tier_2': 6, 'tier_3': 4, 'tier_4': 4}"
2024-04-28T00:00:00,2833,20,"{'tier_0': 2, 'tier_1': 5, 'tier_2': 6, 'tier_3': 4, 'tier_4': 3}"
2024-04-28T01:00:00,2834,21,"{'tier_0': 2, 'tier_1': 4, 'tier_2': 6, 'tier_3': 5, 'tier_4': 4}"
2024-04-28T02:00:00,2835,20,"{'tier_0': 2, 'tier_1': 4, 'tier_2': 6, 'tier_3': 4, 'tier_4': 4}"
2024-04-28T03:00:00,2836,20,"{'tier_0': 2, 'tier_1': 5, 'tier_2': 6, 'tier_3': 4, 'tier_4': 3}"
2024-04-28T04:00:00,2837,21,"{'tier_0': 2, 'tier_1': 5, 'tier_2': 6, 'tier_3': 4, 'tier_4': 4}"
2024-04-28T05:00:00,2838,20,"{'tier_0': 2, 'tier_1': 5, 'tier_2': 6, 'tier_3': 4, 'tier_4': 3}"
2024-04-28T06:00:00,2839,20,"{'tier_0': 2, 'tier_1': 4, 'tier_2': 6, 'tier_3': 4, 'tier_4': 4}"
2024-04-28T07:00:00,2840,20,"{'tier_0': 3, 'tier_1': 4, 'tier_2': 6, 'tier_3': 4, 'tier_4': 3}"
2024-04-28T08:00:00,2841,21,"{'tier_0': 2, 'tier_1': 5, 'tier_2': 6, 'tier_3': 4, 'tier_4': 4}"
2024-04-28T09:00:00,2842,20,"{'tier_0': 2, 'tier_1': 4, 'tier_2': 6, 'tier_3': 4, 'tier_4': 4}"
2024-04-28T10:00:00,2843,20,"{'tier_0': 3, 'tier_1': 4, 'tier_2': 6, 'tier_3': 4, 'tier_4': 3}"
2024-04-28T11:00:00,2844,21,"{'tier_0': 2, 'tier_1': 5, 'tier_2': 6, 'tier_3': 4, 'tier_4': 4}"
2024-04-28T12:00:00,2845,21,"{'tier_0': 2, 'tier_1': 5, 'tier_2': 6, 'tier_3': 5, 'tier_4': 3}"
2024-04-28T13:00:00,2846,21,"{'tier_0': 2, 'tier_1': 5, 'tier_2': 6, 'tier_3': 4, 'tier_4': 4}"
2024-04-28T14:00:00,2847,20,"{'tier_0': 2, 'tier_1': 4, 'tier_2': 6, 'tier_3': 4, 'tier_4': 4}"
2024-04-28T15:00:00,2848,20,"{'tier_0': 2, 'tier_1': 5, 'tier_2': 6, 'tier_3': 4, 'tier_4': 3}"
2024-04-28T16:00:00,2849,20,"{'tier_0': 2, 'tier_1': 4, 'tier_2': 6, 'tier_3': 4, 'tier_4': 4}"
2024-04-28T17:00:00,2850,20,"{'tier_0': 2, 'tier_1': 5, 'tier_2': 6, 'tier_3': 4, 'tier_4': 3}"
2024-04-28T18:00:00,2851,20,"{'tier_0': 2, 'tier_1': 5, 'tier_2': 6, 'tier_3': 4, 'tier_4': 3}"
2024-04-28T19:00:00,2852,20,"{'tier_0': 2, 'tier_1': 4, 'tier_2': 6, 'tier_3': 4, 'tier_4': 4}"
2024-04-28T20:00:00,2853,21,"{'tier_0': 2, 'tier_1': 5, 'tier_2': 6, 'tier_3': 4, 'tier_4': 4}"
2024-04-28T21:00:00,2854,20,"{'tier_0': 2, 'tier_1': 5, 'tier_2': 6, 'tier_3': 4, 'tier_4': 3}"
2024-04-28T22:00:00,2855,20,"{'tier_0': 2, 'tier_1': 4, 'tier_2': 6, 'tier_3': 4, 'tier_4': 4}"
2024-04-28T23:00:00,2856,20,"{'tier_0': 2, 'tier_1': 4, 'tier_2': 6, 'tier_3': 4, 'tier_4': 4}"
2024-04-29T00:00:00,2857,21,"{'tier_0': 2, 'tier_1': 5, 'tier_2': 6, 'tier_3': 4, 'tier_4': 4}"
2024-04-29T01:00:00,2858,18,"{'tier_0': 2, 'tier_1': 4, 'tier_2': 5, 'tier_3': 4, 'tier_4': 3}"
2024-04-29T02:00:00,2859,21,"{'tier_0': 2, 'tier_1': 4, 'tier_2': 6, 'tier_3': 4, 'tier_4': 5}"
2024-04-29T03:00:00,2860,18,"{'tier_0': 2, 'tier_1': 4, 'tier_2': 5, 'tier_3': 4, 'tier_4': 3}"
2024-04-29T04:00:00,2861,20,"{'tier_0': 2, 'tier_1': 4, 'tier_2': 6, 'tier_3': 4, 'tier_4': 4}"
2024-04-29T05:00:00,2862,21,"{'tier_0': 3, 'tier_1': 4, 'tier_2': 6, 'tier_3': 4, 'tier_4': 4}"
2024-04-29T06:00:00,2863,20,"{'tier_0': 3, 'tier_1': 4, 'tier_2': 6, 'tier_3': 4, 'tier_4': 3}"
2024-04-29T07:00:00,2864,20,"{'tier_0': 3, 'tier_1': 3, 'tier_2': 6, 'tier_3': 4, 'tier_4': 4}"
2024-04-29T08:00:00,2865,19,"{'tier_0': 2, 'tier_1': 4, 'tier_2': 5, 'tier_3': 4, 'tier_4': 4}"
2024-04-29T09:00:00,2866,19,"{'tier_0': 2, 'tier_1': 4, 'tier_2': 5, 'tier_3': 4, 'tier_4': 4}"
2024-04-29T10:00:00,2867,20,"{'tier_0': 2, 'tier_1': 4, 'tier_2': 6, 'tier_3': 4, 'tier_4': 4}"
2024-04-29T11:00:00,2868,20,"{'tier_0': 2, 'tier_1': 5, 'tier_2': 6, 'tier_3': 4, 'tier_4': 3}"
2024-04-29T12:00:00,2869,20,"{'tier_0': 2, 'tier_1': 4, 'tier_2': 6, 'tier_3': 4, 'tier_4': 4}"
2024-04-29T13:00:00,2870,20,"{'tier_0': 2, 'tier_1': 5, 'tier_2': 6, 'tier_3': 4, 'tier_4': 3}"
2024-04-29T14:00:00,2871,20,"{'tier_0': 2, 'tier_1': 5, 'tier_2': 6, 'tier_3': 4, 'tier_4': 3}"
2024-04-29T15:00:00,2872,21,"{'tier_0': 2, 'tier_1': 5, 'tier_2': 6, 'tier_3': 4, 'tier_4': 4}"
2024-04-29T16:00:00,2873,19,"{'tier_0': 2, 'tier_1': 4, 'tier_2': 6, 'tier_3': 4, 'tier_4': 3}"
2024-04-29T17:00:00,2874,20,"{'tier_0': 2, 'tier_1': 4, 'tier_2': 6, 'tier_3': 4, 'tier_4': 4}"
2024-04-29T18:00:00,2875,20,"{'tier_0': 2, 'tier_1': 4, 'tier_2': 6, 'tier_3': 4, 'tier_4': 4}"
2024-04-29T19:00:00,2876,20,"{'tier_0': 2, 'tier_1': 5, 'tier_2': 6, 'tier_3': 4, 'tier_4': 3}"
2024-04-29T20:00:00,2877,20,"{'tier_0': 2, 'tier_1': 4, 'tier_2': 6, 'tier_3': 4, 'tier_4': 4}"
2024-04-29T21:00:00,2878,20,"{'tier_0': 2, 'tier_1': 4, 'tier_2': 6, 'tier_3': 4, 'tier_4': 4}"
2024-04-29T22:00:00,2879,20,"{'tier_0': 3, 'tier_1': 3, 'tier_2': 6, 'tier_3': 4, 'tier_4': 4}"
2024-04-29T23:00:00,2880,20,"{'tier_0': 2, 'tier_1': 5, 'tier_2': 6, 'tier_3': 4, 'tier_4': 3}"
2024-04-30T00:00:00,2881,20,"{'tier_0': 3, 'tier_1': 4, 'tier_2': 6, 'tier_3': 4, 'tier_4': 3}"
2024-04-30T01:00:00,2882,21,"{'tier_0': 2, 'tier_1': 5, 'tier_2': 6, 'tier_3': 4, 'tier_4': 4}"
2024-04-30T02:00:00,2883,19,"{'tier_0': 2, 'tier_1': 4, 'tier_2': 5, 'tier_3': 4, 'tier_4': 4}"
2024-04-30T03:00:00,2884,19,"{'tier_0': 3, 'tier_1': 3, 'tier_2': 5, 'tier_3': 4, 'tier_4': 4}"
2024-04-30T04:00:00,2885,20,"{'tier_0': 3, 'tier_1': 4, 'tier_2': 6, 'tier_3': 4, 'tier_4': 3}"
2024-04-30T05:00:00,2886,20,"{'tier_0': 2, 'tier_1': 4, 'tier_2': 6, 'tier_3': 4, 'tier_4': 4}"
2024-04-30T06:00:00,2887,20,"{'tier_0': 2, 'tier_1': 5, 'tier_2': 6, 'tier_3': 4, 'tier_4': 3}"
2024-04-30T07:00:00,2888,19,"{'tier_0': 2, 'tier_1': 4, 'tier_2': 5, 'tier_3': 4, 'tier_4': 4}"
2024-04-30T08:00:00,2889,21,"{'tier_0': 2, 'tier_1': 5, 'tier_2': 6, 'tier_3': 5, 'tier_4': 3}"
2024-04-30T09:00:00,2890,21,"{'tier_0': 2, 'tier_1': 5, 'tier_2': 6, 'tier_3': 4, 'tier_4': 4}"
2024-04-30T10:00:00,2891,20,"{'tier_0': 2, 'tier_1': 4, 'tier_2': 5, 'tier_3': 5, 'tier_4': 4}"
2024-04-30T11:00:00,2892,20,"{'tier_0': 2, 'tier_1': 4, 'tier_2': 6, 'tier_3': 4, 'tier_4': 4}"
2024-04-30T12:00:00,2893,20,"{'tier_0': 2, 'tier_1': 5, 'tier_2': 6, 'tier_3': 4, 'tier_4': 3}"
2024-04-30T13:00:00,2894,20,"{'tier_0': 2, 'tier_1': 5, 'tier_2': 6, 'tier_3': 4, 'tier_4': 3}"
2024-04-30T14:00:00,2895,21,"{'tier_0': 2, 'tier_1': 5, 'tier_2': 6, 'tier_3': 4, 'tier_4': 4}"
2024-04-30T15:00:00,2896,19,"{'tier_0': 3, 'tier_1': 3, 'tier_2': 5, 'tier_3': 4, 'tier_4': 4}"
2024-04-30T16:00:00,2897,20,"{'tier_0': 2, 'tier_1': 4, 'tier_2': 6, 'tier_3': 4, 'tier_4': 4}"
2024-04-30T17:00:00,2898,20,"{'tier_0': 2, 'tier_1': 4, 'tier_2': 6, 'tier_3': 4, 'tier_4': 4}"
2024-04-30T18:00:00,2899,20,"{'tier_0': 2, 'tier_1': 4, 'tier_2': 6, 'tier_3': 4, 'tier_4': 4}"
2024-04-30T19:00:00,2900,20,"{'tier_0': 2, 'tier_1': 4, 'tier_2': 6, 'tier_3': 4, 'tier_4': 4}"
2024-04-30T20:00:00,2901,19,"{'tier_0': 1, 'tier_1': 5, 'tier_2': 5, 'tier_3': 4, 'tier_4': 4}"
2024-04-30T21:00:00,2902,20,"{'tier_0': 2, 'tier_1': 4, 'tier_2': 6, 'tier_3': 4, 'tier_4': 4}"
2024-04-30T22:00:00,2903,20,"{'tier_0': 2, 'tier_1': 4, 'tier_2': 5, 'tier_3': 5, 'tier_4': 4}"
2024-04-30T23:00:00,2904,21,"{'tier_0': 3, 'tier_1': 4, 'tier_2': 6, 'tier_3': 4, 'tier_4': 4}"
2024-05-01T00:00:00,2905,20,"{'tier_0': 2, 'tier_1': 4, 'tier_2': 6, 'tier_3': 4, 'tier_4': 4}"
2024-05-01T01:00:00,2906,20,"{'tier_0': 2, 'tier_1': 4, 'tier_2': 6, 'tier_3': 4, 'tier_4': 4}"
2024-05-01T02:00:00,2907,20,"{'tier_0': 2, 'tier_1': 5, 'tier_2': 6, 'tier_3': 4, 'tier_4': 3}"
2024-05-01T03:00:00,2908,20,"{'tier_0': 2, 'tier_1': 4, 'tier_2': 6, 'tier_3': 4, 'tier_4': 4}"
2024-05-01T04:00:00,2909,21,"{'tier_0': 2, 'tier_1': 5, 'tier_2': 6, 'tier_3': 4, 'tier_4': 4}"
2024-05-01T05:00:00,2910,18,"{'tier_0': 2, 'tier_1': 4, 'tier_2': 5, 'tier_3': 4, 'tier_4': 3}"
2024-05-01T06:00:00,2911,20,"{'tier_0': 2, 'tier_1': 5, 'tier_2': 6, 'tier_3': 4, 'tier_4': 3}"
2024-05-01T07:00:00,2912,19,"{'tier_0': 2, 'tier_1': 4, 'tier_2': 5, 'tier_3': 4, 'tier_4': 4}"
2024-05-01T08:00:00,2913,21,"{'tier_0': 2, 'tier_1': 5, 'tier_2': 6, 'tier_3': 4, 'tier_4': 4}"
2024-05-01T09:00:00,2914,20,"{'tier_0': 2, 'tier_1': 4, 'tier_2': 6, 'tier_3': 4, 'tier_4': 4}"
2024-05-01T10:00:00,2915,20,"{'tier_0': 2, 'tier_1': 5, 'tier_2': 6, 'tier_3': 4, 'tier_4': 3}"
2024-05-01T11:00:00,2916,18,"{'tier_0': 2, 'tier_1': 4, 'tier_2': 5, 'tier_3': 4, 'tier_4': 3}"
2024-05-01T12:00:00,2917,19,"{'tier_0': 1, 'tier_1': 5, 'tier_2': 5, 'tier_3': 4, 'tier_4': 4}"
2024-05-01T13:00:00,2918,20,"{'tier_0': 2, 'tier_1': 4, 'tier_2': 6, 'tier_3': 4, 'tier_4': 4}"
2024-05-01T14:00:00,2919,21,"{'tier_0': 2, 'tier_1': 4, 'tier_2': 6, 'tier_3': 5, 'tier_4': 4}"
2024-05-01T15:00:00,2920,20,"{'tier_0': 2, 'tier_1': 4, 'tier_2': 6, 'tier_3': 4, 'tier_4': 4}"
2024-05-01T16:00:00,2921,18,"{'tier_0': 2, 'tier_1': 4, 'tier_2': 5, 'tier_3': 4, 'tier_4': 3}"
2024-05-01T17:00:00,2922,18,"{'tier_0': 2, 'tier_1': 4, 'tier_2': 5, 'tier_3': 4, 'tier_4': 3}"
2024-05-01T18:00:00,2923,20,"{'tier_0': 2, 'tier_1': 4, 'tier_2': 6, 'tier_3': 4, 'tier_4': 4}"
2024-05-01T19:00:00,2924,20,"{'tier_0': 2, 'tier_1': 5, 'tier_2': 6, 'tier_3': 4, 'tier_4': 3}"
2024-05-01T20:00:00,2925,21,"{'tier_0': 2, 'tier_1': 5, 'tier_2': 6, 'tier_3': 4, 'tier_4': 4}"
2024-05-01T21:00:00,2926,20,"{'tier_0': 2, 'tier_1': 5, 'tier_2': 6, 'tier_3': 4, 'tier_4': 3}"
2024-05-01T22:00:00,2927,20,"{'tier_0': 2, 'tier_1': 5, 'tier_2': 6, 'tier_3': 4, 'tier_4': 3}"
2024-05-01T23:00:00,2928,20,"{'tier_0': 3, 'tier_1': 4, 'tier_2': 6, 'tier_3': 4, 'tier_4': 3}"
2024-05-02T00:00:00,2929,20,"{'tier_0': 2, 'tier_1': 4, 'tier_2': 6, 'tier_3': 4, 'tier_4': 4}"
2024-05-02T01:00:00,2930,19,"{'tier_0': 2, 'tier_1': 4, 'tier_2': 5, 'tier_3': 4, 'tier_4': 4}"
2024-05-02T02:00:00,2931,19,"{'tier_0': 2, 'tier_1': 4, 'tier_2': 6, 'tier_3': 4, 'tier_4': 3}"
2024-05-02T03:00:00,2932,21,"{'tier_0': 2, 'tier_1': 5, 'tier_2': 6, 'tier_3': 4, 'tier_4': 4}"
2024-05-02T04:00:00,2933,21,"{'tier_0': 2, 'tier_1': 5, 'tier_2': 6, 'tier_3': 4, 'tier_4': 4}"
2024-05-02T05:00:00,2934,20,"{'tier_0': 2, 'tier_1': 4, 'tier_2': 6, 'tier_3': 4, 'tier_4': 4}"
2024-05-02T06:00:00,2935,18,"{'tier_0': 2, 'tier_1': 4, 'tier_2': 5, 'tier_3': 4, 'tier_4': 3}"
2024-05-02T07:00:00,2936,19,"{'tier_0': 2, 'tier_1': 4, 'tier_2': 5, 'tier_3': 4, 'tier_4': 4}"
2024-05-02T08:00:00,2937,20,"{'tier_0': 2, 'tier_1': 4, 'tier_2': 6, 'tier_3': 4, 'tier_4': 4}"
2024-05-02T09:00:00,2938,21,"{'tier_0': 2, 'tier_1': 5, 'tier_2': 6, 'tier_3': 4, 'tier_4': 4}"
2024-05-02T10:00:00,2939,21,"{'tier_0': 3, 'tier_1': 4, 'tier_2': 6, 'tier_3': 4, 'tier_4': 4}"
2024-05-02T11:00:00,2940,20,"{'tier_0': 2, 'tier_1': 5, 'tier_2': 6, 'tier_3': 4, 'tier_4': 3}"
2024-05-02T12:00:00,2941,21,"{'tier_0': 3, 'tier_1': 4, 'tier_2': 6, 'tier_3': 4, 'tier_4': 4}"
2024-05-02T13:00:00,2942,21,"{'tier_0': 2, 'tier_1': 4, 'tier_2': 6, 'tier_3': 5, 'tier_4': 4}"
2024-05-02T14:00:00,2943,20,"{'tier_0': 3, 'tier_1': 4, 'tier_2': 6, 'tier_3': 4, 'tier_4': 3}"
2024-05-02T15:00:00,2944,21,"{'tier_0': 3, 'tier_1': 4, 'tier_2': 6, 'tier_3': 4, 'tier_4': 4}"
2024-05-02T16:00:00,2945,18,"{'tier_0': 2, 'tier_1': 4, 'tier_2': 5, 'tier_3': 4, 'tier_4': 3}"
2024-05-02T17:00:00,2946,21,"{'tier_0': 2, 'tier_1': 5, 'tier_2': 6, 'tier_3': 4, 'tier_4': 4}"
2024-05-02T18:00:00,2947,20,"{'tier_0': 3, 'tier_1': 4, 'tier_2': 6, 'tier_3': 4, 'tier_4': 3}"
2024-05-02T19:00:00,2948,19,"{'tier_0': 2, 'tier_1': 4, 'tier_2': 5, 'tier_3': 4, 'tier_4': 4}"
2024-05-02T20:00:00,2949,18,"{'tier_0': 2, 'tier_1': 4, 'tier_2': 5, 'tier_3': 4, 'tier_4': 3}"
2024-05-02T21:00:00,2950,20,"{'tier_0': 2, 'tier_1': 5, 'tier_2': 6, 'tier_3': 4, 'tier_4': 3}"
2024-05-02T22:00:00,2951,19,"{'tier_0': 2, 'tier_1': 4, 'tier_2': 5, 'tier_3': 4, 'tier_4': 4}"
2024-05-02T23:00:00,2952,18,"{'tier_0': 2, 'tier_1': 4, 'tier_2': 5, 'tier_3': 4, 'tier_4': 3}"
2024-05-03T00:00:00,2953,21,"{'tier_0': 2, 'tier_1': 4, 'tier_2': 6, 'tier_3': 5, 'tier_4': 4}"
2024-05-03T01:00:00,2954,18,"{'tier_0': 2, 'tier_1': 4, 'tier_2': 5, 'tier_3': 4, 'tier_4': 3}"
2024-05-03T02:00:00,2955,21,"{'tier_0': 2, 'tier_1': 5, 'tier_2': 6, 'tier_3': 4, 'tier_4': 4}"
2024-05-03T03:00:00,2956,19,"{'tier_0': 2, 'tier_1': 4, 'tier_2': 5, 'tier_3': 4, 'tier_4': 4}"
2024-05-03T04:00:00,2957,20,"{'tier_0': 3, 'tier_1': 4, 'tier_2': 6, 'tier_3': 4, 'tier_4': 3}"
2024-05-03T05:00:00,2958,20,"{'tier_0': 3, 'tier_1': 3, 'tier_2': 6, 'tier_3': 4, 'tier_4': 4}"
2024-05-03T06:00:00,2959,21,"{'tier_0': 2, 'tier_1': 5, 'tier_2': 6, 'tier_3': 4, 'tier_4': 4}"
2024-05-03T07:00:00,2960,20,"{'tier_0': 2, 'tier_1': 5, 'tier_2': 6, 'tier_3': 4, 'tier_4': 3}"
2024-05-03T08:00:00,2961,20,"{'tier_0': 2, 'tier_1': 5, 'tier_2': 6, 'tier_3': 4, 'tier_4': 3}"
2024-05-03T09:00:00,2962,20,"{'tier_0': 2, 'tier_1': 4, 'tier_2': 6, 'tier_3': 4, 'tier_4': 4}"
2024-05-03T10:00:00,2963,20,"{'tier_0': 2, 'tier_1': 4, 'tier_2': 6, 'tier_3': 4, 'tier_4': 4}"
2024-05-03T11:00:00,2964,18,"{'tier_0': 3, 'tier_1': 3, 'tier_2': 5, 'tier_3': 4, 'tier_4': 3}"
2024-05-03T12:00:00,2965,21,"{'tier_0': 3, 'tier_1': 4, 'tier_2': 6, 'tier_3': 4, 'tier_4': 4}"
2024-05-03T13:00:00,2966,21,"{'tier_0': 2, 'tier_1': 5, 'tier_2': 6, 'tier_3': 4, 'tier_4': 4}"
2024-05-03T14:00:00,2967,20,"{'tier_0': 2, 'tier_1': 5, 'tier_2': 6, 'tier_3': 4, 'tier_4': 3}"
2024-05-03T15:00:00,2968,20,"{'tier_0': 2, 'tier_1': 5, 'tier_2': 6, 'tier_3': 4, 'tier_4': 3}"
2024-05-03T16:00:00,2969,18,"{'tier_0': 2, 'tier_1': 4, 'tier_2': 5, 'tier_3': 4, 'tier_4': 3}"
2024-05-03T17:00:00,2970,20,"{'tier_0': 2, 'tier_1': 5, 'tier_2': 6, 'tier_3': 4, 'tier_4': 3}"
2024-05-03T18:00:00,2971,19,"{'tier_0': 2, 'tier_1': 4, 'tier_2': 5, 'tier_3': 4, 'tier_4': 4}"
2024-05-03T19:00:00,2972,21,"{'tier_0': 2, 'tier_1': 5, 'tier_2': 6, 'tier_3': 4, 'tier_4': 4}"
2024-05-03T20:00:00,2973,20,"{'tier_0': 2, 'tier_1': 5, 'tier_2': 6, 'tier_3': 4, 'tier_4': 3}"
2024-05-03T21:00:00,2974,20,"{'tier_0': 2, 'tier_1': 4, 'tier_2': 6, 'tier_3': 4, 'tier_4': 4}"
2024-05-03T22:00:00,2975,21,"{'tier_0': 2, 'tier_1': 5, 'tier_2': 6, 'tier_3': 4, 'tier_4': 4}"
2024-05-03T23:00:00,2976,20,"{'tier_0': 2, 'tier_1': 4, 'tier_2': 6, 'tier_3': 4, 'tier_4': 4}"
2024-05-04T00:00:00,2977,20,"{'tier_0': 2, 'tier_1': 5, 'tier_2': 6, 'tier_3': 4, 'tier_4': 3}"
2024-05-04T01:00:00,2978,21,"{'tier_0': 3, 'tier_1': 4, 'tier_2': 6, 'tier_3': 4, 'tier_4': 4}"
2024-05-04T02:00:00,2979,19,"{'tier_0': 2, 'tier_1': 4, 'tier_2': 5, 'tier_3': 4, 'tier_4': 4}"
2024-05-04T03:00:00,2980,20,"{'tier_0': 2, 'tier_1': 4, 'tier_2': 6, 'tier_3': 4, 'tier_4': 4}"
2024-05-04T04:00:00,2981,21,"{'tier_0': 2, 'tier_1': 5, 'tier_2': 6, 'tier_3': 4, 'tier_4': 4}"
2024-05-04T05:00:00,2982,18,"{'tier_0': 2, 'tier_1': 4, 'tier_2': 5, 'tier_3': 4, 'tier_4': 3}"
2024-05-04T06:00:00,2983,19,"{'tier_0': 2, 'tier_1': 4, 'tier_2': 6, 'tier_3': 4, 'tier_4': 3}"
2024-05-04T07:00:00,2984,20,"{'tier_0': 2, 'tier_1': 4, 'tier_2': 6, 'tier_3': 4, 'tier_4': 4}"
2024-05-04T08:00:00,2985,20,"{'tier_0': 3, 'tier_1': 4, 'tier_2': 6, 'tier_3': 4, 'tier_4': 3}"
2024-05-04T09:00:00,2986,21,"{'tier_0': 3, 'tier_1': 4, 'tier_2': 6, 'tier_3': 4, 'tier_4': 4}"
2024-05-04T10:00:00,2987,20,"{'tier_0': 2, 'tier_1': 4, 'tier_2': 6, 'tier_3': 4, 'tier_4': 4}"
2024-05-04T11:00:00,2988,18,"{'tier_0': 2, 'tier_1': 4, 'tier_2': 5, 'tier_3': 4, 'tier_4': 3}"
2024-05-04T12:00:00,2989,21,"{'tier_0': 2, 'tier_1': 5, 'tier_2': 6, 'tier_3': 4, 'tier_4': 4}"
2024-05-04T13:00:00,2990,21,"{'tier_0': 2, 'tier_1': 5, 'tier_2': 6, 'tier_3': 4, 'tier_4': 4}"
2024-05-04T14:00:00,2991,20,"{'tier_0': 2, 'tier_1': 5, 'tier_2': 6, 'tier_3': 4, 'tier_4': 3}"
2024-05-04T15:00:00,2992,20,"{'tier_0': 2, 'tier_1': 4, 'tier_2': 6, 'tier_3': 4, 'tier_4': 4}"
2024-05-04T16:00:00,2993,20,"{'tier_0': 2, 'tier_1': 4, 'tier_2': 6, 'tier_3': 4, 'tier_4': 4}"
2024-05-04T17:00:00,2994,20,"{'tier_0': 3, 'tier_1': 3, 'tier_2': 6, 'tier_3': 4, 'tier_4': 4}"
2024-05-04T18:00:00,2995,20,"{'tier_0': 2, 'tier_1': 5, 'tier_2': 6, 'tier_3': 4, 'tier_4': 3}"
2024-05-04T19:00:00,2996,20,"{'tier_0': 2, 'tier_1': 5, 'tier_2': 6, 'tier_3': 4, 'tier_4': 3}"
2024-05-04T20:00:00,2997,21,"{'tier_0': 2, 'tier_1': 5, 'tier_2': 6, 'tier_3': 4, 'tier_4': 4}"
2024-05-04T21:00:00,2998,21,"{'tier_0': 2, 'tier_1': 4, 'tier_2': 6, 'tier_3': 5, 'tier_4': 4}"
2024-05-04T22:00:00,2999,20,"{'tier_0': 2, 'tier_1': 5, 'tier_2': 6, 'tier_3': 4, 'tier_4': 3}"
2024-05-04T23:00:00,3000,20,"{'tier_0': 2, 'tier_1': 4, 'tier_2': 6, 'tier_3': 4, 'tier_4': 4}"
2024-05-05T00:00:00,3001,20,"{'tier_0': 2, 'tier_1': 4, 'tier_2': 6, 'tier_3': 4, 'tier_4': 4}"
2024-05-05T01:00:00,3002,20,"{'tier_0': 2, 'tier_1': 5, 'tier_2': 6, 'tier_3': 4, 'tier_4': 3}"
2024-05-05T02:00:00,3003,20,"{'tier_0': 2, 'tier_1': 4, 'tier_2': 6, 'tier_3': 4, 'tier_4': 4}"
2024-05-05T03:00:00,3004,20,"{'tier_0': 2, 'tier_1': 5, 'tier_2': 6, 'tier_3': 4, 'tier_4': 3}"
2024-05-05T04:00:00,3005,20,"{'tier_0': 2, 'tier_1': 4, 'tier_2': 6, 'tier_3': 4, 'tier_4': 4}"
2024-05-05T05:00:00,3006,20,"{'tier_0': 2, 'tier_1': 4, 'tier_2': 6, 'tier_3': 4, 'tier_4': 4}"
2024-05-05T06:00:00,3007,20,"{'tier_0': 3, 'tier_1': 4, 'tier_2': 6, 'tier_3': 4, 'tier_4': 3}"
2024-05-05T07:00:00,3008,20,"{'tier_0': 3, 'tier_1': 3, 'tier_2': 6, 'tier_3': 4, 'tier_4': 4}"
2024-05-05T08:00:00,3009,21,"{'tier_0': 3, 'tier_1': 4, 'tier_2': 6, 'tier_3': 4, 'tier_4': 4}"
2024-05-05T09:00:00,3010,18,"{'tier_0': 2, 'tier_1': 4, 'tier_2': 5, 'tier_3': 4, 'tier_4': 3}"
2024-05-05T10:00:00,3011,21,"{'tier_0': 2, 'tier_1': 5, 'tier_2': 6, 'tier_3': 4, 'tier_4': 4}"
2024-05-05T11:00:00,3012,21,"{'tier_0': 2, 'tier_1': 4, 'tier_2': 6, 'tier_3': 4, 'tier_4': 5}"
2024-05-05T12:00:00,3013,21,"{'tier_0': 2, 'tier_1': 5, 'tier_2': 6, 'tier_3': 4, 'tier_4': 4}"
2024-05-05T13:00:00,3014,21,"{'tier_0': 2, 'tier_1': 5, 'tier_2': 6, 'tier_3': 4, 'tier_4': 4}"
2024-05-05T14:00:00,3015,19,"{'tier_0': 2, 'tier_1': 4, 'tier_2': 6, 'tier_3': 4, 'tier_4': 3}"
2024-05-05T15:00:00,3016,21,"{'tier_0': 2, 'tier_1': 5, 'tier_2': 6, 'tier_3': 4, 'tier_4': 4}"
2024-05-05T16:00:00,3017,20,"{'tier_0': 3, 'tier_1': 4, 'tier_2': 6, 'tier_3': 4, 'tier_4': 3}"
2024-05-05T17:00:00,3018,21,"{'tier_0': 3, 'tier_1': 4, 'tier_2': 6, 'tier_3': 4, 'tier_4': 4}"
2024-05-05T18:00:00,3019,19,"{'tier_0': 2, 'tier_1': 4, 'tier_2': 6, 'tier_3': 4, 'tier_4': 3}"
2024-05-05T19:00:00,3020,20,"{'tier_0': 2, 'tier_1': 4, 'tier_2': 6, 'tier_3': 4, 'tier_4': 4}"
2024-05-05T20:00:00,3021,20,"{'tier_0': 2, 'tier_1': 4, 'tier_2': 6, 'tier_3': 4, 'tier_4': 4}"
2024-05-05T21:00:00,3022,20,"{'tier_0': 2, 'tier_1': 4, 'tier_2': 6, 'tier_3': 4, 'tier_4': 4}"
2024-05-05T22:00:00,3023,20,"{'tier_0': 3, 'tier_1': 4, 'tier_2': 6, 'tier_3': 4, 'tier_4': 3}"
2024-05-05T23:00:00,3024,21,"{'tier_0': 2, 'tier_1': 5, 'tier_2': 6, 'tier_3': 4, 'tier_4': 4}"
2024-05-06T00:00:00,3025,19,"{'tier_0': 2, 'tier_1': 4, 'tier_2': 6, 'tier_3': 4, 'tier_4': 3}"
2024-05-06T01:00:00,3026,20,"{'tier_0': 2, 'tier_1': 4, 'tier_2': 6, 'tier_3': 4, 'tier_4': 4}"
2024-05-06T02:00:00,3027,19,"{'tier_0': 3, 'tier_1': 3, 'tier_2': 5, 'tier_3': 4, 'tier_4': 4}"
2024-05-06T03:00:00,3028,20,"{'tier_0': 2, 'tier_1': 5, 'tier_2': 6, 'tier_3': 4, 'tier_4': 3}"
2024-05-06T04:00:00,3029,20,"{'tier_0': 2, 'tier_1': 4, 'tier_2': 5, 'tier_3': 5, 'tier_4': 4}"
2024-05-06T05:00:00,3030,20,"{'tier_0': 2, 'tier_1': 4, 'tier_2': 6, 'tier_3': 4, 'tier_4': 4}"
2024-05-06T06:00:00,3031,20,"{'tier_0': 2, 'tier_1': 5, 'tier_2': 6, 'tier_3': 4, 'tier_4': 3}"
2024-05-06T07:00:00,3032,19,"{'tier_0': 1, 'tier_1': 5, 'tier_2': 5, 'tier_3': 4, 'tier_4': 4}"
2024-05-06T08:00:00,3033,20,"{'tier_0': 2, 'tier_1': 5, 'tier_2': 6, 'tier_3': 4, 'tier_4': 3}"
2024-05-06T09:00:00,3034,21,"{'tier_0': 2, 'tier_1': 5, 'tier_2': 6, 'tier_3': 4, 'tier_4': 4}"
2024-05-06T10:00:00,3035,21,"{'tier_0': 2, 'tier_1': 5, 'tier_2': 6, 'tier_3': 4, 'tier_4': 4}"
2024-05-06T11:00:00,3036,20,"{'tier_0': 2, 'tier_1': 4, 'tier_2': 6, 'tier_3': 4, 'tier_4': 4}"
2024-05-06T12:00:00,3037,20,"{'tier_0': 2, 'tier_1': 4, 'tier_2': 6, 'tier_3': 4, 'tier_4': 4}"
2024-05-06T13:00:00,3038,20,"{'tier_0': 2, 'tier_1': 4, 'tier_2': 6, 'tier_3': 4, 'tier_4': 4}"
2024-05-06T14:00:00,3039,20,"{'tier_0': 2, 'tier_1': 4, 'tier_2': 6, 'tier_3': 4, 'tier_4': 4}"
2024-05-06T15:00:00,3040,18,"{'tier_0': 2, 'tier_1': 4, 'tier_2': 5, 'tier_3': 4, 'tier_4': 3}"
2024-05-06T16:00:00,3041,20,"{'tier_0': 2, 'tier_1': 5, 'tier_2': 6, 'tier_3': 4, 'tier_4': 3}"
2024-05-06T17:00:00,3042,20,"{'tier_0': 3, 'tier_1': 4, 'tier_2': 6, 'tier_3': 4, 'tier_4': 3}"
2024-05-06T18:00:00,3043,21,"{'tier_0': 2, 'tier_1': 5, 'tier_2': 6, 'tier_3': 4, 'tier_4': 4}"
2024-05-06T19:00:00,3044,20,"{'tier_0': 2, 'tier_1': 5, 'tier_2': 6, 'tier_3': 4, 'tier_4': 3}"
2024-05-06T20:00:00,3045,18,"{'tier_0': 2, 'tier_1': 4, 'tier_2': 5, 'tier_3': 4, 'tier_4': 3}"
2024-05-06T21:00:00,3046,20,"{'tier_0': 2, 'tier_1': 5, 'tier_2': 6, 'tier_3': 4, 'tier_4': 3}"
2024-05-06T22:00:00,3047,20,"{'tier_0': 2, 'tier_1': 5, 'tier_2': 6, 'tier_3': 4, 'tier_4': 3}"
2024-05-06T23:00:00,3048,21,"{'tier_0': 2, 'tier_1': 5, 'tier_2': 6, 'tier_3': 5, 'tier_4': 3}"
2024-05-07T00:00:00,3049,20,"{'tier_0': 2, 'tier_1': 5, 'tier_2': 6, 'tier_3': 4, 'tier_4': 3}"
2024-05-07T01:00:00,3050,20,"{'tier_0': 2, 'tier_1': 5, 'tier_2': 6, 'tier_3': 4, 'tier_4': 3}"
2024-05-07T02:00:00,3051,20,"{'tier_0': 2, 'tier_1': 5, 'tier_2': 6, 'tier_3': 4, 'tier_4': 3}"
2024-05-07T03:00:00,3052,20,"{'tier_0': 2, 'tier_1': 5, 'tier_2': 6, 'tier_3': 4, 'tier_4': 3}"
2024-05-07T04:00:00,3053,20,"{'tier_0': 2, 'tier_1': 4, 'tier_2': 6, 'tier_3': 4, 'tier_4': 4}"
2024-05-07T05:00:00,3054,21,"{'tier_0': 2, 'tier_1': 5, 'tier_2': 6, 'tier_3': 4, 'tier_4': 4}"
2024-05-07T06:00:00,3055,20,"{'tier_0': 2, 'tier_1': 5, 'tier_2': 6, 'tier_3': 4, 'tier_4': 3}"
2024-05-07T07:00:00,3056,20,"{'tier_0': 2, 'tier_1': 4, 'tier_2': 6, 'tier_3': 4, 'tier_4': 4}"
2024-05-07T08:00:00,3057,21,"{'tier_0': 2, 'tier_1': 5, 'tier_2': 6, 'tier_3': 4, 'tier_4': 4}"
2024-05-07T09:00:00,3058,19,"{'tier_0': 1, 'tier_1': 5, 'tier_2': 5, 'tier_3': 4, 'tier_4': 4}"
2024-05-07T10:00:00,3059,18,"{'tier_0': 2, 'tier_1': 4, 'tier_2': 5, 'tier_3': 4, 'tier_4': 3}"
2024-05-07T11:00:00,3060,20,"{'tier_0': 2, 'tier_1': 4, 'tier_2': 6, 'tier_3': 4, 'tier_4': 4}"
2024-05-07T12:00:00,3061,20,"{'tier_0': 3, 'tier_1': 4, 'tier_2': 6, 'tier_3': 4, 'tier_4': 3}"
2024-05-07T13:00:00,3062,20,"{'tier_0': 2, 'tier_1': 5, 'tier_2': 6, 'tier_3': 4, 'tier_4': 3}"
2024-05-07T14:00:00,3063,20,"{'tier_0': 3, 'tier_1': 4, 'tier_2': 6, 'tier_3': 4, 'tier_4': 3}"
2024-05-07T15:00:00,3064,21,"{'tier_0': 4, 'tier_1': 3, 'tier_2': 6, 'tier_3': 4, 'tier_4': 4}"
2024-05-07T16:00:00,3065,20,"{'tier_0': 2, 'tier_1': 4, 'tier_2': 6, 'tier_3': 4, 'tier_4': 4}"
2024-05-07T17:00:00,3066,20,"{'tier_0': 2, 'tier_1': 4, 'tier_2': 6, 'tier_3': 4, 'tier_4': 4}"
2024-05-07T18:00:00,3067,20,"{'tier_0': 2, 'tier_1': 5, 'tier_2': 6, 'tier_3': 4, 'tier_4': 3}"
2024-05-07T19:00:00,3068,20,"{'tier_0': 3, 'tier_1': 4, 'tier_2': 6, 'tier_3': 4, 'tier_4': 3}"
2024-05-07T20:00:00,3069,21,"{'tier_0': 2, 'tier_1': 5, 'tier_2': 6, 'tier_3': 4, 'tier_4': 4}"
2024-05-07T21:00:00,3070,20,"{'tier_0': 2, 'tier_1': 5, 'tier_2': 6, 'tier_3': 4, 'tier_4': 3}"
2024-05-07T22:00:00,3071,20,"{'tier_0': 2, 'tier_1': 4, 'tier_2': 6, 'tier_3': 4, 'tier_4': 4}"
2024-05-07T23:00:00,3072,18,"{'tier_0': 2, 'tier_1': 4, 'tier_2': 5, 'tier_3': 4, 'tier_4': 3}"
2024-05-08T00:00:00,3073,20,"{'tier_0': 3, 'tier_1': 4, 'tier_2': 6, 'tier_3': 4, 'tier_4': 3}"
2024-05-08T01:00:00,3074,19,"{'tier_0': 2, 'tier_1': 4, 'tier_2': 5, 'tier_3': 4, 'tier_4': 4}"
2024-05-08T02:00:00,3075,20,"{'tier_0': 2, 'tier_1': 5, 'tier_2': 6, 'tier_3': 4, 'tier_4': 3}"
2024-05-08T03:00:00,3076,21,"{'tier_0': 2, 'tier_1': 4, 'tier_2': 6, 'tier_3': 5, 'tier_4': 4}"
2024-05-08T04:00:00,3077,20,"{'tier_0': 2, 'tier_1': 5, 'tier_2': 6, 'tier_3': 4, 'tier_4': 3}"
2024-05-08T05:00:00,3078,20,"{'tier_0': 3, 'tier_1': 4, 'tier_2': 6, 'tier_3': 4, 'tier_4': 3}"
2024-05-08T06:00:00,3079,20,"{'tier_0': 2, 'tier_1': 4, 'tier_2': 6, 'tier_3': 4, 'tier_4': 4}"
2024-05-08T07:00:00,3080,21,"{'tier_0': 2, 'tier_1': 5, 'tier_2': 6, 'tier_3': 4, 'tier_4': 4}"
2024-05-08T08:00:00,3081,20,"{'tier_0': 2, 'tier_1': 4, 'tier_2': 6, 'tier_3': 4, 'tier_4': 4}"
2024-05-08T09:00:00,3082,20,"{'tier_0': 2, 'tier_1': 5, 'tier_2': 6, 'tier_3': 4, 'tier_4': 3}"
2024-05-08T10:00:00,3083,20,"{'tier_0': 3, 'tier_1': 4, 'tier_2': 6, 'tier_3': 4, 'tier_4': 3}"
2024-05-08T11:00:00,3084,20,"{'tier_0': 2, 'tier_1': 4, 'tier_2': 6, 'tier_3': 4, 'tier_4': 4}"
2024-05-08T12:00:00,3085,20,"{'tier_0': 2, 'tier_1': 5, 'tier_2': 6, 'tier_3': 4, 'tier_4': 3}"
2024-05-08T13:00:00,3086,21,"{'tier_0': 2, 'tier_1': 5, 'tier_2': 6, 'tier_3': 4, 'tier_4': 4}"
2024-05-08T14:00:00,3087,21,"{'tier_0': 2, 'tier_1': 4, 'tier_2': 6, 'tier_3': 5, 'tier_4': 4}"
2024-05-08T15:00:00,3088,21,"{'tier_0': 2, 'tier_1': 4, 'tier_2': 6, 'tier_3': 5, 'tier_4': 4}"
2024-05-08T16:00:00,3089,20,"{'tier_0': 2, 'tier_1': 4, 'tier_2': 6, 'tier_3': 4, 'tier_4': 4}"
2024-05-08T17:00:00,3090,19,"{'tier_0': 1, 'tier_1': 5, 'tier_2': 6, 'tier_3': 4, 'tier_4': 3}"
2024-05-08T18:00:00,3091,20,"{'tier_0': 2, 'tier_1': 4, 'tier_2': 6, 'tier_3': 4, 'tier_4': 4}"
2024-05-08T19:00:00,3092,20,"{'tier_0': 3, 'tier_1': 4, 'tier_2': 6, 'tier_3': 4, 'tier_4': 3}"
2024-05-08T20:00:00,3093,20,"{'tier_0': 2, 'tier_1': 4, 'tier_2': 6, 'tier_3': 4, 'tier_4': 4}"
2024-05-08T21:00:00,3094,20,"{'tier_0': 2, 'tier_1': 4, 'tier_2': 6, 'tier_3': 4, 'tier_4': 4}"
2024-05-08T22:00:00,3095,20,"{'tier_0': 2, 'tier_1': 5, 'tier_2': 6, 'tier_3': 4, 'tier_4': 3}"
2024-05-08T23:00:00,3096,20,"{'tier_0': 2, 'tier_1': 4, 'tier_2': 6, 'tier_3': 4, 'tier_4': 4}"
2024-05-09T00:00:00,3097,19,"{'tier_0': 2, 'tier_1': 4, 'tier_2': 6, 'tier_3': 4, 'tier_4': 3}"
2024-05-09T01:00:00,3098,18,"{'tier_0': 2, 'tier_1': 4, 'tier_2': 5, 'tier_3': 4, 'tier_4': 3}"
2024-05-09T02:00:00,3099,20,"{'tier_0': 2, 'tier_1': 4, 'tier_2': 6, 'tier_3': 4, 'tier_4': 4}"
2024-05-09T03:00:00,3100,20,"{'tier_0': 2, 'tier_1': 4, 'tier_2': 6, 'tier_3': 4, 'tier_4': 4}"
2024-05-09T04:00:00,3101,19,"{'tier_0': 2, 'tier_1': 4, 'tier_2': 6, 'tier_3': 4, 'tier_4': 3}"
2024-05-09T05:00:00,3102,21,"{'tier_0': 2, 'tier_1': 4, 'tier_2': 6, 'tier_3': 5, 'tier_4': 4}"
2024-05-09T06:00:00,3103,20,"{'tier_0': 2, 'tier_1': 4, 'tier_2': 6, 'tier_3': 4, 'tier_4': 4}"
2024-05-09T07:00:00,3104,21,"{'tier_0': 3, 'tier_1': 4, 'tier_2': 6, 'tier_3': 4, 'tier_4': 4}"
2024-05-09T08:00:00,3105,20,"{'tier_0': 2, 'tier_1': 4, 'tier_2': 6, 'tier_3': 4, 'tier_4': 4}"
2024-05-09T09:00:00,3106,20,"{'tier_0': 2, 'tier_1': 4, 'tier_2': 6, 'tier_3': 4, 'tier_4': 4}"
2024-05-09T10:00:00,3107,18,"{'tier_0': 2, 'tier_1': 4, 'tier_2': 5, 'tier_3': 4, 'tier_4': 3}"
2024-05-09T11:00:00,3108,21,"{'tier_0': 3, 'tier_1': 4, 'tier_2': 6, 'tier_3': 4, 'tier_4': 4}"
2024-05-09T12:00:00,3109,20,"{'tier_0': 3, 'tier_1': 4, 'tier_2': 6, 'tier_3': 4, 'tier_4': 3}"
2024-05-09T13:00:00,3110,20,"{'tier_0': 2, 'tier_1': 4, 'tier_2': 6, 'tier_3': 4, 'tier_4': 4}"
2024-05-09T14:00:00,3111,19,"{'tier_0': 2, 'tier_1': 4, 'tier_2': 6, 'tier_3': 4, 'tier_4': 3}"
2024-05-09T15:00:00,3112,20,"{'tier_0': 2, 'tier_1': 5, 'tier_2': 6, 'tier_3': 4, 'tier_4': 3}"
2024-05-09T16:00:00,3113,20,"{'tier_0': 3, 'tier_1': 4, 'tier_2': 6, 'tier_3': 4, 'tier_4': 3}"
2024-05-09T17:00:00,3114,20,"{'tier_0': 2, 'tier_1': 4, 'tier_2': 6, 'tier_3': 4, 'tier_4': 4}"
2024-05-09T18:00:00,3115,20,"{'tier_0': 2, 'tier_1': 4, 'tier_2': 6, 'tier_3': 4, 'tier_4': 4}"
2024-05-09T19:00:00,3116,20,"{'tier_0': 2, 'tier_1': 5, 'tier_2': 6, 'tier_3': 4, 'tier_4': 3}"
2024-05-09T20:00:00,3117,20,"{'tier_0': 2, 'tier_1': 4, 'tier_2': 6, 'tier_3': 4, 'tier_4': 4}"
2024-05-09T21:00:00,3118,20,"{'tier_0': 2, 'tier_1': 4, 'tier_2': 6, 'tier_3': 4, 'tier_4': 4}"
2024-05-09T22:00:00,3119,20,"{'tier_0': 2, 'tier_1': 5, 'tier_2': 6, 'tier_3': 4, 'tier_4': 3}"
2024-05-09T23:00:00,3120,18,"{'tier_0': 2, 'tier_1': 4, 'tier_2': 5, 'tier_3': 4, 'tier_4': 3}"
2024-05-10T00:00:00,3121,20,"{'tier_0': 2, 'tier_1': 5, 'tier_2': 6, 'tier_3': 4, 'tier_4': 3}"
2024-05-10T01:00:00,3122,20,"{'tier_0': 2, 'tier_1': 5, 'tier_2': 6, 'tier_3': 4, 'tier_4': 3}"
2024-05-10T02:00:00,3123,18,"{'tier_0': 2, 'tier_1': 4, 'tier_2': 5, 'tier_3': 4, 'tier_4': 3}"
2024-05-10T03:00:00,3124,20,"{'tier_0': 2, 'tier_1': 4, 'tier_2': 6, 'tier_3': 4, 'tier_4': 4}"
2024-05-10T04:00:00,3125,20,"{'tier_0': 2, 'tier_1': 5, 'tier_2': 6, 'tier_3': 4, 'tier_4': 3}"
2024-05-10T05:00:00,3126,20,"{'tier_0': 2, 'tier_1': 5, 'tier_2': 6, 'tier_3': 4, 'tier_4': 3}"
2024-05-10T06:00:00,3127,20,"{'tier_0': 2, 'tier_1': 5, 'tier_2': 6, 'tier_3': 4, 'tier_4': 3}"
2024-05-10T07:00:00,3128,20,"{'tier_0': 2, 'tier_1': 5, 'tier_2': 6, 'tier_3': 4, 'tier_4': 3}"
2024-05-10T08:00:00,3129,20,"{'tier_0': 2, 'tier_1': 5, 'tier_2': 6, 'tier_3': 4, 'tier_4': 3}"
2024-05-10T09:00:00,3130,20,"{'tier_0': 2, 'tier_1': 4, 'tier_2': 6, 'tier_3': 4, 'tier_4': 4}"
2024-05-10T10:00:00,3131,20,"{'tier_0': 2, 'tier_1': 4, 'tier_2': 6, 'tier_3': 4, 'tier_4': 4}"
2024-05-10T11:00:00,3132,21,"{'tier_0': 3, 'tier_1': 4, 'tier_2': 6, 'tier_3': 4, 'tier_4': 4}"
2024-05-10T12:00:00,3133,19,"{'tier_0': 2, 'tier_1': 4, 'tier_2': 5, 'tier_3': 4, 'tier_4': 4}"
2024-05-10T13:00:00,3134,20,"{'tier_0': 2, 'tier_1': 5, 'tier_2': 6, 'tier_3': 4, 'tier_4': 3}"
2024-05-10T14:00:00,3135,19,"{'tier_0': 2, 'tier_1': 4, 'tier_2': 5, 'tier_3': 4, 'tier_4': 4}"
2024-05-10T15:00:00,3136,21,"{'tier_0': 2, 'tier_1': 5, 'tier_2': 6, 'tier_3': 4, 'tier_4': 4}"
2024-05-10T16:00:00,3137,20,"{'tier_0': 2, 'tier_1': 5, 'tier_2': 6, 'tier_3': 4, 'tier_4': 3}"
2024-05-10T17:00:00,3138,21,"{'tier_0': 2, 'tier_1': 5, 'tier_2': 6, 'tier_3': 4, 'tier_4': 4}"
2024-05-10T18:00:00,3139,21,"{'tier_0': 2, 'tier_1': 5, 'tier_2': 6, 'tier_3': 4, 'tier_4': 4}"
2024-05-10T19:00:00,3140,20,"{'tier_0': 3, 'tier_1': 4, 'tier_2': 6, 'tier_3': 4, 'tier_4': 3}"
2024-05-10T20:00:00,3141,20,"{'tier_0': 2, 'tier_1': 5, 'tier_2': 6, 'tier_3': 4, 'tier_4': 3}"
2024-05-10T21:00:00,3142,20,"{'tier_0': 2, 'tier_1': 5, 'tier_2': 6, 'tier_3': 4, 'tier_4': 3}"
2024-05-10T22:00:00,3143,18,"{'tier_0': 2, 'tier_1': 4, 'tier_2': 5, 'tier_3': 4, 'tier_4': 3}"
2024-05-10T23:00:00,3144,20,"{'tier_0': 2, 'tier_1': 4, 'tier_2': 6, 'tier_3': 4, 'tier_4': 4}"
2024-05-11T00:00:00,3145,19,"{'tier_0': 2, 'tier_1': 4, 'tier_2': 5, 'tier_3': 4, 'tier_4': 4}"
2024-05-11T01:00:00,3146,20,"{'tier_0': 2, 'tier_1': 4, 'tier_2': 6, 'tier_3': 4, 'tier_4': 4}"
2024-05-11T02:00:00,3147,21,"{'tier_0': 2, 'tier_1': 5, 'tier_2': 6, 'tier_3': 4, 'tier_4': 4}"
2024-05-11T03:00:00,3148,20,"{'tier_0': 3, 'tier_1': 3, 'tier_2': 6, 'tier_3': 4, 'tier_4': 4}"
2024-05-11T04:00:00,3149,19,"{'tier_0': 1, 'tier_1': 5, 'tier_2': 5, 'tier_3': 4, 'tier_4': 4}"
2024-05-11T05:00:00,3150,20,"{'tier_0': 2, 'tier_1': 5, 'tier_2': 6, 'tier_3': 4, 'tier_4': 3}"
2024-05-11T06:00:00,3151,20,"{'tier_0': 3, 'tier_1': 4, 'tier_2': 6, 'tier_3': 4, 'tier_4': 3}"
2024-05-11T07:00:00,3152,20,"{'tier_0': 2, 'tier_1': 4, 'tier_2': 6, 'tier_3': 4, 'tier_4': 4}"
2024-05-11T08:00:00,3153,20,"{'tier_0': 2, 'tier_1': 5, 'tier_2': 6, 'tier_3': 4, 'tier_4': 3}"
2024-05-11T09:00:00,3154,20,"{'tier_0': 2, 'tier_1': 4, 'tier_2': 6, 'tier_3': 4, 'tier_4': 4}"
2024-05-11T10:00:00,3155,20,"{'tier_0': 2, 'tier_1': 5, 'tier_2': 6, 'tier_3': 4, 'tier_4': 3}"
2024-05-11T11:00:00,3156,20,"{'tier_0': 2, 'tier_1': 5, 'tier_2': 6, 'tier_3': 4, 'tier_4': 3}"
2024-05-11T12:00:00,3157,21,"{'tier_0': 2, 'tier_1': 4, 'tier_2': 6, 'tier_3': 4, 'tier_4': 5}"
2024-05-11T13:00:00,3158,19,"{'tier_0': 3, 'tier_1': 3, 'tier_2': 5, 'tier_3': 4, 'tier_4': 4}"
2024-05-11T14:00:00,3159,20,"{'tier_0': 2, 'tier_1': 5, 'tier_2': 6, 'tier_3': 4, 'tier_4': 3}"
2024-05-11T15:00:00,3160,21,"{'tier_0': 2, 'tier_1': 5, 'tier_2': 6, 'tier_3': 4, 'tier_4': 4}"
2024-05-11T16:00:00,3161,20,"{'tier_0': 2, 'tier_1': 5, 'tier_2': 6, 'tier_3': 4, 'tier_4': 3}"
2024-05-11T17:00:00,3162,20,"{'tier_0': 3, 'tier_1': 3, 'tier_2': 6, 'tier_3': 4, 'tier_4': 4}"
2024-05-11T18:00:00,3163,20,"{'tier_0': 2, 'tier_1': 4, 'tier_2': 6, 'tier_3': 4, 'tier_4': 4}"
2024-05-11T19:00:00,3164,19,"{'tier_0': 2, 'tier_1': 4, 'tier_2': 5, 'tier_3': 4, 'tier_4': 4}"
2024-05-11T20:00:00,3165,20,"{'tier_0': 2, 'tier_1': 5, 'tier_2': 6, 'tier_3': 4, 'tier_4': 3}"
2024-05-11T21:00:00,3166,20,"{'tier_0': 2, 'tier_1': 5, 'tier_2': 6, 'tier_3': 4, 'tier_4': 3}"
2024-05-11T22:00:00,3167,20,"{'tier_0': 2, 'tier_1': 4, 'tier_2': 6, 'tier_3': 4, 'tier_4': 4}"
2024-05-11T23:00:00,3168,20,"{'tier_0': 2, 'tier_1': 4, 'tier_2': 6, 'tier_3': 4, 'tier_4': 4}"
2024-05-12T00:00:00,3169,20,"{'tier_0': 2, 'tier_1': 4, 'tier_2': 6, 'tier_3': 4, 'tier_4': 4}"
2024-05-12T01:00:00,3170,19,"{'tier_0': 2, 'tier_1': 4, 'tier_2': 5, 'tier_3': 4, 'tier_4': 4}"
2024-05-12T02:00:00,3171,20,"{'tier_0': 2, 'tier_1': 5, 'tier_2': 6, 'tier_3': 4, 'tier_4': 3}"
2024-05-12T03:00:00,3172,19,"{'tier_0': 2, 'tier_1': 4, 'tier_2': 6, 'tier_3': 4, 'tier_4': 3}"
2024-05-12T04:00:00,3173,20,"{'tier_0': 3, 'tier_1': 4, 'tier_2': 6, 'tier_3': 4, 'tier_4': 3}"
2024-05-12T05:00:00,3174,20,"{'tier_0': 2, 'tier_1': 4, 'tier_2': 6, 'tier_3': 4, 'tier_4': 4}"
2024-05-12T06:00:00,3175,20,"{'tier_0': 2, 'tier_1': 4, 'tier_2': 6, 'tier_3': 4, 'tier_4': 4}"
2024-05-12T07:00:00,3176,20,"{'tier_0': 2, 'tier_1': 5, 'tier_2': 6, 'tier_3': 4, 'tier_4': 3}"
2024-05-12T08:00:00,3177,20,"{'tier_0': 2, 'tier_1': 4, 'tier_2': 6, 'tier_3': 4, 'tier_4': 4}"
2024-05-12T09:00:00,3178,20,"{'tier_0': 2, 'tier_1': 5, 'tier_2': 6, 'tier_3': 4, 'tier_4': 3}"
2024-05-12T10:00:00,3179,20,"{'tier_0': 3, 'tier_1': 3, 'tier_2': 6, 'tier_3': 4, 'tier_4': 4}"
2024-05-12T11:00:00,3180,20,"{'tier_0': 3, 'tier_1': 4, 'tier_2': 6, 'tier_3': 4, 'tier_4': 3}"
2024-05-12T12:00:00,3181,19,"{'tier_0': 2, 'tier_1': 4, 'tier_2': 5, 'tier_3': 4, 'tier_4': 4}"
2024-05-12T13:00:00,3182,20,"{'tier_0': 2, 'tier_1': 5, 'tier_2': 6, 'tier_3': 4, 'tier_4': 3}"
2024-05-12T14:00:00,3183,19,"{'tier_0': 1, 'tier_1': 5, 'tier_2': 6, 'tier_3': 4, 'tier_4': 3}"
2024-05-12T15:00:00,3184,20,"{'tier_0': 2, 'tier_1': 4, 'tier_2': 6, 'tier_3': 4, 'tier_4': 4}"
2024-05-12T16:00:00,3185,19,"{'tier_0': 2, 'tier_1': 4, 'tier_2': 5, 'tier_3': 4, 'tier_4': 4}"
2024-05-12T17:00:00,3186,20,"{'tier_0': 3, 'tier_1': 3, 'tier_2': 6, 'tier_3': 4, 'tier_4': 4}"
2024-05-12T18:00:00,3187,20,"{'tier_0': 2, 'tier_1': 5, 'tier_2': 6, 'tier_3': 4, 'tier_4': 3}"
2024-05-12T19:00:00,3188,20,"{'tier_0': 2, 'tier_1': 5, 'tier_2': 6, 'tier_3': 4, 'tier_4': 3}"
2024-05-12T20:00:00,3189,20,"{'tier_0': 3, 'tier_1': 4, 'tier_2': 6, 'tier_3': 4, 'tier_4': 3}"
2024-05-12T21:00:00,3190,20,"{'tier_0': 2, 'tier_1': 4, 'tier_2': 6, 'tier_3': 4, 'tier_4': 4}"
2024-05-12T22:00:00,3191,18,"{'tier_0': 2, 'tier_1': 4, 'tier_2': 5, 'tier_3': 4, 'tier_4': 3}"
2024-05-12T23:00:00,3192,19,"{'tier_0': 2, 'tier_1': 4, 'tier_2': 5, 'tier_3': 4, 'tier_4': 4}"
2024-05-13T00:00:00,3193,21,"{'tier_0': 2, 'tier_1': 5, 'tier_2': 6, 'tier_3': 4, 'tier_4': 4}"
2024-05-13T01:00:00,3194,21,"{'tier_0': 2, 'tier_1': 5, 'tier_2': 6, 'tier_3': 4, 'tier_4': 4}"
2024-05-13T02:00:00,3195,21,"{'tier_0': 2, 'tier_1': 5, 'tier_2': 6, 'tier_3': 4, 'tier_4': 4}"
2024-05-13T03:00:00,3196,20,"{'tier_0': 2, 'tier_1': 4, 'tier_2': 6, 'tier_3': 4, 'tier_4': 4}"
2024-05-13T04:00:00,3197,20,"{'tier_0': 2, 'tier_1': 4, 'tier_2': 6, 'tier_3': 4, 'tier_4': 4}"
2024-05-13T05:00:00,3198,20,"{'tier_0': 2, 'tier_1': 5, 'tier_2': 6, 'tier_3': 4, 'tier_4': 3}"
2024-05-13T06:00:00,3199,20,"{'tier_0': 2, 'tier_1': 5, 'tier_2': 6, 'tier_3': 4, 'tier_4': 3}"
2024-05-13T07:00:00,3200,20,"{'tier_0': 2, 'tier_1': 4, 'tier_2': 6, 'tier_3': 4, 'tier_4': 4}"
2024-05-13T08:00:00,3201,20,"{'tier_0': 3, 'tier_1': 4, 'tier_2': 6, 'tier_3': 4, 'tier_4': 3}"
2024-05-13T09:00:00,3202,20,"{'tier_0': 2, 'tier_1': 4, 'tier_2': 6, 'tier_3': 4, 'tier_4': 4}"
2024-05-13T10:00:00,3203,20,"{'tier_0': 2, 'tier_1': 5, 'tier_2': 6, 'tier_3': 4, 'tier_4': 3}"
2024-05-13T11:00:00,3204,20,"{'tier_0': 2, 'tier_1': 4, 'tier_2': 6, 'tier_3': 4, 'tier_4': 4}"
2024-05-13T12:00:00,3205,20,"{'tier_0': 2, 'tier_1': 4, 'tier_2': 6, 'tier_3': 4, 'tier_4': 4}"
2024-05-13T13:00:00,3206,20,"{'tier_0': 2, 'tier_1': 4, 'tier_2': 6, 'tier_3': 4, 'tier_4': 4}"
2024-05-13T14:00:00,3207,20,"{'tier_0': 2, 'tier_1': 5, 'tier_2': 6, 'tier_3': 4, 'tier_4': 3}"
2024-05-13T15:00:00,3208,20,"{'tier_0': 2, 'tier_1': 4, 'tier_2': 6, 'tier_3': 4, 'tier_4': 4}"
2024-05-13T16:00:00,3209,21,"{'tier_0': 2, 'tier_1': 5, 'tier_2': 6, 'tier_3': 4, 'tier_4': 4}"
2024-05-13T17:00:00,3210,20,"{'tier_0': 2, 'tier_1': 4, 'tier_2': 6, 'tier_3': 4, 'tier_4': 4}"
2024-05-13T18:00:00,3211,20,"{'tier_0': 2, 'tier_1': 5, 'tier_2': 6, 'tier_3': 4, 'tier_4': 3}"
2024-05-13T19:00:00,3212,20,"{'tier_0': 2, 'tier_1': 5, 'tier_2': 6, 'tier_3': 4, 'tier_4': 3}"
2024-05-13T20:00:00,3213,20,"{'tier_0': 3, 'tier_1': 4, 'tier_2': 6, 'tier_3': 4, 'tier_4': 3}"
2024-05-13T21:00:00,3214,20,"{'tier_0': 2, 'tier_1': 5, 'tier_2': 6, 'tier_3': 4, 'tier_4': 3}"
2024-05-13T22:00:00,3215,20,"{'tier_0': 2, 'tier_1': 5, 'tier_2': 6, 'tier_3': 4, 'tier_4': 3}"
2024-05-13T23:00:00,3216,20,"{'tier_0': 3, 'tier_1': 4, 'tier_2': 6, 'tier_3': 4, 'tier_4': 3}"
2024-05-14T00:00:00,3217,18,"{'tier_0': 3, 'tier_1': 3, 'tier_2': 5, 'tier_3': 4, 'tier_4': 3}"
2024-05-14T01:00:00,3218,19,"{'tier_0': 2, 'tier_1': 4, 'tier_2': 5, 'tier_3': 4, 'tier_4': 4}"
2024-05-14T02:00:00,3219,21,"{'tier_0': 2, 'tier_1': 5, 'tier_2': 6, 'tier_3': 4, 'tier_4': 4}"
2024-05-14T03:00:00,3220,20,"{'tier_0': 2, 'tier_1': 5, 'tier_2': 6, 'tier_3': 4, 'tier_4': 3}"
2024-05-14T04:00:00,3221,21,"{'tier_0': 2, 'tier_1': 4, 'tier_2': 6, 'tier_3': 5, 'tier_4': 4}"
2024-05-14T05:00:00,3222,20,"{'tier_0': 3, 'tier_1': 3, 'tier_2': 6, 'tier_3': 4, 'tier_4': 4}"
2024-05-14T06:00:00,3223,20,"{'tier_0': 2, 'tier_1': 4, 'tier_2': 6, 'tier_3': 4, 'tier_4': 4}"
2024-05-14T07:00:00,3224,19,"{'tier_0': 2, 'tier_1': 4, 'tier_2': 5, 'tier_3': 4, 'tier_4': 4}"
2024-05-14T08:00:00,3225,20,"{'tier_0': 2, 'tier_1': 4, 'tier_2': 6, 'tier_3': 4, 'tier_4': 4}"
2024-05-14T09:00:00,3226,20,"{'tier_0': 3, 'tier_1': 4, 'tier_2': 6, 'tier_3': 4, 'tier_4': 3}"
2024-05-14T10:00:00,3227,20,"{'tier_0': 3, 'tier_1': 4, 'tier_2': 6, 'tier_3': 4, 'tier_4': 3}"
2024-05-14T11:00:00,3228,18,"{'tier_0': 2, 'tier_1': 4, 'tier_2': 5, 'tier_3': 4, 'tier_4': 3}"
2024-05-14T12:00:00,3229,20,"{'tier_0': 2, 'tier_1': 4, 'tier_2': 6, 'tier_3': 4, 'tier_4': 4}"
2024-05-14T13:00:00,3230,18,"{'tier_0': 2, 'tier_1': 4, 'tier_2': 5, 'tier_3': 4, 'tier_4': 3}"
2024-05-14T14:00:00,3231,20,"{'tier_0': 2, 'tier_1': 4, 'tier_2': 6, 'tier_3': 4, 'tier_4': 4}"
2024-05-14T15:00:00,3232,21,"{'tier_0': 2, 'tier_1': 5, 'tier_2': 6, 'tier_3': 5, 'tier_4': 3}"
2024-05-14T16:00:00,3233,21,"{'tier_0': 2, 'tier_1': 4, 'tier_2': 6, 'tier_3': 4, 'tier_4': 5}"
2024-05-14T17:00:00,3234,20,"{'tier_0': 2, 'tier_1': 5, 'tier_2': 6, 'tier_3': 4, 'tier_4': 3}"
2024-05-14T18:00:00,3235,20,"{'tier_0': 2, 'tier_1': 5, 'tier_2': 6, 'tier_3': 4, 'tier_4': 3}"
2024-05-14T19:00:00,3236,20,"{'tier_0': 2, 'tier_1': 4, 'tier_2': 6, 'tier_3': 4, 'tier_4': 4}"
2024-05-14T20:00:00,3237,19,"{'tier_0': 2, 'tier_1': 4, 'tier_2': 5, 'tier_3': 4, 'tier_4': 4}"
2024-05-14T21:00:00,3238,20,"{'tier_0': 2, 'tier_1': 5, 'tier_2': 6, 'tier_3': 4, 'tier_4': 3}"
2024-05-14T22:00:00,3239,19,"{'tier_0': 2, 'tier_1': 4, 'tier_2': 6, 'tier_3': 4, 'tier_4': 3}"
2024-05-14T23:00:00,3240,21,"{'tier_0': 2, 'tier_1': 5, 'tier_2': 6, 'tier_3': 4, 'tier_4': 4}"
2024-05-15T00:00:00,3241,20,"{'tier_0': 3, 'tier_1': 4, 'tier_2': 6, 'tier_3': 4, 'tier_4': 3}"
2024-05-15T01:00:00,3242,20,"{'tier_0': 2, 'tier_1': 4, 'tier_2': 6, 'tier_3': 4, 'tier_4': 4}"
2024-05-15T02:00:00,3243,19,"{'tier_0': 1, 'tier_1': 5, 'tier_2': 6, 'tier_3': 4, 'tier_4': 3}"
2024-05-15T03:00:00,3244,19,"{'tier_0': 2, 'tier_1': 4, 'tier_2': 5, 'tier_3': 4, 'tier_4': 4}"
2024-05-15T04:00:00,3245,20,"{'tier_0': 2, 'tier_1': 5, 'tier_2': 6, 'tier_3': 4, 'tier_4': 3}"
2024-05-15T05:00:00,3246,20,"{'tier_0': 3, 'tier_1': 4, 'tier_2': 6, 'tier_3': 4, 'tier_4': 3}"
2024-05-15T06:00:00,3247,19,"{'tier_0': 2, 'tier_1': 4, 'tier_2': 6, 'tier_3': 4, 'tier_4': 3}"
2024-05-15T07:00:00,3248,20,"{'tier_0': 2, 'tier_1': 5, 'tier_2': 6, 'tier_3': 4, 'tier_4': 3}"
2024-05-15T08:00:00,3249,20,"{'tier_0': 2, 'tier_1': 5, 'tier_2': 6, 'tier_3': 4, 'tier_4': 3}"
2024-05-15T09:00:00,3250,20,"{'tier_0': 3, 'tier_1': 3, 'tier_2': 6, 'tier_3': 4, 'tier_4': 4}"
2024-05-15T10:00:00,3251,19,"{'tier_0': 2, 'tier_1': 4, 'tier_2': 6, 'tier_3': 4, 'tier_4': 3}"
2024-05-15T11:00:00,3252,20,"{'tier_0': 2, 'tier_1': 5, 'tier_2': 6, 'tier_3': 4, 'tier_4': 3}"
2024-05-15T12:00:00,3253,20,"{'tier_0': 2, 'tier_1': 5, 'tier_2': 6, 'tier_3': 4, 'tier_4': 3}"
2024-05-15T13:00:00,3254,19,"{'tier_0': 2, 'tier_1': 4, 'tier_2': 6, 'tier_3': 4, 'tier_4': 3}"
2024-05-15T14:00:00,3255,20,"{'tier_0': 2, 'tier_1': 4, 'tier_2': 6, 'tier_3': 4, 'tier_4': 4}"
2024-05-15T15:00:00,3256,21,"{'tier_0': 2, 'tier_1': 5, 'tier_2': 6, 'tier_3': 4, 'tier_4': 4}"
2024-05-15T16:00:00,3257,20,"{'tier_0': 2, 'tier_1': 4, 'tier_2': 6, 'tier_3': 4, 'tier_4': 4}"
2024-05-15T17:00:00,3258,20,"{'tier_0': 2, 'tier_1': 5, 'tier_2': 6, 'tier_3': 4, 'tier_4': 3}"
2024-05-15T18:00:00,3259,20,"{'tier_0': 2, 'tier_1': 5, 'tier_2': 6, 'tier_3': 4, 'tier_4': 3}"
2024-05-15T19:00:00,3260,20,"{'tier_0': 2, 'tier_1': 4, 'tier_2': 6, 'tier_3': 4, 'tier_4': 4}"
2024-05-15T20:00:00,3261,19,"{'tier_0': 1, 'tier_1': 5, 'tier_2': 5, 'tier_3': 4, 'tier_4': 4}"
2024-05-15T21:00:00,3262,21,"{'tier_0': 2, 'tier_1': 4, 'tier_2': 6, 'tier_3': 5, 'tier_4': 4}"
2024-05-15T22:00:00,3263,19,"{'tier_0': 2, 'tier_1': 4, 'tier_2': 5, 'tier_3': 4, 'tier_4': 4}"
2024-05-15T23:00:00,3264,20,"{'tier_0': 2, 'tier_1': 5, 'tier_2': 6, 'tier_3': 4, 'tier_4': 3}"
2024-05-16T00:00:00,3265,20,"{'tier_0': 2, 'tier_1': 5, 'tier_2': 6, 'tier_3': 4, 'tier_4': 3}"
2024-05-16T01:00:00,3266,20,"{'tier_0': 2, 'tier_1': 4, 'tier_2': 6, 'tier_3': 4, 'tier_4': 4}"
2024-05-16T02:00:00,3267,20,"{'tier_0': 2, 'tier_1': 5, 'tier_2': 6, 'tier_3': 4, 'tier_4': 3}"
2024-05-16T03:00:00,3268,19,"{'tier_0': 2, 'tier_1': 4, 'tier_2': 5, 'tier_3': 4, 'tier_4': 4}"
2024-05-16T04:00:00,3269,19,"{'tier_0': 2, 'tier_1': 4, 'tier_2': 6, 'tier_3': 4, 'tier_4': 3}"
2024-05-16T05:00:00,3270,21,"{'tier_0': 3, 'tier_1': 4, 'tier_2': 6, 'tier_3': 4, 'tier_4': 4}"
2024-05-16T06:00:00,3271,20,"{'tier_0': 3, 'tier_1': 4, 'tier_2': 6, 'tier_3': 4, 'tier_4': 3}"
2024-05-16T07:00:00,3272,20,"{'tier_0': 2, 'tier_1': 4, 'tier_2': 5, 'tier_3': 5, 'tier_4': 4}"
2024-05-16T08:00:00,3273,20,"{'tier_0': 2, 'tier_1': 4, 'tier_2': 6, 'tier_3': 4, 'tier_4': 4}"
2024-05-16T09:00:00,3274,21,"{'tier_0': 2, 'tier_1': 5, 'tier_2': 6, 'tier_3': 4, 'tier_4': 4}"
2024-05-16T10:00:00,3275,20,"{'tier_0': 2, 'tier_1': 5, 'tier_2': 6, 'tier_3': 4, 'tier_4': 3}"
2024-05-16T11:00:00,3276,20,"{'tier_0': 2, 'tier_1': 4, 'tier_2': 6, 'tier_3': 4, 'tier_4': 4}"
2024-05-16T12:00:00,3277,20,"{'tier_0': 3, 'tier_1': 4, 'tier_2': 6, 'tier_3': 4, 'tier_4': 3}"
2024-05-16T13:00:00,3278,21,"{'tier_0': 3, 'tier_1': 4, 'tier_2': 6, 'tier_3': 4, 'tier_4': 4}"
2024-05-16T14:00:00,3279,20,"{'tier_0': 2, 'tier_1': 4, 'tier_2': 6, 'tier_3': 4, 'tier_4': 4}"
2024-05-16T15:00:00,3280,19,"{'tier_0': 2, 'tier_1': 4, 'tier_2': 5, 'tier_3': 4, 'tier_4': 4}"
2024-05-16T16:00:00,3281,19,"{'tier_0': 2, 'tier_1': 4, 'tier_2': 6, 'tier_3': 4, 'tier_4': 3}"
2024-05-16T17:00:00,3282,21,"{'tier_0': 2, 'tier_1': 5, 'tier_2': 6, 'tier_3': 4, 'tier_4': 4}"
2024-05-16T18:00:00,3283,20,"{'tier_0': 2, 'tier_1': 5, 'tier_2': 6, 'tier_3': 4, 'tier_4': 3}"
2024-05-16T19:00:00,3284,20,"{'tier_0': 2, 'tier_1': 4, 'tier_2': 6, 'tier_3': 4, 'tier_4': 4}"
2024-05-16T20:00:00,3285,20,"{'tier_0': 2, 'tier_1': 4, 'tier_2': 6, 'tier_3': 4, 'tier_4': 4}"
2024-05-16T21:00:00,3286,21,"{'tier_0': 2, 'tier_1': 5, 'tier_2': 6, 'tier_3': 4, 'tier_4': 4}"
2024-05-16T22:00:00,3287,19,"{'tier_0': 2, 'tier_1': 4, 'tier_2': 5, 'tier_3': 4, 'tier_4': 4}"
2024-05-16T23:00:00,3288,20,"{'tier_0': 2, 'tier_1': 5, 'tier_2': 6, 'tier_3': 4, 'tier_4': 3}"
2024-05-17T00:00:00,3289,20,"{'tier_0': 2, 'tier_1': 4, 'tier_2': 6, 'tier_3': 4, 'tier_4': 4}"
2024-05-17T01:00:00,3290,19,"{'tier_0': 2, 'tier_1': 4, 'tier_2': 5, 'tier_3': 4, 'tier_4': 4}"
2024-05-17T02:00:00,3291,20,"{'tier_0': 2, 'tier_1': 5, 'tier_2': 6, 'tier_3': 4, 'tier_4': 3}"
2024-05-17T03:00:00,3292,19,"{'tier_0': 2, 'tier_1': 4, 'tier_2': 6, 'tier_3': 4, 'tier_4': 3}"
2024-05-17T04:00:00,3293,20,"{'tier_0': 2, 'tier_1': 5, 'tier_2': 6, 'tier_3': 4, 'tier_4': 3}"
2024-05-17T05:00:00,3294,20,"{'tier_0': 2, 'tier_1': 4, 'tier_2': 6, 'tier_3': 4, 'tier_4': 4}"
2024-05-17T06:00:00,3295,21,"{'tier_0': 2, 'tier_1': 5, 'tier_2': 6, 'tier_3': 4, 'tier_4': 4}"
2024-05-17T07:00:00,3296,21,"{'tier_0': 2, 'tier_1': 4, 'tier_2': 6, 'tier_3': 5, 'tier_4': 4}"
2024-05-17T08:00:00,3297,20,"{'tier_0': 2, 'tier_1': 5, 'tier_2': 6, 'tier_3': 4, 'tier_4': 3}"
2024-05-17T09:00:00,3298,21,"{'tier_0': 2, 'tier_1': 5, 'tier_2': 6, 'tier_3': 4, 'tier_4': 4}"
2024-05-17T10:00:00,3299,21,"{'tier_0': 2, 'tier_1': 5, 'tier_2': 6, 'tier_3': 5, 'tier_4': 3}"
2024-05-17T11:00:00,3300,21,"{'tier_0': 3, 'tier_1': 4, 'tier_2': 6, 'tier_3': 4, 'tier_4': 4}"
2024-05-17T12:00:00,3301,21,"{'tier_0': 2, 'tier_1': 5, 'tier_2': 6, 'tier_3': 4, 'tier_4': 4}"
2024-05-17T13:00:00,3302,21,"{'tier_0': 2, 'tier_1': 5, 'tier_2': 6, 'tier_3': 4, 'tier_4': 4}"
2024-05-17T14:00:00,3303,20,"{'tier_0': 2, 'tier_1': 5, 'tier_2': 6, 'tier_3': 4, 'tier_4': 3}"
2024-05-17T15:00:00,3304,21,"{'tier_0': 2, 'tier_1': 5, 'tier_2': 6, 'tier_3': 4, 'tier_4': 4}"
2024-05-17T16:00:00,3305,21,"{'tier_0': 3, 'tier_1': 4, 'tier_2': 6, 'tier_3': 4, 'tier_4': 4}"
2024-05-17T17:00:00,3306,20,"{'tier_0': 2, 'tier_1': 5, 'tier_2': 6, 'tier_3': 4, 'tier_4': 3}"
2024-05-17T18:00:00,3307,20,"{'tier_0': 2, 'tier_1': 5, 'tier_2': 6, 'tier_3': 4, 'tier_4': 3}"
2024-05-17T19:00:00,3308,20,"{'tier_0': 3, 'tier_1': 3, 'tier_2': 6, 'tier_3': 4, 'tier_4': 4}"
2024-05-17T20:00:00,3309,20,"{'tier_0': 2, 'tier_1': 4, 'tier_2': 6, 'tier_3': 4, 'tier_4': 4}"
2024-05-17T21:00:00,3310,20,"{'tier_0': 3, 'tier_1': 4, 'tier_2': 6, 'tier_3': 4, 'tier_4': 3}"
2024-05-17T22:00:00,3311,20,"{'tier_0': 2, 'tier_1': 5, 'tier_2': 6, 'tier_3': 4, 'tier_4': 3}"
2024-05-17T23:00:00,3312,20,"{'tier_0': 3, 'tier_1': 3, 'tier_2': 6, 'tier_3': 4, 'tier_4': 4}"
2024-05-18T00:00:00,3313,20,"{'tier_0': 2, 'tier_1': 5, 'tier_2': 6, 'tier_3': 4, 'tier_4': 3}"
2024-05-18T01:00:00,3314,20,"{'tier_0': 2, 'tier_1': 4, 'tier_2': 6, 'tier_3': 4, 'tier_4': 4}"
2024-05-18T02:00:00,3315,20,"{'tier_0': 2, 'tier_1': 5, 'tier_2': 6, 'tier_3': 4, 'tier_4': 3}"
2024-05-18T03:00:00,3316,21,"{'tier_0': 3, 'tier_1': 4, 'tier_2': 6, 'tier_3': 4, 'tier_4': 4}"
2024-05-18T04:00:00,3317,18,"{'tier_0': 2, 'tier_1': 4, 'tier_2': 5, 'tier_3': 4, 'tier_4': 3}"
2024-05-18T05:00:00,3318,21,"{'tier_0': 2, 'tier_1': 5, 'tier_2': 6, 'tier_3': 4, 'tier_4': 4}"
2024-05-18T06:00:00,3319,19,"{'tier_0': 2, 'tier_1': 4, 'tier_2': 5, 'tier_3': 4, 'tier_4': 4}"
2024-05-18T07:00:00,3320,19,"{'tier_0': 2, 'tier_1': 4, 'tier_2': 5, 'tier_3': 4, 'tier_4': 4}"
2024-05-18T08:00:00,3321,20,"{'tier_0': 2, 'tier_1': 5, 'tier_2': 6, 'tier_3': 4, 'tier_4': 3}"
2024-05-18T09:00:00,3322,20,"{'tier_0': 2, 'tier_1': 5, 'tier_2': 6, 'tier_3': 4, 'tier_4': 3}"
2024-05-18T10:00:00,3323,21,"{'tier_0': 2, 'tier_1': 4, 'tier_2': 6, 'tier_3': 4, 'tier_4': 5}"
2024-05-18T11:00:00,3324,20,"{'tier_0': 2, 'tier_1': 5, 'tier_2': 6, 'tier_3': 4, 'tier_4': 3}"
2024-05-18T12:00:00,3325,21,"{'tier_0': 2, 'tier_1': 4, 'tier_2': 6, 'tier_3': 5, 'tier_4': 4}"
2024-05-18T13:00:00,3326,20,"{'tier_0': 2, 'tier_1': 4, 'tier_2': 6, 'tier_3': 4, 'tier_4': 4}"
2024-05-18T14:00:00,3327,21,"{'tier_0': 3, 'tier_1': 4, 'tier_2': 6, 'tier_3': 4, 'tier_4': 4}"
2024-05-18T15:00:00,3328,20,"{'tier_0': 3, 'tier_1': 3, 'tier_2': 6, 'tier_3': 4, 'tier_4': 4}"
2024-05-18T16:00:00,3329,20,"{'tier_0': 3, 'tier_1': 3, 'tier_2': 6, 'tier_3': 4, 'tier_4': 4}"
2024-05-18T17:00:00,3330,20,"{'tier_0': 3, 'tier_1': 4, 'tier_2': 6, 'tier_3': 4, 'tier_4': 3}"
2024-05-18T18:00:00,3331,20,"{'tier_0': 2, 'tier_1': 5, 'tier_2': 6, 'tier_3': 4, 'tier_4': 3}"
2024-05-18T19:00:00,3332,21,"{'tier_0': 2, 'tier_1': 5, 'tier_2': 6, 'tier_3': 4, 'tier_4': 4}"
2024-05-18T20:00:00,3333,21,"{'tier_0': 2, 'tier_1': 5, 'tier_2': 6, 'tier_3': 4, 'tier_4': 4}"
2024-05-18T21:00:00,3334,21,"{'tier_0': 2, 'tier_1': 5, 'tier_2': 6, 'tier_3': 4, 'tier_4': 4}"
2024-05-18T22:00:00,3335,21,"{'tier_0': 2, 'tier_1': 5, 'tier_2': 6, 'tier_3': 4, 'tier_4': 4}"
2024-05-18T23:00:00,3336,18,"{'tier_0': 2, 'tier_1': 4, 'tier_2': 5, 'tier_3': 4, 'tier_4': 3}"
2024-05-19T00:00:00,3337,20,"{'tier_0': 3, 'tier_1': 4, 'tier_2': 6, 'tier_3': 4, 'tier_4': 3}"
2024-05-19T01:00:00,3338,20,"{'tier_0': 2, 'tier_1': 4, 'tier_2': 6, 'tier_3': 4, 'tier_4': 4}"
2024-05-19T02:00:00,3339,20,"{'tier_0': 2, 'tier_1': 5, 'tier_2': 6, 'tier_3': 4, 'tier_4': 3}"
2024-05-19T03:00:00,3340,20,"{'tier_0': 2, 'tier_1': 4, 'tier_2': 6, 'tier_3': 4, 'tier_4': 4}"
2024-05-19T04:00:00,3341,20,"{'tier_0': 3, 'tier_1': 4, 'tier_2': 6, 'tier_3': 4, 'tier_4': 3}"
2024-05-19T05:00:00,3342,20,"{'tier_0': 2, 'tier_1': 4, 'tier_2': 6, 'tier_3': 4, 'tier_4': 4}"
2024-05-19T06:00:00,3343,21,"{'tier_0': 2, 'tier_1': 5, 'tier_2': 6, 'tier_3': 4, 'tier_4': 4}"
2024-05-19T07:00:00,3344,19,"{'tier_0': 1, 'tier_1': 5, 'tier_2': 5, 'tier_3': 4, 'tier_4': 4}"
2024-05-19T08:00:00,3345,20,"{'tier_0': 2, 'tier_1': 4, 'tier_2': 6, 'tier_3': 4, 'tier_4': 4}"
2024-05-19T09:00:00,3346,18,"{'tier_0': 2, 'tier_1': 4, 'tier_2': 5, 'tier_3': 4, 'tier_4': 3}"
2024-05-19T10:00:00,3347,20,"{'tier_0': 2, 'tier_1': 5, 'tier_2': 6, 'tier_3': 4, 'tier_4': 3}"
2024-05-19T11:00:00,3348,19,"{'tier_0': 2, 'tier_1': 4, 'tier_2': 6, 'tier_3': 4, 'tier_4': 3}"
2024-05-19T12:00:00,3349,20,"{'tier_0': 2, 'tier_1': 5, 'tier_2': 6, 'tier_3': 4, 'tier_4': 3}"
2024-05-19T13:00:00,3350,19,"{'tier_0': 1, 'tier_1': 5, 'tier_2': 5, 'tier_3': 4, 'tier_4': 4}"
2024-05-19T14:00:00,3351,20,"{'tier_0': 2, 'tier_1': 5, 'tier_2': 6, 'tier_3': 4, 'tier_4': 3}"
2024-05-19T15:00:00,3352,20,"{'tier_0': 2, 'tier_1': 5, 'tier_2': 6, 'tier_3': 4, 'tier_4': 3}"
2024-05-19T16:00:00,3353,21,"{'tier_0': 2, 'tier_1': 5, 'tier_2': 6, 'tier_3': 4, 'tier_4': 4}"
2024-05-19T17:00:00,3354,20,"{'tier_0': 2, 'tier_1': 4, 'tier_2': 6, 'tier_3': 4, 'tier_4': 4}"
2024-05-19T18:00:00,3355,21,"{'tier_0': 2, 'tier_1': 5, 'tier_2': 6, 'tier_3': 5, 'tier_4': 3}"
2024-05-19T19:00:00,3356,21,"{'tier_0': 4, 'tier_1': 3, 'tier_2': 6, 'tier_3': 4, 'tier_4': 4}"
2024-05-19T20:00:00,3357,20,"{'tier_0': 2, 'tier_1': 5, 'tier_2': 6, 'tier_3': 4, 'tier_4': 3}"
2024-05-19T21:00:00,3358,20,"{'tier_0': 2, 'tier_1': 5, 'tier_2': 6, 'tier_3': 4, 'tier_4': 3}"
2024-05-19T22:00:00,3359,20,"{'tier_0': 2, 'tier_1': 5, 'tier_2': 6, 'tier_3': 4, 'tier_4': 3}"
2024-05-19T23:00:00,3360,20,"{'tier_0': 2, 'tier_1': 5, 'tier_2': 6, 'tier_3': 4, 'tier_4': 3}"
2024-05-20T00:00:00,3361,20,"{'tier_0': 2, 'tier_1': 4, 'tier_2': 6, 'tier_3': 4, 'tier_4': 4}"
2024-05-20T01:00:00,3362,19,"{'tier_0': 2, 'tier_1': 4, 'tier_2': 6, 'tier_3': 4, 'tier_4': 3}"
2024-05-20T02:00:00,3363,20,"{'tier_0': 3, 'tier_1': 3, 'tier_2': 6, 'tier_3': 4, 'tier_4': 4}"
2024-05-20T03:00:00,3364,20,"{'tier_0': 2, 'tier_1': 5, 'tier_2': 6, 'tier_3': 4, 'tier_4': 3}"
2024-05-20T04:00:00,3365,20,"{'tier_0': 2, 'tier_1': 5, 'tier_2': 6, 'tier_3': 4, 'tier_4': 3}"
2024-05-20T05:00:00,3366,20,"{'tier_0': 2, 'tier_1': 4, 'tier_2': 6, 'tier_3': 4, 'tier_4': 4}"
2024-05-20T06:00:00,3367,20,"{'tier_0': 3, 'tier_1': 4, 'tier_2': 6, 'tier_3': 4, 'tier_4': 3}"
2024-05-20T07:00:00,3368,19,"{'tier_0': 1, 'tier_1': 5, 'tier_2': 5, 'tier_3': 4, 'tier_4': 4}"
2024-05-20T08:00:00,3369,20,"{'tier_0': 2, 'tier_1': 4, 'tier_2': 6, 'tier_3': 4, 'tier_4': 4}"
2024-05-20T09:00:00,3370,20,"{'tier_0': 2, 'tier_1': 4, 'tier_2': 6, 'tier_3': 4, 'tier_4': 4}"
2024-05-20T10:00:00,3371,18,"{'tier_0': 2, 'tier_1': 4, 'tier_2': 5, 'tier_3': 4, 'tier_4': 3}"
2024-05-20T11:00:00,3372,18,"{'tier_0': 3, 'tier_1': 3, 'tier_2': 5, 'tier_3': 4, 'tier_4': 3}"
2024-05-20T12:00:00,3373,20,"{'tier_0': 2, 'tier_1': 4, 'tier_2': 6, 'tier_3': 4, 'tier_4': 4}"
2024-05-20T13:00:00,3374,20,"{'tier_0': 2, 'tier_1': 5, 'tier_2': 6, 'tier_3': 4, 'tier_4': 3}"
2024-05-20T14:00:00,3375,20,"{'tier_0': 2, 'tier_1': 4, 'tier_2': 6, 'tier_3': 4, 'tier_4': 4}"
2024-05-20T15:00:00,3376,20,"{'tier_0': 3, 'tier_1': 4, 'tier_2': 6, 'tier_3': 4, 'tier_4': 3}"
2024-05-20T16:00:00,3377,21,"{'tier_0': 2, 'tier_1': 5, 'tier_2': 6, 'tier_3': 4, 'tier_4': 4}"
2024-05-20T17:00:00,3378,20,"{'tier_0': 2, 'tier_1': 5, 'tier_2': 6, 'tier_3': 4, 'tier_4': 3}"
2024-05-20T18:00:00,3379,21,"{'tier_0': 3, 'tier_1': 4, 'tier_2': 6, 'tier_3': 4, 'tier_4': 4}"
2024-05-20T19:00:00,3380,18,"{'tier_0': 2, 'tier_1': 4, 'tier_2': 5, 'tier_3': 4, 'tier_4': 3}"
2024-05-20T20:00:00,3381,20,"{'tier_0': 3, 'tier_1': 4, 'tier_2': 6, 'tier_3': 4, 'tier_4': 3}"
2024-05-20T21:00:00,3382,21,"{'tier_0': 2, 'tier_1': 5, 'tier_2': 6, 'tier_3': 4, 'tier_4': 4}"
2024-05-20T22:00:00,3383,20,"{'tier_0': 2, 'tier_1': 5, 'tier_2': 6, 'tier_3': 4, 'tier_4': 3}"
2024-05-20T23:00:00,3384,20,"{'tier_0': 2, 'tier_1': 5, 'tier_2': 6, 'tier_3': 4, 'tier_4': 3}"
2024-05-21T00:00:00,3385,21,"{'tier_0': 2, 'tier_1': 5, 'tier_2': 6, 'tier_3': 4, 'tier_4': 4}"
2024-05-21T01:00:00,3386,20,"{'tier_0': 2, 'tier_1': 4, 'tier_2': 6, 'tier_3': 4, 'tier_4': 4}"
2024-05-21T02:00:00,3387,20,"{'tier_0': 2, 'tier_1': 5, 'tier_2': 6, 'tier_3': 4, 'tier_4': 3}"
2024-05-21T03:00:00,3388,21,"{'tier_0': 2, 'tier_1': 5, 'tier_2': 6, 'tier_3': 4, 'tier_4': 4}"
2024-05-21T04:00:00,3389,20,"{'tier_0': 2, 'tier_1': 5, 'tier_2': 6, 'tier_3': 4, 'tier_4': 3}"
2024-05-21T05:00:00,3390,21,"{'tier_0': 2, 'tier_1': 4, 'tier_2': 6, 'tier_3': 5, 'tier_4': 4}"
2024-05-21T06:00:00,3391,20,"{'tier_0': 2, 'tier_1': 4, 'tier_2': 6, 'tier_3': 4, 'tier_4': 4}"
2024-05-21T07:00:00,3392,20,"{'tier_0': 3, 'tier_1': 3, 'tier_2': 6, 'tier_3': 4, 'tier_4': 4}"
2024-05-21T08:00:00,3393,20,"{'tier_0': 2, 'tier_1': 5, 'tier_2': 6, 'tier_3': 4, 'tier_4': 3}"
2024-05-21T09:00:00,3394,20,"{'tier_0': 2, 'tier_1': 4, 'tier_2': 6, 'tier_3': 4, 'tier_4': 4}"
2024-05-21T10:00:00,3395,20,"{'tier_0': 2, 'tier_1': 4, 'tier_2': 6, 'tier_3': 4, 'tier_4': 4}"
2024-05-21T11:00:00,3396,20,"{'tier_0': 2, 'tier_1': 5, 'tier_2': 6, 'tier_3': 4, 'tier_4': 3}"
2024-05-21T12:00:00,3397,20,"{'tier_0': 2, 'tier_1': 4, 'tier_2': 6, 'tier_3': 4, 'tier_4': 4}"
2024-05-21T13:00:00,3398,20,"{'tier_0': 2, 'tier_1': 4, 'tier_2': 6, 'tier_3': 4, 'tier_4': 4}"
2024-05-21T14:00:00,3399,21,"{'tier_0': 2, 'tier_1': 5, 'tier_2': 6, 'tier_3': 4, 'tier_4': 4}"
2024-05-21T15:00:00,3400,20,"{'tier_0': 3, 'tier_1': 4, 'tier_2': 6, 'tier_3': 4, 'tier_4': 3}"
2024-05-21T16:00:00,3401,21,"{'tier_0': 4, 'tier_1': 3, 'tier_2': 6, 'tier_3': 4, 'tier_4': 4}"
2024-05-21T17:00:00,3402,20,"{'tier_0': 2, 'tier_1': 5, 'tier_2': 6, 'tier_3': 4, 'tier_4': 3}"
2024-05-21T18:00:00,3403,19,"{'tier_0': 2, 'tier_1': 4, 'tier_2': 5, 'tier_3': 4, 'tier_4': 4}"
2024-05-21T19:00:00,3404,20,"{'tier_0': 2, 'tier_1': 5, 'tier_2': 6, 'tier_3': 4, 'tier_4': 3}"
2024-05-21T20:00:00,3405,20,"{'tier_0': 2, 'tier_1': 5, 'tier_2': 6, 'tier_3': 4, 'tier_4': 3}"
2024-05-21T21:00:00,3406,19,"{'tier_0': 2, 'tier_1': 4, 'tier_2': 5, 'tier_3': 4, 'tier_4': 4}"
2024-05-21T22:00:00,3407,20,"{'tier_0': 2, 'tier_1': 5, 'tier_2': 6, 'tier_3': 4, 'tier_4': 3}"
2024-05-21T23:00:00,3408,20,"{'tier_0': 2, 'tier_1': 5, 'tier_2': 6, 'tier_3': 4, 'tier_4': 3}"
2024-05-22T00:00:00,3409,20,"{'tier_0': 3, 'tier_1': 4, 'tier_2': 6, 'tier_3': 4, 'tier_4': 3}"
2024-05-22T01:00:00,3410,20,"{'tier_0': 2, 'tier_1': 4, 'tier_2': 6, 'tier_3': 4, 'tier_4': 4}"
2024-05-22T02:00:00,3411,20,"{'tier_0': 3, 'tier_1': 3, 'tier_2': 6, 'tier_3': 4, 'tier_4': 4}"
2024-05-22T03:00:00,3412,19,"{'tier_0': 2, 'tier_1': 4, 'tier_2': 5, 'tier_3': 4, 'tier_4': 4}"
2024-05-22T04:00:00,3413,20,"{'tier_0': 2, 'tier_1': 5, 'tier_2': 6, 'tier_3': 4, 'tier_4': 3}"
2024-05-22T05:00:00,3414,21,"{'tier_0': 3, 'tier_1': 4, 'tier_2': 6, 'tier_3': 4, 'tier_4': 4}"
2024-05-22T06:00:00,3415,21,"{'tier_0': 2, 'tier_1': 5, 'tier_2': 6, 'tier_3': 4, 'tier_4': 4}"
2024-05-22T07:00:00,3416,20,"{'tier_0': 3, 'tier_1': 4, 'tier_2': 6, 'tier_3': 4, 'tier_4': 3}"
2024-05-22T08:00:00,3417,20,"{'tier_0': 2, 'tier_1': 4, 'tier_2': 6, 'tier_3': 4, 'tier_4': 4}"
2024-05-22T09:00:00,3418,20,"{'tier_0': 2, 'tier_1': 4, 'tier_2': 6, 'tier_3': 4, 'tier_4': 4}"
2024-05-22T10:00:00,3419,21,"{'tier_0': 2, 'tier_1': 5, 'tier_2': 6, 'tier_3': 4, 'tier_4': 4}"
2024-05-22T11:00:00,3420,21,"{'tier_0': 2, 'tier_1': 5, 'tier_2': 6, 'tier_3': 4, 'tier_4': 4}"
2024-05-22T12:00:00,3421,20,"{'tier_0': 2, 'tier_1': 5, 'tier_2': 6, 'tier_3': 4, 'tier_4': 3}"
2024-05-22T13:00:00,3422,20,"{'tier_0': 2, 'tier_1': 4, 'tier_2': 5, 'tier_3': 5, 'tier_4': 4}"
2024-05-22T14:00:00,3423,18,"{'tier_0': 2, 'tier_1': 4, 'tier_2': 5, 'tier_3': 4, 'tier_4': 3}"
2024-05-22T15:00:00,3424,20,"{'tier_0': 2, 'tier_1': 5, 'tier_2': 6, 'tier_3': 4, 'tier_4': 3}"
2024-05-22T16:00:00,3425,20,"{'tier_0': 2, 'tier_1': 4, 'tier_2': 6, 'tier_3': 4, 'tier_4': 4}"
2024-05-22T17:00:00,3426,20,"{'tier_0': 2, 'tier_1': 4, 'tier_2': 6, 'tier_3': 4, 'tier_4': 4}"
2024-05-22T18:00:00,3427,21,"{'tier_0': 2, 'tier_1': 4, 'tier_2': 6, 'tier_3': 5, 'tier_4': 4}"
2024-05-22T19:00:00,3428,20,"{'tier_0': 2, 'tier_1': 5, 'tier_2': 6, 'tier_3': 4, 'tier_4': 3}"
2024-05-22T20:00:00,3429,19,"{'tier_0': 2, 'tier_1': 4, 'tier_2': 5, 'tier_3': 4, 'tier_4': 4}"
2024-05-22T21:00:00,3430,20,"{'tier_0': 2, 'tier_1': 4, 'tier_2': 6, 'tier_3': 4, 'tier_4': 4}"
2024-05-22T22:00:00,3431,20,"{'tier_0': 2, 'tier_1': 4, 'tier_2': 6, 'tier_3': 4, 'tier_4': 4}"
2024-05-22T23:00:00,3432,20,"{'tier_0': 2, 'tier_1': 4, 'tier_2': 6, 'tier_3': 4, 'tier_4': 4}"
2024-05-23T00:00:00,3433,20,"{'tier_0': 2, 'tier_1': 5, 'tier_2': 6, 'tier_3': 4, 'tier_4': 3}"
2024-05-23T01:00:00,3434,21,"{'tier_0': 3, 'tier_1': 4, 'tier_2': 6, 'tier_3': 4, 'tier_4': 4}"
2024-05-23T02:00:00,3435,20,"{'tier_0': 2, 'tier_1': 5, 'tier_2': 6, 'tier_3': 4, 'tier_4': 3}"
2024-05-23T03:00:00,3436,20,"{'tier_0': 2, 'tier_1': 4, 'tier_2': 6, 'tier_3': 4, 'tier_4': 4}"
2024-05-23T04:00:00,3437,20,"{'tier_0': 2, 'tier_1': 5, 'tier_2': 6, 'tier_3': 4, 'tier_4': 3}"
2024-05-23T05:00:00,3438,21,"{'tier_0': 2, 'tier_1': 5, 'tier_2': 6, 'tier_3': 4, 'tier_4': 4}"
2024-05-23T06:00:00,3439,20,"{'tier_0': 3, 'tier_1': 4, 'tier_2': 6, 'tier_3': 4, 'tier_4': 3}"
2024-05-23T07:00:00,3440,19,"{'tier_0': 2, 'tier_1': 4, 'tier_2': 5, 'tier_3': 4, 'tier_4': 4}"
2024-05-23T08:00:00,3441,21,"{'tier_0': 2, 'tier_1': 4, 'tier_2': 6, 'tier_3': 4, 'tier_4': 5}"
2024-05-23T09:00:00,3442,19,"{'tier_0': 2, 'tier_1': 4, 'tier_2': 5, 'tier_3': 4, 'tier_4': 4}"
2024-05-23T10:00:00,3443,20,"{'tier_0': 2, 'tier_1': 4, 'tier_2': 6, 'tier_3': 4, 'tier_4': 4}"
2024-05-23T11:00:00,3444,21,"{'tier_0': 2, 'tier_1': 5, 'tier_2': 6, 'tier_3': 4, 'tier_4': 4}"
2024-05-23T12:00:00,3445,20,"{'tier_0': 2, 'tier_1': 5, 'tier_2': 6, 'tier_3': 4, 'tier_4': 3}"
2024-05-23T13:00:00,3446,19,"{'tier_0': 3, 'tier_1': 3, 'tier_2': 5, 'tier_3': 4, 'tier_4': 4}"
2024-05-23T14:00:00,3447,20,"{'tier_0': 2, 'tier_1': 4, 'tier_2': 6, 'tier_3': 4, 'tier_4': 4}"
2024-05-23T15:00:00,3448,20,"{'tier_0': 2, 'tier_1': 4, 'tier_2': 6, 'tier_3': 4, 'tier_4': 4}"
2024-05-23T16:00:00,3449,20,"{'tier_0': 2, 'tier_1': 5, 'tier_2': 6, 'tier_3': 4, 'tier_4': 3}"
2024-05-23T17:00:00,3450,20,"{'tier_0': 2, 'tier_1': 4, 'tier_2': 6, 'tier_3': 4, 'tier_4': 4}"
2024-05-23T18:00:00,3451,20,"{'tier_0': 2, 'tier_1': 4, 'tier_2': 6, 'tier_3': 4, 'tier_4': 4}"
2024-05-23T19:00:00,3452,20,"{'tier_0': 2, 'tier_1': 4, 'tier_2': 6, 'tier_3': 4, 'tier_4': 4}"
2024-05-23T20:00:00,3453,20,"{'tier_0': 3, 'tier_1': 4, 'tier_2': 6, 'tier_3': 4, 'tier_4': 3}"
2024-05-23T21:00:00,3454,19,"{'tier_0': 1, 'tier_1': 5, 'tier_2': 5, 'tier_3': 4, 'tier_4': 4}"
2024-05-23T22:00:00,3455,18,"{'tier_0': 2, 'tier_1': 4, 'tier_2': 5, 'tier_3': 4, 'tier_4': 3}"
2024-05-23T23:00:00,3456,20,"{'tier_0': 2, 'tier_1': 5, 'tier_2': 6, 'tier_3': 4, 'tier_4': 3}"
2024-05-24T00:00:00,3457,21,"{'tier_0': 2, 'tier_1': 5, 'tier_2': 6, 'tier_3': 4, 'tier_4': 4}"
2024-05-24T01:00:00,3458,19,"{'tier_0': 2, 'tier_1': 4, 'tier_2': 6, 'tier_3': 4, 'tier_4': 3}"
2024-05-24T02:00:00,3459,21,"{'tier_0': 2, 'tier_1': 5, 'tier_2': 6, 'tier_3': 4, 'tier_4': 4}"
2024-05-24T03:00:00,3460,19,"{'tier_0': 2, 'tier_1': 4, 'tier_2': 6, 'tier_3': 4, 'tier_4': 3}"
2024-05-24T04:00:00,3461,20,"{'tier_0': 2, 'tier_1': 4, 'tier_2': 6, 'tier_3': 4, 'tier_4': 4}"
2024-05-24T05:00:00,3462,20,"{'tier_0': 2, 'tier_1': 5, 'tier_2': 6, 'tier_3': 4, 'tier_4': 3}"
2024-05-24T06:00:00,3463,20,"{'tier_0': 2, 'tier_1': 4, 'tier_2': 6, 'tier_3': 4, 'tier_4': 4}"
2024-05-24T07:00:00,3464,21,"{'tier_0': 3, 'tier_1': 3, 'tier_2': 6, 'tier_3': 4, 'tier_4': 5}"
2024-05-24T08:00:00,3465,21,"{'tier_0': 2, 'tier_1': 5, 'tier_2': 6, 'tier_3': 4, 'tier_4': 4}"
2024-05-24T09:00:00,3466,20,"{'tier_0': 2, 'tier_1': 4, 'tier_2': 6, 'tier_3': 4, 'tier_4': 4}"
2024-05-24T10:00:00,3467,20,"{'tier_0': 2, 'tier_1': 5, 'tier_2': 6, 'tier_3': 4, 'tier_4': 3}"
2024-05-24T11:00:00,3468,21,"{'tier_0': 3, 'tier_1': 4, 'tier_2': 6, 'tier_3': 4, 'tier_4': 4}"
2024-05-24T12:00:00,3469,21,"{'tier_0': 2, 'tier_1': 4, 'tier_2': 6, 'tier_3': 4, 'tier_4': 5}"
2024-05-24T13:00:00,3470,19,"{'tier_0': 2, 'tier_1': 4, 'tier_2': 6, 'tier_3': 4, 'tier_4': 3}"
2024-05-24T14:00:00,3471,20,"{'tier_0': 2, 'tier_1': 5, 'tier_2': 6, 'tier_3': 4, 'tier_4': 3}"
2024-05-24T15:00:00,3472,20,"{'tier_0': 2, 'tier_1': 4, 'tier_2': 6, 'tier_3': 4, 'tier_4': 4}"
2024-05-24T16:00:00,3473,20,"{'tier_0': 3, 'tier_1': 4, 'tier_2': 6, 'tier_3': 4, 'tier_4': 3}"
2024-05-24T17:00:00,3474,20,"{'tier_0': 3, 'tier_1': 4, 'tier_2': 6, 'tier_3': 4, 'tier_4': 3}"
2024-05-24T18:00:00,3475,20,"{'tier_0': 2, 'tier_1': 4, 'tier_2': 6, 'tier_3': 4, 'tier_4': 4}"
2024-05-24T19:00:00,3476,20,"{'tier_0': 3, 'tier_1': 4, 'tier_2': 6, 'tier_3': 4, 'tier_4': 3}"
2024-05-24T20:00:00,3477,20,"{'tier_0': 2, 'tier_1': 5, 'tier_2': 6, 'tier_3': 4, 'tier_4': 3}"
2024-05-24T21:00:00,3478,19,"{'tier_0': 2, 'tier_1': 4, 'tier_2': 6, 'tier_3': 4, 'tier_4': 3}"
2024-05-24T22:00:00,3479,21,"{'tier_0': 2, 'tier_1': 5, 'tier_2': 6, 'tier_3': 5, 'tier_4': 3}"
2024-05-24T23:00:00,3480,20,"{'tier_0': 2, 'tier_1': 5, 'tier_2': 6, 'tier_3': 4, 'tier_4': 3}"
2024-05-25T00:00:00,3481,20,"{'tier_0': 3, 'tier_1': 4, 'tier_2': 6, 'tier_3': 4, 'tier_4': 3}"
2024-05-25T01:00:00,3482,19,"{'tier_0': 2, 'tier_1': 4, 'tier_2': 5, 'tier_3': 4, 'tier_4': 4}"
2024-05-25T02:00:00,3483,21,"{'tier_0': 2, 'tier_1': 5, 'tier_2': 6, 'tier_3': 4, 'tier_4': 4}"
2024-05-25T03:00:00,3484,20,"{'tier_0': 2, 'tier_1': 5, 'tier_2': 6, 'tier_3': 4, 'tier_4': 3}"
2024-05-25T04:00:00,3485,19,"{'tier_0': 2, 'tier_1': 4, 'tier_2': 5, 'tier_3': 4, 'tier_4': 4}"
2024-05-25T05:00:00,3486,20,"{'tier_0': 2, 'tier_1': 5, 'tier_2': 6, 'tier_3': 4, 'tier_4': 3}"
2024-05-25T06:00:00,3487,20,"{'tier_0': 2, 'tier_1': 5, 'tier_2': 6, 'tier_3': 4, 'tier_4': 3}"
2024-05-25T07:00:00,3488,21,"{'tier_0': 3, 'tier_1': 4, 'tier_2': 6, 'tier_3': 4, 'tier_4': 4}"
2024-05-25T08:00:00,3489,20,"{'tier_0': 2, 'tier_1': 5, 'tier_2': 6, 'tier_3': 4, 'tier_4': 3}"
2024-05-25T09:00:00,3490,20,"{'tier_0': 3, 'tier_1': 4, 'tier_2': 6, 'tier_3': 4, 'tier_4': 3}"
2024-05-25T10:00:00,3491,21,"{'tier_0': 2, 'tier_1': 5, 'tier_2': 6, 'tier_3': 4, 'tier_4': 4}"
2024-05-25T11:00:00,3492,21,"{'tier_0': 2, 'tier_1': 5, 'tier_2': 6, 'tier_3': 4, 'tier_4': 4}"
2024-05-25T12:00:00,3493,20,"{'tier_0': 2, 'tier_1': 5, 'tier_2': 6, 'tier_3': 4, 'tier_4': 3}"
2024-05-25T13:00:00,3494,20,"{'tier_0': 2, 'tier_1': 5, 'tier_2': 6, 'tier_3': 4, 'tier_4': 3}"
2024-05-25T14:00:00,3495,20,"{'tier_0': 3, 'tier_1': 4, 'tier_2': 6, 'tier_3': 4, 'tier_4': 3}"
2024-05-25T15:00:00,3496,21,"{'tier_0': 2, 'tier_1': 5, 'tier_2': 6, 'tier_3': 4, 'tier_4': 4}"
2024-05-25T16:00:00,3497,21,"{'tier_0': 3, 'tier_1': 4, 'tier_2': 6, 'tier_3': 4, 'tier_4': 4}"
2024-05-25T17:00:00,3498,20,"{'tier_0': 2, 'tier_1': 5, 'tier_2': 6, 'tier_3': 4, 'tier_4': 3}"
2024-05-25T18:00:00,3499,20,"{'tier_0': 2, 'tier_1': 5, 'tier_2': 6, 'tier_3': 4, 'tier_4': 3}"
2024-05-25T19:00:00,3500,20,"{'tier_0': 2, 'tier_1': 5, 'tier_2': 6, 'tier_3': 4, 'tier_4': 3}"
2024-05-25T20:00:00,3501,21,"{'tier_0': 2, 'tier_1': 5, 'tier_2': 6, 'tier_3': 5, 'tier_4': 3}"
2024-05-25T21:00:00,3502,20,"{'tier_0': 2, 'tier_1': 5, 'tier_2': 6, 'tier_3': 4, 'tier_4': 3}"
2024-05-25T22:00:00,3503,20,"{'tier_0': 2, 'tier_1': 5, 'tier_2': 6, 'tier_3': 4, 'tier_4': 3}"
2024-05-25T23:00:00,3504,20,"{'tier_0': 2, 'tier_1': 4, 'tier_2': 6, 'tier_3': 4, 'tier_4': 4}"
2024-05-26T00:00:00,3505,20,"{'tier_0': 3, 'tier_1': 3, 'tier_2': 6, 'tier_3': 4, 'tier_4': 4}"
2024-05-26T01:00:00,3506,20,"{'tier_0': 2, 'tier_1': 5, 'tier_2': 6, 'tier_3': 4, 'tier_4': 3}"
2024-05-26T02:00:00,3507,19,"{'tier_0': 1, 'tier_1': 5, 'tier_2': 6, 'tier_3': 4, 'tier_4': 3}"
2024-05-26T03:00:00,3508,18,"{'tier_0': 2, 'tier_1': 4, 'tier_2': 5, 'tier_3': 4, 'tier_4': 3}"
2024-05-26T04:00:00,3509,20,"{'tier_0': 2, 'tier_1': 5, 'tier_2': 6, 'tier_3': 4, 'tier_4': 3}"
2024-05-26T05:00:00,3510,21,"{'tier_0': 2, 'tier_1': 4, 'tier_2': 6, 'tier_3': 5, 'tier_4': 4}"
2024-05-26T06:00:00,3511,20,"{'tier_0': 2, 'tier_1': 5, 'tier_2': 6, 'tier_3': 4, 'tier_4': 3}"
2024-05-26T07:00:00,3512,19,"{'tier_0': 2, 'tier_1': 4, 'tier_2': 5, 'tier_3': 4, 'tier_4': 4}"
2024-05-26T08:00:00,3513,20,"{'tier_0': 3, 'tier_1': 4, 'tier_2': 6, 'tier_3': 4, 'tier_4': 3}"
2024-05-26T09:00:00,3514,20,"{'tier_0': 2, 'tier_1': 4, 'tier_2': 6, 'tier_3': 4, 'tier_4': 4}"
2024-05-26T10:00:00,3515,20,"{'tier_0': 2, 'tier_1': 4, 'tier_2': 6, 'tier_3': 4, 'tier_4': 4}"
2024-05-26T11:00:00,3516,21,"{'tier_0': 2, 'tier_1': 5, 'tier_2': 6, 'tier_3': 4, 'tier_4': 4}"
2024-05-26T12:00:00,3517,20,"{'tier_0': 2, 'tier_1': 4, 'tier_2': 6, 'tier_3': 4, 'tier_4': 4}"
2024-05-26T13:00:00,3518,20,"{'tier_0': 2, 'tier_1': 5, 'tier_2': 6, 'tier_3': 4, 'tier_4': 3}"
2024-05-26T14:00:00,3519,20,"{'tier_0': 2, 'tier_1': 5, 'tier_2': 6, 'tier_3': 4, 'tier_4': 3}"
2024-05-26T15:00:00,3520,20,"{'tier_0': 2, 'tier_1': 5, 'tier_2': 6, 'tier_3': 4, 'tier_4': 3}"
2024-05-26T16:00:00,3521,21,"{'tier_0': 3, 'tier_1': 3, 'tier_2': 6, 'tier_3': 4, 'tier_4': 5}"
2024-05-26T17:00:00,3522,18,"{'tier_0': 1, 'tier_1': 5, 'tier_2': 5, 'tier_3': 4, 'tier_4': 3}"
2024-05-26T18:00:00,3523,20,"{'tier_0': 2, 'tier_1': 5, 'tier_2': 6, 'tier_3': 4, 'tier_4': 3}"
2024-05-26T19:00:00,3524,18,"{'tier_0': 2, 'tier_1': 4, 'tier_2': 5, 'tier_3': 4, 'tier_4': 3}"
2024-05-26T20:00:00,3525,20,"{'tier_0': 2, 'tier_1': 5, 'tier_2': 6, 'tier_3': 4, 'tier_4': 3}"
2024-05-26T21:00:00,3526,21,"{'tier_0': 2, 'tier_1': 5, 'tier_2': 6, 'tier_3': 4, 'tier_4': 4}"
2024-05-26T22:00:00,3527,20,"{'tier_0': 3, 'tier_1': 3, 'tier_2': 6, 'tier_3': 4, 'tier_4': 4}"
2024-05-26T23:00:00,3528,19,"{'tier_0': 2, 'tier_1': 4, 'tier_2': 5, 'tier_3': 4, 'tier_4': 4}"
2024-05-27T00:00:00,3529,20,"{'tier_0': 2, 'tier_1': 5, 'tier_2': 6, 'tier_3': 4, 'tier_4': 3}"
2024-05-27T01:00:00,3530,20,"{'tier_0': 2, 'tier_1': 5, 'tier_2': 6, 'tier_3': 4, 'tier_4': 3}"
2024-05-27T02:00:00,3531,20,"{'tier_0': 3, 'tier_1': 3, 'tier_2': 6, 'tier_3': 4, 'tier_4': 4}"
2024-05-27T03:00:00,3532,20,"{'tier_0': 2, 'tier_1': 5, 'tier_2': 6, 'tier_3': 4, 'tier_4': 3}"
2024-05-27T04:00:00,3533,21,"{'tier_0': 2, 'tier_1': 5, 'tier_2': 6, 'tier_3': 4, 'tier_4': 4}"
2024-05-27T05:00:00,3534,20,"{'tier_0': 2, 'tier_1': 4, 'tier_2': 6, 'tier_3': 4, 'tier_4': 4}"
2024-05-27T06:00:00,3535,19,"{'tier_0': 2, 'tier_1': 4, 'tier_2': 6, 'tier_3': 4, 'tier_4': 3}"
2024-05-27T07:00:00,3536,20,"{'tier_0': 2, 'tier_1': 4, 'tier_2': 6, 'tier_3': 4, 'tier_4': 4}"
2024-05-27T08:00:00,3537,20,"{'tier_0': 2, 'tier_1': 5, 'tier_2': 6, 'tier_3': 4, 'tier_4': 3}"
2024-05-27T09:00:00,3538,20,"{'tier_0': 2, 'tier_1': 4, 'tier_2': 6, 'tier_3': 4, 'tier_4': 4}"
2024-05-27T10:00:00,3539,20,"{'tier_0': 2, 'tier_1': 5, 'tier_2': 6, 'tier_3': 4, 'tier_4': 3}"
2024-05-27T11:00:00,3540,21,"{'tier_0': 3, 'tier_1': 3, 'tier_2': 6, 'tier_3': 4, 'tier_4': 5}"
2024-05-27T12:00:00,3541,20,"{'tier_0': 2, 'tier_1': 4, 'tier_2': 6, 'tier_3': 4, 'tier_4': 4}"
2024-05-27T13:00:00,3542,19,"{'tier_0': 2, 'tier_1': 4, 'tier_2': 5, 'tier_3': 4, 'tier_4': 4}"
2024-05-27T14:00:00,3543,21,"{'tier_0': 2, 'tier_1': 5, 'tier_2': 6, 'tier_3': 4, 'tier_4': 4}"
2024-05-27T15:00:00,3544,19,"{'tier_0': 2, 'tier_1': 4, 'tier_2': 6, 'tier_3': 4, 'tier_4': 3}"
2024-05-27T16:00:00,3545,21,"{'tier_0': 3, 'tier_1': 4, 'tier_2': 6, 'tier_3': 4, 'tier_4': 4}"
2024-05-27T17:00:00,3546,20,"{'tier_0': 3, 'tier_1': 4, 'tier_2': 6, 'tier_3': 4, 'tier_4': 3}"
2024-05-27T18:00:00,3547,20,"{'tier_0': 2, 'tier_1': 5, 'tier_2': 6, 'tier_3': 4, 'tier_4': 3}"
2024-05-27T19:00:00,3548,21,"{'tier_0': 2, 'tier_1': 5, 'tier_2': 6, 'tier_3': 5, 'tier_4': 3}"
2024-05-27T20:00:00,3549,20,"{'tier_0': 3, 'tier_1': 4, 'tier_2': 6, 'tier_3': 4, 'tier_4': 3}"
2024-05-27T21:00:00,3550,20,"{'tier_0': 2, 'tier_1': 5, 'tier_2': 6, 'tier_3': 4, 'tier_4': 3}"
2024-05-27T22:00:00,3551,21,"{'tier_0': 4, 'tier_1': 3, 'tier_2': 6, 'tier_3': 4, 'tier_4': 4}"
2024-05-27T23:00:00,3552,20,"{'tier_0': 3, 'tier_1': 4, 'tier_2': 6, 'tier_3': 4, 'tier_4': 3}"
2024-05-28T00:00:00,3553,21,"{'tier_0': 2, 'tier_1': 5, 'tier_2': 6, 'tier_3': 4, 'tier_4': 4}"
2024-05-28T01:00:00,3554,19,"{'tier_0': 2, 'tier_1': 4, 'tier_2': 6, 'tier_3': 4, 'tier_4': 3}"
2024-05-28T02:00:00,3555,20,"{'tier_0': 2, 'tier_1': 5, 'tier_2': 6, 'tier_3': 4, 'tier_4': 3}"
2024-05-28T03:00:00,3556,21,"{'tier_0': 2, 'tier_1': 5, 'tier_2': 6, 'tier_3': 4, 'tier_4': 4}"
2024-05-28T04:00:00,3557,20,"{'tier_0': 2, 'tier_1': 4, 'tier_2': 6, 'tier_3': 4, 'tier_4': 4}"
2024-05-28T05:00:00,3558,21,"{'tier_0': 2, 'tier_1': 4, 'tier_2': 7, 'tier_3': 4, 'tier_4': 4}"
2024-05-28T06:00:00,3559,20,"{'tier_0': 2, 'tier_1': 4, 'tier_2': 6, 'tier_3': 4, 'tier_4': 4}"
2024-05-28T07:00:00,3560,20,"{'tier_0': 2, 'tier_1': 4, 'tier_2': 6, 'tier_3': 4, 'tier_4': 4}"
2024-05-28T08:00:00,3561,21,"{'tier_0': 2, 'tier_1': 5, 'tier_2': 6, 'tier_3': 4, 'tier_4': 4}"
2024-05-28T09:00:00,3562,20,"{'tier_0': 2, 'tier_1': 5, 'tier_2': 6, 'tier_3': 4, 'tier_4': 3}"
2024-05-28T10:00:00,3563,20,"{'tier_0': 3, 'tier_1': 3, 'tier_2': 6, 'tier_3': 4, 'tier_4': 4}"
2024-05-28T11:00:00,3564,20,"{'tier_0': 2, 'tier_1': 5, 'tier_2': 6, 'tier_3': 4, 'tier_4': 3}"
2024-05-28T12:00:00,3565,20,"{'tier_0': 2, 'tier_1': 4, 'tier_2': 6, 'tier_3': 4, 'tier_4': 4}"
2024-05-28T13:00:00,3566,21,"{'tier_0': 2, 'tier_1': 5, 'tier_2': 6, 'tier_3': 4, 'tier_4': 4}"
2024-05-28T14:00:00,3567,20,"{'tier_0': 2, 'tier_1': 5, 'tier_2': 6, 'tier_3': 4, 'tier_4': 3}"
2024-05-28T15:00:00,3568,18,"{'tier_0': 2, 'tier_1': 4, 'tier_2': 5, 'tier_3': 4, 'tier_4': 3}"
2024-05-28T16:00:00,3569,20,"{'tier_0': 3, 'tier_1': 4, 'tier_2': 6, 'tier_3': 4, 'tier_4': 3}"
2024-05-28T17:00:00,3570,20,"{'tier_0': 2, 'tier_1': 5, 'tier_2': 6, 'tier_3': 4, 'tier_4': 3}"
2024-05-28T18:00:00,3571,20,"{'tier_0': 2, 'tier_1': 4, 'tier_2': 5, 'tier_3': 5, 'tier_4': 4}"
2024-05-28T19:00:00,3572,20,"{'tier_0': 2, 'tier_1': 4, 'tier_2': 6, 'tier_3': 4, 'tier_4': 4}"
2024-05-28T20:00:00,3573,21,"{'tier_0': 3, 'tier_1': 4, 'tier_2': 6, 'tier_3': 4, 'tier_4': 4}"
2024-05-28T21:00:00,3574,20,"{'tier_0': 2, 'tier_1': 5, 'tier_2': 6, 'tier_3': 4, 'tier_4': 3}"
2024-05-28T22:00:00,3575,20,"{'tier_0': 3, 'tier_1': 3, 'tier_2': 6, 'tier_3': 4, 'tier_4': 4}"
2024-05-28T23:00:00,3576,18,"{'tier_0': 2, 'tier_1': 4, 'tier_2': 5, 'tier_3': 4, 'tier_4': 3}"
2024-05-29T00:00:00,3577,20,"{'tier_0': 2, 'tier_1': 4, 'tier_2': 6, 'tier_3': 4, 'tier_4': 4}"
2024-05-29T01:00:00,3578,21,"{'tier_0': 3, 'tier_1': 4, 'tier_2': 6, 'tier_3': 4, 'tier_4': 4}"
2024-05-29T02:00:00,3579,20,"{'tier_0': 2, 'tier_1': 4, 'tier_2': 6, 'tier_3': 4, 'tier_4': 4}"
2024-05-29T03:00:00,3580,21,"{'tier_0': 2, 'tier_1': 5, 'tier_2': 6, 'tier_3': 5, 'tier_4': 3}"
2024-05-29T04:00:00,3581,19,"{'tier_0': 2, 'tier_1': 4, 'tier_2': 6, 'tier_3': 4, 'tier_4': 3}"
2024-05-29T05:00:00,3582,19,"{'tier_0': 2, 'tier_1': 4, 'tier_2': 5, 'tier_3': 4, 'tier_4': 4}"
2024-05-29T06:00:00,3583,21,"{'tier_0': 2, 'tier_1': 4, 'tier_2': 6, 'tier_3': 5, 'tier_4': 4}"
2024-05-29T07:00:00,3584,18,"{'tier_0': 2, 'tier_1': 4, 'tier_2': 5, 'tier_3': 4, 'tier_4': 3}"
2024-05-29T08:00:00,3585,20,"{'tier_0': 2, 'tier_1': 5, 'tier_2': 6, 'tier_3': 4, 'tier_4': 3}"
2024-05-29T09:00:00,3586,20,"{'tier_0': 2, 'tier_1': 5, 'tier_2': 6, 'tier_3': 4, 'tier_4': 3}"
2024-05-29T10:00:00,3587,19,"{'tier_0': 2, 'tier_1': 4, 'tier_2': 6, 'tier_3': 4, 'tier_4': 3}"
2024-05-29T11:00:00,3588,19,"{'tier_0': 2, 'tier_1': 4, 'tier_2': 6, 'tier_3': 4, 'tier_4': 3}"
2024-05-29T12:00:00,3589,21,"{'tier_0': 2, 'tier_1': 5, 'tier_2': 6, 'tier_3': 5, 'tier_4': 3}"
2024-05-29T13:00:00,3590,19,"{'tier_0': 1, 'tier_1': 5, 'tier_2': 5, 'tier_3': 4, 'tier_4': 4}"
2024-05-29T14:00:00,3591,20,"{'tier_0': 2, 'tier_1': 5, 'tier_2': 6, 'tier_3': 4, 'tier_4': 3}"
2024-05-29T15:00:00,3592,19,"{'tier_0': 2, 'tier_1': 4, 'tier_2': 5, 'tier_3': 4, 'tier_4': 4}"
2024-05-29T16:00:00,3593,20,"{'tier_0': 2, 'tier_1': 4, 'tier_2': 6, 'tier_3': 4, 'tier_4': 4}"
2024-05-29T17:00:00,3594,20,"{'tier_0': 2, 'tier_1': 4, 'tier_2': 6, 'tier_3': 4, 'tier_4': 4}"
2024-05-29T18:00:00,3595,20,"{'tier_0': 2, 'tier_1': 4, 'tier_2': 6, 'tier_3': 4, 'tier_4': 4}"
2024-05-29T19:00:00,3596,21,"{'tier_0': 2, 'tier_1': 5, 'tier_2': 6, 'tier_3': 4, 'tier_4': 4}"
2024-05-29T20:00:00,3597,20,"{'tier_0': 2, 'tier_1': 5, 'tier_2': 6, 'tier_3': 4, 'tier_4': 3}"
2024-05-29T21:00:00,3598,20,"{'tier_0': 2, 'tier_1': 4, 'tier_2': 6, 'tier_3': 4, 'tier_4': 4}"
2024-05-29T22:00:00,3599,20,"{'tier_0': 2, 'tier_1': 4, 'tier_2': 6, 'tier_3': 4, 'tier_4': 4}"
2024-05-29T23:00:00,3600,21,"{'tier_0': 2, 'tier_1': 5, 'tier_2': 6, 'tier_3': 5, 'tier_4': 3}"
2024-05-30T00:00:00,3601,20,"{'tier_0': 2, 'tier_1': 4, 'tier_2': 6, 'tier_3': 4, 'tier_4': 4}"
2024-05-30T01:00:00,3602,20,"{'tier_0': 2, 'tier_1': 4, 'tier_2': 6, 'tier_3': 4, 'tier_4': 4}"
2024-05-30T02:00:00,3603,21,"{'tier_0': 2, 'tier_1': 5, 'tier_2': 6, 'tier_3': 4, 'tier_4': 4}"
2024-05-30T03:00:00,3604,20,"{'tier_0': 2, 'tier_1': 5, 'tier_2': 6, 'tier_3': 4, 'tier_4': 3}"
2024-05-30T04:00:00,3605,20,"{'tier_0': 2, 'tier_1': 4, 'tier_2': 6, 'tier_3': 4, 'tier_4': 4}"
2024-05-30T05:00:00,3606,20,"{'tier_0': 2, 'tier_1': 4, 'tier_2': 6, 'tier_3': 4, 'tier_4': 4}"
2024-05-30T06:00:00,3607,20,"{'tier_0': 2, 'tier_1': 5, 'tier_2': 6, 'tier_3': 4, 'tier_4': 3}"
2024-05-30T07:00:00,3608,20,"{'tier_0': 2, 'tier_1': 4, 'tier_2': 5, 'tier_3': 5, 'tier_4': 4}"
2024-05-30T08:00:00,3609,19,"{'tier_0': 2, 'tier_1': 4, 'tier_2': 5, 'tier_3': 5, 'tier_4': 3}"
2024-05-30T09:00:00,3610,19,"{'tier_0': 1, 'tier_1': 5, 'tier_2': 6, 'tier_3': 4, 'tier_4': 3}"
2024-05-30T10:00:00,3611,21,"{'tier_0': 2, 'tier_1': 4, 'tier_2': 6, 'tier_3': 4, 'tier_4': 5}"
2024-05-30T11:00:00,3612,20,"{'tier_0': 2, 'tier_1': 5, 'tier_2': 6, 'tier_3': 4, 'tier_4': 3}"
2024-05-30T12:00:00,3613,21,"{'tier_0': 3, 'tier_1': 4, 'tier_2': 6, 'tier_3': 4, 'tier_4': 4}"
2024-05-30T13:00:00,3614,19,"{'tier_0': 1, 'tier_1': 5, 'tier_2': 5, 'tier_3': 4, 'tier_4': 4}"
2024-05-30T14:00:00,3615,20,"{'tier_0': 2, 'tier_1': 5, 'tier_2': 6, 'tier_3': 4, 'tier_4': 3}"
2024-05-30T15:00:00,3616,21,"{'tier_0': 2, 'tier_1': 5, 'tier_2': 6, 'tier_3': 4, 'tier_4': 4}"
2024-05-30T16:00:00,3617,20,"{'tier_0': 2, 'tier_1': 4, 'tier_2': 6, 'tier_3': 4, 'tier_4': 4}"
2024-05-30T17:00:00,3618,20,"{'tier_0': 2, 'tier_1': 5, 'tier_2': 6, 'tier_3': 4, 'tier_4': 3}"
2024-05-30T18:00:00,3619,20,"{'tier_0': 3, 'tier_1': 4, 'tier_2': 6, 'tier_3': 4, 'tier_4': 3}"
2024-05-30T19:00:00,3620,19,"{'tier_0': 2, 'tier_1': 4, 'tier_2': 6, 'tier_3': 4, 'tier_4': 3}"
2024-05-30T20:00:00,3621,20,"{'tier_0': 2, 'tier_1': 4, 'tier_2': 6, 'tier_3': 4, 'tier_4': 4}"
2024-05-30T21:00:00,3622,19,"{'tier_0': 2, 'tier_1': 4, 'tier_2': 5, 'tier_3': 5, 'tier_4': 3}"
2024-05-30T22:00:00,3623,20,"{'tier_0': 2, 'tier_1': 4, 'tier_2': 6, 'tier_3': 4, 'tier_4': 4}"
2024-05-30T23:00:00,3624,20,"{'tier_0': 2, 'tier_1': 5, 'tier_2': 6, 'tier_3': 4, 'tier_4': 3}"
2024-05-31T00:00:00,3625,19,"{'tier_0': 2, 'tier_1': 4, 'tier_2': 5, 'tier_3': 4, 'tier_4': 4}"
2024-05-31T01:00:00,3626,20,"{'tier_0': 2, 'tier_1': 4, 'tier_2': 6, 'tier_3': 4, 'tier_4': 4}"
2024-05-31T02:00:00,3627,21,"{'tier_0': 2, 'tier_1': 5, 'tier_2': 6, 'tier_3': 4, 'tier_4': 4}"
2024-05-31T03:00:00,3628,20,"{'tier_0': 2, 'tier_1': 5, 'tier_2': 6, 'tier_3': 4, 'tier_4': 3}"
2024-05-31T04:00:00,3629,20,"{'tier_0': 2, 'tier_1': 5, 'tier_2': 6, 'tier_3': 4, 'tier_4': 3}"
2024-05-31T05:00:00,3630,20,"{'tier_0': 2, 'tier_1': 4, 'tier_2': 6, 'tier_3': 4, 'tier_4': 4}"
2024-05-31T06:00:00,3631,19,"{'tier_0': 2, 'tier_1': 4, 'tier_2': 6, 'tier_3': 4, 'tier_4': 3}"
2024-05-31T07:00:00,3632,20,"{'tier_0': 2, 'tier_1': 4, 'tier_2': 6, 'tier_3': 4, 'tier_4': 4}"
2024-05-31T08:00:00,3633,19,"{'tier_0': 2, 'tier_1': 4, 'tier_2': 5, 'tier_3': 4, 'tier_4': 4}"
2024-05-31T09:00:00,3634,21,"{'tier_0': 3, 'tier_1': 4, 'tier_2': 6, 'tier_3': 4, 'tier_4': 4}"
2024-05-31T10:00:00,3635,19,"{'tier_0': 2, 'tier_1': 4, 'tier_2': 6, 'tier_3': 4, 'tier_4': 3}"
2024-05-31T11:00:00,3636,18,"{'tier_0': 2, 'tier_1': 4, 'tier_2': 5, 'tier_3': 4, 'tier_4': 3}"
2024-05-31T12:00:00,3637,20,"{'tier_0': 2, 'tier_1': 5, 'tier_2': 6, 'tier_3': 4, 'tier_4': 3}"
2024-05-31T13:00:00,3638,20,"{'tier_0': 3, 'tier_1': 4, 'tier_2': 6, 'tier_3': 4, 'tier_4': 3}"
2024-05-31T14:00:00,3639,20,"{'tier_0': 2, 'tier_1': 5, 'tier_2': 6, 'tier_3': 4, 'tier_4': 3}"
2024-05-31T15:00:00,3640,19,"{'tier_0': 2, 'tier_1': 4, 'tier_2': 6, 'tier_3': 4, 'tier_4': 3}"
2024-05-31T16:00:00,3641,20,"{'tier_0': 2, 'tier_1': 4, 'tier_2': 6, 'tier_3': 4, 'tier_4': 4}"
2024-05-31T17:00:00,3642,20,"{'tier_0': 2, 'tier_1': 5, 'tier_2': 6, 'tier_3': 4, 'tier_4': 3}"
2024-05-31T18:00:00,3643,20,"{'tier_0': 2, 'tier_1': 5, 'tier_2': 6, 'tier_3': 4, 'tier_4': 3}"
2024-05-31T19:00:00,3644,19,"{'tier_0': 2, 'tier_1': 4, 'tier_2': 6, 'tier_3': 4, 'tier_4': 3}"
2024-05-31T20:00:00,3645,19,"{'tier_0': 2, 'tier_1': 4, 'tier_2': 5, 'tier_3': 4, 'tier_4': 4}"
2024-05-31T21:00:00,3646,20,"{'tier_0': 3, 'tier_1': 3, 'tier_2': 6, 'tier_3': 4, 'tier_4': 4}"
2024-05-31T22:00:00,3647,21,"{'tier_0': 3, 'tier_1': 4, 'tier_2': 6, 'tier_3': 4, 'tier_4': 4}"
2024-05-31T23:00:00,3648,20,"{'tier_0': 3, 'tier_1': 4, 'tier_2': 6, 'tier_3': 4, 'tier_4': 3}"
2024-06-01T00:00:00,3649,20,"{'tier_0': 2, 'tier_1': 5, 'tier_2': 6, 'tier_3': 4, 'tier_4': 3}"
2024-06-01T01:00:00,3650,19,"{'tier_0': 2, 'tier_1': 4, 'tier_2': 5, 'tier_3': 4, 'tier_4': 4}"
2024-06-01T02:00:00,3651,21,"{'tier_0': 3, 'tier_1': 4, 'tier_2': 6, 'tier_3': 4, 'tier_4': 4}"
2024-06-01T03:00:00,3652,20,"{'tier_0': 2, 'tier_1': 5, 'tier_2': 6, 'tier_3': 4, 'tier_4': 3}"
2024-06-01T04:00:00,3653,21,"{'tier_0': 3, 'tier_1': 4, 'tier_2': 6, 'tier_3': 4, 'tier_4': 4}"
2024-06-01T05:00:00,3654,18,"{'tier_0': 2, 'tier_1': 4, 'tier_2': 5, 'tier_3': 4, 'tier_4': 3}"
2024-06-01T06:00:00,3655,20,"{'tier_0': 2, 'tier_1': 4, 'tier_2': 6, 'tier_3': 4, 'tier_4': 4}"
2024-06-01T07:00:00,3656,20,"{'tier_0': 2, 'tier_1': 4, 'tier_2': 6, 'tier_3': 4, 'tier_4': 4}"
2024-06-01T08:00:00,3657,20,"{'tier_0': 2, 'tier_1': 5, 'tier_2': 6, 'tier_3': 4, 'tier_4': 3}"
2024-06-01T09:00:00,3658,21,"{'tier_0': 2, 'tier_1': 5, 'tier_2': 6, 'tier_3': 4, 'tier_4': 4}"
2024-06-01T10:00:00,3659,20,"{'tier_0': 2, 'tier_1': 4, 'tier_2': 6, 'tier_3': 4, 'tier_4': 4}"
2024-06-01T11:00:00,3660,20,"{'tier_0': 2, 'tier_1': 4, 'tier_2': 6, 'tier_3': 4, 'tier_4': 4}"
2024-06-01T12:00:00,3661,20,"{'tier_0': 2, 'tier_1': 5, 'tier_2': 6, 'tier_3': 4, 'tier_4': 3}"
2024-06-01T13:00:00,3662,21,"{'tier_0': 2, 'tier_1': 5, 'tier_2': 6, 'tier_3': 4, 'tier_4': 4}"
2024-06-01T14:00:00,3663,21,"{'tier_0': 3, 'tier_1': 3, 'tier_2': 6, 'tier_3': 4, 'tier_4': 5}"
2024-06-01T15:00:00,3664,20,"{'tier_0': 2, 'tier_1': 4, 'tier_2': 6, 'tier_3': 4, 'tier_4': 4}"
2024-06-01T16:00:00,3665,20,"{'tier_0': 2, 'tier_1': 5, 'tier_2': 6, 'tier_3': 4, 'tier_4': 3}"
2024-06-01T17:00:00,3666,21,"{'tier_0': 2, 'tier_1': 5, 'tier_2': 6, 'tier_3': 4, 'tier_4': 4}"
2024-06-01T18:00:00,3667,20,"{'tier_0': 2, 'tier_1': 4, 'tier_2': 6, 'tier_3': 4, 'tier_4': 4}"
2024-06-01T19:00:00,3668,19,"{'tier_0': 3, 'tier_1': 3, 'tier_2': 5, 'tier_3': 4, 'tier_4': 4}"
2024-06-01T20:00:00,3669,21,"{'tier_0': 2, 'tier_1': 5, 'tier_2': 6, 'tier_3': 4, 'tier_4': 4}"
2024-06-01T21:00:00,3670,20,"{'tier_0': 2, 'tier_1': 5, 'tier_2': 6, 'tier_3': 4, 'tier_4': 3}"
2024-06-01T22:00:00,3671,20,"{'tier_0': 2, 'tier_1': 4, 'tier_2': 6, 'tier_3': 4, 'tier_4': 4}"
2024-06-01T23:00:00,3672,21,"{'tier_0': 2, 'tier_1': 5, 'tier_2': 6, 'tier_3': 4, 'tier_4': 4}"
2024-06-02T00:00:00,3673,20,"{'tier_0': 2, 'tier_1': 5, 'tier_2': 6, 'tier_3': 4, 'tier_4': 3}"
2024-06-02T01:00:00,3674,20,"{'tier_0': 2, 'tier_1': 4, 'tier_2': 6, 'tier_3': 4, 'tier_4': 4}"
2024-06-02T02:00:00,3675,20,"{'tier_0': 2, 'tier_1': 5, 'tier_2': 6, 'tier_3': 4, 'tier_4': 3}"
2024-06-02T03:00:00,3676,20,"{'tier_0': 3, 'tier_1': 3, 'tier_2': 6, 'tier_3': 4, 'tier_4': 4}"
2024-06-02T04:00:00,3677,20,"{'tier_0': 3, 'tier_1': 4, 'tier_2': 6, 'tier_3': 4, 'tier_4': 3}"
2024-06-02T05:00:00,3678,21,"{'tier_0': 2, 'tier_1': 4, 'tier_2': 6, 'tier_3': 4, 'tier_4': 5}"
2024-06-02T06:00:00,3679,20,"{'tier_0': 3, 'tier_1': 4, 'tier_2': 6, 'tier_3': 4, 'tier_4': 3}"
2024-06-02T07:00:00,3680,20,"{'tier_0': 3, 'tier_1': 3, 'tier_2': 6, 'tier_3': 4, 'tier_4': 4}"
2024-06-02T08:00:00,3681,20,"{'tier_0': 2, 'tier_1': 4, 'tier_2': 6, 'tier_3': 4, 'tier_4': 4}"
2024-06-02T09:00:00,3682,20,"{'tier_0': 2, 'tier_1': 5, 'tier_2': 6, 'tier_3': 4, 'tier_4': 3}"
2024-06-02T10:00:00,3683,20,"{'tier_0': 2, 'tier_1': 5, 'tier_2': 6, 'tier_3': 4, 'tier_4': 3}"
2024-06-02T11:00:00,3684,20,"{'tier_0': 3, 'tier_1': 4, 'tier_2': 6, 'tier_3': 4, 'tier_4': 3}"
2024-06-02T12:00:00,3685,20,"{'tier_0': 2, 'tier_1': 5, 'tier_2': 6, 'tier_3': 4, 'tier_4': 3}"
2024-06-02T13:00:00,3686,21,"{'tier_0': 2, 'tier_1': 5, 'tier_2': 6, 'tier_3': 4, 'tier_4': 4}"
2024-06-02T14:00:00,3687,21,"{'tier_0': 2, 'tier_1': 5, 'tier_2': 6, 'tier_3': 4, 'tier_4': 4}"
2024-06-02T15:00:00,3688,20,"{'tier_0': 2, 'tier_1': 5, 'tier_2': 6, 'tier_3': 4, 'tier_4': 3}"
2024-06-02T16:00:00,3689,18,"{'tier_0': 2, 'tier_1': 4, 'tier_2': 5, 'tier_3': 4, 'tier_4': 3}"
2024-06-02T17:00:00,3690,20,"{'tier_0': 2, 'tier_1': 4, 'tier_2': 6, 'tier_3': 4, 'tier_4': 4}"
2024-06-02T18:00:00,3691,20,"{'tier_0': 3, 'tier_1': 3, 'tier_2': 6, 'tier_3': 4, 'tier_4': 4}"
2024-06-02T19:00:00,3692,21,"{'tier_0': 2, 'tier_1': 5, 'tier_2': 6, 'tier_3': 4, 'tier_4': 4}"
2024-06-02T20:00:00,3693,20,"{'tier_0': 3, 'tier_1': 4, 'tier_2': 6, 'tier_3': 4, 'tier_4': 3}"
2024-06-02T21:00:00,3694,20,"{'tier_0': 2, 'tier_1': 4, 'tier_2': 6, 'tier_3': 4, 'tier_4': 4}"
2024-06-02T22:00:00,3695,20,"{'tier_0': 2, 'tier_1': 5, 'tier_2': 6, 'tier_3': 4, 'tier_4': 3}"
2024-06-02T23:00:00,3696,20,"{'tier_0': 2, 'tier_1': 4, 'tier_2': 6, 'tier_3': 4, 'tier_4': 4}"
2024-06-03T00:00:00,3697,21,"{'tier_0': 2, 'tier_1': 5, 'tier_2': 6, 'tier_3': 4, 'tier_4': 4}"
2024-06-03T01:00:00,3698,20,"{'tier_0': 2, 'tier_1': 4, 'tier_2': 6, 'tier_3': 4, 'tier_4': 4}"
2024-06-03T02:00:00,3699,20,"{'tier_0': 4, 'tier_1': 3, 'tier_2': 6, 'tier_3': 4, 'tier_4': 3}"
2024-06-03T03:00:00,3700,19,"{'tier_0': 2, 'tier_1': 4, 'tier_2': 5, 'tier_3': 4, 'tier_4': 4}"
2024-06-03T04:00:00,3701,20,"{'tier_0': 2, 'tier_1': 4, 'tier_2': 6, 'tier_3': 4, 'tier_4': 4}"
2024-06-03T05:00:00,3702,21,"{'tier_0': 2, 'tier_1': 5, 'tier_2': 6, 'tier_3': 5, 'tier_4': 3}"
2024-06-03T06:00:00,3703,20,"{'tier_0': 2, 'tier_1': 4, 'tier_2': 6, 'tier_3': 4, 'tier_4': 4}"
2024-06-03T07:00:00,3704,21,"{'tier_0': 2, 'tier_1': 5, 'tier_2': 6, 'tier_3': 4, 'tier_4': 4}"
2024-06-03T08:00:00,3705,20,"{'tier_0': 2, 'tier_1': 5, 'tier_2': 6, 'tier_3': 4, 'tier_4': 3}"
2024-06-03T09:00:00,3706,21,"{'tier_0': 2, 'tier_1': 4, 'tier_2': 6, 'tier_3': 5, 'tier_4': 4}"
2024-06-03T10:00:00,3707,20,"{'tier_0': 2, 'tier_1': 5, 'tier_2': 6, 'tier_3': 4, 'tier_4': 3}"
2024-06-03T11:00:00,3708,21,"{'tier_0': 2, 'tier_1': 4, 'tier_2': 6, 'tier_3': 4, 'tier_4': 5}"
2024-06-03T12:00:00,3709,20,"{'tier_0': 3, 'tier_1': 4, 'tier_2': 6, 'tier_3': 4, 'tier_4': 3}"
2024-06-03T13:00:00,3710,18,"{'tier_0': 2, 'tier_1': 4, 'tier_2': 5, 'tier_3': 4, 'tier_4': 3}"
2024-06-03T14:00:00,3711,19,"{'tier_0': 2, 'tier_1': 4, 'tier_2': 6, 'tier_3': 4, 'tier_4': 3}"
2024-06-03T15:00:00,3712,20,"{'tier_0': 3, 'tier_1': 4, 'tier_2': 6, 'tier_3': 4, 'tier_4': 3}"
2024-06-03T16:00:00,3713,20,"{'tier_0': 2, 'tier_1': 4, 'tier_2': 6, 'tier_3': 4, 'tier_4': 4}"
2024-06-03T17:00:00,3714,20,"{'tier_0': 2, 'tier_1': 4, 'tier_2': 6, 'tier_3': 4, 'tier_4': 4}"
2024-06-03T18:00:00,3715,21,"{'tier_0': 3, 'tier_1': 4, 'tier_2': 6, 'tier_3': 4, 'tier_4': 4}"
2024-06-03T19:00:00,3716,21,"{'tier_0': 2, 'tier_1': 4, 'tier_2': 6, 'tier_3': 4, 'tier_4': 5}"
2024-06-03T20:00:00,3717,20,"{'tier_0': 2, 'tier_1': 5, 'tier_2': 6, 'tier_3': 4, 'tier_4': 3}"
2024-06-03T21:00:00,3718,20,"{'tier_0': 2, 'tier_1': 4, 'tier_2': 6, 'tier_3': 4, 'tier_4': 4}"
2024-06-03T22:00:00,3719,18,"{'tier_0': 2, 'tier_1': 4, 'tier_2': 5, 'tier_3': 4, 'tier_4': 3}"
2024-06-03T23:00:00,3720,20,"{'tier_0': 2, 'tier_1': 4, 'tier_2': 6, 'tier_3': 4, 'tier_4': 4}"
2024-06-04T00:00:00,3721,20,"{'tier_0': 2, 'tier_1': 4, 'tier_2': 6, 'tier_3': 4, 'tier_4': 4}"
2024-06-04T01:00:00,3722,19,"{'tier_0': 2, 'tier_1': 4, 'tier_2': 5, 'tier_3': 5, 'tier_4': 3}"
2024-06-04T02:00:00,3723,21,"{'tier_0': 2, 'tier_1': 5, 'tier_2': 6, 'tier_3': 5, 'tier_4': 3}"
2024-06-04T03:00:00,3724,20,"{'tier_0': 2, 'tier_1': 5, 'tier_2': 6, 'tier_3': 4, 'tier_4': 3}"
2024-06-04T04:00:00,3725,20,"{'tier_0': 2, 'tier_1': 4, 'tier_2': 6, 'tier_3': 4, 'tier_4': 4}"
2024-06-04T05:00:00,3726,21,"{'tier_0': 2, 'tier_1': 5, 'tier_2': 6, 'tier_3': 4, 'tier_4': 4}"
2024-06-04T06:00:00,3727,20,"{'tier_0': 2, 'tier_1': 5, 'tier_2': 6, 'tier_3': 4, 'tier_4': 3}"
2024-06-04T07:00:00,3728,20,"{'tier_0': 3, 'tier_1': 3, 'tier_2': 6, 'tier_3': 4, 'tier_4': 4}"
2024-06-04T08:00:00,3729,19,"{'tier_0': 2, 'tier_1': 4, 'tier_2': 6, 'tier_3': 4, 'tier_4': 3}"
2024-06-04T09:00:00,3730,21,"{'tier_0': 2, 'tier_1': 5, 'tier_2': 6, 'tier_3': 4, 'tier_4': 4}"
2024-06-04T10:00:00,3731,20,"{'tier_0': 2, 'tier_1': 5, 'tier_2': 6, 'tier_3': 4, 'tier_4': 3}"
2024-06-04T11:00:00,3732,20,"{'tier_0': 2, 'tier_1': 4, 'tier_2': 6, 'tier_3': 4, 'tier_4': 4}"
2024-06-04T12:00:00,3733,21,"{'tier_0': 2, 'tier_1': 4, 'tier_2': 6, 'tier_3': 5, 'tier_4': 4}"
2024-06-04T13:00:00,3734,20,"{'tier_0': 2, 'tier_1': 4, 'tier_2': 5, 'tier_3': 5, 'tier_4': 4}"
2024-06-04T14:00:00,3735,18,"{'tier_0': 2, 'tier_1': 4, 'tier_2': 5, 'tier_3': 4, 'tier_4': 3}"
2024-06-04T15:00:00,3736,21,"{'tier_0': 3, 'tier_1': 4, 'tier_2': 6, 'tier_3': 4, 'tier_4': 4}"
2024-06-04T16:00:00,3737,20,"{'tier_0': 4, 'tier_1': 3, 'tier_2': 6, 'tier_3': 4, 'tier_4': 3}"
2024-06-04T17:00:00,3738,20,"{'tier_0': 2, 'tier_1': 4, 'tier_2': 6, 'tier_3': 4, 'tier_4': 4}"
2024-06-04T18:00:00,3739,20,"{'tier_0': 2, 'tier_1': 5, 'tier_2': 6, 'tier_3': 4, 'tier_4': 3}"
2024-06-04T19:00:00,3740,20,"{'tier_0': 3, 'tier_1': 4, 'tier_2': 6, 'tier_3': 4, 'tier_4': 3}"
2024-06-04T20:00:00,3741,21,"{'tier_0': 2, 'tier_1': 5, 'tier_2': 6, 'tier_3': 4, 'tier_4': 4}"
2024-06-04T21:00:00,3742,19,"{'tier_0': 2, 'tier_1': 4, 'tier_2': 5, 'tier_3': 4, 'tier_4': 4}"
2024-06-04T22:00:00,3743,21,"{'tier_0': 3, 'tier_1': 4, 'tier_2': 6, 'tier_3': 4, 'tier_4': 4}"
2024-06-04T23:00:00,3744,21,"{'tier_0': 2, 'tier_1': 5, 'tier_2': 6, 'tier_3': 4, 'tier_4': 4}"
2024-06-05T00:00:00,3745,20,"{'tier_0': 3, 'tier_1': 3, 'tier_2': 6, 'tier_3': 4, 'tier_4': 4}"
2024-06-05T01:00:00,3746,20,"{'tier_0': 2, 'tier_1': 5, 'tier_2': 6, 'tier_3': 4, 'tier_4': 3}"
2024-06-05T02:00:00,3747,20,"{'tier_0': 2, 'tier_1': 5, 'tier_2': 6, 'tier_3': 4, 'tier_4': 3}"
2024-06-05T03:00:00,3748,20,"{'tier_0': 2, 'tier_1': 5, 'tier_2': 6, 'tier_3': 4, 'tier_4': 3}"
2024-06-05T04:00:00,3749,20,"{'tier_0': 2, 'tier_1': 5, 'tier_2': 6, 'tier_3': 4, 'tier_4': 3}"
2024-06-05T05:00:00,3750,20,"{'tier_0': 3, 'tier_1': 4, 'tier_2': 6, 'tier_3': 4, 'tier_4': 3}"
2024-06-05T06:00:00,3751,20,"{'tier_0': 2, 'tier_1': 4, 'tier_2': 6, 'tier_3': 4, 'tier_4': 4}"
2024-06-05T07:00:00,3752,20,"{'tier_0': 2, 'tier_1': 4, 'tier_2': 6, 'tier_3': 4, 'tier_4': 4}"
2024-06-05T08:00:00,3753,20,"{'tier_0': 3, 'tier_1': 4, 'tier_2': 6, 'tier_3': 4, 'tier_4': 3}"
2024-06-05T09:00:00,3754,20,"{'tier_0': 2, 'tier_1': 4, 'tier_2': 6, 'tier_3': 4, 'tier_4': 4}"
2024-06-05T10:00:00,3755,20,"{'tier_0': 3, 'tier_1': 4, 'tier_2': 6, 'tier_3': 4, 'tier_4': 3}"
2024-06-05T11:00:00,3756,19,"{'tier_0': 2, 'tier_1': 4, 'tier_2': 5, 'tier_3': 4, 'tier_4': 4}"
2024-06-05T12:00:00,3757,21,"{'tier_0': 4, 'tier_1': 3, 'tier_2': 6, 'tier_3': 4, 'tier_4': 4}"
2024-06-05T13:00:00,3758,18,"{'tier_0': 2, 'tier_1': 4, 'tier_2': 5, 'tier_3': 4, 'tier_4': 3}"
2024-06-05T14:00:00,3759,20,"{'tier_0': 2, 'tier_1': 5, 'tier_2': 6, 'tier_3': 4, 'tier_4': 3}"
2024-06-05T15:00:00,3760,20,"{'tier_0': 2, 'tier_1': 5, 'tier_2': 6, 'tier_3': 4, 'tier_4': 3}"
2024-06-05T16:00:00,3761,20,"{'tier_0': 2, 'tier_1': 4, 'tier_2': 5, 'tier_3': 5, 'tier_4': 4}"
2024-06-05T17:00:00,3762,20,"{'tier_0': 2, 'tier_1': 5, 'tier_2': 6, 'tier_3': 4, 'tier_4': 3}"
2024-06-05T18:00:00,3763,21,"{'tier_0': 2, 'tier_1': 5, 'tier_2': 6, 'tier_3': 4, 'tier_4': 4}"
2024-06-05T19:00:00,3764,20,"{'tier_0': 2, 'tier_1': 5, 'tier_2': 6, 'tier_3': 4, 'tier_4': 3}"
2024-06-05T20:00:00,3765,20,"{'tier_0': 2, 'tier_1': 4, 'tier_2': 6, 'tier_3': 4, 'tier_4': 4}"
2024-06-05T21:00:00,3766,20,"{'tier_0': 3, 'tier_1': 4, 'tier_2': 6, 'tier_3': 4, 'tier_4': 3}"
2024-06-05T22:00:00,3767,20,"{'tier_0': 2, 'tier_1': 4, 'tier_2': 6, 'tier_3': 4, 'tier_4': 4}"
2024-06-05T23:00:00,3768,19,"{'tier_0': 2, 'tier_1': 4, 'tier_2': 5, 'tier_3': 5, 'tier_4': 3}"
2024-06-06T00:00:00,3769,20,"{'tier_0': 3, 'tier_1': 4, 'tier_2': 6, 'tier_3': 4, 'tier_4': 3}"
2024-06-06T01:00:00,3770,20,"{'tier_0': 2, 'tier_1': 4, 'tier_2': 6, 'tier_3': 4, 'tier_4': 4}"
2024-06-06T02:00:00,3771,21,"{'tier_0': 2, 'tier_1': 4, 'tier_2': 6, 'tier_3': 4, 'tier_4': 5}"
2024-06-06T03:00:00,3772,20,"{'tier_0': 2, 'tier_1': 5, 'tier_2': 6, 'tier_3': 4, 'tier_4': 3}"
2024-06-06T04:00:00,3773,20,"{'tier_0': 4, 'tier_1': 3, 'tier_2': 6, 'tier_3': 4, 'tier_4': 3}"
2024-06-06T05:00:00,3774,21,"{'tier_0': 2, 'tier_1': 4, 'tier_2': 6, 'tier_3': 4, 'tier_4': 5}"
2024-06-06T06:00:00,3775,20,"{'tier_0': 3, 'tier_1': 4, 'tier_2': 6, 'tier_3': 4, 'tier_4': 3}"
2024-06-06T07:00:00,3776,20,"{'tier_0': 2, 'tier_1': 4, 'tier_2': 6, 'tier_3': 4, 'tier_4': 4}"
2024-06-06T08:00:00,3777,21,"{'tier_0': 2, 'tier_1': 5, 'tier_2': 6, 'tier_3': 4, 'tier_4': 4}"
2024-06-06T09:00:00,3778,19,"{'tier_0': 3, 'tier_1': 3, 'tier_2': 5, 'tier_3': 4, 'tier_4': 4}"
2024-06-06T10:00:00,3779,20,"{'tier_0': 3, 'tier_1': 4, 'tier_2': 6, 'tier_3': 4, 'tier_4': 3}"
2024-06-06T11:00:00,3780,21,"{'tier_0': 3, 'tier_1': 4, 'tier_2': 6, 'tier_3': 4, 'tier_4': 4}"
2024-06-06T12:00:00,3781,21,"{'tier_0': 2, 'tier_1': 5, 'tier_2': 6, 'tier_3': 4, 'tier_4': 4}"
2024-06-06T13:00:00,3782,20,"{'tier_0': 2, 'tier_1': 5, 'tier_2': 6, 'tier_3': 4, 'tier_4': 3}"
2024-06-06T14:00:00,3783,21,"{'tier_0': 2, 'tier_1': 5, 'tier_2': 6, 'tier_3': 4, 'tier_4': 4}"
2024-06-06T15:00:00,3784,21,"{'tier_0': 4, 'tier_1': 3, 'tier_2': 6, 'tier_3': 4, 'tier_4': 4}"
2024-06-06T16:00:00,3785,19,"{'tier_0': 2, 'tier_1': 4, 'tier_2': 6, 'tier_3': 4, 'tier_4': 3}"
2024-06-06T17:00:00,3786,21,"{'tier_0': 3, 'tier_1': 4, 'tier_2': 6, 'tier_3': 4, 'tier_4': 4}"
2024-06-06T18:00:00,3787,19,"{'tier_0': 2, 'tier_1': 4, 'tier_2': 5, 'tier_3': 4, 'tier_4': 4}"
2024-06-06T19:00:00,3788,21,"{'tier_0': 2, 'tier_1': 5, 'tier_2': 6, 'tier_3': 4, 'tier_4': 4}"
2024-06-06T20:00:00,3789,21,"{'tier_0': 3, 'tier_1': 4, 'tier_2': 6, 'tier_3': 4, 'tier_4': 4}"
2024-06-06T21:00:00,3790,20,"{'tier_0': 2, 'tier_1': 4, 'tier_2': 6, 'tier_3': 4, 'tier_4': 4}"
2024-06-06T22:00:00,3791,20,"{'tier_0': 2, 'tier_1': 4, 'tier_2': 6, 'tier_3': 4, 'tier_4': 4}"
2024-06-06T23:00:00,3792,20,"{'tier_0': 2, 'tier_1': 5, 'tier_2': 6, 'tier_3': 4, 'tier_4': 3}"
2024-06-07T00:00:00,3793,20,"{'tier_0': 2, 'tier_1': 4, 'tier_2': 6, 'tier_3': 4, 'tier_4': 4}"
2024-06-07T01:00:00,3794,20,"{'tier_0': 2, 'tier_1': 4, 'tier_2': 6, 'tier_3': 4, 'tier_4': 4}"
2024-06-07T02:00:00,3795,20,"{'tier_0': 2, 'tier_1': 5, 'tier_2': 6, 'tier_3': 4, 'tier_4': 3}"
2024-06-07T03:00:00,3796,19,"{'tier_0': 2, 'tier_1': 4, 'tier_2': 6, 'tier_3': 4, 'tier_4': 3}"
2024-06-07T04:00:00,3797,20,"{'tier_0': 3, 'tier_1': 4, 'tier_2': 6, 'tier_3': 4, 'tier_4': 3}"
2024-06-07T05:00:00,3798,20,"{'tier_0': 2, 'tier_1': 4, 'tier_2': 6, 'tier_3': 4, 'tier_4': 4}"
2024-06-07T06:00:00,3799,21,"{'tier_0': 2, 'tier_1': 5, 'tier_2': 6, 'tier_3': 4, 'tier_4': 4}"
2024-06-07T07:00:00,3800,20,"{'tier_0': 2, 'tier_1': 5, 'tier_2': 6, 'tier_3': 4, 'tier_4': 3}"
2024-06-07T08:00:00,3801,20,"{'tier_0': 2, 'tier_1': 4, 'tier_2': 6, 'tier_3': 4, 'tier_4': 4}"
2024-06-07T09:00:00,3802,20,"{'tier_0': 2, 'tier_1': 5, 'tier_2': 6, 'tier_3': 4, 'tier_4': 3}"
2024-06-07T10:00:00,3803,20,"{'tier_0': 2, 'tier_1': 4, 'tier_2': 6, 'tier_3': 4, 'tier_4': 4}"
2024-06-07T11:00:00,3804,19,"{'tier_0': 2, 'tier_1': 4, 'tier_2': 5, 'tier_3': 4, 'tier_4': 4}"
2024-06-07T12:00:00,3805,20,"{'tier_0': 2, 'tier_1': 4, 'tier_2': 6, 'tier_3': 4, 'tier_4': 4}"
2024-06-07T13:00:00,3806,20,"{'tier_0': 2, 'tier_1': 4, 'tier_2': 6, 'tier_3': 4, 'tier_4': 4}"
2024-06-07T14:00:00,3807,20,"{'tier_0': 2, 'tier_1': 4, 'tier_2': 6, 'tier_3': 4, 'tier_4': 4}"
2024-06-07T15:00:00,3808,21,"{'tier_0': 2, 'tier_1': 4, 'tier_2': 6, 'tier_3': 5, 'tier_4': 4}"
2024-06-07T16:00:00,3809,20,"{'tier_0': 2, 'tier_1': 5, 'tier_2': 6, 'tier_3': 4, 'tier_4': 3}"
2024-06-07T17:00:00,3810,21,"{'tier_0': 2, 'tier_1': 5, 'tier_2': 6, 'tier_3': 4, 'tier_4': 4}"
2024-06-07T18:00:00,3811,20,"{'tier_0': 3, 'tier_1': 4, 'tier_2': 6, 'tier_3': 4, 'tier_4': 3}"
2024-06-07T19:00:00,3812,20,"{'tier_0': 3, 'tier_1': 4, 'tier_2': 6, 'tier_3': 4, 'tier_4': 3}"
2024-06-07T20:00:00,3813,20,"{'tier_0': 2, 'tier_1': 5, 'tier_2': 6, 'tier_3': 4, 'tier_4': 3}"
2024-06-07T21:00:00,3814,18,"{'tier_0': 2, 'tier_1': 4, 'tier_2': 5, 'tier_3': 4, 'tier_4': 3}"
2024-06-07T22:00:00,3815,20,"{'tier_0': 2, 'tier_1': 4, 'tier_2': 6, 'tier_3': 4, 'tier_4': 4}"
2024-06-07T23:00:00,3816,18,"{'tier_0': 2, 'tier_1': 4, 'tier_2': 5, 'tier_3': 4, 'tier_4': 3}"
2024-06-08T00:00:00,3817,20,"{'tier_0': 2, 'tier_1': 5, 'tier_2': 6, 'tier_3': 4, 'tier_4': 3}"
2024-06-08T01:00:00,3818,20,"{'tier_0': 2, 'tier_1': 5, 'tier_2': 6, 'tier_3': 4, 'tier_4': 3}"
2024-06-08T02:00:00,3819,20,"{'tier_0': 2, 'tier_1': 4, 'tier_2': 6, 'tier_3': 4, 'tier_4': 4}"
2024-06-08T03:00:00,3820,20,"{'tier_0': 2, 'tier_1': 4, 'tier_2': 6, 'tier_3': 4, 'tier_4': 4}"
2024-06-08T04:00:00,3821,19,"{'tier_0': 2, 'tier_1': 4, 'tier_2': 5, 'tier_3': 4, 'tier_4': 4}"
2024-06-08T05:00:00,3822,20,"{'tier_0': 3, 'tier_1': 3, 'tier_2': 6, 'tier_3': 4, 'tier_4': 4}"
2024-06-08T06:00:00,3823,21,"{'tier_0': 4, 'tier_1': 3, 'tier_2': 6, 'tier_3': 4, 'tier_4': 4}"
2024-06-08T07:00:00,3824,18,"{'tier_0': 2, 'tier_1': 4, 'tier_2': 5, 'tier_3': 4, 'tier_4': 3}"
2024-06-08T08:00:00,3825,20,"{'tier_0': 2, 'tier_1': 4, 'tier_2': 6, 'tier_3': 4, 'tier_4': 4}"
2024-06-08T09:00:00,3826,20,"{'tier_0': 2, 'tier_1': 4, 'tier_2': 6, 'tier_3': 4, 'tier_4': 4}"
2024-06-08T10:00:00,3827,19,"{'tier_0': 2, 'tier_1': 4, 'tier_2': 6, 'tier_3': 4, 'tier_4': 3}"
2024-06-08T11:00:00,3828,20,"{'tier_0': 2, 'tier_1': 5, 'tier_2': 6, 'tier_3': 4, 'tier_4': 3}"
2024-06-08T12:00:00,3829,20,"{'tier_0': 2, 'tier_1': 5, 'tier_2': 6, 'tier_3': 4, 'tier_4': 3}"
2024-06-08T13:00:00,3830,20,"{'tier_0': 2, 'tier_1': 5, 'tier_2': 6, 'tier_3': 4, 'tier_4': 3}"
2024-06-08T14:00:00,3831,20,"{'tier_0': 2, 'tier_1': 5, 'tier_2': 6, 'tier_3': 4, 'tier_4': 3}"
2024-06-08T15:00:00,3832,18,"{'tier_0': 2, 'tier_1': 4, 'tier_2': 5, 'tier_3': 4, 'tier_4': 3}"
2024-06-08T16:00:00,3833,21,"{'tier_0': 2, 'tier_1': 4, 'tier_2': 6, 'tier_3': 4, 'tier_4': 5}"
2024-06-08T17:00:00,3834,20,"{'tier_0': 2, 'tier_1': 4, 'tier_2': 6, 'tier_3': 4, 'tier_4': 4}"
2024-06-08T18:00:00,3835,20,"{'tier_0': 2, 'tier_1': 5, 'tier_2': 6, 'tier_3': 4, 'tier_4': 3}"
2024-06-08T19:00:00,3836,21,"{'tier_0': 2, 'tier_1': 4, 'tier_2': 6, 'tier_3': 4, 'tier_4': 5}"
2024-06-08T20:00:00,3837,20,"{'tier_0': 3, 'tier_1': 3, 'tier_2': 6, 'tier_3': 4, 'tier_4': 4}"
2024-06-08T21:00:00,3838,21,"{'tier_0': 3, 'tier_1': 4, 'tier_2': 6, 'tier_3': 4, 'tier_4': 4}"
2024-06-08T22:00:00,3839,21,"{'tier_0': 2, 'tier_1': 5, 'tier_2': 6, 'tier_3': 4, 'tier_4': 4}"
2024-06-08T23:00:00,3840,20,"{'tier_0': 2, 'tier_1': 4, 'tier_2': 6, 'tier_3': 4, 'tier_4': 4}"
2024-06-09T00:00:00,3841,18,"{'tier_0': 2, 'tier_1': 4, 'tier_2': 5, 'tier_3': 4, 'tier_4': 3}"
2024-06-09T01:00:00,3842,20,"{'tier_0': 2, 'tier_1': 5, 'tier_2': 6, 'tier_3': 4, 'tier_4': 3}"
2024-06-09T02:00:00,3843,20,"{'tier_0': 2, 'tier_1': 5, 'tier_2': 6, 'tier_3': 4, 'tier_4': 3}"
2024-06-09T03:00:00,3844,19,"{'tier_0': 2, 'tier_1': 4, 'tier_2': 6, 'tier_3': 4, 'tier_4': 3}"
2024-06-09T04:00:00,3845,20,"{'tier_0': 2, 'tier_1': 4, 'tier_2': 6, 'tier_3': 4, 'tier_4': 4}"
2024-06-09T05:00:00,3846,20,"{'tier_0': 2, 'tier_1': 4, 'tier_2': 6, 'tier_3': 4, 'tier_4': 4}"
2024-06-09T06:00:00,3847,19,"{'tier_0': 1, 'tier_1': 5, 'tier_2': 6, 'tier_3': 4, 'tier_4': 3}"
2024-06-09T07:00:00,3848,20,"{'tier_0': 2, 'tier_1': 4, 'tier_2': 6, 'tier_3': 4, 'tier_4': 4}"
2024-06-09T08:00:00,3849,21,"{'tier_0': 2, 'tier_1': 4, 'tier_2': 6, 'tier_3': 5, 'tier_4': 4}"
2024-06-09T09:00:00,3850,20,"{'tier_0': 3, 'tier_1': 4, 'tier_2': 6, 'tier_3': 4, 'tier_4': 3}"
2024-06-09T10:00:00,3851,18,"{'tier_0': 2, 'tier_1': 4, 'tier_2': 5, 'tier_3': 4, 'tier_4': 3}"
2024-06-09T11:00:00,3852,20,"{'tier_0': 2, 'tier_1': 5, 'tier_2': 6, 'tier_3': 4, 'tier_4': 3}"
2024-06-09T12:00:00,3853,19,"{'tier_0': 2, 'tier_1': 4, 'tier_2': 5, 'tier_3': 4, 'tier_4': 4}"
2024-06-09T13:00:00,3854,20,"{'tier_0': 2, 'tier_1': 4, 'tier_2': 6, 'tier_3': 4, 'tier_4': 4}"
2024-06-09T14:00:00,3855,20,"{'tier_0': 3, 'tier_1': 4, 'tier_2': 6, 'tier_3': 4, 'tier_4': 3}"
2024-06-09T15:00:00,3856,20,"{'tier_0': 2, 'tier_1': 4, 'tier_2': 6, 'tier_3': 4, 'tier_4': 4}"
2024-06-09T16:00:00,3857,20,"{'tier_0': 3, 'tier_1': 4, 'tier_2': 6, 'tier_3': 4, 'tier_4': 3}"
2024-06-09T17:00:00,3858,20,"{'tier_0': 2, 'tier_1': 4, 'tier_2': 6, 'tier_3': 4, 'tier_4': 4}"
2024-06-09T18:00:00,3859,20,"{'tier_0': 2, 'tier_1': 4, 'tier_2': 6, 'tier_3': 4, 'tier_4': 4}"
2024-06-09T19:00:00,3860,21,"{'tier_0': 2, 'tier_1': 5, 'tier_2': 6, 'tier_3': 4, 'tier_4': 4}"
2024-06-09T20:00:00,3861,20,"{'tier_0': 2, 'tier_1': 4, 'tier_2': 6, 'tier_3': 4, 'tier_4': 4}"
2024-06-09T21:00:00,3862,19,"{'tier_0': 2, 'tier_1': 4, 'tier_2': 6, 'tier_3': 4, 'tier_4': 3}"
2024-06-09T22:00:00,3863,19,"{'tier_0': 2, 'tier_1': 4, 'tier_2': 6, 'tier_3': 4, 'tier_4': 3}"
2024-06-09T23:00:00,3864,20,"{'tier_0': 3, 'tier_1': 4, 'tier_2': 6, 'tier_3': 4, 'tier_4': 3}"
2024-06-10T00:00:00,3865,20,"{'tier_0': 2, 'tier_1': 5, 'tier_2': 6, 'tier_3': 4, 'tier_4': 3}"
2024-06-10T01:00:00,3866,21,"{'tier_0': 2, 'tier_1': 5, 'tier_2': 6, 'tier_3': 4, 'tier_4': 4}"
2024-06-10T02:00:00,3867,18,"{'tier_0': 2, 'tier_1': 4, 'tier_2': 5, 'tier_3': 4, 'tier_4': 3}"
2024-06-10T03:00:00,3868,20,"{'tier_0': 2, 'tier_1': 5, 'tier_2': 6, 'tier_3': 4, 'tier_4': 3}"
2024-06-10T04:00:00,3869,21,"{'tier_0': 2, 'tier_1': 5, 'tier_2': 6, 'tier_3': 4, 'tier_4': 4}"
2024-06-10T05:00:00,3870,21,"{'tier_0': 2, 'tier_1': 5, 'tier_2': 6, 'tier_3': 4, 'tier_4': 4}"
2024-06-10T06:00:00,3871,20,"{'tier_0': 2, 'tier_1': 4, 'tier_2': 6, 'tier_3': 4, 'tier_4': 4}"
2024-06-10T07:00:00,3872,20,"{'tier_0': 3, 'tier_1': 4, 'tier_2': 6, 'tier_3': 4, 'tier_4': 3}"
2024-06-10T08:00:00,3873,20,"{'tier_0': 2, 'tier_1': 5, 'tier_2': 6, 'tier_3': 4, 'tier_4': 3}"
2024-06-10T09:00:00,3874,20,"{'tier_0': 2, 'tier_1': 5, 'tier_2': 6, 'tier_3': 4, 'tier_4': 3}"
2024-06-10T10:00:00,3875,20,"{'tier_0': 3, 'tier_1': 3, 'tier_2': 6, 'tier_3': 4, 'tier_4': 4}"
2024-06-10T11:00:00,3876,20,"{'tier_0': 3, 'tier_1': 4, 'tier_2': 6, 'tier_3': 4, 'tier_4': 3}"
2024-06-10T12:00:00,3877,20,"{'tier_0': 2, 'tier_1': 5, 'tier_2': 6, 'tier_3': 4, 'tier_4': 3}"
2024-06-10T13:00:00,3878,20,"{'tier_0': 2, 'tier_1': 5, 'tier_2': 6, 'tier_3': 4, 'tier_4': 3}"
2024-06-10T14:00:00,3879,20,"{'tier_0': 2, 'tier_1': 4, 'tier_2': 6, 'tier_3': 4, 'tier_4': 4}"
2024-06-10T15:00:00,3880,19,"{'tier_0': 2, 'tier_1': 4, 'tier_2': 6, 'tier_3': 4, 'tier_4': 3}"
2024-06-10T16:00:00,3881,21,"{'tier_0': 3, 'tier_1': 4, 'tier_2': 6, 'tier_3': 4, 'tier_4': 4}"
2024-06-10T17:00:00,3882,20,"{'tier_0': 2, 'tier_1': 4, 'tier_2': 5, 'tier_3': 5, 'tier_4': 4}"
2024-06-10T18:00:00,3883,20,"{'tier_0': 2, 'tier_1': 5, 'tier_2': 6, 'tier_3': 4, 'tier_4': 3}"
2024-06-10T19:00:00,3884,20,"{'tier_0': 2, 'tier_1': 5, 'tier_2': 6, 'tier_3': 4, 'tier_4': 3}"
2024-06-10T20:00:00,3885,21,"{'tier_0': 2, 'tier_1': 5, 'tier_2': 6, 'tier_3': 4, 'tier_4': 4}"
2024-06-10T21:00:00,3886,20,"{'tier_0': 2, 'tier_1': 4, 'tier_2': 5, 'tier_3': 5, 'tier_4': 4}"
2024-06-10T22:00:00,3887,20,"{'tier_0': 2, 'tier_1': 5, 'tier_2': 6, 'tier_3': 4, 'tier_4': 3}"
2024-06-10T23:00:00,3888,20,"{'tier_0': 2, 'tier_1': 5, 'tier_2': 6, 'tier_3': 4, 'tier_4': 3}"
2024-06-11T00:00:00,3889,21,"{'tier_0': 2, 'tier_1': 4, 'tier_2': 6, 'tier_3': 5, 'tier_4': 4}"
2024-06-11T01:00:00,3890,20,"{'tier_0': 2, 'tier_1': 5, 'tier_2': 6, 'tier_3': 4, 'tier_4': 3}"
2024-06-11T02:00:00,3891,19,"{'tier_0': 2, 'tier_1': 4, 'tier_2': 5, 'tier_3': 4, 'tier_4': 4}"
2024-06-11T03:00:00,3892,20,"{'tier_0': 3, 'tier_1': 3, 'tier_2': 6, 'tier_3': 4, 'tier_4': 4}"
2024-06-11T04:00:00,3893,20,"{'tier_0': 2, 'tier_1': 4, 'tier_2': 6, 'tier_3': 4, 'tier_4': 4}"
2024-06-11T05:00:00,3894,18,"{'tier_0': 2, 'tier_1': 4, 'tier_2': 5, 'tier_3': 4, 'tier_4': 3}"
2024-06-11T06:00:00,3895,21,"{'tier_0': 2, 'tier_1': 4, 'tier_2': 6, 'tier_3': 4, 'tier_4': 5}"
2024-06-11T07:00:00,3896,18,"{'tier_0': 2, 'tier_1': 4, 'tier_2': 5, 'tier_3': 4, 'tier_4': 3}"
2024-06-11T08:00:00,3897,20,"{'tier_0': 2, 'tier_1': 5, 'tier_2': 6, 'tier_3': 4, 'tier_4': 3}"
2024-06-11T09:00:00,3898,20,"{'tier_0': 2, 'tier_1': 5, 'tier_2': 6, 'tier_3': 4, 'tier_4': 3}"
2024-06-11T10:00:00,3899,19,"{'tier_0': 2, 'tier_1': 4, 'tier_2': 6, 'tier_3': 4, 'tier_4': 3}"
2024-06-11T11:00:00,3900,20,"{'tier_0': 3, 'tier_1': 4, 'tier_2': 6, 'tier_3': 4, 'tier_4': 3}"
2024-06-11T12:00:00,3901,21,"{'tier_0': 2, 'tier_1': 4, 'tier_2': 6, 'tier_3': 5, 'tier_4': 4}"
2024-06-11T13:00:00,3902,20,"{'tier_0': 3, 'tier_1': 4, 'tier_2': 6, 'tier_3': 4, 'tier_4': 3}"
2024-06-11T14:00:00,3903,19,"{'tier_0': 2, 'tier_1': 4, 'tier_2': 5, 'tier_3': 4, 'tier_4': 4}"
2024-06-11T15:00:00,3904,19,"{'tier_0': 2, 'tier_1': 4, 'tier_2': 5, 'tier_3': 4, 'tier_4': 4}"
2024-06-11T16:00:00,3905,21,"{'tier_0': 2, 'tier_1': 5, 'tier_2': 6, 'tier_3': 4, 'tier_4': 4}"
2024-06-11T17:00:00,3906,18,"{'tier_0': 2, 'tier_1': 4, 'tier_2': 5, 'tier_3': 4, 'tier_4': 3}"
2024-06-11T18:00:00,3907,20,"{'tier_0': 2, 'tier_1': 5, 'tier_2': 6, 'tier_3': 4, 'tier_4': 3}"
2024-06-11T19:00:00,3908,21,"{'tier_0': 2, 'tier_1': 5, 'tier_2': 6, 'tier_3': 4, 'tier_4': 4}"
2024-06-11T20:00:00,3909,21,"{'tier_0': 4, 'tier_1': 3, 'tier_2': 6, 'tier_3': 4, 'tier_4': 4}"
2024-06-11T21:00:00,3910,20,"{'tier_0': 3, 'tier_1': 4, 'tier_2': 6, 'tier_3': 4, 'tier_4': 3}"
2024-06-11T22:00:00,3911,21,"{'tier_0': 2, 'tier_1': 5, 'tier_2': 6, 'tier_3': 4, 'tier_4': 4}"
2024-06-11T23:00:00,3912,19,"{'tier_0': 2, 'tier_1': 4, 'tier_2': 5, 'tier_3': 4, 'tier_4': 4}"
2024-06-12T00:00:00,3913,21,"{'tier_0': 3, 'tier_1': 3, 'tier_2': 6, 'tier_3': 4, 'tier_4': 5}"
2024-06-12T01:00:00,3914,20,"{'tier_0': 3, 'tier_1': 3, 'tier_2': 6, 'tier_3': 4, 'tier_4': 4}"
2024-06-12T02:00:00,3915,20,"{'tier_0': 2, 'tier_1': 4, 'tier_2': 6, 'tier_3': 4, 'tier_4': 4}"
2024-06-12T03:00:00,3916,20,"{'tier_0': 2, 'tier_1': 5, 'tier_2': 6, 'tier_3': 4, 'tier_4': 3}"
2024-06-12T04:00:00,3917,20,"{'tier_0': 2, 'tier_1': 5, 'tier_2': 6, 'tier_3': 4, 'tier_4': 3}"
2024-06-12T05:00:00,3918,20,"{'tier_0': 2, 'tier_1': 4, 'tier_2': 6, 'tier_3': 4, 'tier_4': 4}"
2024-06-12T06:00:00,3919,19,"{'tier_0': 1, 'tier_1': 5, 'tier_2': 6, 'tier_3': 4, 'tier_4': 3}"
2024-06-12T07:00:00,3920,18,"{'tier_0': 2, 'tier_1': 4, 'tier_2': 5, 'tier_3': 4, 'tier_4': 3}"
2024-06-12T08:00:00,3921,20,"{'tier_0': 3, 'tier_1': 3, 'tier_2': 6, 'tier_3': 4, 'tier_4': 4}"
2024-06-12T09:00:00,3922,20,"{'tier_0': 2, 'tier_1': 5, 'tier_2': 6, 'tier_3': 4, 'tier_4': 3}"
2024-06-12T10:00:00,3923,20,"{'tier_0': 2, 'tier_1': 5, 'tier_2': 6, 'tier_3': 4, 'tier_4': 3}"
2024-06-12T11:00:00,3924,21,"{'tier_0': 2, 'tier_1': 5, 'tier_2': 6, 'tier_3': 5, 'tier_4': 3}"
2024-06-12T12:00:00,3925,20,"{'tier_0': 2, 'tier_1': 5, 'tier_2': 6, 'tier_3': 4, 'tier_4': 3}"
2024-06-12T13:00:00,3926,20,"{'tier_0': 2, 'tier_1': 5, 'tier_2': 6, 'tier_3': 4, 'tier_4': 3}"
2024-06-12T14:00:00,3927,20,"{'tier_0': 2, 'tier_1': 5, 'tier_2': 6, 'tier_3': 4, 'tier_4': 3}"
2024-06-12T15:00:00,3928,21,"{'tier_0': 2, 'tier_1': 4, 'tier_2': 6, 'tier_3': 5, 'tier_4': 4}"
2024-06-12T16:00:00,3929,21,"{'tier_0': 2, 'tier_1': 5, 'tier_2': 6, 'tier_3': 4, 'tier_4': 4}"
2024-06-12T17:00:00,3930,20,"{'tier_0': 2, 'tier_1': 4, 'tier_2': 6, 'tier_3': 4, 'tier_4': 4}"
2024-06-12T18:00:00,3931,20,"{'tier_0': 2, 'tier_1': 4, 'tier_2': 6, 'tier_3': 4, 'tier_4': 4}"
2024-06-12T19:00:00,3932,20,"{'tier_0': 2, 'tier_1': 4, 'tier_2': 6, 'tier_3': 4, 'tier_4': 4}"
2024-06-12T20:00:00,3933,20,"{'tier_0': 2, 'tier_1': 5, 'tier_2': 6, 'tier_3': 4, 'tier_4': 3}"
2024-06-12T21:00:00,3934,20,"{'tier_0': 2, 'tier_1': 4, 'tier_2': 6, 'tier_3': 4, 'tier_4': 4}"
2024-06-12T22:00:00,3935,20,"{'tier_0': 2, 'tier_1': 4, 'tier_2': 6, 'tier_3': 4, 'tier_4': 4}"
2024-06-12T23:00:00,3936,20,"{'tier_0': 3, 'tier_1': 4, 'tier_2': 6, 'tier_3': 4, 'tier_4': 3}"
2024-06-13T00:00:00,3937,20,"{'tier_0': 2, 'tier_1': 4, 'tier_2': 5, 'tier_3': 5, 'tier_4': 4}"
2024-06-13T01:00:00,3938,20,"{'tier_0': 2, 'tier_1': 5, 'tier_2': 6, 'tier_3': 4, 'tier_4': 3}"
2024-06-13T02:00:00,3939,20,"{'tier_0': 2, 'tier_1': 4, 'tier_2': 6, 'tier_3': 4, 'tier_4': 4}"
2024-06-13T03:00:00,3940,20,"{'tier_0': 2, 'tier_1': 4, 'tier_2': 6, 'tier_3': 4, 'tier_4': 4}"
2024-06-13T04:00:00,3941,20,"{'tier_0': 2, 'tier_1': 5, 'tier_2': 6, 'tier_3': 4, 'tier_4': 3}"
2024-06-13T05:00:00,3942,20,"{'tier_0': 2, 'tier_1': 4, 'tier_2': 6, 'tier_3': 4, 'tier_4': 4}"
2024-06-13T06:00:00,3943,20,"{'tier_0': 2, 'tier_1': 4, 'tier_2': 6, 'tier_3': 4, 'tier_4': 4}"
2024-06-13T07:00:00,3944,19,"{'tier_0': 2, 'tier_1': 4, 'tier_2': 5, 'tier_3': 4, 'tier_4': 4}"
2024-06-13T08:00:00,3945,18,"{'tier_0': 2, 'tier_1': 4, 'tier_2': 5, 'tier_3': 4, 'tier_4': 3}"
2024-06-13T09:00:00,3946,21,"{'tier_0': 3, 'tier_1': 4, 'tier_2': 6, 'tier_3': 4, 'tier_4': 4}"
2024-06-13T10:00:00,3947,20,"{'tier_0': 2, 'tier_1': 4, 'tier_2': 5, 'tier_3': 5, 'tier_4': 4}"
2024-06-13T11:00:00,3948,19,"{'tier_0': 2, 'tier_1': 4, 'tier_2': 5, 'tier_3': 4, 'tier_4': 4}"
2024-06-13T12:00:00,3949,21,"{'tier_0': 2, 'tier_1': 5, 'tier_2': 6, 'tier_3': 4, 'tier_4': 4}"
2024-06-13T13:00:00,3950,20,"{'tier_0': 2, 'tier_1': 5, 'tier_2': 6, 'tier_3': 4, 'tier_4': 3}"
2024-06-13T14:00:00,3951,20,"{'tier_0': 2, 'tier_1': 4, 'tier_2': 6, 'tier_3': 4, 'tier_4': 4}"
2024-06-13T15:00:00,3952,18,"{'tier_0': 2, 'tier_1': 4, 'tier_2': 5, 'tier_3': 4, 'tier_4': 3}"
2024-06-13T16:00:00,3953,20,"{'tier_0': 2, 'tier_1': 4, 'tier_2': 6, 'tier_3': 4, 'tier_4': 4}"
2024-06-13T17:00:00,3954,20,"{'tier_0': 2, 'tier_1': 5, 'tier_2': 6, 'tier_3': 4, 'tier_4': 3}"
2024-06-13T18:00:00,3955,20,"{'tier_0': 2, 'tier_1': 5, 'tier_2': 6, 'tier_3': 4, 'tier_4': 3}"
2024-06-13T19:00:00,3956,20,"{'tier_0': 2, 'tier_1': 5, 'tier_2': 6, 'tier_3': 4, 'tier_4': 3}"
2024-06-13T20:00:00,3957,20,"{'tier_0': 2, 'tier_1': 5, 'tier_2': 6, 'tier_3': 4, 'tier_4': 3}"
2024-06-13T21:00:00,3958,20,"{'tier_0': 3, 'tier_1': 4, 'tier_2': 6, 'tier_3': 4, 'tier_4': 3}"
2024-06-13T22:00:00,3959,21,"{'tier_0': 3, 'tier_1': 4, 'tier_2': 6, 'tier_3': 4, 'tier_4': 4}"
2024-06-13T23:00:00,3960,20,"{'tier_0': 2, 'tier_1': 4, 'tier_2': 6, 'tier_3': 4, 'tier_4': 4}"
2024-06-14T00:00:00,3961,21,"{'tier_0': 2, 'tier_1': 4, 'tier_2': 6, 'tier_3': 5, 'tier_4': 4}"
2024-06-14T01:00:00,3962,19,"{'tier_0': 2, 'tier_1': 4, 'tier_2': 6, 'tier_3': 4, 'tier_4': 3}"
2024-06-14T02:00:00,3963,19,"{'tier_0': 2, 'tier_1': 4, 'tier_2': 5, 'tier_3': 4, 'tier_4': 4}"
2024-06-14T03:00:00,3964,20,"{'tier_0': 2, 'tier_1': 5, 'tier_2': 6, 'tier_3': 4, 'tier_4': 3}"
2024-06-14T04:00:00,3965,21,"{'tier_0': 3, 'tier_1': 4, 'tier_2': 6, 'tier_3': 4, 'tier_4': 4}"
2024-06-14T05:00:00,3966,20,"{'tier_0': 2, 'tier_1': 4, 'tier_2': 6, 'tier_3': 4, 'tier_4': 4}"
2024-06-14T06:00:00,3967,20,"{'tier_0': 2, 'tier_1': 4, 'tier_2': 6, 'tier_3': 4, 'tier_4': 4}"
2024-06-14T07:00:00,3968,21,"{'tier_0': 3, 'tier_1': 4, 'tier_2': 6, 'tier_3': 4, 'tier_4': 4}"
2024-06-14T08:00:00,3969,20,"{'tier_0': 2, 'tier_1': 5, 'tier_2': 6, 'tier_3': 4, 'tier_4': 3}"
2024-06-14T09:00:00,3970,20,"{'tier_0': 2, 'tier_1': 5, 'tier_2': 6, 'tier_3': 4, 'tier_4': 3}"
2024-06-14T10:00:00,3971,21,"{'tier_0': 4, 'tier_1': 3, 'tier_2': 6, 'tier_3': 4, 'tier_4': 4}"
2024-06-14T11:00:00,3972,21,"{'tier_0': 2, 'tier_1': 4, 'tier_2': 6, 'tier_3': 5, 'tier_4': 4}"
2024-06-14T12:00:00,3973,20,"{'tier_0': 2, 'tier_1': 5, 'tier_2': 6, 'tier_3': 4, 'tier_4': 3}"
2024-06-14T13:00:00,3974,19,"{'tier_0': 2, 'tier_1': 4, 'tier_2': 6, 'tier_3': 4, 'tier_4': 3}"
2024-06-14T14:00:00,3975,21,"{'tier_0': 2, 'tier_1': 5, 'tier_2': 6, 'tier_3': 5, 'tier_4': 3}"
2024-06-14T15:00:00,3976,20,"{'tier_0': 2, 'tier_1': 5, 'tier_2': 6, 'tier_3': 4, 'tier_4': 3}"
2024-06-14T16:00:00,3977,20,"{'tier_0': 3, 'tier_1': 4, 'tier_2': 6, 'tier_3': 4, 'tier_4': 3}"
2024-06-14T17:00:00,3978,20,"{'tier_0': 2, 'tier_1': 5, 'tier_2': 6, 'tier_3': 4, 'tier_4': 3}"
2024-06-14T18:00:00,3979,20,"{'tier_0': 2, 'tier_1': 5, 'tier_2': 6, 'tier_3': 4, 'tier_4': 3}"
2024-06-14T19:00:00,3980,20,"{'tier_0': 2, 'tier_1': 4, 'tier_2': 6, 'tier_3': 4, 'tier_4': 4}"
2024-06-14T20:00:00,3981,20,"{'tier_0': 2, 'tier_1': 5, 'tier_2': 6, 'tier_3': 4, 'tier_4': 3}"
2024-06-14T21:00:00,3982,19,"{'tier_0': 2, 'tier_1': 4, 'tier_2': 5, 'tier_3': 4, 'tier_4': 4}"
2024-06-14T22:00:00,3983,18,"{'tier_0': 2, 'tier_1': 4, 'tier_2': 5, 'tier_3': 4, 'tier_4': 3}"
2024-06-14T23:00:00,3984,20,"{'tier_0': 3, 'tier_1': 3, 'tier_2': 6, 'tier_3': 4, 'tier_4': 4}"
2024-06-15T00:00:00,3985,20,"{'tier_0': 2, 'tier_1': 5, 'tier_2': 6, 'tier_3': 4, 'tier_4': 3}"
2024-06-15T01:00:00,3986,18,"{'tier_0': 2, 'tier_1': 4, 'tier_2': 5, 'tier_3': 4, 'tier_4': 3}"
2024-06-15T02:00:00,3987,21,"{'tier_0': 2, 'tier_1': 5, 'tier_2': 6, 'tier_3': 4, 'tier_4': 4}"
2024-06-15T03:00:00,3988,19,"{'tier_0': 2, 'tier_1': 4, 'tier_2': 6, 'tier_3': 4, 'tier_4': 3}"
2024-06-15T04:00:00,3989,19,"{'tier_0': 2, 'tier_1': 4, 'tier_2': 5, 'tier_3': 4, 'tier_4': 4}"
2024-06-15T05:00:00,3990,20,"{'tier_0': 2, 'tier_1': 4, 'tier_2': 5, 'tier_3': 5, 'tier_4': 4}"
2024-06-15T06:00:00,3991,20,"{'tier_0': 2, 'tier_1': 5, 'tier_2': 6, 'tier_3': 4, 'tier_4': 3}"
2024-06-15T07:00:00,3992,20,"{'tier_0': 3, 'tier_1': 4, 'tier_2': 6, 'tier_3': 4, 'tier_4': 3}"
2024-06-15T08:00:00,3993,20,"{'tier_0': 4, 'tier_1': 3, 'tier_2': 6, 'tier_3': 4, 'tier_4': 3}"
2024-06-15T09:00:00,3994,19,"{'tier_0': 2, 'tier_1': 4, 'tier_2': 5, 'tier_3': 4, 'tier_4': 4}"
2024-06-15T10:00:00,3995,21,"{'tier_0': 2, 'tier_1': 4, 'tier_2': 6, 'tier_3': 5, 'tier_4': 4}"
2024-06-15T11:00:00,3996,20,"{'tier_0': 2, 'tier_1': 4, 'tier_2': 6, 'tier_3': 4, 'tier_4': 4}"
2024-06-15T12:00:00,3997,20,"{'tier_0': 2, 'tier_1': 4, 'tier_2': 6, 'tier_3': 4, 'tier_4': 4}"
2024-06-15T13:00:00,3998,21,"{'tier_0': 3, 'tier_1': 4, 'tier_2': 6, 'tier_3': 4, 'tier_4': 4}"
2024-06-15T14:00:00,3999,20,"{'tier_0': 2, 'tier_1': 5, 'tier_2': 6, 'tier_3': 4, 'tier_4': 3}"
2024-06-15T15:00:00,4000,19,"{'tier_0': 2, 'tier_1': 4, 'tier_2': 5, 'tier_3': 4, 'tier_4': 4}"
2024-06-15T16:00:00,4001,21,"{'tier_0': 3, 'tier_1': 4, 'tier_2': 6, 'tier_3': 4, 'tier_4': 4}"
2024-06-15T17:00:00,4002,19,"{'tier_0': 2, 'tier_1': 4, 'tier_2': 5, 'tier_3': 4, 'tier_4': 4}"
2024-06-15T18:00:00,4003,20,"{'tier_0': 3, 'tier_1': 3, 'tier_2': 6, 'tier_3': 4, 'tier_4': 4}"
2024-06-15T19:00:00,4004,19,"{'tier_0': 2, 'tier_1': 4, 'tier_2': 5, 'tier_3': 4, 'tier_4': 4}"
2024-06-15T20:00:00,4005,20,"{'tier_0': 2, 'tier_1': 5, 'tier_2': 6, 'tier_3': 4, 'tier_4': 3}"
2024-06-15T21:00:00,4006,20,"{'tier_0': 2, 'tier_1': 5, 'tier_2': 6, 'tier_3': 4, 'tier_4': 3}"
2024-06-15T22:00:00,4007,20,"{'tier_0': 2, 'tier_1': 5, 'tier_2': 6, 'tier_3': 4, 'tier_4': 3}"
2024-06-15T23:00:00,4008,20,"{'tier_0': 3, 'tier_1': 3, 'tier_2': 6, 'tier_3': 4, 'tier_4': 4}"
2024-06-16T00:00:00,4009,20,"{'tier_0': 2, 'tier_1': 5, 'tier_2': 6, 'tier_3': 4, 'tier_4': 3}"
2024-06-16T01:00:00,4010,20,"{'tier_0': 2, 'tier_1': 4, 'tier_2': 6, 'tier_3': 4, 'tier_4': 4}"
2024-06-16T02:00:00,4011,20,"{'tier_0': 2, 'tier_1': 4, 'tier_2': 6, 'tier_3': 4, 'tier_4': 4}"
2024-06-16T03:00:00,4012,20,"{'tier_0': 2, 'tier_1': 4, 'tier_2': 6, 'tier_3': 4, 'tier_4': 4}"
2024-06-16T04:00:00,4013,21,"{'tier_0': 2, 'tier_1': 4, 'tier_2': 6, 'tier_3': 4, 'tier_4': 5}"
2024-06-16T05:00:00,4014,20,"{'tier_0': 2, 'tier_1': 4, 'tier_2': 6, 'tier_3': 4, 'tier_4': 4}"
2024-06-16T06:00:00,4015,20,"{'tier_0': 3, 'tier_1': 4, 'tier_2': 6, 'tier_3': 4, 'tier_4': 3}"
2024-06-16T07:00:00,4016,20,"{'tier_0': 2, 'tier_1': 5, 'tier_2': 6, 'tier_3': 4, 'tier_4': 3}"
2024-06-16T08:00:00,4017,20,"{'tier_0': 2, 'tier_1': 4, 'tier_2': 6, 'tier_3': 4, 'tier_4': 4}"
2024-06-16T09:00:00,4018,20,"{'tier_0': 2, 'tier_1': 5, 'tier_2': 6, 'tier_3': 4, 'tier_4': 3}"
2024-06-16T10:00:00,4019,20,"{'tier_0': 2, 'tier_1': 5, 'tier_2': 6, 'tier_3': 4, 'tier_4': 3}"
2024-06-16T11:00:00,4020,20,"{'tier_0': 2, 'tier_1': 4, 'tier_2': 6, 'tier_3': 4, 'tier_4': 4}"
2024-06-16T12:00:00,4021,20,"{'tier_0': 2, 'tier_1': 5, 'tier_2': 6, 'tier_3': 4, 'tier_4': 3}"
2024-06-16T13:00:00,4022,20,"{'tier_0': 2, 'tier_1': 5, 'tier_2': 6, 'tier_3': 4, 'tier_4': 3}"
2024-06-16T14:00:00,4023,20,"{'tier_0': 2, 'tier_1': 5, 'tier_2': 6, 'tier_3': 4, 'tier_4': 3}"
2024-06-16T15:00:00,4024,20,"{'tier_0': 3, 'tier_1': 4, 'tier_2': 6, 'tier_3': 4, 'tier_4': 3}"
2024-06-16T16:00:00,4025,20,"{'tier_0': 2, 'tier_1': 5, 'tier_2': 6, 'tier_3': 4, 'tier_4': 3}"
2024-06-16T17:00:00,4026,19,"{'tier_0': 2, 'tier_1': 4, 'tier_2': 5, 'tier_3': 4, 'tier_4': 4}"
2024-06-16T18:00:00,4027,20,"{'tier_0': 3, 'tier_1': 4, 'tier_2': 6, 'tier_3': 4, 'tier_4': 3}"
2024-06-16T19:00:00,4028,20,"{'tier_0': 3, 'tier_1': 3, 'tier_2': 6, 'tier_3': 4, 'tier_4': 4}"
2024-06-16T20:00:00,4029,20,"{'tier_0': 2, 'tier_1': 5, 'tier_2': 6, 'tier_3': 4, 'tier_4': 3}"
2024-06-16T21:00:00,4030,21,"{'tier_0': 2, 'tier_1': 5, 'tier_2': 6, 'tier_3': 4, 'tier_4': 4}"
2024-06-16T22:00:00,4031,18,"{'tier_0': 2, 'tier_1': 4, 'tier_2': 5, 'tier_3': 4, 'tier_4': 3}"
2024-06-16T23:00:00,4032,20,"{'tier_0': 2, 'tier_1': 5, 'tier_2': 6, 'tier_3': 4, 'tier_4': 3}"
2024-06-17T00:00:00,4033,20,"{'tier_0': 2, 'tier_1': 4, 'tier_2': 6, 'tier_3': 4, 'tier_4': 4}"
2024-06-17T01:00:00,4034,20,"{'tier_0': 3, 'tier_1': 4, 'tier_2': 6, 'tier_3': 4, 'tier_4': 3}"
2024-06-17T02:00:00,4035,20,"{'tier_0': 2, 'tier_1': 4, 'tier_2': 6, 'tier_3': 4, 'tier_4': 4}"
2024-06-17T03:00:00,4036,20,"{'tier_0': 2, 'tier_1': 5, 'tier_2': 6, 'tier_3': 4, 'tier_4': 3}"
2024-06-17T04:00:00,4037,20,"{'tier_0': 3, 'tier_1': 3, 'tier_2': 6, 'tier_3': 4, 'tier_4': 4}"
2024-06-17T05:00:00,4038,20,"{'tier_0': 3, 'tier_1': 4, 'tier_2': 6, 'tier_3': 4, 'tier_4': 3}"
2024-06-17T06:00:00,4039,18,"{'tier_0': 2, 'tier_1': 4, 'tier_2': 5, 'tier_3': 4, 'tier_4': 3}"
2024-06-17T07:00:00,4040,19,"{'tier_0': 2, 'tier_1': 4, 'tier_2': 5, 'tier_3': 4, 'tier_4': 4}"
2024-06-17T08:00:00,4041,20,"{'tier_0': 2, 'tier_1': 5, 'tier_2': 6, 'tier_3': 4, 'tier_4': 3}"
2024-06-17T09:00:00,4042,21,"{'tier_0': 2, 'tier_1': 5, 'tier_2': 6, 'tier_3': 4, 'tier_4': 4}"
2024-06-17T10:00:00,4043,20,"{'tier_0': 2, 'tier_1': 5, 'tier_2': 6, 'tier_3': 4, 'tier_4': 3}"
2024-06-17T11:00:00,4044,21,"{'tier_0': 2, 'tier_1': 5, 'tier_2': 6, 'tier_3': 4, 'tier_4': 4}"
2024-06-17T12:00:00,4045,21,"{'tier_0': 2, 'tier_1': 5, 'tier_2': 6, 'tier_3': 4, 'tier_4': 4}"
2024-06-17T13:00:00,4046,18,"{'tier_0': 2, 'tier_1': 4, 'tier_2': 5, 'tier_3': 4, 'tier_4': 3}"
2024-06-17T14:00:00,4047,20,"{'tier_0': 2, 'tier_1': 5, 'tier_2': 6, 'tier_3': 4, 'tier_4': 3}"
2024-06-17T15:00:00,4048,18,"{'tier_0': 2, 'tier_1': 4, 'tier_2': 5, 'tier_3': 4, 'tier_4': 3}"
2024-06-17T16:00:00,4049,20,"{'tier_0': 3, 'tier_1': 4, 'tier_2': 6, 'tier_3': 4, 'tier_4': 3}"
2024-06-17T17:00:00,4050,20,"{'tier_0': 2, 'tier_1': 4, 'tier_2': 6, 'tier_3': 4, 'tier_4': 4}"
2024-06-17T18:00:00,4051,21,"{'tier_0': 2, 'tier_1': 5, 'tier_2': 6, 'tier_3': 5, 'tier_4': 3}"
2024-06-17T19:00:00,4052,19,"{'tier_0': 2, 'tier_1': 4, 'tier_2': 5, 'tier_3': 4, 'tier_4': 4}"
2024-06-17T20:00:00,4053,18,"{'tier_0': 2, 'tier_1': 4, 'tier_2': 5, 'tier_3': 4, 'tier_4': 3}"
2024-06-17T21:00:00,4054,20,"{'tier_0': 2, 'tier_1': 4, 'tier_2': 6, 'tier_3': 4, 'tier_4': 4}"
2024-06-17T22:00:00,4055,20,"{'tier_0': 2, 'tier_1': 5, 'tier_2': 6, 'tier_3': 4, 'tier_4': 3}"
2024-06-17T23:00:00,4056,21,"{'tier_0': 2, 'tier_1': 5, 'tier_2': 6, 'tier_3': 4, 'tier_4': 4}"
2024-06-18T00:00:00,4057,20,"{'tier_0': 2, 'tier_1': 4, 'tier_2': 6, 'tier_3': 4, 'tier_4': 4}"
2024-06-18T01:00:00,4058,20,"{'tier_0': 2, 'tier_1': 5, 'tier_2': 6, 'tier_3': 4, 'tier_4': 3}"
2024-06-18T02:00:00,4059,20,"{'tier_0': 2, 'tier_1': 5, 'tier_2': 6, 'tier_3': 4, 'tier_4': 3}"
2024-06-18T03:00:00,4060,20,"{'tier_0': 2, 'tier_1': 4, 'tier_2': 6, 'tier_3': 4, 'tier_4': 4}"
2024-06-18T04:00:00,4061,21,"{'tier_0': 2, 'tier_1': 4, 'tier_2': 6, 'tier_3': 5, 'tier_4': 4}"
2024-06-18T05:00:00,4062,20,"{'tier_0': 2, 'tier_1': 5, 'tier_2': 6, 'tier_3': 4, 'tier_4': 3}"
2024-06-18T06:00:00,4063,20,"{'tier_0': 2, 'tier_1': 5, 'tier_2': 6, 'tier_3': 4, 'tier_4': 3}"
2024-06-18T07:00:00,4064,21,"{'tier_0': 2, 'tier_1': 5, 'tier_2': 6, 'tier_3': 4, 'tier_4': 4}"
2024-06-18T08:00:00,4065,20,"{'tier_0': 2, 'tier_1': 5, 'tier_2': 6, 'tier_3': 4, 'tier_4': 3}"
2024-06-18T09:00:00,4066,20,"{'tier_0': 2, 'tier_1': 4, 'tier_2': 6, 'tier_3': 4, 'tier_4': 4}"
2024-06-18T10:00:00,4067,20,"{'tier_0': 2, 'tier_1': 5, 'tier_2': 6, 'tier_3': 4, 'tier_4': 3}"
2024-06-18T11:00:00,4068,20,"{'tier_0': 2, 'tier_1': 5, 'tier_2': 6, 'tier_3': 4, 'tier_4': 3}"
2024-06-18T12:00:00,4069,21,"{'tier_0': 2, 'tier_1': 5, 'tier_2': 6, 'tier_3': 4, 'tier_4': 4}"
2024-06-18T13:00:00,4070,20,"{'tier_0': 2, 'tier_1': 5, 'tier_2': 6, 'tier_3': 4, 'tier_4': 3}"
2024-06-18T14:00:00,4071,19,"{'tier_0': 2, 'tier_1': 4, 'tier_2': 5, 'tier_3': 4, 'tier_4': 4}"
2024-06-18T15:00:00,4072,20,"{'tier_0': 2, 'tier_1': 5, 'tier_2': 6, 'tier_3': 4, 'tier_4': 3}"
2024-06-18T16:00:00,4073,20,"{'tier_0': 2, 'tier_1': 5, 'tier_2': 6, 'tier_3': 4, 'tier_4': 3}"
2024-06-18T17:00:00,4074,20,"{'tier_0': 2, 'tier_1': 4, 'tier_2': 5, 'tier_3': 5, 'tier_4': 4}"
2024-06-18T18:00:00,4075,21,"{'tier_0': 4, 'tier_1': 3, 'tier_2': 6, 'tier_3': 4, 'tier_4': 4}"
2024-06-18T19:00:00,4076,20,"{'tier_0': 2, 'tier_1': 4, 'tier_2': 6, 'tier_3': 4, 'tier_4': 4}"
2024-06-18T20:00:00,4077,20,"{'tier_0': 2, 'tier_1': 5, 'tier_2': 6, 'tier_3': 4, 'tier_4': 3}"
2024-06-18T21:00:00,4078,18,"{'tier_0': 2, 'tier_1': 4, 'tier_2': 5, 'tier_3': 4, 'tier_4': 3}"
2024-06-18T22:00:00,4079,20,"{'tier_0': 2, 'tier_1': 4, 'tier_2': 6, 'tier_3': 4, 'tier_4': 4}"
2024-06-18T23:00:00,4080,21,"{'tier_0': 2, 'tier_1': 5, 'tier_2': 6, 'tier_3': 4, 'tier_4': 4}"
2024-06-19T00:00:00,4081,20,"{'tier_0': 2, 'tier_1': 5, 'tier_2': 6, 'tier_3': 4, 'tier_4': 3}"
2024-06-19T01:00:00,4082,19,"{'tier_0': 2, 'tier_1': 4, 'tier_2': 6, 'tier_3': 4, 'tier_4': 3}"
2024-06-19T02:00:00,4083,20,"{'tier_0': 2, 'tier_1': 5, 'tier_2': 6, 'tier_3': 4, 'tier_4': 3}"
2024-06-19T03:00:00,4084,21,"{'tier_0': 2, 'tier_1': 5, 'tier_2': 6, 'tier_3': 4, 'tier_4': 4}"
2024-06-19T04:00:00,4085,21,"{'tier_0': 2, 'tier_1': 5, 'tier_2': 6, 'tier_3': 4, 'tier_4': 4}"
2024-06-19T05:00:00,4086,20,"{'tier_0': 2, 'tier_1': 5, 'tier_2': 6, 'tier_3': 4, 'tier_4': 3}"
2024-06-19T06:00:00,4087,19,"{'tier_0': 2, 'tier_1': 4, 'tier_2': 5, 'tier_3': 4, 'tier_4': 4}"
2024-06-19T07:00:00,4088,19,"{'tier_0': 2, 'tier_1': 4, 'tier_2': 5, 'tier_3': 4, 'tier_4': 4}"
2024-06-19T08:00:00,4089,21,"{'tier_0': 2, 'tier_1': 5, 'tier_2': 6, 'tier_3': 4, 'tier_4': 4}"
2024-06-19T09:00:00,4090,21,"{'tier_0': 4, 'tier_1': 3, 'tier_2': 6, 'tier_3': 4, 'tier_4': 4}"
2024-06-19T10:00:00,4091,20,"{'tier_0': 2, 'tier_1': 4, 'tier_2': 5, 'tier_3': 5, 'tier_4': 4}"
2024-06-19T11:00:00,4092,21,"{'tier_0': 2, 'tier_1': 4, 'tier_2': 6, 'tier_3': 5, 'tier_4': 4}"
2024-06-19T12:00:00,4093,21,"{'tier_0': 2, 'tier_1': 4, 'tier_2': 6, 'tier_3': 4, 'tier_4': 5}"
2024-06-19T13:00:00,4094,20,"{'tier_0': 2, 'tier_1': 4, 'tier_2': 6, 'tier_3': 4, 'tier_4': 4}"
2024-06-19T14:00:00,4095,21,"{'tier_0': 2, 'tier_1': 5, 'tier_2': 6, 'tier_3': 4, 'tier_4': 4}"
2024-06-19T15:00:00,4096,20,"{'tier_0': 2, 'tier_1': 5, 'tier_2': 6, 'tier_3': 4, 'tier_4': 3}"
2024-06-19T16:00:00,4097,20,"{'tier_0': 2, 'tier_1': 4, 'tier_2': 6, 'tier_3': 4, 'tier_4': 4}"
2024-06-19T17:00:00,4098,20,"{'tier_0': 2, 'tier_1': 4, 'tier_2': 6, 'tier_3': 4, 'tier_4': 4}"
2024-06-19T18:00:00,4099,21,"{'tier_0': 2, 'tier_1': 5, 'tier_2': 6, 'tier_3': 4, 'tier_4': 4}"
2024-06-19T19:00:00,4100,21,"{'tier_0': 3, 'tier_1': 4, 'tier_2': 6, 'tier_3': 4, 'tier_4': 4}"
2024-06-19T20:00:00,4101,20,"{'tier_0': 2, 'tier_1': 4, 'tier_2': 6, 'tier_3': 4, 'tier_4': 4}"
2024-06-19T21:00:00,4102,20,"{'tier_0': 2, 'tier_1': 5, 'tier_2': 6, 'tier_3': 4, 'tier_4': 3}"
2024-06-19T22:00:00,4103,20,"{'tier_0': 2, 'tier_1': 4, 'tier_2': 6, 'tier_3': 4, 'tier_4': 4}"
2024-06-19T23:00:00,4104,21,"{'tier_0': 2, 'tier_1': 5, 'tier_2': 6, 'tier_3': 4, 'tier_4': 4}"
2024-06-20T00:00:00,4105,21,"{'tier_0': 2, 'tier_1': 5, 'tier_2': 6, 'tier_3': 4, 'tier_4': 4}"
2024-06-20T01:00:00,4106,20,"{'tier_0': 2, 'tier_1': 4, 'tier_2': 6, 'tier_3': 4, 'tier_4': 4}"
2024-06-20T02:00:00,4107,20,"{'tier_0': 2, 'tier_1': 4, 'tier_2': 6, 'tier_3': 4, 'tier_4': 4}"
2024-06-20T03:00:00,4108,20,"{'tier_0': 2, 'tier_1': 4, 'tier_2': 6, 'tier_3': 4, 'tier_4': 4}"
2024-06-20T04:00:00,4109,21,"{'tier_0': 2, 'tier_1': 5, 'tier_2': 6, 'tier_3': 4, 'tier_4': 4}"
2024-06-20T05:00:00,4110,20,"{'tier_0': 2, 'tier_1': 4, 'tier_2': 6, 'tier_3': 4, 'tier_4': 4}"
2024-06-20T06:00:00,4111,20,"{'tier_0': 2, 'tier_1': 5, 'tier_2': 6, 'tier_3': 4, 'tier_4': 3}"
2024-06-20T07:00:00,4112,18,"{'tier_0': 2, 'tier_1': 4, 'tier_2': 5, 'tier_3': 4, 'tier_4': 3}"
2024-06-20T08:00:00,4113,20,"{'tier_0': 2, 'tier_1': 4, 'tier_2': 6, 'tier_3': 4, 'tier_4': 4}"
2024-06-20T09:00:00,4114,20,"{'tier_0': 2, 'tier_1': 4, 'tier_2': 6, 'tier_3': 4, 'tier_4': 4}"
2024-06-20T10:00:00,4115,20,"{'tier_0': 3, 'tier_1': 4, 'tier_2': 6, 'tier_3': 4, 'tier_4': 3}"
2024-06-20T11:00:00,4116,19,"{'tier_0': 1, 'tier_1': 5, 'tier_2': 5, 'tier_3': 4, 'tier_4': 4}"
2024-06-20T12:00:00,4117,20,"{'tier_0': 2, 'tier_1': 4, 'tier_2': 6, 'tier_3': 4, 'tier_4': 4}"
2024-06-20T13:00:00,4118,21,"{'tier_0': 2, 'tier_1': 4, 'tier_2': 6, 'tier_3': 5, 'tier_4': 4}"
2024-06-20T14:00:00,4119,20,"{'tier_0': 3, 'tier_1': 4, 'tier_2': 6, 'tier_3': 4, 'tier_4': 3}"
2024-06-20T15:00:00,4120,20,"{'tier_0': 3, 'tier_1': 4, 'tier_2': 6, 'tier_3': 4, 'tier_4': 3}"
2024-06-20T16:00:00,4121,20,"{'tier_0': 3, 'tier_1': 4, 'tier_2': 6, 'tier_3': 4, 'tier_4': 3}"
2024-06-20T17:00:00,4122,20,"{'tier_0': 2, 'tier_1': 5, 'tier_2': 6, 'tier_3': 4, 'tier_4': 3}"
2024-06-20T18:00:00,4123,20,"{'tier_0': 2, 'tier_1': 5, 'tier_2': 6, 'tier_3': 4, 'tier_4': 3}"
2024-06-20T19:00:00,4124,18,"{'tier_0': 3, 'tier_1': 3, 'tier_2': 5, 'tier_3': 4, 'tier_4': 3}"
2024-06-20T20:00:00,4125,21,"{'tier_0': 2, 'tier_1': 4, 'tier_2': 6, 'tier_3': 5, 'tier_4': 4}"
2024-06-20T21:00:00,4126,21,"{'tier_0': 4, 'tier_1': 3, 'tier_2': 6, 'tier_3': 4, 'tier_4': 4}"
2024-06-20T22:00:00,4127,19,"{'tier_0': 2, 'tier_1': 4, 'tier_2': 6, 'tier_3': 4, 'tier_4': 3}"
2024-06-20T23:00:00,4128,20,"{'tier_0': 2, 'tier_1': 5, 'tier_2': 6, 'tier_3': 4, 'tier_4': 3}"
2024-06-21T00:00:00,4129,20,"{'tier_0': 2, 'tier_1': 5, 'tier_2': 6, 'tier_3': 4, 'tier_4': 3}"
2024-06-21T01:00:00,4130,21,"{'tier_0': 2, 'tier_1': 5, 'tier_2': 6, 'tier_3': 4, 'tier_4': 4}"
2024-06-21T02:00:00,4131,20,"{'tier_0': 2, 'tier_1': 5, 'tier_2': 6, 'tier_3': 4, 'tier_4': 3}"
2024-06-21T03:00:00,4132,20,"{'tier_0': 3, 'tier_1': 3, 'tier_2': 6, 'tier_3': 4, 'tier_4': 4}"
2024-06-21T04:00:00,4133,20,"{'tier_0': 3, 'tier_1': 4, 'tier_2': 6, 'tier_3': 4, 'tier_4': 3}"
2024-06-21T05:00:00,4134,21,"{'tier_0': 2, 'tier_1': 5, 'tier_2': 6, 'tier_3': 4, 'tier_4': 4}"
2024-06-21T06:00:00,4135,19,"{'tier_0': 2, 'tier_1': 4, 'tier_2': 6, 'tier_3': 4, 'tier_4': 3}"
2024-06-21T07:00:00,4136,19,"{'tier_0': 2, 'tier_1': 4, 'tier_2': 6, 'tier_3': 4, 'tier_4': 3}"
2024-06-21T08:00:00,4137,20,"{'tier_0': 2, 'tier_1': 5, 'tier_2': 6, 'tier_3': 4, 'tier_4': 3}"
2024-06-21T09:00:00,4138,21,"{'tier_0': 3, 'tier_1': 4, 'tier_2': 6, 'tier_3': 4, 'tier_4': 4}"
2024-06-21T10:00:00,4139,21,"{'tier_0': 3, 'tier_1': 4, 'tier_2': 6, 'tier_3': 4, 'tier_4': 4}"
2024-06-21T11:00:00,4140,20,"{'tier_0': 2, 'tier_1': 4, 'tier_2': 6, 'tier_3': 4, 'tier_4': 4}"
2024-06-21T12:00:00,4141,21,"{'tier_0': 2, 'tier_1': 4, 'tier_2': 6, 'tier_3': 5, 'tier_4': 4}"
2024-06-21T13:00:00,4142,19,"{'tier_0': 1, 'tier_1': 5, 'tier_2': 5, 'tier_3': 4, 'tier_4': 4}"
2024-06-21T14:00:00,4143,21,"{'tier_0': 2, 'tier_1': 5, 'tier_2': 6, 'tier_3': 4, 'tier_4': 4}"
2024-06-21T15:00:00,4144,18,"{'tier_0': 2, 'tier_1': 4, 'tier_2': 5, 'tier_3': 4, 'tier_4': 3}"
2024-06-21T16:00:00,4145,20,"{'tier_0': 2, 'tier_1': 5, 'tier_2': 6, 'tier_3': 4, 'tier_4': 3}"
2024-06-21T17:00:00,4146,21,"{'tier_0': 2, 'tier_1': 4, 'tier_2': 6, 'tier_3': 5, 'tier_4': 4}"
2024-06-21T18:00:00,4147,20,"{'tier_0': 2, 'tier_1': 4, 'tier_2': 6, 'tier_3': 4, 'tier_4': 4}"
2024-06-21T19:00:00,4148,21,"{'tier_0': 2, 'tier_1': 5, 'tier_2': 6, 'tier_3': 4, 'tier_4': 4}"
2024-06-21T20:00:00,4149,20,"{'tier_0': 2, 'tier_1': 4, 'tier_2': 6, 'tier_3': 4, 'tier_4': 4}"
2024-06-21T21:00:00,4150,20,"{'tier_0': 2, 'tier_1': 4, 'tier_2': 6, 'tier_3': 4, 'tier_4': 4}"
2024-06-21T22:00:00,4151,20,"{'tier_0': 2, 'tier_1': 5, 'tier_2': 6, 'tier_3': 4, 'tier_4': 3}"
2024-06-21T23:00:00,4152,21,"{'tier_0': 2, 'tier_1': 5, 'tier_2': 6, 'tier_3': 4, 'tier_4': 4}"
2024-06-22T00:00:00,4153,20,"{'tier_0': 2, 'tier_1': 4, 'tier_2': 6, 'tier_3': 4, 'tier_4': 4}"
2024-06-22T01:00:00,4154,21,"{'tier_0': 2, 'tier_1': 4, 'tier_2': 6, 'tier_3': 4, 'tier_4': 5}"
2024-06-22T02:00:00,4155,21,"{'tier_0': 2, 'tier_1': 5, 'tier_2': 6, 'tier_3': 4, 'tier_4': 4}"
2024-06-22T03:00:00,4156,21,"{'tier_0': 2, 'tier_1': 5, 'tier_2': 6, 'tier_3': 5, 'tier_4': 3}"
2024-06-22T04:00:00,4157,20,"{'tier_0': 2, 'tier_1': 5, 'tier_2': 6, 'tier_3': 4, 'tier_4': 3}"
2024-06-22T05:00:00,4158,21,"{'tier_0': 3, 'tier_1': 4, 'tier_2': 6, 'tier_3': 4, 'tier_4': 4}"
2024-06-22T06:00:00,4159,20,"{'tier_0': 3, 'tier_1': 4, 'tier_2': 6, 'tier_3': 4, 'tier_4': 3}"
2024-06-22T07:00:00,4160,19,"{'tier_0': 2, 'tier_1': 4, 'tier_2': 5, 'tier_3': 4, 'tier_4': 4}"
2024-06-22T08:00:00,4161,20,"{'tier_0': 2, 'tier_1': 5, 'tier_2': 6, 'tier_3': 4, 'tier_4': 3}"
2024-06-22T09:00:00,4162,20,"{'tier_0': 2, 'tier_1': 4, 'tier_2': 6, 'tier_3': 4, 'tier_4': 4}"
2024-06-22T10:00:00,4163,21,"{'tier_0': 3, 'tier_1': 3, 'tier_2': 6, 'tier_3': 4, 'tier_4': 5}"
2024-06-22T11:00:00,4164,18,"{'tier_0': 2, 'tier_1': 4, 'tier_2': 5, 'tier_3': 4, 'tier_4': 3}"
2024-06-22T12:00:00,4165,21,"{'tier_0': 2, 'tier_1': 5, 'tier_2': 6, 'tier_3': 4, 'tier_4': 4}"
2024-06-22T13:00:00,4166,20,"{'tier_0': 2, 'tier_1': 4, 'tier_2': 6, 'tier_3': 4, 'tier_4': 4}"
2024-06-22T14:00:00,4167,20,"{'tier_0': 2, 'tier_1': 5, 'tier_2': 6, 'tier_3': 4, 'tier_4': 3}"
2024-06-22T15:00:00,4168,20,"{'tier_0': 2, 'tier_1': 4, 'tier_2': 6, 'tier_3': 4, 'tier_4': 4}"
2024-06-22T16:00:00,4169,20,"{'tier_0': 2, 'tier_1': 4, 'tier_2': 6, 'tier_3': 4, 'tier_4': 4}"
2024-06-22T17:00:00,4170,19,"{'tier_0': 2, 'tier_1': 4, 'tier_2': 6, 'tier_3': 4, 'tier_4': 3}"
2024-06-22T18:00:00,4171,20,"{'tier_0': 4, 'tier_1': 3, 'tier_2': 6, 'tier_3': 4, 'tier_4': 3}"
2024-06-22T19:00:00,4172,20,"{'tier_0': 2, 'tier_1': 5, 'tier_2': 6, 'tier_3': 4, 'tier_4': 3}"
2024-06-22T20:00:00,4173,20,"{'tier_0': 2, 'tier_1': 5, 'tier_2': 6, 'tier_3': 4, 'tier_4': 3}"
2024-06-22T21:00:00,4174,19,"{'tier_0': 2, 'tier_1': 4, 'tier_2': 5, 'tier_3': 4, 'tier_4': 4}"
2024-06-22T22:00:00,4175,21,"{'tier_0': 2, 'tier_1': 4, 'tier_2': 6, 'tier_3': 5, 'tier_4': 4}"
2024-06-22T23:00:00,4176,20,"{'tier_0': 2, 'tier_1': 5, 'tier_2': 6, 'tier_3': 4, 'tier_4': 3}"
2024-06-23T00:00:00,4177,19,"{'tier_0': 2, 'tier_1': 4, 'tier_2': 6, 'tier_3': 4, 'tier_4': 3}"
2024-06-23T01:00:00,4178,20,"{'tier_0': 2, 'tier_1': 4, 'tier_2': 6, 'tier_3': 4, 'tier_4': 4}"
2024-06-23T02:00:00,4179,20,"{'tier_0': 2, 'tier_1': 5, 'tier_2': 6, 'tier_3': 4, 'tier_4': 3}"
2024-06-23T03:00:00,4180,20,"{'tier_0': 2, 'tier_1': 5, 'tier_2': 6, 'tier_3': 4, 'tier_4': 3}"
2024-06-23T04:00:00,4181,21,"{'tier_0': 2, 'tier_1': 5, 'tier_2': 6, 'tier_3': 4, 'tier_4': 4}"
2024-06-23T05:00:00,4182,20,"{'tier_0': 2, 'tier_1': 4, 'tier_2': 6, 'tier_3': 4, 'tier_4': 4}"
2024-06-23T06:00:00,4183,20,"{'tier_0': 2, 'tier_1': 4, 'tier_2': 6, 'tier_3': 4, 'tier_4': 4}"
2024-06-23T07:00:00,4184,21,"{'tier_0': 3, 'tier_1': 4, 'tier_2': 6, 'tier_3': 4, 'tier_4': 4}"
2024-06-23T08:00:00,4185,20,"{'tier_0': 2, 'tier_1': 5, 'tier_2': 6, 'tier_3': 4, 'tier_4': 3}"
2024-06-23T09:00:00,4186,20,"{'tier_0': 2, 'tier_1': 4, 'tier_2': 6, 'tier_3': 4, 'tier_4': 4}"
2024-06-23T10:00:00,4187,20,"{'tier_0': 2, 'tier_1': 5, 'tier_2': 6, 'tier_3': 4, 'tier_4': 3}"
2024-06-23T11:00:00,4188,19,"{'tier_0': 2, 'tier_1': 4, 'tier_2': 5, 'tier_3': 4, 'tier_4': 4}"
2024-06-23T12:00:00,4189,20,"{'tier_0': 2, 'tier_1': 5, 'tier_2': 6, 'tier_3': 4, 'tier_4': 3}"
2024-06-23T13:00:00,4190,21,"{'tier_0': 2, 'tier_1': 5, 'tier_2': 6, 'tier_3': 4, 'tier_4': 4}"
2024-06-23T14:00:00,4191,19,"{'tier_0': 2, 'tier_1': 4, 'tier_2': 6, 'tier_3': 4, 'tier_4': 3}"
2024-06-23T15:00:00,4192,21,"{'tier_0': 2, 'tier_1': 5, 'tier_2': 6, 'tier_3': 4, 'tier_4': 4}"
2024-06-23T16:00:00,4193,20,"{'tier_0': 2, 'tier_1': 5, 'tier_2': 6, 'tier_3': 4, 'tier_4': 3}"
2024-06-23T17:00:00,4194,21,"{'tier_0': 2, 'tier_1': 5, 'tier_2': 6, 'tier_3': 4, 'tier_4': 4}"
2024-06-23T18:00:00,4195,20,"{'tier_0': 2, 'tier_1': 4, 'tier_2': 6, 'tier_3': 4, 'tier_4': 4}"
2024-06-23T19:00:00,4196,21,"{'tier_0': 2, 'tier_1': 5, 'tier_2': 6, 'tier_3': 4, 'tier_4': 4}"
2024-06-23T20:00:00,4197,20,"{'tier_0': 2, 'tier_1': 4, 'tier_2': 6, 'tier_3': 4, 'tier_4': 4}"
2024-06-23T21:00:00,4198,19,"{'tier_0': 2, 'tier_1': 4, 'tier_2': 5, 'tier_3': 4, 'tier_4': 4}"
2024-06-23T22:00:00,4199,18,"{'tier_0': 2, 'tier_1': 4, 'tier_2': 5, 'tier_3': 4, 'tier_4': 3}"
2024-06-23T23:00:00,4200,21,"{'tier_0': 2, 'tier_1': 5, 'tier_2': 6, 'tier_3': 5, 'tier_4': 3}"
2024-06-24T00:00:00,4201,21,"{'tier_0': 2, 'tier_1': 5, 'tier_2': 6, 'tier_3': 4, 'tier_4': 4}"
2024-06-24T01:00:00,4202,20,"{'tier_0': 3, 'tier_1': 4, 'tier_2': 6, 'tier_3': 4, 'tier_4': 3}"
2024-06-24T02:00:00,4203,20,"{'tier_0': 2, 'tier_1': 5, 'tier_2': 6, 'tier_3': 4, 'tier_4': 3}"
2024-06-24T03:00:00,4204,20,"{'tier_0': 2, 'tier_1': 5, 'tier_2': 6, 'tier_3': 4, 'tier_4': 3}"
2024-06-24T04:00:00,4205,20,"{'tier_0': 2, 'tier_1': 5, 'tier_2': 6, 'tier_3': 4, 'tier_4': 3}"
2024-06-24T05:00:00,4206,19,"{'tier_0': 2, 'tier_1': 4, 'tier_2': 5, 'tier_3': 4, 'tier_4': 4}"
2024-06-24T06:00:00,4207,20,"{'tier_0': 2, 'tier_1': 5, 'tier_2': 6, 'tier_3': 4, 'tier_4': 3}"
2024-06-24T07:00:00,4208,20,"{'tier_0': 2, 'tier_1': 4, 'tier_2': 6, 'tier_3': 4, 'tier_4': 4}"
2024-06-24T08:00:00,4209,20,"{'tier_0': 2, 'tier_1': 5, 'tier_2': 6, 'tier_3': 4, 'tier_4': 3}"
2024-06-24T09:00:00,4210,18,"{'tier_0': 2, 'tier_1': 4, 'tier_2': 5, 'tier_3': 4, 'tier_4': 3}"
2024-06-24T10:00:00,4211,19,"{'tier_0': 2, 'tier_1': 4, 'tier_2': 5, 'tier_3': 4, 'tier_4': 4}"
2024-06-24T11:00:00,4212,21,"{'tier_0': 2, 'tier_1': 5, 'tier_2': 6, 'tier_3': 4, 'tier_4': 4}"
2024-06-24T12:00:00,4213,21,"{'tier_0': 2, 'tier_1': 5, 'tier_2': 6, 'tier_3': 4, 'tier_4': 4}"
2024-06-24T13:00:00,4214,21,"{'tier_0': 3, 'tier_1': 4, 'tier_2': 6, 'tier_3': 4, 'tier_4': 4}"
2024-06-24T14:00:00,4215,20,"{'tier_0': 2, 'tier_1': 5, 'tier_2': 6, 'tier_3': 4, 'tier_4': 3}"
2024-06-24T15:00:00,4216,20,"{'tier_0': 3, 'tier_1': 4, 'tier_2': 6, 'tier_3': 4, 'tier_4': 3}"
2024-06-24T16:00:00,4217,20,"{'tier_0': 2, 'tier_1': 5, 'tier_2': 6, 'tier_3': 4, 'tier_4': 3}"
2024-06-24T17:00:00,4218,20,"{'tier_0': 3, 'tier_1': 4, 'tier_2': 6, 'tier_3': 4, 'tier_4': 3}"
2024-06-24T18:00:00,4219,21,"{'tier_0': 2, 'tier_1': 5, 'tier_2': 6, 'tier_3': 4, 'tier_4': 4}"
2024-06-24T19:00:00,4220,20,"{'tier_0': 3, 'tier_1': 4, 'tier_2': 6, 'tier_3': 4, 'tier_4': 3}"
2024-06-24T20:00:00,4221,21,"{'tier_0': 3, 'tier_1': 4, 'tier_2': 6, 'tier_3': 4, 'tier_4': 4}"
2024-06-24T21:00:00,4222,20,"{'tier_0': 2, 'tier_1': 5, 'tier_2': 6, 'tier_3': 4, 'tier_4': 3}"
2024-06-24T22:00:00,4223,20,"{'tier_0': 2, 'tier_1': 5, 'tier_2': 6, 'tier_3': 4, 'tier_4': 3}"
2024-06-24T23:00:00,4224,18,"{'tier_0': 2, 'tier_1': 4, 'tier_2': 5, 'tier_3': 4, 'tier_4': 3}"
2024-06-25T00:00:00,4225,20,"{'tier_0': 3, 'tier_1': 3, 'tier_2': 6, 'tier_3': 4, 'tier_4': 4}"
2024-06-25T01:00:00,4226,21,"{'tier_0': 3, 'tier_1': 4, 'tier_2': 6, 'tier_3': 4, 'tier_4': 4}"
2024-06-25T02:00:00,4227,20,"{'tier_0': 2, 'tier_1': 5, 'tier_2': 6, 'tier_3': 4, 'tier_4': 3}"
2024-06-25T03:00:00,4228,20,"{'tier_0': 2, 'tier_1': 4, 'tier_2': 6, 'tier_3': 4, 'tier_4': 4}"
2024-06-25T04:00:00,4229,20,"{'tier_0': 2, 'tier_1': 5, 'tier_2': 6, 'tier_3': 4, 'tier_4': 3}"
2024-06-25T05:00:00,4230,18,"{'tier_0': 2, 'tier_1': 4, 'tier_2': 5, 'tier_3': 4, 'tier_4': 3}"
2024-06-25T06:00:00,4231,20,"{'tier_0': 2, 'tier_1': 5, 'tier_2': 6, 'tier_3': 4, 'tier_4': 3}"
2024-06-25T07:00:00,4232,20,"{'tier_0': 3, 'tier_1': 3, 'tier_2': 6, 'tier_3': 4, 'tier_4': 4}"
2024-06-25T08:00:00,4233,20,"{'tier_0': 2, 'tier_1': 4, 'tier_2': 6, 'tier_3': 4, 'tier_4': 4}"
2024-06-25T09:00:00,4234,18,"{'tier_0': 2, 'tier_1': 4, 'tier_2': 5, 'tier_3': 4, 'tier_4': 3}"
2024-06-25T10:00:00,4235,21,"{'tier_0': 2, 'tier_1': 5, 'tier_2': 6, 'tier_3': 4, 'tier_4': 4}"
2024-06-25T11:00:00,4236,20,"{'tier_0': 2, 'tier_1': 5, 'tier_2': 6, 'tier_3': 4, 'tier_4': 3}"
2024-06-25T12:00:00,4237,19,"{'tier_0': 2, 'tier_1': 4, 'tier_2': 5, 'tier_3': 4, 'tier_4': 4}"
2024-06-25T13:00:00,4238,21,"{'tier_0': 2, 'tier_1': 5, 'tier_2': 6, 'tier_3': 4, 'tier_4': 4}"
2024-06-25T14:00:00,4239,20,"{'tier_0': 3, 'tier_1': 4, 'tier_2': 6, 'tier_3': 4, 'tier_4': 3}"
2024-06-25T15:00:00,4240,19,"{'tier_0': 2, 'tier_1': 4, 'tier_2': 5, 'tier_3': 4, 'tier_4': 4}"
2024-06-25T16:00:00,4241,20,"{'tier_0': 3, 'tier_1': 4, 'tier_2': 6, 'tier_3': 4, 'tier_4': 3}"
2024-06-25T17:00:00,4242,18,"{'tier_0': 2, 'tier_1': 4, 'tier_2': 5, 'tier_3': 4, 'tier_4': 3}"
2024-06-25T18:00:00,4243,20,"{'tier_0': 2, 'tier_1': 4, 'tier_2': 6, 'tier_3': 4, 'tier_4': 4}"
2024-06-25T19:00:00,4244,21,"{'tier_0': 2, 'tier_1': 5, 'tier_2': 6, 'tier_3': 4, 'tier_4': 4}"
2024-06-25T20:00:00,4245,20,"{'tier_0': 2, 'tier_1': 5, 'tier_2': 6, 'tier_3': 4, 'tier_4': 3}"
2024-06-25T21:00:00,4246,20,"{'tier_0': 2, 'tier_1': 4, 'tier_2': 6, 'tier_3': 4, 'tier_4': 4}"
2024-06-25T22:00:00,4247,20,"{'tier_0': 3, 'tier_1': 3, 'tier_2': 6, 'tier_3': 4, 'tier_4': 4}"
2024-06-25T23:00:00,4248,20,"{'tier_0': 3, 'tier_1': 4, 'tier_2': 6, 'tier_3': 4, 'tier_4': 3}"
2024-06-26T00:00:00,4249,20,"{'tier_0': 2, 'tier_1': 4, 'tier_2': 6, 'tier_3': 4, 'tier_4': 4}"
2024-06-26T01:00:00,4250,20,"{'tier_0': 2, 'tier_1': 4, 'tier_2': 6, 'tier_3': 4, 'tier_4': 4}"
2024-06-26T02:00:00,4251,20,"{'tier_0': 2, 'tier_1': 5, 'tier_2': 6, 'tier_3': 4, 'tier_4': 3}"
2024-06-26T03:00:00,4252,20,"{'tier_0': 2, 'tier_1': 5, 'tier_2': 6, 'tier_3': 4, 'tier_4': 3}"
2024-06-26T04:00:00,4253,20,"{'tier_0': 2, 'tier_1': 4, 'tier_2': 6, 'tier_3': 4, 'tier_4': 4}"
2024-06-26T05:00:00,4254,19,"{'tier_0': 2, 'tier_1': 4, 'tier_2': 5, 'tier_3': 4, 'tier_4': 4}"
2024-06-26T06:00:00,4255,20,"{'tier_0': 3, 'tier_1': 4, 'tier_2': 6, 'tier_3': 4, 'tier_4': 3}"
2024-06-26T07:00:00,4256,21,"{'tier_0': 2, 'tier_1': 5, 'tier_2': 6, 'tier_3': 5, 'tier_4': 3}"
2024-06-26T08:00:00,4257,20,"{'tier_0': 3, 'tier_1': 4, 'tier_2': 6, 'tier_3': 4, 'tier_4': 3}"
2024-06-26T09:00:00,4258,19,"{'tier_0': 2, 'tier_1': 4, 'tier_2': 5, 'tier_3': 4, 'tier_4': 4}"
2024-06-26T10:00:00,4259,20,"{'tier_0': 2, 'tier_1': 4, 'tier_2': 6, 'tier_3': 4, 'tier_4': 4}"
2024-06-26T11:00:00,4260,20,"{'tier_0': 2, 'tier_1': 4, 'tier_2': 6, 'tier_3': 4, 'tier_4': 4}"
2024-06-26T12:00:00,4261,21,"{'tier_0': 2, 'tier_1': 4, 'tier_2': 6, 'tier_3': 5, 'tier_4': 4}"
2024-06-26T13:00:00,4262,20,"{'tier_0': 3, 'tier_1': 4, 'tier_2': 6, 'tier_3': 4, 'tier_4': 3}"
2024-06-26T14:00:00,4263,20,"{'tier_0': 3, 'tier_1': 4, 'tier_2': 6, 'tier_3': 4, 'tier_4': 3}"
2024-06-26T15:00:00,4264,20,"{'tier_0': 2, 'tier_1': 5, 'tier_2': 6, 'tier_3': 4, 'tier_4': 3}"
2024-06-26T16:00:00,4265,20,"{'tier_0': 3, 'tier_1': 4, 'tier_2': 6, 'tier_3': 4, 'tier_4': 3}"
2024-06-26T17:00:00,4266,20,"{'tier_0': 2, 'tier_1': 4, 'tier_2': 6, 'tier_3': 4, 'tier_4': 4}"
2024-06-26T18:00:00,4267,20,"{'tier_0': 2, 'tier_1': 4, 'tier_2': 6, 'tier_3': 4, 'tier_4': 4}"
2024-06-26T19:00:00,4268,20,"{'tier_0': 2, 'tier_1': 4, 'tier_2': 6, 'tier_3': 4, 'tier_4': 4}"
2024-06-26T20:00:00,4269,20,"{'tier_0': 2, 'tier_1': 4, 'tier_2': 6, 'tier_3': 4, 'tier_4': 4}"
2024-06-26T21:00:00,4270,21,"{'tier_0': 3, 'tier_1': 4, 'tier_2': 6, 'tier_3': 4, 'tier_4': 4}"
2024-06-26T22:00:00,4271,20,"{'tier_0': 2, 'tier_1': 5, 'tier_2': 6, 'tier_3': 4, 'tier_4': 3}"
2024-06-26T23:00:00,4272,21,"{'tier_0': 2, 'tier_1': 5, 'tier_2': 6, 'tier_3': 4, 'tier_4': 4}"
2024-06-27T00:00:00,4273,20,"{'tier_0': 2, 'tier_1': 4, 'tier_2': 6, 'tier_3': 4, 'tier_4': 4}"
2024-06-27T01:00:00,4274,18,"{'tier_0': 2, 'tier_1': 4, 'tier_2': 5, 'tier_3': 4, 'tier_4': 3}"
2024-06-27T02:00:00,4275,20,"{'tier_0': 2, 'tier_1': 5, 'tier_2': 6, 'tier_3': 4, 'tier_4': 3}"
2024-06-27T03:00:00,4276,20,"{'tier_0': 2, 'tier_1': 5, 'tier_2': 6, 'tier_3': 4, 'tier_4': 3}"
2024-06-27T04:00:00,4277,21,"{'tier_0': 2, 'tier_1': 5, 'tier_2': 6, 'tier_3': 4, 'tier_4': 4}"
2024-06-27T05:00:00,4278,20,"{'tier_0': 3, 'tier_1': 4, 'tier_2': 6, 'tier_3': 4, 'tier_4': 3}"
2024-06-27T06:00:00,4279,21,"{'tier_0': 2, 'tier_1': 5, 'tier_2': 6, 'tier_3': 4, 'tier_4': 4}"
2024-06-27T07:00:00,4280,19,"{'tier_0': 1, 'tier_1': 5, 'tier_2': 5, 'tier_3': 4, 'tier_4': 4}"
2024-06-27T08:00:00,4281,21,"{'tier_0': 2, 'tier_1': 5, 'tier_2': 6, 'tier_3': 4, 'tier_4': 4}"
2024-06-27T09:00:00,4282,19,"{'tier_0': 1, 'tier_1': 5, 'tier_2': 6, 'tier_3': 4, 'tier_4': 3}"
2024-06-27T10:00:00,4283,20,"{'tier_0': 2, 'tier_1': 5, 'tier_2': 6, 'tier_3': 4, 'tier_4': 3}"
2024-06-27T11:00:00,4284,21,"{'tier_0': 2, 'tier_1': 5, 'tier_2': 6, 'tier_3': 4, 'tier_4': 4}"
2024-06-27T12:00:00,4285,19,"{'tier_0': 1, 'tier_1': 5, 'tier_2': 6, 'tier_3': 4, 'tier_4': 3}"
2024-06-27T13:00:00,4286,20,"{'tier_0': 2, 'tier_1': 4, 'tier_2': 6, 'tier_3': 4, 'tier_4': 4}"
2024-06-27T14:00:00,4287,21,"{'tier_0': 2, 'tier_1': 5, 'tier_2': 6, 'tier_3': 4, 'tier_4': 4}"
2024-06-27T15:00:00,4288,20,"{'tier_0': 3, 'tier_1': 3, 'tier_2': 6, 'tier_3': 4, 'tier_4': 4}"
2024-06-27T16:00:00,4289,21,"{'tier_0': 2, 'tier_1': 5, 'tier_2': 6, 'tier_3': 4, 'tier_4': 4}"
2024-06-27T17:00:00,4290,20,"{'tier_0': 3, 'tier_1': 3, 'tier_2': 6, 'tier_3': 4, 'tier_4': 4}"
2024-06-27T18:00:00,4291,20,"{'tier_0': 2, 'tier_1': 5, 'tier_2': 6, 'tier_3': 4, 'tier_4': 3}"
2024-06-27T19:00:00,4292,20,"{'tier_0': 2, 'tier_1': 4, 'tier_2': 6, 'tier_3': 4, 'tier_4': 4}"
2024-06-27T20:00:00,4293,20,"{'tier_0': 2, 'tier_1': 5, 'tier_2': 6, 'tier_3': 4, 'tier_4': 3}"
2024-06-27T21:00:00,4294,20,"{'tier_0': 2, 'tier_1': 4, 'tier_2': 6, 'tier_3': 4, 'tier_4': 4}"
2024-06-27T22:00:00,4295,21,"{'tier_0': 2, 'tier_1': 4, 'tier_2': 6, 'tier_3': 5, 'tier_4': 4}"
2024-06-27T23:00:00,4296,18,"{'tier_0': 2, 'tier_1': 4, 'tier_2': 5, 'tier_3': 4, 'tier_4': 3}"
2024-06-28T00:00:00,4297,20,"{'tier_0': 2, 'tier_1': 4, 'tier_2': 6, 'tier_3': 4, 'tier_4': 4}"
2024-06-28T01:00:00,4298,19,"{'tier_0': 2, 'tier_1': 4, 'tier_2': 6, 'tier_3': 4, 'tier_4': 3}"
2024-06-28T02:00:00,4299,20,"{'tier_0': 2, 'tier_1': 4, 'tier_2': 6, 'tier_3': 4, 'tier_4': 4}"
2024-06-28T03:00:00,4300,20,"{'tier_0': 2, 'tier_1': 5, 'tier_2': 6, 'tier_3': 4, 'tier_4': 3}"
2024-06-28T04:00:00,4301,21,"{'tier_0': 2, 'tier_1': 5, 'tier_2': 6, 'tier_3': 4, 'tier_4': 4}"
2024-06-28T05:00:00,4302,20,"{'tier_0': 2, 'tier_1': 5, 'tier_2': 6, 'tier_3': 4, 'tier_4': 3}"
2024-06-28T06:00:00,4303,20,"{'tier_0': 2, 'tier_1': 4, 'tier_2': 6, 'tier_3': 4, 'tier_4': 4}"
2024-06-28T07:00:00,4304,21,"{'tier_0': 2, 'tier_1': 5, 'tier_2': 6, 'tier_3': 4, 'tier_4': 4}"
2024-06-28T08:00:00,4305,20,"{'tier_0': 2, 'tier_1': 4, 'tier_2': 6, 'tier_3': 4, 'tier_4': 4}"
2024-06-28T09:00:00,4306,20,"{'tier_0': 2, 'tier_1': 4, 'tier_2': 6, 'tier_3': 4, 'tier_4': 4}"
2024-06-28T10:00:00,4307,21,"{'tier_0': 3, 'tier_1': 4, 'tier_2': 6, 'tier_3': 4, 'tier_4': 4}"
2024-06-28T11:00:00,4308,20,"{'tier_0': 2, 'tier_1': 4, 'tier_2': 6, 'tier_3': 4, 'tier_4': 4}"
2024-06-28T12:00:00,4309,21,"{'tier_0': 2, 'tier_1': 5, 'tier_2': 6, 'tier_3': 4, 'tier_4': 4}"
2024-06-28T13:00:00,4310,20,"{'tier_0': 2, 'tier_1': 5, 'tier_2': 6, 'tier_3': 4, 'tier_4': 3}"
2024-06-28T14:00:00,4311,19,"{'tier_0': 2, 'tier_1': 4, 'tier_2': 5, 'tier_3': 4, 'tier_4': 4}"
2024-06-28T15:00:00,4312,20,"{'tier_0': 2, 'tier_1': 5, 'tier_2': 6, 'tier_3': 4, 'tier_4': 3}"
2024-06-28T16:00:00,4313,20,"{'tier_0': 2, 'tier_1': 5, 'tier_2': 6, 'tier_3': 4, 'tier_4': 3}"
2024-06-28T17:00:00,4314,20,"{'tier_0': 2, 'tier_1': 4, 'tier_2': 6, 'tier_3': 4, 'tier_4': 4}"
2024-06-28T18:00:00,4315,19,"{'tier_0': 2, 'tier_1': 4, 'tier_2': 5, 'tier_3': 4, 'tier_4': 4}"
2024-06-28T19:00:00,4316,20,"{'tier_0': 3, 'tier_1': 3, 'tier_2': 6, 'tier_3': 4, 'tier_4': 4}"
2024-06-28T20:00:00,4317,19,"{'tier_0': 1, 'tier_1': 5, 'tier_2': 5, 'tier_3': 4, 'tier_4': 4}"
2024-06-28T21:00:00,4318,20,"{'tier_0': 2, 'tier_1': 4, 'tier_2': 6, 'tier_3': 4, 'tier_4': 4}"
2024-06-28T22:00:00,4319,19,"{'tier_0': 2, 'tier_1': 4, 'tier_2': 5, 'tier_3': 4, 'tier_4': 4}"
2024-06-28T23:00:00,4320,20,"{'tier_0': 2, 'tier_1': 5, 'tier_2': 6, 'tier_3': 4, 'tier_4': 3}"
2024-06-29T00:00:00,4321,19,"{'tier_0': 2, 'tier_1': 4, 'tier_2': 5, 'tier_3': 4, 'tier_4': 4}"
2024-06-29T01:00:00,4322,20,"{'tier_0': 2, 'tier_1': 4, 'tier_2': 6, 'tier_3': 4, 'tier_4': 4}"
2024-06-29T02:00:00,4323,18,"{'tier_0': 2, 'tier_1': 4, 'tier_2': 5, 'tier_3': 4, 'tier_4': 3}"
2024-06-29T03:00:00,4324,18,"{'tier_0': 2, 'tier_1': 4, 'tier_2': 5, 'tier_3': 4, 'tier_4': 3}"
2024-06-29T04:00:00,4325,20,"{'tier_0': 2, 'tier_1': 4, 'tier_2': 6, 'tier_3': 4, 'tier_4': 4}"
2024-06-29T05:00:00,4326,18,"{'tier_0': 2, 'tier_1': 4, 'tier_2': 5, 'tier_3': 4, 'tier_4': 3}"
2024-06-29T06:00:00,4327,20,"{'tier_0': 2, 'tier_1': 4, 'tier_2': 6, 'tier_3': 4, 'tier_4': 4}"
2024-06-29T07:00:00,4328,20,"{'tier_0': 3, 'tier_1': 4, 'tier_2': 6, 'tier_3': 4, 'tier_4': 3}"
2024-06-29T08:00:00,4329,21,"{'tier_0': 2, 'tier_1': 5, 'tier_2': 6, 'tier_3': 4, 'tier_4': 4}"
2024-06-29T09:00:00,4330,20,"{'tier_0': 2, 'tier_1': 4, 'tier_2': 6, 'tier_3': 4, 'tier_4': 4}"
2024-06-29T10:00:00,4331,20,"{'tier_0': 2, 'tier_1': 5, 'tier_2': 6, 'tier_3': 4, 'tier_4': 3}"
2024-06-29T11:00:00,4332,21,"{'tier_0': 3, 'tier_1': 4, 'tier_2': 6, 'tier_3': 4, 'tier_4': 4}"
2024-06-29T12:00:00,4333,20,"{'tier_0': 3, 'tier_1': 4, 'tier_2': 6, 'tier_3': 4, 'tier_4': 3}"
2024-06-29T13:00:00,4334,20,"{'tier_0': 2, 'tier_1': 5, 'tier_2': 6, 'tier_3': 4, 'tier_4': 3}"
2024-06-29T14:00:00,4335,19,"{'tier_0': 2, 'tier_1': 4, 'tier_2': 5, 'tier_3': 4, 'tier_4': 4}"
2024-06-29T15:00:00,4336,19,"{'tier_0': 2, 'tier_1': 4, 'tier_2': 6, 'tier_3': 4, 'tier_4': 3}"
2024-06-29T16:00:00,4337,20,"{'tier_0': 2, 'tier_1': 5, 'tier_2': 6, 'tier_3': 4, 'tier_4': 3}"
2024-06-29T17:00:00,4338,20,"{'tier_0': 3, 'tier_1': 4, 'tier_2': 6, 'tier_3': 4, 'tier_4': 3}"
2024-06-29T18:00:00,4339,20,"{'tier_0': 2, 'tier_1': 5, 'tier_2': 6, 'tier_3': 4, 'tier_4': 3}"
2024-06-29T19:00:00,4340,20,"{'tier_0': 2, 'tier_1': 5, 'tier_2': 6, 'tier_3': 4, 'tier_4': 3}"
2024-06-29T20:00:00,4341,19,"{'tier_0': 2, 'tier_1': 4, 'tier_2': 5, 'tier_3': 4, 'tier_4': 4}"
2024-06-29T21:00:00,4342,20,"{'tier_0': 2, 'tier_1': 5, 'tier_2': 6, 'tier_3': 4, 'tier_4': 3}"
2024-06-29T22:00:00,4343,20,"{'tier_0': 3, 'tier_1': 3, 'tier_2': 6, 'tier_3': 4, 'tier_4': 4}"
2024-06-29T23:00:00,4344,20,"{'tier_0': 3, 'tier_1': 3, 'tier_2': 6, 'tier_3': 4, 'tier_4': 4}"
2024-06-30T00:00:00,4345,20,"{'tier_0': 2, 'tier_1': 5, 'tier_2': 6, 'tier_3': 4, 'tier_4': 3}"
2024-06-30T01:00:00,4346,21,"{'tier_0': 2, 'tier_1': 5, 'tier_2': 6, 'tier_3': 4, 'tier_4': 4}"
2024-06-30T02:00:00,4347,18,"{'tier_0': 2, 'tier_1': 4, 'tier_2': 5, 'tier_3': 4, 'tier_4': 3}"
2024-06-30T03:00:00,4348,18,"{'tier_0': 2, 'tier_1': 4, 'tier_2': 5, 'tier_3': 4, 'tier_4': 3}"
2024-06-30T04:00:00,4349,20,"{'tier_0': 2, 'tier_1': 5, 'tier_2': 6, 'tier_3': 4, 'tier_4': 3}"
2024-06-30T05:00:00,4350,21,"{'tier_0': 2, 'tier_1': 4, 'tier_2': 6, 'tier_3': 5, 'tier_4': 4}"
2024-06-30T06:00:00,4351,20,"{'tier_0': 2, 'tier_1': 5, 'tier_2': 6, 'tier_3': 4, 'tier_4': 3}"
2024-06-30T07:00:00,4352,20,"{'tier_0': 2, 'tier_1': 4, 'tier_2': 6, 'tier_3': 4, 'tier_4': 4}"
2024-06-30T08:00:00,4353,21,"{'tier_0': 2, 'tier_1': 4, 'tier_2': 6, 'tier_3': 5, 'tier_4': 4}"
2024-06-30T09:00:00,4354,20,"{'tier_0': 2, 'tier_1': 5, 'tier_2': 6, 'tier_3': 4, 'tier_4': 3}"
2024-06-30T10:00:00,4355,18,"{'tier_0': 2, 'tier_1': 4, 'tier_2': 5, 'tier_3': 4, 'tier_4': 3}"
2024-06-30T11:00:00,4356,20,"{'tier_0': 2, 'tier_1': 4, 'tier_2': 6, 'tier_3': 4, 'tier_4': 4}"
2024-06-30T12:00:00,4357,21,"{'tier_0': 3, 'tier_1': 4, 'tier_2': 6, 'tier_3': 4, 'tier_4': 4}"
2024-06-30T13:00:00,4358,20,"{'tier_0': 2, 'tier_1': 5, 'tier_2': 6, 'tier_3': 4, 'tier_4': 3}"
2024-06-30T14:00:00,4359,21,"{'tier_0': 2, 'tier_1': 5, 'tier_2': 6, 'tier_3': 4, 'tier_4': 4}"
2024-06-30T15:00:00,4360,20,"{'tier_0': 2, 'tier_1': 5, 'tier_2': 6, 'tier_3': 4, 'tier_4': 3}"
2024-06-30T16:00:00,4361,21,"{'tier_0': 2, 'tier_1': 5, 'tier_2': 6, 'tier_3': 4, 'tier_4': 4}"
2024-06-30T17:00:00,4362,20,"{'tier_0': 2, 'tier_1': 4, 'tier_2': 6, 'tier_3': 4, 'tier_4': 4}"
2024-06-30T18:00:00,4363,20,"{'tier_0': 2, 'tier_1': 4, 'tier_2': 6, 'tier_3': 4, 'tier_4': 4}"
2024-06-30T19:00:00,4364,20,"{'tier_0': 2, 'tier_1': 4, 'tier_2': 6, 'tier_3': 4, 'tier_4': 4}"
2024-06-30T20:00:00,4365,21,"{'tier_0': 2, 'tier_1': 5, 'tier_2': 6, 'tier_3': 4, 'tier_4': 4}"
2024-06-30T21:00:00,4366,20,"{'tier_0': 2, 'tier_1': 5, 'tier_2': 6, 'tier_3': 4, 'tier_4': 3}"
2024-06-30T22:00:00,4367,20,"{'tier_0': 2, 'tier_1': 4, 'tier_2': 6, 'tier_3': 4, 'tier_4': 4}"
2024-06-30T23:00:00,4368,20,"{'tier_0': 2, 'tier_1': 4, 'tier_2': 6, 'tier_3': 4, 'tier_4': 4}"
2024-07-01T00:00:00,4369,20,"{'tier_0': 2, 'tier_1': 5, 'tier_2': 6, 'tier_3': 4, 'tier_4': 3}"
2024-07-01T01:00:00,4370,21,"{'tier_0': 2, 'tier_1': 5, 'tier_2': 6, 'tier_3': 4, 'tier_4': 4}"
2024-07-01T02:00:00,4371,20,"{'tier_0': 2, 'tier_1': 5, 'tier_2': 6, 'tier_3': 4, 'tier_4': 3}"
2024-07-01T03:00:00,4372,20,"{'tier_0': 2, 'tier_1': 5, 'tier_2': 6, 'tier_3': 4, 'tier_4': 3}"
2024-07-01T04:00:00,4373,20,"{'tier_0': 3, 'tier_1': 3, 'tier_2': 6, 'tier_3': 4, 'tier_4': 4}"
2024-07-01T05:00:00,4374,21,"{'tier_0': 2, 'tier_1': 5, 'tier_2': 6, 'tier_3': 4, 'tier_4': 4}"
2024-07-01T06:00:00,4375,18,"{'tier_0': 2, 'tier_1': 4, 'tier_2': 5, 'tier_3': 4, 'tier_4': 3}"
2024-07-01T07:00:00,4376,20,"{'tier_0': 2, 'tier_1': 5, 'tier_2': 6, 'tier_3': 4, 'tier_4': 3}"
2024-07-01T08:00:00,4377,20,"{'tier_0': 2, 'tier_1': 4, 'tier_2': 6, 'tier_3': 4, 'tier_4': 4}"
2024-07-01T09:00:00,4378,20,"{'tier_0': 2, 'tier_1': 5, 'tier_2': 6, 'tier_3': 4, 'tier_4': 3}"
2024-07-01T10:00:00,4379,20,"{'tier_0': 3, 'tier_1': 3, 'tier_2': 6, 'tier_3': 4, 'tier_4': 4}"
2024-07-01T11:00:00,4380,19,"{'tier_0': 2, 'tier_1': 4, 'tier_2': 6, 'tier_3': 4, 'tier_4': 3}"
2024-07-01T12:00:00,4381,21,"{'tier_0': 2, 'tier_1': 5, 'tier_2': 6, 'tier_3': 4, 'tier_4': 4}"
2024-07-01T13:00:00,4382,19,"{'tier_0': 2, 'tier_1': 4, 'tier_2': 6, 'tier_3': 4, 'tier_4': 3}"
2024-07-01T14:00:00,4383,20,"{'tier_0': 2, 'tier_1': 5, 'tier_2': 6, 'tier_3': 4, 'tier_4': 3}"
2024-07-01T15:00:00,4384,20,"{'tier_0': 2, 'tier_1': 4, 'tier_2': 6, 'tier_3': 4, 'tier_4': 4}"
2024-07-01T16:00:00,4385,20,"{'tier_0': 2, 'tier_1': 5, 'tier_2': 6, 'tier_3': 4, 'tier_4': 3}"
2024-07-01T17:00:00,4386,20,"{'tier_0': 2, 'tier_1': 5, 'tier_2': 6, 'tier_3': 4, 'tier_4': 3}"
2024-07-01T18:00:00,4387,21,"{'tier_0': 2, 'tier_1': 5, 'tier_2': 6, 'tier_3': 4, 'tier_4': 4}"
2024-07-01T19:00:00,4388,20,"{'tier_0': 2, 'tier_1': 4, 'tier_2': 6, 'tier_3': 4, 'tier_4': 4}"
2024-07-01T20:00:00,4389,20,"{'tier_0': 2, 'tier_1': 4, 'tier_2': 6, 'tier_3': 4, 'tier_4': 4}"
2024-07-01T21:00:00,4390,20,"{'tier_0': 2, 'tier_1': 5, 'tier_2': 6, 'tier_3': 4, 'tier_4': 3}"
2024-07-01T22:00:00,4391,18,"{'tier_0': 2, 'tier_1': 4, 'tier_2': 5, 'tier_3': 4, 'tier_4': 3}"
2024-07-01T23:00:00,4392,19,"{'tier_0': 1, 'tier_1': 5, 'tier_2': 5, 'tier_3': 4, 'tier_4': 4}"
2024-07-02T00:00:00,4393,19,"{'tier_0': 2, 'tier_1': 4, 'tier_2': 5, 'tier_3': 4, 'tier_4': 4}"
2024-07-02T01:00:00,4394,21,"{'tier_0': 2, 'tier_1': 5, 'tier_2': 6, 'tier_3': 4, 'tier_4': 4}"
2024-07-02T02:00:00,4395,20,"{'tier_0': 2, 'tier_1': 5, 'tier_2': 6, 'tier_3': 4, 'tier_4': 3}"
2024-07-02T03:00:00,4396,21,"{'tier_0': 2, 'tier_1': 5, 'tier_2': 6, 'tier_3': 4, 'tier_4': 4}"
2024-07-02T04:00:00,4397,20,"{'tier_0': 2, 'tier_1': 5, 'tier_2': 6, 'tier_3': 4, 'tier_4': 3}"
2024-07-02T05:00:00,4398,20,"{'tier_0': 2, 'tier_1': 5, 'tier_2': 6, 'tier_3': 4, 'tier_4': 3}"
2024-07-02T06:00:00,4399,20,"{'tier_0': 2, 'tier_1': 5, 'tier_2': 6, 'tier_3': 4, 'tier_4': 3}"
2024-07-02T07:00:00,4400,21,"{'tier_0': 3, 'tier_1': 4, 'tier_2': 6, 'tier_3': 4, 'tier_4': 4}"
2024-07-02T08:00:00,4401,20,"{'tier_0': 2, 'tier_1': 4, 'tier_2': 6, 'tier_3': 4, 'tier_4': 4}"
2024-07-02T09:00:00,4402,20,"{'tier_0': 2, 'tier_1': 5, 'tier_2': 6, 'tier_3': 4, 'tier_4': 3}"
2024-07-02T10:00:00,4403,19,"{'tier_0': 2, 'tier_1': 4, 'tier_2': 5, 'tier_3': 4, 'tier_4': 4}"
2024-07-02T11:00:00,4404,20,"{'tier_0': 3, 'tier_1': 4, 'tier_2': 6, 'tier_3': 4, 'tier_4': 3}"
2024-07-02T12:00:00,4405,18,"{'tier_0': 2, 'tier_1': 4, 'tier_2': 5, 'tier_3': 4, 'tier_4': 3}"
2024-07-02T13:00:00,4406,20,"{'tier_0': 2, 'tier_1': 5, 'tier_2': 6, 'tier_3': 4, 'tier_4': 3}"
2024-07-02T14:00:00,4407,20,"{'tier_0': 2, 'tier_1': 5, 'tier_2': 6, 'tier_3': 4, 'tier_4': 3}"
2024-07-02T15:00:00,4408,20,"{'tier_0': 2, 'tier_1': 4, 'tier_2': 6, 'tier_3': 4, 'tier_4': 4}"
2024-07-02T16:00:00,4409,20,"{'tier_0': 2, 'tier_1': 5, 'tier_2': 6, 'tier_3': 4, 'tier_4': 3}"
2024-07-02T17:00:00,4410,20,"{'tier_0': 2, 'tier_1': 5, 'tier_2': 6, 'tier_3': 4, 'tier_4': 3}"
2024-07-02T18:00:00,4411,20,"{'tier_0': 2, 'tier_1': 5, 'tier_2': 6, 'tier_3': 4, 'tier_4': 3}"
2024-07-02T19:00:00,4412,21,"{'tier_0': 2, 'tier_1': 5, 'tier_2': 6, 'tier_3': 4, 'tier_4': 4}"
2024-07-02T20:00:00,4413,20,"{'tier_0': 2, 'tier_1': 5, 'tier_2': 6, 'tier_3': 4, 'tier_4': 3}"
2024-07-02T21:00:00,4414,20,"{'tier_0': 2, 'tier_1': 5, 'tier_2': 6, 'tier_3': 4, 'tier_4': 3}"
2024-07-02T22:00:00,4415,20,"{'tier_0': 2, 'tier_1': 5, 'tier_2': 6, 'tier_3': 4, 'tier_4': 3}"
2024-07-02T23:00:00,4416,20,"{'tier_0': 3, 'tier_1': 3, 'tier_2': 6, 'tier_3': 4, 'tier_4': 4}"
2024-07-03T00:00:00,4417,21,"{'tier_0': 2, 'tier_1': 5, 'tier_2': 6, 'tier_3': 5, 'tier_4': 3}"
2024-07-03T01:00:00,4418,20,"{'tier_0': 2, 'tier_1': 4, 'tier_2': 6, 'tier_3': 4, 'tier_4': 4}"
2024-07-03T02:00:00,4419,21,"{'tier_0': 2, 'tier_1': 4, 'tier_2': 6, 'tier_3': 5, 'tier_4': 4}"
2024-07-03T03:00:00,4420,20,"{'tier_0': 2, 'tier_1': 5, 'tier_2': 6, 'tier_3': 4, 'tier_4': 3}"
2024-07-03T04:00:00,4421,20,"{'tier_0': 2, 'tier_1': 4, 'tier_2': 6, 'tier_3': 4, 'tier_4': 4}"
2024-07-03T05:00:00,4422,20,"{'tier_0': 2, 'tier_1': 5, 'tier_2': 6, 'tier_3': 4, 'tier_4': 3}"
2024-07-03T06:00:00,4423,21,"{'tier_0': 2, 'tier_1': 5, 'tier_2': 6, 'tier_3': 5, 'tier_4': 3}"
2024-07-03T07:00:00,4424,20,"{'tier_0': 2, 'tier_1': 5, 'tier_2': 6, 'tier_3': 4, 'tier_4': 3}"
2024-07-03T08:00:00,4425,18,"{'tier_0': 2, 'tier_1': 4, 'tier_2': 5, 'tier_3': 4, 'tier_4': 3}"
2024-07-03T09:00:00,4426,20,"{'tier_0': 2, 'tier_1': 5, 'tier_2': 6, 'tier_3': 4, 'tier_4': 3}"
2024-07-03T10:00:00,4427,18,"{'tier_0': 2, 'tier_1': 4, 'tier_2': 5, 'tier_3': 4, 'tier_4': 3}"
2024-07-03T11:00:00,4428,20,"{'tier_0': 2, 'tier_1': 4, 'tier_2': 6, 'tier_3': 4, 'tier_4': 4}"
2024-07-03T12:00:00,4429,20,"{'tier_0': 2, 'tier_1': 4, 'tier_2': 6, 'tier_3': 4, 'tier_4': 4}"
2024-07-03T13:00:00,4430,18,"{'tier_0': 2, 'tier_1': 4, 'tier_2': 5, 'tier_3': 4, 'tier_4': 3}"
2024-07-03T14:00:00,4431,21,"{'tier_0': 3, 'tier_1': 4, 'tier_2': 6, 'tier_3': 4, 'tier_4': 4}"
2024-07-03T15:00:00,4432,20,"{'tier_0': 2, 'tier_1': 4, 'tier_2': 6, 'tier_3': 4, 'tier_4': 4}"
2024-07-03T16:00:00,4433,20,"{'tier_0': 2, 'tier_1': 4, 'tier_2': 6, 'tier_3': 4, 'tier_4': 4}"
2024-07-03T17:00:00,4434,20,"{'tier_0': 2, 'tier_1': 5, 'tier_2': 6, 'tier_3': 4, 'tier_4': 3}"
2024-07-03T18:00:00,4435,20,"{'tier_0': 2, 'tier_1': 4, 'tier_2': 6, 'tier_3': 4, 'tier_4': 4}"
2024-07-03T19:00:00,4436,20,"{'tier_0': 2, 'tier_1': 5, 'tier_2': 6, 'tier_3': 4, 'tier_4': 3}"
2024-07-03T20:00:00,4437,18,"{'tier_0': 2, 'tier_1': 4, 'tier_2': 5, 'tier_3': 4, 'tier_4': 3}"
2024-07-03T21:00:00,4438,20,"{'tier_0': 3, 'tier_1': 4, 'tier_2': 6, 'tier_3': 4, 'tier_4': 3}"
2024-07-03T22:00:00,4439,21,"{'tier_0': 2, 'tier_1': 5, 'tier_2': 6, 'tier_3': 4, 'tier_4': 4}"
2024-07-03T23:00:00,4440,20,"{'tier_0': 2, 'tier_1': 5, 'tier_2': 6, 'tier_3': 4, 'tier_4': 3}"
2024-07-04T00:00:00,4441,20,"{'tier_0': 3, 'tier_1': 3, 'tier_2': 6, 'tier_3': 4, 'tier_4': 4}"
2024-07-04T01:00:00,4442,20,"{'tier_0': 2, 'tier_1': 4, 'tier_2': 6, 'tier_3': 4, 'tier_4': 4}"
2024-07-04T02:00:00,4443,20,"{'tier_0': 2, 'tier_1': 5, 'tier_2': 6, 'tier_3': 4, 'tier_4': 3}"
2024-07-04T03:00:00,4444,20,"{'tier_0': 2, 'tier_1': 5, 'tier_2': 6, 'tier_3': 4, 'tier_4': 3}"
2024-07-04T04:00:00,4445,19,"{'tier_0': 3, 'tier_1': 3, 'tier_2': 5, 'tier_3': 4, 'tier_4': 4}"
2024-07-04T05:00:00,4446,20,"{'tier_0': 2, 'tier_1': 4, 'tier_2': 6, 'tier_3': 4, 'tier_4': 4}"
2024-07-04T06:00:00,4447,20,"{'tier_0': 2, 'tier_1': 5, 'tier_2': 6, 'tier_3': 4, 'tier_4': 3}"
2024-07-04T07:00:00,4448,21,"{'tier_0': 3, 'tier_1': 4, 'tier_2': 6, 'tier_3': 4, 'tier_4': 4}"
2024-07-04T08:00:00,4449,20,"{'tier_0': 2, 'tier_1': 5, 'tier_2': 6, 'tier_3': 4, 'tier_4': 3}"
2024-07-04T09:00:00,4450,20,"{'tier_0': 2, 'tier_1': 5, 'tier_2': 6, 'tier_3': 4, 'tier_4': 3}"
2024-07-04T10:00:00,4451,20,"{'tier_0': 2, 'tier_1': 4, 'tier_2': 6, 'tier_3': 4, 'tier_4': 4}"
2024-07-04T11:00:00,4452,19,"{'tier_0': 2, 'tier_1': 4, 'tier_2': 6, 'tier_3': 4, 'tier_4': 3}"
2024-07-04T12:00:00,4453,20,"{'tier_0': 2, 'tier_1': 5, 'tier_2': 6, 'tier_3': 4, 'tier_4': 3}"
2024-07-04T13:00:00,4454,18,"{'tier_0': 2, 'tier_1': 4, 'tier_2': 5, 'tier_3': 4, 'tier_4': 3}"
2024-07-04T14:00:00,4455,21,"{'tier_0': 2, 'tier_1': 5, 'tier_2': 6, 'tier_3': 4, 'tier_4': 4}"
2024-07-04T15:00:00,4456,21,"{'tier_0': 2, 'tier_1': 5, 'tier_2': 6, 'tier_3': 4, 'tier_4': 4}"
2024-07-04T16:00:00,4457,21,"{'tier_0': 2, 'tier_1': 5, 'tier_2': 6, 'tier_3': 4, 'tier_4': 4}"
2024-07-04T17:00:00,4458,20,"{'tier_0': 3, 'tier_1': 4, 'tier_2': 6, 'tier_3': 4, 'tier_4': 3}"
2024-07-04T18:00:00,4459,20,"{'tier_0': 2, 'tier_1': 4, 'tier_2': 6, 'tier_3': 4, 'tier_4': 4}"
2024-07-04T19:00:00,4460,20,"{'tier_0': 2, 'tier_1': 4, 'tier_2': 6, 'tier_3': 4, 'tier_4': 4}"
2024-07-04T20:00:00,4461,20,"{'tier_0': 3, 'tier_1': 4, 'tier_2': 6, 'tier_3': 4, 'tier_4': 3}"
2024-07-04T21:00:00,4462,21,"{'tier_0': 3, 'tier_1': 4, 'tier_2': 6, 'tier_3': 4, 'tier_4': 4}"
2024-07-04T22:00:00,4463,20,"{'tier_0': 3, 'tier_1': 4, 'tier_2': 6, 'tier_3': 4, 'tier_4': 3}"
2024-07-04T23:00:00,4464,21,"{'tier_0': 2, 'tier_1': 5, 'tier_2': 6, 'tier_3': 4, 'tier_4': 4}"
2024-07-05T00:00:00,4465,20,"{'tier_0': 2, 'tier_1': 4, 'tier_2': 6, 'tier_3': 4, 'tier_4': 4}"
2024-07-05T01:00:00,4466,20,"{'tier_0': 3, 'tier_1': 4, 'tier_2': 6, 'tier_3': 4, 'tier_4': 3}"
2024-07-05T02:00:00,4467,20,"{'tier_0': 2, 'tier_1': 4, 'tier_2': 6, 'tier_3': 4, 'tier_4': 4}"
2024-07-05T03:00:00,4468,19,"{'tier_0': 2, 'tier_1': 4, 'tier_2': 5, 'tier_3': 4, 'tier_4': 4}"
2024-07-05T04:00:00,4469,20,"{'tier_0': 2, 'tier_1': 4, 'tier_2': 6, 'tier_3': 4, 'tier_4': 4}"
2024-07-05T05:00:00,4470,20,"{'tier_0': 2, 'tier_1': 5, 'tier_2': 6, 'tier_3': 4, 'tier_4': 3}"
2024-07-05T06:00:00,4471,18,"{'tier_0': 2, 'tier_1': 4, 'tier_2': 5, 'tier_3': 4, 'tier_4': 3}"
2024-07-05T07:00:00,4472,20,"{'tier_0': 2, 'tier_1': 5, 'tier_2': 6, 'tier_3': 4, 'tier_4': 3}"
2024-07-05T08:00:00,4473,21,"{'tier_0': 2, 'tier_1': 4, 'tier_2': 6, 'tier_3': 5, 'tier_4': 4}"
2024-07-05T09:00:00,4474,20,"{'tier_0': 3, 'tier_1': 3, 'tier_2': 6, 'tier_3': 4, 'tier_4': 4}"
2024-07-05T10:00:00,4475,20,"{'tier_0': 3, 'tier_1': 4, 'tier_2': 6, 'tier_3': 4, 'tier_4': 3}"
2024-07-05T11:00:00,4476,19,"{'tier_0': 2, 'tier_1': 4, 'tier_2': 5, 'tier_3': 4, 'tier_4': 4}"
2024-07-05T12:00:00,4477,20,"{'tier_0': 2, 'tier_1': 5, 'tier_2': 6, 'tier_3': 4, 'tier_4': 3}"
2024-07-05T13:00:00,4478,21,"{'tier_0': 2, 'tier_1': 5, 'tier_2': 6, 'tier_3': 4, 'tier_4': 4}"
2024-07-05T14:00:00,4479,20,"{'tier_0': 2, 'tier_1': 4, 'tier_2': 6, 'tier_3': 4, 'tier_4': 4}"
2024-07-05T15:00:00,4480,20,"{'tier_0': 2, 'tier_1': 4, 'tier_2': 6, 'tier_3': 4, 'tier_4': 4}"
2024-07-05T16:00:00,4481,21,"{'tier_0': 2, 'tier_1': 5, 'tier_2': 6, 'tier_3': 4, 'tier_4': 4}"
2024-07-05T17:00:00,4482,19,"{'tier_0': 2, 'tier_1': 4, 'tier_2': 5, 'tier_3': 4, 'tier_4': 4}"
2024-07-05T18:00:00,4483,21,"{'tier_0': 2, 'tier_1': 5, 'tier_2': 6, 'tier_3': 4, 'tier_4': 4}"
2024-07-05T19:00:00,4484,20,"{'tier_0': 2, 'tier_1': 4, 'tier_2': 6, 'tier_3': 4, 'tier_4': 4}"
2024-07-05T20:00:00,4485,18,"{'tier_0': 2, 'tier_1': 4, 'tier_2': 5, 'tier_3': 4, 'tier_4': 3}"
2024-07-05T21:00:00,4486,19,"{'tier_0': 2, 'tier_1': 4, 'tier_2': 6, 'tier_3': 4, 'tier_4': 3}"
2024-07-05T22:00:00,4487,18,"{'tier_0': 2, 'tier_1': 4, 'tier_2': 5, 'tier_3': 4, 'tier_4': 3}"
2024-07-05T23:00:00,4488,20,"{'tier_0': 3, 'tier_1': 4, 'tier_2': 6, 'tier_3': 4, 'tier_4': 3}"
2024-07-06T00:00:00,4489,20,"{'tier_0': 2, 'tier_1': 4, 'tier_2': 6, 'tier_3': 4, 'tier_4': 4}"
2024-07-06T01:00:00,4490,19,"{'tier_0': 2, 'tier_1': 4, 'tier_2': 5, 'tier_3': 4, 'tier_4': 4}"
2024-07-06T02:00:00,4491,20,"{'tier_0': 2, 'tier_1': 4, 'tier_2': 6, 'tier_3': 4, 'tier_4': 4}"
2024-07-06T03:00:00,4492,21,"{'tier_0': 2, 'tier_1': 5, 'tier_2': 6, 'tier_3': 4, 'tier_4': 4}"
2024-07-06T04:00:00,4493,20,"{'tier_0': 2, 'tier_1': 4, 'tier_2': 6, 'tier_3': 4, 'tier_4': 4}"
2024-07-06T05:00:00,4494,21,"{'tier_0': 2, 'tier_1': 5, 'tier_2': 6, 'tier_3': 4, 'tier_4': 4}"
2024-07-06T06:00:00,4495,20,"{'tier_0': 2, 'tier_1': 4, 'tier_2': 6, 'tier_3': 4, 'tier_4': 4}"
2024-07-06T07:00:00,4496,21,"{'tier_0': 2, 'tier_1': 5, 'tier_2': 6, 'tier_3': 4, 'tier_4': 4}"
2024-07-06T08:00:00,4497,20,"{'tier_0': 2, 'tier_1': 5, 'tier_2': 6, 'tier_3': 4, 'tier_4': 3}"
2024-07-06T09:00:00,4498,20,"{'tier_0': 2, 'tier_1': 4, 'tier_2': 6, 'tier_3': 4, 'tier_4': 4}"
2024-07-06T10:00:00,4499,18,"{'tier_0': 2, 'tier_1': 4, 'tier_2': 5, 'tier_3': 4, 'tier_4': 3}"
2024-07-06T11:00:00,4500,21,"{'tier_0': 3, 'tier_1': 4, 'tier_2': 6, 'tier_3': 4, 'tier_4': 4}"
2024-07-06T12:00:00,4501,20,"{'tier_0': 2, 'tier_1': 5, 'tier_2': 6, 'tier_3': 4, 'tier_4': 3}"
2024-07-06T13:00:00,4502,20,"{'tier_0': 2, 'tier_1': 5, 'tier_2': 6, 'tier_3': 4, 'tier_4': 3}"
2024-07-06T14:00:00,4503,20,"{'tier_0': 2, 'tier_1': 4, 'tier_2': 6, 'tier_3': 4, 'tier_4': 4}"
2024-07-06T15:00:00,4504,21,"{'tier_0': 4, 'tier_1': 3, 'tier_2': 6, 'tier_3': 4, 'tier_4': 4}"
2024-07-06T16:00:00,4505,20,"{'tier_0': 2, 'tier_1': 4, 'tier_2': 6, 'tier_3': 4, 'tier_4': 4}"
2024-07-06T17:00:00,4506,21,"{'tier_0': 2, 'tier_1': 5, 'tier_2': 6, 'tier_3': 4, 'tier_4': 4}"
2024-07-06T18:00:00,4507,20,"{'tier_0': 2, 'tier_1': 4, 'tier_2': 6, 'tier_3': 4, 'tier_4': 4}"
2024-07-06T19:00:00,4508,20,"{'tier_0': 2, 'tier_1': 4, 'tier_2': 6, 'tier_3': 4, 'tier_4': 4}"
2024-07-06T20:00:00,4509,20,"{'tier_0': 2, 'tier_1': 5, 'tier_2': 6, 'tier_3': 4, 'tier_4': 3}"
2024-07-06T21:00:00,4510,20,"{'tier_0': 2, 'tier_1': 5, 'tier_2': 6, 'tier_3': 4, 'tier_4': 3}"
2024-07-06T22:00:00,4511,20,"{'tier_0': 2, 'tier_1': 4, 'tier_2': 6, 'tier_3': 4, 'tier_4': 4}"
2024-07-06T23:00:00,4512,20,"{'tier_0': 2, 'tier_1': 5, 'tier_2': 6, 'tier_3': 4, 'tier_4': 3}"
2024-07-07T00:00:00,4513,20,"{'tier_0': 2, 'tier_1': 5, 'tier_2': 6, 'tier_3': 4, 'tier_4': 3}"
2024-07-07T01:00:00,4514,21,"{'tier_0': 2, 'tier_1': 4, 'tier_2': 6, 'tier_3': 5, 'tier_4': 4}"
2024-07-07T02:00:00,4515,21,"{'tier_0': 2, 'tier_1': 4, 'tier_2': 6, 'tier_3': 5, 'tier_4': 4}"
2024-07-07T03:00:00,4516,19,"{'tier_0': 2, 'tier_1': 4, 'tier_2': 5, 'tier_3': 5, 'tier_4': 3}"
2024-07-07T04:00:00,4517,21,"{'tier_0': 2, 'tier_1': 5, 'tier_2': 6, 'tier_3': 4, 'tier_4': 4}"
2024-07-07T05:00:00,4518,20,"{'tier_0': 2, 'tier_1': 5, 'tier_2': 6, 'tier_3': 4, 'tier_4': 3}"
2024-07-07T06:00:00,4519,19,"{'tier_0': 2, 'tier_1': 4, 'tier_2': 6, 'tier_3': 4, 'tier_4': 3}"
2024-07-07T07:00:00,4520,20,"{'tier_0': 2, 'tier_1': 4, 'tier_2': 6, 'tier_3': 4, 'tier_4': 4}"
2024-07-07T08:00:00,4521,20,"{'tier_0': 3, 'tier_1': 4, 'tier_2': 6, 'tier_3': 4, 'tier_4': 3}"
2024-07-07T09:00:00,4522,19,"{'tier_0': 2, 'tier_1': 4, 'tier_2': 5, 'tier_3': 4, 'tier_4': 4}"
2024-07-07T10:00:00,4523,20,"{'tier_0': 2, 'tier_1': 4, 'tier_2': 6, 'tier_3': 4, 'tier_4': 4}"
2024-07-07T11:00:00,4524,21,"{'tier_0': 2, 'tier_1': 5, 'tier_2': 6, 'tier_3': 4, 'tier_4': 4}"
2024-07-07T12:00:00,4525,21,"{'tier_0': 2, 'tier_1': 5, 'tier_2': 6, 'tier_3': 4, 'tier_4': 4}"
2024-07-07T13:00:00,4526,21,"{'tier_0': 2, 'tier_1': 5, 'tier_2': 6, 'tier_3': 4, 'tier_4': 4}"
2024-07-07T14:00:00,4527,19,"{'tier_0': 3, 'tier_1': 3, 'tier_2': 5, 'tier_3': 4, 'tier_4': 4}"
2024-07-07T15:00:00,4528,20,"{'tier_0': 2, 'tier_1': 5, 'tier_2': 6, 'tier_3': 4, 'tier_4': 3}"
2024-07-07T16:00:00,4529,19,"{'tier_0': 2, 'tier_1': 4, 'tier_2': 5, 'tier_3': 4, 'tier_4': 4}"
2024-07-07T17:00:00,4530,21,"{'tier_0': 2, 'tier_1': 5, 'tier_2': 6, 'tier_3': 4, 'tier_4': 4}"
2024-07-07T18:00:00,4531,19,"{'tier_0': 2, 'tier_1': 4, 'tier_2': 5, 'tier_3': 4, 'tier_4': 4}"
2024-07-07T19:00:00,4532,19,"{'tier_0': 2, 'tier_1': 4, 'tier_2': 5, 'tier_3': 4, 'tier_4': 4}"
2024-07-07T20:00:00,4533,19,"{'tier_0': 2, 'tier_1': 4, 'tier_2': 5, 'tier_3': 4, 'tier_4': 4}"
2024-07-07T21:00:00,4534,21,"{'tier_0': 2, 'tier_1': 5, 'tier_2': 6, 'tier_3': 5, 'tier_4': 3}"
2024-07-07T22:00:00,4535,21,"{'tier_0': 2, 'tier_1': 5, 'tier_2': 6, 'tier_3': 4, 'tier_4': 4}"
2024-07-07T23:00:00,4536,20,"{'tier_0': 2, 'tier_1': 4, 'tier_2': 6, 'tier_3': 4, 'tier_4': 4}"
2024-07-08T00:00:00,4537,18,"{'tier_0': 2, 'tier_1': 4, 'tier_2': 5, 'tier_3': 4, 'tier_4': 3}"
2024-07-08T01:00:00,4538,20,"{'tier_0': 2, 'tier_1': 5, 'tier_2': 6, 'tier_3': 4, 'tier_4': 3}"
2024-07-08T02:00:00,4539,21,"{'tier_0': 2, 'tier_1': 5, 'tier_2': 6, 'tier_3': 4, 'tier_4': 4}"
2024-07-08T03:00:00,4540,19,"{'tier_0': 3, 'tier_1': 3, 'tier_2': 5, 'tier_3': 4, 'tier_4': 4}"
2024-07-08T04:00:00,4541,20,"{'tier_0': 3, 'tier_1': 4, 'tier_2': 6, 'tier_3': 4, 'tier_4': 3}"
2024-07-08T05:00:00,4542,20,"{'tier_0': 3, 'tier_1': 4, 'tier_2': 6, 'tier_3': 4, 'tier_4': 3}"
2024-07-08T06:00:00,4543,19,"{'tier_0': 2, 'tier_1': 4, 'tier_2': 6, 'tier_3': 4, 'tier_4': 3}"
2024-07-08T07:00:00,4544,20,"{'tier_0': 2, 'tier_1': 4, 'tier_2': 6, 'tier_3': 4, 'tier_4': 4}"
2024-07-08T08:00:00,4545,20,"{'tier_0': 3, 'tier_1': 3, 'tier_2': 6, 'tier_3': 4, 'tier_4': 4}"
2024-07-08T09:00:00,4546,19,"{'tier_0': 2, 'tier_1': 4, 'tier_2': 5, 'tier_3': 4, 'tier_4': 4}"
2024-07-08T10:00:00,4547,19,"{'tier_0': 2, 'tier_1': 4, 'tier_2': 6, 'tier_3': 4, 'tier_4': 3}"
2024-07-08T11:00:00,4548,20,"{'tier_0': 3, 'tier_1': 3, 'tier_2': 6, 'tier_3': 4, 'tier_4': 4}"
2024-07-08T12:00:00,4549,20,"{'tier_0': 2, 'tier_1': 5, 'tier_2': 6, 'tier_3': 4, 'tier_4': 3}"
2024-07-08T13:00:00,4550,20,"{'tier_0': 2, 'tier_1': 4, 'tier_2': 6, 'tier_3': 4, 'tier_4': 4}"
2024-07-08T14:00:00,4551,20,"{'tier_0': 2, 'tier_1': 5, 'tier_2': 6, 'tier_3': 4, 'tier_4': 3}"
2024-07-08T15:00:00,4552,20,"{'tier_0': 2, 'tier_1': 4, 'tier_2': 6, 'tier_3': 4, 'tier_4': 4}"
2024-07-08T16:00:00,4553,20,"{'tier_0': 3, 'tier_1': 3, 'tier_2': 6, 'tier_3': 4, 'tier_4': 4}"
2024-07-08T17:00:00,4554,18,"{'tier_0': 2, 'tier_1': 4, 'tier_2': 5, 'tier_3': 4, 'tier_4': 3}"
2024-07-08T18:00:00,4555,21,"{'tier_0': 3, 'tier_1': 4, 'tier_2': 6, 'tier_3': 4, 'tier_4': 4}"
2024-07-08T19:00:00,4556,19,"{'tier_0': 2, 'tier_1': 4, 'tier_2': 5, 'tier_3': 4, 'tier_4': 4}"
2024-07-08T20:00:00,4557,20,"{'tier_0': 2, 'tier_1': 5, 'tier_2': 6, 'tier_3': 4, 'tier_4': 3}"
2024-07-08T21:00:00,4558,19,"{'tier_0': 2, 'tier_1': 4, 'tier_2': 6, 'tier_3': 4, 'tier_4': 3}"
2024-07-08T22:00:00,4559,19,"{'tier_0': 2, 'tier_1': 4, 'tier_2': 5, 'tier_3': 4, 'tier_4': 4}"
2024-07-08T23:00:00,4560,20,"{'tier_0': 2, 'tier_1': 4, 'tier_2': 6, 'tier_3': 4, 'tier_4': 4}"
2024-07-09T00:00:00,4561,20,"{'tier_0': 2, 'tier_1': 4, 'tier_2': 6, 'tier_3': 4, 'tier_4': 4}"
2024-07-09T01:00:00,4562,21,"{'tier_0': 2, 'tier_1': 5, 'tier_2': 6, 'tier_3': 4, 'tier_4': 4}"
2024-07-09T02:00:00,4563,20,"{'tier_0': 2, 'tier_1': 4, 'tier_2': 6, 'tier_3': 4, 'tier_4': 4}"
2024-07-09T03:00:00,4564,20,"{'tier_0': 2, 'tier_1': 5, 'tier_2': 6, 'tier_3': 4, 'tier_4': 3}"
2024-07-09T04:00:00,4565,20,"{'tier_0': 2, 'tier_1': 4, 'tier_2': 6, 'tier_3': 4, 'tier_4': 4}"
2024-07-09T05:00:00,4566,20,"{'tier_0': 2, 'tier_1': 4, 'tier_2': 6, 'tier_3': 4, 'tier_4': 4}"
2024-07-09T06:00:00,4567,21,"{'tier_0': 2, 'tier_1': 5, 'tier_2': 6, 'tier_3': 4, 'tier_4': 4}"
2024-07-09T07:00:00,4568,20,"{'tier_0': 2, 'tier_1': 4, 'tier_2': 6, 'tier_3': 4, 'tier_4': 4}"
2024-07-09T08:00:00,4569,19,"{'tier_0': 2, 'tier_1': 4, 'tier_2': 5, 'tier_3': 4, 'tier_4': 4}"
2024-07-09T09:00:00,4570,21,"{'tier_0': 2, 'tier_1': 5, 'tier_2': 6, 'tier_3': 4, 'tier_4': 4}"
2024-07-09T10:00:00,4571,20,"{'tier_0': 2, 'tier_1': 4, 'tier_2': 6, 'tier_3': 4, 'tier_4': 4}"
2024-07-09T11:00:00,4572,20,"{'tier_0': 3, 'tier_1': 4, 'tier_2': 6, 'tier_3': 4, 'tier_4': 3}"
2024-07-09T12:00:00,4573,19,"{'tier_0': 1, 'tier_1': 5, 'tier_2': 5, 'tier_3': 4, 'tier_4': 4}"
2024-07-09T13:00:00,4574,18,"{'tier_0': 2, 'tier_1': 4, 'tier_2': 5, 'tier_3': 4, 'tier_4': 3}"
2024-07-09T14:00:00,4575,20,"{'tier_0': 2, 'tier_1': 4, 'tier_2': 6, 'tier_3': 4, 'tier_4': 4}"
2024-07-09T15:00:00,4576,20,"{'tier_0': 3, 'tier_1': 4, 'tier_2': 6, 'tier_3': 4, 'tier_4': 3}"
2024-07-09T16:00:00,4577,19,"{'tier_0': 2, 'tier_1': 4, 'tier_2': 5, 'tier_3': 4, 'tier_4': 4}"
2024-07-09T17:00:00,4578,21,"{'tier_0': 2, 'tier_1': 4, 'tier_2': 6, 'tier_3': 5, 'tier_4': 4}"
2024-07-09T18:00:00,4579,21,"{'tier_0': 2, 'tier_1': 5, 'tier_2': 6, 'tier_3': 4, 'tier_4': 4}"
2024-07-09T19:00:00,4580,20,"{'tier_0': 2, 'tier_1': 5, 'tier_2': 6, 'tier_3': 4, 'tier_4': 3}"
2024-07-09T20:00:00,4581,21,"{'tier_0': 4, 'tier_1': 3, 'tier_2': 6, 'tier_3': 4, 'tier_4': 4}"
2024-07-09T21:00:00,4582,20,"{'tier_0': 2, 'tier_1': 5, 'tier_2': 6, 'tier_3': 4, 'tier_4': 3}"
2024-07-09T22:00:00,4583,19,"{'tier_0': 1, 'tier_1': 5, 'tier_2': 5, 'tier_3': 4, 'tier_4': 4}"
2024-07-09T23:00:00,4584,21,"{'tier_0': 2, 'tier_1': 5, 'tier_2': 6, 'tier_3': 4, 'tier_4': 4}"
2024-07-10T00:00:00,4585,20,"{'tier_0': 2, 'tier_1': 5, 'tier_2': 6, 'tier_3': 4, 'tier_4': 3}"
2024-07-10T01:00:00,4586,20,"{'tier_0': 2, 'tier_1': 5, 'tier_2': 6, 'tier_3': 4, 'tier_4': 3}"
2024-07-10T02:00:00,4587,21,"{'tier_0': 2, 'tier_1': 5, 'tier_2': 6, 'tier_3': 4, 'tier_4': 4}"
2024-07-10T03:00:00,4588,20,"{'tier_0': 2, 'tier_1': 4, 'tier_2': 6, 'tier_3': 4, 'tier_4': 4}"
2024-07-10T04:00:00,4589,19,"{'tier_0': 2, 'tier_1': 4, 'tier_2': 6, 'tier_3': 4, 'tier_4': 3}"
2024-07-10T05:00:00,4590,20,"{'tier_0': 2, 'tier_1': 4, 'tier_2': 6, 'tier_3': 4, 'tier_4': 4}"
2024-07-10T06:00:00,4591,19,"{'tier_0': 2, 'tier_1': 4, 'tier_2': 6, 'tier_3': 4, 'tier_4': 3}"
2024-07-10T07:00:00,4592,19,"{'tier_0': 1, 'tier_1': 5, 'tier_2': 6, 'tier_3': 4, 'tier_4': 3}"
2024-07-10T08:00:00,4593,20,"{'tier_0': 2, 'tier_1': 5, 'tier_2': 6, 'tier_3': 4, 'tier_4': 3}"
2024-07-10T09:00:00,4594,20,"{'tier_0': 2, 'tier_1': 4, 'tier_2': 6, 'tier_3': 4, 'tier_4': 4}"
2024-07-10T10:00:00,4595,20,"{'tier_0': 2, 'tier_1': 4, 'tier_2': 6, 'tier_3': 4, 'tier_4': 4}"
2024-07-10T11:00:00,4596,21,"{'tier_0': 2, 'tier_1': 4, 'tier_2': 6, 'tier_3': 5, 'tier_4': 4}"
2024-07-10T12:00:00,4597,20,"{'tier_0': 2, 'tier_1': 5, 'tier_2': 6, 'tier_3': 4, 'tier_4': 3}"
2024-07-10T13:00:00,4598,19,"{'tier_0': 2, 'tier_1': 4, 'tier_2': 6, 'tier_3': 4, 'tier_4': 3}"
2024-07-10T14:00:00,4599,20,"{'tier_0': 2, 'tier_1': 4, 'tier_2': 6, 'tier_3': 4, 'tier_4': 4}"
2024-07-10T15:00:00,4600,18,"{'tier_0': 2, 'tier_1': 4, 'tier_2': 5, 'tier_3': 4, 'tier_4': 3}"
2024-07-10T16:00:00,4601,21,"{'tier_0': 2, 'tier_1': 4, 'tier_2': 6, 'tier_3': 5, 'tier_4': 4}"
2024-07-10T17:00:00,4602,20,"{'tier_0': 2, 'tier_1': 5, 'tier_2': 6, 'tier_3': 4, 'tier_4': 3}"
2024-07-10T18:00:00,4603,21,"{'tier_0': 2, 'tier_1': 4, 'tier_2': 6, 'tier_3': 4, 'tier_4': 5}"
2024-07-10T19:00:00,4604,20,"{'tier_0': 2, 'tier_1': 4, 'tier_2': 6, 'tier_3': 4, 'tier_4': 4}"
2024-07-10T20:00:00,4605,20,"{'tier_0': 2, 'tier_1': 5, 'tier_2': 6, 'tier_3': 4, 'tier_4': 3}"
2024-07-10T21:00:00,4606,20,"{'tier_0': 2, 'tier_1': 5, 'tier_2': 6, 'tier_3': 4, 'tier_4': 3}"
2024-07-10T22:00:00,4607,20,"{'tier_0': 2, 'tier_1': 4, 'tier_2': 6, 'tier_3': 4, 'tier_4': 4}"
2024-07-10T23:00:00,4608,20,"{'tier_0': 2, 'tier_1': 4, 'tier_2': 6, 'tier_3': 4, 'tier_4': 4}"
2024-07-11T00:00:00,4609,20,"{'tier_0': 2, 'tier_1': 5, 'tier_2': 6, 'tier_3': 4, 'tier_4': 3}"
2024-07-11T01:00:00,4610,21,"{'tier_0': 2, 'tier_1': 5, 'tier_2': 6, 'tier_3': 4, 'tier_4': 4}"
2024-07-11T02:00:00,4611,21,"{'tier_0': 2, 'tier_1': 5, 'tier_2': 6, 'tier_3': 5, 'tier_4': 3}"
2024-07-11T03:00:00,4612,21,"{'tier_0': 4, 'tier_1': 3, 'tier_2': 6, 'tier_3': 4, 'tier_4': 4}"
2024-07-11T04:00:00,4613,20,"{'tier_0': 2, 'tier_1': 4, 'tier_2': 6, 'tier_3': 4, 'tier_4': 4}"
2024-07-11T05:00:00,4614,20,"{'tier_0': 2, 'tier_1': 5, 'tier_2': 6, 'tier_3': 4, 'tier_4': 3}"
2024-07-11T06:00:00,4615,19,"{'tier_0': 2, 'tier_1': 4, 'tier_2': 6, 'tier_3': 4, 'tier_4': 3}"
2024-07-11T07:00:00,4616,20,"{'tier_0': 2, 'tier_1': 4, 'tier_2': 6, 'tier_3': 4, 'tier_4': 4}"
2024-07-11T08:00:00,4617,19,"{'tier_0': 2, 'tier_1': 4, 'tier_2': 5, 'tier_3': 4, 'tier_4': 4}"
2024-07-11T09:00:00,4618,19,"{'tier_0': 2, 'tier_1': 4, 'tier_2': 5, 'tier_3': 4, 'tier_4': 4}"
2024-07-11T10:00:00,4619,20,"{'tier_0': 3, 'tier_1': 4, 'tier_2': 6, 'tier_3': 4, 'tier_4': 3}"
2024-07-11T11:00:00,4620,18,"{'tier_0': 2, 'tier_1': 4, 'tier_2': 5, 'tier_3': 4, 'tier_4': 3}"
2024-07-11T12:00:00,4621,20,"{'tier_0': 2, 'tier_1': 4, 'tier_2': 6, 'tier_3': 4, 'tier_4': 4}"
2024-07-11T13:00:00,4622,20,"{'tier_0': 2, 'tier_1': 4, 'tier_2': 6, 'tier_3': 4, 'tier_4': 4}"
2024-07-11T14:00:00,4623,21,"{'tier_0': 2, 'tier_1': 4, 'tier_2': 6, 'tier_3': 4, 'tier_4': 5}"
2024-07-11T15:00:00,4624,20,"{'tier_0': 3, 'tier_1': 3, 'tier_2': 6, 'tier_3': 4, 'tier_4': 4}"
2024-07-11T16:00:00,4625,20,"{'tier_0': 2, 'tier_1': 4, 'tier_2': 6, 'tier_3': 4, 'tier_4': 4}"
2024-07-11T17:00:00,4626,21,"{'tier_0': 2, 'tier_1': 5, 'tier_2': 6, 'tier_3': 4, 'tier_4': 4}"
2024-07-11T18:00:00,4627,21,"{'tier_0': 2, 'tier_1': 5, 'tier_2': 6, 'tier_3': 4, 'tier_4': 4}"
2024-07-11T19:00:00,4628,20,"{'tier_0': 2, 'tier_1': 5, 'tier_2': 6, 'tier_3': 4, 'tier_4': 3}"
2024-07-11T20:00:00,4629,20,"{'tier_0': 3, 'tier_1': 4, 'tier_2': 6, 'tier_3': 4, 'tier_4': 3}"
2024-07-11T21:00:00,4630,19,"{'tier_0': 2, 'tier_1': 4, 'tier_2': 6, 'tier_3': 4, 'tier_4': 3}"
2024-07-11T22:00:00,4631,20,"{'tier_0': 2, 'tier_1': 5, 'tier_2': 6, 'tier_3': 4, 'tier_4': 3}"
2024-07-11T23:00:00,4632,20,"{'tier_0': 3, 'tier_1': 4, 'tier_2': 6, 'tier_3': 4, 'tier_4': 3}"
2024-07-12T00:00:00,4633,20,"{'tier_0': 2, 'tier_1': 5, 'tier_2': 6, 'tier_3': 4, 'tier_4': 3}"
2024-07-12T01:00:00,4634,20,"{'tier_0': 2, 'tier_1': 4, 'tier_2': 6, 'tier_3': 4, 'tier_4': 4}"
2024-07-12T02:00:00,4635,21,"{'tier_0': 2, 'tier_1': 4, 'tier_2': 6, 'tier_3': 5, 'tier_4': 4}"
2024-07-12T03:00:00,4636,20,"{'tier_0': 2, 'tier_1': 4, 'tier_2': 6, 'tier_3': 4, 'tier_4': 4}"
2024-07-12T04:00:00,4637,20,"{'tier_0': 2, 'tier_1': 5, 'tier_2': 6, 'tier_3': 4, 'tier_4': 3}"
2024-07-12T05:00:00,4638,20,"{'tier_0': 2, 'tier_1': 5, 'tier_2': 6, 'tier_3': 4, 'tier_4': 3}"
2024-07-12T06:00:00,4639,20,"{'tier_0': 2, 'tier_1': 4, 'tier_2': 6, 'tier_3': 4, 'tier_4': 4}"
2024-07-12T07:00:00,4640,20,"{'tier_0': 2, 'tier_1': 5, 'tier_2': 6, 'tier_3': 4, 'tier_4': 3}"
2024-07-12T08:00:00,4641,20,"{'tier_0': 2, 'tier_1': 5, 'tier_2': 6, 'tier_3': 4, 'tier_4': 3}"
2024-07-12T09:00:00,4642,21,"{'tier_0': 2, 'tier_1': 5, 'tier_2': 6, 'tier_3': 4, 'tier_4': 4}"
2024-07-12T10:00:00,4643,20,"{'tier_0': 2, 'tier_1': 5, 'tier_2': 6, 'tier_3': 4, 'tier_4': 3}"
2024-07-12T11:00:00,4644,20,"{'tier_0': 2, 'tier_1': 5, 'tier_2': 6, 'tier_3': 4, 'tier_4': 3}"
2024-07-12T12:00:00,4645,21,"{'tier_0': 3, 'tier_1': 4, 'tier_2': 6, 'tier_3': 4, 'tier_4': 4}"
2024-07-12T13:00:00,4646,18,"{'tier_0': 2, 'tier_1': 4, 'tier_2': 5, 'tier_3': 4, 'tier_4': 3}"
2024-07-12T14:00:00,4647,18,"{'tier_0': 2, 'tier_1': 4, 'tier_2': 5, 'tier_3': 4, 'tier_4': 3}"
2024-07-12T15:00:00,4648,20,"{'tier_0': 2, 'tier_1': 4, 'tier_2': 6, 'tier_3': 4, 'tier_4': 4}"
2024-07-12T16:00:00,4649,20,"{'tier_0': 2, 'tier_1': 4, 'tier_2': 6, 'tier_3': 4, 'tier_4': 4}"
2024-07-12T17:00:00,4650,20,"{'tier_0': 2, 'tier_1': 5, 'tier_2': 6, 'tier_3': 4, 'tier_4': 3}"
2024-07-12T18:00:00,4651,20,"{'tier_0': 2, 'tier_1': 4, 'tier_2': 6, 'tier_3': 4, 'tier_4': 4}"
2024-07-12T19:00:00,4652,20,"{'tier_0': 2, 'tier_1': 4, 'tier_2': 6, 'tier_3': 4, 'tier_4': 4}"
2024-07-12T20:00:00,4653,21,"{'tier_0': 2, 'tier_1': 5, 'tier_2': 6, 'tier_3': 4, 'tier_4': 4}"
2024-07-12T21:00:00,4654,20,"{'tier_0': 3, 'tier_1': 4, 'tier_2': 6, 'tier_3': 4, 'tier_4': 3}"
2024-07-12T22:00:00,4655,20,"{'tier_0': 3, 'tier_1': 3, 'tier_2': 6, 'tier_3': 4, 'tier_4': 4}"
2024-07-12T23:00:00,4656,20,"{'tier_0': 2, 'tier_1': 5, 'tier_2': 6, 'tier_3': 4, 'tier_4': 3}"
2024-07-13T00:00:00,4657,20,"{'tier_0': 2, 'tier_1': 5, 'tier_2': 6, 'tier_3': 4, 'tier_4': 3}"
2024-07-13T01:00:00,4658,19,"{'tier_0': 2, 'tier_1': 4, 'tier_2': 6, 'tier_3': 4, 'tier_4': 3}"
2024-07-13T02:00:00,4659,18,"{'tier_0': 2, 'tier_1': 4, 'tier_2': 5, 'tier_3': 4, 'tier_4': 3}"
2024-07-13T03:00:00,4660,20,"{'tier_0': 2, 'tier_1': 5, 'tier_2': 6, 'tier_3': 4, 'tier_4': 3}"
2024-07-13T04:00:00,4661,20,"{'tier_0': 2, 'tier_1': 4, 'tier_2': 6, 'tier_3': 4, 'tier_4': 4}"
2024-07-13T05:00:00,4662,20,"{'tier_0': 2, 'tier_1': 5, 'tier_2': 6, 'tier_3': 4, 'tier_4': 3}"
2024-07-13T06:00:00,4663,20,"{'tier_0': 2, 'tier_1': 5, 'tier_2': 6, 'tier_3': 4, 'tier_4': 3}"
2024-07-13T07:00:00,4664,20,"{'tier_0': 2, 'tier_1': 4, 'tier_2': 6, 'tier_3': 4, 'tier_4': 4}"
2024-07-13T08:00:00,4665,21,"{'tier_0': 2, 'tier_1': 5, 'tier_2': 6, 'tier_3': 4, 'tier_4': 4}"
2024-07-13T09:00:00,4666,21,"{'tier_0': 2, 'tier_1': 5, 'tier_2': 6, 'tier_3': 4, 'tier_4': 4}"
2024-07-13T10:00:00,4667,21,"{'tier_0': 4, 'tier_1': 3, 'tier_2': 6, 'tier_3': 4, 'tier_4': 4}"
2024-07-13T11:00:00,4668,20,"{'tier_0': 2, 'tier_1': 4, 'tier_2': 6, 'tier_3': 4, 'tier_4': 4}"
2024-07-13T12:00:00,4669,20,"{'tier_0': 2, 'tier_1': 5, 'tier_2': 6, 'tier_3': 4, 'tier_4': 3}"
2024-07-13T13:00:00,4670,19,"{'tier_0': 2, 'tier_1': 4, 'tier_2': 5, 'tier_3': 4, 'tier_4': 4}"
2024-07-13T14:00:00,4671,21,"{'tier_0': 2, 'tier_1': 5, 'tier_2': 6, 'tier_3': 5, 'tier_4': 3}"
2024-07-13T15:00:00,4672,20,"{'tier_0': 2, 'tier_1': 5, 'tier_2': 6, 'tier_3': 4, 'tier_4': 3}"
2024-07-13T16:00:00,4673,19,"{'tier_0': 2, 'tier_1': 4, 'tier_2': 5, 'tier_3': 4, 'tier_4': 4}"
2024-07-13T17:00:00,4674,20,"{'tier_0': 2, 'tier_1': 4, 'tier_2': 6, 'tier_3': 4, 'tier_4': 4}"
2024-07-13T18:00:00,4675,21,"{'tier_0': 2, 'tier_1': 5, 'tier_2': 6, 'tier_3': 4, 'tier_4': 4}"
2024-07-13T19:00:00,4676,21,"{'tier_0': 2, 'tier_1': 5, 'tier_2': 6, 'tier_3': 4, 'tier_4': 4}"
2024-07-13T20:00:00,4677,20,"{'tier_0': 2, 'tier_1': 4, 'tier_2': 6, 'tier_3': 4, 'tier_4': 4}"
2024-07-13T21:00:00,4678,20,"{'tier_0': 2, 'tier_1': 4, 'tier_2': 6, 'tier_3': 4, 'tier_4': 4}"
2024-07-13T22:00:00,4679,19,"{'tier_0': 2, 'tier_1': 4, 'tier_2': 5, 'tier_3': 4, 'tier_4': 4}"
2024-07-13T23:00:00,4680,20,"{'tier_0': 2, 'tier_1': 4, 'tier_2': 6, 'tier_3': 4, 'tier_4': 4}"
2024-07-14T00:00:00,4681,18,"{'tier_0': 2, 'tier_1': 4, 'tier_2': 5, 'tier_3': 4, 'tier_4': 3}"
2024-07-14T01:00:00,4682,19,"{'tier_0': 2, 'tier_1': 4, 'tier_2': 6, 'tier_3': 4, 'tier_4': 3}"
2024-07-14T02:00:00,4683,20,"{'tier_0': 2, 'tier_1': 4, 'tier_2': 6, 'tier_3': 4, 'tier_4': 4}"
2024-07-14T03:00:00,4684,20,"{'tier_0': 2, 'tier_1': 4, 'tier_2': 6, 'tier_3': 4, 'tier_4': 4}"
2024-07-14T04:00:00,4685,20,"{'tier_0': 2, 'tier_1': 4, 'tier_2': 6, 'tier_3': 4, 'tier_4': 4}"
2024-07-14T05:00:00,4686,20,"{'tier_0': 2, 'tier_1': 5, 'tier_2': 6, 'tier_3': 4, 'tier_4': 3}"
2024-07-14T06:00:00,4687,19,"{'tier_0': 2, 'tier_1': 4, 'tier_2': 5, 'tier_3': 4, 'tier_4': 4}"
2024-07-14T07:00:00,4688,21,"{'tier_0': 3, 'tier_1': 4, 'tier_2': 6, 'tier_3': 4, 'tier_4': 4}"
2024-07-14T08:00:00,4689,20,"{'tier_0': 2, 'tier_1': 5, 'tier_2': 6, 'tier_3': 4, 'tier_4': 3}"
2024-07-14T09:00:00,4690,20,"{'tier_0': 2, 'tier_1': 5, 'tier_2': 6, 'tier_3': 4, 'tier_4': 3}"
2024-07-14T10:00:00,4691,19,"{'tier_0': 1, 'tier_1': 5, 'tier_2': 5, 'tier_3': 4, 'tier_4': 4}"
2024-07-14T11:00:00,4692,21,"{'tier_0': 2, 'tier_1': 5, 'tier_2': 6, 'tier_3': 4, 'tier_4': 4}"
2024-07-14T12:00:00,4693,20,"{'tier_0': 2, 'tier_1': 5, 'tier_2': 6, 'tier_3': 4, 'tier_4': 3}"
2024-07-14T13:00:00,4694,20,"{'tier_0': 2, 'tier_1': 4, 'tier_2': 6, 'tier_3': 4, 'tier_4': 4}"
2024-07-14T14:00:00,4695,19,"{'tier_0': 2, 'tier_1': 4, 'tier_2': 5, 'tier_3': 4, 'tier_4': 4}"
2024-07-14T15:00:00,4696,21,"{'tier_0': 4, 'tier_1': 3, 'tier_2': 6, 'tier_3': 4, 'tier_4': 4}"
2024-07-14T16:00:00,4697,19,"{'tier_0': 2, 'tier_1': 4, 'tier_2': 6, 'tier_3': 4, 'tier_4': 3}"
2024-07-14T17:00:00,4698,20,"{'tier_0': 3, 'tier_1': 4, 'tier_2': 6, 'tier_3': 4, 'tier_4': 3}"
2024-07-14T18:00:00,4699,20,"{'tier_0': 2, 'tier_1': 4, 'tier_2': 6, 'tier_3': 4, 'tier_4': 4}"
2024-07-14T19:00:00,4700,20,"{'tier_0': 2, 'tier_1': 4, 'tier_2': 6, 'tier_3': 4, 'tier_4': 4}"
2024-07-14T20:00:00,4701,20,"{'tier_0': 2, 'tier_1': 4, 'tier_2': 6, 'tier_3': 4, 'tier_4': 4}"
2024-07-14T21:00:00,4702,20,"{'tier_0': 2, 'tier_1': 4, 'tier_2': 6, 'tier_3': 4, 'tier_4': 4}"
2024-07-14T22:00:00,4703,20,"{'tier_0': 2, 'tier_1': 5, 'tier_2': 6, 'tier_3': 4, 'tier_4': 3}"
2024-07-14T23:00:00,4704,20,"{'tier_0': 2, 'tier_1': 5, 'tier_2': 6, 'tier_3': 4, 'tier_4': 3}"
2024-07-15T00:00:00,4705,20,"{'tier_0': 3, 'tier_1': 4, 'tier_2': 6, 'tier_3': 4, 'tier_4': 3}"
2024-07-15T01:00:00,4706,20,"{'tier_0': 2, 'tier_1': 5, 'tier_2': 6, 'tier_3': 4, 'tier_4': 3}"
2024-07-15T02:00:00,4707,20,"{'tier_0': 2, 'tier_1': 4, 'tier_2': 6, 'tier_3': 4, 'tier_4': 4}"
2024-07-15T03:00:00,4708,20,"{'tier_0': 3, 'tier_1': 4, 'tier_2': 6, 'tier_3': 4, 'tier_4': 3}"
2024-07-15T04:00:00,4709,21,"{'tier_0': 2, 'tier_1': 5, 'tier_2': 6, 'tier_3': 4, 'tier_4': 4}"
2024-07-15T05:00:00,4710,20,"{'tier_0': 2, 'tier_1': 5, 'tier_2': 6, 'tier_3': 4, 'tier_4': 3}"
2024-07-15T06:00:00,4711,20,"{'tier_0': 2, 'tier_1': 4, 'tier_2': 6, 'tier_3': 4, 'tier_4': 4}"
2024-07-15T07:00:00,4712,20,"{'tier_0': 2, 'tier_1': 5, 'tier_2': 6, 'tier_3': 4, 'tier_4': 3}"
2024-07-15T08:00:00,4713,20,"{'tier_0': 2, 'tier_1': 5, 'tier_2': 6, 'tier_3': 4, 'tier_4': 3}"
2024-07-15T09:00:00,4714,19,"{'tier_0': 2, 'tier_1': 4, 'tier_2': 5, 'tier_3': 4, 'tier_4': 4}"
2024-07-15T10:00:00,4715,20,"{'tier_0': 2, 'tier_1': 4, 'tier_2': 6, 'tier_3': 4, 'tier_4': 4}"
2024-07-15T11:00:00,4716,18,"{'tier_0': 2, 'tier_1': 4, 'tier_2': 5, 'tier_3': 4, 'tier_4': 3}"
2024-07-15T12:00:00,4717,21,"{'tier_0': 2, 'tier_1': 5, 'tier_2': 6, 'tier_3': 5, 'tier_4': 3}"
2024-07-15T13:00:00,4718,21,"{'tier_0': 2, 'tier_1': 5, 'tier_2': 6, 'tier_3': 4, 'tier_4': 4}"
2024-07-15T14:00:00,4719,20,"{'tier_0': 2, 'tier_1': 5, 'tier_2': 6, 'tier_3': 4, 'tier_4': 3}"
2024-07-15T15:00:00,4720,20,"{'tier_0': 2, 'tier_1': 4, 'tier_2': 6, 'tier_3': 4, 'tier_4': 4}"
2024-07-15T16:00:00,4721,20,"{'tier_0': 2, 'tier_1': 4, 'tier_2': 6, 'tier_3': 4, 'tier_4': 4}"
2024-07-15T17:00:00,4722,20,"{'tier_0': 2, 'tier_1': 4, 'tier_2': 6, 'tier_3': 4, 'tier_4': 4}"
2024-07-15T18:00:00,4723,19,"{'tier_0': 2, 'tier_1': 4, 'tier_2': 6, 'tier_3': 4, 'tier_4': 3}"
2024-07-15T19:00:00,4724,20,"{'tier_0': 2, 'tier_1': 4, 'tier_2': 6, 'tier_3': 4, 'tier_4': 4}"
2024-07-15T20:00:00,4725,19,"{'tier_0': 2, 'tier_1': 4, 'tier_2': 5, 'tier_3': 4, 'tier_4': 4}"
2024-07-15T21:00:00,4726,20,"{'tier_0': 2, 'tier_1': 4, 'tier_2': 6, 'tier_3': 4, 'tier_4': 4}"
2024-07-15T22:00:00,4727,21,"{'tier_0': 2, 'tier_1': 5, 'tier_2': 6, 'tier_3': 5, 'tier_4': 3}"
2024-07-15T23:00:00,4728,21,"{'tier_0': 2, 'tier_1': 5, 'tier_2': 6, 'tier_3': 4, 'tier_4': 4}"
2024-07-16T00:00:00,4729,21,"{'tier_0': 2, 'tier_1': 5, 'tier_2': 6, 'tier_3': 4, 'tier_4': 4}"
2024-07-16T01:00:00,4730,20,"{'tier_0': 2, 'tier_1': 4, 'tier_2': 6, 'tier_3': 4, 'tier_4': 4}"
2024-07-16T02:00:00,4731,19,"{'tier_0': 2, 'tier_1': 4, 'tier_2': 6, 'tier_3': 4, 'tier_4': 3}"
2024-07-16T03:00:00,4732,20,"{'tier_0': 2, 'tier_1': 5, 'tier_2': 6, 'tier_3': 4, 'tier_4': 3}"
2024-07-16T04:00:00,4733,20,"{'tier_0': 2, 'tier_1': 4, 'tier_2': 6, 'tier_3': 4, 'tier_4': 4}"
2024-07-16T05:00:00,4734,20,"{'tier_0': 2, 'tier_1': 5, 'tier_2': 6, 'tier_3': 4, 'tier_4': 3}"
2024-07-16T06:00:00,4735,21,"{'tier_0': 3, 'tier_1': 4, 'tier_2': 6, 'tier_3': 4, 'tier_4': 4}"
2024-07-16T07:00:00,4736,20,"{'tier_0': 2, 'tier_1': 5, 'tier_2': 6, 'tier_3': 4, 'tier_4': 3}"
2024-07-16T08:00:00,4737,20,"{'tier_0': 2, 'tier_1': 4, 'tier_2': 6, 'tier_3': 4, 'tier_4': 4}"
2024-07-16T09:00:00,4738,20,"{'tier_0': 2, 'tier_1': 4, 'tier_2': 6, 'tier_3': 4, 'tier_4': 4}"
2024-07-16T10:00:00,4739,21,"{'tier_0': 2, 'tier_1': 4, 'tier_2': 6, 'tier_3': 5, 'tier_4': 4}"
2024-07-16T11:00:00,4740,20,"{'tier_0': 2, 'tier_1': 4, 'tier_2': 6, 'tier_3': 4, 'tier_4': 4}"
2024-07-16T12:00:00,4741,21,"{'tier_0': 2, 'tier_1': 5, 'tier_2': 6, 'tier_3': 4, 'tier_4': 4}"
2024-07-16T13:00:00,4742,20,"{'tier_0': 2, 'tier_1': 5, 'tier_2': 6, 'tier_3': 4, 'tier_4': 3}"
2024-07-16T14:00:00,4743,21,"{'tier_0': 2, 'tier_1': 5, 'tier_2': 6, 'tier_3': 4, 'tier_4': 4}"
2024-07-16T15:00:00,4744,20,"{'tier_0': 2, 'tier_1': 4, 'tier_2': 6, 'tier_3': 4, 'tier_4': 4}"
2024-07-16T16:00:00,4745,20,"{'tier_0': 2, 'tier_1': 5, 'tier_2': 6, 'tier_3': 4, 'tier_4': 3}"
2024-07-16T17:00:00,4746,19,"{'tier_0': 2, 'tier_1': 4, 'tier_2': 6, 'tier_3': 4, 'tier_4': 3}"
2024-07-16T18:00:00,4747,20,"{'tier_0': 2, 'tier_1': 5, 'tier_2': 6, 'tier_3': 4, 'tier_4': 3}"
2024-07-16T19:00:00,4748,20,"{'tier_0': 2, 'tier_1': 5, 'tier_2': 6, 'tier_3': 4, 'tier_4': 3}"
2024-07-16T20:00:00,4749,20,"{'tier_0': 2, 'tier_1': 5, 'tier_2': 6, 'tier_3': 4, 'tier_4': 3}"
2024-07-16T21:00:00,4750,20,"{'tier_0': 2, 'tier_1': 5, 'tier_2': 6, 'tier_3': 4, 'tier_4': 3}"
2024-07-16T22:00:00,4751,20,"{'tier_0': 2, 'tier_1': 5, 'tier_2': 6, 'tier_3': 4, 'tier_4': 3}"
2024-07-16T23:00:00,4752,18,"{'tier_0': 2, 'tier_1': 4, 'tier_2': 5, 'tier_3': 4, 'tier_4': 3}"
2024-07-17T00:00:00,4753,19,"{'tier_0': 2, 'tier_1': 4, 'tier_2': 6, 'tier_3': 4, 'tier_4': 3}"
2024-07-17T01:00:00,4754,19,"{'tier_0': 2, 'tier_1': 4, 'tier_2': 5, 'tier_3': 4, 'tier_4': 4}"
2024-07-17T02:00:00,4755,20,"{'tier_0': 2, 'tier_1': 5, 'tier_2': 6, 'tier_3': 4, 'tier_4': 3}"
2024-07-17T03:00:00,4756,21,"{'tier_0': 2, 'tier_1': 5, 'tier_2': 6, 'tier_3': 4, 'tier_4': 4}"
2024-07-17T04:00:00,4757,18,"{'tier_0': 1, 'tier_1': 5, 'tier_2': 5, 'tier_3': 4, 'tier_4': 3}"
2024-07-17T05:00:00,4758,21,"{'tier_0': 3, 'tier_1': 4, 'tier_2': 6, 'tier_3': 4, 'tier_4': 4}"
2024-07-17T06:00:00,4759,20,"{'tier_0': 2, 'tier_1': 4, 'tier_2': 6, 'tier_3': 4, 'tier_4': 4}"
2024-07-17T07:00:00,4760,19,"{'tier_0': 2, 'tier_1': 4, 'tier_2': 6, 'tier_3': 4, 'tier_4': 3}"
2024-07-17T08:00:00,4761,21,"{'tier_0': 2, 'tier_1': 5, 'tier_2': 6, 'tier_3': 5, 'tier_4': 3}"
2024-07-17T09:00:00,4762,21,"{'tier_0': 2, 'tier_1': 5, 'tier_2': 6, 'tier_3': 4, 'tier_4': 4}"
2024-07-17T10:00:00,4763,20,"{'tier_0': 2, 'tier_1': 4, 'tier_2': 6, 'tier_3': 4, 'tier_4': 4}"
2024-07-17T11:00:00,4764,20,"{'tier_0': 2, 'tier_1': 5, 'tier_2': 6, 'tier_3': 4, 'tier_4': 3}"
2024-07-17T12:00:00,4765,20,"{'tier_0': 3, 'tier_1': 4, 'tier_2': 6, 'tier_3': 4, 'tier_4': 3}"
2024-07-17T13:00:00,4766,20,"{'tier_0': 2, 'tier_1': 5, 'tier_2': 6, 'tier_3': 4, 'tier_4': 3}"
2024-07-17T14:00:00,4767,18,"{'tier_0': 2, 'tier_1': 4, 'tier_2': 5, 'tier_3': 4, 'tier_4': 3}"
2024-07-17T15:00:00,4768,20,"{'tier_0': 3, 'tier_1': 4, 'tier_2': 6, 'tier_3': 4, 'tier_4': 3}"
2024-07-17T16:00:00,4769,20,"{'tier_0': 2, 'tier_1': 4, 'tier_2': 5, 'tier_3': 5, 'tier_4': 4}"
2024-07-17T17:00:00,4770,19,"{'tier_0': 3, 'tier_1': 3, 'tier_2': 5, 'tier_3': 4, 'tier_4': 4}"
2024-07-17T18:00:00,4771,20,"{'tier_0': 2, 'tier_1': 4, 'tier_2': 6, 'tier_3': 4, 'tier_4': 4}"
2024-07-17T19:00:00,4772,18,"{'tier_0': 2, 'tier_1': 4, 'tier_2': 5, 'tier_3': 4, 'tier_4': 3}"
2024-07-17T20:00:00,4773,20,"{'tier_0': 2, 'tier_1': 5, 'tier_2': 6, 'tier_3': 4, 'tier_4': 3}"
2024-07-17T21:00:00,4774,20,"{'tier_0': 2, 'tier_1': 5, 'tier_2': 6, 'tier_3': 4, 'tier_4': 3}"
2024-07-17T22:00:00,4775,20,"{'tier_0': 2, 'tier_1': 4, 'tier_2': 5, 'tier_3': 5, 'tier_4': 4}"
2024-07-17T23:00:00,4776,19,"{'tier_0': 2, 'tier_1': 4, 'tier_2': 5, 'tier_3': 4, 'tier_4': 4}"
2024-07-18T00:00:00,4777,20,"{'tier_0': 2, 'tier_1': 4, 'tier_2': 6, 'tier_3': 4, 'tier_4': 4}"
2024-07-18T01:00:00,4778,20,"{'tier_0': 2, 'tier_1': 4, 'tier_2': 6, 'tier_3': 4, 'tier_4': 4}"
2024-07-18T02:00:00,4779,20,"{'tier_0': 3, 'tier_1': 4, 'tier_2': 6, 'tier_3': 4, 'tier_4': 3}"
2024-07-18T03:00:00,4780,20,"{'tier_0': 2, 'tier_1': 4, 'tier_2': 6, 'tier_3': 4, 'tier_4': 4}"
2024-07-18T04:00:00,4781,20,"{'tier_0': 2, 'tier_1': 5, 'tier_2': 6, 'tier_3': 4, 'tier_4': 3}"
2024-07-18T05:00:00,4782,18,"{'tier_0': 2, 'tier_1': 4, 'tier_2': 5, 'tier_3': 4, 'tier_4': 3}"
2024-07-18T06:00:00,4783,21,"{'tier_0': 2, 'tier_1': 4, 'tier_2': 6, 'tier_3': 5, 'tier_4': 4}"
2024-07-18T07:00:00,4784,20,"{'tier_0': 3, 'tier_1': 4, 'tier_2': 6, 'tier_3': 4, 'tier_4': 3}"
2024-07-18T08:00:00,4785,20,"{'tier_0': 2, 'tier_1': 4, 'tier_2': 6, 'tier_3': 4, 'tier_4': 4}"
2024-07-18T09:00:00,4786,21,"{'tier_0': 2, 'tier_1': 5, 'tier_2': 6, 'tier_3': 4, 'tier_4': 4}"
2024-07-18T10:00:00,4787,19,"{'tier_0': 2, 'tier_1': 4, 'tier_2': 5, 'tier_3': 4, 'tier_4': 4}"
2024-07-18T11:00:00,4788,20,"{'tier_0': 2, 'tier_1': 4, 'tier_2': 6, 'tier_3': 4, 'tier_4': 4}"
2024-07-18T12:00:00,4789,20,"{'tier_0': 2, 'tier_1': 5, 'tier_2': 6, 'tier_3': 4, 'tier_4': 3}"
2024-07-18T13:00:00,4790,21,"{'tier_0': 3, 'tier_1': 4, 'tier_2': 6, 'tier_3': 4, 'tier_4': 4}"
2024-07-18T14:00:00,4791,21,"{'tier_0': 2, 'tier_1': 5, 'tier_2': 6, 'tier_3': 4, 'tier_4': 4}"
2024-07-18T15:00:00,4792,20,"{'tier_0': 2, 'tier_1': 5, 'tier_2': 6, 'tier_3': 4, 'tier_4': 3}"
2024-07-18T16:00:00,4793,20,"{'tier_0': 3, 'tier_1': 3, 'tier_2': 6, 'tier_3': 4, 'tier_4': 4}"
2024-07-18T17:00:00,4794,20,"{'tier_0': 2, 'tier_1': 4, 'tier_2': 6, 'tier_3': 4, 'tier_4': 4}"
2024-07-18T18:00:00,4795,20,"{'tier_0': 2, 'tier_1': 4, 'tier_2': 6, 'tier_3': 4, 'tier_4': 4}"
2024-07-18T19:00:00,4796,19,"{'tier_0': 2, 'tier_1': 4, 'tier_2': 6, 'tier_3': 4, 'tier_4': 3}"
2024-07-18T20:00:00,4797,20,"{'tier_0': 2, 'tier_1': 4, 'tier_2': 6, 'tier_3': 4, 'tier_4': 4}"
2024-07-18T21:00:00,4798,19,"{'tier_0': 3, 'tier_1': 3, 'tier_2': 5, 'tier_3': 4, 'tier_4': 4}"
2024-07-18T22:00:00,4799,20,"{'tier_0': 3, 'tier_1': 3, 'tier_2': 6, 'tier_3': 4, 'tier_4': 4}"
2024-07-18T23:00:00,4800,20,"{'tier_0': 2, 'tier_1': 5, 'tier_2': 6, 'tier_3': 4, 'tier_4': 3}"
2024-07-19T00:00:00,4801,21,"{'tier_0': 2, 'tier_1': 5, 'tier_2': 6, 'tier_3': 4, 'tier_4': 4}"
2024-07-19T01:00:00,4802,20,"{'tier_0': 2, 'tier_1': 4, 'tier_2': 6, 'tier_3': 4, 'tier_4': 4}"
2024-07-19T02:00:00,4803,20,"{'tier_0': 2, 'tier_1': 4, 'tier_2': 6, 'tier_3': 4, 'tier_4': 4}"
2024-07-19T03:00:00,4804,21,"{'tier_0': 2, 'tier_1': 5, 'tier_2': 6, 'tier_3': 4, 'tier_4': 4}"
2024-07-19T04:00:00,4805,19,"{'tier_0': 2, 'tier_1': 4, 'tier_2': 6, 'tier_3': 4, 'tier_4': 3}"
2024-07-19T05:00:00,4806,18,"{'tier_0': 2, 'tier_1': 4, 'tier_2': 5, 'tier_3': 4, 'tier_4': 3}"
2024-07-19T06:00:00,4807,20,"{'tier_0': 2, 'tier_1': 5, 'tier_2': 6, 'tier_3': 4, 'tier_4': 3}"
2024-07-19T07:00:00,4808,20,"{'tier_0': 2, 'tier_1': 4, 'tier_2': 6, 'tier_3': 4, 'tier_4': 4}"
2024-07-19T08:00:00,4809,20,"{'tier_0': 3, 'tier_1': 4, 'tier_2': 6, 'tier_3': 4, 'tier_4': 3}"
2024-07-19T09:00:00,4810,20,"{'tier_0': 2, 'tier_1': 4, 'tier_2': 6, 'tier_3': 4, 'tier_4': 4}"
2024-07-19T10:00:00,4811,20,"{'tier_0': 2, 'tier_1': 5, 'tier_2': 6, 'tier_3': 4, 'tier_4': 3}"
2024-07-19T11:00:00,4812,21,"{'tier_0': 2, 'tier_1': 5, 'tier_2': 6, 'tier_3': 4, 'tier_4': 4}"
2024-07-19T12:00:00,4813,20,"{'tier_0': 2, 'tier_1': 4, 'tier_2': 6, 'tier_3': 4, 'tier_4': 4}"
2024-07-19T13:00:00,4814,20,"{'tier_0': 2, 'tier_1': 5, 'tier_2': 6, 'tier_3': 4, 'tier_4': 3}"
2024-07-19T14:00:00,4815,21,"{'tier_0': 2, 'tier_1': 5, 'tier_2': 6, 'tier_3': 4, 'tier_4': 4}"
2024-07-19T15:00:00,4816,19,"{'tier_0': 2, 'tier_1': 4, 'tier_2': 5, 'tier_3': 4, 'tier_4': 4}"
2024-07-19T16:00:00,4817,19,"{'tier_0': 2, 'tier_1': 4, 'tier_2': 5, 'tier_3': 4, 'tier_4': 4}"
2024-07-19T17:00:00,4818,19,"{'tier_0': 2, 'tier_1': 4, 'tier_2': 5, 'tier_3': 4, 'tier_4': 4}"
2024-07-19T18:00:00,4819,20,"{'tier_0': 3, 'tier_1': 4, 'tier_2': 6, 'tier_3': 4, 'tier_4': 3}"
2024-07-19T19:00:00,4820,20,"{'tier_0': 2, 'tier_1': 5, 'tier_2': 6, 'tier_3': 4, 'tier_4': 3}"
2024-07-19T20:00:00,4821,21,"{'tier_0': 2, 'tier_1': 5, 'tier_2': 6, 'tier_3': 4, 'tier_4': 4}"
2024-07-19T21:00:00,4822,20,"{'tier_0': 2, 'tier_1': 5, 'tier_2': 6, 'tier_3': 4, 'tier_4': 3}"
2024-07-19T22:00:00,4823,20,"{'tier_0': 2, 'tier_1': 4, 'tier_2': 6, 'tier_3': 4, 'tier_4': 4}"
2024-07-19T23:00:00,4824,20,"{'tier_0': 2, 'tier_1': 4, 'tier_2': 6, 'tier_3': 4, 'tier_4': 4}"
2024-07-20T00:00:00,4825,18,"{'tier_0': 2, 'tier_1': 4, 'tier_2': 5, 'tier_3': 4, 'tier_4': 3}"
2024-07-20T01:00:00,4826,20,"{'tier_0': 3, 'tier_1': 4, 'tier_2': 6, 'tier_3': 4, 'tier_4': 3}"
2024-07-20T02:00:00,4827,20,"{'tier_0': 2, 'tier_1': 4, 'tier_2': 6, 'tier_3': 4, 'tier_4': 4}"
2024-07-20T03:00:00,4828,21,"{'tier_0': 2, 'tier_1': 4, 'tier_2': 6, 'tier_3': 5, 'tier_4': 4}"
2024-07-20T04:00:00,4829,21,"{'tier_0': 2, 'tier_1': 5, 'tier_2': 6, 'tier_3': 4, 'tier_4': 4}"
2024-07-20T05:00:00,4830,20,"{'tier_0': 2, 'tier_1': 4, 'tier_2': 6, 'tier_3': 4, 'tier_4': 4}"
2024-07-20T06:00:00,4831,20,"{'tier_0': 2, 'tier_1': 4, 'tier_2': 6, 'tier_3': 4, 'tier_4': 4}"
2024-07-20T07:00:00,4832,20,"{'tier_0': 2, 'tier_1': 4, 'tier_2': 6, 'tier_3': 4, 'tier_4': 4}"
2024-07-20T08:00:00,4833,19,"{'tier_0': 2, 'tier_1': 4, 'tier_2': 5, 'tier_3': 4, 'tier_4': 4}"
2024-07-20T09:00:00,4834,20,"{'tier_0': 2, 'tier_1': 4, 'tier_2': 6, 'tier_3': 4, 'tier_4': 4}"
2024-07-20T10:00:00,4835,20,"{'tier_0': 2, 'tier_1': 4, 'tier_2': 6, 'tier_3': 4, 'tier_4': 4}"
2024-07-20T11:00:00,4836,20,"{'tier_0': 2, 'tier_1': 4, 'tier_2': 6, 'tier_3': 4, 'tier_4': 4}"
2024-07-20T12:00:00,4837,21,"{'tier_0': 2, 'tier_1': 5, 'tier_2': 6, 'tier_3': 4, 'tier_4': 4}"
2024-07-20T13:00:00,4838,20,"{'tier_0': 2, 'tier_1': 4, 'tier_2': 6, 'tier_3': 4, 'tier_4': 4}"
2024-07-20T14:00:00,4839,19,"{'tier_0': 2, 'tier_1': 4, 'tier_2': 5, 'tier_3': 4, 'tier_4': 4}"
2024-07-20T15:00:00,4840,20,"{'tier_0': 2, 'tier_1': 5, 'tier_2': 6, 'tier_3': 4, 'tier_4': 3}"
2024-07-20T16:00:00,4841,20,"{'tier_0': 2, 'tier_1': 4, 'tier_2': 6, 'tier_3': 4, 'tier_4': 4}"
2024-07-20T17:00:00,4842,19,"{'tier_0': 2, 'tier_1': 4, 'tier_2': 6, 'tier_3': 4, 'tier_4': 3}"
2024-07-20T18:00:00,4843,20,"{'tier_0': 2, 'tier_1': 4, 'tier_2': 6, 'tier_3': 4, 'tier_4': 4}"
2024-07-20T19:00:00,4844,20,"{'tier_0': 2, 'tier_1': 5, 'tier_2': 6, 'tier_3': 4, 'tier_4': 3}"
2024-07-20T20:00:00,4845,18,"{'tier_0': 2, 'tier_1': 4, 'tier_2': 5, 'tier_3': 4, 'tier_4': 3}"
2024-07-20T21:00:00,4846,20,"{'tier_0': 2, 'tier_1': 5, 'tier_2': 6, 'tier_3': 4, 'tier_4': 3}"
2024-07-20T22:00:00,4847,20,"{'tier_0': 2, 'tier_1': 5, 'tier_2': 6, 'tier_3': 4, 'tier_4': 3}"
2024-07-20T23:00:00,4848,18,"{'tier_0': 2, 'tier_1': 4, 'tier_2': 5, 'tier_3': 4, 'tier_4': 3}"
2024-07-21T00:00:00,4849,20,"{'tier_0': 2, 'tier_1': 4, 'tier_2': 6, 'tier_3': 4, 'tier_4': 4}"
2024-07-21T01:00:00,4850,20,"{'tier_0': 2, 'tier_1': 5, 'tier_2': 6, 'tier_3': 4, 'tier_4': 3}"
2024-07-21T02:00:00,4851,21,"{'tier_0': 3, 'tier_1': 4, 'tier_2': 6, 'tier_3': 4, 'tier_4': 4}"
2024-07-21T03:00:00,4852,20,"{'tier_0': 2, 'tier_1': 4, 'tier_2': 6, 'tier_3': 4, 'tier_4': 4}"
2024-07-21T04:00:00,4853,20,"{'tier_0': 2, 'tier_1': 5, 'tier_2': 6, 'tier_3': 4, 'tier_4': 3}"
2024-07-21T05:00:00,4854,20,"{'tier_0': 2, 'tier_1': 4, 'tier_2': 6, 'tier_3': 4, 'tier_4': 4}"
2024-07-21T06:00:00,4855,19,"{'tier_0': 2, 'tier_1': 4, 'tier_2': 5, 'tier_3': 4, 'tier_4': 4}"
2024-07-21T07:00:00,4856,20,"{'tier_0': 3, 'tier_1': 4, 'tier_2': 6, 'tier_3': 4, 'tier_4': 3}"
2024-07-21T08:00:00,4857,20,"{'tier_0': 2, 'tier_1': 5, 'tier_2': 6, 'tier_3': 4, 'tier_4': 3}"
2024-07-21T09:00:00,4858,20,"{'tier_0': 2, 'tier_1': 5, 'tier_2': 6, 'tier_3': 4, 'tier_4': 3}"
2024-07-21T10:00:00,4859,20,"{'tier_0': 3, 'tier_1': 3, 'tier_2': 6, 'tier_3': 4, 'tier_4': 4}"
2024-07-21T11:00:00,4860,20,"{'tier_0': 2, 'tier_1': 4, 'tier_2': 6, 'tier_3': 4, 'tier_4': 4}"
2024-07-21T12:00:00,4861,19,"{'tier_0': 2, 'tier_1': 4, 'tier_2': 6, 'tier_3': 4, 'tier_4': 3}"
2024-07-21T13:00:00,4862,20,"{'tier_0': 3, 'tier_1': 3, 'tier_2': 6, 'tier_3': 4, 'tier_4': 4}"
2024-07-21T14:00:00,4863,19,"{'tier_0': 3, 'tier_1': 3, 'tier_2': 5, 'tier_3': 4, 'tier_4': 4}"
2024-07-21T15:00:00,4864,21,"{'tier_0': 2, 'tier_1': 5, 'tier_2': 6, 'tier_3': 4, 'tier_4': 4}"
2024-07-21T16:00:00,4865,21,"{'tier_0': 2, 'tier_1': 5, 'tier_2': 6, 'tier_3': 4, 'tier_4': 4}"
2024-07-21T17:00:00,4866,21,"{'tier_0': 2, 'tier_1': 4, 'tier_2': 6, 'tier_3': 4, 'tier_4': 5}"
2024-07-21T18:00:00,4867,20,"{'tier_0': 2, 'tier_1': 4, 'tier_2': 6, 'tier_3': 4, 'tier_4': 4}"
2024-07-21T19:00:00,4868,20,"{'tier_0': 2, 'tier_1': 4, 'tier_2': 6, 'tier_3': 4, 'tier_4': 4}"
2024-07-21T20:00:00,4869,18,"{'tier_0': 2, 'tier_1': 4, 'tier_2': 5, 'tier_3': 4, 'tier_4': 3}"
2024-07-21T21:00:00,4870,20,"{'tier_0': 2, 'tier_1': 5, 'tier_2': 6, 'tier_3': 4, 'tier_4': 3}"
2024-07-21T22:00:00,4871,20,"{'tier_0': 2, 'tier_1': 4, 'tier_2': 6, 'tier_3': 4, 'tier_4': 4}"
2024-07-21T23:00:00,4872,20,"{'tier_0': 2, 'tier_1': 4, 'tier_2': 6, 'tier_3': 4, 'tier_4': 4}"
2024-07-22T00:00:00,4873,20,"{'tier_0': 2, 'tier_1': 4, 'tier_2': 6, 'tier_3': 4, 'tier_4': 4}"
2024-07-22T01:00:00,4874,20,"{'tier_0': 2, 'tier_1': 5, 'tier_2': 6, 'tier_3': 4, 'tier_4': 3}"
2024-07-22T02:00:00,4875,19,"{'tier_0': 2, 'tier_1': 4, 'tier_2': 6, 'tier_3': 4, 'tier_4': 3}"
2024-07-22T03:00:00,4876,20,"{'tier_0': 2, 'tier_1': 5, 'tier_2': 6, 'tier_3': 4, 'tier_4': 3}"
2024-07-22T04:00:00,4877,21,"{'tier_0': 2, 'tier_1': 5, 'tier_2': 6, 'tier_3': 4, 'tier_4': 4}"
2024-07-22T05:00:00,4878,20,"{'tier_0': 3, 'tier_1': 3, 'tier_2': 6, 'tier_3': 4, 'tier_4': 4}"
2024-07-22T06:00:00,4879,20,"{'tier_0': 2, 'tier_1': 5, 'tier_2': 6, 'tier_3': 4, 'tier_4': 3}"
2024-07-22T07:00:00,4880,20,"{'tier_0': 2, 'tier_1': 5, 'tier_2': 6, 'tier_3': 4, 'tier_4': 3}"
2024-07-22T08:00:00,4881,19,"{'tier_0': 2, 'tier_1': 4, 'tier_2': 5, 'tier_3': 4, 'tier_4': 4}"
2024-07-22T09:00:00,4882,20,"{'tier_0': 2, 'tier_1': 4, 'tier_2': 6, 'tier_3': 4, 'tier_4': 4}"
2024-07-22T10:00:00,4883,20,"{'tier_0': 2, 'tier_1': 4, 'tier_2': 6, 'tier_3': 4, 'tier_4': 4}"
2024-07-22T11:00:00,4884,20,"{'tier_0': 2, 'tier_1': 5, 'tier_2': 6, 'tier_3': 4, 'tier_4': 3}"
2024-07-22T12:00:00,4885,19,"{'tier_0': 2, 'tier_1': 4, 'tier_2': 6, 'tier_3': 4, 'tier_4': 3}"
2024-07-22T13:00:00,4886,20,"{'tier_0': 2, 'tier_1': 4, 'tier_2': 6, 'tier_3': 4, 'tier_4': 4}"
2024-07-22T14:00:00,4887,19,"{'tier_0': 2, 'tier_1': 4, 'tier_2': 5, 'tier_3': 4, 'tier_4': 4}"
2024-07-22T15:00:00,4888,21,"{'tier_0': 2, 'tier_1': 5, 'tier_2': 6, 'tier_3': 4, 'tier_4': 4}"
2024-07-22T16:00:00,4889,20,"{'tier_0': 2, 'tier_1': 4, 'tier_2': 6, 'tier_3': 4, 'tier_4': 4}"
2024-07-22T17:00:00,4890,20,"{'tier_0': 2, 'tier_1': 5, 'tier_2': 6, 'tier_3': 4, 'tier_4': 3}"
2024-07-22T18:00:00,4891,20,"{'tier_0': 2, 'tier_1': 4, 'tier_2': 6, 'tier_3': 4, 'tier_4': 4}"
2024-07-22T19:00:00,4892,20,"{'tier_0': 2, 'tier_1': 5, 'tier_2': 6, 'tier_3': 4, 'tier_4': 3}"
2024-07-22T20:00:00,4893,20,"{'tier_0': 2, 'tier_1': 5, 'tier_2': 6, 'tier_3': 4, 'tier_4': 3}"
2024-07-22T21:00:00,4894,21,"{'tier_0': 2, 'tier_1': 5, 'tier_2': 6, 'tier_3': 4, 'tier_4': 4}"
2024-07-22T22:00:00,4895,21,"{'tier_0': 3, 'tier_1': 4, 'tier_2': 6, 'tier_3': 4, 'tier_4': 4}"
2024-07-22T23:00:00,4896,20,"{'tier_0': 2, 'tier_1': 4, 'tier_2': 6, 'tier_3': 4, 'tier_4': 4}"
2024-07-23T00:00:00,4897,20,"{'tier_0': 2, 'tier_1': 5, 'tier_2': 6, 'tier_3': 4, 'tier_4': 3}"
2024-07-23T01:00:00,4898,21,"{'tier_0': 4, 'tier_1': 3, 'tier_2': 6, 'tier_3': 4, 'tier_4': 4}"
2024-07-23T02:00:00,4899,21,"{'tier_0': 2, 'tier_1': 5, 'tier_2': 6, 'tier_3': 5, 'tier_4': 3}"
2024-07-23T03:00:00,4900,20,"{'tier_0': 2, 'tier_1': 5, 'tier_2': 6, 'tier_3': 4, 'tier_4': 3}"
2024-07-23T04:00:00,4901,20,"{'tier_0': 2, 'tier_1': 4, 'tier_2': 6, 'tier_3': 4, 'tier_4': 4}"
2024-07-23T05:00:00,4902,21,"{'tier_0': 2, 'tier_1': 4, 'tier_2': 6, 'tier_3': 4, 'tier_4': 5}"
2024-07-23T06:00:00,4903,21,"{'tier_0': 2, 'tier_1': 5, 'tier_2': 6, 'tier_3': 4, 'tier_4': 4}"
2024-07-23T07:00:00,4904,20,"{'tier_0': 2, 'tier_1': 5, 'tier_2': 6, 'tier_3': 4, 'tier_4': 3}"
2024-07-23T08:00:00,4905,20,"{'tier_0': 3, 'tier_1': 4, 'tier_2': 6, 'tier_3': 4, 'tier_4': 3}"
2024-07-23T09:00:00,4906,20,"{'tier_0': 2, 'tier_1': 5, 'tier_2': 6, 'tier_3': 4, 'tier_4': 3}"
2024-07-23T10:00:00,4907,20,"{'tier_0': 2, 'tier_1': 5, 'tier_2': 6, 'tier_3': 4, 'tier_4': 3}"
2024-07-23T11:00:00,4908,21,"{'tier_0': 2, 'tier_1': 5, 'tier_2': 6, 'tier_3': 4, 'tier_4': 4}"
2024-07-23T12:00:00,4909,20,"{'tier_0': 2, 'tier_1': 4, 'tier_2': 6, 'tier_3': 4, 'tier_4': 4}"
2024-07-23T13:00:00,4910,21,"{'tier_0': 2, 'tier_1': 5, 'tier_2': 6, 'tier_3': 4, 'tier_4': 4}"
2024-07-23T14:00:00,4911,20,"{'tier_0': 2, 'tier_1': 5, 'tier_2': 6, 'tier_3': 4, 'tier_4': 3}"
2024-07-23T15:00:00,4912,19,"{'tier_0': 2, 'tier_1': 4, 'tier_2': 6, 'tier_3': 4, 'tier_4': 3}"
2024-07-23T16:00:00,4913,20,"{'tier_0': 3, 'tier_1': 4, 'tier_2': 6, 'tier_3': 4, 'tier_4': 3}"
2024-07-23T17:00:00,4914,20,"{'tier_0': 2, 'tier_1': 5, 'tier_2': 6, 'tier_3': 4, 'tier_4': 3}"
2024-07-23T18:00:00,4915,20,"{'tier_0': 2, 'tier_1': 4, 'tier_2': 6, 'tier_3': 4, 'tier_4': 4}"
2024-07-23T19:00:00,4916,20,"{'tier_0': 2, 'tier_1': 4, 'tier_2': 6, 'tier_3': 4, 'tier_4': 4}"
2024-07-23T20:00:00,4917,18,"{'tier_0': 2, 'tier_1': 4, 'tier_2': 5, 'tier_3': 4, 'tier_4': 3}"
2024-07-23T21:00:00,4918,20,"{'tier_0': 2, 'tier_1': 4, 'tier_2': 6, 'tier_3': 4, 'tier_4': 4}"
2024-07-23T22:00:00,4919,19,"{'tier_0': 2, 'tier_1': 4, 'tier_2': 6, 'tier_3': 4, 'tier_4': 3}"
2024-07-23T23:00:00,4920,20,"{'tier_0': 2, 'tier_1': 4, 'tier_2': 6, 'tier_3': 4, 'tier_4': 4}"
2024-07-24T00:00:00,4921,20,"{'tier_0': 2, 'tier_1': 4, 'tier_2': 6, 'tier_3': 4, 'tier_4': 4}"
2024-07-24T01:00:00,4922,20,"{'tier_0': 2, 'tier_1': 5, 'tier_2': 6, 'tier_3': 4, 'tier_4': 3}"
2024-07-24T02:00:00,4923,20,"{'tier_0': 2, 'tier_1': 5, 'tier_2': 6, 'tier_3': 4, 'tier_4': 3}"
2024-07-24T03:00:00,4924,20,"{'tier_0': 2, 'tier_1': 4, 'tier_2': 6, 'tier_3': 4, 'tier_4': 4}"
2024-07-24T04:00:00,4925,20,"{'tier_0': 2, 'tier_1': 5, 'tier_2': 6, 'tier_3': 4, 'tier_4': 3}"
2024-07-24T05:00:00,4926,20,"{'tier_0': 2, 'tier_1': 4, 'tier_2': 6, 'tier_3': 4, 'tier_4': 4}"
2024-07-24T06:00:00,4927,20,"{'tier_0': 2, 'tier_1': 4, 'tier_2': 6, 'tier_3': 4, 'tier_4': 4}"
2024-07-24T07:00:00,4928,20,"{'tier_0': 2, 'tier_1': 4, 'tier_2': 6, 'tier_3': 4, 'tier_4': 4}"
2024-07-24T08:00:00,4929,20,"{'tier_0': 3, 'tier_1': 3, 'tier_2': 6, 'tier_3': 4, 'tier_4': 4}"
2024-07-24T09:00:00,4930,20,"{'tier_0': 2, 'tier_1': 4, 'tier_2': 6, 'tier_3': 4, 'tier_4': 4}"
2024-07-24T10:00:00,4931,20,"{'tier_0': 2, 'tier_1': 5, 'tier_2': 6, 'tier_3': 4, 'tier_4': 3}"
2024-07-24T11:00:00,4932,20,"{'tier_0': 2, 'tier_1': 4, 'tier_2': 6, 'tier_3': 4, 'tier_4': 4}"
2024-07-24T12:00:00,4933,20,"{'tier_0': 2, 'tier_1': 4, 'tier_2': 6, 'tier_3': 4, 'tier_4': 4}"
2024-07-24T13:00:00,4934,20,"{'tier_0': 2, 'tier_1': 5, 'tier_2': 6, 'tier_3': 4, 'tier_4': 3}"
2024-07-24T14:00:00,4935,21,"{'tier_0': 3, 'tier_1': 4, 'tier_2': 6, 'tier_3': 4, 'tier_4': 4}"
2024-07-24T15:00:00,4936,20,"{'tier_0': 2, 'tier_1': 5, 'tier_2': 6, 'tier_3': 4, 'tier_4': 3}"
2024-07-24T16:00:00,4937,19,"{'tier_0': 2, 'tier_1': 4, 'tier_2': 6, 'tier_3': 4, 'tier_4': 3}"
2024-07-24T17:00:00,4938,18,"{'tier_0': 2, 'tier_1': 4, 'tier_2': 5, 'tier_3': 4, 'tier_4': 3}"
2024-07-24T18:00:00,4939,20,"{'tier_0': 2, 'tier_1': 5, 'tier_2': 6, 'tier_3': 4, 'tier_4': 3}"
2024-07-24T19:00:00,4940,20,"{'tier_0': 2, 'tier_1': 5, 'tier_2': 6, 'tier_3': 4, 'tier_4': 3}"
2024-07-24T20:00:00,4941,21,"{'tier_0': 3, 'tier_1': 4, 'tier_2': 6, 'tier_3': 4, 'tier_4': 4}"
2024-07-24T21:00:00,4942,20,"{'tier_0': 2, 'tier_1': 5, 'tier_2': 6, 'tier_3': 4, 'tier_4': 3}"
2024-07-24T22:00:00,4943,20,"{'tier_0': 3, 'tier_1': 4, 'tier_2': 6, 'tier_3': 4, 'tier_4': 3}"
2024-07-24T23:00:00,4944,20,"{'tier_0': 2, 'tier_1': 4, 'tier_2': 6, 'tier_3': 4, 'tier_4': 4}"
2024-07-25T00:00:00,4945,20,"{'tier_0': 2, 'tier_1': 4, 'tier_2': 6, 'tier_3': 4, 'tier_4': 4}"
2024-07-25T01:00:00,4946,20,"{'tier_0': 2, 'tier_1': 5, 'tier_2': 6, 'tier_3': 4, 'tier_4': 3}"
2024-07-25T02:00:00,4947,20,"{'tier_0': 2, 'tier_1': 5, 'tier_2': 6, 'tier_3': 4, 'tier_4': 3}"
2024-07-25T03:00:00,4948,18,"{'tier_0': 2, 'tier_1': 4, 'tier_2': 5, 'tier_3': 4, 'tier_4': 3}"
2024-07-25T04:00:00,4949,20,"{'tier_0': 3, 'tier_1': 4, 'tier_2': 6, 'tier_3': 4, 'tier_4': 3}"
2024-07-25T05:00:00,4950,20,"{'tier_0': 2, 'tier_1': 4, 'tier_2': 6, 'tier_3': 4, 'tier_4': 4}"
2024-07-25T06:00:00,4951,19,"{'tier_0': 2, 'tier_1': 4, 'tier_2': 5, 'tier_3': 4, 'tier_4': 4}"
2024-07-25T07:00:00,4952,20,"{'tier_0': 2, 'tier_1': 5, 'tier_2': 6, 'tier_3': 4, 'tier_4': 3}"
2024-07-25T08:00:00,4953,20,"{'tier_0': 2, 'tier_1': 5, 'tier_2': 6, 'tier_3': 4, 'tier_4': 3}"
2024-07-25T09:00:00,4954,20,"{'tier_0': 2, 'tier_1': 5, 'tier_2': 6, 'tier_3': 4, 'tier_4': 3}"
2024-07-25T10:00:00,4955,20,"{'tier_0': 2, 'tier_1': 4, 'tier_2': 6, 'tier_3': 4, 'tier_4': 4}"
2024-07-25T11:00:00,4956,21,"{'tier_0': 2, 'tier_1': 5, 'tier_2': 6, 'tier_3': 4, 'tier_4': 4}"
2024-07-25T12:00:00,4957,20,"{'tier_0': 3, 'tier_1': 3, 'tier_2': 6, 'tier_3': 4, 'tier_4': 4}"
2024-07-25T13:00:00,4958,20,"{'tier_0': 2, 'tier_1': 5, 'tier_2': 6, 'tier_3': 4, 'tier_4': 3}"
2024-07-25T14:00:00,4959,21,"{'tier_0': 2, 'tier_1': 4, 'tier_2': 6, 'tier_3': 4, 'tier_4': 5}"
2024-07-25T15:00:00,4960,20,"{'tier_0': 2, 'tier_1': 5, 'tier_2': 6, 'tier_3': 4, 'tier_4': 3}"
2024-07-25T16:00:00,4961,20,"{'tier_0': 2, 'tier_1': 5, 'tier_2': 6, 'tier_3': 4, 'tier_4': 3}"
2024-07-25T17:00:00,4962,20,"{'tier_0': 2, 'tier_1': 5, 'tier_2': 6, 'tier_3': 4, 'tier_4': 3}"
2024-07-25T18:00:00,4963,20,"{'tier_0': 2, 'tier_1': 4, 'tier_2': 6, 'tier_3': 4, 'tier_4': 4}"
2024-07-25T19:00:00,4964,20,"{'tier_0': 3, 'tier_1': 4, 'tier_2': 6, 'tier_3': 4, 'tier_4': 3}"
2024-07-25T20:00:00,4965,21,"{'tier_0': 2, 'tier_1': 4, 'tier_2': 6, 'tier_3': 5, 'tier_4': 4}"
2024-07-25T21:00:00,4966,21,"{'tier_0': 2, 'tier_1': 5, 'tier_2': 6, 'tier_3': 5, 'tier_4': 3}"
2024-07-25T22:00:00,4967,20,"{'tier_0': 2, 'tier_1': 5, 'tier_2': 6, 'tier_3': 4, 'tier_4': 3}"
2024-07-25T23:00:00,4968,20,"{'tier_0': 2, 'tier_1': 5, 'tier_2': 6, 'tier_3': 4, 'tier_4': 3}"
2024-07-26T00:00:00,4969,19,"{'tier_0': 2, 'tier_1': 4, 'tier_2': 5, 'tier_3': 4, 'tier_4': 4}"
2024-07-26T01:00:00,4970,18,"{'tier_0': 2, 'tier_1': 4, 'tier_2': 5, 'tier_3': 4, 'tier_4': 3}"
2024-07-26T02:00:00,4971,20,"{'tier_0': 2, 'tier_1': 5, 'tier_2': 6, 'tier_3': 4, 'tier_4': 3}"
2024-07-26T03:00:00,4972,20,"{'tier_0': 2, 'tier_1': 4, 'tier_2': 6, 'tier_3': 4, 'tier_4': 4}"
2024-07-26T04:00:00,4973,21,"{'tier_0': 2, 'tier_1': 5, 'tier_2': 6, 'tier_3': 4, 'tier_4': 4}"
2024-07-26T05:00:00,4974,20,"{'tier_0': 2, 'tier_1': 5, 'tier_2': 6, 'tier_3': 4, 'tier_4': 3}"
2024-07-26T06:00:00,4975,20,"{'tier_0': 2, 'tier_1': 4, 'tier_2': 6, 'tier_3': 4, 'tier_4': 4}"
2024-07-26T07:00:00,4976,20,"{'tier_0': 3, 'tier_1': 4, 'tier_2': 6, 'tier_3': 4, 'tier_4': 3}"
2024-07-26T08:00:00,4977,20,"{'tier_0': 2, 'tier_1': 4, 'tier_2': 6, 'tier_3': 4, 'tier_4': 4}"
2024-07-26T09:00:00,4978,20,"{'tier_0': 2, 'tier_1': 4, 'tier_2': 6, 'tier_3': 4, 'tier_4': 4}"
2024-07-26T10:00:00,4979,20,"{'tier_0': 3, 'tier_1': 3, 'tier_2': 6, 'tier_3': 4, 'tier_4': 4}"
2024-07-26T11:00:00,4980,20,"{'tier_0': 2, 'tier_1': 5, 'tier_2': 6, 'tier_3': 4, 'tier_4': 3}"
2024-07-26T12:00:00,4981,20,"{'tier_0': 2, 'tier_1': 5, 'tier_2': 6, 'tier_3': 4, 'tier_4': 3}"
2024-07-26T13:00:00,4982,20,"{'tier_0': 2, 'tier_1': 4, 'tier_2': 6, 'tier_3': 4, 'tier_4': 4}"
2024-07-26T14:00:00,4983,19,"{'tier_0': 2, 'tier_1': 4, 'tier_2': 5, 'tier_3': 4, 'tier_4': 4}"
2024-07-26T15:00:00,4984,20,"{'tier_0': 2, 'tier_1': 5, 'tier_2': 6, 'tier_3': 4, 'tier_4': 3}"
2024-07-26T16:00:00,4985,20,"{'tier_0': 2, 'tier_1': 4, 'tier_2': 6, 'tier_3': 4, 'tier_4': 4}"
2024-07-26T17:00:00,4986,20,"{'tier_0': 3, 'tier_1': 4, 'tier_2': 6, 'tier_3': 4, 'tier_4': 3}"
2024-07-26T18:00:00,4987,20,"{'tier_0': 2, 'tier_1': 4, 'tier_2': 6, 'tier_3': 4, 'tier_4': 4}"
2024-07-26T19:00:00,4988,20,"{'tier_0': 2, 'tier_1': 5, 'tier_2': 6, 'tier_3': 4, 'tier_4': 3}"
2024-07-26T20:00:00,4989,19,"{'tier_0': 2, 'tier_1': 4, 'tier_2': 5, 'tier_3': 4, 'tier_4': 4}"
2024-07-26T21:00:00,4990,20,"{'tier_0': 2, 'tier_1': 4, 'tier_2': 6, 'tier_3': 4, 'tier_4': 4}"
2024-07-26T22:00:00,4991,20,"{'tier_0': 2, 'tier_1': 4, 'tier_2': 6, 'tier_3': 4, 'tier_4': 4}"
2024-07-26T23:00:00,4992,21,"{'tier_0': 2, 'tier_1': 5, 'tier_2': 6, 'tier_3': 4, 'tier_4': 4}"
2024-07-27T00:00:00,4993,21,"{'tier_0': 2, 'tier_1': 5, 'tier_2': 6, 'tier_3': 4, 'tier_4': 4}"
2024-07-27T01:00:00,4994,20,"{'tier_0': 2, 'tier_1': 4, 'tier_2': 6, 'tier_3': 4, 'tier_4': 4}"
2024-07-27T02:00:00,4995,20,"{'tier_0': 2, 'tier_1': 4, 'tier_2': 6, 'tier_3': 4, 'tier_4': 4}"
2024-07-27T03:00:00,4996,18,"{'tier_0': 2, 'tier_1': 4, 'tier_2': 5, 'tier_3': 4, 'tier_4': 3}"
2024-07-27T04:00:00,4997,20,"{'tier_0': 3, 'tier_1': 4, 'tier_2': 6, 'tier_3': 4, 'tier_4': 3}"
2024-07-27T05:00:00,4998,20,"{'tier_0': 2, 'tier_1': 5, 'tier_2': 6, 'tier_3': 4, 'tier_4': 3}"
2024-07-27T06:00:00,4999,21,"{'tier_0': 2, 'tier_1': 5, 'tier_2': 6, 'tier_3': 5, 'tier_4': 3}"
2024-07-27T07:00:00,5000,21,"{'tier_0': 3, 'tier_1': 4, 'tier_2': 6, 'tier_3': 4, 'tier_4': 4}"
2024-07-27T08:00:00,5001,20,"{'tier_0': 2, 'tier_1': 4, 'tier_2': 6, 'tier_3': 4, 'tier_4': 4}"
2024-07-27T09:00:00,5002,19,"{'tier_0': 2, 'tier_1': 4, 'tier_2': 6, 'tier_3': 4, 'tier_4': 3}"
2024-07-27T10:00:00,5003,19,"{'tier_0': 2, 'tier_1': 4, 'tier_2': 6, 'tier_3': 4, 'tier_4': 3}"
2024-07-27T11:00:00,5004,20,"{'tier_0': 2, 'tier_1': 5, 'tier_2': 6, 'tier_3': 4, 'tier_4': 3}"
2024-07-27T12:00:00,5005,21,"{'tier_0': 2, 'tier_1': 5, 'tier_2': 6, 'tier_3': 5, 'tier_4': 3}"
2024-07-27T13:00:00,5006,20,"{'tier_0': 2, 'tier_1': 5, 'tier_2': 6, 'tier_3': 4, 'tier_4': 3}"
2024-07-27T14:00:00,5007,20,"{'tier_0': 2, 'tier_1': 4, 'tier_2': 6, 'tier_3': 4, 'tier_4': 4}"
2024-07-27T15:00:00,5008,20,"{'tier_0': 2, 'tier_1': 4, 'tier_2': 6, 'tier_3': 4, 'tier_4': 4}"
2024-07-27T16:00:00,5009,19,"{'tier_0': 2, 'tier_1': 4, 'tier_2': 6, 'tier_3': 4, 'tier_4': 3}"
2024-07-27T17:00:00,5010,21,"{'tier_0': 4, 'tier_1': 3, 'tier_2': 6, 'tier_3': 4, 'tier_4': 4}"
2024-07-27T18:00:00,5011,20,"{'tier_0': 2, 'tier_1': 5, 'tier_2': 6, 'tier_3': 4, 'tier_4': 3}"
2024-07-27T19:00:00,5012,21,"{'tier_0': 2, 'tier_1': 5, 'tier_2': 6, 'tier_3': 4, 'tier_4': 4}"
2024-07-27T20:00:00,5013,20,"{'tier_0': 2, 'tier_1': 5, 'tier_2': 6, 'tier_3': 4, 'tier_4': 3}"
2024-07-27T21:00:00,5014,20,"{'tier_0': 2, 'tier_1': 5, 'tier_2': 6, 'tier_3': 4, 'tier_4': 3}"
2024-07-27T22:00:00,5015,21,"{'tier_0': 2, 'tier_1': 5, 'tier_2': 6, 'tier_3': 4, 'tier_4': 4}"
2024-07-27T23:00:00,5016,20,"{'tier_0': 2, 'tier_1': 4, 'tier_2': 6, 'tier_3': 4, 'tier_4': 4}"
2024-07-28T00:00:00,5017,20,"{'tier_0': 2, 'tier_1': 5, 'tier_2': 6, 'tier_3': 4, 'tier_4': 3}"
2024-07-28T01:00:00,5018,20,"{'tier_0': 2, 'tier_1': 5, 'tier_2': 6, 'tier_3': 4, 'tier_4': 3}"
2024-07-28T02:00:00,5019,19,"{'tier_0': 2, 'tier_1': 4, 'tier_2': 5, 'tier_3': 5, 'tier_4': 3}"
2024-07-28T03:00:00,5020,20,"{'tier_0': 2, 'tier_1': 4, 'tier_2': 6, 'tier_3': 4, 'tier_4': 4}"
2024-07-28T04:00:00,5021,19,"{'tier_0': 2, 'tier_1': 4, 'tier_2': 5, 'tier_3': 4, 'tier_4': 4}"
2024-07-28T05:00:00,5022,20,"{'tier_0': 2, 'tier_1': 4, 'tier_2': 6, 'tier_3': 4, 'tier_4': 4}"
2024-07-28T06:00:00,5023,21,"{'tier_0': 2, 'tier_1': 5, 'tier_2': 6, 'tier_3': 4, 'tier_4': 4}"
2024-07-28T07:00:00,5024,20,"{'tier_0': 2, 'tier_1': 5, 'tier_2': 6, 'tier_3': 4, 'tier_4': 3}"
2024-07-28T08:00:00,5025,20,"{'tier_0': 2, 'tier_1': 5, 'tier_2': 6, 'tier_3': 4, 'tier_4': 3}"
2024-07-28T09:00:00,5026,20,"{'tier_0': 2, 'tier_1': 5, 'tier_2': 6, 'tier_3': 4, 'tier_4': 3}"
2024-07-28T10:00:00,5027,20,"{'tier_0': 2, 'tier_1': 4, 'tier_2': 6, 'tier_3': 4, 'tier_4': 4}"
2024-07-28T11:00:00,5028,19,"{'tier_0': 2, 'tier_1': 4, 'tier_2': 6, 'tier_3': 4, 'tier_4': 3}"
2024-07-28T12:00:00,5029,20,"{'tier_0': 2, 'tier_1': 4, 'tier_2': 6, 'tier_3': 4, 'tier_4': 4}"
2024-07-28T13:00:00,5030,20,"{'tier_0': 2, 'tier_1': 4, 'tier_2': 6, 'tier_3': 4, 'tier_4': 4}"
2024-07-28T14:00:00,5031,20,"{'tier_0': 2, 'tier_1': 5, 'tier_2': 6, 'tier_3': 4, 'tier_4': 3}"
2024-07-28T15:00:00,5032,19,"{'tier_0': 2, 'tier_1': 4, 'tier_2': 5, 'tier_3': 4, 'tier_4': 4}"
2024-07-28T16:00:00,5033,20,"{'tier_0': 2, 'tier_1': 5, 'tier_2': 6, 'tier_3': 4, 'tier_4': 3}"
2024-07-28T17:00:00,5034,20,"{'tier_0': 2, 'tier_1': 5, 'tier_2': 6, 'tier_3': 4, 'tier_4': 3}"
2024-07-28T18:00:00,5035,19,"{'tier_0': 2, 'tier_1': 4, 'tier_2': 5, 'tier_3': 4, 'tier_4': 4}"
2024-07-28T19:00:00,5036,20,"{'tier_0': 2, 'tier_1': 5, 'tier_2': 6, 'tier_3': 4, 'tier_4': 3}"
2024-07-28T20:00:00,5037,20,"{'tier_0': 2, 'tier_1': 5, 'tier_2': 6, 'tier_3': 4, 'tier_4': 3}"
2024-07-28T21:00:00,5038,20,"{'tier_0': 2, 'tier_1': 4, 'tier_2': 6, 'tier_3': 4, 'tier_4': 4}"
2024-07-28T22:00:00,5039,21,"{'tier_0': 2, 'tier_1': 5, 'tier_2': 6, 'tier_3': 4, 'tier_4': 4}"
2024-07-28T23:00:00,5040,20,"{'tier_0': 2, 'tier_1': 5, 'tier_2': 6, 'tier_3': 4, 'tier_4': 3}"
2024-07-29T00:00:00,5041,18,"{'tier_0': 2, 'tier_1': 4, 'tier_2': 5, 'tier_3': 4, 'tier_4': 3}"
2024-07-29T01:00:00,5042,20,"{'tier_0': 2, 'tier_1': 4, 'tier_2': 6, 'tier_3': 4, 'tier_4': 4}"
2024-07-29T02:00:00,5043,20,"{'tier_0': 2, 'tier_1': 5, 'tier_2': 6, 'tier_3': 4, 'tier_4': 3}"
2024-07-29T03:00:00,5044,20,"{'tier_0': 2, 'tier_1': 5, 'tier_2': 6, 'tier_3': 4, 'tier_4': 3}"
2024-07-29T04:00:00,5045,21,"{'tier_0': 2, 'tier_1': 5, 'tier_2': 6, 'tier_3': 4, 'tier_4': 4}"
2024-07-29T05:00:00,5046,18,"{'tier_0': 2, 'tier_1': 4, 'tier_2': 5, 'tier_3': 4, 'tier_4': 3}"
2024-07-29T06:00:00,5047,20,"{'tier_0': 3, 'tier_1': 3, 'tier_2': 6, 'tier_3': 4, 'tier_4': 4}"
2024-07-29T07:00:00,5048,19,"{'tier_0': 2, 'tier_1': 4, 'tier_2': 5, 'tier_3': 4, 'tier_4': 4}"
2024-07-29T08:00:00,5049,20,"{'tier_0': 2, 'tier_1': 5, 'tier_2': 6, 'tier_3': 4, 'tier_4': 3}"
2024-07-29T09:00:00,5050,21,"{'tier_0': 2, 'tier_1': 5, 'tier_2': 6, 'tier_3': 5, 'tier_4': 3}"
2024-07-29T10:00:00,5051,19,"{'tier_0': 2, 'tier_1': 4, 'tier_2': 6, 'tier_3': 4, 'tier_4': 3}"
2024-07-29T11:00:00,5052,20,"{'tier_0': 2, 'tier_1': 4, 'tier_2': 6, 'tier_3': 4, 'tier_4': 4}"
2024-07-29T12:00:00,5053,21,"{'tier_0': 3, 'tier_1': 4, 'tier_2': 6, 'tier_3': 4, 'tier_4': 4}"
2024-07-29T13:00:00,5054,18,"{'tier_0': 2, 'tier_1': 4, 'tier_2': 5, 'tier_3': 4, 'tier_4': 3}"
2024-07-29T14:00:00,5055,20,"{'tier_0': 2, 'tier_1': 4, 'tier_2': 6, 'tier_3': 4, 'tier_4': 4}"
2024-07-29T15:00:00,5056,20,"{'tier_0': 2, 'tier_1': 4, 'tier_2': 6, 'tier_3': 4, 'tier_4': 4}"
2024-07-29T16:00:00,5057,21,"{'tier_0': 2, 'tier_1': 5, 'tier_2': 6, 'tier_3': 4, 'tier_4': 4}"
2024-07-29T17:00:00,5058,20,"{'tier_0': 3, 'tier_1': 3, 'tier_2': 6, 'tier_3': 4, 'tier_4': 4}"
2024-07-29T18:00:00,5059,20,"{'tier_0': 2, 'tier_1': 5, 'tier_2': 6, 'tier_3': 4, 'tier_4': 3}"
2024-07-29T19:00:00,5060,20,"{'tier_0': 2, 'tier_1': 4, 'tier_2': 6, 'tier_3': 4, 'tier_4': 4}"
2024-07-29T20:00:00,5061,20,"{'tier_0': 2, 'tier_1': 5, 'tier_2': 6, 'tier_3': 4, 'tier_4': 3}"
2024-07-29T21:00:00,5062,20,"{'tier_0': 2, 'tier_1': 4, 'tier_2': 6, 'tier_3': 4, 'tier_4': 4}"
2024-07-29T22:00:00,5063,21,"{'tier_0': 2, 'tier_1': 5, 'tier_2': 6, 'tier_3': 4, 'tier_4': 4}"
2024-07-29T23:00:00,5064,21,"{'tier_0': 2, 'tier_1': 5, 'tier_2': 6, 'tier_3': 4, 'tier_4': 4}"
2024-07-30T00:00:00,5065,20,"{'tier_0': 2, 'tier_1': 5, 'tier_2': 6, 'tier_3': 4, 'tier_4': 3}"
2024-07-30T01:00:00,5066,19,"{'tier_0': 2, 'tier_1': 4, 'tier_2': 5, 'tier_3': 4, 'tier_4': 4}"
2024-07-30T02:00:00,5067,20,"{'tier_0': 2, 'tier_1': 5, 'tier_2': 6, 'tier_3': 4, 'tier_4': 3}"
2024-07-30T03:00:00,5068,21,"{'tier_0': 3, 'tier_1': 4, 'tier_2': 6, 'tier_3': 4, 'tier_4': 4}"
2024-07-30T04:00:00,5069,21,"{'tier_0': 2, 'tier_1': 5, 'tier_2': 6, 'tier_3': 4, 'tier_4': 4}"
2024-07-30T05:00:00,5070,20,"{'tier_0': 2, 'tier_1': 5, 'tier_2': 6, 'tier_3': 4, 'tier_4': 3}"
2024-07-30T06:00:00,5071,20,"{'tier_0': 2, 'tier_1': 4, 'tier_2': 6, 'tier_3': 4, 'tier_4': 4}"
2024-07-30T07:00:00,5072,20,"{'tier_0': 3, 'tier_1': 4, 'tier_2': 6, 'tier_3': 4, 'tier_4': 3}"
2024-07-30T08:00:00,5073,19,"{'tier_0': 2, 'tier_1': 4, 'tier_2': 5, 'tier_3': 4, 'tier_4': 4}"
2024-07-30T09:00:00,5074,20,"{'tier_0': 2, 'tier_1': 5, 'tier_2': 6, 'tier_3': 4, 'tier_4': 3}"
2024-07-30T10:00:00,5075,20,"{'tier_0': 2, 'tier_1': 5, 'tier_2': 6, 'tier_3': 4, 'tier_4': 3}"
2024-07-30T11:00:00,5076,20,"{'tier_0': 2, 'tier_1': 4, 'tier_2': 6, 'tier_3': 4, 'tier_4': 4}"
2024-07-30T12:00:00,5077,21,"{'tier_0': 2, 'tier_1': 4, 'tier_2': 6, 'tier_3': 5, 'tier_4': 4}"
2024-07-30T13:00:00,5078,19,"{'tier_0': 2, 'tier_1': 4, 'tier_2': 5, 'tier_3': 4, 'tier_4': 4}"
2024-07-30T14:00:00,5079,20,"{'tier_0': 2, 'tier_1': 5, 'tier_2': 6, 'tier_3': 4, 'tier_4': 3}"
2024-07-30T15:00:00,5080,20,"{'tier_0': 2, 'tier_1': 4, 'tier_2': 6, 'tier_3': 4, 'tier_4': 4}"
2024-07-30T16:00:00,5081,20,"{'tier_0': 2, 'tier_1': 4, 'tier_2': 6, 'tier_3': 4, 'tier_4': 4}"
2024-07-30T17:00:00,5082,20,"{'tier_0': 2, 'tier_1': 5, 'tier_2': 6, 'tier_3': 4, 'tier_4': 3}"
2024-07-30T18:00:00,5083,20,"{'tier_0': 2, 'tier_1': 4, 'tier_2': 6, 'tier_3': 4, 'tier_4': 4}"
2024-07-30T19:00:00,5084,20,"{'tier_0': 2, 'tier_1': 4, 'tier_2': 5, 'tier_3': 5, 'tier_4': 4}"
2024-07-30T20:00:00,5085,19,"{'tier_0': 2, 'tier_1': 4, 'tier_2': 5, 'tier_3': 4, 'tier_4': 4}"
2024-07-30T21:00:00,5086,20,"{'tier_0': 2, 'tier_1': 5, 'tier_2': 6, 'tier_3': 4, 'tier_4': 3}"
2024-07-30T22:00:00,5087,20,"{'tier_0': 2, 'tier_1': 4, 'tier_2': 6, 'tier_3': 4, 'tier_4': 4}"
2024-07-30T23:00:00,5088,20,"{'tier_0': 2, 'tier_1': 4, 'tier_2': 6, 'tier_3': 4, 'tier_4': 4}"
2024-07-31T00:00:00,5089,20,"{'tier_0': 3, 'tier_1': 4, 'tier_2': 6, 'tier_3': 4, 'tier_4': 3}"
2024-07-31T01:00:00,5090,20,"{'tier_0': 2, 'tier_1': 5, 'tier_2': 6, 'tier_3': 4, 'tier_4': 3}"
2024-07-31T02:00:00,5091,20,"{'tier_0': 3, 'tier_1': 4, 'tier_2': 6, 'tier_3': 4, 'tier_4': 3}"
2024-07-31T03:00:00,5092,19,"{'tier_0': 2, 'tier_1': 4, 'tier_2': 5, 'tier_3': 4, 'tier_4': 4}"
2024-07-31T04:00:00,5093,20,"{'tier_0': 2, 'tier_1': 4, 'tier_2': 6, 'tier_3': 4, 'tier_4': 4}"
2024-07-31T05:00:00,5094,20,"{'tier_0': 2, 'tier_1': 5, 'tier_2': 6, 'tier_3': 4, 'tier_4': 3}"
2024-07-31T06:00:00,5095,20,"{'tier_0': 2, 'tier_1': 4, 'tier_2': 6, 'tier_3': 4, 'tier_4': 4}"
2024-07-31T07:00:00,5096,21,"{'tier_0': 2, 'tier_1': 5, 'tier_2': 6, 'tier_3': 5, 'tier_4': 3}"
2024-07-31T08:00:00,5097,20,"{'tier_0': 2, 'tier_1': 5, 'tier_2': 6, 'tier_3': 4, 'tier_4': 3}"
2024-07-31T09:00:00,5098,18,"{'tier_0': 2, 'tier_1': 4, 'tier_2': 5, 'tier_3': 4, 'tier_4': 3}"
2024-07-31T10:00:00,5099,20,"{'tier_0': 2, 'tier_1': 5, 'tier_2': 6, 'tier_3': 4, 'tier_4': 3}"
2024-07-31T11:00:00,5100,20,"{'tier_0': 2, 'tier_1': 4, 'tier_2': 6, 'tier_3': 4, 'tier_4': 4}"
2024-07-31T12:00:00,5101,21,"{'tier_0': 2, 'tier_1': 4, 'tier_2': 6, 'tier_3': 5, 'tier_4': 4}"
2024-07-31T13:00:00,5102,20,"{'tier_0': 2, 'tier_1': 5, 'tier_2': 6, 'tier_3': 4, 'tier_4': 3}"
2024-07-31T14:00:00,5103,21,"{'tier_0': 2, 'tier_1': 5, 'tier_2': 6, 'tier_3': 4, 'tier_4': 4}"
2024-07-31T15:00:00,5104,20,"{'tier_0': 2, 'tier_1': 4, 'tier_2': 6, 'tier_3': 4, 'tier_4': 4}"
2024-07-31T16:00:00,5105,20,"{'tier_0': 2, 'tier_1': 4, 'tier_2': 6, 'tier_3': 4, 'tier_4': 4}"
2024-07-31T17:00:00,5106,20,"{'tier_0': 2, 'tier_1': 5, 'tier_2': 6, 'tier_3': 4, 'tier_4': 3}"
2024-07-31T18:00:00,5107,21,"{'tier_0': 2, 'tier_1': 5, 'tier_2': 6, 'tier_3': 4, 'tier_4': 4}"
2024-07-31T19:00:00,5108,18,"{'tier_0': 2, 'tier_1': 4, 'tier_2': 5, 'tier_3': 4, 'tier_4': 3}"
2024-07-31T20:00:00,5109,19,"{'tier_0': 2, 'tier_1': 4, 'tier_2': 6, 'tier_3': 4, 'tier_4': 3}"
2024-07-31T21:00:00,5110,20,"{'tier_0': 2, 'tier_1': 5, 'tier_2': 6, 'tier_3': 4, 'tier_4': 3}"
2024-07-31T22:00:00,5111,20,"{'tier_0': 2, 'tier_1': 5, 'tier_2': 6, 'tier_3': 4, 'tier_4': 3}"
2024-07-31T23:00:00,5112,20,"{'tier_0': 2, 'tier_1': 5, 'tier_2': 6, 'tier_3': 4, 'tier_4': 3}"
2024-08-01T00:00:00,5113,21,"{'tier_0': 2, 'tier_1': 5, 'tier_2': 6, 'tier_3': 5, 'tier_4': 3}"
2024-08-01T01:00:00,5114,20,"{'tier_0': 2, 'tier_1': 4, 'tier_2': 6, 'tier_3': 4, 'tier_4': 4}"
2024-08-01T02:00:00,5115,20,"{'tier_0': 2, 'tier_1': 5, 'tier_2': 6, 'tier_3': 4, 'tier_4': 3}"
2024-08-01T03:00:00,5116,21,"{'tier_0': 2, 'tier_1': 5, 'tier_2': 6, 'tier_3': 5, 'tier_4': 3}"
2024-08-01T04:00:00,5117,20,"{'tier_0': 2, 'tier_1': 4, 'tier_2': 6, 'tier_3': 4, 'tier_4': 4}"
2024-08-01T05:00:00,5118,20,"{'tier_0': 2, 'tier_1': 4, 'tier_2': 6, 'tier_3': 4, 'tier_4': 4}"
2024-08-01T06:00:00,5119,20,"{'tier_0': 2, 'tier_1': 5, 'tier_2': 6, 'tier_3': 4, 'tier_4': 3}"
2024-08-01T07:00:00,5120,19,"{'tier_0': 2, 'tier_1': 4, 'tier_2': 5, 'tier_3': 4, 'tier_4': 4}"
2024-08-01T08:00:00,5121,20,"{'tier_0': 3, 'tier_1': 4, 'tier_2': 6, 'tier_3': 4, 'tier_4': 3}"
2024-08-01T09:00:00,5122,20,"{'tier_0': 4, 'tier_1': 3, 'tier_2': 6, 'tier_3': 4, 'tier_4': 3}"
2024-08-01T10:00:00,5123,20,"{'tier_0': 3, 'tier_1': 3, 'tier_2': 6, 'tier_3': 4, 'tier_4': 4}"
2024-08-01T11:00:00,5124,19,"{'tier_0': 3, 'tier_1': 3, 'tier_2': 5, 'tier_3': 4, 'tier_4': 4}"
2024-08-01T12:00:00,5125,19,"{'tier_0': 2, 'tier_1': 4, 'tier_2': 6, 'tier_3': 4, 'tier_4': 3}"
2024-08-01T13:00:00,5126,20,"{'tier_0': 2, 'tier_1': 5, 'tier_2': 6, 'tier_3': 4, 'tier_4': 3}"
2024-08-01T14:00:00,5127,21,"{'tier_0': 2, 'tier_1': 5, 'tier_2': 6, 'tier_3': 4, 'tier_4': 4}"
2024-08-01T15:00:00,5128,20,"{'tier_0': 2, 'tier_1': 5, 'tier_2': 6, 'tier_3': 4, 'tier_4': 3}"
2024-08-01T16:00:00,5129,20,"{'tier_0': 2, 'tier_1': 4, 'tier_2': 6, 'tier_3': 4, 'tier_4': 4}"
2024-08-01T17:00:00,5130,20,"{'tier_0': 3, 'tier_1': 4, 'tier_2': 6, 'tier_3': 4, 'tier_4': 3}"
2024-08-01T18:00:00,5131,20,"{'tier_0': 2, 'tier_1': 4, 'tier_2': 6, 'tier_3': 4, 'tier_4': 4}"
2024-08-01T19:00:00,5132,19,"{'tier_0': 2, 'tier_1': 4, 'tier_2': 5, 'tier_3': 4, 'tier_4': 4}"
2024-08-01T20:00:00,5133,20,"{'tier_0': 3, 'tier_1': 3, 'tier_2': 6, 'tier_3': 4, 'tier_4': 4}"
2024-08-01T21:00:00,5134,20,"{'tier_0': 2, 'tier_1': 4, 'tier_2': 6, 'tier_3': 4, 'tier_4': 4}"
2024-08-01T22:00:00,5135,20,"{'tier_0': 2, 'tier_1': 4, 'tier_2': 6, 'tier_3': 4, 'tier_4': 4}"
2024-08-01T23:00:00,5136,20,"{'tier_0': 2, 'tier_1': 5, 'tier_2': 6, 'tier_3': 4, 'tier_4': 3}"
2024-08-02T00:00:00,5137,21,"{'tier_0': 2, 'tier_1': 5, 'tier_2': 6, 'tier_3': 4, 'tier_4': 4}"
2024-08-02T01:00:00,5138,20,"{'tier_0': 3, 'tier_1': 4, 'tier_2': 6, 'tier_3': 4, 'tier_4': 3}"
2024-08-02T02:00:00,5139,19,"{'tier_0': 2, 'tier_1': 4, 'tier_2': 6, 'tier_3': 4, 'tier_4': 3}"
2024-08-02T03:00:00,5140,21,"{'tier_0': 2, 'tier_1': 5, 'tier_2': 6, 'tier_3': 4, 'tier_4': 4}"
2024-08-02T04:00:00,5141,20,"{'tier_0': 2, 'tier_1': 5, 'tier_2': 6, 'tier_3': 4, 'tier_4': 3}"
2024-08-02T05:00:00,5142,19,"{'tier_0': 2, 'tier_1': 4, 'tier_2': 6, 'tier_3': 4, 'tier_4': 3}"
2024-08-02T06:00:00,5143,20,"{'tier_0': 2, 'tier_1': 5, 'tier_2': 6, 'tier_3': 4, 'tier_4': 3}"
2024-08-02T07:00:00,5144,21,"{'tier_0': 3, 'tier_1': 4, 'tier_2': 6, 'tier_3': 4, 'tier_4': 4}"
2024-08-02T08:00:00,5145,20,"{'tier_0': 2, 'tier_1': 5, 'tier_2': 6, 'tier_3': 4, 'tier_4': 3}"
2024-08-02T09:00:00,5146,20,"{'tier_0': 2, 'tier_1': 4, 'tier_2': 5, 'tier_3': 5, 'tier_4': 4}"
2024-08-02T10:00:00,5147,20,"{'tier_0': 2, 'tier_1': 4, 'tier_2': 6, 'tier_3': 4, 'tier_4': 4}"
2024-08-02T11:00:00,5148,20,"{'tier_0': 2, 'tier_1': 5, 'tier_2': 6, 'tier_3': 4, 'tier_4': 3}"
2024-08-02T12:00:00,5149,19,"{'tier_0': 3, 'tier_1': 3, 'tier_2': 5, 'tier_3': 4, 'tier_4': 4}"
2024-08-02T13:00:00,5150,19,"{'tier_0': 2, 'tier_1': 4, 'tier_2': 6, 'tier_3': 4, 'tier_4': 3}"
2024-08-02T14:00:00,5151,21,"{'tier_0': 2, 'tier_1': 5, 'tier_2': 6, 'tier_3': 4, 'tier_4': 4}"
2024-08-02T15:00:00,5152,20,"{'tier_0': 3, 'tier_1': 4, 'tier_2': 6, 'tier_3': 4, 'tier_4': 3}"
2024-08-02T16:00:00,5153,20,"{'tier_0': 2, 'tier_1': 5, 'tier_2': 6, 'tier_3': 4, 'tier_4': 3}"
2024-08-02T17:00:00,5154,20,"{'tier_0': 2, 'tier_1': 4, 'tier_2': 6, 'tier_3': 4, 'tier_4': 4}"
2024-08-02T18:00:00,5155,20,"{'tier_0': 2, 'tier_1': 5, 'tier_2': 6, 'tier_3': 4, 'tier_4': 3}"
2024-08-02T19:00:00,5156,20,"{'tier_0': 2, 'tier_1': 4, 'tier_2': 6, 'tier_3': 4, 'tier_4': 4}"
2024-08-02T20:00:00,5157,21,"{'tier_0': 2, 'tier_1': 5, 'tier_2': 6, 'tier_3': 5, 'tier_4': 3}"
2024-08-02T21:00:00,5158,20,"{'tier_0': 2, 'tier_1': 4, 'tier_2': 6, 'tier_3': 4, 'tier_4': 4}"
2024-08-02T22:00:00,5159,20,"{'tier_0': 2, 'tier_1': 5, 'tier_2': 6, 'tier_3': 4, 'tier_4': 3}"
2024-08-02T23:00:00,5160,20,"{'tier_0': 2, 'tier_1': 5, 'tier_2': 6, 'tier_3': 4, 'tier_4': 3}"
2024-08-03T00:00:00,5161,20,"{'tier_0': 2, 'tier_1': 5, 'tier_2': 6, 'tier_3': 4, 'tier_4': 3}"
2024-08-03T01:00:00,5162,21,"{'tier_0': 2, 'tier_1': 5, 'tier_2': 6, 'tier_3': 4, 'tier_4': 4}"
2024-08-03T02:00:00,5163,21,"{'tier_0': 3, 'tier_1': 4, 'tier_2': 6, 'tier_3': 4, 'tier_4': 4}"
2024-08-03T03:00:00,5164,21,"{'tier_0': 2, 'tier_1': 5, 'tier_2': 6, 'tier_3': 4, 'tier_4': 4}"
2024-08-03T04:00:00,5165,20,"{'tier_0': 2, 'tier_1': 4, 'tier_2': 6, 'tier_3': 4, 'tier_4': 4}"
2024-08-03T05:00:00,5166,20,"{'tier_0': 2, 'tier_1': 5, 'tier_2': 6, 'tier_3': 4, 'tier_4': 3}"
2024-08-03T06:00:00,5167,20,"{'tier_0': 3, 'tier_1': 4, 'tier_2': 6, 'tier_3': 4, 'tier_4': 3}"
2024-08-03T07:00:00,5168,21,"{'tier_0': 2, 'tier_1': 5, 'tier_2': 6, 'tier_3': 4, 'tier_4': 4}"
2024-08-03T08:00:00,5169,18,"{'tier_0': 2, 'tier_1': 4, 'tier_2': 5, 'tier_3': 4, 'tier_4': 3}"
2024-08-03T09:00:00,5170,20,"{'tier_0': 3, 'tier_1': 3, 'tier_2': 6, 'tier_3': 4, 'tier_4': 4}"
2024-08-03T10:00:00,5171,21,"{'tier_0': 3, 'tier_1': 3, 'tier_2': 6, 'tier_3': 4, 'tier_4': 5}"
2024-08-03T11:00:00,5172,21,"{'tier_0': 3, 'tier_1': 3, 'tier_2': 6, 'tier_3': 4, 'tier_4': 5}"
2024-08-03T12:00:00,5173,21,"{'tier_0': 2, 'tier_1': 5, 'tier_2': 6, 'tier_3': 4, 'tier_4': 4}"
2024-08-03T13:00:00,5174,20,"{'tier_0': 2, 'tier_1': 4, 'tier_2': 6, 'tier_3': 4, 'tier_4': 4}"
2024-08-03T14:00:00,5175,19,"{'tier_0': 2, 'tier_1': 4, 'tier_2': 5, 'tier_3': 4, 'tier_4': 4}"
2024-08-03T15:00:00,5176,20,"{'tier_0': 3, 'tier_1': 4, 'tier_2': 6, 'tier_3': 4, 'tier_4': 3}"
2024-08-03T16:00:00,5177,20,"{'tier_0': 2, 'tier_1': 5, 'tier_2': 6, 'tier_3': 4, 'tier_4': 3}"
2024-08-03T17:00:00,5178,20,"{'tier_0': 2, 'tier_1': 5, 'tier_2': 6, 'tier_3': 4, 'tier_4': 3}"
2024-08-03T18:00:00,5179,21,"{'tier_0': 2, 'tier_1': 5, 'tier_2': 6, 'tier_3': 5, 'tier_4': 3}"
2024-08-03T19:00:00,5180,21,"{'tier_0': 2, 'tier_1': 5, 'tier_2': 6, 'tier_3': 4, 'tier_4': 4}"
2024-08-03T20:00:00,5181,20,"{'tier_0': 2, 'tier_1': 4, 'tier_2': 6, 'tier_3': 4, 'tier_4': 4}"
2024-08-03T21:00:00,5182,20,"{'tier_0': 2, 'tier_1': 4, 'tier_2': 6, 'tier_3': 4, 'tier_4': 4}"
2024-08-03T22:00:00,5183,19,"{'tier_0': 2, 'tier_1': 4, 'tier_2': 6, 'tier_3': 4, 'tier_4': 3}"
2024-08-03T23:00:00,5184,19,"{'tier_0': 3, 'tier_1': 3, 'tier_2': 5, 'tier_3': 4, 'tier_4': 4}"
2024-08-04T00:00:00,5185,21,"{'tier_0': 3, 'tier_1': 4, 'tier_2': 6, 'tier_3': 4, 'tier_4': 4}"
2024-08-04T01:00:00,5186,20,"{'tier_0': 2, 'tier_1': 4, 'tier_2': 6, 'tier_3': 4, 'tier_4': 4}"
2024-08-04T02:00:00,5187,19,"{'tier_0': 2, 'tier_1': 4, 'tier_2': 5, 'tier_3': 4, 'tier_4': 4}"
2024-08-04T03:00:00,5188,20,"{'tier_0': 2, 'tier_1': 4, 'tier_2': 6, 'tier_3': 4, 'tier_4': 4}"
2024-08-04T04:00:00,5189,20,"{'tier_0': 2, 'tier_1': 4, 'tier_2': 6, 'tier_3': 4, 'tier_4': 4}"
2024-08-04T05:00:00,5190,21,"{'tier_0': 3, 'tier_1': 4, 'tier_2': 6, 'tier_3': 4, 'tier_4': 4}"
2024-08-04T06:00:00,5191,21,"{'tier_0': 3, 'tier_1': 4, 'tier_2': 6, 'tier_3': 4, 'tier_4': 4}"
2024-08-04T07:00:00,5192,19,"{'tier_0': 2, 'tier_1': 4, 'tier_2': 6, 'tier_3': 4, 'tier_4': 3}"
2024-08-04T08:00:00,5193,20,"{'tier_0': 2, 'tier_1': 4, 'tier_2': 6, 'tier_3': 4, 'tier_4': 4}"
2024-08-04T09:00:00,5194,18,"{'tier_0': 2, 'tier_1': 4, 'tier_2': 5, 'tier_3': 4, 'tier_4': 3}"
2024-08-04T10:00:00,5195,20,"{'tier_0': 2, 'tier_1': 5, 'tier_2': 6, 'tier_3': 4, 'tier_4': 3}"
2024-08-04T11:00:00,5196,20,"{'tier_0': 2, 'tier_1': 5, 'tier_2': 6, 'tier_3': 4, 'tier_4': 3}"
2024-08-04T12:00:00,5197,21,"{'tier_0': 2, 'tier_1': 5, 'tier_2': 6, 'tier_3': 4, 'tier_4': 4}"
2024-08-04T13:00:00,5198,20,"{'tier_0': 2, 'tier_1': 4, 'tier_2': 6, 'tier_3': 4, 'tier_4': 4}"
2024-08-04T14:00:00,5199,21,"{'tier_0': 3, 'tier_1': 4, 'tier_2': 6, 'tier_3': 4, 'tier_4': 4}"
2024-08-04T15:00:00,5200,20,"{'tier_0': 2, 'tier_1': 5, 'tier_2': 6, 'tier_3': 4, 'tier_4': 3}"
2024-08-04T16:00:00,5201,21,"{'tier_0': 3, 'tier_1': 4, 'tier_2': 6, 'tier_3': 4, 'tier_4': 4}"
2024-08-04T17:00:00,5202,20,"{'tier_0': 2, 'tier_1': 4, 'tier_2': 6, 'tier_3': 4, 'tier_4': 4}"
2024-08-04T18:00:00,5203,20,"{'tier_0': 2, 'tier_1': 5, 'tier_2': 6, 'tier_3': 4, 'tier_4': 3}"
2024-08-04T19:00:00,5204,21,"{'tier_0': 2, 'tier_1': 5, 'tier_2': 6, 'tier_3': 4, 'tier_4': 4}"
2024-08-04T20:00:00,5205,20,"{'tier_0': 2, 'tier_1': 4, 'tier_2': 6, 'tier_3': 4, 'tier_4': 4}"
2024-08-04T21:00:00,5206,20,"{'tier_0': 3, 'tier_1': 4, 'tier_2': 6, 'tier_3': 4, 'tier_4': 3}"
2024-08-04T22:00:00,5207,21,"{'tier_0': 3, 'tier_1': 4, 'tier_2': 6, 'tier_3': 4, 'tier_4': 4}"
2024-08-04T23:00:00,5208,20,"{'tier_0': 2, 'tier_1': 4, 'tier_2': 6, 'tier_3': 4, 'tier_4': 4}"
2024-08-05T00:00:00,5209,21,"{'tier_0': 2, 'tier_1': 4, 'tier_2': 6, 'tier_3': 5, 'tier_4': 4}"
2024-08-05T01:00:00,5210,20,"{'tier_0': 2, 'tier_1': 4, 'tier_2': 6, 'tier_3': 4, 'tier_4': 4}"
2024-08-05T02:00:00,5211,19,"{'tier_0': 2, 'tier_1': 4, 'tier_2': 5, 'tier_3': 4, 'tier_4': 4}"
2024-08-05T03:00:00,5212,20,"{'tier_0': 2, 'tier_1': 5, 'tier_2': 6, 'tier_3': 4, 'tier_4': 3}"
2024-08-05T04:00:00,5213,19,"{'tier_0': 2, 'tier_1': 4, 'tier_2': 6, 'tier_3': 4, 'tier_4': 3}"
2024-08-05T05:00:00,5214,20,"{'tier_0': 2, 'tier_1': 5, 'tier_2': 6, 'tier_3': 4, 'tier_4': 3}"
2024-08-05T06:00:00,5215,20,"{'tier_0': 2, 'tier_1': 5, 'tier_2': 6, 'tier_3': 4, 'tier_4': 3}"
2024-08-05T07:00:00,5216,21,"{'tier_0': 2, 'tier_1': 5, 'tier_2': 6, 'tier_3': 4, 'tier_4': 4}"
2024-08-05T08:00:00,5217,19,"{'tier_0': 2, 'tier_1': 4, 'tier_2': 5, 'tier_3': 4, 'tier_4': 4}"
2024-08-05T09:00:00,5218,20,"{'tier_0': 2, 'tier_1': 4, 'tier_2': 6, 'tier_3': 4, 'tier_4': 4}"
2024-08-05T10:00:00,5219,20,"{'tier_0': 2, 'tier_1': 4, 'tier_2': 6, 'tier_3': 4, 'tier_4': 4}"
2024-08-05T11:00:00,5220,20,"{'tier_0': 3, 'tier_1': 4, 'tier_2': 6, 'tier_3': 4, 'tier_4': 3}"
2024-08-05T12:00:00,5221,20,"{'tier_0': 2, 'tier_1': 5, 'tier_2': 6, 'tier_3': 4, 'tier_4': 3}"
2024-08-05T13:00:00,5222,20,"{'tier_0': 2, 'tier_1': 5, 'tier_2': 6, 'tier_3': 4, 'tier_4': 3}"
2024-08-05T14:00:00,5223,19,"{'tier_0': 2, 'tier_1': 4, 'tier_2': 6, 'tier_3': 4, 'tier_4': 3}"
2024-08-05T15:00:00,5224,21,"{'tier_0': 3, 'tier_1': 4, 'tier_2': 6, 'tier_3': 4, 'tier_4': 4}"
2024-08-05T16:00:00,5225,20,"{'tier_0': 2, 'tier_1': 4, 'tier_2': 6, 'tier_3': 4, 'tier_4': 4}"
2024-08-05T17:00:00,5226,20,"{'tier_0': 3, 'tier_1': 4, 'tier_2': 6, 'tier_3': 4, 'tier_4': 3}"
2024-08-05T18:00:00,5227,21,"{'tier_0': 2, 'tier_1': 5, 'tier_2': 6, 'tier_3': 5, 'tier_4': 3}"
2024-08-05T19:00:00,5228,20,"{'tier_0': 2, 'tier_1': 4, 'tier_2': 6, 'tier_3': 4, 'tier_4': 4}"
2024-08-05T20:00:00,5229,20,"{'tier_0': 2, 'tier_1': 4, 'tier_2': 6, 'tier_3': 4, 'tier_4': 4}"
2024-08-05T21:00:00,5230,21,"{'tier_0': 4, 'tier_1': 3, 'tier_2': 6, 'tier_3': 4, 'tier_4': 4}"
2024-08-05T22:00:00,5231,20,"{'tier_0': 2, 'tier_1': 5, 'tier_2': 6, 'tier_3': 4, 'tier_4': 3}"
2024-08-05T23:00:00,5232,20,"{'tier_0': 2, 'tier_1': 4, 'tier_2': 6, 'tier_3': 4, 'tier_4': 4}"
2024-08-06T00:00:00,5233,21,"{'tier_0': 3, 'tier_1': 4, 'tier_2': 6, 'tier_3': 4, 'tier_4': 4}"
2024-08-06T01:00:00,5234,20,"{'tier_0': 2, 'tier_1': 4, 'tier_2': 6, 'tier_3': 4, 'tier_4': 4}"
2024-08-06T02:00:00,5235,21,"{'tier_0': 2, 'tier_1': 5, 'tier_2': 6, 'tier_3': 4, 'tier_4': 4}"
2024-08-06T03:00:00,5236,18,"{'tier_0': 2, 'tier_1': 4, 'tier_2': 5, 'tier_3': 4, 'tier_4': 3}"
2024-08-06T04:00:00,5237,19,"{'tier_0': 2, 'tier_1': 4, 'tier_2': 5, 'tier_3': 4, 'tier_4': 4}"
2024-08-06T05:00:00,5238,20,"{'tier_0': 2, 'tier_1': 4, 'tier_2': 6, 'tier_3': 4, 'tier_4': 4}"
2024-08-06T06:00:00,5239,20,"{'tier_0': 2, 'tier_1': 4, 'tier_2': 6, 'tier_3': 4, 'tier_4': 4}"
2024-08-06T07:00:00,5240,18,"{'tier_0': 2, 'tier_1': 4, 'tier_2': 5, 'tier_3': 4, 'tier_4': 3}"
2024-08-06T08:00:00,5241,20,"{'tier_0': 2, 'tier_1': 4, 'tier_2': 6, 'tier_3': 4, 'tier_4': 4}"
2024-08-06T09:00:00,5242,20,"{'tier_0': 2, 'tier_1': 4, 'tier_2': 6, 'tier_3': 4, 'tier_4': 4}"
2024-08-06T10:00:00,5243,20,"{'tier_0': 2, 'tier_1': 4, 'tier_2': 6, 'tier_3': 4, 'tier_4': 4}"
2024-08-06T11:00:00,5244,21,"{'tier_0': 2, 'tier_1': 5, 'tier_2': 6, 'tier_3': 5, 'tier_4': 3}"
2024-08-06T12:00:00,5245,20,"{'tier_0': 3, 'tier_1': 4, 'tier_2': 6, 'tier_3': 4, 'tier_4': 3}"
2024-08-06T13:00:00,5246,20,"{'tier_0': 2, 'tier_1': 4, 'tier_2': 6, 'tier_3': 4, 'tier_4': 4}"
2024-08-06T14:00:00,5247,20,"{'tier_0': 2, 'tier_1': 5, 'tier_2': 6, 'tier_3': 4, 'tier_4': 3}"
2024-08-06T15:00:00,5248,21,"{'tier_0': 3, 'tier_1': 4, 'tier_2': 6, 'tier_3': 4, 'tier_4': 4}"
2024-08-06T16:00:00,5249,21,"{'tier_0': 2, 'tier_1': 5, 'tier_2': 6, 'tier_3': 4, 'tier_4': 4}"
2024-08-06T17:00:00,5250,20,"{'tier_0': 2, 'tier_1': 4, 'tier_2': 6, 'tier_3': 4, 'tier_4': 4}"
2024-08-06T18:00:00,5251,21,"{'tier_0': 2, 'tier_1': 5, 'tier_2': 6, 'tier_3': 4, 'tier_4': 4}"
2024-08-06T19:00:00,5252,20,"{'tier_0': 2, 'tier_1': 4, 'tier_2': 6, 'tier_3': 4, 'tier_4': 4}"
2024-08-06T20:00:00,5253,20,"{'tier_0': 2, 'tier_1': 5, 'tier_2': 6, 'tier_3': 4, 'tier_4': 3}"
2024-08-06T21:00:00,5254,20,"{'tier_0': 2, 'tier_1': 5, 'tier_2': 6, 'tier_3': 4, 'tier_4': 3}"
2024-08-06T22:00:00,5255,20,"{'tier_0': 2, 'tier_1': 5, 'tier_2': 6, 'tier_3': 4, 'tier_4': 3}"
2024-08-06T23:00:00,5256,20,"{'tier_0': 2, 'tier_1': 5, 'tier_2': 6, 'tier_3': 4, 'tier_4': 3}"
2024-08-07T00:00:00,5257,21,"{'tier_0': 3, 'tier_1': 4, 'tier_2': 6, 'tier_3': 4, 'tier_4': 4}"
2024-08-07T01:00:00,5258,21,"{'tier_0': 2, 'tier_1': 5, 'tier_2': 6, 'tier_3': 5, 'tier_4': 3}"
2024-08-07T02:00:00,5259,20,"{'tier_0': 3, 'tier_1': 4, 'tier_2': 6, 'tier_3': 4, 'tier_4': 3}"
2024-08-07T03:00:00,5260,20,"{'tier_0': 2, 'tier_1': 5, 'tier_2': 6, 'tier_3': 4, 'tier_4': 3}"
2024-08-07T04:00:00,5261,21,"{'tier_0': 2, 'tier_1': 5, 'tier_2': 6, 'tier_3': 5, 'tier_4': 3}"
2024-08-07T05:00:00,5262,20,"{'tier_0': 2, 'tier_1': 5, 'tier_2': 6, 'tier_3': 4, 'tier_4': 3}"
2024-08-07T06:00:00,5263,20,"{'tier_0': 2, 'tier_1': 5, 'tier_2': 6, 'tier_3': 4, 'tier_4': 3}"
2024-08-07T07:00:00,5264,20,"{'tier_0': 2, 'tier_1': 4, 'tier_2': 6, 'tier_3': 4, 'tier_4': 4}"
2024-08-07T08:00:00,5265,20,"{'tier_0': 2, 'tier_1': 4, 'tier_2': 6, 'tier_3': 4, 'tier_4': 4}"
2024-08-07T09:00:00,5266,20,"{'tier_0': 2, 'tier_1': 5, 'tier_2': 6, 'tier_3': 4, 'tier_4': 3}"
2024-08-07T10:00:00,5267,20,"{'tier_0': 2, 'tier_1': 4, 'tier_2': 6, 'tier_3': 4, 'tier_4': 4}"
2024-08-07T11:00:00,5268,20,"{'tier_0': 2, 'tier_1': 5, 'tier_2': 6, 'tier_3': 4, 'tier_4': 3}"
2024-08-07T12:00:00,5269,21,"{'tier_0': 3, 'tier_1': 4, 'tier_2': 6, 'tier_3': 4, 'tier_4': 4}"
2024-08-07T13:00:00,5270,19,"{'tier_0': 2, 'tier_1': 4, 'tier_2': 5, 'tier_3': 4, 'tier_4': 4}"
2024-08-07T14:00:00,5271,19,"{'tier_0': 3, 'tier_1': 3, 'tier_2': 5, 'tier_3': 4, 'tier_4': 4}"
2024-08-07T15:00:00,5272,21,"{'tier_0': 2, 'tier_1': 5, 'tier_2': 6, 'tier_3': 4, 'tier_4': 4}"
2024-08-07T16:00:00,5273,20,"{'tier_0': 2, 'tier_1': 4, 'tier_2': 6, 'tier_3': 4, 'tier_4': 4}"
2024-08-07T17:00:00,5274,19,"{'tier_0': 3, 'tier_1': 3, 'tier_2': 5, 'tier_3': 4, 'tier_4': 4}"
2024-08-07T18:00:00,5275,18,"{'tier_0': 2, 'tier_1': 4, 'tier_2': 5, 'tier_3': 4, 'tier_4': 3}"
2024-08-07T19:00:00,5276,20,"{'tier_0': 2, 'tier_1': 4, 'tier_2': 6, 'tier_3': 4, 'tier_4': 4}"
2024-08-07T20:00:00,5277,20,"{'tier_0': 2, 'tier_1': 5, 'tier_2': 6, 'tier_3': 4, 'tier_4': 3}"
2024-08-07T21:00:00,5278,21,"{'tier_0': 2, 'tier_1': 4, 'tier_2': 6, 'tier_3': 5, 'tier_4': 4}"
2024-08-07T22:00:00,5279,21,"{'tier_0': 2, 'tier_1': 5, 'tier_2': 6, 'tier_3': 4, 'tier_4': 4}"
2024-08-07T23:00:00,5280,21,"{'tier_0': 2, 'tier_1': 5, 'tier_2': 6, 'tier_3': 4, 'tier_4': 4}"
2024-08-08T00:00:00,5281,20,"{'tier_0': 2, 'tier_1': 4, 'tier_2': 5, 'tier_3': 5, 'tier_4': 4}"
2024-08-08T01:00:00,5282,20,"{'tier_0': 2, 'tier_1': 4, 'tier_2': 6, 'tier_3': 4, 'tier_4': 4}"
2024-08-08T02:00:00,5283,20,"{'tier_0': 2, 'tier_1': 5, 'tier_2': 6, 'tier_3': 4, 'tier_4': 3}"
2024-08-08T03:00:00,5284,20,"{'tier_0': 2, 'tier_1': 4, 'tier_2': 6, 'tier_3': 4, 'tier_4': 4}"
2024-08-08T04:00:00,5285,20,"{'tier_0': 3, 'tier_1': 3, 'tier_2': 6, 'tier_3': 4, 'tier_4': 4}"
2024-08-08T05:00:00,5286,20,"{'tier_0': 2, 'tier_1': 5, 'tier_2': 6, 'tier_3': 4, 'tier_4': 3}"
2024-08-08T06:00:00,5287,20,"{'tier_0': 2, 'tier_1': 4, 'tier_2': 6, 'tier_3': 4, 'tier_4': 4}"
2024-08-08T07:00:00,5288,18,"{'tier_0': 2, 'tier_1': 4, 'tier_2': 5, 'tier_3': 4, 'tier_4': 3}"
2024-08-08T08:00:00,5289,18,"{'tier_0': 2, 'tier_1': 4, 'tier_2': 5, 'tier_3': 4, 'tier_4': 3}"
2024-08-08T09:00:00,5290,21,"{'tier_0': 2, 'tier_1': 5, 'tier_2': 6, 'tier_3': 4, 'tier_4': 4}"
2024-08-08T10:00:00,5291,20,"{'tier_0': 2, 'tier_1': 5, 'tier_2': 6, 'tier_3': 4, 'tier_4': 3}"
2024-08-08T11:00:00,5292,18,"{'tier_0': 2, 'tier_1': 4, 'tier_2': 5, 'tier_3': 4, 'tier_4': 3}"
2024-08-08T12:00:00,5293,20,"{'tier_0': 2, 'tier_1': 5, 'tier_2': 6, 'tier_3': 4, 'tier_4': 3}"
2024-08-08T13:00:00,5294,20,"{'tier_0': 3, 'tier_1': 3, 'tier_2': 6, 'tier_3': 4, 'tier_4': 4}"
2024-08-08T14:00:00,5295,20,"{'tier_0': 2, 'tier_1': 5, 'tier_2': 6, 'tier_3': 4, 'tier_4': 3}"
2024-08-08T15:00:00,5296,18,"{'tier_0': 2, 'tier_1': 4, 'tier_2': 5, 'tier_3': 4, 'tier_4': 3}"
2024-08-08T16:00:00,5297,19,"{'tier_0': 2, 'tier_1': 4, 'tier_2': 6, 'tier_3': 4, 'tier_4': 3}"
2024-08-08T17:00:00,5298,19,"{'tier_0': 2, 'tier_1': 4, 'tier_2': 6, 'tier_3': 4, 'tier_4': 3}"
2024-08-08T18:00:00,5299,21,"{'tier_0': 2, 'tier_1': 5, 'tier_2': 6, 'tier_3': 5, 'tier_4': 3}"
2024-08-08T19:00:00,5300,20,"{'tier_0': 2, 'tier_1': 4, 'tier_2': 6, 'tier_3': 4, 'tier_4': 4}"
2024-08-08T20:00:00,5301,18,"{'tier_0': 2, 'tier_1': 4, 'tier_2': 5, 'tier_3': 4, 'tier_4': 3}"
2024-08-08T21:00:00,5302,20,"{'tier_0': 2, 'tier_1': 5, 'tier_2': 6, 'tier_3': 4, 'tier_4': 3}"
2024-08-08T22:00:00,5303,20,"{'tier_0': 2, 'tier_1': 5, 'tier_2': 6, 'tier_3': 4, 'tier_4': 3}"
2024-08-08T23:00:00,5304,20,"{'tier_0': 2, 'tier_1': 5, 'tier_2': 6, 'tier_3': 4, 'tier_4': 3}"
2024-08-09T00:00:00,5305,20,"{'tier_0': 2, 'tier_1': 5, 'tier_2': 6, 'tier_3': 4, 'tier_4': 3}"
2024-08-09T01:00:00,5306,20,"{'tier_0': 2, 'tier_1': 4, 'tier_2': 6, 'tier_3': 4, 'tier_4': 4}"
2024-08-09T02:00:00,5307,20,"{'tier_0': 2, 'tier_1': 4, 'tier_2': 6, 'tier_3': 4, 'tier_4': 4}"
2024-08-09T03:00:00,5308,19,"{'tier_0': 2, 'tier_1': 4, 'tier_2': 5, 'tier_3': 4, 'tier_4': 4}"
2024-08-09T04:00:00,5309,21,"{'tier_0': 3, 'tier_1': 4, 'tier_2': 6, 'tier_3': 4, 'tier_4': 4}"
2024-08-09T05:00:00,5310,19,"{'tier_0': 2, 'tier_1': 4, 'tier_2': 6, 'tier_3': 4, 'tier_4': 3}"
2024-08-09T06:00:00,5311,19,"{'tier_0': 2, 'tier_1': 4, 'tier_2': 6, 'tier_3': 4, 'tier_4': 3}"
2024-08-09T07:00:00,5312,20,"{'tier_0': 2, 'tier_1': 5, 'tier_2': 6, 'tier_3': 4, 'tier_4': 3}"
2024-08-09T08:00:00,5313,20,"{'tier_0': 2, 'tier_1': 5, 'tier_2': 6, 'tier_3': 4, 'tier_4': 3}"
2024-08-09T09:00:00,5314,20,"{'tier_0': 2, 'tier_1': 4, 'tier_2': 6, 'tier_3': 4, 'tier_4': 4}"
2024-08-09T10:00:00,5315,21,"{'tier_0': 2, 'tier_1': 5, 'tier_2': 6, 'tier_3': 4, 'tier_4': 4}"
2024-08-09T11:00:00,5316,20,"{'tier_0': 2, 'tier_1': 4, 'tier_2': 6, 'tier_3': 4, 'tier_4': 4}"
2024-08-09T12:00:00,5317,20,"{'tier_0': 2, 'tier_1': 5, 'tier_2': 6, 'tier_3': 4, 'tier_4': 3}"
2024-08-09T13:00:00,5318,21,"{'tier_0': 2, 'tier_1': 5, 'tier_2': 6, 'tier_3': 4, 'tier_4': 4}"
2024-08-09T14:00:00,5319,21,"{'tier_0': 2, 'tier_1': 5, 'tier_2': 6, 'tier_3': 4, 'tier_4': 4}"
2024-08-09T15:00:00,5320,20,"{'tier_0': 2, 'tier_1': 5, 'tier_2': 6, 'tier_3': 4, 'tier_4': 3}"
2024-08-09T16:00:00,5321,20,"{'tier_0': 2, 'tier_1': 5, 'tier_2': 6, 'tier_3': 4, 'tier_4': 3}"
2024-08-09T17:00:00,5322,19,"{'tier_0': 2, 'tier_1': 4, 'tier_2': 6, 'tier_3': 4, 'tier_4': 3}"
2024-08-09T18:00:00,5323,20,"{'tier_0': 3, 'tier_1': 4, 'tier_2': 6, 'tier_3': 4, 'tier_4': 3}"
2024-08-09T19:00:00,5324,19,"{'tier_0': 2, 'tier_1': 4, 'tier_2': 6, 'tier_3': 4, 'tier_4': 3}"
2024-08-09T20:00:00,5325,20,"{'tier_0': 2, 'tier_1': 5, 'tier_2': 6, 'tier_3': 4, 'tier_4': 3}"
2024-08-09T21:00:00,5326,20,"{'tier_0': 2, 'tier_1': 4, 'tier_2': 6, 'tier_3': 4, 'tier_4': 4}"
2024-08-09T22:00:00,5327,20,"{'tier_0': 2, 'tier_1': 5, 'tier_2': 6, 'tier_3': 4, 'tier_4': 3}"
2024-08-09T23:00:00,5328,20,"{'tier_0': 2, 'tier_1': 5, 'tier_2': 6, 'tier_3': 4, 'tier_4': 3}"
2024-08-10T00:00:00,5329,19,"{'tier_0': 2, 'tier_1': 4, 'tier_2': 6, 'tier_3': 4, 'tier_4': 3}"
2024-08-10T01:00:00,5330,21,"{'tier_0': 2, 'tier_1': 5, 'tier_2': 6, 'tier_3': 4, 'tier_4': 4}"
2024-08-10T02:00:00,5331,20,"{'tier_0': 2, 'tier_1': 5, 'tier_2': 6, 'tier_3': 4, 'tier_4': 3}"
2024-08-10T03:00:00,5332,18,"{'tier_0': 2, 'tier_1': 4, 'tier_2': 5, 'tier_3': 4, 'tier_4': 3}"
2024-08-10T04:00:00,5333,20,"{'tier_0': 3, 'tier_1': 4, 'tier_2': 6, 'tier_3': 4, 'tier_4': 3}"
2024-08-10T05:00:00,5334,20,"{'tier_0': 2, 'tier_1': 5, 'tier_2': 6, 'tier_3': 4, 'tier_4': 3}"
2024-08-10T06:00:00,5335,21,"{'tier_0': 2, 'tier_1': 5, 'tier_2': 6, 'tier_3': 4, 'tier_4': 4}"
2024-08-10T07:00:00,5336,20,"{'tier_0': 2, 'tier_1': 4, 'tier_2': 6, 'tier_3': 4, 'tier_4': 4}"
2024-08-10T08:00:00,5337,19,"{'tier_0': 2, 'tier_1': 4, 'tier_2': 6, 'tier_3': 4, 'tier_4': 3}"
2024-08-10T09:00:00,5338,20,"{'tier_0': 2, 'tier_1': 5, 'tier_2': 6, 'tier_3': 4, 'tier_4': 3}"
2024-08-10T10:00:00,5339,21,"{'tier_0': 2, 'tier_1': 5, 'tier_2': 6, 'tier_3': 4, 'tier_4': 4}"
2024-08-10T11:00:00,5340,21,"{'tier_0': 2, 'tier_1': 5, 'tier_2': 6, 'tier_3': 4, 'tier_4': 4}"
2024-08-10T12:00:00,5341,21,"{'tier_0': 2, 'tier_1': 4, 'tier_2': 6, 'tier_3': 5, 'tier_4': 4}"
2024-08-10T13:00:00,5342,19,"{'tier_0': 2, 'tier_1': 4, 'tier_2': 5, 'tier_3': 4, 'tier_4': 4}"
2024-08-10T14:00:00,5343,20,"{'tier_0': 2, 'tier_1': 5, 'tier_2': 6, 'tier_3': 4, 'tier_4': 3}"
2024-08-10T15:00:00,5344,20,"{'tier_0': 2, 'tier_1': 5, 'tier_2': 6, 'tier_3': 4, 'tier_4': 3}"
2024-08-10T16:00:00,5345,20,"{'tier_0': 2, 'tier_1': 5, 'tier_2': 6, 'tier_3': 4, 'tier_4': 3}"
2024-08-10T17:00:00,5346,20,"{'tier_0': 2, 'tier_1': 4, 'tier_2': 6, 'tier_3': 4, 'tier_4': 4}"
2024-08-10T18:00:00,5347,21,"{'tier_0': 2, 'tier_1': 5, 'tier_2': 6, 'tier_3': 4, 'tier_4': 4}"
2024-08-10T19:00:00,5348,20,"{'tier_0': 2, 'tier_1': 5, 'tier_2': 6, 'tier_3': 4, 'tier_4': 3}"
2024-08-10T20:00:00,5349,18,"{'tier_0': 2, 'tier_1': 4, 'tier_2': 5, 'tier_3': 4, 'tier_4': 3}"
2024-08-10T21:00:00,5350,21,"{'tier_0': 2, 'tier_1': 4, 'tier_2': 6, 'tier_3': 5, 'tier_4': 4}"
2024-08-10T22:00:00,5351,20,"{'tier_0': 2, 'tier_1': 5, 'tier_2': 6, 'tier_3': 4, 'tier_4': 3}"
2024-08-10T23:00:00,5352,19,"{'tier_0': 1, 'tier_1': 5, 'tier_2': 5, 'tier_3': 4, 'tier_4': 4}"
2024-08-11T00:00:00,5353,20,"{'tier_0': 2, 'tier_1': 4, 'tier_2': 6, 'tier_3': 4, 'tier_4': 4}"
2024-08-11T01:00:00,5354,20,"{'tier_0': 2, 'tier_1': 5, 'tier_2': 6, 'tier_3': 4, 'tier_4': 3}"
2024-08-11T02:00:00,5355,18,"{'tier_0': 2, 'tier_1': 4, 'tier_2': 5, 'tier_3': 4, 'tier_4': 3}"
2024-08-11T03:00:00,5356,18,"{'tier_0': 2, 'tier_1': 4, 'tier_2': 5, 'tier_3': 4, 'tier_4': 3}"
2024-08-11T04:00:00,5357,21,"{'tier_0': 2, 'tier_1': 5, 'tier_2': 6, 'tier_3': 4, 'tier_4': 4}"
2024-08-11T05:00:00,5358,20,"{'tier_0': 2, 'tier_1': 5, 'tier_2': 6, 'tier_3': 4, 'tier_4': 3}"
2024-08-11T06:00:00,5359,20,"{'tier_0': 2, 'tier_1': 5, 'tier_2': 6, 'tier_3': 4, 'tier_4': 3}"
2024-08-11T07:00:00,5360,20,"{'tier_0': 2, 'tier_1': 5, 'tier_2': 6, 'tier_3': 4, 'tier_4': 3}"
2024-08-11T08:00:00,5361,19,"{'tier_0': 2, 'tier_1': 4, 'tier_2': 5, 'tier_3': 4, 'tier_4': 4}"
2024-08-11T09:00:00,5362,20,"{'tier_0': 2, 'tier_1': 5, 'tier_2': 6, 'tier_3': 4, 'tier_4': 3}"
2024-08-11T10:00:00,5363,20,"{'tier_0': 2, 'tier_1': 5, 'tier_2': 6, 'tier_3': 4, 'tier_4': 3}"
2024-08-11T11:00:00,5364,20,"{'tier_0': 3, 'tier_1': 3, 'tier_2': 6, 'tier_3': 4, 'tier_4': 4}"
2024-08-11T12:00:00,5365,20,"{'tier_0': 3, 'tier_1': 4, 'tier_2': 6, 'tier_3': 4, 'tier_4': 3}"
2024-08-11T13:00:00,5366,20,"{'tier_0': 2, 'tier_1': 4, 'tier_2': 6, 'tier_3': 4, 'tier_4': 4}"
2024-08-11T14:00:00,5367,20,"{'tier_0': 2, 'tier_1': 4, 'tier_2': 6, 'tier_3': 4, 'tier_4': 4}"
2024-08-11T15:00:00,5368,20,"{'tier_0': 2, 'tier_1': 5, 'tier_2': 6, 'tier_3': 4, 'tier_4': 3}"
2024-08-11T16:00:00,5369,19,"{'tier_0': 1, 'tier_1': 5, 'tier_2': 5, 'tier_3': 4, 'tier_4': 4}"
2024-08-11T17:00:00,5370,20,"{'tier_0': 3, 'tier_1': 4, 'tier_2': 6, 'tier_3': 4, 'tier_4': 3}"
2024-08-11T18:00:00,5371,21,"{'tier_0': 2, 'tier_1': 5, 'tier_2': 6, 'tier_3': 4, 'tier_4': 4}"
2024-08-11T19:00:00,5372,21,"{'tier_0': 2, 'tier_1': 5, 'tier_2': 6, 'tier_3': 4, 'tier_4': 4}"
2024-08-11T20:00:00,5373,20,"{'tier_0': 2, 'tier_1': 4, 'tier_2': 6, 'tier_3': 4, 'tier_4': 4}"
2024-08-11T21:00:00,5374,21,"{'tier_0': 2, 'tier_1': 5, 'tier_2': 6, 'tier_3': 5, 'tier_4': 3}"
2024-08-11T22:00:00,5375,20,"{'tier_0': 2, 'tier_1': 4, 'tier_2': 6, 'tier_3': 4, 'tier_4': 4}"
2024-08-11T23:00:00,5376,20,"{'tier_0': 2, 'tier_1': 5, 'tier_2': 6, 'tier_3': 4, 'tier_4': 3}"
2024-08-12T00:00:00,5377,21,"{'tier_0': 2, 'tier_1': 5, 'tier_2': 6, 'tier_3': 4, 'tier_4': 4}"
2024-08-12T01:00:00,5378,20,"{'tier_0': 3, 'tier_1': 4, 'tier_2': 6, 'tier_3': 4, 'tier_4': 3}"
2024-08-12T02:00:00,5379,20,"{'tier_0': 2, 'tier_1': 4, 'tier_2': 6, 'tier_3': 4, 'tier_4': 4}"
2024-08-12T03:00:00,5380,20,"{'tier_0': 3, 'tier_1': 3, 'tier_2': 6, 'tier_3': 4, 'tier_4': 4}"
2024-08-12T04:00:00,5381,18,"{'tier_0': 2, 'tier_1': 4, 'tier_2': 5, 'tier_3': 4, 'tier_4': 3}"
2024-08-12T05:00:00,5382,20,"{'tier_0': 2, 'tier_1': 5, 'tier_2': 6, 'tier_3': 4, 'tier_4': 3}"
2024-08-12T06:00:00,5383,20,"{'tier_0': 2, 'tier_1': 5, 'tier_2': 6, 'tier_3': 4, 'tier_4': 3}"
2024-08-12T07:00:00,5384,20,"{'tier_0': 2, 'tier_1': 5, 'tier_2': 6, 'tier_3': 4, 'tier_4': 3}"
2024-08-12T08:00:00,5385,19,"{'tier_0': 2, 'tier_1': 4, 'tier_2': 6, 'tier_3': 4, 'tier_4': 3}"
2024-08-12T09:00:00,5386,19,"{'tier_0': 2, 'tier_1': 4, 'tier_2': 5, 'tier_3': 4, 'tier_4': 4}"
2024-08-12T10:00:00,5387,20,"{'tier_0': 2, 'tier_1': 5, 'tier_2': 6, 'tier_3': 4, 'tier_4': 3}"
2024-08-12T11:00:00,5388,21,"{'tier_0': 2, 'tier_1': 4, 'tier_2': 6, 'tier_3': 5, 'tier_4': 4}"
2024-08-12T12:00:00,5389,20,"{'tier_0': 2, 'tier_1': 5, 'tier_2': 6, 'tier_3': 4, 'tier_4': 3}"
2024-08-12T13:00:00,5390,21,"{'tier_0': 2, 'tier_1': 5, 'tier_2': 6, 'tier_3': 4, 'tier_4': 4}"
2024-08-12T14:00:00,5391,20,"{'tier_0': 2, 'tier_1': 5, 'tier_2': 6, 'tier_3': 4, 'tier_4': 3}"
2024-08-12T15:00:00,5392,20,"{'tier_0': 2, 'tier_1': 5, 'tier_2': 6, 'tier_3': 4, 'tier_4': 3}"
2024-08-12T16:00:00,5393,20,"{'tier_0': 2, 'tier_1': 4, 'tier_2': 6, 'tier_3': 4, 'tier_4': 4}"
2024-08-12T17:00:00,5394,21,"{'tier_0': 2, 'tier_1': 4, 'tier_2': 6, 'tier_3': 5, 'tier_4': 4}"
2024-08-12T18:00:00,5395,20,"{'tier_0': 2, 'tier_1': 4, 'tier_2': 6, 'tier_3': 4, 'tier_4': 4}"
2024-08-12T19:00:00,5396,20,"{'tier_0': 2, 'tier_1': 5, 'tier_2': 6, 'tier_3': 4, 'tier_4': 3}"
2024-08-12T20:00:00,5397,18,"{'tier_0': 2, 'tier_1': 4, 'tier_2': 5, 'tier_3': 4, 'tier_4': 3}"
2024-08-12T21:00:00,5398,21,"{'tier_0': 2, 'tier_1': 4, 'tier_2': 6, 'tier_3': 4, 'tier_4': 5}"
2024-08-12T22:00:00,5399,20,"{'tier_0': 2, 'tier_1': 4, 'tier_2': 6, 'tier_3': 4, 'tier_4': 4}"
2024-08-12T23:00:00,5400,21,"{'tier_0': 2, 'tier_1': 5, 'tier_2': 6, 'tier_3': 4, 'tier_4': 4}"
2024-08-13T00:00:00,5401,19,"{'tier_0': 2, 'tier_1': 4, 'tier_2': 5, 'tier_3': 4, 'tier_4': 4}"
2024-08-13T01:00:00,5402,20,"{'tier_0': 2, 'tier_1': 5, 'tier_2': 6, 'tier_3': 4, 'tier_4': 3}"
2024-08-13T02:00:00,5403,21,"{'tier_0': 2, 'tier_1': 5, 'tier_2': 6, 'tier_3': 4, 'tier_4': 4}"
2024-08-13T03:00:00,5404,19,"{'tier_0': 2, 'tier_1': 4, 'tier_2': 5, 'tier_3': 4, 'tier_4': 4}"
2024-08-13T04:00:00,5405,20,"{'tier_0': 2, 'tier_1': 4, 'tier_2': 6, 'tier_3': 4, 'tier_4': 4}"
2024-08-13T05:00:00,5406,20,"{'tier_0': 2, 'tier_1': 5, 'tier_2': 6, 'tier_3': 4, 'tier_4': 3}"
2024-08-13T06:00:00,5407,20,"{'tier_0': 2, 'tier_1': 4, 'tier_2': 6, 'tier_3': 4, 'tier_4': 4}"
2024-08-13T07:00:00,5408,19,"{'tier_0': 2, 'tier_1': 4, 'tier_2': 6, 'tier_3': 4, 'tier_4': 3}"
2024-08-13T08:00:00,5409,20,"{'tier_0': 2, 'tier_1': 5, 'tier_2': 6, 'tier_3': 4, 'tier_4': 3}"
2024-08-13T09:00:00,5410,20,"{'tier_0': 2, 'tier_1': 5, 'tier_2': 6, 'tier_3': 4, 'tier_4': 3}"
2024-08-13T10:00:00,5411,20,"{'tier_0': 2, 'tier_1': 5, 'tier_2': 6, 'tier_3': 4, 'tier_4': 3}"
2024-08-13T11:00:00,5412,20,"{'tier_0': 2, 'tier_1': 5, 'tier_2': 6, 'tier_3': 4, 'tier_4': 3}"
2024-08-13T12:00:00,5413,21,"{'tier_0': 2, 'tier_1': 5, 'tier_2': 6, 'tier_3': 4, 'tier_4': 4}"
2024-08-13T13:00:00,5414,18,"{'tier_0': 2, 'tier_1': 4, 'tier_2': 5, 'tier_3': 4, 'tier_4': 3}"
2024-08-13T14:00:00,5415,20,"{'tier_0': 2, 'tier_1': 4, 'tier_2': 6, 'tier_3': 4, 'tier_4': 4}"
2024-08-13T15:00:00,5416,20,"{'tier_0': 2, 'tier_1': 4, 'tier_2': 6, 'tier_3': 4, 'tier_4': 4}"
2024-08-13T16:00:00,5417,20,"{'tier_0': 2, 'tier_1': 4, 'tier_2': 6, 'tier_3': 4, 'tier_4': 4}"
2024-08-13T17:00:00,5418,20,"{'tier_0': 2, 'tier_1': 4, 'tier_2': 6, 'tier_3': 4, 'tier_4': 4}"
2024-08-13T18:00:00,5419,18,"{'tier_0': 2, 'tier_1': 4, 'tier_2': 5, 'tier_3': 4, 'tier_4': 3}"
2024-08-13T19:00:00,5420,20,"{'tier_0': 2, 'tier_1': 5, 'tier_2': 6, 'tier_3': 4, 'tier_4': 3}"
2024-08-13T20:00:00,5421,21,"{'tier_0': 2, 'tier_1': 5, 'tier_2': 6, 'tier_3': 4, 'tier_4': 4}"
2024-08-13T21:00:00,5422,20,"{'tier_0': 2, 'tier_1': 5, 'tier_2': 6, 'tier_3': 4, 'tier_4': 3}"
2024-08-13T22:00:00,5423,18,"{'tier_0': 3, 'tier_1': 3, 'tier_2': 5, 'tier_3': 4, 'tier_4': 3}"
2024-08-13T23:00:00,5424,19,"{'tier_0': 2, 'tier_1': 4, 'tier_2': 5, 'tier_3': 4, 'tier_4': 4}"
2024-08-14T00:00:00,5425,20,"{'tier_0': 2, 'tier_1': 4, 'tier_2': 6, 'tier_3': 4, 'tier_4': 4}"
2024-08-14T01:00:00,5426,20,"{'tier_0': 2, 'tier_1': 5, 'tier_2': 6, 'tier_3': 4, 'tier_4': 3}"
2024-08-14T02:00:00,5427,20,"{'tier_0': 2, 'tier_1': 4, 'tier_2': 6, 'tier_3': 4, 'tier_4': 4}"
2024-08-14T03:00:00,5428,20,"{'tier_0': 2, 'tier_1': 4, 'tier_2': 6, 'tier_3': 4, 'tier_4': 4}"
2024-08-14T04:00:00,5429,19,"{'tier_0': 2, 'tier_1': 4, 'tier_2': 5, 'tier_3': 4, 'tier_4': 4}"
2024-08-14T05:00:00,5430,20,"{'tier_0': 2, 'tier_1': 5, 'tier_2': 6, 'tier_3': 4, 'tier_4': 3}"
2024-08-14T06:00:00,5431,19,"{'tier_0': 2, 'tier_1': 4, 'tier_2': 6, 'tier_3': 4, 'tier_4': 3}"
2024-08-14T07:00:00,5432,21,"{'tier_0': 2, 'tier_1': 5, 'tier_2': 6, 'tier_3': 4, 'tier_4': 4}"
2024-08-14T08:00:00,5433,20,"{'tier_0': 2, 'tier_1': 4, 'tier_2': 5, 'tier_3': 5, 'tier_4': 4}"
2024-08-14T09:00:00,5434,20,"{'tier_0': 3, 'tier_1': 4, 'tier_2': 6, 'tier_3': 4, 'tier_4': 3}"
2024-08-14T10:00:00,5435,20,"{'tier_0': 2, 'tier_1': 4, 'tier_2': 6, 'tier_3': 4, 'tier_4': 4}"
2024-08-14T11:00:00,5436,20,"{'tier_0': 2, 'tier_1': 4, 'tier_2': 6, 'tier_3': 4, 'tier_4': 4}"
2024-08-14T12:00:00,5437,20,"{'tier_0': 2, 'tier_1': 5, 'tier_2': 6, 'tier_3': 4, 'tier_4': 3}"
2024-08-14T13:00:00,5438,20,"{'tier_0': 2, 'tier_1': 4, 'tier_2': 6, 'tier_3': 4, 'tier_4': 4}"
2024-08-14T14:00:00,5439,20,"{'tier_0': 2, 'tier_1': 5, 'tier_2': 6, 'tier_3': 4, 'tier_4': 3}"
2024-08-14T15:00:00,5440,20,"{'tier_0': 3, 'tier_1': 4, 'tier_2': 6, 'tier_3': 4, 'tier_4': 3}"
2024-08-14T16:00:00,5441,20,"{'tier_0': 2, 'tier_1': 4, 'tier_2': 6, 'tier_3': 4, 'tier_4': 4}"
2024-08-14T17:00:00,5442,20,"{'tier_0': 3, 'tier_1': 3, 'tier_2': 6, 'tier_3': 4, 'tier_4': 4}"
2024-08-14T18:00:00,5443,21,"{'tier_0': 2, 'tier_1': 5, 'tier_2': 6, 'tier_3': 4, 'tier_4': 4}"
2024-08-14T19:00:00,5444,21,"{'tier_0': 2, 'tier_1': 5, 'tier_2': 6, 'tier_3': 4, 'tier_4': 4}"
2024-08-14T20:00:00,5445,20,"{'tier_0': 2, 'tier_1': 5, 'tier_2': 6, 'tier_3': 4, 'tier_4': 3}"
2024-08-14T21:00:00,5446,21,"{'tier_0': 2, 'tier_1': 5, 'tier_2': 6, 'tier_3': 4, 'tier_4': 4}"
2024-08-14T22:00:00,5447,20,"{'tier_0': 2, 'tier_1': 4, 'tier_2': 6, 'tier_3': 4, 'tier_4': 4}"
2024-08-14T23:00:00,5448,18,"{'tier_0': 2, 'tier_1': 4, 'tier_2': 5, 'tier_3': 4, 'tier_4': 3}"
2024-08-15T00:00:00,5449,20,"{'tier_0': 2, 'tier_1': 4, 'tier_2': 6, 'tier_3': 4, 'tier_4': 4}"
2024-08-15T01:00:00,5450,21,"{'tier_0': 2, 'tier_1': 5, 'tier_2': 6, 'tier_3': 4, 'tier_4': 4}"
2024-08-15T02:00:00,5451,21,"{'tier_0': 2, 'tier_1': 5, 'tier_2': 6, 'tier_3': 4, 'tier_4': 4}"
2024-08-15T03:00:00,5452,20,"{'tier_0': 3, 'tier_1': 4, 'tier_2': 6, 'tier_3': 4, 'tier_4': 3}"
2024-08-15T04:00:00,5453,20,"{'tier_0': 2, 'tier_1': 4, 'tier_2': 6, 'tier_3': 4, 'tier_4': 4}"
2024-08-15T05:00:00,5454,20,"{'tier_0': 2, 'tier_1': 4, 'tier_2': 6, 'tier_3': 4, 'tier_4': 4}"
2024-08-15T06:00:00,5455,20,"{'tier_0': 2, 'tier_1': 5, 'tier_2': 6, 'tier_3': 4, 'tier_4': 3}"
2024-08-15T07:00:00,5456,20,"{'tier_0': 2, 'tier_1': 4, 'tier_2': 6, 'tier_3': 4, 'tier_4': 4}"
2024-08-15T08:00:00,5457,20,"{'tier_0': 2, 'tier_1': 5, 'tier_2': 6, 'tier_3': 4, 'tier_4': 3}"
2024-08-15T09:00:00,5458,20,"{'tier_0': 2, 'tier_1': 5, 'tier_2': 6, 'tier_3': 4, 'tier_4': 3}"
2024-08-15T10:00:00,5459,20,"{'tier_0': 2, 'tier_1': 5, 'tier_2': 6, 'tier_3': 4, 'tier_4': 3}"
2024-08-15T11:00:00,5460,20,"{'tier_0': 3, 'tier_1': 3, 'tier_2': 6, 'tier_3': 4, 'tier_4': 4}"
2024-08-15T12:00:00,5461,20,"{'tier_0': 2, 'tier_1': 5, 'tier_2': 6, 'tier_3': 4, 'tier_4': 3}"
2024-08-15T13:00:00,5462,21,"{'tier_0': 3, 'tier_1': 4, 'tier_2': 6, 'tier_3': 4, 'tier_4': 4}"
2024-08-15T14:00:00,5463,20,"{'tier_0': 2, 'tier_1': 5, 'tier_2': 6, 'tier_3': 4, 'tier_4': 3}"
2024-08-15T15:00:00,5464,20,"{'tier_0': 2, 'tier_1': 5, 'tier_2': 6, 'tier_3': 4, 'tier_4': 3}"
2024-08-15T16:00:00,5465,20,"{'tier_0': 3, 'tier_1': 3, 'tier_2': 6, 'tier_3': 4, 'tier_4': 4}"
2024-08-15T17:00:00,5466,19,"{'tier_0': 2, 'tier_1': 4, 'tier_2': 5, 'tier_3': 4, 'tier_4': 4}"
2024-08-15T18:00:00,5467,20,"{'tier_0': 2, 'tier_1': 5, 'tier_2': 6, 'tier_3': 4, 'tier_4': 3}"
2024-08-15T19:00:00,5468,20,"{'tier_0': 2, 'tier_1': 4, 'tier_2': 6, 'tier_3': 4, 'tier_4': 4}"
2024-08-15T20:00:00,5469,18,"{'tier_0': 2, 'tier_1': 4, 'tier_2': 5, 'tier_3': 4, 'tier_4': 3}"
2024-08-15T21:00:00,5470,20,"{'tier_0': 2, 'tier_1': 4, 'tier_2': 6, 'tier_3': 4, 'tier_4': 4}"
2024-08-15T22:00:00,5471,20,"{'tier_0': 2, 'tier_1': 5, 'tier_2': 6, 'tier_3': 4, 'tier_4': 3}"
2024-08-15T23:00:00,5472,21,"{'tier_0': 2, 'tier_1': 5, 'tier_2': 6, 'tier_3': 4, 'tier_4': 4}"
2024-08-16T00:00:00,5473,20,"{'tier_0': 2, 'tier_1': 5, 'tier_2': 6, 'tier_3': 4, 'tier_4': 3}"
2024-08-16T01:00:00,5474,20,"{'tier_0': 2, 'tier_1': 5, 'tier_2': 6, 'tier_3': 4, 'tier_4': 3}"
2024-08-16T02:00:00,5475,20,"{'tier_0': 2, 'tier_1': 4, 'tier_2': 6, 'tier_3': 4, 'tier_4': 4}"
2024-08-16T03:00:00,5476,19,"{'tier_0': 2, 'tier_1': 4, 'tier_2': 5, 'tier_3': 4, 'tier_4': 4}"
2024-08-16T04:00:00,5477,20,"{'tier_0': 3, 'tier_1': 4, 'tier_2': 6, 'tier_3': 4, 'tier_4': 3}"
2024-08-16T05:00:00,5478,20,"{'tier_0': 2, 'tier_1': 5, 'tier_2': 6, 'tier_3': 4, 'tier_4': 3}"
2024-08-16T06:00:00,5479,21,"{'tier_0': 3, 'tier_1': 4, 'tier_2': 6, 'tier_3': 4, 'tier_4': 4}"
2024-08-16T07:00:00,5480,20,"{'tier_0': 2, 'tier_1': 4, 'tier_2': 6, 'tier_3': 4, 'tier_4': 4}"
2024-08-16T08:00:00,5481,21,"{'tier_0': 2, 'tier_1': 5, 'tier_2': 6, 'tier_3': 4, 'tier_4': 4}"
2024-08-16T09:00:00,5482,20,"{'tier_0': 3, 'tier_1': 4, 'tier_2': 6, 'tier_3': 4, 'tier_4': 3}"
2024-08-16T10:00:00,5483,19,"{'tier_0': 2, 'tier_1': 4, 'tier_2': 6, 'tier_3': 4, 'tier_4': 3}"
2024-08-16T11:00:00,5484,21,"{'tier_0': 2, 'tier_1': 4, 'tier_2': 6, 'tier_3': 5, 'tier_4': 4}"
2024-08-16T12:00:00,5485,21,"{'tier_0': 2, 'tier_1': 5, 'tier_2': 6, 'tier_3': 4, 'tier_4': 4}"
2024-08-16T13:00:00,5486,20,"{'tier_0': 2, 'tier_1': 5, 'tier_2': 6, 'tier_3': 4, 'tier_4': 3}"
2024-08-16T14:00:00,5487,19,"{'tier_0': 2, 'tier_1': 4, 'tier_2': 5, 'tier_3': 4, 'tier_4': 4}"
2024-08-16T15:00:00,5488,21,"{'tier_0': 2, 'tier_1': 5, 'tier_2': 6, 'tier_3': 4, 'tier_4': 4}"
2024-08-16T16:00:00,5489,20,"{'tier_0': 2, 'tier_1': 4, 'tier_2': 6, 'tier_3': 4, 'tier_4': 4}"
2024-08-16T17:00:00,5490,20,"{'tier_0': 2, 'tier_1': 5, 'tier_2': 6, 'tier_3': 4, 'tier_4': 3}"
2024-08-16T18:00:00,5491,21,"{'tier_0': 2, 'tier_1': 5, 'tier_2': 6, 'tier_3': 4, 'tier_4': 4}"
2024-08-16T19:00:00,5492,20,"{'tier_0': 2, 'tier_1': 4, 'tier_2': 6, 'tier_3': 4, 'tier_4': 4}"
2024-08-16T20:00:00,5493,21,"{'tier_0': 2, 'tier_1': 5, 'tier_2': 6, 'tier_3': 4, 'tier_4': 4}"
2024-08-16T21:00:00,5494,20,"{'tier_0': 2, 'tier_1': 4, 'tier_2': 6, 'tier_3': 4, 'tier_4': 4}"
2024-08-16T22:00:00,5495,20,"{'tier_0': 2, 'tier_1': 4, 'tier_2': 6, 'tier_3': 4, 'tier_4': 4}"
2024-08-16T23:00:00,5496,20,"{'tier_0': 2, 'tier_1': 5, 'tier_2': 6, 'tier_3': 4, 'tier_4': 3}"
2024-08-17T00:00:00,5497,20,"{'tier_0': 2, 'tier_1': 4, 'tier_2': 6, 'tier_3': 4, 'tier_4': 4}"
2024-08-17T01:00:00,5498,20,"{'tier_0': 3, 'tier_1': 3, 'tier_2': 6, 'tier_3': 4, 'tier_4': 4}"
2024-08-17T02:00:00,5499,19,"{'tier_0': 2, 'tier_1': 4, 'tier_2': 5, 'tier_3': 4, 'tier_4': 4}"
2024-08-17T03:00:00,5500,21,"{'tier_0': 2, 'tier_1': 5, 'tier_2': 6, 'tier_3': 4, 'tier_4': 4}"
2024-08-17T04:00:00,5501,19,"{'tier_0': 2, 'tier_1': 4, 'tier_2': 5, 'tier_3': 5, 'tier_4': 3}"
2024-08-17T05:00:00,5502,21,"{'tier_0': 2, 'tier_1': 5, 'tier_2': 6, 'tier_3': 4, 'tier_4': 4}"
2024-08-17T06:00:00,5503,20,"{'tier_0': 2, 'tier_1': 5, 'tier_2': 6, 'tier_3': 4, 'tier_4': 3}"
2024-08-17T07:00:00,5504,20,"{'tier_0': 2, 'tier_1': 5, 'tier_2': 6, 'tier_3': 4, 'tier_4': 3}"
2024-08-17T08:00:00,5505,20,"{'tier_0': 2, 'tier_1': 5, 'tier_2': 6, 'tier_3': 4, 'tier_4': 3}"
2024-08-17T09:00:00,5506,19,"{'tier_0': 1, 'tier_1': 5, 'tier_2': 5, 'tier_3': 4, 'tier_4': 4}"
2024-08-17T10:00:00,5507,20,"{'tier_0': 3, 'tier_1': 4, 'tier_2': 6, 'tier_3': 4, 'tier_4': 3}"
2024-08-17T11:00:00,5508,20,"{'tier_0': 2, 'tier_1': 4, 'tier_2': 6, 'tier_3': 4, 'tier_4': 4}"
2024-08-17T12:00:00,5509,19,"{'tier_0': 2, 'tier_1': 4, 'tier_2': 6, 'tier_3': 4, 'tier_4': 3}"
2024-08-17T13:00:00,5510,20,"{'tier_0': 2, 'tier_1': 4, 'tier_2': 6, 'tier_3': 4, 'tier_4': 4}"
2024-08-17T14:00:00,5511,18,"{'tier_0': 2, 'tier_1': 4, 'tier_2': 5, 'tier_3': 4, 'tier_4': 3}"
2024-08-17T15:00:00,5512,21,"{'tier_0': 2, 'tier_1': 5, 'tier_2': 6, 'tier_3': 5, 'tier_4': 3}"
2024-08-17T16:00:00,5513,20,"{'tier_0': 2, 'tier_1': 5, 'tier_2': 6, 'tier_3': 4, 'tier_4': 3}"
2024-08-17T17:00:00,5514,20,"{'tier_0': 3, 'tier_1': 3, 'tier_2': 6, 'tier_3': 4, 'tier_4': 4}"
2024-08-17T18:00:00,5515,19,"{'tier_0': 2, 'tier_1': 4, 'tier_2': 6, 'tier_3': 4, 'tier_4': 3}"
2024-08-17T19:00:00,5516,20,"{'tier_0': 2, 'tier_1': 5, 'tier_2': 6, 'tier_3': 4, 'tier_4': 3}"
2024-08-17T20:00:00,5517,20,"{'tier_0': 3, 'tier_1': 3, 'tier_2': 6, 'tier_3': 4, 'tier_4': 4}"
2024-08-17T21:00:00,5518,20,"{'tier_0': 2, 'tier_1': 4, 'tier_2': 6, 'tier_3': 4, 'tier_4': 4}"
2024-08-17T22:00:00,5519,20,"{'tier_0': 2, 'tier_1': 5, 'tier_2': 6, 'tier_3': 4, 'tier_4': 3}"
2024-08-17T23:00:00,5520,20,"{'tier_0': 2, 'tier_1': 5, 'tier_2': 6, 'tier_3': 4, 'tier_4': 3}"
2024-08-18T00:00:00,5521,19,"{'tier_0': 2, 'tier_1': 4, 'tier_2': 5, 'tier_3': 4, 'tier_4': 4}"
2024-08-18T01:00:00,5522,20,"{'tier_0': 2, 'tier_1': 5, 'tier_2': 6, 'tier_3': 4, 'tier_4': 3}"
2024-08-18T02:00:00,5523,20,"{'tier_0': 3, 'tier_1': 3, 'tier_2': 6, 'tier_3': 4, 'tier_4': 4}"
2024-08-18T03:00:00,5524,21,"{'tier_0': 2, 'tier_1': 5, 'tier_2': 6, 'tier_3': 4, 'tier_4': 4}"
2024-08-18T04:00:00,5525,21,"{'tier_0': 2, 'tier_1': 5, 'tier_2': 6, 'tier_3': 4, 'tier_4': 4}"
2024-08-18T05:00:00,5526,19,"{'tier_0': 3, 'tier_1': 3, 'tier_2': 5, 'tier_3': 4, 'tier_4': 4}"
2024-08-18T06:00:00,5527,20,"{'tier_0': 2, 'tier_1': 4, 'tier_2': 6, 'tier_3': 4, 'tier_4': 4}"
2024-08-18T07:00:00,5528,20,"{'tier_0': 2, 'tier_1': 5, 'tier_2': 6, 'tier_3': 4, 'tier_4': 3}"
2024-08-18T08:00:00,5529,21,"{'tier_0': 3, 'tier_1': 4, 'tier_2': 6, 'tier_3': 4, 'tier_4': 4}"
2024-08-18T09:00:00,5530,20,"{'tier_0': 2, 'tier_1': 5, 'tier_2': 6, 'tier_3': 4, 'tier_4': 3}"
2024-08-18T10:00:00,5531,20,"{'tier_0': 2, 'tier_1': 4, 'tier_2': 6, 'tier_3': 4, 'tier_4': 4}"
2024-08-18T11:00:00,5532,20,"{'tier_0': 2, 'tier_1': 5, 'tier_2': 6, 'tier_3': 4, 'tier_4': 3}"
2024-08-18T12:00:00,5533,19,"{'tier_0': 2, 'tier_1': 4, 'tier_2': 6, 'tier_3': 4, 'tier_4': 3}"
2024-08-18T13:00:00,5534,21,"{'tier_0': 2, 'tier_1': 5, 'tier_2': 6, 'tier_3': 4, 'tier_4': 4}"
2024-08-18T14:00:00,5535,20,"{'tier_0': 3, 'tier_1': 4, 'tier_2': 6, 'tier_3': 4, 'tier_4': 3}"
2024-08-18T15:00:00,5536,19,"{'tier_0': 2, 'tier_1': 4, 'tier_2': 6, 'tier_3': 4, 'tier_4': 3}"
2024-08-18T16:00:00,5537,19,"{'tier_0': 2, 'tier_1': 4, 'tier_2': 6, 'tier_3': 4, 'tier_4': 3}"
2024-08-18T17:00:00,5538,18,"{'tier_0': 2, 'tier_1': 4, 'tier_2': 5, 'tier_3': 4, 'tier_4': 3}"
2024-08-18T18:00:00,5539,21,"{'tier_0': 3, 'tier_1': 4, 'tier_2': 6, 'tier_3': 4, 'tier_4': 4}"
2024-08-18T19:00:00,5540,20,"{'tier_0': 2, 'tier_1': 4, 'tier_2': 6, 'tier_3': 4, 'tier_4': 4}"
2024-08-18T20:00:00,5541,20,"{'tier_0': 2, 'tier_1': 5, 'tier_2': 6, 'tier_3': 4, 'tier_4': 3}"
2024-08-18T21:00:00,5542,20,"{'tier_0': 3, 'tier_1': 4, 'tier_2': 6, 'tier_3': 4, 'tier_4': 3}"
2024-08-18T22:00:00,5543,20,"{'tier_0': 2, 'tier_1': 4, 'tier_2': 6, 'tier_3': 4, 'tier_4': 4}"
2024-08-18T23:00:00,5544,20,"{'tier_0': 2, 'tier_1': 5, 'tier_2': 6, 'tier_3': 4, 'tier_4': 3}"
2024-08-19T00:00:00,5545,21,"{'tier_0': 2, 'tier_1': 5, 'tier_2': 6, 'tier_3': 4, 'tier_4': 4}"
2024-08-19T01:00:00,5546,20,"{'tier_0': 2, 'tier_1': 4, 'tier_2': 6, 'tier_3': 4, 'tier_4': 4}"
2024-08-19T02:00:00,5547,21,"{'tier_0': 2, 'tier_1': 5, 'tier_2': 6, 'tier_3': 4, 'tier_4': 4}"
2024-08-19T03:00:00,5548,20,"{'tier_0': 2, 'tier_1': 5, 'tier_2': 6, 'tier_3': 4, 'tier_4': 3}"
2024-08-19T04:00:00,5549,21,"{'tier_0': 5, 'tier_1': 2, 'tier_2': 6, 'tier_3': 4, 'tier_4': 4}"
2024-08-19T05:00:00,5550,20,"{'tier_0': 3, 'tier_1': 4, 'tier_2': 6, 'tier_3': 4, 'tier_4': 3}"
2024-08-19T06:00:00,5551,20,"{'tier_0': 2, 'tier_1': 4, 'tier_2': 6, 'tier_3': 4, 'tier_4': 4}"
2024-08-19T07:00:00,5552,20,"{'tier_0': 2, 'tier_1': 4, 'tier_2': 6, 'tier_3': 4, 'tier_4': 4}"
2024-08-19T08:00:00,5553,21,"{'tier_0': 2, 'tier_1': 5, 'tier_2': 6, 'tier_3': 4, 'tier_4': 4}"
2024-08-19T09:00:00,5554,20,"{'tier_0': 3, 'tier_1': 4, 'tier_2': 6, 'tier_3': 4, 'tier_4': 3}"
2024-08-19T10:00:00,5555,19,"{'tier_0': 3, 'tier_1': 3, 'tier_2': 5, 'tier_3': 4, 'tier_4': 4}"
2024-08-19T11:00:00,5556,20,"{'tier_0': 2, 'tier_1': 5, 'tier_2': 6, 'tier_3': 4, 'tier_4': 3}"
2024-08-19T12:00:00,5557,20,"{'tier_0': 2, 'tier_1': 4, 'tier_2': 6, 'tier_3': 4, 'tier_4': 4}"
2024-08-19T13:00:00,5558,20,"{'tier_0': 2, 'tier_1': 4, 'tier_2': 6, 'tier_3': 4, 'tier_4': 4}"
2024-08-19T14:00:00,5559,21,"{'tier_0': 3, 'tier_1': 4, 'tier_2': 6, 'tier_3': 4, 'tier_4': 4}"
2024-08-19T15:00:00,5560,20,"{'tier_0': 3, 'tier_1': 3, 'tier_2': 6, 'tier_3': 4, 'tier_4': 4}"
2024-08-19T16:00:00,5561,20,"{'tier_0': 3, 'tier_1': 4, 'tier_2': 6, 'tier_3': 4, 'tier_4': 3}"
2024-08-19T17:00:00,5562,21,"{'tier_0': 2, 'tier_1': 5, 'tier_2': 6, 'tier_3': 4, 'tier_4': 4}"
2024-08-19T18:00:00,5563,20,"{'tier_0': 2, 'tier_1': 5, 'tier_2': 6, 'tier_3': 4, 'tier_4': 3}"
2024-08-19T19:00:00,5564,19,"{'tier_0': 1, 'tier_1': 5, 'tier_2': 5, 'tier_3': 4, 'tier_4': 4}"
2024-08-19T20:00:00,5565,20,"{'tier_0': 2, 'tier_1': 4, 'tier_2': 6, 'tier_3': 4, 'tier_4': 4}"
2024-08-19T21:00:00,5566,20,"{'tier_0': 2, 'tier_1': 5, 'tier_2': 6, 'tier_3': 4, 'tier_4': 3}"
2024-08-19T22:00:00,5567,21,"{'tier_0': 2, 'tier_1': 5, 'tier_2': 6, 'tier_3': 4, 'tier_4': 4}"
2024-08-19T23:00:00,5568,21,"{'tier_0': 3, 'tier_1': 4, 'tier_2': 6, 'tier_3': 4, 'tier_4': 4}"
2024-08-20T00:00:00,5569,20,"{'tier_0': 2, 'tier_1': 5, 'tier_2': 6, 'tier_3': 4, 'tier_4': 3}"
2024-08-20T01:00:00,5570,21,"{'tier_0': 2, 'tier_1': 5, 'tier_2': 6, 'tier_3': 4, 'tier_4': 4}"
2024-08-20T02:00:00,5571,20,"{'tier_0': 2, 'tier_1': 4, 'tier_2': 6, 'tier_3': 4, 'tier_4': 4}"
2024-08-20T03:00:00,5572,19,"{'tier_0': 2, 'tier_1': 4, 'tier_2': 5, 'tier_3': 4, 'tier_4': 4}"
2024-08-20T04:00:00,5573,20,"{'tier_0': 3, 'tier_1': 4, 'tier_2': 6, 'tier_3': 4, 'tier_4': 3}"
2024-08-20T05:00:00,5574,21,"{'tier_0': 2, 'tier_1': 4, 'tier_2': 6, 'tier_3': 5, 'tier_4': 4}"
2024-08-20T06:00:00,5575,21,"{'tier_0': 2, 'tier_1': 5, 'tier_2': 6, 'tier_3': 4, 'tier_4': 4}"
2024-08-20T07:00:00,5576,20,"{'tier_0': 2, 'tier_1': 4, 'tier_2': 6, 'tier_3': 4, 'tier_4': 4}"
2024-08-20T08:00:00,5577,20,"{'tier_0': 2, 'tier_1': 5, 'tier_2': 6, 'tier_3': 4, 'tier_4': 3}"
2024-08-20T09:00:00,5578,18,"{'tier_0': 2, 'tier_1': 4, 'tier_2': 5, 'tier_3': 4, 'tier_4': 3}"
2024-08-20T10:00:00,5579,19,"{'tier_0': 2, 'tier_1': 4, 'tier_2': 5, 'tier_3': 4, 'tier_4': 4}"
2024-08-20T11:00:00,5580,20,"{'tier_0': 2, 'tier_1': 5, 'tier_2': 6, 'tier_3': 4, 'tier_4': 3}"
2024-08-20T12:00:00,5581,20,"{'tier_0': 2, 'tier_1': 4, 'tier_2': 6, 'tier_3': 4, 'tier_4': 4}"
2024-08-20T13:00:00,5582,18,"{'tier_0': 2, 'tier_1': 4, 'tier_2': 5, 'tier_3': 4, 'tier_4': 3}"
2024-08-20T14:00:00,5583,21,"{'tier_0': 3, 'tier_1': 4, 'tier_2': 6, 'tier_3': 4, 'tier_4': 4}"
2024-08-20T15:00:00,5584,20,"{'tier_0': 3, 'tier_1': 3, 'tier_2': 6, 'tier_3': 4, 'tier_4': 4}"
2024-08-20T16:00:00,5585,20,"{'tier_0': 2, 'tier_1': 4, 'tier_2': 6, 'tier_3': 4, 'tier_4': 4}"
2024-08-20T17:00:00,5586,18,"{'tier_0': 2, 'tier_1': 4, 'tier_2': 5, 'tier_3': 4, 'tier_4': 3}"
2024-08-20T18:00:00,5587,20,"{'tier_0': 2, 'tier_1': 4, 'tier_2': 6, 'tier_3': 4, 'tier_4': 4}"
2024-08-20T19:00:00,5588,20,"{'tier_0': 2, 'tier_1': 5, 'tier_2': 6, 'tier_3': 4, 'tier_4': 3}"
2024-08-20T20:00:00,5589,21,"{'tier_0': 2, 'tier_1': 5, 'tier_2': 6, 'tier_3': 4, 'tier_4': 4}"
2024-08-20T21:00:00,5590,20,"{'tier_0': 2, 'tier_1': 4, 'tier_2': 6, 'tier_3': 4, 'tier_4': 4}"
2024-08-20T22:00:00,5591,20,"{'tier_0': 2, 'tier_1': 4, 'tier_2': 6, 'tier_3': 4, 'tier_4': 4}"
2024-08-20T23:00:00,5592,20,"{'tier_0': 2, 'tier_1': 4, 'tier_2': 6, 'tier_3': 4, 'tier_4': 4}"
2024-08-21T00:00:00,5593,20,"{'tier_0': 2, 'tier_1': 5, 'tier_2': 6, 'tier_3': 4, 'tier_4': 3}"
2024-08-21T01:00:00,5594,20,"{'tier_0': 2, 'tier_1': 4, 'tier_2': 6, 'tier_3': 4, 'tier_4': 4}"
2024-08-21T02:00:00,5595,20,"{'tier_0': 3, 'tier_1': 4, 'tier_2': 6, 'tier_3': 4, 'tier_4': 3}"
2024-08-21T03:00:00,5596,18,"{'tier_0': 2, 'tier_1': 4, 'tier_2': 5, 'tier_3': 4, 'tier_4': 3}"
2024-08-21T04:00:00,5597,20,"{'tier_0': 2, 'tier_1': 5, 'tier_2': 6, 'tier_3': 4, 'tier_4': 3}"
2024-08-21T05:00:00,5598,20,"{'tier_0': 2, 'tier_1': 5, 'tier_2': 6, 'tier_3': 4, 'tier_4': 3}"
2024-08-21T06:00:00,5599,21,"{'tier_0': 3, 'tier_1': 4, 'tier_2': 6, 'tier_3': 4, 'tier_4': 4}"
2024-08-21T07:00:00,5600,18,"{'tier_0': 1, 'tier_1': 5, 'tier_2': 5, 'tier_3': 4, 'tier_4': 3}"
2024-08-21T08:00:00,5601,19,"{'tier_0': 2, 'tier_1': 4, 'tier_2': 5, 'tier_3': 4, 'tier_4': 4}"
2024-08-21T09:00:00,5602,19,"{'tier_0': 2, 'tier_1': 4, 'tier_2': 6, 'tier_3': 4, 'tier_4': 3}"
2024-08-21T10:00:00,5603,20,"{'tier_0': 3, 'tier_1': 4, 'tier_2': 6, 'tier_3': 4, 'tier_4': 3}"
2024-08-21T11:00:00,5604,21,"{'tier_0': 2, 'tier_1': 5, 'tier_2': 6, 'tier_3': 4, 'tier_4': 4}"
2024-08-21T12:00:00,5605,20,"{'tier_0': 2, 'tier_1': 4, 'tier_2': 6, 'tier_3': 4, 'tier_4': 4}"
2024-08-21T13:00:00,5606,19,"{'tier_0': 2, 'tier_1': 4, 'tier_2': 6, 'tier_3': 4, 'tier_4': 3}"
2024-08-21T14:00:00,5607,21,"{'tier_0': 2, 'tier_1': 5, 'tier_2': 6, 'tier_3': 4, 'tier_4': 4}"
2024-08-21T15:00:00,5608,21,"{'tier_0': 2, 'tier_1': 5, 'tier_2': 6, 'tier_3': 4, 'tier_4': 4}"
2024-08-21T16:00:00,5609,20,"{'tier_0': 2, 'tier_1': 4, 'tier_2': 6, 'tier_3': 4, 'tier_4': 4}"
2024-08-21T17:00:00,5610,20,"{'tier_0': 2, 'tier_1': 4, 'tier_2': 6, 'tier_3': 4, 'tier_4': 4}"
2024-08-21T18:00:00,5611,21,"{'tier_0': 2, 'tier_1': 5, 'tier_2': 6, 'tier_3': 4, 'tier_4': 4}"
2024-08-21T19:00:00,5612,20,"{'tier_0': 2, 'tier_1': 5, 'tier_2': 6, 'tier_3': 4, 'tier_4': 3}"
2024-08-21T20:00:00,5613,20,"{'tier_0': 2, 'tier_1': 5, 'tier_2': 6, 'tier_3': 4, 'tier_4': 3}"
2024-08-21T21:00:00,5614,18,"{'tier_0': 2, 'tier_1': 4, 'tier_2': 5, 'tier_3': 4, 'tier_4': 3}"
2024-08-21T22:00:00,5615,21,"{'tier_0': 2, 'tier_1': 5, 'tier_2': 6, 'tier_3': 4, 'tier_4': 4}"
2024-08-21T23:00:00,5616,21,"{'tier_0': 2, 'tier_1': 5, 'tier_2': 6, 'tier_3': 4, 'tier_4': 4}"
2024-08-22T00:00:00,5617,21,"{'tier_0': 2, 'tier_1': 5, 'tier_2': 6, 'tier_3': 5, 'tier_4': 3}"
2024-08-22T01:00:00,5618,20,"{'tier_0': 2, 'tier_1': 5, 'tier_2': 6, 'tier_3': 4, 'tier_4': 3}"
2024-08-22T02:00:00,5619,18,"{'tier_0': 2, 'tier_1': 4, 'tier_2': 5, 'tier_3': 4, 'tier_4': 3}"
2024-08-22T03:00:00,5620,20,"{'tier_0': 2, 'tier_1': 5, 'tier_2': 6, 'tier_3': 4, 'tier_4': 3}"
2024-08-22T04:00:00,5621,21,"{'tier_0': 3, 'tier_1': 4, 'tier_2': 6, 'tier_3': 4, 'tier_4': 4}"
2024-08-22T05:00:00,5622,20,"{'tier_0': 2, 'tier_1': 5, 'tier_2': 6, 'tier_3': 4, 'tier_4': 3}"
2024-08-22T06:00:00,5623,21,"{'tier_0': 2, 'tier_1': 5, 'tier_2': 6, 'tier_3': 4, 'tier_4': 4}"
2024-08-22T07:00:00,5624,21,"{'tier_0': 2, 'tier_1': 5, 'tier_2': 6, 'tier_3': 4, 'tier_4': 4}"
2024-08-22T08:00:00,5625,21,"{'tier_0': 3, 'tier_1': 4, 'tier_2': 6, 'tier_3': 4, 'tier_4': 4}"
2024-08-22T09:00:00,5626,20,"{'tier_0': 2, 'tier_1': 5, 'tier_2': 6, 'tier_3': 4, 'tier_4': 3}"
2024-08-22T10:00:00,5627,19,"{'tier_0': 2, 'tier_1': 4, 'tier_2': 5, 'tier_3': 4, 'tier_4': 4}"
2024-08-22T11:00:00,5628,18,"{'tier_0': 2, 'tier_1': 4, 'tier_2': 5, 'tier_3': 4, 'tier_4': 3}"
2024-08-22T12:00:00,5629,20,"{'tier_0': 2, 'tier_1': 5, 'tier_2': 6, 'tier_3': 4, 'tier_4': 3}"
2024-08-22T13:00:00,5630,21,"{'tier_0': 2, 'tier_1': 5, 'tier_2': 6, 'tier_3': 4, 'tier_4': 4}"
2024-08-22T14:00:00,5631,21,"{'tier_0': 2, 'tier_1': 5, 'tier_2': 6, 'tier_3': 4, 'tier_4': 4}"
2024-08-22T15:00:00,5632,21,"{'tier_0': 2, 'tier_1': 5, 'tier_2': 6, 'tier_3': 4, 'tier_4': 4}"
2024-08-22T16:00:00,5633,20,"{'tier_0': 2, 'tier_1': 5, 'tier_2': 6, 'tier_3': 4, 'tier_4': 3}"
2024-08-22T17:00:00,5634,21,"{'tier_0': 2, 'tier_1': 5, 'tier_2': 6, 'tier_3': 4, 'tier_4': 4}"
2024-08-22T18:00:00,5635,19,"{'tier_0': 2, 'tier_1': 4, 'tier_2': 6, 'tier_3': 4, 'tier_4': 3}"
2024-08-22T19:00:00,5636,20,"{'tier_0': 2, 'tier_1': 4, 'tier_2': 6, 'tier_3': 4, 'tier_4': 4}"
2024-08-22T20:00:00,5637,19,"{'tier_0': 2, 'tier_1': 4, 'tier_2': 5, 'tier_3': 4, 'tier_4': 4}"
2024-08-22T21:00:00,5638,19,"{'tier_0': 2, 'tier_1': 4, 'tier_2': 6, 'tier_3': 4, 'tier_4': 3}"
2024-08-22T22:00:00,5639,19,"{'tier_0': 2, 'tier_1': 4, 'tier_2': 5, 'tier_3': 4, 'tier_4': 4}"
2024-08-22T23:00:00,5640,21,"{'tier_0': 2, 'tier_1': 5, 'tier_2': 6, 'tier_3': 4, 'tier_4': 4}"
2024-08-23T00:00:00,5641,20,"{'tier_0': 2, 'tier_1': 4, 'tier_2': 6, 'tier_3': 4, 'tier_4': 4}"
2024-08-23T01:00:00,5642,21,"{'tier_0': 2, 'tier_1': 5, 'tier_2': 6, 'tier_3': 4, 'tier_4': 4}"
2024-08-23T02:00:00,5643,20,"{'tier_0': 2, 'tier_1': 4, 'tier_2': 6, 'tier_3': 4, 'tier_4': 4}"
2024-08-23T03:00:00,5644,20,"{'tier_0': 3, 'tier_1': 3, 'tier_2': 6, 'tier_3': 4, 'tier_4': 4}"
2024-08-23T04:00:00,5645,19,"{'tier_0': 2, 'tier_1': 4, 'tier_2': 6, 'tier_3': 4, 'tier_4': 3}"
2024-08-23T05:00:00,5646,20,"{'tier_0': 2, 'tier_1': 4, 'tier_2': 6, 'tier_3': 4, 'tier_4': 4}"
2024-08-23T06:00:00,5647,20,"{'tier_0': 2, 'tier_1': 5, 'tier_2': 6, 'tier_3': 4, 'tier_4': 3}"
2024-08-23T07:00:00,5648,21,"{'tier_0': 2, 'tier_1': 5, 'tier_2': 6, 'tier_3': 4, 'tier_4': 4}"
2024-08-23T08:00:00,5649,19,"{'tier_0': 2, 'tier_1': 4, 'tier_2': 6, 'tier_3': 4, 'tier_4': 3}"
2024-08-23T09:00:00,5650,20,"{'tier_0': 2, 'tier_1': 4, 'tier_2': 6, 'tier_3': 4, 'tier_4': 4}"
2024-08-23T10:00:00,5651,19,"{'tier_0': 2, 'tier_1': 4, 'tier_2': 5, 'tier_3': 4, 'tier_4': 4}"
2024-08-23T11:00:00,5652,20,"{'tier_0': 2, 'tier_1': 4, 'tier_2': 6, 'tier_3': 4, 'tier_4': 4}"
2024-08-23T12:00:00,5653,20,"{'tier_0': 2, 'tier_1': 4, 'tier_2': 6, 'tier_3': 4, 'tier_4': 4}"
2024-08-23T13:00:00,5654,20,"{'tier_0': 2, 'tier_1': 4, 'tier_2': 6, 'tier_3': 4, 'tier_4': 4}"
2024-08-23T14:00:00,5655,21,"{'tier_0': 2, 'tier_1': 4, 'tier_2': 6, 'tier_3': 4, 'tier_4': 5}"
2024-08-23T15:00:00,5656,21,"{'tier_0': 2, 'tier_1': 5, 'tier_2': 6, 'tier_3': 5, 'tier_4': 3}"
2024-08-23T16:00:00,5657,20,"{'tier_0': 2, 'tier_1': 5, 'tier_2': 6, 'tier_3': 4, 'tier_4': 3}"
2024-08-23T17:00:00,5658,19,"{'tier_0': 2, 'tier_1': 4, 'tier_2': 6, 'tier_3': 4, 'tier_4': 3}"
2024-08-23T18:00:00,5659,19,"{'tier_0': 2, 'tier_1': 4, 'tier_2': 5, 'tier_3': 4, 'tier_4': 4}"
2024-08-23T19:00:00,5660,19,"{'tier_0': 2, 'tier_1': 4, 'tier_2': 5, 'tier_3': 4, 'tier_4': 4}"
2024-08-23T20:00:00,5661,20,"{'tier_0': 2, 'tier_1': 5, 'tier_2': 6, 'tier_3': 4, 'tier_4': 3}"
2024-08-23T21:00:00,5662,19,"{'tier_0': 2, 'tier_1': 4, 'tier_2': 5, 'tier_3': 4, 'tier_4': 4}"
2024-08-23T22:00:00,5663,20,"{'tier_0': 3, 'tier_1': 4, 'tier_2': 6, 'tier_3': 4, 'tier_4': 3}"
2024-08-23T23:00:00,5664,20,"{'tier_0': 2, 'tier_1': 5, 'tier_2': 6, 'tier_3': 4, 'tier_4': 3}"
2024-08-24T00:00:00,5665,20,"{'tier_0': 2, 'tier_1': 5, 'tier_2': 6, 'tier_3': 4, 'tier_4': 3}"
2024-08-24T01:00:00,5666,20,"{'tier_0': 3, 'tier_1': 4, 'tier_2': 6, 'tier_3': 4, 'tier_4': 3}"
2024-08-24T02:00:00,5667,21,"{'tier_0': 2, 'tier_1': 5, 'tier_2': 6, 'tier_3': 4, 'tier_4': 4}"
2024-08-24T03:00:00,5668,21,"{'tier_0': 2, 'tier_1': 5, 'tier_2': 6, 'tier_3': 4, 'tier_4': 4}"
2024-08-24T04:00:00,5669,20,"{'tier_0': 2, 'tier_1': 5, 'tier_2': 6, 'tier_3': 4, 'tier_4': 3}"
2024-08-24T05:00:00,5670,21,"{'tier_0': 2, 'tier_1': 5, 'tier_2': 6, 'tier_3': 4, 'tier_4': 4}"
2024-08-24T06:00:00,5671,21,"{'tier_0': 3, 'tier_1': 4, 'tier_2': 6, 'tier_3': 4, 'tier_4': 4}"
2024-08-24T07:00:00,5672,20,"{'tier_0': 2, 'tier_1': 4, 'tier_2': 6, 'tier_3': 4, 'tier_4': 4}"
2024-08-24T08:00:00,5673,20,"{'tier_0': 3, 'tier_1': 4, 'tier_2': 6, 'tier_3': 4, 'tier_4': 3}"
2024-08-24T09:00:00,5674,20,"{'tier_0': 2, 'tier_1': 5, 'tier_2': 6, 'tier_3': 4, 'tier_4': 3}"
2024-08-24T10:00:00,5675,20,"{'tier_0': 2, 'tier_1': 4, 'tier_2': 6, 'tier_3': 4, 'tier_4': 4}"
2024-08-24T11:00:00,5676,21,"{'tier_0': 2, 'tier_1': 5, 'tier_2': 6, 'tier_3': 4, 'tier_4': 4}"
2024-08-24T12:00:00,5677,20,"{'tier_0': 2, 'tier_1': 5, 'tier_2': 6, 'tier_3': 4, 'tier_4': 3}"
2024-08-24T13:00:00,5678,20,"{'tier_0': 3, 'tier_1': 4, 'tier_2': 6, 'tier_3': 4, 'tier_4': 3}"
2024-08-24T14:00:00,5679,18,"{'tier_0': 2, 'tier_1': 4, 'tier_2': 5, 'tier_3': 4, 'tier_4': 3}"
2024-08-24T15:00:00,5680,21,"{'tier_0': 2, 'tier_1': 5, 'tier_2': 6, 'tier_3': 4, 'tier_4': 4}"
2024-08-24T16:00:00,5681,20,"{'tier_0': 2, 'tier_1': 4, 'tier_2': 6, 'tier_3': 4, 'tier_4': 4}"
2024-08-24T17:00:00,5682,21,"{'tier_0': 2, 'tier_1': 5, 'tier_2': 6, 'tier_3': 4, 'tier_4': 4}"
2024-08-24T18:00:00,5683,19,"{'tier_0': 2, 'tier_1': 4, 'tier_2': 6, 'tier_3': 4, 'tier_4': 3}"
2024-08-24T19:00:00,5684,20,"{'tier_0': 2, 'tier_1': 5, 'tier_2': 6, 'tier_3': 4, 'tier_4': 3}"
2024-08-24T20:00:00,5685,20,"{'tier_0': 2, 'tier_1': 5, 'tier_2': 6, 'tier_3': 4, 'tier_4': 3}"
2024-08-24T21:00:00,5686,21,"{'tier_0': 2, 'tier_1': 5, 'tier_2': 6, 'tier_3': 4, 'tier_4': 4}"
2024-08-24T22:00:00,5687,21,"{'tier_0': 2, 'tier_1': 5, 'tier_2': 6, 'tier_3': 4, 'tier_4': 4}"
2024-08-24T23:00:00,5688,20,"{'tier_0': 2, 'tier_1': 5, 'tier_2': 6, 'tier_3': 4, 'tier_4': 3}"
2024-08-25T00:00:00,5689,20,"{'tier_0': 2, 'tier_1': 4, 'tier_2': 6, 'tier_3': 4, 'tier_4': 4}"
2024-08-25T01:00:00,5690,21,"{'tier_0': 2, 'tier_1': 4, 'tier_2': 6, 'tier_3': 4, 'tier_4': 5}"
2024-08-25T02:00:00,5691,20,"{'tier_0': 2, 'tier_1': 4, 'tier_2': 6, 'tier_3': 4, 'tier_4': 4}"
2024-08-25T03:00:00,5692,20,"{'tier_0': 2, 'tier_1': 4, 'tier_2': 6, 'tier_3': 4, 'tier_4': 4}"
2024-08-25T04:00:00,5693,20,"{'tier_0': 2, 'tier_1': 5, 'tier_2': 6, 'tier_3': 4, 'tier_4': 3}"
2024-08-25T05:00:00,5694,21,"{'tier_0': 2, 'tier_1': 5, 'tier_2': 6, 'tier_3': 4, 'tier_4': 4}"
2024-08-25T06:00:00,5695,19,"{'tier_0': 2, 'tier_1': 4, 'tier_2': 5, 'tier_3': 4, 'tier_4': 4}"
2024-08-25T07:00:00,5696,20,"{'tier_0': 2, 'tier_1': 4, 'tier_2': 6, 'tier_3': 4, 'tier_4': 4}"
2024-08-25T08:00:00,5697,19,"{'tier_0': 2, 'tier_1': 4, 'tier_2': 6, 'tier_3': 4, 'tier_4': 3}"
2024-08-25T09:00:00,5698,18,"{'tier_0': 2, 'tier_1': 4, 'tier_2': 5, 'tier_3': 4, 'tier_4': 3}"
2024-08-25T10:00:00,5699,20,"{'tier_0': 2, 'tier_1': 5, 'tier_2': 6, 'tier_3': 4, 'tier_4': 3}"
2024-08-25T11:00:00,5700,20,"{'tier_0': 2, 'tier_1': 4, 'tier_2': 6, 'tier_3': 4, 'tier_4': 4}"
2024-08-25T12:00:00,5701,20,"{'tier_0': 3, 'tier_1': 3, 'tier_2': 6, 'tier_3': 4, 'tier_4': 4}"
2024-08-25T13:00:00,5702,20,"{'tier_0': 2, 'tier_1': 5, 'tier_2': 6, 'tier_3': 4, 'tier_4': 3}"
2024-08-25T14:00:00,5703,20,"{'tier_0': 2, 'tier_1': 4, 'tier_2': 6, 'tier_3': 4, 'tier_4': 4}"
2024-08-25T15:00:00,5704,19,"{'tier_0': 2, 'tier_1': 4, 'tier_2': 6, 'tier_3': 4, 'tier_4': 3}"
2024-08-25T16:00:00,5705,21,"{'tier_0': 2, 'tier_1': 5, 'tier_2': 6, 'tier_3': 4, 'tier_4': 4}"
2024-08-25T17:00:00,5706,19,"{'tier_0': 2, 'tier_1': 4, 'tier_2': 5, 'tier_3': 4, 'tier_4': 4}"
2024-08-25T18:00:00,5707,20,"{'tier_0': 2, 'tier_1': 5, 'tier_2': 6, 'tier_3': 4, 'tier_4': 3}"
2024-08-25T19:00:00,5708,21,"{'tier_0': 2, 'tier_1': 5, 'tier_2': 6, 'tier_3': 4, 'tier_4': 4}"
2024-08-25T20:00:00,5709,18,"{'tier_0': 2, 'tier_1': 4, 'tier_2': 5, 'tier_3': 4, 'tier_4': 3}"
2024-08-25T21:00:00,5710,19,"{'tier_0': 2, 'tier_1': 4, 'tier_2': 6, 'tier_3': 4, 'tier_4': 3}"
2024-08-25T22:00:00,5711,21,"{'tier_0': 2, 'tier_1': 4, 'tier_2': 6, 'tier_3': 4, 'tier_4': 5}"
2024-08-25T23:00:00,5712,20,"{'tier_0': 2, 'tier_1': 5, 'tier_2': 6, 'tier_3': 4, 'tier_4': 3}"
2024-08-26T00:00:00,5713,20,"{'tier_0': 2, 'tier_1': 4, 'tier_2': 6, 'tier_3': 4, 'tier_4': 4}"
2024-08-26T01:00:00,5714,20,"{'tier_0': 2, 'tier_1': 4, 'tier_2': 6, 'tier_3': 4, 'tier_4': 4}"
2024-08-26T02:00:00,5715,20,"{'tier_0': 3, 'tier_1': 4, 'tier_2': 6, 'tier_3': 4, 'tier_4': 3}"
2024-08-26T03:00:00,5716,18,"{'tier_0': 2, 'tier_1': 4, 'tier_2': 5, 'tier_3': 4, 'tier_4': 3}"
2024-08-26T04:00:00,5717,20,"{'tier_0': 2, 'tier_1': 4, 'tier_2': 6, 'tier_3': 4, 'tier_4': 4}"
2024-08-26T05:00:00,5718,20,"{'tier_0': 3, 'tier_1': 3, 'tier_2': 6, 'tier_3': 4, 'tier_4': 4}"
2024-08-26T06:00:00,5719,21,"{'tier_0': 2, 'tier_1': 5, 'tier_2': 6, 'tier_3': 5, 'tier_4': 3}"
2024-08-26T07:00:00,5720,20,"{'tier_0': 3, 'tier_1': 3, 'tier_2': 6, 'tier_3': 4, 'tier_4': 4}"
2024-08-26T08:00:00,5721,20,"{'tier_0': 3, 'tier_1': 4, 'tier_2': 6, 'tier_3': 4, 'tier_4': 3}"
2024-08-26T09:00:00,5722,20,"{'tier_0': 3, 'tier_1': 4, 'tier_2': 6, 'tier_3': 4, 'tier_4': 3}"
2024-08-26T10:00:00,5723,20,"{'tier_0': 2, 'tier_1': 4, 'tier_2': 6, 'tier_3': 4, 'tier_4': 4}"
2024-08-26T11:00:00,5724,21,"{'tier_0': 2, 'tier_1': 5, 'tier_2': 6, 'tier_3': 4, 'tier_4': 4}"
2024-08-26T12:00:00,5725,20,"{'tier_0': 3, 'tier_1': 3, 'tier_2': 6, 'tier_3': 4, 'tier_4': 4}"
2024-08-26T13:00:00,5726,20,"{'tier_0': 3, 'tier_1': 4, 'tier_2': 6, 'tier_3': 4, 'tier_4': 3}"
2024-08-26T14:00:00,5727,21,"{'tier_0': 2, 'tier_1': 5, 'tier_2': 6, 'tier_3': 4, 'tier_4': 4}"
2024-08-26T15:00:00,5728,21,"{'tier_0': 2, 'tier_1': 5, 'tier_2': 6, 'tier_3': 4, 'tier_4': 4}"
2024-08-26T16:00:00,5729,20,"{'tier_0': 2, 'tier_1': 5, 'tier_2': 6, 'tier_3': 4, 'tier_4': 3}"
2024-08-26T17:00:00,5730,19,"{'tier_0': 2, 'tier_1': 4, 'tier_2': 6, 'tier_3': 4, 'tier_4': 3}"
2024-08-26T18:00:00,5731,20,"{'tier_0': 2, 'tier_1': 5, 'tier_2': 6, 'tier_3': 4, 'tier_4': 3}"
2024-08-26T19:00:00,5732,19,"{'tier_0': 2, 'tier_1': 4, 'tier_2': 5, 'tier_3': 4, 'tier_4': 4}"
2024-08-26T20:00:00,5733,20,"{'tier_0': 2, 'tier_1': 5, 'tier_2': 6, 'tier_3': 4, 'tier_4': 3}"
2024-08-26T21:00:00,5734,18,"{'tier_0': 2, 'tier_1': 4, 'tier_2': 5, 'tier_3': 4, 'tier_4': 3}"
2024-08-26T22:00:00,5735,20,"{'tier_0': 2, 'tier_1': 5, 'tier_2': 6, 'tier_3': 4, 'tier_4': 3}"
2024-08-26T23:00:00,5736,20,"{'tier_0': 2, 'tier_1': 5, 'tier_2': 6, 'tier_3': 4, 'tier_4': 3}"
2024-08-27T00:00:00,5737,21,"{'tier_0': 2, 'tier_1': 5, 'tier_2': 6, 'tier_3': 4, 'tier_4': 4}"
2024-08-27T01:00:00,5738,20,"{'tier_0': 2, 'tier_1': 5, 'tier_2': 6, 'tier_3': 4, 'tier_4': 3}"
2024-08-27T02:00:00,5739,20,"{'tier_0': 2, 'tier_1': 5, 'tier_2': 6, 'tier_3': 4, 'tier_4': 3}"
2024-08-27T03:00:00,5740,21,"{'tier_0': 2, 'tier_1': 4, 'tier_2': 6, 'tier_3': 5, 'tier_4': 4}"
2024-08-27T04:00:00,5741,20,"{'tier_0': 2, 'tier_1': 5, 'tier_2': 6, 'tier_3': 4, 'tier_4': 3}"
2024-08-27T05:00:00,5742,20,"{'tier_0': 2, 'tier_1': 4, 'tier_2': 6, 'tier_3': 4, 'tier_4': 4}"
2024-08-27T06:00:00,5743,18,"{'tier_0': 3, 'tier_1': 3, 'tier_2': 5, 'tier_3': 4, 'tier_4': 3}"
2024-08-27T07:00:00,5744,20,"{'tier_0': 2, 'tier_1': 5, 'tier_2': 6, 'tier_3': 4, 'tier_4': 3}"
2024-08-27T08:00:00,5745,20,"{'tier_0': 2, 'tier_1': 5, 'tier_2': 6, 'tier_3': 4, 'tier_4': 3}"
2024-08-27T09:00:00,5746,19,"{'tier_0': 2, 'tier_1': 4, 'tier_2': 5, 'tier_3': 4, 'tier_4': 4}"
2024-08-27T10:00:00,5747,20,"{'tier_0': 2, 'tier_1': 5, 'tier_2': 6, 'tier_3': 4, 'tier_4': 3}"
2024-08-27T11:00:00,5748,20,"{'tier_0': 2, 'tier_1': 5, 'tier_2': 6, 'tier_3': 4, 'tier_4': 3}"
2024-08-27T12:00:00,5749,18,"{'tier_0': 2, 'tier_1': 4, 'tier_2': 5, 'tier_3': 4, 'tier_4': 3}"
2024-08-27T13:00:00,5750,20,"{'tier_0': 2, 'tier_1': 4, 'tier_2': 6, 'tier_3': 4, 'tier_4': 4}"
2024-08-27T14:00:00,5751,20,"{'tier_0': 2, 'tier_1': 5, 'tier_2': 6, 'tier_3': 4, 'tier_4': 3}"
2024-08-27T15:00:00,5752,20,"{'tier_0': 2, 'tier_1': 5, 'tier_2': 6, 'tier_3': 4, 'tier_4': 3}"
2024-08-27T16:00:00,5753,19,"{'tier_0': 2, 'tier_1': 4, 'tier_2': 5, 'tier_3': 4, 'tier_4': 4}"
2024-08-27T17:00:00,5754,20,"{'tier_0': 2, 'tier_1': 5, 'tier_2': 6, 'tier_3': 4, 'tier_4': 3}"
2024-08-27T18:00:00,5755,20,"{'tier_0': 2, 'tier_1': 5, 'tier_2': 6, 'tier_3': 4, 'tier_4': 3}"
2024-08-27T19:00:00,5756,21,"{'tier_0': 3, 'tier_1': 4, 'tier_2': 6, 'tier_3': 4, 'tier_4': 4}"
2024-08-27T20:00:00,5757,20,"{'tier_0': 3, 'tier_1': 4, 'tier_2': 6, 'tier_3': 4, 'tier_4': 3}"
2024-08-27T21:00:00,5758,20,"{'tier_0': 2, 'tier_1': 5, 'tier_2': 6, 'tier_3': 4, 'tier_4': 3}"
2024-08-27T22:00:00,5759,21,"{'tier_0': 2, 'tier_1': 4, 'tier_2': 6, 'tier_3': 5, 'tier_4': 4}"
2024-08-27T23:00:00,5760,20,"{'tier_0': 2, 'tier_1': 5, 'tier_2': 6, 'tier_3': 4, 'tier_4': 3}"
2024-08-28T00:00:00,5761,19,"{'tier_0': 2, 'tier_1': 4, 'tier_2': 5, 'tier_3': 4, 'tier_4': 4}"
2024-08-28T01:00:00,5762,20,"{'tier_0': 2, 'tier_1': 4, 'tier_2': 6, 'tier_3': 4, 'tier_4': 4}"
2024-08-28T02:00:00,5763,20,"{'tier_0': 2, 'tier_1': 5, 'tier_2': 6, 'tier_3': 4, 'tier_4': 3}"
2024-08-28T03:00:00,5764,20,"{'tier_0': 2, 'tier_1': 4, 'tier_2': 6, 'tier_3': 4, 'tier_4': 4}"
2024-08-28T04:00:00,5765,20,"{'tier_0': 2, 'tier_1': 5, 'tier_2': 6, 'tier_3': 4, 'tier_4': 3}"
2024-08-28T05:00:00,5766,18,"{'tier_0': 2, 'tier_1': 4, 'tier_2': 5, 'tier_3': 4, 'tier_4': 3}"
2024-08-28T06:00:00,5767,20,"{'tier_0': 2, 'tier_1': 5, 'tier_2': 6, 'tier_3': 4, 'tier_4': 3}"
2024-08-28T07:00:00,5768,18,"{'tier_0': 2, 'tier_1': 4, 'tier_2': 5, 'tier_3': 4, 'tier_4': 3}"
2024-08-28T08:00:00,5769,20,"{'tier_0': 2, 'tier_1': 4, 'tier_2': 6, 'tier_3': 4, 'tier_4': 4}"
2024-08-28T09:00:00,5770,21,"{'tier_0': 2, 'tier_1': 4, 'tier_2': 6, 'tier_3': 5, 'tier_4': 4}"
2024-08-28T10:00:00,5771,20,"{'tier_0': 2, 'tier_1': 5, 'tier_2': 6, 'tier_3': 4, 'tier_4': 3}"
2024-08-28T11:00:00,5772,19,"{'tier_0': 3, 'tier_1': 3, 'tier_2': 5, 'tier_3': 4, 'tier_4': 4}"
2024-08-28T12:00:00,5773,20,"{'tier_0': 3, 'tier_1': 4, 'tier_2': 6, 'tier_3': 4, 'tier_4': 3}"
2024-08-28T13:00:00,5774,21,"{'tier_0': 2, 'tier_1': 5, 'tier_2': 6, 'tier_3': 4, 'tier_4': 4}"
2024-08-28T14:00:00,5775,19,"{'tier_0': 2, 'tier_1': 4, 'tier_2': 5, 'tier_3': 4, 'tier_4': 4}"
2024-08-28T15:00:00,5776,21,"{'tier_0': 2, 'tier_1': 5, 'tier_2': 6, 'tier_3': 4, 'tier_4': 4}"
2024-08-28T16:00:00,5777,20,"{'tier_0': 2, 'tier_1': 5, 'tier_2': 6, 'tier_3': 4, 'tier_4': 3}"
2024-08-28T17:00:00,5778,20,"{'tier_0': 2, 'tier_1': 4, 'tier_2': 6, 'tier_3': 4, 'tier_4': 4}"
2024-08-28T18:00:00,5779,20,"{'tier_0': 2, 'tier_1': 5, 'tier_2': 6, 'tier_3': 4, 'tier_4': 3}"
2024-08-28T19:00:00,5780,19,"{'tier_0': 2, 'tier_1': 4, 'tier_2': 5, 'tier_3': 4, 'tier_4': 4}"
2024-08-28T20:00:00,5781,21,"{'tier_0': 2, 'tier_1': 5, 'tier_2': 6, 'tier_3': 4, 'tier_4': 4}"
2024-08-28T21:00:00,5782,20,"{'tier_0': 2, 'tier_1': 5, 'tier_2': 6, 'tier_3': 4, 'tier_4': 3}"
2024-08-28T22:00:00,5783,20,"{'tier_0': 3, 'tier_1': 3, 'tier_2': 6, 'tier_3': 4, 'tier_4': 4}"
2024-08-28T23:00:00,5784,20,"{'tier_0': 3, 'tier_1': 4, 'tier_2': 6, 'tier_3': 4, 'tier_4': 3}"
2024-08-29T00:00:00,5785,21,"{'tier_0': 2, 'tier_1': 5, 'tier_2': 6, 'tier_3': 4, 'tier_4': 4}"
2024-08-29T01:00:00,5786,20,"{'tier_0': 2, 'tier_1': 4, 'tier_2': 6, 'tier_3': 4, 'tier_4': 4}"
2024-08-29T02:00:00,5787,21,"{'tier_0': 2, 'tier_1': 4, 'tier_2': 6, 'tier_3': 4, 'tier_4': 5}"
2024-08-29T03:00:00,5788,20,"{'tier_0': 2, 'tier_1': 5, 'tier_2': 6, 'tier_3': 4, 'tier_4': 3}"
2024-08-29T04:00:00,5789,20,"{'tier_0': 2, 'tier_1': 5, 'tier_2': 6, 'tier_3': 4, 'tier_4': 3}"
2024-08-29T05:00:00,5790,20,"{'tier_0': 2, 'tier_1': 5, 'tier_2': 6, 'tier_3': 4, 'tier_4': 3}"
2024-08-29T06:00:00,5791,20,"{'tier_0': 2, 'tier_1': 5, 'tier_2': 6, 'tier_3': 4, 'tier_4': 3}"
2024-08-29T07:00:00,5792,21,"{'tier_0': 3, 'tier_1': 4, 'tier_2': 6, 'tier_3': 4, 'tier_4': 4}"
2024-08-29T08:00:00,5793,18,"{'tier_0': 2, 'tier_1': 4, 'tier_2': 5, 'tier_3': 4, 'tier_4': 3}"
2024-08-29T09:00:00,5794,20,"{'tier_0': 2, 'tier_1': 4, 'tier_2': 6, 'tier_3': 4, 'tier_4': 4}"
2024-08-29T10:00:00,5795,20,"{'tier_0': 2, 'tier_1': 4, 'tier_2': 6, 'tier_3': 4, 'tier_4': 4}"
2024-08-29T11:00:00,5796,20,"{'tier_0': 3, 'tier_1': 4, 'tier_2': 6, 'tier_3': 4, 'tier_4': 3}"
2024-08-29T12:00:00,5797,20,"{'tier_0': 2, 'tier_1': 5, 'tier_2': 6, 'tier_3': 4, 'tier_4': 3}"
2024-08-29T13:00:00,5798,18,"{'tier_0': 2, 'tier_1': 4, 'tier_2': 5, 'tier_3': 4, 'tier_4': 3}"
2024-08-29T14:00:00,5799,21,"{'tier_0': 2, 'tier_1': 4, 'tier_2': 6, 'tier_3': 5, 'tier_4': 4}"
2024-08-29T15:00:00,5800,21,"{'tier_0': 2, 'tier_1': 5, 'tier_2': 6, 'tier_3': 4, 'tier_4': 4}"
2024-08-29T16:00:00,5801,20,"{'tier_0': 2, 'tier_1': 5, 'tier_2': 6, 'tier_3': 4, 'tier_4': 3}"
2024-08-29T17:00:00,5802,19,"{'tier_0': 2, 'tier_1': 4, 'tier_2': 5, 'tier_3': 4, 'tier_4': 4}"
2024-08-29T18:00:00,5803,20,"{'tier_0': 2, 'tier_1': 5, 'tier_2': 6, 'tier_3': 4, 'tier_4': 3}"
2024-08-29T19:00:00,5804,20,"{'tier_0': 2, 'tier_1': 5, 'tier_2': 6, 'tier_3': 4, 'tier_4': 3}"
2024-08-29T20:00:00,5805,20,"{'tier_0': 2, 'tier_1': 4, 'tier_2': 6, 'tier_3': 4, 'tier_4': 4}"
2024-08-29T21:00:00,5806,20,"{'tier_0': 2, 'tier_1': 4, 'tier_2': 6, 'tier_3': 4, 'tier_4': 4}"
2024-08-29T22:00:00,5807,19,"{'tier_0': 2, 'tier_1': 4, 'tier_2': 6, 'tier_3': 4, 'tier_4': 3}"
2024-08-29T23:00:00,5808,20,"{'tier_0': 2, 'tier_1': 4, 'tier_2': 6, 'tier_3': 4, 'tier_4': 4}"
2024-08-30T00:00:00,5809,20,"{'tier_0': 2, 'tier_1': 5, 'tier_2': 6, 'tier_3': 4, 'tier_4': 3}"
2024-08-30T01:00:00,5810,20,"{'tier_0': 2, 'tier_1': 5, 'tier_2': 6, 'tier_3': 4, 'tier_4': 3}"
2024-08-30T02:00:00,5811,20,"{'tier_0': 2, 'tier_1': 5, 'tier_2': 6, 'tier_3': 4, 'tier_4': 3}"
2024-08-30T03:00:00,5812,18,"{'tier_0': 2, 'tier_1': 4, 'tier_2': 5, 'tier_3': 4, 'tier_4': 3}"
2024-08-30T04:00:00,5813,20,"{'tier_0': 2, 'tier_1': 4, 'tier_2': 6, 'tier_3': 4, 'tier_4': 4}"
2024-08-30T05:00:00,5814,21,"{'tier_0': 2, 'tier_1': 5, 'tier_2': 6, 'tier_3': 4, 'tier_4': 4}"
2024-08-30T06:00:00,5815,20,"{'tier_0': 2, 'tier_1': 4, 'tier_2': 6, 'tier_3': 4, 'tier_4': 4}"
2024-08-30T07:00:00,5816,20,"{'tier_0': 2, 'tier_1': 5, 'tier_2': 6, 'tier_3': 4, 'tier_4': 3}"
2024-08-30T08:00:00,5817,21,"{'tier_0': 2, 'tier_1': 5, 'tier_2': 6, 'tier_3': 4, 'tier_4': 4}"
2024-08-30T09:00:00,5818,18,"{'tier_0': 2, 'tier_1': 4, 'tier_2': 5, 'tier_3': 4, 'tier_4': 3}"
2024-08-30T10:00:00,5819,20,"{'tier_0': 2, 'tier_1': 5, 'tier_2': 6, 'tier_3': 4, 'tier_4': 3}"
2024-08-30T11:00:00,5820,18,"{'tier_0': 2, 'tier_1': 4, 'tier_2': 5, 'tier_3': 4, 'tier_4': 3}"
2024-08-30T12:00:00,5821,20,"{'tier_0': 2, 'tier_1': 4, 'tier_2': 6, 'tier_3': 4, 'tier_4': 4}"
2024-08-30T13:00:00,5822,20,"{'tier_0': 2, 'tier_1': 5, 'tier_2': 6, 'tier_3': 4, 'tier_4': 3}"
2024-08-30T14:00:00,5823,20,"{'tier_0': 2, 'tier_1': 5, 'tier_2': 6, 'tier_3': 4, 'tier_4': 3}"
2024-08-30T15:00:00,5824,20,"{'tier_0': 2, 'tier_1': 4, 'tier_2': 6, 'tier_3': 4, 'tier_4': 4}"
2024-08-30T16:00:00,5825,20,"{'tier_0': 2, 'tier_1': 5, 'tier_2': 6, 'tier_3': 4, 'tier_4': 3}"
2024-08-30T17:00:00,5826,20,"{'tier_0': 2, 'tier_1': 5, 'tier_2': 6, 'tier_3': 4, 'tier_4': 3}"
2024-08-30T18:00:00,5827,20,"{'tier_0': 4, 'tier_1': 3, 'tier_2': 6, 'tier_3': 4, 'tier_4': 3}"
2024-08-30T19:00:00,5828,20,"{'tier_0': 2, 'tier_1': 5, 'tier_2': 6, 'tier_3': 4, 'tier_4': 3}"
2024-08-30T20:00:00,5829,20,"{'tier_0': 2, 'tier_1': 5, 'tier_2': 6, 'tier_3': 4, 'tier_4': 3}"
2024-08-30T21:00:00,5830,20,"{'tier_0': 2, 'tier_1': 5, 'tier_2': 6, 'tier_3': 4, 'tier_4': 3}"
2024-08-30T22:00:00,5831,21,"{'tier_0': 3, 'tier_1': 4, 'tier_2': 6, 'tier_3': 4, 'tier_4': 4}"
2024-08-30T23:00:00,5832,20,"{'tier_0': 2, 'tier_1': 5, 'tier_2': 6, 'tier_3': 4, 'tier_4': 3}"
2024-08-31T00:00:00,5833,20,"{'tier_0': 2, 'tier_1': 5, 'tier_2': 6, 'tier_3': 4, 'tier_4': 3}"
2024-08-31T01:00:00,5834,21,"{'tier_0': 3, 'tier_1': 4, 'tier_2': 6, 'tier_3': 4, 'tier_4': 4}"
2024-08-31T02:00:00,5835,20,"{'tier_0': 2, 'tier_1': 4, 'tier_2': 6, 'tier_3': 4, 'tier_4': 4}"
2024-08-31T03:00:00,5836,20,"{'tier_0': 2, 'tier_1': 4, 'tier_2': 6, 'tier_3': 4, 'tier_4': 4}"
2024-08-31T04:00:00,5837,18,"{'tier_0': 2, 'tier_1': 4, 'tier_2': 5, 'tier_3': 4, 'tier_4': 3}"
2024-08-31T05:00:00,5838,21,"{'tier_0': 2, 'tier_1': 5, 'tier_2': 6, 'tier_3': 4, 'tier_4': 4}"
2024-08-31T06:00:00,5839,20,"{'tier_0': 3, 'tier_1': 4, 'tier_2': 6, 'tier_3': 4, 'tier_4': 3}"
2024-08-31T07:00:00,5840,20,"{'tier_0': 2, 'tier_1': 4, 'tier_2': 6, 'tier_3': 4, 'tier_4': 4}"
2024-08-31T08:00:00,5841,19,"{'tier_0': 1, 'tier_1': 5, 'tier_2': 5, 'tier_3': 4, 'tier_4': 4}"
2024-08-31T09:00:00,5842,19,"{'tier_0': 2, 'tier_1': 4, 'tier_2': 5, 'tier_3': 4, 'tier_4': 4}"
2024-08-31T10:00:00,5843,20,"{'tier_0': 2, 'tier_1': 4, 'tier_2': 6, 'tier_3': 4, 'tier_4': 4}"
2024-08-31T11:00:00,5844,20,"{'tier_0': 3, 'tier_1': 3, 'tier_2': 6, 'tier_3': 4, 'tier_4': 4}"
2024-08-31T12:00:00,5845,20,"{'tier_0': 3, 'tier_1': 4, 'tier_2': 6, 'tier_3': 4, 'tier_4': 3}"
2024-08-31T13:00:00,5846,21,"{'tier_0': 2, 'tier_1': 5, 'tier_2': 6, 'tier_3': 4, 'tier_4': 4}"
2024-08-31T14:00:00,5847,21,"{'tier_0': 3, 'tier_1': 4, 'tier_2': 6, 'tier_3': 4, 'tier_4': 4}"
2024-08-31T15:00:00,5848,21,"{'tier_0': 2, 'tier_1': 4, 'tier_2': 6, 'tier_3': 4, 'tier_4': 5}"
2024-08-31T16:00:00,5849,21,"{'tier_0': 2, 'tier_1': 5, 'tier_2': 6, 'tier_3': 4, 'tier_4': 4}"
2024-08-31T17:00:00,5850,20,"{'tier_0': 2, 'tier_1': 5, 'tier_2': 6, 'tier_3': 4, 'tier_4': 3}"
2024-08-31T18:00:00,5851,20,"{'tier_0': 2, 'tier_1': 4, 'tier_2': 6, 'tier_3': 4, 'tier_4': 4}"
2024-08-31T19:00:00,5852,21,"{'tier_0': 3, 'tier_1': 4, 'tier_2': 6, 'tier_3': 4, 'tier_4': 4}"
2024-08-31T20:00:00,5853,20,"{'tier_0': 2, 'tier_1': 5, 'tier_2': 6, 'tier_3': 4, 'tier_4': 3}"
2024-08-31T21:00:00,5854,18,"{'tier_0': 2, 'tier_1': 4, 'tier_2': 5, 'tier_3': 4, 'tier_4': 3}"
2024-08-31T22:00:00,5855,20,"{'tier_0': 2, 'tier_1': 5, 'tier_2': 6, 'tier_3': 4, 'tier_4': 3}"
2024-08-31T23:00:00,5856,20,"{'tier_0': 2, 'tier_1': 5, 'tier_2': 6, 'tier_3': 4, 'tier_4': 3}"
2024-09-01T00:00:00,5857,20,"{'tier_0': 2, 'tier_1': 5, 'tier_2': 6, 'tier_3': 4, 'tier_4': 3}"
2024-09-01T01:00:00,5858,21,"{'tier_0': 2, 'tier_1': 5, 'tier_2': 6, 'tier_3': 4, 'tier_4': 4}"
2024-09-01T02:00:00,5859,20,"{'tier_0': 2, 'tier_1': 4, 'tier_2': 5, 'tier_3': 5, 'tier_4': 4}"
2024-09-01T03:00:00,5860,20,"{'tier_0': 2, 'tier_1': 5, 'tier_2': 6, 'tier_3': 4, 'tier_4': 3}"
2024-09-01T04:00:00,5861,21,"{'tier_0': 2, 'tier_1': 5, 'tier_2': 6, 'tier_3': 4, 'tier_4': 4}"
2024-09-01T05:00:00,5862,20,"{'tier_0': 2, 'tier_1': 4, 'tier_2': 6, 'tier_3': 4, 'tier_4': 4}"
2024-09-01T06:00:00,5863,20,"{'tier_0': 2, 'tier_1': 5, 'tier_2': 6, 'tier_3': 4, 'tier_4': 3}"
2024-09-01T07:00:00,5864,20,"{'tier_0': 2, 'tier_1': 5, 'tier_2': 6, 'tier_3': 4, 'tier_4': 3}"
2024-09-01T08:00:00,5865,20,"{'tier_0': 2, 'tier_1': 5, 'tier_2': 6, 'tier_3': 4, 'tier_4': 3}"
2024-09-01T09:00:00,5866,20,"{'tier_0': 3, 'tier_1': 3, 'tier_2': 6, 'tier_3': 4, 'tier_4': 4}"
2024-09-01T10:00:00,5867,20,"{'tier_0': 2, 'tier_1': 4, 'tier_2': 5, 'tier_3': 5, 'tier_4': 4}"
2024-09-01T11:00:00,5868,20,"{'tier_0': 2, 'tier_1': 4, 'tier_2': 6, 'tier_3': 4, 'tier_4': 4}"
2024-09-01T12:00:00,5869,18,"{'tier_0': 2, 'tier_1': 4, 'tier_2': 5, 'tier_3': 4, 'tier_4': 3}"
2024-09-01T13:00:00,5870,20,"{'tier_0': 2, 'tier_1': 4, 'tier_2': 6, 'tier_3': 4, 'tier_4': 4}"
2024-09-01T14:00:00,5871,19,"{'tier_0': 2, 'tier_1': 4, 'tier_2': 5, 'tier_3': 5, 'tier_4': 3}"
2024-09-01T15:00:00,5872,20,"{'tier_0': 2, 'tier_1': 5, 'tier_2': 6, 'tier_3': 4, 'tier_4': 3}"
2024-09-01T16:00:00,5873,20,"{'tier_0': 2, 'tier_1': 5, 'tier_2': 6, 'tier_3': 4, 'tier_4': 3}"
2024-09-01T17:00:00,5874,20,"{'tier_0': 2, 'tier_1': 5, 'tier_2': 6, 'tier_3': 4, 'tier_4': 3}"
2024-09-01T18:00:00,5875,21,"{'tier_0': 2, 'tier_1': 5, 'tier_2': 6, 'tier_3': 4, 'tier_4': 4}"
2024-09-01T19:00:00,5876,20,"{'tier_0': 2, 'tier_1': 5, 'tier_2': 6, 'tier_3': 4, 'tier_4': 3}"
2024-09-01T20:00:00,5877,20,"{'tier_0': 2, 'tier_1': 4, 'tier_2': 6, 'tier_3': 4, 'tier_4': 4}"
2024-09-01T21:00:00,5878,21,"{'tier_0': 2, 'tier_1': 5, 'tier_2': 6, 'tier_3': 4, 'tier_4': 4}"
2024-09-01T22:00:00,5879,20,"{'tier_0': 2, 'tier_1': 5, 'tier_2': 6, 'tier_3': 4, 'tier_4': 3}"
2024-09-01T23:00:00,5880,20,"{'tier_0': 2, 'tier_1': 4, 'tier_2': 6, 'tier_3': 4, 'tier_4': 4}"
2024-09-02T00:00:00,5881,21,"{'tier_0': 2, 'tier_1': 4, 'tier_2': 6, 'tier_3': 4, 'tier_4': 5}"
2024-09-02T01:00:00,5882,19,"{'tier_0': 2, 'tier_1': 4, 'tier_2': 5, 'tier_3': 5, 'tier_4': 3}"
2024-09-02T02:00:00,5883,20,"{'tier_0': 2, 'tier_1': 5, 'tier_2': 6, 'tier_3': 4, 'tier_4': 3}"
2024-09-02T03:00:00,5884,21,"{'tier_0': 2, 'tier_1': 5, 'tier_2': 6, 'tier_3': 4, 'tier_4': 4}"
2024-09-02T04:00:00,5885,21,"{'tier_0': 2, 'tier_1': 4, 'tier_2': 6, 'tier_3': 4, 'tier_4': 5}"
2024-09-02T05:00:00,5886,20,"{'tier_0': 3, 'tier_1': 4, 'tier_2': 6, 'tier_3': 4, 'tier_4': 3}"
2024-09-02T06:00:00,5887,20,"{'tier_0': 2, 'tier_1': 5, 'tier_2': 6, 'tier_3': 4, 'tier_4': 3}"
2024-09-02T07:00:00,5888,20,"{'tier_0': 2, 'tier_1': 4, 'tier_2': 6, 'tier_3': 4, 'tier_4': 4}"
2024-09-02T08:00:00,5889,19,"{'tier_0': 2, 'tier_1': 4, 'tier_2': 6, 'tier_3': 4, 'tier_4': 3}"
2024-09-02T09:00:00,5890,21,"{'tier_0': 2, 'tier_1': 5, 'tier_2': 6, 'tier_3': 4, 'tier_4': 4}"
2024-09-02T10:00:00,5891,21,"{'tier_0': 2, 'tier_1': 5, 'tier_2': 6, 'tier_3': 4, 'tier_4': 4}"
2024-09-02T11:00:00,5892,19,"{'tier_0': 2, 'tier_1': 4, 'tier_2': 5, 'tier_3': 4, 'tier_4': 4}"
2024-09-02T12:00:00,5893,20,"{'tier_0': 3, 'tier_1': 3, 'tier_2': 6, 'tier_3': 4, 'tier_4': 4}"
2024-09-02T13:00:00,5894,20,"{'tier_0': 2, 'tier_1': 5, 'tier_2': 6, 'tier_3': 4, 'tier_4': 3}"
2024-09-02T14:00:00,5895,21,"{'tier_0': 3, 'tier_1': 4, 'tier_2': 6, 'tier_3': 4, 'tier_4': 4}"
2024-09-02T15:00:00,5896,20,"{'tier_0': 2, 'tier_1': 4, 'tier_2': 6, 'tier_3': 4, 'tier_4': 4}"
2024-09-02T16:00:00,5897,20,"{'tier_0': 2, 'tier_1': 4, 'tier_2': 6, 'tier_3': 4, 'tier_4': 4}"
2024-09-02T17:00:00,5898,21,"{'tier_0': 3, 'tier_1': 3, 'tier_2': 6, 'tier_3': 4, 'tier_4': 5}"
2024-09-02T18:00:00,5899,20,"{'tier_0': 2, 'tier_1': 4, 'tier_2': 6, 'tier_3': 4, 'tier_4': 4}"
2024-09-02T19:00:00,5900,20,"{'tier_0': 2, 'tier_1': 5, 'tier_2': 6, 'tier_3': 4, 'tier_4': 3}"
2024-09-02T20:00:00,5901,20,"{'tier_0': 2, 'tier_1': 4, 'tier_2': 5, 'tier_3': 5, 'tier_4': 4}"
2024-09-02T21:00:00,5902,20,"{'tier_0': 2, 'tier_1': 5, 'tier_2': 6, 'tier_3': 4, 'tier_4': 3}"
2024-09-02T22:00:00,5903,20,"{'tier_0': 2, 'tier_1': 5, 'tier_2': 6, 'tier_3': 4, 'tier_4': 3}"
2024-09-02T23:00:00,5904,21,"{'tier_0': 3, 'tier_1': 4, 'tier_2': 6, 'tier_3': 4, 'tier_4': 4}"
2024-09-03T00:00:00,5905,20,"{'tier_0': 2, 'tier_1': 4, 'tier_2': 6, 'tier_3': 4, 'tier_4': 4}"
2024-09-03T01:00:00,5906,19,"{'tier_0': 2, 'tier_1': 4, 'tier_2': 5, 'tier_3': 4, 'tier_4': 4}"
2024-09-03T02:00:00,5907,18,"{'tier_0': 2, 'tier_1': 4, 'tier_2': 5, 'tier_3': 4, 'tier_4': 3}"
2024-09-03T03:00:00,5908,20,"{'tier_0': 2, 'tier_1': 4, 'tier_2': 6, 'tier_3': 4, 'tier_4': 4}"
2024-09-03T04:00:00,5909,20,"{'tier_0': 3, 'tier_1': 3, 'tier_2': 6, 'tier_3': 4, 'tier_4': 4}"
2024-09-03T05:00:00,5910,20,"{'tier_0': 2, 'tier_1': 4, 'tier_2': 6, 'tier_3': 4, 'tier_4': 4}"
2024-09-03T06:00:00,5911,19,"{'tier_0': 2, 'tier_1': 4, 'tier_2': 5, 'tier_3': 4, 'tier_4': 4}"
2024-09-03T07:00:00,5912,21,"{'tier_0': 2, 'tier_1': 5, 'tier_2': 6, 'tier_3': 4, 'tier_4': 4}"
2024-09-03T08:00:00,5913,19,"{'tier_0': 2, 'tier_1': 4, 'tier_2': 5, 'tier_3': 4, 'tier_4': 4}"
2024-09-03T09:00:00,5914,21,"{'tier_0': 2, 'tier_1': 5, 'tier_2': 6, 'tier_3': 5, 'tier_4': 3}"
2024-09-03T10:00:00,5915,20,"{'tier_0': 2, 'tier_1': 5, 'tier_2': 6, 'tier_3': 4, 'tier_4': 3}"
2024-09-03T11:00:00,5916,20,"{'tier_0': 2, 'tier_1': 4, 'tier_2': 6, 'tier_3': 4, 'tier_4': 4}"
2024-09-03T12:00:00,5917,20,"{'tier_0': 2, 'tier_1': 4, 'tier_2': 6, 'tier_3': 4, 'tier_4': 4}"
2024-09-03T13:00:00,5918,20,"{'tier_0': 2, 'tier_1': 5, 'tier_2': 6, 'tier_3': 4, 'tier_4': 3}"
2024-09-03T14:00:00,5919,20,"{'tier_0': 2, 'tier_1': 4, 'tier_2': 6, 'tier_3': 4, 'tier_4': 4}"
2024-09-03T15:00:00,5920,20,"{'tier_0': 2, 'tier_1': 5, 'tier_2': 6, 'tier_3': 4, 'tier_4': 3}"
2024-09-03T16:00:00,5921,20,"{'tier_0': 2, 'tier_1': 4, 'tier_2': 6, 'tier_3': 4, 'tier_4': 4}"
2024-09-03T17:00:00,5922,20,"{'tier_0': 2, 'tier_1': 5, 'tier_2': 6, 'tier_3': 4, 'tier_4': 3}"
2024-09-03T18:00:00,5923,21,"{'tier_0': 2, 'tier_1': 5, 'tier_2': 6, 'tier_3': 5, 'tier_4': 3}"
2024-09-03T19:00:00,5924,20,"{'tier_0': 2, 'tier_1': 4, 'tier_2': 6, 'tier_3': 4, 'tier_4': 4}"
2024-09-03T20:00:00,5925,20,"{'tier_0': 2, 'tier_1': 4, 'tier_2': 5, 'tier_3': 5, 'tier_4': 4}"
2024-09-03T21:00:00,5926,20,"{'tier_0': 3, 'tier_1': 4, 'tier_2': 6, 'tier_3': 4, 'tier_4': 3}"
2024-09-03T22:00:00,5927,20,"{'tier_0': 2, 'tier_1': 4, 'tier_2': 6, 'tier_3': 4, 'tier_4': 4}"
2024-09-03T23:00:00,5928,20,"{'tier_0': 2, 'tier_1': 4, 'tier_2': 6, 'tier_3': 4, 'tier_4': 4}"
2024-09-04T00:00:00,5929,19,"{'tier_0': 2, 'tier_1': 4, 'tier_2': 5, 'tier_3': 4, 'tier_4': 4}"
2024-09-04T01:00:00,5930,20,"{'tier_0': 2, 'tier_1': 5, 'tier_2': 6, 'tier_3': 4, 'tier_4': 3}"
2024-09-04T02:00:00,5931,20,"{'tier_0': 2, 'tier_1': 4, 'tier_2': 6, 'tier_3': 4, 'tier_4': 4}"
2024-09-04T03:00:00,5932,20,"{'tier_0': 3, 'tier_1': 3, 'tier_2': 6, 'tier_3': 4, 'tier_4': 4}"
2024-09-04T04:00:00,5933,21,"{'tier_0': 2, 'tier_1': 5, 'tier_2': 6, 'tier_3': 5, 'tier_4': 3}"
2024-09-04T05:00:00,5934,19,"{'tier_0': 2, 'tier_1': 4, 'tier_2': 5, 'tier_3': 4, 'tier_4': 4}"
2024-09-04T06:00:00,5935,21,"{'tier_0': 2, 'tier_1': 4, 'tier_2': 6, 'tier_3': 5, 'tier_4': 4}"
2024-09-04T07:00:00,5936,21,"{'tier_0': 2, 'tier_1': 4, 'tier_2': 6, 'tier_3': 5, 'tier_4': 4}"
2024-09-04T08:00:00,5937,19,"{'tier_0': 3, 'tier_1': 3, 'tier_2': 5, 'tier_3': 4, 'tier_4': 4}"
2024-09-04T09:00:00,5938,21,"{'tier_0': 2, 'tier_1': 4, 'tier_2': 6, 'tier_3': 4, 'tier_4': 5}"
2024-09-04T10:00:00,5939,21,"{'tier_0': 3, 'tier_1': 4, 'tier_2': 6, 'tier_3': 4, 'tier_4': 4}"
2024-09-04T11:00:00,5940,20,"{'tier_0': 3, 'tier_1': 4, 'tier_2': 6, 'tier_3': 4, 'tier_4': 3}"
2024-09-04T12:00:00,5941,20,"{'tier_0': 2, 'tier_1': 4, 'tier_2': 6, 'tier_3': 4, 'tier_4': 4}"
2024-09-04T13:00:00,5942,20,"{'tier_0': 2, 'tier_1': 5, 'tier_2': 6, 'tier_3': 4, 'tier_4': 3}"
2024-09-04T14:00:00,5943,20,"{'tier_0': 2, 'tier_1': 5, 'tier_2': 6, 'tier_3': 4, 'tier_4': 3}"
2024-09-04T15:00:00,5944,21,"{'tier_0': 2, 'tier_1': 5, 'tier_2': 6, 'tier_3': 4, 'tier_4': 4}"
2024-09-04T16:00:00,5945,19,"{'tier_0': 2, 'tier_1': 4, 'tier_2': 5, 'tier_3': 4, 'tier_4': 4}"
2024-09-04T17:00:00,5946,20,"{'tier_0': 2, 'tier_1': 4, 'tier_2': 6, 'tier_3': 4, 'tier_4': 4}"
2024-09-04T18:00:00,5947,20,"{'tier_0': 2, 'tier_1': 5, 'tier_2': 6, 'tier_3': 4, 'tier_4': 3}"
2024-09-04T19:00:00,5948,20,"{'tier_0': 3, 'tier_1': 3, 'tier_2': 6, 'tier_3': 4, 'tier_4': 4}"
2024-09-04T20:00:00,5949,20,"{'tier_0': 2, 'tier_1': 5, 'tier_2': 6, 'tier_3': 4, 'tier_4': 3}"
2024-09-04T21:00:00,5950,20,"{'tier_0': 2, 'tier_1': 4, 'tier_2': 6, 'tier_3': 4, 'tier_4': 4}"
2024-09-04T22:00:00,5951,20,"{'tier_0': 2, 'tier_1': 5, 'tier_2': 6, 'tier_3': 4, 'tier_4': 3}"
2024-09-04T23:00:00,5952,20,"{'tier_0': 2, 'tier_1': 5, 'tier_2': 6, 'tier_3': 4, 'tier_4': 3}"
2024-09-05T00:00:00,5953,20,"{'tier_0': 2, 'tier_1': 5, 'tier_2': 6, 'tier_3': 4, 'tier_4': 3}"
2024-09-05T01:00:00,5954,20,"{'tier_0': 2, 'tier_1': 4, 'tier_2': 6, 'tier_3': 4, 'tier_4': 4}"
2024-09-05T02:00:00,5955,20,"{'tier_0': 2, 'tier_1': 5, 'tier_2': 6, 'tier_3': 4, 'tier_4': 3}"
2024-09-05T03:00:00,5956,21,"{'tier_0': 2, 'tier_1': 5, 'tier_2': 6, 'tier_3': 5, 'tier_4': 3}"
2024-09-05T04:00:00,5957,20,"{'tier_0': 4, 'tier_1': 3, 'tier_2': 6, 'tier_3': 4, 'tier_4': 3}"
2024-09-05T05:00:00,5958,20,"{'tier_0': 2, 'tier_1': 5, 'tier_2': 6, 'tier_3': 4, 'tier_4': 3}"
2024-09-05T06:00:00,5959,20,"{'tier_0': 2, 'tier_1': 5, 'tier_2': 6, 'tier_3': 4, 'tier_4': 3}"
2024-09-05T07:00:00,5960,19,"{'tier_0': 2, 'tier_1': 4, 'tier_2': 5, 'tier_3': 4, 'tier_4': 4}"
2024-09-05T08:00:00,5961,21,"{'tier_0': 2, 'tier_1': 5, 'tier_2': 6, 'tier_3': 4, 'tier_4': 4}"
2024-09-05T09:00:00,5962,21,"{'tier_0': 3, 'tier_1': 4, 'tier_2': 6, 'tier_3': 4, 'tier_4': 4}"
2024-09-05T10:00:00,5963,20,"{'tier_0': 2, 'tier_1': 4, 'tier_2': 6, 'tier_3': 4, 'tier_4': 4}"
2024-09-05T11:00:00,5964,20,"{'tier_0': 2, 'tier_1': 5, 'tier_2': 6, 'tier_3': 4, 'tier_4': 3}"
2024-09-05T12:00:00,5965,20,"{'tier_0': 2, 'tier_1': 4, 'tier_2': 6, 'tier_3': 4, 'tier_4': 4}"
2024-09-05T13:00:00,5966,20,"{'tier_0': 2, 'tier_1': 4, 'tier_2': 6, 'tier_3': 4, 'tier_4': 4}"
2024-09-05T14:00:00,5967,21,"{'tier_0': 2, 'tier_1': 4, 'tier_2': 6, 'tier_3': 4, 'tier_4': 5}"
2024-09-05T15:00:00,5968,21,"{'tier_0': 2, 'tier_1': 5, 'tier_2': 6, 'tier_3': 4, 'tier_4': 4}"
2024-09-05T16:00:00,5969,19,"{'tier_0': 2, 'tier_1': 4, 'tier_2': 5, 'tier_3': 4, 'tier_4': 4}"
2024-09-05T17:00:00,5970,20,"{'tier_0': 2, 'tier_1': 4, 'tier_2': 6, 'tier_3': 4, 'tier_4': 4}"
2024-09-05T18:00:00,5971,20,"{'tier_0': 2, 'tier_1': 4, 'tier_2': 6, 'tier_3': 4, 'tier_4': 4}"
2024-09-05T19:00:00,5972,20,"{'tier_0': 2, 'tier_1': 4, 'tier_2': 6, 'tier_3': 4, 'tier_4': 4}"
2024-09-05T20:00:00,5973,20,"{'tier_0': 2, 'tier_1': 5, 'tier_2': 6, 'tier_3': 4, 'tier_4': 3}"
2024-09-05T21:00:00,5974,20,"{'tier_0': 2, 'tier_1': 4, 'tier_2': 6, 'tier_3': 4, 'tier_4': 4}"
2024-09-05T22:00:00,5975,18,"{'tier_0': 2, 'tier_1': 4, 'tier_2': 5, 'tier_3': 4, 'tier_4': 3}"
2024-09-05T23:00:00,5976,20,"{'tier_0': 2, 'tier_1': 4, 'tier_2': 6, 'tier_3': 4, 'tier_4': 4}"
2024-09-06T00:00:00,5977,20,"{'tier_0': 2, 'tier_1': 4, 'tier_2': 6, 'tier_3': 4, 'tier_4': 4}"
2024-09-06T01:00:00,5978,19,"{'tier_0': 2, 'tier_1': 4, 'tier_2': 5, 'tier_3': 4, 'tier_4': 4}"
2024-09-06T02:00:00,5979,20,"{'tier_0': 2, 'tier_1': 4, 'tier_2': 6, 'tier_3': 4, 'tier_4': 4}"
2024-09-06T03:00:00,5980,20,"{'tier_0': 2, 'tier_1': 4, 'tier_2': 6, 'tier_3': 4, 'tier_4': 4}"
2024-09-06T04:00:00,5981,21,"{'tier_0': 2, 'tier_1': 5, 'tier_2': 6, 'tier_3': 4, 'tier_4': 4}"
2024-09-06T05:00:00,5982,20,"{'tier_0': 2, 'tier_1': 4, 'tier_2': 6, 'tier_3': 4, 'tier_4': 4}"
2024-09-06T06:00:00,5983,20,"{'tier_0': 2, 'tier_1': 5, 'tier_2': 6, 'tier_3': 4, 'tier_4': 3}"
2024-09-06T07:00:00,5984,20,"{'tier_0': 2, 'tier_1': 4, 'tier_2': 6, 'tier_3': 4, 'tier_4': 4}"
2024-09-06T08:00:00,5985,20,"{'tier_0': 3, 'tier_1': 4, 'tier_2': 6, 'tier_3': 4, 'tier_4': 3}"
2024-09-06T09:00:00,5986,20,"{'tier_0': 2, 'tier_1': 4, 'tier_2': 6, 'tier_3': 4, 'tier_4': 4}"
2024-09-06T10:00:00,5987,20,"{'tier_0': 2, 'tier_1': 5, 'tier_2': 6, 'tier_3': 4, 'tier_4': 3}"
2024-09-06T11:00:00,5988,20,"{'tier_0': 2, 'tier_1': 5, 'tier_2': 6, 'tier_3': 4, 'tier_4': 3}"
2024-09-06T12:00:00,5989,18,"{'tier_0': 2, 'tier_1': 4, 'tier_2': 5, 'tier_3': 4, 'tier_4': 3}"
2024-09-06T13:00:00,5990,20,"{'tier_0': 3, 'tier_1': 4, 'tier_2': 6, 'tier_3': 4, 'tier_4': 3}"
2024-09-06T14:00:00,5991,21,"{'tier_0': 2, 'tier_1': 5, 'tier_2': 6, 'tier_3': 4, 'tier_4': 4}"
2024-09-06T15:00:00,5992,20,"{'tier_0': 3, 'tier_1': 3, 'tier_2': 6, 'tier_3': 4, 'tier_4': 4}"
2024-09-06T16:00:00,5993,20,"{'tier_0': 2, 'tier_1': 4, 'tier_2': 6, 'tier_3': 4, 'tier_4': 4}"
2024-09-06T17:00:00,5994,21,"{'tier_0': 2, 'tier_1': 5, 'tier_2': 6, 'tier_3': 4, 'tier_4': 4}"
2024-09-06T18:00:00,5995,19,"{'tier_0': 1, 'tier_1': 5, 'tier_2': 5, 'tier_3': 4, 'tier_4': 4}"
2024-09-06T19:00:00,5996,20,"{'tier_0': 2, 'tier_1': 4, 'tier_2': 6, 'tier_3': 4, 'tier_4': 4}"
2024-09-06T20:00:00,5997,20,"{'tier_0': 2, 'tier_1': 5, 'tier_2': 6, 'tier_3': 4, 'tier_4': 3}"
2024-09-06T21:00:00,5998,21,"{'tier_0': 2, 'tier_1': 5, 'tier_2': 6, 'tier_3': 4, 'tier_4': 4}"
2024-09-06T22:00:00,5999,20,"{'tier_0': 2, 'tier_1': 4, 'tier_2': 6, 'tier_3': 4, 'tier_4': 4}"
2024-09-06T23:00:00,6000,20,"{'tier_0': 2, 'tier_1': 4, 'tier_2': 6, 'tier_3': 4, 'tier_4': 4}"
2024-09-07T00:00:00,6001,21,"{'tier_0': 3, 'tier_1': 4, 'tier_2': 6, 'tier_3': 4, 'tier_4': 4}"
2024-09-07T01:00:00,6002,21,"{'tier_0': 3, 'tier_1': 4, 'tier_2': 6, 'tier_3': 4, 'tier_4': 4}"
2024-09-07T02:00:00,6003,21,"{'tier_0': 2, 'tier_1': 5, 'tier_2': 6, 'tier_3': 4, 'tier_4': 4}"
2024-09-07T03:00:00,6004,20,"{'tier_0': 2, 'tier_1': 5, 'tier_2': 6, 'tier_3': 4, 'tier_4': 3}"
2024-09-07T04:00:00,6005,20,"{'tier_0': 3, 'tier_1': 4, 'tier_2': 6, 'tier_3': 4, 'tier_4': 3}"
2024-09-07T05:00:00,6006,21,"{'tier_0': 2, 'tier_1': 5, 'tier_2': 6, 'tier_3': 4, 'tier_4': 4}"
2024-09-07T06:00:00,6007,19,"{'tier_0': 2, 'tier_1': 4, 'tier_2': 6, 'tier_3': 4, 'tier_4': 3}"
2024-09-07T07:00:00,6008,19,"{'tier_0': 2, 'tier_1': 4, 'tier_2': 6, 'tier_3': 4, 'tier_4': 3}"
2024-09-07T08:00:00,6009,19,"{'tier_0': 2, 'tier_1': 4, 'tier_2': 6, 'tier_3': 4, 'tier_4': 3}"
2024-09-07T09:00:00,6010,18,"{'tier_0': 2, 'tier_1': 4, 'tier_2': 5, 'tier_3': 4, 'tier_4': 3}"
2024-09-07T10:00:00,6011,20,"{'tier_0': 3, 'tier_1': 4, 'tier_2': 6, 'tier_3': 4, 'tier_4': 3}"
2024-09-07T11:00:00,6012,19,"{'tier_0': 2, 'tier_1': 4, 'tier_2': 6, 'tier_3': 4, 'tier_4': 3}"
2024-09-07T12:00:00,6013,20,"{'tier_0': 2, 'tier_1': 4, 'tier_2': 6, 'tier_3': 4, 'tier_4': 4}"
2024-09-07T13:00:00,6014,20,"{'tier_0': 2, 'tier_1': 4, 'tier_2': 6, 'tier_3': 4, 'tier_4': 4}"
2024-09-07T14:00:00,6015,20,"{'tier_0': 2, 'tier_1': 5, 'tier_2': 6, 'tier_3': 4, 'tier_4': 3}"
2024-09-07T15:00:00,6016,20,"{'tier_0': 2, 'tier_1': 4, 'tier_2': 6, 'tier_3': 4, 'tier_4': 4}"
2024-09-07T16:00:00,6017,18,"{'tier_0': 3, 'tier_1': 3, 'tier_2': 5, 'tier_3': 4, 'tier_4': 3}"
2024-09-07T17:00:00,6018,20,"{'tier_0': 2, 'tier_1': 4, 'tier_2': 6, 'tier_3': 4, 'tier_4': 4}"
2024-09-07T18:00:00,6019,19,"{'tier_0': 2, 'tier_1': 4, 'tier_2': 6, 'tier_3': 4, 'tier_4': 3}"
2024-09-07T19:00:00,6020,20,"{'tier_0': 2, 'tier_1': 5, 'tier_2': 6, 'tier_3': 4, 'tier_4': 3}"
2024-09-07T20:00:00,6021,20,"{'tier_0': 3, 'tier_1': 4, 'tier_2': 6, 'tier_3': 4, 'tier_4': 3}"
2024-09-07T21:00:00,6022,20,"{'tier_0': 2, 'tier_1': 5, 'tier_2': 6, 'tier_3': 4, 'tier_4': 3}"
2024-09-07T22:00:00,6023,20,"{'tier_0': 2, 'tier_1': 4, 'tier_2': 6, 'tier_3': 4, 'tier_4': 4}"
2024-09-07T23:00:00,6024,21,"{'tier_0': 2, 'tier_1': 5, 'tier_2': 6, 'tier_3': 4, 'tier_4': 4}"
2024-09-08T00:00:00,6025,20,"{'tier_0': 2, 'tier_1': 5, 'tier_2': 6, 'tier_3': 4, 'tier_4': 3}"
2024-09-08T01:00:00,6026,20,"{'tier_0': 2, 'tier_1': 4, 'tier_2': 6, 'tier_3': 4, 'tier_4': 4}"
2024-09-08T02:00:00,6027,20,"{'tier_0': 2, 'tier_1': 4, 'tier_2': 6, 'tier_3': 4, 'tier_4': 4}"
2024-09-08T03:00:00,6028,20,"{'tier_0': 3, 'tier_1': 4, 'tier_2': 6, 'tier_3': 4, 'tier_4': 3}"
2024-09-08T04:00:00,6029,20,"{'tier_0': 2, 'tier_1': 5, 'tier_2': 6, 'tier_3': 4, 'tier_4': 3}"
2024-09-08T05:00:00,6030,19,"{'tier_0': 2, 'tier_1': 4, 'tier_2': 5, 'tier_3': 4, 'tier_4': 4}"
2024-09-08T06:00:00,6031,20,"{'tier_0': 2, 'tier_1': 4, 'tier_2': 6, 'tier_3': 4, 'tier_4': 4}"
2024-09-08T07:00:00,6032,20,"{'tier_0': 2, 'tier_1': 4, 'tier_2': 6, 'tier_3': 4, 'tier_4': 4}"
2024-09-08T08:00:00,6033,21,"{'tier_0': 2, 'tier_1': 5, 'tier_2': 6, 'tier_3': 4, 'tier_4': 4}"
2024-09-08T09:00:00,6034,18,"{'tier_0': 2, 'tier_1': 4, 'tier_2': 5, 'tier_3': 4, 'tier_4': 3}"
2024-09-08T10:00:00,6035,20,"{'tier_0': 2, 'tier_1': 5, 'tier_2': 6, 'tier_3': 4, 'tier_4': 3}"
2024-09-08T11:00:00,6036,20,"{'tier_0': 3, 'tier_1': 4, 'tier_2': 6, 'tier_3': 4, 'tier_4': 3}"
2024-09-08T12:00:00,6037,19,"{'tier_0': 2, 'tier_1': 4, 'tier_2': 5, 'tier_3': 4, 'tier_4': 4}"
2024-09-08T13:00:00,6038,21,"{'tier_0': 3, 'tier_1': 4, 'tier_2': 6, 'tier_3': 4, 'tier_4': 4}"
2024-09-08T14:00:00,6039,20,"{'tier_0': 2, 'tier_1': 4, 'tier_2': 6, 'tier_3': 4, 'tier_4': 4}"
2024-09-08T15:00:00,6040,20,"{'tier_0': 2, 'tier_1': 4, 'tier_2': 6, 'tier_3': 4, 'tier_4': 4}"
2024-09-08T16:00:00,6041,20,"{'tier_0': 2, 'tier_1': 4, 'tier_2': 6, 'tier_3': 4, 'tier_4': 4}"
2024-09-08T17:00:00,6042,21,"{'tier_0': 2, 'tier_1': 5, 'tier_2': 6, 'tier_3': 4, 'tier_4': 4}"
2024-09-08T18:00:00,6043,20,"{'tier_0': 2, 'tier_1': 5, 'tier_2': 6, 'tier_3': 4, 'tier_4': 3}"
2024-09-08T19:00:00,6044,21,"{'tier_0': 2, 'tier_1': 5, 'tier_2': 6, 'tier_3': 4, 'tier_4': 4}"
2024-09-08T20:00:00,6045,21,"{'tier_0': 2, 'tier_1': 5, 'tier_2': 6, 'tier_3': 4, 'tier_4': 4}"
2024-09-08T21:00:00,6046,21,"{'tier_0': 2, 'tier_1': 5, 'tier_2': 6, 'tier_3': 4, 'tier_4': 4}"
2024-09-08T22:00:00,6047,20,"{'tier_0': 2, 'tier_1': 5, 'tier_2': 6, 'tier_3': 4, 'tier_4': 3}"
2024-09-08T23:00:00,6048,21,"{'tier_0': 3, 'tier_1': 4, 'tier_2': 6, 'tier_3': 4, 'tier_4': 4}"
2024-09-09T00:00:00,6049,21,"{'tier_0': 2, 'tier_1': 5, 'tier_2': 6, 'tier_3': 5, 'tier_4': 3}"
2024-09-09T01:00:00,6050,19,"{'tier_0': 2, 'tier_1': 4, 'tier_2': 6, 'tier_3': 4, 'tier_4': 3}"
2024-09-09T02:00:00,6051,20,"{'tier_0': 2, 'tier_1': 4, 'tier_2': 6, 'tier_3': 4, 'tier_4': 4}"
2024-09-09T03:00:00,6052,20,"{'tier_0': 2, 'tier_1': 5, 'tier_2': 6, 'tier_3': 4, 'tier_4': 3}"
2024-09-09T04:00:00,6053,21,"{'tier_0': 2, 'tier_1': 5, 'tier_2': 6, 'tier_3': 4, 'tier_4': 4}"
2024-09-09T05:00:00,6054,18,"{'tier_0': 2, 'tier_1': 4, 'tier_2': 5, 'tier_3': 4, 'tier_4': 3}"
2024-09-09T06:00:00,6055,21,"{'tier_0': 3, 'tier_1': 4, 'tier_2': 6, 'tier_3': 4, 'tier_4': 4}"
2024-09-09T07:00:00,6056,21,"{'tier_0': 2, 'tier_1': 5, 'tier_2': 6, 'tier_3': 4, 'tier_4': 4}"
2024-09-09T08:00:00,6057,20,"{'tier_0': 2, 'tier_1': 4, 'tier_2': 6, 'tier_3': 4, 'tier_4': 4}"
2024-09-09T09:00:00,6058,20,"{'tier_0': 2, 'tier_1': 5, 'tier_2': 6, 'tier_3': 4, 'tier_4': 3}"
2024-09-09T10:00:00,6059,20,"{'tier_0': 2, 'tier_1': 5, 'tier_2': 6, 'tier_3': 4, 'tier_4': 3}"
2024-09-09T11:00:00,6060,21,"{'tier_0': 2, 'tier_1': 5, 'tier_2': 6, 'tier_3': 4, 'tier_4': 4}"
2024-09-09T12:00:00,6061,20,"{'tier_0': 2, 'tier_1': 5, 'tier_2': 6, 'tier_3': 4, 'tier_4': 3}"
2024-09-09T13:00:00,6062,20,"{'tier_0': 2, 'tier_1': 5, 'tier_2': 6, 'tier_3': 4, 'tier_4': 3}"
2024-09-09T14:00:00,6063,21,"{'tier_0': 2, 'tier_1': 5, 'tier_2': 6, 'tier_3': 4, 'tier_4': 4}"
2024-09-09T15:00:00,6064,20,"{'tier_0': 2, 'tier_1': 5, 'tier_2': 6, 'tier_3': 4, 'tier_4': 3}"
2024-09-09T16:00:00,6065,21,"{'tier_0': 3, 'tier_1': 4, 'tier_2': 6, 'tier_3': 4, 'tier_4': 4}"
2024-09-09T17:00:00,6066,20,"{'tier_0': 2, 'tier_1': 4, 'tier_2': 6, 'tier_3': 4, 'tier_4': 4}"
2024-09-09T18:00:00,6067,21,"{'tier_0': 2, 'tier_1': 5, 'tier_2': 6, 'tier_3': 4, 'tier_4': 4}"
2024-09-09T19:00:00,6068,20,"{'tier_0': 2, 'tier_1': 4, 'tier_2': 6, 'tier_3': 4, 'tier_4': 4}"
2024-09-09T20:00:00,6069,20,"{'tier_0': 2, 'tier_1': 5, 'tier_2': 6, 'tier_3': 4, 'tier_4': 3}"
2024-09-09T21:00:00,6070,21,"{'tier_0': 2, 'tier_1': 5, 'tier_2': 6, 'tier_3': 4, 'tier_4': 4}"
2024-09-09T22:00:00,6071,20,"{'tier_0': 2, 'tier_1': 4, 'tier_2': 6, 'tier_3': 4, 'tier_4': 4}"
2024-09-09T23:00:00,6072,20,"{'tier_0': 2, 'tier_1': 5, 'tier_2': 6, 'tier_3': 4, 'tier_4': 3}"
2024-09-10T00:00:00,6073,18,"{'tier_0': 2, 'tier_1': 4, 'tier_2': 5, 'tier_3': 4, 'tier_4': 3}"
2024-09-10T01:00:00,6074,20,"{'tier_0': 2, 'tier_1': 5, 'tier_2': 6, 'tier_3': 4, 'tier_4': 3}"
2024-09-10T02:00:00,6075,20,"{'tier_0': 3, 'tier_1': 4, 'tier_2': 6, 'tier_3': 4, 'tier_4': 3}"
2024-09-10T03:00:00,6076,20,"{'tier_0': 2, 'tier_1': 5, 'tier_2': 6, 'tier_3': 4, 'tier_4': 3}"
2024-09-10T04:00:00,6077,20,"{'tier_0': 2, 'tier_1': 5, 'tier_2': 6, 'tier_3': 4, 'tier_4': 3}"
2024-09-10T05:00:00,6078,20,"{'tier_0': 2, 'tier_1': 5, 'tier_2': 6, 'tier_3': 4, 'tier_4': 3}"
2024-09-10T06:00:00,6079,20,"{'tier_0': 2, 'tier_1': 4, 'tier_2': 6, 'tier_3': 4, 'tier_4': 4}"
2024-09-10T07:00:00,6080,20,"{'tier_0': 2, 'tier_1': 4, 'tier_2': 6, 'tier_3': 4, 'tier_4': 4}"
2024-09-10T08:00:00,6081,21,"{'tier_0': 3, 'tier_1': 4, 'tier_2': 6, 'tier_3': 4, 'tier_4': 4}"
2024-09-10T09:00:00,6082,21,"{'tier_0': 2, 'tier_1': 4, 'tier_2': 6, 'tier_3': 5, 'tier_4': 4}"
2024-09-10T10:00:00,6083,21,"{'tier_0': 3, 'tier_1': 4, 'tier_2': 6, 'tier_3': 4, 'tier_4': 4}"
2024-09-10T11:00:00,6084,20,"{'tier_0': 2, 'tier_1': 5, 'tier_2': 6, 'tier_3': 4, 'tier_4': 3}"
2024-09-10T12:00:00,6085,20,"{'tier_0': 2, 'tier_1': 4, 'tier_2': 6, 'tier_3': 4, 'tier_4': 4}"
2024-09-10T13:00:00,6086,20,"{'tier_0': 2, 'tier_1': 5, 'tier_2': 6, 'tier_3': 4, 'tier_4': 3}"
2024-09-10T14:00:00,6087,20,"{'tier_0': 2, 'tier_1': 5, 'tier_2': 6, 'tier_3': 4, 'tier_4': 3}"
2024-09-10T15:00:00,6088,20,"{'tier_0': 2, 'tier_1': 5, 'tier_2': 6, 'tier_3': 4, 'tier_4': 3}"
2024-09-10T16:00:00,6089,18,"{'tier_0': 2, 'tier_1': 4, 'tier_2': 5, 'tier_3': 4, 'tier_4': 3}"
2024-09-10T17:00:00,6090,20,"{'tier_0': 3, 'tier_1': 4, 'tier_2': 6, 'tier_3': 4, 'tier_4': 3}"
2024-09-10T18:00:00,6091,19,"{'tier_0': 2, 'tier_1': 4, 'tier_2': 5, 'tier_3': 4, 'tier_4': 4}"
2024-09-10T19:00:00,6092,21,"{'tier_0': 2, 'tier_1': 5, 'tier_2': 6, 'tier_3': 4, 'tier_4': 4}"
2024-09-10T20:00:00,6093,20,"{'tier_0': 2, 'tier_1': 5, 'tier_2': 6, 'tier_3': 4, 'tier_4': 3}"
2024-09-10T21:00:00,6094,20,"{'tier_0': 3, 'tier_1': 4, 'tier_2': 6, 'tier_3': 4, 'tier_4': 3}"
2024-09-10T22:00:00,6095,20,"{'tier_0': 2, 'tier_1': 5, 'tier_2': 6, 'tier_3': 4, 'tier_4': 3}"
2024-09-10T23:00:00,6096,20,"{'tier_0': 2, 'tier_1': 5, 'tier_2': 6, 'tier_3': 4, 'tier_4': 3}"
2024-09-11T00:00:00,6097,19,"{'tier_0': 2, 'tier_1': 4, 'tier_2': 5, 'tier_3': 4, 'tier_4': 4}"
2024-09-11T01:00:00,6098,20,"{'tier_0': 2, 'tier_1': 5, 'tier_2': 6, 'tier_3': 4, 'tier_4': 3}"
2024-09-11T02:00:00,6099,20,"{'tier_0': 2, 'tier_1': 4, 'tier_2': 6, 'tier_3': 4, 'tier_4': 4}"
2024-09-11T03:00:00,6100,20,"{'tier_0': 2, 'tier_1': 5, 'tier_2': 6, 'tier_3': 4, 'tier_4': 3}"
2024-09-11T04:00:00,6101,20,"{'tier_0': 2, 'tier_1': 5, 'tier_2': 6, 'tier_3': 4, 'tier_4': 3}"
2024-09-11T05:00:00,6102,20,"{'tier_0': 3, 'tier_1': 4, 'tier_2': 6, 'tier_3': 4, 'tier_4': 3}"
2024-09-11T06:00:00,6103,20,"{'tier_0': 2, 'tier_1': 5, 'tier_2': 6, 'tier_3': 4, 'tier_4': 3}"
2024-09-11T07:00:00,6104,18,"{'tier_0': 2, 'tier_1': 4, 'tier_2': 5, 'tier_3': 4, 'tier_4': 3}"
2024-09-11T08:00:00,6105,20,"{'tier_0': 2, 'tier_1': 5, 'tier_2': 6, 'tier_3': 4, 'tier_4': 3}"
2024-09-11T09:00:00,6106,20,"{'tier_0': 2, 'tier_1': 4, 'tier_2': 6, 'tier_3': 4, 'tier_4': 4}"
2024-09-11T10:00:00,6107,20,"{'tier_0': 3, 'tier_1': 3, 'tier_2': 6, 'tier_3': 4, 'tier_4': 4}"
2024-09-11T11:00:00,6108,20,"{'tier_0': 2, 'tier_1': 5, 'tier_2': 6, 'tier_3': 4, 'tier_4': 3}"
2024-09-11T12:00:00,6109,19,"{'tier_0': 2, 'tier_1': 4, 'tier_2': 5, 'tier_3': 4, 'tier_4': 4}"
2024-09-11T13:00:00,6110,20,"{'tier_0': 2, 'tier_1': 5, 'tier_2': 6, 'tier_3': 4, 'tier_4': 3}"
2024-09-11T14:00:00,6111,21,"{'tier_0': 2, 'tier_1': 5, 'tier_2': 6, 'tier_3': 4, 'tier_4': 4}"
2024-09-11T15:00:00,6112,21,"{'tier_0': 2, 'tier_1': 5, 'tier_2': 6, 'tier_3': 4, 'tier_4': 4}"
2024-09-11T16:00:00,6113,20,"{'tier_0': 2, 'tier_1': 5, 'tier_2': 6, 'tier_3': 4, 'tier_4': 3}"
2024-09-11T17:00:00,6114,20,"{'tier_0': 2, 'tier_1': 5, 'tier_2': 6, 'tier_3': 4, 'tier_4': 3}"
2024-09-11T18:00:00,6115,19,"{'tier_0': 1, 'tier_1': 5, 'tier_2': 5, 'tier_3': 4, 'tier_4': 4}"
2024-09-11T19:00:00,6116,20,"{'tier_0': 2, 'tier_1': 4, 'tier_2': 6, 'tier_3': 4, 'tier_4': 4}"
2024-09-11T20:00:00,6117,20,"{'tier_0': 3, 'tier_1': 4, 'tier_2': 6, 'tier_3': 4, 'tier_4': 3}"
2024-09-11T21:00:00,6118,20,"{'tier_0': 2, 'tier_1': 4, 'tier_2': 6, 'tier_3': 4, 'tier_4': 4}"
2024-09-11T22:00:00,6119,21,"{'tier_0': 2, 'tier_1': 5, 'tier_2': 6, 'tier_3': 4, 'tier_4': 4}"
2024-09-11T23:00:00,6120,20,"{'tier_0': 2, 'tier_1': 4, 'tier_2': 6, 'tier_3': 4, 'tier_4': 4}"
2024-09-12T00:00:00,6121,21,"{'tier_0': 2, 'tier_1': 5, 'tier_2': 6, 'tier_3': 4, 'tier_4': 4}"
2024-09-12T01:00:00,6122,20,"{'tier_0': 3, 'tier_1': 3, 'tier_2': 6, 'tier_3': 4, 'tier_4': 4}"
2024-09-12T02:00:00,6123,20,"{'tier_0': 3, 'tier_1': 3, 'tier_2': 6, 'tier_3': 4, 'tier_4': 4}"
2024-09-12T03:00:00,6124,20,"{'tier_0': 3, 'tier_1': 4, 'tier_2': 6, 'tier_3': 4, 'tier_4': 3}"
2024-09-12T04:00:00,6125,20,"{'tier_0': 2, 'tier_1': 4, 'tier_2': 6, 'tier_3': 4, 'tier_4': 4}"
2024-09-12T05:00:00,6126,18,"{'tier_0': 2, 'tier_1': 4, 'tier_2': 5, 'tier_3': 4, 'tier_4': 3}"
2024-09-12T06:00:00,6127,18,"{'tier_0': 2, 'tier_1': 4, 'tier_2': 5, 'tier_3': 4, 'tier_4': 3}"
2024-09-12T07:00:00,6128,20,"{'tier_0': 3, 'tier_1': 4, 'tier_2': 6, 'tier_3': 4, 'tier_4': 3}"
2024-09-12T08:00:00,6129,20,"{'tier_0': 2, 'tier_1': 5, 'tier_2': 6, 'tier_3': 4, 'tier_4': 3}"
2024-09-12T09:00:00,6130,19,"{'tier_0': 2, 'tier_1': 4, 'tier_2': 5, 'tier_3': 4, 'tier_4': 4}"
2024-09-12T10:00:00,6131,20,"{'tier_0': 2, 'tier_1': 4, 'tier_2': 6, 'tier_3': 4, 'tier_4': 4}"
2024-09-12T11:00:00,6132,20,"{'tier_0': 3, 'tier_1': 4, 'tier_2': 6, 'tier_3': 4, 'tier_4': 3}"
2024-09-12T12:00:00,6133,20,"{'tier_0': 2, 'tier_1': 5, 'tier_2': 6, 'tier_3': 4, 'tier_4': 3}"
2024-09-12T13:00:00,6134,20,"{'tier_0': 2, 'tier_1': 5, 'tier_2': 6, 'tier_3': 4, 'tier_4': 3}"
2024-09-12T14:00:00,6135,21,"{'tier_0': 2, 'tier_1': 4, 'tier_2': 6, 'tier_3': 5, 'tier_4': 4}"
2024-09-12T15:00:00,6136,19,"{'tier_0': 2, 'tier_1': 4, 'tier_2': 5, 'tier_3': 4, 'tier_4': 4}"
2024-09-12T16:00:00,6137,18,"{'tier_0': 2, 'tier_1': 4, 'tier_2': 5, 'tier_3': 4, 'tier_4': 3}"
2024-09-12T17:00:00,6138,20,"{'tier_0': 2, 'tier_1': 4, 'tier_2': 6, 'tier_3': 4, 'tier_4': 4}"
2024-09-12T18:00:00,6139,21,"{'tier_0': 2, 'tier_1': 4, 'tier_2': 6, 'tier_3': 4, 'tier_4': 5}"
2024-09-12T19:00:00,6140,19,"{'tier_0': 2, 'tier_1': 4, 'tier_2': 6, 'tier_3': 4, 'tier_4': 3}"
2024-09-12T20:00:00,6141,19,"{'tier_0': 2, 'tier_1': 4, 'tier_2': 5, 'tier_3': 4, 'tier_4': 4}"
2024-09-12T21:00:00,6142,20,"{'tier_0': 2, 'tier_1': 4, 'tier_2': 6, 'tier_3': 4, 'tier_4': 4}"
2024-09-12T22:00:00,6143,20,"{'tier_0': 2, 'tier_1': 4, 'tier_2': 6, 'tier_3': 4, 'tier_4': 4}"
2024-09-12T23:00:00,6144,20,"{'tier_0': 2, 'tier_1': 4, 'tier_2': 6, 'tier_3': 4, 'tier_4': 4}"
2024-09-13T00:00:00,6145,20,"{'tier_0': 2, 'tier_1': 4, 'tier_2': 6, 'tier_3': 4, 'tier_4': 4}"
2024-09-13T01:00:00,6146,20,"{'tier_0': 2, 'tier_1': 5, 'tier_2': 6, 'tier_3': 4, 'tier_4': 3}"
2024-09-13T02:00:00,6147,20,"{'tier_0': 3, 'tier_1': 4, 'tier_2': 6, 'tier_3': 4, 'tier_4': 3}"
2024-09-13T03:00:00,6148,20,"{'tier_0': 3, 'tier_1': 4, 'tier_2': 6, 'tier_3': 4, 'tier_4': 3}"
2024-09-13T04:00:00,6149,19,"{'tier_0': 2, 'tier_1': 4, 'tier_2': 6, 'tier_3': 4, 'tier_4': 3}"
2024-09-13T05:00:00,6150,21,"{'tier_0': 2, 'tier_1': 5, 'tier_2': 6, 'tier_3': 4, 'tier_4': 4}"
2024-09-13T06:00:00,6151,21,"{'tier_0': 2, 'tier_1': 5, 'tier_2': 6, 'tier_3': 4, 'tier_4': 4}"
2024-09-13T07:00:00,6152,20,"{'tier_0': 2, 'tier_1': 5, 'tier_2': 6, 'tier_3': 4, 'tier_4': 3}"
2024-09-13T08:00:00,6153,20,"{'tier_0': 2, 'tier_1': 5, 'tier_2': 6, 'tier_3': 4, 'tier_4': 3}"
2024-09-13T09:00:00,6154,21,"{'tier_0': 3, 'tier_1': 4, 'tier_2': 6, 'tier_3': 4, 'tier_4': 4}"
2024-09-13T10:00:00,6155,20,"{'tier_0': 2, 'tier_1': 5, 'tier_2': 6, 'tier_3': 4, 'tier_4': 3}"
2024-09-13T11:00:00,6156,20,"{'tier_0': 3, 'tier_1': 3, 'tier_2': 6, 'tier_3': 4, 'tier_4': 4}"
2024-09-13T12:00:00,6157,19,"{'tier_0': 2, 'tier_1': 4, 'tier_2': 5, 'tier_3': 4, 'tier_4': 4}"
2024-09-13T13:00:00,6158,20,"{'tier_0': 3, 'tier_1': 4, 'tier_2': 6, 'tier_3': 4, 'tier_4': 3}"
2024-09-13T14:00:00,6159,20,"{'tier_0': 2, 'tier_1': 5, 'tier_2': 6, 'tier_3': 4, 'tier_4': 3}"
2024-09-13T15:00:00,6160,21,"{'tier_0': 2, 'tier_1': 5, 'tier_2': 6, 'tier_3': 4, 'tier_4': 4}"
2024-09-13T16:00:00,6161,20,"{'tier_0': 2, 'tier_1': 4, 'tier_2': 6, 'tier_3': 4, 'tier_4': 4}"
2024-09-13T17:00:00,6162,21,"{'tier_0': 2, 'tier_1': 4, 'tier_2': 6, 'tier_3': 5, 'tier_4': 4}"
2024-09-13T18:00:00,6163,20,"{'tier_0': 2, 'tier_1': 4, 'tier_2': 6, 'tier_3': 4, 'tier_4': 4}"
2024-09-13T19:00:00,6164,20,"{'tier_0': 2, 'tier_1': 5, 'tier_2': 6, 'tier_3': 4, 'tier_4': 3}"
2024-09-13T20:00:00,6165,20,"{'tier_0': 2, 'tier_1': 4, 'tier_2': 5, 'tier_3': 5, 'tier_4': 4}"
2024-09-13T21:00:00,6166,20,"{'tier_0': 2, 'tier_1': 4, 'tier_2': 6, 'tier_3': 4, 'tier_4': 4}"
2024-09-13T22:00:00,6167,20,"{'tier_0': 2, 'tier_1': 5, 'tier_2': 6, 'tier_3': 4, 'tier_4': 3}"
2024-09-13T23:00:00,6168,20,"{'tier_0': 3, 'tier_1': 4, 'tier_2': 6, 'tier_3': 4, 'tier_4': 3}"
2024-09-14T00:00:00,6169,20,"{'tier_0': 2, 'tier_1': 4, 'tier_2': 6, 'tier_3': 4, 'tier_4': 4}"
2024-09-14T01:00:00,6170,20,"{'tier_0': 2, 'tier_1': 4, 'tier_2': 6, 'tier_3': 4, 'tier_4': 4}"
2024-09-14T02:00:00,6171,21,"{'tier_0': 2, 'tier_1': 5, 'tier_2': 6, 'tier_3': 5, 'tier_4': 3}"
2024-09-14T03:00:00,6172,20,"{'tier_0': 2, 'tier_1': 5, 'tier_2': 6, 'tier_3': 4, 'tier_4': 3}"
2024-09-14T04:00:00,6173,20,"{'tier_0': 2, 'tier_1': 4, 'tier_2': 6, 'tier_3': 4, 'tier_4': 4}"
2024-09-14T05:00:00,6174,19,"{'tier_0': 2, 'tier_1': 4, 'tier_2': 6, 'tier_3': 4, 'tier_4': 3}"
2024-09-14T06:00:00,6175,20,"{'tier_0': 2, 'tier_1': 5, 'tier_2': 6, 'tier_3': 4, 'tier_4': 3}"
2024-09-14T07:00:00,6176,21,"{'tier_0': 3, 'tier_1': 4, 'tier_2': 6, 'tier_3': 4, 'tier_4': 4}"
2024-09-14T08:00:00,6177,18,"{'tier_0': 2, 'tier_1': 4, 'tier_2': 5, 'tier_3': 4, 'tier_4': 3}"
2024-09-14T09:00:00,6178,21,"{'tier_0': 2, 'tier_1': 5, 'tier_2': 6, 'tier_3': 4, 'tier_4': 4}"
2024-09-14T10:00:00,6179,20,"{'tier_0': 2, 'tier_1': 5, 'tier_2': 6, 'tier_3': 4, 'tier_4': 3}"
2024-09-14T11:00:00,6180,19,"{'tier_0': 3, 'tier_1': 3, 'tier_2': 5, 'tier_3': 4, 'tier_4': 4}"
2024-09-14T12:00:00,6181,19,"{'tier_0': 2, 'tier_1': 4, 'tier_2': 5, 'tier_3': 4, 'tier_4': 4}"
2024-09-14T13:00:00,6182,21,"{'tier_0': 2, 'tier_1': 5, 'tier_2': 6, 'tier_3': 4, 'tier_4': 4}"
2024-09-14T14:00:00,6183,20,"{'tier_0': 2, 'tier_1': 5, 'tier_2': 6, 'tier_3': 4, 'tier_4': 3}"
2024-09-14T15:00:00,6184,21,"{'tier_0': 2, 'tier_1': 5, 'tier_2': 6, 'tier_3': 4, 'tier_4': 4}"
2024-09-14T16:00:00,6185,21,"{'tier_0': 2, 'tier_1': 4, 'tier_2': 6, 'tier_3': 5, 'tier_4': 4}"
2024-09-14T17:00:00,6186,21,"{'tier_0': 2, 'tier_1': 5, 'tier_2': 6, 'tier_3': 4, 'tier_4': 4}"
2024-09-14T18:00:00,6187,20,"{'tier_0': 2, 'tier_1': 4, 'tier_2': 6, 'tier_3': 4, 'tier_4': 4}"
2024-09-14T19:00:00,6188,21,"{'tier_0': 3, 'tier_1': 4, 'tier_2': 6, 'tier_3': 4, 'tier_4': 4}"
2024-09-14T20:00:00,6189,18,"{'tier_0': 2, 'tier_1': 4, 'tier_2': 5, 'tier_3': 4, 'tier_4': 3}"
2024-09-14T21:00:00,6190,20,"{'tier_0': 2, 'tier_1': 4, 'tier_2': 5, 'tier_3': 5, 'tier_4': 4}"
2024-09-14T22:00:00,6191,20,"{'tier_0': 2, 'tier_1': 5, 'tier_2': 6, 'tier_3': 4, 'tier_4': 3}"
2024-09-14T23:00:00,6192,20,"{'tier_0': 2, 'tier_1': 4, 'tier_2': 6, 'tier_3': 4, 'tier_4': 4}"
2024-09-15T00:00:00,6193,20,"{'tier_0': 2, 'tier_1': 4, 'tier_2': 6, 'tier_3': 4, 'tier_4': 4}"
2024-09-15T01:00:00,6194,21,"{'tier_0': 2, 'tier_1': 5, 'tier_2': 6, 'tier_3': 4, 'tier_4': 4}"
2024-09-15T02:00:00,6195,19,"{'tier_0': 2, 'tier_1': 4, 'tier_2': 5, 'tier_3': 4, 'tier_4': 4}"
2024-09-15T03:00:00,6196,20,"{'tier_0': 3, 'tier_1': 4, 'tier_2': 6, 'tier_3': 4, 'tier_4': 3}"
2024-09-15T04:00:00,6197,20,"{'tier_0': 2, 'tier_1': 4, 'tier_2': 6, 'tier_3': 4, 'tier_4': 4}"
2024-09-15T05:00:00,6198,21,"{'tier_0': 3, 'tier_1': 4, 'tier_2': 6, 'tier_3': 4, 'tier_4': 4}"
2024-09-15T06:00:00,6199,20,"{'tier_0': 2, 'tier_1': 4, 'tier_2': 5, 'tier_3': 5, 'tier_4': 4}"
2024-09-15T07:00:00,6200,19,"{'tier_0': 2, 'tier_1': 4, 'tier_2': 6, 'tier_3': 4, 'tier_4': 3}"
2024-09-15T08:00:00,6201,21,"{'tier_0': 3, 'tier_1': 4, 'tier_2': 6, 'tier_3': 4, 'tier_4': 4}"
2024-09-15T09:00:00,6202,20,"{'tier_0': 2, 'tier_1': 4, 'tier_2': 6, 'tier_3': 4, 'tier_4': 4}"
2024-09-15T10:00:00,6203,19,"{'tier_0': 2, 'tier_1': 4, 'tier_2': 5, 'tier_3': 4, 'tier_4': 4}"
2024-09-15T11:00:00,6204,21,"{'tier_0': 3, 'tier_1': 4, 'tier_2': 6, 'tier_3': 4, 'tier_4': 4}"
2024-09-15T12:00:00,6205,21,"{'tier_0': 2, 'tier_1': 5, 'tier_2': 6, 'tier_3': 4, 'tier_4': 4}"
2024-09-15T13:00:00,6206,20,"{'tier_0': 2, 'tier_1': 5, 'tier_2': 6, 'tier_3': 4, 'tier_4': 3}"
2024-09-15T14:00:00,6207,20,"{'tier_0': 2, 'tier_1': 5, 'tier_2': 6, 'tier_3': 4, 'tier_4': 3}"
2024-09-15T15:00:00,6208,20,"{'tier_0': 2, 'tier_1': 4, 'tier_2': 6, 'tier_3': 4, 'tier_4': 4}"
2024-09-15T16:00:00,6209,20,"{'tier_0': 2, 'tier_1': 5, 'tier_2': 6, 'tier_3': 4, 'tier_4': 3}"
2024-09-15T17:00:00,6210,20,"{'tier_0': 2, 'tier_1': 5, 'tier_2': 6, 'tier_3': 4, 'tier_4': 3}"
2024-09-15T18:00:00,6211,20,"{'tier_0': 2, 'tier_1': 4, 'tier_2': 6, 'tier_3': 4, 'tier_4': 4}"
2024-09-15T19:00:00,6212,19,"{'tier_0': 2, 'tier_1': 4, 'tier_2': 6, 'tier_3': 4, 'tier_4': 3}"
2024-09-15T20:00:00,6213,18,"{'tier_0': 2, 'tier_1': 4, 'tier_2': 5, 'tier_3': 4, 'tier_4': 3}"
2024-09-15T21:00:00,6214,20,"{'tier_0': 2, 'tier_1': 4, 'tier_2': 6, 'tier_3': 4, 'tier_4': 4}"
2024-09-15T22:00:00,6215,20,"{'tier_0': 3, 'tier_1': 4, 'tier_2': 6, 'tier_3': 4, 'tier_4': 3}"
2024-09-15T23:00:00,6216,20,"{'tier_0': 2, 'tier_1': 5, 'tier_2': 6, 'tier_3': 4, 'tier_4': 3}"
2024-09-16T00:00:00,6217,20,"{'tier_0': 2, 'tier_1': 4, 'tier_2': 6, 'tier_3': 4, 'tier_4': 4}"
2024-09-16T01:00:00,6218,20,"{'tier_0': 2, 'tier_1': 5, 'tier_2': 6, 'tier_3': 4, 'tier_4': 3}"
2024-09-16T02:00:00,6219,20,"{'tier_0': 2, 'tier_1': 4, 'tier_2': 6, 'tier_3': 4, 'tier_4': 4}"
2024-09-16T03:00:00,6220,21,"{'tier_0': 2, 'tier_1': 5, 'tier_2': 6, 'tier_3': 4, 'tier_4': 4}"
2024-09-16T04:00:00,6221,20,"{'tier_0': 2, 'tier_1': 5, 'tier_2': 6, 'tier_3': 4, 'tier_4': 3}"
2024-09-16T05:00:00,6222,21,"{'tier_0': 2, 'tier_1': 5, 'tier_2': 6, 'tier_3': 4, 'tier_4': 4}"
2024-09-16T06:00:00,6223,19,"{'tier_0': 2, 'tier_1': 4, 'tier_2': 6, 'tier_3': 4, 'tier_4': 3}"
2024-09-16T07:00:00,6224,21,"{'tier_0': 2, 'tier_1': 4, 'tier_2': 6, 'tier_3': 5, 'tier_4': 4}"
2024-09-16T08:00:00,6225,20,"{'tier_0': 2, 'tier_1': 5, 'tier_2': 6, 'tier_3': 4, 'tier_4': 3}"
2024-09-16T09:00:00,6226,20,"{'tier_0': 2, 'tier_1': 5, 'tier_2': 6, 'tier_3': 4, 'tier_4': 3}"
2024-09-16T10:00:00,6227,19,"{'tier_0': 2, 'tier_1': 4, 'tier_2': 6, 'tier_3': 4, 'tier_4': 3}"
2024-09-16T11:00:00,6228,20,"{'tier_0': 2, 'tier_1': 4, 'tier_2': 6, 'tier_3': 4, 'tier_4': 4}"
2024-09-16T12:00:00,6229,20,"{'tier_0': 2, 'tier_1': 5, 'tier_2': 6, 'tier_3': 4, 'tier_4': 3}"
2024-09-16T13:00:00,6230,20,"{'tier_0': 3, 'tier_1': 4, 'tier_2': 6, 'tier_3': 4, 'tier_4': 3}"
2024-09-16T14:00:00,6231,18,"{'tier_0': 2, 'tier_1': 4, 'tier_2': 5, 'tier_3': 4, 'tier_4': 3}"
2024-09-16T15:00:00,6232,18,"{'tier_0': 2, 'tier_1': 4, 'tier_2': 5, 'tier_3': 4, 'tier_4': 3}"
2024-09-16T16:00:00,6233,20,"{'tier_0': 2, 'tier_1': 4, 'tier_2': 6, 'tier_3': 4, 'tier_4': 4}"
2024-09-16T17:00:00,6234,20,"{'tier_0': 2, 'tier_1': 4, 'tier_2': 6, 'tier_3': 4, 'tier_4': 4}"
2024-09-16T18:00:00,6235,20,"{'tier_0': 2, 'tier_1': 4, 'tier_2': 6, 'tier_3': 4, 'tier_4': 4}"
2024-09-16T19:00:00,6236,20,"{'tier_0': 2, 'tier_1': 4, 'tier_2': 6, 'tier_3': 4, 'tier_4': 4}"
2024-09-16T20:00:00,6237,20,"{'tier_0': 2, 'tier_1': 4, 'tier_2': 6, 'tier_3': 4, 'tier_4': 4}"
2024-09-16T21:00:00,6238,20,"{'tier_0': 2, 'tier_1': 5, 'tier_2': 6, 'tier_3': 4, 'tier_4': 3}"
2024-09-16T22:00:00,6239,19,"{'tier_0': 2, 'tier_1': 4, 'tier_2': 6, 'tier_3': 4, 'tier_4': 3}"
2024-09-16T23:00:00,6240,20,"{'tier_0': 2, 'tier_1': 4, 'tier_2': 6, 'tier_3': 4, 'tier_4': 4}"
2024-09-17T00:00:00,6241,20,"{'tier_0': 3, 'tier_1': 4, 'tier_2': 6, 'tier_3': 4, 'tier_4': 3}"
2024-09-17T01:00:00,6242,20,"{'tier_0': 2, 'tier_1': 4, 'tier_2': 6, 'tier_3': 4, 'tier_4': 4}"
2024-09-17T02:00:00,6243,20,"{'tier_0': 2, 'tier_1': 4, 'tier_2': 6, 'tier_3': 4, 'tier_4': 4}"
2024-09-17T03:00:00,6244,20,"{'tier_0': 3, 'tier_1': 4, 'tier_2': 6, 'tier_3': 4, 'tier_4': 3}"
2024-09-17T04:00:00,6245,20,"{'tier_0': 2, 'tier_1': 4, 'tier_2': 5, 'tier_3': 5, 'tier_4': 4}"
2024-09-17T05:00:00,6246,21,"{'tier_0': 2, 'tier_1': 5, 'tier_2': 6, 'tier_3': 4, 'tier_4': 4}"
2024-09-17T06:00:00,6247,21,"{'tier_0': 3, 'tier_1': 4, 'tier_2': 6, 'tier_3': 4, 'tier_4': 4}"
2024-09-17T07:00:00,6248,20,"{'tier_0': 3, 'tier_1': 4, 'tier_2': 6, 'tier_3': 4, 'tier_4': 3}"
2024-09-17T08:00:00,6249,20,"{'tier_0': 2, 'tier_1': 4, 'tier_2': 6, 'tier_3': 4, 'tier_4': 4}"
2024-09-17T09:00:00,6250,19,"{'tier_0': 2, 'tier_1': 4, 'tier_2': 6, 'tier_3': 4, 'tier_4': 3}"
2024-09-17T10:00:00,6251,21,"{'tier_0': 2, 'tier_1': 5, 'tier_2': 6, 'tier_3': 4, 'tier_4': 4}"
2024-09-17T11:00:00,6252,21,"{'tier_0': 2, 'tier_1': 4, 'tier_2': 6, 'tier_3': 4, 'tier_4': 5}"
2024-09-17T12:00:00,6253,20,"{'tier_0': 2, 'tier_1': 5, 'tier_2': 6, 'tier_3': 4, 'tier_4': 3}"
2024-09-17T13:00:00,6254,21,"{'tier_0': 2, 'tier_1': 5, 'tier_2': 6, 'tier_3': 4, 'tier_4': 4}"
2024-09-17T14:00:00,6255,20,"{'tier_0': 2, 'tier_1': 4, 'tier_2': 6, 'tier_3': 4, 'tier_4': 4}"
2024-09-17T15:00:00,6256,20,"{'tier_0': 2, 'tier_1': 5, 'tier_2': 6, 'tier_3': 4, 'tier_4': 3}"
2024-09-17T16:00:00,6257,20,"{'tier_0': 2, 'tier_1': 4, 'tier_2': 6, 'tier_3': 4, 'tier_4': 4}"
2024-09-17T17:00:00,6258,20,"{'tier_0': 2, 'tier_1': 4, 'tier_2': 6, 'tier_3': 4, 'tier_4': 4}"
2024-09-17T18:00:00,6259,21,"{'tier_0': 2, 'tier_1': 5, 'tier_2': 6, 'tier_3': 4, 'tier_4': 4}"
2024-09-17T19:00:00,6260,18,"{'tier_0': 2, 'tier_1': 4, 'tier_2': 5, 'tier_3': 4, 'tier_4': 3}"
2024-09-17T20:00:00,6261,20,"{'tier_0': 2, 'tier_1': 5, 'tier_2': 6, 'tier_3': 4, 'tier_4': 3}"
2024-09-17T21:00:00,6262,20,"{'tier_0': 2, 'tier_1': 5, 'tier_2': 6, 'tier_3': 4, 'tier_4': 3}"
2024-09-17T22:00:00,6263,20,"{'tier_0': 2, 'tier_1': 4, 'tier_2': 6, 'tier_3': 4, 'tier_4': 4}"
2024-09-17T23:00:00,6264,20,"{'tier_0': 2, 'tier_1': 4, 'tier_2': 6, 'tier_3': 4, 'tier_4': 4}"
2024-09-18T00:00:00,6265,21,"{'tier_0': 2, 'tier_1': 4, 'tier_2': 6, 'tier_3': 5, 'tier_4': 4}"
2024-09-18T01:00:00,6266,21,"{'tier_0': 2, 'tier_1': 5, 'tier_2': 6, 'tier_3': 4, 'tier_4': 4}"
2024-09-18T02:00:00,6267,20,"{'tier_0': 2, 'tier_1': 4, 'tier_2': 6, 'tier_3': 4, 'tier_4': 4}"
2024-09-18T03:00:00,6268,20,"{'tier_0': 2, 'tier_1': 5, 'tier_2': 6, 'tier_3': 4, 'tier_4': 3}"
2024-09-18T04:00:00,6269,21,"{'tier_0': 2, 'tier_1': 4, 'tier_2': 6, 'tier_3': 5, 'tier_4': 4}"
2024-09-18T05:00:00,6270,20,"{'tier_0': 2, 'tier_1': 4, 'tier_2': 6, 'tier_3': 4, 'tier_4': 4}"
2024-09-18T06:00:00,6271,21,"{'tier_0': 2, 'tier_1': 5, 'tier_2': 6, 'tier_3': 4, 'tier_4': 4}"
2024-09-18T07:00:00,6272,20,"{'tier_0': 2, 'tier_1': 4, 'tier_2': 6, 'tier_3': 4, 'tier_4': 4}"
2024-09-18T08:00:00,6273,20,"{'tier_0': 2, 'tier_1': 5, 'tier_2': 6, 'tier_3': 4, 'tier_4': 3}"
2024-09-18T09:00:00,6274,21,"{'tier_0': 2, 'tier_1': 4, 'tier_2': 6, 'tier_3': 4, 'tier_4': 5}"
2024-09-18T10:00:00,6275,21,"{'tier_0': 2, 'tier_1': 5, 'tier_2': 6, 'tier_3': 5, 'tier_4': 3}"
2024-09-18T11:00:00,6276,20,"{'tier_0': 2, 'tier_1': 4, 'tier_2': 6, 'tier_3': 4, 'tier_4': 4}"
2024-09-18T12:00:00,6277,20,"{'tier_0': 2, 'tier_1': 5, 'tier_2': 6, 'tier_3': 4, 'tier_4': 3}"
2024-09-18T13:00:00,6278,20,"{'tier_0': 3, 'tier_1': 4, 'tier_2': 6, 'tier_3': 4, 'tier_4': 3}"
2024-09-18T14:00:00,6279,21,"{'tier_0': 2, 'tier_1': 5, 'tier_2': 6, 'tier_3': 4, 'tier_4': 4}"
2024-09-18T15:00:00,6280,21,"{'tier_0': 2, 'tier_1': 5, 'tier_2': 6, 'tier_3': 4, 'tier_4': 4}"
2024-09-18T16:00:00,6281,20,"{'tier_0': 2, 'tier_1': 5, 'tier_2': 6, 'tier_3': 4, 'tier_4': 3}"
2024-09-18T17:00:00,6282,18,"{'tier_0': 2, 'tier_1': 4, 'tier_2': 5, 'tier_3': 4, 'tier_4': 3}"
2024-09-18T18:00:00,6283,21,"{'tier_0': 2, 'tier_1': 5, 'tier_2': 6, 'tier_3': 4, 'tier_4': 4}"
2024-09-18T19:00:00,6284,19,"{'tier_0': 2, 'tier_1': 4, 'tier_2': 5, 'tier_3': 4, 'tier_4': 4}"
2024-09-18T20:00:00,6285,21,"{'tier_0': 2, 'tier_1': 5, 'tier_2': 6, 'tier_3': 4, 'tier_4': 4}"
2024-09-18T21:00:00,6286,20,"{'tier_0': 2, 'tier_1': 4, 'tier_2': 6, 'tier_3': 4, 'tier_4': 4}"
2024-09-18T22:00:00,6287,20,"{'tier_0': 2, 'tier_1': 5, 'tier_2': 6, 'tier_3': 4, 'tier_4': 3}"
2024-09-18T23:00:00,6288,21,"{'tier_0': 2, 'tier_1': 5, 'tier_2': 6, 'tier_3': 4, 'tier_4': 4}"
2024-09-19T00:00:00,6289,19,"{'tier_0': 2, 'tier_1': 4, 'tier_2': 5, 'tier_3': 4, 'tier_4': 4}"
2024-09-19T01:00:00,6290,20,"{'tier_0': 2, 'tier_1': 4, 'tier_2': 6, 'tier_3': 4, 'tier_4': 4}"
2024-09-19T02:00:00,6291,20,"{'tier_0': 2, 'tier_1': 4, 'tier_2': 6, 'tier_3': 4, 'tier_4': 4}"
2024-09-19T03:00:00,6292,20,"{'tier_0': 2, 'tier_1': 5, 'tier_2': 6, 'tier_3': 4, 'tier_4': 3}"
2024-09-19T04:00:00,6293,20,"{'tier_0': 2, 'tier_1': 4, 'tier_2': 6, 'tier_3': 4, 'tier_4': 4}"
2024-09-19T05:00:00,6294,20,"{'tier_0': 2, 'tier_1': 4, 'tier_2': 6, 'tier_3': 4, 'tier_4': 4}"
2024-09-19T06:00:00,6295,19,"{'tier_0': 2, 'tier_1': 4, 'tier_2': 5, 'tier_3': 4, 'tier_4': 4}"
2024-09-19T07:00:00,6296,20,"{'tier_0': 2, 'tier_1': 4, 'tier_2': 6, 'tier_3': 4, 'tier_4': 4}"
2024-09-19T08:00:00,6297,21,"{'tier_0': 2, 'tier_1': 5, 'tier_2': 6, 'tier_3': 4, 'tier_4': 4}"
2024-09-19T09:00:00,6298,20,"{'tier_0': 2, 'tier_1': 5, 'tier_2': 6, 'tier_3': 4, 'tier_4': 3}"
2024-09-19T10:00:00,6299,20,"{'tier_0': 3, 'tier_1': 4, 'tier_2': 6, 'tier_3': 4, 'tier_4': 3}"
2024-09-19T11:00:00,6300,19,"{'tier_0': 2, 'tier_1': 4, 'tier_2': 5, 'tier_3': 4, 'tier_4': 4}"
2024-09-19T12:00:00,6301,21,"{'tier_0': 2, 'tier_1': 5, 'tier_2': 6, 'tier_3': 4, 'tier_4': 4}"
2024-09-19T13:00:00,6302,19,"{'tier_0': 2, 'tier_1': 4, 'tier_2': 5, 'tier_3': 4, 'tier_4': 4}"
2024-09-19T14:00:00,6303,20,"{'tier_0': 3, 'tier_1': 3, 'tier_2': 6, 'tier_3': 4, 'tier_4': 4}"
2024-09-19T15:00:00,6304,20,"{'tier_0': 2, 'tier_1': 4, 'tier_2': 6, 'tier_3': 4, 'tier_4': 4}"
2024-09-19T16:00:00,6305,21,"{'tier_0': 4, 'tier_1': 3, 'tier_2': 6, 'tier_3': 4, 'tier_4': 4}"
2024-09-19T17:00:00,6306,20,"{'tier_0': 2, 'tier_1': 4, 'tier_2': 6, 'tier_3': 4, 'tier_4': 4}"
2024-09-19T18:00:00,6307,20,"{'tier_0': 2, 'tier_1': 5, 'tier_2': 6, 'tier_3': 4, 'tier_4': 3}"
2024-09-19T19:00:00,6308,21,"{'tier_0': 2, 'tier_1': 4, 'tier_2': 6, 'tier_3': 4, 'tier_4': 5}"
2024-09-19T20:00:00,6309,20,"{'tier_0': 2, 'tier_1': 4, 'tier_2': 6, 'tier_3': 4, 'tier_4': 4}"
2024-09-19T21:00:00,6310,18,"{'tier_0': 2, 'tier_1': 4, 'tier_2': 5, 'tier_3': 4, 'tier_4': 3}"
2024-09-19T22:00:00,6311,20,"{'tier_0': 2, 'tier_1': 4, 'tier_2': 6, 'tier_3': 4, 'tier_4': 4}"
2024-09-19T23:00:00,6312,20,"{'tier_0': 2, 'tier_1': 5, 'tier_2': 6, 'tier_3': 4, 'tier_4': 3}"
2024-09-20T00:00:00,6313,18,"{'tier_0': 2, 'tier_1': 4, 'tier_2': 5, 'tier_3': 4, 'tier_4': 3}"
2024-09-20T01:00:00,6314,20,"{'tier_0': 2, 'tier_1': 4, 'tier_2': 6, 'tier_3': 4, 'tier_4': 4}"
2024-09-20T02:00:00,6315,20,"{'tier_0': 2, 'tier_1': 4, 'tier_2': 6, 'tier_3': 4, 'tier_4': 4}"
2024-09-20T03:00:00,6316,20,"{'tier_0': 2, 'tier_1': 5, 'tier_2': 6, 'tier_3': 4, 'tier_4': 3}"
2024-09-20T04:00:00,6317,20,"{'tier_0': 3, 'tier_1': 4, 'tier_2': 6, 'tier_3': 4, 'tier_4': 3}"
2024-09-20T05:00:00,6318,20,"{'tier_0': 2, 'tier_1': 5, 'tier_2': 6, 'tier_3': 4, 'tier_4': 3}"
2024-09-20T06:00:00,6319,21,"{'tier_0': 2, 'tier_1': 5, 'tier_2': 6, 'tier_3': 4, 'tier_4': 4}"
2024-09-20T07:00:00,6320,20,"{'tier_0': 2, 'tier_1': 5, 'tier_2': 6, 'tier_3': 4, 'tier_4': 3}"
2024-09-20T08:00:00,6321,20,"{'tier_0': 3, 'tier_1': 4, 'tier_2': 6, 'tier_3': 4, 'tier_4': 3}"
2024-09-20T09:00:00,6322,20,"{'tier_0': 2, 'tier_1': 5, 'tier_2': 6, 'tier_3': 4, 'tier_4': 3}"
2024-09-20T10:00:00,6323,21,"{'tier_0': 2, 'tier_1': 5, 'tier_2': 6, 'tier_3': 4, 'tier_4': 4}"
2024-09-20T11:00:00,6324,20,"{'tier_0': 3, 'tier_1': 4, 'tier_2': 6, 'tier_3': 4, 'tier_4': 3}"
2024-09-20T12:00:00,6325,20,"{'tier_0': 2, 'tier_1': 5, 'tier_2': 6, 'tier_3': 4, 'tier_4': 3}"
2024-09-20T13:00:00,6326,20,"{'tier_0': 2, 'tier_1': 4, 'tier_2': 6, 'tier_3': 4, 'tier_4': 4}"
2024-09-20T14:00:00,6327,20,"{'tier_0': 3, 'tier_1': 4, 'tier_2': 6, 'tier_3': 4, 'tier_4': 3}"
2024-09-20T15:00:00,6328,21,"{'tier_0': 2, 'tier_1': 5, 'tier_2': 6, 'tier_3': 5, 'tier_4': 3}"
2024-09-20T16:00:00,6329,20,"{'tier_0': 2, 'tier_1': 5, 'tier_2': 6, 'tier_3': 4, 'tier_4': 3}"
2024-09-20T17:00:00,6330,21,"{'tier_0': 2, 'tier_1': 5, 'tier_2': 6, 'tier_3': 4, 'tier_4': 4}"
2024-09-20T18:00:00,6331,20,"{'tier_0': 3, 'tier_1': 4, 'tier_2': 6, 'tier_3': 4, 'tier_4': 3}"
2024-09-20T19:00:00,6332,20,"{'tier_0': 2, 'tier_1': 4, 'tier_2': 6, 'tier_3': 4, 'tier_4': 4}"
2024-09-20T20:00:00,6333,20,"{'tier_0': 2, 'tier_1': 4, 'tier_2': 6, 'tier_3': 4, 'tier_4': 4}"
2024-09-20T21:00:00,6334,20,"{'tier_0': 2, 'tier_1': 5, 'tier_2': 6, 'tier_3': 4, 'tier_4': 3}"
2024-09-20T22:00:00,6335,20,"{'tier_0': 2, 'tier_1': 4, 'tier_2': 6, 'tier_3': 4, 'tier_4': 4}"
2024-09-20T23:00:00,6336,19,"{'tier_0': 2, 'tier_1': 4, 'tier_2': 5, 'tier_3': 4, 'tier_4': 4}"
2024-09-21T00:00:00,6337,19,"{'tier_0': 2, 'tier_1': 4, 'tier_2': 6, 'tier_3': 4, 'tier_4': 3}"
2024-09-21T01:00:00,6338,21,"{'tier_0': 2, 'tier_1': 5, 'tier_2': 6, 'tier_3': 4, 'tier_4': 4}"
2024-09-21T02:00:00,6339,19,"{'tier_0': 2, 'tier_1': 4, 'tier_2': 5, 'tier_3': 4, 'tier_4': 4}"
2024-09-21T03:00:00,6340,20,"{'tier_0': 2, 'tier_1': 4, 'tier_2': 6, 'tier_3': 4, 'tier_4': 4}"
2024-09-21T04:00:00,6341,20,"{'tier_0': 3, 'tier_1': 4, 'tier_2': 6, 'tier_3': 4, 'tier_4': 3}"
2024-09-21T05:00:00,6342,21,"{'tier_0': 3, 'tier_1': 4, 'tier_2': 6, 'tier_3': 4, 'tier_4': 4}"
2024-09-21T06:00:00,6343,20,"{'tier_0': 2, 'tier_1': 5, 'tier_2': 6, 'tier_3': 4, 'tier_4': 3}"
2024-09-21T07:00:00,6344,19,"{'tier_0': 3, 'tier_1': 3, 'tier_2': 5, 'tier_3': 4, 'tier_4': 4}"
2024-09-21T08:00:00,6345,20,"{'tier_0': 2, 'tier_1': 4, 'tier_2': 6, 'tier_3': 4, 'tier_4': 4}"
2024-09-21T09:00:00,6346,20,"{'tier_0': 2, 'tier_1': 5, 'tier_2': 6, 'tier_3': 4, 'tier_4': 3}"
2024-09-21T10:00:00,6347,18,"{'tier_0': 2, 'tier_1': 4, 'tier_2': 5, 'tier_3': 4, 'tier_4': 3}"
2024-09-21T11:00:00,6348,21,"{'tier_0': 2, 'tier_1': 5, 'tier_2': 6, 'tier_3': 4, 'tier_4': 4}"
2024-09-21T12:00:00,6349,20,"{'tier_0': 2, 'tier_1': 4, 'tier_2': 6, 'tier_3': 4, 'tier_4': 4}"
2024-09-21T13:00:00,6350,19,"{'tier_0': 2, 'tier_1': 4, 'tier_2': 5, 'tier_3': 4, 'tier_4': 4}"
2024-09-21T14:00:00,6351,18,"{'tier_0': 2, 'tier_1': 4, 'tier_2': 5, 'tier_3': 4, 'tier_4': 3}"
2024-09-21T15:00:00,6352,20,"{'tier_0': 4, 'tier_1': 3, 'tier_2': 6, 'tier_3': 4, 'tier_4': 3}"
2024-09-21T16:00:00,6353,20,"{'tier_0': 2, 'tier_1': 4, 'tier_2': 6, 'tier_3': 4, 'tier_4': 4}"
2024-09-21T17:00:00,6354,20,"{'tier_0': 2, 'tier_1': 5, 'tier_2': 6, 'tier_3': 4, 'tier_4': 3}"
2024-09-21T18:00:00,6355,21,"{'tier_0': 2, 'tier_1': 5, 'tier_2': 6, 'tier_3': 4, 'tier_4': 4}"
2024-09-21T19:00:00,6356,20,"{'tier_0': 2, 'tier_1': 4, 'tier_2': 6, 'tier_3': 4, 'tier_4': 4}"
2024-09-21T20:00:00,6357,20,"{'tier_0': 3, 'tier_1': 4, 'tier_2': 6, 'tier_3': 4, 'tier_4': 3}"
2024-09-21T21:00:00,6358,19,"{'tier_0': 3, 'tier_1': 3, 'tier_2': 5, 'tier_3': 4, 'tier_4': 4}"
2024-09-21T22:00:00,6359,20,"{'tier_0': 2, 'tier_1': 4, 'tier_2': 6, 'tier_3': 4, 'tier_4': 4}"
2024-09-21T23:00:00,6360,21,"{'tier_0': 2, 'tier_1': 5, 'tier_2': 6, 'tier_3': 4, 'tier_4': 4}"
2024-09-22T00:00:00,6361,20,"{'tier_0': 3, 'tier_1': 4, 'tier_2': 6, 'tier_3': 4, 'tier_4': 3}"
2024-09-22T01:00:00,6362,20,"{'tier_0': 2, 'tier_1': 5, 'tier_2': 6, 'tier_3': 4, 'tier_4': 3}"
2024-09-22T02:00:00,6363,18,"{'tier_0': 2, 'tier_1': 4, 'tier_2': 5, 'tier_3': 4, 'tier_4': 3}"
2024-09-22T03:00:00,6364,18,"{'tier_0': 2, 'tier_1': 4, 'tier_2': 5, 'tier_3': 4, 'tier_4': 3}"
2024-09-22T04:00:00,6365,20,"{'tier_0': 2, 'tier_1': 5, 'tier_2': 6, 'tier_3': 4, 'tier_4': 3}"
2024-09-22T05:00:00,6366,20,"{'tier_0': 2, 'tier_1': 4, 'tier_2': 6, 'tier_3': 4, 'tier_4': 4}"
2024-09-22T06:00:00,6367,20,"{'tier_0': 2, 'tier_1': 5, 'tier_2': 6, 'tier_3': 4, 'tier_4': 3}"
2024-09-22T07:00:00,6368,19,"{'tier_0': 2, 'tier_1': 4, 'tier_2': 6, 'tier_3': 4, 'tier_4': 3}"
2024-09-22T08:00:00,6369,20,"{'tier_0': 2, 'tier_1': 5, 'tier_2': 6, 'tier_3': 4, 'tier_4': 3}"
2024-09-22T09:00:00,6370,20,"{'tier_0': 2, 'tier_1': 4, 'tier_2': 6, 'tier_3': 4, 'tier_4': 4}"
2024-09-22T10:00:00,6371,20,"{'tier_0': 2, 'tier_1': 4, 'tier_2': 6, 'tier_3': 4, 'tier_4': 4}"
2024-09-22T11:00:00,6372,20,"{'tier_0': 2, 'tier_1': 4, 'tier_2': 6, 'tier_3': 4, 'tier_4': 4}"
2024-09-22T12:00:00,6373,20,"{'tier_0': 2, 'tier_1': 4, 'tier_2': 6, 'tier_3': 4, 'tier_4': 4}"
2024-09-22T13:00:00,6374,21,"{'tier_0': 2, 'tier_1': 5, 'tier_2': 6, 'tier_3': 4, 'tier_4': 4}"
2024-09-22T14:00:00,6375,20,"{'tier_0': 2, 'tier_1': 5, 'tier_2': 6, 'tier_3': 4, 'tier_4': 3}"
2024-09-22T15:00:00,6376,20,"{'tier_0': 2, 'tier_1': 4, 'tier_2': 6, 'tier_3': 4, 'tier_4': 4}"
2024-09-22T16:00:00,6377,19,"{'tier_0': 2, 'tier_1': 4, 'tier_2': 6, 'tier_3': 4, 'tier_4': 3}"
2024-09-22T17:00:00,6378,20,"{'tier_0': 2, 'tier_1': 4, 'tier_2': 6, 'tier_3': 4, 'tier_4': 4}"
2024-09-22T18:00:00,6379,21,"{'tier_0': 2, 'tier_1': 5, 'tier_2': 6, 'tier_3': 4, 'tier_4': 4}"
2024-09-22T19:00:00,6380,21,"{'tier_0': 2, 'tier_1': 5, 'tier_2': 6, 'tier_3': 4, 'tier_4': 4}"
2024-09-22T20:00:00,6381,20,"{'tier_0': 2, 'tier_1': 4, 'tier_2': 6, 'tier_3': 4, 'tier_4': 4}"
2024-09-22T21:00:00,6382,20,"{'tier_0': 2, 'tier_1': 4, 'tier_2': 6, 'tier_3': 4, 'tier_4': 4}"
2024-09-22T22:00:00,6383,20,"{'tier_0': 2, 'tier_1': 4, 'tier_2': 6, 'tier_3': 4, 'tier_4': 4}"
2024-09-22T23:00:00,6384,20,"{'tier_0': 2, 'tier_1': 4, 'tier_2': 6, 'tier_3': 4, 'tier_4': 4}"
2024-09-23T00:00:00,6385,19,"{'tier_0': 2, 'tier_1': 4, 'tier_2': 5, 'tier_3': 4, 'tier_4': 4}"
2024-09-23T01:00:00,6386,20,"{'tier_0': 2, 'tier_1': 4, 'tier_2': 6, 'tier_3': 4, 'tier_4': 4}"
2024-09-23T02:00:00,6387,20,"{'tier_0': 2, 'tier_1': 4, 'tier_2': 6, 'tier_3': 4, 'tier_4': 4}"
2024-09-23T03:00:00,6388,20,"{'tier_0': 2, 'tier_1': 4, 'tier_2': 6, 'tier_3': 4, 'tier_4': 4}"
2024-09-23T04:00:00,6389,21,"{'tier_0': 3, 'tier_1': 4, 'tier_2': 6, 'tier_3': 4, 'tier_4': 4}"
2024-09-23T05:00:00,6390,20,"{'tier_0': 2, 'tier_1': 5, 'tier_2': 6, 'tier_3': 4, 'tier_4': 3}"
2024-09-23T06:00:00,6391,20,"{'tier_0': 2, 'tier_1': 5, 'tier_2': 6, 'tier_3': 4, 'tier_4': 3}"
2024-09-23T07:00:00,6392,20,"{'tier_0': 2, 'tier_1': 5, 'tier_2': 6, 'tier_3': 4, 'tier_4': 3}"
2024-09-23T08:00:00,6393,21,"{'tier_0': 3, 'tier_1': 4, 'tier_2': 6, 'tier_3': 4, 'tier_4': 4}"
2024-09-23T09:00:00,6394,21,"{'tier_0': 3, 'tier_1': 3, 'tier_2': 6, 'tier_3': 4, 'tier_4': 5}"
2024-09-23T10:00:00,6395,21,"{'tier_0': 2, 'tier_1': 5, 'tier_2': 6, 'tier_3': 4, 'tier_4': 4}"
2024-09-23T11:00:00,6396,20,"{'tier_0': 3, 'tier_1': 4, 'tier_2': 6, 'tier_3': 4, 'tier_4': 3}"
2024-09-23T12:00:00,6397,20,"{'tier_0': 2, 'tier_1': 5, 'tier_2': 6, 'tier_3': 4, 'tier_4': 3}"
2024-09-23T13:00:00,6398,20,"{'tier_0': 2, 'tier_1': 4, 'tier_2': 6, 'tier_3': 4, 'tier_4': 4}"
2024-09-23T14:00:00,6399,21,"{'tier_0': 2, 'tier_1': 5, 'tier_2': 6, 'tier_3': 5, 'tier_4': 3}"
2024-09-23T15:00:00,6400,18,"{'tier_0': 2, 'tier_1': 4, 'tier_2': 5, 'tier_3': 4, 'tier_4': 3}"
2024-09-23T16:00:00,6401,20,"{'tier_0': 3, 'tier_1': 4, 'tier_2': 6, 'tier_3': 4, 'tier_4': 3}"
2024-09-23T17:00:00,6402,21,"{'tier_0': 2, 'tier_1': 5, 'tier_2': 6, 'tier_3': 5, 'tier_4': 3}"
2024-09-23T18:00:00,6403,18,"{'tier_0': 2, 'tier_1': 4, 'tier_2': 5, 'tier_3': 4, 'tier_4': 3}"
2024-09-23T19:00:00,6404,20,"{'tier_0': 2, 'tier_1': 4, 'tier_2': 6, 'tier_3': 4, 'tier_4': 4}"
2024-09-23T20:00:00,6405,20,"{'tier_0': 2, 'tier_1': 4, 'tier_2': 6, 'tier_3': 4, 'tier_4': 4}"
2024-09-23T21:00:00,6406,21,"{'tier_0': 2, 'tier_1': 4, 'tier_2': 6, 'tier_3': 5, 'tier_4': 4}"
2024-09-23T22:00:00,6407,21,"{'tier_0': 3, 'tier_1': 4, 'tier_2': 6, 'tier_3': 4, 'tier_4': 4}"
2024-09-23T23:00:00,6408,20,"{'tier_0': 3, 'tier_1': 4, 'tier_2': 6, 'tier_3': 4, 'tier_4': 3}"
2024-09-24T00:00:00,6409,20,"{'tier_0': 2, 'tier_1': 4, 'tier_2': 5, 'tier_3': 5, 'tier_4': 4}"
2024-09-24T01:00:00,6410,20,"{'tier_0': 2, 'tier_1': 5, 'tier_2': 6, 'tier_3': 4, 'tier_4': 3}"
2024-09-24T02:00:00,6411,21,"{'tier_0': 2, 'tier_1': 5, 'tier_2': 6, 'tier_3': 4, 'tier_4': 4}"
2024-09-24T03:00:00,6412,20,"{'tier_0': 3, 'tier_1': 3, 'tier_2': 6, 'tier_3': 4, 'tier_4': 4}"
2024-09-24T04:00:00,6413,20,"{'tier_0': 3, 'tier_1': 4, 'tier_2': 6, 'tier_3': 4, 'tier_4': 3}"
2024-09-24T05:00:00,6414,21,"{'tier_0': 2, 'tier_1': 4, 'tier_2': 6, 'tier_3': 4, 'tier_4': 5}"
2024-09-24T06:00:00,6415,20,"{'tier_0': 2, 'tier_1': 5, 'tier_2': 6, 'tier_3': 4, 'tier_4': 3}"
2024-09-24T07:00:00,6416,20,"{'tier_0': 2, 'tier_1': 4, 'tier_2': 6, 'tier_3': 4, 'tier_4': 4}"
2024-09-24T08:00:00,6417,20,"{'tier_0': 2, 'tier_1': 5, 'tier_2': 6, 'tier_3': 4, 'tier_4': 3}"
2024-09-24T09:00:00,6418,20,"{'tier_0': 2, 'tier_1': 4, 'tier_2': 6, 'tier_3': 4, 'tier_4': 4}"
2024-09-24T10:00:00,6419,20,"{'tier_0': 2, 'tier_1': 4, 'tier_2': 6, 'tier_3': 4, 'tier_4': 4}"
2024-09-24T11:00:00,6420,20,"{'tier_0': 3, 'tier_1': 4, 'tier_2': 6, 'tier_3': 4, 'tier_4': 3}"
2024-09-24T12:00:00,6421,19,"{'tier_0': 2, 'tier_1': 4, 'tier_2': 5, 'tier_3': 4, 'tier_4': 4}"
2024-09-24T13:00:00,6422,20,"{'tier_0': 2, 'tier_1': 5, 'tier_2': 6, 'tier_3': 4, 'tier_4': 3}"
2024-09-24T14:00:00,6423,20,"{'tier_0': 2, 'tier_1': 5, 'tier_2': 6, 'tier_3': 4, 'tier_4': 3}"
2024-09-24T15:00:00,6424,20,"{'tier_0': 2, 'tier_1': 5, 'tier_2': 6, 'tier_3': 4, 'tier_4': 3}"
2024-09-24T16:00:00,6425,21,"{'tier_0': 2, 'tier_1': 4, 'tier_2': 6, 'tier_3': 5, 'tier_4': 4}"
2024-09-24T17:00:00,6426,18,"{'tier_0': 2, 'tier_1': 4, 'tier_2': 5, 'tier_3': 4, 'tier_4': 3}"
2024-09-24T18:00:00,6427,20,"{'tier_0': 2, 'tier_1': 4, 'tier_2': 6, 'tier_3': 4, 'tier_4': 4}"
2024-09-24T19:00:00,6428,20,"{'tier_0': 3, 'tier_1': 4, 'tier_2': 6, 'tier_3': 4, 'tier_4': 3}"
2024-09-24T20:00:00,6429,20,"{'tier_0': 3, 'tier_1': 3, 'tier_2': 6, 'tier_3': 4, 'tier_4': 4}"
2024-09-24T21:00:00,6430,21,"{'tier_0': 2, 'tier_1': 4, 'tier_2': 6, 'tier_3': 4, 'tier_4': 5}"
2024-09-24T22:00:00,6431,20,"{'tier_0': 2, 'tier_1': 5, 'tier_2': 6, 'tier_3': 4, 'tier_4': 3}"
2024-09-24T23:00:00,6432,20,"{'tier_0': 2, 'tier_1': 4, 'tier_2': 5, 'tier_3': 5, 'tier_4': 4}"
2024-09-25T00:00:00,6433,19,"{'tier_0': 2, 'tier_1': 4, 'tier_2': 6, 'tier_3': 4, 'tier_4': 3}"
2024-09-25T01:00:00,6434,21,"{'tier_0': 3, 'tier_1': 4, 'tier_2': 6, 'tier_3': 4, 'tier_4': 4}"
2024-09-25T02:00:00,6435,20,"{'tier_0': 2, 'tier_1': 4, 'tier_2': 6, 'tier_3': 4, 'tier_4': 4}"
2024-09-25T03:00:00,6436,19,"{'tier_0': 2, 'tier_1': 4, 'tier_2': 6, 'tier_3': 4, 'tier_4': 3}"
2024-09-25T04:00:00,6437,18,"{'tier_0': 2, 'tier_1': 4, 'tier_2': 5, 'tier_3': 4, 'tier_4': 3}"
2024-09-25T05:00:00,6438,19,"{'tier_0': 2, 'tier_1': 4, 'tier_2': 6, 'tier_3': 4, 'tier_4': 3}"
2024-09-25T06:00:00,6439,20,"{'tier_0': 2, 'tier_1': 5, 'tier_2': 6, 'tier_3': 4, 'tier_4': 3}"
2024-09-25T07:00:00,6440,20,"{'tier_0': 2, 'tier_1': 5, 'tier_2': 6, 'tier_3': 4, 'tier_4': 3}"
2024-09-25T08:00:00,6441,20,"{'tier_0': 2, 'tier_1': 4, 'tier_2': 6, 'tier_3': 4, 'tier_4': 4}"
2024-09-25T09:00:00,6442,20,"{'tier_0': 2, 'tier_1': 5, 'tier_2': 6, 'tier_3': 4, 'tier_4': 3}"
2024-09-25T10:00:00,6443,20,"{'tier_0': 2, 'tier_1': 5, 'tier_2': 6, 'tier_3': 4, 'tier_4': 3}"
2024-09-25T11:00:00,6444,20,"{'tier_0': 2, 'tier_1': 5, 'tier_2': 6, 'tier_3': 4, 'tier_4': 3}"
2024-09-25T12:00:00,6445,21,"{'tier_0': 2, 'tier_1': 5, 'tier_2': 6, 'tier_3': 4, 'tier_4': 4}"
2024-09-25T13:00:00,6446,20,"{'tier_0': 2, 'tier_1': 4, 'tier_2': 6, 'tier_3': 4, 'tier_4': 4}"
2024-09-25T14:00:00,6447,20,"{'tier_0': 3, 'tier_1': 4, 'tier_2': 6, 'tier_3': 4, 'tier_4': 3}"
2024-09-25T15:00:00,6448,20,"{'tier_0': 2, 'tier_1': 5, 'tier_2': 6, 'tier_3': 4, 'tier_4': 3}"
2024-09-25T16:00:00,6449,20,"{'tier_0': 2, 'tier_1': 4, 'tier_2': 6, 'tier_3': 4, 'tier_4': 4}"
2024-09-25T17:00:00,6450,21,"{'tier_0': 2, 'tier_1': 5, 'tier_2': 6, 'tier_3': 4, 'tier_4': 4}"
2024-09-25T18:00:00,6451,20,"{'tier_0': 2, 'tier_1': 4, 'tier_2': 6, 'tier_3': 4, 'tier_4': 4}"
2024-09-25T19:00:00,6452,20,"{'tier_0': 2, 'tier_1': 4, 'tier_2': 6, 'tier_3': 4, 'tier_4': 4}"
2024-09-25T20:00:00,6453,20,"{'tier_0': 2, 'tier_1': 4, 'tier_2': 6, 'tier_3': 4, 'tier_4': 4}"
2024-09-25T21:00:00,6454,20,"{'tier_0': 2, 'tier_1': 4, 'tier_2': 6, 'tier_3': 4, 'tier_4': 4}"
2024-09-25T22:00:00,6455,21,"{'tier_0': 2, 'tier_1': 5, 'tier_2': 6, 'tier_3': 4, 'tier_4': 4}"
2024-09-25T23:00:00,6456,20,"{'tier_0': 2, 'tier_1': 5, 'tier_2': 6, 'tier_3': 4, 'tier_4': 3}"
2024-09-26T00:00:00,6457,21,"{'tier_0': 2, 'tier_1': 5, 'tier_2': 6, 'tier_3': 4, 'tier_4': 4}"
2024-09-26T01:00:00,6458,20,"{'tier_0': 3, 'tier_1': 3, 'tier_2': 6, 'tier_3': 4, 'tier_4': 4}"
2024-09-26T02:00:00,6459,20,"{'tier_0': 2, 'tier_1': 4, 'tier_2': 6, 'tier_3': 4, 'tier_4': 4}"
2024-09-26T03:00:00,6460,20,"{'tier_0': 2, 'tier_1': 4, 'tier_2': 6, 'tier_3': 4, 'tier_4': 4}"
2024-09-26T04:00:00,6461,19,"{'tier_0': 2, 'tier_1': 4, 'tier_2': 5, 'tier_3': 4, 'tier_4': 4}"
2024-09-26T05:00:00,6462,20,"{'tier_0': 2, 'tier_1': 5, 'tier_2': 6, 'tier_3': 4, 'tier_4': 3}"
2024-09-26T06:00:00,6463,20,"{'tier_0': 2, 'tier_1': 5, 'tier_2': 6, 'tier_3': 4, 'tier_4': 3}"
2024-09-26T07:00:00,6464,21,"{'tier_0': 2, 'tier_1': 4, 'tier_2': 6, 'tier_3': 5, 'tier_4': 4}"
2024-09-26T08:00:00,6465,20,"{'tier_0': 3, 'tier_1': 4, 'tier_2': 6, 'tier_3': 4, 'tier_4': 3}"
2024-09-26T09:00:00,6466,20,"{'tier_0': 2, 'tier_1': 5, 'tier_2': 6, 'tier_3': 4, 'tier_4': 3}"
2024-09-26T10:00:00,6467,21,"{'tier_0': 2, 'tier_1': 5, 'tier_2': 6, 'tier_3': 4, 'tier_4': 4}"
2024-09-26T11:00:00,6468,20,"{'tier_0': 2, 'tier_1': 4, 'tier_2': 6, 'tier_3': 4, 'tier_4': 4}"
2024-09-26T12:00:00,6469,20,"{'tier_0': 3, 'tier_1': 3, 'tier_2': 6, 'tier_3': 4, 'tier_4': 4}"
2024-09-26T13:00:00,6470,20,"{'tier_0': 2, 'tier_1': 5, 'tier_2': 6, 'tier_3': 4, 'tier_4': 3}"
2024-09-26T14:00:00,6471,20,"{'tier_0': 2, 'tier_1': 4, 'tier_2': 6, 'tier_3': 4, 'tier_4': 4}"
2024-09-26T15:00:00,6472,19,"{'tier_0': 2, 'tier_1': 4, 'tier_2': 5, 'tier_3': 4, 'tier_4': 4}"
2024-09-26T16:00:00,6473,20,"{'tier_0': 3, 'tier_1': 4, 'tier_2': 6, 'tier_3': 4, 'tier_4': 3}"
2024-09-26T17:00:00,6474,20,"{'tier_0': 2, 'tier_1': 5, 'tier_2': 6, 'tier_3': 4, 'tier_4': 3}"
2024-09-26T18:00:00,6475,19,"{'tier_0': 2, 'tier_1': 4, 'tier_2': 5, 'tier_3': 4, 'tier_4': 4}"
2024-09-26T19:00:00,6476,18,"{'tier_0': 2, 'tier_1': 4, 'tier_2': 5, 'tier_3': 4, 'tier_4': 3}"
2024-09-26T20:00:00,6477,20,"{'tier_0': 2, 'tier_1': 5, 'tier_2': 6, 'tier_3': 4, 'tier_4': 3}"
2024-09-26T21:00:00,6478,20,"{'tier_0': 2, 'tier_1': 5, 'tier_2': 6, 'tier_3': 4, 'tier_4': 3}"
2024-09-26T22:00:00,6479,19,"{'tier_0': 2, 'tier_1': 4, 'tier_2': 6, 'tier_3': 4, 'tier_4': 3}"
2024-09-26T23:00:00,6480,21,"{'tier_0': 3, 'tier_1': 3, 'tier_2': 6, 'tier_3': 4, 'tier_4': 5}"
2024-09-27T00:00:00,6481,20,"{'tier_0': 2, 'tier_1': 5, 'tier_2': 6, 'tier_3': 4, 'tier_4': 3}"
2024-09-27T01:00:00,6482,21,"{'tier_0': 3, 'tier_1': 3, 'tier_2': 6, 'tier_3': 4, 'tier_4': 5}"
2024-09-27T02:00:00,6483,20,"{'tier_0': 2, 'tier_1': 5, 'tier_2': 6, 'tier_3': 4, 'tier_4': 3}"
2024-09-27T03:00:00,6484,20,"{'tier_0': 2, 'tier_1': 5, 'tier_2': 6, 'tier_3': 4, 'tier_4': 3}"
2024-09-27T04:00:00,6485,19,"{'tier_0': 2, 'tier_1': 4, 'tier_2': 5, 'tier_3': 4, 'tier_4': 4}"
2024-09-27T05:00:00,6486,20,"{'tier_0': 2, 'tier_1': 5, 'tier_2': 6, 'tier_3': 4, 'tier_4': 3}"
2024-09-27T06:00:00,6487,19,"{'tier_0': 2, 'tier_1': 4, 'tier_2': 6, 'tier_3': 4, 'tier_4': 3}"
2024-09-27T07:00:00,6488,20,"{'tier_0': 2, 'tier_1': 5, 'tier_2': 6, 'tier_3': 4, 'tier_4': 3}"
2024-09-27T08:00:00,6489,19,"{'tier_0': 2, 'tier_1': 4, 'tier_2': 5, 'tier_3': 5, 'tier_4': 3}"
2024-09-27T09:00:00,6490,20,"{'tier_0': 2, 'tier_1': 5, 'tier_2': 6, 'tier_3': 4, 'tier_4': 3}"
2024-09-27T10:00:00,6491,21,"{'tier_0': 2, 'tier_1': 5, 'tier_2': 6, 'tier_3': 4, 'tier_4': 4}"
2024-09-27T11:00:00,6492,19,"{'tier_0': 2, 'tier_1': 4, 'tier_2': 5, 'tier_3': 4, 'tier_4': 4}"
2024-09-27T12:00:00,6493,20,"{'tier_0': 3, 'tier_1': 4, 'tier_2': 6, 'tier_3': 4, 'tier_4': 3}"
2024-09-27T13:00:00,6494,20,"{'tier_0': 2, 'tier_1': 5, 'tier_2': 6, 'tier_3': 4, 'tier_4': 3}"
2024-09-27T14:00:00,6495,21,"{'tier_0': 2, 'tier_1': 5, 'tier_2': 6, 'tier_3': 4, 'tier_4': 4}"
2024-09-27T15:00:00,6496,18,"{'tier_0': 2, 'tier_1': 4, 'tier_2': 5, 'tier_3': 4, 'tier_4': 3}"
2024-09-27T16:00:00,6497,20,"{'tier_0': 2, 'tier_1': 4, 'tier_2': 6, 'tier_3': 4, 'tier_4': 4}"
2024-09-27T17:00:00,6498,20,"{'tier_0': 3, 'tier_1': 4, 'tier_2': 6, 'tier_3': 4, 'tier_4': 3}"
2024-09-27T18:00:00,6499,20,"{'tier_0': 2, 'tier_1': 5, 'tier_2': 6, 'tier_3': 4, 'tier_4': 3}"
2024-09-27T19:00:00,6500,19,"{'tier_0': 2, 'tier_1': 4, 'tier_2': 5, 'tier_3': 4, 'tier_4': 4}"
2024-09-27T20:00:00,6501,20,"{'tier_0': 2, 'tier_1': 5, 'tier_2': 6, 'tier_3': 4, 'tier_4': 3}"
2024-09-27T21:00:00,6502,20,"{'tier_0': 2, 'tier_1': 4, 'tier_2': 6, 'tier_3': 4, 'tier_4': 4}"
2024-09-27T22:00:00,6503,20,"{'tier_0': 2, 'tier_1': 4, 'tier_2': 6, 'tier_3': 4, 'tier_4': 4}"
2024-09-27T23:00:00,6504,20,"{'tier_0': 3, 'tier_1': 3, 'tier_2': 6, 'tier_3': 4, 'tier_4': 4}"
2024-09-28T00:00:00,6505,20,"{'tier_0': 2, 'tier_1': 4, 'tier_2': 6, 'tier_3': 4, 'tier_4': 4}"
2024-09-28T01:00:00,6506,21,"{'tier_0': 2, 'tier_1': 5, 'tier_2': 6, 'tier_3': 4, 'tier_4': 4}"
2024-09-28T02:00:00,6507,20,"{'tier_0': 2, 'tier_1': 4, 'tier_2': 6, 'tier_3': 4, 'tier_4': 4}"
2024-09-28T03:00:00,6508,20,"{'tier_0': 2, 'tier_1': 5, 'tier_2': 6, 'tier_3': 4, 'tier_4': 3}"
2024-09-28T04:00:00,6509,18,"{'tier_0': 2, 'tier_1': 4, 'tier_2': 5, 'tier_3': 4, 'tier_4': 3}"
2024-09-28T05:00:00,6510,19,"{'tier_0': 2, 'tier_1': 4, 'tier_2': 5, 'tier_3': 4, 'tier_4': 4}"
2024-09-28T06:00:00,6511,20,"{'tier_0': 2, 'tier_1': 4, 'tier_2': 6, 'tier_3': 4, 'tier_4': 4}"
2024-09-28T07:00:00,6512,19,"{'tier_0': 2, 'tier_1': 4, 'tier_2': 6, 'tier_3': 4, 'tier_4': 3}"
2024-09-28T08:00:00,6513,20,"{'tier_0': 2, 'tier_1': 5, 'tier_2': 6, 'tier_3': 4, 'tier_4': 3}"
2024-09-28T09:00:00,6514,18,"{'tier_0': 3, 'tier_1': 3, 'tier_2': 5, 'tier_3': 4, 'tier_4': 3}"
2024-09-28T10:00:00,6515,20,"{'tier_0': 2, 'tier_1': 4, 'tier_2': 6, 'tier_3': 4, 'tier_4': 4}"
2024-09-28T11:00:00,6516,20,"{'tier_0': 2, 'tier_1': 4, 'tier_2': 5, 'tier_3': 5, 'tier_4': 4}"
2024-09-28T12:00:00,6517,20,"{'tier_0': 3, 'tier_1': 3, 'tier_2': 6, 'tier_3': 4, 'tier_4': 4}"
2024-09-28T13:00:00,6518,20,"{'tier_0': 3, 'tier_1': 3, 'tier_2': 6, 'tier_3': 4, 'tier_4': 4}"
2024-09-28T14:00:00,6519,20,"{'tier_0': 2, 'tier_1': 4, 'tier_2': 6, 'tier_3': 4, 'tier_4': 4}"
2024-09-28T15:00:00,6520,21,"{'tier_0': 2, 'tier_1': 5, 'tier_2': 6, 'tier_3': 4, 'tier_4': 4}"
2024-09-28T16:00:00,6521,20,"{'tier_0': 2, 'tier_1': 4, 'tier_2': 6, 'tier_3': 4, 'tier_4': 4}"
2024-09-28T17:00:00,6522,20,"{'tier_0': 2, 'tier_1': 4, 'tier_2': 6, 'tier_3': 4, 'tier_4': 4}"
2024-09-28T18:00:00,6523,19,"{'tier_0': 2, 'tier_1': 4, 'tier_2': 6, 'tier_3': 4, 'tier_4': 3}"
2024-09-28T19:00:00,6524,20,"{'tier_0': 2, 'tier_1': 4, 'tier_2': 6, 'tier_3': 4, 'tier_4': 4}"
2024-09-28T20:00:00,6525,20,"{'tier_0': 3, 'tier_1': 3, 'tier_2': 6, 'tier_3': 4, 'tier_4': 4}"
2024-09-28T21:00:00,6526,20,"{'tier_0': 2, 'tier_1': 4, 'tier_2': 6, 'tier_3': 4, 'tier_4': 4}"
2024-09-28T22:00:00,6527,21,"{'tier_0': 2, 'tier_1': 5, 'tier_2': 6, 'tier_3': 4, 'tier_4': 4}"
2024-09-28T23:00:00,6528,21,"{'tier_0': 2, 'tier_1': 4, 'tier_2': 6, 'tier_3': 5, 'tier_4': 4}"
2024-09-29T00:00:00,6529,19,"{'tier_0': 2, 'tier_1': 4, 'tier_2': 5, 'tier_3': 4, 'tier_4': 4}"
2024-09-29T01:00:00,6530,19,"{'tier_0': 2, 'tier_1': 4, 'tier_2': 6, 'tier_3': 4, 'tier_4': 3}"
2024-09-29T02:00:00,6531,20,"{'tier_0': 2, 'tier_1': 5, 'tier_2': 6, 'tier_3': 4, 'tier_4': 3}"
2024-09-29T03:00:00,6532,21,"{'tier_0': 2, 'tier_1': 4, 'tier_2': 6, 'tier_3': 5, 'tier_4': 4}"
2024-09-29T04:00:00,6533,21,"{'tier_0': 2, 'tier_1': 4, 'tier_2': 6, 'tier_3': 5, 'tier_4': 4}"
2024-09-29T05:00:00,6534,20,"{'tier_0': 3, 'tier_1': 4, 'tier_2': 6, 'tier_3': 4, 'tier_4': 3}"
2024-09-29T06:00:00,6535,21,"{'tier_0': 3, 'tier_1': 4, 'tier_2': 6, 'tier_3': 4, 'tier_4': 4}"
2024-09-29T07:00:00,6536,20,"{'tier_0': 2, 'tier_1': 5, 'tier_2': 6, 'tier_3': 4, 'tier_4': 3}"
2024-09-29T08:00:00,6537,21,"{'tier_0': 3, 'tier_1': 4, 'tier_2': 6, 'tier_3': 4, 'tier_4': 4}"
2024-09-29T09:00:00,6538,20,"{'tier_0': 2, 'tier_1': 5, 'tier_2': 6, 'tier_3': 4, 'tier_4': 3}"
2024-09-29T10:00:00,6539,20,"{'tier_0': 2, 'tier_1': 5, 'tier_2': 6, 'tier_3': 4, 'tier_4': 3}"
2024-09-29T11:00:00,6540,18,"{'tier_0': 2, 'tier_1': 4, 'tier_2': 5, 'tier_3': 4, 'tier_4': 3}"
2024-09-29T12:00:00,6541,20,"{'tier_0': 2, 'tier_1': 4, 'tier_2': 6, 'tier_3': 4, 'tier_4': 4}"
2024-09-29T13:00:00,6542,19,"{'tier_0': 2, 'tier_1': 4, 'tier_2': 5, 'tier_3': 4, 'tier_4': 4}"
2024-09-29T14:00:00,6543,20,"{'tier_0': 2, 'tier_1': 4, 'tier_2': 6, 'tier_3': 4, 'tier_4': 4}"
2024-09-29T15:00:00,6544,21,"{'tier_0': 2, 'tier_1': 5, 'tier_2': 6, 'tier_3': 4, 'tier_4': 4}"
2024-09-29T16:00:00,6545,20,"{'tier_0': 2, 'tier_1': 4, 'tier_2': 6, 'tier_3': 4, 'tier_4': 4}"
2024-09-29T17:00:00,6546,19,"{'tier_0': 2, 'tier_1': 4, 'tier_2': 6, 'tier_3': 4, 'tier_4': 3}"
2024-09-29T18:00:00,6547,21,"{'tier_0': 2, 'tier_1': 5, 'tier_2': 6, 'tier_3': 4, 'tier_4': 4}"
2024-09-29T19:00:00,6548,20,"{'tier_0': 2, 'tier_1': 4, 'tier_2': 6, 'tier_3': 4, 'tier_4': 4}"
2024-09-29T20:00:00,6549,21,"{'tier_0': 2, 'tier_1': 5, 'tier_2': 6, 'tier_3': 5, 'tier_4': 3}"
2024-09-29T21:00:00,6550,21,"{'tier_0': 2, 'tier_1': 4, 'tier_2': 6, 'tier_3': 5, 'tier_4': 4}"
2024-09-29T22:00:00,6551,21,"{'tier_0': 2, 'tier_1': 5, 'tier_2': 6, 'tier_3': 5, 'tier_4': 3}"
2024-09-29T23:00:00,6552,20,"{'tier_0': 2, 'tier_1': 4, 'tier_2': 6, 'tier_3': 4, 'tier_4': 4}"
2024-09-30T00:00:00,6553,21,"{'tier_0': 2, 'tier_1': 5, 'tier_2': 6, 'tier_3': 4, 'tier_4': 4}"
2024-09-30T01:00:00,6554,18,"{'tier_0': 2, 'tier_1': 4, 'tier_2': 5, 'tier_3': 4, 'tier_4': 3}"
2024-09-30T02:00:00,6555,20,"{'tier_0': 2, 'tier_1': 4, 'tier_2': 6, 'tier_3': 4, 'tier_4': 4}"
2024-09-30T03:00:00,6556,20,"{'tier_0': 2, 'tier_1': 5, 'tier_2': 6, 'tier_3': 4, 'tier_4': 3}"
2024-09-30T04:00:00,6557,20,"{'tier_0': 3, 'tier_1': 4, 'tier_2': 6, 'tier_3': 4, 'tier_4': 3}"
2024-09-30T05:00:00,6558,20,"{'tier_0': 2, 'tier_1': 5, 'tier_2': 6, 'tier_3': 4, 'tier_4': 3}"
2024-09-30T06:00:00,6559,21,"{'tier_0': 2, 'tier_1': 5, 'tier_2': 6, 'tier_3': 4, 'tier_4': 4}"
2024-09-30T07:00:00,6560,21,"{'tier_0': 2, 'tier_1': 5, 'tier_2': 6, 'tier_3': 4, 'tier_4': 4}"
2024-09-30T08:00:00,6561,20,"{'tier_0': 2, 'tier_1': 4, 'tier_2': 6, 'tier_3': 4, 'tier_4': 4}"
2024-09-30T09:00:00,6562,20,"{'tier_0': 2, 'tier_1': 5, 'tier_2': 6, 'tier_3': 4, 'tier_4': 3}"
2024-09-30T10:00:00,6563,18,"{'tier_0': 2, 'tier_1': 4, 'tier_2': 5, 'tier_3': 4, 'tier_4': 3}"
2024-09-30T11:00:00,6564,21,"{'tier_0': 2, 'tier_1': 5, 'tier_2': 6, 'tier_3': 4, 'tier_4': 4}"
2024-09-30T12:00:00,6565,20,"{'tier_0': 2, 'tier_1': 4, 'tier_2': 6, 'tier_3': 4, 'tier_4': 4}"
2024-09-30T13:00:00,6566,20,"{'tier_0': 2, 'tier_1': 5, 'tier_2': 6, 'tier_3': 4, 'tier_4': 3}"
2024-09-30T14:00:00,6567,20,"{'tier_0': 2, 'tier_1': 5, 'tier_2': 6, 'tier_3': 4, 'tier_4': 3}"
2024-09-30T15:00:00,6568,20,"{'tier_0': 2, 'tier_1': 5, 'tier_2': 6, 'tier_3': 4, 'tier_4': 3}"
2024-09-30T16:00:00,6569,21,"{'tier_0': 2, 'tier_1': 5, 'tier_2': 6, 'tier_3': 4, 'tier_4': 4}"
2024-09-30T17:00:00,6570,20,"{'tier_0': 2, 'tier_1': 4, 'tier_2': 6, 'tier_3': 4, 'tier_4': 4}"
2024-09-30T18:00:00,6571,21,"{'tier_0': 2, 'tier_1': 5, 'tier_2': 6, 'tier_3': 4, 'tier_4': 4}"
2024-09-30T19:00:00,6572,21,"{'tier_0': 2, 'tier_1': 5, 'tier_2': 6, 'tier_3': 4, 'tier_4': 4}"
2024-09-30T20:00:00,6573,20,"{'tier_0': 2, 'tier_1': 5, 'tier_2': 6, 'tier_3': 4, 'tier_4': 3}"
2024-09-30T21:00:00,6574,20,"{'tier_0': 2, 'tier_1': 4, 'tier_2': 6, 'tier_3': 4, 'tier_4': 4}"
2024-09-30T22:00:00,6575,20,"{'tier_0': 3, 'tier_1': 4, 'tier_2': 6, 'tier_3': 4, 'tier_4': 3}"
2024-09-30T23:00:00,6576,20,"{'tier_0': 2, 'tier_1': 5, 'tier_2': 6, 'tier_3': 4, 'tier_4': 3}"
2024-10-01T00:00:00,6577,19,"{'tier_0': 2, 'tier_1': 4, 'tier_2': 6, 'tier_3': 4, 'tier_4': 3}"
2024-10-01T01:00:00,6578,20,"{'tier_0': 2, 'tier_1': 4, 'tier_2': 6, 'tier_3': 4, 'tier_4': 4}"
2024-10-01T02:00:00,6579,20,"{'tier_0': 2, 'tier_1': 5, 'tier_2': 6, 'tier_3': 4, 'tier_4': 3}"
2024-10-01T03:00:00,6580,20,"{'tier_0': 2, 'tier_1': 4, 'tier_2': 6, 'tier_3': 4, 'tier_4': 4}"
2024-10-01T04:00:00,6581,20,"{'tier_0': 2, 'tier_1': 4, 'tier_2': 6, 'tier_3': 4, 'tier_4': 4}"
2024-10-01T05:00:00,6582,21,"{'tier_0': 2, 'tier_1': 5, 'tier_2': 6, 'tier_3': 4, 'tier_4': 4}"
2024-10-01T06:00:00,6583,20,"{'tier_0': 3, 'tier_1': 3, 'tier_2': 6, 'tier_3': 4, 'tier_4': 4}"
2024-10-01T07:00:00,6584,21,"{'tier_0': 2, 'tier_1': 5, 'tier_2': 6, 'tier_3': 4, 'tier_4': 4}"
2024-10-01T08:00:00,6585,18,"{'tier_0': 2, 'tier_1': 4, 'tier_2': 5, 'tier_3': 4, 'tier_4': 3}"
2024-10-01T09:00:00,6586,21,"{'tier_0': 2, 'tier_1': 5, 'tier_2': 6, 'tier_3': 4, 'tier_4': 4}"
2024-10-01T10:00:00,6587,20,"{'tier_0': 2, 'tier_1': 5, 'tier_2': 6, 'tier_3': 4, 'tier_4': 3}"
2024-10-01T11:00:00,6588,20,"{'tier_0': 2, 'tier_1': 4, 'tier_2': 6, 'tier_3': 4, 'tier_4': 4}"
2024-10-01T12:00:00,6589,20,"{'tier_0': 3, 'tier_1': 4, 'tier_2': 6, 'tier_3': 4, 'tier_4': 3}"
2024-10-01T13:00:00,6590,20,"{'tier_0': 2, 'tier_1': 4, 'tier_2': 6, 'tier_3': 4, 'tier_4': 4}"
2024-10-01T14:00:00,6591,19,"{'tier_0': 3, 'tier_1': 3, 'tier_2': 5, 'tier_3': 4, 'tier_4': 4}"
2024-10-01T15:00:00,6592,19,"{'tier_0': 2, 'tier_1': 4, 'tier_2': 6, 'tier_3': 4, 'tier_4': 3}"
2024-10-01T16:00:00,6593,18,"{'tier_0': 2, 'tier_1': 4, 'tier_2': 5, 'tier_3': 4, 'tier_4': 3}"
2024-10-01T17:00:00,6594,20,"{'tier_0': 2, 'tier_1': 5, 'tier_2': 6, 'tier_3': 4, 'tier_4': 3}"
2024-10-01T18:00:00,6595,20,"{'tier_0': 2, 'tier_1': 4, 'tier_2': 6, 'tier_3': 4, 'tier_4': 4}"
2024-10-01T19:00:00,6596,21,"{'tier_0': 2, 'tier_1': 5, 'tier_2': 6, 'tier_3': 4, 'tier_4': 4}"
2024-10-01T20:00:00,6597,18,"{'tier_0': 2, 'tier_1': 4, 'tier_2': 5, 'tier_3': 4, 'tier_4': 3}"
2024-10-01T21:00:00,6598,20,"{'tier_0': 2, 'tier_1': 5, 'tier_2': 6, 'tier_3': 4, 'tier_4': 3}"
2024-10-01T22:00:00,6599,20,"{'tier_0': 2, 'tier_1': 4, 'tier_2': 6, 'tier_3': 4, 'tier_4': 4}"
2024-10-01T23:00:00,6600,18,"{'tier_0': 2, 'tier_1': 4, 'tier_2': 5, 'tier_3': 4, 'tier_4': 3}"
2024-10-02T00:00:00,6601,22,"{'tier_0': 2, 'tier_1': 5, 'tier_2': 7, 'tier_3': 4, 'tier_4': 4}"
2024-10-02T01:00:00,6602,20,"{'tier_0': 4, 'tier_1': 3, 'tier_2': 6, 'tier_3': 4, 'tier_4': 3}"
2024-10-02T02:00:00,6603,20,"{'tier_0': 2, 'tier_1': 4, 'tier_2': 6, 'tier_3': 4, 'tier_4': 4}"
2024-10-02T03:00:00,6604,21,"{'tier_0': 3, 'tier_1': 4, 'tier_2': 6, 'tier_3': 4, 'tier_4': 4}"
2024-10-02T04:00:00,6605,20,"{'tier_0': 3, 'tier_1': 4, 'tier_2': 6, 'tier_3': 4, 'tier_4': 3}"
2024-10-02T05:00:00,6606,21,"{'tier_0': 2, 'tier_1': 5, 'tier_2': 6, 'tier_3': 4, 'tier_4': 4}"
2024-10-02T06:00:00,6607,21,"{'tier_0': 3, 'tier_1': 4, 'tier_2': 6, 'tier_3': 4, 'tier_4': 4}"
2024-10-02T07:00:00,6608,18,"{'tier_0': 2, 'tier_1': 4, 'tier_2': 5, 'tier_3': 4, 'tier_4': 3}"
2024-10-02T08:00:00,6609,20,"{'tier_0': 2, 'tier_1': 5, 'tier_2': 6, 'tier_3': 4, 'tier_4': 3}"
2024-10-02T09:00:00,6610,20,"{'tier_0': 2, 'tier_1': 5, 'tier_2': 6, 'tier_3': 4, 'tier_4': 3}"
2024-10-02T10:00:00,6611,20,"{'tier_0': 2, 'tier_1': 4, 'tier_2': 6, 'tier_3': 4, 'tier_4': 4}"
2024-10-02T11:00:00,6612,20,"{'tier_0': 2, 'tier_1': 4, 'tier_2': 6, 'tier_3': 4, 'tier_4': 4}"
2024-10-02T12:00:00,6613,21,"{'tier_0': 4, 'tier_1': 3, 'tier_2': 6, 'tier_3': 4, 'tier_4': 4}"
2024-10-02T13:00:00,6614,18,"{'tier_0': 2, 'tier_1': 4, 'tier_2': 5, 'tier_3': 4, 'tier_4': 3}"
2024-10-02T14:00:00,6615,20,"{'tier_0': 3, 'tier_1': 4, 'tier_2': 6, 'tier_3': 4, 'tier_4': 3}"
2024-10-02T15:00:00,6616,21,"{'tier_0': 2, 'tier_1': 4, 'tier_2': 6, 'tier_3': 5, 'tier_4': 4}"
2024-10-02T16:00:00,6617,20,"{'tier_0': 2, 'tier_1': 4, 'tier_2': 6, 'tier_3': 4, 'tier_4': 4}"
2024-10-02T17:00:00,6618,20,"{'tier_0': 2, 'tier_1': 5, 'tier_2': 6, 'tier_3': 4, 'tier_4': 3}"
2024-10-02T18:00:00,6619,21,"{'tier_0': 2, 'tier_1': 4, 'tier_2': 6, 'tier_3': 5, 'tier_4': 4}"
2024-10-02T19:00:00,6620,20,"{'tier_0': 3, 'tier_1': 4, 'tier_2': 6, 'tier_3': 4, 'tier_4': 3}"
2024-10-02T20:00:00,6621,21,"{'tier_0': 2, 'tier_1': 4, 'tier_2': 6, 'tier_3': 5, 'tier_4': 4}"
2024-10-02T21:00:00,6622,20,"{'tier_0': 2, 'tier_1': 4, 'tier_2': 6, 'tier_3': 4, 'tier_4': 4}"
2024-10-02T22:00:00,6623,20,"{'tier_0': 2, 'tier_1': 4, 'tier_2': 6, 'tier_3': 4, 'tier_4': 4}"
2024-10-02T23:00:00,6624,20,"{'tier_0': 2, 'tier_1': 4, 'tier_2': 6, 'tier_3': 4, 'tier_4': 4}"
2024-10-03T00:00:00,6625,19,"{'tier_0': 2, 'tier_1': 4, 'tier_2': 5, 'tier_3': 4, 'tier_4': 4}"
2024-10-03T01:00:00,6626,20,"{'tier_0': 2, 'tier_1': 5, 'tier_2': 6, 'tier_3': 4, 'tier_4': 3}"
2024-10-03T02:00:00,6627,20,"{'tier_0': 2, 'tier_1': 4, 'tier_2': 6, 'tier_3': 4, 'tier_4': 4}"
2024-10-03T03:00:00,6628,21,"{'tier_0': 2, 'tier_1': 4, 'tier_2': 6, 'tier_3': 5, 'tier_4': 4}"
2024-10-03T04:00:00,6629,20,"{'tier_0': 2, 'tier_1': 4, 'tier_2': 6, 'tier_3': 4, 'tier_4': 4}"
2024-10-03T05:00:00,6630,20,"{'tier_0': 3, 'tier_1': 4, 'tier_2': 6, 'tier_3': 4, 'tier_4': 3}"
2024-10-03T06:00:00,6631,20,"{'tier_0': 2, 'tier_1': 4, 'tier_2': 6, 'tier_3': 4, 'tier_4': 4}"
2024-10-03T07:00:00,6632,20,"{'tier_0': 2, 'tier_1': 4, 'tier_2': 6, 'tier_3': 4, 'tier_4': 4}"
2024-10-03T08:00:00,6633,20,"{'tier_0': 3, 'tier_1': 4, 'tier_2': 6, 'tier_3': 4, 'tier_4': 3}"
2024-10-03T09:00:00,6634,20,"{'tier_0': 2, 'tier_1': 5, 'tier_2': 6, 'tier_3': 4, 'tier_4': 3}"
2024-10-03T10:00:00,6635,20,"{'tier_0': 3, 'tier_1': 3, 'tier_2': 6, 'tier_3': 4, 'tier_4': 4}"
2024-10-03T11:00:00,6636,20,"{'tier_0': 2, 'tier_1': 5, 'tier_2': 6, 'tier_3': 4, 'tier_4': 3}"
2024-10-03T12:00:00,6637,18,"{'tier_0': 2, 'tier_1': 4, 'tier_2': 5, 'tier_3': 4, 'tier_4': 3}"
2024-10-03T13:00:00,6638,20,"{'tier_0': 2, 'tier_1': 5, 'tier_2': 6, 'tier_3': 4, 'tier_4': 3}"
2024-10-03T14:00:00,6639,19,"{'tier_0': 2, 'tier_1': 4, 'tier_2': 5, 'tier_3': 5, 'tier_4': 3}"
2024-10-03T15:00:00,6640,20,"{'tier_0': 2, 'tier_1': 4, 'tier_2': 6, 'tier_3': 4, 'tier_4': 4}"
2024-10-03T16:00:00,6641,20,"{'tier_0': 2, 'tier_1': 5, 'tier_2': 6, 'tier_3': 4, 'tier_4': 3}"
2024-10-03T17:00:00,6642,21,"{'tier_0': 2, 'tier_1': 5, 'tier_2': 6, 'tier_3': 4, 'tier_4': 4}"
2024-10-03T18:00:00,6643,21,"{'tier_0': 2, 'tier_1': 5, 'tier_2': 6, 'tier_3': 4, 'tier_4': 4}"
2024-10-03T19:00:00,6644,20,"{'tier_0': 2, 'tier_1': 4, 'tier_2': 6, 'tier_3': 4, 'tier_4': 4}"
2024-10-03T20:00:00,6645,20,"{'tier_0': 2, 'tier_1': 4, 'tier_2': 6, 'tier_3': 4, 'tier_4': 4}"
2024-10-03T21:00:00,6646,21,"{'tier_0': 3, 'tier_1': 4, 'tier_2': 6, 'tier_3': 4, 'tier_4': 4}"
2024-10-03T22:00:00,6647,20,"{'tier_0': 2, 'tier_1': 5, 'tier_2': 6, 'tier_3': 4, 'tier_4': 3}"
2024-10-03T23:00:00,6648,20,"{'tier_0': 2, 'tier_1': 4, 'tier_2': 6, 'tier_3': 4, 'tier_4': 4}"
2024-10-04T00:00:00,6649,19,"{'tier_0': 2, 'tier_1': 4, 'tier_2': 5, 'tier_3': 4, 'tier_4': 4}"
2024-10-04T01:00:00,6650,20,"{'tier_0': 2, 'tier_1': 4, 'tier_2': 6, 'tier_3': 4, 'tier_4': 4}"
2024-10-04T02:00:00,6651,21,"{'tier_0': 2, 'tier_1': 5, 'tier_2': 6, 'tier_3': 4, 'tier_4': 4}"
2024-10-04T03:00:00,6652,20,"{'tier_0': 3, 'tier_1': 4, 'tier_2': 6, 'tier_3': 4, 'tier_4': 3}"
2024-10-04T04:00:00,6653,20,"{'tier_0': 2, 'tier_1': 5, 'tier_2': 6, 'tier_3': 4, 'tier_4': 3}"
2024-10-04T05:00:00,6654,20,"{'tier_0': 3, 'tier_1': 3, 'tier_2': 6, 'tier_3': 4, 'tier_4': 4}"
2024-10-04T06:00:00,6655,20,"{'tier_0': 2, 'tier_1': 5, 'tier_2': 6, 'tier_3': 4, 'tier_4': 3}"
2024-10-04T07:00:00,6656,19,"{'tier_0': 2, 'tier_1': 4, 'tier_2': 5, 'tier_3': 4, 'tier_4': 4}"
2024-10-04T08:00:00,6657,20,"{'tier_0': 2, 'tier_1': 5, 'tier_2': 6, 'tier_3': 4, 'tier_4': 3}"
2024-10-04T09:00:00,6658,20,"{'tier_0': 3, 'tier_1': 4, 'tier_2': 6, 'tier_3': 4, 'tier_4': 3}"
2024-10-04T10:00:00,6659,19,"{'tier_0': 2, 'tier_1': 4, 'tier_2': 5, 'tier_3': 5, 'tier_4': 3}"
2024-10-04T11:00:00,6660,21,"{'tier_0': 2, 'tier_1': 5, 'tier_2': 6, 'tier_3': 4, 'tier_4': 4}"
2024-10-04T12:00:00,6661,19,"{'tier_0': 2, 'tier_1': 4, 'tier_2': 5, 'tier_3': 5, 'tier_4': 3}"
2024-10-04T13:00:00,6662,20,"{'tier_0': 2, 'tier_1': 4, 'tier_2': 6, 'tier_3': 4, 'tier_4': 4}"
2024-10-04T14:00:00,6663,20,"{'tier_0': 2, 'tier_1': 4, 'tier_2': 6, 'tier_3': 4, 'tier_4': 4}"
2024-10-04T15:00:00,6664,19,"{'tier_0': 2, 'tier_1': 4, 'tier_2': 6, 'tier_3': 4, 'tier_4': 3}"
2024-10-04T16:00:00,6665,20,"{'tier_0': 2, 'tier_1': 4, 'tier_2': 6, 'tier_3': 4, 'tier_4': 4}"
2024-10-04T17:00:00,6666,20,"{'tier_0': 2, 'tier_1': 5, 'tier_2': 6, 'tier_3': 4, 'tier_4': 3}"
2024-10-04T18:00:00,6667,20,"{'tier_0': 2, 'tier_1': 4, 'tier_2': 6, 'tier_3': 4, 'tier_4': 4}"
2024-10-04T19:00:00,6668,20,"{'tier_0': 3, 'tier_1': 4, 'tier_2': 6, 'tier_3': 4, 'tier_4': 3}"
2024-10-04T20:00:00,6669,19,"{'tier_0': 2, 'tier_1': 4, 'tier_2': 6, 'tier_3': 4, 'tier_4': 3}"
2024-10-04T21:00:00,6670,20,"{'tier_0': 2, 'tier_1': 5, 'tier_2': 6, 'tier_3': 4, 'tier_4': 3}"
2024-10-04T22:00:00,6671,18,"{'tier_0': 2, 'tier_1': 4, 'tier_2': 5, 'tier_3': 4, 'tier_4': 3}"
2024-10-04T23:00:00,6672,20,"{'tier_0': 2, 'tier_1': 5, 'tier_2': 6, 'tier_3': 4, 'tier_4': 3}"
2024-10-05T00:00:00,6673,19,"{'tier_0': 2, 'tier_1': 4, 'tier_2': 5, 'tier_3': 4, 'tier_4': 4}"
2024-10-05T01:00:00,6674,20,"{'tier_0': 2, 'tier_1': 4, 'tier_2': 5, 'tier_3': 5, 'tier_4': 4}"
2024-10-05T02:00:00,6675,19,"{'tier_0': 2, 'tier_1': 4, 'tier_2': 5, 'tier_3': 4, 'tier_4': 4}"
2024-10-05T03:00:00,6676,18,"{'tier_0': 2, 'tier_1': 4, 'tier_2': 5, 'tier_3': 4, 'tier_4': 3}"
2024-10-05T04:00:00,6677,20,"{'tier_0': 2, 'tier_1': 4, 'tier_2': 6, 'tier_3': 4, 'tier_4': 4}"
2024-10-05T05:00:00,6678,20,"{'tier_0': 2, 'tier_1': 5, 'tier_2': 6, 'tier_3': 4, 'tier_4': 3}"
2024-10-05T06:00:00,6679,19,"{'tier_0': 2, 'tier_1': 4, 'tier_2': 5, 'tier_3': 4, 'tier_4': 4}"
2024-10-05T07:00:00,6680,21,"{'tier_0': 2, 'tier_1': 5, 'tier_2': 6, 'tier_3': 4, 'tier_4': 4}"
2024-10-05T08:00:00,6681,19,"{'tier_0': 3, 'tier_1': 3, 'tier_2': 5, 'tier_3': 4, 'tier_4': 4}"
2024-10-05T09:00:00,6682,20,"{'tier_0': 2, 'tier_1': 5, 'tier_2': 6, 'tier_3': 4, 'tier_4': 3}"
2024-10-05T10:00:00,6683,20,"{'tier_0': 2, 'tier_1': 5, 'tier_2': 6, 'tier_3': 4, 'tier_4': 3}"
2024-10-05T11:00:00,6684,20,"{'tier_0': 2, 'tier_1': 4, 'tier_2': 6, 'tier_3': 4, 'tier_4': 4}"
2024-10-05T12:00:00,6685,20,"{'tier_0': 2, 'tier_1': 5, 'tier_2': 6, 'tier_3': 4, 'tier_4': 3}"
2024-10-05T13:00:00,6686,20,"{'tier_0': 3, 'tier_1': 3, 'tier_2': 6, 'tier_3': 4, 'tier_4': 4}"
2024-10-05T14:00:00,6687,20,"{'tier_0': 2, 'tier_1': 5, 'tier_2': 6, 'tier_3': 4, 'tier_4': 3}"
2024-10-05T15:00:00,6688,20,"{'tier_0': 3, 'tier_1': 4, 'tier_2': 6, 'tier_3': 4, 'tier_4': 3}"
2024-10-05T16:00:00,6689,20,"{'tier_0': 2, 'tier_1': 4, 'tier_2': 6, 'tier_3': 4, 'tier_4': 4}"
2024-10-05T17:00:00,6690,19,"{'tier_0': 3, 'tier_1': 3, 'tier_2': 5, 'tier_3': 4, 'tier_4': 4}"
2024-10-05T18:00:00,6691,20,"{'tier_0': 2, 'tier_1': 5, 'tier_2': 6, 'tier_3': 4, 'tier_4': 3}"
2024-10-05T19:00:00,6692,21,"{'tier_0': 2, 'tier_1': 5, 'tier_2': 6, 'tier_3': 4, 'tier_4': 4}"
2024-10-05T20:00:00,6693,20,"{'tier_0': 2, 'tier_1': 5, 'tier_2': 6, 'tier_3': 4, 'tier_4': 3}"
2024-10-05T21:00:00,6694,19,"{'tier_0': 2, 'tier_1': 4, 'tier_2': 5, 'tier_3': 4, 'tier_4': 4}"
2024-10-05T22:00:00,6695,21,"{'tier_0': 2, 'tier_1': 5, 'tier_2': 6, 'tier_3': 4, 'tier_4': 4}"
2024-10-05T23:00:00,6696,20,"{'tier_0': 2, 'tier_1': 5, 'tier_2': 6, 'tier_3': 4, 'tier_4': 3}"
2024-10-06T00:00:00,6697,20,"{'tier_0': 2, 'tier_1': 5, 'tier_2': 6, 'tier_3': 4, 'tier_4': 3}"
2024-10-06T01:00:00,6698,20,"{'tier_0': 2, 'tier_1': 4, 'tier_2': 6, 'tier_3': 4, 'tier_4': 4}"
2024-10-06T02:00:00,6699,20,"{'tier_0': 2, 'tier_1': 5, 'tier_2': 6, 'tier_3': 4, 'tier_4': 3}"
2024-10-06T03:00:00,6700,20,"{'tier_0': 2, 'tier_1': 4, 'tier_2': 6, 'tier_3': 4, 'tier_4': 4}"
2024-10-06T04:00:00,6701,18,"{'tier_0': 2, 'tier_1': 4, 'tier_2': 5, 'tier_3': 4, 'tier_4': 3}"
2024-10-06T05:00:00,6702,20,"{'tier_0': 2, 'tier_1': 5, 'tier_2': 6, 'tier_3': 4, 'tier_4': 3}"
2024-10-06T06:00:00,6703,19,"{'tier_0': 2, 'tier_1': 4, 'tier_2': 6, 'tier_3': 4, 'tier_4': 3}"
2024-10-06T07:00:00,6704,21,"{'tier_0': 3, 'tier_1': 4, 'tier_2': 6, 'tier_3': 4, 'tier_4': 4}"
2024-10-06T08:00:00,6705,21,"{'tier_0': 2, 'tier_1': 5, 'tier_2': 6, 'tier_3': 5, 'tier_4': 3}"
2024-10-06T09:00:00,6706,18,"{'tier_0': 2, 'tier_1': 4, 'tier_2': 5, 'tier_3': 4, 'tier_4': 3}"
2024-10-06T10:00:00,6707,20,"{'tier_0': 2, 'tier_1': 4, 'tier_2': 6, 'tier_3': 4, 'tier_4': 4}"
2024-10-06T11:00:00,6708,20,"{'tier_0': 2, 'tier_1': 5, 'tier_2': 6, 'tier_3': 4, 'tier_4': 3}"
2024-10-06T12:00:00,6709,20,"{'tier_0': 2, 'tier_1': 4, 'tier_2': 6, 'tier_3': 4, 'tier_4': 4}"
2024-10-06T13:00:00,6710,20,"{'tier_0': 3, 'tier_1': 3, 'tier_2': 6, 'tier_3': 4, 'tier_4': 4}"
2024-10-06T14:00:00,6711,20,"{'tier_0': 2, 'tier_1': 4, 'tier_2': 6, 'tier_3': 4, 'tier_4': 4}"
2024-10-06T15:00:00,6712,20,"{'tier_0': 2, 'tier_1': 5, 'tier_2': 6, 'tier_3': 4, 'tier_4': 3}"
2024-10-06T16:00:00,6713,20,"{'tier_0': 2, 'tier_1': 5, 'tier_2': 6, 'tier_3': 4, 'tier_4': 3}"
2024-10-06T17:00:00,6714,20,"{'tier_0': 2, 'tier_1': 4, 'tier_2': 6, 'tier_3': 4, 'tier_4': 4}"
2024-10-06T18:00:00,6715,19,"{'tier_0': 1, 'tier_1': 5, 'tier_2': 5, 'tier_3': 4, 'tier_4': 4}"
2024-10-06T19:00:00,6716,20,"{'tier_0': 2, 'tier_1': 4, 'tier_2': 5, 'tier_3': 5, 'tier_4': 4}"
2024-10-06T20:00:00,6717,20,"{'tier_0': 2, 'tier_1': 5, 'tier_2': 6, 'tier_3': 4, 'tier_4': 3}"
2024-10-06T21:00:00,6718,20,"{'tier_0': 2, 'tier_1': 4, 'tier_2': 6, 'tier_3': 4, 'tier_4': 4}"
2024-10-06T22:00:00,6719,20,"{'tier_0': 2, 'tier_1': 5, 'tier_2': 6, 'tier_3': 4, 'tier_4': 3}"
2024-10-06T23:00:00,6720,21,"{'tier_0': 2, 'tier_1': 4, 'tier_2': 6, 'tier_3': 5, 'tier_4': 4}"
2024-10-07T00:00:00,6721,21,"{'tier_0': 2, 'tier_1': 5, 'tier_2': 6, 'tier_3': 4, 'tier_4': 4}"
2024-10-07T01:00:00,6722,18,"{'tier_0': 2, 'tier_1': 4, 'tier_2': 5, 'tier_3': 4, 'tier_4': 3}"
2024-10-07T02:00:00,6723,20,"{'tier_0': 2, 'tier_1': 4, 'tier_2': 6, 'tier_3': 4, 'tier_4': 4}"
2024-10-07T03:00:00,6724,20,"{'tier_0': 2, 'tier_1': 5, 'tier_2': 6, 'tier_3': 4, 'tier_4': 3}"
2024-10-07T04:00:00,6725,18,"{'tier_0': 2, 'tier_1': 4, 'tier_2': 5, 'tier_3': 4, 'tier_4': 3}"
2024-10-07T05:00:00,6726,21,"{'tier_0': 2, 'tier_1': 5, 'tier_2': 6, 'tier_3': 4, 'tier_4': 4}"
2024-10-07T06:00:00,6727,20,"{'tier_0': 2, 'tier_1': 4, 'tier_2': 6, 'tier_3': 4, 'tier_4': 4}"
2024-10-07T07:00:00,6728,20,"{'tier_0': 2, 'tier_1': 4, 'tier_2': 6, 'tier_3': 4, 'tier_4': 4}"
2024-10-07T08:00:00,6729,21,"{'tier_0': 3, 'tier_1': 4, 'tier_2': 6, 'tier_3': 4, 'tier_4': 4}"
2024-10-07T09:00:00,6730,21,"{'tier_0': 2, 'tier_1': 4, 'tier_2': 6, 'tier_3': 4, 'tier_4': 5}"
2024-10-07T10:00:00,6731,20,"{'tier_0': 2, 'tier_1': 5, 'tier_2': 6, 'tier_3': 4, 'tier_4': 3}"
2024-10-07T11:00:00,6732,20,"{'tier_0': 2, 'tier_1': 5, 'tier_2': 6, 'tier_3': 4, 'tier_4': 3}"
2024-10-07T12:00:00,6733,19,"{'tier_0': 2, 'tier_1': 4, 'tier_2': 6, 'tier_3': 4, 'tier_4': 3}"
2024-10-07T13:00:00,6734,20,"{'tier_0': 2, 'tier_1': 5, 'tier_2': 6, 'tier_3': 4, 'tier_4': 3}"
2024-10-07T14:00:00,6735,20,"{'tier_0': 2, 'tier_1': 4, 'tier_2': 6, 'tier_3': 4, 'tier_4': 4}"
2024-10-07T15:00:00,6736,19,"{'tier_0': 2, 'tier_1': 4, 'tier_2': 6, 'tier_3': 4, 'tier_4': 3}"
2024-10-07T16:00:00,6737,21,"{'tier_0': 2, 'tier_1': 5, 'tier_2': 6, 'tier_3': 4, 'tier_4': 4}"
2024-10-07T17:00:00,6738,20,"{'tier_0': 2, 'tier_1': 5, 'tier_2': 6, 'tier_3': 4, 'tier_4': 3}"
2024-10-07T18:00:00,6739,20,"{'tier_0': 2, 'tier_1': 5, 'tier_2': 6, 'tier_3': 4, 'tier_4': 3}"
2024-10-07T19:00:00,6740,20,"{'tier_0': 2, 'tier_1': 4, 'tier_2': 6, 'tier_3': 4, 'tier_4': 4}"
2024-10-07T20:00:00,6741,20,"{'tier_0': 2, 'tier_1': 5, 'tier_2': 6, 'tier_3': 4, 'tier_4': 3}"
2024-10-07T21:00:00,6742,19,"{'tier_0': 2, 'tier_1': 4, 'tier_2': 6, 'tier_3': 4, 'tier_4': 3}"
2024-10-07T22:00:00,6743,21,"{'tier_0': 3, 'tier_1': 4, 'tier_2': 6, 'tier_3': 4, 'tier_4': 4}"
2024-10-07T23:00:00,6744,20,"{'tier_0': 2, 'tier_1': 4, 'tier_2': 6, 'tier_3': 4, 'tier_4': 4}"
2024-10-08T00:00:00,6745,20,"{'tier_0': 3, 'tier_1': 3, 'tier_2': 6, 'tier_3': 4, 'tier_4': 4}"
2024-10-08T01:00:00,6746,21,"{'tier_0': 3, 'tier_1': 4, 'tier_2': 6, 'tier_3': 4, 'tier_4': 4}"
2024-10-08T02:00:00,6747,20,"{'tier_0': 3, 'tier_1': 4, 'tier_2': 6, 'tier_3': 4, 'tier_4': 3}"
2024-10-08T03:00:00,6748,20,"{'tier_0': 2, 'tier_1': 5, 'tier_2': 6, 'tier_3': 4, 'tier_4': 3}"
2024-10-08T04:00:00,6749,20,"{'tier_0': 2, 'tier_1': 4, 'tier_2': 6, 'tier_3': 4, 'tier_4': 4}"
2024-10-08T05:00:00,6750,20,"{'tier_0': 2, 'tier_1': 4, 'tier_2': 6, 'tier_3': 4, 'tier_4': 4}"
2024-10-08T06:00:00,6751,20,"{'tier_0': 2, 'tier_1': 5, 'tier_2': 6, 'tier_3': 4, 'tier_4': 3}"
2024-10-08T07:00:00,6752,20,"{'tier_0': 2, 'tier_1': 4, 'tier_2': 6, 'tier_3': 4, 'tier_4': 4}"
2024-10-08T08:00:00,6753,19,"{'tier_0': 2, 'tier_1': 4, 'tier_2': 6, 'tier_3': 4, 'tier_4': 3}"
2024-10-08T09:00:00,6754,20,"{'tier_0': 2, 'tier_1': 4, 'tier_2': 6, 'tier_3': 4, 'tier_4': 4}"
2024-10-08T10:00:00,6755,20,"{'tier_0': 2, 'tier_1': 4, 'tier_2': 6, 'tier_3': 4, 'tier_4': 4}"
2024-10-08T11:00:00,6756,20,"{'tier_0': 2, 'tier_1': 5, 'tier_2': 6, 'tier_3': 4, 'tier_4': 3}"
2024-10-08T12:00:00,6757,20,"{'tier_0': 2, 'tier_1': 5, 'tier_2': 6, 'tier_3': 4, 'tier_4': 3}"
2024-10-08T13:00:00,6758,21,"{'tier_0': 3, 'tier_1': 4, 'tier_2': 6, 'tier_3': 4, 'tier_4': 4}"
2024-10-08T14:00:00,6759,20,"{'tier_0': 4, 'tier_1': 3, 'tier_2': 6, 'tier_3': 4, 'tier_4': 3}"
2024-10-08T15:00:00,6760,20,"{'tier_0': 2, 'tier_1': 4, 'tier_2': 6, 'tier_3': 4, 'tier_4': 4}"
2024-10-08T16:00:00,6761,19,"{'tier_0': 2, 'tier_1': 4, 'tier_2': 6, 'tier_3': 4, 'tier_4': 3}"
2024-10-08T17:00:00,6762,20,"{'tier_0': 2, 'tier_1': 4, 'tier_2': 6, 'tier_3': 4, 'tier_4': 4}"
2024-10-08T18:00:00,6763,19,"{'tier_0': 2, 'tier_1': 4, 'tier_2': 5, 'tier_3': 4, 'tier_4': 4}"
2024-10-08T19:00:00,6764,20,"{'tier_0': 2, 'tier_1': 5, 'tier_2': 6, 'tier_3': 4, 'tier_4': 3}"
2024-10-08T20:00:00,6765,21,"{'tier_0': 2, 'tier_1': 5, 'tier_2': 6, 'tier_3': 4, 'tier_4': 4}"
2024-10-08T21:00:00,6766,21,"{'tier_0': 3, 'tier_1': 4, 'tier_2': 6, 'tier_3': 4, 'tier_4': 4}"
2024-10-08T22:00:00,6767,20,"{'tier_0': 2, 'tier_1': 4, 'tier_2': 6, 'tier_3': 4, 'tier_4': 4}"
2024-10-08T23:00:00,6768,19,"{'tier_0': 2, 'tier_1': 4, 'tier_2': 6, 'tier_3': 4, 'tier_4': 3}"
2024-10-09T00:00:00,6769,20,"{'tier_0': 2, 'tier_1': 4, 'tier_2': 6, 'tier_3': 4, 'tier_4': 4}"
2024-10-09T01:00:00,6770,20,"{'tier_0': 2, 'tier_1': 5, 'tier_2': 6, 'tier_3': 4, 'tier_4': 3}"
2024-10-09T02:00:00,6771,19,"{'tier_0': 2, 'tier_1': 4, 'tier_2': 6, 'tier_3': 4, 'tier_4': 3}"
2024-10-09T03:00:00,6772,20,"{'tier_0': 2, 'tier_1': 4, 'tier_2': 6, 'tier_3': 4, 'tier_4': 4}"
2024-10-09T04:00:00,6773,21,"{'tier_0': 4, 'tier_1': 3, 'tier_2': 6, 'tier_3': 4, 'tier_4': 4}"
2024-10-09T05:00:00,6774,20,"{'tier_0': 2, 'tier_1': 5, 'tier_2': 6, 'tier_3': 4, 'tier_4': 3}"
2024-10-09T06:00:00,6775,20,"{'tier_0': 2, 'tier_1': 5, 'tier_2': 6, 'tier_3': 4, 'tier_4': 3}"
2024-10-09T07:00:00,6776,20,"{'tier_0': 2, 'tier_1': 4, 'tier_2': 6, 'tier_3': 4, 'tier_4': 4}"
2024-10-09T08:00:00,6777,20,"{'tier_0': 2, 'tier_1': 5, 'tier_2': 6, 'tier_3': 4, 'tier_4': 3}"
2024-10-09T09:00:00,6778,18,"{'tier_0': 2, 'tier_1': 4, 'tier_2': 5, 'tier_3': 4, 'tier_4': 3}"
2024-10-09T10:00:00,6779,20,"{'tier_0': 2, 'tier_1': 4, 'tier_2': 6, 'tier_3': 4, 'tier_4': 4}"
2024-10-09T11:00:00,6780,20,"{'tier_0': 2, 'tier_1': 5, 'tier_2': 6, 'tier_3': 4, 'tier_4': 3}"
2024-10-09T12:00:00,6781,18,"{'tier_0': 2, 'tier_1': 4, 'tier_2': 5, 'tier_3': 4, 'tier_4': 3}"
2024-10-09T13:00:00,6782,20,"{'tier_0': 2, 'tier_1': 4, 'tier_2': 5, 'tier_3': 5, 'tier_4': 4}"
2024-10-09T14:00:00,6783,20,"{'tier_0': 2, 'tier_1': 4, 'tier_2': 6, 'tier_3': 4, 'tier_4': 4}"
2024-10-09T15:00:00,6784,20,"{'tier_0': 2, 'tier_1': 5, 'tier_2': 6, 'tier_3': 4, 'tier_4': 3}"
2024-10-09T16:00:00,6785,20,"{'tier_0': 2, 'tier_1': 4, 'tier_2': 6, 'tier_3': 4, 'tier_4': 4}"
2024-10-09T17:00:00,6786,18,"{'tier_0': 2, 'tier_1': 4, 'tier_2': 5, 'tier_3': 4, 'tier_4': 3}"
2024-10-09T18:00:00,6787,19,"{'tier_0': 2, 'tier_1': 4, 'tier_2': 5, 'tier_3': 4, 'tier_4': 4}"
2024-10-09T19:00:00,6788,20,"{'tier_0': 2, 'tier_1': 5, 'tier_2': 6, 'tier_3': 4, 'tier_4': 3}"
2024-10-09T20:00:00,6789,20,"{'tier_0': 2, 'tier_1': 5, 'tier_2': 6, 'tier_3': 4, 'tier_4': 3}"
2024-10-09T21:00:00,6790,21,"{'tier_0': 2, 'tier_1': 5, 'tier_2': 6, 'tier_3': 4, 'tier_4': 4}"
2024-10-09T22:00:00,6791,20,"{'tier_0': 2, 'tier_1': 5, 'tier_2': 6, 'tier_3': 4, 'tier_4': 3}"
2024-10-09T23:00:00,6792,20,"{'tier_0': 2, 'tier_1': 5, 'tier_2': 6, 'tier_3': 4, 'tier_4': 3}"
2024-10-10T00:00:00,6793,18,"{'tier_0': 2, 'tier_1': 4, 'tier_2': 5, 'tier_3': 4, 'tier_4': 3}"
2024-10-10T01:00:00,6794,18,"{'tier_0': 2, 'tier_1': 4, 'tier_2': 5, 'tier_3': 4, 'tier_4': 3}"
2024-10-10T02:00:00,6795,20,"{'tier_0': 2, 'tier_1': 4, 'tier_2': 6, 'tier_3': 4, 'tier_4': 4}"
2024-10-10T03:00:00,6796,20,"{'tier_0': 2, 'tier_1': 4, 'tier_2': 6, 'tier_3': 4, 'tier_4': 4}"
2024-10-10T04:00:00,6797,19,"{'tier_0': 2, 'tier_1': 4, 'tier_2': 5, 'tier_3': 4, 'tier_4': 4}"
2024-10-10T05:00:00,6798,20,"{'tier_0': 2, 'tier_1': 5, 'tier_2': 6, 'tier_3': 4, 'tier_4': 3}"
2024-10-10T06:00:00,6799,20,"{'tier_0': 2, 'tier_1': 4, 'tier_2': 6, 'tier_3': 4, 'tier_4': 4}"
2024-10-10T07:00:00,6800,20,"{'tier_0': 2, 'tier_1': 4, 'tier_2': 6, 'tier_3': 4, 'tier_4': 4}"
2024-10-10T08:00:00,6801,20,"{'tier_0': 2, 'tier_1': 4, 'tier_2': 6, 'tier_3': 4, 'tier_4': 4}"
2024-10-10T09:00:00,6802,20,"{'tier_0': 2, 'tier_1': 4, 'tier_2': 6, 'tier_3': 4, 'tier_4': 4}"
2024-10-10T10:00:00,6803,20,"{'tier_0': 2, 'tier_1': 5, 'tier_2': 6, 'tier_3': 4, 'tier_4': 3}"
2024-10-10T11:00:00,6804,19,"{'tier_0': 2, 'tier_1': 4, 'tier_2': 5, 'tier_3': 4, 'tier_4': 4}"
2024-10-10T12:00:00,6805,18,"{'tier_0': 2, 'tier_1': 4, 'tier_2': 5, 'tier_3': 4, 'tier_4': 3}"
2024-10-10T13:00:00,6806,20,"{'tier_0': 3, 'tier_1': 3, 'tier_2': 6, 'tier_3': 4, 'tier_4': 4}"
2024-10-10T14:00:00,6807,20,"{'tier_0': 2, 'tier_1': 4, 'tier_2': 6, 'tier_3': 4, 'tier_4': 4}"
2024-10-10T15:00:00,6808,21,"{'tier_0': 2, 'tier_1': 4, 'tier_2': 6, 'tier_3': 5, 'tier_4': 4}"
2024-10-10T16:00:00,6809,21,"{'tier_0': 2, 'tier_1': 4, 'tier_2': 6, 'tier_3': 4, 'tier_4': 5}"
2024-10-10T17:00:00,6810,20,"{'tier_0': 2, 'tier_1': 4, 'tier_2': 6, 'tier_3': 4, 'tier_4': 4}"
2024-10-10T18:00:00,6811,21,"{'tier_0': 2, 'tier_1': 5, 'tier_2': 6, 'tier_3': 4, 'tier_4': 4}"
2024-10-10T19:00:00,6812,21,"{'tier_0': 2, 'tier_1': 5, 'tier_2': 6, 'tier_3': 4, 'tier_4': 4}"
2024-10-10T20:00:00,6813,18,"{'tier_0': 2, 'tier_1': 4, 'tier_2': 5, 'tier_3': 4, 'tier_4': 3}"
2024-10-10T21:00:00,6814,19,"{'tier_0': 2, 'tier_1': 4, 'tier_2': 6, 'tier_3': 4, 'tier_4': 3}"
2024-10-10T22:00:00,6815,20,"{'tier_0': 2, 'tier_1': 5, 'tier_2': 6, 'tier_3': 4, 'tier_4': 3}"
2024-10-10T23:00:00,6816,19,"{'tier_0': 2, 'tier_1': 4, 'tier_2': 6, 'tier_3': 4, 'tier_4': 3}"
2024-10-11T00:00:00,6817,20,"{'tier_0': 2, 'tier_1': 4, 'tier_2': 6, 'tier_3': 4, 'tier_4': 4}"
2024-10-11T01:00:00,6818,20,"{'tier_0': 3, 'tier_1': 3, 'tier_2': 6, 'tier_3': 4, 'tier_4': 4}"
2024-10-11T02:00:00,6819,19,"{'tier_0': 2, 'tier_1': 4, 'tier_2': 6, 'tier_3': 4, 'tier_4': 3}"
2024-10-11T03:00:00,6820,20,"{'tier_0': 2, 'tier_1': 5, 'tier_2': 6, 'tier_3': 4, 'tier_4': 3}"
2024-10-11T04:00:00,6821,20,"{'tier_0': 2, 'tier_1': 4, 'tier_2': 6, 'tier_3': 4, 'tier_4': 4}"
2024-10-11T05:00:00,6822,20,"{'tier_0': 2, 'tier_1': 4, 'tier_2': 6, 'tier_3': 4, 'tier_4': 4}"
2024-10-11T06:00:00,6823,20,"{'tier_0': 3, 'tier_1': 3, 'tier_2': 6, 'tier_3': 4, 'tier_4': 4}"
2024-10-11T07:00:00,6824,19,"{'tier_0': 2, 'tier_1': 4, 'tier_2': 5, 'tier_3': 4, 'tier_4': 4}"
2024-10-11T08:00:00,6825,20,"{'tier_0': 2, 'tier_1': 4, 'tier_2': 6, 'tier_3': 4, 'tier_4': 4}"
2024-10-11T09:00:00,6826,21,"{'tier_0': 2, 'tier_1': 5, 'tier_2': 6, 'tier_3': 4, 'tier_4': 4}"
2024-10-11T10:00:00,6827,21,"{'tier_0': 3, 'tier_1': 4, 'tier_2': 6, 'tier_3': 4, 'tier_4': 4}"
2024-10-11T11:00:00,6828,20,"{'tier_0': 3, 'tier_1': 4, 'tier_2': 6, 'tier_3': 4, 'tier_4': 3}"
2024-10-11T12:00:00,6829,20,"{'tier_0': 2, 'tier_1': 4, 'tier_2': 6, 'tier_3': 4, 'tier_4': 4}"
2024-10-11T13:00:00,6830,18,"{'tier_0': 2, 'tier_1': 4, 'tier_2': 5, 'tier_3': 4, 'tier_4': 3}"
2024-10-11T14:00:00,6831,20,"{'tier_0': 2, 'tier_1': 5, 'tier_2': 6, 'tier_3': 4, 'tier_4': 3}"
2024-10-11T15:00:00,6832,21,"{'tier_0': 2, 'tier_1': 5, 'tier_2': 6, 'tier_3': 4, 'tier_4': 4}"
2024-10-11T16:00:00,6833,18,"{'tier_0': 2, 'tier_1': 4, 'tier_2': 5, 'tier_3': 4, 'tier_4': 3}"
2024-10-11T17:00:00,6834,20,"{'tier_0': 2, 'tier_1': 4, 'tier_2': 6, 'tier_3': 4, 'tier_4': 4}"
2024-10-11T18:00:00,6835,20,"{'tier_0': 2, 'tier_1': 5, 'tier_2': 6, 'tier_3': 4, 'tier_4': 3}"
2024-10-11T19:00:00,6836,20,"{'tier_0': 2, 'tier_1': 5, 'tier_2': 6, 'tier_3': 4, 'tier_4': 3}"
2024-10-11T20:00:00,6837,20,"{'tier_0': 2, 'tier_1': 4, 'tier_2': 6, 'tier_3': 4, 'tier_4': 4}"
2024-10-11T21:00:00,6838,20,"{'tier_0': 2, 'tier_1': 5, 'tier_2': 6, 'tier_3': 4, 'tier_4': 3}"
2024-10-11T22:00:00,6839,20,"{'tier_0': 2, 'tier_1': 4, 'tier_2': 6, 'tier_3': 4, 'tier_4': 4}"
2024-10-11T23:00:00,6840,20,"{'tier_0': 2, 'tier_1': 5, 'tier_2': 6, 'tier_3': 4, 'tier_4': 3}"
2024-10-12T00:00:00,6841,20,"{'tier_0': 2, 'tier_1': 4, 'tier_2': 6, 'tier_3': 4, 'tier_4': 4}"
2024-10-12T01:00:00,6842,20,"{'tier_0': 2, 'tier_1': 4, 'tier_2': 6, 'tier_3': 4, 'tier_4': 4}"
2024-10-12T02:00:00,6843,20,"{'tier_0': 2, 'tier_1': 4, 'tier_2': 6, 'tier_3': 4, 'tier_4': 4}"
2024-10-12T03:00:00,6844,20,"{'tier_0': 2, 'tier_1': 5, 'tier_2': 6, 'tier_3': 4, 'tier_4': 3}"
2024-10-12T04:00:00,6845,20,"{'tier_0': 2, 'tier_1': 4, 'tier_2': 6, 'tier_3': 4, 'tier_4': 4}"
2024-10-12T05:00:00,6846,20,"{'tier_0': 2, 'tier_1': 5, 'tier_2': 6, 'tier_3': 4, 'tier_4': 3}"
2024-10-12T06:00:00,6847,19,"{'tier_0': 2, 'tier_1': 4, 'tier_2': 5, 'tier_3': 4, 'tier_4': 4}"
2024-10-12T07:00:00,6848,20,"{'tier_0': 2, 'tier_1': 4, 'tier_2': 6, 'tier_3': 4, 'tier_4': 4}"
2024-10-12T08:00:00,6849,20,"{'tier_0': 2, 'tier_1': 4, 'tier_2': 6, 'tier_3': 4, 'tier_4': 4}"
2024-10-12T09:00:00,6850,19,"{'tier_0': 2, 'tier_1': 4, 'tier_2': 5, 'tier_3': 4, 'tier_4': 4}"
2024-10-12T10:00:00,6851,21,"{'tier_0': 2, 'tier_1': 5, 'tier_2': 6, 'tier_3': 4, 'tier_4': 4}"
2024-10-12T11:00:00,6852,20,"{'tier_0': 2, 'tier_1': 4, 'tier_2': 6, 'tier_3': 4, 'tier_4': 4}"
2024-10-12T12:00:00,6853,18,"{'tier_0': 2, 'tier_1': 4, 'tier_2': 5, 'tier_3': 4, 'tier_4': 3}"
2024-10-12T13:00:00,6854,21,"{'tier_0': 2, 'tier_1': 4, 'tier_2': 6, 'tier_3': 5, 'tier_4': 4}"
2024-10-12T14:00:00,6855,19,"{'tier_0': 2, 'tier_1': 4, 'tier_2': 5, 'tier_3': 4, 'tier_4': 4}"
2024-10-12T15:00:00,6856,20,"{'tier_0': 3, 'tier_1': 3, 'tier_2': 6, 'tier_3': 4, 'tier_4': 4}"
2024-10-12T16:00:00,6857,19,"{'tier_0': 3, 'tier_1': 3, 'tier_2': 5, 'tier_3': 4, 'tier_4': 4}"
2024-10-12T17:00:00,6858,18,"{'tier_0': 2, 'tier_1': 4, 'tier_2': 5, 'tier_3': 4, 'tier_4': 3}"
2024-10-12T18:00:00,6859,19,"{'tier_0': 2, 'tier_1': 4, 'tier_2': 6, 'tier_3': 4, 'tier_4': 3}"
2024-10-12T19:00:00,6860,20,"{'tier_0': 2, 'tier_1': 5, 'tier_2': 6, 'tier_3': 4, 'tier_4': 3}"
2024-10-12T20:00:00,6861,18,"{'tier_0': 2, 'tier_1': 4, 'tier_2': 5, 'tier_3': 4, 'tier_4': 3}"
2024-10-12T21:00:00,6862,20,"{'tier_0': 2, 'tier_1': 4, 'tier_2': 6, 'tier_3': 4, 'tier_4': 4}"
2024-10-12T22:00:00,6863,20,"{'tier_0': 2, 'tier_1': 5, 'tier_2': 6, 'tier_3': 4, 'tier_4': 3}"
2024-10-12T23:00:00,6864,19,"{'tier_0': 2, 'tier_1': 4, 'tier_2': 5, 'tier_3': 4, 'tier_4': 4}"
2024-10-13T00:00:00,6865,21,"{'tier_0': 3, 'tier_1': 4, 'tier_2': 6, 'tier_3': 4, 'tier_4': 4}"
2024-10-13T01:00:00,6866,20,"{'tier_0': 2, 'tier_1': 5, 'tier_2': 6, 'tier_3': 4, 'tier_4': 3}"
2024-10-13T02:00:00,6867,21,"{'tier_0': 2, 'tier_1': 5, 'tier_2': 6, 'tier_3': 4, 'tier_4': 4}"
2024-10-13T03:00:00,6868,21,"{'tier_0': 2, 'tier_1': 5, 'tier_2': 6, 'tier_3': 4, 'tier_4': 4}"
2024-10-13T04:00:00,6869,20,"{'tier_0': 2, 'tier_1': 5, 'tier_2': 6, 'tier_3': 4, 'tier_4': 3}"
2024-10-13T05:00:00,6870,21,"{'tier_0': 3, 'tier_1': 4, 'tier_2': 6, 'tier_3': 4, 'tier_4': 4}"
2024-10-13T06:00:00,6871,20,"{'tier_0': 2, 'tier_1': 4, 'tier_2': 6, 'tier_3': 4, 'tier_4': 4}"
2024-10-13T07:00:00,6872,20,"{'tier_0': 2, 'tier_1': 4, 'tier_2': 6, 'tier_3': 4, 'tier_4': 4}"
2024-10-13T08:00:00,6873,20,"{'tier_0': 2, 'tier_1': 4, 'tier_2': 6, 'tier_3': 4, 'tier_4': 4}"
2024-10-13T09:00:00,6874,20,"{'tier_0': 2, 'tier_1': 5, 'tier_2': 6, 'tier_3': 4, 'tier_4': 3}"
2024-10-13T10:00:00,6875,20,"{'tier_0': 3, 'tier_1': 4, 'tier_2': 6, 'tier_3': 4, 'tier_4': 3}"
2024-10-13T11:00:00,6876,20,"{'tier_0': 3, 'tier_1': 4, 'tier_2': 6, 'tier_3': 4, 'tier_4': 3}"
2024-10-13T12:00:00,6877,20,"{'tier_0': 3, 'tier_1': 4, 'tier_2': 6, 'tier_3': 4, 'tier_4': 3}"
2024-10-13T13:00:00,6878,21,"{'tier_0': 2, 'tier_1': 5, 'tier_2': 6, 'tier_3': 4, 'tier_4': 4}"
2024-10-13T14:00:00,6879,20,"{'tier_0': 2, 'tier_1': 5, 'tier_2': 6, 'tier_3': 4, 'tier_4': 3}"
2024-10-13T15:00:00,6880,19,"{'tier_0': 3, 'tier_1': 3, 'tier_2': 5, 'tier_3': 4, 'tier_4': 4}"
2024-10-13T16:00:00,6881,21,"{'tier_0': 2, 'tier_1': 5, 'tier_2': 6, 'tier_3': 4, 'tier_4': 4}"
2024-10-13T17:00:00,6882,20,"{'tier_0': 2, 'tier_1': 4, 'tier_2': 6, 'tier_3': 4, 'tier_4': 4}"
2024-10-13T18:00:00,6883,20,"{'tier_0': 2, 'tier_1': 4, 'tier_2': 5, 'tier_3': 5, 'tier_4': 4}"
2024-10-13T19:00:00,6884,21,"{'tier_0': 2, 'tier_1': 5, 'tier_2': 6, 'tier_3': 4, 'tier_4': 4}"
2024-10-13T20:00:00,6885,20,"{'tier_0': 3, 'tier_1': 4, 'tier_2': 6, 'tier_3': 4, 'tier_4': 3}"
2024-10-13T21:00:00,6886,21,"{'tier_0': 2, 'tier_1': 5, 'tier_2': 6, 'tier_3': 4, 'tier_4': 4}"
2024-10-13T22:00:00,6887,20,"{'tier_0': 2, 'tier_1': 4, 'tier_2': 6, 'tier_3': 4, 'tier_4': 4}"
2024-10-13T23:00:00,6888,21,"{'tier_0': 3, 'tier_1': 4, 'tier_2': 6, 'tier_3': 4, 'tier_4': 4}"
2024-10-14T00:00:00,6889,19,"{'tier_0': 2, 'tier_1': 4, 'tier_2': 6, 'tier_3': 4, 'tier_4': 3}"
2024-10-14T01:00:00,6890,20,"{'tier_0': 3, 'tier_1': 4, 'tier_2': 6, 'tier_3': 4, 'tier_4': 3}"
2024-10-14T02:00:00,6891,20,"{'tier_0': 2, 'tier_1': 4, 'tier_2': 5, 'tier_3': 5, 'tier_4': 4}"
2024-10-14T03:00:00,6892,20,"{'tier_0': 2, 'tier_1': 5, 'tier_2': 6, 'tier_3': 4, 'tier_4': 3}"
2024-10-14T04:00:00,6893,20,"{'tier_0': 2, 'tier_1': 5, 'tier_2': 6, 'tier_3': 4, 'tier_4': 3}"
2024-10-14T05:00:00,6894,20,"{'tier_0': 2, 'tier_1': 4, 'tier_2': 6, 'tier_3': 4, 'tier_4': 4}"
2024-10-14T06:00:00,6895,20,"{'tier_0': 2, 'tier_1': 4, 'tier_2': 6, 'tier_3': 4, 'tier_4': 4}"
2024-10-14T07:00:00,6896,20,"{'tier_0': 2, 'tier_1': 5, 'tier_2': 6, 'tier_3': 4, 'tier_4': 3}"
2024-10-14T08:00:00,6897,18,"{'tier_0': 2, 'tier_1': 4, 'tier_2': 5, 'tier_3': 4, 'tier_4': 3}"
2024-10-14T09:00:00,6898,18,"{'tier_0': 2, 'tier_1': 4, 'tier_2': 5, 'tier_3': 4, 'tier_4': 3}"
2024-10-14T10:00:00,6899,21,"{'tier_0': 2, 'tier_1': 5, 'tier_2': 6, 'tier_3': 4, 'tier_4': 4}"
2024-10-14T11:00:00,6900,21,"{'tier_0': 2, 'tier_1': 4, 'tier_2': 6, 'tier_3': 5, 'tier_4': 4}"
2024-10-14T12:00:00,6901,21,"{'tier_0': 2, 'tier_1': 5, 'tier_2': 6, 'tier_3': 4, 'tier_4': 4}"
2024-10-14T13:00:00,6902,19,"{'tier_0': 2, 'tier_1': 4, 'tier_2': 5, 'tier_3': 4, 'tier_4': 4}"
2024-10-14T14:00:00,6903,20,"{'tier_0': 2, 'tier_1': 5, 'tier_2': 6, 'tier_3': 4, 'tier_4': 3}"
2024-10-14T15:00:00,6904,21,"{'tier_0': 2, 'tier_1': 5, 'tier_2': 6, 'tier_3': 5, 'tier_4': 3}"
2024-10-14T16:00:00,6905,20,"{'tier_0': 2, 'tier_1': 5, 'tier_2': 6, 'tier_3': 4, 'tier_4': 3}"
2024-10-14T17:00:00,6906,20,"{'tier_0': 2, 'tier_1': 4, 'tier_2': 6, 'tier_3': 4, 'tier_4': 4}"
2024-10-14T18:00:00,6907,19,"{'tier_0': 2, 'tier_1': 4, 'tier_2': 6, 'tier_3': 4, 'tier_4': 3}"
2024-10-14T19:00:00,6908,20,"{'tier_0': 2, 'tier_1': 4, 'tier_2': 6, 'tier_3': 4, 'tier_4': 4}"
2024-10-14T20:00:00,6909,21,"{'tier_0': 2, 'tier_1': 5, 'tier_2': 6, 'tier_3': 4, 'tier_4': 4}"
2024-10-14T21:00:00,6910,20,"{'tier_0': 2, 'tier_1': 5, 'tier_2': 6, 'tier_3': 4, 'tier_4': 3}"
2024-10-14T22:00:00,6911,19,"{'tier_0': 2, 'tier_1': 4, 'tier_2': 6, 'tier_3': 4, 'tier_4': 3}"
2024-10-14T23:00:00,6912,20,"{'tier_0': 2, 'tier_1': 4, 'tier_2': 6, 'tier_3': 4, 'tier_4': 4}"
2024-10-15T00:00:00,6913,21,"{'tier_0': 2, 'tier_1': 5, 'tier_2': 6, 'tier_3': 4, 'tier_4': 4}"
2024-10-15T01:00:00,6914,18,"{'tier_0': 2, 'tier_1': 4, 'tier_2': 5, 'tier_3': 4, 'tier_4': 3}"
2024-10-15T02:00:00,6915,20,"{'tier_0': 2, 'tier_1': 4, 'tier_2': 6, 'tier_3': 4, 'tier_4': 4}"
2024-10-15T03:00:00,6916,18,"{'tier_0': 2, 'tier_1': 4, 'tier_2': 5, 'tier_3': 4, 'tier_4': 3}"
2024-10-15T04:00:00,6917,20,"{'tier_0': 2, 'tier_1': 4, 'tier_2': 6, 'tier_3': 4, 'tier_4': 4}"
2024-10-15T05:00:00,6918,20,"{'tier_0': 2, 'tier_1': 4, 'tier_2': 6, 'tier_3': 4, 'tier_4': 4}"
2024-10-15T06:00:00,6919,20,"{'tier_0': 2, 'tier_1': 5, 'tier_2': 6, 'tier_3': 4, 'tier_4': 3}"
2024-10-15T07:00:00,6920,20,"{'tier_0': 2, 'tier_1': 4, 'tier_2': 6, 'tier_3': 4, 'tier_4': 4}"
2024-10-15T08:00:00,6921,20,"{'tier_0': 2, 'tier_1': 4, 'tier_2': 6, 'tier_3': 4, 'tier_4': 4}"
2024-10-15T09:00:00,6922,20,"{'tier_0': 2, 'tier_1': 5, 'tier_2': 6, 'tier_3': 4, 'tier_4': 3}"
2024-10-15T10:00:00,6923,20,"{'tier_0': 2, 'tier_1': 5, 'tier_2': 6, 'tier_3': 4, 'tier_4': 3}"
2024-10-15T11:00:00,6924,20,"{'tier_0': 2, 'tier_1': 5, 'tier_2': 6, 'tier_3': 4, 'tier_4': 3}"
2024-10-15T12:00:00,6925,20,"{'tier_0': 2, 'tier_1': 4, 'tier_2': 6, 'tier_3': 4, 'tier_4': 4}"
2024-10-15T13:00:00,6926,20,"{'tier_0': 2, 'tier_1': 5, 'tier_2': 6, 'tier_3': 4, 'tier_4': 3}"
2024-10-15T14:00:00,6927,20,"{'tier_0': 2, 'tier_1': 5, 'tier_2': 6, 'tier_3': 4, 'tier_4': 3}"
2024-10-15T15:00:00,6928,21,"{'tier_0': 2, 'tier_1': 5, 'tier_2': 6, 'tier_3': 5, 'tier_4': 3}"
2024-10-15T16:00:00,6929,19,"{'tier_0': 2, 'tier_1': 4, 'tier_2': 5, 'tier_3': 4, 'tier_4': 4}"
2024-10-15T17:00:00,6930,20,"{'tier_0': 2, 'tier_1': 4, 'tier_2': 6, 'tier_3': 4, 'tier_4': 4}"
2024-10-15T18:00:00,6931,20,"{'tier_0': 2, 'tier_1': 5, 'tier_2': 6, 'tier_3': 4, 'tier_4': 3}"
2024-10-15T19:00:00,6932,20,"{'tier_0': 2, 'tier_1': 5, 'tier_2': 6, 'tier_3': 4, 'tier_4': 3}"
2024-10-15T20:00:00,6933,20,"{'tier_0': 2, 'tier_1': 4, 'tier_2': 6, 'tier_3': 4, 'tier_4': 4}"
2024-10-15T21:00:00,6934,20,"{'tier_0': 2, 'tier_1': 4, 'tier_2': 6, 'tier_3': 4, 'tier_4': 4}"
2024-10-15T22:00:00,6935,21,"{'tier_0': 2, 'tier_1': 5, 'tier_2': 6, 'tier_3': 4, 'tier_4': 4}"
2024-10-15T23:00:00,6936,20,"{'tier_0': 2, 'tier_1': 4, 'tier_2': 6, 'tier_3': 4, 'tier_4': 4}"
2024-10-16T00:00:00,6937,21,"{'tier_0': 2, 'tier_1': 5, 'tier_2': 6, 'tier_3': 4, 'tier_4': 4}"
2024-10-16T01:00:00,6938,19,"{'tier_0': 2, 'tier_1': 4, 'tier_2': 5, 'tier_3': 5, 'tier_4': 3}"
2024-10-16T02:00:00,6939,21,"{'tier_0': 2, 'tier_1': 5, 'tier_2': 6, 'tier_3': 4, 'tier_4': 4}"
2024-10-16T03:00:00,6940,20,"{'tier_0': 2, 'tier_1': 5, 'tier_2': 6, 'tier_3': 4, 'tier_4': 3}"
2024-10-16T04:00:00,6941,20,"{'tier_0': 2, 'tier_1': 4, 'tier_2': 6, 'tier_3': 4, 'tier_4': 4}"
2024-10-16T05:00:00,6942,20,"{'tier_0': 3, 'tier_1': 4, 'tier_2': 6, 'tier_3': 4, 'tier_4': 3}"
2024-10-16T06:00:00,6943,20,"{'tier_0': 2, 'tier_1': 4, 'tier_2': 6, 'tier_3': 4, 'tier_4': 4}"
2024-10-16T07:00:00,6944,19,"{'tier_0': 1, 'tier_1': 5, 'tier_2': 5, 'tier_3': 4, 'tier_4': 4}"
2024-10-16T08:00:00,6945,20,"{'tier_0': 2, 'tier_1': 4, 'tier_2': 6, 'tier_3': 4, 'tier_4': 4}"
2024-10-16T09:00:00,6946,21,"{'tier_0': 2, 'tier_1': 5, 'tier_2': 6, 'tier_3': 4, 'tier_4': 4}"
2024-10-16T10:00:00,6947,21,"{'tier_0': 2, 'tier_1': 5, 'tier_2': 6, 'tier_3': 4, 'tier_4': 4}"
2024-10-16T11:00:00,6948,19,"{'tier_0': 2, 'tier_1': 4, 'tier_2': 5, 'tier_3': 4, 'tier_4': 4}"
2024-10-16T12:00:00,6949,19,"{'tier_0': 2, 'tier_1': 4, 'tier_2': 5, 'tier_3': 4, 'tier_4': 4}"
2024-10-16T13:00:00,6950,20,"{'tier_0': 3, 'tier_1': 4, 'tier_2': 6, 'tier_3': 4, 'tier_4': 3}"
2024-10-16T14:00:00,6951,20,"{'tier_0': 2, 'tier_1': 4, 'tier_2': 6, 'tier_3': 4, 'tier_4': 4}"
2024-10-16T15:00:00,6952,20,"{'tier_0': 2, 'tier_1': 4, 'tier_2': 6, 'tier_3': 4, 'tier_4': 4}"
2024-10-16T16:00:00,6953,20,"{'tier_0': 2, 'tier_1': 5, 'tier_2': 6, 'tier_3': 4, 'tier_4': 3}"
2024-10-16T17:00:00,6954,21,"{'tier_0': 2, 'tier_1': 5, 'tier_2': 6, 'tier_3': 4, 'tier_4': 4}"
2024-10-16T18:00:00,6955,21,"{'tier_0': 2, 'tier_1': 5, 'tier_2': 6, 'tier_3': 4, 'tier_4': 4}"
2024-10-16T19:00:00,6956,20,"{'tier_0': 2, 'tier_1': 4, 'tier_2': 6, 'tier_3': 4, 'tier_4': 4}"
2024-10-16T20:00:00,6957,20,"{'tier_0': 2, 'tier_1': 4, 'tier_2': 6, 'tier_3': 4, 'tier_4': 4}"
2024-10-16T21:00:00,6958,20,"{'tier_0': 2, 'tier_1': 5, 'tier_2': 6, 'tier_3': 4, 'tier_4': 3}"
2024-10-16T22:00:00,6959,20,"{'tier_0': 2, 'tier_1': 4, 'tier_2': 6, 'tier_3': 4, 'tier_4': 4}"
2024-10-16T23:00:00,6960,20,"{'tier_0': 2, 'tier_1': 5, 'tier_2': 6, 'tier_3': 4, 'tier_4': 3}"
2024-10-17T00:00:00,6961,20,"{'tier_0': 2, 'tier_1': 4, 'tier_2': 6, 'tier_3': 4, 'tier_4': 4}"
2024-10-17T01:00:00,6962,20,"{'tier_0': 3, 'tier_1': 4, 'tier_2': 6, 'tier_3': 4, 'tier_4': 3}"
2024-10-17T02:00:00,6963,20,"{'tier_0': 2, 'tier_1': 5, 'tier_2': 6, 'tier_3': 4, 'tier_4': 3}"
2024-10-17T03:00:00,6964,19,"{'tier_0': 2, 'tier_1': 4, 'tier_2': 5, 'tier_3': 4, 'tier_4': 4}"
2024-10-17T04:00:00,6965,20,"{'tier_0': 2, 'tier_1': 4, 'tier_2': 6, 'tier_3': 4, 'tier_4': 4}"
2024-10-17T05:00:00,6966,20,"{'tier_0': 2, 'tier_1': 4, 'tier_2': 6, 'tier_3': 4, 'tier_4': 4}"
2024-10-17T06:00:00,6967,20,"{'tier_0': 2, 'tier_1': 5, 'tier_2': 6, 'tier_3': 4, 'tier_4': 3}"
2024-10-17T07:00:00,6968,20,"{'tier_0': 2, 'tier_1': 4, 'tier_2': 6, 'tier_3': 4, 'tier_4': 4}"
2024-10-17T08:00:00,6969,20,"{'tier_0': 2, 'tier_1': 5, 'tier_2': 6, 'tier_3': 4, 'tier_4': 3}"
2024-10-17T09:00:00,6970,20,"{'tier_0': 3, 'tier_1': 4, 'tier_2': 6, 'tier_3': 4, 'tier_4': 3}"
2024-10-17T10:00:00,6971,18,"{'tier_0': 2, 'tier_1': 4, 'tier_2': 5, 'tier_3': 4, 'tier_4': 3}"
2024-10-17T11:00:00,6972,21,"{'tier_0': 2, 'tier_1': 5, 'tier_2': 6, 'tier_3': 4, 'tier_4': 4}"
2024-10-17T12:00:00,6973,20,"{'tier_0': 2, 'tier_1': 4, 'tier_2': 6, 'tier_3': 4, 'tier_4': 4}"
2024-10-17T13:00:00,6974,18,"{'tier_0': 2, 'tier_1': 4, 'tier_2': 5, 'tier_3': 4, 'tier_4': 3}"
2024-10-17T14:00:00,6975,20,"{'tier_0': 2, 'tier_1': 4, 'tier_2': 6, 'tier_3': 4, 'tier_4': 4}"
2024-10-17T15:00:00,6976,20,"{'tier_0': 2, 'tier_1': 4, 'tier_2': 6, 'tier_3': 4, 'tier_4': 4}"
2024-10-17T16:00:00,6977,21,"{'tier_0': 2, 'tier_1': 5, 'tier_2': 6, 'tier_3': 4, 'tier_4': 4}"
2024-10-17T17:00:00,6978,20,"{'tier_0': 2, 'tier_1': 5, 'tier_2': 6, 'tier_3': 4, 'tier_4': 3}"
2024-10-17T18:00:00,6979,20,"{'tier_0': 2, 'tier_1': 5, 'tier_2': 6, 'tier_3': 4, 'tier_4': 3}"
2024-10-17T19:00:00,6980,20,"{'tier_0': 2, 'tier_1': 5, 'tier_2': 6, 'tier_3': 4, 'tier_4': 3}"
2024-10-17T20:00:00,6981,21,"{'tier_0': 2, 'tier_1': 5, 'tier_2': 6, 'tier_3': 4, 'tier_4': 4}"
2024-10-17T21:00:00,6982,20,"{'tier_0': 2, 'tier_1': 4, 'tier_2': 6, 'tier_3': 4, 'tier_4': 4}"
2024-10-17T22:00:00,6983,19,"{'tier_0': 2, 'tier_1': 4, 'tier_2': 5, 'tier_3': 4, 'tier_4': 4}"
2024-10-17T23:00:00,6984,20,"{'tier_0': 2, 'tier_1': 5, 'tier_2': 6, 'tier_3': 4, 'tier_4': 3}"
2024-10-18T00:00:00,6985,19,"{'tier_0': 2, 'tier_1': 4, 'tier_2': 5, 'tier_3': 4, 'tier_4': 4}"
2024-10-18T01:00:00,6986,20,"{'tier_0': 2, 'tier_1': 5, 'tier_2': 6, 'tier_3': 4, 'tier_4': 3}"
2024-10-18T02:00:00,6987,21,"{'tier_0': 2, 'tier_1': 4, 'tier_2': 6, 'tier_3': 4, 'tier_4': 5}"
2024-10-18T03:00:00,6988,18,"{'tier_0': 2, 'tier_1': 4, 'tier_2': 5, 'tier_3': 4, 'tier_4': 3}"
2024-10-18T04:00:00,6989,21,"{'tier_0': 2, 'tier_1': 5, 'tier_2': 6, 'tier_3': 4, 'tier_4': 4}"
2024-10-18T05:00:00,6990,18,"{'tier_0': 2, 'tier_1': 4, 'tier_2': 5, 'tier_3': 4, 'tier_4': 3}"
2024-10-18T06:00:00,6991,20,"{'tier_0': 3, 'tier_1': 4, 'tier_2': 6, 'tier_3': 4, 'tier_4': 3}"
2024-10-18T07:00:00,6992,20,"{'tier_0': 2, 'tier_1': 4, 'tier_2': 6, 'tier_3': 4, 'tier_4': 4}"
2024-10-18T08:00:00,6993,19,"{'tier_0': 3, 'tier_1': 3, 'tier_2': 5, 'tier_3': 4, 'tier_4': 4}"
2024-10-18T09:00:00,6994,20,"{'tier_0': 2, 'tier_1': 5, 'tier_2': 6, 'tier_3': 4, 'tier_4': 3}"
2024-10-18T10:00:00,6995,20,"{'tier_0': 3, 'tier_1': 3, 'tier_2': 6, 'tier_3': 4, 'tier_4': 4}"
2024-10-18T11:00:00,6996,19,"{'tier_0': 2, 'tier_1': 4, 'tier_2': 6, 'tier_3': 4, 'tier_4': 3}"
2024-10-18T12:00:00,6997,20,"{'tier_0': 2, 'tier_1': 5, 'tier_2': 6, 'tier_3': 4, 'tier_4': 3}"
2024-10-18T13:00:00,6998,21,"{'tier_0': 2, 'tier_1': 5, 'tier_2': 6, 'tier_3': 4, 'tier_4': 4}"
2024-10-18T14:00:00,6999,19,"{'tier_0': 2, 'tier_1': 4, 'tier_2': 6, 'tier_3': 4, 'tier_4': 3}"
2024-10-18T15:00:00,7000,20,"{'tier_0': 2, 'tier_1': 4, 'tier_2': 6, 'tier_3': 4, 'tier_4': 4}"
2024-10-18T16:00:00,7001,20,"{'tier_0': 2, 'tier_1': 4, 'tier_2': 6, 'tier_3': 4, 'tier_4': 4}"
2024-10-18T17:00:00,7002,20,"{'tier_0': 2, 'tier_1': 4, 'tier_2': 6, 'tier_3': 4, 'tier_4': 4}"
2024-10-18T18:00:00,7003,21,"{'tier_0': 2, 'tier_1': 5, 'tier_2': 6, 'tier_3': 4, 'tier_4': 4}"
2024-10-18T19:00:00,7004,20,"{'tier_0': 2, 'tier_1': 5, 'tier_2': 6, 'tier_3': 4, 'tier_4': 3}"
2024-10-18T20:00:00,7005,20,"{'tier_0': 2, 'tier_1': 4, 'tier_2': 6, 'tier_3': 4, 'tier_4': 4}"
2024-10-18T21:00:00,7006,20,"{'tier_0': 2, 'tier_1': 4, 'tier_2': 6, 'tier_3': 4, 'tier_4': 4}"
2024-10-18T22:00:00,7007,20,"{'tier_0': 2, 'tier_1': 5, 'tier_2': 6, 'tier_3': 4, 'tier_4': 3}"
2024-10-18T23:00:00,7008,21,"{'tier_0': 2, 'tier_1': 5, 'tier_2': 6, 'tier_3': 4, 'tier_4': 4}"
2024-10-19T00:00:00,7009,20,"{'tier_0': 2, 'tier_1': 5, 'tier_2': 6, 'tier_3': 4, 'tier_4': 3}"
2024-10-19T01:00:00,7010,21,"{'tier_0': 3, 'tier_1': 4, 'tier_2': 6, 'tier_3': 4, 'tier_4': 4}"
2024-10-19T02:00:00,7011,21,"{'tier_0': 2, 'tier_1': 5, 'tier_2': 6, 'tier_3': 4, 'tier_4': 4}"
2024-10-19T03:00:00,7012,20,"{'tier_0': 2, 'tier_1': 4, 'tier_2': 6, 'tier_3': 4, 'tier_4': 4}"
2024-10-19T04:00:00,7013,20,"{'tier_0': 2, 'tier_1': 5, 'tier_2': 6, 'tier_3': 4, 'tier_4': 3}"
2024-10-19T05:00:00,7014,19,"{'tier_0': 2, 'tier_1': 4, 'tier_2': 6, 'tier_3': 4, 'tier_4': 3}"
2024-10-19T06:00:00,7015,20,"{'tier_0': 2, 'tier_1': 5, 'tier_2': 6, 'tier_3': 4, 'tier_4': 3}"
2024-10-19T07:00:00,7016,18,"{'tier_0': 2, 'tier_1': 4, 'tier_2': 5, 'tier_3': 4, 'tier_4': 3}"
2024-10-19T08:00:00,7017,20,"{'tier_0': 2, 'tier_1': 5, 'tier_2': 6, 'tier_3': 4, 'tier_4': 3}"
2024-10-19T09:00:00,7018,20,"{'tier_0': 2, 'tier_1': 4, 'tier_2': 6, 'tier_3': 4, 'tier_4': 4}"
2024-10-19T10:00:00,7019,20,"{'tier_0': 3, 'tier_1': 3, 'tier_2': 6, 'tier_3': 4, 'tier_4': 4}"
2024-10-19T11:00:00,7020,21,"{'tier_0': 2, 'tier_1': 5, 'tier_2': 6, 'tier_3': 4, 'tier_4': 4}"
2024-10-19T12:00:00,7021,19,"{'tier_0': 2, 'tier_1': 4, 'tier_2': 6, 'tier_3': 4, 'tier_4': 3}"
2024-10-19T13:00:00,7022,21,"{'tier_0': 2, 'tier_1': 5, 'tier_2': 6, 'tier_3': 4, 'tier_4': 4}"
2024-10-19T14:00:00,7023,20,"{'tier_0': 2, 'tier_1': 4, 'tier_2': 6, 'tier_3': 4, 'tier_4': 4}"
2024-10-19T15:00:00,7024,21,"{'tier_0': 3, 'tier_1': 4, 'tier_2': 6, 'tier_3': 4, 'tier_4': 4}"
2024-10-19T16:00:00,7025,21,"{'tier_0': 3, 'tier_1': 4, 'tier_2': 6, 'tier_3': 4, 'tier_4': 4}"
2024-10-19T17:00:00,7026,20,"{'tier_0': 2, 'tier_1': 5, 'tier_2': 6, 'tier_3': 4, 'tier_4': 3}"
2024-10-19T18:00:00,7027,20,"{'tier_0': 2, 'tier_1': 5, 'tier_2': 6, 'tier_3': 4, 'tier_4': 3}"
2024-10-19T19:00:00,7028,20,"{'tier_0': 2, 'tier_1': 5, 'tier_2': 6, 'tier_3': 4, 'tier_4': 3}"
2024-10-19T20:00:00,7029,20,"{'tier_0': 2, 'tier_1': 5, 'tier_2': 6, 'tier_3': 4, 'tier_4': 3}"
2024-10-19T21:00:00,7030,20,"{'tier_0': 3, 'tier_1': 4, 'tier_2': 6, 'tier_3': 4, 'tier_4': 3}"
2024-10-19T22:00:00,7031,20,"{'tier_0': 2, 'tier_1': 4, 'tier_2': 6, 'tier_3': 4, 'tier_4': 4}"
2024-10-19T23:00:00,7032,20,"{'tier_0': 2, 'tier_1': 5, 'tier_2': 6, 'tier_3': 4, 'tier_4': 3}"
2024-10-20T00:00:00,7033,20,"{'tier_0': 2, 'tier_1': 5, 'tier_2': 6, 'tier_3': 4, 'tier_4': 3}"
2024-10-20T01:00:00,7034,20,"{'tier_0': 2, 'tier_1': 4, 'tier_2': 6, 'tier_3': 4, 'tier_4': 4}"
2024-10-20T02:00:00,7035,20,"{'tier_0': 3, 'tier_1': 3, 'tier_2': 6, 'tier_3': 4, 'tier_4': 4}"
2024-10-20T03:00:00,7036,20,"{'tier_0': 2, 'tier_1': 5, 'tier_2': 6, 'tier_3': 4, 'tier_4': 3}"
2024-10-20T04:00:00,7037,20,"{'tier_0': 2, 'tier_1': 5, 'tier_2': 6, 'tier_3': 4, 'tier_4': 3}"
2024-10-20T05:00:00,7038,20,"{'tier_0': 2, 'tier_1': 5, 'tier_2': 6, 'tier_3': 4, 'tier_4': 3}"
2024-10-20T06:00:00,7039,20,"{'tier_0': 2, 'tier_1': 5, 'tier_2': 6, 'tier_3': 4, 'tier_4': 3}"
2024-10-20T07:00:00,7040,21,"{'tier_0': 2, 'tier_1': 5, 'tier_2': 6, 'tier_3': 4, 'tier_4': 4}"
2024-10-20T08:00:00,7041,20,"{'tier_0': 2, 'tier_1': 5, 'tier_2': 6, 'tier_3': 4, 'tier_4': 3}"
2024-10-20T09:00:00,7042,21,"{'tier_0': 2, 'tier_1': 4, 'tier_2': 6, 'tier_3': 5, 'tier_4': 4}"
2024-10-20T10:00:00,7043,20,"{'tier_0': 3, 'tier_1': 4, 'tier_2': 6, 'tier_3': 4, 'tier_4': 3}"
2024-10-20T11:00:00,7044,20,"{'tier_0': 2, 'tier_1': 5, 'tier_2': 6, 'tier_3': 4, 'tier_4': 3}"
2024-10-20T12:00:00,7045,20,"{'tier_0': 2, 'tier_1': 4, 'tier_2': 6, 'tier_3': 4, 'tier_4': 4}"
2024-10-20T13:00:00,7046,21,"{'tier_0': 2, 'tier_1': 4, 'tier_2': 6, 'tier_3': 5, 'tier_4': 4}"
2024-10-20T14:00:00,7047,21,"{'tier_0': 2, 'tier_1': 5, 'tier_2': 6, 'tier_3': 4, 'tier_4': 4}"
2024-10-20T15:00:00,7048,20,"{'tier_0': 3, 'tier_1': 3, 'tier_2': 6, 'tier_3': 4, 'tier_4': 4}"
2024-10-20T16:00:00,7049,20,"{'tier_0': 2, 'tier_1': 5, 'tier_2': 6, 'tier_3': 4, 'tier_4': 3}"
2024-10-20T17:00:00,7050,20,"{'tier_0': 2, 'tier_1': 5, 'tier_2': 6, 'tier_3': 4, 'tier_4': 3}"
2024-10-20T18:00:00,7051,20,"{'tier_0': 2, 'tier_1': 5, 'tier_2': 6, 'tier_3': 4, 'tier_4': 3}"
2024-10-20T19:00:00,7052,21,"{'tier_0': 3, 'tier_1': 4, 'tier_2': 6, 'tier_3': 4, 'tier_4': 4}"
2024-10-20T20:00:00,7053,20,"{'tier_0': 3, 'tier_1': 4, 'tier_2': 6, 'tier_3': 4, 'tier_4': 3}"
2024-10-20T21:00:00,7054,20,"{'tier_0': 2, 'tier_1': 4, 'tier_2': 5, 'tier_3': 5, 'tier_4': 4}"
2024-10-20T22:00:00,7055,21,"{'tier_0': 2, 'tier_1': 5, 'tier_2': 6, 'tier_3': 4, 'tier_4': 4}"
2024-10-20T23:00:00,7056,19,"{'tier_0': 3, 'tier_1': 3, 'tier_2': 5, 'tier_3': 4, 'tier_4': 4}"
2024-10-21T00:00:00,7057,20,"{'tier_0': 2, 'tier_1': 5, 'tier_2': 6, 'tier_3': 4, 'tier_4': 3}"
2024-10-21T01:00:00,7058,19,"{'tier_0': 2, 'tier_1': 4, 'tier_2': 6, 'tier_3': 4, 'tier_4': 3}"
2024-10-21T02:00:00,7059,20,"{'tier_0': 2, 'tier_1': 5, 'tier_2': 6, 'tier_3': 4, 'tier_4': 3}"
2024-10-21T03:00:00,7060,20,"{'tier_0': 2, 'tier_1': 5, 'tier_2': 6, 'tier_3': 4, 'tier_4': 3}"
2024-10-21T04:00:00,7061,21,"{'tier_0': 3, 'tier_1': 4, 'tier_2': 6, 'tier_3': 4, 'tier_4': 4}"
2024-10-21T05:00:00,7062,20,"{'tier_0': 2, 'tier_1': 4, 'tier_2': 6, 'tier_3': 4, 'tier_4': 4}"
2024-10-21T06:00:00,7063,20,"{'tier_0': 2, 'tier_1': 5, 'tier_2': 6, 'tier_3': 4, 'tier_4': 3}"
2024-10-21T07:00:00,7064,21,"{'tier_0': 4, 'tier_1': 3, 'tier_2': 6, 'tier_3': 4, 'tier_4': 4}"
2024-10-21T08:00:00,7065,19,"{'tier_0': 2, 'tier_1': 4, 'tier_2': 6, 'tier_3': 4, 'tier_4': 3}"
2024-10-21T09:00:00,7066,19,"{'tier_0': 3, 'tier_1': 3, 'tier_2': 5, 'tier_3': 4, 'tier_4': 4}"
2024-10-21T10:00:00,7067,20,"{'tier_0': 2, 'tier_1': 4, 'tier_2': 6, 'tier_3': 4, 'tier_4': 4}"
2024-10-21T11:00:00,7068,20,"{'tier_0': 2, 'tier_1': 4, 'tier_2': 6, 'tier_3': 4, 'tier_4': 4}"
2024-10-21T12:00:00,7069,21,"{'tier_0': 2, 'tier_1': 5, 'tier_2': 6, 'tier_3': 5, 'tier_4': 3}"
2024-10-21T13:00:00,7070,20,"{'tier_0': 2, 'tier_1': 5, 'tier_2': 6, 'tier_3': 4, 'tier_4': 3}"
2024-10-21T14:00:00,7071,20,"{'tier_0': 2, 'tier_1': 5, 'tier_2': 6, 'tier_3': 4, 'tier_4': 3}"
2024-10-21T15:00:00,7072,20,"{'tier_0': 2, 'tier_1': 5, 'tier_2': 6, 'tier_3': 4, 'tier_4': 3}"
2024-10-21T16:00:00,7073,20,"{'tier_0': 3, 'tier_1': 4, 'tier_2': 6, 'tier_3': 4, 'tier_4': 3}"
2024-10-21T17:00:00,7074,21,"{'tier_0': 2, 'tier_1': 5, 'tier_2': 6, 'tier_3': 5, 'tier_4': 3}"
2024-10-21T18:00:00,7075,20,"{'tier_0': 2, 'tier_1': 4, 'tier_2': 6, 'tier_3': 4, 'tier_4': 4}"
2024-10-21T19:00:00,7076,20,"{'tier_0': 2, 'tier_1': 4, 'tier_2': 6, 'tier_3': 4, 'tier_4': 4}"
2024-10-21T20:00:00,7077,20,"{'tier_0': 2, 'tier_1': 5, 'tier_2': 6, 'tier_3': 4, 'tier_4': 3}"
2024-10-21T21:00:00,7078,20,"{'tier_0': 2, 'tier_1': 4, 'tier_2': 6, 'tier_3': 4, 'tier_4': 4}"
2024-10-21T22:00:00,7079,20,"{'tier_0': 2, 'tier_1': 4, 'tier_2': 6, 'tier_3': 4, 'tier_4': 4}"
2024-10-21T23:00:00,7080,20,"{'tier_0': 2, 'tier_1': 4, 'tier_2': 6, 'tier_3': 4, 'tier_4': 4}"
2024-10-22T00:00:00,7081,20,"{'tier_0': 2, 'tier_1': 4, 'tier_2': 6, 'tier_3': 4, 'tier_4': 4}"
2024-10-22T01:00:00,7082,21,"{'tier_0': 3, 'tier_1': 4, 'tier_2': 6, 'tier_3': 4, 'tier_4': 4}"
2024-10-22T02:00:00,7083,20,"{'tier_0': 2, 'tier_1': 5, 'tier_2': 6, 'tier_3': 4, 'tier_4': 3}"
2024-10-22T03:00:00,7084,20,"{'tier_0': 3, 'tier_1': 3, 'tier_2': 6, 'tier_3': 4, 'tier_4': 4}"
2024-10-22T04:00:00,7085,21,"{'tier_0': 2, 'tier_1': 5, 'tier_2': 6, 'tier_3': 4, 'tier_4': 4}"
2024-10-22T05:00:00,7086,18,"{'tier_0': 2, 'tier_1': 4, 'tier_2': 5, 'tier_3': 4, 'tier_4': 3}"
2024-10-22T06:00:00,7087,21,"{'tier_0': 2, 'tier_1': 5, 'tier_2': 6, 'tier_3': 4, 'tier_4': 4}"
2024-10-22T07:00:00,7088,21,"{'tier_0': 2, 'tier_1': 5, 'tier_2': 6, 'tier_3': 4, 'tier_4': 4}"
2024-10-22T08:00:00,7089,20,"{'tier_0': 3, 'tier_1': 4, 'tier_2': 6, 'tier_3': 4, 'tier_4': 3}"
2024-10-22T09:00:00,7090,20,"{'tier_0': 2, 'tier_1': 5, 'tier_2': 6, 'tier_3': 4, 'tier_4': 3}"
2024-10-22T10:00:00,7091,20,"{'tier_0': 2, 'tier_1': 4, 'tier_2': 6, 'tier_3': 4, 'tier_4': 4}"
2024-10-22T11:00:00,7092,21,"{'tier_0': 2, 'tier_1': 5, 'tier_2': 6, 'tier_3': 4, 'tier_4': 4}"
2024-10-22T12:00:00,7093,19,"{'tier_0': 2, 'tier_1': 4, 'tier_2': 5, 'tier_3': 4, 'tier_4': 4}"
2024-10-22T13:00:00,7094,21,"{'tier_0': 3, 'tier_1': 3, 'tier_2': 6, 'tier_3': 4, 'tier_4': 5}"
2024-10-22T14:00:00,7095,19,"{'tier_0': 1, 'tier_1': 5, 'tier_2': 5, 'tier_3': 4, 'tier_4': 4}"
2024-10-22T15:00:00,7096,20,"{'tier_0': 2, 'tier_1': 5, 'tier_2': 6, 'tier_3': 4, 'tier_4': 3}"
2024-10-22T16:00:00,7097,20,"{'tier_0': 2, 'tier_1': 5, 'tier_2': 6, 'tier_3': 4, 'tier_4': 3}"
2024-10-22T17:00:00,7098,20,"{'tier_0': 2, 'tier_1': 5, 'tier_2': 6, 'tier_3': 4, 'tier_4': 3}"
2024-10-22T18:00:00,7099,20,"{'tier_0': 2, 'tier_1': 4, 'tier_2': 6, 'tier_3': 4, 'tier_4': 4}"
2024-10-22T19:00:00,7100,20,"{'tier_0': 2, 'tier_1': 4, 'tier_2': 6, 'tier_3': 4, 'tier_4': 4}"
2024-10-22T20:00:00,7101,20,"{'tier_0': 3, 'tier_1': 4, 'tier_2': 6, 'tier_3': 4, 'tier_4': 3}"
2024-10-22T21:00:00,7102,19,"{'tier_0': 2, 'tier_1': 4, 'tier_2': 6, 'tier_3': 4, 'tier_4': 3}"
2024-10-22T22:00:00,7103,18,"{'tier_0': 2, 'tier_1': 4, 'tier_2': 5, 'tier_3': 4, 'tier_4': 3}"
2024-10-22T23:00:00,7104,19,"{'tier_0': 2, 'tier_1': 4, 'tier_2': 5, 'tier_3': 4, 'tier_4': 4}"
2024-10-23T00:00:00,7105,21,"{'tier_0': 3, 'tier_1': 4, 'tier_2': 6, 'tier_3': 4, 'tier_4': 4}"
2024-10-23T01:00:00,7106,20,"{'tier_0': 2, 'tier_1': 4, 'tier_2': 6, 'tier_3': 4, 'tier_4': 4}"
2024-10-23T02:00:00,7107,19,"{'tier_0': 2, 'tier_1': 4, 'tier_2': 5, 'tier_3': 4, 'tier_4': 4}"
2024-10-23T03:00:00,7108,21,"{'tier_0': 2, 'tier_1': 5, 'tier_2': 6, 'tier_3': 4, 'tier_4': 4}"
2024-10-23T04:00:00,7109,20,"{'tier_0': 2, 'tier_1': 4, 'tier_2': 6, 'tier_3': 4, 'tier_4': 4}"
2024-10-23T05:00:00,7110,20,"{'tier_0': 2, 'tier_1': 4, 'tier_2': 6, 'tier_3': 4, 'tier_4': 4}"
2024-10-23T06:00:00,7111,20,"{'tier_0': 2, 'tier_1': 5, 'tier_2': 6, 'tier_3': 4, 'tier_4': 3}"
2024-10-23T07:00:00,7112,20,"{'tier_0': 2, 'tier_1': 5, 'tier_2': 6, 'tier_3': 4, 'tier_4': 3}"
2024-10-23T08:00:00,7113,20,"{'tier_0': 2, 'tier_1': 5, 'tier_2': 6, 'tier_3': 4, 'tier_4': 3}"
2024-10-23T09:00:00,7114,20,"{'tier_0': 2, 'tier_1': 5, 'tier_2': 6, 'tier_3': 4, 'tier_4': 3}"
2024-10-23T10:00:00,7115,19,"{'tier_0': 3, 'tier_1': 3, 'tier_2': 5, 'tier_3': 4, 'tier_4': 4}"
2024-10-23T11:00:00,7116,18,"{'tier_0': 2, 'tier_1': 4, 'tier_2': 5, 'tier_3': 4, 'tier_4': 3}"
2024-10-23T12:00:00,7117,21,"{'tier_0': 3, 'tier_1': 4, 'tier_2': 6, 'tier_3': 4, 'tier_4': 4}"
2024-10-23T13:00:00,7118,21,"{'tier_0': 2, 'tier_1': 5, 'tier_2': 6, 'tier_3': 5, 'tier_4': 3}"
2024-10-23T14:00:00,7119,21,"{'tier_0': 4, 'tier_1': 3, 'tier_2': 6, 'tier_3': 4, 'tier_4': 4}"
2024-10-23T15:00:00,7120,20,"{'tier_0': 2, 'tier_1': 4, 'tier_2': 6, 'tier_3': 4, 'tier_4': 4}"
2024-10-23T16:00:00,7121,19,"{'tier_0': 2, 'tier_1': 4, 'tier_2': 5, 'tier_3': 4, 'tier_4': 4}"
2024-10-23T17:00:00,7122,18,"{'tier_0': 2, 'tier_1': 4, 'tier_2': 5, 'tier_3': 4, 'tier_4': 3}"
2024-10-23T18:00:00,7123,20,"{'tier_0': 2, 'tier_1': 5, 'tier_2': 6, 'tier_3': 4, 'tier_4': 3}"
2024-10-23T19:00:00,7124,19,"{'tier_0': 2, 'tier_1': 4, 'tier_2': 6, 'tier_3': 4, 'tier_4': 3}"
2024-10-23T20:00:00,7125,21,"{'tier_0': 2, 'tier_1': 4, 'tier_2': 6, 'tier_3': 5, 'tier_4': 4}"
2024-10-23T21:00:00,7126,21,"{'tier_0': 2, 'tier_1': 5, 'tier_2': 6, 'tier_3': 4, 'tier_4': 4}"
2024-10-23T22:00:00,7127,20,"{'tier_0': 2, 'tier_1': 4, 'tier_2': 6, 'tier_3': 4, 'tier_4': 4}"
2024-10-23T23:00:00,7128,19,"{'tier_0': 2, 'tier_1': 4, 'tier_2': 6, 'tier_3': 4, 'tier_4': 3}"
2024-10-24T00:00:00,7129,20,"{'tier_0': 2, 'tier_1': 4, 'tier_2': 6, 'tier_3': 4, 'tier_4': 4}"
2024-10-24T01:00:00,7130,20,"{'tier_0': 2, 'tier_1': 5, 'tier_2': 6, 'tier_3': 4, 'tier_4': 3}"
2024-10-24T02:00:00,7131,19,"{'tier_0': 2, 'tier_1': 4, 'tier_2': 6, 'tier_3': 4, 'tier_4': 3}"
2024-10-24T03:00:00,7132,21,"{'tier_0': 2, 'tier_1': 5, 'tier_2': 6, 'tier_3': 4, 'tier_4': 4}"
2024-10-24T04:00:00,7133,20,"{'tier_0': 2, 'tier_1': 4, 'tier_2': 6, 'tier_3': 4, 'tier_4': 4}"
2024-10-24T05:00:00,7134,20,"{'tier_0': 2, 'tier_1': 5, 'tier_2': 6, 'tier_3': 4, 'tier_4': 3}"
2024-10-24T06:00:00,7135,20,"{'tier_0': 2, 'tier_1': 5, 'tier_2': 6, 'tier_3': 4, 'tier_4': 3}"
2024-10-24T07:00:00,7136,20,"{'tier_0': 2, 'tier_1': 5, 'tier_2': 6, 'tier_3': 4, 'tier_4': 3}"
2024-10-24T08:00:00,7137,18,"{'tier_0': 2, 'tier_1': 4, 'tier_2': 5, 'tier_3': 4, 'tier_4': 3}"
2024-10-24T09:00:00,7138,20,"{'tier_0': 2, 'tier_1': 5, 'tier_2': 6, 'tier_3': 4, 'tier_4': 3}"
2024-10-24T10:00:00,7139,18,"{'tier_0': 2, 'tier_1': 4, 'tier_2': 5, 'tier_3': 4, 'tier_4': 3}"
2024-10-24T11:00:00,7140,20,"{'tier_0': 2, 'tier_1': 5, 'tier_2': 6, 'tier_3': 4, 'tier_4': 3}"
2024-10-24T12:00:00,7141,20,"{'tier_0': 3, 'tier_1': 4, 'tier_2': 6, 'tier_3': 4, 'tier_4': 3}"
2024-10-24T13:00:00,7142,20,"{'tier_0': 2, 'tier_1': 5, 'tier_2': 6, 'tier_3': 4, 'tier_4': 3}"
2024-10-24T14:00:00,7143,20,"{'tier_0': 2, 'tier_1': 4, 'tier_2': 6, 'tier_3': 4, 'tier_4': 4}"
2024-10-24T15:00:00,7144,19,"{'tier_0': 2, 'tier_1': 4, 'tier_2': 5, 'tier_3': 4, 'tier_4': 4}"
2024-10-24T16:00:00,7145,19,"{'tier_0': 2, 'tier_1': 4, 'tier_2': 6, 'tier_3': 4, 'tier_4': 3}"
2024-10-24T17:00:00,7146,20,"{'tier_0': 2, 'tier_1': 5, 'tier_2': 6, 'tier_3': 4, 'tier_4': 3}"
2024-10-24T18:00:00,7147,21,"{'tier_0': 2, 'tier_1': 4, 'tier_2': 6, 'tier_3': 5, 'tier_4': 4}"
2024-10-24T19:00:00,7148,19,"{'tier_0': 2, 'tier_1': 4, 'tier_2': 5, 'tier_3': 4, 'tier_4': 4}"
2024-10-24T20:00:00,7149,21,"{'tier_0': 2, 'tier_1': 5, 'tier_2': 6, 'tier_3': 4, 'tier_4': 4}"
2024-10-24T21:00:00,7150,21,"{'tier_0': 2, 'tier_1': 5, 'tier_2': 6, 'tier_3': 4, 'tier_4': 4}"
2024-10-24T22:00:00,7151,19,"{'tier_0': 2, 'tier_1': 4, 'tier_2': 5, 'tier_3': 4, 'tier_4': 4}"
2024-10-24T23:00:00,7152,20,"{'tier_0': 3, 'tier_1': 3, 'tier_2': 6, 'tier_3': 4, 'tier_4': 4}"
2024-10-25T00:00:00,7153,20,"{'tier_0': 2, 'tier_1': 5, 'tier_2': 6, 'tier_3': 4, 'tier_4': 3}"
2024-10-25T01:00:00,7154,20,"{'tier_0': 2, 'tier_1': 4, 'tier_2': 6, 'tier_3': 4, 'tier_4': 4}"
2024-10-25T02:00:00,7155,20,"{'tier_0': 3, 'tier_1': 4, 'tier_2': 6, 'tier_3': 4, 'tier_4': 3}"
2024-10-25T03:00:00,7156,20,"{'tier_0': 3, 'tier_1': 4, 'tier_2': 6, 'tier_3': 4, 'tier_4': 3}"
2024-10-25T04:00:00,7157,21,"{'tier_0': 3, 'tier_1': 4, 'tier_2': 6, 'tier_3': 4, 'tier_4': 4}"
2024-10-25T05:00:00,7158,20,"{'tier_0': 2, 'tier_1': 4, 'tier_2': 6, 'tier_3': 4, 'tier_4': 4}"
2024-10-25T06:00:00,7159,20,"{'tier_0': 2, 'tier_1': 4, 'tier_2': 5, 'tier_3': 5, 'tier_4': 4}"
2024-10-25T07:00:00,7160,20,"{'tier_0': 3, 'tier_1': 4, 'tier_2': 6, 'tier_3': 4, 'tier_4': 3}"
2024-10-25T08:00:00,7161,20,"{'tier_0': 2, 'tier_1': 4, 'tier_2': 6, 'tier_3': 4, 'tier_4': 4}"
2024-10-25T09:00:00,7162,18,"{'tier_0': 2, 'tier_1': 4, 'tier_2': 5, 'tier_3': 4, 'tier_4': 3}"
2024-10-25T10:00:00,7163,20,"{'tier_0': 2, 'tier_1': 4, 'tier_2': 5, 'tier_3': 5, 'tier_4': 4}"
2024-10-25T11:00:00,7164,21,"{'tier_0': 2, 'tier_1': 5, 'tier_2': 6, 'tier_3': 4, 'tier_4': 4}"
2024-10-25T12:00:00,7165,21,"{'tier_0': 2, 'tier_1': 5, 'tier_2': 6, 'tier_3': 4, 'tier_4': 4}"
2024-10-25T13:00:00,7166,20,"{'tier_0': 2, 'tier_1': 4, 'tier_2': 6, 'tier_3': 4, 'tier_4': 4}"
2024-10-25T14:00:00,7167,20,"{'tier_0': 2, 'tier_1': 5, 'tier_2': 6, 'tier_3': 4, 'tier_4': 3}"
2024-10-25T15:00:00,7168,21,"{'tier_0': 2, 'tier_1': 4, 'tier_2': 6, 'tier_3': 5, 'tier_4': 4}"
2024-10-25T16:00:00,7169,20,"{'tier_0': 2, 'tier_1': 5, 'tier_2': 6, 'tier_3': 4, 'tier_4': 3}"
2024-10-25T17:00:00,7170,20,"{'tier_0': 3, 'tier_1': 3, 'tier_2': 6, 'tier_3': 4, 'tier_4': 4}"
2024-10-25T18:00:00,7171,20,"{'tier_0': 2, 'tier_1': 4, 'tier_2': 6, 'tier_3': 4, 'tier_4': 4}"
2024-10-25T19:00:00,7172,20,"{'tier_0': 2, 'tier_1': 5, 'tier_2': 6, 'tier_3': 4, 'tier_4': 3}"
2024-10-25T20:00:00,7173,20,"{'tier_0': 2, 'tier_1': 5, 'tier_2': 6, 'tier_3': 4, 'tier_4': 3}"
2024-10-25T21:00:00,7174,20,"{'tier_0': 2, 'tier_1': 5, 'tier_2': 6, 'tier_3': 4, 'tier_4': 3}"
2024-10-25T22:00:00,7175,20,"{'tier_0': 2, 'tier_1': 4, 'tier_2': 6, 'tier_3': 4, 'tier_4': 4}"
2024-10-25T23:00:00,7176,20,"{'tier_0': 2, 'tier_1': 4, 'tier_2': 6, 'tier_3': 4, 'tier_4': 4}"
2024-10-26T00:00:00,7177,20,"{'tier_0': 2, 'tier_1': 5, 'tier_2': 6, 'tier_3': 4, 'tier_4': 3}"
2024-10-26T01:00:00,7178,21,"{'tier_0': 2, 'tier_1': 5, 'tier_2': 6, 'tier_3': 4, 'tier_4': 4}"
2024-10-26T02:00:00,7179,20,"{'tier_0': 2, 'tier_1': 4, 'tier_2': 6, 'tier_3': 4, 'tier_4': 4}"
2024-10-26T03:00:00,7180,20,"{'tier_0': 3, 'tier_1': 4, 'tier_2': 6, 'tier_3': 4, 'tier_4': 3}"
2024-10-26T04:00:00,7181,20,"{'tier_0': 2, 'tier_1': 5, 'tier_2': 6, 'tier_3': 4, 'tier_4': 3}"
2024-10-26T05:00:00,7182,20,"{'tier_0': 2, 'tier_1': 5, 'tier_2': 6, 'tier_3': 4, 'tier_4': 3}"
2024-10-26T06:00:00,7183,20,"{'tier_0': 2, 'tier_1': 5, 'tier_2': 6, 'tier_3': 4, 'tier_4': 3}"
2024-10-26T07:00:00,7184,20,"{'tier_0': 3, 'tier_1': 4, 'tier_2': 6, 'tier_3': 4, 'tier_4': 3}"
2024-10-26T08:00:00,7185,21,"{'tier_0': 2, 'tier_1': 5, 'tier_2': 6, 'tier_3': 4, 'tier_4': 4}"
2024-10-26T09:00:00,7186,20,"{'tier_0': 3, 'tier_1': 4, 'tier_2': 6, 'tier_3': 4, 'tier_4': 3}"
2024-10-26T10:00:00,7187,20,"{'tier_0': 2, 'tier_1': 5, 'tier_2': 6, 'tier_3': 4, 'tier_4': 3}"
2024-10-26T11:00:00,7188,20,"{'tier_0': 2, 'tier_1': 4, 'tier_2': 6, 'tier_3': 4, 'tier_4': 4}"
2024-10-26T12:00:00,7189,20,"{'tier_0': 2, 'tier_1': 5, 'tier_2': 6, 'tier_3': 4, 'tier_4': 3}"
2024-10-26T13:00:00,7190,19,"{'tier_0': 2, 'tier_1': 4, 'tier_2': 6, 'tier_3': 4, 'tier_4': 3}"
2024-10-26T14:00:00,7191,20,"{'tier_0': 2, 'tier_1': 4, 'tier_2': 6, 'tier_3': 4, 'tier_4': 4}"
2024-10-26T15:00:00,7192,20,"{'tier_0': 3, 'tier_1': 3, 'tier_2': 6, 'tier_3': 4, 'tier_4': 4}"
2024-10-26T16:00:00,7193,20,"{'tier_0': 2, 'tier_1': 4, 'tier_2': 6, 'tier_3': 4, 'tier_4': 4}"
2024-10-26T17:00:00,7194,20,"{'tier_0': 2, 'tier_1': 4, 'tier_2': 6, 'tier_3': 4, 'tier_4': 4}"
2024-10-26T18:00:00,7195,20,"{'tier_0': 2, 'tier_1': 4, 'tier_2': 6, 'tier_3': 4, 'tier_4': 4}"
2024-10-26T19:00:00,7196,20,"{'tier_0': 2, 'tier_1': 4, 'tier_2': 6, 'tier_3': 4, 'tier_4': 4}"
2024-10-26T20:00:00,7197,20,"{'tier_0': 2, 'tier_1': 5, 'tier_2': 6, 'tier_3': 4, 'tier_4': 3}"
2024-10-26T21:00:00,7198,20,"{'tier_0': 2, 'tier_1': 4, 'tier_2': 6, 'tier_3': 4, 'tier_4': 4}"
2024-10-26T22:00:00,7199,20,"{'tier_0': 2, 'tier_1': 5, 'tier_2': 6, 'tier_3': 4, 'tier_4': 3}"
2024-10-26T23:00:00,7200,21,"{'tier_0': 2, 'tier_1': 5, 'tier_2': 6, 'tier_3': 4, 'tier_4': 4}"
2024-10-27T00:00:00,7201,21,"{'tier_0': 2, 'tier_1': 4, 'tier_2': 6, 'tier_3': 5, 'tier_4': 4}"
2024-10-27T01:00:00,7202,20,"{'tier_0': 2, 'tier_1': 5, 'tier_2': 6, 'tier_3': 4, 'tier_4': 3}"
2024-10-27T02:00:00,7203,20,"{'tier_0': 2, 'tier_1': 4, 'tier_2': 6, 'tier_3': 4, 'tier_4': 4}"
2024-10-27T03:00:00,7204,20,"{'tier_0': 2, 'tier_1': 5, 'tier_2': 6, 'tier_3': 4, 'tier_4': 3}"
2024-10-27T04:00:00,7205,19,"{'tier_0': 1, 'tier_1': 5, 'tier_2': 5, 'tier_3': 4, 'tier_4': 4}"
2024-10-27T05:00:00,7206,21,"{'tier_0': 2, 'tier_1': 5, 'tier_2': 6, 'tier_3': 4, 'tier_4': 4}"
2024-10-27T06:00:00,7207,20,"{'tier_0': 2, 'tier_1': 5, 'tier_2': 6, 'tier_3': 4, 'tier_4': 3}"
2024-10-27T07:00:00,7208,20,"{'tier_0': 2, 'tier_1': 5, 'tier_2': 6, 'tier_3': 4, 'tier_4': 3}"
2024-10-27T08:00:00,7209,21,"{'tier_0': 2, 'tier_1': 5, 'tier_2': 6, 'tier_3': 4, 'tier_4': 4}"
2024-10-27T09:00:00,7210,20,"{'tier_0': 2, 'tier_1': 4, 'tier_2': 6, 'tier_3': 4, 'tier_4': 4}"
2024-10-27T10:00:00,7211,20,"{'tier_0': 2, 'tier_1': 4, 'tier_2': 6, 'tier_3': 4, 'tier_4': 4}"
2024-10-27T11:00:00,7212,20,"{'tier_0': 3, 'tier_1': 3, 'tier_2': 6, 'tier_3': 4, 'tier_4': 4}"
2024-10-27T12:00:00,7213,20,"{'tier_0': 2, 'tier_1': 4, 'tier_2': 6, 'tier_3': 4, 'tier_4': 4}"
2024-10-27T13:00:00,7214,18,"{'tier_0': 2, 'tier_1': 4, 'tier_2': 5, 'tier_3': 4, 'tier_4': 3}"
2024-10-27T14:00:00,7215,20,"{'tier_0': 2, 'tier_1': 5, 'tier_2': 6, 'tier_3': 4, 'tier_4': 3}"
2024-10-27T15:00:00,7216,19,"{'tier_0': 2, 'tier_1': 4, 'tier_2': 5, 'tier_3': 5, 'tier_4': 3}"
2024-10-27T16:00:00,7217,21,"{'tier_0': 2, 'tier_1': 5, 'tier_2': 6, 'tier_3': 4, 'tier_4': 4}"
2024-10-27T17:00:00,7218,20,"{'tier_0': 2, 'tier_1': 5, 'tier_2': 6, 'tier_3': 4, 'tier_4': 3}"
2024-10-27T18:00:00,7219,20,"{'tier_0': 2, 'tier_1': 5, 'tier_2': 6, 'tier_3': 4, 'tier_4': 3}"
2024-10-27T19:00:00,7220,21,"{'tier_0': 3, 'tier_1': 4, 'tier_2': 6, 'tier_3': 4, 'tier_4': 4}"
2024-10-27T20:00:00,7221,20,"{'tier_0': 2, 'tier_1': 5, 'tier_2': 6, 'tier_3': 4, 'tier_4': 3}"
2024-10-27T21:00:00,7222,20,"{'tier_0': 2, 'tier_1': 5, 'tier_2': 6, 'tier_3': 4, 'tier_4': 3}"
2024-10-27T22:00:00,7223,20,"{'tier_0': 2, 'tier_1': 4, 'tier_2': 6, 'tier_3': 4, 'tier_4': 4}"
2024-10-27T23:00:00,7224,20,"{'tier_0': 2, 'tier_1': 4, 'tier_2': 6, 'tier_3': 4, 'tier_4': 4}"
2024-10-28T00:00:00,7225,21,"{'tier_0': 2, 'tier_1': 5, 'tier_2': 6, 'tier_3': 4, 'tier_4': 4}"
2024-10-28T01:00:00,7226,20,"{'tier_0': 3, 'tier_1': 4, 'tier_2': 6, 'tier_3': 4, 'tier_4': 3}"
2024-10-28T02:00:00,7227,20,"{'tier_0': 3, 'tier_1': 3, 'tier_2': 6, 'tier_3': 4, 'tier_4': 4}"
2024-10-28T03:00:00,7228,19,"{'tier_0': 2, 'tier_1': 4, 'tier_2': 6, 'tier_3': 4, 'tier_4': 3}"
2024-10-28T04:00:00,7229,20,"{'tier_0': 3, 'tier_1': 4, 'tier_2': 6, 'tier_3': 4, 'tier_4': 3}"
2024-10-28T05:00:00,7230,21,"{'tier_0': 3, 'tier_1': 3, 'tier_2': 6, 'tier_3': 4, 'tier_4': 5}"
2024-10-28T06:00:00,7231,21,"{'tier_0': 2, 'tier_1': 5, 'tier_2': 6, 'tier_3': 4, 'tier_4': 4}"
2024-10-28T07:00:00,7232,20,"{'tier_0': 2, 'tier_1': 5, 'tier_2': 6, 'tier_3': 4, 'tier_4': 3}"
2024-10-28T08:00:00,7233,21,"{'tier_0': 2, 'tier_1': 5, 'tier_2': 6, 'tier_3': 5, 'tier_4': 3}"
2024-10-28T09:00:00,7234,20,"{'tier_0': 2, 'tier_1': 5, 'tier_2': 6, 'tier_3': 4, 'tier_4': 3}"
2024-10-28T10:00:00,7235,19,"{'tier_0': 2, 'tier_1': 4, 'tier_2': 5, 'tier_3': 4, 'tier_4': 4}"
2024-10-28T11:00:00,7236,20,"{'tier_0': 3, 'tier_1': 3, 'tier_2': 6, 'tier_3': 4, 'tier_4': 4}"
2024-10-28T12:00:00,7237,21,"{'tier_0': 3, 'tier_1': 4, 'tier_2': 6, 'tier_3': 4, 'tier_4': 4}"
2024-10-28T13:00:00,7238,21,"{'tier_0': 2, 'tier_1': 5, 'tier_2': 6, 'tier_3': 4, 'tier_4': 4}"
2024-10-28T14:00:00,7239,20,"{'tier_0': 3, 'tier_1': 4, 'tier_2': 6, 'tier_3': 4, 'tier_4': 3}"
2024-10-28T15:00:00,7240,20,"{'tier_0': 3, 'tier_1': 3, 'tier_2': 6, 'tier_3': 4, 'tier_4': 4}"
2024-10-28T16:00:00,7241,21,"{'tier_0': 2, 'tier_1': 5, 'tier_2': 6, 'tier_3': 4, 'tier_4': 4}"
2024-10-28T17:00:00,7242,20,"{'tier_0': 2, 'tier_1': 4, 'tier_2': 6, 'tier_3': 4, 'tier_4': 4}"
2024-10-28T18:00:00,7243,20,"{'tier_0': 3, 'tier_1': 4, 'tier_2': 6, 'tier_3': 4, 'tier_4': 3}"
2024-10-28T19:00:00,7244,21,"{'tier_0': 2, 'tier_1': 5, 'tier_2': 6, 'tier_3': 4, 'tier_4': 4}"
2024-10-28T20:00:00,7245,20,"{'tier_0': 2, 'tier_1': 5, 'tier_2': 6, 'tier_3': 4, 'tier_4': 3}"
2024-10-28T21:00:00,7246,21,"{'tier_0': 2, 'tier_1': 5, 'tier_2': 6, 'tier_3': 4, 'tier_4': 4}"
2024-10-28T22:00:00,7247,18,"{'tier_0': 2, 'tier_1': 4, 'tier_2': 5, 'tier_3': 4, 'tier_4': 3}"
2024-10-28T23:00:00,7248,20,"{'tier_0': 2, 'tier_1': 4, 'tier_2': 6, 'tier_3': 4, 'tier_4': 4}"
2024-10-29T00:00:00,7249,20,"{'tier_0': 2, 'tier_1': 4, 'tier_2': 6, 'tier_3': 4, 'tier_4': 4}"
2024-10-29T01:00:00,7250,21,"{'tier_0': 2, 'tier_1': 5, 'tier_2': 6, 'tier_3': 4, 'tier_4': 4}"
2024-10-29T02:00:00,7251,19,"{'tier_0': 2, 'tier_1': 4, 'tier_2': 6, 'tier_3': 4, 'tier_4': 3}"
2024-10-29T03:00:00,7252,21,"{'tier_0': 2, 'tier_1': 4, 'tier_2': 6, 'tier_3': 5, 'tier_4': 4}"
2024-10-29T04:00:00,7253,21,"{'tier_0': 3, 'tier_1': 3, 'tier_2': 6, 'tier_3': 4, 'tier_4': 5}"
2024-10-29T05:00:00,7254,19,"{'tier_0': 2, 'tier_1': 4, 'tier_2': 5, 'tier_3': 4, 'tier_4': 4}"
2024-10-29T06:00:00,7255,21,"{'tier_0': 2, 'tier_1': 5, 'tier_2': 6, 'tier_3': 4, 'tier_4': 4}"
2024-10-29T07:00:00,7256,21,"{'tier_0': 2, 'tier_1': 4, 'tier_2': 6, 'tier_3': 4, 'tier_4': 5}"
2024-10-29T08:00:00,7257,21,"{'tier_0': 2, 'tier_1': 5, 'tier_2': 6, 'tier_3': 4, 'tier_4': 4}"
2024-10-29T09:00:00,7258,20,"{'tier_0': 2, 'tier_1': 5, 'tier_2': 6, 'tier_3': 4, 'tier_4': 3}"
2024-10-29T10:00:00,7259,21,"{'tier_0': 2, 'tier_1': 5, 'tier_2': 6, 'tier_3': 4, 'tier_4': 4}"
2024-10-29T11:00:00,7260,19,"{'tier_0': 2, 'tier_1': 4, 'tier_2': 6, 'tier_3': 4, 'tier_4': 3}"
2024-10-29T12:00:00,7261,20,"{'tier_0': 2, 'tier_1': 5, 'tier_2': 6, 'tier_3': 4, 'tier_4': 3}"
2024-10-29T13:00:00,7262,20,"{'tier_0': 2, 'tier_1': 5, 'tier_2': 6, 'tier_3': 4, 'tier_4': 3}"
2024-10-29T14:00:00,7263,20,"{'tier_0': 2, 'tier_1': 5, 'tier_2': 6, 'tier_3': 4, 'tier_4': 3}"
2024-10-29T15:00:00,7264,20,"{'tier_0': 2, 'tier_1': 4, 'tier_2': 6, 'tier_3': 4, 'tier_4': 4}"
2024-10-29T16:00:00,7265,20,"{'tier_0': 2, 'tier_1': 5, 'tier_2': 6, 'tier_3': 4, 'tier_4': 3}"
2024-10-29T17:00:00,7266,20,"{'tier_0': 2, 'tier_1': 4, 'tier_2': 6, 'tier_3': 4, 'tier_4': 4}"
2024-10-29T18:00:00,7267,21,"{'tier_0': 2, 'tier_1': 5, 'tier_2': 6, 'tier_3': 4, 'tier_4': 4}"
2024-10-29T19:00:00,7268,20,"{'tier_0': 2, 'tier_1': 5, 'tier_2': 6, 'tier_3': 4, 'tier_4': 3}"
2024-10-29T20:00:00,7269,20,"{'tier_0': 2, 'tier_1': 4, 'tier_2': 6, 'tier_3': 4, 'tier_4': 4}"
2024-10-29T21:00:00,7270,20,"{'tier_0': 2, 'tier_1': 5, 'tier_2': 6, 'tier_3': 4, 'tier_4': 3}"
2024-10-29T22:00:00,7271,20,"{'tier_0': 3, 'tier_1': 3, 'tier_2': 6, 'tier_3': 4, 'tier_4': 4}"
2024-10-29T23:00:00,7272,20,"{'tier_0': 3, 'tier_1': 4, 'tier_2': 6, 'tier_3': 4, 'tier_4': 3}"
2024-10-30T00:00:00,7273,21,"{'tier_0': 2, 'tier_1': 5, 'tier_2': 6, 'tier_3': 4, 'tier_4': 4}"
2024-10-30T01:00:00,7274,20,"{'tier_0': 3, 'tier_1': 3, 'tier_2': 6, 'tier_3': 4, 'tier_4': 4}"
2024-10-30T02:00:00,7275,20,"{'tier_0': 2, 'tier_1': 5, 'tier_2': 6, 'tier_3': 4, 'tier_4': 3}"
2024-10-30T03:00:00,7276,20,"{'tier_0': 3, 'tier_1': 3, 'tier_2': 6, 'tier_3': 4, 'tier_4': 4}"
2024-10-30T04:00:00,7277,20,"{'tier_0': 2, 'tier_1': 5, 'tier_2': 6, 'tier_3': 4, 'tier_4': 3}"
2024-10-30T05:00:00,7278,19,"{'tier_0': 2, 'tier_1': 4, 'tier_2': 5, 'tier_3': 4, 'tier_4': 4}"
2024-10-30T06:00:00,7279,21,"{'tier_0': 2, 'tier_1': 5, 'tier_2': 6, 'tier_3': 4, 'tier_4': 4}"
2024-10-30T07:00:00,7280,20,"{'tier_0': 2, 'tier_1': 5, 'tier_2': 6, 'tier_3': 4, 'tier_4': 3}"
2024-10-30T08:00:00,7281,20,"{'tier_0': 2, 'tier_1': 4, 'tier_2': 6, 'tier_3': 4, 'tier_4': 4}"
2024-10-30T09:00:00,7282,21,"{'tier_0': 2, 'tier_1': 5, 'tier_2': 6, 'tier_3': 4, 'tier_4': 4}"
2024-10-30T10:00:00,7283,20,"{'tier_0': 2, 'tier_1': 5, 'tier_2': 6, 'tier_3': 4, 'tier_4': 3}"
2024-10-30T11:00:00,7284,21,"{'tier_0': 2, 'tier_1': 5, 'tier_2': 6, 'tier_3': 4, 'tier_4': 4}"
2024-10-30T12:00:00,7285,19,"{'tier_0': 2, 'tier_1': 4, 'tier_2': 5, 'tier_3': 4, 'tier_4': 4}"
2024-10-30T13:00:00,7286,21,"{'tier_0': 2, 'tier_1': 5, 'tier_2': 6, 'tier_3': 4, 'tier_4': 4}"
2024-10-30T14:00:00,7287,20,"{'tier_0': 2, 'tier_1': 4, 'tier_2': 6, 'tier_3': 4, 'tier_4': 4}"
2024-10-30T15:00:00,7288,21,"{'tier_0': 2, 'tier_1': 5, 'tier_2': 6, 'tier_3': 4, 'tier_4': 4}"
2024-10-30T16:00:00,7289,20,"{'tier_0': 2, 'tier_1': 5, 'tier_2': 6, 'tier_3': 4, 'tier_4': 3}"
2024-10-30T17:00:00,7290,20,"{'tier_0': 2, 'tier_1': 5, 'tier_2': 6, 'tier_3': 4, 'tier_4': 3}"
2024-10-30T18:00:00,7291,20,"{'tier_0': 2, 'tier_1': 5, 'tier_2': 6, 'tier_3': 4, 'tier_4': 3}"
2024-10-30T19:00:00,7292,20,"{'tier_0': 3, 'tier_1': 3, 'tier_2': 6, 'tier_3': 4, 'tier_4': 4}"
2024-10-30T20:00:00,7293,21,"{'tier_0': 2, 'tier_1': 5, 'tier_2': 6, 'tier_3': 4, 'tier_4': 4}"
2024-10-30T21:00:00,7294,20,"{'tier_0': 3, 'tier_1': 3, 'tier_2': 6, 'tier_3': 4, 'tier_4': 4}"
2024-10-30T22:00:00,7295,18,"{'tier_0': 3, 'tier_1': 3, 'tier_2': 5, 'tier_3': 4, 'tier_4': 3}"
2024-10-30T23:00:00,7296,20,"{'tier_0': 3, 'tier_1': 4, 'tier_2': 6, 'tier_3': 4, 'tier_4': 3}"
2024-10-31T00:00:00,7297,18,"{'tier_0': 2, 'tier_1': 4, 'tier_2': 5, 'tier_3': 4, 'tier_4': 3}"
2024-10-31T01:00:00,7298,20,"{'tier_0': 2, 'tier_1': 4, 'tier_2': 6, 'tier_3': 4, 'tier_4': 4}"
2024-10-31T02:00:00,7299,19,"{'tier_0': 2, 'tier_1': 4, 'tier_2': 6, 'tier_3': 4, 'tier_4': 3}"
2024-10-31T03:00:00,7300,20,"{'tier_0': 2, 'tier_1': 5, 'tier_2': 6, 'tier_3': 4, 'tier_4': 3}"
2024-10-31T04:00:00,7301,21,"{'tier_0': 2, 'tier_1': 5, 'tier_2': 6, 'tier_3': 4, 'tier_4': 4}"
2024-10-31T05:00:00,7302,20,"{'tier_0': 2, 'tier_1': 4, 'tier_2': 6, 'tier_3': 4, 'tier_4': 4}"
2024-10-31T06:00:00,7303,21,"{'tier_0': 3, 'tier_1': 3, 'tier_2': 6, 'tier_3': 4, 'tier_4': 5}"
2024-10-31T07:00:00,7304,18,"{'tier_0': 2, 'tier_1': 4, 'tier_2': 5, 'tier_3': 4, 'tier_4': 3}"
2024-10-31T08:00:00,7305,19,"{'tier_0': 2, 'tier_1': 4, 'tier_2': 5, 'tier_3': 4, 'tier_4': 4}"
2024-10-31T09:00:00,7306,20,"{'tier_0': 2, 'tier_1': 4, 'tier_2': 6, 'tier_3': 4, 'tier_4': 4}"
2024-10-31T10:00:00,7307,20,"{'tier_0': 2, 'tier_1': 4, 'tier_2': 6, 'tier_3': 4, 'tier_4': 4}"
2024-10-31T11:00:00,7308,21,"{'tier_0': 2, 'tier_1': 4, 'tier_2': 6, 'tier_3': 5, 'tier_4': 4}"
2024-10-31T12:00:00,7309,20,"{'tier_0': 2, 'tier_1': 4, 'tier_2': 6, 'tier_3': 4, 'tier_4': 4}"
2024-10-31T13:00:00,7310,20,"{'tier_0': 2, 'tier_1': 4, 'tier_2': 6, 'tier_3': 4, 'tier_4': 4}"
2024-10-31T14:00:00,7311,20,"{'tier_0': 2, 'tier_1': 4, 'tier_2': 6, 'tier_3': 4, 'tier_4': 4}"
2024-10-31T15:00:00,7312,20,"{'tier_0': 3, 'tier_1': 4, 'tier_2': 6, 'tier_3': 4, 'tier_4': 3}"
2024-10-31T16:00:00,7313,18,"{'tier_0': 2, 'tier_1': 4, 'tier_2': 5, 'tier_3': 4, 'tier_4': 3}"
2024-10-31T17:00:00,7314,20,"{'tier_0': 3, 'tier_1': 4, 'tier_2': 6, 'tier_3': 4, 'tier_4': 3}"
2024-10-31T18:00:00,7315,20,"{'tier_0': 2, 'tier_1': 5, 'tier_2': 6, 'tier_3': 4, 'tier_4': 3}"
2024-10-31T19:00:00,7316,19,"{'tier_0': 2, 'tier_1': 4, 'tier_2': 5, 'tier_3': 4, 'tier_4': 4}"
2024-10-31T20:00:00,7317,19,"{'tier_0': 1, 'tier_1': 5, 'tier_2': 6, 'tier_3': 4, 'tier_4': 3}"
2024-10-31T21:00:00,7318,20,"{'tier_0': 2, 'tier_1': 5, 'tier_2': 6, 'tier_3': 4, 'tier_4': 3}"
2024-10-31T22:00:00,7319,20,"{'tier_0': 2, 'tier_1': 5, 'tier_2': 6, 'tier_3': 4, 'tier_4': 3}"
2024-10-31T23:00:00,7320,20,"{'tier_0': 2, 'tier_1': 5, 'tier_2': 6, 'tier_3': 4, 'tier_4': 3}"
2024-11-01T00:00:00,7321,20,"{'tier_0': 2, 'tier_1': 5, 'tier_2': 6, 'tier_3': 4, 'tier_4': 3}"
2024-11-01T01:00:00,7322,20,"{'tier_0': 2, 'tier_1': 5, 'tier_2': 6, 'tier_3': 4, 'tier_4': 3}"
2024-11-01T02:00:00,7323,20,"{'tier_0': 3, 'tier_1': 4, 'tier_2': 6, 'tier_3': 4, 'tier_4': 3}"
2024-11-01T03:00:00,7324,20,"{'tier_0': 2, 'tier_1': 4, 'tier_2': 6, 'tier_3': 4, 'tier_4': 4}"
2024-11-01T04:00:00,7325,20,"{'tier_0': 2, 'tier_1': 4, 'tier_2': 6, 'tier_3': 4, 'tier_4': 4}"
2024-11-01T05:00:00,7326,21,"{'tier_0': 2, 'tier_1': 5, 'tier_2': 6, 'tier_3': 5, 'tier_4': 3}"
2024-11-01T06:00:00,7327,20,"{'tier_0': 2, 'tier_1': 5, 'tier_2': 6, 'tier_3': 4, 'tier_4': 3}"
2024-11-01T07:00:00,7328,20,"{'tier_0': 2, 'tier_1': 5, 'tier_2': 6, 'tier_3': 4, 'tier_4': 3}"
2024-11-01T08:00:00,7329,20,"{'tier_0': 2, 'tier_1': 5, 'tier_2': 6, 'tier_3': 4, 'tier_4': 3}"
2024-11-01T09:00:00,7330,21,"{'tier_0': 2, 'tier_1': 5, 'tier_2': 6, 'tier_3': 4, 'tier_4': 4}"
2024-11-01T10:00:00,7331,20,"{'tier_0': 2, 'tier_1': 5, 'tier_2': 6, 'tier_3': 4, 'tier_4': 3}"
2024-11-01T11:00:00,7332,21,"{'tier_0': 2, 'tier_1': 5, 'tier_2': 6, 'tier_3': 4, 'tier_4': 4}"
2024-11-01T12:00:00,7333,20,"{'tier_0': 2, 'tier_1': 4, 'tier_2': 6, 'tier_3': 4, 'tier_4': 4}"
2024-11-01T13:00:00,7334,20,"{'tier_0': 2, 'tier_1': 5, 'tier_2': 6, 'tier_3': 4, 'tier_4': 3}"
2024-11-01T14:00:00,7335,19,"{'tier_0': 1, 'tier_1': 5, 'tier_2': 5, 'tier_3': 4, 'tier_4': 4}"
2024-11-01T15:00:00,7336,18,"{'tier_0': 2, 'tier_1': 4, 'tier_2': 5, 'tier_3': 4, 'tier_4': 3}"
2024-11-01T16:00:00,7337,20,"{'tier_0': 2, 'tier_1': 5, 'tier_2': 6, 'tier_3': 4, 'tier_4': 3}"
2024-11-01T17:00:00,7338,20,"{'tier_0': 3, 'tier_1': 3, 'tier_2': 6, 'tier_3': 4, 'tier_4': 4}"
2024-11-01T18:00:00,7339,21,"{'tier_0': 2, 'tier_1': 5, 'tier_2': 6, 'tier_3': 4, 'tier_4': 4}"
2024-11-01T19:00:00,7340,21,"{'tier_0': 2, 'tier_1': 5, 'tier_2': 6, 'tier_3': 4, 'tier_4': 4}"
2024-11-01T20:00:00,7341,20,"{'tier_0': 2, 'tier_1': 4, 'tier_2': 6, 'tier_3': 4, 'tier_4': 4}"
2024-11-01T21:00:00,7342,20,"{'tier_0': 2, 'tier_1': 5, 'tier_2': 6, 'tier_3': 4, 'tier_4': 3}"
2024-11-01T22:00:00,7343,20,"{'tier_0': 2, 'tier_1': 5, 'tier_2': 6, 'tier_3': 4, 'tier_4': 3}"
2024-11-01T23:00:00,7344,21,"{'tier_0': 2, 'tier_1': 5, 'tier_2': 6, 'tier_3': 5, 'tier_4': 3}"
2024-11-02T00:00:00,7345,18,"{'tier_0': 2, 'tier_1': 4, 'tier_2': 5, 'tier_3': 4, 'tier_4': 3}"
2024-11-02T01:00:00,7346,21,"{'tier_0': 2, 'tier_1': 5, 'tier_2': 6, 'tier_3': 4, 'tier_4': 4}"
2024-11-02T02:00:00,7347,21,"{'tier_0': 2, 'tier_1': 5, 'tier_2': 6, 'tier_3': 4, 'tier_4': 4}"
2024-11-02T03:00:00,7348,20,"{'tier_0': 2, 'tier_1': 4, 'tier_2': 6, 'tier_3': 4, 'tier_4': 4}"
2024-11-02T04:00:00,7349,21,"{'tier_0': 2, 'tier_1': 5, 'tier_2': 6, 'tier_3': 4, 'tier_4': 4}"
2024-11-02T05:00:00,7350,18,"{'tier_0': 2, 'tier_1': 4, 'tier_2': 5, 'tier_3': 4, 'tier_4': 3}"
2024-11-02T06:00:00,7351,20,"{'tier_0': 3, 'tier_1': 4, 'tier_2': 6, 'tier_3': 4, 'tier_4': 3}"
2024-11-02T07:00:00,7352,20,"{'tier_0': 2, 'tier_1': 5, 'tier_2': 6, 'tier_3': 4, 'tier_4': 3}"
2024-11-02T08:00:00,7353,20,"{'tier_0': 2, 'tier_1': 4, 'tier_2': 6, 'tier_3': 4, 'tier_4': 4}"
2024-11-02T09:00:00,7354,21,"{'tier_0': 2, 'tier_1': 5, 'tier_2': 6, 'tier_3': 4, 'tier_4': 4}"
2024-11-02T10:00:00,7355,19,"{'tier_0': 2, 'tier_1': 4, 'tier_2': 6, 'tier_3': 4, 'tier_4': 3}"
2024-11-02T11:00:00,7356,20,"{'tier_0': 3, 'tier_1': 4, 'tier_2': 6, 'tier_3': 4, 'tier_4': 3}"
2024-11-02T12:00:00,7357,20,"{'tier_0': 2, 'tier_1': 4, 'tier_2': 6, 'tier_3': 4, 'tier_4': 4}"
2024-11-02T13:00:00,7358,20,"{'tier_0': 2, 'tier_1': 5, 'tier_2': 6, 'tier_3': 4, 'tier_4': 3}"
2024-11-02T14:00:00,7359,21,"{'tier_0': 2, 'tier_1': 5, 'tier_2': 6, 'tier_3': 4, 'tier_4': 4}"
2024-11-02T15:00:00,7360,21,"{'tier_0': 2, 'tier_1': 5, 'tier_2': 6, 'tier_3': 4, 'tier_4': 4}"
2024-11-02T16:00:00,7361,20,"{'tier_0': 2, 'tier_1': 4, 'tier_2': 6, 'tier_3': 4, 'tier_4': 4}"
2024-11-02T17:00:00,7362,20,"{'tier_0': 2, 'tier_1': 5, 'tier_2': 6, 'tier_3': 4, 'tier_4': 3}"
2024-11-02T18:00:00,7363,20,"{'tier_0': 2, 'tier_1': 4, 'tier_2': 6, 'tier_3': 4, 'tier_4': 4}"
2024-11-02T19:00:00,7364,21,"{'tier_0': 3, 'tier_1': 4, 'tier_2': 6, 'tier_3': 4, 'tier_4': 4}"
2024-11-02T20:00:00,7365,20,"{'tier_0': 2, 'tier_1': 4, 'tier_2': 6, 'tier_3': 4, 'tier_4': 4}"
2024-11-02T21:00:00,7366,20,"{'tier_0': 2, 'tier_1': 5, 'tier_2': 6, 'tier_3': 4, 'tier_4': 3}"
2024-11-02T22:00:00,7367,18,"{'tier_0': 2, 'tier_1': 4, 'tier_2': 5, 'tier_3': 4, 'tier_4': 3}"
2024-11-02T23:00:00,7368,20,"{'tier_0': 2, 'tier_1': 4, 'tier_2': 6, 'tier_3': 4, 'tier_4': 4}"
2024-11-03T00:00:00,7369,20,"{'tier_0': 2, 'tier_1': 5, 'tier_2': 6, 'tier_3': 4, 'tier_4': 3}"
2024-11-03T01:00:00,7370,20,"{'tier_0': 2, 'tier_1': 4, 'tier_2': 6, 'tier_3': 4, 'tier_4': 4}"
2024-11-03T02:00:00,7371,20,"{'tier_0': 2, 'tier_1': 5, 'tier_2': 6, 'tier_3': 4, 'tier_4': 3}"
2024-11-03T03:00:00,7372,21,"{'tier_0': 2, 'tier_1': 5, 'tier_2': 6, 'tier_3': 4, 'tier_4': 4}"
2024-11-03T04:00:00,7373,20,"{'tier_0': 3, 'tier_1': 4, 'tier_2': 6, 'tier_3': 4, 'tier_4': 3}"
2024-11-03T05:00:00,7374,20,"{'tier_0': 3, 'tier_1': 3, 'tier_2': 6, 'tier_3': 4, 'tier_4': 4}"
2024-11-03T06:00:00,7375,20,"{'tier_0': 3, 'tier_1': 4, 'tier_2': 6, 'tier_3': 4, 'tier_4': 3}"
2024-11-03T07:00:00,7376,19,"{'tier_0': 2, 'tier_1': 4, 'tier_2': 5, 'tier_3': 4, 'tier_4': 4}"
2024-11-03T08:00:00,7377,20,"{'tier_0': 3, 'tier_1': 3, 'tier_2': 6, 'tier_3': 4, 'tier_4': 4}"
2024-11-03T09:00:00,7378,20,"{'tier_0': 2, 'tier_1': 5, 'tier_2': 6, 'tier_3': 4, 'tier_4': 3}"
2024-11-03T10:00:00,7379,19,"{'tier_0': 2, 'tier_1': 4, 'tier_2': 5, 'tier_3': 4, 'tier_4': 4}"
2024-11-03T11:00:00,7380,21,"{'tier_0': 2, 'tier_1': 5, 'tier_2': 6, 'tier_3': 4, 'tier_4': 4}"
2024-11-03T12:00:00,7381,21,"{'tier_0': 4, 'tier_1': 3, 'tier_2': 6, 'tier_3': 4, 'tier_4': 4}"
2024-11-03T13:00:00,7382,21,"{'tier_0': 2, 'tier_1': 4, 'tier_2': 6, 'tier_3': 5, 'tier_4': 4}"
2024-11-03T14:00:00,7383,21,"{'tier_0': 2, 'tier_1': 5, 'tier_2': 6, 'tier_3': 4, 'tier_4': 4}"
2024-11-03T15:00:00,7384,19,"{'tier_0': 2, 'tier_1': 4, 'tier_2': 5, 'tier_3': 4, 'tier_4': 4}"
2024-11-03T16:00:00,7385,18,"{'tier_0': 2, 'tier_1': 4, 'tier_2': 5, 'tier_3': 4, 'tier_4': 3}"
2024-11-03T17:00:00,7386,18,"{'tier_0': 2, 'tier_1': 4, 'tier_2': 5, 'tier_3': 4, 'tier_4': 3}"
2024-11-03T18:00:00,7387,21,"{'tier_0': 3, 'tier_1': 4, 'tier_2': 6, 'tier_3': 4, 'tier_4': 4}"
2024-11-03T19:00:00,7388,20,"{'tier_0': 2, 'tier_1': 5, 'tier_2': 6, 'tier_3': 4, 'tier_4': 3}"
2024-11-03T20:00:00,7389,21,"{'tier_0': 2, 'tier_1': 5, 'tier_2': 6, 'tier_3': 4, 'tier_4': 4}"
2024-11-03T21:00:00,7390,20,"{'tier_0': 2, 'tier_1': 5, 'tier_2': 6, 'tier_3': 4, 'tier_4': 3}"
2024-11-03T22:00:00,7391,20,"{'tier_0': 2, 'tier_1': 4, 'tier_2': 6, 'tier_3': 4, 'tier_4': 4}"
2024-11-03T23:00:00,7392,20,"{'tier_0': 2, 'tier_1': 4, 'tier_2': 6, 'tier_3': 4, 'tier_4': 4}"
2024-11-04T00:00:00,7393,20,"{'tier_0': 2, 'tier_1': 4, 'tier_2': 6, 'tier_3': 4, 'tier_4': 4}"
2024-11-04T01:00:00,7394,21,"{'tier_0': 2, 'tier_1': 5, 'tier_2': 6, 'tier_3': 4, 'tier_4': 4}"
2024-11-04T02:00:00,7395,19,"{'tier_0': 2, 'tier_1': 4, 'tier_2': 5, 'tier_3': 4, 'tier_4': 4}"
2024-11-04T03:00:00,7396,19,"{'tier_0': 1, 'tier_1': 5, 'tier_2': 5, 'tier_3': 4, 'tier_4': 4}"
2024-11-04T04:00:00,7397,20,"{'tier_0': 2, 'tier_1': 4, 'tier_2': 6, 'tier_3': 4, 'tier_4': 4}"
2024-11-04T05:00:00,7398,21,"{'tier_0': 2, 'tier_1': 5, 'tier_2': 6, 'tier_3': 4, 'tier_4': 4}"
2024-11-04T06:00:00,7399,19,"{'tier_0': 2, 'tier_1': 4, 'tier_2': 5, 'tier_3': 4, 'tier_4': 4}"
2024-11-04T07:00:00,7400,20,"{'tier_0': 2, 'tier_1': 5, 'tier_2': 6, 'tier_3': 4, 'tier_4': 3}"
2024-11-04T08:00:00,7401,20,"{'tier_0': 2, 'tier_1': 4, 'tier_2': 6, 'tier_3': 4, 'tier_4': 4}"
2024-11-04T09:00:00,7402,21,"{'tier_0': 2, 'tier_1': 5, 'tier_2': 6, 'tier_3': 4, 'tier_4': 4}"
2024-11-04T10:00:00,7403,21,"{'tier_0': 2, 'tier_1': 5, 'tier_2': 6, 'tier_3': 4, 'tier_4': 4}"
2024-11-04T11:00:00,7404,20,"{'tier_0': 2, 'tier_1': 4, 'tier_2': 6, 'tier_3': 4, 'tier_4': 4}"
2024-11-04T12:00:00,7405,20,"{'tier_0': 2, 'tier_1': 4, 'tier_2': 6, 'tier_3': 4, 'tier_4': 4}"
2024-11-04T13:00:00,7406,20,"{'tier_0': 2, 'tier_1': 4, 'tier_2': 6, 'tier_3': 4, 'tier_4': 4}"
2024-11-04T14:00:00,7407,20,"{'tier_0': 2, 'tier_1': 4, 'tier_2': 6, 'tier_3': 4, 'tier_4': 4}"
2024-11-04T15:00:00,7408,21,"{'tier_0': 2, 'tier_1': 5, 'tier_2': 6, 'tier_3': 4, 'tier_4': 4}"
2024-11-04T16:00:00,7409,18,"{'tier_0': 2, 'tier_1': 4, 'tier_2': 5, 'tier_3': 4, 'tier_4': 3}"
2024-11-04T17:00:00,7410,20,"{'tier_0': 2, 'tier_1': 4, 'tier_2': 6, 'tier_3': 4, 'tier_4': 4}"
2024-11-04T18:00:00,7411,19,"{'tier_0': 2, 'tier_1': 4, 'tier_2': 5, 'tier_3': 4, 'tier_4': 4}"
2024-11-04T19:00:00,7412,21,"{'tier_0': 3, 'tier_1': 3, 'tier_2': 6, 'tier_3': 4, 'tier_4': 5}"
2024-11-04T20:00:00,7413,20,"{'tier_0': 2, 'tier_1': 5, 'tier_2': 6, 'tier_3': 4, 'tier_4': 3}"
2024-11-04T21:00:00,7414,18,"{'tier_0': 2, 'tier_1': 4, 'tier_2': 5, 'tier_3': 4, 'tier_4': 3}"
2024-11-04T22:00:00,7415,18,"{'tier_0': 3, 'tier_1': 3, 'tier_2': 5, 'tier_3': 4, 'tier_4': 3}"
2024-11-04T23:00:00,7416,21,"{'tier_0': 2, 'tier_1': 4, 'tier_2': 6, 'tier_3': 4, 'tier_4': 5}"
2024-11-05T00:00:00,7417,20,"{'tier_0': 2, 'tier_1': 5, 'tier_2': 6, 'tier_3': 4, 'tier_4': 3}"
2024-11-05T01:00:00,7418,20,"{'tier_0': 2, 'tier_1': 5, 'tier_2': 6, 'tier_3': 4, 'tier_4': 3}"
2024-11-05T02:00:00,7419,20,"{'tier_0': 2, 'tier_1': 4, 'tier_2': 6, 'tier_3': 4, 'tier_4': 4}"
2024-11-05T03:00:00,7420,21,"{'tier_0': 2, 'tier_1': 4, 'tier_2': 6, 'tier_3': 5, 'tier_4': 4}"
2024-11-05T04:00:00,7421,20,"{'tier_0': 3, 'tier_1': 4, 'tier_2': 6, 'tier_3': 4, 'tier_4': 3}"
2024-11-05T05:00:00,7422,21,"{'tier_0': 2, 'tier_1': 5, 'tier_2': 6, 'tier_3': 4, 'tier_4': 4}"
2024-11-05T06:00:00,7423,20,"{'tier_0': 2, 'tier_1': 4, 'tier_2': 6, 'tier_3': 4, 'tier_4': 4}"
2024-11-05T07:00:00,7424,20,"{'tier_0': 2, 'tier_1': 4, 'tier_2': 6, 'tier_3': 4, 'tier_4': 4}"
2024-11-05T08:00:00,7425,20,"{'tier_0': 2, 'tier_1': 5, 'tier_2': 6, 'tier_3': 4, 'tier_4': 3}"
2024-11-05T09:00:00,7426,20,"{'tier_0': 2, 'tier_1': 4, 'tier_2': 6, 'tier_3': 4, 'tier_4': 4}"
2024-11-05T10:00:00,7427,20,"{'tier_0': 2, 'tier_1': 4, 'tier_2': 5, 'tier_3': 5, 'tier_4': 4}"
2024-11-05T11:00:00,7428,20,"{'tier_0': 3, 'tier_1': 4, 'tier_2': 6, 'tier_3': 4, 'tier_4': 3}"
2024-11-05T12:00:00,7429,20,"{'tier_0': 2, 'tier_1': 5, 'tier_2': 6, 'tier_3': 4, 'tier_4': 3}"
2024-11-05T13:00:00,7430,20,"{'tier_0': 3, 'tier_1': 4, 'tier_2': 6, 'tier_3': 4, 'tier_4': 3}"
2024-11-05T14:00:00,7431,20,"{'tier_0': 2, 'tier_1': 5, 'tier_2': 6, 'tier_3': 4, 'tier_4': 3}"
2024-11-05T15:00:00,7432,20,"{'tier_0': 3, 'tier_1': 3, 'tier_2': 6, 'tier_3': 4, 'tier_4': 4}"
2024-11-05T16:00:00,7433,20,"{'tier_0': 2, 'tier_1': 4, 'tier_2': 6, 'tier_3': 4, 'tier_4': 4}"
2024-11-05T17:00:00,7434,20,"{'tier_0': 3, 'tier_1': 4, 'tier_2': 6, 'tier_3': 4, 'tier_4': 3}"
2024-11-05T18:00:00,7435,21,"{'tier_0': 2, 'tier_1': 5, 'tier_2': 6, 'tier_3': 5, 'tier_4': 3}"
2024-11-05T19:00:00,7436,21,"{'tier_0': 3, 'tier_1': 4, 'tier_2': 6, 'tier_3': 4, 'tier_4': 4}"
2024-11-05T20:00:00,7437,21,"{'tier_0': 2, 'tier_1': 4, 'tier_2': 6, 'tier_3': 4, 'tier_4': 5}"
2024-11-05T21:00:00,7438,20,"{'tier_0': 2, 'tier_1': 4, 'tier_2': 6, 'tier_3': 4, 'tier_4': 4}"
2024-11-05T22:00:00,7439,20,"{'tier_0': 2, 'tier_1': 4, 'tier_2': 6, 'tier_3': 4, 'tier_4': 4}"
2024-11-05T23:00:00,7440,20,"{'tier_0': 3, 'tier_1': 4, 'tier_2': 6, 'tier_3': 4, 'tier_4': 3}"
2024-11-06T00:00:00,7441,18,"{'tier_0': 2, 'tier_1': 4, 'tier_2': 5, 'tier_3': 4, 'tier_4': 3}"
2024-11-06T01:00:00,7442,20,"{'tier_0': 2, 'tier_1': 4, 'tier_2': 6, 'tier_3': 4, 'tier_4': 4}"
2024-11-06T02:00:00,7443,20,"{'tier_0': 2, 'tier_1': 5, 'tier_2': 6, 'tier_3': 4, 'tier_4': 3}"
2024-11-06T03:00:00,7444,20,"{'tier_0': 2, 'tier_1': 4, 'tier_2': 6, 'tier_3': 4, 'tier_4': 4}"
2024-11-06T04:00:00,7445,21,"{'tier_0': 4, 'tier_1': 3, 'tier_2': 6, 'tier_3': 4, 'tier_4': 4}"
2024-11-06T05:00:00,7446,18,"{'tier_0': 2, 'tier_1': 4, 'tier_2': 5, 'tier_3': 4, 'tier_4': 3}"
2024-11-06T06:00:00,7447,20,"{'tier_0': 2, 'tier_1': 5, 'tier_2': 6, 'tier_3': 4, 'tier_4': 3}"
2024-11-06T07:00:00,7448,21,"{'tier_0': 2, 'tier_1': 5, 'tier_2': 6, 'tier_3': 4, 'tier_4': 4}"
2024-11-06T08:00:00,7449,21,"{'tier_0': 2, 'tier_1': 5, 'tier_2': 6, 'tier_3': 4, 'tier_4': 4}"
2024-11-06T09:00:00,7450,19,"{'tier_0': 2, 'tier_1': 4, 'tier_2': 5, 'tier_3': 4, 'tier_4': 4}"
2024-11-06T10:00:00,7451,19,"{'tier_0': 2, 'tier_1': 4, 'tier_2': 5, 'tier_3': 4, 'tier_4': 4}"
2024-11-06T11:00:00,7452,20,"{'tier_0': 2, 'tier_1': 5, 'tier_2': 6, 'tier_3': 4, 'tier_4': 3}"
2024-11-06T12:00:00,7453,19,"{'tier_0': 2, 'tier_1': 4, 'tier_2': 6, 'tier_3': 4, 'tier_4': 3}"
2024-11-06T13:00:00,7454,20,"{'tier_0': 2, 'tier_1': 5, 'tier_2': 6, 'tier_3': 4, 'tier_4': 3}"
2024-11-06T14:00:00,7455,20,"{'tier_0': 2, 'tier_1': 4, 'tier_2': 6, 'tier_3': 4, 'tier_4': 4}"
2024-11-06T15:00:00,7456,20,"{'tier_0': 2, 'tier_1': 5, 'tier_2': 6, 'tier_3': 4, 'tier_4': 3}"
2024-11-06T16:00:00,7457,20,"{'tier_0': 2, 'tier_1': 5, 'tier_2': 6, 'tier_3': 4, 'tier_4': 3}"
2024-11-06T17:00:00,7458,20,"{'tier_0': 2, 'tier_1': 4, 'tier_2': 6, 'tier_3': 4, 'tier_4': 4}"
2024-11-06T18:00:00,7459,20,"{'tier_0': 2, 'tier_1': 4, 'tier_2': 6, 'tier_3': 4, 'tier_4': 4}"
2024-11-06T19:00:00,7460,20,"{'tier_0': 2, 'tier_1': 4, 'tier_2': 6, 'tier_3': 4, 'tier_4': 4}"
2024-11-06T20:00:00,7461,20,"{'tier_0': 3, 'tier_1': 3, 'tier_2': 6, 'tier_3': 4, 'tier_4': 4}"
2024-11-06T21:00:00,7462,20,"{'tier_0': 2, 'tier_1': 5, 'tier_2': 6, 'tier_3': 4, 'tier_4': 3}"
2024-11-06T22:00:00,7463,20,"{'tier_0': 3, 'tier_1': 4, 'tier_2': 6, 'tier_3': 4, 'tier_4': 3}"
2024-11-06T23:00:00,7464,21,"{'tier_0': 2, 'tier_1': 4, 'tier_2': 6, 'tier_3': 4, 'tier_4': 5}"
2024-11-07T00:00:00,7465,21,"{'tier_0': 3, 'tier_1': 4, 'tier_2': 6, 'tier_3': 4, 'tier_4': 4}"
2024-11-07T01:00:00,7466,19,"{'tier_0': 2, 'tier_1': 4, 'tier_2': 5, 'tier_3': 4, 'tier_4': 4}"
2024-11-07T02:00:00,7467,21,"{'tier_0': 3, 'tier_1': 4, 'tier_2': 6, 'tier_3': 4, 'tier_4': 4}"
2024-11-07T03:00:00,7468,19,"{'tier_0': 2, 'tier_1': 4, 'tier_2': 6, 'tier_3': 4, 'tier_4': 3}"
2024-11-07T04:00:00,7469,20,"{'tier_0': 2, 'tier_1': 5, 'tier_2': 6, 'tier_3': 4, 'tier_4': 3}"
2024-11-07T05:00:00,7470,21,"{'tier_0': 2, 'tier_1': 5, 'tier_2': 6, 'tier_3': 4, 'tier_4': 4}"
2024-11-07T06:00:00,7471,20,"{'tier_0': 2, 'tier_1': 5, 'tier_2': 6, 'tier_3': 4, 'tier_4': 3}"
2024-11-07T07:00:00,7472,21,"{'tier_0': 2, 'tier_1': 5, 'tier_2': 6, 'tier_3': 4, 'tier_4': 4}"
2024-11-07T08:00:00,7473,20,"{'tier_0': 2, 'tier_1': 5, 'tier_2': 6, 'tier_3': 4, 'tier_4': 3}"
2024-11-07T09:00:00,7474,19,"{'tier_0': 2, 'tier_1': 4, 'tier_2': 6, 'tier_3': 4, 'tier_4': 3}"
2024-11-07T10:00:00,7475,20,"{'tier_0': 2, 'tier_1': 5, 'tier_2': 6, 'tier_3': 4, 'tier_4': 3}"
2024-11-07T11:00:00,7476,18,"{'tier_0': 2, 'tier_1': 4, 'tier_2': 5, 'tier_3': 4, 'tier_4': 3}"
2024-11-07T12:00:00,7477,20,"{'tier_0': 3, 'tier_1': 4, 'tier_2': 6, 'tier_3': 4, 'tier_4': 3}"
2024-11-07T13:00:00,7478,20,"{'tier_0': 3, 'tier_1': 4, 'tier_2': 6, 'tier_3': 4, 'tier_4': 3}"
2024-11-07T14:00:00,7479,20,"{'tier_0': 2, 'tier_1': 5, 'tier_2': 6, 'tier_3': 4, 'tier_4': 3}"
2024-11-07T15:00:00,7480,20,"{'tier_0': 2, 'tier_1': 5, 'tier_2': 6, 'tier_3': 4, 'tier_4': 3}"
2024-11-07T16:00:00,7481,19,"{'tier_0': 2, 'tier_1': 4, 'tier_2': 5, 'tier_3': 4, 'tier_4': 4}"
2024-11-07T17:00:00,7482,19,"{'tier_0': 1, 'tier_1': 5, 'tier_2': 5, 'tier_3': 4, 'tier_4': 4}"
2024-11-07T18:00:00,7483,20,"{'tier_0': 2, 'tier_1': 5, 'tier_2': 6, 'tier_3': 4, 'tier_4': 3}"
2024-11-07T19:00:00,7484,20,"{'tier_0': 2, 'tier_1': 4, 'tier_2': 6, 'tier_3': 4, 'tier_4': 4}"
2024-11-07T20:00:00,7485,19,"{'tier_0': 2, 'tier_1': 4, 'tier_2': 5, 'tier_3': 4, 'tier_4': 4}"
2024-11-07T21:00:00,7486,19,"{'tier_0': 2, 'tier_1': 4, 'tier_2': 5, 'tier_3': 4, 'tier_4': 4}"
2024-11-07T22:00:00,7487,20,"{'tier_0': 2, 'tier_1': 4, 'tier_2': 6, 'tier_3': 4, 'tier_4': 4}"
2024-11-07T23:00:00,7488,21,"{'tier_0': 2, 'tier_1': 5, 'tier_2': 6, 'tier_3': 4, 'tier_4': 4}"
2024-11-08T00:00:00,7489,20,"{'tier_0': 2, 'tier_1': 5, 'tier_2': 6, 'tier_3': 4, 'tier_4': 3}"
2024-11-08T01:00:00,7490,20,"{'tier_0': 2, 'tier_1': 4, 'tier_2': 6, 'tier_3': 4, 'tier_4': 4}"
2024-11-08T02:00:00,7491,20,"{'tier_0': 2, 'tier_1': 4, 'tier_2': 6, 'tier_3': 4, 'tier_4': 4}"
2024-11-08T03:00:00,7492,20,"{'tier_0': 2, 'tier_1': 4, 'tier_2': 6, 'tier_3': 4, 'tier_4': 4}"
2024-11-08T04:00:00,7493,20,"{'tier_0': 3, 'tier_1': 4, 'tier_2': 6, 'tier_3': 4, 'tier_4': 3}"
2024-11-08T05:00:00,7494,20,"{'tier_0': 2, 'tier_1': 4, 'tier_2': 6, 'tier_3': 4, 'tier_4': 4}"
2024-11-08T06:00:00,7495,20,"{'tier_0': 2, 'tier_1': 5, 'tier_2': 6, 'tier_3': 4, 'tier_4': 3}"
2024-11-08T07:00:00,7496,20,"{'tier_0': 2, 'tier_1': 4, 'tier_2': 6, 'tier_3': 4, 'tier_4': 4}"
2024-11-08T08:00:00,7497,21,"{'tier_0': 2, 'tier_1': 4, 'tier_2': 6, 'tier_3': 4, 'tier_4': 5}"
2024-11-08T09:00:00,7498,20,"{'tier_0': 2, 'tier_1': 4, 'tier_2': 6, 'tier_3': 4, 'tier_4': 4}"
2024-11-08T10:00:00,7499,20,"{'tier_0': 3, 'tier_1': 4, 'tier_2': 6, 'tier_3': 4, 'tier_4': 3}"
2024-11-08T11:00:00,7500,20,"{'tier_0': 2, 'tier_1': 5, 'tier_2': 6, 'tier_3': 4, 'tier_4': 3}"
2024-11-08T12:00:00,7501,19,"{'tier_0': 2, 'tier_1': 4, 'tier_2': 5, 'tier_3': 4, 'tier_4': 4}"
2024-11-08T13:00:00,7502,20,"{'tier_0': 2, 'tier_1': 5, 'tier_2': 6, 'tier_3': 4, 'tier_4': 3}"
2024-11-08T14:00:00,7503,18,"{'tier_0': 2, 'tier_1': 4, 'tier_2': 5, 'tier_3': 4, 'tier_4': 3}"
2024-11-08T15:00:00,7504,21,"{'tier_0': 2, 'tier_1': 4, 'tier_2': 6, 'tier_3': 5, 'tier_4': 4}"
2024-11-08T16:00:00,7505,20,"{'tier_0': 2, 'tier_1': 5, 'tier_2': 6, 'tier_3': 4, 'tier_4': 3}"
2024-11-08T17:00:00,7506,20,"{'tier_0': 2, 'tier_1': 4, 'tier_2': 6, 'tier_3': 4, 'tier_4': 4}"
2024-11-08T18:00:00,7507,18,"{'tier_0': 2, 'tier_1': 4, 'tier_2': 5, 'tier_3': 4, 'tier_4': 3}"
2024-11-08T19:00:00,7508,19,"{'tier_0': 2, 'tier_1': 4, 'tier_2': 6, 'tier_3': 4, 'tier_4': 3}"
2024-11-08T20:00:00,7509,20,"{'tier_0': 2, 'tier_1': 4, 'tier_2': 6, 'tier_3': 4, 'tier_4': 4}"
2024-11-08T21:00:00,7510,20,"{'tier_0': 2, 'tier_1': 5, 'tier_2': 6, 'tier_3': 4, 'tier_4': 3}"
2024-11-08T22:00:00,7511,20,"{'tier_0': 2, 'tier_1': 4, 'tier_2': 6, 'tier_3': 4, 'tier_4': 4}"
2024-11-08T23:00:00,7512,20,"{'tier_0': 2, 'tier_1': 4, 'tier_2': 6, 'tier_3': 4, 'tier_4': 4}"
2024-11-09T00:00:00,7513,20,"{'tier_0': 2, 'tier_1': 5, 'tier_2': 6, 'tier_3': 4, 'tier_4': 3}"
2024-11-09T01:00:00,7514,20,"{'tier_0': 2, 'tier_1': 4, 'tier_2': 6, 'tier_3': 4, 'tier_4': 4}"
2024-11-09T02:00:00,7515,20,"{'tier_0': 2, 'tier_1': 5, 'tier_2': 6, 'tier_3': 4, 'tier_4': 3}"
2024-11-09T03:00:00,7516,21,"{'tier_0': 2, 'tier_1': 5, 'tier_2': 6, 'tier_3': 4, 'tier_4': 4}"
2024-11-09T04:00:00,7517,20,"{'tier_0': 2, 'tier_1': 4, 'tier_2': 6, 'tier_3': 4, 'tier_4': 4}"
2024-11-09T05:00:00,7518,21,"{'tier_0': 2, 'tier_1': 5, 'tier_2': 6, 'tier_3': 4, 'tier_4': 4}"
2024-11-09T06:00:00,7519,20,"{'tier_0': 2, 'tier_1': 4, 'tier_2': 6, 'tier_3': 4, 'tier_4': 4}"
2024-11-09T07:00:00,7520,20,"{'tier_0': 3, 'tier_1': 4, 'tier_2': 6, 'tier_3': 4, 'tier_4': 3}"
2024-11-09T08:00:00,7521,20,"{'tier_0': 2, 'tier_1': 5, 'tier_2': 6, 'tier_3': 4, 'tier_4': 3}"
2024-11-09T09:00:00,7522,19,"{'tier_0': 2, 'tier_1': 4, 'tier_2': 6, 'tier_3': 4, 'tier_4': 3}"
2024-11-09T10:00:00,7523,20,"{'tier_0': 2, 'tier_1': 5, 'tier_2': 6, 'tier_3': 4, 'tier_4': 3}"
2024-11-09T11:00:00,7524,18,"{'tier_0': 2, 'tier_1': 4, 'tier_2': 5, 'tier_3': 4, 'tier_4': 3}"
2024-11-09T12:00:00,7525,20,"{'tier_0': 3, 'tier_1': 3, 'tier_2': 6, 'tier_3': 4, 'tier_4': 4}"
2024-11-09T13:00:00,7526,20,"{'tier_0': 2, 'tier_1': 5, 'tier_2': 6, 'tier_3': 4, 'tier_4': 3}"
2024-11-09T14:00:00,7527,21,"{'tier_0': 2, 'tier_1': 5, 'tier_2': 6, 'tier_3': 5, 'tier_4': 3}"
2024-11-09T15:00:00,7528,20,"{'tier_0': 2, 'tier_1': 5, 'tier_2': 6, 'tier_3': 4, 'tier_4': 3}"
2024-11-09T16:00:00,7529,20,"{'tier_0': 2, 'tier_1': 4, 'tier_2': 6, 'tier_3': 4, 'tier_4': 4}"
2024-11-09T17:00:00,7530,20,"{'tier_0': 2, 'tier_1': 5, 'tier_2': 6, 'tier_3': 4, 'tier_4': 3}"
2024-11-09T18:00:00,7531,21,"{'tier_0': 3, 'tier_1': 4, 'tier_2': 6, 'tier_3': 4, 'tier_4': 4}"
2024-11-09T19:00:00,7532,20,"{'tier_0': 2, 'tier_1': 4, 'tier_2': 6, 'tier_3': 4, 'tier_4': 4}"
2024-11-09T20:00:00,7533,18,"{'tier_0': 2, 'tier_1': 4, 'tier_2': 5, 'tier_3': 4, 'tier_4': 3}"
2024-11-09T21:00:00,7534,21,"{'tier_0': 2, 'tier_1': 5, 'tier_2': 6, 'tier_3': 5, 'tier_4': 3}"
2024-11-09T22:00:00,7535,20,"{'tier_0': 2, 'tier_1': 4, 'tier_2': 6, 'tier_3': 4, 'tier_4': 4}"
2024-11-09T23:00:00,7536,20,"{'tier_0': 2, 'tier_1': 5, 'tier_2': 6, 'tier_3': 4, 'tier_4': 3}"
2024-11-10T00:00:00,7537,20,"{'tier_0': 2, 'tier_1': 4, 'tier_2': 6, 'tier_3': 4, 'tier_4': 4}"
2024-11-10T01:00:00,7538,20,"{'tier_0': 2, 'tier_1': 4, 'tier_2': 6, 'tier_3': 4, 'tier_4': 4}"
2024-11-10T02:00:00,7539,19,"{'tier_0': 2, 'tier_1': 4, 'tier_2': 5, 'tier_3': 4, 'tier_4': 4}"
2024-11-10T03:00:00,7540,21,"{'tier_0': 2, 'tier_1': 5, 'tier_2': 6, 'tier_3': 4, 'tier_4': 4}"
2024-11-10T04:00:00,7541,21,"{'tier_0': 3, 'tier_1': 4, 'tier_2': 6, 'tier_3': 4, 'tier_4': 4}"
2024-11-10T05:00:00,7542,21,"{'tier_0': 3, 'tier_1': 4, 'tier_2': 6, 'tier_3': 4, 'tier_4': 4}"
2024-11-10T06:00:00,7543,20,"{'tier_0': 2, 'tier_1': 5, 'tier_2': 6, 'tier_3': 4, 'tier_4': 3}"
2024-11-10T07:00:00,7544,20,"{'tier_0': 2, 'tier_1': 4, 'tier_2': 6, 'tier_3': 4, 'tier_4': 4}"
2024-11-10T08:00:00,7545,20,"{'tier_0': 2, 'tier_1': 4, 'tier_2': 6, 'tier_3': 4, 'tier_4': 4}"
2024-11-10T09:00:00,7546,18,"{'tier_0': 2, 'tier_1': 4, 'tier_2': 5, 'tier_3': 4, 'tier_4': 3}"
2024-11-10T10:00:00,7547,20,"{'tier_0': 2, 'tier_1': 4, 'tier_2': 6, 'tier_3': 4, 'tier_4': 4}"
2024-11-10T11:00:00,7548,19,"{'tier_0': 2, 'tier_1': 4, 'tier_2': 5, 'tier_3': 4, 'tier_4': 4}"
2024-11-10T12:00:00,7549,19,"{'tier_0': 2, 'tier_1': 4, 'tier_2': 6, 'tier_3': 4, 'tier_4': 3}"
2024-11-10T13:00:00,7550,20,"{'tier_0': 2, 'tier_1': 4, 'tier_2': 6, 'tier_3': 4, 'tier_4': 4}"
2024-11-10T14:00:00,7551,19,"{'tier_0': 2, 'tier_1': 4, 'tier_2': 6, 'tier_3': 4, 'tier_4': 3}"
2024-11-10T15:00:00,7552,20,"{'tier_0': 2, 'tier_1': 4, 'tier_2': 6, 'tier_3': 4, 'tier_4': 4}"
2024-11-10T16:00:00,7553,21,"{'tier_0': 3, 'tier_1': 4, 'tier_2': 6, 'tier_3': 4, 'tier_4': 4}"
2024-11-10T17:00:00,7554,21,"{'tier_0': 2, 'tier_1': 5, 'tier_2': 6, 'tier_3': 4, 'tier_4': 4}"
2024-11-10T18:00:00,7555,20,"{'tier_0': 2, 'tier_1': 4, 'tier_2': 6, 'tier_3': 4, 'tier_4': 4}"
2024-11-10T19:00:00,7556,19,"{'tier_0': 2, 'tier_1': 4, 'tier_2': 5, 'tier_3': 4, 'tier_4': 4}"
2024-11-10T20:00:00,7557,21,"{'tier_0': 2, 'tier_1': 5, 'tier_2': 6, 'tier_3': 4, 'tier_4': 4}"
2024-11-10T21:00:00,7558,20,"{'tier_0': 2, 'tier_1': 4, 'tier_2': 6, 'tier_3': 4, 'tier_4': 4}"
2024-11-10T22:00:00,7559,18,"{'tier_0': 2, 'tier_1': 4, 'tier_2': 5, 'tier_3': 4, 'tier_4': 3}"
2024-11-10T23:00:00,7560,20,"{'tier_0': 2, 'tier_1': 4, 'tier_2': 6, 'tier_3': 4, 'tier_4': 4}"
2024-11-11T00:00:00,7561,21,"{'tier_0': 3, 'tier_1': 4, 'tier_2': 6, 'tier_3': 4, 'tier_4': 4}"
2024-11-11T01:00:00,7562,20,"{'tier_0': 2, 'tier_1': 4, 'tier_2': 6, 'tier_3': 4, 'tier_4': 4}"
2024-11-11T02:00:00,7563,20,"{'tier_0': 2, 'tier_1': 4, 'tier_2': 6, 'tier_3': 4, 'tier_4': 4}"
2024-11-11T03:00:00,7564,19,"{'tier_0': 2, 'tier_1': 4, 'tier_2': 5, 'tier_3': 4, 'tier_4': 4}"
2024-11-11T04:00:00,7565,21,"{'tier_0': 2, 'tier_1': 5, 'tier_2': 6, 'tier_3': 4, 'tier_4': 4}"
2024-11-11T05:00:00,7566,19,"{'tier_0': 2, 'tier_1': 4, 'tier_2': 5, 'tier_3': 4, 'tier_4': 4}"
2024-11-11T06:00:00,7567,20,"{'tier_0': 2, 'tier_1': 5, 'tier_2': 6, 'tier_3': 4, 'tier_4': 3}"
2024-11-11T07:00:00,7568,20,"{'tier_0': 2, 'tier_1': 5, 'tier_2': 6, 'tier_3': 4, 'tier_4': 3}"
2024-11-11T08:00:00,7569,20,"{'tier_0': 2, 'tier_1': 5, 'tier_2': 6, 'tier_3': 4, 'tier_4': 3}"
2024-11-11T09:00:00,7570,21,"{'tier_0': 3, 'tier_1': 3, 'tier_2': 6, 'tier_3': 4, 'tier_4': 5}"
2024-11-11T10:00:00,7571,19,"{'tier_0': 2, 'tier_1': 4, 'tier_2': 5, 'tier_3': 4, 'tier_4': 4}"
2024-11-11T11:00:00,7572,20,"{'tier_0': 2, 'tier_1': 5, 'tier_2': 6, 'tier_3': 4, 'tier_4': 3}"
2024-11-11T12:00:00,7573,19,"{'tier_0': 2, 'tier_1': 4, 'tier_2': 5, 'tier_3': 4, 'tier_4': 4}"
2024-11-11T13:00:00,7574,20,"{'tier_0': 2, 'tier_1': 4, 'tier_2': 6, 'tier_3': 4, 'tier_4': 4}"
2024-11-11T14:00:00,7575,20,"{'tier_0': 2, 'tier_1': 4, 'tier_2': 6, 'tier_3': 4, 'tier_4': 4}"
2024-11-11T15:00:00,7576,18,"{'tier_0': 2, 'tier_1': 4, 'tier_2': 5, 'tier_3': 4, 'tier_4': 3}"
2024-11-11T16:00:00,7577,21,"{'tier_0': 2, 'tier_1': 5, 'tier_2': 6, 'tier_3': 4, 'tier_4': 4}"
2024-11-11T17:00:00,7578,20,"{'tier_0': 2, 'tier_1': 5, 'tier_2': 6, 'tier_3': 4, 'tier_4': 3}"
2024-11-11T18:00:00,7579,21,"{'tier_0': 2, 'tier_1': 5, 'tier_2': 6, 'tier_3': 4, 'tier_4': 4}"
2024-11-11T19:00:00,7580,19,"{'tier_0': 2, 'tier_1': 4, 'tier_2': 5, 'tier_3': 4, 'tier_4': 4}"
2024-11-11T20:00:00,7581,21,"{'tier_0': 3, 'tier_1': 4, 'tier_2': 6, 'tier_3': 4, 'tier_4': 4}"
2024-11-11T21:00:00,7582,20,"{'tier_0': 2, 'tier_1': 5, 'tier_2': 6, 'tier_3': 4, 'tier_4': 3}"
2024-11-11T22:00:00,7583,20,"{'tier_0': 2, 'tier_1': 5, 'tier_2': 6, 'tier_3': 4, 'tier_4': 3}"
2024-11-11T23:00:00,7584,20,"{'tier_0': 2, 'tier_1': 4, 'tier_2': 6, 'tier_3': 4, 'tier_4': 4}"
2024-11-12T00:00:00,7585,20,"{'tier_0': 2, 'tier_1': 4, 'tier_2': 6, 'tier_3': 4, 'tier_4': 4}"
2024-11-12T01:00:00,7586,20,"{'tier_0': 2, 'tier_1': 4, 'tier_2': 6, 'tier_3': 4, 'tier_4': 4}"
2024-11-12T02:00:00,7587,20,"{'tier_0': 2, 'tier_1': 4, 'tier_2': 6, 'tier_3': 4, 'tier_4': 4}"
2024-11-12T03:00:00,7588,18,"{'tier_0': 2, 'tier_1': 4, 'tier_2': 5, 'tier_3': 4, 'tier_4': 3}"
2024-11-12T04:00:00,7589,20,"{'tier_0': 3, 'tier_1': 4, 'tier_2': 6, 'tier_3': 4, 'tier_4': 3}"
2024-11-12T05:00:00,7590,20,"{'tier_0': 2, 'tier_1': 4, 'tier_2': 6, 'tier_3': 4, 'tier_4': 4}"
2024-11-12T06:00:00,7591,20,"{'tier_0': 3, 'tier_1': 4, 'tier_2': 6, 'tier_3': 4, 'tier_4': 3}"
2024-11-12T07:00:00,7592,21,"{'tier_0': 3, 'tier_1': 4, 'tier_2': 6, 'tier_3': 4, 'tier_4': 4}"
2024-11-12T08:00:00,7593,20,"{'tier_0': 2, 'tier_1': 5, 'tier_2': 6, 'tier_3': 4, 'tier_4': 3}"
2024-11-12T09:00:00,7594,20,"{'tier_0': 2, 'tier_1': 5, 'tier_2': 6, 'tier_3': 4, 'tier_4': 3}"
2024-11-12T10:00:00,7595,20,"{'tier_0': 2, 'tier_1': 4, 'tier_2': 6, 'tier_3': 4, 'tier_4': 4}"
2024-11-12T11:00:00,7596,20,"{'tier_0': 2, 'tier_1': 4, 'tier_2': 6, 'tier_3': 4, 'tier_4': 4}"
2024-11-12T12:00:00,7597,21,"{'tier_0': 3, 'tier_1': 4, 'tier_2': 6, 'tier_3': 4, 'tier_4': 4}"
2024-11-12T13:00:00,7598,19,"{'tier_0': 2, 'tier_1': 4, 'tier_2': 6, 'tier_3': 4, 'tier_4': 3}"
2024-11-12T14:00:00,7599,20,"{'tier_0': 2, 'tier_1': 4, 'tier_2': 6, 'tier_3': 4, 'tier_4': 4}"
2024-11-12T15:00:00,7600,21,"{'tier_0': 2, 'tier_1': 5, 'tier_2': 6, 'tier_3': 4, 'tier_4': 4}"
2024-11-12T16:00:00,7601,21,"{'tier_0': 2, 'tier_1': 5, 'tier_2': 6, 'tier_3': 5, 'tier_4': 3}"
2024-11-12T17:00:00,7602,20,"{'tier_0': 2, 'tier_1': 5, 'tier_2': 6, 'tier_3': 4, 'tier_4': 3}"
2024-11-12T18:00:00,7603,19,"{'tier_0': 1, 'tier_1': 5, 'tier_2': 5, 'tier_3': 4, 'tier_4': 4}"
2024-11-12T19:00:00,7604,20,"{'tier_0': 2, 'tier_1': 4, 'tier_2': 6, 'tier_3': 4, 'tier_4': 4}"
2024-11-12T20:00:00,7605,21,"{'tier_0': 3, 'tier_1': 4, 'tier_2': 6, 'tier_3': 4, 'tier_4': 4}"
2024-11-12T21:00:00,7606,21,"{'tier_0': 2, 'tier_1': 4, 'tier_2': 6, 'tier_3': 5, 'tier_4': 4}"
2024-11-12T22:00:00,7607,20,"{'tier_0': 2, 'tier_1': 5, 'tier_2': 6, 'tier_3': 4, 'tier_4': 3}"
2024-11-12T23:00:00,7608,20,"{'tier_0': 3, 'tier_1': 4, 'tier_2': 6, 'tier_3': 4, 'tier_4': 3}"
2024-11-13T00:00:00,7609,20,"{'tier_0': 2, 'tier_1': 4, 'tier_2': 6, 'tier_3': 4, 'tier_4': 4}"
2024-11-13T01:00:00,7610,20,"{'tier_0': 2, 'tier_1': 4, 'tier_2': 6, 'tier_3': 4, 'tier_4': 4}"
2024-11-13T02:00:00,7611,18,"{'tier_0': 2, 'tier_1': 4, 'tier_2': 5, 'tier_3': 4, 'tier_4': 3}"
2024-11-13T03:00:00,7612,20,"{'tier_0': 3, 'tier_1': 4, 'tier_2': 6, 'tier_3': 4, 'tier_4': 3}"
2024-11-13T04:00:00,7613,20,"{'tier_0': 2, 'tier_1': 4, 'tier_2': 6, 'tier_3': 4, 'tier_4': 4}"
2024-11-13T05:00:00,7614,21,"{'tier_0': 2, 'tier_1': 5, 'tier_2': 6, 'tier_3': 4, 'tier_4': 4}"
2024-11-13T06:00:00,7615,20,"{'tier_0': 2, 'tier_1': 5, 'tier_2': 6, 'tier_3': 4, 'tier_4': 3}"
2024-11-13T07:00:00,7616,20,"{'tier_0': 2, 'tier_1': 5, 'tier_2': 6, 'tier_3': 4, 'tier_4': 3}"
2024-11-13T08:00:00,7617,21,"{'tier_0': 3, 'tier_1': 4, 'tier_2': 6, 'tier_3': 4, 'tier_4': 4}"
2024-11-13T09:00:00,7618,21,"{'tier_0': 2, 'tier_1': 5, 'tier_2': 6, 'tier_3': 4, 'tier_4': 4}"
2024-11-13T10:00:00,7619,19,"{'tier_0': 2, 'tier_1': 4, 'tier_2': 5, 'tier_3': 4, 'tier_4': 4}"
2024-11-13T11:00:00,7620,19,"{'tier_0': 2, 'tier_1': 4, 'tier_2': 6, 'tier_3': 4, 'tier_4': 3}"
2024-11-13T12:00:00,7621,21,"{'tier_0': 3, 'tier_1': 4, 'tier_2': 6, 'tier_3': 4, 'tier_4': 4}"
2024-11-13T13:00:00,7622,20,"{'tier_0': 2, 'tier_1': 5, 'tier_2': 6, 'tier_3': 4, 'tier_4': 3}"
2024-11-13T14:00:00,7623,20,"{'tier_0': 2, 'tier_1': 5, 'tier_2': 6, 'tier_3': 4, 'tier_4': 3}"
2024-11-13T15:00:00,7624,18,"{'tier_0': 2, 'tier_1': 4, 'tier_2': 5, 'tier_3': 4, 'tier_4': 3}"
2024-11-13T16:00:00,7625,18,"{'tier_0': 2, 'tier_1': 4, 'tier_2': 5, 'tier_3': 4, 'tier_4': 3}"
2024-11-13T17:00:00,7626,20,"{'tier_0': 2, 'tier_1': 4, 'tier_2': 6, 'tier_3': 4, 'tier_4': 4}"
2024-11-13T18:00:00,7627,20,"{'tier_0': 2, 'tier_1': 5, 'tier_2': 6, 'tier_3': 4, 'tier_4': 3}"
2024-11-13T19:00:00,7628,18,"{'tier_0': 2, 'tier_1': 4, 'tier_2': 5, 'tier_3': 4, 'tier_4': 3}"
2024-11-13T20:00:00,7629,20,"{'tier_0': 2, 'tier_1': 5, 'tier_2': 6, 'tier_3': 4, 'tier_4': 3}"
2024-11-13T21:00:00,7630,21,"{'tier_0': 2, 'tier_1': 5, 'tier_2': 6, 'tier_3': 4, 'tier_4': 4}"
2024-11-13T22:00:00,7631,20,"{'tier_0': 2, 'tier_1': 4, 'tier_2': 6, 'tier_3': 4, 'tier_4': 4}"
2024-11-13T23:00:00,7632,20,"{'tier_0': 2, 'tier_1': 4, 'tier_2': 6, 'tier_3': 4, 'tier_4': 4}"
2024-11-14T00:00:00,7633,20,"{'tier_0': 2, 'tier_1': 4, 'tier_2': 6, 'tier_3': 4, 'tier_4': 4}"
2024-11-14T01:00:00,7634,19,"{'tier_0': 2, 'tier_1': 4, 'tier_2': 5, 'tier_3': 4, 'tier_4': 4}"
2024-11-14T02:00:00,7635,20,"{'tier_0': 2, 'tier_1': 4, 'tier_2': 6, 'tier_3': 4, 'tier_4': 4}"
2024-11-14T03:00:00,7636,20,"{'tier_0': 2, 'tier_1': 5, 'tier_2': 6, 'tier_3': 4, 'tier_4': 3}"
2024-11-14T04:00:00,7637,20,"{'tier_0': 2, 'tier_1': 5, 'tier_2': 6, 'tier_3': 4, 'tier_4': 3}"
2024-11-14T05:00:00,7638,20,"{'tier_0': 3, 'tier_1': 4, 'tier_2': 6, 'tier_3': 4, 'tier_4': 3}"
2024-11-14T06:00:00,7639,18,"{'tier_0': 2, 'tier_1': 4, 'tier_2': 5, 'tier_3': 4, 'tier_4': 3}"
2024-11-14T07:00:00,7640,19,"{'tier_0': 2, 'tier_1': 4, 'tier_2': 6, 'tier_3': 4, 'tier_4': 3}"
2024-11-14T08:00:00,7641,20,"{'tier_0': 2, 'tier_1': 4, 'tier_2': 6, 'tier_3': 4, 'tier_4': 4}"
2024-11-14T09:00:00,7642,20,"{'tier_0': 2, 'tier_1': 4, 'tier_2': 6, 'tier_3': 4, 'tier_4': 4}"
2024-11-14T10:00:00,7643,21,"{'tier_0': 2, 'tier_1': 5, 'tier_2': 6, 'tier_3': 4, 'tier_4': 4}"
2024-11-14T11:00:00,7644,20,"{'tier_0': 2, 'tier_1': 5, 'tier_2': 6, 'tier_3': 4, 'tier_4': 3}"
2024-11-14T12:00:00,7645,20,"{'tier_0': 3, 'tier_1': 3, 'tier_2': 6, 'tier_3': 4, 'tier_4': 4}"
2024-11-14T13:00:00,7646,21,"{'tier_0': 2, 'tier_1': 5, 'tier_2': 6, 'tier_3': 4, 'tier_4': 4}"
2024-11-14T14:00:00,7647,20,"{'tier_0': 2, 'tier_1': 4, 'tier_2': 6, 'tier_3': 4, 'tier_4': 4}"
2024-11-14T15:00:00,7648,21,"{'tier_0': 3, 'tier_1': 4, 'tier_2': 6, 'tier_3': 4, 'tier_4': 4}"
2024-11-14T16:00:00,7649,20,"{'tier_0': 2, 'tier_1': 5, 'tier_2': 6, 'tier_3': 4, 'tier_4': 3}"
2024-11-14T17:00:00,7650,20,"{'tier_0': 2, 'tier_1': 4, 'tier_2': 6, 'tier_3': 4, 'tier_4': 4}"
2024-11-14T18:00:00,7651,20,"{'tier_0': 2, 'tier_1': 4, 'tier_2': 6, 'tier_3': 4, 'tier_4': 4}"
2024-11-14T19:00:00,7652,20,"{'tier_0': 2, 'tier_1': 5, 'tier_2': 6, 'tier_3': 4, 'tier_4': 3}"
2024-11-14T20:00:00,7653,20,"{'tier_0': 3, 'tier_1': 4, 'tier_2': 6, 'tier_3': 4, 'tier_4': 3}"
2024-11-14T21:00:00,7654,19,"{'tier_0': 2, 'tier_1': 4, 'tier_2': 6, 'tier_3': 4, 'tier_4': 3}"
2024-11-14T22:00:00,7655,21,"{'tier_0': 2, 'tier_1': 5, 'tier_2': 6, 'tier_3': 4, 'tier_4': 4}"
2024-11-14T23:00:00,7656,20,"{'tier_0': 2, 'tier_1': 5, 'tier_2': 6, 'tier_3': 4, 'tier_4': 3}"
2024-11-15T00:00:00,7657,20,"{'tier_0': 2, 'tier_1': 4, 'tier_2': 6, 'tier_3': 4, 'tier_4': 4}"
2024-11-15T01:00:00,7658,18,"{'tier_0': 2, 'tier_1': 4, 'tier_2': 5, 'tier_3': 4, 'tier_4': 3}"
2024-11-15T02:00:00,7659,21,"{'tier_0': 3, 'tier_1': 4, 'tier_2': 6, 'tier_3': 4, 'tier_4': 4}"
2024-11-15T03:00:00,7660,20,"{'tier_0': 2, 'tier_1': 4, 'tier_2': 6, 'tier_3': 4, 'tier_4': 4}"
2024-11-15T04:00:00,7661,20,"{'tier_0': 2, 'tier_1': 5, 'tier_2': 6, 'tier_3': 4, 'tier_4': 3}"
2024-11-15T05:00:00,7662,20,"{'tier_0': 3, 'tier_1': 4, 'tier_2': 6, 'tier_3': 4, 'tier_4': 3}"
2024-11-15T06:00:00,7663,20,"{'tier_0': 3, 'tier_1': 4, 'tier_2': 6, 'tier_3': 4, 'tier_4': 3}"
2024-11-15T07:00:00,7664,20,"{'tier_0': 2, 'tier_1': 4, 'tier_2': 6, 'tier_3': 4, 'tier_4': 4}"
2024-11-15T08:00:00,7665,20,"{'tier_0': 2, 'tier_1': 4, 'tier_2': 6, 'tier_3': 4, 'tier_4': 4}"
2024-11-15T09:00:00,7666,20,"{'tier_0': 2, 'tier_1': 4, 'tier_2': 6, 'tier_3': 4, 'tier_4': 4}"
2024-11-15T10:00:00,7667,20,"{'tier_0': 2, 'tier_1': 4, 'tier_2': 6, 'tier_3': 4, 'tier_4': 4}"
2024-11-15T11:00:00,7668,20,"{'tier_0': 2, 'tier_1': 5, 'tier_2': 6, 'tier_3': 4, 'tier_4': 3}"
2024-11-15T12:00:00,7669,20,"{'tier_0': 2, 'tier_1': 5, 'tier_2': 6, 'tier_3': 4, 'tier_4': 3}"
2024-11-15T13:00:00,7670,20,"{'tier_0': 3, 'tier_1': 3, 'tier_2': 6, 'tier_3': 4, 'tier_4': 4}"
2024-11-15T14:00:00,7671,20,"{'tier_0': 2, 'tier_1': 5, 'tier_2': 6, 'tier_3': 4, 'tier_4': 3}"
2024-11-15T15:00:00,7672,21,"{'tier_0': 2, 'tier_1': 5, 'tier_2': 6, 'tier_3': 4, 'tier_4': 4}"
2024-11-15T16:00:00,7673,21,"{'tier_0': 2, 'tier_1': 5, 'tier_2': 6, 'tier_3': 4, 'tier_4': 4}"
2024-11-15T17:00:00,7674,20,"{'tier_0': 2, 'tier_1': 4, 'tier_2': 6, 'tier_3': 4, 'tier_4': 4}"
2024-11-15T18:00:00,7675,21,"{'tier_0': 3, 'tier_1': 4, 'tier_2': 6, 'tier_3': 4, 'tier_4': 4}"
2024-11-15T19:00:00,7676,18,"{'tier_0': 2, 'tier_1': 4, 'tier_2': 5, 'tier_3': 4, 'tier_4': 3}"
2024-11-15T20:00:00,7677,20,"{'tier_0': 2, 'tier_1': 4, 'tier_2': 6, 'tier_3': 4, 'tier_4': 4}"
2024-11-15T21:00:00,7678,20,"{'tier_0': 2, 'tier_1': 5, 'tier_2': 6, 'tier_3': 4, 'tier_4': 3}"
2024-11-15T22:00:00,7679,20,"{'tier_0': 2, 'tier_1': 5, 'tier_2': 6, 'tier_3': 4, 'tier_4': 3}"
2024-11-15T23:00:00,7680,20,"{'tier_0': 2, 'tier_1': 5, 'tier_2': 6, 'tier_3': 4, 'tier_4': 3}"
2024-11-16T00:00:00,7681,18,"{'tier_0': 2, 'tier_1': 4, 'tier_2': 5, 'tier_3': 4, 'tier_4': 3}"
2024-11-16T01:00:00,7682,19,"{'tier_0': 2, 'tier_1': 4, 'tier_2': 5, 'tier_3': 4, 'tier_4': 4}"
2024-11-16T02:00:00,7683,20,"{'tier_0': 2, 'tier_1': 5, 'tier_2': 6, 'tier_3': 4, 'tier_4': 3}"
2024-11-16T03:00:00,7684,19,"{'tier_0': 2, 'tier_1': 4, 'tier_2': 5, 'tier_3': 4, 'tier_4': 4}"
2024-11-16T04:00:00,7685,20,"{'tier_0': 2, 'tier_1': 5, 'tier_2': 6, 'tier_3': 4, 'tier_4': 3}"
2024-11-16T05:00:00,7686,20,"{'tier_0': 2, 'tier_1': 4, 'tier_2': 6, 'tier_3': 4, 'tier_4': 4}"
2024-11-16T06:00:00,7687,20,"{'tier_0': 2, 'tier_1': 5, 'tier_2': 6, 'tier_3': 4, 'tier_4': 3}"
2024-11-16T07:00:00,7688,20,"{'tier_0': 2, 'tier_1': 4, 'tier_2': 6, 'tier_3': 4, 'tier_4': 4}"
2024-11-16T08:00:00,7689,21,"{'tier_0': 2, 'tier_1': 4, 'tier_2': 6, 'tier_3': 4, 'tier_4': 5}"
2024-11-16T09:00:00,7690,20,"{'tier_0': 2, 'tier_1': 4, 'tier_2': 6, 'tier_3': 4, 'tier_4': 4}"
2024-11-16T10:00:00,7691,19,"{'tier_0': 2, 'tier_1': 4, 'tier_2': 5, 'tier_3': 4, 'tier_4': 4}"
2024-11-16T11:00:00,7692,20,"{'tier_0': 4, 'tier_1': 3, 'tier_2': 6, 'tier_3': 4, 'tier_4': 3}"
2024-11-16T12:00:00,7693,21,"{'tier_0': 2, 'tier_1': 5, 'tier_2': 6, 'tier_3': 4, 'tier_4': 4}"
2024-11-16T13:00:00,7694,20,"{'tier_0': 2, 'tier_1': 4, 'tier_2': 6, 'tier_3': 4, 'tier_4': 4}"
2024-11-16T14:00:00,7695,20,"{'tier_0': 3, 'tier_1': 4, 'tier_2': 6, 'tier_3': 4, 'tier_4': 3}"
2024-11-16T15:00:00,7696,19,"{'tier_0': 2, 'tier_1': 4, 'tier_2': 6, 'tier_3': 4, 'tier_4': 3}"
2024-11-16T16:00:00,7697,19,"{'tier_0': 2, 'tier_1': 4, 'tier_2': 5, 'tier_3': 4, 'tier_4': 4}"
2024-11-16T17:00:00,7698,20,"{'tier_0': 2, 'tier_1': 5, 'tier_2': 6, 'tier_3': 4, 'tier_4': 3}"
2024-11-16T18:00:00,7699,19,"{'tier_0': 2, 'tier_1': 4, 'tier_2': 5, 'tier_3': 4, 'tier_4': 4}"
2024-11-16T19:00:00,7700,18,"{'tier_0': 2, 'tier_1': 4, 'tier_2': 5, 'tier_3': 4, 'tier_4': 3}"
2024-11-16T20:00:00,7701,18,"{'tier_0': 2, 'tier_1': 4, 'tier_2': 5, 'tier_3': 4, 'tier_4': 3}"
2024-11-16T21:00:00,7702,20,"{'tier_0': 2, 'tier_1': 4, 'tier_2': 6, 'tier_3': 4, 'tier_4': 4}"
2024-11-16T22:00:00,7703,21,"{'tier_0': 2, 'tier_1': 4, 'tier_2': 6, 'tier_3': 5, 'tier_4': 4}"
2024-11-16T23:00:00,7704,20,"{'tier_0': 2, 'tier_1': 5, 'tier_2': 6, 'tier_3': 4, 'tier_4': 3}"
2024-11-17T00:00:00,7705,20,"{'tier_0': 2, 'tier_1': 5, 'tier_2': 6, 'tier_3': 4, 'tier_4': 3}"
2024-11-17T01:00:00,7706,20,"{'tier_0': 2, 'tier_1': 5, 'tier_2': 6, 'tier_3': 4, 'tier_4': 3}"
2024-11-17T02:00:00,7707,18,"{'tier_0': 2, 'tier_1': 4, 'tier_2': 5, 'tier_3': 4, 'tier_4': 3}"
2024-11-17T03:00:00,7708,20,"{'tier_0': 3, 'tier_1': 3, 'tier_2': 6, 'tier_3': 4, 'tier_4': 4}"
2024-11-17T04:00:00,7709,20,"{'tier_0': 2, 'tier_1': 5, 'tier_2': 6, 'tier_3': 4, 'tier_4': 3}"
2024-11-17T05:00:00,7710,20,"{'tier_0': 2, 'tier_1': 4, 'tier_2': 6, 'tier_3': 4, 'tier_4': 4}"
2024-11-17T06:00:00,7711,20,"{'tier_0': 2, 'tier_1': 4, 'tier_2': 6, 'tier_3': 4, 'tier_4': 4}"
2024-11-17T07:00:00,7712,20,"{'tier_0': 3, 'tier_1': 4, 'tier_2': 6, 'tier_3': 4, 'tier_4': 3}"
2024-11-17T08:00:00,7713,20,"{'tier_0': 2, 'tier_1': 4, 'tier_2': 6, 'tier_3': 4, 'tier_4': 4}"
2024-11-17T09:00:00,7714,21,"{'tier_0': 2, 'tier_1': 5, 'tier_2': 6, 'tier_3': 4, 'tier_4': 4}"
2024-11-17T10:00:00,7715,20,"{'tier_0': 2, 'tier_1': 4, 'tier_2': 6, 'tier_3': 4, 'tier_4': 4}"
2024-11-17T11:00:00,7716,20,"{'tier_0': 2, 'tier_1': 4, 'tier_2': 6, 'tier_3': 4, 'tier_4': 4}"
2024-11-17T12:00:00,7717,20,"{'tier_0': 2, 'tier_1': 4, 'tier_2': 6, 'tier_3': 4, 'tier_4': 4}"
2024-11-17T13:00:00,7718,21,"{'tier_0': 3, 'tier_1': 4, 'tier_2': 6, 'tier_3': 4, 'tier_4': 4}"
2024-11-17T14:00:00,7719,21,"{'tier_0': 2, 'tier_1': 5, 'tier_2': 6, 'tier_3': 4, 'tier_4': 4}"
2024-11-17T15:00:00,7720,20,"{'tier_0': 2, 'tier_1': 4, 'tier_2': 6, 'tier_3': 4, 'tier_4': 4}"
2024-11-17T16:00:00,7721,21,"{'tier_0': 3, 'tier_1': 4, 'tier_2': 6, 'tier_3': 4, 'tier_4': 4}"
2024-11-17T17:00:00,7722,21,"{'tier_0': 2, 'tier_1': 5, 'tier_2': 6, 'tier_3': 4, 'tier_4': 4}"
2024-11-17T18:00:00,7723,20,"{'tier_0': 2, 'tier_1': 4, 'tier_2': 6, 'tier_3': 4, 'tier_4': 4}"
2024-11-17T19:00:00,7724,20,"{'tier_0': 2, 'tier_1': 5, 'tier_2': 6, 'tier_3': 4, 'tier_4': 3}"
2024-11-17T20:00:00,7725,20,"{'tier_0': 2, 'tier_1': 5, 'tier_2': 6, 'tier_3': 4, 'tier_4': 3}"
2024-11-17T21:00:00,7726,20,"{'tier_0': 2, 'tier_1': 4, 'tier_2': 6, 'tier_3': 4, 'tier_4': 4}"
2024-11-17T22:00:00,7727,20,"{'tier_0': 2, 'tier_1': 5, 'tier_2': 6, 'tier_3': 4, 'tier_4': 3}"
2024-11-17T23:00:00,7728,20,"{'tier_0': 2, 'tier_1': 4, 'tier_2': 6, 'tier_3': 4, 'tier_4': 4}"
2024-11-18T00:00:00,7729,20,"{'tier_0': 2, 'tier_1': 5, 'tier_2': 6, 'tier_3': 4, 'tier_4': 3}"
2024-11-18T01:00:00,7730,19,"{'tier_0': 2, 'tier_1': 4, 'tier_2': 5, 'tier_3': 4, 'tier_4': 4}"
2024-11-18T02:00:00,7731,20,"{'tier_0': 2, 'tier_1': 5, 'tier_2': 6, 'tier_3': 4, 'tier_4': 3}"
2024-11-18T03:00:00,7732,20,"{'tier_0': 2, 'tier_1': 5, 'tier_2': 6, 'tier_3': 4, 'tier_4': 3}"
2024-11-18T04:00:00,7733,20,"{'tier_0': 2, 'tier_1': 4, 'tier_2': 6, 'tier_3': 4, 'tier_4': 4}"
2024-11-18T05:00:00,7734,18,"{'tier_0': 2, 'tier_1': 4, 'tier_2': 5, 'tier_3': 4, 'tier_4': 3}"
2024-11-18T06:00:00,7735,18,"{'tier_0': 2, 'tier_1': 4, 'tier_2': 5, 'tier_3': 4, 'tier_4': 3}"
2024-11-18T07:00:00,7736,21,"{'tier_0': 3, 'tier_1': 4, 'tier_2': 6, 'tier_3': 4, 'tier_4': 4}"
2024-11-18T08:00:00,7737,19,"{'tier_0': 2, 'tier_1': 4, 'tier_2': 5, 'tier_3': 4, 'tier_4': 4}"
2024-11-18T09:00:00,7738,19,"{'tier_0': 2, 'tier_1': 4, 'tier_2': 6, 'tier_3': 4, 'tier_4': 3}"
2024-11-18T10:00:00,7739,21,"{'tier_0': 2, 'tier_1': 5, 'tier_2': 6, 'tier_3': 4, 'tier_4': 4}"
2024-11-18T11:00:00,7740,20,"{'tier_0': 2, 'tier_1': 5, 'tier_2': 6, 'tier_3': 4, 'tier_4': 3}"
2024-11-18T12:00:00,7741,20,"{'tier_0': 2, 'tier_1': 4, 'tier_2': 6, 'tier_3': 4, 'tier_4': 4}"
2024-11-18T13:00:00,7742,20,"{'tier_0': 2, 'tier_1': 4, 'tier_2': 6, 'tier_3': 4, 'tier_4': 4}"
2024-11-18T14:00:00,7743,21,"{'tier_0': 3, 'tier_1': 4, 'tier_2': 6, 'tier_3': 4, 'tier_4': 4}"
2024-11-18T15:00:00,7744,20,"{'tier_0': 4, 'tier_1': 3, 'tier_2': 6, 'tier_3': 4, 'tier_4': 3}"
2024-11-18T16:00:00,7745,20,"{'tier_0': 2, 'tier_1': 5, 'tier_2': 6, 'tier_3': 4, 'tier_4': 3}"
2024-11-18T17:00:00,7746,21,"{'tier_0': 3, 'tier_1': 4, 'tier_2': 6, 'tier_3': 4, 'tier_4': 4}"
2024-11-18T18:00:00,7747,18,"{'tier_0': 2, 'tier_1': 4, 'tier_2': 5, 'tier_3': 4, 'tier_4': 3}"
2024-11-18T19:00:00,7748,20,"{'tier_0': 2, 'tier_1': 4, 'tier_2': 6, 'tier_3': 4, 'tier_4': 4}"
2024-11-18T20:00:00,7749,19,"{'tier_0': 2, 'tier_1': 4, 'tier_2': 5, 'tier_3': 5, 'tier_4': 3}"
2024-11-18T21:00:00,7750,21,"{'tier_0': 2, 'tier_1': 5, 'tier_2': 6, 'tier_3': 4, 'tier_4': 4}"
2024-11-18T22:00:00,7751,20,"{'tier_0': 3, 'tier_1': 4, 'tier_2': 6, 'tier_3': 4, 'tier_4': 3}"
2024-11-18T23:00:00,7752,20,"{'tier_0': 2, 'tier_1': 4, 'tier_2': 6, 'tier_3': 4, 'tier_4': 4}"
2024-11-19T00:00:00,7753,20,"{'tier_0': 2, 'tier_1': 5, 'tier_2': 6, 'tier_3': 4, 'tier_4': 3}"
2024-11-19T01:00:00,7754,21,"{'tier_0': 2, 'tier_1': 4, 'tier_2': 6, 'tier_3': 4, 'tier_4': 5}"
2024-11-19T02:00:00,7755,20,"{'tier_0': 2, 'tier_1': 5, 'tier_2': 6, 'tier_3': 4, 'tier_4': 3}"
2024-11-19T03:00:00,7756,20,"{'tier_0': 3, 'tier_1': 4, 'tier_2': 6, 'tier_3': 4, 'tier_4': 3}"
2024-11-19T04:00:00,7757,20,"{'tier_0': 2, 'tier_1': 5, 'tier_2': 6, 'tier_3': 4, 'tier_4': 3}"
2024-11-19T05:00:00,7758,20,"{'tier_0': 2, 'tier_1': 4, 'tier_2': 6, 'tier_3': 4, 'tier_4': 4}"
2024-11-19T06:00:00,7759,20,"{'tier_0': 2, 'tier_1': 5, 'tier_2': 6, 'tier_3': 4, 'tier_4': 3}"
2024-11-19T07:00:00,7760,21,"{'tier_0': 2, 'tier_1': 5, 'tier_2': 6, 'tier_3': 5, 'tier_4': 3}"
2024-11-19T08:00:00,7761,21,"{'tier_0': 2, 'tier_1': 5, 'tier_2': 6, 'tier_3': 4, 'tier_4': 4}"
2024-11-19T09:00:00,7762,21,"{'tier_0': 3, 'tier_1': 4, 'tier_2': 6, 'tier_3': 4, 'tier_4': 4}"
2024-11-19T10:00:00,7763,19,"{'tier_0': 3, 'tier_1': 3, 'tier_2': 5, 'tier_3': 4, 'tier_4': 4}"
2024-11-19T11:00:00,7764,21,"{'tier_0': 2, 'tier_1': 5, 'tier_2': 6, 'tier_3': 4, 'tier_4': 4}"
2024-11-19T12:00:00,7765,20,"{'tier_0': 2, 'tier_1': 4, 'tier_2': 6, 'tier_3': 4, 'tier_4': 4}"
2024-11-19T13:00:00,7766,20,"{'tier_0': 2, 'tier_1': 4, 'tier_2': 6, 'tier_3': 4, 'tier_4': 4}"
2024-11-19T14:00:00,7767,20,"{'tier_0': 2, 'tier_1': 5, 'tier_2': 6, 'tier_3': 4, 'tier_4': 3}"
2024-11-19T15:00:00,7768,21,"{'tier_0': 3, 'tier_1': 4, 'tier_2': 6, 'tier_3': 4, 'tier_4': 4}"
2024-11-19T16:00:00,7769,18,"{'tier_0': 2, 'tier_1': 4, 'tier_2': 5, 'tier_3': 4, 'tier_4': 3}"
2024-11-19T17:00:00,7770,20,"{'tier_0': 2, 'tier_1': 5, 'tier_2': 6, 'tier_3': 4, 'tier_4': 3}"
2024-11-19T18:00:00,7771,20,"{'tier_0': 2, 'tier_1': 4, 'tier_2': 6, 'tier_3': 4, 'tier_4': 4}"
2024-11-19T19:00:00,7772,21,"{'tier_0': 2, 'tier_1': 5, 'tier_2': 6, 'tier_3': 4, 'tier_4': 4}"
2024-11-19T20:00:00,7773,20,"{'tier_0': 2, 'tier_1': 5, 'tier_2': 6, 'tier_3': 4, 'tier_4': 3}"
2024-11-19T21:00:00,7774,21,"{'tier_0': 2, 'tier_1': 5, 'tier_2': 6, 'tier_3': 4, 'tier_4': 4}"
2024-11-19T22:00:00,7775,20,"{'tier_0': 3, 'tier_1': 4, 'tier_2': 6, 'tier_3': 4, 'tier_4': 3}"
2024-11-19T23:00:00,7776,20,"{'tier_0': 2, 'tier_1': 5, 'tier_2': 6, 'tier_3': 4, 'tier_4': 3}"
2024-11-20T00:00:00,7777,21,"{'tier_0': 2, 'tier_1': 5, 'tier_2': 6, 'tier_3': 4, 'tier_4': 4}"
2024-11-20T01:00:00,7778,20,"{'tier_0': 2, 'tier_1': 4, 'tier_2': 6, 'tier_3': 4, 'tier_4': 4}"
2024-11-20T02:00:00,7779,19,"{'tier_0': 2, 'tier_1': 4, 'tier_2': 5, 'tier_3': 4, 'tier_4': 4}"
2024-11-20T03:00:00,7780,19,"{'tier_0': 2, 'tier_1': 4, 'tier_2': 5, 'tier_3': 4, 'tier_4': 4}"
2024-11-20T04:00:00,7781,21,"{'tier_0': 2, 'tier_1': 5, 'tier_2': 6, 'tier_3': 4, 'tier_4': 4}"
2024-11-20T05:00:00,7782,20,"{'tier_0': 2, 'tier_1': 5, 'tier_2': 6, 'tier_3': 4, 'tier_4': 3}"
2024-11-20T06:00:00,7783,21,"{'tier_0': 2, 'tier_1': 5, 'tier_2': 6, 'tier_3': 4, 'tier_4': 4}"
2024-11-20T07:00:00,7784,20,"{'tier_0': 2, 'tier_1': 5, 'tier_2': 6, 'tier_3': 4, 'tier_4': 3}"
2024-11-20T08:00:00,7785,20,"{'tier_0': 2, 'tier_1': 4, 'tier_2': 6, 'tier_3': 4, 'tier_4': 4}"
2024-11-20T09:00:00,7786,20,"{'tier_0': 2, 'tier_1': 5, 'tier_2': 6, 'tier_3': 4, 'tier_4': 3}"
2024-11-20T10:00:00,7787,21,"{'tier_0': 3, 'tier_1': 4, 'tier_2': 6, 'tier_3': 4, 'tier_4': 4}"
2024-11-20T11:00:00,7788,20,"{'tier_0': 2, 'tier_1': 5, 'tier_2': 6, 'tier_3': 4, 'tier_4': 3}"
2024-11-20T12:00:00,7789,20,"{'tier_0': 2, 'tier_1': 4, 'tier_2': 6, 'tier_3': 4, 'tier_4': 4}"
2024-11-20T13:00:00,7790,20,"{'tier_0': 2, 'tier_1': 4, 'tier_2': 6, 'tier_3': 4, 'tier_4': 4}"
2024-11-20T14:00:00,7791,20,"{'tier_0': 2, 'tier_1': 4, 'tier_2': 6, 'tier_3': 4, 'tier_4': 4}"
2024-11-20T15:00:00,7792,20,"{'tier_0': 2, 'tier_1': 5, 'tier_2': 6, 'tier_3': 4, 'tier_4': 3}"
2024-11-20T16:00:00,7793,19,"{'tier_0': 2, 'tier_1': 4, 'tier_2': 6, 'tier_3': 4, 'tier_4': 3}"
2024-11-20T17:00:00,7794,20,"{'tier_0': 3, 'tier_1': 3, 'tier_2': 6, 'tier_3': 4, 'tier_4': 4}"
2024-11-20T18:00:00,7795,19,"{'tier_0': 2, 'tier_1': 4, 'tier_2': 5, 'tier_3': 4, 'tier_4': 4}"
2024-11-20T19:00:00,7796,18,"{'tier_0': 2, 'tier_1': 4, 'tier_2': 5, 'tier_3': 4, 'tier_4': 3}"
2024-11-20T20:00:00,7797,21,"{'tier_0': 2, 'tier_1': 5, 'tier_2': 6, 'tier_3': 4, 'tier_4': 4}"
2024-11-20T21:00:00,7798,20,"{'tier_0': 2, 'tier_1': 5, 'tier_2': 6, 'tier_3': 4, 'tier_4': 3}"
2024-11-20T22:00:00,7799,20,"{'tier_0': 2, 'tier_1': 4, 'tier_2': 6, 'tier_3': 4, 'tier_4': 4}"
2024-11-20T23:00:00,7800,19,"{'tier_0': 2, 'tier_1': 4, 'tier_2': 5, 'tier_3': 4, 'tier_4': 4}"
2024-11-21T00:00:00,7801,21,"{'tier_0': 2, 'tier_1': 5, 'tier_2': 6, 'tier_3': 4, 'tier_4': 4}"
2024-11-21T01:00:00,7802,20,"{'tier_0': 3, 'tier_1': 3, 'tier_2': 6, 'tier_3': 4, 'tier_4': 4}"
2024-11-21T02:00:00,7803,20,"{'tier_0': 2, 'tier_1': 4, 'tier_2': 6, 'tier_3': 4, 'tier_4': 4}"
2024-11-21T03:00:00,7804,20,"{'tier_0': 2, 'tier_1': 5, 'tier_2': 6, 'tier_3': 4, 'tier_4': 3}"
2024-11-21T04:00:00,7805,20,"{'tier_0': 2, 'tier_1': 4, 'tier_2': 6, 'tier_3': 4, 'tier_4': 4}"
2024-11-21T05:00:00,7806,18,"{'tier_0': 2, 'tier_1': 4, 'tier_2': 5, 'tier_3': 4, 'tier_4': 3}"
2024-11-21T06:00:00,7807,21,"{'tier_0': 2, 'tier_1': 5, 'tier_2': 6, 'tier_3': 4, 'tier_4': 4}"
2024-11-21T07:00:00,7808,20,"{'tier_0': 2, 'tier_1': 5, 'tier_2': 6, 'tier_3': 4, 'tier_4': 3}"
2024-11-21T08:00:00,7809,20,"{'tier_0': 2, 'tier_1': 5, 'tier_2': 6, 'tier_3': 4, 'tier_4': 3}"
2024-11-21T09:00:00,7810,20,"{'tier_0': 2, 'tier_1': 4, 'tier_2': 6, 'tier_3': 4, 'tier_4': 4}"
2024-11-21T10:00:00,7811,20,"{'tier_0': 2, 'tier_1': 5, 'tier_2': 6, 'tier_3': 4, 'tier_4': 3}"
2024-11-21T11:00:00,7812,20,"{'tier_0': 2, 'tier_1': 5, 'tier_2': 6, 'tier_3': 4, 'tier_4': 3}"
2024-11-21T12:00:00,7813,20,"{'tier_0': 3, 'tier_1': 3, 'tier_2': 6, 'tier_3': 4, 'tier_4': 4}"
2024-11-21T13:00:00,7814,19,"{'tier_0': 2, 'tier_1': 4, 'tier_2': 5, 'tier_3': 4, 'tier_4': 4}"
2024-11-21T14:00:00,7815,20,"{'tier_0': 2, 'tier_1': 5, 'tier_2': 6, 'tier_3': 4, 'tier_4': 3}"
2024-11-21T15:00:00,7816,21,"{'tier_0': 3, 'tier_1': 4, 'tier_2': 6, 'tier_3': 4, 'tier_4': 4}"
2024-11-21T16:00:00,7817,20,"{'tier_0': 2, 'tier_1': 5, 'tier_2': 6, 'tier_3': 4, 'tier_4': 3}"
2024-11-21T17:00:00,7818,20,"{'tier_0': 2, 'tier_1': 5, 'tier_2': 6, 'tier_3': 4, 'tier_4': 3}"
2024-11-21T18:00:00,7819,20,"{'tier_0': 2, 'tier_1': 4, 'tier_2': 6, 'tier_3': 4, 'tier_4': 4}"
2024-11-21T19:00:00,7820,20,"{'tier_0': 2, 'tier_1': 4, 'tier_2': 6, 'tier_3': 4, 'tier_4': 4}"
2024-11-21T20:00:00,7821,18,"{'tier_0': 2, 'tier_1': 4, 'tier_2': 5, 'tier_3': 4, 'tier_4': 3}"
2024-11-21T21:00:00,7822,20,"{'tier_0': 2, 'tier_1': 4, 'tier_2': 6, 'tier_3': 4, 'tier_4': 4}"
2024-11-21T22:00:00,7823,20,"{'tier_0': 2, 'tier_1': 4, 'tier_2': 6, 'tier_3': 4, 'tier_4': 4}"
2024-11-21T23:00:00,7824,18,"{'tier_0': 2, 'tier_1': 4, 'tier_2': 5, 'tier_3': 4, 'tier_4': 3}"
2024-11-22T00:00:00,7825,20,"{'tier_0': 2, 'tier_1': 5, 'tier_2': 6, 'tier_3': 4, 'tier_4': 3}"
2024-11-22T01:00:00,7826,20,"{'tier_0': 3, 'tier_1': 3, 'tier_2': 6, 'tier_3': 4, 'tier_4': 4}"
2024-11-22T02:00:00,7827,20,"{'tier_0': 2, 'tier_1': 5, 'tier_2': 6, 'tier_3': 4, 'tier_4': 3}"
2024-11-22T03:00:00,7828,20,"{'tier_0': 3, 'tier_1': 4, 'tier_2': 6, 'tier_3': 4, 'tier_4': 3}"
2024-11-22T04:00:00,7829,20,"{'tier_0': 2, 'tier_1': 5, 'tier_2': 6, 'tier_3': 4, 'tier_4': 3}"
2024-11-22T05:00:00,7830,20,"{'tier_0': 2, 'tier_1': 5, 'tier_2': 6, 'tier_3': 4, 'tier_4': 3}"
2024-11-22T06:00:00,7831,20,"{'tier_0': 3, 'tier_1': 4, 'tier_2': 6, 'tier_3': 4, 'tier_4': 3}"
2024-11-22T07:00:00,7832,21,"{'tier_0': 2, 'tier_1': 5, 'tier_2': 6, 'tier_3': 5, 'tier_4': 3}"
2024-11-22T08:00:00,7833,20,"{'tier_0': 3, 'tier_1': 4, 'tier_2': 6, 'tier_3': 4, 'tier_4': 3}"
2024-11-22T09:00:00,7834,20,"{'tier_0': 4, 'tier_1': 3, 'tier_2': 6, 'tier_3': 4, 'tier_4': 3}"
2024-11-22T10:00:00,7835,20,"{'tier_0': 2, 'tier_1': 4, 'tier_2': 6, 'tier_3': 4, 'tier_4': 4}"
2024-11-22T11:00:00,7836,20,"{'tier_0': 3, 'tier_1': 4, 'tier_2': 6, 'tier_3': 4, 'tier_4': 3}"
2024-11-22T12:00:00,7837,20,"{'tier_0': 2, 'tier_1': 4, 'tier_2': 6, 'tier_3': 4, 'tier_4': 4}"
2024-11-22T13:00:00,7838,19,"{'tier_0': 2, 'tier_1': 4, 'tier_2': 6, 'tier_3': 4, 'tier_4': 3}"
2024-11-22T14:00:00,7839,20,"{'tier_0': 2, 'tier_1': 4, 'tier_2': 6, 'tier_3': 4, 'tier_4': 4}"
2024-11-22T15:00:00,7840,21,"{'tier_0': 2, 'tier_1': 5, 'tier_2': 6, 'tier_3': 4, 'tier_4': 4}"
2024-11-22T16:00:00,7841,20,"{'tier_0': 2, 'tier_1': 5, 'tier_2': 6, 'tier_3': 4, 'tier_4': 3}"
2024-11-22T17:00:00,7842,20,"{'tier_0': 2, 'tier_1': 5, 'tier_2': 6, 'tier_3': 4, 'tier_4': 3}"
2024-11-22T18:00:00,7843,20,"{'tier_0': 2, 'tier_1': 4, 'tier_2': 6, 'tier_3': 4, 'tier_4': 4}"
2024-11-22T19:00:00,7844,20,"{'tier_0': 2, 'tier_1': 4, 'tier_2': 6, 'tier_3': 4, 'tier_4': 4}"
2024-11-22T20:00:00,7845,20,"{'tier_0': 2, 'tier_1': 4, 'tier_2': 6, 'tier_3': 4, 'tier_4': 4}"
2024-11-22T21:00:00,7846,20,"{'tier_0': 2, 'tier_1': 5, 'tier_2': 6, 'tier_3': 4, 'tier_4': 3}"
2024-11-22T22:00:00,7847,18,"{'tier_0': 2, 'tier_1': 4, 'tier_2': 5, 'tier_3': 4, 'tier_4': 3}"
2024-11-22T23:00:00,7848,19,"{'tier_0': 2, 'tier_1': 4, 'tier_2': 5, 'tier_3': 4, 'tier_4': 4}"
2024-11-23T00:00:00,7849,21,"{'tier_0': 3, 'tier_1': 4, 'tier_2': 6, 'tier_3': 4, 'tier_4': 4}"
2024-11-23T01:00:00,7850,20,"{'tier_0': 2, 'tier_1': 5, 'tier_2': 6, 'tier_3': 4, 'tier_4': 3}"
2024-11-23T02:00:00,7851,20,"{'tier_0': 2, 'tier_1': 5, 'tier_2': 6, 'tier_3': 4, 'tier_4': 3}"
2024-11-23T03:00:00,7852,19,"{'tier_0': 2, 'tier_1': 4, 'tier_2': 5, 'tier_3': 4, 'tier_4': 4}"
2024-11-23T04:00:00,7853,19,"{'tier_0': 2, 'tier_1': 4, 'tier_2': 5, 'tier_3': 4, 'tier_4': 4}"
2024-11-23T05:00:00,7854,21,"{'tier_0': 2, 'tier_1': 5, 'tier_2': 6, 'tier_3': 4, 'tier_4': 4}"
2024-11-23T06:00:00,7855,19,"{'tier_0': 2, 'tier_1': 4, 'tier_2': 5, 'tier_3': 4, 'tier_4': 4}"
2024-11-23T07:00:00,7856,18,"{'tier_0': 2, 'tier_1': 4, 'tier_2': 5, 'tier_3': 4, 'tier_4': 3}"
2024-11-23T08:00:00,7857,20,"{'tier_0': 2, 'tier_1': 5, 'tier_2': 6, 'tier_3': 4, 'tier_4': 3}"
2024-11-23T09:00:00,7858,21,"{'tier_0': 2, 'tier_1': 5, 'tier_2': 6, 'tier_3': 4, 'tier_4': 4}"
2024-11-23T10:00:00,7859,20,"{'tier_0': 2, 'tier_1': 4, 'tier_2': 6, 'tier_3': 4, 'tier_4': 4}"
2024-11-23T11:00:00,7860,20,"{'tier_0': 2, 'tier_1': 5, 'tier_2': 6, 'tier_3': 4, 'tier_4': 3}"
2024-11-23T12:00:00,7861,20,"{'tier_0': 2, 'tier_1': 4, 'tier_2': 6, 'tier_3': 4, 'tier_4': 4}"
2024-11-23T13:00:00,7862,20,"{'tier_0': 2, 'tier_1': 4, 'tier_2': 6, 'tier_3': 4, 'tier_4': 4}"
2024-11-23T14:00:00,7863,20,"{'tier_0': 2, 'tier_1': 5, 'tier_2': 6, 'tier_3': 4, 'tier_4': 3}"
2024-11-23T15:00:00,7864,20,"{'tier_0': 2, 'tier_1': 5, 'tier_2': 6, 'tier_3': 4, 'tier_4': 3}"
2024-11-23T16:00:00,7865,20,"{'tier_0': 2, 'tier_1': 4, 'tier_2': 6, 'tier_3': 4, 'tier_4': 4}"
2024-11-23T17:00:00,7866,20,"{'tier_0': 2, 'tier_1': 5, 'tier_2': 6, 'tier_3': 4, 'tier_4': 3}"
2024-11-23T18:00:00,7867,20,"{'tier_0': 2, 'tier_1': 5, 'tier_2': 6, 'tier_3': 4, 'tier_4': 3}"
2024-11-23T19:00:00,7868,20,"{'tier_0': 2, 'tier_1': 4, 'tier_2': 6, 'tier_3': 4, 'tier_4': 4}"
2024-11-23T20:00:00,7869,21,"{'tier_0': 2, 'tier_1': 5, 'tier_2': 6, 'tier_3': 4, 'tier_4': 4}"
2024-11-23T21:00:00,7870,21,"{'tier_0': 2, 'tier_1': 5, 'tier_2': 6, 'tier_3': 4, 'tier_4': 4}"
2024-11-23T22:00:00,7871,21,"{'tier_0': 2, 'tier_1': 5, 'tier_2': 6, 'tier_3': 5, 'tier_4': 3}"
2024-11-23T23:00:00,7872,20,"{'tier_0': 2, 'tier_1': 4, 'tier_2': 6, 'tier_3': 4, 'tier_4': 4}"
2024-11-24T00:00:00,7873,20,"{'tier_0': 2, 'tier_1': 4, 'tier_2': 6, 'tier_3': 4, 'tier_4': 4}"
2024-11-24T01:00:00,7874,20,"{'tier_0': 2, 'tier_1': 5, 'tier_2': 6, 'tier_3': 4, 'tier_4': 3}"
2024-11-24T02:00:00,7875,20,"{'tier_0': 2, 'tier_1': 5, 'tier_2': 6, 'tier_3': 4, 'tier_4': 3}"
2024-11-24T03:00:00,7876,20,"{'tier_0': 3, 'tier_1': 4, 'tier_2': 6, 'tier_3': 4, 'tier_4': 3}"
2024-11-24T04:00:00,7877,20,"{'tier_0': 3, 'tier_1': 4, 'tier_2': 6, 'tier_3': 4, 'tier_4': 3}"
2024-11-24T05:00:00,7878,20,"{'tier_0': 2, 'tier_1': 4, 'tier_2': 6, 'tier_3': 4, 'tier_4': 4}"
2024-11-24T06:00:00,7879,20,"{'tier_0': 2, 'tier_1': 4, 'tier_2': 6, 'tier_3': 4, 'tier_4': 4}"
2024-11-24T07:00:00,7880,21,"{'tier_0': 3, 'tier_1': 4, 'tier_2': 6, 'tier_3': 4, 'tier_4': 4}"
2024-11-24T08:00:00,7881,20,"{'tier_0': 2, 'tier_1': 4, 'tier_2': 6, 'tier_3': 4, 'tier_4': 4}"
2024-11-24T09:00:00,7882,20,"{'tier_0': 3, 'tier_1': 3, 'tier_2': 6, 'tier_3': 4, 'tier_4': 4}"
2024-11-24T10:00:00,7883,21,"{'tier_0': 3, 'tier_1': 4, 'tier_2': 6, 'tier_3': 4, 'tier_4': 4}"
2024-11-24T11:00:00,7884,18,"{'tier_0': 2, 'tier_1': 4, 'tier_2': 5, 'tier_3': 4, 'tier_4': 3}"
2024-11-24T12:00:00,7885,21,"{'tier_0': 2, 'tier_1': 4, 'tier_2': 6, 'tier_3': 5, 'tier_4': 4}"
2024-11-24T13:00:00,7886,20,"{'tier_0': 2, 'tier_1': 5, 'tier_2': 6, 'tier_3': 4, 'tier_4': 3}"
2024-11-24T14:00:00,7887,20,"{'tier_0': 2, 'tier_1': 5, 'tier_2': 6, 'tier_3': 4, 'tier_4': 3}"
2024-11-24T15:00:00,7888,20,"{'tier_0': 3, 'tier_1': 3, 'tier_2': 6, 'tier_3': 4, 'tier_4': 4}"
2024-11-24T16:00:00,7889,19,"{'tier_0': 2, 'tier_1': 4, 'tier_2': 5, 'tier_3': 4, 'tier_4': 4}"
2024-11-24T17:00:00,7890,20,"{'tier_0': 2, 'tier_1': 4, 'tier_2': 6, 'tier_3': 4, 'tier_4': 4}"
2024-11-24T18:00:00,7891,20,"{'tier_0': 2, 'tier_1': 4, 'tier_2': 6, 'tier_3': 4, 'tier_4': 4}"
2024-11-24T19:00:00,7892,21,"{'tier_0': 2, 'tier_1': 5, 'tier_2': 6, 'tier_3': 4, 'tier_4': 4}"
2024-11-24T20:00:00,7893,19,"{'tier_0': 2, 'tier_1': 4, 'tier_2': 5, 'tier_3': 4, 'tier_4': 4}"
2024-11-24T21:00:00,7894,20,"{'tier_0': 2, 'tier_1': 4, 'tier_2': 6, 'tier_3': 4, 'tier_4': 4}"
2024-11-24T22:00:00,7895,20,"{'tier_0': 2, 'tier_1': 5, 'tier_2': 6, 'tier_3': 4, 'tier_4': 3}"
2024-11-24T23:00:00,7896,20,"{'tier_0': 2, 'tier_1': 5, 'tier_2': 6, 'tier_3': 4, 'tier_4': 3}"
2024-11-25T00:00:00,7897,21,"{'tier_0': 3, 'tier_1': 4, 'tier_2': 6, 'tier_3': 4, 'tier_4': 4}"
2024-11-25T01:00:00,7898,19,"{'tier_0': 3, 'tier_1': 3, 'tier_2': 5, 'tier_3': 4, 'tier_4': 4}"
2024-11-25T02:00:00,7899,20,"{'tier_0': 3, 'tier_1': 4, 'tier_2': 6, 'tier_3': 4, 'tier_4': 3}"
2024-11-25T03:00:00,7900,20,"{'tier_0': 2, 'tier_1': 4, 'tier_2': 6, 'tier_3': 4, 'tier_4': 4}"
2024-11-25T04:00:00,7901,21,"{'tier_0': 2, 'tier_1': 4, 'tier_2': 6, 'tier_3': 5, 'tier_4': 4}"
2024-11-25T05:00:00,7902,20,"{'tier_0': 2, 'tier_1': 5, 'tier_2': 6, 'tier_3': 4, 'tier_4': 3}"
2024-11-25T06:00:00,7903,20,"{'tier_0': 2, 'tier_1': 5, 'tier_2': 6, 'tier_3': 4, 'tier_4': 3}"
2024-11-25T07:00:00,7904,18,"{'tier_0': 2, 'tier_1': 4, 'tier_2': 5, 'tier_3': 4, 'tier_4': 3}"
2024-11-25T08:00:00,7905,20,"{'tier_0': 2, 'tier_1': 4, 'tier_2': 6, 'tier_3': 4, 'tier_4': 4}"
2024-11-25T09:00:00,7906,20,"{'tier_0': 2, 'tier_1': 4, 'tier_2': 6, 'tier_3': 4, 'tier_4': 4}"
2024-11-25T10:00:00,7907,20,"{'tier_0': 2, 'tier_1': 4, 'tier_2': 6, 'tier_3': 4, 'tier_4': 4}"
2024-11-25T11:00:00,7908,20,"{'tier_0': 2, 'tier_1': 5, 'tier_2': 6, 'tier_3': 4, 'tier_4': 3}"
2024-11-25T12:00:00,7909,20,"{'tier_0': 2, 'tier_1': 4, 'tier_2': 6, 'tier_3': 4, 'tier_4': 4}"
2024-11-25T13:00:00,7910,20,"{'tier_0': 2, 'tier_1': 5, 'tier_2': 6, 'tier_3': 4, 'tier_4': 3}"
2024-11-25T14:00:00,7911,21,"{'tier_0': 2, 'tier_1': 5, 'tier_2': 6, 'tier_3': 4, 'tier_4': 4}"
2024-11-25T15:00:00,7912,20,"{'tier_0': 2, 'tier_1': 4, 'tier_2': 6, 'tier_3': 4, 'tier_4': 4}"
2024-11-25T16:00:00,7913,20,"{'tier_0': 2, 'tier_1': 5, 'tier_2': 6, 'tier_3': 4, 'tier_4': 3}"
2024-11-25T17:00:00,7914,21,"{'tier_0': 2, 'tier_1': 4, 'tier_2': 6, 'tier_3': 4, 'tier_4': 5}"
2024-11-25T18:00:00,7915,18,"{'tier_0': 2, 'tier_1': 4, 'tier_2': 5, 'tier_3': 4, 'tier_4': 3}"
2024-11-25T19:00:00,7916,20,"{'tier_0': 2, 'tier_1': 5, 'tier_2': 6, 'tier_3': 4, 'tier_4': 3}"
2024-11-25T20:00:00,7917,19,"{'tier_0': 2, 'tier_1': 4, 'tier_2': 6, 'tier_3': 4, 'tier_4': 3}"
2024-11-25T21:00:00,7918,20,"{'tier_0': 2, 'tier_1': 4, 'tier_2': 6, 'tier_3': 4, 'tier_4': 4}"
2024-11-25T22:00:00,7919,21,"{'tier_0': 3, 'tier_1': 4, 'tier_2': 6, 'tier_3': 4, 'tier_4': 4}"
2024-11-25T23:00:00,7920,20,"{'tier_0': 2, 'tier_1': 4, 'tier_2': 6, 'tier_3': 4, 'tier_4': 4}"
2024-11-26T00:00:00,7921,20,"{'tier_0': 3, 'tier_1': 4, 'tier_2': 6, 'tier_3': 4, 'tier_4': 3}"
2024-11-26T01:00:00,7922,20,"{'tier_0': 2, 'tier_1': 5, 'tier_2': 6, 'tier_3': 4, 'tier_4': 3}"
2024-11-26T02:00:00,7923,20,"{'tier_0': 2, 'tier_1': 4, 'tier_2': 6, 'tier_3': 4, 'tier_4': 4}"
2024-11-26T03:00:00,7924,20,"{'tier_0': 3, 'tier_1': 3, 'tier_2': 6, 'tier_3': 4, 'tier_4': 4}"
2024-11-26T04:00:00,7925,21,"{'tier_0': 2, 'tier_1': 5, 'tier_2': 6, 'tier_3': 4, 'tier_4': 4}"
2024-11-26T05:00:00,7926,20,"{'tier_0': 2, 'tier_1': 5, 'tier_2': 6, 'tier_3': 4, 'tier_4': 3}"
2024-11-26T06:00:00,7927,21,"{'tier_0': 3, 'tier_1': 4, 'tier_2': 6, 'tier_3': 4, 'tier_4': 4}"
2024-11-26T07:00:00,7928,20,"{'tier_0': 2, 'tier_1': 5, 'tier_2': 6, 'tier_3': 4, 'tier_4': 3}"
2024-11-26T08:00:00,7929,20,"{'tier_0': 2, 'tier_1': 5, 'tier_2': 6, 'tier_3': 4, 'tier_4': 3}"
2024-11-26T09:00:00,7930,21,"{'tier_0': 2, 'tier_1': 5, 'tier_2': 6, 'tier_3': 4, 'tier_4': 4}"
2024-11-26T10:00:00,7931,19,"{'tier_0': 1, 'tier_1': 5, 'tier_2': 6, 'tier_3': 4, 'tier_4': 3}"
2024-11-26T11:00:00,7932,20,"{'tier_0': 2, 'tier_1': 5, 'tier_2': 6, 'tier_3': 4, 'tier_4': 3}"
2024-11-26T12:00:00,7933,20,"{'tier_0': 2, 'tier_1': 5, 'tier_2': 6, 'tier_3': 4, 'tier_4': 3}"
2024-11-26T13:00:00,7934,21,"{'tier_0': 3, 'tier_1': 4, 'tier_2': 6, 'tier_3': 4, 'tier_4': 4}"
2024-11-26T14:00:00,7935,20,"{'tier_0': 2, 'tier_1': 5, 'tier_2': 6, 'tier_3': 4, 'tier_4': 3}"
2024-11-26T15:00:00,7936,20,"{'tier_0': 2, 'tier_1': 5, 'tier_2': 6, 'tier_3': 4, 'tier_4': 3}"
2024-11-26T16:00:00,7937,20,"{'tier_0': 2, 'tier_1': 5, 'tier_2': 6, 'tier_3': 4, 'tier_4': 3}"
2024-11-26T17:00:00,7938,19,"{'tier_0': 2, 'tier_1': 4, 'tier_2': 6, 'tier_3': 4, 'tier_4': 3}"
2024-11-26T18:00:00,7939,20,"{'tier_0': 2, 'tier_1': 5, 'tier_2': 6, 'tier_3': 4, 'tier_4': 3}"
2024-11-26T19:00:00,7940,20,"{'tier_0': 2, 'tier_1': 5, 'tier_2': 6, 'tier_3': 4, 'tier_4': 3}"
2024-11-26T20:00:00,7941,20,"{'tier_0': 2, 'tier_1': 5, 'tier_2': 6, 'tier_3': 4, 'tier_4': 3}"
2024-11-26T21:00:00,7942,19,"{'tier_0': 2, 'tier_1': 4, 'tier_2': 5, 'tier_3': 4, 'tier_4': 4}"
2024-11-26T22:00:00,7943,20,"{'tier_0': 3, 'tier_1': 3, 'tier_2': 6, 'tier_3': 4, 'tier_4': 4}"
2024-11-26T23:00:00,7944,20,"{'tier_0': 2, 'tier_1': 5, 'tier_2': 6, 'tier_3': 4, 'tier_4': 3}"
2024-11-27T00:00:00,7945,21,"{'tier_0': 3, 'tier_1': 4, 'tier_2': 6, 'tier_3': 4, 'tier_4': 4}"
2024-11-27T01:00:00,7946,21,"{'tier_0': 2, 'tier_1': 5, 'tier_2': 6, 'tier_3': 4, 'tier_4': 4}"
2024-11-27T02:00:00,7947,19,"{'tier_0': 2, 'tier_1': 4, 'tier_2': 5, 'tier_3': 4, 'tier_4': 4}"
2024-11-27T03:00:00,7948,20,"{'tier_0': 2, 'tier_1': 4, 'tier_2': 5, 'tier_3': 5, 'tier_4': 4}"
2024-11-27T04:00:00,7949,18,"{'tier_0': 2, 'tier_1': 4, 'tier_2': 5, 'tier_3': 4, 'tier_4': 3}"
2024-11-27T05:00:00,7950,20,"{'tier_0': 2, 'tier_1': 4, 'tier_2': 6, 'tier_3': 4, 'tier_4': 4}"
2024-11-27T06:00:00,7951,21,"{'tier_0': 2, 'tier_1': 5, 'tier_2': 6, 'tier_3': 4, 'tier_4': 4}"
2024-11-27T07:00:00,7952,21,"{'tier_0': 3, 'tier_1': 4, 'tier_2': 6, 'tier_3': 4, 'tier_4': 4}"
2024-11-27T08:00:00,7953,20,"{'tier_0': 2, 'tier_1': 4, 'tier_2': 6, 'tier_3': 4, 'tier_4': 4}"
2024-11-27T09:00:00,7954,19,"{'tier_0': 2, 'tier_1': 4, 'tier_2': 5, 'tier_3': 4, 'tier_4': 4}"
2024-11-27T10:00:00,7955,20,"{'tier_0': 2, 'tier_1': 4, 'tier_2': 6, 'tier_3': 4, 'tier_4': 4}"
2024-11-27T11:00:00,7956,21,"{'tier_0': 3, 'tier_1': 4, 'tier_2': 6, 'tier_3': 4, 'tier_4': 4}"
2024-11-27T12:00:00,7957,20,"{'tier_0': 2, 'tier_1': 4, 'tier_2': 6, 'tier_3': 4, 'tier_4': 4}"
2024-11-27T13:00:00,7958,21,"{'tier_0': 3, 'tier_1': 4, 'tier_2': 6, 'tier_3': 4, 'tier_4': 4}"
2024-11-27T14:00:00,7959,20,"{'tier_0': 2, 'tier_1': 4, 'tier_2': 6, 'tier_3': 4, 'tier_4': 4}"
2024-11-27T15:00:00,7960,20,"{'tier_0': 3, 'tier_1': 4, 'tier_2': 6, 'tier_3': 4, 'tier_4': 3}"
2024-11-27T16:00:00,7961,20,"{'tier_0': 2, 'tier_1': 5, 'tier_2': 6, 'tier_3': 4, 'tier_4': 3}"
2024-11-27T17:00:00,7962,21,"{'tier_0': 2, 'tier_1': 5, 'tier_2': 6, 'tier_3': 4, 'tier_4': 4}"
2024-11-27T18:00:00,7963,21,"{'tier_0': 2, 'tier_1': 4, 'tier_2': 6, 'tier_3': 5, 'tier_4': 4}"
2024-11-27T19:00:00,7964,20,"{'tier_0': 2, 'tier_1': 5, 'tier_2': 6, 'tier_3': 4, 'tier_4': 3}"
2024-11-27T20:00:00,7965,20,"{'tier_0': 2, 'tier_1': 5, 'tier_2': 6, 'tier_3': 4, 'tier_4': 3}"
2024-11-27T21:00:00,7966,20,"{'tier_0': 3, 'tier_1': 4, 'tier_2': 6, 'tier_3': 4, 'tier_4': 3}"
2024-11-27T22:00:00,7967,20,"{'tier_0': 2, 'tier_1': 4, 'tier_2': 6, 'tier_3': 4, 'tier_4': 4}"
2024-11-27T23:00:00,7968,20,"{'tier_0': 3, 'tier_1': 4, 'tier_2': 6, 'tier_3': 4, 'tier_4': 3}"
2024-11-28T00:00:00,7969,20,"{'tier_0': 3, 'tier_1': 3, 'tier_2': 6, 'tier_3': 4, 'tier_4': 4}"
2024-11-28T01:00:00,7970,20,"{'tier_0': 2, 'tier_1': 4, 'tier_2': 6, 'tier_3': 4, 'tier_4': 4}"
2024-11-28T02:00:00,7971,19,"{'tier_0': 2, 'tier_1': 4, 'tier_2': 5, 'tier_3': 4, 'tier_4': 4}"
2024-11-28T03:00:00,7972,20,"{'tier_0': 2, 'tier_1': 4, 'tier_2': 6, 'tier_3': 4, 'tier_4': 4}"
2024-11-28T04:00:00,7973,20,"{'tier_0': 2, 'tier_1': 4, 'tier_2': 6, 'tier_3': 4, 'tier_4': 4}"
2024-11-28T05:00:00,7974,20,"{'tier_0': 2, 'tier_1': 5, 'tier_2': 6, 'tier_3': 4, 'tier_4': 3}"
2024-11-28T06:00:00,7975,20,"{'tier_0': 2, 'tier_1': 4, 'tier_2': 6, 'tier_3': 4, 'tier_4': 4}"
2024-11-28T07:00:00,7976,21,"{'tier_0': 2, 'tier_1': 4, 'tier_2': 6, 'tier_3': 5, 'tier_4': 4}"
2024-11-28T08:00:00,7977,18,"{'tier_0': 2, 'tier_1': 4, 'tier_2': 5, 'tier_3': 4, 'tier_4': 3}"
2024-11-28T09:00:00,7978,20,"{'tier_0': 3, 'tier_1': 4, 'tier_2': 6, 'tier_3': 4, 'tier_4': 3}"
2024-11-28T10:00:00,7979,20,"{'tier_0': 2, 'tier_1': 4, 'tier_2': 6, 'tier_3': 4, 'tier_4': 4}"
2024-11-28T11:00:00,7980,20,"{'tier_0': 2, 'tier_1': 4, 'tier_2': 6, 'tier_3': 4, 'tier_4': 4}"
2024-11-28T12:00:00,7981,20,"{'tier_0': 2, 'tier_1': 4, 'tier_2': 6, 'tier_3': 4, 'tier_4': 4}"
2024-11-28T13:00:00,7982,20,"{'tier_0': 2, 'tier_1': 5, 'tier_2': 6, 'tier_3': 4, 'tier_4': 3}"
2024-11-28T14:00:00,7983,19,"{'tier_0': 2, 'tier_1': 4, 'tier_2': 6, 'tier_3': 4, 'tier_4': 3}"
2024-11-28T15:00:00,7984,19,"{'tier_0': 2, 'tier_1': 4, 'tier_2': 5, 'tier_3': 4, 'tier_4': 4}"
2024-11-28T16:00:00,7985,20,"{'tier_0': 2, 'tier_1': 5, 'tier_2': 6, 'tier_3': 4, 'tier_4': 3}"
2024-11-28T17:00:00,7986,21,"{'tier_0': 2, 'tier_1': 4, 'tier_2': 6, 'tier_3': 5, 'tier_4': 4}"
2024-11-28T18:00:00,7987,21,"{'tier_0': 3, 'tier_1': 4, 'tier_2': 6, 'tier_3': 4, 'tier_4': 4}"
2024-11-28T19:00:00,7988,19,"{'tier_0': 2, 'tier_1': 4, 'tier_2': 5, 'tier_3': 4, 'tier_4': 4}"
2024-11-28T20:00:00,7989,21,"{'tier_0': 2, 'tier_1': 5, 'tier_2': 6, 'tier_3': 4, 'tier_4': 4}"
2024-11-28T21:00:00,7990,21,"{'tier_0': 2, 'tier_1': 5, 'tier_2': 6, 'tier_3': 4, 'tier_4': 4}"
2024-11-28T22:00:00,7991,20,"{'tier_0': 2, 'tier_1': 4, 'tier_2': 6, 'tier_3': 4, 'tier_4': 4}"
2024-11-28T23:00:00,7992,20,"{'tier_0': 2, 'tier_1': 5, 'tier_2': 6, 'tier_3': 4, 'tier_4': 3}"
2024-11-29T00:00:00,7993,21,"{'tier_0': 2, 'tier_1': 4, 'tier_2': 6, 'tier_3': 5, 'tier_4': 4}"
2024-11-29T01:00:00,7994,19,"{'tier_0': 2, 'tier_1': 4, 'tier_2': 6, 'tier_3': 4, 'tier_4': 3}"
2024-11-29T02:00:00,7995,19,"{'tier_0': 2, 'tier_1': 4, 'tier_2': 5, 'tier_3': 5, 'tier_4': 3}"
2024-11-29T03:00:00,7996,20,"{'tier_0': 2, 'tier_1': 5, 'tier_2': 6, 'tier_3': 4, 'tier_4': 3}"
2024-11-29T04:00:00,7997,21,"{'tier_0': 2, 'tier_1': 5, 'tier_2': 6, 'tier_3': 4, 'tier_4': 4}"
2024-11-29T05:00:00,7998,18,"{'tier_0': 2, 'tier_1': 4, 'tier_2': 5, 'tier_3': 4, 'tier_4': 3}"
2024-11-29T06:00:00,7999,20,"{'tier_0': 2, 'tier_1': 5, 'tier_2': 6, 'tier_3': 4, 'tier_4': 3}"
2024-11-29T07:00:00,8000,21,"{'tier_0': 2, 'tier_1': 5, 'tier_2': 6, 'tier_3': 4, 'tier_4': 4}"
2024-11-29T08:00:00,8001,20,"{'tier_0': 2, 'tier_1': 4, 'tier_2': 6, 'tier_3': 4, 'tier_4': 4}"
2024-11-29T09:00:00,8002,20,"{'tier_0': 2, 'tier_1': 4, 'tier_2': 6, 'tier_3': 4, 'tier_4': 4}"
2024-11-29T10:00:00,8003,19,"{'tier_0': 2, 'tier_1': 4, 'tier_2': 5, 'tier_3': 4, 'tier_4': 4}"
2024-11-29T11:00:00,8004,20,"{'tier_0': 2, 'tier_1': 5, 'tier_2': 6, 'tier_3': 4, 'tier_4': 3}"
2024-11-29T12:00:00,8005,18,"{'tier_0': 2, 'tier_1': 4, 'tier_2': 5, 'tier_3': 4, 'tier_4': 3}"
2024-11-29T13:00:00,8006,19,"{'tier_0': 2, 'tier_1': 4, 'tier_2': 5, 'tier_3': 4, 'tier_4': 4}"
2024-11-29T14:00:00,8007,20,"{'tier_0': 2, 'tier_1': 4, 'tier_2': 6, 'tier_3': 4, 'tier_4': 4}"
2024-11-29T15:00:00,8008,20,"{'tier_0': 3, 'tier_1': 4, 'tier_2': 6, 'tier_3': 4, 'tier_4': 3}"
2024-11-29T16:00:00,8009,21,"{'tier_0': 2, 'tier_1': 5, 'tier_2': 6, 'tier_3': 4, 'tier_4': 4}"
2024-11-29T17:00:00,8010,19,"{'tier_0': 1, 'tier_1': 5, 'tier_2': 6, 'tier_3': 4, 'tier_4': 3}"
2024-11-29T18:00:00,8011,20,"{'tier_0': 2, 'tier_1': 4, 'tier_2': 6, 'tier_3': 4, 'tier_4': 4}"
2024-11-29T19:00:00,8012,20,"{'tier_0': 2, 'tier_1': 5, 'tier_2': 6, 'tier_3': 4, 'tier_4': 3}"
2024-11-29T20:00:00,8013,19,"{'tier_0': 2, 'tier_1': 4, 'tier_2': 5, 'tier_3': 4, 'tier_4': 4}"
2024-11-29T21:00:00,8014,19,"{'tier_0': 2, 'tier_1': 4, 'tier_2': 6, 'tier_3': 4, 'tier_4': 3}"
2024-11-29T22:00:00,8015,20,"{'tier_0': 2, 'tier_1': 4, 'tier_2': 6, 'tier_3': 4, 'tier_4': 4}"
2024-11-29T23:00:00,8016,19,"{'tier_0': 2, 'tier_1': 4, 'tier_2': 6, 'tier_3': 4, 'tier_4': 3}"
2024-11-30T00:00:00,8017,21,"{'tier_0': 2, 'tier_1': 5, 'tier_2': 6, 'tier_3': 4, 'tier_4': 4}"
2024-11-30T01:00:00,8018,20,"{'tier_0': 2, 'tier_1': 4, 'tier_2': 6, 'tier_3': 4, 'tier_4': 4}"
2024-11-30T02:00:00,8019,21,"{'tier_0': 3, 'tier_1': 4, 'tier_2': 6, 'tier_3': 4, 'tier_4': 4}"
2024-11-30T03:00:00,8020,20,"{'tier_0': 2, 'tier_1': 5, 'tier_2': 6, 'tier_3': 4, 'tier_4': 3}"
2024-11-30T04:00:00,8021,20,"{'tier_0': 2, 'tier_1': 5, 'tier_2': 6, 'tier_3': 4, 'tier_4': 3}"
2024-11-30T05:00:00,8022,18,"{'tier_0': 2, 'tier_1': 4, 'tier_2': 5, 'tier_3': 4, 'tier_4': 3}"
2024-11-30T06:00:00,8023,20,"{'tier_0': 2, 'tier_1': 4, 'tier_2': 6, 'tier_3': 4, 'tier_4': 4}"
2024-11-30T07:00:00,8024,21,"{'tier_0': 3, 'tier_1': 4, 'tier_2': 6, 'tier_3': 4, 'tier_4': 4}"
2024-11-30T08:00:00,8025,18,"{'tier_0': 2, 'tier_1': 4, 'tier_2': 5, 'tier_3': 4, 'tier_4': 3}"
2024-11-30T09:00:00,8026,20,"{'tier_0': 2, 'tier_1': 5, 'tier_2': 6, 'tier_3': 4, 'tier_4': 3}"
2024-11-30T10:00:00,8027,21,"{'tier_0': 2, 'tier_1': 5, 'tier_2': 6, 'tier_3': 4, 'tier_4': 4}"
2024-11-30T11:00:00,8028,20,"{'tier_0': 3, 'tier_1': 3, 'tier_2': 6, 'tier_3': 4, 'tier_4': 4}"
2024-11-30T12:00:00,8029,19,"{'tier_0': 2, 'tier_1': 4, 'tier_2': 5, 'tier_3': 4, 'tier_4': 4}"
2024-11-30T13:00:00,8030,20,"{'tier_0': 2, 'tier_1': 5, 'tier_2': 6, 'tier_3': 4, 'tier_4': 3}"
2024-11-30T14:00:00,8031,20,"{'tier_0': 2, 'tier_1': 5, 'tier_2': 6, 'tier_3': 4, 'tier_4': 3}"
2024-11-30T15:00:00,8032,20,"{'tier_0': 3, 'tier_1': 4, 'tier_2': 6, 'tier_3': 4, 'tier_4': 3}"
2024-11-30T16:00:00,8033,19,"{'tier_0': 2, 'tier_1': 4, 'tier_2': 6, 'tier_3': 4, 'tier_4': 3}"
2024-11-30T17:00:00,8034,18,"{'tier_0': 2, 'tier_1': 4, 'tier_2': 5, 'tier_3': 4, 'tier_4': 3}"
2024-11-30T18:00:00,8035,18,"{'tier_0': 2, 'tier_1': 4, 'tier_2': 5, 'tier_3': 4, 'tier_4': 3}"
2024-11-30T19:00:00,8036,20,"{'tier_0': 3, 'tier_1': 4, 'tier_2': 6, 'tier_3': 4, 'tier_4': 3}"
2024-11-30T20:00:00,8037,20,"{'tier_0': 3, 'tier_1': 4, 'tier_2': 6, 'tier_3': 4, 'tier_4': 3}"
2024-11-30T21:00:00,8038,21,"{'tier_0': 2, 'tier_1': 5, 'tier_2': 6, 'tier_3': 4, 'tier_4': 4}"
2024-11-30T22:00:00,8039,20,"{'tier_0': 2, 'tier_1': 4, 'tier_2': 6, 'tier_3': 4, 'tier_4': 4}"
2024-11-30T23:00:00,8040,20,"{'tier_0': 3, 'tier_1': 4, 'tier_2': 6, 'tier_3': 4, 'tier_4': 3}"
2024-12-01T00:00:00,8041,19,"{'tier_0': 2, 'tier_1': 4, 'tier_2': 6, 'tier_3': 4, 'tier_4': 3}"
2024-12-01T01:00:00,8042,21,"{'tier_0': 2, 'tier_1': 5, 'tier_2': 6, 'tier_3': 4, 'tier_4': 4}"
2024-12-01T02:00:00,8043,20,"{'tier_0': 2, 'tier_1': 5, 'tier_2': 6, 'tier_3': 4, 'tier_4': 3}"
2024-12-01T03:00:00,8044,19,"{'tier_0': 2, 'tier_1': 4, 'tier_2': 6, 'tier_3': 4, 'tier_4': 3}"
2024-12-01T04:00:00,8045,20,"{'tier_0': 2, 'tier_1': 5, 'tier_2': 6, 'tier_3': 4, 'tier_4': 3}"
2024-12-01T05:00:00,8046,21,"{'tier_0': 2, 'tier_1': 5, 'tier_2': 6, 'tier_3': 4, 'tier_4': 4}"
2024-12-01T06:00:00,8047,19,"{'tier_0': 2, 'tier_1': 4, 'tier_2': 6, 'tier_3': 4, 'tier_4': 3}"
2024-12-01T07:00:00,8048,20,"{'tier_0': 2, 'tier_1': 5, 'tier_2': 6, 'tier_3': 4, 'tier_4': 3}"
2024-12-01T08:00:00,8049,20,"{'tier_0': 2, 'tier_1': 4, 'tier_2': 6, 'tier_3': 4, 'tier_4': 4}"
2024-12-01T09:00:00,8050,20,"{'tier_0': 2, 'tier_1': 4, 'tier_2': 6, 'tier_3': 4, 'tier_4': 4}"
2024-12-01T10:00:00,8051,20,"{'tier_0': 2, 'tier_1': 5, 'tier_2': 6, 'tier_3': 4, 'tier_4': 3}"
2024-12-01T11:00:00,8052,20,"{'tier_0': 2, 'tier_1': 4, 'tier_2': 6, 'tier_3': 4, 'tier_4': 4}"
2024-12-01T12:00:00,8053,20,"{'tier_0': 2, 'tier_1': 4, 'tier_2': 6, 'tier_3': 4, 'tier_4': 4}"
2024-12-01T13:00:00,8054,21,"{'tier_0': 2, 'tier_1': 5, 'tier_2': 6, 'tier_3': 4, 'tier_4': 4}"
2024-12-01T14:00:00,8055,20,"{'tier_0': 3, 'tier_1': 4, 'tier_2': 6, 'tier_3': 4, 'tier_4': 3}"
2024-12-01T15:00:00,8056,20,"{'tier_0': 2, 'tier_1': 5, 'tier_2': 6, 'tier_3': 4, 'tier_4': 3}"
2024-12-01T16:00:00,8057,20,"{'tier_0': 2, 'tier_1': 4, 'tier_2': 6, 'tier_3': 4, 'tier_4': 4}"
2024-12-01T17:00:00,8058,21,"{'tier_0': 3, 'tier_1': 4, 'tier_2': 6, 'tier_3': 4, 'tier_4': 4}"
2024-12-01T18:00:00,8059,18,"{'tier_0': 2, 'tier_1': 4, 'tier_2': 5, 'tier_3': 4, 'tier_4': 3}"
2024-12-01T19:00:00,8060,20,"{'tier_0': 3, 'tier_1': 3, 'tier_2': 6, 'tier_3': 4, 'tier_4': 4}"
2024-12-01T20:00:00,8061,20,"{'tier_0': 2, 'tier_1': 4, 'tier_2': 6, 'tier_3': 4, 'tier_4': 4}"
2024-12-01T21:00:00,8062,20,"{'tier_0': 2, 'tier_1': 5, 'tier_2': 6, 'tier_3': 4, 'tier_4': 3}"
2024-12-01T22:00:00,8063,20,"{'tier_0': 2, 'tier_1': 5, 'tier_2': 6, 'tier_3': 4, 'tier_4': 3}"
2024-12-01T23:00:00,8064,21,"{'tier_0': 2, 'tier_1': 5, 'tier_2': 6, 'tier_3': 4, 'tier_4': 4}"
2024-12-02T00:00:00,8065,20,"{'tier_0': 3, 'tier_1': 4, 'tier_2': 6, 'tier_3': 4, 'tier_4': 3}"
2024-12-02T01:00:00,8066,20,"{'tier_0': 2, 'tier_1': 5, 'tier_2': 6, 'tier_3': 4, 'tier_4': 3}"
2024-12-02T02:00:00,8067,20,"{'tier_0': 2, 'tier_1': 4, 'tier_2': 6, 'tier_3': 4, 'tier_4': 4}"
2024-12-02T03:00:00,8068,20,"{'tier_0': 2, 'tier_1': 5, 'tier_2': 6, 'tier_3': 4, 'tier_4': 3}"
2024-12-02T04:00:00,8069,20,"{'tier_0': 2, 'tier_1': 4, 'tier_2': 6, 'tier_3': 4, 'tier_4': 4}"
2024-12-02T05:00:00,8070,20,"{'tier_0': 2, 'tier_1': 5, 'tier_2': 6, 'tier_3': 4, 'tier_4': 3}"
2024-12-02T06:00:00,8071,21,"{'tier_0': 3, 'tier_1': 4, 'tier_2': 6, 'tier_3': 4, 'tier_4': 4}"
2024-12-02T07:00:00,8072,19,"{'tier_0': 2, 'tier_1': 4, 'tier_2': 5, 'tier_3': 4, 'tier_4': 4}"
2024-12-02T08:00:00,8073,19,"{'tier_0': 2, 'tier_1': 4, 'tier_2': 6, 'tier_3': 4, 'tier_4': 3}"
2024-12-02T09:00:00,8074,21,"{'tier_0': 4, 'tier_1': 3, 'tier_2': 6, 'tier_3': 4, 'tier_4': 4}"
2024-12-02T10:00:00,8075,18,"{'tier_0': 2, 'tier_1': 4, 'tier_2': 5, 'tier_3': 4, 'tier_4': 3}"
2024-12-02T11:00:00,8076,20,"{'tier_0': 2, 'tier_1': 5, 'tier_2': 6, 'tier_3': 4, 'tier_4': 3}"
2024-12-02T12:00:00,8077,20,"{'tier_0': 2, 'tier_1': 5, 'tier_2': 6, 'tier_3': 4, 'tier_4': 3}"
2024-12-02T13:00:00,8078,20,"{'tier_0': 2, 'tier_1': 5, 'tier_2': 6, 'tier_3': 4, 'tier_4': 3}"
2024-12-02T14:00:00,8079,21,"{'tier_0': 3, 'tier_1': 4, 'tier_2': 6, 'tier_3': 4, 'tier_4': 4}"
2024-12-02T15:00:00,8080,19,"{'tier_0': 2, 'tier_1': 4, 'tier_2': 6, 'tier_3': 4, 'tier_4': 3}"
2024-12-02T16:00:00,8081,20,"{'tier_0': 2, 'tier_1': 4, 'tier_2': 5, 'tier_3': 5, 'tier_4': 4}"
2024-12-02T17:00:00,8082,20,"{'tier_0': 2, 'tier_1': 4, 'tier_2': 6, 'tier_3': 4, 'tier_4': 4}"
2024-12-02T18:00:00,8083,20,"{'tier_0': 2, 'tier_1': 4, 'tier_2': 6, 'tier_3': 4, 'tier_4': 4}"
2024-12-02T19:00:00,8084,20,"{'tier_0': 2, 'tier_1': 4, 'tier_2': 6, 'tier_3': 4, 'tier_4': 4}"
2024-12-02T20:00:00,8085,21,"{'tier_0': 2, 'tier_1': 4, 'tier_2': 6, 'tier_3': 5, 'tier_4': 4}"
2024-12-02T21:00:00,8086,19,"{'tier_0': 2, 'tier_1': 4, 'tier_2': 5, 'tier_3': 4, 'tier_4': 4}"
2024-12-02T22:00:00,8087,20,"{'tier_0': 2, 'tier_1': 5, 'tier_2': 6, 'tier_3': 4, 'tier_4': 3}"
2024-12-02T23:00:00,8088,20,"{'tier_0': 2, 'tier_1': 4, 'tier_2': 5, 'tier_3': 5, 'tier_4': 4}"
2024-12-03T00:00:00,8089,18,"{'tier_0': 2, 'tier_1': 4, 'tier_2': 5, 'tier_3': 4, 'tier_4': 3}"
2024-12-03T01:00:00,8090,21,"{'tier_0': 3, 'tier_1': 4, 'tier_2': 6, 'tier_3': 4, 'tier_4': 4}"
2024-12-03T02:00:00,8091,20,"{'tier_0': 2, 'tier_1': 4, 'tier_2': 6, 'tier_3': 4, 'tier_4': 4}"
2024-12-03T03:00:00,8092,20,"{'tier_0': 3, 'tier_1': 4, 'tier_2': 6, 'tier_3': 4, 'tier_4': 3}"
2024-12-03T04:00:00,8093,21,"{'tier_0': 2, 'tier_1': 5, 'tier_2': 6, 'tier_3': 4, 'tier_4': 4}"
2024-12-03T05:00:00,8094,19,"{'tier_0': 2, 'tier_1': 4, 'tier_2': 5, 'tier_3': 4, 'tier_4': 4}"
2024-12-03T06:00:00,8095,21,"{'tier_0': 2, 'tier_1': 5, 'tier_2': 6, 'tier_3': 5, 'tier_4': 3}"
2024-12-03T07:00:00,8096,19,"{'tier_0': 2, 'tier_1': 4, 'tier_2': 5, 'tier_3': 4, 'tier_4': 4}"
2024-12-03T08:00:00,8097,20,"{'tier_0': 3, 'tier_1': 4, 'tier_2': 6, 'tier_3': 4, 'tier_4': 3}"
2024-12-03T09:00:00,8098,21,"{'tier_0': 2, 'tier_1': 4, 'tier_2': 6, 'tier_3': 5, 'tier_4': 4}"
2024-12-03T10:00:00,8099,20,"{'tier_0': 2, 'tier_1': 4, 'tier_2': 6, 'tier_3': 4, 'tier_4': 4}"
2024-12-03T11:00:00,8100,19,"{'tier_0': 2, 'tier_1': 4, 'tier_2': 6, 'tier_3': 4, 'tier_4': 3}"
2024-12-03T12:00:00,8101,19,"{'tier_0': 2, 'tier_1': 4, 'tier_2': 5, 'tier_3': 4, 'tier_4': 4}"
2024-12-03T13:00:00,8102,18,"{'tier_0': 2, 'tier_1': 4, 'tier_2': 5, 'tier_3': 4, 'tier_4': 3}"
2024-12-03T14:00:00,8103,20,"{'tier_0': 2, 'tier_1': 4, 'tier_2': 6, 'tier_3': 4, 'tier_4': 4}"
2024-12-03T15:00:00,8104,19,"{'tier_0': 2, 'tier_1': 4, 'tier_2': 5, 'tier_3': 5, 'tier_4': 3}"
2024-12-03T16:00:00,8105,19,"{'tier_0': 2, 'tier_1': 4, 'tier_2': 5, 'tier_3': 4, 'tier_4': 4}"
2024-12-03T17:00:00,8106,18,"{'tier_0': 2, 'tier_1': 4, 'tier_2': 5, 'tier_3': 4, 'tier_4': 3}"
2024-12-03T18:00:00,8107,20,"{'tier_0': 3, 'tier_1': 4, 'tier_2': 6, 'tier_3': 4, 'tier_4': 3}"
2024-12-03T19:00:00,8108,21,"{'tier_0': 2, 'tier_1': 5, 'tier_2': 6, 'tier_3': 4, 'tier_4': 4}"
2024-12-03T20:00:00,8109,20,"{'tier_0': 2, 'tier_1': 4, 'tier_2': 6, 'tier_3': 4, 'tier_4': 4}"
2024-12-03T21:00:00,8110,20,"{'tier_0': 3, 'tier_1': 4, 'tier_2': 6, 'tier_3': 4, 'tier_4': 3}"
2024-12-03T22:00:00,8111,20,"{'tier_0': 3, 'tier_1': 4, 'tier_2': 6, 'tier_3': 4, 'tier_4': 3}"
2024-12-03T23:00:00,8112,20,"{'tier_0': 2, 'tier_1': 4, 'tier_2': 6, 'tier_3': 4, 'tier_4': 4}"
2024-12-04T00:00:00,8113,20,"{'tier_0': 2, 'tier_1': 5, 'tier_2': 6, 'tier_3': 4, 'tier_4': 3}"
2024-12-04T01:00:00,8114,20,"{'tier_0': 2, 'tier_1': 5, 'tier_2': 6, 'tier_3': 4, 'tier_4': 3}"
2024-12-04T02:00:00,8115,19,"{'tier_0': 2, 'tier_1': 4, 'tier_2': 6, 'tier_3': 4, 'tier_4': 3}"
2024-12-04T03:00:00,8116,20,"{'tier_0': 2, 'tier_1': 5, 'tier_2': 6, 'tier_3': 4, 'tier_4': 3}"
2024-12-04T04:00:00,8117,20,"{'tier_0': 3, 'tier_1': 4, 'tier_2': 6, 'tier_3': 4, 'tier_4': 3}"
2024-12-04T05:00:00,8118,19,"{'tier_0': 2, 'tier_1': 4, 'tier_2': 5, 'tier_3': 4, 'tier_4': 4}"
2024-12-04T06:00:00,8119,18,"{'tier_0': 3, 'tier_1': 3, 'tier_2': 5, 'tier_3': 4, 'tier_4': 3}"
2024-12-04T07:00:00,8120,20,"{'tier_0': 2, 'tier_1': 5, 'tier_2': 6, 'tier_3': 4, 'tier_4': 3}"
2024-12-04T08:00:00,8121,20,"{'tier_0': 2, 'tier_1': 5, 'tier_2': 6, 'tier_3': 4, 'tier_4': 3}"
2024-12-04T09:00:00,8122,18,"{'tier_0': 2, 'tier_1': 4, 'tier_2': 5, 'tier_3': 4, 'tier_4': 3}"
2024-12-04T10:00:00,8123,18,"{'tier_0': 2, 'tier_1': 4, 'tier_2': 5, 'tier_3': 4, 'tier_4': 3}"
2024-12-04T11:00:00,8124,19,"{'tier_0': 2, 'tier_1': 4, 'tier_2': 6, 'tier_3': 4, 'tier_4': 3}"
2024-12-04T12:00:00,8125,21,"{'tier_0': 2, 'tier_1': 4, 'tier_2': 6, 'tier_3': 5, 'tier_4': 4}"
2024-12-04T13:00:00,8126,20,"{'tier_0': 2, 'tier_1': 5, 'tier_2': 6, 'tier_3': 4, 'tier_4': 3}"
2024-12-04T14:00:00,8127,21,"{'tier_0': 2, 'tier_1': 5, 'tier_2': 6, 'tier_3': 4, 'tier_4': 4}"
2024-12-04T15:00:00,8128,20,"{'tier_0': 3, 'tier_1': 4, 'tier_2': 6, 'tier_3': 4, 'tier_4': 3}"
2024-12-04T16:00:00,8129,21,"{'tier_0': 2, 'tier_1': 5, 'tier_2': 6, 'tier_3': 4, 'tier_4': 4}"
2024-12-04T17:00:00,8130,20,"{'tier_0': 2, 'tier_1': 4, 'tier_2': 6, 'tier_3': 4, 'tier_4': 4}"
2024-12-04T18:00:00,8131,19,"{'tier_0': 2, 'tier_1': 4, 'tier_2': 5, 'tier_3': 4, 'tier_4': 4}"
2024-12-04T19:00:00,8132,20,"{'tier_0': 2, 'tier_1': 4, 'tier_2': 6, 'tier_3': 4, 'tier_4': 4}"
2024-12-04T20:00:00,8133,20,"{'tier_0': 2, 'tier_1': 5, 'tier_2': 6, 'tier_3': 4, 'tier_4': 3}"
2024-12-04T21:00:00,8134,18,"{'tier_0': 3, 'tier_1': 3, 'tier_2': 5, 'tier_3': 4, 'tier_4': 3}"
2024-12-04T22:00:00,8135,21,"{'tier_0': 2, 'tier_1': 4, 'tier_2': 6, 'tier_3': 5, 'tier_4': 4}"
2024-12-04T23:00:00,8136,19,"{'tier_0': 2, 'tier_1': 4, 'tier_2': 6, 'tier_3': 4, 'tier_4': 3}"
2024-12-05T00:00:00,8137,19,"{'tier_0': 2, 'tier_1': 4, 'tier_2': 5, 'tier_3': 4, 'tier_4': 4}"
2024-12-05T01:00:00,8138,21,"{'tier_0': 2, 'tier_1': 5, 'tier_2': 6, 'tier_3': 4, 'tier_4': 4}"
2024-12-05T02:00:00,8139,20,"{'tier_0': 2, 'tier_1': 5, 'tier_2': 6, 'tier_3': 4, 'tier_4': 3}"
2024-12-05T03:00:00,8140,19,"{'tier_0': 2, 'tier_1': 4, 'tier_2': 6, 'tier_3': 4, 'tier_4': 3}"
2024-12-05T04:00:00,8141,21,"{'tier_0': 2, 'tier_1': 5, 'tier_2': 6, 'tier_3': 4, 'tier_4': 4}"
2024-12-05T05:00:00,8142,21,"{'tier_0': 3, 'tier_1': 4, 'tier_2': 6, 'tier_3': 4, 'tier_4': 4}"
2024-12-05T06:00:00,8143,20,"{'tier_0': 2, 'tier_1': 4, 'tier_2': 6, 'tier_3': 4, 'tier_4': 4}"
2024-12-05T07:00:00,8144,20,"{'tier_0': 2, 'tier_1': 4, 'tier_2': 6, 'tier_3': 4, 'tier_4': 4}"
2024-12-05T08:00:00,8145,20,"{'tier_0': 3, 'tier_1': 4, 'tier_2': 6, 'tier_3': 4, 'tier_4': 3}"
2024-12-05T09:00:00,8146,20,"{'tier_0': 3, 'tier_1': 4, 'tier_2': 6, 'tier_3': 4, 'tier_4': 3}"
2024-12-05T10:00:00,8147,20,"{'tier_0': 3, 'tier_1': 3, 'tier_2': 6, 'tier_3': 4, 'tier_4': 4}"
2024-12-05T11:00:00,8148,19,"{'tier_0': 2, 'tier_1': 4, 'tier_2': 5, 'tier_3': 4, 'tier_4': 4}"
2024-12-05T12:00:00,8149,21,"{'tier_0': 2, 'tier_1': 5, 'tier_2': 6, 'tier_3': 4, 'tier_4': 4}"
2024-12-05T13:00:00,8150,20,"{'tier_0': 2, 'tier_1': 5, 'tier_2': 6, 'tier_3': 4, 'tier_4': 3}"
2024-12-05T14:00:00,8151,20,"{'tier_0': 2, 'tier_1': 4, 'tier_2': 6, 'tier_3': 4, 'tier_4': 4}"
2024-12-05T15:00:00,8152,20,"{'tier_0': 2, 'tier_1': 5, 'tier_2': 6, 'tier_3': 4, 'tier_4': 3}"
2024-12-05T16:00:00,8153,20,"{'tier_0': 2, 'tier_1': 4, 'tier_2': 6, 'tier_3': 4, 'tier_4': 4}"
2024-12-05T17:00:00,8154,20,"{'tier_0': 2, 'tier_1': 4, 'tier_2': 6, 'tier_3': 4, 'tier_4': 4}"
2024-12-05T18:00:00,8155,20,"{'tier_0': 2, 'tier_1': 4, 'tier_2': 6, 'tier_3': 4, 'tier_4': 4}"
2024-12-05T19:00:00,8156,21,"{'tier_0': 2, 'tier_1': 5, 'tier_2': 6, 'tier_3': 4, 'tier_4': 4}"
2024-12-05T20:00:00,8157,20,"{'tier_0': 2, 'tier_1': 4, 'tier_2': 6, 'tier_3': 4, 'tier_4': 4}"
2024-12-05T21:00:00,8158,20,"{'tier_0': 2, 'tier_1': 5, 'tier_2': 6, 'tier_3': 4, 'tier_4': 3}"
2024-12-05T22:00:00,8159,20,"{'tier_0': 2, 'tier_1': 4, 'tier_2': 6, 'tier_3': 4, 'tier_4': 4}"
2024-12-05T23:00:00,8160,18,"{'tier_0': 2, 'tier_1': 4, 'tier_2': 5, 'tier_3': 4, 'tier_4': 3}"
2024-12-06T00:00:00,8161,20,"{'tier_0': 2, 'tier_1': 5, 'tier_2': 6, 'tier_3': 4, 'tier_4': 3}"
2024-12-06T01:00:00,8162,20,"{'tier_0': 2, 'tier_1': 4, 'tier_2': 6, 'tier_3': 4, 'tier_4': 4}"
2024-12-06T02:00:00,8163,20,"{'tier_0': 2, 'tier_1': 4, 'tier_2': 6, 'tier_3': 4, 'tier_4': 4}"
2024-12-06T03:00:00,8164,19,"{'tier_0': 2, 'tier_1': 4, 'tier_2': 5, 'tier_3': 4, 'tier_4': 4}"
2024-12-06T04:00:00,8165,19,"{'tier_0': 2, 'tier_1': 4, 'tier_2': 5, 'tier_3': 5, 'tier_4': 3}"
2024-12-06T05:00:00,8166,19,"{'tier_0': 2, 'tier_1': 4, 'tier_2': 5, 'tier_3': 4, 'tier_4': 4}"
2024-12-06T06:00:00,8167,19,"{'tier_0': 2, 'tier_1': 4, 'tier_2': 6, 'tier_3': 4, 'tier_4': 3}"
2024-12-06T07:00:00,8168,20,"{'tier_0': 2, 'tier_1': 4, 'tier_2': 6, 'tier_3': 4, 'tier_4': 4}"
2024-12-06T08:00:00,8169,19,"{'tier_0': 2, 'tier_1': 4, 'tier_2': 6, 'tier_3': 4, 'tier_4': 3}"
2024-12-06T09:00:00,8170,20,"{'tier_0': 2, 'tier_1': 4, 'tier_2': 6, 'tier_3': 4, 'tier_4': 4}"
2024-12-06T10:00:00,8171,21,"{'tier_0': 3, 'tier_1': 4, 'tier_2': 6, 'tier_3': 4, 'tier_4': 4}"
2024-12-06T11:00:00,8172,21,"{'tier_0': 4, 'tier_1': 3, 'tier_2': 6, 'tier_3': 4, 'tier_4': 4}"
2024-12-06T12:00:00,8173,21,"{'tier_0': 2, 'tier_1': 5, 'tier_2': 6, 'tier_3': 4, 'tier_4': 4}"
2024-12-06T13:00:00,8174,20,"{'tier_0': 2, 'tier_1': 4, 'tier_2': 6, 'tier_3': 4, 'tier_4': 4}"
2024-12-06T14:00:00,8175,21,"{'tier_0': 2, 'tier_1': 5, 'tier_2': 6, 'tier_3': 5, 'tier_4': 3}"
2024-12-06T15:00:00,8176,20,"{'tier_0': 2, 'tier_1': 4, 'tier_2': 6, 'tier_3': 4, 'tier_4': 4}"
2024-12-06T16:00:00,8177,18,"{'tier_0': 2, 'tier_1': 4, 'tier_2': 5, 'tier_3': 4, 'tier_4': 3}"
2024-12-06T17:00:00,8178,20,"{'tier_0': 2, 'tier_1': 4, 'tier_2': 6, 'tier_3': 4, 'tier_4': 4}"
2024-12-06T18:00:00,8179,21,"{'tier_0': 3, 'tier_1': 4, 'tier_2': 6, 'tier_3': 4, 'tier_4': 4}"
2024-12-06T19:00:00,8180,20,"{'tier_0': 2, 'tier_1': 4, 'tier_2': 6, 'tier_3': 4, 'tier_4': 4}"
2024-12-06T20:00:00,8181,20,"{'tier_0': 3, 'tier_1': 3, 'tier_2': 6, 'tier_3': 4, 'tier_4': 4}"
2024-12-06T21:00:00,8182,20,"{'tier_0': 3, 'tier_1': 4, 'tier_2': 6, 'tier_3': 4, 'tier_4': 3}"
2024-12-06T22:00:00,8183,20,"{'tier_0': 2, 'tier_1': 5, 'tier_2': 6, 'tier_3': 4, 'tier_4': 3}"
2024-12-06T23:00:00,8184,21,"{'tier_0': 2, 'tier_1': 5, 'tier_2': 6, 'tier_3': 4, 'tier_4': 4}"
2024-12-07T00:00:00,8185,20,"{'tier_0': 3, 'tier_1': 3, 'tier_2': 6, 'tier_3': 4, 'tier_4': 4}"
2024-12-07T01:00:00,8186,20,"{'tier_0': 2, 'tier_1': 4, 'tier_2': 6, 'tier_3': 4, 'tier_4': 4}"
2024-12-07T02:00:00,8187,21,"{'tier_0': 2, 'tier_1': 5, 'tier_2': 6, 'tier_3': 4, 'tier_4': 4}"
2024-12-07T03:00:00,8188,19,"{'tier_0': 2, 'tier_1': 4, 'tier_2': 6, 'tier_3': 4, 'tier_4': 3}"
2024-12-07T04:00:00,8189,20,"{'tier_0': 2, 'tier_1': 5, 'tier_2': 6, 'tier_3': 4, 'tier_4': 3}"
2024-12-07T05:00:00,8190,20,"{'tier_0': 2, 'tier_1': 4, 'tier_2': 6, 'tier_3': 4, 'tier_4': 4}"
2024-12-07T06:00:00,8191,20,"{'tier_0': 2, 'tier_1': 4, 'tier_2': 6, 'tier_3': 4, 'tier_4': 4}"
2024-12-07T07:00:00,8192,20,"{'tier_0': 2, 'tier_1': 4, 'tier_2': 6, 'tier_3': 4, 'tier_4': 4}"
2024-12-07T08:00:00,8193,20,"{'tier_0': 2, 'tier_1': 4, 'tier_2': 6, 'tier_3': 4, 'tier_4': 4}"
2024-12-07T09:00:00,8194,20,"{'tier_0': 2, 'tier_1': 5, 'tier_2': 6, 'tier_3': 4, 'tier_4': 3}"
2024-12-07T10:00:00,8195,21,"{'tier_0': 2, 'tier_1': 4, 'tier_2': 6, 'tier_3': 5, 'tier_4': 4}"
2024-12-07T11:00:00,8196,21,"{'tier_0': 2, 'tier_1': 5, 'tier_2': 6, 'tier_3': 4, 'tier_4': 4}"
2024-12-07T12:00:00,8197,20,"{'tier_0': 3, 'tier_1': 3, 'tier_2': 6, 'tier_3': 4, 'tier_4': 4}"
2024-12-07T13:00:00,8198,20,"{'tier_0': 2, 'tier_1': 5, 'tier_2': 6, 'tier_3': 4, 'tier_4': 3}"
2024-12-07T14:00:00,8199,20,"{'tier_0': 3, 'tier_1': 3, 'tier_2': 6, 'tier_3': 4, 'tier_4': 4}"
2024-12-07T15:00:00,8200,20,"{'tier_0': 2, 'tier_1': 5, 'tier_2': 6, 'tier_3': 4, 'tier_4': 3}"
2024-12-07T16:00:00,8201,20,"{'tier_0': 2, 'tier_1': 4, 'tier_2': 6, 'tier_3': 4, 'tier_4': 4}"
2024-12-07T17:00:00,8202,20,"{'tier_0': 2, 'tier_1': 5, 'tier_2': 6, 'tier_3': 4, 'tier_4': 3}"
2024-12-07T18:00:00,8203,19,"{'tier_0': 3, 'tier_1': 3, 'tier_2': 5, 'tier_3': 4, 'tier_4': 4}"
2024-12-07T19:00:00,8204,21,"{'tier_0': 2, 'tier_1': 5, 'tier_2': 6, 'tier_3': 4, 'tier_4': 4}"
2024-12-07T20:00:00,8205,20,"{'tier_0': 3, 'tier_1': 3, 'tier_2': 6, 'tier_3': 4, 'tier_4': 4}"
2024-12-07T21:00:00,8206,21,"{'tier_0': 2, 'tier_1': 4, 'tier_2': 6, 'tier_3': 4, 'tier_4': 5}"
2024-12-07T22:00:00,8207,20,"{'tier_0': 2, 'tier_1': 4, 'tier_2': 6, 'tier_3': 4, 'tier_4': 4}"
2024-12-07T23:00:00,8208,20,"{'tier_0': 2, 'tier_1': 5, 'tier_2': 6, 'tier_3': 4, 'tier_4': 3}"
2024-12-08T00:00:00,8209,19,"{'tier_0': 2, 'tier_1': 4, 'tier_2': 6, 'tier_3': 4, 'tier_4': 3}"
2024-12-08T01:00:00,8210,20,"{'tier_0': 2, 'tier_1': 4, 'tier_2': 6, 'tier_3': 4, 'tier_4': 4}"
2024-12-08T02:00:00,8211,21,"{'tier_0': 2, 'tier_1': 5, 'tier_2': 6, 'tier_3': 4, 'tier_4': 4}"
2024-12-08T03:00:00,8212,20,"{'tier_0': 3, 'tier_1': 3, 'tier_2': 6, 'tier_3': 4, 'tier_4': 4}"
2024-12-08T04:00:00,8213,20,"{'tier_0': 2, 'tier_1': 4, 'tier_2': 6, 'tier_3': 4, 'tier_4': 4}"
2024-12-08T05:00:00,8214,20,"{'tier_0': 2, 'tier_1': 5, 'tier_2': 6, 'tier_3': 4, 'tier_4': 3}"
2024-12-08T06:00:00,8215,19,"{'tier_0': 2, 'tier_1': 4, 'tier_2': 5, 'tier_3': 4, 'tier_4': 4}"
2024-12-08T07:00:00,8216,20,"{'tier_0': 2, 'tier_1': 4, 'tier_2': 6, 'tier_3': 4, 'tier_4': 4}"
2024-12-08T08:00:00,8217,21,"{'tier_0': 2, 'tier_1': 5, 'tier_2': 6, 'tier_3': 4, 'tier_4': 4}"
2024-12-08T09:00:00,8218,20,"{'tier_0': 2, 'tier_1': 4, 'tier_2': 6, 'tier_3': 4, 'tier_4': 4}"
2024-12-08T10:00:00,8219,20,"{'tier_0': 3, 'tier_1': 4, 'tier_2': 6, 'tier_3': 4, 'tier_4': 3}"
2024-12-08T11:00:00,8220,20,"{'tier_0': 3, 'tier_1': 4, 'tier_2': 6, 'tier_3': 4, 'tier_4': 3}"
2024-12-08T12:00:00,8221,20,"{'tier_0': 2, 'tier_1': 4, 'tier_2': 6, 'tier_3': 4, 'tier_4': 4}"
2024-12-08T13:00:00,8222,20,"{'tier_0': 2, 'tier_1': 5, 'tier_2': 6, 'tier_3': 4, 'tier_4': 3}"
2024-12-08T14:00:00,8223,20,"{'tier_0': 2, 'tier_1': 5, 'tier_2': 6, 'tier_3': 4, 'tier_4': 3}"
2024-12-08T15:00:00,8224,20,"{'tier_0': 2, 'tier_1': 5, 'tier_2': 6, 'tier_3': 4, 'tier_4': 3}"
2024-12-08T16:00:00,8225,20,"{'tier_0': 2, 'tier_1': 4, 'tier_2': 6, 'tier_3': 4, 'tier_4': 4}"
2024-12-08T17:00:00,8226,20,"{'tier_0': 2, 'tier_1': 4, 'tier_2': 6, 'tier_3': 4, 'tier_4': 4}"
2024-12-08T18:00:00,8227,21,"{'tier_0': 3, 'tier_1': 4, 'tier_2': 6, 'tier_3': 4, 'tier_4': 4}"
2024-12-08T19:00:00,8228,21,"{'tier_0': 2, 'tier_1': 5, 'tier_2': 6, 'tier_3': 4, 'tier_4': 4}"
2024-12-08T20:00:00,8229,20,"{'tier_0': 2, 'tier_1': 4, 'tier_2': 5, 'tier_3': 5, 'tier_4': 4}"
2024-12-08T21:00:00,8230,21,"{'tier_0': 2, 'tier_1': 5, 'tier_2': 6, 'tier_3': 4, 'tier_4': 4}"
2024-12-08T22:00:00,8231,19,"{'tier_0': 2, 'tier_1': 4, 'tier_2': 5, 'tier_3': 4, 'tier_4': 4}"
2024-12-08T23:00:00,8232,19,"{'tier_0': 2, 'tier_1': 4, 'tier_2': 5, 'tier_3': 4, 'tier_4': 4}"
2024-12-09T00:00:00,8233,21,"{'tier_0': 2, 'tier_1': 5, 'tier_2': 6, 'tier_3': 4, 'tier_4': 4}"
2024-12-09T01:00:00,8234,21,"{'tier_0': 2, 'tier_1': 5, 'tier_2': 6, 'tier_3': 4, 'tier_4': 4}"
2024-12-09T02:00:00,8235,20,"{'tier_0': 2, 'tier_1': 5, 'tier_2': 6, 'tier_3': 4, 'tier_4': 3}"
2024-12-09T03:00:00,8236,20,"{'tier_0': 2, 'tier_1': 5, 'tier_2': 6, 'tier_3': 4, 'tier_4': 3}"
2024-12-09T04:00:00,8237,21,"{'tier_0': 3, 'tier_1': 4, 'tier_2': 6, 'tier_3': 4, 'tier_4': 4}"
2024-12-09T05:00:00,8238,20,"{'tier_0': 2, 'tier_1': 5, 'tier_2': 6, 'tier_3': 4, 'tier_4': 3}"
2024-12-09T06:00:00,8239,20,"{'tier_0': 2, 'tier_1': 4, 'tier_2': 6, 'tier_3': 4, 'tier_4': 4}"
2024-12-09T07:00:00,8240,20,"{'tier_0': 2, 'tier_1': 5, 'tier_2': 6, 'tier_3': 4, 'tier_4': 3}"
2024-12-09T08:00:00,8241,20,"{'tier_0': 2, 'tier_1': 5, 'tier_2': 6, 'tier_3': 4, 'tier_4': 3}"
2024-12-09T09:00:00,8242,20,"{'tier_0': 2, 'tier_1': 5, 'tier_2': 6, 'tier_3': 4, 'tier_4': 3}"
2024-12-09T10:00:00,8243,18,"{'tier_0': 2, 'tier_1': 4, 'tier_2': 5, 'tier_3': 4, 'tier_4': 3}"
2024-12-09T11:00:00,8244,20,"{'tier_0': 2, 'tier_1': 5, 'tier_2': 6, 'tier_3': 4, 'tier_4': 3}"
2024-12-09T12:00:00,8245,20,"{'tier_0': 3, 'tier_1': 3, 'tier_2': 6, 'tier_3': 4, 'tier_4': 4}"
2024-12-09T13:00:00,8246,21,"{'tier_0': 3, 'tier_1': 4, 'tier_2': 6, 'tier_3': 4, 'tier_4': 4}"
2024-12-09T14:00:00,8247,20,"{'tier_0': 2, 'tier_1': 5, 'tier_2': 6, 'tier_3': 4, 'tier_4': 3}"
2024-12-09T15:00:00,8248,20,"{'tier_0': 2, 'tier_1': 5, 'tier_2': 6, 'tier_3': 4, 'tier_4': 3}"
2024-12-09T16:00:00,8249,19,"{'tier_0': 2, 'tier_1': 4, 'tier_2': 6, 'tier_3': 4, 'tier_4': 3}"
2024-12-09T17:00:00,8250,20,"{'tier_0': 2, 'tier_1': 5, 'tier_2': 6, 'tier_3': 4, 'tier_4': 3}"
2024-12-09T18:00:00,8251,20,"{'tier_0': 2, 'tier_1': 4, 'tier_2': 6, 'tier_3': 4, 'tier_4': 4}"
2024-12-09T19:00:00,8252,21,"{'tier_0': 2, 'tier_1': 4, 'tier_2': 6, 'tier_3': 4, 'tier_4': 5}"
2024-12-09T20:00:00,8253,20,"{'tier_0': 3, 'tier_1': 3, 'tier_2': 6, 'tier_3': 4, 'tier_4': 4}"
2024-12-09T21:00:00,8254,21,"{'tier_0': 3, 'tier_1': 4, 'tier_2': 6, 'tier_3': 4, 'tier_4': 4}"
2024-12-09T22:00:00,8255,20,"{'tier_0': 2, 'tier_1': 4, 'tier_2': 6, 'tier_3': 4, 'tier_4': 4}"
2024-12-09T23:00:00,8256,20,"{'tier_0': 2, 'tier_1': 4, 'tier_2': 6, 'tier_3': 4, 'tier_4': 4}"
2024-12-10T00:00:00,8257,18,"{'tier_0': 2, 'tier_1': 4, 'tier_2': 5, 'tier_3': 4, 'tier_4': 3}"
2024-12-10T01:00:00,8258,21,"{'tier_0': 3, 'tier_1': 4, 'tier_2': 6, 'tier_3': 4, 'tier_4': 4}"
2024-12-10T02:00:00,8259,20,"{'tier_0': 2, 'tier_1': 5, 'tier_2': 6, 'tier_3': 4, 'tier_4': 3}"
2024-12-10T03:00:00,8260,21,"{'tier_0': 2, 'tier_1': 5, 'tier_2': 6, 'tier_3': 5, 'tier_4': 3}"
2024-12-10T04:00:00,8261,20,"{'tier_0': 2, 'tier_1': 4, 'tier_2': 6, 'tier_3': 4, 'tier_4': 4}"
2024-12-10T05:00:00,8262,19,"{'tier_0': 2, 'tier_1': 4, 'tier_2': 5, 'tier_3': 4, 'tier_4': 4}"
2024-12-10T06:00:00,8263,19,"{'tier_0': 2, 'tier_1': 4, 'tier_2': 6, 'tier_3': 4, 'tier_4': 3}"
2024-12-10T07:00:00,8264,21,"{'tier_0': 2, 'tier_1': 5, 'tier_2': 6, 'tier_3': 4, 'tier_4': 4}"
2024-12-10T08:00:00,8265,20,"{'tier_0': 3, 'tier_1': 3, 'tier_2': 6, 'tier_3': 4, 'tier_4': 4}"
2024-12-10T09:00:00,8266,21,"{'tier_0': 2, 'tier_1': 5, 'tier_2': 6, 'tier_3': 4, 'tier_4': 4}"
2024-12-10T10:00:00,8267,21,"{'tier_0': 4, 'tier_1': 3, 'tier_2': 6, 'tier_3': 4, 'tier_4': 4}"
2024-12-10T11:00:00,8268,21,"{'tier_0': 2, 'tier_1': 5, 'tier_2': 6, 'tier_3': 4, 'tier_4': 4}"
2024-12-10T12:00:00,8269,20,"{'tier_0': 3, 'tier_1': 4, 'tier_2': 6, 'tier_3': 4, 'tier_4': 3}"
2024-12-10T13:00:00,8270,20,"{'tier_0': 2, 'tier_1': 5, 'tier_2': 6, 'tier_3': 4, 'tier_4': 3}"
2024-12-10T14:00:00,8271,18,"{'tier_0': 2, 'tier_1': 4, 'tier_2': 5, 'tier_3': 4, 'tier_4': 3}"
2024-12-10T15:00:00,8272,20,"{'tier_0': 2, 'tier_1': 4, 'tier_2': 6, 'tier_3': 4, 'tier_4': 4}"
2024-12-10T16:00:00,8273,20,"{'tier_0': 2, 'tier_1': 5, 'tier_2': 6, 'tier_3': 4, 'tier_4': 3}"
2024-12-10T17:00:00,8274,20,"{'tier_0': 3, 'tier_1': 4, 'tier_2': 6, 'tier_3': 4, 'tier_4': 3}"
2024-12-10T18:00:00,8275,20,"{'tier_0': 2, 'tier_1': 5, 'tier_2': 6, 'tier_3': 4, 'tier_4': 3}"
2024-12-10T19:00:00,8276,21,"{'tier_0': 2, 'tier_1': 5, 'tier_2': 6, 'tier_3': 4, 'tier_4': 4}"
2024-12-10T20:00:00,8277,20,"{'tier_0': 3, 'tier_1': 4, 'tier_2': 6, 'tier_3': 4, 'tier_4': 3}"
2024-12-10T21:00:00,8278,20,"{'tier_0': 3, 'tier_1': 4, 'tier_2': 6, 'tier_3': 4, 'tier_4': 3}"
2024-12-10T22:00:00,8279,21,"{'tier_0': 3, 'tier_1': 4, 'tier_2': 6, 'tier_3': 4, 'tier_4': 4}"
2024-12-10T23:00:00,8280,20,"{'tier_0': 2, 'tier_1': 5, 'tier_2': 6, 'tier_3': 4, 'tier_4': 3}"
2024-12-11T00:00:00,8281,20,"{'tier_0': 2, 'tier_1': 4, 'tier_2': 6, 'tier_3': 4, 'tier_4': 4}"
2024-12-11T01:00:00,8282,21,"{'tier_0': 2, 'tier_1': 5, 'tier_2': 6, 'tier_3': 4, 'tier_4': 4}"
2024-12-11T02:00:00,8283,19,"{'tier_0': 2, 'tier_1': 4, 'tier_2': 6, 'tier_3': 4, 'tier_4': 3}"
2024-12-11T03:00:00,8284,21,"{'tier_0': 2, 'tier_1': 5, 'tier_2': 6, 'tier_3': 5, 'tier_4': 3}"
2024-12-11T04:00:00,8285,20,"{'tier_0': 2, 'tier_1': 5, 'tier_2': 6, 'tier_3': 4, 'tier_4': 3}"
2024-12-11T05:00:00,8286,20,"{'tier_0': 2, 'tier_1': 4, 'tier_2': 6, 'tier_3': 4, 'tier_4': 4}"
2024-12-11T06:00:00,8287,21,"{'tier_0': 4, 'tier_1': 3, 'tier_2': 6, 'tier_3': 4, 'tier_4': 4}"
2024-12-11T07:00:00,8288,21,"{'tier_0': 2, 'tier_1': 4, 'tier_2': 6, 'tier_3': 4, 'tier_4': 5}"
2024-12-11T08:00:00,8289,19,"{'tier_0': 2, 'tier_1': 4, 'tier_2': 5, 'tier_3': 4, 'tier_4': 4}"
2024-12-11T09:00:00,8290,19,"{'tier_0': 3, 'tier_1': 3, 'tier_2': 5, 'tier_3': 4, 'tier_4': 4}"
2024-12-11T10:00:00,8291,20,"{'tier_0': 3, 'tier_1': 3, 'tier_2': 6, 'tier_3': 4, 'tier_4': 4}"
2024-12-11T11:00:00,8292,20,"{'tier_0': 2, 'tier_1': 5, 'tier_2': 6, 'tier_3': 4, 'tier_4': 3}"
2024-12-11T12:00:00,8293,21,"{'tier_0': 2, 'tier_1': 5, 'tier_2': 6, 'tier_3': 4, 'tier_4': 4}"
2024-12-11T13:00:00,8294,20,"{'tier_0': 2, 'tier_1': 4, 'tier_2': 6, 'tier_3': 4, 'tier_4': 4}"
2024-12-11T14:00:00,8295,20,"{'tier_0': 2, 'tier_1': 4, 'tier_2': 6, 'tier_3': 4, 'tier_4': 4}"
2024-12-11T15:00:00,8296,20,"{'tier_0': 3, 'tier_1': 4, 'tier_2': 6, 'tier_3': 4, 'tier_4': 3}"
2024-12-11T16:00:00,8297,20,"{'tier_0': 2, 'tier_1': 4, 'tier_2': 5, 'tier_3': 5, 'tier_4': 4}"
2024-12-11T17:00:00,8298,20,"{'tier_0': 2, 'tier_1': 4, 'tier_2': 6, 'tier_3': 4, 'tier_4': 4}"
2024-12-11T18:00:00,8299,19,"{'tier_0': 2, 'tier_1': 4, 'tier_2': 6, 'tier_3': 4, 'tier_4': 3}"
2024-12-11T19:00:00,8300,20,"{'tier_0': 3, 'tier_1': 4, 'tier_2': 6, 'tier_3': 4, 'tier_4': 3}"
2024-12-11T20:00:00,8301,20,"{'tier_0': 2, 'tier_1': 5, 'tier_2': 6, 'tier_3': 4, 'tier_4': 3}"
2024-12-11T21:00:00,8302,20,"{'tier_0': 2, 'tier_1': 5, 'tier_2': 6, 'tier_3': 4, 'tier_4': 3}"
2024-12-11T22:00:00,8303,18,"{'tier_0': 2, 'tier_1': 4, 'tier_2': 5, 'tier_3': 4, 'tier_4': 3}"
2024-12-11T23:00:00,8304,20,"{'tier_0': 2, 'tier_1': 4, 'tier_2': 6, 'tier_3': 4, 'tier_4': 4}"
2024-12-12T00:00:00,8305,21,"{'tier_0': 2, 'tier_1': 4, 'tier_2': 6, 'tier_3': 4, 'tier_4': 5}"
2024-12-12T01:00:00,8306,21,"{'tier_0': 4, 'tier_1': 3, 'tier_2': 6, 'tier_3': 4, 'tier_4': 4}"
2024-12-12T02:00:00,8307,21,"{'tier_0': 2, 'tier_1': 5, 'tier_2': 6, 'tier_3': 4, 'tier_4': 4}"
2024-12-12T03:00:00,8308,20,"{'tier_0': 2, 'tier_1': 4, 'tier_2': 6, 'tier_3': 4, 'tier_4': 4}"
2024-12-12T04:00:00,8309,21,"{'tier_0': 2, 'tier_1': 5, 'tier_2': 6, 'tier_3': 4, 'tier_4': 4}"
2024-12-12T05:00:00,8310,20,"{'tier_0': 3, 'tier_1': 4, 'tier_2': 6, 'tier_3': 4, 'tier_4': 3}"
2024-12-12T06:00:00,8311,20,"{'tier_0': 2, 'tier_1': 5, 'tier_2': 6, 'tier_3': 4, 'tier_4': 3}"
2024-12-12T07:00:00,8312,20,"{'tier_0': 2, 'tier_1': 5, 'tier_2': 6, 'tier_3': 4, 'tier_4': 3}"
2024-12-12T08:00:00,8313,19,"{'tier_0': 2, 'tier_1': 4, 'tier_2': 6, 'tier_3': 4, 'tier_4': 3}"
2024-12-12T09:00:00,8314,20,"{'tier_0': 2, 'tier_1': 5, 'tier_2': 6, 'tier_3': 4, 'tier_4': 3}"
2024-12-12T10:00:00,8315,19,"{'tier_0': 2, 'tier_1': 4, 'tier_2': 6, 'tier_3': 4, 'tier_4': 3}"
2024-12-12T11:00:00,8316,20,"{'tier_0': 3, 'tier_1': 4, 'tier_2': 6, 'tier_3': 4, 'tier_4': 3}"
2024-12-12T12:00:00,8317,20,"{'tier_0': 3, 'tier_1': 4, 'tier_2': 6, 'tier_3': 4, 'tier_4': 3}"
2024-12-12T13:00:00,8318,20,"{'tier_0': 2, 'tier_1': 5, 'tier_2': 6, 'tier_3': 4, 'tier_4': 3}"
2024-12-12T14:00:00,8319,20,"{'tier_0': 2, 'tier_1': 5, 'tier_2': 6, 'tier_3': 4, 'tier_4': 3}"
2024-12-12T15:00:00,8320,20,"{'tier_0': 2, 'tier_1': 4, 'tier_2': 6, 'tier_3': 4, 'tier_4': 4}"
2024-12-12T16:00:00,8321,20,"{'tier_0': 2, 'tier_1': 5, 'tier_2': 6, 'tier_3': 4, 'tier_4': 3}"
2024-12-12T17:00:00,8322,20,"{'tier_0': 2, 'tier_1': 4, 'tier_2': 6, 'tier_3': 4, 'tier_4': 4}"
2024-12-12T18:00:00,8323,20,"{'tier_0': 2, 'tier_1': 4, 'tier_2': 6, 'tier_3': 4, 'tier_4': 4}"
2024-12-12T19:00:00,8324,21,"{'tier_0': 2, 'tier_1': 5, 'tier_2': 6, 'tier_3': 4, 'tier_4': 4}"
2024-12-12T20:00:00,8325,20,"{'tier_0': 3, 'tier_1': 4, 'tier_2': 6, 'tier_3': 4, 'tier_4': 3}"
2024-12-12T21:00:00,8326,20,"{'tier_0': 2, 'tier_1': 5, 'tier_2': 6, 'tier_3': 4, 'tier_4': 3}"
2024-12-12T22:00:00,8327,20,"{'tier_0': 2, 'tier_1': 5, 'tier_2': 6, 'tier_3': 4, 'tier_4': 3}"
2024-12-12T23:00:00,8328,20,"{'tier_0': 2, 'tier_1': 4, 'tier_2': 6, 'tier_3': 4, 'tier_4': 4}"
2024-12-13T00:00:00,8329,21,"{'tier_0': 2, 'tier_1': 5, 'tier_2': 6, 'tier_3': 4, 'tier_4': 4}"
2024-12-13T01:00:00,8330,21,"{'tier_0': 2, 'tier_1': 4, 'tier_2': 6, 'tier_3': 5, 'tier_4': 4}"
2024-12-13T02:00:00,8331,21,"{'tier_0': 3, 'tier_1': 4, 'tier_2': 6, 'tier_3': 4, 'tier_4': 4}"
2024-12-13T03:00:00,8332,21,"{'tier_0': 3, 'tier_1': 4, 'tier_2': 6, 'tier_3': 4, 'tier_4': 4}"
2024-12-13T04:00:00,8333,21,"{'tier_0': 4, 'tier_1': 3, 'tier_2': 6, 'tier_3': 4, 'tier_4': 4}"
2024-12-13T05:00:00,8334,18,"{'tier_0': 2, 'tier_1': 4, 'tier_2': 5, 'tier_3': 4, 'tier_4': 3}"
2024-12-13T06:00:00,8335,20,"{'tier_0': 2, 'tier_1': 4, 'tier_2': 6, 'tier_3': 4, 'tier_4': 4}"
2024-12-13T07:00:00,8336,20,"{'tier_0': 2, 'tier_1': 5, 'tier_2': 6, 'tier_3': 4, 'tier_4': 3}"
2024-12-13T08:00:00,8337,19,"{'tier_0': 2, 'tier_1': 4, 'tier_2': 5, 'tier_3': 4, 'tier_4': 4}"
2024-12-13T09:00:00,8338,21,"{'tier_0': 3, 'tier_1': 4, 'tier_2': 6, 'tier_3': 4, 'tier_4': 4}"
2024-12-13T10:00:00,8339,20,"{'tier_0': 2, 'tier_1': 4, 'tier_2': 6, 'tier_3': 4, 'tier_4': 4}"
2024-12-13T11:00:00,8340,20,"{'tier_0': 2, 'tier_1': 4, 'tier_2': 6, 'tier_3': 4, 'tier_4': 4}"
2024-12-13T12:00:00,8341,18,"{'tier_0': 2, 'tier_1': 4, 'tier_2': 5, 'tier_3': 4, 'tier_4': 3}"
2024-12-13T13:00:00,8342,18,"{'tier_0': 2, 'tier_1': 4, 'tier_2': 5, 'tier_3': 4, 'tier_4': 3}"
2024-12-13T14:00:00,8343,20,"{'tier_0': 3, 'tier_1': 3, 'tier_2': 6, 'tier_3': 4, 'tier_4': 4}"
2024-12-13T15:00:00,8344,20,"{'tier_0': 2, 'tier_1': 4, 'tier_2': 6, 'tier_3': 4, 'tier_4': 4}"
2024-12-13T16:00:00,8345,20,"{'tier_0': 2, 'tier_1': 5, 'tier_2': 6, 'tier_3': 4, 'tier_4': 3}"
2024-12-13T17:00:00,8346,18,"{'tier_0': 2, 'tier_1': 4, 'tier_2': 5, 'tier_3': 4, 'tier_4': 3}"
2024-12-13T18:00:00,8347,21,"{'tier_0': 4, 'tier_1': 3, 'tier_2': 6, 'tier_3': 4, 'tier_4': 4}"
2024-12-13T19:00:00,8348,20,"{'tier_0': 3, 'tier_1': 4, 'tier_2': 6, 'tier_3': 4, 'tier_4': 3}"
2024-12-13T20:00:00,8349,20,"{'tier_0': 2, 'tier_1': 5, 'tier_2': 6, 'tier_3': 4, 'tier_4': 3}"
2024-12-13T21:00:00,8350,20,"{'tier_0': 2, 'tier_1': 4, 'tier_2': 6, 'tier_3': 4, 'tier_4': 4}"
2024-12-13T22:00:00,8351,20,"{'tier_0': 2, 'tier_1': 4, 'tier_2': 6, 'tier_3': 4, 'tier_4': 4}"
2024-12-13T23:00:00,8352,20,"{'tier_0': 3, 'tier_1': 3, 'tier_2': 6, 'tier_3': 4, 'tier_4': 4}"
2024-12-14T00:00:00,8353,20,"{'tier_0': 3, 'tier_1': 4, 'tier_2': 6, 'tier_3': 4, 'tier_4': 3}"
2024-12-14T01:00:00,8354,20,"{'tier_0': 2, 'tier_1': 5, 'tier_2': 6, 'tier_3': 4, 'tier_4': 3}"
2024-12-14T02:00:00,8355,20,"{'tier_0': 2, 'tier_1': 5, 'tier_2': 6, 'tier_3': 4, 'tier_4': 3}"
2024-12-14T03:00:00,8356,20,"{'tier_0': 2, 'tier_1': 4, 'tier_2': 6, 'tier_3': 4, 'tier_4': 4}"
2024-12-14T04:00:00,8357,21,"{'tier_0': 2, 'tier_1': 5, 'tier_2': 6, 'tier_3': 4, 'tier_4': 4}"
2024-12-14T05:00:00,8358,20,"{'tier_0': 3, 'tier_1': 4, 'tier_2': 6, 'tier_3': 4, 'tier_4': 3}"
2024-12-14T06:00:00,8359,20,"{'tier_0': 2, 'tier_1': 4, 'tier_2': 6, 'tier_3': 4, 'tier_4': 4}"
2024-12-14T07:00:00,8360,20,"{'tier_0': 2, 'tier_1': 4, 'tier_2': 6, 'tier_3': 4, 'tier_4': 4}"
2024-12-14T08:00:00,8361,20,"{'tier_0': 3, 'tier_1': 3, 'tier_2': 6, 'tier_3': 4, 'tier_4': 4}"
2024-12-14T09:00:00,8362,20,"{'tier_0': 3, 'tier_1': 4, 'tier_2': 6, 'tier_3': 4, 'tier_4': 3}"
2024-12-14T10:00:00,8363,20,"{'tier_0': 2, 'tier_1': 4, 'tier_2': 6, 'tier_3': 4, 'tier_4': 4}"
2024-12-14T11:00:00,8364,19,"{'tier_0': 2, 'tier_1': 4, 'tier_2': 5, 'tier_3': 4, 'tier_4': 4}"
2024-12-14T12:00:00,8365,18,"{'tier_0': 3, 'tier_1': 3, 'tier_2': 5, 'tier_3': 4, 'tier_4': 3}"
2024-12-14T13:00:00,8366,20,"{'tier_0': 3, 'tier_1': 4, 'tier_2': 6, 'tier_3': 4, 'tier_4': 3}"
2024-12-14T14:00:00,8367,20,"{'tier_0': 2, 'tier_1': 4, 'tier_2': 6, 'tier_3': 4, 'tier_4': 4}"
2024-12-14T15:00:00,8368,20,"{'tier_0': 3, 'tier_1': 3, 'tier_2': 6, 'tier_3': 4, 'tier_4': 4}"
2024-12-14T16:00:00,8369,21,"{'tier_0': 2, 'tier_1': 4, 'tier_2': 6, 'tier_3': 5, 'tier_4': 4}"
2024-12-14T17:00:00,8370,19,"{'tier_0': 2, 'tier_1': 4, 'tier_2': 5, 'tier_3': 4, 'tier_4': 4}"
2024-12-14T18:00:00,8371,19,"{'tier_0': 2, 'tier_1': 4, 'tier_2': 5, 'tier_3': 4, 'tier_4': 4}"
2024-12-14T19:00:00,8372,20,"{'tier_0': 2, 'tier_1': 5, 'tier_2': 6, 'tier_3': 4, 'tier_4': 3}"
2024-12-14T20:00:00,8373,20,"{'tier_0': 2, 'tier_1': 5, 'tier_2': 6, 'tier_3': 4, 'tier_4': 3}"
2024-12-14T21:00:00,8374,20,"{'tier_0': 2, 'tier_1': 4, 'tier_2': 6, 'tier_3': 4, 'tier_4': 4}"
2024-12-14T22:00:00,8375,20,"{'tier_0': 3, 'tier_1': 3, 'tier_2': 6, 'tier_3': 4, 'tier_4': 4}"
2024-12-14T23:00:00,8376,20,"{'tier_0': 2, 'tier_1': 4, 'tier_2': 6, 'tier_3': 4, 'tier_4': 4}"
2024-12-15T00:00:00,8377,20,"{'tier_0': 2, 'tier_1': 4, 'tier_2': 6, 'tier_3': 4, 'tier_4': 4}"
2024-12-15T01:00:00,8378,21,"{'tier_0': 2, 'tier_1': 5, 'tier_2': 6, 'tier_3': 4, 'tier_4': 4}"
2024-12-15T02:00:00,8379,19,"{'tier_0': 2, 'tier_1': 4, 'tier_2': 5, 'tier_3': 4, 'tier_4': 4}"
2024-12-15T03:00:00,8380,20,"{'tier_0': 2, 'tier_1': 5, 'tier_2': 6, 'tier_3': 4, 'tier_4': 3}"
2024-12-15T04:00:00,8381,18,"{'tier_0': 2, 'tier_1': 4, 'tier_2': 5, 'tier_3': 4, 'tier_4': 3}"
2024-12-15T05:00:00,8382,20,"{'tier_0': 3, 'tier_1': 4, 'tier_2': 6, 'tier_3': 4, 'tier_4': 3}"
2024-12-15T06:00:00,8383,21,"{'tier_0': 2, 'tier_1': 5, 'tier_2': 6, 'tier_3': 4, 'tier_4': 4}"
2024-12-15T07:00:00,8384,21,"{'tier_0': 2, 'tier_1': 4, 'tier_2': 6, 'tier_3': 5, 'tier_4': 4}"
2024-12-15T08:00:00,8385,20,"{'tier_0': 2, 'tier_1': 5, 'tier_2': 6, 'tier_3': 4, 'tier_4': 3}"
2024-12-15T09:00:00,8386,19,"{'tier_0': 2, 'tier_1': 4, 'tier_2': 5, 'tier_3': 4, 'tier_4': 4}"
2024-12-15T10:00:00,8387,20,"{'tier_0': 3, 'tier_1': 4, 'tier_2': 6, 'tier_3': 4, 'tier_4': 3}"
2024-12-15T11:00:00,8388,20,"{'tier_0': 2, 'tier_1': 5, 'tier_2': 6, 'tier_3': 4, 'tier_4': 3}"
2024-12-15T12:00:00,8389,21,"{'tier_0': 2, 'tier_1': 5, 'tier_2': 6, 'tier_3': 4, 'tier_4': 4}"
2024-12-15T13:00:00,8390,20,"{'tier_0': 2, 'tier_1': 5, 'tier_2': 6, 'tier_3': 4, 'tier_4': 3}"
2024-12-15T14:00:00,8391,21,"{'tier_0': 2, 'tier_1': 4, 'tier_2': 6, 'tier_3': 5, 'tier_4': 4}"
2024-12-15T15:00:00,8392,19,"{'tier_0': 2, 'tier_1': 4, 'tier_2': 6, 'tier_3': 4, 'tier_4': 3}"
2024-12-15T16:00:00,8393,20,"{'tier_0': 2, 'tier_1': 5, 'tier_2': 6, 'tier_3': 4, 'tier_4': 3}"
2024-12-15T17:00:00,8394,19,"{'tier_0': 2, 'tier_1': 4, 'tier_2': 5, 'tier_3': 4, 'tier_4': 4}"
2024-12-15T18:00:00,8395,20,"{'tier_0': 2, 'tier_1': 4, 'tier_2': 6, 'tier_3': 4, 'tier_4': 4}"
2024-12-15T19:00:00,8396,18,"{'tier_0': 2, 'tier_1': 4, 'tier_2': 5, 'tier_3': 4, 'tier_4': 3}"
2024-12-15T20:00:00,8397,21,"{'tier_0': 3, 'tier_1': 4, 'tier_2': 6, 'tier_3': 4, 'tier_4': 4}"
2024-12-15T21:00:00,8398,21,"{'tier_0': 3, 'tier_1': 4, 'tier_2': 6, 'tier_3': 4, 'tier_4': 4}"
2024-12-15T22:00:00,8399,19,"{'tier_0': 2, 'tier_1': 4, 'tier_2': 6, 'tier_3': 4, 'tier_4': 3}"
2024-12-15T23:00:00,8400,20,"{'tier_0': 2, 'tier_1': 4, 'tier_2': 6, 'tier_3': 4, 'tier_4': 4}"
2024-12-16T00:00:00,8401,20,"{'tier_0': 2, 'tier_1': 5, 'tier_2': 6, 'tier_3': 4, 'tier_4': 3}"
2024-12-16T01:00:00,8402,20,"{'tier_0': 2, 'tier_1': 5, 'tier_2': 6, 'tier_3': 4, 'tier_4': 3}"
2024-12-16T02:00:00,8403,21,"{'tier_0': 2, 'tier_1': 4, 'tier_2': 6, 'tier_3': 5, 'tier_4': 4}"
2024-12-16T03:00:00,8404,20,"{'tier_0': 2, 'tier_1': 5, 'tier_2': 6, 'tier_3': 4, 'tier_4': 3}"
2024-12-16T04:00:00,8405,20,"{'tier_0': 2, 'tier_1': 5, 'tier_2': 6, 'tier_3': 4, 'tier_4': 3}"
2024-12-16T05:00:00,8406,20,"{'tier_0': 2, 'tier_1': 4, 'tier_2': 6, 'tier_3': 4, 'tier_4': 4}"
2024-12-16T06:00:00,8407,20,"{'tier_0': 2, 'tier_1': 4, 'tier_2': 6, 'tier_3': 4, 'tier_4': 4}"
2024-12-16T07:00:00,8408,20,"{'tier_0': 2, 'tier_1': 5, 'tier_2': 6, 'tier_3': 4, 'tier_4': 3}"
2024-12-16T08:00:00,8409,20,"{'tier_0': 2, 'tier_1': 5, 'tier_2': 6, 'tier_3': 4, 'tier_4': 3}"
2024-12-16T09:00:00,8410,21,"{'tier_0': 2, 'tier_1': 5, 'tier_2': 6, 'tier_3': 4, 'tier_4': 4}"
2024-12-16T10:00:00,8411,20,"{'tier_0': 2, 'tier_1': 4, 'tier_2': 6, 'tier_3': 4, 'tier_4': 4}"
2024-12-16T11:00:00,8412,20,"{'tier_0': 2, 'tier_1': 5, 'tier_2': 6, 'tier_3': 4, 'tier_4': 3}"
2024-12-16T12:00:00,8413,20,"{'tier_0': 2, 'tier_1': 5, 'tier_2': 6, 'tier_3': 4, 'tier_4': 3}"
2024-12-16T13:00:00,8414,21,"{'tier_0': 2, 'tier_1': 5, 'tier_2': 6, 'tier_3': 4, 'tier_4': 4}"
2024-12-16T14:00:00,8415,20,"{'tier_0': 2, 'tier_1': 4, 'tier_2': 5, 'tier_3': 5, 'tier_4': 4}"
2024-12-16T15:00:00,8416,20,"{'tier_0': 2, 'tier_1': 5, 'tier_2': 6, 'tier_3': 4, 'tier_4': 3}"
2024-12-16T16:00:00,8417,20,"{'tier_0': 2, 'tier_1': 4, 'tier_2': 6, 'tier_3': 4, 'tier_4': 4}"
2024-12-16T17:00:00,8418,20,"{'tier_0': 3, 'tier_1': 4, 'tier_2': 6, 'tier_3': 4, 'tier_4': 3}"
2024-12-16T18:00:00,8419,20,"{'tier_0': 2, 'tier_1': 4, 'tier_2': 6, 'tier_3': 4, 'tier_4': 4}"
2024-12-16T19:00:00,8420,21,"{'tier_0': 2, 'tier_1': 5, 'tier_2': 6, 'tier_3': 4, 'tier_4': 4}"
2024-12-16T20:00:00,8421,21,"{'tier_0': 2, 'tier_1': 5, 'tier_2': 6, 'tier_3': 4, 'tier_4': 4}"
2024-12-16T21:00:00,8422,19,"{'tier_0': 2, 'tier_1': 4, 'tier_2': 6, 'tier_3': 4, 'tier_4': 3}"
2024-12-16T22:00:00,8423,20,"{'tier_0': 2, 'tier_1': 5, 'tier_2': 6, 'tier_3': 4, 'tier_4': 3}"
2024-12-16T23:00:00,8424,20,"{'tier_0': 2, 'tier_1': 5, 'tier_2': 6, 'tier_3': 4, 'tier_4': 3}"
2024-12-17T00:00:00,8425,20,"{'tier_0': 2, 'tier_1': 5, 'tier_2': 6, 'tier_3': 4, 'tier_4': 3}"
2024-12-17T01:00:00,8426,20,"{'tier_0': 2, 'tier_1': 4, 'tier_2': 6, 'tier_3': 4, 'tier_4': 4}"
2024-12-17T02:00:00,8427,20,"{'tier_0': 2, 'tier_1': 4, 'tier_2': 6, 'tier_3': 4, 'tier_4': 4}"
2024-12-17T03:00:00,8428,20,"{'tier_0': 2, 'tier_1': 5, 'tier_2': 6, 'tier_3': 4, 'tier_4': 3}"
2024-12-17T04:00:00,8429,20,"{'tier_0': 2, 'tier_1': 4, 'tier_2': 6, 'tier_3': 4, 'tier_4': 4}"
2024-12-17T05:00:00,8430,20,"{'tier_0': 2, 'tier_1': 4, 'tier_2': 6, 'tier_3': 4, 'tier_4': 4}"
2024-12-17T06:00:00,8431,20,"{'tier_0': 2, 'tier_1': 5, 'tier_2': 6, 'tier_3': 4, 'tier_4': 3}"
2024-12-17T07:00:00,8432,21,"{'tier_0': 3, 'tier_1': 4, 'tier_2': 6, 'tier_3': 4, 'tier_4': 4}"
2024-12-17T08:00:00,8433,19,"{'tier_0': 3, 'tier_1': 3, 'tier_2': 5, 'tier_3': 4, 'tier_4': 4}"
2024-12-17T09:00:00,8434,19,"{'tier_0': 2, 'tier_1': 4, 'tier_2': 5, 'tier_3': 4, 'tier_4': 4}"
2024-12-17T10:00:00,8435,20,"{'tier_0': 2, 'tier_1': 5, 'tier_2': 6, 'tier_3': 4, 'tier_4': 3}"
2024-12-17T11:00:00,8436,20,"{'tier_0': 3, 'tier_1': 4, 'tier_2': 6, 'tier_3': 4, 'tier_4': 3}"
2024-12-17T12:00:00,8437,19,"{'tier_0': 2, 'tier_1': 4, 'tier_2': 6, 'tier_3': 4, 'tier_4': 3}"
2024-12-17T13:00:00,8438,20,"{'tier_0': 2, 'tier_1': 5, 'tier_2': 6, 'tier_3': 4, 'tier_4': 3}"
2024-12-17T14:00:00,8439,20,"{'tier_0': 2, 'tier_1': 5, 'tier_2': 6, 'tier_3': 4, 'tier_4': 3}"
2024-12-17T15:00:00,8440,20,"{'tier_0': 2, 'tier_1': 5, 'tier_2': 6, 'tier_3': 4, 'tier_4': 3}"
2024-12-17T16:00:00,8441,21,"{'tier_0': 2, 'tier_1': 5, 'tier_2': 6, 'tier_3': 5, 'tier_4': 3}"
2024-12-17T17:00:00,8442,20,"{'tier_0': 2, 'tier_1': 5, 'tier_2': 6, 'tier_3': 4, 'tier_4': 3}"
2024-12-17T18:00:00,8443,20,"{'tier_0': 2, 'tier_1': 5, 'tier_2': 6, 'tier_3': 4, 'tier_4': 3}"
2024-12-17T19:00:00,8444,20,"{'tier_0': 2, 'tier_1': 4, 'tier_2': 6, 'tier_3': 4, 'tier_4': 4}"
2024-12-17T20:00:00,8445,19,"{'tier_0': 2, 'tier_1': 4, 'tier_2': 5, 'tier_3': 4, 'tier_4': 4}"
2024-12-17T21:00:00,8446,20,"{'tier_0': 3, 'tier_1': 4, 'tier_2': 6, 'tier_3': 4, 'tier_4': 3}"
2024-12-17T22:00:00,8447,19,"{'tier_0': 2, 'tier_1': 4, 'tier_2': 6, 'tier_3': 4, 'tier_4': 3}"
2024-12-17T23:00:00,8448,19,"{'tier_0': 2, 'tier_1': 4, 'tier_2': 6, 'tier_3': 4, 'tier_4': 3}"
2024-12-18T00:00:00,8449,20,"{'tier_0': 2, 'tier_1': 5, 'tier_2': 6, 'tier_3': 4, 'tier_4': 3}"
2024-12-18T01:00:00,8450,21,"{'tier_0': 2, 'tier_1': 5, 'tier_2': 6, 'tier_3': 4, 'tier_4': 4}"
2024-12-18T02:00:00,8451,19,"{'tier_0': 3, 'tier_1': 3, 'tier_2': 5, 'tier_3': 4, 'tier_4': 4}"
2024-12-18T03:00:00,8452,18,"{'tier_0': 2, 'tier_1': 4, 'tier_2': 5, 'tier_3': 4, 'tier_4': 3}"
2024-12-18T04:00:00,8453,21,"{'tier_0': 2, 'tier_1': 5, 'tier_2': 6, 'tier_3': 4, 'tier_4': 4}"
2024-12-18T05:00:00,8454,19,"{'tier_0': 2, 'tier_1': 4, 'tier_2': 6, 'tier_3': 4, 'tier_4': 3}"
2024-12-18T06:00:00,8455,20,"{'tier_0': 2, 'tier_1': 4, 'tier_2': 6, 'tier_3': 4, 'tier_4': 4}"
2024-12-18T07:00:00,8456,21,"{'tier_0': 3, 'tier_1': 4, 'tier_2': 6, 'tier_3': 4, 'tier_4': 4}"
2024-12-18T08:00:00,8457,20,"{'tier_0': 2, 'tier_1': 5, 'tier_2': 6, 'tier_3': 4, 'tier_4': 3}"
2024-12-18T09:00:00,8458,20,"{'tier_0': 2, 'tier_1': 4, 'tier_2': 6, 'tier_3': 4, 'tier_4': 4}"
2024-12-18T10:00:00,8459,19,"{'tier_0': 2, 'tier_1': 4, 'tier_2': 5, 'tier_3': 4, 'tier_4': 4}"
2024-12-18T11:00:00,8460,20,"{'tier_0': 2, 'tier_1': 4, 'tier_2': 6, 'tier_3': 4, 'tier_4': 4}"
2024-12-18T12:00:00,8461,21,"{'tier_0': 2, 'tier_1': 5, 'tier_2': 6, 'tier_3': 4, 'tier_4': 4}"
2024-12-18T13:00:00,8462,20,"{'tier_0': 2, 'tier_1': 5, 'tier_2': 6, 'tier_3': 4, 'tier_4': 3}"
2024-12-18T14:00:00,8463,20,"{'tier_0': 2, 'tier_1': 5, 'tier_2': 6, 'tier_3': 4, 'tier_4': 3}"
2024-12-18T15:00:00,8464,20,"{'tier_0': 2, 'tier_1': 4, 'tier_2': 6, 'tier_3': 4, 'tier_4': 4}"
2024-12-18T16:00:00,8465,20,"{'tier_0': 2, 'tier_1': 4, 'tier_2': 6, 'tier_3': 4, 'tier_4': 4}"
2024-12-18T17:00:00,8466,20,"{'tier_0': 2, 'tier_1': 4, 'tier_2': 6, 'tier_3': 4, 'tier_4': 4}"
2024-12-18T18:00:00,8467,19,"{'tier_0': 2, 'tier_1': 4, 'tier_2': 5, 'tier_3': 4, 'tier_4': 4}"
2024-12-18T19:00:00,8468,19,"{'tier_0': 2, 'tier_1': 4, 'tier_2': 5, 'tier_3': 4, 'tier_4': 4}"
2024-12-18T20:00:00,8469,19,"{'tier_0': 2, 'tier_1': 4, 'tier_2': 5, 'tier_3': 4, 'tier_4': 4}"
2024-12-18T21:00:00,8470,21,"{'tier_0': 2, 'tier_1': 5, 'tier_2': 6, 'tier_3': 5, 'tier_4': 3}"
2024-12-18T22:00:00,8471,19,"{'tier_0': 2, 'tier_1': 4, 'tier_2': 5, 'tier_3': 4, 'tier_4': 4}"
2024-12-18T23:00:00,8472,20,"{'tier_0': 2, 'tier_1': 4, 'tier_2': 6, 'tier_3': 4, 'tier_4': 4}"
2024-12-19T00:00:00,8473,18,"{'tier_0': 2, 'tier_1': 4, 'tier_2': 5, 'tier_3': 4, 'tier_4': 3}"
2024-12-19T01:00:00,8474,20,"{'tier_0': 2, 'tier_1': 5, 'tier_2': 6, 'tier_3': 4, 'tier_4': 3}"
2024-12-19T02:00:00,8475,20,"{'tier_0': 2, 'tier_1': 5, 'tier_2': 6, 'tier_3': 4, 'tier_4': 3}"
2024-12-19T03:00:00,8476,20,"{'tier_0': 2, 'tier_1': 4, 'tier_2': 6, 'tier_3': 4, 'tier_4': 4}"
2024-12-19T04:00:00,8477,19,"{'tier_0': 3, 'tier_1': 3, 'tier_2': 5, 'tier_3': 4, 'tier_4': 4}"
2024-12-19T05:00:00,8478,21,"{'tier_0': 2, 'tier_1': 4, 'tier_2': 6, 'tier_3': 5, 'tier_4': 4}"
2024-12-19T06:00:00,8479,21,"{'tier_0': 3, 'tier_1': 4, 'tier_2': 6, 'tier_3': 4, 'tier_4': 4}"
2024-12-19T07:00:00,8480,21,"{'tier_0': 2, 'tier_1': 5, 'tier_2': 6, 'tier_3': 4, 'tier_4': 4}"
2024-12-19T08:00:00,8481,20,"{'tier_0': 2, 'tier_1': 5, 'tier_2': 6, 'tier_3': 4, 'tier_4': 3}"
2024-12-19T09:00:00,8482,19,"{'tier_0': 2, 'tier_1': 4, 'tier_2': 5, 'tier_3': 5, 'tier_4': 3}"
2024-12-19T10:00:00,8483,21,"{'tier_0': 2, 'tier_1': 4, 'tier_2': 6, 'tier_3': 4, 'tier_4': 5}"
2024-12-19T11:00:00,8484,20,"{'tier_0': 2, 'tier_1': 4, 'tier_2': 6, 'tier_3': 4, 'tier_4': 4}"
2024-12-19T12:00:00,8485,21,"{'tier_0': 3, 'tier_1': 4, 'tier_2': 6, 'tier_3': 4, 'tier_4': 4}"
2024-12-19T13:00:00,8486,19,"{'tier_0': 2, 'tier_1': 4, 'tier_2': 5, 'tier_3': 4, 'tier_4': 4}"
2024-12-19T14:00:00,8487,20,"{'tier_0': 2, 'tier_1': 4, 'tier_2': 6, 'tier_3': 4, 'tier_4': 4}"
2024-12-19T15:00:00,8488,20,"{'tier_0': 3, 'tier_1': 3, 'tier_2': 6, 'tier_3': 4, 'tier_4': 4}"
2024-12-19T16:00:00,8489,21,"{'tier_0': 2, 'tier_1': 4, 'tier_2': 6, 'tier_3': 4, 'tier_4': 5}"
2024-12-19T17:00:00,8490,19,"{'tier_0': 2, 'tier_1': 4, 'tier_2': 5, 'tier_3': 4, 'tier_4': 4}"
2024-12-19T18:00:00,8491,20,"{'tier_0': 3, 'tier_1': 4, 'tier_2': 6, 'tier_3': 4, 'tier_4': 3}"
2024-12-19T19:00:00,8492,20,"{'tier_0': 2, 'tier_1': 5, 'tier_2': 6, 'tier_3': 4, 'tier_4': 3}"
2024-12-19T20:00:00,8493,20,"{'tier_0': 3, 'tier_1': 4, 'tier_2': 6, 'tier_3': 4, 'tier_4': 3}"
2024-12-19T21:00:00,8494,20,"{'tier_0': 2, 'tier_1': 5, 'tier_2': 6, 'tier_3': 4, 'tier_4': 3}"
2024-12-19T22:00:00,8495,21,"{'tier_0': 2, 'tier_1': 5, 'tier_2': 6, 'tier_3': 4, 'tier_4': 4}"
2024-12-19T23:00:00,8496,20,"{'tier_0': 2, 'tier_1': 5, 'tier_2': 6, 'tier_3': 4, 'tier_4': 3}"
2024-12-20T00:00:00,8497,20,"{'tier_0': 2, 'tier_1': 5, 'tier_2': 6, 'tier_3': 4, 'tier_4': 3}"
2024-12-20T01:00:00,8498,20,"{'tier_0': 2, 'tier_1': 5, 'tier_2': 6, 'tier_3': 4, 'tier_4': 3}"
2024-12-20T02:00:00,8499,20,"{'tier_0': 2, 'tier_1': 5, 'tier_2': 6, 'tier_3': 4, 'tier_4': 3}"
2024-12-20T03:00:00,8500,20,"{'tier_0': 2, 'tier_1': 5, 'tier_2': 6, 'tier_3': 4, 'tier_4': 3}"
2024-12-20T04:00:00,8501,20,"{'tier_0': 3, 'tier_1': 4, 'tier_2': 6, 'tier_3': 4, 'tier_4': 3}"
2024-12-20T05:00:00,8502,20,"{'tier_0': 2, 'tier_1': 4, 'tier_2': 6, 'tier_3': 4, 'tier_4': 4}"
2024-12-20T06:00:00,8503,19,"{'tier_0': 2, 'tier_1': 4, 'tier_2': 5, 'tier_3': 4, 'tier_4': 4}"
2024-12-20T07:00:00,8504,19,"{'tier_0': 3, 'tier_1': 3, 'tier_2': 5, 'tier_3': 4, 'tier_4': 4}"
2024-12-20T08:00:00,8505,19,"{'tier_0': 1, 'tier_1': 5, 'tier_2': 5, 'tier_3': 4, 'tier_4': 4}"
2024-12-20T09:00:00,8506,20,"{'tier_0': 4, 'tier_1': 3, 'tier_2': 6, 'tier_3': 4, 'tier_4': 3}"
2024-12-20T10:00:00,8507,20,"{'tier_0': 3, 'tier_1': 4, 'tier_2': 6, 'tier_3': 4, 'tier_4': 3}"
2024-12-20T11:00:00,8508,21,"{'tier_0': 2, 'tier_1': 5, 'tier_2': 6, 'tier_3': 4, 'tier_4': 4}"
2024-12-20T12:00:00,8509,21,"{'tier_0': 2, 'tier_1': 5, 'tier_2': 6, 'tier_3': 4, 'tier_4': 4}"
2024-12-20T13:00:00,8510,21,"{'tier_0': 3, 'tier_1': 4, 'tier_2': 6, 'tier_3': 4, 'tier_4': 4}"
2024-12-20T14:00:00,8511,19,"{'tier_0': 2, 'tier_1': 4, 'tier_2': 6, 'tier_3': 4, 'tier_4': 3}"
2024-12-20T15:00:00,8512,21,"{'tier_0': 3, 'tier_1': 4, 'tier_2': 6, 'tier_3': 4, 'tier_4': 4}"
2024-12-20T16:00:00,8513,19,"{'tier_0': 2, 'tier_1': 4, 'tier_2': 5, 'tier_3': 4, 'tier_4': 4}"
2024-12-20T17:00:00,8514,20,"{'tier_0': 2, 'tier_1': 4, 'tier_2': 6, 'tier_3': 4, 'tier_4': 4}"
2024-12-20T18:00:00,8515,21,"{'tier_0': 3, 'tier_1': 4, 'tier_2': 6, 'tier_3': 4, 'tier_4': 4}"
2024-12-20T19:00:00,8516,21,"{'tier_0': 2, 'tier_1': 5, 'tier_2': 6, 'tier_3': 4, 'tier_4': 4}"
2024-12-20T20:00:00,8517,21,"{'tier_0': 3, 'tier_1': 4, 'tier_2': 6, 'tier_3': 4, 'tier_4': 4}"
2024-12-20T21:00:00,8518,20,"{'tier_0': 3, 'tier_1': 4, 'tier_2': 6, 'tier_3': 4, 'tier_4': 3}"
2024-12-20T22:00:00,8519,21,"{'tier_0': 2, 'tier_1': 5, 'tier_2': 6, 'tier_3': 4, 'tier_4': 4}"
2024-12-20T23:00:00,8520,18,"{'tier_0': 2, 'tier_1': 4, 'tier_2': 5, 'tier_3': 4, 'tier_4': 3}"
2024-12-21T00:00:00,8521,20,"{'tier_0': 2, 'tier_1': 4, 'tier_2': 6, 'tier_3': 4, 'tier_4': 4}"
2024-12-21T01:00:00,8522,20,"{'tier_0': 2, 'tier_1': 5, 'tier_2': 6, 'tier_3': 4, 'tier_4': 3}"
2024-12-21T02:00:00,8523,20,"{'tier_0': 2, 'tier_1': 4, 'tier_2': 6, 'tier_3': 4, 'tier_4': 4}"
2024-12-21T03:00:00,8524,21,"{'tier_0': 2, 'tier_1': 5, 'tier_2': 6, 'tier_3': 4, 'tier_4': 4}"
2024-12-21T04:00:00,8525,19,"{'tier_0': 2, 'tier_1': 4, 'tier_2': 5, 'tier_3': 5, 'tier_4': 3}"
2024-12-21T05:00:00,8526,21,"{'tier_0': 2, 'tier_1': 5, 'tier_2': 6, 'tier_3': 4, 'tier_4': 4}"
2024-12-21T06:00:00,8527,21,"{'tier_0': 2, 'tier_1': 5, 'tier_2': 6, 'tier_3': 4, 'tier_4': 4}"
2024-12-21T07:00:00,8528,20,"{'tier_0': 2, 'tier_1': 4, 'tier_2': 6, 'tier_3': 4, 'tier_4': 4}"
2024-12-21T08:00:00,8529,20,"{'tier_0': 2, 'tier_1': 4, 'tier_2': 6, 'tier_3': 4, 'tier_4': 4}"
2024-12-21T09:00:00,8530,20,"{'tier_0': 3, 'tier_1': 4, 'tier_2': 6, 'tier_3': 4, 'tier_4': 3}"
2024-12-21T10:00:00,8531,19,"{'tier_0': 2, 'tier_1': 4, 'tier_2': 5, 'tier_3': 4, 'tier_4': 4}"
2024-12-21T11:00:00,8532,20,"{'tier_0': 2, 'tier_1': 5, 'tier_2': 6, 'tier_3': 4, 'tier_4': 3}"
2024-12-21T12:00:00,8533,20,"{'tier_0': 3, 'tier_1': 4, 'tier_2': 6, 'tier_3': 4, 'tier_4': 3}"
2024-12-21T13:00:00,8534,18,"{'tier_0': 2, 'tier_1': 4, 'tier_2': 5, 'tier_3': 4, 'tier_4': 3}"
2024-12-21T14:00:00,8535,20,"{'tier_0': 3, 'tier_1': 4, 'tier_2': 6, 'tier_3': 4, 'tier_4': 3}"
2024-12-21T15:00:00,8536,20,"{'tier_0': 2, 'tier_1': 4, 'tier_2': 6, 'tier_3': 4, 'tier_4': 4}"
2024-12-21T16:00:00,8537,21,"{'tier_0': 2, 'tier_1': 5, 'tier_2': 6, 'tier_3': 5, 'tier_4': 3}"
2024-12-21T17:00:00,8538,20,"{'tier_0': 2, 'tier_1': 5, 'tier_2': 6, 'tier_3': 4, 'tier_4': 3}"
2024-12-21T18:00:00,8539,19,"{'tier_0': 2, 'tier_1': 4, 'tier_2': 6, 'tier_3': 4, 'tier_4': 3}"
2024-12-21T19:00:00,8540,20,"{'tier_0': 3, 'tier_1': 4, 'tier_2': 6, 'tier_3': 4, 'tier_4': 3}"
2024-12-21T20:00:00,8541,21,"{'tier_0': 2, 'tier_1': 5, 'tier_2': 6, 'tier_3': 4, 'tier_4': 4}"
2024-12-21T21:00:00,8542,20,"{'tier_0': 3, 'tier_1': 4, 'tier_2': 6, 'tier_3': 4, 'tier_4': 3}"
2024-12-21T22:00:00,8543,21,"{'tier_0': 4, 'tier_1': 3, 'tier_2': 6, 'tier_3': 4, 'tier_4': 4}"
2024-12-21T23:00:00,8544,20,"{'tier_0': 2, 'tier_1': 4, 'tier_2': 5, 'tier_3': 5, 'tier_4': 4}"
2024-12-22T00:00:00,8545,20,"{'tier_0': 2, 'tier_1': 4, 'tier_2': 6, 'tier_3': 4, 'tier_4': 4}"
2024-12-22T01:00:00,8546,20,"{'tier_0': 2, 'tier_1': 4, 'tier_2': 6, 'tier_3': 4, 'tier_4': 4}"
2024-12-22T02:00:00,8547,20,"{'tier_0': 2, 'tier_1': 5, 'tier_2': 6, 'tier_3': 4, 'tier_4': 3}"
2024-12-22T03:00:00,8548,20,"{'tier_0': 3, 'tier_1': 4, 'tier_2': 6, 'tier_3': 4, 'tier_4': 3}"
2024-12-22T04:00:00,8549,20,"{'tier_0': 2, 'tier_1': 5, 'tier_2': 6, 'tier_3': 4, 'tier_4': 3}"
2024-12-22T05:00:00,8550,20,"{'tier_0': 2, 'tier_1': 5, 'tier_2': 6, 'tier_3': 4, 'tier_4': 3}"
2024-12-22T06:00:00,8551,20,"{'tier_0': 2, 'tier_1': 5, 'tier_2': 6, 'tier_3': 4, 'tier_4': 3}"
2024-12-22T07:00:00,8552,20,"{'tier_0': 2, 'tier_1': 4, 'tier_2': 6, 'tier_3': 4, 'tier_4': 4}"
2024-12-22T08:00:00,8553,18,"{'tier_0': 2, 'tier_1': 4, 'tier_2': 5, 'tier_3': 4, 'tier_4': 3}"
2024-12-22T09:00:00,8554,20,"{'tier_0': 3, 'tier_1': 4, 'tier_2': 6, 'tier_3': 4, 'tier_4': 3}"
2024-12-22T10:00:00,8555,20,"{'tier_0': 2, 'tier_1': 4, 'tier_2': 6, 'tier_3': 4, 'tier_4': 4}"
2024-12-22T11:00:00,8556,20,"{'tier_0': 3, 'tier_1': 4, 'tier_2': 6, 'tier_3': 4, 'tier_4': 3}"
2024-12-22T12:00:00,8557,19,"{'tier_0': 2, 'tier_1': 4, 'tier_2': 5, 'tier_3': 4, 'tier_4': 4}"
2024-12-22T13:00:00,8558,19,"{'tier_0': 2, 'tier_1': 4, 'tier_2': 6, 'tier_3': 4, 'tier_4': 3}"
2024-12-22T14:00:00,8559,20,"{'tier_0': 3, 'tier_1': 4, 'tier_2': 6, 'tier_3': 4, 'tier_4': 3}"
2024-12-22T15:00:00,8560,20,"{'tier_0': 2, 'tier_1': 5, 'tier_2': 6, 'tier_3': 4, 'tier_4': 3}"
2024-12-22T16:00:00,8561,20,"{'tier_0': 2, 'tier_1': 4, 'tier_2': 6, 'tier_3': 4, 'tier_4': 4}"
2024-12-22T17:00:00,8562,20,"{'tier_0': 3, 'tier_1': 4, 'tier_2': 6, 'tier_3': 4, 'tier_4': 3}"
2024-12-22T18:00:00,8563,20,"{'tier_0': 3, 'tier_1': 4, 'tier_2': 6, 'tier_3': 4, 'tier_4': 3}"
2024-12-22T19:00:00,8564,21,"{'tier_0': 2, 'tier_1': 5, 'tier_2': 6, 'tier_3': 4, 'tier_4': 4}"
2024-12-22T20:00:00,8565,20,"{'tier_0': 2, 'tier_1': 4, 'tier_2': 6, 'tier_3': 4, 'tier_4': 4}"
2024-12-22T21:00:00,8566,19,"{'tier_0': 2, 'tier_1': 4, 'tier_2': 5, 'tier_3': 4, 'tier_4': 4}"
2024-12-22T22:00:00,8567,19,"{'tier_0': 2, 'tier_1': 4, 'tier_2': 5, 'tier_3': 4, 'tier_4': 4}"
2024-12-22T23:00:00,8568,20,"{'tier_0': 2, 'tier_1': 5, 'tier_2': 6, 'tier_3': 4, 'tier_4': 3}"
2024-12-23T00:00:00,8569,21,"{'tier_0': 3, 'tier_1': 4, 'tier_2': 6, 'tier_3': 4, 'tier_4': 4}"
2024-12-23T01:00:00,8570,20,"{'tier_0': 3, 'tier_1': 4, 'tier_2': 6, 'tier_3': 4, 'tier_4': 3}"
2024-12-23T02:00:00,8571,21,"{'tier_0': 3, 'tier_1': 4, 'tier_2': 6, 'tier_3': 4, 'tier_4': 4}"
2024-12-23T03:00:00,8572,20,"{'tier_0': 2, 'tier_1': 4, 'tier_2': 5, 'tier_3': 5, 'tier_4': 4}"
2024-12-23T04:00:00,8573,19,"{'tier_0': 2, 'tier_1': 4, 'tier_2': 5, 'tier_3': 4, 'tier_4': 4}"
2024-12-23T05:00:00,8574,20,"{'tier_0': 2, 'tier_1': 4, 'tier_2': 6, 'tier_3': 4, 'tier_4': 4}"
2024-12-23T06:00:00,8575,20,"{'tier_0': 2, 'tier_1': 5, 'tier_2': 6, 'tier_3': 4, 'tier_4': 3}"
2024-12-23T07:00:00,8576,20,"{'tier_0': 2, 'tier_1': 5, 'tier_2': 6, 'tier_3': 4, 'tier_4': 3}"
2024-12-23T08:00:00,8577,20,"{'tier_0': 2, 'tier_1': 4, 'tier_2': 6, 'tier_3': 4, 'tier_4': 4}"
2024-12-23T09:00:00,8578,20,"{'tier_0': 2, 'tier_1': 4, 'tier_2': 6, 'tier_3': 4, 'tier_4': 4}"
2024-12-23T10:00:00,8579,19,"{'tier_0': 1, 'tier_1': 5, 'tier_2': 5, 'tier_3': 4, 'tier_4': 4}"
2024-12-23T11:00:00,8580,19,"{'tier_0': 2, 'tier_1': 4, 'tier_2': 5, 'tier_3': 4, 'tier_4': 4}"
2024-12-23T12:00:00,8581,19,"{'tier_0': 2, 'tier_1': 4, 'tier_2': 5, 'tier_3': 4, 'tier_4': 4}"
2024-12-23T13:00:00,8582,21,"{'tier_0': 2, 'tier_1': 5, 'tier_2': 6, 'tier_3': 5, 'tier_4': 3}"
2024-12-23T14:00:00,8583,20,"{'tier_0': 2, 'tier_1': 4, 'tier_2': 6, 'tier_3': 4, 'tier_4': 4}"
2024-12-23T15:00:00,8584,19,"{'tier_0': 2, 'tier_1': 4, 'tier_2': 5, 'tier_3': 4, 'tier_4': 4}"
2024-12-23T16:00:00,8585,21,"{'tier_0': 3, 'tier_1': 4, 'tier_2': 6, 'tier_3': 4, 'tier_4': 4}"
2024-12-23T17:00:00,8586,20,"{'tier_0': 2, 'tier_1': 4, 'tier_2': 6, 'tier_3': 4, 'tier_4': 4}"
2024-12-23T18:00:00,8587,20,"{'tier_0': 2, 'tier_1': 4, 'tier_2': 6, 'tier_3': 4, 'tier_4': 4}"
2024-12-23T19:00:00,8588,20,"{'tier_0': 2, 'tier_1': 5, 'tier_2': 6, 'tier_3': 4, 'tier_4': 3}"
2024-12-23T20:00:00,8589,20,"{'tier_0': 2, 'tier_1': 5, 'tier_2': 6, 'tier_3': 4, 'tier_4': 3}"
2024-12-23T21:00:00,8590,19,"{'tier_0': 2, 'tier_1': 4, 'tier_2': 5, 'tier_3': 4, 'tier_4': 4}"
2024-12-23T22:00:00,8591,19,"{'tier_0': 2, 'tier_1': 4, 'tier_2': 6, 'tier_3': 4, 'tier_4': 3}"
2024-12-23T23:00:00,8592,20,"{'tier_0': 2, 'tier_1': 4, 'tier_2': 6, 'tier_3': 4, 'tier_4': 4}"
2024-12-24T00:00:00,8593,18,"{'tier_0': 2, 'tier_1': 4, 'tier_2': 5, 'tier_3': 4, 'tier_4': 3}"
2024-12-24T01:00:00,8594,19,"{'tier_0': 2, 'tier_1': 4, 'tier_2': 6, 'tier_3': 4, 'tier_4': 3}"
2024-12-24T02:00:00,8595,20,"{'tier_0': 2, 'tier_1': 5, 'tier_2': 6, 'tier_3': 4, 'tier_4': 3}"
2024-12-24T03:00:00,8596,20,"{'tier_0': 2, 'tier_1': 5, 'tier_2': 6, 'tier_3': 4, 'tier_4': 3}"
2024-12-24T04:00:00,8597,18,"{'tier_0': 2, 'tier_1': 4, 'tier_2': 5, 'tier_3': 4, 'tier_4': 3}"
2024-12-24T05:00:00,8598,20,"{'tier_0': 2, 'tier_1': 4, 'tier_2': 6, 'tier_3': 4, 'tier_4': 4}"
2024-12-24T06:00:00,8599,20,"{'tier_0': 3, 'tier_1': 4, 'tier_2': 6, 'tier_3': 4, 'tier_4': 3}"
2024-12-24T07:00:00,8600,20,"{'tier_0': 2, 'tier_1': 5, 'tier_2': 6, 'tier_3': 4, 'tier_4': 3}"
2024-12-24T08:00:00,8601,21,"{'tier_0': 3, 'tier_1': 4, 'tier_2': 6, 'tier_3': 4, 'tier_4': 4}"
2024-12-24T09:00:00,8602,21,"{'tier_0': 2, 'tier_1': 5, 'tier_2': 6, 'tier_3': 4, 'tier_4': 4}"
2024-12-24T10:00:00,8603,20,"{'tier_0': 2, 'tier_1': 4, 'tier_2': 6, 'tier_3': 4, 'tier_4': 4}"
2024-12-24T11:00:00,8604,21,"{'tier_0': 2, 'tier_1': 5, 'tier_2': 6, 'tier_3': 4, 'tier_4': 4}"
2024-12-24T12:00:00,8605,21,"{'tier_0': 3, 'tier_1': 4, 'tier_2': 6, 'tier_3': 4, 'tier_4': 4}"
2024-12-24T13:00:00,8606,20,"{'tier_0': 2, 'tier_1': 5, 'tier_2': 6, 'tier_3': 4, 'tier_4': 3}"
2024-12-24T14:00:00,8607,19,"{'tier_0': 3, 'tier_1': 3, 'tier_2': 5, 'tier_3': 4, 'tier_4': 4}"
2024-12-24T15:00:00,8608,20,"{'tier_0': 2, 'tier_1': 5, 'tier_2': 6, 'tier_3': 4, 'tier_4': 3}"
2024-12-24T16:00:00,8609,20,"{'tier_0': 2, 'tier_1': 4, 'tier_2': 6, 'tier_3': 4, 'tier_4': 4}"
2024-12-24T17:00:00,8610,20,"{'tier_0': 3, 'tier_1': 3, 'tier_2': 6, 'tier_3': 4, 'tier_4': 4}"
2024-12-24T18:00:00,8611,20,"{'tier_0': 2, 'tier_1': 4, 'tier_2': 6, 'tier_3': 4, 'tier_4': 4}"
2024-12-24T19:00:00,8612,20,"{'tier_0': 2, 'tier_1': 4, 'tier_2': 6, 'tier_3': 4, 'tier_4': 4}"
2024-12-24T20:00:00,8613,20,"{'tier_0': 2, 'tier_1': 4, 'tier_2': 6, 'tier_3': 4, 'tier_4': 4}"
2024-12-24T21:00:00,8614,20,"{'tier_0': 2, 'tier_1': 5, 'tier_2': 6, 'tier_3': 4, 'tier_4': 3}"
2024-12-24T22:00:00,8615,20,"{'tier_0': 2, 'tier_1': 5, 'tier_2': 6, 'tier_3': 4, 'tier_4': 3}"
2024-12-24T23:00:00,8616,18,"{'tier_0': 2, 'tier_1': 4, 'tier_2': 5, 'tier_3': 4, 'tier_4': 3}"
2024-12-25T00:00:00,8617,20,"{'tier_0': 2, 'tier_1': 4, 'tier_2': 6, 'tier_3': 4, 'tier_4': 4}"
2024-12-25T01:00:00,8618,19,"{'tier_0': 2, 'tier_1': 4, 'tier_2': 5, 'tier_3': 4, 'tier_4': 4}"
2024-12-25T02:00:00,8619,20,"{'tier_0': 2, 'tier_1': 4, 'tier_2': 6, 'tier_3': 4, 'tier_4': 4}"
2024-12-25T03:00:00,8620,20,"{'tier_0': 2, 'tier_1': 5, 'tier_2': 6, 'tier_3': 4, 'tier_4': 3}"
2024-12-25T04:00:00,8621,21,"{'tier_0': 2, 'tier_1': 5, 'tier_2': 6, 'tier_3': 4, 'tier_4': 4}"
2024-12-25T05:00:00,8622,20,"{'tier_0': 2, 'tier_1': 5, 'tier_2': 6, 'tier_3': 4, 'tier_4': 3}"
2024-12-25T06:00:00,8623,20,"{'tier_0': 2, 'tier_1': 5, 'tier_2': 6, 'tier_3': 4, 'tier_4': 3}"
2024-12-25T07:00:00,8624,21,"{'tier_0': 2, 'tier_1': 5, 'tier_2': 6, 'tier_3': 4, 'tier_4': 4}"
2024-12-25T08:00:00,8625,20,"{'tier_0': 2, 'tier_1': 5, 'tier_2': 6, 'tier_3': 4, 'tier_4': 3}"
2024-12-25T09:00:00,8626,21,"{'tier_0': 3, 'tier_1': 4, 'tier_2': 6, 'tier_3': 4, 'tier_4': 4}"
2024-12-25T10:00:00,8627,21,"{'tier_0': 3, 'tier_1': 4, 'tier_2': 6, 'tier_3': 4, 'tier_4': 4}"
2024-12-25T11:00:00,8628,18,"{'tier_0': 3, 'tier_1': 3, 'tier_2': 5, 'tier_3': 4, 'tier_4': 3}"
2024-12-25T12:00:00,8629,20,"{'tier_0': 2, 'tier_1': 5, 'tier_2': 6, 'tier_3': 4, 'tier_4': 3}"
2024-12-25T13:00:00,8630,20,"{'tier_0': 3, 'tier_1': 4, 'tier_2': 6, 'tier_3': 4, 'tier_4': 3}"
2024-12-25T14:00:00,8631,19,"{'tier_0': 2, 'tier_1': 4, 'tier_2': 6, 'tier_3': 4, 'tier_4': 3}"
2024-12-25T15:00:00,8632,20,"{'tier_0': 2, 'tier_1': 5, 'tier_2': 6, 'tier_3': 4, 'tier_4': 3}"
2024-12-25T16:00:00,8633,20,"{'tier_0': 2, 'tier_1': 4, 'tier_2': 6, 'tier_3': 4, 'tier_4': 4}"
2024-12-25T17:00:00,8634,20,"{'tier_0': 2, 'tier_1': 4, 'tier_2': 6, 'tier_3': 4, 'tier_4': 4}"
2024-12-25T18:00:00,8635,20,"{'tier_0': 2, 'tier_1': 5, 'tier_2': 6, 'tier_3': 4, 'tier_4': 3}"
2024-12-25T19:00:00,8636,21,"{'tier_0': 3, 'tier_1': 4, 'tier_2': 6, 'tier_3': 4, 'tier_4': 4}"
2024-12-25T20:00:00,8637,20,"{'tier_0': 2, 'tier_1': 4, 'tier_2': 6, 'tier_3': 4, 'tier_4': 4}"
2024-12-25T21:00:00,8638,20,"{'tier_0': 2, 'tier_1': 4, 'tier_2': 6, 'tier_3': 4, 'tier_4': 4}"
2024-12-25T22:00:00,8639,18,"{'tier_0': 2, 'tier_1': 4, 'tier_2': 5, 'tier_3': 4, 'tier_4': 3}"
2024-12-25T23:00:00,8640,19,"{'tier_0': 3, 'tier_1': 3, 'tier_2': 5, 'tier_3': 4, 'tier_4': 4}"
2024-12-26T00:00:00,8641,19,"{'tier_0': 3, 'tier_1': 3, 'tier_2': 5, 'tier_3': 4, 'tier_4': 4}"
2024-12-26T01:00:00,8642,20,"{'tier_0': 3, 'tier_1': 4, 'tier_2': 6, 'tier_3': 4, 'tier_4': 3}"
2024-12-26T02:00:00,8643,21,"{'tier_0': 3, 'tier_1': 4, 'tier_2': 6, 'tier_3': 4, 'tier_4': 4}"
2024-12-26T03:00:00,8644,18,"{'tier_0': 2, 'tier_1': 4, 'tier_2': 5, 'tier_3': 4, 'tier_4': 3}"
2024-12-26T04:00:00,8645,20,"{'tier_0': 2, 'tier_1': 5, 'tier_2': 6, 'tier_3': 4, 'tier_4': 3}"
2024-12-26T05:00:00,8646,21,"{'tier_0': 2, 'tier_1': 5, 'tier_2': 6, 'tier_3': 4, 'tier_4': 4}"
2024-12-26T06:00:00,8647,20,"{'tier_0': 2, 'tier_1': 4, 'tier_2': 6, 'tier_3': 4, 'tier_4': 4}"
2024-12-26T07:00:00,8648,21,"{'tier_0': 2, 'tier_1': 5, 'tier_2': 6, 'tier_3': 4, 'tier_4': 4}"
2024-12-26T08:00:00,8649,18,"{'tier_0': 2, 'tier_1': 4, 'tier_2': 5, 'tier_3': 4, 'tier_4': 3}"
2024-12-26T09:00:00,8650,21,"{'tier_0': 2, 'tier_1': 5, 'tier_2': 6, 'tier_3': 4, 'tier_4': 4}"
2024-12-26T10:00:00,8651,20,"{'tier_0': 2, 'tier_1': 5, 'tier_2': 6, 'tier_3': 4, 'tier_4': 3}"
2024-12-26T11:00:00,8652,20,"{'tier_0': 2, 'tier_1': 4, 'tier_2': 6, 'tier_3': 4, 'tier_4': 4}"
2024-12-26T12:00:00,8653,20,"{'tier_0': 2, 'tier_1': 5, 'tier_2': 6, 'tier_3': 4, 'tier_4': 3}"
2024-12-26T13:00:00,8654,19,"{'tier_0': 2, 'tier_1': 4, 'tier_2': 6, 'tier_3': 4, 'tier_4': 3}"
2024-12-26T14:00:00,8655,19,"{'tier_0': 2, 'tier_1': 4, 'tier_2': 5, 'tier_3': 4, 'tier_4': 4}"
2024-12-26T15:00:00,8656,20,"{'tier_0': 3, 'tier_1': 4, 'tier_2': 6, 'tier_3': 4, 'tier_4': 3}"
2024-12-26T16:00:00,8657,21,"{'tier_0': 2, 'tier_1': 4, 'tier_2': 6, 'tier_3': 5, 'tier_4': 4}"
2024-12-26T17:00:00,8658,20,"{'tier_0': 3, 'tier_1': 3, 'tier_2': 6, 'tier_3': 4, 'tier_4': 4}"
2024-12-26T18:00:00,8659,21,"{'tier_0': 2, 'tier_1': 5, 'tier_2': 6, 'tier_3': 4, 'tier_4': 4}"
2024-12-26T19:00:00,8660,19,"{'tier_0': 2, 'tier_1': 4, 'tier_2': 5, 'tier_3': 5, 'tier_4': 3}"
2024-12-26T20:00:00,8661,19,"{'tier_0': 2, 'tier_1': 4, 'tier_2': 6, 'tier_3': 4, 'tier_4': 3}"
2024-12-26T21:00:00,8662,20,"{'tier_0': 3, 'tier_1': 4, 'tier_2': 6, 'tier_3': 4, 'tier_4': 3}"
2024-12-26T22:00:00,8663,20,"{'tier_0': 2, 'tier_1': 4, 'tier_2': 6, 'tier_3': 4, 'tier_4': 4}"
2024-12-26T23:00:00,8664,20,"{'tier_0': 3, 'tier_1': 4, 'tier_2': 6, 'tier_3': 4, 'tier_4': 3}"
2024-12-27T00:00:00,8665,20,"{'tier_0': 2, 'tier_1': 5, 'tier_2': 6, 'tier_3': 4, 'tier_4': 3}"
2024-12-27T01:00:00,8666,20,"{'tier_0': 2, 'tier_1': 5, 'tier_2': 6, 'tier_3': 4, 'tier_4': 3}"
2024-12-27T02:00:00,8667,20,"{'tier_0': 2, 'tier_1': 4, 'tier_2': 6, 'tier_3': 4, 'tier_4': 4}"
2024-12-27T03:00:00,8668,20,"{'tier_0': 2, 'tier_1': 5, 'tier_2': 6, 'tier_3': 4, 'tier_4': 3}"
2024-12-27T04:00:00,8669,20,"{'tier_0': 3, 'tier_1': 4, 'tier_2': 6, 'tier_3': 4, 'tier_4': 3}"
2024-12-27T05:00:00,8670,20,"{'tier_0': 2, 'tier_1': 4, 'tier_2': 6, 'tier_3': 4, 'tier_4': 4}"
2024-12-27T06:00:00,8671,21,"{'tier_0': 5, 'tier_1': 2, 'tier_2': 6, 'tier_3': 4, 'tier_4': 4}"
2024-12-27T07:00:00,8672,19,"{'tier_0': 2, 'tier_1': 4, 'tier_2': 5, 'tier_3': 4, 'tier_4': 4}"
2024-12-27T08:00:00,8673,20,"{'tier_0': 3, 'tier_1': 4, 'tier_2': 6, 'tier_3': 4, 'tier_4': 3}"
2024-12-27T09:00:00,8674,20,"{'tier_0': 2, 'tier_1': 4, 'tier_2': 6, 'tier_3': 4, 'tier_4': 4}"
2024-12-27T10:00:00,8675,20,"{'tier_0': 2, 'tier_1': 4, 'tier_2': 6, 'tier_3': 4, 'tier_4': 4}"
2024-12-27T11:00:00,8676,20,"{'tier_0': 2, 'tier_1': 5, 'tier_2': 6, 'tier_3': 4, 'tier_4': 3}"
2024-12-27T12:00:00,8677,19,"{'tier_0': 2, 'tier_1': 4, 'tier_2': 6, 'tier_3': 4, 'tier_4': 3}"
2024-12-27T13:00:00,8678,21,"{'tier_0': 2, 'tier_1': 4, 'tier_2': 6, 'tier_3': 4, 'tier_4': 5}"
2024-12-27T14:00:00,8679,20,"{'tier_0': 2, 'tier_1': 5, 'tier_2': 6, 'tier_3': 4, 'tier_4': 3}"
2024-12-27T15:00:00,8680,20,"{'tier_0': 3, 'tier_1': 4, 'tier_2': 6, 'tier_3': 4, 'tier_4': 3}"
2024-12-27T16:00:00,8681,19,"{'tier_0': 2, 'tier_1': 4, 'tier_2': 5, 'tier_3': 4, 'tier_4': 4}"
2024-12-27T17:00:00,8682,20,"{'tier_0': 2, 'tier_1': 5, 'tier_2': 6, 'tier_3': 4, 'tier_4': 3}"
2024-12-27T18:00:00,8683,19,"{'tier_0': 2, 'tier_1': 4, 'tier_2': 5, 'tier_3': 5, 'tier_4': 3}"
2024-12-27T19:00:00,8684,21,"{'tier_0': 3, 'tier_1': 4, 'tier_2': 6, 'tier_3': 4, 'tier_4': 4}"
2024-12-27T20:00:00,8685,21,"{'tier_0': 2, 'tier_1': 5, 'tier_2': 6, 'tier_3': 4, 'tier_4': 4}"
2024-12-27T21:00:00,8686,20,"{'tier_0': 2, 'tier_1': 4, 'tier_2': 6, 'tier_3': 4, 'tier_4': 4}"
2024-12-27T22:00:00,8687,20,"{'tier_0': 2, 'tier_1': 5, 'tier_2': 6, 'tier_3': 4, 'tier_4': 3}"
2024-12-27T23:00:00,8688,20,"{'tier_0': 2, 'tier_1': 5, 'tier_2': 6, 'tier_3': 4, 'tier_4': 3}"
2024-12-28T00:00:00,8689,20,"{'tier_0': 2, 'tier_1': 5, 'tier_2': 6, 'tier_3': 4, 'tier_4': 3}"
2024-12-28T01:00:00,8690,21,"{'tier_0': 2, 'tier_1': 5, 'tier_2': 6, 'tier_3': 4, 'tier_4': 4}"
2024-12-28T02:00:00,8691,20,"{'tier_0': 4, 'tier_1': 3, 'tier_2': 6, 'tier_3': 4, 'tier_4': 3}"
2024-12-28T03:00:00,8692,20,"{'tier_0': 2, 'tier_1': 4, 'tier_2': 6, 'tier_3': 4, 'tier_4': 4}"
2024-12-28T04:00:00,8693,20,"{'tier_0': 2, 'tier_1': 5, 'tier_2': 6, 'tier_3': 4, 'tier_4': 3}"
2024-12-28T05:00:00,8694,20,"{'tier_0': 2, 'tier_1': 5, 'tier_2': 6, 'tier_3': 4, 'tier_4': 3}"
2024-12-28T06:00:00,8695,21,"{'tier_0': 2, 'tier_1': 4, 'tier_2': 6, 'tier_3': 4, 'tier_4': 5}"
2024-12-28T07:00:00,8696,20,"{'tier_0': 2, 'tier_1': 5, 'tier_2': 6, 'tier_3': 4, 'tier_4': 3}"
2024-12-28T08:00:00,8697,19,"{'tier_0': 2, 'tier_1': 4, 'tier_2': 5, 'tier_3': 4, 'tier_4': 4}"
2024-12-28T09:00:00,8698,21,"{'tier_0': 2, 'tier_1': 5, 'tier_2': 6, 'tier_3': 4, 'tier_4': 4}"
2024-12-28T10:00:00,8699,21,"{'tier_0': 3, 'tier_1': 4, 'tier_2': 6, 'tier_3': 4, 'tier_4': 4}"
2024-12-28T11:00:00,8700,18,"{'tier_0': 2, 'tier_1': 4, 'tier_2': 5, 'tier_3': 4, 'tier_4': 3}"
2024-12-28T12:00:00,8701,21,"{'tier_0': 3, 'tier_1': 4, 'tier_2': 6, 'tier_3': 4, 'tier_4': 4}"
2024-12-28T13:00:00,8702,20,"{'tier_0': 2, 'tier_1': 5, 'tier_2': 6, 'tier_3': 4, 'tier_4': 3}"
2024-12-28T14:00:00,8703,19,"{'tier_0': 2, 'tier_1': 4, 'tier_2': 6, 'tier_3': 4, 'tier_4': 3}"
2024-12-28T15:00:00,8704,20,"{'tier_0': 2, 'tier_1': 5, 'tier_2': 6, 'tier_3': 4, 'tier_4': 3}"
2024-12-28T16:00:00,8705,20,"{'tier_0': 2, 'tier_1': 5, 'tier_2': 6, 'tier_3': 4, 'tier_4': 3}"
2024-12-28T17:00:00,8706,21,"{'tier_0': 3, 'tier_1': 4, 'tier_2': 6, 'tier_3': 4, 'tier_4': 4}"
2024-12-28T18:00:00,8707,20,"{'tier_0': 3, 'tier_1': 3, 'tier_2': 6, 'tier_3': 4, 'tier_4': 4}"
2024-12-28T19:00:00,8708,20,"{'tier_0': 4, 'tier_1': 3, 'tier_2': 6, 'tier_3': 4, 'tier_4': 3}"
2024-12-28T20:00:00,8709,21,"{'tier_0': 2, 'tier_1': 5, 'tier_2': 6, 'tier_3': 4, 'tier_4': 4}"
2024-12-28T21:00:00,8710,20,"{'tier_0': 2, 'tier_1': 4, 'tier_2': 6, 'tier_3': 4, 'tier_4': 4}"
2024-12-28T22:00:00,8711,20,"{'tier_0': 3, 'tier_1': 3, 'tier_2': 6, 'tier_3': 4, 'tier_4': 4}"
2024-12-28T23:00:00,8712,20,"{'tier_0': 3, 'tier_1': 3, 'tier_2': 6, 'tier_3': 4, 'tier_4': 4}"
2024-12-29T00:00:00,8713,20,"{'tier_0': 3, 'tier_1': 3, 'tier_2': 6, 'tier_3': 4, 'tier_4': 4}"
2024-12-29T01:00:00,8714,20,"{'tier_0': 2, 'tier_1': 4, 'tier_2': 6, 'tier_3': 4, 'tier_4': 4}"
2024-12-29T02:00:00,8715,20,"{'tier_0': 2, 'tier_1': 5, 'tier_2': 6, 'tier_3': 4, 'tier_4': 3}"
2024-12-29T03:00:00,8716,18,"{'tier_0': 2, 'tier_1': 4, 'tier_2': 5, 'tier_3': 4, 'tier_4': 3}"
2024-12-29T04:00:00,8717,20,"{'tier_0': 2, 'tier_1': 5, 'tier_2': 6, 'tier_3': 4, 'tier_4': 3}"
2024-12-29T05:00:00,8718,21,"{'tier_0': 2, 'tier_1': 5, 'tier_2': 6, 'tier_3': 4, 'tier_4': 4}"
2024-12-29T06:00:00,8719,20,"{'tier_0': 2, 'tier_1': 5, 'tier_2': 6, 'tier_3': 4, 'tier_4': 3}"
2024-12-29T07:00:00,8720,20,"{'tier_0': 2, 'tier_1': 5, 'tier_2': 6, 'tier_3': 4, 'tier_4': 3}"
2024-12-29T08:00:00,8721,20,"{'tier_0': 2, 'tier_1': 5, 'tier_2': 6, 'tier_3': 4, 'tier_4': 3}"
2024-12-29T09:00:00,8722,21,"{'tier_0': 3, 'tier_1': 3, 'tier_2': 6, 'tier_3': 4, 'tier_4': 5}"
2024-12-29T10:00:00,8723,20,"{'tier_0': 2, 'tier_1': 5, 'tier_2': 6, 'tier_3': 4, 'tier_4': 3}"
2024-12-29T11:00:00,8724,20,"{'tier_0': 2, 'tier_1': 5, 'tier_2': 6, 'tier_3': 4, 'tier_4': 3}"
2024-12-29T12:00:00,8725,19,"{'tier_0': 2, 'tier_1': 4, 'tier_2': 6, 'tier_3': 4, 'tier_4': 3}"
2024-12-29T13:00:00,8726,20,"{'tier_0': 2, 'tier_1': 5, 'tier_2': 6, 'tier_3': 4, 'tier_4': 3}"
2024-12-29T14:00:00,8727,20,"{'tier_0': 2, 'tier_1': 5, 'tier_2': 6, 'tier_3': 4, 'tier_4': 3}"
2024-12-29T15:00:00,8728,21,"{'tier_0': 2, 'tier_1': 4, 'tier_2': 6, 'tier_3': 4, 'tier_4': 5}"
2024-12-29T16:00:00,8729,19,"{'tier_0': 3, 'tier_1': 3, 'tier_2': 5, 'tier_3': 4, 'tier_4': 4}"
2024-12-29T17:00:00,8730,20,"{'tier_0': 2, 'tier_1': 4, 'tier_2': 6, 'tier_3': 4, 'tier_4': 4}"
2024-12-29T18:00:00,8731,19,"{'tier_0': 2, 'tier_1': 4, 'tier_2': 5, 'tier_3': 4, 'tier_4': 4}"
2024-12-29T19:00:00,8732,21,"{'tier_0': 2, 'tier_1': 5, 'tier_2': 6, 'tier_3': 4, 'tier_4': 4}"
2024-12-29T20:00:00,8733,20,"{'tier_0': 2, 'tier_1': 4, 'tier_2': 6, 'tier_3': 4, 'tier_4': 4}"
2024-12-29T21:00:00,8734,20,"{'tier_0': 2, 'tier_1': 4, 'tier_2': 6, 'tier_3': 4, 'tier_4': 4}"
2024-12-29T22:00:00,8735,20,"{'tier_0': 2, 'tier_1': 4, 'tier_2': 6, 'tier_3': 4, 'tier_4': 4}"
2024-12-29T23:00:00,8736,20,"{'tier_0': 2, 'tier_1': 5, 'tier_2': 6, 'tier_3': 4, 'tier_4': 3}"
2024-12-30T00:00:00,8737,19,"{'tier_0': 2, 'tier_1': 4, 'tier_2': 6, 'tier_3': 4, 'tier_4': 3}"
2024-12-30T01:00:00,8738,20,"{'tier_0': 2, 'tier_1': 5, 'tier_2': 6, 'tier_3': 4, 'tier_4': 3}"
2024-12-30T02:00:00,8739,19,"{'tier_0': 3, 'tier_1': 3, 'tier_2': 5, 'tier_3': 4, 'tier_4': 4}"
2024-12-30T03:00:00,8740,18,"{'tier_0': 2, 'tier_1': 4, 'tier_2': 5, 'tier_3': 4, 'tier_4': 3}"
2024-12-30T04:00:00,8741,20,"{'tier_0': 2, 'tier_1': 5, 'tier_2': 6, 'tier_3': 4, 'tier_4': 3}"
2024-12-30T05:00:00,8742,18,"{'tier_0': 2, 'tier_1': 4, 'tier_2': 5, 'tier_3': 4, 'tier_4': 3}"
2024-12-30T06:00:00,8743,20,"{'tier_0': 2, 'tier_1': 5, 'tier_2': 6, 'tier_3': 4, 'tier_4': 3}"
2024-12-30T07:00:00,8744,20,"{'tier_0': 2, 'tier_1': 4, 'tier_2': 6, 'tier_3': 4, 'tier_4': 4}"
2024-12-30T08:00:00,8745,20,"{'tier_0': 2, 'tier_1': 5, 'tier_2': 6, 'tier_3': 4, 'tier_4': 3}"
2024-12-30T09:00:00,8746,20,"{'tier_0': 2, 'tier_1': 5, 'tier_2': 6, 'tier_3': 4, 'tier_4': 3}"
2024-12-30T10:00:00,8747,21,"{'tier_0': 2, 'tier_1': 4, 'tier_2': 6, 'tier_3': 5, 'tier_4': 4}"
2024-12-30T11:00:00,8748,21,"{'tier_0': 2, 'tier_1': 5, 'tier_2': 6, 'tier_3': 5, 'tier_4': 3}"
2024-12-30T12:00:00,8749,19,"{'tier_0': 2, 'tier_1': 4, 'tier_2': 6, 'tier_3': 4, 'tier_4': 3}"
2024-12-30T13:00:00,8750,19,"{'tier_0': 2, 'tier_1': 4, 'tier_2': 5, 'tier_3': 4, 'tier_4': 4}"
2024-12-30T14:00:00,8751,21,"{'tier_0': 3, 'tier_1': 4, 'tier_2': 6, 'tier_3': 4, 'tier_4': 4}"
2024-12-30T15:00:00,8752,20,"{'tier_0': 3, 'tier_1': 3, 'tier_2': 6, 'tier_3': 4, 'tier_4': 4}"
2024-12-30T16:00:00,8753,20,"{'tier_0': 2, 'tier_1': 5, 'tier_2': 6, 'tier_3': 4, 'tier_4': 3}"
2024-12-30T17:00:00,8754,18,"{'tier_0': 2, 'tier_1': 4, 'tier_2': 5, 'tier_3': 4, 'tier_4': 3}"
2024-12-30T18:00:00,8755,20,"{'tier_0': 2, 'tier_1': 5, 'tier_2': 6, 'tier_3': 4, 'tier_4': 3}"
2024-12-30T19:00:00,8756,20,"{'tier_0': 2, 'tier_1': 4, 'tier_2': 6, 'tier_3': 4, 'tier_4': 4}"
2024-12-30T20:00:00,8757,20,"{'tier_0': 3, 'tier_1': 3, 'tier_2': 6, 'tier_3': 4, 'tier_4': 4}"
2024-12-30T21:00:00,8758,20,"{'tier_0': 2, 'tier_1': 4, 'tier_2': 6, 'tier_3': 4, 'tier_4': 4}"
2024-12-30T22:00:00,8759,21,"{'tier_0': 3, 'tier_1': 4, 'tier_2': 6, 'tier_3': 4, 'tier_4': 4}"
2024-12-30T23:00:00,8760,20,"{'tier_0': 2, 'tier_1': 5, 'tier_2': 6, 'tier_3': 4, 'tier_4': 3}"
